t_ms,target_um,current_um,error_um
0.0,99.5,99.4986,-0.0013
0.04,99.5,99.4986,-0.0013
0.08,99.5,99.4986,-0.0012
0.12,99.5,99.4987,-0.0012
0.16,99.5,99.4988,-0.0011
0.2,99.5,99.4988,-0.0011
0.24,99.5,99.4988,-0.0011
0.28,99.5,99.4989,-0.001
0.32,99.5,99.4989,-0.001
0.36,99.5,99.4989,-0.001
0.4,99.5,99.499,-0.0009
0.44,99.5,99.499,-0.0009
0.48,99.5,99.499,-0.0009
0.52,99.5,99.499,-0.0009
0.56,99.5,99.499,-0.0009
0.6,99.5,99.499,-0.0009
0.64,99.5,99.499,-0.0009
0.68,99.5,99.499,-0.0009
0.72,99.5,99.499,-0.0009
0.76,99.5,99.4991,-0.0008
0.8,99.5,99.4991,-0.0008
0.84,99.5,99.4991,-0.0008
0.88,99.5,99.4992,-0.0007
0.92,99.5,99.4992,-0.0007
0.96,99.5,99.4992,-0.0007
1.0,99.5,99.4993,-0.0006
1.04,99.5,99.4993,-0.0006
1.08,99.5,99.4993,-0.0005
1.12,99.5,99.4994,-0.0005
1.16,99.5,99.4995,-0.0004
1.2,99.5,99.4995,-0.0004
1.24,99.5,99.4995,-0.0004
1.28,99.5,99.4996,-0.0003
1.32,99.5,99.4996,-0.0003
1.36,99.5,99.4997,-0.0002
1.4000000000000001,99.5,99.4997,-0.0002
1.44,99.5,99.4997,-0.0002
1.48,99.5,99.4997,-0.0001
1.52,99.5,99.4997,-0.0001
1.56,99.5,99.4998,-0.0001
1.6,99.5,99.4999,-0.0
1.6400000000000001,99.5,99.4999,-0.0
1.68,99.5,99.4999,-0.0
1.72,99.5,99.4999,-0.0
1.76,99.5,99.4999,-0.0
1.8,99.5,99.4999,-0.0
1.84,99.5,99.4999,-0.0
1.8800000000000001,99.5,99.4999,-0.0
1.92,99.5,99.4999,-0.0
1.96,99.5,99.4999,-0.0
2.0,99.5,99.4999,-0.0
2.04,99.5,99.4999,-0.0
2.08,99.5,99.5,0.0
2.12,99.5,99.5,0.0
2.16,99.5,99.5,0.0
2.2,99.5,99.5001,0.0001
2.24,99.5,99.5001,0.0001
2.2800000000000002,99.5,99.5001,0.0001
2.32,99.5,99.5001,0.0001
2.36,99.5,99.5001,0.0001
2.4,99.5,99.5002,0.0002
2.44,99.5,99.5002,0.0002
2.48,99.5,99.5003,0.0003
2.52,99.5,99.5003,0.0003
2.56,99.5,99.5003,0.0003
2.6,99.5,99.5003,0.0004
2.64,99.5,99.5003,0.0003
2.68,99.5,99.5004,0.0004
2.72,99.5,99.5004,0.0004
2.7600000000000002,99.5,99.5004,0.0005
2.8000000000000003,99.5,99.5005,0.0005
2.84,99.5,99.5005,0.0005
2.88,99.5,99.5005,0.0006
2.92,99.5,99.5006,0.0006
2.96,99.5,99.5006,0.0006
3.0,99.5,99.5006,0.0006
3.04,99.5,99.5006,0.0006
3.08,99.5,99.5007,0.0007
3.12,99.5,99.5007,0.0007
3.16,99.5,99.5007,0.0007
3.2,99.5,99.5007,0.0007
3.24,99.5,99.5008,0.0007
3.2800000000000002,99.5,99.5008,0.0008
3.3200000000000003,99.5,99.5008,0.0008
3.36,99.5,99.5008,0.0007
3.4,99.5,99.5007,0.0007
3.44,99.5,99.5007,0.0007
3.48,99.5,99.5008,0.0007
3.52,99.5,99.5007,0.0007
3.56,99.5,99.5007,0.0007
3.6,99.5,99.5007,0.0007
3.64,99.5,99.5007,0.0006
3.68,99.5,99.5007,0.0006
3.72,99.5,99.5007,0.0007
3.7600000000000002,99.5,99.5006,0.0006
3.8000000000000003,99.5,99.5007,0.0006
3.84,99.5,99.5007,0.0007
3.88,99.5,99.5007,0.0007
3.92,99.5,99.5007,0.0007
3.96,99.5,99.5007,0.0006
4.0,99.5,99.5007,0.0007
4.04,99.5,99.5008,0.0007
4.08,99.5,99.5007,0.0007
4.12,99.5,99.5007,0.0006
4.16,99.5,99.5006,0.0006
4.2,99.5,99.5006,0.0005
4.24,99.5,99.5006,0.0005
4.28,99.5,99.5006,0.0005
4.32,99.5,99.5006,0.0005
4.36,99.5,99.5006,0.0005
4.4,99.5,99.5006,0.0005
4.44,99.5,99.5006,0.0005
4.48,99.5,99.5005,0.0005
4.5200000000000005,99.5,99.5006,0.0005
4.5600000000000005,99.5,99.5006,0.0005
4.6000000000000005,99.5,99.5005,0.0005
4.64,99.5,99.5006,0.0005
4.68,99.5,99.5005,0.0005
4.72,99.5,99.5006,0.0005
4.76,99.5001,99.5005,0.0004
4.8,99.5001,99.5005,0.0004
4.84,99.5001,99.5006,0.0004
4.88,99.5001,99.5005,0.0004
4.92,99.5001,99.5006,0.0004
4.96,99.5001,99.5006,0.0004
5.0,99.5001,99.5006,0.0004
5.04,99.5001,99.5007,0.0005
5.08,99.5001,99.5007,0.0005
5.12,99.5001,99.5007,0.0005
5.16,99.5001,99.5007,0.0006
5.2,99.5001,99.5007,0.0005
5.24,99.5001,99.5008,0.0006
5.28,99.5001,99.5008,0.0006
5.32,99.5001,99.5008,0.0006
5.36,99.5001,99.5008,0.0007
5.4,99.5001,99.5008,0.0006
5.44,99.5001,99.5008,0.0006
5.48,99.5001,99.5008,0.0006
5.5200000000000005,99.5001,99.5009,0.0007
5.5600000000000005,99.5003,99.5009,0.0005
5.6000000000000005,99.5003,99.5009,0.0005
5.64,99.5003,99.5009,0.0005
5.68,99.5003,99.5009,0.0005
5.72,99.5003,99.5009,0.0005
5.76,99.5003,99.5009,0.0006
5.8,99.5003,99.501,0.0006
5.84,99.5003,99.501,0.0006
5.88,99.5003,99.501,0.0006
5.92,99.5003,99.501,0.0006
5.96,99.5003,99.501,0.0006
6.0,99.5003,99.501,0.0006
6.04,99.5003,99.501,0.0006
6.08,99.5003,99.5009,0.0006
6.12,99.5003,99.5009,0.0005
6.16,99.5003,99.5009,0.0006
6.2,99.5003,99.5009,0.0006
6.24,99.5003,99.501,0.0006
6.28,99.5003,99.5009,0.0005
6.32,99.5003,99.5009,0.0005
6.36,99.5006,99.501,0.0003
6.4,99.5006,99.501,0.0003
6.44,99.5006,99.501,0.0004
6.48,99.5006,99.501,0.0003
6.5200000000000005,99.5006,99.501,0.0003
6.5600000000000005,99.5006,99.5011,0.0004
6.6000000000000005,99.5006,99.5011,0.0004
6.640000000000001,99.5006,99.5011,0.0004
6.68,99.5006,99.501,0.0004
6.72,99.5006,99.5011,0.0004
6.76,99.5006,99.5011,0.0005
6.8,99.5006,99.5011,0.0004
6.84,99.5006,99.5012,0.0005
6.88,99.5006,99.5012,0.0005
6.92,99.5006,99.5012,0.0006
6.96,99.5006,99.5013,0.0006
7.0,99.5006,99.5013,0.0006
7.04,99.5006,99.5014,0.0007
7.08,99.5006,99.5014,0.0007
7.12,99.5006,99.5014,0.0007
7.16,99.501,99.5014,0.0004
7.2,99.501,99.5014,0.0003
7.24,99.501,99.5014,0.0003
7.28,99.501,99.5014,0.0003
7.32,99.501,99.5015,0.0004
7.36,99.501,99.5016,0.0005
7.4,99.501,99.5016,0.0005
7.44,99.501,99.5016,0.0005
7.48,99.501,99.5016,0.0005
7.5200000000000005,99.501,99.5016,0.0005
7.5600000000000005,99.501,99.5016,0.0005
7.6000000000000005,99.501,99.5016,0.0005
7.640000000000001,99.501,99.5016,0.0005
7.68,99.501,99.5016,0.0005
7.72,99.501,99.5016,0.0005
7.76,99.501,99.5016,0.0005
7.8,99.501,99.5015,0.0004
7.84,99.501,99.5015,0.0004
7.88,99.501,99.5015,0.0004
7.92,99.501,99.5014,0.0004
7.96,99.5016,99.5015,-0.0
8.0,99.5016,99.5014,-0.0001
8.040000000000001,99.5016,99.5014,-0.0001
8.08,99.5016,99.5014,-0.0001
8.120000000000001,99.5016,99.5014,-0.0001
8.16,99.5016,99.5014,-0.0001
8.2,99.5016,99.5013,-0.0002
8.24,99.5016,99.5013,-0.0002
8.28,99.5016,99.5013,-0.0002
8.32,99.5016,99.5013,-0.0002
8.36,99.5016,99.5013,-0.0002
8.4,99.5016,99.5013,-0.0002
8.44,99.5016,99.5012,-0.0003
8.48,99.5016,99.5012,-0.0003
8.52,99.5016,99.5012,-0.0003
8.56,99.5016,99.5011,-0.0004
8.6,99.5016,99.5011,-0.0004
8.64,99.5016,99.5011,-0.0004
8.68,99.5016,99.5011,-0.0004
8.72,99.5016,99.501,-0.0005
8.76,99.5022,99.5009,-0.0012
8.8,99.5022,99.5009,-0.0013
8.84,99.5022,99.5008,-0.0013
8.88,99.5022,99.5008,-0.0014
8.92,99.5022,99.5007,-0.0014
8.96,99.5022,99.5007,-0.0015
9.0,99.5022,99.5006,-0.0016
9.040000000000001,99.5022,99.5006,-0.0016
9.08,99.5022,99.5005,-0.0016
9.120000000000001,99.5022,99.5005,-0.0017
9.16,99.5022,99.5005,-0.0017
9.200000000000001,99.5022,99.5005,-0.0017
9.24,99.5022,99.5004,-0.0018
9.28,99.5022,99.5004,-0.0018
9.32,99.5022,99.5004,-0.0018
9.36,99.5022,99.5004,-0.0018
9.4,99.5022,99.5003,-0.0018
9.44,99.5022,99.5003,-0.0019
9.48,99.5022,99.5003,-0.0019
9.52,99.5022,99.5002,-0.0019
9.56,99.5031,99.5002,-0.0028
9.6,99.5031,99.5002,-0.0028
9.64,99.5031,99.5002,-0.0028
9.68,99.5031,99.5002,-0.0028
9.72,99.5031,99.5002,-0.0028
9.76,99.5031,99.5002,-0.0028
9.8,99.5031,99.5001,-0.0029
9.84,99.5031,99.5002,-0.0028
9.88,99.5031,99.5002,-0.0028
9.92,99.5031,99.5002,-0.0028
9.96,99.5031,99.5001,-0.0029
10.0,99.5031,99.5001,-0.0029
10.040000000000001,99.5031,99.5001,-0.0029
10.08,99.5031,99.5001,-0.0029
10.120000000000001,99.5031,99.5,-0.003
10.16,99.5031,99.5,-0.003
10.200000000000001,99.5031,99.5,-0.003
10.24,99.5031,99.4999,-0.0031
10.28,99.5031,99.4999,-0.0031
10.32,99.5031,99.4999,-0.0031
10.36,99.5041,99.4998,-0.0042
10.4,99.5041,99.4998,-0.0042
10.44,99.5041,99.4997,-0.0043
10.48,99.5041,99.4997,-0.0043
10.52,99.5041,99.4996,-0.0044
10.56,99.5041,99.4996,-0.0044
10.6,99.5041,99.4996,-0.0044
10.64,99.5041,99.4995,-0.0045
10.68,99.5041,99.4995,-0.0045
10.72,99.5041,99.4994,-0.0046
10.76,99.5041,99.4994,-0.0046
10.8,99.5041,99.4994,-0.0046
10.84,99.5041,99.4993,-0.0047
10.88,99.5041,99.4993,-0.0047
10.92,99.5041,99.4993,-0.0047
10.96,99.5041,99.4993,-0.0047
11.0,99.5041,99.4993,-0.0047
11.040000000000001,99.5041,99.4993,-0.0047
11.08,99.5041,99.4993,-0.0047
11.120000000000001,99.5041,99.4993,-0.0047
11.16,99.5052,99.4993,-0.0059
11.200000000000001,99.5052,99.4993,-0.0059
11.24,99.5052,99.4992,-0.006
11.28,99.5052,99.4992,-0.006
11.32,99.5052,99.4992,-0.006
11.36,99.5052,99.4992,-0.006
11.4,99.5052,99.4992,-0.006
11.44,99.5052,99.4992,-0.006
11.48,99.5052,99.4993,-0.0059
11.52,99.5052,99.4993,-0.0059
11.56,99.5052,99.4992,-0.006
11.6,99.5052,99.4992,-0.006
11.64,99.5052,99.4992,-0.006
11.68,99.5052,99.4992,-0.006
11.72,99.5052,99.4992,-0.006
11.76,99.5052,99.4992,-0.006
11.8,99.5052,99.4992,-0.006
11.84,99.5052,99.4991,-0.0061
11.88,99.5052,99.4992,-0.006
11.92,99.5052,99.4991,-0.0061
11.96,99.5066,99.4991,-0.0075
12.0,99.5066,99.4991,-0.0075
12.040000000000001,99.5066,99.4991,-0.0075
12.08,99.5066,99.4991,-0.0075
12.120000000000001,99.5066,99.4991,-0.0075
12.16,99.5066,99.4991,-0.0075
12.200000000000001,99.5066,99.4991,-0.0075
12.24,99.5066,99.4991,-0.0075
12.280000000000001,99.5066,99.4992,-0.0074
12.32,99.5066,99.4991,-0.0075
12.36,99.5066,99.4991,-0.0075
12.4,99.5066,99.4992,-0.0074
12.44,99.5066,99.4992,-0.0074
12.48,99.5066,99.4992,-0.0074
12.52,99.5066,99.4992,-0.0074
12.56,99.5066,99.4992,-0.0074
12.6,99.5066,99.4993,-0.0073
12.64,99.5066,99.4993,-0.0073
12.68,99.5066,99.4993,-0.0073
12.72,99.5066,99.4993,-0.0073
12.76,99.5082,99.4993,-0.0089
12.8,99.5082,99.4993,-0.0089
12.84,99.5082,99.4993,-0.0089
12.88,99.5082,99.4993,-0.0089
12.92,99.5082,99.4993,-0.0089
12.96,99.5082,99.4992,-0.009
13.0,99.5082,99.4992,-0.009
13.040000000000001,99.5082,99.4991,-0.0091
13.08,99.5082,99.4991,-0.0091
13.120000000000001,99.5082,99.4991,-0.0091
13.16,99.5082,99.4991,-0.0091
13.200000000000001,99.5082,99.4991,-0.0091
13.24,99.5082,99.4991,-0.0091
13.280000000000001,99.5082,99.4991,-0.0091
13.32,99.5082,99.4991,-0.0091
13.36,99.5082,99.4991,-0.0091
13.4,99.5082,99.4992,-0.009
13.44,99.5082,99.4992,-0.009
13.48,99.5082,99.4992,-0.009
13.52,99.5082,99.4992,-0.009
13.56,99.5101,99.4992,-0.0108
13.6,99.5101,99.4993,-0.0107
13.64,99.5101,99.4992,-0.0108
13.68,99.5101,99.4993,-0.0107
13.72,99.5101,99.4993,-0.0107
13.76,99.5101,99.4993,-0.0107
13.8,99.5101,99.4993,-0.0107
13.84,99.5101,99.4992,-0.0108
13.88,99.5101,99.4993,-0.0107
13.92,99.5101,99.4993,-0.0107
13.96,99.5101,99.4993,-0.0107
14.0,99.5101,99.4993,-0.0107
14.040000000000001,99.5101,99.4993,-0.0107
14.08,99.5101,99.4994,-0.0106
14.120000000000001,99.5101,99.4994,-0.0106
14.16,99.5101,99.4994,-0.0106
14.200000000000001,99.5101,99.4994,-0.0106
14.24,99.5101,99.4994,-0.0106
14.280000000000001,99.5101,99.4995,-0.0105
14.32,99.5101,99.4995,-0.0105
14.36,99.5121,99.4995,-0.0125
14.4,99.5121,99.4995,-0.0125
14.44,99.5121,99.4996,-0.0125
14.48,99.5121,99.4996,-0.0125
14.52,99.5121,99.4996,-0.0125
14.56,99.5121,99.4995,-0.0125
14.6,99.5121,99.4996,-0.0125
14.64,99.5121,99.4996,-0.0125
14.68,99.5121,99.4995,-0.0125
14.72,99.5121,99.4996,-0.0125
14.76,99.5121,99.4996,-0.0125
14.8,99.5121,99.4996,-0.0124
14.84,99.5121,99.4996,-0.0124
14.88,99.5121,99.4996,-0.0124
14.92,99.5121,99.4997,-0.0124
14.96,99.5121,99.4997,-0.0124
15.0,99.5121,99.4997,-0.0123
15.040000000000001,99.5121,99.4997,-0.0123
15.08,99.5121,99.4997,-0.0123
15.120000000000001,99.5121,99.4998,-0.0123
15.16,99.5144,99.4998,-0.0145
15.200000000000001,99.5144,99.4999,-0.0144
15.24,99.5144,99.5,-0.0144
15.280000000000001,99.5144,99.5,-0.0143
15.32,99.5144,99.5001,-0.0142
15.36,99.5144,99.5001,-0.0143
15.4,99.5144,99.5001,-0.0142
15.44,99.5144,99.5001,-0.0142
15.48,99.5144,99.5002,-0.0142
15.52,99.5144,99.5002,-0.0141
15.56,99.5144,99.5003,-0.014
15.6,99.5144,99.5003,-0.014
15.64,99.5144,99.5003,-0.014
15.68,99.5144,99.5003,-0.014
15.72,99.5144,99.5004,-0.014
15.76,99.5144,99.5003,-0.014
15.8,99.5144,99.5004,-0.0139
15.84,99.5144,99.5004,-0.0139
15.88,99.5144,99.5004,-0.0139
15.92,99.5144,99.5005,-0.0138
15.96,99.5169,99.5005,-0.0164
16.0,99.5169,99.5006,-0.0163
16.04,99.5169,99.5006,-0.0162
16.080000000000002,99.5169,99.5007,-0.0162
16.12,99.5169,99.5007,-0.0161
16.16,99.5169,99.5007,-0.0161
16.2,99.5169,99.5008,-0.016
16.240000000000002,99.5169,99.5008,-0.016
16.28,99.5169,99.5008,-0.016
16.32,99.5169,99.5009,-0.0159
16.36,99.5169,99.5009,-0.0159
16.4,99.5169,99.501,-0.0159
16.44,99.5169,99.501,-0.0158
16.48,99.5169,99.501,-0.0158
16.52,99.5169,99.5011,-0.0158
16.56,99.5169,99.5011,-0.0158
16.6,99.5169,99.5011,-0.0158
16.64,99.5169,99.5011,-0.0158
16.68,99.5169,99.5011,-0.0157
16.72,99.5169,99.5011,-0.0157
16.76,99.5196,99.5011,-0.0185
16.8,99.5196,99.5011,-0.0185
16.84,99.5196,99.5012,-0.0184
16.88,99.5196,99.5012,-0.0184
16.92,99.5196,99.5012,-0.0184
16.96,99.5196,99.5013,-0.0183
17.0,99.5196,99.5014,-0.0182
17.04,99.5196,99.5014,-0.0182
17.080000000000002,99.5196,99.5015,-0.0181
17.12,99.5196,99.5016,-0.018
17.16,99.5196,99.5016,-0.018
17.2,99.5196,99.5017,-0.0179
17.240000000000002,99.5196,99.5017,-0.0179
17.28,99.5196,99.5017,-0.0179
17.32,99.5196,99.5017,-0.0179
17.36,99.5196,99.5017,-0.0179
17.400000000000002,99.5196,99.5018,-0.0178
17.44,99.5196,99.5019,-0.0177
17.48,99.5196,99.5019,-0.0177
17.52,99.5196,99.5019,-0.0177
17.56,99.5227,99.5019,-0.0207
17.6,99.5227,99.5019,-0.0207
17.64,99.5227,99.502,-0.0206
17.68,99.5227,99.502,-0.0206
17.72,99.5227,99.502,-0.0206
17.76,99.5227,99.5021,-0.0205
17.8,99.5227,99.5021,-0.0205
17.84,99.5227,99.5021,-0.0205
17.88,99.5227,99.5022,-0.0204
17.92,99.5227,99.5022,-0.0204
17.96,99.5227,99.5023,-0.0203
18.0,99.5227,99.5023,-0.0203
18.04,99.5227,99.5024,-0.0202
18.080000000000002,99.5227,99.5024,-0.0202
18.12,99.5227,99.5024,-0.0202
18.16,99.5227,99.5025,-0.0201
18.2,99.5227,99.5025,-0.0201
18.240000000000002,99.5227,99.5025,-0.0201
18.28,99.5227,99.5025,-0.0201
18.32,99.5227,99.5026,-0.02
18.36,99.5259,99.5026,-0.0232
18.400000000000002,99.5259,99.5026,-0.0233
18.44,99.5259,99.5026,-0.0232
18.48,99.5259,99.5026,-0.0232
18.52,99.5259,99.5026,-0.0232
18.56,99.5259,99.5027,-0.0232
18.6,99.5259,99.5027,-0.0231
18.64,99.5259,99.5027,-0.0231
18.68,99.5259,99.5027,-0.0231
18.72,99.5259,99.5027,-0.0231
18.76,99.5259,99.5028,-0.0231
18.8,99.5259,99.5028,-0.023
18.84,99.5259,99.5029,-0.023
18.88,99.5259,99.5029,-0.0229
18.92,99.5259,99.5029,-0.0229
18.96,99.5259,99.503,-0.0229
19.0,99.5259,99.503,-0.0228
19.04,99.5259,99.5031,-0.0228
19.080000000000002,99.5259,99.5031,-0.0227
19.12,99.5259,99.5031,-0.0227
19.16,99.5294,99.5032,-0.0262
19.2,99.5294,99.5032,-0.0261
19.240000000000002,99.5294,99.5033,-0.0261
19.28,99.5294,99.5033,-0.0261
19.32,99.5294,99.5033,-0.026
19.36,99.5294,99.5034,-0.0259
19.400000000000002,99.5294,99.5035,-0.0259
19.44,99.5294,99.5036,-0.0258
19.48,99.5294,99.5036,-0.0257
19.52,99.5294,99.5037,-0.0256
19.56,99.5294,99.5038,-0.0256
19.6,99.5294,99.5038,-0.0255
19.64,99.5294,99.5039,-0.0255
19.68,99.5294,99.5039,-0.0254
19.72,99.5294,99.504,-0.0254
19.76,99.5294,99.5041,-0.0253
19.8,99.5294,99.5041,-0.0252
19.84,99.5294,99.5042,-0.0251
19.88,99.5294,99.5043,-0.025
19.92,99.5294,99.5044,-0.0249
19.96,99.5331,99.5045,-0.0285
20.0,99.5331,99.5046,-0.0284
20.04,99.5331,99.5047,-0.0283
20.080000000000002,99.5331,99.5048,-0.0282
20.12,99.5331,99.505,-0.0281
20.16,99.5331,99.505,-0.0281
20.2,99.5331,99.5051,-0.028
20.240000000000002,99.5331,99.5051,-0.0279
20.28,99.5331,99.5052,-0.0279
20.32,99.5331,99.5052,-0.0278
20.36,99.5331,99.5053,-0.0278
20.400000000000002,99.5331,99.5054,-0.0277
20.44,99.5331,99.5055,-0.0276
20.48,99.5331,99.5055,-0.0275
20.52,99.5331,99.5056,-0.0275
20.56,99.5331,99.5057,-0.0274
20.6,99.5331,99.5057,-0.0273
20.64,99.5331,99.5058,-0.0272
20.68,99.5331,99.506,-0.0271
20.72,99.5331,99.5061,-0.027
20.76,99.5371,99.5062,-0.0309
20.8,99.5371,99.5063,-0.0308
20.84,99.5371,99.5064,-0.0307
20.88,99.5371,99.5065,-0.0306
20.92,99.5371,99.5066,-0.0305
20.96,99.5371,99.5067,-0.0304
21.0,99.5371,99.5068,-0.0303
21.04,99.5371,99.5068,-0.0302
21.080000000000002,99.5371,99.5069,-0.0301
21.12,99.5371,99.507,-0.03
21.16,99.5371,99.5071,-0.0299
21.2,99.5371,99.5072,-0.0298
21.240000000000002,99.5371,99.5073,-0.0298
21.28,99.5371,99.5074,-0.0297
21.32,99.5371,99.5075,-0.0296
21.36,99.5371,99.5076,-0.0295
21.400000000000002,99.5371,99.5077,-0.0293
21.44,99.5371,99.5079,-0.0292
21.48,99.5371,99.508,-0.0291
21.52,99.5371,99.5081,-0.029
21.56,99.5413,99.5082,-0.033
21.6,99.5413,99.5084,-0.0329
21.64,99.5413,99.5084,-0.0328
21.68,99.5413,99.5086,-0.0327
21.72,99.5413,99.5086,-0.0326
21.76,99.5413,99.5088,-0.0325
21.8,99.5413,99.5089,-0.0324
21.84,99.5413,99.509,-0.0322
21.88,99.5413,99.5092,-0.0321
21.92,99.5413,99.5093,-0.032
21.96,99.5413,99.5094,-0.0318
22.0,99.5413,99.5095,-0.0317
22.04,99.5413,99.5096,-0.0316
22.080000000000002,99.5413,99.5097,-0.0316
22.12,99.5413,99.5098,-0.0315
22.16,99.5413,99.5099,-0.0313
22.2,99.5413,99.51,-0.0312
22.240000000000002,99.5413,99.5101,-0.0311
22.28,99.5413,99.5103,-0.031
22.32,99.5413,99.5104,-0.0309
22.36,99.5457,99.5106,-0.0351
22.400000000000002,99.5457,99.5107,-0.035
22.44,99.5457,99.5107,-0.035
22.48,99.5457,99.5108,-0.0348
22.52,99.5457,99.511,-0.0347
22.56,99.5457,99.5111,-0.0346
22.6,99.5457,99.5112,-0.0345
22.64,99.5457,99.5113,-0.0344
22.68,99.5457,99.5114,-0.0343
22.72,99.5457,99.5114,-0.0343
22.76,99.5457,99.5116,-0.0341
22.8,99.5457,99.5116,-0.034
22.84,99.5457,99.5118,-0.0339
22.88,99.5457,99.5119,-0.0338
22.92,99.5457,99.5119,-0.0338
22.96,99.5457,99.512,-0.0336
23.0,99.5457,99.5122,-0.0335
23.04,99.5457,99.5122,-0.0334
23.080000000000002,99.5457,99.5123,-0.0333
23.12,99.5457,99.5124,-0.0332
23.16,99.5504,99.5125,-0.0378
23.2,99.5504,99.5126,-0.0377
23.240000000000002,99.5504,99.5127,-0.0376
23.28,99.5504,99.5128,-0.0375
23.32,99.5504,99.5129,-0.0374
23.36,99.5504,99.513,-0.0373
23.400000000000002,99.5504,99.5131,-0.0373
23.44,99.5504,99.5132,-0.0372
23.48,99.5504,99.5133,-0.037
23.52,99.5504,99.5134,-0.037
23.56,99.5504,99.5135,-0.0369
23.6,99.5504,99.5136,-0.0368
23.64,99.5504,99.5136,-0.0367
23.68,99.5504,99.5137,-0.0367
23.72,99.5504,99.5138,-0.0366
23.76,99.5504,99.5139,-0.0365
23.8,99.5504,99.5139,-0.0364
23.84,99.5504,99.514,-0.0363
23.88,99.5504,99.5141,-0.0363
23.92,99.5504,99.5141,-0.0362
23.96,99.5552,99.5142,-0.041
24.0,99.5552,99.5143,-0.0409
24.04,99.5552,99.5143,-0.0409
24.080000000000002,99.5552,99.5143,-0.0408
24.12,99.5552,99.5145,-0.0408
24.16,99.5552,99.5145,-0.0407
24.2,99.5552,99.5146,-0.0406
24.240000000000002,99.5552,99.5147,-0.0405
24.28,99.5552,99.5148,-0.0404
24.32,99.5552,99.5149,-0.0403
24.36,99.5552,99.515,-0.0402
24.400000000000002,99.5552,99.5151,-0.0401
24.44,99.5552,99.5151,-0.0401
24.48,99.5552,99.5152,-0.04
24.52,99.5552,99.5153,-0.0399
24.560000000000002,99.5552,99.5154,-0.0398
24.6,99.5552,99.5154,-0.0398
24.64,99.5552,99.5155,-0.0397
24.68,99.5552,99.5155,-0.0397
24.72,99.5552,99.5157,-0.0395
24.76,99.5603,99.5157,-0.0446
24.8,99.5603,99.5158,-0.0445
24.84,99.5603,99.5159,-0.0444
24.88,99.5603,99.5159,-0.0443
24.92,99.5603,99.516,-0.0443
24.96,99.5603,99.516,-0.0442
25.0,99.5603,99.5161,-0.0442
25.04,99.5603,99.5162,-0.044
25.080000000000002,99.5603,99.5163,-0.044
25.12,99.5603,99.5163,-0.0439
25.16,99.5603,99.5164,-0.0439
25.2,99.5603,99.5165,-0.0438
25.240000000000002,99.5603,99.5166,-0.0437
25.28,99.5603,99.5166,-0.0436
25.32,99.5603,99.5167,-0.0435
25.36,99.5603,99.5168,-0.0435
25.400000000000002,99.5603,99.5168,-0.0434
25.44,99.5603,99.517,-0.0433
25.48,99.5603,99.517,-0.0432
25.52,99.5603,99.5171,-0.0431
25.560000000000002,99.5656,99.5172,-0.0483
25.6,99.5656,99.5172,-0.0483
25.64,99.5656,99.5173,-0.0482
25.68,99.5656,99.5174,-0.0481
25.72,99.5656,99.5174,-0.0481
25.76,99.5656,99.5175,-0.048
25.8,99.5656,99.5176,-0.0479
25.84,99.5656,99.5176,-0.0479
25.88,99.5656,99.5177,-0.0478
25.92,99.5656,99.5179,-0.0476
25.96,99.5656,99.518,-0.0475
26.0,99.5656,99.5181,-0.0474
26.04,99.5656,99.5182,-0.0473
26.080000000000002,99.5656,99.5182,-0.0473
26.12,99.5656,99.5183,-0.0472
26.16,99.5656,99.5184,-0.0471
26.2,99.5656,99.5185,-0.047
26.240000000000002,99.5656,99.5186,-0.0469
26.28,99.5656,99.5186,-0.0469
26.32,99.5656,99.5187,-0.0468
26.36,99.571,99.5188,-0.0521
26.400000000000002,99.571,99.5189,-0.052
26.44,99.571,99.519,-0.0519
26.48,99.571,99.519,-0.0519
26.52,99.571,99.5191,-0.0518
26.560000000000002,99.571,99.5192,-0.0517
26.6,99.571,99.5193,-0.0516
26.64,99.571,99.5194,-0.0515
26.68,99.571,99.5195,-0.0514
26.72,99.571,99.5196,-0.0514
26.76,99.571,99.5197,-0.0513
26.8,99.571,99.5198,-0.0512
26.84,99.571,99.5199,-0.051
26.88,99.571,99.52,-0.0509
26.92,99.571,99.5201,-0.0508
26.96,99.571,99.5202,-0.0507
27.0,99.571,99.5203,-0.0506
27.04,99.571,99.5205,-0.0505
27.080000000000002,99.571,99.5206,-0.0504
27.12,99.571,99.5207,-0.0502
27.16,99.5766,99.5208,-0.0557
27.2,99.5766,99.5209,-0.0556
27.240000000000002,99.5766,99.521,-0.0555
27.28,99.5766,99.5211,-0.0554
27.32,99.5766,99.5213,-0.0552
27.36,99.5766,99.5213,-0.0551
27.400000000000002,99.5766,99.5214,-0.0551
27.44,99.5766,99.5215,-0.055
27.48,99.5766,99.5216,-0.0549
27.52,99.5766,99.5217,-0.0548
27.560000000000002,99.5766,99.5218,-0.0547
27.6,99.5766,99.5219,-0.0546
27.64,99.5766,99.522,-0.0545
27.68,99.5766,99.5221,-0.0544
27.72,99.5766,99.5222,-0.0543
27.76,99.5766,99.5223,-0.0542
27.8,99.5766,99.5224,-0.0541
27.84,99.5766,99.5226,-0.0539
27.88,99.5766,99.5227,-0.0538
27.92,99.5766,99.5227,-0.0538
27.96,99.5823,99.5229,-0.0593
28.0,99.5823,99.523,-0.0593
28.04,99.5823,99.5231,-0.0592
28.080000000000002,99.5823,99.5232,-0.0591
28.12,99.5823,99.5233,-0.0589
28.16,99.5823,99.5234,-0.0588
28.2,99.5823,99.5235,-0.0587
28.240000000000002,99.5823,99.5236,-0.0587
28.28,99.5823,99.5236,-0.0586
28.32,99.5823,99.5238,-0.0585
28.36,99.5823,99.5239,-0.0583
28.400000000000002,99.5823,99.524,-0.0582
28.44,99.5823,99.5241,-0.0581
28.48,99.5823,99.5242,-0.0581
28.52,99.5823,99.5243,-0.0579
28.560000000000002,99.5823,99.5244,-0.0578
28.6,99.5823,99.5245,-0.0578
28.64,99.5823,99.5246,-0.0576
28.68,99.5823,99.5247,-0.0575
28.72,99.5823,99.5248,-0.0574
28.76,99.5881,99.525,-0.0631
28.8,99.5881,99.525,-0.0631
28.84,99.5881,99.5252,-0.0629
28.88,99.5881,99.5253,-0.0627
28.92,99.5881,99.5254,-0.0626
28.96,99.5881,99.5256,-0.0625
29.0,99.5881,99.5257,-0.0624
29.04,99.5881,99.5258,-0.0623
29.080000000000002,99.5881,99.5259,-0.0622
29.12,99.5881,99.5259,-0.0622
29.16,99.5881,99.526,-0.062
29.2,99.5881,99.5261,-0.062
29.240000000000002,99.5881,99.5262,-0.0619
29.28,99.5881,99.5263,-0.0617
29.32,99.5881,99.5264,-0.0617
29.36,99.5881,99.5265,-0.0615
29.400000000000002,99.5881,99.5266,-0.0614
29.44,99.5881,99.5268,-0.0613
29.48,99.5881,99.5269,-0.0612
29.52,99.5881,99.527,-0.061
29.560000000000002,99.5941,99.5272,-0.0668
29.6,99.5941,99.5273,-0.0668
29.64,99.5941,99.5274,-0.0666
29.68,99.5941,99.5275,-0.0665
29.72,99.5941,99.5276,-0.0664
29.76,99.5941,99.5278,-0.0662
29.8,99.5941,99.5279,-0.0661
29.84,99.5941,99.5281,-0.066
29.88,99.5941,99.5282,-0.0658
29.92,99.5941,99.5284,-0.0656
29.96,99.5941,99.5286,-0.0655
30.0,99.5941,99.5287,-0.0654
30.04,99.5941,99.5288,-0.0652
30.080000000000002,99.5941,99.529,-0.0651
30.12,99.5941,99.5291,-0.0649
30.16,99.5941,99.5293,-0.0647
30.2,99.5941,99.5294,-0.0646
30.240000000000002,99.5941,99.5296,-0.0644
30.28,99.5941,99.5298,-0.0643
30.32,99.5941,99.5299,-0.0641
30.36,99.6001,99.5301,-0.07
30.400000000000002,99.6001,99.5303,-0.0698
30.44,99.6001,99.5305,-0.0696
30.48,99.6001,99.5306,-0.0695
30.52,99.6001,99.5307,-0.0694
30.560000000000002,99.6001,99.5309,-0.0692
30.6,99.6001,99.5311,-0.069
30.64,99.6001,99.5313,-0.0688
30.68,99.6001,99.5314,-0.0687
30.72,99.6001,99.5315,-0.0686
30.76,99.6001,99.5317,-0.0684
30.8,99.6001,99.5318,-0.0683
30.84,99.6001,99.532,-0.0681
30.88,99.6001,99.5322,-0.0679
30.92,99.6001,99.5323,-0.0678
30.96,99.6001,99.5325,-0.0676
31.0,99.6001,99.5327,-0.0674
31.04,99.6001,99.5328,-0.0672
31.080000000000002,99.6001,99.533,-0.0671
31.12,99.6001,99.5332,-0.0669
31.16,99.6063,99.5334,-0.0728
31.2,99.6063,99.5335,-0.0727
31.240000000000002,99.6063,99.5337,-0.0725
31.28,99.6063,99.5339,-0.0723
31.32,99.6063,99.5341,-0.0721
31.36,99.6063,99.5343,-0.0719
31.400000000000002,99.6063,99.5345,-0.0717
31.44,99.6063,99.5347,-0.0715
31.48,99.6063,99.5349,-0.0713
31.52,99.6063,99.5351,-0.0711
31.560000000000002,99.6063,99.5353,-0.071
31.6,99.6063,99.5355,-0.0707
31.64,99.6063,99.5357,-0.0705
31.68,99.6063,99.5359,-0.0703
31.720000000000002,99.6063,99.5361,-0.0701
31.76,99.6063,99.5363,-0.0699
31.8,99.6063,99.5365,-0.0697
31.84,99.6063,99.5366,-0.0696
31.88,99.6063,99.5368,-0.0694
31.92,99.6063,99.537,-0.0692
31.96,99.6125,99.5372,-0.0753
32.0,99.6125,99.5374,-0.075
32.04,99.6125,99.5376,-0.0748
32.08,99.6125,99.5377,-0.0747
32.12,99.6125,99.5379,-0.0745
32.160000000000004,99.6125,99.5381,-0.0743
32.2,99.6125,99.5382,-0.0742
32.24,99.6125,99.5384,-0.074
32.28,99.6125,99.5386,-0.0738
32.32,99.6125,99.5388,-0.0736
32.36,99.6125,99.539,-0.0734
32.4,99.6125,99.5392,-0.0732
32.44,99.6125,99.5394,-0.073
32.480000000000004,99.6125,99.5396,-0.0728
32.52,99.6125,99.5398,-0.0726
32.56,99.6125,99.5401,-0.0723
32.6,99.6125,99.5402,-0.0722
32.64,99.6125,99.5404,-0.072
32.68,99.6125,99.5406,-0.0718
32.72,99.6125,99.5408,-0.0716
32.76,99.6187,99.541,-0.0777
32.8,99.6187,99.5412,-0.0775
32.84,99.6187,99.5414,-0.0773
32.88,99.6187,99.5416,-0.0771
32.92,99.6187,99.5418,-0.0769
32.96,99.6187,99.542,-0.0766
33.0,99.6187,99.5422,-0.0764
33.04,99.6187,99.5424,-0.0762
33.08,99.6187,99.5426,-0.076
33.12,99.6187,99.5428,-0.0758
33.160000000000004,99.6187,99.543,-0.0756
33.2,99.6187,99.5432,-0.0754
33.24,99.6187,99.5434,-0.0752
33.28,99.6187,99.5436,-0.075
33.32,99.6187,99.5438,-0.0748
33.36,99.6187,99.544,-0.0746
33.4,99.6187,99.5442,-0.0744
33.44,99.6187,99.5444,-0.0742
33.480000000000004,99.6187,99.5445,-0.0741
33.52,99.6187,99.5448,-0.0739
33.56,99.625,99.5449,-0.08
33.6,99.625,99.5452,-0.0797
33.64,99.625,99.5454,-0.0795
33.68,99.625,99.5456,-0.0793
33.72,99.625,99.5458,-0.0791
33.76,99.625,99.546,-0.0789
33.8,99.625,99.5462,-0.0787
33.84,99.625,99.5464,-0.0785
33.88,99.625,99.5466,-0.0783
33.92,99.625,99.5468,-0.078
33.96,99.625,99.5471,-0.0778
34.0,99.625,99.5473,-0.0776
34.04,99.625,99.5475,-0.0774
34.08,99.625,99.5477,-0.0772
34.12,99.625,99.5479,-0.077
34.160000000000004,99.625,99.5482,-0.0767
34.2,99.625,99.5484,-0.0765
34.24,99.625,99.5486,-0.0763
34.28,99.625,99.5488,-0.0761
34.32,99.625,99.549,-0.0759
34.36,99.6312,99.5492,-0.082
34.4,99.6312,99.5494,-0.0818
34.44,99.6312,99.5497,-0.0815
34.480000000000004,99.6312,99.5499,-0.0813
34.52,99.6312,99.5501,-0.0811
34.56,99.6312,99.5503,-0.0809
34.6,99.6312,99.5505,-0.0807
34.64,99.6312,99.5508,-0.0804
34.68,99.6312,99.551,-0.0802
34.72,99.6312,99.5512,-0.08
34.76,99.6312,99.5514,-0.0797
34.800000000000004,99.6312,99.5516,-0.0796
34.84,99.6312,99.5519,-0.0793
34.88,99.6312,99.5521,-0.0791
34.92,99.6312,99.5523,-0.0789
34.96,99.6312,99.5525,-0.0787
35.0,99.6312,99.5527,-0.0785
35.04,99.6312,99.553,-0.0782
35.08,99.6312,99.5533,-0.0779
35.12,99.6312,99.5535,-0.0777
35.160000000000004,99.6375,99.5537,-0.0838
35.2,99.6375,99.554,-0.0835
35.24,99.6375,99.5543,-0.0832
35.28,99.6375,99.5545,-0.083
35.32,99.6375,99.5548,-0.0827
35.36,99.6375,99.555,-0.0824
35.4,99.6375,99.5553,-0.0822
35.44,99.6375,99.5556,-0.0819
35.480000000000004,99.6375,99.5558,-0.0817
35.52,99.6375,99.5561,-0.0814
35.56,99.6375,99.5564,-0.0811
35.6,99.6375,99.5566,-0.0809
35.64,99.6375,99.5569,-0.0806
35.68,99.6375,99.5572,-0.0803
35.72,99.6375,99.5574,-0.0801
35.76,99.6375,99.5577,-0.0798
35.800000000000004,99.6375,99.5579,-0.0796
35.84,99.6375,99.5582,-0.0793
35.88,99.6375,99.5584,-0.0791
35.92,99.6375,99.5587,-0.0788
35.96,99.6438,99.559,-0.0848
36.0,99.6438,99.5592,-0.0846
36.04,99.6438,99.5594,-0.0844
36.08,99.6438,99.5596,-0.0841
36.12,99.6438,99.5599,-0.0839
36.160000000000004,99.6438,99.5602,-0.0836
36.2,99.6438,99.5604,-0.0834
36.24,99.6438,99.5607,-0.0831
36.28,99.6438,99.5609,-0.0829
36.32,99.6438,99.5612,-0.0826
36.36,99.6438,99.5614,-0.0824
36.4,99.6438,99.5617,-0.0821
36.44,99.6438,99.562,-0.0818
36.480000000000004,99.6438,99.5623,-0.0815
36.52,99.6438,99.5626,-0.0812
36.56,99.6438,99.5628,-0.081
36.6,99.6438,99.5631,-0.0807
36.64,99.6438,99.5633,-0.0805
36.68,99.6438,99.5636,-0.0802
36.72,99.6438,99.5639,-0.0799
36.76,99.6502,99.5642,-0.0859
36.800000000000004,99.6502,99.5644,-0.0857
36.84,99.6502,99.5647,-0.0854
36.88,99.6502,99.565,-0.0851
36.92,99.6502,99.5652,-0.0849
36.96,99.6502,99.5655,-0.0846
37.0,99.6502,99.5658,-0.0843
37.04,99.6502,99.5661,-0.084
37.08,99.6502,99.5664,-0.0837
37.12,99.6502,99.5666,-0.0835
37.160000000000004,99.6502,99.5669,-0.0832
37.2,99.6502,99.5672,-0.0829
37.24,99.6502,99.5675,-0.0826
37.28,99.6502,99.5678,-0.0823
37.32,99.6502,99.568,-0.0821
37.36,99.6502,99.5683,-0.0818
37.4,99.6502,99.5686,-0.0815
37.44,99.6502,99.5689,-0.0812
37.480000000000004,99.6502,99.5692,-0.0809
37.52,99.6502,99.5695,-0.0806
37.56,99.6565,99.5698,-0.0866
37.6,99.6565,99.5701,-0.0863
37.64,99.6565,99.5704,-0.086
37.68,99.6565,99.5707,-0.0857
37.72,99.6565,99.5709,-0.0855
37.76,99.6565,99.5712,-0.0852
37.800000000000004,99.6565,99.5715,-0.0849
37.84,99.6565,99.5718,-0.0846
37.88,99.6565,99.5721,-0.0843
37.92,99.6565,99.5724,-0.084
37.96,99.6565,99.5727,-0.0837
38.0,99.6565,99.573,-0.0834
38.04,99.6565,99.5733,-0.0831
38.08,99.6565,99.5736,-0.0828
38.12,99.6565,99.5739,-0.0825
38.160000000000004,99.6565,99.5742,-0.0822
38.2,99.6565,99.5745,-0.0819
38.24,99.6565,99.5748,-0.0816
38.28,99.6565,99.5751,-0.0813
38.32,99.6565,99.5754,-0.081
38.36,99.6627,99.5757,-0.087
38.4,99.6627,99.5759,-0.0868
38.44,99.6627,99.5762,-0.0865
38.480000000000004,99.6627,99.5765,-0.0862
38.52,99.6627,99.5767,-0.086
38.56,99.6627,99.577,-0.0857
38.6,99.6627,99.5773,-0.0853
38.64,99.6627,99.5777,-0.085
38.68,99.6627,99.578,-0.0847
38.72,99.6627,99.5783,-0.0844
38.76,99.6627,99.5785,-0.0842
38.800000000000004,99.6627,99.5788,-0.0839
38.84,99.6627,99.5791,-0.0836
38.88,99.6627,99.5794,-0.0833
38.92,99.6627,99.5797,-0.083
38.96,99.6627,99.58,-0.0827
39.0,99.6627,99.5803,-0.0824
39.04,99.6627,99.5806,-0.0821
39.08,99.6627,99.5809,-0.0818
39.12,99.6627,99.5812,-0.0815
39.160000000000004,99.6691,99.5814,-0.0876
39.2,99.6691,99.5818,-0.0872
39.24,99.6691,99.582,-0.087
39.28,99.6691,99.5824,-0.0866
39.32,99.6691,99.5827,-0.0863
39.36,99.6691,99.583,-0.086
39.4,99.6691,99.5833,-0.0857
39.44,99.6691,99.5836,-0.0854
39.480000000000004,99.6691,99.5839,-0.0851
39.52,99.6691,99.5842,-0.0848
39.56,99.6691,99.5845,-0.0845
39.6,99.6691,99.5848,-0.0842
39.64,99.6691,99.5851,-0.0839
39.68,99.6691,99.5854,-0.0836
39.72,99.6691,99.5857,-0.0833
39.76,99.6691,99.586,-0.083
39.800000000000004,99.6691,99.5863,-0.0827
39.84,99.6691,99.5866,-0.0824
39.88,99.6691,99.587,-0.082
39.92,99.6691,99.5873,-0.0818
39.96,99.6754,99.5875,-0.0878
40.0,99.6754,99.5879,-0.0874
40.04,99.6754,99.5882,-0.0871
40.08,99.6754,99.5885,-0.0868
40.12,99.6754,99.5888,-0.0865
40.160000000000004,99.6754,99.5892,-0.0861
40.2,99.6754,99.5895,-0.0858
40.24,99.6754,99.5898,-0.0855
40.28,99.6754,99.5901,-0.0852
40.32,99.6754,99.5905,-0.0848
40.36,99.6754,99.5908,-0.0845
40.4,99.6754,99.5911,-0.0842
40.44,99.6754,99.5914,-0.0839
40.480000000000004,99.6754,99.5918,-0.0835
40.52,99.6754,99.5921,-0.0832
40.56,99.6754,99.5925,-0.0829
40.6,99.6754,99.5928,-0.0825
40.64,99.6754,99.5931,-0.0822
40.68,99.6754,99.5934,-0.0819
40.72,99.6754,99.5938,-0.0815
40.76,99.6817,99.5941,-0.0875
40.800000000000004,99.6817,99.5944,-0.0872
40.84,99.6817,99.5948,-0.0868
40.88,99.6817,99.5951,-0.0865
40.92,99.6817,99.5955,-0.0861
40.96,99.6817,99.5958,-0.0858
41.0,99.6817,99.5962,-0.0854
41.04,99.6817,99.5965,-0.0852
41.08,99.6817,99.5968,-0.0848
41.12,99.6817,99.5971,-0.0845
41.160000000000004,99.6817,99.5974,-0.0842
41.2,99.6817,99.5978,-0.0839
41.24,99.6817,99.5981,-0.0835
41.28,99.6817,99.5984,-0.0832
41.32,99.6817,99.5987,-0.0829
41.36,99.6817,99.5991,-0.0825
41.4,99.6817,99.5994,-0.0822
41.44,99.6817,99.5998,-0.0819
41.480000000000004,99.6817,99.6001,-0.0815
41.52,99.6817,99.6004,-0.0812
41.56,99.688,99.6007,-0.0872
41.6,99.688,99.6011,-0.0868
41.64,99.688,99.6014,-0.0865
41.68,99.688,99.6018,-0.0862
41.72,99.688,99.6021,-0.0858
41.76,99.688,99.6023,-0.0856
41.800000000000004,99.688,99.6027,-0.0852
41.84,99.688,99.6029,-0.085
41.88,99.688,99.6033,-0.0846
41.92,99.688,99.6036,-0.0843
41.96,99.688,99.604,-0.0839
42.0,99.688,99.6044,-0.0835
42.04,99.688,99.6047,-0.0832
42.08,99.688,99.605,-0.0829
42.12,99.688,99.6053,-0.0826
42.160000000000004,99.688,99.6057,-0.0822
42.2,99.688,99.6061,-0.0818
42.24,99.688,99.6064,-0.0815
42.28,99.688,99.6068,-0.0812
42.32,99.688,99.6071,-0.0808
42.36,99.6943,99.6075,-0.0868
42.4,99.6943,99.6078,-0.0864
42.44,99.6943,99.6081,-0.0861
42.480000000000004,99.6943,99.6084,-0.0858
42.52,99.6943,99.6087,-0.0855
42.56,99.6943,99.6091,-0.0851
42.6,99.6943,99.6095,-0.0847
42.64,99.6943,99.6098,-0.0844
42.68,99.6943,99.6101,-0.0841
42.72,99.6943,99.6104,-0.0838
42.76,99.6943,99.6107,-0.0835
42.800000000000004,99.6943,99.611,-0.0832
42.84,99.6943,99.6114,-0.0828
42.88,99.6943,99.6117,-0.0825
42.92,99.6943,99.6121,-0.0821
42.96,99.6943,99.6124,-0.0818
43.0,99.6943,99.6127,-0.0815
43.04,99.6943,99.613,-0.0812
43.08,99.6943,99.6133,-0.0809
43.12,99.6943,99.6137,-0.0805
43.160000000000004,99.7006,99.614,-0.0865
43.2,99.7006,99.6143,-0.0862
43.24,99.7006,99.6146,-0.0859
43.28,99.7006,99.6149,-0.0856
43.32,99.7006,99.6152,-0.0853
43.36,99.7006,99.6156,-0.085
43.4,99.7006,99.6159,-0.0846
43.44,99.7006,99.6162,-0.0843
43.480000000000004,99.7006,99.6165,-0.084
43.52,99.7006,99.6168,-0.0837
43.56,99.7006,99.6171,-0.0834
43.6,99.7006,99.6174,-0.0831
43.64,99.7006,99.6177,-0.0828
43.68,99.7006,99.618,-0.0825
43.72,99.7006,99.6182,-0.0823
43.76,99.7006,99.6185,-0.082
43.800000000000004,99.7006,99.6188,-0.0817
43.84,99.7006,99.6191,-0.0814
43.88,99.7006,99.6194,-0.0811
43.92,99.7006,99.6197,-0.0808
43.96,99.7069,99.6201,-0.0868
44.0,99.7069,99.6203,-0.0865
44.04,99.7069,99.6206,-0.0862
44.08,99.7069,99.6209,-0.0859
44.12,99.7069,99.6213,-0.0856
44.160000000000004,99.7069,99.6216,-0.0853
44.2,99.7069,99.6219,-0.0849
44.24,99.7069,99.6222,-0.0846
44.28,99.7069,99.6225,-0.0843
44.32,99.7069,99.6228,-0.084
44.36,99.7069,99.6232,-0.0837
44.4,99.7069,99.6235,-0.0833
44.44,99.7069,99.6238,-0.083
44.480000000000004,99.7069,99.6241,-0.0827
44.52,99.7069,99.6245,-0.0824
44.56,99.7069,99.6248,-0.082
44.6,99.7069,99.6251,-0.0817
44.64,99.7069,99.6254,-0.0814
44.68,99.7069,99.6258,-0.0811
44.72,99.7069,99.6261,-0.0807
44.76,99.7132,99.6264,-0.0867
44.800000000000004,99.7132,99.6267,-0.0864
44.84,99.7132,99.627,-0.0861
44.88,99.7132,99.6274,-0.0858
44.92,99.7132,99.6277,-0.0854
44.96,99.7132,99.6281,-0.0851
45.0,99.7132,99.6285,-0.0847
45.04,99.7132,99.6288,-0.0843
45.08,99.7132,99.6292,-0.084
45.12,99.7132,99.6295,-0.0836
45.160000000000004,99.7132,99.6298,-0.0833
45.2,99.7132,99.6302,-0.083
45.24,99.7132,99.6305,-0.0826
45.28,99.7132,99.6308,-0.0823
45.32,99.7132,99.6312,-0.0819
45.36,99.7132,99.6315,-0.0816
45.4,99.7132,99.6318,-0.0813
45.44,99.7132,99.6321,-0.081
45.480000000000004,99.7132,99.6324,-0.0807
45.52,99.7132,99.6328,-0.0803
45.56,99.7195,99.6331,-0.0864
45.6,99.7195,99.6334,-0.086
45.64,99.7195,99.6338,-0.0857
45.68,99.7195,99.6341,-0.0853
45.72,99.7195,99.6344,-0.085
45.76,99.7195,99.6347,-0.0847
45.800000000000004,99.7195,99.6351,-0.0844
45.84,99.7195,99.6354,-0.084
45.88,99.7195,99.6357,-0.0837
45.92,99.7195,99.6361,-0.0833
45.96,99.7195,99.6365,-0.083
46.0,99.7195,99.6368,-0.0826
46.04,99.7195,99.6371,-0.0823
46.08,99.7195,99.6375,-0.0819
46.12,99.7195,99.6378,-0.0816
46.160000000000004,99.7195,99.6382,-0.0812
46.2,99.7195,99.6385,-0.0809
46.24,99.7195,99.6389,-0.0806
46.28,99.7195,99.6392,-0.0802
46.32,99.7195,99.6396,-0.0798
46.36,99.7258,99.6399,-0.0858
46.4,99.7258,99.6403,-0.0854
46.44,99.7258,99.6406,-0.0851
46.480000000000004,99.7258,99.641,-0.0847
46.52,99.7258,99.6413,-0.0844
46.56,99.7258,99.6417,-0.084
46.6,99.7258,99.642,-0.0837
46.64,99.7258,99.6424,-0.0833
46.68,99.7258,99.6427,-0.083
46.72,99.7258,99.6431,-0.0827
46.76,99.7258,99.6434,-0.0823
46.800000000000004,99.7258,99.6438,-0.082
46.84,99.7258,99.6441,-0.0817
46.88,99.7258,99.6444,-0.0813
46.92,99.7258,99.6448,-0.0809
46.96,99.7258,99.6452,-0.0805
47.0,99.7258,99.6456,-0.0802
47.04,99.7258,99.6459,-0.0798
47.08,99.7258,99.6462,-0.0795
47.12,99.7258,99.6466,-0.0792
47.160000000000004,99.7321,99.6469,-0.0851
47.2,99.7321,99.6472,-0.0848
47.24,99.7321,99.6476,-0.0844
47.28,99.7321,99.6479,-0.0841
47.32,99.7321,99.6483,-0.0838
47.36,99.7321,99.6486,-0.0834
47.4,99.7321,99.649,-0.0831
47.44,99.7321,99.6493,-0.0828
47.480000000000004,99.7321,99.6496,-0.0824
47.52,99.7321,99.65,-0.0821
47.56,99.7321,99.6503,-0.0817
47.6,99.7321,99.6506,-0.0814
47.64,99.7321,99.651,-0.0811
47.68,99.7321,99.6513,-0.0807
47.72,99.7321,99.6517,-0.0804
47.76,99.7321,99.652,-0.0801
47.800000000000004,99.7321,99.6522,-0.0798
47.84,99.7321,99.6526,-0.0794
47.88,99.7321,99.6529,-0.0791
47.92,99.7321,99.6532,-0.0788
47.96,99.7384,99.6536,-0.0848
48.0,99.7384,99.6539,-0.0845
48.04,99.7384,99.6543,-0.0841
48.08,99.7384,99.6546,-0.0838
48.120000000000005,99.7384,99.6549,-0.0834
48.160000000000004,99.7384,99.6552,-0.0831
48.2,99.7384,99.6556,-0.0828
48.24,99.7384,99.6559,-0.0825
48.28,99.7384,99.6562,-0.0821
48.32,99.7384,99.6565,-0.0818
48.36,99.7384,99.6568,-0.0815
48.4,99.7384,99.6572,-0.0811
48.44,99.7384,99.6576,-0.0808
48.480000000000004,99.7384,99.6579,-0.0804
48.52,99.7384,99.6582,-0.0802
48.56,99.7384,99.6585,-0.0798
48.6,99.7384,99.6589,-0.0795
48.64,99.7384,99.6592,-0.0791
48.68,99.7384,99.6596,-0.0788
48.72,99.7384,99.6599,-0.0784
48.76,99.7447,99.6603,-0.0844
48.800000000000004,99.7447,99.6606,-0.084
48.84,99.7447,99.6609,-0.0837
48.88,99.7447,99.6613,-0.0834
48.92,99.7447,99.6616,-0.083
48.96,99.7447,99.662,-0.0826
49.0,99.7447,99.6623,-0.0823
49.04,99.7447,99.6627,-0.082
49.08,99.7447,99.663,-0.0816
49.120000000000005,99.7447,99.6633,-0.0813
49.160000000000004,99.7447,99.6637,-0.081
49.2,99.7447,99.664,-0.0807
49.24,99.7447,99.6643,-0.0803
49.28,99.7447,99.6646,-0.08
49.32,99.7447,99.665,-0.0797
49.36,99.7447,99.6653,-0.0793
49.4,99.7447,99.6657,-0.079
49.44,99.7447,99.666,-0.0786
49.480000000000004,99.7447,99.6664,-0.0783
49.52,99.7447,99.6667,-0.0779
49.56,99.751,99.667,-0.0839
49.6,99.751,99.6673,-0.0836
49.64,99.751,99.6677,-0.0833
49.68,99.751,99.668,-0.0829
49.72,99.751,99.6684,-0.0826
49.76,99.751,99.6687,-0.0822
49.800000000000004,99.751,99.6691,-0.0819
49.84,99.751,99.6694,-0.0816
49.88,99.751,99.6697,-0.0812
49.92,99.751,99.6701,-0.0809
49.96,99.751,99.6704,-0.0805
50.0,99.751,99.6707,-0.0802
50.04,99.751,99.6711,-0.0798
50.08,99.751,99.6714,-0.0795
50.120000000000005,99.751,99.6717,-0.0792
50.160000000000004,99.751,99.6721,-0.0789
50.2,99.751,99.6724,-0.0785
50.24,99.751,99.6727,-0.0782
50.28,99.751,99.6731,-0.0779
50.32,99.751,99.6734,-0.0775
50.36,99.7573,99.6738,-0.0835
50.4,99.7573,99.6741,-0.0831
50.44,99.7573,99.6745,-0.0828
50.480000000000004,99.7573,99.6748,-0.0825
50.52,99.7573,99.6751,-0.0821
50.56,99.7573,99.6754,-0.0819
50.6,99.7573,99.6757,-0.0816
50.64,99.7573,99.676,-0.0812
50.68,99.7573,99.6764,-0.0809
50.72,99.7573,99.6767,-0.0805
50.76,99.7573,99.677,-0.0802
50.800000000000004,99.7573,99.6774,-0.0799
50.84,99.7573,99.6777,-0.0795
50.88,99.7573,99.6781,-0.0792
50.92,99.7573,99.6785,-0.0788
50.96,99.7573,99.6788,-0.0784
51.0,99.7573,99.6792,-0.078
51.04,99.7573,99.6796,-0.0776
51.08,99.7573,99.6799,-0.0773
51.120000000000005,99.7573,99.6803,-0.0769
51.160000000000004,99.7636,99.6806,-0.0829
51.2,99.7636,99.681,-0.0826
51.24,99.7636,99.6813,-0.0822
51.28,99.7636,99.6816,-0.0819
51.32,99.7636,99.682,-0.0816
51.36,99.7636,99.6823,-0.0813
51.4,99.7636,99.6826,-0.081
51.44,99.7636,99.6829,-0.0807
51.480000000000004,99.7636,99.6832,-0.0804
51.52,99.7636,99.6836,-0.08
51.56,99.7636,99.6838,-0.0797
51.6,99.7636,99.6841,-0.0794
51.64,99.7636,99.6845,-0.0791
51.68,99.7636,99.6848,-0.0788
51.72,99.7636,99.6852,-0.0784
51.76,99.7636,99.6855,-0.0781
51.800000000000004,99.7636,99.6858,-0.0777
51.84,99.7636,99.6861,-0.0774
51.88,99.7636,99.6864,-0.0771
51.92,99.7636,99.6868,-0.0768
51.96,99.7699,99.687,-0.0828
52.0,99.7699,99.6873,-0.0825
52.04,99.7699,99.6877,-0.0821
52.08,99.7699,99.688,-0.0819
52.120000000000005,99.7699,99.6883,-0.0815
52.160000000000004,99.7699,99.6886,-0.0812
52.2,99.7699,99.6889,-0.0809
52.24,99.7699,99.6893,-0.0806
52.28,99.7699,99.6895,-0.0803
52.32,99.7699,99.6899,-0.0799
52.36,99.7699,99.6902,-0.0797
52.4,99.7699,99.6905,-0.0793
52.44,99.7699,99.6909,-0.0789
52.480000000000004,99.7699,99.6912,-0.0786
52.52,99.7699,99.6916,-0.0783
52.56,99.7699,99.6918,-0.078
52.6,99.7699,99.6922,-0.0776
52.64,99.7699,99.6926,-0.0773
52.68,99.7699,99.6929,-0.0769
52.72,99.7699,99.6933,-0.0765
52.76,99.7762,99.6936,-0.0825
52.800000000000004,99.7762,99.694,-0.0822
52.84,99.7762,99.6943,-0.0819
52.88,99.7762,99.6946,-0.0816
52.92,99.7762,99.6949,-0.0812
52.96,99.7762,99.6952,-0.081
53.0,99.7762,99.6955,-0.0806
53.04,99.7762,99.6959,-0.0803
53.08,99.7762,99.6962,-0.08
53.120000000000005,99.7762,99.6965,-0.0797
53.160000000000004,99.7762,99.6968,-0.0794
53.2,99.7762,99.6972,-0.079
53.24,99.7762,99.6975,-0.0787
53.28,99.7762,99.6978,-0.0783
53.32,99.7762,99.6982,-0.078
53.36,99.7762,99.6985,-0.0776
53.4,99.7762,99.6988,-0.0773
53.44,99.7762,99.6992,-0.077
53.480000000000004,99.7762,99.6995,-0.0767
53.52,99.7762,99.6998,-0.0764
53.56,99.7825,99.7001,-0.0824
53.6,99.7825,99.7004,-0.0821
53.64,99.7825,99.7007,-0.0818
53.68,99.7825,99.701,-0.0814
53.72,99.7825,99.7014,-0.0811
53.76,99.7825,99.7018,-0.0807
53.800000000000004,99.7825,99.7021,-0.0804
53.84,99.7825,99.7024,-0.08
53.88,99.7825,99.7028,-0.0797
53.92,99.7825,99.7031,-0.0794
53.96,99.7825,99.7034,-0.0791
54.0,99.7825,99.7037,-0.0788
54.04,99.7825,99.704,-0.0785
54.08,99.7825,99.7043,-0.0781
54.120000000000005,99.7825,99.7046,-0.0779
54.160000000000004,99.7825,99.7049,-0.0776
54.2,99.7825,99.7052,-0.0772
54.24,99.7825,99.7055,-0.0769
54.28,99.7825,99.7058,-0.0766
54.32,99.7825,99.7062,-0.0762
54.36,99.7888,99.7066,-0.0822
54.4,99.7888,99.707,-0.0818
54.44,99.7888,99.7073,-0.0815
54.480000000000004,99.7888,99.7077,-0.0811
54.52,99.7888,99.708,-0.0808
54.56,99.7888,99.7084,-0.0804
54.6,99.7888,99.7087,-0.08
54.64,99.7888,99.7091,-0.0797
54.68,99.7888,99.7095,-0.0793
54.72,99.7888,99.7098,-0.079
54.76,99.7888,99.7101,-0.0787
54.800000000000004,99.7888,99.7105,-0.0783
54.84,99.7888,99.7109,-0.0779
54.88,99.7888,99.7112,-0.0775
54.92,99.7888,99.7116,-0.0772
54.96,99.7888,99.712,-0.0768
55.0,99.7888,99.7123,-0.0764
55.04,99.7888,99.7127,-0.0761
55.08,99.7888,99.713,-0.0757
55.120000000000005,99.7888,99.7134,-0.0754
55.160000000000004,99.7951,99.7138,-0.0813
55.2,99.7951,99.7142,-0.0808
55.24,99.7951,99.7146,-0.0805
55.28,99.7951,99.715,-0.08
55.32,99.7951,99.7154,-0.0797
55.36,99.7951,99.7157,-0.0793
55.4,99.7951,99.7161,-0.079
55.44,99.7951,99.7165,-0.0786
55.480000000000004,99.7951,99.7168,-0.0782
55.52,99.7951,99.7172,-0.0779
55.56,99.7951,99.7176,-0.0774
55.6,99.7951,99.718,-0.0771
55.64,99.7951,99.7183,-0.0768
55.68,99.7951,99.7187,-0.0764
55.72,99.7951,99.719,-0.076
55.76,99.7951,99.7194,-0.0756
55.800000000000004,99.7951,99.7198,-0.0753
55.84,99.7951,99.7201,-0.0749
55.88,99.7951,99.7205,-0.0746
55.92,99.7951,99.7208,-0.0742
55.96,99.8014,99.7212,-0.0802
56.0,99.8014,99.7216,-0.0798
56.04,99.8014,99.722,-0.0794
56.08,99.8014,99.7224,-0.079
56.120000000000005,99.8014,99.7227,-0.0786
56.160000000000004,99.8014,99.7231,-0.0782
56.2,99.8014,99.7235,-0.0779
56.24,99.8014,99.7239,-0.0775
56.28,99.8014,99.7243,-0.0771
56.32,99.8014,99.7247,-0.0766
56.36,99.8014,99.7252,-0.0762
56.4,99.8014,99.7255,-0.0758
56.44,99.8014,99.7259,-0.0754
56.480000000000004,99.8014,99.7263,-0.075
56.52,99.8014,99.7267,-0.0746
56.56,99.8014,99.7271,-0.0743
56.6,99.8014,99.7275,-0.0739
56.64,99.8014,99.7279,-0.0735
56.68,99.8014,99.7283,-0.0731
56.72,99.8014,99.7287,-0.0726
56.76,99.8077,99.7291,-0.0785
56.800000000000004,99.8077,99.7295,-0.0781
56.84,99.8077,99.7299,-0.0777
56.88,99.8077,99.7303,-0.0774
56.92,99.8077,99.7307,-0.0769
56.96,99.8077,99.7311,-0.0766
57.0,99.8077,99.7315,-0.0762
57.04,99.8077,99.7319,-0.0758
57.08,99.8077,99.7322,-0.0754
57.120000000000005,99.8077,99.7327,-0.075
57.160000000000004,99.8077,99.7331,-0.0746
57.2,99.8077,99.7335,-0.0741
57.24,99.8077,99.7339,-0.0737
57.28,99.8077,99.7343,-0.0734
57.32,99.8077,99.7348,-0.0729
57.36,99.8077,99.7351,-0.0725
57.4,99.8077,99.7355,-0.0721
57.44,99.8077,99.7359,-0.0717
57.480000000000004,99.8077,99.7363,-0.0713
57.52,99.8077,99.7367,-0.0709
57.56,99.814,99.7371,-0.0769
57.6,99.814,99.7375,-0.0765
57.64,99.814,99.7378,-0.0761
57.68,99.814,99.7382,-0.0757
57.72,99.814,99.7386,-0.0753
57.76,99.814,99.739,-0.075
57.800000000000004,99.814,99.7394,-0.0746
57.84,99.814,99.7398,-0.0742
57.88,99.814,99.7402,-0.0738
57.92,99.814,99.7406,-0.0733
57.96,99.814,99.741,-0.0729
58.0,99.814,99.7414,-0.0725
58.04,99.814,99.7418,-0.0721
58.08,99.814,99.7422,-0.0718
58.120000000000005,99.814,99.7426,-0.0713
58.160000000000004,99.814,99.743,-0.071
58.2,99.814,99.7433,-0.0706
58.24,99.814,99.7437,-0.0702
58.28,99.814,99.7441,-0.0698
58.32,99.814,99.7445,-0.0694
58.36,99.8203,99.7449,-0.0754
58.4,99.8203,99.7452,-0.075
58.44,99.8203,99.7456,-0.0747
58.480000000000004,99.8203,99.746,-0.0743
58.52,99.8203,99.7463,-0.0739
58.56,99.8203,99.7467,-0.0735
58.6,99.8203,99.7472,-0.0731
58.64,99.8203,99.7476,-0.0727
58.68,99.8203,99.748,-0.0722
58.72,99.8203,99.7484,-0.0719
58.76,99.8203,99.7488,-0.0715
58.800000000000004,99.8203,99.7492,-0.0711
58.84,99.8203,99.7496,-0.0707
58.88,99.8203,99.75,-0.0703
58.92,99.8203,99.7504,-0.0699
58.96,99.8203,99.7508,-0.0695
59.0,99.8203,99.7511,-0.0691
59.04,99.8203,99.7515,-0.0687
59.08,99.8203,99.7519,-0.0684
59.120000000000005,99.8203,99.7523,-0.068
59.160000000000004,99.8266,99.7526,-0.0739
59.2,99.8266,99.7531,-0.0735
59.24,99.8266,99.7535,-0.0731
59.28,99.8266,99.7539,-0.0727
59.32,99.8266,99.7542,-0.0724
59.36,99.8266,99.7546,-0.072
59.4,99.8266,99.7549,-0.0716
59.44,99.8266,99.7553,-0.0712
59.480000000000004,99.8266,99.7557,-0.0709
59.52,99.8266,99.756,-0.0705
59.56,99.8266,99.7564,-0.0702
59.6,99.8266,99.7568,-0.0698
59.64,99.8266,99.7572,-0.0694
59.68,99.8266,99.7576,-0.069
59.72,99.8266,99.758,-0.0686
59.76,99.8266,99.7584,-0.0682
59.800000000000004,99.8266,99.7587,-0.0679
59.84,99.8266,99.7591,-0.0674
59.88,99.8266,99.7595,-0.0671
59.92,99.8266,99.7599,-0.0666
59.96,99.8329,99.7603,-0.0726
60.0,99.8329,99.7607,-0.0722
60.04,99.8329,99.7611,-0.0718
60.08,99.8329,99.7615,-0.0714
60.120000000000005,99.8329,99.7619,-0.071
60.160000000000004,99.8329,99.7623,-0.0706
60.2,99.8329,99.7627,-0.0702
60.24,99.8329,99.7631,-0.0698
60.28,99.8329,99.7635,-0.0694
60.32,99.8329,99.7638,-0.0691
60.36,99.8329,99.7642,-0.0687
60.4,99.8329,99.7645,-0.0683
60.44,99.8329,99.7649,-0.0679
60.480000000000004,99.8329,99.7653,-0.0676
60.52,99.8329,99.7657,-0.0672
60.56,99.8329,99.7661,-0.0668
60.6,99.8329,99.7665,-0.0664
60.64,99.8329,99.7669,-0.0659
60.68,99.8329,99.7673,-0.0655
60.72,99.8329,99.7677,-0.0651
60.76,99.8392,99.7681,-0.071
60.800000000000004,99.8392,99.7685,-0.0707
60.84,99.8392,99.7689,-0.0703
60.88,99.8392,99.7692,-0.0699
60.92,99.8392,99.7696,-0.0696
60.96,99.8392,99.77,-0.0692
61.0,99.8392,99.7704,-0.0688
61.04,99.8392,99.7708,-0.0684
61.08,99.8392,99.7712,-0.068
61.120000000000005,99.8392,99.7715,-0.0676
61.160000000000004,99.8392,99.7719,-0.0672
61.2,99.8392,99.7723,-0.0669
61.24,99.8392,99.7727,-0.0665
61.28,99.8392,99.7731,-0.0661
61.32,99.8392,99.7735,-0.0657
61.36,99.8392,99.7739,-0.0653
61.4,99.8392,99.7743,-0.0649
61.44,99.8392,99.7747,-0.0644
61.480000000000004,99.8392,99.7751,-0.064
61.52,99.8392,99.7755,-0.0636
61.56,99.8455,99.7759,-0.0695
61.6,99.8455,99.7763,-0.0691
61.64,99.8455,99.7768,-0.0687
61.68,99.8455,99.7771,-0.0683
61.72,99.8455,99.7776,-0.0679
61.76,99.8455,99.778,-0.0675
61.800000000000004,99.8455,99.7783,-0.0671
61.84,99.8455,99.7787,-0.0667
61.88,99.8455,99.7791,-0.0664
61.92,99.8455,99.7795,-0.066
61.96,99.8455,99.7799,-0.0656
62.0,99.8455,99.7803,-0.0652
62.04,99.8455,99.7807,-0.0647
62.08,99.8455,99.7811,-0.0643
62.120000000000005,99.8455,99.7815,-0.064
62.160000000000004,99.8455,99.7819,-0.0635
62.2,99.8455,99.7823,-0.0631
62.24,99.8455,99.7827,-0.0627
62.28,99.8455,99.7831,-0.0624
62.32,99.8455,99.7835,-0.062
62.36,99.8518,99.7839,-0.0679
62.4,99.8518,99.7842,-0.0675
62.440000000000005,99.8518,99.7846,-0.0671
62.480000000000004,99.8518,99.785,-0.0668
62.52,99.8518,99.7854,-0.0664
62.56,99.8518,99.7859,-0.0659
62.6,99.8518,99.7863,-0.0655
62.64,99.8518,99.7867,-0.0651
62.68,99.8518,99.787,-0.0647
62.72,99.8518,99.7875,-0.0643
62.76,99.8518,99.7878,-0.0639
62.800000000000004,99.8518,99.7882,-0.0636
62.84,99.8518,99.7886,-0.0632
62.88,99.8518,99.789,-0.0628
62.92,99.8518,99.7893,-0.0625
62.96,99.8518,99.7897,-0.0621
63.0,99.8518,99.7901,-0.0616
63.04,99.8518,99.7905,-0.0613
63.08,99.8518,99.7909,-0.0608
63.120000000000005,99.8518,99.7913,-0.0605
63.160000000000004,99.8581,99.7917,-0.0664
63.2,99.8581,99.7921,-0.066
63.24,99.8581,99.7925,-0.0656
63.28,99.8581,99.7929,-0.0652
63.32,99.8581,99.7933,-0.0648
63.36,99.8581,99.7937,-0.0644
63.4,99.8581,99.7941,-0.064
63.440000000000005,99.8581,99.7945,-0.0636
63.480000000000004,99.8581,99.7948,-0.0633
63.52,99.8581,99.7952,-0.0629
63.56,99.8581,99.7956,-0.0625
63.6,99.8581,99.796,-0.0621
63.64,99.8581,99.7964,-0.0617
63.68,99.8581,99.7968,-0.0613
63.72,99.8581,99.7971,-0.0609
63.76,99.8581,99.7975,-0.0606
63.800000000000004,99.8581,99.7979,-0.0602
63.84,99.8581,99.7982,-0.0598
63.88,99.8581,99.7986,-0.0595
63.92,99.8581,99.7989,-0.0591
63.96,99.8644,99.7993,-0.0651
64.0,99.8644,99.7997,-0.0647
64.04,99.8644,99.8001,-0.0643
64.08,99.8644,99.8005,-0.0639
64.12,99.8644,99.8009,-0.0635
64.16,99.8644,99.8013,-0.063
64.2,99.8644,99.8017,-0.0627
64.24,99.8644,99.8021,-0.0623
64.28,99.8644,99.8025,-0.0619
64.32000000000001,99.8644,99.8029,-0.0615
64.36,99.8644,99.8033,-0.0611
64.4,99.8644,99.8036,-0.0608
64.44,99.8644,99.804,-0.0603
64.48,99.8644,99.8044,-0.06
64.52,99.8644,99.8048,-0.0596
64.56,99.8644,99.8052,-0.0592
64.6,99.8644,99.8055,-0.0589
64.64,99.8644,99.8059,-0.0584
64.68,99.8644,99.8063,-0.0581
64.72,99.8644,99.8067,-0.0577
64.76,99.8707,99.8071,-0.0636
64.8,99.8707,99.8074,-0.0633
64.84,99.8707,99.8078,-0.0629
64.88,99.8707,99.8082,-0.0625
64.92,99.8707,99.8085,-0.0622
64.96000000000001,99.8707,99.8089,-0.0618
65.0,99.8707,99.8093,-0.0614
65.04,99.8707,99.8097,-0.061
65.08,99.8707,99.81,-0.0607
65.12,99.8707,99.8104,-0.0603
65.16,99.8707,99.8108,-0.0599
65.2,99.8707,99.8112,-0.0595
65.24,99.8707,99.8116,-0.0591
65.28,99.8707,99.812,-0.0587
65.32000000000001,99.8707,99.8124,-0.0583
65.36,99.8707,99.8128,-0.0579
65.4,99.8707,99.8132,-0.0575
65.44,99.8707,99.8136,-0.0571
65.48,99.8707,99.814,-0.0567
65.52,99.8707,99.8144,-0.0563
65.56,99.877,99.8148,-0.0622
65.6,99.877,99.8151,-0.0619
65.64,99.877,99.8155,-0.0615
65.68,99.877,99.8159,-0.0611
65.72,99.877,99.8163,-0.0607
65.76,99.877,99.8167,-0.0603
65.8,99.877,99.817,-0.0599
65.84,99.877,99.8175,-0.0595
65.88,99.877,99.8178,-0.0591
65.92,99.877,99.8182,-0.0588
65.96000000000001,99.877,99.8186,-0.0583
66.0,99.877,99.819,-0.058
66.04,99.877,99.8195,-0.0575
66.08,99.877,99.8199,-0.0571
66.12,99.877,99.8203,-0.0567
66.16,99.877,99.8207,-0.0563
66.2,99.877,99.821,-0.056
66.24,99.877,99.8214,-0.0556
66.28,99.877,99.8218,-0.0552
66.32000000000001,99.877,99.8222,-0.0548
66.36,99.8833,99.8226,-0.0607
66.4,99.8833,99.823,-0.0603
66.44,99.8833,99.8235,-0.0598
66.48,99.8833,99.8238,-0.0595
66.52,99.8833,99.8242,-0.0591
66.56,99.8833,99.8247,-0.0586
66.6,99.8833,99.825,-0.0583
66.64,99.8833,99.8254,-0.0579
66.68,99.8833,99.8258,-0.0575
66.72,99.8833,99.8262,-0.0571
66.76,99.8833,99.8267,-0.0566
66.8,99.8833,99.827,-0.0563
66.84,99.8833,99.8275,-0.0558
66.88,99.8833,99.8279,-0.0554
66.92,99.8833,99.8283,-0.055
66.96000000000001,99.8833,99.8288,-0.0545
67.0,99.8833,99.8291,-0.0542
67.04,99.8833,99.8295,-0.0538
67.08,99.8833,99.8299,-0.0534
67.12,99.8833,99.8303,-0.053
67.16,99.8896,99.8307,-0.0589
67.2,99.8896,99.8311,-0.0585
67.24,99.8896,99.8315,-0.0581
67.28,99.8896,99.8319,-0.0577
67.32000000000001,99.8896,99.8323,-0.0573
67.36,99.8896,99.8327,-0.0569
67.4,99.8896,99.833,-0.0566
67.44,99.8896,99.8334,-0.0562
67.48,99.8896,99.8339,-0.0557
67.52,99.8896,99.8342,-0.0554
67.56,99.8896,99.8346,-0.055
67.6,99.8896,99.835,-0.0546
67.64,99.8896,99.8353,-0.0543
67.68,99.8896,99.8356,-0.054
67.72,99.8896,99.836,-0.0536
67.76,99.8896,99.8364,-0.0531
67.8,99.8896,99.8368,-0.0528
67.84,99.8896,99.8372,-0.0524
67.88,99.8896,99.8376,-0.052
67.92,99.8896,99.8379,-0.0516
67.96000000000001,99.8959,99.8383,-0.0576
68.0,99.8959,99.8387,-0.0572
68.04,99.8959,99.8391,-0.0568
68.08,99.8959,99.8395,-0.0564
68.12,99.8959,99.8398,-0.0561
68.16,99.8959,99.8402,-0.0557
68.2,99.8959,99.8405,-0.0554
68.24,99.8959,99.8409,-0.055
68.28,99.8959,99.8412,-0.0547
68.32000000000001,99.8959,99.8416,-0.0543
68.36,99.8959,99.842,-0.0539
68.4,99.8959,99.8423,-0.0536
68.44,99.8959,99.8426,-0.0533
68.48,99.8959,99.8429,-0.053
68.52,99.8959,99.8433,-0.0526
68.56,99.8959,99.8436,-0.0522
68.60000000000001,99.8959,99.844,-0.0519
68.64,99.8959,99.8443,-0.0516
68.68,99.8959,99.8447,-0.0512
68.72,99.8959,99.8451,-0.0508
68.76,99.9022,99.8455,-0.0567
68.8,99.9022,99.8459,-0.0563
68.84,99.9022,99.8463,-0.0559
68.88,99.9022,99.8466,-0.0556
68.92,99.9022,99.847,-0.0552
68.96000000000001,99.9022,99.8474,-0.0548
69.0,99.9022,99.8477,-0.0544
69.04,99.9022,99.8482,-0.054
69.08,99.9022,99.8485,-0.0537
69.12,99.9022,99.8489,-0.0533
69.16,99.9022,99.8492,-0.053
69.2,99.9022,99.8496,-0.0526
69.24,99.9022,99.85,-0.0522
69.28,99.9022,99.8503,-0.0519
69.32000000000001,99.9022,99.8507,-0.0515
69.36,99.9022,99.8511,-0.0511
69.4,99.9022,99.8515,-0.0507
69.44,99.9022,99.8518,-0.0504
69.48,99.9022,99.8523,-0.0499
69.52,99.9022,99.8526,-0.0496
69.56,99.9086,99.8529,-0.0556
69.60000000000001,99.9086,99.8533,-0.0552
69.64,99.9086,99.8536,-0.0549
69.68,99.9086,99.854,-0.0546
69.72,99.9086,99.8543,-0.0542
69.76,99.9086,99.8547,-0.0538
69.8,99.9086,99.8551,-0.0534
69.84,99.9086,99.8554,-0.0531
69.88,99.9086,99.8558,-0.0527
69.92,99.9086,99.8561,-0.0524
69.96000000000001,99.9086,99.8565,-0.052
70.0,99.9086,99.8568,-0.0517
70.04,99.9086,99.8572,-0.0513
70.08,99.9086,99.8575,-0.051
70.12,99.9086,99.8578,-0.0507
70.16,99.9086,99.8582,-0.0503
70.2,99.9086,99.8586,-0.0499
70.24,99.9086,99.8589,-0.0496
70.28,99.9086,99.8593,-0.0492
70.32000000000001,99.9086,99.8597,-0.0488
70.36,99.9148,99.8601,-0.0547
70.4,99.9148,99.8604,-0.0544
70.44,99.9148,99.8607,-0.0541
70.48,99.9148,99.8611,-0.0537
70.52,99.9148,99.8614,-0.0534
70.56,99.9148,99.8618,-0.053
70.60000000000001,99.9148,99.8621,-0.0527
70.64,99.9148,99.8624,-0.0524
70.68,99.9148,99.8628,-0.052
70.72,99.9148,99.8632,-0.0516
70.76,99.9148,99.8636,-0.0513
70.8,99.9148,99.8639,-0.0509
70.84,99.9148,99.8643,-0.0505
70.88,99.9148,99.8647,-0.0501
70.92,99.9148,99.8651,-0.0497
70.96000000000001,99.9148,99.8654,-0.0494
71.0,99.9148,99.8658,-0.049
71.04,99.9148,99.8661,-0.0487
71.08,99.9148,99.8665,-0.0483
71.12,99.9148,99.8669,-0.0479
71.16,99.9211,99.8673,-0.0538
71.2,99.9211,99.8677,-0.0534
71.24,99.9211,99.868,-0.0531
71.28,99.9211,99.8684,-0.0527
71.32000000000001,99.9211,99.8687,-0.0524
71.36,99.9211,99.8691,-0.052
71.4,99.9211,99.8695,-0.0516
71.44,99.9211,99.8699,-0.0512
71.48,99.9211,99.8703,-0.0508
71.52,99.9211,99.8706,-0.0505
71.56,99.9211,99.871,-0.0501
71.60000000000001,99.9211,99.8713,-0.0498
71.64,99.9211,99.8716,-0.0495
71.68,99.9211,99.872,-0.0491
71.72,99.9211,99.8724,-0.0487
71.76,99.9211,99.8727,-0.0484
71.8,99.9211,99.8731,-0.048
71.84,99.9211,99.8734,-0.0477
71.88,99.9211,99.8738,-0.0473
71.92,99.9211,99.8741,-0.047
71.96000000000001,99.9275,99.8744,-0.053
72.0,99.9275,99.8747,-0.0527
72.04,99.9275,99.875,-0.0524
72.08,99.9275,99.8754,-0.052
72.12,99.9275,99.8757,-0.0517
72.16,99.9275,99.876,-0.0514
72.2,99.9275,99.8763,-0.0511
72.24,99.9275,99.8766,-0.0508
72.28,99.9275,99.877,-0.0504
72.32000000000001,99.9275,99.8773,-0.0501
72.36,99.9275,99.8777,-0.0497
72.4,99.9275,99.878,-0.0494
72.44,99.9275,99.8783,-0.0491
72.48,99.9275,99.8786,-0.0488
72.52,99.9275,99.879,-0.0484
72.56,99.9275,99.8793,-0.0481
72.60000000000001,99.9275,99.8797,-0.0477
72.64,99.9275,99.88,-0.0474
72.68,99.9275,99.8802,-0.0472
72.72,99.9275,99.8805,-0.0469
72.76,99.9338,99.8809,-0.0528
72.8,99.9338,99.8812,-0.0525
72.84,99.9338,99.8815,-0.0522
72.88,99.9338,99.8819,-0.0518
72.92,99.9338,99.8822,-0.0515
72.96000000000001,99.9338,99.8825,-0.0512
73.0,99.9338,99.8829,-0.0508
73.04,99.9338,99.8832,-0.0505
73.08,99.9338,99.8835,-0.0502
73.12,99.9338,99.8839,-0.0499
73.16,99.9338,99.8842,-0.0495
73.2,99.9338,99.8845,-0.0492
73.24,99.9338,99.8849,-0.0488
73.28,99.9338,99.8852,-0.0485
73.32000000000001,99.9338,99.8856,-0.0481
73.36,99.9338,99.8859,-0.0478
73.4,99.9338,99.8862,-0.0475
73.44,99.9338,99.8865,-0.0472
73.48,99.9338,99.8868,-0.0469
73.52,99.9338,99.8871,-0.0466
73.56,99.9401,99.8874,-0.0526
73.60000000000001,99.9401,99.8878,-0.0522
73.64,99.9401,99.8881,-0.0519
73.68,99.9401,99.8885,-0.0516
73.72,99.9401,99.8888,-0.0512
73.76,99.9401,99.8891,-0.0509
73.8,99.9401,99.8895,-0.0505
73.84,99.9401,99.8898,-0.0502
73.88,99.9401,99.8901,-0.0499
73.92,99.9401,99.8905,-0.0495
73.96000000000001,99.9401,99.8908,-0.0492
74.0,99.9401,99.8912,-0.0489
74.04,99.9401,99.8915,-0.0486
74.08,99.9401,99.8917,-0.0483
74.12,99.9401,99.8921,-0.0479
74.16,99.9401,99.8924,-0.0476
74.2,99.9401,99.8928,-0.0472
74.24,99.9401,99.8932,-0.0469
74.28,99.9401,99.8935,-0.0466
74.32000000000001,99.9401,99.8938,-0.0462
74.36,99.9464,99.8941,-0.0522
74.4,99.9464,99.8945,-0.0519
74.44,99.9464,99.8948,-0.0515
74.48,99.9464,99.8951,-0.0512
74.52,99.9464,99.8955,-0.0509
74.56,99.9464,99.8958,-0.0505
74.60000000000001,99.9464,99.8962,-0.0501
74.64,99.9464,99.8965,-0.0498
74.68,99.9464,99.8968,-0.0495
74.72,99.9464,99.8972,-0.0491
74.76,99.9464,99.8975,-0.0488
74.8,99.9464,99.8979,-0.0484
74.84,99.9464,99.8983,-0.0481
74.88,99.9464,99.8986,-0.0477
74.92,99.9464,99.899,-0.0473
74.96000000000001,99.9464,99.8994,-0.047
75.0,99.9464,99.8998,-0.0466
75.04,99.9464,99.9001,-0.0462
75.08,99.9464,99.9005,-0.0459
75.12,99.9464,99.9009,-0.0454
75.16,99.9527,99.9013,-0.0513
75.2,99.9527,99.9017,-0.0509
75.24,99.9527,99.9021,-0.0505
75.28,99.9527,99.9025,-0.0501
75.32000000000001,99.9527,99.9029,-0.0497
75.36,99.9527,99.9032,-0.0494
75.4,99.9527,99.9036,-0.049
75.44,99.9527,99.904,-0.0487
75.48,99.9527,99.9043,-0.0483
75.52,99.9527,99.9047,-0.0479
75.56,99.9527,99.905,-0.0476
75.60000000000001,99.9527,99.9055,-0.0472
75.64,99.9527,99.9058,-0.0468
75.68,99.9527,99.9062,-0.0464
75.72,99.9527,99.9065,-0.0461
75.76,99.9527,99.9068,-0.0458
75.8,99.9527,99.9072,-0.0454
75.84,99.9527,99.9075,-0.0451
75.88,99.9527,99.9079,-0.0447
75.92,99.9527,99.9083,-0.0443
75.96000000000001,99.959,99.9086,-0.0503
76.0,99.959,99.909,-0.0499
76.04,99.959,99.9094,-0.0496
76.08,99.959,99.9097,-0.0492
76.12,99.959,99.9101,-0.0488
76.16,99.959,99.9105,-0.0484
76.2,99.959,99.9108,-0.0481
76.24,99.959,99.9112,-0.0477
76.28,99.959,99.9116,-0.0473
76.32000000000001,99.959,99.912,-0.0469
76.36,99.959,99.9123,-0.0466
76.4,99.959,99.9127,-0.0462
76.44,99.959,99.9131,-0.0458
76.48,99.959,99.9134,-0.0455
76.52,99.959,99.9138,-0.0451
76.56,99.959,99.9142,-0.0447
76.60000000000001,99.959,99.9146,-0.0444
76.64,99.959,99.915,-0.044
76.68,99.959,99.9153,-0.0436
76.72,99.959,99.9157,-0.0432
76.76,99.9653,99.9161,-0.0491
76.8,99.9653,99.9165,-0.0488
76.84,99.9653,99.9168,-0.0484
76.88,99.9653,99.9172,-0.0481
76.92,99.9653,99.9175,-0.0477
76.96000000000001,99.9653,99.9179,-0.0473
77.0,99.9653,99.9182,-0.047
77.04,99.9653,99.9186,-0.0466
77.08,99.9653,99.919,-0.0462
77.12,99.9653,99.9194,-0.0458
77.16,99.9653,99.9197,-0.0455
77.2,99.9653,99.9201,-0.0451
77.24,99.9653,99.9205,-0.0447
77.28,99.9653,99.9209,-0.0444
77.32000000000001,99.9653,99.9212,-0.044
77.36,99.9653,99.9216,-0.0436
77.4,99.9653,99.922,-0.0433
77.44,99.9653,99.9223,-0.043
77.48,99.9653,99.9226,-0.0426
77.52,99.9653,99.923,-0.0422
77.56,99.9716,99.9234,-0.0482
77.60000000000001,99.9716,99.9237,-0.0478
77.64,99.9716,99.9241,-0.0474
77.68,99.9716,99.9245,-0.0471
77.72,99.9716,99.9248,-0.0467
77.76,99.9716,99.9252,-0.0464
77.8,99.9716,99.9255,-0.046
77.84,99.9716,99.9259,-0.0457
77.88,99.9716,99.9262,-0.0453
77.92,99.9716,99.9266,-0.0449
77.96000000000001,99.9716,99.927,-0.0446
78.0,99.9716,99.9273,-0.0442
78.04,99.9716,99.9277,-0.0438
78.08,99.9716,99.9281,-0.0435
78.12,99.9716,99.9284,-0.0432
78.16,99.9716,99.9287,-0.0428
78.2,99.9716,99.929,-0.0425
78.24,99.9716,99.9294,-0.0422
78.28,99.9716,99.9297,-0.0418
78.32000000000001,99.9716,99.93,-0.0415
78.36,99.9779,99.9303,-0.0475
78.4,99.9779,99.9307,-0.0471
78.44,99.9779,99.931,-0.0468
78.48,99.9779,99.9314,-0.0465
78.52,99.9779,99.9317,-0.0461
78.56,99.9779,99.9321,-0.0457
78.60000000000001,99.9779,99.9325,-0.0453
78.64,99.9779,99.9329,-0.0449
78.68,99.9779,99.9332,-0.0446
78.72,99.9779,99.9336,-0.0443
78.76,99.9779,99.9339,-0.0439
78.8,99.9779,99.9343,-0.0435
78.84,99.9779,99.9347,-0.0432
78.88,99.9779,99.935,-0.0428
78.92,99.9779,99.9354,-0.0424
78.96000000000001,99.9779,99.9358,-0.0421
79.0,99.9779,99.9361,-0.0417
79.04,99.9779,99.9366,-0.0413
79.08,99.9779,99.9369,-0.0409
79.12,99.9779,99.9373,-0.0405
79.16,99.9842,99.9377,-0.0464
79.2,99.9842,99.9381,-0.046
79.24,99.9842,99.9385,-0.0456
79.28,99.9842,99.9389,-0.0452
79.32000000000001,99.9842,99.9393,-0.0449
79.36,99.9842,99.9396,-0.0445
79.4,99.9842,99.94,-0.0441
79.44,99.9842,99.9404,-0.0438
79.48,99.9842,99.9407,-0.0434
79.52,99.9842,99.9411,-0.043
79.56,99.9842,99.9415,-0.0426
79.60000000000001,99.9842,99.9418,-0.0423
79.64,99.9842,99.9422,-0.0419
79.68,99.9842,99.9426,-0.0415
79.72,99.9842,99.943,-0.0412
79.76,99.9842,99.9433,-0.0408
79.8,99.9842,99.9437,-0.0404
79.84,99.9842,99.9441,-0.0401
79.88,99.9842,99.9445,-0.0396
79.92,99.9842,99.9448,-0.0393
79.96000000000001,99.9905,99.9452,-0.0452
80.0,99.9905,99.9456,-0.0449
80.04,99.9905,99.9459,-0.0445
80.08,99.9905,99.9463,-0.0441
80.12,99.9905,99.9467,-0.0438
80.16,99.9905,99.947,-0.0434
80.2,99.9905,99.9474,-0.043
80.24,99.9905,99.9478,-0.0426
80.28,99.9905,99.9481,-0.0423
80.32000000000001,99.9905,99.9485,-0.042
80.36,99.9905,99.9488,-0.0416
80.4,99.9905,99.9491,-0.0413
80.44,99.9905,99.9495,-0.0409
80.48,99.9905,99.9499,-0.0406
80.52,99.9905,99.9502,-0.0402
80.56,99.9905,99.9506,-0.0398
80.60000000000001,99.9905,99.951,-0.0395
80.64,99.9905,99.9514,-0.039
80.68,99.9905,99.9517,-0.0387
80.72,99.9905,99.9521,-0.0383
80.76,99.9968,99.9525,-0.0443
80.8,99.9968,99.9529,-0.0438
80.84,99.9968,99.9532,-0.0435
80.88,99.9968,99.9536,-0.0431
80.92,99.9968,99.954,-0.0427
80.96000000000001,99.9968,99.9543,-0.0424
81.0,99.9968,99.9547,-0.042
81.04,99.9968,99.9551,-0.0417
81.08,99.9968,99.9554,-0.0413
81.12,99.9968,99.9558,-0.0409
81.16,99.9968,99.9562,-0.0406
81.2,99.9968,99.9566,-0.0402
81.24,99.9968,99.957,-0.0398
81.28,99.9968,99.9573,-0.0395
81.32000000000001,99.9968,99.9577,-0.039
81.36,99.9968,99.9581,-0.0386
81.4,99.9968,99.9585,-0.0383
81.44,99.9968,99.9589,-0.0378
81.48,99.9968,99.9593,-0.0374
81.52,99.9968,99.9598,-0.037
81.56,100.0031,99.9601,-0.0429
81.60000000000001,100.0031,99.9604,-0.0426
81.64,100.0031,99.9608,-0.0422
81.68,100.0031,99.9612,-0.0419
81.72,100.0031,99.9616,-0.0414
81.76,100.0031,99.962,-0.041
81.8,100.0031,99.9624,-0.0406
81.84,100.0031,99.9628,-0.0402
81.88,100.0031,99.9632,-0.0398
81.92,100.0031,99.9636,-0.0394
81.96000000000001,100.0031,99.964,-0.039
82.0,100.0031,99.9645,-0.0386
82.04,100.0031,99.9649,-0.0381
82.08,100.0031,99.9653,-0.0377
82.12,100.0031,99.9657,-0.0373
82.16,100.0031,99.9661,-0.0369
82.2,100.0031,99.9665,-0.0365
82.24,100.0031,99.9669,-0.0361
82.28,100.0031,99.9672,-0.0358
82.32000000000001,100.0031,99.9676,-0.0354
82.36,100.0094,99.968,-0.0414
82.4,100.0094,99.9683,-0.041
82.44,100.0094,99.9687,-0.0406
82.48,100.0094,99.9691,-0.0403
82.52,100.0094,99.9695,-0.0399
82.56,100.0094,99.9699,-0.0395
82.60000000000001,100.0094,99.9702,-0.0391
82.64,100.0094,99.9706,-0.0387
82.68,100.0094,99.971,-0.0384
82.72,100.0094,99.9714,-0.0379
82.76,100.0094,99.9718,-0.0376
82.8,100.0094,99.9721,-0.0372
82.84,100.0094,99.9726,-0.0368
82.88,100.0094,99.9729,-0.0364
82.92,100.0094,99.9733,-0.036
82.96000000000001,100.0094,99.9737,-0.0356
83.0,100.0094,99.9741,-0.0352
83.04,100.0094,99.9745,-0.0348
83.08,100.0094,99.9749,-0.0344
83.12,100.0094,99.9753,-0.034
83.16,100.0157,99.9758,-0.0399
83.2,100.0157,99.9761,-0.0395
83.24,100.0157,99.9766,-0.039
83.28,100.0157,99.977,-0.0387
83.32000000000001,100.0157,99.9774,-0.0383
83.36,100.0157,99.9778,-0.0378
83.4,100.0157,99.9782,-0.0374
83.44,100.0157,99.9786,-0.037
83.48,100.0157,99.979,-0.0366
83.52,100.0157,99.9795,-0.0362
83.56,100.0157,99.9799,-0.0357
83.60000000000001,100.0157,99.9803,-0.0353
83.64,100.0157,99.9808,-0.0349
83.68,100.0157,99.9811,-0.0345
83.72,100.0157,99.9816,-0.0341
83.76,100.0157,99.9819,-0.0337
83.8,100.0157,99.9823,-0.0334
83.84,100.0157,99.9827,-0.0329
83.88,100.0157,99.9831,-0.0325
83.92,100.0157,99.9835,-0.0321
83.96000000000001,100.022,99.9839,-0.0381
84.0,100.022,99.9842,-0.0377
84.04,100.022,99.9847,-0.0373
84.08,100.022,99.9851,-0.0369
84.12,100.022,99.9855,-0.0365
84.16,100.022,99.9859,-0.0361
84.2,100.022,99.9862,-0.0357
84.24,100.022,99.9867,-0.0353
84.28,100.022,99.9871,-0.0349
84.32000000000001,100.022,99.9875,-0.0344
84.36,100.022,99.9879,-0.034
84.4,100.022,99.9883,-0.0337
84.44,100.022,99.9887,-0.0332
84.48,100.022,99.9891,-0.0329
84.52,100.022,99.9895,-0.0325
84.56,100.022,99.9899,-0.0321
84.60000000000001,100.022,99.9902,-0.0317
84.64,100.022,99.9906,-0.0313
84.68,100.022,99.991,-0.031
84.72,100.022,99.9913,-0.0306
84.76,100.0283,99.9917,-0.0365
84.8,100.0283,99.9922,-0.0361
84.84,100.0283,99.9926,-0.0356
84.88,100.0283,99.993,-0.0353
84.92,100.0283,99.9933,-0.0349
84.96000000000001,100.0283,99.9937,-0.0346
85.0,100.0283,99.994,-0.0342
85.04,100.0283,99.9944,-0.0338
85.08,100.0283,99.9948,-0.0335
85.12,100.0283,99.9951,-0.0331
85.16,100.0283,99.9955,-0.0327
85.2,100.0283,99.9959,-0.0324
85.24,100.0283,99.9962,-0.032
85.28,100.0283,99.9966,-0.0317
85.32000000000001,100.0283,99.997,-0.0313
85.36,100.0283,99.9973,-0.0309
85.4,100.0283,99.9976,-0.0306
85.44,100.0283,99.998,-0.0302
85.48,100.0283,99.9984,-0.0298
85.52,100.0283,99.9988,-0.0295
85.56,100.0346,99.9991,-0.0354
85.60000000000001,100.0346,99.9995,-0.0351
85.64,100.0346,99.9998,-0.0347
85.68,100.0346,100.0002,-0.0344
85.72,100.0346,100.0005,-0.034
85.76,100.0346,100.0009,-0.0336
85.8,100.0346,100.0013,-0.0332
85.84,100.0346,100.0017,-0.0329
85.88,100.0346,100.002,-0.0325
85.92,100.0346,100.0024,-0.0321
85.96000000000001,100.0346,100.0028,-0.0318
86.0,100.0346,100.0031,-0.0315
86.04,100.0346,100.0034,-0.0311
86.08,100.0346,100.0038,-0.0308
86.12,100.0346,100.0041,-0.0304
86.16,100.0346,100.0045,-0.03
86.2,100.0346,100.0048,-0.0297
86.24,100.0346,100.0052,-0.0293
86.28,100.0346,100.0056,-0.029
86.32000000000001,100.0346,100.0059,-0.0286
86.36,100.0409,100.0062,-0.0346
86.4,100.0409,100.0066,-0.0342
86.44,100.0409,100.007,-0.0338
86.48,100.0409,100.0074,-0.0335
86.52,100.0409,100.0078,-0.0331
86.56,100.0409,100.0081,-0.0327
86.60000000000001,100.0409,100.0085,-0.0323
86.64,100.0409,100.0089,-0.0319
86.68,100.0409,100.0093,-0.0316
86.72,100.0409,100.0096,-0.0312
86.76,100.0409,100.01,-0.0308
86.8,100.0409,100.0104,-0.0305
86.84,100.0409,100.0107,-0.0301
86.88,100.0409,100.0111,-0.0297
86.92,100.0409,100.0115,-0.0294
86.96000000000001,100.0409,100.0118,-0.029
87.0,100.0409,100.0122,-0.0287
87.04,100.0409,100.0126,-0.0283
87.08,100.0409,100.0129,-0.0279
87.12,100.0409,100.0133,-0.0276
87.16,100.0472,100.0136,-0.0335
87.2,100.0472,100.014,-0.0331
87.24,100.0472,100.0144,-0.0328
87.28,100.0472,100.0147,-0.0324
87.32000000000001,100.0472,100.0151,-0.032
87.36,100.0472,100.0155,-0.0317
87.4,100.0472,100.0159,-0.0313
87.44,100.0472,100.0162,-0.031
87.48,100.0472,100.0165,-0.0306
87.52,100.0472,100.0168,-0.0303
87.56,100.0472,100.0172,-0.0299
87.60000000000001,100.0472,100.0176,-0.0296
87.64,100.0472,100.0179,-0.0292
87.68,100.0472,100.0183,-0.0288
87.72,100.0472,100.0187,-0.0285
87.76,100.0472,100.0191,-0.0281
87.8,100.0472,100.0194,-0.0278
87.84,100.0472,100.0197,-0.0275
87.88,100.0472,100.02,-0.0271
87.92,100.0472,100.0204,-0.0268
87.96000000000001,100.0535,100.0207,-0.0327
88.0,100.0535,100.021,-0.0325
88.04,100.0535,100.0213,-0.0321
88.08,100.0535,100.0217,-0.0317
88.12,100.0535,100.022,-0.0314
88.16,100.0535,100.0224,-0.0311
88.2,100.0535,100.0227,-0.0307
88.24,100.0535,100.0231,-0.0304
88.28,100.0535,100.0234,-0.03
88.32000000000001,100.0535,100.0237,-0.0297
88.36,100.0535,100.024,-0.0294
88.4,100.0535,100.0244,-0.0291
88.44,100.0535,100.0247,-0.0288
88.48,100.0535,100.025,-0.0285
88.52,100.0535,100.0253,-0.0282
88.56,100.0535,100.0257,-0.0278
88.60000000000001,100.0535,100.0261,-0.0274
88.64,100.0535,100.0264,-0.0271
88.68,100.0535,100.0267,-0.0267
88.72,100.0535,100.0271,-0.0264
88.76,100.0598,100.0274,-0.0323
88.8,100.0598,100.0277,-0.032
88.84,100.0598,100.0281,-0.0317
88.88,100.0598,100.0285,-0.0313
88.92,100.0598,100.0288,-0.0309
88.96000000000001,100.0598,100.0292,-0.0306
89.0,100.0598,100.0295,-0.0303
89.04,100.0598,100.0299,-0.0299
89.08,100.0598,100.0302,-0.0295
89.12,100.0598,100.0306,-0.0292
89.16,100.0598,100.0309,-0.0288
89.2,100.0598,100.0313,-0.0285
89.24,100.0598,100.0316,-0.0282
89.28,100.0598,100.0319,-0.0278
89.32000000000001,100.0598,100.0322,-0.0276
89.36,100.0598,100.0326,-0.0272
89.4,100.0598,100.0329,-0.0269
89.44,100.0598,100.0333,-0.0265
89.48,100.0598,100.0336,-0.0261
89.52,100.0598,100.034,-0.0258
89.56,100.0661,100.0343,-0.0317
89.60000000000001,100.0661,100.0347,-0.0314
89.64,100.0661,100.035,-0.0311
89.68,100.0661,100.0354,-0.0307
89.72,100.0661,100.0357,-0.0304
89.76,100.0661,100.0361,-0.03
89.8,100.0661,100.0365,-0.0296
89.84,100.0661,100.0368,-0.0293
89.88,100.0661,100.0371,-0.0289
89.92,100.0661,100.0375,-0.0286
89.96000000000001,100.0661,100.0378,-0.0282
90.0,100.0661,100.0382,-0.0279
90.04,100.0661,100.0385,-0.0276
90.08,100.0661,100.0389,-0.0272
90.12,100.0661,100.0392,-0.0269
90.16,100.0661,100.0395,-0.0266
90.2,100.0661,100.0398,-0.0262
90.24,100.0661,100.0402,-0.0259
90.28,100.0661,100.0405,-0.0255
90.32000000000001,100.0661,100.0409,-0.0252
90.36,100.0724,100.0412,-0.0311
90.4,100.0724,100.0415,-0.0308
90.44,100.0724,100.0419,-0.0305
90.48,100.0724,100.0422,-0.0301
90.52,100.0724,100.0426,-0.0298
90.56,100.0724,100.0429,-0.0295
90.60000000000001,100.0724,100.0432,-0.0291
90.64,100.0724,100.0436,-0.0288
90.68,100.0724,100.0439,-0.0284
90.72,100.0724,100.0443,-0.0281
90.76,100.0724,100.0446,-0.0278
90.8,100.0724,100.0449,-0.0274
90.84,100.0724,100.0452,-0.0271
90.88,100.0724,100.0456,-0.0268
90.92,100.0724,100.0459,-0.0265
90.96000000000001,100.0724,100.0462,-0.0262
91.0,100.0724,100.0466,-0.0258
91.04,100.0724,100.0469,-0.0254
91.08,100.0724,100.0473,-0.0251
91.12,100.0724,100.0477,-0.0247
91.16,100.0787,100.048,-0.0307
91.2,100.0787,100.0484,-0.0303
91.24,100.0787,100.0487,-0.03
91.28,100.0787,100.049,-0.0297
91.32000000000001,100.0787,100.0494,-0.0293
91.36,100.0787,100.0497,-0.029
91.4,100.0787,100.05,-0.0287
91.44,100.0787,100.0503,-0.0283
91.48,100.0787,100.0507,-0.028
91.52,100.0787,100.051,-0.0276
91.56,100.0787,100.0514,-0.0273
91.60000000000001,100.0787,100.0517,-0.027
91.64,100.0787,100.0521,-0.0266
91.68,100.0787,100.0524,-0.0263
91.72,100.0787,100.0527,-0.0259
91.76,100.0787,100.0531,-0.0256
91.8,100.0787,100.0534,-0.0253
91.84,100.0787,100.0537,-0.025
91.88,100.0787,100.0541,-0.0246
91.92,100.0787,100.0544,-0.0243
91.96000000000001,100.085,100.0547,-0.0302
92.0,100.085,100.055,-0.0299
92.04,100.085,100.0553,-0.0297
92.08,100.085,100.0556,-0.0294
92.12,100.085,100.0559,-0.0291
92.16,100.085,100.0562,-0.0288
92.2,100.085,100.0565,-0.0285
92.24,100.085,100.0568,-0.0282
92.28,100.085,100.0571,-0.0279
92.32000000000001,100.085,100.0574,-0.0276
92.36,100.085,100.0577,-0.0273
92.4,100.085,100.0581,-0.0269
92.44,100.085,100.0584,-0.0266
92.48,100.085,100.0587,-0.0263
92.52,100.085,100.059,-0.026
92.56,100.085,100.0593,-0.0256
92.60000000000001,100.085,100.0596,-0.0254
92.64,100.085,100.0599,-0.0251
92.68,100.085,100.0602,-0.0248
92.72,100.085,100.0605,-0.0245
92.76,100.0913,100.0608,-0.0305
92.8,100.0913,100.0611,-0.0302
92.84,100.0913,100.0614,-0.0298
92.88,100.0913,100.0617,-0.0296
92.92,100.0913,100.062,-0.0292
92.96000000000001,100.0913,100.0623,-0.029
93.0,100.0913,100.0626,-0.0287
93.04,100.0913,100.0629,-0.0284
93.08,100.0913,100.0632,-0.0281
93.12,100.0913,100.0634,-0.0278
93.16,100.0913,100.0638,-0.0275
93.2,100.0913,100.0641,-0.0272
93.24,100.0913,100.0644,-0.0269
93.28,100.0913,100.0648,-0.0265
93.32000000000001,100.0913,100.0651,-0.0262
93.36,100.0913,100.0654,-0.0258
93.4,100.0913,100.0657,-0.0255
93.44,100.0913,100.066,-0.0252
93.48,100.0913,100.0664,-0.0249
93.52,100.0913,100.0667,-0.0246
93.56,100.0976,100.067,-0.0306
93.60000000000001,100.0976,100.0673,-0.0302
93.64,100.0976,100.0677,-0.0299
93.68,100.0976,100.068,-0.0296
93.72,100.0976,100.0682,-0.0293
93.76,100.0976,100.0686,-0.029
93.8,100.0976,100.0689,-0.0287
93.84,100.0976,100.0692,-0.0284
93.88,100.0976,100.0695,-0.0281
93.92,100.0976,100.0698,-0.0278
93.96000000000001,100.0976,100.0702,-0.0274
94.0,100.0976,100.0705,-0.0271
94.04,100.0976,100.0708,-0.0268
94.08,100.0976,100.0711,-0.0265
94.12,100.0976,100.0714,-0.0262
94.16,100.0976,100.0718,-0.0258
94.2,100.0976,100.0721,-0.0255
94.24,100.0976,100.0725,-0.0251
94.28,100.0976,100.0728,-0.0248
94.32000000000001,100.0976,100.0731,-0.0245
94.36,100.1039,100.0734,-0.0305
94.4,100.1039,100.0737,-0.0302
94.44,100.1039,100.074,-0.0299
94.48,100.1039,100.0743,-0.0296
94.52,100.1039,100.0746,-0.0292
94.56,100.1039,100.0749,-0.0289
94.60000000000001,100.1039,100.0752,-0.0286
94.64,100.1039,100.0756,-0.0283
94.68,100.1039,100.0759,-0.028
94.72,100.1039,100.0761,-0.0277
94.76,100.1039,100.0765,-0.0274
94.8,100.1039,100.0768,-0.0271
94.84,100.1039,100.0771,-0.0268
94.88,100.1039,100.0775,-0.0264
94.92,100.1039,100.0778,-0.0261
94.96000000000001,100.1039,100.0781,-0.0258
95.0,100.1039,100.0784,-0.0255
95.04,100.1039,100.0787,-0.0251
95.08,100.1039,100.0791,-0.0248
95.12,100.1039,100.0793,-0.0246
95.16,100.1102,100.0796,-0.0305
95.2,100.1102,100.08,-0.0302
95.24,100.1102,100.0803,-0.0298
95.28,100.1102,100.0807,-0.0295
95.32000000000001,100.1102,100.081,-0.0292
95.36,100.1102,100.0814,-0.0288
95.4,100.1102,100.0817,-0.0285
95.44,100.1102,100.0821,-0.0281
95.48,100.1102,100.0825,-0.0277
95.52,100.1102,100.0828,-0.0273
95.56,100.1102,100.0832,-0.027
95.60000000000001,100.1102,100.0835,-0.0267
95.64,100.1102,100.0839,-0.0263
95.68,100.1102,100.0843,-0.0259
95.72,100.1102,100.0846,-0.0256
95.76,100.1102,100.085,-0.0252
95.8,100.1102,100.0854,-0.0248
95.84,100.1102,100.0857,-0.0245
95.88,100.1102,100.0861,-0.0241
95.92,100.1102,100.0864,-0.0238
95.96000000000001,100.1165,100.0867,-0.0298
96.0,100.1165,100.087,-0.0295
96.04,100.1165,100.0873,-0.0292
96.08,100.1165,100.0877,-0.0288
96.12,100.1165,100.088,-0.0285
96.16,100.1165,100.0883,-0.0282
96.2,100.1165,100.0887,-0.0278
96.24000000000001,100.1165,100.089,-0.0275
96.28,100.1165,100.0893,-0.0272
96.32000000000001,100.1165,100.0896,-0.0268
96.36,100.1165,100.0899,-0.0266
96.4,100.1165,100.0902,-0.0263
96.44,100.1165,100.0905,-0.0259
96.48,100.1165,100.0908,-0.0256
96.52,100.1165,100.0911,-0.0254
96.56,100.1165,100.0914,-0.025
96.60000000000001,100.1165,100.0918,-0.0247
96.64,100.1165,100.092,-0.0244
96.68,100.1165,100.0924,-0.0241
96.72,100.1165,100.0927,-0.0238
96.76,100.1228,100.093,-0.0298
96.8,100.1228,100.0933,-0.0295
96.84,100.1228,100.0936,-0.0291
96.88,100.1228,100.094,-0.0288
96.92,100.1228,100.0944,-0.0284
96.96000000000001,100.1228,100.0947,-0.0281
97.0,100.1228,100.0951,-0.0277
97.04,100.1228,100.0954,-0.0274
97.08,100.1228,100.0957,-0.0271
97.12,100.1228,100.096,-0.0267
97.16,100.1228,100.0963,-0.0264
97.2,100.1228,100.0967,-0.0261
97.24000000000001,100.1228,100.097,-0.0257
97.28,100.1228,100.0974,-0.0254
97.32000000000001,100.1228,100.0978,-0.025
97.36,100.1228,100.0981,-0.0247
97.4,100.1228,100.0984,-0.0244
97.44,100.1228,100.0987,-0.0241
97.48,100.1228,100.0991,-0.0237
97.52,100.1228,100.0994,-0.0234
97.56,100.1291,100.0998,-0.0293
97.60000000000001,100.1291,100.1002,-0.0289
97.64,100.1291,100.1005,-0.0285
97.68,100.1291,100.1009,-0.0282
97.72,100.1291,100.1012,-0.0279
97.76,100.1291,100.1016,-0.0275
97.8,100.1291,100.102,-0.0271
97.84,100.1291,100.1024,-0.0267
97.88,100.1291,100.1027,-0.0263
97.92,100.1291,100.1032,-0.0259
97.96000000000001,100.1291,100.1035,-0.0256
98.0,100.1291,100.1039,-0.0252
98.04,100.1291,100.1043,-0.0248
98.08,100.1291,100.1046,-0.0245
98.12,100.1291,100.1049,-0.0242
98.16,100.1291,100.1053,-0.0238
98.2,100.1291,100.1057,-0.0234
98.24000000000001,100.1291,100.106,-0.0231
98.28,100.1291,100.1064,-0.0227
98.32000000000001,100.1291,100.1068,-0.0223
98.36,100.1354,100.1071,-0.0283
98.4,100.1354,100.1075,-0.0279
98.44,100.1354,100.1078,-0.0276
98.48,100.1354,100.1082,-0.0272
98.52,100.1354,100.1086,-0.0268
98.56,100.1354,100.1089,-0.0264
98.60000000000001,100.1354,100.1093,-0.0261
98.64,100.1354,100.1097,-0.0257
98.68,100.1354,100.11,-0.0254
98.72,100.1354,100.1103,-0.0251
98.76,100.1354,100.1107,-0.0247
98.8,100.1354,100.1111,-0.0243
98.84,100.1354,100.1115,-0.0239
98.88,100.1354,100.1118,-0.0236
98.92,100.1354,100.1122,-0.0232
98.96000000000001,100.1354,100.1125,-0.0229
99.0,100.1354,100.1129,-0.0225
99.04,100.1354,100.1132,-0.0221
99.08,100.1354,100.1137,-0.0217
99.12,100.1354,100.1141,-0.0213
99.16,100.1417,100.1145,-0.0272
99.2,100.1417,100.1148,-0.0269
99.24000000000001,100.1417,100.1152,-0.0265
99.28,100.1417,100.1156,-0.0261
99.32000000000001,100.1417,100.1159,-0.0257
99.36,100.1417,100.1163,-0.0254
99.4,100.1417,100.1167,-0.025
99.44,100.1417,100.117,-0.0246
99.48,100.1417,100.1175,-0.0242
99.52,100.1417,100.1178,-0.0239
99.56,100.1417,100.1182,-0.0235
99.60000000000001,100.1417,100.1186,-0.0231
99.64,100.1417,100.119,-0.0227
99.68,100.1417,100.1193,-0.0224
99.72,100.1417,100.1197,-0.022
99.76,100.1417,100.1201,-0.0216
99.8,100.1417,100.1205,-0.0212
99.84,100.1417,100.121,-0.0207
99.88,100.1417,100.1213,-0.0204
99.92,100.1417,100.1217,-0.02
99.96000000000001,100.148,100.1221,-0.0259
100.0,100.148,100.1225,-0.0255
100.04,100.148,100.1228,-0.0252
100.08,100.148,100.1232,-0.0248
100.12,100.148,100.1235,-0.0245
100.16,100.148,100.1238,-0.0242
100.2,100.148,100.1242,-0.0238
100.24000000000001,100.148,100.1246,-0.0234
100.28,100.148,100.125,-0.0231
100.32000000000001,100.148,100.1253,-0.0227
100.36,100.148,100.1257,-0.0223
100.4,100.148,100.1261,-0.0219
100.44,100.148,100.1264,-0.0216
100.48,100.148,100.1268,-0.0212
100.52,100.148,100.1271,-0.0209
100.56,100.148,100.1275,-0.0205
100.60000000000001,100.148,100.128,-0.02
100.64,100.148,100.1283,-0.0197
100.68,100.148,100.1287,-0.0193
100.72,100.148,100.1291,-0.0189
100.76,100.1543,100.1294,-0.0249
100.8,100.1543,100.1297,-0.0246
100.84,100.1543,100.1301,-0.0242
100.88,100.1543,100.1305,-0.0238
100.92,100.1543,100.1309,-0.0234
100.96000000000001,100.1543,100.1312,-0.0231
101.0,100.1543,100.1316,-0.0227
101.04,100.1543,100.1319,-0.0224
101.08,100.1543,100.1323,-0.022
101.12,100.1543,100.1326,-0.0217
101.16,100.1543,100.133,-0.0213
101.2,100.1543,100.1334,-0.0209
101.24000000000001,100.1543,100.1337,-0.0206
101.28,100.1543,100.1341,-0.0202
101.32000000000001,100.1543,100.1345,-0.0198
101.36,100.1543,100.1349,-0.0194
101.4,100.1543,100.1353,-0.019
101.44,100.1543,100.1357,-0.0186
101.48,100.1543,100.1361,-0.0183
101.52,100.1543,100.1364,-0.0179
101.56,100.1607,100.1368,-0.0238
101.60000000000001,100.1607,100.1372,-0.0234
101.64,100.1607,100.1376,-0.023
101.68,100.1607,100.138,-0.0226
101.72,100.1607,100.1384,-0.0222
101.76,100.1607,100.1388,-0.0218
101.8,100.1607,100.1392,-0.0214
101.84,100.1607,100.1395,-0.0211
101.88,100.1607,100.1399,-0.0207
101.92,100.1607,100.1403,-0.0203
101.96000000000001,100.1607,100.1407,-0.0199
102.0,100.1607,100.1411,-0.0195
102.04,100.1607,100.1414,-0.0192
102.08,100.1607,100.1418,-0.0188
102.12,100.1607,100.1422,-0.0184
102.16,100.1607,100.1425,-0.0181
102.2,100.1607,100.1429,-0.0177
102.24000000000001,100.1607,100.1433,-0.0173
102.28,100.1607,100.1436,-0.017
102.32000000000001,100.1607,100.144,-0.0166
102.36,100.167,100.1443,-0.0226
102.4,100.167,100.1447,-0.0222
102.44,100.167,100.145,-0.0219
102.48,100.167,100.1454,-0.0215
102.52,100.167,100.1458,-0.0211
102.56,100.167,100.1462,-0.0207
102.60000000000001,100.167,100.1465,-0.0204
102.64,100.167,100.1469,-0.02
102.68,100.167,100.1472,-0.0197
102.72,100.167,100.1476,-0.0193
102.76,100.167,100.148,-0.0189
102.8,100.167,100.1484,-0.0185
102.84,100.167,100.1488,-0.0181
102.88,100.167,100.1492,-0.0177
102.92,100.167,100.1496,-0.0173
102.96000000000001,100.167,100.15,-0.0169
103.0,100.167,100.1504,-0.0165
103.04,100.167,100.1507,-0.0162
103.08,100.167,100.1511,-0.0158
103.12,100.167,100.1515,-0.0154
103.16,100.1733,100.1519,-0.0213
103.2,100.1733,100.1522,-0.021
103.24000000000001,100.1733,100.1526,-0.0206
103.28,100.1733,100.153,-0.0202
103.32000000000001,100.1733,100.1534,-0.0198
103.36,100.1733,100.1539,-0.0193
103.4,100.1733,100.1543,-0.0189
103.44,100.1733,100.1547,-0.0185
103.48,100.1733,100.155,-0.0182
103.52,100.1733,100.1554,-0.0178
103.56,100.1733,100.1559,-0.0173
103.60000000000001,100.1733,100.1562,-0.017
103.64,100.1733,100.1566,-0.0166
103.68,100.1733,100.157,-0.0162
103.72,100.1733,100.1573,-0.0159
103.76,100.1733,100.1577,-0.0156
103.8,100.1733,100.158,-0.0152
103.84,100.1733,100.1584,-0.0148
103.88,100.1733,100.1588,-0.0144
103.92,100.1733,100.1591,-0.0141
103.96000000000001,100.1796,100.1595,-0.02
104.0,100.1796,100.1599,-0.0196
104.04,100.1796,100.1602,-0.0193
104.08,100.1796,100.1606,-0.0189
104.12,100.1796,100.1609,-0.0186
104.16,100.1796,100.1613,-0.0182
104.2,100.1796,100.1617,-0.0178
104.24000000000001,100.1796,100.162,-0.0175
104.28,100.1796,100.1624,-0.0171
104.32000000000001,100.1796,100.1627,-0.0168
104.36,100.1796,100.1631,-0.0164
104.4,100.1796,100.1634,-0.0161
104.44,100.1796,100.1637,-0.0158
104.48,100.1796,100.1641,-0.0154
104.52,100.1796,100.1644,-0.0151
104.56,100.1796,100.1648,-0.0148
104.60000000000001,100.1796,100.1651,-0.0144
104.64,100.1796,100.1655,-0.014
104.68,100.1796,100.1658,-0.0137
104.72,100.1796,100.1662,-0.0133
104.76,100.1859,100.1666,-0.0192
104.8,100.1859,100.1669,-0.0189
104.84,100.1859,100.1672,-0.0186
104.88,100.1859,100.1676,-0.0182
104.92,100.1859,100.1679,-0.0179
104.96000000000001,100.1859,100.1682,-0.0176
105.0,100.1859,100.1686,-0.0172
105.04,100.1859,100.169,-0.0168
105.08,100.1859,100.1693,-0.0165
105.12,100.1859,100.1697,-0.0162
105.16,100.1859,100.17,-0.0158
105.2,100.1859,100.1703,-0.0155
105.24000000000001,100.1859,100.1707,-0.0151
105.28,100.1859,100.171,-0.0148
105.32000000000001,100.1859,100.1714,-0.0144
105.36,100.1859,100.1718,-0.014
105.4,100.1859,100.1721,-0.0137
105.44,100.1859,100.1724,-0.0134
105.48,100.1859,100.1728,-0.013
105.52,100.1859,100.1731,-0.0127
105.56,100.1922,100.1735,-0.0186
105.60000000000001,100.1922,100.1738,-0.0183
105.64,100.1922,100.1742,-0.0179
105.68,100.1922,100.1745,-0.0176
105.72,100.1922,100.1749,-0.0173
105.76,100.1922,100.1752,-0.0169
105.8,100.1922,100.1756,-0.0165
105.84,100.1922,100.1759,-0.0162
105.88,100.1922,100.1762,-0.0159
105.92,100.1922,100.1766,-0.0155
105.96000000000001,100.1922,100.1769,-0.0152
106.0,100.1922,100.1773,-0.0149
106.04,100.1922,100.1776,-0.0145
106.08,100.1922,100.1779,-0.0142
106.12,100.1922,100.1782,-0.0139
106.16,100.1922,100.1786,-0.0135
106.2,100.1922,100.1789,-0.0132
106.24000000000001,100.1922,100.1793,-0.0129
106.28,100.1922,100.1796,-0.0125
106.32000000000001,100.1922,100.18,-0.0121
106.36,100.1985,100.1803,-0.0181
106.4,100.1985,100.1807,-0.0177
106.44,100.1985,100.1811,-0.0173
106.48,100.1985,100.1814,-0.017
106.52,100.1985,100.1817,-0.0167
106.56,100.1985,100.1821,-0.0164
106.60000000000001,100.1985,100.1824,-0.016
106.64,100.1985,100.1827,-0.0157
106.68,100.1985,100.1831,-0.0153
106.72,100.1985,100.1835,-0.015
106.76,100.1985,100.1837,-0.0147
106.8,100.1985,100.1841,-0.0143
106.84,100.1985,100.1845,-0.0139
106.88,100.1985,100.1849,-0.0136
106.92,100.1985,100.1852,-0.0132
106.96000000000001,100.1985,100.1856,-0.0129
107.0,100.1985,100.1859,-0.0125
107.04,100.1985,100.1863,-0.0121
107.08,100.1985,100.1866,-0.0118
107.12,100.1985,100.187,-0.0114
107.16,100.2048,100.1873,-0.0174
107.2,100.2048,100.1877,-0.017
107.24000000000001,100.2048,100.188,-0.0167
107.28,100.2048,100.1883,-0.0164
107.32000000000001,100.2048,100.1887,-0.016
107.36,100.2048,100.1891,-0.0156
107.4,100.2048,100.1894,-0.0153
107.44,100.2048,100.1898,-0.0149
107.48,100.2048,100.1901,-0.0146
107.52,100.2048,100.1905,-0.0142
107.56,100.2048,100.1909,-0.0139
107.60000000000001,100.2048,100.1913,-0.0134
107.64,100.2048,100.1916,-0.0131
107.68,100.2048,100.192,-0.0128
107.72,100.2048,100.1923,-0.0124
107.76,100.2048,100.1926,-0.0121
107.8,100.2048,100.193,-0.0117
107.84,100.2048,100.1933,-0.0114
107.88,100.2048,100.1936,-0.0111
107.92,100.2048,100.194,-0.0107
107.96000000000001,100.2111,100.1943,-0.0167
108.0,100.2111,100.1947,-0.0163
108.04,100.2111,100.195,-0.016
108.08,100.2111,100.1953,-0.0157
108.12,100.2111,100.1957,-0.0153
108.16,100.2111,100.196,-0.0151
108.2,100.2111,100.1963,-0.0147
108.24000000000001,100.2111,100.1966,-0.0144
108.28,100.2111,100.1969,-0.0141
108.32000000000001,100.2111,100.1972,-0.0138
108.36,100.2111,100.1975,-0.0135
108.4,100.2111,100.1978,-0.0132
108.44,100.2111,100.1981,-0.0129
108.48,100.2111,100.1984,-0.0126
108.52,100.2111,100.1987,-0.0123
108.56,100.2111,100.199,-0.0121
108.60000000000001,100.2111,100.1993,-0.0118
108.64,100.2111,100.1996,-0.0115
108.68,100.2111,100.1998,-0.0112
108.72,100.2111,100.2002,-0.0108
108.76,100.2174,100.2005,-0.0168
108.8,100.2174,100.2009,-0.0165
108.84,100.2174,100.2011,-0.0162
108.88,100.2174,100.2014,-0.0159
108.92,100.2174,100.2017,-0.0156
108.96000000000001,100.2174,100.202,-0.0153
109.0,100.2174,100.2023,-0.015
109.04,100.2174,100.2027,-0.0147
109.08,100.2174,100.203,-0.0144
109.12,100.2174,100.2033,-0.014
109.16,100.2174,100.2036,-0.0137
109.2,100.2174,100.2039,-0.0134
109.24000000000001,100.2174,100.2042,-0.0131
109.28,100.2174,100.2045,-0.0128
109.32000000000001,100.2174,100.2048,-0.0125
109.36,100.2174,100.2051,-0.0122
109.4,100.2174,100.2054,-0.0119
109.44,100.2174,100.2057,-0.0116
109.48,100.2174,100.206,-0.0113
109.52,100.2174,100.2063,-0.0111
109.56,100.2237,100.2066,-0.017
109.60000000000001,100.2237,100.2069,-0.0167
109.64,100.2237,100.2072,-0.0164
109.68,100.2237,100.2075,-0.0161
109.72,100.2237,100.2079,-0.0158
109.76,100.2237,100.2081,-0.0155
109.8,100.2237,100.2084,-0.0152
109.84,100.2237,100.2087,-0.0149
109.88,100.2237,100.209,-0.0146
109.92,100.2237,100.2093,-0.0143
109.96000000000001,100.2237,100.2096,-0.0141
110.0,100.2237,100.2099,-0.0138
110.04,100.2237,100.2102,-0.0135
110.08,100.2237,100.2104,-0.0132
110.12,100.2237,100.2107,-0.0129
110.16,100.2237,100.211,-0.0126
110.2,100.2237,100.2113,-0.0123
110.24000000000001,100.2237,100.2116,-0.0121
110.28,100.2237,100.2119,-0.0118
110.32000000000001,100.2237,100.2121,-0.0115
110.36,100.23,100.2124,-0.0175
110.4,100.23,100.2127,-0.0172
110.44,100.23,100.213,-0.0169
110.48,100.23,100.2133,-0.0166
110.52,100.23,100.2136,-0.0164
110.56,100.23,100.2138,-0.0161
110.60000000000001,100.23,100.2141,-0.0158
110.64,100.23,100.2144,-0.0156
110.68,100.23,100.2146,-0.0153
110.72,100.23,100.2149,-0.015
110.76,100.23,100.2152,-0.0148
110.8,100.23,100.2154,-0.0145
110.84,100.23,100.2157,-0.0142
110.88,100.23,100.216,-0.0139
110.92,100.23,100.2163,-0.0137
110.96000000000001,100.23,100.2165,-0.0134
111.0,100.23,100.2168,-0.0131
111.04,100.23,100.2171,-0.0129
111.08,100.23,100.2173,-0.0126
111.12,100.23,100.2176,-0.0123
111.16,100.2363,100.2178,-0.0184
111.2,100.2363,100.2181,-0.0181
111.24000000000001,100.2363,100.2184,-0.0178
111.28,100.2363,100.2187,-0.0176
111.32000000000001,100.2363,100.219,-0.0173
111.36,100.2363,100.2192,-0.017
111.4,100.2363,100.2195,-0.0167
111.44,100.2363,100.2198,-0.0165
111.48,100.2363,100.22,-0.0162
111.52,100.2363,100.2203,-0.0159
111.56,100.2363,100.2206,-0.0157
111.60000000000001,100.2363,100.2209,-0.0154
111.64,100.2363,100.2212,-0.015
111.68,100.2363,100.2215,-0.0148
111.72,100.2363,100.2217,-0.0145
111.76,100.2363,100.222,-0.0142
111.8,100.2363,100.2223,-0.0139
111.84,100.2363,100.2226,-0.0136
111.88,100.2363,100.2229,-0.0133
111.92,100.2363,100.2232,-0.013
111.96000000000001,100.2426,100.2235,-0.0191
112.0,100.2426,100.2237,-0.0188
112.04,100.2426,100.2241,-0.0185
112.08,100.2426,100.2243,-0.0182
112.12,100.2426,100.2246,-0.0179
112.16,100.2426,100.2249,-0.0177
112.2,100.2426,100.2251,-0.0174
112.24000000000001,100.2426,100.2254,-0.0171
112.28,100.2426,100.2257,-0.0169
112.32000000000001,100.2426,100.2259,-0.0166
112.36,100.2426,100.2262,-0.0163
112.4,100.2426,100.2265,-0.0161
112.44,100.2426,100.2268,-0.0158
112.48,100.2426,100.227,-0.0155
112.52,100.2426,100.2273,-0.0153
112.56,100.2426,100.2275,-0.015
112.60000000000001,100.2426,100.2278,-0.0147
112.64,100.2426,100.228,-0.0145
112.68,100.2426,100.2283,-0.0142
112.72,100.2426,100.2286,-0.014
112.76,100.2489,100.2288,-0.02
112.8,100.2489,100.229,-0.0198
112.84,100.2489,100.2293,-0.0196
112.88,100.2489,100.2295,-0.0193
112.92,100.2489,100.2298,-0.0191
112.96000000000001,100.2489,100.2301,-0.0188
113.0,100.2489,100.2303,-0.0185
113.04,100.2489,100.2306,-0.0182
113.08,100.2489,100.2309,-0.018
113.12,100.2489,100.2312,-0.0177
113.16,100.2489,100.2315,-0.0174
113.2,100.2489,100.2317,-0.0171
113.24000000000001,100.2489,100.232,-0.0169
113.28,100.2489,100.2323,-0.0166
113.32000000000001,100.2489,100.2326,-0.0163
113.36,100.2489,100.2329,-0.016
113.4,100.2489,100.2332,-0.0157
113.44,100.2489,100.2334,-0.0154
113.48,100.2489,100.2337,-0.0151
113.52,100.2489,100.234,-0.0148
113.56,100.2552,100.2343,-0.0208
113.60000000000001,100.2552,100.2346,-0.0206
113.64,100.2552,100.2348,-0.0203
113.68,100.2552,100.2351,-0.02
113.72,100.2552,100.2355,-0.0197
113.76,100.2552,100.2358,-0.0194
113.8,100.2552,100.2361,-0.0191
113.84,100.2552,100.2364,-0.0188
113.88,100.2552,100.2367,-0.0184
113.92,100.2552,100.237,-0.0182
113.96000000000001,100.2552,100.2373,-0.0178
114.0,100.2552,100.2376,-0.0175
114.04,100.2552,100.2379,-0.0172
114.08,100.2552,100.2382,-0.0169
114.12,100.2552,100.2385,-0.0166
114.16,100.2552,100.2388,-0.0163
114.2,100.2552,100.2391,-0.016
114.24000000000001,100.2552,100.2394,-0.0157
114.28,100.2552,100.2397,-0.0154
114.32000000000001,100.2552,100.24,-0.0151
114.36,100.2615,100.2403,-0.0211
114.4,100.2615,100.2406,-0.0208
114.44,100.2615,100.2409,-0.0205
114.48,100.2615,100.2412,-0.0202
114.52,100.2615,100.2416,-0.0199
114.56,100.2615,100.2419,-0.0196
114.60000000000001,100.2615,100.2422,-0.0192
114.64,100.2615,100.2426,-0.0189
114.68,100.2615,100.2428,-0.0186
114.72,100.2615,100.2431,-0.0183
114.76,100.2615,100.2435,-0.018
114.8,100.2615,100.2438,-0.0177
114.84,100.2615,100.2441,-0.0174
114.88,100.2615,100.2444,-0.0171
114.92,100.2615,100.2447,-0.0167
114.96000000000001,100.2615,100.245,-0.0165
115.0,100.2615,100.2453,-0.0162
115.04,100.2615,100.2456,-0.0158
115.08,100.2615,100.2459,-0.0156
115.12,100.2615,100.2462,-0.0152
115.16,100.2678,100.2465,-0.0212
115.2,100.2678,100.2468,-0.0209
115.24000000000001,100.2678,100.2472,-0.0206
115.28,100.2678,100.2475,-0.0203
115.32000000000001,100.2678,100.2478,-0.02
115.36,100.2678,100.2481,-0.0197
115.4,100.2678,100.2484,-0.0193
115.44,100.2678,100.2487,-0.019
115.48,100.2678,100.249,-0.0187
115.52,100.2678,100.2493,-0.0184
115.56,100.2678,100.2497,-0.0181
115.60000000000001,100.2678,100.25,-0.0178
115.64,100.2678,100.2503,-0.0175
115.68,100.2678,100.2506,-0.0171
115.72,100.2678,100.251,-0.0168
115.76,100.2678,100.2513,-0.0165
115.8,100.2678,100.2516,-0.0161
115.84,100.2678,100.2519,-0.0158
115.88,100.2678,100.2522,-0.0155
115.92,100.2678,100.2525,-0.0152
115.96000000000001,100.2741,100.2528,-0.0212
116.0,100.2741,100.2531,-0.0209
116.04,100.2741,100.2535,-0.0205
116.08,100.2741,100.2538,-0.0203
116.12,100.2741,100.2541,-0.02
116.16,100.2741,100.2544,-0.0197
116.2,100.2741,100.2547,-0.0194
116.24000000000001,100.2741,100.255,-0.019
116.28,100.2741,100.2553,-0.0187
116.32000000000001,100.2741,100.2556,-0.0184
116.36,100.2741,100.256,-0.0181
116.4,100.2741,100.2563,-0.0178
116.44,100.2741,100.2566,-0.0174
116.48,100.2741,100.2569,-0.0171
116.52,100.2741,100.2573,-0.0168
116.56,100.2741,100.2576,-0.0164
116.60000000000001,100.2741,100.2579,-0.0161
116.64,100.2741,100.2582,-0.0158
116.68,100.2741,100.2586,-0.0155
116.72,100.2741,100.2589,-0.0152
116.76,100.2804,100.2592,-0.0211
116.8,100.2804,100.2595,-0.0208
116.84,100.2804,100.2599,-0.0205
116.88,100.2804,100.2602,-0.0201
116.92,100.2804,100.2606,-0.0198
116.96000000000001,100.2804,100.2609,-0.0194
117.0,100.2804,100.2612,-0.0191
117.04,100.2804,100.2616,-0.0188
117.08,100.2804,100.2619,-0.0185
117.12,100.2804,100.2622,-0.0181
117.16,100.2804,100.2626,-0.0178
117.2,100.2804,100.2629,-0.0174
117.24000000000001,100.2804,100.2633,-0.0171
117.28,100.2804,100.2636,-0.0167
117.32000000000001,100.2804,100.264,-0.0164
117.36,100.2804,100.2643,-0.016
117.4,100.2804,100.2646,-0.0157
117.44,100.2804,100.265,-0.0153
117.48,100.2804,100.2653,-0.015
117.52,100.2804,100.2657,-0.0147
117.56,100.2867,100.266,-0.0206
117.60000000000001,100.2867,100.2664,-0.0202
117.64,100.2867,100.2668,-0.0198
117.68,100.2867,100.2671,-0.0195
117.72,100.2867,100.2675,-0.0192
117.76,100.2867,100.2678,-0.0188
117.8,100.2867,100.2681,-0.0185
117.84,100.2867,100.2684,-0.0182
117.88,100.2867,100.2688,-0.0179
117.92,100.2867,100.2691,-0.0175
117.96000000000001,100.2867,100.2695,-0.0171
118.0,100.2867,100.2698,-0.0168
118.04,100.2867,100.2702,-0.0165
118.08,100.2867,100.2705,-0.0161
118.12,100.2867,100.2709,-0.0158
118.16,100.2867,100.2712,-0.0154
118.2,100.2867,100.2715,-0.0151
118.24000000000001,100.2867,100.2719,-0.0148
118.28,100.2867,100.2723,-0.0144
118.32000000000001,100.2867,100.2726,-0.0141
118.36,100.293,100.2729,-0.02
118.4,100.293,100.2732,-0.0197
118.44,100.293,100.2735,-0.0194
118.48,100.293,100.2739,-0.019
118.52,100.293,100.2742,-0.0187
118.56,100.293,100.2746,-0.0183
118.60000000000001,100.293,100.275,-0.018
118.64,100.293,100.2753,-0.0177
118.68,100.293,100.2757,-0.0173
118.72,100.293,100.276,-0.017
118.76,100.293,100.2763,-0.0166
118.8,100.293,100.2766,-0.0163
118.84,100.293,100.277,-0.0159
118.88,100.293,100.2774,-0.0156
118.92,100.293,100.2777,-0.0153
118.96000000000001,100.293,100.2781,-0.0149
119.0,100.293,100.2784,-0.0146
119.04,100.293,100.2788,-0.0142
119.08,100.293,100.2791,-0.0138
119.12,100.293,100.2795,-0.0135
119.16,100.2993,100.2799,-0.0194
119.2,100.2993,100.2802,-0.0191
119.24000000000001,100.2993,100.2805,-0.0187
119.28,100.2993,100.2809,-0.0184
119.32000000000001,100.2993,100.2813,-0.018
119.36,100.2993,100.2816,-0.0176
119.4,100.2993,100.282,-0.0173
119.44,100.2993,100.2823,-0.0169
119.48,100.2993,100.2827,-0.0166
119.52,100.2993,100.283,-0.0162
119.56,100.2993,100.2833,-0.0159
119.60000000000001,100.2993,100.2837,-0.0156
119.64,100.2993,100.284,-0.0152
119.68,100.2993,100.2844,-0.0149
119.72,100.2993,100.2847,-0.0146
119.76,100.2993,100.285,-0.0142
119.8,100.2993,100.2854,-0.0139
119.84,100.2993,100.2857,-0.0135
119.88,100.2993,100.2861,-0.0132
119.92,100.2993,100.2864,-0.0129
119.96000000000001,100.3056,100.2867,-0.0188
120.0,100.3056,100.2871,-0.0185
120.04,100.3056,100.2874,-0.0181
120.08,100.3056,100.2878,-0.0177
120.12,100.3056,100.2881,-0.0174
120.16,100.3056,100.2885,-0.0171
120.2,100.3056,100.2888,-0.0167
120.24000000000001,100.3056,100.2892,-0.0164
120.28,100.3056,100.2896,-0.016
120.32000000000001,100.3056,100.2899,-0.0157
120.36,100.3056,100.2902,-0.0154
120.4,100.3056,100.2905,-0.0151
120.44,100.3056,100.2908,-0.0147
120.48,100.3056,100.2912,-0.0144
120.52,100.3056,100.2915,-0.014
120.56,100.3056,100.2919,-0.0137
120.60000000000001,100.3056,100.2923,-0.0133
120.64,100.3056,100.2927,-0.0129
120.68,100.3056,100.2931,-0.0125
120.72,100.3056,100.2934,-0.0121
120.76,100.3119,100.2938,-0.0181
120.8,100.3119,100.2941,-0.0178
120.84,100.3119,100.2944,-0.0174
120.88,100.3119,100.2949,-0.017
120.92,100.3119,100.2952,-0.0166
120.96000000000001,100.3119,100.2956,-0.0163
121.0,100.3119,100.296,-0.0159
121.04,100.3119,100.2964,-0.0155
121.08,100.3119,100.2968,-0.0151
121.12,100.3119,100.2972,-0.0147
121.16,100.3119,100.2976,-0.0143
121.2,100.3119,100.298,-0.0139
121.24000000000001,100.3119,100.2983,-0.0136
121.28,100.3119,100.2987,-0.0132
121.32000000000001,100.3119,100.2991,-0.0128
121.36,100.3119,100.2995,-0.0124
121.4,100.3119,100.2999,-0.012
121.44,100.3119,100.3003,-0.0116
121.48,100.3119,100.3007,-0.0112
121.52,100.3119,100.3011,-0.0107
121.56,100.3182,100.3015,-0.0166
121.60000000000001,100.3182,100.302,-0.0162
121.64,100.3182,100.3023,-0.0158
121.68,100.3182,100.3028,-0.0154
121.72,100.3182,100.3032,-0.015
121.76,100.3182,100.3036,-0.0146
121.8,100.3182,100.304,-0.0142
121.84,100.3182,100.3044,-0.0138
121.88,100.3182,100.3048,-0.0134
121.92,100.3182,100.3052,-0.013
121.96000000000001,100.3182,100.3056,-0.0126
122.0,100.3182,100.3061,-0.0121
122.04,100.3182,100.3064,-0.0117
122.08,100.3182,100.3069,-0.0113
122.12,100.3182,100.3073,-0.0109
122.16,100.3182,100.3077,-0.0105
122.2,100.3182,100.3081,-0.0101
122.24000000000001,100.3182,100.3085,-0.0097
122.28,100.3182,100.3089,-0.0093
122.32000000000001,100.3182,100.3093,-0.0088
122.36,100.3245,100.3097,-0.0148
122.4,100.3245,100.3102,-0.0143
122.44,100.3245,100.3106,-0.0139
122.48,100.3245,100.311,-0.0134
122.52,100.3245,100.3114,-0.0131
122.56,100.3245,100.3118,-0.0127
122.60000000000001,100.3245,100.3122,-0.0123
122.64,100.3245,100.3125,-0.0119
122.68,100.3245,100.313,-0.0115
122.72,100.3245,100.3134,-0.0111
122.76,100.3245,100.3138,-0.0107
122.8,100.3245,100.3141,-0.0103
122.84,100.3245,100.3145,-0.01
122.88,100.3245,100.3149,-0.0096
122.92,100.3245,100.3153,-0.0092
122.96000000000001,100.3245,100.3157,-0.0088
123.0,100.3245,100.3161,-0.0084
123.04,100.3245,100.3165,-0.008
123.08,100.3245,100.3168,-0.0076
123.12,100.3245,100.3172,-0.0073
123.16,100.3308,100.3176,-0.0132
123.2,100.3308,100.318,-0.0128
123.24000000000001,100.3308,100.3183,-0.0125
123.28,100.3308,100.3186,-0.0121
123.32000000000001,100.3308,100.3189,-0.0118
123.36,100.3308,100.3193,-0.0114
123.4,100.3308,100.3198,-0.011
123.44,100.3308,100.3201,-0.0106
123.48,100.3308,100.3205,-0.0103
123.52,100.3308,100.3209,-0.0099
123.56,100.3308,100.3212,-0.0096
123.60000000000001,100.3308,100.3216,-0.0092
123.64,100.3308,100.3219,-0.0088
123.68,100.3308,100.3223,-0.0085
123.72,100.3308,100.3227,-0.0081
123.76,100.3308,100.323,-0.0077
123.8,100.3308,100.3234,-0.0074
123.84,100.3308,100.3237,-0.0071
123.88000000000001,100.3308,100.3241,-0.0067
123.92,100.3308,100.3244,-0.0064
123.96000000000001,100.3371,100.3248,-0.0123
124.0,100.3371,100.3252,-0.0119
124.04,100.3371,100.3255,-0.0116
124.08,100.3371,100.3259,-0.0112
124.12,100.3371,100.3262,-0.0109
124.16,100.3371,100.3265,-0.0106
124.2,100.3371,100.3268,-0.0102
124.24000000000001,100.3371,100.3272,-0.0099
124.28,100.3371,100.3275,-0.0096
124.32000000000001,100.3371,100.3278,-0.0092
124.36,100.3371,100.3282,-0.0089
124.4,100.3371,100.3285,-0.0085
124.44,100.3371,100.3289,-0.0082
124.48,100.3371,100.3293,-0.0078
124.52,100.3371,100.3296,-0.0075
124.56,100.3371,100.3299,-0.0072
124.60000000000001,100.3371,100.3303,-0.0068
124.64,100.3371,100.3306,-0.0065
124.68,100.3371,100.3309,-0.0061
124.72,100.3371,100.3312,-0.0058
124.76,100.3434,100.3316,-0.0118
124.8,100.3434,100.3319,-0.0115
124.84,100.3434,100.3322,-0.0111
124.88000000000001,100.3434,100.3326,-0.0108
124.92,100.3434,100.3329,-0.0105
124.96000000000001,100.3434,100.3332,-0.0102
125.0,100.3434,100.3335,-0.0098
125.04,100.3434,100.3339,-0.0095
125.08,100.3434,100.3342,-0.0092
125.12,100.3434,100.3346,-0.0088
125.16,100.3434,100.3349,-0.0085
125.2,100.3434,100.3353,-0.0081
125.24000000000001,100.3434,100.3356,-0.0078
125.28,100.3434,100.3359,-0.0074
125.32000000000001,100.3434,100.3363,-0.0071
125.36,100.3434,100.3366,-0.0068
125.4,100.3434,100.3369,-0.0065
125.44,100.3434,100.3372,-0.0061
125.48,100.3434,100.3376,-0.0058
125.52,100.3434,100.3379,-0.0054
125.56,100.3497,100.3383,-0.0114
125.60000000000001,100.3497,100.3386,-0.0111
125.64,100.3497,100.3389,-0.0107
125.68,100.3497,100.3393,-0.0104
125.72,100.3497,100.3396,-0.0101
125.76,100.3497,100.34,-0.0097
125.8,100.3497,100.3403,-0.0094
125.84,100.3497,100.3406,-0.0091
125.88000000000001,100.3497,100.3409,-0.0088
125.92,100.3497,100.3413,-0.0084
125.96000000000001,100.3497,100.3416,-0.0081
126.0,100.3497,100.342,-0.0077
126.04,100.3497,100.3423,-0.0074
126.08,100.3497,100.3426,-0.007
126.12,100.3497,100.343,-0.0067
126.16,100.3497,100.3433,-0.0063
126.2,100.3497,100.3437,-0.006
126.24000000000001,100.3497,100.344,-0.0056
126.28,100.3497,100.3444,-0.0053
126.32000000000001,100.3497,100.3447,-0.0049
126.36,100.356,100.3451,-0.0109
126.4,100.356,100.3454,-0.0105
126.44,100.356,100.3458,-0.0101
126.48,100.356,100.3462,-0.0098
126.52,100.356,100.3466,-0.0094
126.56,100.356,100.3469,-0.0091
126.60000000000001,100.356,100.3472,-0.0088
126.64,100.356,100.3475,-0.0085
126.68,100.356,100.3479,-0.0081
126.72,100.356,100.3482,-0.0078
126.76,100.356,100.3486,-0.0074
126.8,100.356,100.3489,-0.0071
126.84,100.356,100.3492,-0.0067
126.88000000000001,100.356,100.3496,-0.0064
126.92,100.356,100.3499,-0.0061
126.96000000000001,100.356,100.3502,-0.0058
127.0,100.356,100.3505,-0.0055
127.04,100.356,100.3508,-0.0052
127.08,100.356,100.3511,-0.0049
127.12,100.356,100.3515,-0.0045
127.16,100.3623,100.3518,-0.0105
127.2,100.3623,100.3521,-0.0102
127.24000000000001,100.3623,100.3524,-0.0099
127.28,100.3623,100.3527,-0.0095
127.32000000000001,100.3623,100.3531,-0.0092
127.36,100.3623,100.3535,-0.0088
127.4,100.3623,100.3538,-0.0084
127.44,100.3623,100.3542,-0.0081
127.48,100.3623,100.3545,-0.0078
127.52,100.3623,100.3549,-0.0074
127.56,100.3623,100.3552,-0.0071
127.60000000000001,100.3623,100.3555,-0.0067
127.64,100.3623,100.3559,-0.0064
127.68,100.3623,100.3562,-0.0061
127.72,100.3623,100.3565,-0.0058
127.76,100.3623,100.3568,-0.0054
127.8,100.3623,100.3571,-0.0051
127.84,100.3623,100.3575,-0.0048
127.88000000000001,100.3623,100.3578,-0.0045
127.92,100.3623,100.3581,-0.0042
127.96000000000001,100.3686,100.3585,-0.0101
128.0,100.3686,100.3588,-0.0098
128.04,100.3686,100.3591,-0.0095
128.08,100.3686,100.3595,-0.0091
128.12,100.3686,100.3598,-0.0088
128.16,100.3686,100.3601,-0.0085
128.2,100.3686,100.3604,-0.0082
128.24,100.3686,100.3607,-0.0079
128.28,100.3686,100.361,-0.0076
128.32,100.3686,100.3613,-0.0073
128.36,100.3686,100.3615,-0.0071
128.4,100.3686,100.3618,-0.0068
128.44,100.3686,100.3621,-0.0065
128.48,100.3686,100.3623,-0.0062
128.52,100.3686,100.3626,-0.006
128.56,100.3686,100.3629,-0.0057
128.6,100.3686,100.3632,-0.0054
128.64000000000001,100.3686,100.3634,-0.0051
128.68,100.3686,100.3637,-0.0049
128.72,100.3686,100.364,-0.0046
128.76,100.375,100.3643,-0.0106
128.8,100.375,100.3645,-0.0103
128.84,100.375,100.3648,-0.0101
128.88,100.375,100.3651,-0.0098
128.92000000000002,100.375,100.3654,-0.0095
128.96,100.375,100.3657,-0.0092
129.0,100.375,100.366,-0.0089
129.04,100.375,100.3663,-0.0086
129.08,100.375,100.3666,-0.0083
129.12,100.375,100.3668,-0.008
129.16,100.375,100.3671,-0.0078
129.2,100.375,100.3674,-0.0075
129.24,100.375,100.3677,-0.0072
129.28,100.375,100.368,-0.0069
129.32,100.375,100.3683,-0.0066
129.36,100.375,100.3686,-0.0063
129.4,100.375,100.3688,-0.0061
129.44,100.375,100.3691,-0.0058
129.48,100.375,100.3694,-0.0055
129.52,100.375,100.3697,-0.0052
129.56,100.3812,100.37,-0.0111
129.6,100.3812,100.3703,-0.0108
129.64000000000001,100.3812,100.3706,-0.0106
129.68,100.3812,100.3708,-0.0103
129.72,100.3812,100.3711,-0.01
129.76,100.3812,100.3714,-0.0097
129.8,100.3812,100.3717,-0.0094
129.84,100.3812,100.372,-0.0091
129.88,100.3812,100.3723,-0.0088
129.92000000000002,100.3812,100.3726,-0.0085
129.96,100.3812,100.3728,-0.0083
130.0,100.3812,100.3732,-0.008
130.04,100.3812,100.3735,-0.0077
130.08,100.3812,100.3738,-0.0074
130.12,100.3812,100.3741,-0.0071
130.16,100.3812,100.3744,-0.0068
130.2,100.3812,100.3747,-0.0064
130.24,100.3812,100.375,-0.0061
130.28,100.3812,100.3753,-0.0058
130.32,100.3812,100.3756,-0.0055
130.36,100.3874,100.3759,-0.0115
130.4,100.3874,100.3761,-0.0112
130.44,100.3874,100.3764,-0.011
130.48,100.3874,100.3767,-0.0107
130.52,100.3874,100.377,-0.0103
130.56,100.3874,100.3773,-0.0101
130.6,100.3874,100.3776,-0.0098
130.64000000000001,100.3874,100.3779,-0.0095
130.68,100.3874,100.3781,-0.0093
130.72,100.3874,100.3783,-0.0091
130.76,100.3874,100.3785,-0.0088
130.8,100.3874,100.3788,-0.0086
130.84,100.3874,100.3791,-0.0083
130.88,100.3874,100.3793,-0.008
130.92000000000002,100.3874,100.3796,-0.0077
130.96,100.3874,100.3799,-0.0075
131.0,100.3874,100.3802,-0.0072
131.04,100.3874,100.3805,-0.0069
131.08,100.3874,100.3807,-0.0066
131.12,100.3874,100.381,-0.0064
131.16,100.3936,100.3812,-0.0123
131.2,100.3936,100.3815,-0.012
131.24,100.3936,100.3818,-0.0117
131.28,100.3936,100.3821,-0.0114
131.32,100.3936,100.3824,-0.0111
131.36,100.3936,100.3827,-0.0109
131.4,100.3936,100.383,-0.0106
131.44,100.3936,100.3832,-0.0103
131.48,100.3936,100.3835,-0.0101
131.52,100.3936,100.3838,-0.0098
131.56,100.3936,100.3841,-0.0095
131.6,100.3936,100.3844,-0.0092
131.64000000000001,100.3936,100.3847,-0.0089
131.68,100.3936,100.385,-0.0086
131.72,100.3936,100.3852,-0.0083
131.76,100.3936,100.3855,-0.008
131.8,100.3936,100.3858,-0.0077
131.84,100.3936,100.3861,-0.0074
131.88,100.3936,100.3864,-0.0072
131.92000000000002,100.3936,100.3867,-0.0069
131.96,100.3997,100.3869,-0.0128
132.0,100.3997,100.3872,-0.0125
132.04,100.3997,100.3875,-0.0122
132.08,100.3997,100.3877,-0.012
132.12,100.3997,100.3879,-0.0117
132.16,100.3997,100.3882,-0.0115
132.2,100.3997,100.3885,-0.0112
132.24,100.3997,100.3888,-0.0109
132.28,100.3997,100.389,-0.0106
132.32,100.3997,100.3893,-0.0103
132.36,100.3997,100.3896,-0.0101
132.4,100.3997,100.3899,-0.0098
132.44,100.3997,100.3902,-0.0095
132.48,100.3997,100.3904,-0.0092
132.52,100.3997,100.3907,-0.009
132.56,100.3997,100.391,-0.0087
132.6,100.3997,100.3913,-0.0084
132.64000000000001,100.3997,100.3916,-0.0081
132.68,100.3997,100.3918,-0.0079
132.72,100.3997,100.3921,-0.0076
132.76,100.4058,100.3924,-0.0134
132.8,100.4058,100.3926,-0.0131
132.84,100.4058,100.3929,-0.0129
132.88,100.4058,100.3932,-0.0126
132.92000000000002,100.4058,100.3934,-0.0123
132.96,100.4058,100.3937,-0.012
133.0,100.4058,100.394,-0.0118
133.04,100.4058,100.3942,-0.0115
133.08,100.4058,100.3945,-0.0112
133.12,100.4058,100.3948,-0.0109
133.16,100.4058,100.3951,-0.0106
133.2,100.4058,100.3954,-0.0104
133.24,100.4058,100.3957,-0.0101
133.28,100.4058,100.3959,-0.0098
133.32,100.4058,100.3962,-0.0095
133.36,100.4058,100.3965,-0.0092
133.4,100.4058,100.3968,-0.0089
133.44,100.4058,100.3971,-0.0087
133.48,100.4058,100.3974,-0.0084
133.52,100.4058,100.3976,-0.0081
133.56,100.4118,100.3979,-0.0138
133.6,100.4118,100.3982,-0.0135
133.64000000000001,100.4118,100.3985,-0.0132
133.68,100.4118,100.3987,-0.013
133.72,100.4118,100.399,-0.0127
133.76,100.4118,100.3992,-0.0125
133.8,100.4118,100.3995,-0.0122
133.84,100.4118,100.3998,-0.0119
133.88,100.4118,100.4001,-0.0116
133.92000000000002,100.4118,100.4004,-0.0113
133.96,100.4118,100.4007,-0.011
134.0,100.4118,100.4011,-0.0106
134.04,100.4118,100.4014,-0.0103
134.08,100.4118,100.4016,-0.0101
134.12,100.4118,100.402,-0.0097
134.16,100.4118,100.4023,-0.0094
134.2,100.4118,100.4026,-0.0091
134.24,100.4118,100.4029,-0.0088
134.28,100.4118,100.4032,-0.0085
134.32,100.4118,100.4036,-0.0081
134.36,100.4176,100.4039,-0.0137
134.4,100.4176,100.4042,-0.0134
134.44,100.4176,100.4045,-0.0131
134.48,100.4176,100.4048,-0.0128
134.52,100.4176,100.4051,-0.0124
134.56,100.4176,100.4054,-0.0121
134.6,100.4176,100.4057,-0.0119
134.64000000000001,100.4176,100.406,-0.0115
134.68,100.4176,100.4063,-0.0113
134.72,100.4176,100.4066,-0.011
134.76,100.4176,100.4069,-0.0106
134.8,100.4176,100.4072,-0.0104
134.84,100.4176,100.4075,-0.0101
134.88,100.4176,100.4078,-0.0098
134.92000000000002,100.4176,100.4081,-0.0095
134.96,100.4176,100.4084,-0.0092
135.0,100.4176,100.4087,-0.0088
135.04,100.4176,100.409,-0.0085
135.08,100.4176,100.4093,-0.0082
135.12,100.4176,100.4096,-0.0079
135.16,100.4233,100.41,-0.0133
135.2,100.4233,100.4103,-0.013
135.24,100.4233,100.4107,-0.0126
135.28,100.4233,100.411,-0.0123
135.32,100.4233,100.4113,-0.012
135.36,100.4233,100.4116,-0.0116
135.4,100.4233,100.4119,-0.0113
135.44,100.4233,100.4123,-0.011
135.48,100.4233,100.4126,-0.0107
135.52,100.4233,100.4129,-0.0104
135.56,100.4233,100.4132,-0.01
135.6,100.4233,100.4135,-0.0098
135.64000000000001,100.4233,100.4138,-0.0094
135.68,100.4233,100.4141,-0.0092
135.72,100.4233,100.4144,-0.0089
135.76,100.4233,100.4148,-0.0085
135.8,100.4233,100.4151,-0.0082
135.84,100.4233,100.4155,-0.0078
135.88,100.4233,100.4158,-0.0075
135.92000000000002,100.4233,100.4161,-0.0072
135.96,100.4289,100.4164,-0.0124
136.0,100.4289,100.4167,-0.0121
136.04,100.4289,100.4171,-0.0117
136.08,100.4289,100.4174,-0.0114
136.12,100.4289,100.4178,-0.0111
136.16,100.4289,100.4182,-0.0107
136.2,100.4289,100.4184,-0.0104
136.24,100.4289,100.4188,-0.0101
136.28,100.4289,100.4191,-0.0098
136.32,100.4289,100.4195,-0.0094
136.36,100.4289,100.4198,-0.009
136.4,100.4289,100.4202,-0.0087
136.44,100.4289,100.4205,-0.0083
136.48,100.4289,100.4208,-0.008
136.52,100.4289,100.4211,-0.0077
136.56,100.4289,100.4214,-0.0074
136.6,100.4289,100.4217,-0.0071
136.64000000000001,100.4289,100.4221,-0.0067
136.68,100.4289,100.4224,-0.0064
136.72,100.4289,100.4228,-0.0061
136.76,100.4343,100.4231,-0.0112
136.8,100.4343,100.4234,-0.0108
136.84,100.4343,100.4238,-0.0105
136.88,100.4343,100.4242,-0.0101
136.92000000000002,100.4343,100.4245,-0.0097
136.96,100.4343,100.4249,-0.0094
137.0,100.4343,100.4252,-0.0091
137.04,100.4343,100.4256,-0.0087
137.08,100.4343,100.4259,-0.0084
137.12,100.4343,100.4262,-0.008
137.16,100.4343,100.4266,-0.0077
137.20000000000002,100.4343,100.4269,-0.0073
137.24,100.4343,100.4273,-0.007
137.28,100.4343,100.4277,-0.0066
137.32,100.4343,100.428,-0.0063
137.36,100.4343,100.4283,-0.0059
137.4,100.4343,100.4286,-0.0056
137.44,100.4343,100.4289,-0.0053
137.48,100.4343,100.4293,-0.005
137.52,100.4343,100.4295,-0.0047
137.56,100.4396,100.4298,-0.0097
137.6,100.4396,100.4301,-0.0094
137.64000000000001,100.4396,100.4304,-0.0091
137.68,100.4396,100.4307,-0.0088
137.72,100.4396,100.4311,-0.0084
137.76,100.4396,100.4314,-0.0081
137.8,100.4396,100.4317,-0.0078
137.84,100.4396,100.432,-0.0075
137.88,100.4396,100.4324,-0.0071
137.92000000000002,100.4396,100.4327,-0.0068
137.96,100.4396,100.4331,-0.0064
138.0,100.4396,100.4334,-0.0061
138.04,100.4396,100.4338,-0.0057
138.08,100.4396,100.4341,-0.0054
138.12,100.4396,100.4345,-0.005
138.16,100.4396,100.4348,-0.0047
138.20000000000002,100.4396,100.4352,-0.0044
138.24,100.4396,100.4355,-0.004
138.28,100.4396,100.4359,-0.0036
138.32,100.4396,100.4362,-0.0033
138.36,100.4446,100.4366,-0.008
138.4,100.4446,100.4369,-0.0076
138.44,100.4446,100.4373,-0.0073
138.48,100.4446,100.4377,-0.0069
138.52,100.4446,100.4381,-0.0065
138.56,100.4446,100.4384,-0.0062
138.6,100.4446,100.4388,-0.0058
138.64000000000001,100.4446,100.4391,-0.0055
138.68,100.4446,100.4395,-0.0051
138.72,100.4446,100.4398,-0.0048
138.76,100.4446,100.4402,-0.0044
138.8,100.4446,100.4406,-0.004
138.84,100.4446,100.4409,-0.0037
138.88,100.4446,100.4413,-0.0033
138.92000000000002,100.4446,100.4417,-0.0029
138.96,100.4446,100.442,-0.0026
139.0,100.4446,100.4423,-0.0023
139.04,100.4446,100.4427,-0.0019
139.08,100.4446,100.443,-0.0016
139.12,100.4446,100.4433,-0.0013
139.16,100.4495,100.4437,-0.0058
139.20000000000002,100.4495,100.444,-0.0054
139.24,100.4495,100.4443,-0.0051
139.28,100.4495,100.4447,-0.0047
139.32,100.4495,100.445,-0.0044
139.36,100.4495,100.4454,-0.0041
139.4,100.4495,100.4457,-0.0037
139.44,100.4495,100.4461,-0.0034
139.48,100.4495,100.4464,-0.003
139.52,100.4495,100.4467,-0.0027
139.56,100.4495,100.4471,-0.0024
139.6,100.4495,100.4474,-0.0021
139.64000000000001,100.4495,100.4477,-0.0017
139.68,100.4495,100.4481,-0.0013
139.72,100.4495,100.4484,-0.001
139.76,100.4495,100.4488,-0.0006
139.8,100.4495,100.4492,-0.0003
139.84,100.4495,100.4495,0.0
139.88,100.4495,100.45,0.0004
139.92000000000002,100.4495,100.4503,0.0008
139.96,100.4541,100.4507,-0.0034
140.0,100.4541,100.451,-0.003
140.04,100.4541,100.4514,-0.0027
140.08,100.4541,100.4518,-0.0023
140.12,100.4541,100.4521,-0.002
140.16,100.4541,100.4525,-0.0015
140.20000000000002,100.4541,100.4529,-0.0012
140.24,100.4541,100.4532,-0.0009
140.28,100.4541,100.4536,-0.0005
140.32,100.4541,100.4539,-0.0002
140.36,100.4541,100.4542,0.0001
140.4,100.4541,100.4546,0.0004
140.44,100.4541,100.455,0.0008
140.48,100.4541,100.4553,0.0011
140.52,100.4541,100.4556,0.0014
140.56,100.4541,100.456,0.0018
140.6,100.4541,100.4563,0.0021
140.64000000000001,100.4541,100.4566,0.0024
140.68,100.4541,100.457,0.0028
140.72,100.4541,100.4573,0.0032
140.76,100.4586,100.4577,-0.0008
140.8,100.4586,100.4581,-0.0004
140.84,100.4586,100.4585,-0.0
140.88,100.4586,100.4588,0.0002
140.92000000000002,100.4586,100.4592,0.0005
140.96,100.4586,100.4595,0.0009
141.0,100.4586,100.4599,0.0013
141.04,100.4586,100.4603,0.0017
141.08,100.4586,100.4607,0.002
141.12,100.4586,100.461,0.0024
141.16,100.4586,100.4613,0.0027
141.20000000000002,100.4586,100.4617,0.0031
141.24,100.4586,100.462,0.0034
141.28,100.4586,100.4624,0.0038
141.32,100.4586,100.4627,0.0041
141.36,100.4586,100.4631,0.0044
141.4,100.4586,100.4634,0.0048
141.44,100.4586,100.4637,0.0051
141.48,100.4586,100.4641,0.0055
141.52,100.4586,100.4644,0.0058
141.56,100.4628,100.4648,0.002
141.6,100.4628,100.4651,0.0023
141.64000000000001,100.4628,100.4654,0.0026
141.68,100.4628,100.4657,0.0029
141.72,100.4628,100.4661,0.0033
141.76,100.4628,100.4665,0.0036
141.8,100.4628,100.4668,0.004
141.84,100.4628,100.4671,0.0043
141.88,100.4628,100.4675,0.0047
141.92000000000002,100.4628,100.4678,0.005
141.96,100.4628,100.4682,0.0054
142.0,100.4628,100.4686,0.0057
142.04,100.4628,100.4689,0.0061
142.08,100.4628,100.4692,0.0064
142.12,100.4628,100.4696,0.0067
142.16,100.4628,100.4699,0.0071
142.20000000000002,100.4628,100.4702,0.0074
142.24,100.4628,100.4705,0.0077
142.28,100.4628,100.4709,0.0081
142.32,100.4628,100.4712,0.0084
142.36,100.4668,100.4716,0.0048
142.4,100.4668,100.4719,0.0051
142.44,100.4668,100.4722,0.0054
142.48,100.4668,100.4726,0.0058
142.52,100.4668,100.4729,0.0061
142.56,100.4668,100.4732,0.0064
142.6,100.4668,100.4736,0.0068
142.64000000000001,100.4668,100.4739,0.0071
142.68,100.4668,100.4742,0.0074
142.72,100.4668,100.4745,0.0077
142.76,100.4668,100.4749,0.0081
142.8,100.4668,100.4753,0.0085
142.84,100.4668,100.4756,0.0088
142.88,100.4668,100.4759,0.0091
142.92000000000002,100.4668,100.4762,0.0094
142.96,100.4668,100.4765,0.0097
143.0,100.4668,100.4769,0.0101
143.04,100.4668,100.4772,0.0104
143.08,100.4668,100.4775,0.0107
143.12,100.4668,100.4778,0.011
143.16,100.4705,100.4781,0.0076
143.20000000000002,100.4705,100.4785,0.0079
143.24,100.4705,100.4788,0.0082
143.28,100.4705,100.4791,0.0085
143.32,100.4705,100.4794,0.0089
143.36,100.4705,100.4797,0.0091
143.4,100.4705,100.48,0.0095
143.44,100.4705,100.4803,0.0098
143.48,100.4705,100.4807,0.0102
143.52,100.4705,100.4811,0.0105
143.56,100.4705,100.4814,0.0108
143.6,100.4705,100.4817,0.0112
143.64000000000001,100.4705,100.482,0.0115
143.68,100.4705,100.4823,0.0118
143.72,100.4705,100.4827,0.0121
143.76,100.4705,100.483,0.0124
143.8,100.4705,100.4833,0.0128
143.84,100.4705,100.4837,0.0131
143.88,100.4705,100.484,0.0135
143.92000000000002,100.4705,100.4843,0.0138
143.96,100.474,100.4847,0.0106
144.0,100.474,100.485,0.011
144.04,100.474,100.4853,0.0113
144.08,100.474,100.4857,0.0117
144.12,100.474,100.486,0.012
144.16,100.474,100.4864,0.0123
144.20000000000002,100.474,100.4867,0.0127
144.24,100.474,100.487,0.013
144.28,100.474,100.4873,0.0133
144.32,100.474,100.4877,0.0136
144.36,100.474,100.4879,0.0139
144.4,100.474,100.4883,0.0143
144.44,100.474,100.4886,0.0146
144.48,100.474,100.489,0.0149
144.52,100.474,100.4893,0.0153
144.56,100.474,100.4896,0.0155
144.6,100.474,100.4899,0.0159
144.64000000000001,100.474,100.4902,0.0162
144.68,100.474,100.4905,0.0164
144.72,100.474,100.4908,0.0168
144.76,100.4772,100.4911,0.0138
144.8,100.4772,100.4914,0.0142
144.84,100.4772,100.4917,0.0144
144.88,100.4772,100.492,0.0148
144.92000000000002,100.4772,100.4923,0.015
144.96,100.4772,100.4926,0.0153
145.0,100.4772,100.4929,0.0156
145.04,100.4772,100.4932,0.0159
145.08,100.4772,100.4935,0.0162
145.12,100.4772,100.4938,0.0165
145.16,100.4772,100.4941,0.0168
145.20000000000002,100.4772,100.4944,0.0171
145.24,100.4772,100.4947,0.0174
145.28,100.4772,100.495,0.0177
145.32,100.4772,100.4953,0.018
145.36,100.4772,100.4956,0.0183
145.4,100.4772,100.4959,0.0187
145.44,100.4772,100.4962,0.019
145.48,100.4772,100.4965,0.0193
145.52,100.4772,100.4968,0.0195
145.56,100.4802,100.4971,0.0168
145.6,100.4802,100.4974,0.0171
145.64000000000001,100.4802,100.4977,0.0174
145.68,100.4802,100.498,0.0177
145.72,100.4802,100.4983,0.018
145.76,100.4802,100.4986,0.0183
145.8,100.4802,100.4989,0.0186
145.84,100.4802,100.4992,0.0189
145.88,100.4802,100.4995,0.0192
145.92000000000002,100.4802,100.4998,0.0195
145.96,100.4802,100.5,0.0197
146.0,100.4802,100.5003,0.02
146.04,100.4802,100.5006,0.0203
146.08,100.4802,100.5008,0.0205
146.12,100.4802,100.5011,0.0208
146.16,100.4802,100.5014,0.0211
146.20000000000002,100.4802,100.5017,0.0214
146.24,100.4802,100.5019,0.0216
146.28,100.4802,100.5021,0.0218
146.32,100.4802,100.5024,0.0221
146.36,100.483,100.5026,0.0196
146.4,100.483,100.5029,0.0199
146.44,100.483,100.5031,0.0201
146.48,100.483,100.5034,0.0203
146.52,100.483,100.5037,0.0206
146.56,100.483,100.5039,0.0209
146.6,100.483,100.5042,0.0211
146.64000000000001,100.483,100.5044,0.0214
146.68,100.483,100.5046,0.0216
146.72,100.483,100.5048,0.0218
146.76,100.483,100.5051,0.022
146.8,100.483,100.5053,0.0223
146.84,100.483,100.5055,0.0225
146.88,100.483,100.5058,0.0227
146.92000000000002,100.483,100.5061,0.023
146.96,100.483,100.5063,0.0232
147.0,100.483,100.5065,0.0235
147.04,100.483,100.5068,0.0238
147.08,100.483,100.5071,0.024
147.12,100.483,100.5073,0.0243
147.16,100.4855,100.5076,0.022
147.20000000000002,100.4855,100.5078,0.0223
147.24,100.4855,100.5081,0.0225
147.28,100.4855,100.5083,0.0228
147.32,100.4855,100.5086,0.0231
147.36,100.4855,100.5089,0.0233
147.4,100.4855,100.5092,0.0236
147.44,100.4855,100.5094,0.0239
147.48,100.4855,100.5097,0.0241
147.52,100.4855,100.51,0.0244
147.56,100.4855,100.5102,0.0246
147.6,100.4855,100.5104,0.0249
147.64000000000001,100.4855,100.5107,0.0251
147.68,100.4855,100.5109,0.0253
147.72,100.4855,100.5111,0.0256
147.76,100.4855,100.5114,0.0258
147.8,100.4855,100.5116,0.0261
147.84,100.4855,100.5119,0.0264
147.88,100.4855,100.5121,0.0266
147.92000000000002,100.4855,100.5124,0.0269
147.96,100.4878,100.5127,0.0248
148.0,100.4878,100.5129,0.0251
148.04,100.4878,100.5132,0.0254
148.08,100.4878,100.5135,0.0256
148.12,100.4878,100.5137,0.0259
148.16,100.4878,100.514,0.0262
148.20000000000002,100.4878,100.5142,0.0264
148.24,100.4878,100.5144,0.0266
148.28,100.4878,100.5146,0.0268
148.32,100.4878,100.5149,0.0271
148.36,100.4878,100.5151,0.0273
148.4,100.4878,100.5153,0.0275
148.44,100.4878,100.5156,0.0278
148.48,100.4878,100.5158,0.028
148.52,100.4878,100.5161,0.0282
148.56,100.4878,100.5163,0.0285
148.6,100.4878,100.5165,0.0286
148.64000000000001,100.4878,100.5167,0.0289
148.68,100.4878,100.5169,0.0291
148.72,100.4878,100.5172,0.0294
148.76,100.4898,100.5174,0.0275
148.8,100.4898,100.5176,0.0278
148.84,100.4898,100.5179,0.028
148.88,100.4898,100.518,0.0282
148.92000000000002,100.4898,100.5183,0.0284
148.96,100.4898,100.5185,0.0286
149.0,100.4898,100.5187,0.0288
149.04,100.4898,100.5188,0.029
149.08,100.4898,100.519,0.0291
149.12,100.4898,100.5192,0.0294
149.16,100.4898,100.5194,0.0296
149.20000000000002,100.4898,100.5196,0.0298
149.24,100.4898,100.5198,0.03
149.28,100.4898,100.5201,0.0302
149.32,100.4898,100.5203,0.0304
149.36,100.4898,100.5205,0.0306
149.4,100.4898,100.5207,0.0308
149.44,100.4898,100.5209,0.031
149.48,100.4898,100.5211,0.0313
149.52,100.4898,100.5214,0.0315
149.56,100.4916,100.5217,0.03
149.6,100.4916,100.5219,0.0302
149.64000000000001,100.4916,100.5221,0.0304
149.68,100.4916,100.5223,0.0306
149.72,100.4916,100.5225,0.0308
149.76,100.4916,100.5227,0.031
149.8,100.4916,100.5229,0.0312
149.84,100.4916,100.5232,0.0315
149.88,100.4916,100.5233,0.0317
149.92000000000002,100.4916,100.5236,0.0319
149.96,100.4916,100.5238,0.0321
150.0,100.4916,100.524,0.0323
150.04,100.4916,100.5243,0.0326
150.08,100.4916,100.5244,0.0327
150.12,100.4916,100.5247,0.033
150.16,100.4916,100.5249,0.0332
150.20000000000002,100.4916,100.525,0.0333
150.24,100.4916,100.5252,0.0335
150.28,100.4916,100.5254,0.0337
150.32,100.4916,100.5256,0.0339
150.36,100.4932,100.5258,0.0325
150.4,100.4932,100.526,0.0327
150.44,100.4932,100.5262,0.0329
150.48,100.4932,100.5263,0.033
150.52,100.4932,100.5265,0.0332
150.56,100.4932,100.5267,0.0334
150.6,100.4932,100.5268,0.0336
150.64000000000001,100.4932,100.5271,0.0338
150.68,100.4932,100.5273,0.034
150.72,100.4932,100.5275,0.0342
150.76,100.4932,100.5277,0.0344
150.8,100.4932,100.5279,0.0346
150.84,100.4932,100.5281,0.0348
150.88,100.4932,100.5282,0.035
150.92000000000002,100.4932,100.5284,0.0351
150.96,100.4932,100.5287,0.0354
151.0,100.4932,100.5288,0.0355
151.04,100.4932,100.529,0.0357
151.08,100.4932,100.5292,0.036
151.12,100.4932,100.5294,0.0361
151.16,100.4946,100.5296,0.0349
151.20000000000002,100.4946,100.5298,0.0351
151.24,100.4946,100.53,0.0353
151.28,100.4946,100.5301,0.0354
151.32,100.4946,100.5303,0.0356
151.36,100.4946,100.5305,0.0358
151.4,100.4946,100.5307,0.036
151.44,100.4946,100.5309,0.0362
151.48,100.4946,100.5311,0.0364
151.52,100.4946,100.5312,0.0366
151.56,100.4946,100.5315,0.0368
151.6,100.4946,100.5316,0.0369
151.64000000000001,100.4946,100.5318,0.0371
151.68,100.4946,100.532,0.0373
151.72,100.4946,100.5321,0.0374
151.76,100.4946,100.5323,0.0376
151.8,100.4946,100.5325,0.0378
151.84,100.4946,100.5326,0.038
151.88,100.4946,100.5328,0.0381
151.92000000000002,100.4946,100.5329,0.0383
151.96,100.4958,100.5331,0.0373
152.0,100.4958,100.5333,0.0374
152.04,100.4958,100.5335,0.0376
152.08,100.4958,100.5336,0.0378
152.12,100.4958,100.5338,0.0379
152.16,100.4958,100.534,0.0381
152.20000000000002,100.4958,100.5342,0.0383
152.24,100.4958,100.5344,0.0385
152.28,100.4958,100.5346,0.0387
152.32,100.4958,100.5348,0.0389
152.36,100.4958,100.535,0.0391
152.4,100.4958,100.5352,0.0393
152.44,100.4958,100.5354,0.0396
152.48,100.4958,100.5357,0.0398
152.52,100.4958,100.5358,0.0399
152.56,100.4958,100.536,0.0401
152.6,100.4958,100.5361,0.0403
152.64000000000001,100.4958,100.5363,0.0404
152.68,100.4958,100.5365,0.0407
152.72,100.4958,100.5367,0.0408
152.76,100.4968,100.5368,0.04
152.8,100.4968,100.537,0.0401
152.84,100.4968,100.5371,0.0403
152.88,100.4968,100.5373,0.0405
152.92000000000002,100.4968,100.5375,0.0406
152.96,100.4968,100.5377,0.0408
153.0,100.4968,100.5378,0.041
153.04,100.4968,100.538,0.0411
153.08,100.4968,100.5382,0.0414
153.12,100.4968,100.5384,0.0415
153.16,100.4968,100.5386,0.0417
153.20000000000002,100.4968,100.5388,0.0419
153.24,100.4968,100.5389,0.0421
153.28,100.4968,100.5392,0.0423
153.32,100.4968,100.5393,0.0424
153.36,100.4968,100.5395,0.0426
153.4,100.4968,100.5397,0.0428
153.44,100.4968,100.5399,0.043
153.48,100.4968,100.5401,0.0432
153.52,100.4968,100.5403,0.0434
153.56,100.4977,100.5405,0.0428
153.6,100.4977,100.5406,0.0429
153.64000000000001,100.4977,100.5408,0.0431
153.68,100.4977,100.541,0.0433
153.72,100.4977,100.5412,0.0435
153.76,100.4977,100.5414,0.0437
153.8,100.4977,100.5416,0.0438
153.84,100.4977,100.5417,0.044
153.88,100.4977,100.5418,0.0441
153.92000000000002,100.4977,100.542,0.0443
153.96,100.4977,100.5421,0.0444
154.0,100.4977,100.5423,0.0446
154.04,100.4977,100.5425,0.0448
154.08,100.4977,100.5427,0.045
154.12,100.4977,100.5428,0.0451
154.16,100.4977,100.543,0.0453
154.20000000000002,100.4977,100.5432,0.0455
154.24,100.4977,100.5433,0.0456
154.28,100.4977,100.5435,0.0458
154.32,100.4977,100.5437,0.046
154.36,100.4983,100.5438,0.0454
154.4,100.4983,100.5439,0.0456
154.44,100.4983,100.5441,0.0457
154.48,100.4983,100.5442,0.0459
154.52,100.4983,100.5444,0.046
154.56,100.4983,100.5445,0.0462
154.6,100.4983,100.5447,0.0463
154.64000000000001,100.4983,100.5449,0.0465
154.68,100.4983,100.545,0.0467
154.72,100.4983,100.5452,0.0469
154.76,100.4983,100.5455,0.0471
154.8,100.4983,100.5456,0.0473
154.84,100.4983,100.5458,0.0474
154.88,100.4983,100.546,0.0476
154.92000000000002,100.4983,100.5461,0.0477
154.96,100.4983,100.5463,0.0479
155.0,100.4983,100.5465,0.0481
155.04,100.4983,100.5466,0.0483
155.08,100.4983,100.5468,0.0485
155.12,100.4983,100.547,0.0486
155.16,100.4989,100.5471,0.0482
155.20000000000002,100.4989,100.5473,0.0484
155.24,100.4989,100.5475,0.0486
155.28,100.4989,100.5477,0.0488
155.32,100.4989,100.5479,0.049
155.36,100.4989,100.5481,0.0492
155.4,100.4989,100.5482,0.0493
155.44,100.4989,100.5484,0.0495
155.48,100.4989,100.5486,0.0497
155.52,100.4989,100.5487,0.0498
155.56,100.4989,100.5489,0.05
155.6,100.4989,100.5491,0.0502
155.64000000000001,100.4989,100.5492,0.0503
155.68,100.4989,100.5494,0.0505
155.72,100.4989,100.5496,0.0507
155.76,100.4989,100.5497,0.0508
155.8,100.4989,100.5499,0.051
155.84,100.4989,100.5501,0.0512
155.88,100.4989,100.5502,0.0513
155.92000000000002,100.4989,100.5504,0.0515
155.96,100.4993,100.5505,0.0512
156.0,100.4993,100.5507,0.0513
156.04,100.4993,100.5508,0.0515
156.08,100.4993,100.551,0.0517
156.12,100.4993,100.5511,0.0518
156.16,100.4993,100.5513,0.052
156.20000000000002,100.4993,100.5515,0.0522
156.24,100.4993,100.5517,0.0524
156.28,100.4993,100.5519,0.0526
156.32,100.4993,100.552,0.0527
156.36,100.4993,100.5522,0.0529
156.4,100.4993,100.5524,0.0531
156.44,100.4993,100.5525,0.0532
156.48,100.4993,100.5527,0.0534
156.52,100.4993,100.5528,0.0535
156.56,100.4993,100.553,0.0537
156.6,100.4993,100.5532,0.0539
156.64000000000001,100.4993,100.5534,0.0541
156.68,100.4993,100.5535,0.0542
156.72,100.4993,100.5537,0.0544
156.76,100.4995,100.5538,0.0542
156.8,100.4995,100.554,0.0544
156.84,100.4995,100.5542,0.0546
156.88,100.4995,100.5544,0.0548
156.92000000000002,100.4995,100.5545,0.0549
156.96,100.4995,100.5546,0.055
157.0,100.4995,100.5548,0.0552
157.04,100.4995,100.5549,0.0553
157.08,100.4995,100.5551,0.0555
157.12,100.4995,100.5552,0.0557
157.16,100.4995,100.5553,0.0558
157.20000000000002,100.4995,100.5555,0.0559
157.24,100.4995,100.5556,0.056
157.28,100.4995,100.5558,0.0563
157.32,100.4995,100.556,0.0564
157.36,100.4995,100.5562,0.0566
157.4,100.4995,100.5563,0.0567
157.44,100.4995,100.5565,0.0569
157.48,100.4995,100.5566,0.057
157.52,100.4995,100.5568,0.0572
157.56,100.4997,100.5569,0.0571
157.6,100.4997,100.5571,0.0574
157.64000000000001,100.4997,100.5573,0.0575
157.68,100.4997,100.5575,0.0577
157.72,100.4997,100.5577,0.0579
157.76,100.4997,100.5578,0.0581
157.8,100.4997,100.558,0.0582
157.84,100.4997,100.5582,0.0584
157.88,100.4997,100.5583,0.0586
157.92000000000002,100.4997,100.5585,0.0587
157.96,100.4997,100.5586,0.0588
158.0,100.4997,100.5588,0.059
158.04,100.4997,100.5589,0.0591
158.08,100.4997,100.5591,0.0593
158.12,100.4997,100.5592,0.0594
158.16,100.4997,100.5594,0.0596
158.20000000000002,100.4997,100.5596,0.0598
158.24,100.4997,100.5597,0.0599
158.28,100.4997,100.5599,0.0601
158.32,100.4997,100.5601,0.0603
158.36,100.4998,100.5603,0.0604
158.4,100.4998,100.5605,0.0606
158.44,100.4998,100.5606,0.0607
158.48,100.4998,100.5608,0.0609
158.52,100.4998,100.561,0.0611
158.56,100.4998,100.5611,0.0612
158.6,100.4998,100.5613,0.0614
158.64000000000001,100.4998,100.5614,0.0615
158.68,100.4998,100.5616,0.0617
158.72,100.4998,100.5617,0.0618
158.76,100.4998,100.5619,0.062
158.8,100.4998,100.5621,0.0622
158.84,100.4998,100.5622,0.0623
158.88,100.4998,100.5623,0.0624
158.92000000000002,100.4998,100.5625,0.0626
158.96,100.4998,100.5626,0.0627
159.0,100.4998,100.5628,0.0629
159.04,100.4998,100.563,0.0631
159.08,100.4998,100.5631,0.0632
159.12,100.4998,100.5633,0.0634
159.16,100.4999,100.5634,0.0635
159.20000000000002,100.4999,100.5636,0.0637
159.24,100.4999,100.5638,0.0638
159.28,100.4999,100.5639,0.0639
159.32,100.4999,100.5641,0.0641
159.36,100.4999,100.5642,0.0643
159.4,100.4999,100.5643,0.0644
159.44,100.4999,100.5645,0.0645
159.48,100.4999,100.5646,0.0646
159.52,100.4999,100.5647,0.0648
159.56,100.4999,100.5648,0.0648
159.6,100.4999,100.565,0.065
159.64000000000001,100.4999,100.5651,0.0652
159.68,100.4999,100.5652,0.0653
159.72,100.4999,100.5654,0.0654
159.76,100.4999,100.5655,0.0656
159.8,100.4999,100.5656,0.0657
159.84,100.4999,100.5657,0.0657
159.88,100.4999,100.5658,0.0658
159.92000000000002,100.4999,100.5659,0.0659
159.96,100.4999,100.566,0.066
160.0,100.4999,100.5661,0.0662
160.04,100.4999,100.5662,0.0662
160.08,100.4999,100.5664,0.0664
160.12,100.4999,100.5666,0.0666
160.16,100.4999,100.5667,0.0667
160.20000000000002,100.4999,100.5668,0.0669
160.24,100.4999,100.567,0.067
160.28,100.4999,100.5671,0.0672
160.32,100.4999,100.5673,0.0673
160.36,100.4999,100.5675,0.0675
160.4,100.4999,100.5676,0.0677
160.44,100.4999,100.5678,0.0678
160.48,100.4999,100.5679,0.0679
160.52,100.4999,100.5681,0.0681
160.56,100.4999,100.5682,0.0682
160.6,100.4999,100.5683,0.0683
160.64000000000001,100.4999,100.5685,0.0685
160.68,100.4999,100.5686,0.0686
160.72,100.4999,100.5688,0.0688
160.76,100.5,100.5689,0.0689
160.8,100.5,100.569,0.069
160.84,100.5,100.5691,0.0691
160.88,100.5,100.5692,0.0692
160.92000000000002,100.5,100.5694,0.0694
160.96,100.5,100.5695,0.0695
161.0,100.5,100.5696,0.0696
161.04,100.5,100.5697,0.0697
161.08,100.5,100.5698,0.0698
161.12,100.5,100.5699,0.0699
161.16,100.5,100.57,0.07
161.20000000000002,100.5,100.5701,0.0701
161.24,100.5,100.5702,0.0702
161.28,100.5,100.5703,0.0703
161.32,100.5,100.5704,0.0704
161.36,100.5,100.5705,0.0705
161.4,100.5,100.5706,0.0706
161.44,100.5,100.5707,0.0707
161.48,100.5,100.5708,0.0708
161.52,100.5,100.571,0.071
161.56,100.5,100.571,0.071
161.6,100.5,100.5711,0.0711
161.64000000000001,100.5,100.5712,0.0712
161.68,100.5,100.5713,0.0713
161.72,100.5,100.5714,0.0714
161.76,100.5,100.5715,0.0715
161.8,100.5,100.5716,0.0717
161.84,100.5,100.5717,0.0718
161.88,100.5,100.5718,0.0719
161.92000000000002,100.5,100.572,0.072
161.96,100.5,100.5721,0.0721
162.0,100.5,100.5722,0.0722
162.04,100.5,100.5723,0.0723
162.08,100.5,100.5724,0.0724
162.12,100.5,100.5725,0.0725
162.16,100.5,100.5727,0.0727
162.20000000000002,100.5,100.5728,0.0728
162.24,100.5,100.5729,0.0729
162.28,100.5,100.573,0.073
162.32,100.5,100.5731,0.0731
162.36,100.4999,100.5732,0.0732
162.4,100.4999,100.5733,0.0733
162.44,100.4999,100.5734,0.0734
162.48,100.4999,100.5735,0.0735
162.52,100.4999,100.5736,0.0736
162.56,100.4999,100.5737,0.0737
162.6,100.4999,100.5737,0.0738
162.64000000000001,100.4999,100.5739,0.0739
162.68,100.4999,100.574,0.074
162.72,100.4999,100.5741,0.0741
162.76,100.4999,100.5742,0.0742
162.8,100.4999,100.5743,0.0743
162.84,100.4999,100.5743,0.0743
162.88,100.4999,100.5744,0.0744
162.92000000000002,100.4999,100.5745,0.0745
162.96,100.4999,100.5746,0.0746
163.0,100.4999,100.5747,0.0747
163.04,100.4999,100.5749,0.0749
163.08,100.4999,100.575,0.075
163.12,100.4999,100.5751,0.0751
163.16,100.4999,100.5752,0.0752
163.20000000000002,100.4999,100.5753,0.0753
163.24,100.4999,100.5753,0.0754
163.28,100.4999,100.5754,0.0754
163.32,100.4999,100.5755,0.0755
163.36,100.4999,100.5756,0.0756
163.4,100.4999,100.5756,0.0757
163.44,100.4999,100.5757,0.0758
163.48,100.4999,100.5758,0.0758
163.52,100.4999,100.5759,0.0759
163.56,100.4999,100.5759,0.076
163.6,100.4999,100.576,0.076
163.64000000000001,100.4999,100.576,0.0761
163.68,100.4999,100.5761,0.0761
163.72,100.4999,100.5761,0.0762
163.76,100.4999,100.5763,0.0763
163.8,100.4999,100.5763,0.0764
163.84,100.4999,100.5764,0.0764
163.88,100.4999,100.5764,0.0765
163.92000000000002,100.4999,100.5765,0.0765
163.96,100.4998,100.5765,0.0766
164.0,100.4998,100.5766,0.0767
164.04,100.4998,100.5766,0.0767
164.08,100.4998,100.5767,0.0768
164.12,100.4998,100.5767,0.0768
164.16,100.4998,100.5768,0.0769
164.20000000000002,100.4998,100.5768,0.077
164.24,100.4998,100.5769,0.077
164.28,100.4998,100.577,0.0771
164.32,100.4998,100.577,0.0771
164.36,100.4998,100.5771,0.0772
164.4,100.4998,100.5772,0.0773
164.44,100.4998,100.5773,0.0774
164.48,100.4998,100.5773,0.0774
164.52,100.4998,100.5774,0.0775
164.56,100.4998,100.5774,0.0775
164.6,100.4998,100.5775,0.0776
164.64000000000001,100.4998,100.5775,0.0776
164.68,100.4998,100.5776,0.0777
164.72,100.4998,100.5776,0.0777
164.76,100.4997,100.5777,0.0779
164.8,100.4997,100.5777,0.0779
164.84,100.4997,100.5777,0.078
164.88,100.4997,100.5778,0.078
164.92000000000002,100.4997,100.5778,0.078
164.96,100.4997,100.5778,0.0781
165.0,100.4997,100.5779,0.0781
165.04,100.4997,100.5779,0.0782
165.08,100.4997,100.5779,0.0782
165.12,100.4997,100.578,0.0782
165.16,100.4997,100.578,0.0782
165.20000000000002,100.4997,100.578,0.0782
165.24,100.4997,100.5781,0.0783
165.28,100.4997,100.5781,0.0783
165.32,100.4997,100.5781,0.0783
165.36,100.4997,100.5782,0.0784
165.4,100.4997,100.5782,0.0784
165.44,100.4997,100.5782,0.0784
165.48,100.4997,100.5783,0.0785
165.52,100.4997,100.5783,0.0785
165.56,100.4995,100.5783,0.0787
165.6,100.4995,100.5783,0.0787
165.64000000000001,100.4995,100.5784,0.0788
165.68,100.4995,100.5784,0.0788
165.72,100.4995,100.5784,0.0788
165.76,100.4995,100.5785,0.0789
165.8,100.4995,100.5785,0.0789
165.84,100.4995,100.5786,0.079
165.88,100.4995,100.5786,0.079
165.92000000000002,100.4995,100.5786,0.0791
165.96,100.4995,100.5787,0.0791
166.0,100.4995,100.5787,0.0791
166.04,100.4995,100.5788,0.0792
166.08,100.4995,100.5788,0.0792
166.12,100.4995,100.5788,0.0793
166.16,100.4995,100.5789,0.0793
166.20000000000002,100.4995,100.5789,0.0793
166.24,100.4995,100.5789,0.0793
166.28,100.4995,100.5789,0.0793
166.32,100.4995,100.5789,0.0793
166.36,100.4993,100.579,0.0797
166.4,100.4993,100.579,0.0797
166.44,100.4993,100.5791,0.0797
166.48,100.4993,100.5791,0.0798
166.52,100.4993,100.5792,0.0799
166.56,100.4993,100.5792,0.0799
166.6,100.4993,100.5792,0.0799
166.64000000000001,100.4993,100.5792,0.0799
166.68,100.4993,100.5792,0.0799
166.72,100.4993,100.5793,0.08
166.76,100.4993,100.5793,0.08
166.8,100.4993,100.5793,0.08
166.84,100.4993,100.5794,0.0801
166.88,100.4993,100.5794,0.0801
166.92000000000002,100.4993,100.5794,0.0801
166.96,100.4993,100.5795,0.0801
167.0,100.4993,100.5795,0.0801
167.04,100.4993,100.5795,0.0802
167.08,100.4993,100.5795,0.0802
167.12,100.4993,100.5796,0.0803
167.16,100.4989,100.5796,0.0807
167.20000000000002,100.4989,100.5797,0.0808
167.24,100.4989,100.5797,0.0808
167.28,100.4989,100.5797,0.0808
167.32,100.4989,100.5798,0.0809
167.36,100.4989,100.5798,0.0809
167.4,100.4989,100.5798,0.0809
167.44,100.4989,100.5798,0.0809
167.48,100.4989,100.5798,0.0809
167.52,100.4989,100.5799,0.081
167.56,100.4989,100.5799,0.081
167.6,100.4989,100.58,0.0811
167.64000000000001,100.4989,100.5801,0.0812
167.68,100.4989,100.5801,0.0812
167.72,100.4989,100.5802,0.0813
167.76,100.4989,100.5802,0.0813
167.8,100.4989,100.5802,0.0813
167.84,100.4989,100.5802,0.0813
167.88,100.4989,100.5802,0.0813
167.92000000000002,100.4989,100.5803,0.0814
167.96,100.4983,100.5802,0.0819
168.0,100.4983,100.5803,0.0819
168.04,100.4983,100.5803,0.0819
168.08,100.4983,100.5803,0.0819
168.12,100.4983,100.5803,0.082
168.16,100.4983,100.5803,0.082
168.20000000000002,100.4983,100.5804,0.082
168.24,100.4983,100.5804,0.082
168.28,100.4983,100.5804,0.0821
168.32,100.4983,100.5805,0.0821
168.36,100.4983,100.5805,0.0821
168.4,100.4983,100.5805,0.0821
168.44,100.4983,100.5805,0.0822
168.48,100.4983,100.5805,0.0822
168.52,100.4983,100.5806,0.0822
168.56,100.4983,100.5806,0.0822
168.6,100.4983,100.5806,0.0822
168.64000000000001,100.4983,100.5806,0.0822
168.68,100.4983,100.5806,0.0822
168.72,100.4983,100.5806,0.0823
168.76,100.4977,100.5806,0.0829
168.8,100.4977,100.5806,0.0829
168.84,100.4977,100.5807,0.083
168.88,100.4977,100.5806,0.0829
168.92000000000002,100.4977,100.5806,0.0829
168.96,100.4977,100.5806,0.0829
169.0,100.4977,100.5806,0.0829
169.04,100.4977,100.5806,0.0829
169.08,100.4977,100.5806,0.0829
169.12,100.4977,100.5806,0.0829
169.16,100.4977,100.5806,0.0829
169.20000000000002,100.4977,100.5806,0.0829
169.24,100.4977,100.5806,0.0829
169.28,100.4977,100.5806,0.0829
169.32,100.4977,100.5806,0.0829
169.36,100.4977,100.5806,0.0829
169.4,100.4977,100.5806,0.0829
169.44,100.4977,100.5807,0.083
169.48,100.4977,100.5806,0.0829
169.52,100.4977,100.5806,0.0829
169.56,100.4968,100.5806,0.0837
169.6,100.4968,100.5806,0.0837
169.64000000000001,100.4968,100.5806,0.0838
169.68,100.4968,100.5806,0.0838
169.72,100.4968,100.5806,0.0838
169.76,100.4968,100.5806,0.0838
169.8,100.4968,100.5806,0.0837
169.84,100.4968,100.5806,0.0837
169.88,100.4968,100.5806,0.0837
169.92000000000002,100.4968,100.5806,0.0837
169.96,100.4968,100.5805,0.0836
170.0,100.4968,100.5805,0.0836
170.04,100.4968,100.5805,0.0836
170.08,100.4968,100.5804,0.0835
170.12,100.4968,100.5804,0.0835
170.16,100.4968,100.5804,0.0835
170.20000000000002,100.4968,100.5804,0.0835
170.24,100.4968,100.5804,0.0835
170.28,100.4968,100.5803,0.0835
170.32,100.4968,100.5803,0.0834
170.36,100.4958,100.5803,0.0844
170.4,100.4958,100.5803,0.0844
170.44,100.4958,100.5802,0.0844
170.48,100.4958,100.5802,0.0843
170.52,100.4958,100.5802,0.0843
170.56,100.4958,100.5802,0.0843
170.6,100.4958,100.5801,0.0843
170.64000000000001,100.4958,100.5801,0.0843
170.68,100.4958,100.5801,0.0843
170.72,100.4958,100.5801,0.0842
170.76,100.4958,100.5801,0.0842
170.8,100.4958,100.58,0.0841
170.84,100.4958,100.58,0.0841
170.88,100.4958,100.5799,0.084
170.92000000000002,100.4958,100.5799,0.084
170.96,100.4958,100.5798,0.084
171.0,100.4958,100.5798,0.0839
171.04,100.4958,100.5798,0.0839
171.08,100.4958,100.5798,0.0839
171.12,100.4958,100.5798,0.0839
171.16,100.4946,100.5798,0.0851
171.20000000000002,100.4946,100.5797,0.0851
171.24,100.4946,100.5797,0.0851
171.28,100.4946,100.5797,0.085
171.32,100.4946,100.5796,0.085
171.36,100.4946,100.5796,0.0849
171.4,100.4946,100.5796,0.0849
171.44,100.4946,100.5795,0.0848
171.48,100.4946,100.5794,0.0848
171.52,100.4946,100.5794,0.0847
171.56,100.4946,100.5794,0.0847
171.6,100.4946,100.5793,0.0846
171.64000000000001,100.4946,100.5792,0.0846
171.68,100.4946,100.5792,0.0845
171.72,100.4946,100.5791,0.0845
171.76,100.4946,100.5791,0.0844
171.8,100.4946,100.5791,0.0844
171.84,100.4946,100.5791,0.0844
171.88,100.4946,100.579,0.0843
171.92000000000002,100.4946,100.5789,0.0843
171.96,100.4932,100.5789,0.0856
172.0,100.4932,100.5789,0.0856
172.04,100.4932,100.5789,0.0856
172.08,100.4932,100.5788,0.0856
172.12,100.4932,100.5789,0.0856
172.16,100.4932,100.5788,0.0855
172.20000000000002,100.4932,100.5788,0.0855
172.24,100.4932,100.5788,0.0855
172.28,100.4932,100.5787,0.0854
172.32,100.4932,100.5786,0.0854
172.36,100.4932,100.5786,0.0853
172.4,100.4932,100.5785,0.0852
172.44,100.4932,100.5784,0.0852
172.48,100.4932,100.5783,0.085
172.52,100.4932,100.5783,0.085
172.56,100.4932,100.5782,0.0849
172.6,100.4932,100.5782,0.0849
172.64000000000001,100.4932,100.5781,0.0848
172.68,100.4932,100.578,0.0847
172.72,100.4932,100.578,0.0847
172.76,100.4916,100.5779,0.0862
172.8,100.4916,100.5778,0.0861
172.84,100.4916,100.5778,0.0861
172.88,100.4916,100.5777,0.086
172.92000000000002,100.4916,100.5776,0.0859
172.96,100.4916,100.5775,0.0859
173.0,100.4916,100.5775,0.0858
173.04,100.4916,100.5774,0.0857
173.08,100.4916,100.5773,0.0857
173.12,100.4916,100.5773,0.0856
173.16,100.4916,100.5773,0.0856
173.20000000000002,100.4916,100.5772,0.0855
173.24,100.4916,100.5772,0.0855
173.28,100.4916,100.5771,0.0854
173.32,100.4916,100.577,0.0853
173.36,100.4916,100.5769,0.0852
173.4,100.4916,100.5768,0.0851
173.44,100.4916,100.5768,0.0851
173.48,100.4916,100.5767,0.085
173.52,100.4916,100.5766,0.0849
173.56,100.4898,100.5765,0.0867
173.6,100.4898,100.5765,0.0866
173.64000000000001,100.4898,100.5765,0.0866
173.68,100.4898,100.5764,0.0865
173.72,100.4898,100.5763,0.0865
173.76,100.4898,100.5763,0.0864
173.8,100.4898,100.5762,0.0863
173.84,100.4898,100.5761,0.0862
173.88,100.4898,100.576,0.0861
173.92000000000002,100.4898,100.576,0.0861
173.96,100.4898,100.5759,0.086
174.0,100.4898,100.5758,0.0859
174.04,100.4898,100.5757,0.0859
174.08,100.4898,100.5757,0.0858
174.12,100.4898,100.5756,0.0857
174.16,100.4898,100.5756,0.0857
174.20000000000002,100.4898,100.5755,0.0856
174.24,100.4898,100.5754,0.0855
174.28,100.4898,100.5753,0.0855
174.32,100.4898,100.5753,0.0854
174.36,100.4878,100.5752,0.0874
174.4,100.4878,100.5751,0.0873
174.44,100.4878,100.5751,0.0872
174.48,100.4878,100.575,0.0871
174.52,100.4878,100.5749,0.0871
174.56,100.4878,100.5749,0.0871
174.6,100.4878,100.5748,0.087
174.64000000000001,100.4878,100.5748,0.087
174.68,100.4878,100.5747,0.0869
174.72,100.4878,100.5746,0.0868
174.76,100.4878,100.5745,0.0867
174.8,100.4878,100.5745,0.0867
174.84,100.4878,100.5744,0.0866
174.88,100.4878,100.5743,0.0865
174.92000000000002,100.4878,100.5743,0.0864
174.96,100.4878,100.5742,0.0864
175.0,100.4878,100.5741,0.0863
175.04,100.4878,100.5741,0.0863
175.08,100.4878,100.574,0.0862
175.12,100.4878,100.574,0.0861
175.16,100.4855,100.5739,0.0883
175.20000000000002,100.4855,100.5738,0.0882
175.24,100.4855,100.5737,0.0881
175.28,100.4855,100.5736,0.088
175.32,100.4855,100.5735,0.0879
175.36,100.4855,100.5733,0.0878
175.4,100.4855,100.5732,0.0877
175.44,100.4855,100.5732,0.0876
175.48,100.4855,100.5731,0.0876
175.52,100.4855,100.5731,0.0875
175.56,100.4855,100.573,0.0875
175.6,100.4855,100.5729,0.0874
175.64000000000001,100.4855,100.5728,0.0873
175.68,100.4855,100.5728,0.0872
175.72,100.4855,100.5727,0.0872
175.76,100.4855,100.5727,0.0871
175.8,100.4855,100.5726,0.0871
175.84,100.4855,100.5725,0.087
175.88,100.4855,100.5725,0.0869
175.92000000000002,100.4855,100.5724,0.0869
175.96,100.483,100.5724,0.0893
176.0,100.483,100.5723,0.0892
176.04,100.483,100.5722,0.0891
176.08,100.483,100.5721,0.0891
176.12,100.483,100.572,0.089
176.16,100.483,100.572,0.0889
176.20000000000002,100.483,100.5719,0.0888
176.24,100.483,100.5718,0.0888
176.28,100.483,100.5718,0.0887
176.32,100.483,100.5717,0.0887
176.36,100.483,100.5717,0.0886
176.4,100.483,100.5716,0.0886
176.44,100.483,100.5716,0.0886
176.48,100.483,100.5715,0.0885
176.52,100.483,100.5715,0.0884
176.56,100.483,100.5714,0.0884
176.6,100.483,100.5713,0.0883
176.64000000000001,100.483,100.5713,0.0882
176.68,100.483,100.5712,0.0882
176.72,100.483,100.5711,0.0881
176.76,100.4802,100.5711,0.0908
176.8,100.4802,100.571,0.0907
176.84,100.4802,100.5709,0.0906
176.88,100.4802,100.5709,0.0906
176.92000000000002,100.4802,100.5708,0.0905
176.96,100.4802,100.5707,0.0905
177.0,100.4802,100.5707,0.0904
177.04,100.4802,100.5706,0.0904
177.08,100.4802,100.5706,0.0903
177.12,100.4802,100.5704,0.0901
177.16,100.4802,100.5704,0.0901
177.20000000000002,100.4802,100.5703,0.09
177.24,100.4802,100.5702,0.0899
177.28,100.4802,100.5701,0.0898
177.32,100.4802,100.57,0.0897
177.36,100.4802,100.5699,0.0896
177.4,100.4802,100.5698,0.0896
177.44,100.4802,100.5697,0.0895
177.48,100.4802,100.5697,0.0894
177.52,100.4802,100.5696,0.0893
177.56,100.4772,100.5695,0.0922
177.6,100.4772,100.5694,0.0921
177.64000000000001,100.4772,100.5694,0.0921
177.68,100.4772,100.5693,0.092
177.72,100.4772,100.5692,0.092
177.76,100.4772,100.5692,0.0919
177.8,100.4772,100.5691,0.0919
177.84,100.4772,100.5691,0.0918
177.88,100.4772,100.569,0.0917
177.92000000000002,100.4772,100.5689,0.0917
177.96,100.4772,100.5689,0.0916
178.0,100.4772,100.5688,0.0915
178.04,100.4772,100.5688,0.0915
178.08,100.4772,100.5688,0.0915
178.12,100.4772,100.5687,0.0914
178.16,100.4772,100.5686,0.0914
178.20000000000002,100.4772,100.5686,0.0913
178.24,100.4772,100.5685,0.0912
178.28,100.4772,100.5685,0.0912
178.32,100.4772,100.5683,0.0911
178.36,100.474,100.5683,0.0943
178.4,100.474,100.5683,0.0943
178.44,100.474,100.5683,0.0942
178.48,100.474,100.5682,0.0942
178.52,100.474,100.5682,0.0942
178.56,100.474,100.5682,0.0942
178.6,100.474,100.5682,0.0942
178.64000000000001,100.474,100.5682,0.0941
178.68,100.474,100.5681,0.0941
178.72,100.474,100.5681,0.094
178.76,100.474,100.568,0.094
178.8,100.474,100.568,0.094
178.84,100.474,100.5679,0.0939
178.88,100.474,100.5679,0.0939
178.92000000000002,100.474,100.5678,0.0938
178.96,100.474,100.5678,0.0938
179.0,100.474,100.5678,0.0937
179.04,100.474,100.5677,0.0937
179.08,100.474,100.5676,0.0936
179.12,100.474,100.5675,0.0935
179.16,100.4705,100.5675,0.097
179.20000000000002,100.4705,100.5675,0.0969
179.24,100.4705,100.5674,0.0968
179.28,100.4705,100.5673,0.0968
179.32,100.4705,100.5673,0.0967
179.36,100.4705,100.5672,0.0967
179.4,100.4705,100.5671,0.0966
179.44,100.4705,100.567,0.0965
179.48,100.4705,100.567,0.0964
179.52,100.4705,100.5668,0.0963
179.56,100.4705,100.5668,0.0962
179.6,100.4705,100.5667,0.0962
179.64000000000001,100.4705,100.5666,0.0961
179.68,100.4705,100.5665,0.096
179.72,100.4705,100.5665,0.0959
179.76,100.4705,100.5665,0.0959
179.8,100.4705,100.5664,0.0959
179.84,100.4705,100.5664,0.0958
179.88,100.4705,100.5664,0.0958
179.92000000000002,100.4705,100.5663,0.0958
179.96,100.4668,100.5663,0.0995
180.0,100.4668,100.5662,0.0994
180.04,100.4668,100.5661,0.0993
180.08,100.4668,100.5661,0.0993
180.12,100.4668,100.5661,0.0993
180.16,100.4668,100.566,0.0992
180.20000000000002,100.4668,100.566,0.0992
180.24,100.4668,100.5659,0.0991
180.28,100.4668,100.5659,0.0991
180.32,100.4668,100.5659,0.0991
180.36,100.4668,100.5658,0.099
180.4,100.4668,100.5658,0.099
180.44,100.4668,100.5657,0.0989
180.48,100.4668,100.5657,0.0989
180.52,100.4668,100.5657,0.0989
180.56,100.4668,100.5656,0.0988
180.6,100.4668,100.5656,0.0988
180.64000000000001,100.4668,100.5655,0.0987
180.68,100.4668,100.5655,0.0987
180.72,100.4668,100.5655,0.0987
180.76,100.4628,100.5655,0.1026
180.8,100.4628,100.5654,0.1026
180.84,100.4628,100.5653,0.1025
180.88,100.4628,100.5653,0.1025
180.92000000000002,100.4628,100.5652,0.1024
180.96,100.4628,100.5651,0.1023
181.0,100.4628,100.5651,0.1023
181.04,100.4628,100.565,0.1022
181.08,100.4628,100.565,0.1022
181.12,100.4628,100.565,0.1022
181.16,100.4628,100.565,0.1021
181.20000000000002,100.4628,100.565,0.1021
181.24,100.4628,100.5648,0.102
181.28,100.4628,100.5648,0.102
181.32,100.4628,100.5648,0.1019
181.36,100.4628,100.5647,0.1019
181.4,100.4628,100.5647,0.1019
181.44,100.4628,100.5646,0.1018
181.48,100.4628,100.5646,0.1017
181.52,100.4628,100.5645,0.1017
181.56,100.4586,100.5645,0.1059
181.6,100.4586,100.5644,0.1058
181.64000000000001,100.4586,100.5643,0.1057
181.68,100.4586,100.5643,0.1057
181.72,100.4586,100.5643,0.1056
181.76,100.4586,100.5642,0.1055
181.8,100.4586,100.5641,0.1055
181.84,100.4586,100.564,0.1054
181.88,100.4586,100.564,0.1054
181.92000000000002,100.4586,100.5639,0.1053
181.96,100.4586,100.5638,0.1052
182.0,100.4586,100.5638,0.1052
182.04,100.4586,100.5637,0.1051
182.08,100.4586,100.5636,0.105
182.12,100.4586,100.5636,0.1049
182.16,100.4586,100.5635,0.1048
182.20000000000002,100.4586,100.5634,0.1048
182.24,100.4586,100.5633,0.1047
182.28,100.4586,100.5633,0.1046
182.32,100.4586,100.5632,0.1046
182.36,100.4541,100.5631,0.1089
182.4,100.4541,100.563,0.1089
182.44,100.4541,100.5629,0.1088
182.48,100.4541,100.5629,0.1087
182.52,100.4541,100.5628,0.1086
182.56,100.4541,100.5627,0.1085
182.6,100.4541,100.5627,0.1085
182.64000000000001,100.4541,100.5625,0.1084
182.68,100.4541,100.5625,0.1083
182.72,100.4541,100.5624,0.1082
182.76,100.4541,100.5623,0.1081
182.8,100.4541,100.5623,0.1081
182.84,100.4541,100.5622,0.108
182.88,100.4541,100.5622,0.108
182.92000000000002,100.4541,100.5621,0.1079
182.96,100.4541,100.5619,0.1077
183.0,100.4541,100.5618,0.1076
183.04,100.4541,100.5617,0.1075
183.08,100.4541,100.5616,0.1074
183.12,100.4541,100.5615,0.1073
183.16,100.4495,100.5614,0.1119
183.20000000000002,100.4495,100.5613,0.1118
183.24,100.4495,100.5611,0.1116
183.28,100.4495,100.561,0.1115
183.32,100.4495,100.5608,0.1113
183.36,100.4495,100.5607,0.1112
183.4,100.4495,100.5606,0.111
183.44,100.4495,100.5604,0.1109
183.48,100.4495,100.5603,0.1108
183.52,100.4495,100.5601,0.1106
183.56,100.4495,100.56,0.1105
183.6,100.4495,100.5599,0.1104
183.64000000000001,100.4495,100.5598,0.1102
183.68,100.4495,100.5596,0.1101
183.72,100.4495,100.5595,0.11
183.76,100.4495,100.5594,0.1099
183.8,100.4495,100.5593,0.1098
183.84,100.4495,100.5592,0.1097
183.88,100.4495,100.5591,0.1096
183.92000000000002,100.4495,100.5589,0.1094
183.96,100.4446,100.5588,0.1141
184.0,100.4446,100.5587,0.114
184.04,100.4446,100.5585,0.1138
184.08,100.4446,100.5584,0.1137
184.12,100.4446,100.5583,0.1136
184.16,100.4446,100.5581,0.1134
184.20000000000002,100.4446,100.558,0.1133
184.24,100.4446,100.5579,0.1132
184.28,100.4446,100.5577,0.1131
184.32,100.4446,100.5576,0.1129
184.36,100.4446,100.5575,0.1128
184.4,100.4446,100.5573,0.1126
184.44,100.4446,100.5571,0.1125
184.48,100.4446,100.557,0.1123
184.52,100.4446,100.5568,0.1121
184.56,100.4446,100.5566,0.112
184.6,100.4446,100.5565,0.1118
184.64000000000001,100.4446,100.5564,0.1117
184.68,100.4446,100.5562,0.1115
184.72,100.4446,100.5561,0.1114
184.76,100.4396,100.5559,0.1163
184.8,100.4396,100.5558,0.1161
184.84,100.4396,100.5556,0.116
184.88,100.4396,100.5554,0.1158
184.92000000000002,100.4396,100.5552,0.1156
184.96,100.4396,100.5551,0.1154
185.0,100.4396,100.5549,0.1153
185.04,100.4396,100.5547,0.1151
185.08,100.4396,100.5545,0.1149
185.12,100.4396,100.5543,0.1147
185.16,100.4396,100.5542,0.1146
185.20000000000002,100.4396,100.554,0.1144
185.24,100.4396,100.5539,0.1143
185.28,100.4396,100.5537,0.1141
185.32,100.4396,100.5536,0.114
185.36,100.4396,100.5534,0.1138
185.4,100.4396,100.5533,0.1136
185.44,100.4396,100.5531,0.1135
185.48,100.4396,100.5529,0.1133
185.52,100.4396,100.5528,0.1132
185.56,100.4343,100.5527,0.1183
185.6,100.4343,100.5526,0.1182
185.64000000000001,100.4343,100.5525,0.1181
185.68,100.4343,100.5523,0.1179
185.72,100.4343,100.5522,0.1178
185.76,100.4343,100.552,0.1177
185.8,100.4343,100.5519,0.1175
185.84,100.4343,100.5517,0.1173
185.88,100.4343,100.5515,0.1172
185.92000000000002,100.4343,100.5514,0.117
185.96,100.4343,100.5512,0.1169
186.0,100.4343,100.5511,0.1167
186.04,100.4343,100.5509,0.1165
186.08,100.4343,100.5507,0.1163
186.12,100.4343,100.5505,0.1162
186.16,100.4343,100.5503,0.116
186.20000000000002,100.4343,100.5502,0.1158
186.24,100.4343,100.55,0.1156
186.28,100.4343,100.5498,0.1155
186.32,100.4343,100.5497,0.1153
186.36,100.4289,100.5495,0.1206
186.4,100.4289,100.5494,0.1204
186.44,100.4289,100.5493,0.1203
186.48,100.4289,100.5491,0.1201
186.52,100.4289,100.549,0.1201
186.56,100.4289,100.5488,0.1198
186.6,100.4289,100.5486,0.1197
186.64000000000001,100.4289,100.5485,0.1195
186.68,100.4289,100.5483,0.1193
186.72,100.4289,100.5482,0.1192
186.76,100.4289,100.548,0.1191
186.8,100.4289,100.5478,0.1189
186.84,100.4289,100.5477,0.1187
186.88,100.4289,100.5476,0.1186
186.92000000000002,100.4289,100.5474,0.1184
186.96,100.4289,100.5472,0.1183
187.0,100.4289,100.547,0.1181
187.04,100.4289,100.5468,0.1178
187.08,100.4289,100.5466,0.1177
187.12,100.4289,100.5464,0.1175
187.16,100.4233,100.5463,0.1229
187.20000000000002,100.4233,100.5461,0.1227
187.24,100.4233,100.546,0.1226
187.28,100.4233,100.5458,0.1224
187.32,100.4233,100.5456,0.1222
187.36,100.4233,100.5454,0.1221
187.4,100.4233,100.5453,0.1219
187.44,100.4233,100.545,0.1217
187.48,100.4233,100.5448,0.1215
187.52,100.4233,100.5446,0.1212
187.56,100.4233,100.5444,0.121
187.6,100.4233,100.5442,0.1208
187.64000000000001,100.4233,100.544,0.1207
187.68,100.4233,100.5438,0.1205
187.72,100.4233,100.5437,0.1203
187.76,100.4233,100.5435,0.1201
187.8,100.4233,100.5433,0.12
187.84,100.4233,100.5431,0.1197
187.88,100.4233,100.5429,0.1195
187.92000000000002,100.4233,100.5427,0.1193
187.96,100.4176,100.5425,0.1248
188.0,100.4176,100.5423,0.1247
188.04,100.4176,100.5422,0.1245
188.08,100.4176,100.542,0.1243
188.12,100.4176,100.5418,0.1242
188.16,100.4176,100.5416,0.124
188.20000000000002,100.4176,100.5414,0.1238
188.24,100.4176,100.5413,0.1236
188.28,100.4176,100.5411,0.1234
188.32,100.4176,100.5409,0.1232
188.36,100.4176,100.5407,0.1231
188.4,100.4176,100.5405,0.1229
188.44,100.4176,100.5403,0.1226
188.48,100.4176,100.5401,0.1224
188.52,100.4176,100.5398,0.1222
188.56,100.4176,100.5396,0.122
188.6,100.4176,100.5394,0.1218
188.64000000000001,100.4176,100.5392,0.1216
188.68,100.4176,100.5391,0.1214
188.72,100.4176,100.5388,0.1212
188.76,100.4118,100.5386,0.1268
188.8,100.4118,100.5384,0.1266
188.84,100.4118,100.5381,0.1263
188.88,100.4118,100.5379,0.1261
188.92000000000002,100.4118,100.5377,0.1259
188.96,100.4118,100.5375,0.1257
189.0,100.4118,100.5373,0.1254
189.04,100.4118,100.5371,0.1253
189.08,100.4118,100.5368,0.125
189.12,100.4118,100.5367,0.1249
189.16,100.4118,100.5365,0.1247
189.20000000000002,100.4118,100.5362,0.1244
189.24,100.4118,100.536,0.1242
189.28,100.4118,100.5358,0.124
189.32,100.4118,100.5356,0.1238
189.36,100.4118,100.5354,0.1236
189.4,100.4118,100.5352,0.1234
189.44,100.4118,100.535,0.1232
189.48,100.4118,100.5348,0.123
189.52,100.4118,100.5345,0.1227
189.56,100.4058,100.5343,0.1285
189.6,100.4058,100.5341,0.1283
189.64000000000001,100.4058,100.5339,0.1281
189.68,100.4058,100.5337,0.1279
189.72,100.4058,100.5335,0.1276
189.76,100.4058,100.5333,0.1275
189.8,100.4058,100.5331,0.1272
189.84,100.4058,100.5329,0.1271
189.88,100.4058,100.5327,0.1268
189.92000000000002,100.4058,100.5324,0.1266
189.96,100.4058,100.5322,0.1264
190.0,100.4058,100.532,0.1262
190.04,100.4058,100.5318,0.126
190.08,100.4058,100.5316,0.1257
190.12,100.4058,100.5314,0.1255
190.16,100.4058,100.5311,0.1253
190.20000000000002,100.4058,100.531,0.1251
190.24,100.4058,100.5308,0.125
190.28,100.4058,100.5305,0.1247
190.32,100.4058,100.5304,0.1245
190.36,100.3997,100.5302,0.1304
190.4,100.3997,100.53,0.1302
190.44,100.3997,100.5297,0.1299
190.48,100.3997,100.5295,0.1297
190.52,100.3997,100.5293,0.1295
190.56,100.3997,100.5291,0.1293
190.6,100.3997,100.5289,0.1291
190.64000000000001,100.3997,100.5287,0.1289
190.68,100.3997,100.5285,0.1287
190.72,100.3997,100.5283,0.1285
190.76,100.3997,100.5281,0.1283
190.8,100.3997,100.5279,0.1281
190.84,100.3997,100.5276,0.1278
190.88,100.3997,100.5274,0.1276
190.92000000000002,100.3997,100.5272,0.1274
190.96,100.3997,100.5269,0.1271
191.0,100.3997,100.5266,0.1268
191.04,100.3997,100.5264,0.1266
191.08,100.3997,100.5261,0.1264
191.12,100.3997,100.5259,0.1262
191.16,100.3936,100.5257,0.132
191.20000000000002,100.3936,100.5254,0.1318
191.24,100.3936,100.5252,0.1315
191.28,100.3936,100.5249,0.1313
191.32,100.3936,100.5247,0.1311
191.36,100.3936,100.5245,0.1308
191.4,100.3936,100.5242,0.1306
191.44,100.3936,100.524,0.1304
191.48000000000002,100.3936,100.5237,0.1301
191.52,100.3936,100.5235,0.1298
191.56,100.3936,100.5232,0.1296
191.6,100.3936,100.523,0.1293
191.64000000000001,100.3936,100.5227,0.1291
191.68,100.3936,100.5225,0.1288
191.72,100.3936,100.5222,0.1286
191.76,100.3936,100.522,0.1283
191.8,100.3936,100.5217,0.1281
191.84,100.3936,100.5215,0.1278
191.88,100.3936,100.5211,0.1275
191.92000000000002,100.3936,100.5209,0.1272
191.96,100.3874,100.5206,0.1331
192.0,100.3874,100.5203,0.1329
192.04,100.3874,100.5201,0.1326
192.08,100.3874,100.5198,0.1324
192.12,100.3874,100.5196,0.1321
192.16,100.3874,100.5194,0.1319
192.20000000000002,100.3874,100.5191,0.1317
192.24,100.3874,100.5189,0.1314
192.28,100.3874,100.5186,0.1312
192.32,100.3874,100.5184,0.1309
192.36,100.3874,100.5181,0.1306
192.4,100.3874,100.5178,0.1304
192.44,100.3874,100.5176,0.1301
192.48000000000002,100.3874,100.5173,0.1298
192.52,100.3874,100.517,0.1296
192.56,100.3874,100.5168,0.1293
192.6,100.3874,100.5165,0.1291
192.64000000000001,100.3874,100.5163,0.1288
192.68,100.3874,100.516,0.1286
192.72,100.3874,100.5158,0.1284
192.76,100.3812,100.5156,0.1343
192.8,100.3812,100.5153,0.1341
192.84,100.3812,100.5151,0.1339
192.88,100.3812,100.5148,0.1336
192.92000000000002,100.3812,100.5146,0.1333
192.96,100.3812,100.5143,0.1331
193.0,100.3812,100.514,0.1328
193.04,100.3812,100.5137,0.1325
193.08,100.3812,100.5135,0.1323
193.12,100.3812,100.5133,0.132
193.16,100.3812,100.513,0.1318
193.20000000000002,100.3812,100.5128,0.1315
193.24,100.3812,100.5125,0.1313
193.28,100.3812,100.5122,0.131
193.32,100.3812,100.512,0.1308
193.36,100.3812,100.5117,0.1305
193.4,100.3812,100.5114,0.1302
193.44,100.3812,100.5111,0.1299
193.48000000000002,100.3812,100.5109,0.1296
193.52,100.3812,100.5106,0.1294
193.56,100.375,100.5103,0.1353
193.6,100.375,100.51,0.135
193.64000000000001,100.375,100.5098,0.1348
193.68,100.375,100.5095,0.1345
193.72,100.375,100.5092,0.1342
193.76,100.375,100.5089,0.1339
193.8,100.375,100.5086,0.1336
193.84,100.375,100.5083,0.1333
193.88,100.375,100.508,0.133
193.92000000000002,100.375,100.5077,0.1327
193.96,100.375,100.5074,0.1324
194.0,100.375,100.5071,0.1321
194.04,100.375,100.5069,0.1319
194.08,100.375,100.5066,0.1316
194.12,100.375,100.5063,0.1313
194.16,100.375,100.5061,0.1311
194.20000000000002,100.375,100.5058,0.1308
194.24,100.375,100.5055,0.1305
194.28,100.375,100.5053,0.1303
194.32,100.375,100.505,0.13
194.36,100.3686,100.5047,0.136
194.4,100.3686,100.5045,0.1358
194.44,100.3686,100.5042,0.1355
194.48000000000002,100.3686,100.5039,0.1352
194.52,100.3686,100.5036,0.1349
194.56,100.3686,100.5033,0.1346
194.6,100.3686,100.503,0.1343
194.64000000000001,100.3686,100.5027,0.1341
194.68,100.3686,100.5025,0.1338
194.72,100.3686,100.5022,0.1335
194.76,100.3686,100.5019,0.1333
194.8,100.3686,100.5016,0.1329
194.84,100.3686,100.5013,0.1326
194.88,100.3686,100.501,0.1324
194.92000000000002,100.3686,100.5008,0.1321
194.96,100.3686,100.5005,0.1318
195.0,100.3686,100.5003,0.1316
195.04,100.3686,100.5001,0.1314
195.08,100.3686,100.4998,0.1311
195.12,100.3686,100.4996,0.1309
195.16,100.3623,100.4993,0.137
195.20000000000002,100.3623,100.4991,0.1367
195.24,100.3623,100.4988,0.1364
195.28,100.3623,100.4985,0.1361
195.32,100.3623,100.4983,0.1359
195.36,100.3623,100.498,0.1356
195.4,100.3623,100.4977,0.1353
195.44,100.3623,100.4974,0.1351
195.48000000000002,100.3623,100.4971,0.1347
195.52,100.3623,100.4969,0.1345
195.56,100.3623,100.4966,0.1342
195.6,100.3623,100.4963,0.1339
195.64000000000001,100.3623,100.496,0.1336
195.68,100.3623,100.4957,0.1333
195.72,100.3623,100.4954,0.133
195.76,100.3623,100.4951,0.1328
195.8,100.3623,100.4948,0.1324
195.84,100.3623,100.4945,0.1321
195.88,100.3623,100.4942,0.1318
195.92000000000002,100.3623,100.4939,0.1315
195.96,100.356,100.4935,0.1375
196.0,100.356,100.4932,0.1371
196.04,100.356,100.4929,0.1368
196.08,100.356,100.4926,0.1365
196.12,100.356,100.4923,0.1362
196.16,100.356,100.492,0.1359
196.20000000000002,100.356,100.4916,0.1355
196.24,100.356,100.4913,0.1352
196.28,100.356,100.491,0.1349
196.32,100.356,100.4906,0.1345
196.36,100.356,100.4903,0.1342
196.4,100.356,100.49,0.1339
196.44,100.356,100.4897,0.1336
196.48000000000002,100.356,100.4894,0.1333
196.52,100.356,100.4891,0.133
196.56,100.356,100.4888,0.1327
196.6,100.356,100.4885,0.1324
196.64000000000001,100.356,100.4882,0.1321
196.68,100.356,100.4878,0.1317
196.72,100.356,100.4875,0.1314
196.76,100.3497,100.4872,0.1374
196.8,100.3497,100.4869,0.1371
196.84,100.3497,100.4866,0.1368
196.88,100.3497,100.4863,0.1365
196.92000000000002,100.3497,100.4859,0.1362
196.96,100.3497,100.4856,0.1359
197.0,100.3497,100.4853,0.1355
197.04,100.3497,100.485,0.1352
197.08,100.3497,100.4847,0.1349
197.12,100.3497,100.4844,0.1346
197.16,100.3497,100.4841,0.1343
197.20000000000002,100.3497,100.4837,0.1339
197.24,100.3497,100.4834,0.1337
197.28,100.3497,100.4831,0.1334
197.32,100.3497,100.4828,0.133
197.36,100.3497,100.4825,0.1327
197.4,100.3497,100.4822,0.1324
197.44,100.3497,100.4819,0.1321
197.48000000000002,100.3497,100.4816,0.1318
197.52,100.3497,100.4813,0.1315
197.56,100.3434,100.481,0.1375
197.6,100.3434,100.4806,0.1371
197.64000000000001,100.3434,100.4803,0.1368
197.68,100.3434,100.48,0.1365
197.72,100.3434,100.4797,0.1362
197.76,100.3434,100.4794,0.1359
197.8,100.3434,100.4791,0.1356
197.84,100.3434,100.4787,0.1353
197.88,100.3434,100.4785,0.135
197.92000000000002,100.3434,100.4782,0.1347
197.96,100.3434,100.4779,0.1344
198.0,100.3434,100.4776,0.1341
198.04,100.3434,100.4773,0.1338
198.08,100.3434,100.477,0.1335
198.12,100.3434,100.4766,0.1332
198.16,100.3434,100.4764,0.1329
198.20000000000002,100.3434,100.476,0.1325
198.24,100.3434,100.4757,0.1322
198.28,100.3434,100.4754,0.1319
198.32,100.3434,100.475,0.1315
198.36,100.3371,100.4747,0.1376
198.4,100.3371,100.4744,0.1372
198.44,100.3371,100.4741,0.1369
198.48000000000002,100.3371,100.4737,0.1366
198.52,100.3371,100.4734,0.1362
198.56,100.3371,100.4731,0.136
198.6,100.3371,100.4728,0.1356
198.64000000000001,100.3371,100.4725,0.1353
198.68,100.3371,100.4722,0.135
198.72,100.3371,100.4718,0.1346
198.76,100.3371,100.4715,0.1344
198.8,100.3371,100.4712,0.134
198.84,100.3371,100.4709,0.1338
198.88,100.3371,100.4706,0.1334
198.92000000000002,100.3371,100.4703,0.1331
198.96,100.3371,100.47,0.1329
199.0,100.3371,100.4697,0.1325
199.04,100.3371,100.4694,0.1322
199.08,100.3371,100.4691,0.1319
199.12,100.3371,100.4688,0.1316
199.16,100.3308,100.4685,0.1376
199.20000000000002,100.3308,100.4682,0.1373
199.24,100.3308,100.4678,0.137
199.28,100.3308,100.4676,0.1367
199.32,100.3308,100.4672,0.1364
199.36,100.3308,100.467,0.1361
199.4,100.3308,100.4667,0.1358
199.44,100.3308,100.4664,0.1355
199.48000000000002,100.3308,100.4661,0.1352
199.52,100.3308,100.4658,0.1349
199.56,100.3308,100.4655,0.1346
199.6,100.3308,100.4652,0.1343
199.64000000000001,100.3308,100.4649,0.134
199.68,100.3308,100.4645,0.1337
199.72,100.3308,100.4642,0.1333
199.76,100.3308,100.4639,0.133
199.8,100.3308,100.4636,0.1327
199.84,100.3308,100.4633,0.1324
199.88,100.3308,100.463,0.1321
199.92000000000002,100.3308,100.4627,0.1318
199.96,100.3245,100.4624,0.1378
200.0,100.3245,100.4621,0.1375
200.04,100.3245,100.4617,0.1372
200.08,100.3245,100.4615,0.1369
200.12,100.3245,100.4611,0.1365
200.16,100.3245,100.4608,0.1362
200.20000000000002,100.3245,100.4606,0.136
200.24,100.3245,100.4602,0.1357
200.28,100.3245,100.46,0.1354
200.32,100.3245,100.4596,0.1351
200.36,100.3245,100.4593,0.1348
200.4,100.3245,100.4591,0.1345
200.44,100.3245,100.4588,0.1342
200.48000000000002,100.3245,100.4585,0.1339
200.52,100.3245,100.4582,0.1336
200.56,100.3245,100.4579,0.1333
200.6,100.3245,100.4576,0.133
200.64000000000001,100.3245,100.4573,0.1327
200.68,100.3245,100.457,0.1324
200.72,100.3245,100.4567,0.1321
200.76,100.3182,100.4564,0.1381
200.8,100.3182,100.4561,0.1378
200.84,100.3182,100.4558,0.1375
200.88,100.3182,100.4555,0.1372
200.92000000000002,100.3182,100.4552,0.1369
200.96,100.3182,100.4548,0.1366
201.0,100.3182,100.4545,0.1363
201.04,100.3182,100.4542,0.136
201.08,100.3182,100.4539,0.1357
201.12,100.3182,100.4536,0.1353
201.16,100.3182,100.4533,0.1351
201.20000000000002,100.3182,100.4531,0.1348
201.24,100.3182,100.4527,0.1345
201.28,100.3182,100.4524,0.1342
201.32,100.3182,100.4521,0.1338
201.36,100.3182,100.4518,0.1335
201.4,100.3182,100.4515,0.1332
201.44,100.3182,100.4512,0.1329
201.48000000000002,100.3182,100.4509,0.1326
201.52,100.3182,100.4505,0.1323
201.56,100.3119,100.4502,0.1383
201.6,100.3119,100.45,0.138
201.64000000000001,100.3119,100.4496,0.1377
201.68,100.3119,100.4494,0.1374
201.72,100.3119,100.449,0.1371
201.76,100.3119,100.4487,0.1367
201.8,100.3119,100.4483,0.1364
201.84,100.3119,100.448,0.136
201.88,100.3119,100.4477,0.1357
201.92000000000002,100.3119,100.4473,0.1354
201.96,100.3119,100.447,0.1351
202.0,100.3119,100.4468,0.1348
202.04,100.3119,100.4464,0.1345
202.08,100.3119,100.4462,0.1342
202.12,100.3119,100.4458,0.1338
202.16,100.3119,100.4455,0.1335
202.20000000000002,100.3119,100.4451,0.1332
202.24,100.3119,100.4448,0.1328
202.28,100.3119,100.4445,0.1325
202.32,100.3119,100.4441,0.1322
202.36,100.3056,100.4438,0.1382
202.4,100.3056,100.4435,0.1379
202.44,100.3056,100.4432,0.1375
202.48000000000002,100.3056,100.4429,0.1372
202.52,100.3056,100.4426,0.1369
202.56,100.3056,100.4422,0.1366
202.6,100.3056,100.4419,0.1362
202.64000000000001,100.3056,100.4416,0.1359
202.68,100.3056,100.4413,0.1356
202.72,100.3056,100.4409,0.1353
202.76,100.3056,100.4406,0.1349
202.8,100.3056,100.4402,0.1346
202.84,100.3056,100.4399,0.1343
202.88,100.3056,100.4396,0.134
202.92000000000002,100.3056,100.4393,0.1337
202.96,100.3056,100.439,0.1333
203.0,100.3056,100.4386,0.133
203.04,100.3056,100.4383,0.1327
203.08,100.3056,100.438,0.1323
203.12,100.3056,100.4377,0.132
203.16,100.2993,100.4373,0.138
203.20000000000002,100.2993,100.437,0.1377
203.24,100.2993,100.4366,0.1373
203.28,100.2993,100.4363,0.137
203.32,100.2993,100.436,0.1366
203.36,100.2993,100.4356,0.1363
203.4,100.2993,100.4353,0.1359
203.44,100.2993,100.4349,0.1355
203.48000000000002,100.2993,100.4346,0.1352
203.52,100.2993,100.4342,0.1349
203.56,100.2993,100.4339,0.1345
203.6,100.2993,100.4335,0.1342
203.64000000000001,100.2993,100.4332,0.1338
203.68,100.2993,100.4328,0.1335
203.72,100.2993,100.4325,0.1332
203.76,100.2993,100.4322,0.1328
203.8,100.2993,100.4319,0.1326
203.84,100.2993,100.4315,0.1322
203.88,100.2993,100.4312,0.1319
203.92000000000002,100.2993,100.4308,0.1315
203.96,100.293,100.4304,0.1374
204.0,100.293,100.4301,0.1371
204.04,100.293,100.4298,0.1367
204.08,100.293,100.4294,0.1364
204.12,100.293,100.4291,0.136
204.16,100.293,100.4288,0.1357
204.20000000000002,100.293,100.4284,0.1354
204.24,100.293,100.4281,0.135
204.28,100.293,100.4278,0.1347
204.32,100.293,100.4274,0.1344
204.36,100.293,100.4271,0.134
204.4,100.293,100.4267,0.1337
204.44,100.293,100.4263,0.1333
204.48000000000002,100.293,100.426,0.133
204.52,100.293,100.4257,0.1327
204.56,100.293,100.4254,0.1323
204.6,100.293,100.425,0.1319
204.64000000000001,100.293,100.4246,0.1316
204.68,100.293,100.4243,0.1312
204.72,100.293,100.424,0.1309
204.76,100.2867,100.4236,0.1369
204.8,100.2867,100.4232,0.1365
204.84,100.2867,100.4229,0.1361
204.88,100.2867,100.4225,0.1358
204.92000000000002,100.2867,100.4222,0.1355
204.96,100.2867,100.4219,0.1351
205.0,100.2867,100.4216,0.1348
205.04,100.2867,100.4212,0.1345
205.08,100.2867,100.4209,0.1341
205.12,100.2867,100.4206,0.1338
205.16,100.2867,100.4202,0.1334
205.20000000000002,100.2867,100.4198,0.1331
205.24,100.2867,100.4195,0.1327
205.28,100.2867,100.4191,0.1324
205.32,100.2867,100.4188,0.1321
205.36,100.2867,100.4185,0.1318
205.4,100.2867,100.4182,0.1315
205.44,100.2867,100.4179,0.1311
205.48000000000002,100.2867,100.4176,0.1309
205.52,100.2867,100.4173,0.1305
205.56,100.2804,100.4169,0.1365
205.6,100.2804,100.4166,0.1361
205.64000000000001,100.2804,100.4162,0.1358
205.68,100.2804,100.4159,0.1355
205.72,100.2804,100.4155,0.1351
205.76,100.2804,100.4152,0.1348
205.8,100.2804,100.4149,0.1345
205.84,100.2804,100.4146,0.1341
205.88,100.2804,100.4143,0.1338
205.92000000000002,100.2804,100.4139,0.1335
205.96,100.2804,100.4136,0.1332
206.0,100.2804,100.4133,0.1328
206.04,100.2804,100.4129,0.1325
206.08,100.2804,100.4126,0.1321
206.12,100.2804,100.4123,0.1318
206.16,100.2804,100.4119,0.1315
206.20000000000002,100.2804,100.4116,0.1311
206.24,100.2804,100.4112,0.1307
206.28,100.2804,100.4108,0.1304
206.32,100.2804,100.4105,0.1301
206.36,100.2741,100.4102,0.136
206.4,100.2741,100.4098,0.1357
206.44,100.2741,100.4095,0.1354
206.48000000000002,100.2741,100.4092,0.135
206.52,100.2741,100.4088,0.1347
206.56,100.2741,100.4085,0.1344
206.6,100.2741,100.4082,0.1341
206.64000000000001,100.2741,100.408,0.1338
206.68,100.2741,100.4076,0.1334
206.72,100.2741,100.4073,0.1331
206.76,100.2741,100.4069,0.1328
206.8,100.2741,100.4065,0.1324
206.84,100.2741,100.4062,0.132
206.88,100.2741,100.4058,0.1316
206.92000000000002,100.2741,100.4054,0.1312
206.96,100.2741,100.405,0.1309
207.0,100.2741,100.4046,0.1305
207.04,100.2741,100.4043,0.1301
207.08,100.2741,100.4039,0.1297
207.12,100.2741,100.4035,0.1294
207.16,100.2678,100.4032,0.1354
207.20000000000002,100.2678,100.4028,0.135
207.24,100.2678,100.4025,0.1346
207.28,100.2678,100.4021,0.1342
207.32,100.2678,100.4017,0.1339
207.36,100.2678,100.4014,0.1335
207.4,100.2678,100.401,0.1332
207.44,100.2678,100.4006,0.1328
207.48000000000002,100.2678,100.4002,0.1324
207.52,100.2678,100.3999,0.132
207.56,100.2678,100.3995,0.1316
207.6,100.2678,100.3991,0.1313
207.64000000000001,100.2678,100.3988,0.1309
207.68,100.2678,100.3984,0.1306
207.72,100.2678,100.398,0.1302
207.76,100.2678,100.3977,0.1299
207.8,100.2678,100.3974,0.1295
207.84,100.2678,100.397,0.1291
207.88,100.2678,100.3966,0.1288
207.92000000000002,100.2678,100.3962,0.1284
207.96,100.2615,100.3958,0.1343
208.0,100.2615,100.3955,0.1339
208.04,100.2615,100.3951,0.1336
208.08,100.2615,100.3947,0.1332
208.12,100.2615,100.3944,0.1328
208.16,100.2615,100.394,0.1324
208.20000000000002,100.2615,100.3936,0.1321
208.24,100.2615,100.3933,0.1317
208.28,100.2615,100.3929,0.1313
208.32,100.2615,100.3925,0.1309
208.36,100.2615,100.3921,0.1306
208.4,100.2615,100.3918,0.1302
208.44,100.2615,100.3913,0.1298
208.48000000000002,100.2615,100.3909,0.1294
208.52,100.2615,100.3906,0.129
208.56,100.2615,100.3901,0.1286
208.6,100.2615,100.3898,0.1282
208.64000000000001,100.2615,100.3894,0.1278
208.68,100.2615,100.389,0.1274
208.72,100.2615,100.3886,0.127
208.76,100.2552,100.3882,0.133
208.8,100.2552,100.3878,0.1326
208.84,100.2552,100.3875,0.1322
208.88,100.2552,100.3871,0.1318
208.92000000000002,100.2552,100.3867,0.1314
208.96,100.2552,100.3863,0.1311
209.0,100.2552,100.3859,0.1307
209.04,100.2552,100.3855,0.1303
209.08,100.2552,100.3852,0.1299
209.12,100.2552,100.3848,0.1296
209.16,100.2552,100.3844,0.1291
209.20000000000002,100.2552,100.384,0.1287
209.24,100.2552,100.3836,0.1284
209.28,100.2552,100.3832,0.128
209.32,100.2552,100.3828,0.1276
209.36,100.2552,100.3825,0.1272
209.4,100.2552,100.3821,0.1268
209.44,100.2552,100.3817,0.1265
209.48000000000002,100.2552,100.3814,0.1261
209.52,100.2552,100.381,0.1258
209.56,100.2489,100.3806,0.1317
209.6,100.2489,100.3802,0.1313
209.64000000000001,100.2489,100.3798,0.1309
209.68,100.2489,100.3795,0.1305
209.72,100.2489,100.379,0.1301
209.76,100.2489,100.3786,0.1297
209.8,100.2489,100.3783,0.1293
209.84,100.2489,100.3778,0.1289
209.88,100.2489,100.3775,0.1286
209.92000000000002,100.2489,100.3771,0.1282
209.96,100.2489,100.3768,0.1278
210.0,100.2489,100.3764,0.1275
210.04,100.2489,100.376,0.1271
210.08,100.2489,100.3757,0.1268
210.12,100.2489,100.3753,0.1264
210.16,100.2489,100.3749,0.1259
210.20000000000002,100.2489,100.3745,0.1256
210.24,100.2489,100.3741,0.1252
210.28,100.2489,100.3737,0.1247
210.32,100.2489,100.3733,0.1244
210.36,100.2426,100.3729,0.1303
210.4,100.2426,100.3726,0.13
210.44,100.2426,100.3723,0.1296
210.48000000000002,100.2426,100.3719,0.1293
210.52,100.2426,100.3715,0.1289
210.56,100.2426,100.3711,0.1285
210.6,100.2426,100.3708,0.1281
210.64000000000001,100.2426,100.3704,0.1278
210.68,100.2426,100.37,0.1274
210.72,100.2426,100.3697,0.127
210.76,100.2426,100.3693,0.1266
210.8,100.2426,100.3689,0.1262
210.84,100.2426,100.3685,0.1258
210.88,100.2426,100.3681,0.1254
210.92000000000002,100.2426,100.3677,0.1251
210.96,100.2426,100.3673,0.1247
211.0,100.2426,100.367,0.1243
211.04,100.2426,100.3666,0.1239
211.08,100.2426,100.3662,0.1235
211.12,100.2426,100.3658,0.1232
211.16,100.2363,100.3655,0.1291
211.20000000000002,100.2363,100.3651,0.1287
211.24,100.2363,100.3647,0.1283
211.28,100.2363,100.3643,0.1279
211.32,100.2363,100.3639,0.1275
211.36,100.2363,100.3635,0.1271
211.4,100.2363,100.3631,0.1267
211.44,100.2363,100.3627,0.1263
211.48000000000002,100.2363,100.3623,0.1259
211.52,100.2363,100.3619,0.1256
211.56,100.2363,100.3615,0.1252
211.6,100.2363,100.3611,0.1248
211.64000000000001,100.2363,100.3607,0.1244
211.68,100.2363,100.3603,0.124
211.72,100.2363,100.36,0.1236
211.76,100.2363,100.3596,0.1232
211.8,100.2363,100.3592,0.1228
211.84,100.2363,100.3587,0.1224
211.88,100.2363,100.3583,0.122
211.92000000000002,100.2363,100.3579,0.1216
211.96,100.23,100.3575,0.1275
212.0,100.23,100.3571,0.1271
212.04,100.23,100.3567,0.1267
212.08,100.23,100.3563,0.1262
212.12,100.23,100.3559,0.1258
212.16,100.23,100.3555,0.1254
212.20000000000002,100.23,100.3551,0.125
212.24,100.23,100.3546,0.1246
212.28,100.23,100.3542,0.1241
212.32,100.23,100.3538,0.1237
212.36,100.23,100.3534,0.1233
212.4,100.23,100.353,0.1229
212.44,100.23,100.3525,0.1225
212.48000000000002,100.23,100.3522,0.1221
212.52,100.23,100.3518,0.1217
212.56,100.23,100.3514,0.1213
212.6,100.23,100.351,0.121
212.64000000000001,100.23,100.3506,0.1206
212.68,100.23,100.3502,0.1201
212.72,100.23,100.3498,0.1197
212.76,100.2237,100.3493,0.1256
212.8,100.2237,100.349,0.1252
212.84,100.2237,100.3486,0.1249
212.88,100.2237,100.3482,0.1244
212.92000000000002,100.2237,100.3477,0.124
212.96,100.2237,100.3473,0.1236
213.0,100.2237,100.3469,0.1231
213.04,100.2237,100.3465,0.1228
213.08,100.2237,100.3461,0.1223
213.12,100.2237,100.3456,0.1219
213.16,100.2237,100.3452,0.1215
213.20000000000002,100.2237,100.3447,0.121
213.24,100.2237,100.3444,0.1207
213.28,100.2237,100.344,0.1202
213.32,100.2237,100.3436,0.1198
213.36,100.2237,100.3431,0.1194
213.4,100.2237,100.3427,0.119
213.44,100.2237,100.3423,0.1186
213.48000000000002,100.2237,100.3419,0.1182
213.52,100.2237,100.3415,0.1178
213.56,100.2174,100.3411,0.1236
213.6,100.2174,100.3407,0.1232
213.64000000000001,100.2174,100.3401,0.1227
213.68,100.2174,100.3397,0.1222
213.72,100.2174,100.3393,0.1219
213.76,100.2174,100.3389,0.1214
213.8,100.2174,100.3384,0.121
213.84,100.2174,100.338,0.1205
213.88,100.2174,100.3375,0.1201
213.92000000000002,100.2174,100.3371,0.1197
213.96,100.2174,100.3367,0.1192
214.0,100.2174,100.3362,0.1188
214.04,100.2174,100.3358,0.1184
214.08,100.2174,100.3354,0.118
214.12,100.2174,100.3349,0.1175
214.16,100.2174,100.3345,0.1171
214.20000000000002,100.2174,100.3341,0.1166
214.24,100.2174,100.3336,0.1162
214.28,100.2174,100.3333,0.1158
214.32,100.2174,100.3329,0.1154
214.36,100.2111,100.3324,0.1213
214.4,100.2111,100.332,0.1208
214.44,100.2111,100.3316,0.1204
214.48000000000002,100.2111,100.3311,0.12
214.52,100.2111,100.3308,0.1196
214.56,100.2111,100.3303,0.1192
214.6,100.2111,100.3299,0.1188
214.64000000000001,100.2111,100.3295,0.1184
214.68,100.2111,100.3291,0.118
214.72,100.2111,100.3287,0.1175
214.76,100.2111,100.3282,0.1171
214.8,100.2111,100.3278,0.1167
214.84,100.2111,100.3274,0.1163
214.88,100.2111,100.327,0.1159
214.92000000000002,100.2111,100.3266,0.1154
214.96,100.2111,100.3261,0.115
215.0,100.2111,100.3257,0.1146
215.04,100.2111,100.3253,0.1142
215.08,100.2111,100.3249,0.1138
215.12,100.2111,100.3245,0.1134
215.16,100.2048,100.3241,0.1193
215.20000000000002,100.2048,100.3237,0.1189
215.24,100.2048,100.3233,0.1185
215.28,100.2048,100.3229,0.1181
215.32,100.2048,100.3225,0.1177
215.36,100.2048,100.3221,0.1172
215.4,100.2048,100.3216,0.1168
215.44,100.2048,100.3212,0.1164
215.48000000000002,100.2048,100.3208,0.116
215.52,100.2048,100.3204,0.1156
215.56,100.2048,100.32,0.1152
215.6,100.2048,100.3196,0.1148
215.64000000000001,100.2048,100.3192,0.1143
215.68,100.2048,100.3187,0.1139
215.72,100.2048,100.3183,0.1135
215.76,100.2048,100.3179,0.1131
215.8,100.2048,100.3174,0.1126
215.84,100.2048,100.317,0.1121
215.88,100.2048,100.3165,0.1117
215.92000000000002,100.2048,100.3161,0.1113
215.96,100.1985,100.3157,0.1172
216.0,100.1985,100.3153,0.1167
216.04,100.1985,100.3148,0.1163
216.08,100.1985,100.3144,0.1159
216.12,100.1985,100.314,0.1155
216.16,100.1985,100.3136,0.1151
216.20000000000002,100.1985,100.3132,0.1147
216.24,100.1985,100.3128,0.1143
216.28,100.1985,100.3123,0.1138
216.32,100.1985,100.3119,0.1134
216.36,100.1985,100.3115,0.113
216.4,100.1985,100.3111,0.1126
216.44,100.1985,100.3106,0.1121
216.48000000000002,100.1985,100.3102,0.1117
216.52,100.1985,100.3099,0.1113
216.56,100.1985,100.3095,0.111
216.6,100.1985,100.3091,0.1106
216.64000000000001,100.1985,100.3087,0.1102
216.68,100.1985,100.3083,0.1098
216.72,100.1985,100.3079,0.1093
216.76,100.1922,100.3075,0.1152
216.8,100.1922,100.307,0.1148
216.84,100.1922,100.3067,0.1144
216.88,100.1922,100.3062,0.114
216.92000000000002,100.1922,100.3058,0.1136
216.96,100.1922,100.3054,0.1132
217.0,100.1922,100.305,0.1128
217.04,100.1922,100.3046,0.1123
217.08,100.1922,100.3042,0.1119
217.12,100.1922,100.3038,0.1116
217.16,100.1922,100.3033,0.1111
217.20000000000002,100.1922,100.3029,0.1107
217.24,100.1922,100.3025,0.1103
217.28,100.1922,100.3021,0.1099
217.32,100.1922,100.3017,0.1095
217.36,100.1922,100.3013,0.1091
217.4,100.1922,100.3009,0.1087
217.44,100.1922,100.3005,0.1083
217.48000000000002,100.1922,100.3,0.1078
217.52,100.1922,100.2996,0.1074
217.56,100.1859,100.2992,0.1133
217.6,100.1859,100.2988,0.1129
217.64000000000001,100.1859,100.2984,0.1125
217.68,100.1859,100.298,0.1121
217.72,100.1859,100.2975,0.1116
217.76,100.1859,100.2971,0.1112
217.8,100.1859,100.2967,0.1108
217.84,100.1859,100.2963,0.1104
217.88,100.1859,100.2959,0.11
217.92000000000002,100.1859,100.2954,0.1095
217.96,100.1859,100.295,0.1091
218.0,100.1859,100.2946,0.1087
218.04,100.1859,100.2942,0.1083
218.08,100.1859,100.2938,0.1079
218.12,100.1859,100.2934,0.1075
218.16,100.1859,100.293,0.1071
218.20000000000002,100.1859,100.2926,0.1067
218.24,100.1859,100.2922,0.1063
218.28,100.1859,100.2918,0.1059
218.32,100.1859,100.2914,0.1055
218.36,100.1796,100.291,0.1114
218.4,100.1796,100.2906,0.111
218.44,100.1796,100.2902,0.1106
218.48000000000002,100.1796,100.2898,0.1102
218.52,100.1796,100.2894,0.1098
218.56,100.1796,100.289,0.1094
218.6,100.1796,100.2886,0.109
218.64000000000001,100.1796,100.2881,0.1085
218.68,100.1796,100.2877,0.1081
218.72,100.1796,100.2873,0.1077
218.76,100.1796,100.2869,0.1073
218.8,100.1796,100.2866,0.1069
218.84,100.1796,100.2862,0.1065
218.88,100.1796,100.2857,0.1061
218.92000000000002,100.1796,100.2854,0.1057
218.96,100.1796,100.285,0.1054
219.0,100.1796,100.2846,0.105
219.04,100.1796,100.2842,0.1046
219.08,100.1796,100.2838,0.1042
219.12,100.1796,100.2835,0.1038
219.16,100.1733,100.2831,0.1098
219.20000000000002,100.1733,100.2827,0.1094
219.24,100.1733,100.2823,0.109
219.28,100.1733,100.2819,0.1086
219.32,100.1733,100.2815,0.1082
219.36,100.1733,100.2811,0.1078
219.4,100.1733,100.2808,0.1075
219.44,100.1733,100.2804,0.1071
219.48000000000002,100.1733,100.28,0.1067
219.52,100.1733,100.2796,0.1063
219.56,100.1733,100.2792,0.1059
219.6,100.1733,100.2788,0.1055
219.64000000000001,100.1733,100.2785,0.1051
219.68,100.1733,100.278,0.1047
219.72,100.1733,100.2776,0.1043
219.76,100.1733,100.2772,0.1039
219.8,100.1733,100.2769,0.1036
219.84,100.1733,100.2765,0.1032
219.88,100.1733,100.2761,0.1028
219.92000000000002,100.1733,100.2758,0.1025
219.96,100.167,100.2754,0.1084
220.0,100.167,100.275,0.108
220.04,100.167,100.2747,0.1077
220.08,100.167,100.2743,0.1073
220.12,100.167,100.274,0.107
220.16,100.167,100.2736,0.1066
220.20000000000002,100.167,100.2733,0.1063
220.24,100.167,100.273,0.106
220.28,100.167,100.2726,0.1056
220.32,100.167,100.2723,0.1053
220.36,100.167,100.2719,0.1049
220.4,100.167,100.2716,0.1046
220.44,100.167,100.2713,0.1043
220.48000000000002,100.167,100.2709,0.1039
220.52,100.167,100.2705,0.1035
220.56,100.167,100.2702,0.1032
220.6,100.167,100.2698,0.1028
220.64000000000001,100.167,100.2695,0.1025
220.68,100.167,100.2692,0.1022
220.72,100.167,100.2688,0.1018
220.76,100.1607,100.2685,0.1078
220.8,100.1607,100.2682,0.1075
220.84,100.1607,100.2678,0.1071
220.88,100.1607,100.2675,0.1068
220.92000000000002,100.1607,100.2671,0.1064
220.96,100.1607,100.2668,0.1061
221.0,100.1607,100.2665,0.1057
221.04,100.1607,100.2661,0.1054
221.08,100.1607,100.2658,0.1051
221.12,100.1607,100.2655,0.1048
221.16,100.1607,100.2652,0.1045
221.20000000000002,100.1607,100.2649,0.1042
221.24,100.1607,100.2645,0.1038
221.28,100.1607,100.2642,0.1035
221.32,100.1607,100.2639,0.1032
221.36,100.1607,100.2636,0.1029
221.4,100.1607,100.2632,0.1025
221.44,100.1607,100.2629,0.1022
221.48000000000002,100.1607,100.2626,0.1018
221.52,100.1607,100.2622,0.1015
221.56,100.1543,100.2619,0.1075
221.6,100.1543,100.2616,0.1072
221.64000000000001,100.1543,100.2612,0.1068
221.68,100.1543,100.2608,0.1064
221.72,100.1543,100.2605,0.1061
221.76,100.1543,100.2601,0.1057
221.8,100.1543,100.2598,0.1054
221.84,100.1543,100.2595,0.1051
221.88,100.1543,100.2592,0.1048
221.92000000000002,100.1543,100.2589,0.1045
221.96,100.1543,100.2585,0.1041
222.0,100.1543,100.2581,0.1037
222.04,100.1543,100.2578,0.1034
222.08,100.1543,100.2574,0.103
222.12,100.1543,100.2571,0.1027
222.16,100.1543,100.2567,0.1023
222.20000000000002,100.1543,100.2564,0.102
222.24,100.1543,100.256,0.1016
222.28,100.1543,100.2557,0.1013
222.32,100.1543,100.2553,0.1009
222.36,100.148,100.2549,0.1068
222.4,100.148,100.2545,0.1064
222.44,100.148,100.2541,0.1061
222.48000000000002,100.148,100.2538,0.1057
222.52,100.148,100.2535,0.1054
222.56,100.148,100.2531,0.105
222.6,100.148,100.2527,0.1046
222.64000000000001,100.148,100.2524,0.1043
222.68,100.148,100.2521,0.104
222.72,100.148,100.2517,0.1036
222.76,100.148,100.2514,0.1033
222.8,100.148,100.251,0.1029
222.84,100.148,100.2507,0.1026
222.88,100.148,100.2503,0.1022
222.92000000000002,100.148,100.25,0.1019
222.96,100.148,100.2497,0.1016
223.0,100.148,100.2493,0.1012
223.04,100.148,100.2489,0.1008
223.08,100.148,100.2486,0.1005
223.12,100.148,100.2482,0.1001
223.16,100.1417,100.2479,0.1061
223.20000000000002,100.1417,100.2476,0.1058
223.24,100.1417,100.2473,0.1055
223.28,100.1417,100.2469,0.1051
223.32,100.1417,100.2465,0.1047
223.36,100.1417,100.2462,0.1044
223.4,100.1417,100.2458,0.104
223.44,100.1417,100.2454,0.1037
223.48000000000002,100.1417,100.2451,0.1033
223.52,100.1417,100.2447,0.1029
223.56,100.1417,100.2444,0.1026
223.6,100.1417,100.244,0.1022
223.64000000000001,100.1417,100.2437,0.1019
223.68,100.1417,100.2433,0.1015
223.72,100.1417,100.2429,0.1011
223.76,100.1417,100.2425,0.1008
223.8,100.1417,100.2422,0.1004
223.84,100.1417,100.2418,0.1
223.88,100.1417,100.2414,0.0997
223.92000000000002,100.1417,100.2411,0.0993
223.96,100.1354,100.2407,0.1052
224.0,100.1354,100.2403,0.1048
224.04,100.1354,100.24,0.1045
224.08,100.1354,100.2396,0.1041
224.12,100.1354,100.2392,0.1037
224.16,100.1354,100.2389,0.1034
224.20000000000002,100.1354,100.2385,0.103
224.24,100.1354,100.2381,0.1026
224.28,100.1354,100.2377,0.1022
224.32,100.1354,100.2373,0.1018
224.36,100.1354,100.2369,0.1014
224.4,100.1354,100.2365,0.101
224.44,100.1354,100.2362,0.1007
224.48000000000002,100.1354,100.2358,0.1003
224.52,100.1354,100.2354,0.0999
224.56,100.1354,100.235,0.0995
224.6,100.1354,100.2346,0.0991
224.64000000000001,100.1354,100.2343,0.0988
224.68,100.1354,100.2339,0.0984
224.72,100.1354,100.2335,0.098
224.76,100.1291,100.2331,0.1039
224.8,100.1291,100.2327,0.1036
224.84,100.1291,100.2324,0.1032
224.88,100.1291,100.232,0.1028
224.92000000000002,100.1291,100.2317,0.1025
224.96,100.1291,100.2313,0.1021
225.0,100.1291,100.231,0.1018
225.04,100.1291,100.2306,0.1014
225.08,100.1291,100.2302,0.101
225.12,100.1291,100.2298,0.1006
225.16,100.1291,100.2295,0.1003
225.20000000000002,100.1291,100.2291,0.0999
225.24,100.1291,100.2287,0.0995
225.28,100.1291,100.2284,0.0992
225.32,100.1291,100.228,0.0988
225.36,100.1291,100.2276,0.0984
225.4,100.1291,100.2272,0.0981
225.44,100.1291,100.2269,0.0977
225.48000000000002,100.1291,100.2265,0.0973
225.52,100.1291,100.2261,0.0969
225.56,100.1228,100.2257,0.1028
225.6,100.1228,100.2254,0.1025
225.64000000000001,100.1228,100.225,0.1021
225.68,100.1228,100.2246,0.1017
225.72,100.1228,100.2242,0.1013
225.76,100.1228,100.2238,0.1009
225.8,100.1228,100.2234,0.1005
225.84,100.1228,100.223,0.1001
225.88,100.1228,100.2226,0.0997
225.92000000000002,100.1228,100.2223,0.0994
225.96,100.1228,100.2219,0.099
226.0,100.1228,100.2215,0.0986
226.04,100.1228,100.2211,0.0982
226.08,100.1228,100.2207,0.0978
226.12,100.1228,100.2203,0.0974
226.16,100.1228,100.22,0.0971
226.20000000000002,100.1228,100.2196,0.0967
226.24,100.1228,100.2192,0.0963
226.28,100.1228,100.2188,0.096
226.32,100.1228,100.2184,0.0956
226.36,100.1165,100.218,0.1015
226.4,100.1165,100.2177,0.1011
226.44,100.1165,100.2173,0.1007
226.48000000000002,100.1165,100.2169,0.1003
226.52,100.1165,100.2165,0.0999
226.56,100.1165,100.2161,0.0996
226.6,100.1165,100.2157,0.0992
226.64000000000001,100.1165,100.2154,0.0988
226.68,100.1165,100.215,0.0984
226.72,100.1165,100.2146,0.0981
226.76,100.1165,100.2143,0.0977
226.8,100.1165,100.2139,0.0973
226.84,100.1165,100.2135,0.0969
226.88,100.1165,100.213,0.0965
226.92000000000002,100.1165,100.2127,0.0961
226.96,100.1165,100.2123,0.0957
227.0,100.1165,100.2119,0.0953
227.04,100.1165,100.2115,0.0949
227.08,100.1165,100.2111,0.0945
227.12,100.1165,100.2107,0.0941
227.16,100.1102,100.2103,0.1
227.20000000000002,100.1102,100.2099,0.0996
227.24,100.1102,100.2095,0.0992
227.28,100.1102,100.2091,0.0988
227.32,100.1102,100.2087,0.0984
227.36,100.1102,100.2083,0.098
227.4,100.1102,100.2079,0.0977
227.44,100.1102,100.2076,0.0973
227.48000000000002,100.1102,100.2071,0.0969
227.52,100.1102,100.2067,0.0965
227.56,100.1102,100.2064,0.0961
227.6,100.1102,100.2059,0.0957
227.64000000000001,100.1102,100.2055,0.0953
227.68,100.1102,100.2051,0.0949
227.72,100.1102,100.2048,0.0945
227.76,100.1102,100.2044,0.0941
227.8,100.1102,100.204,0.0937
227.84,100.1102,100.2036,0.0933
227.88,100.1102,100.2032,0.0929
227.92000000000002,100.1102,100.2027,0.0925
227.96,100.1039,100.2024,0.0984
228.0,100.1039,100.2019,0.0979
228.04,100.1039,100.2016,0.0976
228.08,100.1039,100.2012,0.0972
228.12,100.1039,100.2008,0.0968
228.16,100.1039,100.2004,0.0964
228.20000000000002,100.1039,100.1999,0.096
228.24,100.1039,100.1995,0.0956
228.28,100.1039,100.1991,0.0951
228.32,100.1039,100.1987,0.0948
228.36,100.1039,100.1983,0.0944
228.4,100.1039,100.1979,0.0939
228.44,100.1039,100.1975,0.0935
228.48000000000002,100.1039,100.1971,0.0931
228.52,100.1039,100.1966,0.0927
228.56,100.1039,100.1963,0.0923
228.6,100.1039,100.1958,0.0919
228.64000000000001,100.1039,100.1954,0.0915
228.68,100.1039,100.195,0.0911
228.72,100.1039,100.1946,0.0906
228.76,100.0976,100.1943,0.0966
228.8,100.0976,100.1938,0.0962
228.84,100.0976,100.1935,0.0958
228.88,100.0976,100.193,0.0954
228.92000000000002,100.0976,100.1926,0.095
228.96,100.0976,100.1923,0.0946
229.0,100.0976,100.1918,0.0942
229.04,100.0976,100.1915,0.0938
229.08,100.0976,100.1911,0.0934
229.12,100.0976,100.1907,0.093
229.16,100.0976,100.1903,0.0926
229.20000000000002,100.0976,100.1898,0.0921
229.24,100.0976,100.1894,0.0917
229.28,100.0976,100.189,0.0913
229.32,100.0976,100.1886,0.0909
229.36,100.0976,100.1882,0.0905
229.4,100.0976,100.1878,0.0901
229.44,100.0976,100.1874,0.0897
229.48000000000002,100.0976,100.187,0.0893
229.52,100.0976,100.1865,0.0888
229.56,100.0913,100.1861,0.0947
229.6,100.0913,100.1857,0.0943
229.64000000000001,100.0913,100.1852,0.0938
229.68,100.0913,100.1848,0.0935
229.72,100.0913,100.1844,0.093
229.76,100.0913,100.184,0.0926
229.8,100.0913,100.1835,0.0921
229.84,100.0913,100.1831,0.0917
229.88,100.0913,100.1827,0.0913
229.92000000000002,100.0913,100.1823,0.0909
229.96,100.0913,100.1819,0.0905
230.0,100.0913,100.1815,0.0901
230.04,100.0913,100.1811,0.0897
230.08,100.0913,100.1807,0.0893
230.12,100.0913,100.1802,0.0889
230.16,100.0913,100.1798,0.0885
230.20000000000002,100.0913,100.1794,0.088
230.24,100.0913,100.179,0.0876
230.28,100.0913,100.1786,0.0872
230.32,100.0913,100.1782,0.0868
230.36,100.085,100.1778,0.0927
230.4,100.085,100.1774,0.0923
230.44,100.085,100.177,0.0919
230.48000000000002,100.085,100.1766,0.0916
230.52,100.085,100.1762,0.0912
230.56,100.085,100.1758,0.0908
230.6,100.085,100.1754,0.0903
230.64000000000001,100.085,100.175,0.09
230.68,100.085,100.1747,0.0896
230.72,100.085,100.1742,0.0892
230.76,100.085,100.1739,0.0888
230.8,100.085,100.1734,0.0884
230.84,100.085,100.1731,0.088
230.88,100.085,100.1726,0.0876
230.92000000000002,100.085,100.1722,0.0871
230.96,100.085,100.1718,0.0867
231.0,100.085,100.1713,0.0862
231.04,100.085,100.1709,0.0858
231.08,100.085,100.1705,0.0854
231.12,100.085,100.17,0.085
231.16,100.0787,100.1696,0.0908
231.20000000000002,100.0787,100.1692,0.0904
231.24,100.0787,100.1688,0.09
231.28,100.0787,100.1683,0.0896
231.32,100.0787,100.1679,0.0892
231.36,100.0787,100.1675,0.0887
231.4,100.0787,100.1671,0.0883
231.44,100.0787,100.1667,0.0879
231.48000000000002,100.0787,100.1663,0.0875
231.52,100.0787,100.1658,0.0871
231.56,100.0787,100.1654,0.0866
231.6,100.0787,100.165,0.0862
231.64000000000001,100.0787,100.1645,0.0858
231.68,100.0787,100.1642,0.0854
231.72,100.0787,100.1637,0.085
231.76,100.0787,100.1633,0.0845
231.8,100.0787,100.1629,0.0841
231.84,100.0787,100.1624,0.0836
231.88,100.0787,100.162,0.0832
231.92000000000002,100.0787,100.1615,0.0828
231.96,100.0724,100.1611,0.0886
232.0,100.0724,100.1607,0.0882
232.04,100.0724,100.1602,0.0877
232.08,100.0724,100.1598,0.0873
232.12,100.0724,100.1593,0.0869
232.16,100.0724,100.1589,0.0864
232.20000000000002,100.0724,100.1584,0.086
232.24,100.0724,100.158,0.0855
232.28,100.0724,100.1575,0.0851
232.32,100.0724,100.1571,0.0846
232.36,100.0724,100.1567,0.0842
232.4,100.0724,100.1562,0.0838
232.44,100.0724,100.1558,0.0833
232.48000000000002,100.0724,100.1553,0.0829
232.52,100.0724,100.1549,0.0824
232.56,100.0724,100.1544,0.082
232.6,100.0724,100.154,0.0815
232.64000000000001,100.0724,100.1536,0.0811
232.68,100.0724,100.1531,0.0806
232.72,100.0724,100.1527,0.0802
232.76,100.0661,100.1523,0.0861
232.8,100.0661,100.1518,0.0856
232.84,100.0661,100.1514,0.0852
232.88,100.0661,100.1509,0.0848
232.92000000000002,100.0661,100.1505,0.0843
232.96,100.0661,100.1501,0.0839
233.0,100.0661,100.1496,0.0835
233.04,100.0661,100.1492,0.0831
233.08,100.0661,100.1488,0.0826
233.12,100.0661,100.1483,0.0822
233.16,100.0661,100.1479,0.0817
233.20000000000002,100.0661,100.1475,0.0813
233.24,100.0661,100.1471,0.0809
233.28,100.0661,100.1466,0.0805
233.32,100.0661,100.1462,0.0801
233.36,100.0661,100.1458,0.0796
233.4,100.0661,100.1454,0.0792
233.44,100.0661,100.145,0.0788
233.48000000000002,100.0661,100.1445,0.0784
233.52,100.0661,100.1441,0.0779
233.56,100.0598,100.1436,0.0838
233.6,100.0598,100.1431,0.0833
233.64000000000001,100.0598,100.1427,0.0829
233.68,100.0598,100.1422,0.0824
233.72,100.0598,100.1418,0.0819
233.76,100.0598,100.1413,0.0815
233.8,100.0598,100.1409,0.0811
233.84,100.0598,100.1405,0.0806
233.88,100.0598,100.14,0.0802
233.92000000000002,100.0598,100.1396,0.0797
233.96,100.0598,100.1392,0.0793
234.0,100.0598,100.1388,0.0789
234.04,100.0598,100.1383,0.0784
234.08,100.0598,100.1379,0.078
234.12,100.0598,100.1375,0.0776
234.16,100.0598,100.137,0.0772
234.20000000000002,100.0598,100.1366,0.0767
234.24,100.0598,100.1362,0.0763
234.28,100.0598,100.1357,0.0759
234.32,100.0598,100.1353,0.0755
234.36,100.0535,100.1349,0.0813
234.4,100.0535,100.1344,0.0809
234.44,100.0535,100.134,0.0804
234.48000000000002,100.0535,100.1335,0.08
234.52,100.0535,100.1331,0.0795
234.56,100.0535,100.1326,0.079
234.6,100.0535,100.1322,0.0786
234.64000000000001,100.0535,100.1317,0.0782
234.68,100.0535,100.1313,0.0778
234.72,100.0535,100.1309,0.0773
234.76,100.0535,100.1305,0.0769
234.8,100.0535,100.13,0.0764
234.84,100.0535,100.1295,0.076
234.88,100.0535,100.1291,0.0755
234.92000000000002,100.0535,100.1286,0.0751
234.96,100.0535,100.1282,0.0746
235.0,100.0535,100.1278,0.0743
235.04,100.0535,100.1274,0.0739
235.08,100.0535,100.127,0.0735
235.12,100.0535,100.1266,0.073
235.16,100.0472,100.1261,0.0789
235.20000000000002,100.0472,100.1257,0.0784
235.24,100.0472,100.1252,0.078
235.28,100.0472,100.1248,0.0776
235.32,100.0472,100.1244,0.0772
235.36,100.0472,100.124,0.0768
235.4,100.0472,100.1236,0.0763
235.44,100.0472,100.1232,0.0759
235.48000000000002,100.0472,100.1227,0.0755
235.52,100.0472,100.1223,0.0751
235.56,100.0472,100.1219,0.0747
235.6,100.0472,100.1215,0.0743
235.64000000000001,100.0472,100.1211,0.0738
235.68,100.0472,100.1206,0.0734
235.72,100.0472,100.1202,0.0729
235.76,100.0472,100.1198,0.0725
235.8,100.0472,100.1194,0.0721
235.84,100.0472,100.1189,0.0717
235.88,100.0472,100.1185,0.0712
235.92000000000002,100.0472,100.118,0.0708
235.96,100.0409,100.1176,0.0766
236.0,100.0409,100.1172,0.0762
236.04,100.0409,100.1167,0.0757
236.08,100.0409,100.1163,0.0753
236.12,100.0409,100.1158,0.0748
236.16,100.0409,100.1154,0.0744
236.20000000000002,100.0409,100.1149,0.074
236.24,100.0409,100.1145,0.0735
236.28,100.0409,100.114,0.0731
236.32,100.0409,100.1136,0.0726
236.36,100.0409,100.1131,0.0721
236.4,100.0409,100.1127,0.0717
236.44,100.0409,100.1122,0.0712
236.48000000000002,100.0409,100.1117,0.0708
236.52,100.0409,100.1112,0.0703
236.56,100.0409,100.1108,0.0699
236.6,100.0409,100.1104,0.0694
236.64000000000001,100.0409,100.1099,0.0689
236.68,100.0409,100.1095,0.0685
236.72,100.0409,100.109,0.068
236.76,100.0346,100.1086,0.0739
236.8,100.0346,100.1082,0.0735
236.84,100.0346,100.1077,0.0731
236.88,100.0346,100.1073,0.0727
236.92000000000002,100.0346,100.1069,0.0722
236.96,100.0346,100.1065,0.0718
237.0,100.0346,100.106,0.0713
237.04,100.0346,100.1055,0.0708
237.08,100.0346,100.1051,0.0704
237.12,100.0346,100.1046,0.07
237.16,100.0346,100.1042,0.0695
237.20000000000002,100.0346,100.1038,0.0691
237.24,100.0346,100.1033,0.0686
237.28,100.0346,100.1029,0.0682
237.32,100.0346,100.1024,0.0678
237.36,100.0346,100.102,0.0673
237.4,100.0346,100.1016,0.0669
237.44,100.0346,100.1012,0.0665
237.48000000000002,100.0346,100.1007,0.0661
237.52,100.0346,100.1003,0.0656
237.56,100.0283,100.0998,0.0715
237.6,100.0283,100.0994,0.0711
237.64000000000001,100.0283,100.099,0.0707
237.68,100.0283,100.0986,0.0703
237.72,100.0283,100.0982,0.0699
237.76,100.0283,100.0978,0.0694
237.8,100.0283,100.0974,0.069
237.84,100.0283,100.0969,0.0686
237.88,100.0283,100.0965,0.0681
237.92000000000002,100.0283,100.0961,0.0678
237.96,100.0283,100.0957,0.0673
238.0,100.0283,100.0953,0.067
238.04,100.0283,100.0949,0.0665
238.08,100.0283,100.0945,0.0661
238.12,100.0283,100.0941,0.0657
238.16,100.0283,100.0937,0.0653
238.20000000000002,100.0283,100.0933,0.0649
238.24,100.0283,100.0928,0.0645
238.28,100.0283,100.0924,0.0641
238.32,100.0283,100.092,0.0637
238.36,100.022,100.0916,0.0696
238.4,100.022,100.0913,0.0692
238.44,100.022,100.0909,0.0688
238.48000000000002,100.022,100.0905,0.0684
238.52,100.022,100.09,0.068
238.56,100.022,100.0897,0.0676
238.6,100.022,100.0893,0.0672
238.64000000000001,100.022,100.0889,0.0668
238.68,100.022,100.0885,0.0665
238.72,100.022,100.0881,0.0661
238.76,100.022,100.0877,0.0657
238.8,100.022,100.0873,0.0653
238.84,100.022,100.087,0.0649
238.88,100.022,100.0866,0.0646
238.92000000000002,100.022,100.0862,0.0642
238.96,100.022,100.0858,0.0638
239.0,100.022,100.0855,0.0634
239.04,100.022,100.0851,0.063
239.08,100.022,100.0847,0.0626
239.12,100.022,100.0843,0.0623
239.16,100.0157,100.084,0.0682
239.20000000000002,100.0157,100.0836,0.0678
239.24,100.0157,100.0832,0.0674
239.28,100.0157,100.0828,0.0671
239.32,100.0157,100.0824,0.0667
239.36,100.0157,100.082,0.0663
239.4,100.0157,100.0817,0.066
239.44,100.0157,100.0813,0.0656
239.48000000000002,100.0157,100.0809,0.0652
239.52,100.0157,100.0805,0.0648
239.56,100.0157,100.0802,0.0644
239.6,100.0157,100.0798,0.0641
239.64000000000001,100.0157,100.0794,0.0637
239.68,100.0157,100.079,0.0633
239.72,100.0157,100.0786,0.0629
239.76,100.0157,100.0782,0.0625
239.8,100.0157,100.0779,0.0622
239.84,100.0157,100.0775,0.0618
239.88,100.0157,100.0772,0.0614
239.92000000000002,100.0157,100.0768,0.0611
239.96,100.0094,100.0764,0.067
240.0,100.0094,100.0761,0.0666
240.04,100.0094,100.0757,0.0663
240.08,100.0094,100.0753,0.0659
240.12,100.0094,100.075,0.0656
240.16,100.0094,100.0747,0.0652
240.20000000000002,100.0094,100.0743,0.0649
240.24,100.0094,100.074,0.0646
240.28,100.0094,100.0736,0.0642
240.32,100.0094,100.0733,0.0638
240.36,100.0094,100.0729,0.0634
240.4,100.0094,100.0725,0.0631
240.44,100.0094,100.0722,0.0628
240.48000000000002,100.0094,100.0719,0.0624
240.52,100.0094,100.0716,0.0621
240.56,100.0094,100.0712,0.0618
240.6,100.0094,100.0709,0.0614
240.64000000000001,100.0094,100.0705,0.061
240.68,100.0094,100.0701,0.0607
240.72,100.0094,100.0698,0.0604
240.76,100.0031,100.0695,0.0663
240.8,100.0031,100.0691,0.066
240.84,100.0031,100.0688,0.0656
240.88,100.0031,100.0684,0.0653
240.92000000000002,100.0031,100.0681,0.0649
240.96,100.0031,100.0677,0.0646
241.0,100.0031,100.0674,0.0643
241.04,100.0031,100.0671,0.064
241.08,100.0031,100.0667,0.0636
241.12,100.0031,100.0664,0.0632
241.16,100.0031,100.066,0.0629
241.20000000000002,100.0031,100.0657,0.0626
241.24,100.0031,100.0654,0.0622
241.28,100.0031,100.0651,0.0619
241.32,100.0031,100.0647,0.0616
241.36,100.0031,100.0644,0.0612
241.4,100.0031,100.064,0.0609
241.44,100.0031,100.0637,0.0606
241.48000000000002,100.0031,100.0634,0.0603
241.52,100.0031,100.0631,0.06
241.56,99.9968,100.0628,0.0659
241.6,99.9968,100.0625,0.0656
241.64000000000001,99.9968,100.0621,0.0653
241.68,99.9968,100.0618,0.065
241.72,99.9968,100.0615,0.0647
241.76,99.9968,100.0611,0.0643
241.8,99.9968,100.0608,0.064
241.84,99.9968,100.0605,0.0636
241.88,99.9968,100.0601,0.0633
241.92000000000002,99.9968,100.0598,0.063
241.96,99.9968,100.0595,0.0627
242.0,99.9968,100.0592,0.0624
242.04,99.9968,100.0589,0.062
242.08,99.9968,100.0585,0.0617
242.12,99.9968,100.0582,0.0614
242.16,99.9968,100.0578,0.061
242.20000000000002,99.9968,100.0575,0.0607
242.24,99.9968,100.0572,0.0604
242.28,99.9968,100.0569,0.06
242.32,99.9968,100.0565,0.0597
242.36,99.9905,100.0562,0.0656
242.4,99.9905,100.0559,0.0653
242.44,99.9905,100.0555,0.065
242.48000000000002,99.9905,100.0552,0.0647
242.52,99.9905,100.0549,0.0644
242.56,99.9905,100.0546,0.064
242.6,99.9905,100.0542,0.0637
242.64000000000001,99.9905,100.0539,0.0633
242.68,99.9905,100.0536,0.063
242.72,99.9905,100.0532,0.0627
242.76,99.9905,100.0529,0.0624
242.8,99.9905,100.0526,0.0621
242.84,99.9905,100.0523,0.0618
242.88,99.9905,100.052,0.0615
242.92000000000002,99.9905,100.0517,0.0612
242.96,99.9905,100.0514,0.0608
243.0,99.9905,100.0511,0.0605
243.04,99.9905,100.0507,0.0602
243.08,99.9905,100.0504,0.0599
243.12,99.9905,100.0501,0.0596
243.16,99.9842,100.0498,0.0656
243.20000000000002,99.9842,100.0495,0.0653
243.24,99.9842,100.0492,0.0649
243.28,99.9842,100.0488,0.0646
243.32,99.9842,100.0485,0.0643
243.36,99.9842,100.0481,0.0639
243.4,99.9842,100.0477,0.0635
243.44,99.9842,100.0474,0.0632
243.48000000000002,99.9842,100.0471,0.0629
243.52,99.9842,100.0468,0.0626
243.56,99.9842,100.0464,0.0622
243.6,99.9842,100.0461,0.0618
243.64000000000001,99.9842,100.0457,0.0615
243.68,99.9842,100.0454,0.0611
243.72,99.9842,100.045,0.0608
243.76,99.9842,100.0447,0.0605
243.8,99.9842,100.0444,0.0601
243.84,99.9842,100.044,0.0598
243.88,99.9842,100.0437,0.0594
243.92000000000002,99.9842,100.0433,0.0591
243.96,99.9779,100.043,0.065
244.0,99.9779,100.0426,0.0647
244.04,99.9779,100.0423,0.0644
244.08,99.9779,100.042,0.0641
244.12,99.9779,100.0417,0.0638
244.16,99.9779,100.0413,0.0634
244.20000000000002,99.9779,100.0409,0.063
244.24,99.9779,100.0406,0.0627
244.28,99.9779,100.0403,0.0624
244.32,99.9779,100.04,0.0621
244.36,99.9779,100.0397,0.0617
244.4,99.9779,100.0393,0.0614
244.44,99.9779,100.039,0.0611
244.48000000000002,99.9779,100.0386,0.0607
244.52,99.9779,100.0383,0.0604
244.56,99.9779,100.038,0.0601
244.6,99.9779,100.0377,0.0597
244.64000000000001,99.9779,100.0374,0.0594
244.68,99.9779,100.037,0.059
244.72,99.9779,100.0366,0.0587
244.76,99.9716,100.0363,0.0647
244.8,99.9716,100.0359,0.0643
244.84,99.9716,100.0356,0.064
244.88,99.9716,100.0352,0.0636
244.92000000000002,99.9716,100.0349,0.0633
244.96,99.9716,100.0345,0.0629
245.0,99.9716,100.0342,0.0626
245.04,99.9716,100.0339,0.0623
245.08,99.9716,100.0336,0.0619
245.12,99.9716,100.0332,0.0616
245.16,99.9716,100.0328,0.0612
245.20000000000002,99.9716,100.0324,0.0608
245.24,99.9716,100.0321,0.0604
245.28,99.9716,100.0317,0.06
245.32,99.9716,100.0313,0.0597
245.36,99.9716,100.031,0.0594
245.4,99.9716,100.0306,0.059
245.44,99.9716,100.0303,0.0587
245.48000000000002,99.9716,100.0299,0.0583
245.52,99.9716,100.0295,0.0579
245.56,99.9653,100.0292,0.0639
245.6,99.9653,100.0288,0.0635
245.64000000000001,99.9653,100.0285,0.0632
245.68,99.9653,100.0281,0.0627
245.72,99.9653,100.0277,0.0624
245.76,99.9653,100.0273,0.062
245.8,99.9653,100.027,0.0617
245.84,99.9653,100.0267,0.0613
245.88,99.9653,100.0262,0.0609
245.92000000000002,99.9653,100.0259,0.0605
245.96,99.9653,100.0254,0.0601
246.0,99.9653,100.025,0.0597
246.04,99.9653,100.0247,0.0593
246.08,99.9653,100.0243,0.0589
246.12,99.9653,100.0239,0.0586
246.16,99.9653,100.0236,0.0582
246.20000000000002,99.9653,100.0232,0.0579
246.24,99.9653,100.0229,0.0575
246.28,99.9653,100.0225,0.0572
246.32,99.9653,100.0221,0.0568
246.36,99.959,100.0217,0.0627
246.4,99.959,100.0214,0.0623
246.44,99.959,100.021,0.062
246.48000000000002,99.959,100.0207,0.0616
246.52,99.959,100.0203,0.0612
246.56,99.959,100.02,0.0609
246.6,99.959,100.0196,0.0606
246.64000000000001,99.959,100.0192,0.0602
246.68,99.959,100.0189,0.0598
246.72,99.959,100.0185,0.0595
246.76000000000002,99.959,100.0182,0.0592
246.8,99.959,100.0179,0.0588
246.84,99.959,100.0176,0.0586
246.88,99.959,100.0172,0.0582
246.92000000000002,99.959,100.0168,0.0578
246.96,99.959,100.0165,0.0575
247.0,99.959,100.0161,0.0571
247.04,99.959,100.0158,0.0568
247.08,99.959,100.0155,0.0565
247.12,99.959,100.0151,0.0561
247.16,99.9527,100.0148,0.0621
247.20000000000002,99.9527,100.0145,0.0618
247.24,99.9527,100.0141,0.0614
247.28,99.9527,100.0138,0.0611
247.32,99.9527,100.0134,0.0607
247.36,99.9527,100.0131,0.0604
247.4,99.9527,100.0127,0.0599
247.44,99.9527,100.0123,0.0596
247.48000000000002,99.9527,100.012,0.0592
247.52,99.9527,100.0116,0.0588
247.56,99.9527,100.0112,0.0585
247.6,99.9527,100.0108,0.0581
247.64000000000001,99.9527,100.0104,0.0577
247.68,99.9527,100.01,0.0573
247.72,99.9527,100.0096,0.0569
247.76000000000002,99.9527,100.0093,0.0565
247.8,99.9527,100.0088,0.0561
247.84,99.9527,100.0084,0.0557
247.88,99.9527,100.0081,0.0553
247.92000000000002,99.9527,100.0076,0.0549
247.96,99.9464,100.0073,0.0609
248.0,99.9464,100.0069,0.0605
248.04,99.9464,100.0065,0.0601
248.08,99.9464,100.0061,0.0597
248.12,99.9464,100.0057,0.0593
248.16,99.9464,100.0053,0.0589
248.20000000000002,99.9464,100.0049,0.0585
248.24,99.9464,100.0045,0.0581
248.28,99.9464,100.0041,0.0577
248.32,99.9464,100.0037,0.0573
248.36,99.9464,100.0033,0.0569
248.4,99.9464,100.0029,0.0565
248.44,99.9464,100.0026,0.0562
248.48000000000002,99.9464,100.0022,0.0558
248.52,99.9464,100.0018,0.0554
248.56,99.9464,100.0014,0.055
248.6,99.9464,100.001,0.0546
248.64000000000001,99.9464,100.0006,0.0542
248.68,99.9464,100.0002,0.0538
248.72,99.9464,99.9998,0.0534
248.76000000000002,99.9401,99.9994,0.0593
248.8,99.9401,99.999,0.0589
248.84,99.9401,99.9986,0.0585
248.88,99.9401,99.9983,0.0582
248.92000000000002,99.9401,99.998,0.0579
248.96,99.9401,99.9976,0.0575
249.0,99.9401,99.9972,0.0571
249.04,99.9401,99.9968,0.0567
249.08,99.9401,99.9965,0.0564
249.12,99.9401,99.9961,0.056
249.16,99.9401,99.9958,0.0557
249.20000000000002,99.9401,99.9954,0.0553
249.24,99.9401,99.995,0.0549
249.28,99.9401,99.9947,0.0546
249.32,99.9401,99.9943,0.0542
249.36,99.9401,99.9939,0.0538
249.4,99.9401,99.9935,0.0534
249.44,99.9401,99.9931,0.053
249.48000000000002,99.9401,99.9927,0.0526
249.52,99.9401,99.9923,0.0522
249.56,99.9338,99.992,0.0582
249.6,99.9338,99.9916,0.0578
249.64000000000001,99.9338,99.9912,0.0574
249.68,99.9338,99.9908,0.057
249.72,99.9338,99.9905,0.0566
249.76000000000002,99.9338,99.9901,0.0563
249.8,99.9338,99.9897,0.0559
249.84,99.9338,99.9893,0.0555
249.88,99.9338,99.989,0.0552
249.92000000000002,99.9338,99.9886,0.0548
249.96,99.9338,99.9882,0.0544
250.0,99.9338,99.9878,0.054
250.04,99.9338,99.9874,0.0536
250.08,99.9338,99.987,0.0532
250.12,99.9338,99.9866,0.0528
250.16,99.9338,99.9862,0.0524
250.20000000000002,99.9338,99.9858,0.052
250.24,99.9338,99.9854,0.0516
250.28,99.9338,99.9851,0.0513
250.32,99.9338,99.9846,0.0508
250.36,99.9275,99.9843,0.0568
250.4,99.9275,99.9839,0.0563
250.44,99.9275,99.9834,0.0559
250.48000000000002,99.9275,99.983,0.0555
250.52,99.9275,99.9826,0.0551
250.56,99.9275,99.9822,0.0547
250.6,99.9275,99.9819,0.0543
250.64000000000001,99.9275,99.9814,0.0539
250.68,99.9275,99.981,0.0535
250.72,99.9275,99.9806,0.0531
250.76000000000002,99.9275,99.9802,0.0527
250.8,99.9275,99.9798,0.0523
250.84,99.9275,99.9794,0.0519
250.88,99.9275,99.9791,0.0516
250.92000000000002,99.9275,99.9786,0.0511
250.96,99.9275,99.9782,0.0507
251.0,99.9275,99.9779,0.0504
251.04,99.9275,99.9775,0.05
251.08,99.9275,99.9772,0.0496
251.12,99.9275,99.9768,0.0493
251.16,99.9211,99.9764,0.0552
251.20000000000002,99.9211,99.976,0.0548
251.24,99.9211,99.9756,0.0544
251.28,99.9211,99.9752,0.054
251.32,99.9211,99.9748,0.0536
251.36,99.9211,99.9744,0.0532
251.4,99.9211,99.974,0.0528
251.44,99.9211,99.9736,0.0524
251.48000000000002,99.9211,99.9732,0.052
251.52,99.9211,99.9728,0.0516
251.56,99.9211,99.9725,0.0512
251.6,99.9211,99.972,0.0508
251.64000000000001,99.9211,99.9717,0.0505
251.68,99.9211,99.9713,0.0501
251.72,99.9211,99.9709,0.0497
251.76000000000002,99.9211,99.9705,0.0493
251.8,99.9211,99.9701,0.0489
251.84,99.9211,99.9697,0.0485
251.88,99.9211,99.9692,0.048
251.92000000000002,99.9211,99.9688,0.0476
251.96,99.9148,99.9684,0.0535
252.0,99.9148,99.968,0.0531
252.04,99.9148,99.9676,0.0527
252.08,99.9148,99.9672,0.0523
252.12,99.9148,99.9668,0.0519
252.16,99.9148,99.9663,0.0514
252.20000000000002,99.9148,99.9659,0.051
252.24,99.9148,99.9655,0.0506
252.28,99.9148,99.9651,0.0502
252.32,99.9148,99.9647,0.0498
252.36,99.9148,99.9643,0.0494
252.4,99.9148,99.9638,0.0489
252.44,99.9148,99.9634,0.0485
252.48000000000002,99.9148,99.963,0.0481
252.52,99.9148,99.9625,0.0476
252.56,99.9148,99.9621,0.0472
252.6,99.9148,99.9616,0.0467
252.64000000000001,99.9148,99.9612,0.0463
252.68,99.9148,99.9607,0.0458
252.72,99.9148,99.9603,0.0454
252.76000000000002,99.9086,99.9599,0.0513
252.8,99.9086,99.9594,0.0508
252.84,99.9086,99.959,0.0504
252.88,99.9086,99.9586,0.05
252.92000000000002,99.9086,99.9582,0.0496
252.96,99.9086,99.9577,0.0491
253.0,99.9086,99.9573,0.0487
253.04,99.9086,99.9568,0.0482
253.08,99.9086,99.9563,0.0477
253.12,99.9086,99.9559,0.0473
253.16,99.9086,99.9555,0.0469
253.20000000000002,99.9086,99.9551,0.0465
253.24,99.9086,99.9546,0.046
253.28,99.9086,99.9542,0.0456
253.32,99.9086,99.9538,0.0452
253.36,99.9086,99.9533,0.0447
253.4,99.9086,99.9529,0.0443
253.44,99.9086,99.9525,0.0439
253.48000000000002,99.9086,99.9521,0.0435
253.52,99.9086,99.9517,0.0431
253.56,99.9022,99.9513,0.049
253.6,99.9022,99.9508,0.0485
253.64000000000001,99.9022,99.9504,0.0481
253.68,99.9022,99.95,0.0477
253.72,99.9022,99.9496,0.0473
253.76000000000002,99.9022,99.9492,0.0469
253.8,99.9022,99.9488,0.0465
253.84,99.9022,99.9483,0.046
253.88,99.9022,99.9479,0.0456
253.92000000000002,99.9022,99.9475,0.0452
253.96,99.9022,99.9471,0.0448
254.0,99.9022,99.9467,0.0444
254.04,99.9022,99.9463,0.044
254.08,99.9022,99.9459,0.0436
254.12,99.9022,99.9454,0.0431
254.16,99.9022,99.945,0.0427
254.20000000000002,99.9022,99.9446,0.0423
254.24,99.9022,99.9441,0.0418
254.28,99.9022,99.9437,0.0414
254.32,99.9022,99.9433,0.041
254.36,99.8959,99.9428,0.0468
254.4,99.8959,99.9425,0.0465
254.44,99.8959,99.942,0.0461
254.48000000000002,99.8959,99.9417,0.0457
254.52,99.8959,99.9413,0.0453
254.56,99.8959,99.9409,0.0449
254.6,99.8959,99.9405,0.0446
254.64000000000001,99.8959,99.9401,0.0441
254.68,99.8959,99.9397,0.0437
254.72,99.8959,99.9393,0.0433
254.76000000000002,99.8959,99.9389,0.0429
254.8,99.8959,99.9385,0.0425
254.84,99.8959,99.938,0.042
254.88,99.8959,99.9376,0.0416
254.92000000000002,99.8959,99.9372,0.0412
254.96,99.8959,99.9368,0.0408
255.0,99.8959,99.9365,0.0405
255.04,99.8959,99.936,0.04
255.08,99.8959,99.9357,0.0397
255.12,99.8959,99.9353,0.0393
255.16,99.8896,99.9349,0.0452
255.20000000000002,99.8896,99.9346,0.0449
255.24,99.8896,99.9342,0.0445
255.28,99.8896,99.9338,0.0441
255.32,99.8896,99.9334,0.0437
255.36,99.8896,99.933,0.0433
255.4,99.8896,99.9326,0.0429
255.44,99.8896,99.9322,0.0425
255.48000000000002,99.8896,99.9318,0.0421
255.52,99.8896,99.9314,0.0417
255.56,99.8896,99.931,0.0413
255.6,99.8896,99.9307,0.041
255.64000000000001,99.8896,99.9303,0.0406
255.68,99.8896,99.9299,0.0402
255.72,99.8896,99.9295,0.0398
255.76000000000002,99.8896,99.9292,0.0395
255.8,99.8896,99.9288,0.0391
255.84,99.8896,99.9285,0.0388
255.88,99.8896,99.9281,0.0384
255.92000000000002,99.8896,99.9277,0.038
255.96,99.8833,99.9273,0.0439
256.0,99.8833,99.927,0.0436
256.04,99.8833,99.9265,0.0431
256.08,99.8833,99.9262,0.0428
256.12,99.8833,99.9258,0.0424
256.16,99.8833,99.9254,0.042
256.2,99.8833,99.9251,0.0417
256.24,99.8833,99.9247,0.0413
256.28000000000003,99.8833,99.9244,0.041
256.32,99.8833,99.924,0.0406
256.36,99.8833,99.9236,0.0402
256.4,99.8833,99.9232,0.0398
256.44,99.8833,99.9228,0.0394
256.48,99.8833,99.9224,0.039
256.52,99.8833,99.922,0.0386
256.56,99.8833,99.9216,0.0382
256.6,99.8833,99.9212,0.0378
256.64,99.8833,99.9207,0.0373
256.68,99.8833,99.9204,0.037
256.72,99.8833,99.92,0.0366
256.76,99.877,99.9195,0.0425
256.8,99.877,99.9192,0.0421
256.84000000000003,99.877,99.9188,0.0417
256.88,99.877,99.9184,0.0413
256.92,99.877,99.918,0.0409
256.96,99.877,99.9176,0.0405
257.0,99.877,99.9173,0.0402
257.04,99.877,99.9169,0.0398
257.08,99.877,99.9165,0.0394
257.12,99.877,99.9161,0.0391
257.16,99.877,99.9158,0.0387
257.2,99.877,99.9154,0.0383
257.24,99.877,99.9149,0.0378
257.28000000000003,99.877,99.9146,0.0375
257.32,99.877,99.9143,0.0372
257.36,99.877,99.9139,0.0368
257.4,99.877,99.9135,0.0364
257.44,99.877,99.9131,0.036
257.48,99.877,99.9127,0.0356
257.52,99.877,99.9123,0.0353
257.56,99.8707,99.912,0.0412
257.6,99.8707,99.9116,0.0408
257.64,99.8707,99.9112,0.0404
257.68,99.8707,99.9108,0.0401
257.72,99.8707,99.9104,0.0396
257.76,99.8707,99.91,0.0392
257.8,99.8707,99.9096,0.0389
257.84000000000003,99.8707,99.9093,0.0385
257.88,99.8707,99.9089,0.0381
257.92,99.8707,99.9085,0.0377
257.96,99.8707,99.9081,0.0373
258.0,99.8707,99.9077,0.037
258.04,99.8707,99.9074,0.0366
258.08,99.8707,99.907,0.0363
258.12,99.8707,99.9067,0.0359
258.16,99.8707,99.9063,0.0355
258.2,99.8707,99.9059,0.0351
258.24,99.8707,99.9056,0.0348
258.28000000000003,99.8707,99.9052,0.0344
258.32,99.8707,99.9048,0.034
258.36,99.8644,99.9043,0.0398
258.4,99.8644,99.9039,0.0394
258.44,99.8644,99.9035,0.039
258.48,99.8644,99.9032,0.0387
258.52,99.8644,99.9028,0.0383
258.56,99.8644,99.9025,0.038
258.6,99.8644,99.9021,0.0376
258.64,99.8644,99.9017,0.0373
258.68,99.8644,99.9014,0.0369
258.72,99.8644,99.901,0.0365
258.76,99.8644,99.9007,0.0362
258.8,99.8644,99.9003,0.0358
258.84000000000003,99.8644,99.9,0.0355
258.88,99.8644,99.8996,0.0351
258.92,99.8644,99.8993,0.0348
258.96,99.8644,99.8989,0.0344
259.0,99.8644,99.8986,0.0341
259.04,99.8644,99.8981,0.0337
259.08,99.8644,99.8978,0.0333
259.12,99.8644,99.8974,0.0329
259.16,99.8581,99.897,0.0389
259.2,99.8581,99.8967,0.0385
259.24,99.8581,99.8963,0.0381
259.28000000000003,99.8581,99.8959,0.0377
259.32,99.8581,99.8955,0.0373
259.36,99.8581,99.8952,0.037
259.4,99.8581,99.8947,0.0366
259.44,99.8581,99.8943,0.0362
259.48,99.8581,99.8939,0.0358
259.52,99.8581,99.8936,0.0354
259.56,99.8581,99.8932,0.035
259.6,99.8581,99.8928,0.0346
259.64,99.8581,99.8925,0.0343
259.68,99.8581,99.8921,0.0339
259.72,99.8581,99.8917,0.0336
259.76,99.8581,99.8914,0.0332
259.8,99.8581,99.8911,0.0329
259.84000000000003,99.8581,99.8907,0.0325
259.88,99.8581,99.8903,0.0322
259.92,99.8581,99.89,0.0318
259.96,99.8518,99.8897,0.0378
260.0,99.8518,99.8893,0.0374
260.04,99.8518,99.889,0.0371
260.08,99.8518,99.8886,0.0367
260.12,99.8518,99.8883,0.0364
260.16,99.8518,99.8879,0.036
260.2,99.8518,99.8876,0.0357
260.24,99.8518,99.8872,0.0354
260.28000000000003,99.8518,99.8869,0.035
260.32,99.8518,99.8865,0.0346
260.36,99.8518,99.8862,0.0343
260.4,99.8518,99.8859,0.034
260.44,99.8518,99.8855,0.0336
260.48,99.8518,99.8852,0.0333
260.52,99.8518,99.8848,0.033
260.56,99.8518,99.8845,0.0326
260.6,99.8518,99.8842,0.0323
260.64,99.8518,99.8838,0.0319
260.68,99.8518,99.8835,0.0316
260.72,99.8518,99.8831,0.0312
260.76,99.8455,99.8828,0.0372
260.8,99.8455,99.8824,0.0369
260.84000000000003,99.8455,99.8821,0.0365
260.88,99.8455,99.8818,0.0362
260.92,99.8455,99.8815,0.0359
260.96,99.8455,99.8812,0.0356
261.0,99.8455,99.8809,0.0353
261.04,99.8455,99.8806,0.035
261.08,99.8455,99.8803,0.0347
261.12,99.8455,99.88,0.0344
261.16,99.8455,99.8797,0.0342
261.2,99.8455,99.8794,0.0338
261.24,99.8455,99.8791,0.0335
261.28000000000003,99.8455,99.8787,0.0332
261.32,99.8455,99.8784,0.0328
261.36,99.8455,99.878,0.0325
261.4,99.8455,99.8777,0.0321
261.44,99.8455,99.8774,0.0319
261.48,99.8455,99.8771,0.0316
261.52,99.8455,99.8768,0.0313
261.56,99.8392,99.8765,0.0373
261.6,99.8392,99.8762,0.037
261.64,99.8392,99.876,0.0367
261.68,99.8392,99.8756,0.0363
261.72,99.8392,99.8753,0.036
261.76,99.8392,99.8749,0.0357
261.8,99.8392,99.8746,0.0353
261.84000000000003,99.8392,99.8743,0.035
261.88,99.8392,99.8739,0.0347
261.92,99.8392,99.8736,0.0343
261.96,99.8392,99.8733,0.034
262.0,99.8392,99.8729,0.0336
262.04,99.8392,99.8726,0.0333
262.08,99.8392,99.8723,0.033
262.12,99.8392,99.872,0.0327
262.16,99.8392,99.8717,0.0324
262.2,99.8392,99.8713,0.0321
262.24,99.8392,99.871,0.0318
262.28000000000003,99.8392,99.8707,0.0314
262.32,99.8392,99.8704,0.0311
262.36,99.8329,99.8701,0.0371
262.4,99.8329,99.8698,0.0368
262.44,99.8329,99.8695,0.0366
262.48,99.8329,99.8692,0.0363
262.52,99.8329,99.8689,0.036
262.56,99.8329,99.8686,0.0356
262.6,99.8329,99.8683,0.0353
262.64,99.8329,99.868,0.035
262.68,99.8329,99.8677,0.0347
262.72,99.8329,99.8674,0.0344
262.76,99.8329,99.8671,0.0342
262.8,99.8329,99.8668,0.0339
262.84000000000003,99.8329,99.8665,0.0335
262.88,99.8329,99.8662,0.0333
262.92,99.8329,99.8659,0.0329
262.96,99.8329,99.8656,0.0326
263.0,99.8329,99.8653,0.0323
263.04,99.8329,99.865,0.0321
263.08,99.8329,99.8647,0.0318
263.12,99.8329,99.8644,0.0314
263.16,99.8266,99.8641,0.0374
263.2,99.8266,99.8638,0.0371
263.24,99.8266,99.8634,0.0368
263.28000000000003,99.8266,99.8631,0.0364
263.32,99.8266,99.8628,0.0361
263.36,99.8266,99.8625,0.0358
263.4,99.8266,99.8621,0.0355
263.44,99.8266,99.8618,0.0351
263.48,99.8266,99.8615,0.0348
263.52,99.8266,99.8612,0.0345
263.56,99.8266,99.8608,0.0342
263.6,99.8266,99.8605,0.0339
263.64,99.8266,99.8602,0.0335
263.68,99.8266,99.8599,0.0332
263.72,99.8266,99.8595,0.0329
263.76,99.8266,99.8592,0.0325
263.8,99.8266,99.8589,0.0322
263.84000000000003,99.8266,99.8585,0.0319
263.88,99.8266,99.8582,0.0316
263.92,99.8266,99.8579,0.0313
263.96,99.8203,99.8576,0.0372
264.0,99.8203,99.8573,0.0369
264.04,99.8203,99.8569,0.0366
264.08,99.8203,99.8566,0.0362
264.12,99.8203,99.8563,0.0359
264.16,99.8203,99.8559,0.0356
264.2,99.8203,99.8556,0.0352
264.24,99.8203,99.8552,0.0348
264.28000000000003,99.8203,99.8549,0.0345
264.32,99.8203,99.8545,0.0342
264.36,99.8203,99.8541,0.0338
264.4,99.8203,99.8539,0.0335
264.44,99.8203,99.8535,0.0331
264.48,99.8203,99.8532,0.0328
264.52,99.8203,99.8528,0.0325
264.56,99.8203,99.8526,0.0322
264.6,99.8203,99.8522,0.0319
264.64,99.8203,99.8519,0.0315
264.68,99.8203,99.8515,0.0312
264.72,99.8203,99.8512,0.0308
264.76,99.814,99.8509,0.0368
264.8,99.814,99.8505,0.0364
264.84000000000003,99.814,99.8502,0.0361
264.88,99.814,99.8499,0.0358
264.92,99.814,99.8496,0.0355
264.96,99.814,99.8493,0.0352
265.0,99.814,99.8489,0.0348
265.04,99.814,99.8486,0.0345
265.08,99.814,99.8482,0.0342
265.12,99.814,99.8479,0.0339
265.16,99.814,99.8476,0.0335
265.2,99.814,99.8473,0.0332
265.24,99.814,99.8469,0.0328
265.28000000000003,99.814,99.8466,0.0325
265.32,99.814,99.8463,0.0322
265.36,99.814,99.8459,0.0319
265.4,99.814,99.8456,0.0316
265.44,99.814,99.8453,0.0312
265.48,99.814,99.845,0.0309
265.52,99.814,99.8446,0.0306
265.56,99.8077,99.8443,0.0365
265.6,99.8077,99.8439,0.0362
265.64,99.8077,99.8436,0.0358
265.68,99.8077,99.8432,0.0355
265.72,99.8077,99.8429,0.0352
265.76,99.8077,99.8426,0.0349
265.8,99.8077,99.8423,0.0345
265.84000000000003,99.8077,99.842,0.0342
265.88,99.8077,99.8416,0.0339
265.92,99.8077,99.8413,0.0335
265.96,99.8077,99.8409,0.0332
266.0,99.8077,99.8406,0.0328
266.04,99.8077,99.8403,0.0325
266.08,99.8077,99.8399,0.0322
266.12,99.8077,99.8396,0.0319
266.16,99.8077,99.8393,0.0315
266.2,99.8077,99.8389,0.0311
266.24,99.8077,99.8385,0.0308
266.28000000000003,99.8077,99.8382,0.0304
266.32,99.8077,99.8379,0.0301
266.36,99.8014,99.8375,0.0361
266.4,99.8014,99.8372,0.0358
266.44,99.8014,99.837,0.0355
266.48,99.8014,99.8367,0.0353
266.52,99.8014,99.8364,0.035
266.56,99.8014,99.8361,0.0346
266.6,99.8014,99.8358,0.0343
266.64,99.8014,99.8354,0.034
266.68,99.8014,99.8351,0.0336
266.72,99.8014,99.8348,0.0333
266.76,99.8014,99.8344,0.033
266.8,99.8014,99.8341,0.0327
266.84000000000003,99.8014,99.8338,0.0324
266.88,99.8014,99.8335,0.032
266.92,99.8014,99.8332,0.0317
266.96,99.8014,99.8328,0.0314
267.0,99.8014,99.8325,0.031
267.04,99.8014,99.8322,0.0307
267.08,99.8014,99.8319,0.0304
267.12,99.8014,99.8316,0.0301
267.16,99.7951,99.8312,0.0361
267.2,99.7951,99.8309,0.0358
267.24,99.7951,99.8306,0.0355
267.28000000000003,99.7951,99.8303,0.0351
267.32,99.7951,99.83,0.0348
267.36,99.7951,99.8296,0.0345
267.4,99.7951,99.8293,0.0342
267.44,99.7951,99.829,0.0338
267.48,99.7951,99.8286,0.0335
267.52,99.7951,99.8283,0.0331
267.56,99.7951,99.8279,0.0328
267.6,99.7951,99.8276,0.0324
267.64,99.7951,99.8273,0.0321
267.68,99.7951,99.827,0.0318
267.72,99.7951,99.8266,0.0314
267.76,99.7951,99.8262,0.0311
267.8,99.7951,99.8259,0.0307
267.84000000000003,99.7951,99.8256,0.0304
267.88,99.7951,99.8252,0.0301
267.92,99.7951,99.8249,0.0298
267.96,99.7888,99.8246,0.0357
268.0,99.7888,99.8243,0.0354
268.04,99.7888,99.8239,0.0351
268.08,99.7888,99.8235,0.0347
268.12,99.7888,99.8232,0.0343
268.16,99.7888,99.8228,0.034
268.2,99.7888,99.8225,0.0336
268.24,99.7888,99.8222,0.0333
268.28000000000003,99.7888,99.8218,0.033
268.32,99.7888,99.8215,0.0327
268.36,99.7888,99.8212,0.0323
268.4,99.7888,99.8208,0.032
268.44,99.7888,99.8205,0.0316
268.48,99.7888,99.8201,0.0313
268.52,99.7888,99.8198,0.0309
268.56,99.7888,99.8194,0.0305
268.6,99.7888,99.819,0.0302
268.64,99.7888,99.8187,0.0298
268.68,99.7888,99.8183,0.0295
268.72,99.7888,99.818,0.0291
268.76,99.7825,99.8177,0.0351
268.8,99.7825,99.8173,0.0348
268.84000000000003,99.7825,99.817,0.0344
268.88,99.7825,99.8166,0.034
268.92,99.7825,99.8162,0.0337
268.96,99.7825,99.8159,0.0334
269.0,99.7825,99.8155,0.033
269.04,99.7825,99.8152,0.0326
269.08,99.7825,99.8148,0.0323
269.12,99.7825,99.8145,0.032
269.16,99.7825,99.8142,0.0316
269.2,99.7825,99.8138,0.0312
269.24,99.7825,99.8135,0.0309
269.28000000000003,99.7825,99.8131,0.0306
269.32,99.7825,99.8127,0.0302
269.36,99.7825,99.8124,0.0299
269.4,99.7825,99.8121,0.0296
269.44,99.7825,99.8118,0.0292
269.48,99.7825,99.8115,0.0289
269.52,99.7825,99.8111,0.0286
269.56,99.7762,99.8108,0.0346
269.6,99.7762,99.8104,0.0342
269.64,99.7762,99.8101,0.0339
269.68,99.7762,99.8097,0.0335
269.72,99.7762,99.8093,0.0331
269.76,99.7762,99.809,0.0327
269.8,99.7762,99.8086,0.0324
269.84000000000003,99.7762,99.8083,0.032
269.88,99.7762,99.808,0.0317
269.92,99.7762,99.8076,0.0314
269.96,99.7762,99.8073,0.0311
270.0,99.7762,99.8069,0.0307
270.04,99.7762,99.8066,0.0303
270.08,99.7762,99.8062,0.0299
270.12,99.7762,99.8058,0.0296
270.16,99.7762,99.8055,0.0292
270.2,99.7762,99.8051,0.0289
270.24,99.7762,99.8048,0.0285
270.28000000000003,99.7762,99.8044,0.0281
270.32,99.7762,99.804,0.0278
270.36,99.7699,99.8037,0.0337
270.4,99.7699,99.8033,0.0333
270.44,99.7699,99.8029,0.0329
270.48,99.7699,99.8025,0.0326
270.52,99.7699,99.8021,0.0322
270.56,99.7699,99.8017,0.0318
270.6,99.7699,99.8013,0.0314
270.64,99.7699,99.8009,0.031
270.68,99.7699,99.8006,0.0306
270.72,99.7699,99.8002,0.0303
270.76,99.7699,99.7998,0.0299
270.8,99.7699,99.7995,0.0295
270.84000000000003,99.7699,99.7991,0.0291
270.88,99.7699,99.7987,0.0288
270.92,99.7699,99.7983,0.0284
270.96,99.7699,99.798,0.028
271.0,99.7699,99.7976,0.0277
271.04,99.7699,99.7972,0.0273
271.08,99.7699,99.7968,0.0269
271.12,99.7699,99.7965,0.0265
271.16,99.7636,99.7961,0.0324
271.2,99.7636,99.7957,0.032
271.24,99.7636,99.7953,0.0316
271.28000000000003,99.7636,99.795,0.0313
271.32,99.7636,99.7946,0.031
271.36,99.7636,99.7942,0.0306
271.4,99.7636,99.7939,0.0303
271.44,99.7636,99.7935,0.0299
271.48,99.7636,99.7931,0.0295
271.52,99.7636,99.7928,0.0291
271.56,99.7636,99.7924,0.0288
271.6,99.7636,99.792,0.0284
271.64,99.7636,99.7916,0.028
271.68,99.7636,99.7913,0.0276
271.72,99.7636,99.7909,0.0272
271.76,99.7636,99.7905,0.0269
271.8,99.7636,99.7901,0.0265
271.84000000000003,99.7636,99.7897,0.0261
271.88,99.7636,99.7894,0.0257
271.92,99.7636,99.789,0.0254
271.96,99.7573,99.7886,0.0313
272.0,99.7573,99.7883,0.0309
272.04,99.7573,99.7879,0.0306
272.08,99.7573,99.7875,0.0302
272.12,99.7573,99.7871,0.0298
272.16,99.7573,99.7867,0.0294
272.2,99.7573,99.7864,0.029
272.24,99.7573,99.786,0.0286
272.28000000000003,99.7573,99.7856,0.0283
272.32,99.7573,99.7852,0.0279
272.36,99.7573,99.7848,0.0275
272.4,99.7573,99.7845,0.0271
272.44,99.7573,99.784,0.0267
272.48,99.7573,99.7836,0.0263
272.52,99.7573,99.7832,0.0259
272.56,99.7573,99.7829,0.0255
272.6,99.7573,99.7825,0.0252
272.64,99.7573,99.7821,0.0248
272.68,99.7573,99.7817,0.0244
272.72,99.7573,99.7813,0.024
272.76,99.751,99.7809,0.0298
272.8,99.751,99.7805,0.0295
272.84000000000003,99.751,99.7801,0.029
272.88,99.751,99.7797,0.0287
272.92,99.751,99.7793,0.0282
272.96,99.751,99.7789,0.0279
273.0,99.751,99.7785,0.0275
273.04,99.751,99.7781,0.0271
273.08,99.751,99.7777,0.0267
273.12,99.751,99.7773,0.0263
273.16,99.751,99.7769,0.0259
273.2,99.751,99.7765,0.0255
273.24,99.751,99.7762,0.0251
273.28000000000003,99.751,99.7758,0.0248
273.32,99.751,99.7754,0.0244
273.36,99.751,99.7751,0.024
273.40000000000003,99.751,99.7747,0.0237
273.44,99.751,99.7743,0.0233
273.48,99.751,99.774,0.023
273.52,99.751,99.7736,0.0226
273.56,99.7447,99.7732,0.0285
273.6,99.7447,99.7728,0.0281
273.64,99.7447,99.7725,0.0277
273.68,99.7447,99.7721,0.0274
273.72,99.7447,99.7717,0.027
273.76,99.7447,99.7714,0.0266
273.8,99.7447,99.771,0.0262
273.84000000000003,99.7447,99.7707,0.0259
273.88,99.7447,99.7703,0.0256
273.92,99.7447,99.77,0.0252
273.96,99.7447,99.7696,0.0249
274.0,99.7447,99.7692,0.0245
274.04,99.7447,99.7689,0.0242
274.08,99.7447,99.7685,0.0238
274.12,99.7447,99.7682,0.0234
274.16,99.7447,99.7679,0.0231
274.2,99.7447,99.7675,0.0228
274.24,99.7447,99.7671,0.0224
274.28000000000003,99.7447,99.7667,0.022
274.32,99.7447,99.7664,0.0216
274.36,99.7384,99.766,0.0276
274.40000000000003,99.7384,99.7656,0.0272
274.44,99.7384,99.7653,0.0268
274.48,99.7384,99.7649,0.0264
274.52,99.7384,99.7645,0.026
274.56,99.7384,99.7641,0.0257
274.6,99.7384,99.7637,0.0253
274.64,99.7384,99.7633,0.0249
274.68,99.7384,99.7629,0.0245
274.72,99.7384,99.7625,0.0241
274.76,99.7384,99.7621,0.0237
274.8,99.7384,99.7617,0.0233
274.84000000000003,99.7384,99.7614,0.023
274.88,99.7384,99.761,0.0226
274.92,99.7384,99.7607,0.0222
274.96,99.7384,99.7603,0.0219
275.0,99.7384,99.7599,0.0215
275.04,99.7384,99.7596,0.0211
275.08,99.7384,99.7592,0.0208
275.12,99.7384,99.7589,0.0204
275.16,99.7321,99.7585,0.0264
275.2,99.7321,99.7581,0.026
275.24,99.7321,99.7577,0.0256
275.28000000000003,99.7321,99.7574,0.0252
275.32,99.7321,99.757,0.0249
275.36,99.7321,99.7567,0.0245
275.40000000000003,99.7321,99.7563,0.0242
275.44,99.7321,99.7559,0.0238
275.48,99.7321,99.7556,0.0234
275.52,99.7321,99.7552,0.0231
275.56,99.7321,99.7549,0.0227
275.6,99.7321,99.7545,0.0223
275.64,99.7321,99.7542,0.022
275.68,99.7321,99.7539,0.0217
275.72,99.7321,99.7534,0.0213
275.76,99.7321,99.7531,0.0209
275.8,99.7321,99.7527,0.0205
275.84000000000003,99.7321,99.7523,0.0202
275.88,99.7321,99.7519,0.0198
275.92,99.7321,99.7515,0.0194
275.96,99.7258,99.7512,0.0253
276.0,99.7258,99.7508,0.025
276.04,99.7258,99.7504,0.0246
276.08,99.7258,99.75,0.0242
276.12,99.7258,99.7497,0.0238
276.16,99.7258,99.7493,0.0235
276.2,99.7258,99.7489,0.0231
276.24,99.7258,99.7485,0.0227
276.28000000000003,99.7258,99.7481,0.0223
276.32,99.7258,99.7477,0.0218
276.36,99.7258,99.7473,0.0215
276.40000000000003,99.7258,99.7469,0.0211
276.44,99.7258,99.7465,0.0207
276.48,99.7258,99.7461,0.0203
276.52,99.7258,99.7458,0.0199
276.56,99.7258,99.7453,0.0195
276.6,99.7258,99.7449,0.0191
276.64,99.7258,99.7445,0.0187
276.68,99.7258,99.7441,0.0183
276.72,99.7258,99.7437,0.0179
276.76,99.7195,99.7434,0.0239
276.8,99.7195,99.7431,0.0235
276.84000000000003,99.7195,99.7427,0.0231
276.88,99.7195,99.7423,0.0227
276.92,99.7195,99.7419,0.0224
276.96,99.7195,99.7415,0.022
277.0,99.7195,99.7412,0.0216
277.04,99.7195,99.7408,0.0212
277.08,99.7195,99.7404,0.0208
277.12,99.7195,99.7399,0.0204
277.16,99.7195,99.7396,0.02
277.2,99.7195,99.7392,0.0196
277.24,99.7195,99.7388,0.0192
277.28000000000003,99.7195,99.7384,0.0189
277.32,99.7195,99.738,0.0184
277.36,99.7195,99.7376,0.0181
277.40000000000003,99.7195,99.7373,0.0177
277.44,99.7195,99.7368,0.0173
277.48,99.7195,99.7365,0.017
277.52,99.7195,99.7361,0.0166
277.56,99.7132,99.7358,0.0226
277.6,99.7132,99.7355,0.0222
277.64,99.7132,99.7351,0.0219
277.68,99.7132,99.7348,0.0215
277.72,99.7132,99.7344,0.0212
277.76,99.7132,99.734,0.0208
277.8,99.7132,99.7337,0.0204
277.84000000000003,99.7132,99.7333,0.02
277.88,99.7132,99.7329,0.0197
277.92,99.7132,99.7326,0.0193
277.96,99.7132,99.7322,0.019
278.0,99.7132,99.7318,0.0186
278.04,99.7132,99.7314,0.0182
278.08,99.7132,99.7311,0.0179
278.12,99.7132,99.7307,0.0175
278.16,99.7132,99.7303,0.0171
278.2,99.7132,99.7299,0.0167
278.24,99.7132,99.7295,0.0163
278.28000000000003,99.7132,99.7292,0.016
278.32,99.7132,99.7288,0.0156
278.36,99.7069,99.7285,0.0215
278.40000000000003,99.7069,99.7281,0.0212
278.44,99.7069,99.7277,0.0208
278.48,99.7069,99.7274,0.0205
278.52,99.7069,99.727,0.0201
278.56,99.7069,99.7266,0.0197
278.6,99.7069,99.7263,0.0194
278.64,99.7069,99.7259,0.019
278.68,99.7069,99.7256,0.0187
278.72,99.7069,99.7252,0.0183
278.76,99.7069,99.7249,0.018
278.8,99.7069,99.7246,0.0177
278.84000000000003,99.7069,99.7242,0.0172
278.88,99.7069,99.7239,0.0169
278.92,99.7069,99.7236,0.0166
278.96,99.7069,99.7232,0.0163
279.0,99.7069,99.7229,0.016
279.04,99.7069,99.7226,0.0156
279.08,99.7069,99.7223,0.0153
279.12,99.7069,99.7219,0.015
279.16,99.7006,99.7216,0.021
279.2,99.7006,99.7213,0.0207
279.24,99.7006,99.721,0.0203
279.28000000000003,99.7006,99.7206,0.02
279.32,99.7006,99.7203,0.0197
279.36,99.7006,99.7199,0.0193
279.40000000000003,99.7006,99.7196,0.019
279.44,99.7006,99.7192,0.0186
279.48,99.7006,99.719,0.0183
279.52,99.7006,99.7186,0.018
279.56,99.7006,99.7182,0.0176
279.6,99.7006,99.7179,0.0173
279.64,99.7006,99.7176,0.017
279.68,99.7006,99.7173,0.0167
279.72,99.7006,99.717,0.0164
279.76,99.7006,99.7167,0.0161
279.8,99.7006,99.7164,0.0158
279.84000000000003,99.7006,99.7161,0.0154
279.88,99.7006,99.7157,0.0151
279.92,99.7006,99.7154,0.0148
279.96,99.6943,99.715,0.0207
280.0,99.6943,99.7147,0.0204
280.04,99.6943,99.7143,0.02
280.08,99.6943,99.714,0.0197
280.12,99.6943,99.7137,0.0194
280.16,99.6943,99.7133,0.019
280.2,99.6943,99.713,0.0186
280.24,99.6943,99.7126,0.0183
280.28000000000003,99.6943,99.7123,0.0179
280.32,99.6943,99.712,0.0177
280.36,99.6943,99.7116,0.0173
280.40000000000003,99.6943,99.7113,0.017
280.44,99.6943,99.711,0.0166
280.48,99.6943,99.7106,0.0163
280.52,99.6943,99.7103,0.016
280.56,99.6943,99.7099,0.0156
280.6,99.6943,99.7096,0.0152
280.64,99.6943,99.7092,0.0149
280.68,99.6943,99.7089,0.0146
280.72,99.6943,99.7086,0.0143
280.76,99.688,99.7082,0.0202
280.8,99.688,99.7079,0.0199
280.84000000000003,99.688,99.7075,0.0195
280.88,99.688,99.7072,0.0192
280.92,99.688,99.7069,0.0189
280.96,99.688,99.7065,0.0185
281.0,99.688,99.7062,0.0182
281.04,99.688,99.706,0.018
281.08,99.688,99.7057,0.0177
281.12,99.688,99.7054,0.0174
281.16,99.688,99.7051,0.0171
281.2,99.688,99.7048,0.0168
281.24,99.688,99.7045,0.0165
281.28000000000003,99.688,99.7042,0.0162
281.32,99.688,99.704,0.0159
281.36,99.688,99.7036,0.0156
281.40000000000003,99.688,99.7033,0.0153
281.44,99.688,99.7031,0.0151
281.48,99.688,99.7027,0.0147
281.52,99.688,99.7024,0.0144
281.56,99.6817,99.7021,0.0204
281.6,99.6817,99.7018,0.0201
281.64,99.6817,99.7015,0.0198
281.68,99.6817,99.7012,0.0195
281.72,99.6817,99.7009,0.0192
281.76,99.6817,99.7006,0.0189
281.8,99.6817,99.7003,0.0186
281.84000000000003,99.6817,99.7,0.0183
281.88,99.6817,99.6997,0.018
281.92,99.6817,99.6994,0.0177
281.96,99.6817,99.6991,0.0174
282.0,99.6817,99.6988,0.0171
282.04,99.6817,99.6985,0.0168
282.08,99.6817,99.6982,0.0165
282.12,99.6817,99.6979,0.0162
282.16,99.6817,99.6975,0.0158
282.2,99.6817,99.6972,0.0155
282.24,99.6817,99.6968,0.0151
282.28000000000003,99.6817,99.6965,0.0148
282.32,99.6817,99.6962,0.0145
282.36,99.6754,99.6959,0.0205
282.40000000000003,99.6754,99.6956,0.0202
282.44,99.6754,99.6953,0.0199
282.48,99.6754,99.695,0.0196
282.52,99.6754,99.6947,0.0193
282.56,99.6754,99.6944,0.019
282.6,99.6754,99.6941,0.0187
282.64,99.6754,99.6938,0.0184
282.68,99.6754,99.6936,0.0181
282.72,99.6754,99.6933,0.0179
282.76,99.6754,99.693,0.0176
282.8,99.6754,99.6927,0.0173
282.84000000000003,99.6754,99.6924,0.017
282.88,99.6754,99.6921,0.0167
282.92,99.6754,99.6918,0.0164
282.96,99.6754,99.6915,0.0161
283.0,99.6754,99.6912,0.0158
283.04,99.6754,99.6909,0.0155
283.08,99.6754,99.6906,0.0152
283.12,99.6754,99.6904,0.0149
283.16,99.6691,99.69,0.0209
283.2,99.6691,99.6898,0.0207
283.24,99.6691,99.6896,0.0205
283.28000000000003,99.6691,99.6893,0.0202
283.32,99.6691,99.689,0.0199
283.36,99.6691,99.6887,0.0196
283.40000000000003,99.6691,99.6885,0.0194
283.44,99.6691,99.6882,0.0191
283.48,99.6691,99.6879,0.0188
283.52,99.6691,99.6877,0.0186
283.56,99.6691,99.6874,0.0183
283.6,99.6691,99.6871,0.0179
283.64,99.6691,99.6868,0.0177
283.68,99.6691,99.6865,0.0174
283.72,99.6691,99.6862,0.0171
283.76,99.6691,99.6859,0.0168
283.8,99.6691,99.6856,0.0165
283.84000000000003,99.6691,99.6854,0.0163
283.88,99.6691,99.6851,0.016
283.92,99.6691,99.6848,0.0157
283.96,99.6627,99.6845,0.0217
284.0,99.6627,99.6843,0.0214
284.04,99.6627,99.684,0.0212
284.08,99.6627,99.6836,0.0208
284.12,99.6627,99.6833,0.0205
284.16,99.6627,99.6831,0.0202
284.2,99.6627,99.6827,0.0199
284.24,99.6627,99.6824,0.0196
284.28000000000003,99.6627,99.6821,0.0193
284.32,99.6627,99.6817,0.0189
284.36,99.6627,99.6814,0.0186
284.40000000000003,99.6627,99.6811,0.0183
284.44,99.6627,99.6808,0.018
284.48,99.6627,99.6805,0.0177
284.52,99.6627,99.6802,0.0174
284.56,99.6627,99.6799,0.0171
284.6,99.6627,99.6795,0.0167
284.64,99.6627,99.6793,0.0165
284.68,99.6627,99.6789,0.0161
284.72,99.6627,99.6786,0.0158
284.76,99.6565,99.6783,0.0218
284.8,99.6565,99.678,0.0215
284.84000000000003,99.6565,99.6777,0.0212
284.88,99.6565,99.6773,0.0208
284.92,99.6565,99.6771,0.0206
284.96,99.6565,99.6768,0.0203
285.0,99.6565,99.6764,0.0199
285.04,99.6565,99.6761,0.0196
285.08,99.6565,99.6758,0.0193
285.12,99.6565,99.6754,0.0189
285.16,99.6565,99.6752,0.0187
285.2,99.6565,99.6748,0.0183
285.24,99.6565,99.6745,0.018
285.28000000000003,99.6565,99.6742,0.0177
285.32,99.6565,99.6738,0.0173
285.36,99.6565,99.6736,0.0171
285.40000000000003,99.6565,99.6732,0.0167
285.44,99.6565,99.673,0.0165
285.48,99.6565,99.6726,0.0161
285.52,99.6565,99.6723,0.0158
285.56,99.6502,99.672,0.0218
285.6,99.6502,99.6716,0.0214
285.64,99.6502,99.6713,0.0211
285.68,99.6502,99.671,0.0208
285.72,99.6502,99.6707,0.0205
285.76,99.6502,99.6704,0.0202
285.8,99.6502,99.6701,0.0199
285.84000000000003,99.6502,99.6698,0.0196
285.88,99.6502,99.6694,0.0192
285.92,99.6502,99.6691,0.0189
285.96,99.6502,99.6688,0.0186
286.0,99.6502,99.6684,0.0182
286.04,99.6502,99.6681,0.0179
286.08,99.6502,99.6678,0.0176
286.12,99.6502,99.6675,0.0173
286.16,99.6502,99.6671,0.0169
286.2,99.6502,99.6668,0.0166
286.24,99.6502,99.6665,0.0163
286.28000000000003,99.6502,99.6662,0.016
286.32,99.6502,99.6659,0.0157
286.36,99.6438,99.6656,0.0217
286.40000000000003,99.6438,99.6653,0.0214
286.44,99.6438,99.665,0.0211
286.48,99.6438,99.6646,0.0207
286.52,99.6438,99.6643,0.0204
286.56,99.6438,99.6641,0.0202
286.6,99.6438,99.6637,0.0198
286.64,99.6438,99.6634,0.0195
286.68,99.6438,99.6631,0.0192
286.72,99.6438,99.6627,0.0188
286.76,99.6438,99.6625,0.0186
286.8,99.6438,99.6622,0.0183
286.84000000000003,99.6438,99.6619,0.018
286.88,99.6438,99.6616,0.0177
286.92,99.6438,99.6613,0.0174
286.96,99.6438,99.661,0.0171
287.0,99.6438,99.6606,0.0167
287.04,99.6438,99.6604,0.0165
287.08,99.6438,99.66,0.0161
287.12,99.6438,99.6597,0.0158
287.16,99.6375,99.6594,0.0218
287.2,99.6375,99.6591,0.0215
287.24,99.6375,99.6588,0.0212
287.28000000000003,99.6375,99.6585,0.0209
287.32,99.6375,99.6582,0.0206
287.36,99.6375,99.658,0.0204
287.40000000000003,99.6375,99.6577,0.0201
287.44,99.6375,99.6574,0.0198
287.48,99.6375,99.6571,0.0195
287.52,99.6375,99.6568,0.0192
287.56,99.6375,99.6566,0.019
287.6,99.6375,99.6563,0.0187
287.64,99.6375,99.656,0.0184
287.68,99.6375,99.6557,0.0181
287.72,99.6375,99.6554,0.0178
287.76,99.6375,99.6551,0.0175
287.8,99.6375,99.6548,0.0172
287.84000000000003,99.6375,99.6545,0.0169
287.88,99.6375,99.6543,0.0167
287.92,99.6375,99.654,0.0164
287.96,99.6312,99.6537,0.0224
288.0,99.6312,99.6534,0.0221
288.04,99.6312,99.6531,0.0218
288.08,99.6312,99.6527,0.0215
288.12,99.6312,99.6524,0.0211
288.16,99.6312,99.6521,0.0208
288.2,99.6312,99.6518,0.0205
288.24,99.6312,99.6515,0.0202
288.28000000000003,99.6312,99.6512,0.0199
288.32,99.6312,99.6508,0.0195
288.36,99.6312,99.6504,0.0192
288.40000000000003,99.6312,99.6502,0.0189
288.44,99.6312,99.6498,0.0185
288.48,99.6312,99.6496,0.0183
288.52,99.6312,99.6492,0.018
288.56,99.6312,99.6489,0.0177
288.6,99.6312,99.6486,0.0173
288.64,99.6312,99.6483,0.017
288.68,99.6312,99.648,0.0167
288.72,99.6312,99.6477,0.0164
288.76,99.6249,99.6474,0.0224
288.8,99.6249,99.6471,0.0221
288.84000000000003,99.6249,99.6468,0.0218
288.88,99.6249,99.6465,0.0215
288.92,99.6249,99.6461,0.0211
288.96,99.6249,99.6458,0.0208
289.0,99.6249,99.6455,0.0205
289.04,99.6249,99.6452,0.0202
289.08,99.6249,99.6449,0.0199
289.12,99.6249,99.6446,0.0196
289.16,99.6249,99.6442,0.0193
289.2,99.6249,99.6439,0.0189
289.24,99.6249,99.6436,0.0186
289.28000000000003,99.6249,99.6433,0.0183
289.32,99.6249,99.643,0.018
289.36,99.6249,99.6427,0.0177
289.40000000000003,99.6249,99.6424,0.0174
289.44,99.6249,99.642,0.0171
289.48,99.6249,99.6418,0.0168
289.52,99.6249,99.6414,0.0165
289.56,99.6187,99.6411,0.0224
289.6,99.6187,99.6408,0.0221
289.64,99.6187,99.6405,0.0218
289.68,99.6187,99.6402,0.0215
289.72,99.6187,99.6399,0.0212
289.76,99.6187,99.6396,0.0209
289.8,99.6187,99.6392,0.0205
289.84000000000003,99.6187,99.6389,0.0202
289.88,99.6187,99.6386,0.0199
289.92,99.6187,99.6383,0.0196
289.96,99.6187,99.638,0.0193
290.0,99.6187,99.6377,0.0189
290.04,99.6187,99.6374,0.0186
290.08,99.6187,99.6371,0.0183
290.12,99.6187,99.6368,0.018
290.16,99.6187,99.6364,0.0177
290.2,99.6187,99.6361,0.0173
290.24,99.6187,99.6356,0.0169
290.28000000000003,99.6187,99.6353,0.0166
290.32,99.6187,99.635,0.0162
290.36,99.6125,99.6346,0.0221
290.40000000000003,99.6125,99.6343,0.0218
290.44,99.6125,99.6339,0.0214
290.48,99.6125,99.6336,0.0211
290.52,99.6125,99.6332,0.0207
290.56,99.6125,99.6329,0.0204
290.6,99.6125,99.6325,0.02
290.64,99.6125,99.6321,0.0196
290.68,99.6125,99.6317,0.0192
290.72,99.6125,99.6313,0.0188
290.76,99.6125,99.631,0.0185
290.8,99.6125,99.6306,0.0181
290.84000000000003,99.6125,99.6303,0.0177
290.88,99.6125,99.6299,0.0174
290.92,99.6125,99.6295,0.017
290.96,99.6125,99.6291,0.0166
291.0,99.6125,99.6288,0.0162
291.04,99.6125,99.6284,0.0159
291.08,99.6125,99.628,0.0155
291.12,99.6125,99.6277,0.0152
291.16,99.6063,99.6273,0.021
291.2,99.6063,99.627,0.0206
291.24,99.6063,99.6266,0.0202
291.28000000000003,99.6063,99.6262,0.0199
291.32,99.6063,99.6259,0.0195
291.36,99.6063,99.6255,0.0192
291.40000000000003,99.6063,99.6252,0.0189
291.44,99.6063,99.6248,0.0185
291.48,99.6063,99.6245,0.0181
291.52,99.6063,99.6241,0.0178
291.56,99.6063,99.6238,0.0174
291.6,99.6063,99.6234,0.0171
291.64,99.6063,99.623,0.0166
291.68,99.6063,99.6226,0.0163
291.72,99.6063,99.6222,0.0159
291.76,99.6063,99.6218,0.0154
291.8,99.6063,99.6214,0.0151
291.84000000000003,99.6063,99.6209,0.0146
291.88,99.6063,99.6205,0.0142
291.92,99.6063,99.6201,0.0138
291.96,99.6001,99.6197,0.0195
292.0,99.6001,99.6193,0.0192
292.04,99.6001,99.6189,0.0187
292.08,99.6001,99.6185,0.0183
292.12,99.6001,99.6182,0.018
292.16,99.6001,99.6178,0.0176
292.2,99.6001,99.6175,0.0173
292.24,99.6001,99.6171,0.0169
292.28000000000003,99.6001,99.6167,0.0165
292.32,99.6001,99.6163,0.0161
292.36,99.6001,99.6159,0.0157
292.40000000000003,99.6001,99.6156,0.0154
292.44,99.6001,99.6152,0.015
292.48,99.6001,99.6148,0.0146
292.52,99.6001,99.6144,0.0142
292.56,99.6001,99.6139,0.0138
292.6,99.6001,99.6136,0.0134
292.64,99.6001,99.6132,0.013
292.68,99.6001,99.6128,0.0126
292.72,99.6001,99.6125,0.0123
292.76,99.5941,99.6121,0.018
292.8,99.5941,99.6117,0.0176
292.84000000000003,99.5941,99.6114,0.0172
292.88,99.5941,99.6109,0.0168
292.92,99.5941,99.6105,0.0164
292.96,99.5941,99.6101,0.016
293.0,99.5941,99.6098,0.0156
293.04,99.5941,99.6094,0.0152
293.08,99.5941,99.609,0.0148
293.12,99.5941,99.6086,0.0145
293.16,99.5941,99.6082,0.014
293.2,99.5941,99.6078,0.0137
293.24,99.5941,99.6074,0.0132
293.28000000000003,99.5941,99.607,0.0129
293.32,99.5941,99.6067,0.0125
293.36,99.5941,99.6062,0.0121
293.40000000000003,99.5941,99.6059,0.0118
293.44,99.5941,99.6056,0.0115
293.48,99.5941,99.6052,0.0111
293.52,99.5941,99.6049,0.0107
293.56,99.5881,99.6045,0.0163
293.6,99.5881,99.6042,0.016
293.64,99.5881,99.6038,0.0156
293.68,99.5881,99.6034,0.0153
293.72,99.5881,99.6031,0.0149
293.76,99.5881,99.6026,0.0145
293.8,99.5881,99.6023,0.0141
293.84000000000003,99.5881,99.6019,0.0137
293.88,99.5881,99.6016,0.0134
293.92,99.5881,99.6012,0.013
293.96,99.5881,99.6008,0.0126
294.0,99.5881,99.6004,0.0123
294.04,99.5881,99.6001,0.0119
294.08,99.5881,99.5996,0.0115
294.12,99.5881,99.5993,0.0111
294.16,99.5881,99.5989,0.0107
294.2,99.5881,99.5985,0.0103
294.24,99.5881,99.5982,0.01
294.28000000000003,99.5881,99.5977,0.0096
294.32,99.5881,99.5974,0.0092
294.36,99.5823,99.5969,0.0146
294.40000000000003,99.5823,99.5966,0.0142
294.44,99.5823,99.5962,0.0139
294.48,99.5823,99.5958,0.0135
294.52,99.5823,99.5955,0.0131
294.56,99.5823,99.595,0.0127
294.6,99.5823,99.5947,0.0123
294.64,99.5823,99.5943,0.012
294.68,99.5823,99.594,0.0116
294.72,99.5823,99.5936,0.0113
294.76,99.5823,99.5932,0.0109
294.8,99.5823,99.5929,0.0106
294.84000000000003,99.5823,99.5925,0.0102
294.88,99.5823,99.5921,0.0098
294.92,99.5823,99.5918,0.0094
294.96,99.5823,99.5914,0.0091
295.0,99.5823,99.591,0.0087
295.04,99.5823,99.5907,0.0084
295.08,99.5823,99.5903,0.008
295.12,99.5823,99.59,0.0077
295.16,99.5766,99.5896,0.013
295.2,99.5766,99.5893,0.0127
295.24,99.5766,99.5889,0.0123
295.28000000000003,99.5766,99.5886,0.012
295.32,99.5766,99.5882,0.0116
295.36,99.5766,99.5878,0.0112
295.40000000000003,99.5766,99.5875,0.0109
295.44,99.5766,99.5871,0.0105
295.48,99.5766,99.5867,0.0101
295.52,99.5766,99.5864,0.0098
295.56,99.5766,99.586,0.0094
295.6,99.5766,99.5857,0.0091
295.64,99.5766,99.5853,0.0087
295.68,99.5766,99.585,0.0084
295.72,99.5766,99.5846,0.008
295.76,99.5766,99.5842,0.0076
295.8,99.5766,99.5838,0.0072
295.84000000000003,99.5766,99.5834,0.0068
295.88,99.5766,99.583,0.0064
295.92,99.5766,99.5827,0.0061
295.96,99.571,99.5823,0.0113
296.0,99.571,99.5819,0.0109
296.04,99.571,99.5815,0.0105
296.08,99.571,99.5812,0.0102
296.12,99.571,99.5808,0.0098
296.16,99.571,99.5804,0.0094
296.2,99.571,99.5801,0.0091
296.24,99.571,99.5797,0.0087
296.28000000000003,99.571,99.5794,0.0084
296.32,99.571,99.579,0.008
296.36,99.571,99.5787,0.0076
296.40000000000003,99.571,99.5783,0.0073
296.44,99.571,99.5779,0.0069
296.48,99.571,99.5776,0.0065
296.52,99.571,99.5772,0.0062
296.56,99.571,99.5768,0.0058
296.6,99.571,99.5765,0.0055
296.64,99.571,99.5761,0.0051
296.68,99.571,99.5757,0.0047
296.72,99.571,99.5753,0.0043
296.76,99.5656,99.575,0.0093
296.8,99.5656,99.5746,0.009
296.84000000000003,99.5656,99.5742,0.0086
296.88,99.5656,99.5738,0.0082
296.92,99.5656,99.5734,0.0078
296.96,99.5656,99.573,0.0074
297.0,99.5656,99.5727,0.0071
297.04,99.5656,99.5723,0.0067
297.08,99.5656,99.572,0.0063
297.12,99.5656,99.5716,0.006
297.16,99.5656,99.5712,0.0056
297.2,99.5656,99.5709,0.0053
297.24,99.5656,99.5705,0.0049
297.28000000000003,99.5656,99.5702,0.0046
297.32,99.5656,99.5699,0.0043
297.36,99.5656,99.5696,0.004
297.40000000000003,99.5656,99.5692,0.0036
297.44,99.5656,99.5689,0.0033
297.48,99.5656,99.5686,0.003
297.52,99.5656,99.5683,0.0027
297.56,99.5603,99.5679,0.0076
297.6,99.5603,99.5676,0.0072
297.64,99.5603,99.5672,0.0069
297.68,99.5603,99.5669,0.0065
297.72,99.5603,99.5666,0.0062
297.76,99.5603,99.5663,0.0059
297.8,99.5603,99.5659,0.0056
297.84000000000003,99.5603,99.5656,0.0052
297.88,99.5603,99.5652,0.0048
297.92,99.5603,99.5648,0.0045
297.96,99.5603,99.5645,0.0042
298.0,99.5603,99.5642,0.0039
298.04,99.5603,99.5639,0.0035
298.08,99.5603,99.5636,0.0032
298.12,99.5603,99.5633,0.0029
298.16,99.5603,99.5629,0.0026
298.2,99.5603,99.5626,0.0023
298.24,99.5603,99.5623,0.002
298.28000000000003,99.5603,99.5621,0.0017
298.32,99.5603,99.5617,0.0014
298.36,99.5552,99.5614,0.0061
298.40000000000003,99.5552,99.5611,0.0058
298.44,99.5552,99.5607,0.0055
298.48,99.5552,99.5604,0.0051
298.52,99.5552,99.5601,0.0048
298.56,99.5552,99.5598,0.0045
298.6,99.5552,99.5595,0.0042
298.64,99.5552,99.5592,0.0039
298.68,99.5552,99.5588,0.0035
298.72,99.5552,99.5585,0.0032
298.76,99.5552,99.5582,0.0029
298.8,99.5552,99.5578,0.0025
298.84000000000003,99.5552,99.5575,0.0022
298.88,99.5552,99.5572,0.0019
298.92,99.5552,99.5569,0.0016
298.96,99.5552,99.5566,0.0013
299.0,99.5552,99.5563,0.001
299.04,99.5552,99.556,0.0007
299.08,99.5552,99.5557,0.0004
299.12,99.5552,99.5554,0.0001
299.16,99.5504,99.555,0.0046
299.2,99.5504,99.5547,0.0043
299.24,99.5504,99.5544,0.004
299.28000000000003,99.5504,99.5541,0.0036
299.32,99.5504,99.5537,0.0033
299.36,99.5504,99.5534,0.003
299.40000000000003,99.5504,99.5531,0.0026
299.44,99.5504,99.5527,0.0023
299.48,99.5504,99.5524,0.0019
299.52,99.5504,99.552,0.0016
299.56,99.5504,99.5517,0.0013
299.6,99.5504,99.5513,0.0009
299.64,99.5504,99.551,0.0006
299.68,99.5504,99.5506,0.0002
299.72,99.5504,99.5503,-0.0001
299.76,99.5504,99.55,-0.0004
299.8,99.5504,99.5496,-0.0007
299.84000000000003,99.5504,99.5493,-0.001
299.88,99.5504,99.549,-0.0013
299.92,99.5504,99.5487,-0.0016
299.96,99.5457,99.5484,0.0026
300.0,99.5457,99.5481,0.0023
300.04,99.5457,99.5478,0.002
300.08,99.5457,99.5475,0.0018
300.12,99.5457,99.5473,0.0015
300.16,99.5457,99.547,0.0012
300.2,99.5457,99.5467,0.0009
300.24,99.5457,99.5464,0.0006
300.28000000000003,99.5457,99.5461,0.0003
300.32,99.5457,99.5458,0.0
300.36,99.5457,99.5455,-0.0002
300.40000000000003,99.5457,99.5452,-0.0005
300.44,99.5457,99.5448,-0.0008
300.48,99.5457,99.5446,-0.0011
300.52,99.5457,99.5443,-0.0014
300.56,99.5457,99.544,-0.0017
300.6,99.5457,99.5436,-0.002
300.64,99.5457,99.5433,-0.0024
300.68,99.5457,99.543,-0.0027
300.72,99.5457,99.5427,-0.003
300.76,99.5413,99.5424,0.0011
300.8,99.5413,99.5421,0.0008
300.84000000000003,99.5413,99.5418,0.0005
300.88,99.5413,99.5415,0.0002
300.92,99.5413,99.5412,-0.0
300.96,99.5413,99.5409,-0.0003
301.0,99.5413,99.5406,-0.0006
301.04,99.5413,99.5403,-0.001
301.08,99.5413,99.54,-0.0013
301.12,99.5413,99.5397,-0.0015
301.16,99.5413,99.5395,-0.0018
301.2,99.5413,99.5391,-0.0021
301.24,99.5413,99.5389,-0.0024
301.28000000000003,99.5413,99.5386,-0.0027
301.32,99.5413,99.5383,-0.0029
301.36,99.5413,99.5381,-0.0032
301.40000000000003,99.5413,99.5378,-0.0034
301.44,99.5413,99.5375,-0.0037
301.48,99.5413,99.5373,-0.004
301.52,99.5413,99.537,-0.0043
301.56,99.5371,99.5367,-0.0004
301.6,99.5371,99.5364,-0.0006
301.64,99.5371,99.5362,-0.0009
301.68,99.5371,99.5358,-0.0012
301.72,99.5371,99.5355,-0.0015
301.76,99.5371,99.5353,-0.0018
301.8,99.5371,99.535,-0.002
301.84000000000003,99.5371,99.5347,-0.0023
301.88,99.5371,99.5345,-0.0026
301.92,99.5371,99.5343,-0.0028
301.96,99.5371,99.534,-0.003
302.0,99.5371,99.5338,-0.0032
302.04,99.5371,99.5335,-0.0035
302.08,99.5371,99.5332,-0.0038
302.12,99.5371,99.5329,-0.0041
302.16,99.5371,99.5327,-0.0044
302.2,99.5371,99.5324,-0.0046
302.24,99.5371,99.5321,-0.0049
302.28000000000003,99.5371,99.5318,-0.0052
302.32,99.5371,99.5316,-0.0054
302.36,99.5331,99.5314,-0.0017
302.40000000000003,99.5331,99.5311,-0.002
302.44,99.5331,99.5308,-0.0022
302.48,99.5331,99.5306,-0.0025
302.52,99.5331,99.5304,-0.0027
302.56,99.5331,99.5301,-0.0029
302.6,99.5331,99.5299,-0.0032
302.64,99.5331,99.5297,-0.0034
302.68,99.5331,99.5294,-0.0037
302.72,99.5331,99.5292,-0.0039
302.76,99.5331,99.5289,-0.0042
302.8,99.5331,99.5286,-0.0044
302.84000000000003,99.5331,99.5285,-0.0046
302.88,99.5331,99.5282,-0.0048
302.92,99.5331,99.528,-0.005
302.96,99.5331,99.5278,-0.0053
303.0,99.5331,99.5276,-0.0055
303.04,99.5331,99.5274,-0.0057
303.08,99.5331,99.5271,-0.0059
303.12,99.5331,99.527,-0.0061
303.16,99.5294,99.5267,-0.0026
303.2,99.5294,99.5265,-0.0028
303.24,99.5294,99.5263,-0.0031
303.28000000000003,99.5294,99.526,-0.0034
303.32,99.5294,99.5257,-0.0036
303.36,99.5294,99.5255,-0.0038
303.40000000000003,99.5294,99.5253,-0.004
303.44,99.5294,99.5251,-0.0043
303.48,99.5294,99.5248,-0.0046
303.52,99.5294,99.5246,-0.0048
303.56,99.5294,99.5243,-0.005
303.6,99.5294,99.524,-0.0054
303.64,99.5294,99.5238,-0.0056
303.68,99.5294,99.5235,-0.0059
303.72,99.5294,99.5232,-0.0061
303.76,99.5294,99.523,-0.0063
303.8,99.5294,99.5228,-0.0065
303.84000000000003,99.5294,99.5226,-0.0068
303.88,99.5294,99.5223,-0.007
303.92,99.5294,99.522,-0.0073
303.96,99.5259,99.5218,-0.0041
304.0,99.5259,99.5215,-0.0043
304.04,99.5259,99.5213,-0.0045
304.08,99.5259,99.521,-0.0048
304.12,99.5259,99.5208,-0.0051
304.16,99.5259,99.5205,-0.0053
304.2,99.5259,99.5203,-0.0056
304.24,99.5259,99.5201,-0.0058
304.28000000000003,99.5259,99.5198,-0.006
304.32,99.5259,99.5195,-0.0063
304.36,99.5259,99.5193,-0.0066
304.40000000000003,99.5259,99.519,-0.0068
304.44,99.5259,99.5188,-0.007
304.48,99.5259,99.5186,-0.0073
304.52,99.5259,99.5183,-0.0075
304.56,99.5259,99.5181,-0.0078
304.6,99.5259,99.5177,-0.0081
304.64,99.5259,99.5175,-0.0084
304.68,99.5259,99.5172,-0.0087
304.72,99.5259,99.5169,-0.0089
304.76,99.5227,99.5166,-0.006
304.8,99.5227,99.5164,-0.0062
304.84000000000003,99.5227,99.5161,-0.0065
304.88,99.5227,99.5159,-0.0067
304.92,99.5227,99.5156,-0.007
304.96,99.5227,99.5153,-0.0073
305.0,99.5227,99.515,-0.0076
305.04,99.5227,99.5148,-0.0078
305.08,99.5227,99.5145,-0.0081
305.12,99.5227,99.5142,-0.0084
305.16,99.5227,99.5139,-0.0087
305.2,99.5227,99.5136,-0.009
305.24,99.5227,99.5134,-0.0092
305.28000000000003,99.5227,99.5132,-0.0094
305.32,99.5227,99.5129,-0.0097
305.36,99.5227,99.5127,-0.0099
305.40000000000003,99.5227,99.5124,-0.0102
305.44,99.5227,99.5122,-0.0104
305.48,99.5227,99.5119,-0.0107
305.52,99.5227,99.5116,-0.011
305.56,99.5196,99.5114,-0.0082
305.6,99.5196,99.511,-0.0086
305.64,99.5196,99.5108,-0.0088
305.68,99.5196,99.5106,-0.009
305.72,99.5196,99.5103,-0.0093
305.76,99.5196,99.51,-0.0096
305.8,99.5196,99.5098,-0.0098
305.84000000000003,99.5196,99.5095,-0.0101
305.88,99.5196,99.5093,-0.0103
305.92,99.5196,99.509,-0.0106
305.96,99.5196,99.5088,-0.0108
306.0,99.5196,99.5085,-0.0111
306.04,99.5196,99.5082,-0.0114
306.08,99.5196,99.508,-0.0116
306.12,99.5196,99.5077,-0.0119
306.16,99.5196,99.5075,-0.0121
306.2,99.5196,99.5071,-0.0125
306.24,99.5196,99.5068,-0.0128
306.28000000000003,99.5196,99.5066,-0.013
306.32,99.5196,99.5063,-0.0133
306.36,99.5169,99.506,-0.0109
306.40000000000003,99.5169,99.5057,-0.0112
306.44,99.5169,99.5054,-0.0114
306.48,99.5169,99.5052,-0.0116
306.52,99.5169,99.5049,-0.0119
306.56,99.5169,99.5046,-0.0122
306.6,99.5169,99.5044,-0.0125
306.64,99.5169,99.5041,-0.0127
306.68,99.5169,99.5039,-0.013
306.72,99.5169,99.5036,-0.0132
306.76,99.5169,99.5034,-0.0134
306.8,99.5169,99.5032,-0.0137
306.84000000000003,99.5169,99.5029,-0.0139
306.88,99.5169,99.5027,-0.0141
306.92,99.5169,99.5024,-0.0144
306.96,99.5169,99.5022,-0.0146
307.0,99.5169,99.5019,-0.0149
307.04,99.5169,99.5017,-0.0152
307.08,99.5169,99.5014,-0.0154
307.12,99.5169,99.5011,-0.0157
307.16,99.5144,99.5009,-0.0134
307.2,99.5144,99.5006,-0.0137
307.24,99.5144,99.5004,-0.0139
307.28000000000003,99.5144,99.5002,-0.0142
307.32,99.5144,99.4999,-0.0144
307.36,99.5144,99.4997,-0.0147
307.40000000000003,99.5144,99.4994,-0.0149
307.44,99.5144,99.4991,-0.0152
307.48,99.5144,99.4989,-0.0154
307.52,99.5144,99.4987,-0.0157
307.56,99.5144,99.4984,-0.016
307.6,99.5144,99.4981,-0.0162
307.64,99.5144,99.4978,-0.0165
307.68,99.5144,99.4976,-0.0168
307.72,99.5144,99.4973,-0.017
307.76,99.5144,99.497,-0.0173
307.8,99.5144,99.4968,-0.0175
307.84000000000003,99.5144,99.4965,-0.0178
307.88,99.5144,99.4964,-0.018
307.92,99.5144,99.4961,-0.0182
307.96,99.5121,99.4959,-0.0162
308.0,99.5121,99.4956,-0.0165
308.04,99.5121,99.4953,-0.0167
308.08,99.5121,99.4951,-0.0169
308.12,99.5121,99.4948,-0.0172
308.16,99.5121,99.4946,-0.0175
308.2,99.5121,99.4943,-0.0177
308.24,99.5121,99.494,-0.018
308.28000000000003,99.5121,99.4938,-0.0182
308.32,99.5121,99.4936,-0.0185
308.36,99.5121,99.4933,-0.0188
308.40000000000003,99.5121,99.493,-0.0191
308.44,99.5121,99.4927,-0.0193
308.48,99.5121,99.4925,-0.0196
308.52,99.5121,99.4922,-0.0199
308.56,99.5121,99.492,-0.0201
308.6,99.5121,99.4917,-0.0204
308.64,99.5121,99.4914,-0.0206
308.68,99.5121,99.4912,-0.0209
308.72,99.5121,99.4909,-0.0211
308.76,99.5101,99.4907,-0.0194
308.8,99.5101,99.4904,-0.0196
308.84000000000003,99.5101,99.4901,-0.0199
308.88,99.5101,99.4899,-0.0201
308.92,99.5101,99.4896,-0.0204
308.96,99.5101,99.4893,-0.0207
309.0,99.5101,99.489,-0.021
309.04,99.5101,99.4887,-0.0213
309.08,99.5101,99.4884,-0.0216
309.12,99.5101,99.4881,-0.0219
309.16,99.5101,99.4878,-0.0222
309.2,99.5101,99.4876,-0.0224
309.24,99.5101,99.4874,-0.0226
309.28000000000003,99.5101,99.4871,-0.0229
309.32,99.5101,99.4869,-0.0231
309.36,99.5101,99.4866,-0.0234
309.40000000000003,99.5101,99.4864,-0.0236
309.44,99.5101,99.4861,-0.0239
309.48,99.5101,99.4859,-0.0241
309.52,99.5101,99.4857,-0.0243
309.56,99.5082,99.4854,-0.0227
309.6,99.5082,99.4852,-0.023
309.64,99.5082,99.4849,-0.0233
309.68,99.5082,99.4847,-0.0235
309.72,99.5082,99.4845,-0.0237
309.76,99.5082,99.4842,-0.024
309.8,99.5082,99.484,-0.0242
309.84000000000003,99.5082,99.4837,-0.0245
309.88,99.5082,99.4834,-0.0247
309.92,99.5082,99.4832,-0.025
309.96,99.5082,99.4829,-0.0253
310.0,99.5082,99.4827,-0.0255
310.04,99.5082,99.4824,-0.0258
310.08,99.5082,99.4821,-0.0261
310.12,99.5082,99.4819,-0.0263
310.16,99.5082,99.4816,-0.0266
310.2,99.5082,99.4814,-0.0268
310.24,99.5082,99.4811,-0.0271
310.28000000000003,99.5082,99.4809,-0.0273
310.32,99.5082,99.4807,-0.0275
310.36,99.5066,99.4804,-0.0262
310.40000000000003,99.5066,99.4801,-0.0265
310.44,99.5066,99.4799,-0.0267
310.48,99.5066,99.4796,-0.027
310.52,99.5066,99.4794,-0.0272
310.56,99.5066,99.4791,-0.0275
310.6,99.5066,99.4789,-0.0277
310.64,99.5066,99.4786,-0.028
310.68,99.5066,99.4783,-0.0283
310.72,99.5066,99.4781,-0.0285
310.76,99.5066,99.4779,-0.0287
310.8,99.5066,99.4777,-0.0289
310.84000000000003,99.5066,99.4774,-0.0292
310.88,99.5066,99.4772,-0.0294
310.92,99.5066,99.477,-0.0296
310.96,99.5066,99.4767,-0.0299
311.0,99.5066,99.4765,-0.0301
311.04,99.5066,99.4762,-0.0304
311.08,99.5066,99.4759,-0.0306
311.12,99.5066,99.4757,-0.0309
311.16,99.5052,99.4754,-0.0298
311.2,99.5052,99.4752,-0.0299
311.24,99.5052,99.475,-0.0302
311.28000000000003,99.5052,99.4748,-0.0305
311.32,99.5052,99.4745,-0.0307
311.36,99.5052,99.4743,-0.0309
311.40000000000003,99.5052,99.4741,-0.0311
311.44,99.5052,99.4738,-0.0314
311.48,99.5052,99.4736,-0.0317
311.52,99.5052,99.4733,-0.0319
311.56,99.5052,99.473,-0.0322
311.6,99.5052,99.4728,-0.0324
311.64,99.5052,99.4725,-0.0327
311.68,99.5052,99.4722,-0.033
311.72,99.5052,99.472,-0.0333
311.76,99.5052,99.4716,-0.0336
311.8,99.5052,99.4714,-0.0338
311.84000000000003,99.5052,99.4711,-0.0341
311.88,99.5052,99.4708,-0.0344
311.92,99.5052,99.4705,-0.0347
311.96,99.5041,99.4703,-0.0337
312.0,99.5041,99.4701,-0.0339
312.04,99.5041,99.4698,-0.0342
312.08,99.5041,99.4695,-0.0345
312.12,99.5041,99.4693,-0.0347
312.16,99.5041,99.4691,-0.0349
312.2,99.5041,99.4689,-0.0351
312.24,99.5041,99.4687,-0.0353
312.28000000000003,99.5041,99.4685,-0.0355
312.32,99.5041,99.4683,-0.0357
312.36,99.5041,99.4681,-0.0359
312.40000000000003,99.5041,99.4678,-0.0362
312.44,99.5041,99.4675,-0.0365
312.48,99.5041,99.4672,-0.0368
312.52,99.5041,99.467,-0.037
312.56,99.5041,99.4667,-0.0373
312.6,99.5041,99.4665,-0.0375
312.64,99.5041,99.4662,-0.0378
312.68,99.5041,99.466,-0.038
312.72,99.5041,99.4657,-0.0383
312.76,99.5031,99.4654,-0.0376
312.8,99.5031,99.4652,-0.0378
312.84000000000003,99.5031,99.4649,-0.0381
312.88,99.5031,99.4646,-0.0384
312.92,99.5031,99.4643,-0.0387
312.96,99.5031,99.464,-0.039
313.0,99.5031,99.4638,-0.0392
313.04,99.5031,99.4635,-0.0395
313.08,99.5031,99.4633,-0.0397
313.12,99.5031,99.463,-0.04
313.16,99.5031,99.4627,-0.0402
313.2,99.5031,99.4625,-0.0405
313.24,99.5031,99.4623,-0.0407
313.28000000000003,99.5031,99.462,-0.041
313.32,99.5031,99.4618,-0.0412
313.36,99.5031,99.4615,-0.0415
313.40000000000003,99.5031,99.4613,-0.0417
313.44,99.5031,99.461,-0.042
313.48,99.5031,99.4608,-0.0422
313.52,99.5031,99.4606,-0.0424
313.56,99.5022,99.4603,-0.0418
313.6,99.5022,99.4601,-0.042
313.64,99.5022,99.4599,-0.0423
313.68,99.5022,99.4596,-0.0426
313.72,99.5022,99.4594,-0.0428
313.76,99.5022,99.4591,-0.043
313.8,99.5022,99.4589,-0.0433
313.84000000000003,99.5022,99.4587,-0.0435
313.88,99.5022,99.4585,-0.0437
313.92,99.5022,99.4582,-0.044
313.96,99.5022,99.4579,-0.0443
314.0,99.5022,99.4577,-0.0445
314.04,99.5022,99.4574,-0.0448
314.08,99.5022,99.4571,-0.0451
314.12,99.5022,99.4569,-0.0453
314.16,99.5022,99.4565,-0.0456
314.2,99.5022,99.4563,-0.0458
314.24,99.5022,99.4561,-0.0461
314.28000000000003,99.5022,99.4558,-0.0464
314.32,99.5022,99.4556,-0.0465
314.36,99.5016,99.4554,-0.0461
314.40000000000003,99.5016,99.4551,-0.0464
314.44,99.5016,99.4548,-0.0467
314.48,99.5016,99.4545,-0.047
314.52,99.5016,99.4543,-0.0472
314.56,99.5016,99.4541,-0.0475
314.6,99.5016,99.4538,-0.0477
314.64,99.5016,99.4536,-0.0479
314.68,99.5016,99.4533,-0.0482
314.72,99.5016,99.4531,-0.0484
314.76,99.5016,99.4528,-0.0487
314.8,99.5016,99.4527,-0.0488
314.84000000000003,99.5016,99.4525,-0.049
314.88,99.5016,99.4522,-0.0493
314.92,99.5016,99.452,-0.0495
314.96,99.5016,99.4518,-0.0497
315.0,99.5016,99.4516,-0.0499
315.04,99.5016,99.4514,-0.0501
315.08,99.5016,99.4512,-0.0503
315.12,99.5016,99.451,-0.0505
315.16,99.501,99.4508,-0.0502
315.2,99.501,99.4506,-0.0504
315.24,99.501,99.4504,-0.0506
315.28000000000003,99.501,99.4501,-0.0508
315.32,99.501,99.4499,-0.0511
315.36,99.501,99.4497,-0.0513
315.40000000000003,99.501,99.4495,-0.0515
315.44,99.501,99.4492,-0.0517
315.48,99.501,99.449,-0.052
315.52,99.501,99.4488,-0.0522
315.56,99.501,99.4485,-0.0524
315.6,99.501,99.4483,-0.0526
315.64,99.501,99.4481,-0.0528
315.68,99.501,99.4479,-0.0531
315.72,99.501,99.4477,-0.0532
315.76,99.501,99.4475,-0.0535
315.8,99.501,99.4472,-0.0537
315.84000000000003,99.501,99.4471,-0.0539
315.88,99.501,99.4468,-0.0542
315.92,99.501,99.4466,-0.0544
315.96,99.5006,99.4464,-0.0542
316.0,99.5006,99.4462,-0.0544
316.04,99.5006,99.446,-0.0546
316.08,99.5006,99.4458,-0.0548
316.12,99.5006,99.4456,-0.055
316.16,99.5006,99.4454,-0.0552
316.2,99.5006,99.4452,-0.0553
316.24,99.5006,99.445,-0.0555
316.28000000000003,99.5006,99.4449,-0.0557
316.32,99.5006,99.4447,-0.0559
316.36,99.5006,99.4444,-0.0561
316.40000000000003,99.5006,99.4442,-0.0563
316.44,99.5006,99.444,-0.0566
316.48,99.5006,99.4438,-0.0568
316.52,99.5006,99.4436,-0.057
316.56,99.5006,99.4434,-0.0572
316.6,99.5006,99.4432,-0.0573
316.64,99.5006,99.4431,-0.0575
316.68,99.5006,99.4429,-0.0577
316.72,99.5006,99.4427,-0.0579
316.76,99.5003,99.4425,-0.0578
316.8,99.5003,99.4423,-0.058
316.84000000000003,99.5003,99.4421,-0.0582
316.88,99.5003,99.4419,-0.0584
316.92,99.5003,99.4417,-0.0586
316.96,99.5003,99.4415,-0.0588
317.0,99.5003,99.4414,-0.0589
317.04,99.5003,99.4411,-0.0591
317.08,99.5003,99.441,-0.0593
317.12,99.5003,99.4408,-0.0595
317.16,99.5003,99.4407,-0.0596
317.2,99.5003,99.4405,-0.0597
317.24,99.5003,99.4404,-0.0599
317.28000000000003,99.5003,99.4402,-0.06
317.32,99.5003,99.4401,-0.0602
317.36,99.5003,99.44,-0.0603
317.40000000000003,99.5003,99.4398,-0.0605
317.44,99.5003,99.4396,-0.0607
317.48,99.5003,99.4394,-0.0609
317.52,99.5003,99.4392,-0.0611
317.56,99.5001,99.439,-0.0611
317.6,99.5001,99.4388,-0.0613
317.64,99.5001,99.4387,-0.0614
317.68,99.5001,99.4386,-0.0615
317.72,99.5001,99.4384,-0.0617
317.76,99.5001,99.4382,-0.0619
317.8,99.5001,99.438,-0.0621
317.84000000000003,99.5001,99.4379,-0.0622
317.88,99.5001,99.4377,-0.0624
317.92,99.5001,99.4375,-0.0626
317.96,99.5001,99.4374,-0.0627
318.0,99.5001,99.4372,-0.0629
318.04,99.5001,99.437,-0.063
318.08,99.5001,99.4369,-0.0632
318.12,99.5001,99.4368,-0.0633
318.16,99.5001,99.4366,-0.0634
318.2,99.5001,99.4365,-0.0636
318.24,99.5001,99.4363,-0.0638
318.28000000000003,99.5001,99.4361,-0.0639
318.32,99.5001,99.436,-0.0641
318.36,99.5,99.4358,-0.0641
318.40000000000003,99.5,99.4357,-0.0643
318.44,99.5,99.4356,-0.0644
318.48,99.5,99.4354,-0.0645
318.52,99.5,99.4353,-0.0647
318.56,99.5,99.4352,-0.0648
318.6,99.5,99.435,-0.065
318.64,99.5,99.4349,-0.0651
318.68,99.5,99.4347,-0.0652
318.72,99.5,99.4346,-0.0653
318.76,99.5,99.4345,-0.0655
318.8,99.5,99.4344,-0.0656
318.84000000000003,99.5,99.4343,-0.0657
318.88,99.5,99.4341,-0.0658
318.92,99.5,99.4341,-0.0659
318.96,99.5,99.434,-0.066
319.0,99.5,99.4339,-0.0661
319.04,99.5,99.4337,-0.0662
319.08,99.5,99.4336,-0.0664
319.12,99.5,99.4335,-0.0665
319.16,99.5,99.4333,-0.0666
319.2,99.5,99.4332,-0.0667
319.24,99.5,99.4331,-0.0668
319.28000000000003,99.5,99.433,-0.0669
319.32,99.5,99.4329,-0.067
319.36,99.5,99.4328,-0.0671
319.40000000000003,99.5,99.4326,-0.0673
319.44,99.5,99.4325,-0.0674
319.48,99.5,99.4324,-0.0675
319.52,99.5,99.4323,-0.0677
319.56,99.5,99.4322,-0.0677
319.6,99.5,99.4321,-0.0678
319.64,99.5,99.432,-0.0679
319.68,99.5,99.4319,-0.068
319.72,99.5,99.4318,-0.0681
319.76,99.5,99.4317,-0.0682
319.8,99.5,99.4315,-0.0684
319.84000000000003,99.5,99.4314,-0.0685
319.88,99.5,99.4313,-0.0687
319.92,99.5,99.4311,-0.0688
319.96,99.5,99.4311,-0.0688
