t_ms,target_um,current_um,error_um
0.0,70.0,70.0054,0.0054
0.039999984,70.0,70.0054,0.0054
0.079999968,70.0,70.0054,0.0054
0.119999952,70.0,70.0054,0.0054
0.159999936,70.0,70.0054,0.0054
0.19999992,70.0,70.0055,0.0055
0.239999904,70.0,70.0054,0.0054
0.279999888,70.0,70.0055,0.0055
0.319999872,70.0,70.0054,0.0054
0.359999856,70.0,70.0055,0.0055
0.39999984,70.0,70.0056,0.0056
0.43999982400000004,70.0,70.0056,0.0056
0.479999808,70.0,70.0056,0.0056
0.519999792,70.0,70.0056,0.0056
0.559999776,70.0,70.0057,0.0057
0.59999976,70.0,70.0057,0.0057
0.639999744,70.0,70.0057,0.0058
0.679999728,70.0,70.0058,0.0058
0.719999712,70.0,70.0059,0.0059
0.759999696,69.9999,70.0059,0.0059
0.79999968,69.9999,70.0059,0.006
0.8399996639999999,69.9999,70.0059,0.006
0.8799996480000001,69.9999,70.006,0.006
0.919999632,69.9999,70.0061,0.0061
0.959999616,69.9999,70.0061,0.0061
0.9999995999999999,69.9999,70.0061,0.0061
1.039999584,69.9999,70.0061,0.0061
1.079999568,69.9999,70.0061,0.0061
1.119999552,69.9999,70.0061,0.0062
1.159999536,69.9999,70.0062,0.0062
1.19999952,69.9999,70.0062,0.0062
1.239999504,69.9999,70.0062,0.0062
1.279999488,69.9999,70.0061,0.0061
1.319999472,69.9999,70.0061,0.0061
1.359999456,69.9999,70.0061,0.0061
1.39999944,69.9999,70.0061,0.0061
1.439999424,69.9999,70.0061,0.0061
1.4799994079999998,69.9999,70.0061,0.0061
1.519999392,69.9999,70.0061,0.0061
1.5599993760000002,70.0,70.006,0.006
1.59999936,70.0,70.006,0.006
1.639999344,70.0,70.006,0.006
1.6799993279999998,70.0,70.006,0.006
1.719999312,70.0,70.006,0.006
1.7599992960000002,70.0,70.006,0.006
1.79999928,70.0,70.006,0.006
1.839999264,70.0,70.006,0.006
1.8799992479999998,70.0,70.006,0.006
1.919999232,70.0,70.006,0.006
1.959999216,70.0,70.006,0.006
1.9999991999999998,70.0,70.006,0.006
2.039999184,70.0,70.0059,0.0059
2.079999168,70.0,70.0059,0.006
2.1199991519999997,70.0,70.0059,0.0059
2.159999136,70.0,70.0059,0.0059
2.19999912,70.0,70.0059,0.0059
2.239999104,70.0,70.0059,0.0059
2.2799990880000003,70.0,70.0059,0.0059
2.319999072,70.0,70.0059,0.0059
2.359999056,70.3014,70.006,-0.2954
2.39999904,70.3014,70.006,-0.2954
2.439999024,70.3014,70.006,-0.2954
2.479999008,70.3014,70.006,-0.2954
2.5199989919999997,70.3014,70.006,-0.2954
2.559998976,70.3014,70.006,-0.2954
2.59999896,70.3014,70.006,-0.2954
2.639998944,70.3014,70.006,-0.2954
2.679998928,70.3014,70.006,-0.2954
2.719998912,70.3014,70.006,-0.2954
2.759998896,70.3014,70.006,-0.2954
2.79999888,70.3014,70.0059,-0.2955
2.839998864,70.3014,70.0059,-0.2955
2.879998848,70.3014,70.0059,-0.2955
2.9199988319999997,70.3014,70.0059,-0.2955
2.9599988159999997,70.3014,70.0059,-0.2955
2.9999988,70.3014,70.006,-0.2954
3.039998784,70.3014,70.006,-0.2954
3.079998768,70.3014,70.0059,-0.2955
3.1199987520000003,70.3014,70.006,-0.2954
3.159998736,70.603,70.006,-0.5969
3.19999872,70.603,70.006,-0.5969
3.239998704,70.603,70.006,-0.5969
3.279998688,70.603,70.0059,-0.597
3.319998672,70.603,70.006,-0.5969
3.3599986559999997,70.603,70.006,-0.5969
3.39999864,70.603,70.006,-0.5969
3.439998624,70.603,70.006,-0.5969
3.479998608,70.603,70.0061,-0.5969
3.5199985920000003,70.603,70.0061,-0.5968
3.559998576,70.603,70.0061,-0.5968
3.59999856,70.603,70.0061,-0.5968
3.6399985439999996,70.603,70.0062,-0.5967
3.679998528,70.603,70.0063,-0.5966
3.719998512,70.603,70.0063,-0.5966
3.7599984959999997,70.603,70.0064,-0.5965
3.79999848,70.603,70.0064,-0.5965
3.839998464,70.603,70.0065,-0.5964
3.879998448,70.603,70.0066,-0.5963
3.919998432,70.603,70.0066,-0.5963
3.9599984160000004,70.9045,70.0068,-0.8976
3.9999983999999995,70.9045,70.0068,-0.8976
4.0399983839999996,70.9045,70.0069,-0.8975
4.079998368,70.9045,70.007,-0.8974
4.119998352,70.9045,70.0071,-0.8973
4.159998336,70.9045,70.0072,-0.8972
4.19999832,70.9045,70.0073,-0.8971
4.239998303999999,70.9045,70.0075,-0.8969
4.279998288,70.9045,70.0076,-0.8968
4.319998272,70.9045,70.0078,-0.8966
4.359998256,70.9045,70.008,-0.8964
4.39999824,70.9045,70.0082,-0.8962
4.439998224,70.9045,70.0084,-0.896
4.479998208,70.9045,70.0086,-0.8958
4.519998192,70.9045,70.0088,-0.8956
4.559998176000001,70.9045,70.0091,-0.8954
4.59999816,70.9045,70.0093,-0.8951
4.639998144,70.9045,70.0096,-0.8948
4.679998127999999,70.9045,70.0099,-0.8945
4.719998112,70.9045,70.0102,-0.8942
4.759998096,71.206,70.0105,-1.1954
4.79999808,71.206,70.0108,-1.1951
4.8399980639999995,71.206,70.0112,-1.1947
4.879998048,71.206,70.0115,-1.1944
4.919998032,71.206,70.0119,-1.194
4.959998016,71.206,70.0123,-1.1937
4.999998000000001,71.206,70.0126,-1.1933
5.039997983999999,71.206,70.013,-1.1929
5.079997968,71.206,70.0134,-1.1925
5.119997952,71.206,70.0138,-1.1921
5.159997936,71.206,70.0143,-1.1916
5.19999792,71.206,70.0148,-1.1911
5.239997904,71.206,70.0153,-1.1906
5.279997888,71.206,70.0158,-1.1902
5.319997872,71.206,70.0163,-1.1896
5.359997856,71.206,70.0169,-1.189
5.39999784,71.206,70.0174,-1.1885
5.439997824,71.206,70.018,-1.1879
5.479997807999999,71.206,70.0186,-1.1873
5.519997792,71.206,70.0192,-1.1867
5.559997776,71.5075,70.0198,-1.4876
5.59999776,71.5075,70.0205,-1.4869
5.6399977439999995,71.5075,70.0212,-1.4862
5.679997728,71.5075,70.0219,-1.4855
5.719997712,71.5075,70.0226,-1.4848
5.759997696,71.5075,70.0233,-1.4841
5.799997680000001,71.5075,70.0241,-1.4833
5.839997663999999,71.5075,70.025,-1.4825
5.879997648,71.5075,70.0258,-1.4816
5.919997631999999,71.5075,70.0267,-1.4808
5.959997616,71.5075,70.0275,-1.4799
5.9999976,71.5075,70.0284,-1.479
6.039997584,71.5075,70.0293,-1.4781
6.079997568,71.5075,70.0303,-1.4772
6.119997552,71.5075,70.0312,-1.4762
6.159997536,71.5075,70.0322,-1.4752
6.19999752,71.5075,70.0332,-1.4742
6.239997504000001,71.5075,70.0343,-1.4731
6.279997487999999,71.5075,70.0354,-1.4721
6.319997472,71.5075,70.0365,-1.471
6.359997456,71.809,70.0376,-1.7713
6.39999744,71.809,70.0388,-1.7702
6.439997424,71.809,70.04,-1.7689
6.479997408,71.809,70.0412,-1.7677
6.519997392,71.809,70.0424,-1.7665
6.559997376,71.809,70.0437,-1.7652
6.59999736,71.809,70.045,-1.7639
6.639997344,71.809,70.0464,-1.7625
6.679997328,71.809,70.0478,-1.7612
6.719997311999999,71.809,70.0491,-1.7598
6.759997296,71.809,70.0506,-1.7584
6.79999728,71.809,70.052,-1.7569
6.839997264,71.809,70.0535,-1.7554
6.879997248,71.809,70.055,-1.754
6.919997232,71.809,70.0565,-1.7524
6.959997216,71.809,70.0581,-1.7508
6.9999972,71.809,70.0598,-1.7492
7.039997184000001,71.809,70.0614,-1.7475
7.079997167999999,71.809,70.0631,-1.7458
7.119997152,71.809,70.0648,-1.7441
7.159997135999999,72.1105,70.0666,-2.0438
7.19999712,72.1105,70.0684,-2.0421
7.239997104,72.1105,70.0702,-2.0402
7.279997087999999,72.1105,70.0721,-2.0383
7.319997072,72.1105,70.074,-2.0364
7.359997056,72.1105,70.076,-2.0345
7.39999704,72.1105,70.0779,-2.0325
7.439997024,72.1105,70.08,-2.0305
7.479997008,72.1105,70.082,-2.0284
7.519996991999999,72.1105,70.0841,-2.0264
7.559996976,72.1105,70.0862,-2.0242
7.59999696,72.1105,70.0883,-2.0221
7.639996944,72.1105,70.0905,-2.0199
7.679996928,72.1105,70.0927,-2.0177
7.719996912,72.1105,70.095,-2.0155
7.759996896,72.1105,70.0973,-2.0131
7.79999688,72.1105,70.0997,-2.0108
7.839996864,72.1105,70.102,-2.0084
7.879996848,72.1105,70.1044,-2.006
7.919996832000001,72.1105,70.1068,-2.0036
7.959996816,72.412,70.1093,-2.3026
7.999996799999999,72.412,70.1118,-2.3001
8.039996784,72.412,70.1145,-2.2975
8.079996767999999,72.412,70.1171,-2.2949
8.119996751999999,72.412,70.1197,-2.2922
8.159996736,72.412,70.1225,-2.2895
8.19999672,72.412,70.1252,-2.2867
8.239996704,72.412,70.1281,-2.2839
8.279996688,72.412,70.1309,-2.2811
8.319996672,72.412,70.1337,-2.2782
8.359996656,72.412,70.1367,-2.2753
8.39999664,72.412,70.1396,-2.2723
8.439996623999999,72.412,70.1427,-2.2693
8.479996607999999,72.412,70.1457,-2.2662
8.519996592,72.412,70.1488,-2.2631
8.559996576,72.412,70.152,-2.26
8.59999656,72.412,70.1551,-2.2568
8.639996544,72.412,70.1583,-2.2536
8.679996528,72.412,70.1616,-2.2503
8.719996512,72.412,70.1649,-2.247
8.759996496000001,72.7135,70.1683,-2.5451
8.79999648,72.7135,70.1717,-2.5418
8.839996463999999,72.7135,70.1752,-2.5383
8.879996448,72.7135,70.1787,-2.5347
8.919996432,72.7135,70.1822,-2.5313
8.959996416,72.7135,70.1858,-2.5276
8.9999964,72.7135,70.1894,-2.524
9.039996384,72.7135,70.1931,-2.5203
9.079996368,72.7135,70.1969,-2.5166
9.119996352000001,72.7135,70.2006,-2.5128
9.159996336,72.7135,70.2045,-2.509
9.19999632,72.7135,70.2084,-2.5051
9.239996304,72.7135,70.2123,-2.5012
9.279996288,72.7135,70.2163,-2.4971
9.319996272,72.7135,70.2203,-2.4931
9.359996255999999,72.7135,70.2244,-2.4891
9.39999624,72.7135,70.2285,-2.485
9.439996224,72.7135,70.2327,-2.4808
9.479996208,72.7135,70.2369,-2.4765
9.519996192,72.7135,70.2411,-2.4723
9.559996176,73.015,70.2454,-2.7695
9.59999616,73.015,70.2498,-2.7651
9.639996144,73.015,70.2542,-2.7607
9.679996127999999,73.015,70.2587,-2.7562
9.719996111999999,73.015,70.2632,-2.7517
9.759996096,73.015,70.2678,-2.7472
9.79999608,73.015,70.2724,-2.7426
9.839996064,73.015,70.277,-2.7379
9.879996048,73.015,70.2817,-2.7332
9.919996032,73.015,70.2865,-2.7284
9.959996016,73.015,70.2914,-2.7236
9.999996000000001,73.015,70.2962,-2.7187
10.039995983999999,73.015,70.3011,-2.7139
10.079995967999999,73.015,70.3061,-2.7089
10.119995952,73.015,70.311,-2.704
10.159995936,73.015,70.316,-2.6989
10.19999592,73.015,70.3211,-2.6939
10.239995904,73.015,70.3262,-2.6887
10.279995888,73.015,70.3314,-2.6836
10.319995872,73.015,70.3366,-2.6784
10.359995856000001,73.3165,70.3418,-2.9746
10.39999584,73.3165,70.3472,-2.9693
10.439995824,73.3165,70.3525,-2.964
10.479995808,73.3165,70.358,-2.9585
10.519995792,73.3165,70.3634,-2.9531
10.559995776,73.3165,70.3689,-2.9476
10.599995759999999,73.3165,70.3745,-2.942
10.639995744,73.3165,70.3801,-2.9364
10.679995728,73.3165,70.3857,-2.9308
10.719995712,73.3165,70.3914,-2.9251
10.759995696,73.3165,70.3971,-2.9194
10.79999568,73.3165,70.4029,-2.9135
10.839995664,73.3165,70.4087,-2.9077
10.879995648,73.3165,70.4146,-2.9019
10.919995632,73.3165,70.4206,-2.8959
10.959995615999999,73.3165,70.4265,-2.8899
10.9999956,73.3165,70.4326,-2.8839
11.039995584,73.3165,70.4386,-2.8779
11.079995568,73.3165,70.4447,-2.8718
11.119995552,73.3165,70.4508,-2.8656
11.159995536,73.618,70.457,-3.1609
11.19999552,73.618,70.4633,-3.1547
11.239995504000001,73.618,70.4696,-3.1484
11.279995487999999,73.618,70.4759,-3.1421
11.319995471999999,73.618,70.4822,-3.1358
11.359995456,73.618,70.4886,-3.1294
11.39999544,73.618,70.495,-3.1229
11.439995424,73.618,70.5015,-3.1165
11.479995408,73.618,70.508,-3.11
11.519995392,73.618,70.5146,-3.1034
11.559995376,73.618,70.5212,-3.0968
11.599995360000001,73.618,70.5279,-3.0901
11.639995344,73.618,70.5345,-3.0835
11.679995327999999,73.618,70.5413,-3.0767
11.719995312,73.618,70.548,-3.0699
11.759995296,73.618,70.5549,-3.0631
11.79999528,73.618,70.5617,-3.0563
11.839995263999999,73.618,70.5686,-3.0494
11.879995248,73.618,70.5756,-3.0424
11.919995232,73.618,70.5826,-3.0354
11.959995216,73.9195,70.5896,-3.3299
11.9999952,73.9195,70.5966,-3.3229
12.039995184,73.9195,70.6036,-3.3158
12.079995168,73.9195,70.6108,-3.3087
12.119995152,73.9195,70.618,-3.3015
12.159995136,73.9195,70.6252,-3.2943
12.199995119999999,73.9195,70.6324,-3.2871
12.239995104,73.9195,70.6397,-3.2798
12.279995088,73.9195,70.647,-3.2725
12.319995072,73.9195,70.6543,-3.2651
12.359995056,73.9195,70.6617,-3.2578
12.39999504,73.9195,70.6692,-3.2503
12.439995024,73.9195,70.6766,-3.2429
12.479995008000001,73.9195,70.6841,-3.2354
12.519994991999999,73.9195,70.6916,-3.2279
12.559994975999999,73.9195,70.6992,-3.2203
12.59999496,73.9195,70.7068,-3.2127
12.639994944,73.9195,70.7144,-3.2051
12.679994928,73.9195,70.7221,-3.1974
12.719994912,73.9195,70.7299,-3.1896
12.759994896,74.221,70.7376,-3.4834
12.79999488,74.221,70.7454,-3.4756
12.839994864000001,74.221,70.7533,-3.4677
12.879994848,74.221,70.7611,-3.4599
12.919994831999999,74.221,70.7691,-3.4519
12.959994816,74.221,70.777,-3.444
12.9999948,74.221,70.785,-3.436
13.039994784,74.221,70.793,-3.428
13.079994767999999,74.221,70.801,-3.42
13.119994752,74.221,70.8091,-3.4119
13.159994736,74.221,70.8171,-3.4039
13.19999472,74.221,70.8253,-3.3957
13.239994704,74.221,70.8335,-3.3875
13.279994688,74.221,70.8417,-3.3793
13.319994671999998,74.221,70.85,-3.371
13.359994656,74.221,70.8583,-3.3627
13.39999464,74.221,70.8666,-3.3544
13.439994623999999,74.221,70.8749,-3.3461
13.479994608,74.221,70.8833,-3.3377
13.519994592,74.221,70.8918,-3.3292
13.559994576,74.5225,70.9003,-3.6222
13.59999456,74.5225,70.9088,-3.6137
13.639994544,74.5225,70.9173,-3.6052
13.679994528,74.5225,70.9258,-3.5967
13.719994512000001,74.5225,70.9344,-3.5881
13.759994496,74.5225,70.943,-3.5795
13.799994479999999,74.5225,70.9517,-3.5708
13.839994464,74.5225,70.9603,-3.5622
13.879994448,74.5225,70.9691,-3.5534
13.919994432,74.5225,70.9778,-3.5447
13.959994416,74.5225,70.9866,-3.5359
13.9999944,74.5225,70.9954,-3.5271
14.039994384,74.5225,71.0042,-3.5183
14.079994368000001,74.5225,71.0131,-3.5094
14.119994352,74.5225,71.022,-3.5005
14.159994335999999,74.5225,71.0309,-3.4916
14.19999432,74.5225,71.0399,-3.4826
14.239994304,74.5225,71.049,-3.4735
14.279994288,74.5225,71.058,-3.4645
14.319994271999999,74.5225,71.0671,-3.4554
14.359994256,74.8241,71.0762,-3.7478
14.39999424,74.8241,71.0853,-3.7387
14.439994224,74.8241,71.0945,-3.7295
14.479994208,74.8241,71.1037,-3.7203
14.519994192,74.8241,71.113,-3.7111
14.559994175999998,74.8241,71.1222,-3.7018
14.59999416,74.8241,71.1315,-3.6925
14.639994144,74.8241,71.1408,-3.6832
14.679994127999999,74.8241,71.1502,-3.6738
14.719994112,74.8241,71.1596,-3.6644
14.759994096,74.8241,71.169,-3.655
14.79999408,74.8241,71.1785,-3.6455
14.839994064,74.8241,71.188,-3.636
14.879994048,74.8241,71.1975,-3.6265
14.919994032,74.8241,71.207,-3.617
14.959994016,74.8241,71.2166,-3.6074
14.999994,74.8241,71.2262,-3.5978
15.039993983999999,74.8241,71.2359,-3.5882
15.079993968,74.8241,71.2455,-3.5785
15.119993952,74.8241,71.2552,-3.5688
15.159993936,75.1256,71.2649,-3.8606
15.19999392,75.1256,71.2747,-3.8508
15.239993904,75.1256,71.2845,-3.841
15.279993888,75.1256,71.2944,-3.8312
15.319993872000001,75.1256,71.3042,-3.8213
15.359993856,75.1256,71.3141,-3.8115
15.399993839999999,75.1256,71.3239,-3.8016
15.439993824,75.1256,71.3338,-3.7917
15.479993808,75.1256,71.3438,-3.7817
15.519993792,75.1256,71.3538,-3.7717
15.559993775999999,75.1256,71.3639,-3.7617
15.59999376,75.1256,71.3739,-3.7516
15.639993743999998,75.1256,71.384,-3.7415
15.679993728,75.1256,71.3941,-3.7314
15.719993711999999,75.1256,71.4042,-3.7213
15.759993696,75.1256,71.4144,-3.7111
15.799993679999998,75.1256,71.4246,-3.7009
15.839993664000001,75.1256,71.4348,-3.6907
15.879993648,75.1256,71.4451,-3.6804
15.919993632,75.1256,71.4554,-3.6702
15.959993616,75.4271,71.4657,-3.9614
15.999993599999998,75.4271,71.476,-3.9511
16.039993584,75.4271,71.4863,-3.9407
16.079993568,75.4271,71.4967,-3.9303
16.119993552,75.4271,71.5071,-3.9199
16.159993535999998,75.4271,71.5175,-3.9095
16.19999352,75.4271,71.528,-3.8991
16.239993503999997,75.4271,71.5384,-3.8886
16.279993488000002,75.4271,71.549,-3.8781
16.319993472,75.4271,71.5595,-3.8675
16.359993456,75.4271,71.5701,-3.8569
16.39999344,75.4271,71.5807,-3.8464
16.439993423999997,75.4271,71.5912,-3.8358
16.479993408,75.4271,71.6018,-3.8252
16.519993392,75.4271,71.6125,-3.8145
16.559993376,75.4271,71.6232,-3.8039
16.59999336,75.4271,71.6339,-3.7932
16.639993344,75.4271,71.6446,-3.7825
16.679993328,75.4271,71.6554,-3.7716
16.719993312,75.4271,71.6661,-3.7609
16.759993296,75.7286,71.6769,-4.0516
16.79999328,75.7286,71.6878,-4.0407
16.839993264,75.7286,71.6987,-4.0298
16.879993247999998,75.7286,71.7096,-4.0189
16.919993232,75.7286,71.7205,-4.008
16.959993215999997,75.7286,71.7315,-3.9971
16.999993200000002,75.7286,71.7424,-3.9861
17.039993184,75.7286,71.7534,-3.9751
17.079993168,75.7286,71.7644,-3.9641
17.119993152,75.7286,71.7754,-3.9531
17.159993136,75.7286,71.7865,-3.9421
17.19999312,75.7286,71.7976,-3.931
17.239993104,75.7286,71.8087,-3.9198
17.279993088,75.7286,71.8198,-3.9088
17.319993072,75.7286,71.8309,-3.8977
17.359993056,75.7286,71.8421,-3.8865
17.39999304,75.7286,71.8532,-3.8753
17.439993024,75.7286,71.8644,-3.8641
17.479993007999997,75.7286,71.8757,-3.8528
17.519992992000002,75.7286,71.887,-3.8415
17.559992976,76.0301,71.8983,-4.1318
17.59999296,76.0301,71.9096,-4.1205
17.639992944,76.0301,71.9209,-4.1091
17.679992927999997,76.0301,71.9322,-4.0978
17.719992912,76.0301,71.9436,-4.0864
17.759992896,76.0301,71.955,-4.0751
17.79999288,76.0301,71.9664,-4.0636
17.839992864,76.0301,71.9778,-4.0522
17.879992848,76.0301,71.9892,-4.0408
17.919992832,76.0301,72.0007,-4.0294
17.959992816,76.0301,72.0122,-4.0179
17.9999928,76.0301,72.0237,-4.0063
18.039992784,76.0301,72.0352,-3.9948
18.079992768,76.0301,72.0468,-3.9833
18.119992751999998,76.0301,72.0583,-3.9717
18.159992736,76.0301,72.0699,-3.9601
18.199992719999997,76.0301,72.0815,-3.9485
18.239992704000002,76.0301,72.0931,-3.9369
18.279992688,76.0301,72.1048,-3.9253
18.319992672,76.0301,72.1165,-3.9136
18.359992656,76.3316,72.1281,-4.2034
18.39999264,76.3316,72.1399,-4.1917
18.439992624,76.3316,72.1516,-4.1799
18.479992608,76.3316,72.1634,-4.1682
18.519992592,76.3316,72.1751,-4.1564
18.559992576,76.3316,72.1869,-4.1446
18.59999256,76.3316,72.1988,-4.1328
18.639992544,76.3316,72.2107,-4.1209
18.679992528,76.3316,72.2225,-4.109
18.719992511999997,76.3316,72.2344,-4.0971
18.759992496000002,76.3316,72.2463,-4.0852
18.79999248,76.3316,72.2582,-4.0734
18.839992464,76.3316,72.2701,-4.0614
18.879992448,76.3316,72.2821,-4.0494
18.919992431999997,76.3316,72.2941,-4.0374
18.959992416,76.3316,72.3061,-4.0254
18.9999924,76.3316,72.3182,-4.0134
19.039992384,76.3316,72.3302,-4.0014
19.079992368,76.3316,72.3422,-3.9893
19.119992352,76.3316,72.3543,-3.9773
19.159992336,76.6331,72.3664,-4.2667
19.19999232,76.6331,72.3785,-4.2545
19.239992304,76.6331,72.3907,-4.2424
19.279992288,76.6331,72.4028,-4.2303
19.319992272,76.6331,72.415,-4.2181
19.359992255999998,76.6331,72.4272,-4.2059
19.39999224,76.6331,72.4394,-4.1937
19.439992223999997,76.6331,72.4516,-4.1814
19.479992208000002,76.6331,72.4639,-4.1692
19.519992192,76.6331,72.4761,-4.1569
19.559992176,76.6331,72.4884,-4.1447
19.59999216,76.6331,72.5008,-4.1323
19.639992144,76.6331,72.5131,-4.1199
19.679992128,76.6331,72.5255,-4.1076
19.719992112,76.6331,72.5378,-4.0952
19.759992096,76.6331,72.5502,-4.0828
19.79999208,76.6331,72.5626,-4.0704
19.839992064,76.6331,72.5751,-4.058
19.879992048,76.6331,72.5875,-4.0456
19.919992032,76.6331,72.5999,-4.0331
19.959992015999998,76.9346,72.6124,-4.3222
19.999992000000002,76.9346,72.6248,-4.3098
20.039991984,76.9346,72.6373,-4.2973
20.079991967999998,76.9346,72.6498,-4.2848
20.119991952,76.9346,72.6623,-4.2723
20.159991935999997,76.9346,72.6749,-4.2597
20.19999192,76.9346,72.6874,-4.2471
20.239991904,76.9346,72.7001,-4.2345
20.279991888,76.9346,72.7127,-4.2219
20.319991872,76.9346,72.7253,-4.2092
20.359991856,76.9346,72.738,-4.1966
20.39999184,76.9346,72.7507,-4.1839
20.439991824,76.9346,72.7634,-4.1712
20.479991808,76.9346,72.7761,-4.1585
20.519991792,76.9346,72.7888,-4.1457
20.559991776,76.9346,72.8015,-4.1331
20.599991759999998,76.9346,72.8142,-4.1204
20.639991744,76.9346,72.827,-4.1076
20.679991727999997,76.9346,72.8397,-4.0949
20.719991712000002,76.9346,72.8524,-4.0821
20.759991696,77.2361,72.8652,-4.3709
20.79999168,77.2361,72.878,-4.3581
20.839991664,77.2361,72.8909,-4.3452
20.879991648,77.2361,72.9037,-4.3324
20.919991632,77.2361,72.9165,-4.3195
20.959991616,77.2361,72.9294,-4.3067
20.9999916,77.2361,72.9422,-4.2938
21.039991584,77.2361,72.9552,-4.2809
21.079991568,77.2361,72.9681,-4.268
21.119991552,77.2361,72.981,-4.2551
21.159991536,77.2361,72.994,-4.2421
21.199991519999998,77.2361,73.0069,-4.2292
21.239991504000002,77.2361,73.0199,-4.2162
21.279991488,77.2361,73.0328,-4.2033
21.319991471999998,77.2361,73.0458,-4.1902
21.359991456,77.2361,73.0588,-4.1772
21.399991439999997,77.2361,73.0718,-4.1642
21.439991424,77.2361,73.0849,-4.1512
21.479991408,77.2361,73.0979,-4.1382
21.519991392,77.2361,73.1109,-4.1251
21.559991376,77.5376,73.124,-4.4136
21.59999136,77.5376,73.1371,-4.4005
21.639991344,77.5376,73.1502,-4.3874
21.679991328,77.5376,73.1633,-4.3743
21.719991312,77.5376,73.1764,-4.3611
21.759991296,77.5376,73.1895,-4.348
21.79999128,77.5376,73.2027,-4.3349
21.839991264,77.5376,73.2158,-4.3218
21.879991248,77.5376,73.229,-4.3086
21.919991231999997,77.5376,73.2421,-4.2955
21.959991216000002,77.5376,73.2553,-4.2823
21.9999912,77.5376,73.2685,-4.2691
22.039991184,77.5376,73.2817,-4.2558
22.079991168,77.5376,73.2949,-4.2427
22.119991151999997,77.5376,73.3082,-4.2294
22.159991136,77.5376,73.3214,-4.2162
22.19999112,77.5376,73.3346,-4.203
22.239991104,77.5376,73.3479,-4.1896
22.279991088,77.5376,73.3612,-4.1763
22.319991072,77.5376,73.3746,-4.163
22.359991056,77.8391,73.3879,-4.4512
22.39999104,77.8391,73.4012,-4.4379
22.439991023999998,77.8391,73.4145,-4.4246
22.479991008000002,77.8391,73.4278,-4.4113
22.519990992,77.8391,73.4411,-4.3979
22.559990975999998,77.8391,73.4545,-4.3846
22.59999096,77.8391,73.4678,-4.3713
22.639990943999997,77.8391,73.4812,-4.3579
22.679990928,77.8391,73.4945,-4.3446
22.719990912,77.8391,73.5079,-4.3312
22.759990896,77.8391,73.5213,-4.3178
22.79999088,77.8391,73.5347,-4.3044
22.839990864,77.8391,73.5481,-4.291
22.879990848,77.8391,73.5615,-4.2775
22.919990832,77.8391,73.575,-4.2641
22.959990816,77.8391,73.5884,-4.2507
22.9999908,77.8391,73.6018,-4.2373
23.039990784,77.8391,73.6153,-4.2237
23.079990768,77.8391,73.6288,-4.2103
23.119990752,77.8391,73.6423,-4.1968
23.159990735999997,78.1406,73.6558,-4.4848
23.199990720000002,78.1406,73.6693,-4.4713
23.239990704,78.1406,73.6828,-4.4578
23.279990688,78.1406,73.6963,-4.4442
23.319990672,78.1406,73.7099,-4.4307
23.359990655999997,78.1406,73.7234,-4.4172
23.39999064,78.1406,73.737,-4.4036
23.439990624,78.1406,73.7506,-4.39
23.479990608,78.1406,73.7641,-4.3765
23.519990592,78.1406,73.7777,-4.3629
23.559990576,78.1406,73.7913,-4.3493
23.59999056,78.1406,73.8049,-4.3357
23.639990544,78.1406,73.8185,-4.3221
23.679990527999998,78.1406,73.8321,-4.3085
23.719990512000003,78.1406,73.8458,-4.2948
23.759990496,78.1406,73.8596,-4.281
23.799990479999998,78.1406,73.8732,-4.2674
23.839990464,78.1406,73.8869,-4.2537
23.879990447999997,78.1406,73.9006,-4.24
23.919990432,78.1406,73.9143,-4.2263
23.959990416,78.4421,73.928,-4.5141
23.9999904,78.4421,73.9417,-4.5004
24.039990384,78.4421,73.9555,-4.4867
24.079990368,78.4421,73.9692,-4.4729
24.119990352,78.4421,73.9829,-4.4592
24.159990336,78.4421,73.9968,-4.4453
24.19999032,78.4421,74.0105,-4.4316
24.239990304,78.4421,74.0242,-4.4179
24.279990288,78.4421,74.038,-4.4041
24.319990272,78.4421,74.0518,-4.3903
24.359990256,78.4421,74.0656,-4.3765
24.399990239999997,78.4421,74.0794,-4.3627
24.439990224000002,78.4421,74.0932,-4.3489
24.479990208,78.4421,74.1071,-4.335
24.519990192,78.4421,74.1209,-4.3212
24.559990176,78.4421,74.1348,-4.3073
24.599990159999997,78.4421,74.1487,-4.2934
24.639990144,78.4421,74.1625,-4.2796
24.679990128,78.4421,74.1765,-4.2656
24.719990112,78.4421,74.1903,-4.2518
24.759990096,78.7437,74.2042,-4.5394
24.79999008,78.7437,74.2181,-4.5255
24.839990064,78.7437,74.232,-4.5117
24.879990048,78.7437,74.2459,-4.4977
24.919990031999998,78.7437,74.2598,-4.4838
24.959990016000003,78.7437,74.2738,-4.4698
24.99999,78.7437,74.2877,-4.4559
25.039989983999998,78.7437,74.3016,-4.442
25.079989968,78.7437,74.3157,-4.428
25.119989951999997,78.7437,74.3296,-4.414
25.159989936,78.7437,74.3436,-4.4
25.19998992,78.7437,74.3576,-4.386
25.239989904,78.7437,74.3716,-4.372
25.279989888,78.7437,74.3856,-4.358
25.319989872,78.7437,74.3996,-4.344
25.359989856,78.7437,74.4137,-4.33
25.399989839999996,78.7437,74.4277,-4.3159
25.439989824,78.7437,74.4417,-4.3019
25.479989808,78.7437,74.4558,-4.2878
25.519989792,78.7437,74.4698,-4.2738
25.559989776,79.0452,74.4839,-4.5612
25.59998976,79.0452,74.498,-4.5472
25.639989743999998,79.0452,74.512,-4.5331
25.679989728000002,79.0452,74.5261,-4.519
25.719989712,79.0452,74.5402,-4.5049
25.759989696,79.0452,74.5543,-4.4908
25.79998968,79.0452,74.5685,-4.4767
25.839989663999997,79.0452,74.5826,-4.4625
25.879989648,79.0452,74.5967,-4.4484
25.919989632,79.0452,74.6109,-4.4343
25.959989616,79.0452,74.625,-4.4201
25.9999896,79.0452,74.6392,-4.4059
26.039989584,79.0452,74.6534,-4.3918
26.079989568,79.0452,74.6675,-4.3776
26.119989552,79.0452,74.6817,-4.3634
26.159989535999998,79.0452,74.6958,-4.3493
26.199989520000003,79.0452,74.7101,-4.335
26.239989504,79.0452,74.7242,-4.3209
26.279989488,79.0452,74.7385,-4.3067
26.319989472,79.0452,74.7527,-4.2925
26.359989455999997,79.3467,74.7669,-4.5798
26.39998944,79.3467,74.7811,-4.5655
26.439989424,79.3467,74.7954,-4.5513
26.479989408,79.3467,74.8096,-4.537
26.519989392,79.3467,74.8239,-4.5227
26.559989376,79.3467,74.8381,-4.5085
26.59998936,79.3467,74.8525,-4.4942
26.639989343999996,79.3467,74.8667,-4.4799
26.679989328,79.3467,74.881,-4.4656
26.719989312,79.3467,74.8953,-4.4513
26.759989296,79.3467,74.9096,-4.4371
26.79998928,79.3467,74.9239,-4.4227
26.839989264,79.3467,74.9381,-4.4085
26.879989247999998,79.3467,74.9524,-4.3942
26.919989232000002,79.3467,74.9667,-4.3799
26.959989216,79.3467,74.981,-4.3657
26.9999892,79.3467,74.9953,-4.3514
27.039989184,79.3467,75.0096,-4.3371
27.079989167999997,79.3467,75.0239,-4.3227
27.119989152,79.3467,75.0382,-4.3084
27.159989136,79.6482,75.0526,-4.5956
27.19998912,79.6482,75.0669,-4.5812
27.239989104,79.6482,75.0812,-4.5669
27.279989088,79.6482,75.0956,-4.5525
27.319989072,79.6482,75.11,-4.5381
27.359989056,79.6482,75.1243,-4.5238
27.399989039999998,79.6482,75.1387,-4.5094
27.439989024000003,79.6482,75.1531,-4.495
27.479989008,79.6482,75.1675,-4.4806
27.519988992,79.6482,75.1819,-4.4662
27.559988976,79.6482,75.1963,-4.4518
27.599988959999997,79.6482,75.2107,-4.4374
27.639988944,79.6482,75.2251,-4.4231
27.679988928,79.6482,75.2395,-4.4086
27.719988912,79.6482,75.254,-4.3942
27.759988896,79.6482,75.2684,-4.3798
27.79998888,79.6482,75.2829,-4.3652
27.839988864,79.6482,75.2974,-4.3508
27.879988847999996,79.6482,75.3118,-4.3363
27.919988832,79.6482,75.3263,-4.3218
27.959988816,79.9497,75.3408,-4.6088
27.9999888,79.9497,75.3553,-4.5943
28.039988784,79.9497,75.3698,-4.5798
28.079988768,79.9497,75.3843,-4.5654
28.119988751999998,79.9497,75.3988,-4.5509
28.159988736000003,79.9497,75.4132,-4.5364
28.19998872,79.9497,75.4278,-4.5219
28.239988704,79.9497,75.4423,-4.5074
28.279988688,79.9497,75.4568,-4.4928
28.319988671999997,79.9497,75.4713,-4.4783
28.359988656,79.9497,75.4858,-4.4638
28.39998864,79.9497,75.5003,-4.4493
28.439988624,79.9497,75.5148,-4.4348
28.479988608,79.9497,75.5294,-4.4203
28.519988592,79.9497,75.5439,-4.4057
28.559988576,79.9497,75.5585,-4.3911
28.59998856,79.9497,75.5731,-4.3765
28.639988543999998,79.9497,75.5877,-4.362
28.679988528,79.9497,75.6022,-4.3474
28.719988512,79.9497,75.6168,-4.3328
28.759988496,80.2512,75.6314,-4.6197
28.79998848,80.2512,75.6461,-4.6051
28.839988463999997,80.2512,75.6607,-4.5905
28.879988448,80.2512,75.6753,-4.5759
28.919988432,80.2512,75.6899,-4.5613
28.959988416,80.2512,75.7045,-4.5467
28.9999884,80.2512,75.7191,-4.532
29.039988384,80.2512,75.7337,-4.5174
29.079988368,80.2512,75.7483,-4.5028
29.119988351999996,80.2512,75.763,-4.4882
29.159988336,80.2512,75.7776,-4.4736
29.19998832,80.2512,75.7922,-4.4589
29.239988304,80.2512,75.8069,-4.4442
29.279988288,80.2512,75.8215,-4.4296
29.319988272,80.2512,75.8362,-4.4149
29.359988255999998,80.2512,75.8509,-4.4003
29.399988240000003,80.2512,75.8656,-4.3856
29.439988224,80.2512,75.8802,-4.3709
29.479988208,80.2512,75.8949,-4.3563
29.519988192,80.2512,75.9096,-4.3416
29.559988175999997,80.5527,75.9243,-4.6284
29.59998816,80.5527,75.939,-4.6137
29.639988144,80.5527,75.9537,-4.599
29.679988128,80.5527,75.9684,-4.5843
29.719988112,80.5527,75.9831,-4.5695
29.759988096,80.5527,75.9978,-4.5548
29.79998808,80.5527,76.0126,-4.5401
29.839988064,80.5527,76.0273,-4.5254
29.879988047999998,80.5527,76.042,-4.5106
29.919988032,80.5527,76.0567,-4.4959
29.959988016,80.5527,76.0714,-4.4812
29.999988,80.5527,76.0861,-4.4665
30.039987984,80.5527,76.1009,-4.4518
30.079987967999998,80.5527,76.1156,-4.437
30.119987952,80.5527,76.1304,-4.4223
30.159987936,80.5527,76.1452,-4.4075
30.19998792,80.5527,76.16,-4.3927
30.239987904,80.5527,76.1748,-4.3778
30.279987888,80.5527,76.1895,-4.3631
30.319987872,80.5527,76.2043,-4.3483
30.359987855999996,80.8542,76.2191,-4.635
30.39998784,80.8542,76.2339,-4.6203
30.439987824,80.8542,76.2487,-4.6055
30.479987808,80.8542,76.2634,-4.5907
30.519987792,80.8542,76.2782,-4.5759
30.559987776,80.8542,76.2931,-4.5611
30.599987759999998,80.8542,76.3079,-4.5463
30.639987744000003,80.8542,76.3227,-4.5315
30.679987728,80.8542,76.3375,-4.5167
30.719987712,80.8542,76.3523,-4.5018
30.759987696,80.8542,76.3671,-4.487
30.799987679999997,80.8542,76.382,-4.4722
30.839987664,80.8542,76.3969,-4.4573
30.879987648,80.8542,76.4117,-4.4425
30.919987632,80.8542,76.4265,-4.4276
30.959987616,80.8542,76.4413,-4.4128
30.9999876,80.8542,76.4561,-4.3981
31.039987584,80.8542,76.471,-4.3832
31.079987568,80.8542,76.4858,-4.3683
31.119987551999998,80.8542,76.5007,-4.3535
31.159987536,81.1557,76.5155,-4.6401
31.19998752,81.1557,76.5304,-4.6253
31.239987504,81.1557,76.5453,-4.6104
31.279987487999996,81.1557,76.5601,-4.5955
31.319987472,81.1557,76.5751,-4.5806
31.359987456,81.1557,76.59,-4.5657
31.39998744,81.1557,76.6049,-4.5508
31.439987423999998,81.1557,76.6198,-4.5359
31.479987408000003,81.1557,76.6346,-4.5211
31.519987392,81.1557,76.6495,-4.5062
31.559987376,81.1557,76.6644,-4.4912
31.599987359999997,81.1557,76.6794,-4.4763
31.639987343999998,81.1557,76.6944,-4.4613
31.679987328000003,81.1557,76.7093,-4.4464
31.719987312,81.1557,76.7242,-4.4315
31.759987296,81.1557,76.7391,-4.4166
31.799987279999996,81.1557,76.754,-4.4017
31.839987264,81.1557,76.769,-4.3867
31.879987248000003,81.1557,76.7839,-4.3718
31.919987232,81.1557,76.7988,-4.3568
31.959987216,81.4572,76.8137,-4.6434
31.999987199999996,81.4572,76.8287,-4.6285
32.039987184000005,81.4572,76.8437,-4.6135
32.079987168,81.4572,76.8586,-4.5986
32.119987152,81.4572,76.8736,-4.5836
32.159987136,81.4572,76.8885,-4.5687
32.19998712,81.4572,76.9034,-4.5538
32.239987104,81.4572,76.9184,-4.5387
32.279987088,81.4572,76.9334,-4.5238
32.319987071999996,81.4572,76.9484,-4.5088
32.359987055999994,81.4572,76.9634,-4.4938
32.39998704,81.4572,76.9783,-4.4788
32.439987024,81.4572,76.9934,-4.4638
32.479987007999995,81.4572,77.0084,-4.4488
32.519986992,81.4572,77.0234,-4.4337
32.559986976000005,81.4572,77.0385,-4.4187
32.59998696,81.4572,77.0535,-4.4037
32.639986944,81.4572,77.0686,-4.3886
32.679986928,81.4572,77.0836,-4.3736
32.719986912,81.4572,77.0986,-4.3585
32.759986896,81.7587,77.1137,-4.645
32.79998688,81.7587,77.1287,-4.63
32.839986864,81.7587,77.1437,-4.6149
32.879986847999994,81.7587,77.1587,-4.5999
32.919986832,81.7587,77.1738,-4.5849
32.959986816,81.7587,77.1888,-4.5699
32.9999868,81.7587,77.2038,-4.5549
33.039986784,81.7587,77.2189,-4.5398
33.079986768000005,81.7587,77.2339,-4.5248
33.119986752,81.7587,77.2489,-4.5097
33.159986736,81.7587,77.264,-4.4947
33.19998672,81.7587,77.279,-4.4796
33.239986703999996,81.7587,77.2942,-4.4645
33.279986688,81.7587,77.3092,-4.4495
33.319986672,81.7587,77.3243,-4.4344
33.359986656,81.7587,77.3393,-4.4193
33.399986639999995,81.7587,77.3544,-4.4043
33.439986624,81.7587,77.3694,-4.3892
33.479986608000004,81.7587,77.3845,-4.3742
33.519986592,81.7587,77.3997,-4.359
33.559986576,82.0602,77.4148,-4.6454
33.59998656,82.0602,77.4299,-4.6303
33.639986544,82.0602,77.4451,-4.6151
33.679986528,82.0602,77.4602,-4.6
33.719986512,82.0602,77.4753,-4.5849
33.759986495999996,82.0602,77.4904,-4.5698
33.79998648,82.0602,77.5055,-4.5547
33.839986464,82.0602,77.5207,-4.5395
33.879986448,82.0602,77.5358,-4.5244
33.919986431999995,82.0602,77.5509,-4.5093
33.959986416,82.0602,77.566,-4.4942
33.999986400000004,82.0602,77.5811,-4.4791
34.039986384,82.0602,77.5963,-4.4639
34.079986368,82.0602,77.6114,-4.4488
34.119986352,82.0602,77.6266,-4.4336
34.159986336,82.0602,77.6417,-4.4185
34.19998632,82.0602,77.6569,-4.4033
34.239986304,82.0602,77.672,-4.3882
34.279986287999996,82.0602,77.6871,-4.3731
34.319986272,82.0602,77.7022,-4.358
34.359986256,82.3617,77.7174,-4.6443
34.39998624,82.3617,77.7326,-4.6292
34.439986223999995,82.3617,77.7477,-4.614
34.479986208,82.3617,77.7629,-4.5988
34.519986192000005,82.3617,77.778,-4.5837
34.559986176,82.3617,77.7932,-4.5685
34.59998616,82.3617,77.8083,-4.5534
34.639986144,82.3617,77.8235,-4.5382
34.679986128,82.3617,77.8387,-4.523
34.719986112,82.3617,77.8539,-4.5078
34.759986096,82.3617,77.8691,-4.4926
34.79998608,82.3617,77.8843,-4.4774
34.839986063999994,82.3617,77.8994,-4.4623
34.879986048,82.3617,77.9146,-4.4471
34.919986032,82.3617,77.9298,-4.4319
34.959986015999995,82.3617,77.945,-4.4167
34.999986,82.3617,77.9602,-4.4015
35.039985984000005,82.3617,77.9753,-4.3863
35.079985968,82.3617,77.9906,-4.3712
35.119985952,82.3617,78.0057,-4.356
35.159985936,82.6633,78.021,-4.6422
35.19998592,82.6633,78.0362,-4.627
35.239985904,82.6633,78.0514,-4.6119
35.279985888,82.6633,78.0666,-4.5966
35.319985872,82.6633,78.0818,-4.5814
35.359985855999994,82.6633,78.097,-4.5662
35.39998584,82.6633,78.1122,-4.551
35.439985824,82.6633,78.1275,-4.5357
35.479985808,82.6633,78.1427,-4.5205
35.519985792,82.6633,78.1579,-4.5053
35.559985776000005,82.6633,78.1732,-4.49
35.59998576,82.6633,78.1884,-4.4748
35.639985744,82.6633,78.2036,-4.4596
35.679985728,82.6633,78.2188,-4.4444
35.719985711999996,82.6633,78.234,-4.4292
35.759985696,82.6633,78.2492,-4.414
35.79998568,82.6633,78.2644,-4.3988
35.839985664,82.6633,78.2796,-4.3836
35.879985647999995,82.6633,78.2948,-4.3684
35.919985632,82.6633,78.31,-4.3532
35.959985616,82.9648,78.3253,-4.6394
35.9999856,82.9648,78.3405,-4.6242
36.039985584,82.9648,78.3558,-4.6089
36.079985568,82.9648,78.371,-4.5937
36.119985552,82.9648,78.3863,-4.5784
36.159985536,82.9648,78.4016,-4.5631
36.19998552,82.9648,78.4168,-4.5479
36.239985503999996,82.9648,78.4321,-4.5327
36.279985488,82.9648,78.4473,-4.5174
36.319985472,82.9648,78.4626,-4.5021
36.359985456,82.9648,78.4778,-4.4869
36.399985439999995,82.9648,78.4931,-4.4716
36.439985424,82.9648,78.5084,-4.4563
36.479985408000005,82.9648,78.5237,-4.441
36.519985392,82.9648,78.539,-4.4257
36.559985376,82.9648,78.5543,-4.4104
36.59998536,82.9648,78.5696,-4.3952
36.639985344,82.9648,78.5848,-4.3799
36.679985328,82.9648,78.6001,-4.3646
36.719985312,82.9648,78.6153,-4.3494
36.759985295999996,83.2663,78.6306,-4.6356
36.79998528,83.2663,78.6459,-4.6203
36.839985264,83.2663,78.6611,-4.6051
36.879985248,83.2663,78.6765,-4.5897
36.919985231999995,83.2663,78.6917,-4.5745
36.959985216,83.2663,78.707,-4.5592
36.999985200000005,83.2663,78.7223,-4.5439
37.039985184,83.2663,78.7376,-4.5287
37.079985168,83.2663,78.7529,-4.5133
37.119985152,83.2663,78.7682,-4.498
37.159985136,83.2663,78.7836,-4.4827
37.19998512,83.2663,78.7989,-4.4674
37.239985104,83.2663,78.8141,-4.4521
37.279985088,83.2663,78.8295,-4.4367
37.319985071999994,83.2663,78.8447,-4.4215
37.359985056,83.2663,78.8601,-4.4061
37.39998504,83.2663,78.8754,-4.3908
37.439985023999995,83.2663,78.8907,-4.3755
37.479985008,83.2663,78.9061,-4.3601
37.519984992000005,83.2663,78.9214,-4.3448
37.559984976,83.5678,78.9367,-4.631
37.59998496,83.5678,78.952,-4.6157
37.639984944,83.5678,78.9674,-4.6004
37.679984928,83.5678,78.9827,-4.585
37.719984912,83.5678,78.998,-4.5698
37.759984896,83.5678,79.0133,-4.5544
37.79998488,83.5678,79.0286,-4.5391
37.839984863999995,83.5678,79.0439,-4.5238
37.879984848,83.5678,79.0593,-4.5084
37.919984832,83.5678,79.0746,-4.4931
37.959984816,83.5678,79.0899,-4.4778
37.9999848,83.5678,79.1052,-4.4625
38.039984784000005,83.5678,79.1206,-4.4471
38.079984768,83.5678,79.136,-4.4317
38.119984752,83.5678,79.1513,-4.4164
38.159984736,83.5678,79.1666,-4.4011
38.199984719999996,83.5678,79.182,-4.3858
38.239984704,83.5678,79.1973,-4.3704
38.279984688,83.5678,79.2126,-4.3551
38.319984672,83.5678,79.228,-4.3398
38.359984655999995,83.8693,79.2433,-4.6259
38.39998464,83.8693,79.2587,-4.6105
38.439984624000004,83.8693,79.2741,-4.5952
38.479984608,83.8693,79.2895,-4.5798
38.519984592,83.8693,79.3048,-4.5644
38.559984576,83.8693,79.3202,-4.549
38.59998456,83.8693,79.3356,-4.5336
38.639984544,83.8693,79.351,-4.5183
38.679984528,83.8693,79.3663,-4.5029
38.719984511999996,83.8693,79.3817,-4.4875
38.759984496,83.8693,79.3971,-4.4721
38.79998448,83.8693,79.4125,-4.4567
38.839984464,83.8693,79.4279,-4.4413
38.879984447999995,83.8693,79.4433,-4.4259
38.91998443199999,83.8693,79.4587,-4.4105
38.959984416000005,83.8693,79.4741,-4.3952
38.9999844,83.8693,79.4895,-4.3797
39.039984384,83.8693,79.5049,-4.3644
39.079984368,83.8693,79.5202,-4.349
39.119984352,83.8693,79.5357,-4.3336
39.159984336,84.1708,79.551,-4.6197
39.19998432,84.1708,79.5665,-4.6043
39.239984304,84.1708,79.5818,-4.5889
39.279984288,84.1708,79.5972,-4.5735
39.319984272,84.1708,79.6126,-4.5582
39.359984256,84.1708,79.6279,-4.5428
39.399984239999995,84.1708,79.6434,-4.5274
39.439984224,84.1708,79.6588,-4.512
39.479984208000005,84.1708,79.6742,-4.4965
39.519984192,84.1708,79.6897,-4.4811
39.559984176,84.1708,79.705,-4.4657
39.59998416,84.1708,79.7205,-4.4503
39.639984144,84.1708,79.7359,-4.4348
39.679984128,84.1708,79.7513,-4.4194
39.719984112,84.1708,79.7668,-4.404
39.759984096,84.1708,79.7821,-4.3886
39.799984079999994,84.1708,79.7976,-4.3732
39.839984064,84.1708,79.813,-4.3577
39.879984048,84.1708,79.8284,-4.3423
39.919984031999995,84.1708,79.8438,-4.3269
39.959984016,84.4723,79.8592,-4.613
39.999984000000005,84.4723,79.8747,-4.5976
40.039983984,84.4723,79.8901,-4.5822
40.079983968,84.4723,79.9055,-4.5668
40.119983952,84.4723,79.9209,-4.5514
40.159983935999996,84.4723,79.9363,-4.5359
40.19998392,84.4723,79.9518,-4.5204
40.239983904,84.4723,79.9672,-4.505
40.279983888,84.4723,79.9826,-4.4896
40.319983871999995,84.4723,79.998,-4.4742
40.359983856,84.4723,80.0135,-4.4588
40.39998384,84.4723,80.0289,-4.4433
40.439983824,84.4723,80.0444,-4.4279
40.479983808,84.4723,80.0598,-4.4125
40.519983792000005,84.4723,80.0752,-4.3971
40.559983776,84.4723,80.0906,-4.3816
40.59998376,84.4723,80.1061,-4.3662
40.639983744,84.4723,80.1215,-4.3507
40.679983727999996,84.4723,80.137,-4.3353
40.719983712,84.4723,80.1524,-4.3198
40.759983696,84.7738,80.1678,-4.6059
40.79998368,84.7738,80.1833,-4.5904
40.839983663999995,84.7738,80.1988,-4.575
40.879983648,84.7738,80.2142,-4.5595
40.919983632,84.7738,80.2298,-4.544
40.959983616,84.7738,80.2452,-4.5285
40.9999836,84.7738,80.2607,-4.5131
41.039983584,84.7738,80.2762,-4.4976
41.079983568,84.7738,80.2916,-4.4822
41.119983552,84.7738,80.3071,-4.4666
41.159983536,84.7738,80.3226,-4.4512
41.199983519999996,84.7738,80.338,-4.4357
41.239983504,84.7738,80.3535,-4.4203
41.279983488,84.7738,80.3689,-4.4048
41.319983472,84.7738,80.3845,-4.3892
41.359983455999995,84.7738,80.4,-4.3738
41.39998343999999,84.7738,80.4155,-4.3583
41.439983424000005,84.7738,80.4309,-4.3429
41.479983408,84.7738,80.4463,-4.3274
41.519983392,84.7738,80.4619,-4.3119
41.559983376,85.0753,80.4773,-4.598
41.59998336,85.0753,80.4928,-4.5825
41.639983344,85.0753,80.5082,-4.5671
41.679983328,85.0753,80.5236,-4.5516
41.719983312,85.0753,80.5391,-4.5361
41.759983296,85.0753,80.5546,-4.5207
41.79998328,85.0753,80.57,-4.5052
41.839983264,85.0753,80.5855,-4.4897
41.879983247999995,85.0753,80.601,-4.4743
41.919983232,85.0753,80.6165,-4.4588
41.959983216000005,85.0753,80.6319,-4.4433
41.9999832,85.0753,80.6474,-4.4279
42.039983184,85.0753,80.6628,-4.4124
42.079983168,85.0753,80.6783,-4.397
42.119983152,85.0753,80.6937,-4.3815
42.159983136,85.0753,80.7092,-4.3661
42.19998312,85.0753,80.7246,-4.3507
42.239983104,85.0753,80.7401,-4.3351
42.279983087999994,85.0753,80.7556,-4.3197
42.319983072,85.0753,80.7711,-4.3041
42.359983056,85.3768,80.7866,-4.5902
42.399983039999995,85.3768,80.802,-4.5747
42.439983024,85.3768,80.8176,-4.5592
42.479983008000005,85.3768,80.833,-4.5437
42.519982992,85.3768,80.8486,-4.5282
42.559982976,85.3768,80.8641,-4.5127
42.59998296,85.3768,80.8795,-4.4972
42.639982943999996,85.3768,80.895,-4.4818
42.679982928,85.3768,80.9104,-4.4664
42.719982912,85.3768,80.9259,-4.4509
42.759982896,85.3768,80.9414,-4.4354
42.799982879999995,85.3768,80.9569,-4.4199
42.839982864,85.3768,80.9723,-4.4044
42.879982848,85.3768,80.9878,-4.389
42.919982832,85.3768,81.0033,-4.3735
42.959982816,85.3768,81.0188,-4.358
42.999982800000005,85.3768,81.0343,-4.3425
43.039982784,85.3768,81.0498,-4.327
43.079982768,85.3768,81.0652,-4.3115
43.119982752,85.3768,81.0807,-4.2961
43.159982735999996,85.6783,81.0962,-4.5821
43.19998272,85.6783,81.1117,-4.5666
43.239982704,85.6783,81.1272,-4.5511
43.279982688,85.6783,81.1427,-4.5356
43.319982671999995,85.6783,81.1582,-4.5201
43.359982656,85.6783,81.1737,-4.5046
43.399982640000005,85.6783,81.1891,-4.4892
43.439982624,85.6783,81.2046,-4.4737
43.479982608,85.6783,81.2201,-4.4582
43.519982592,85.6783,81.2357,-4.4426
43.559982576,85.6783,81.2512,-4.4271
43.59998256,85.6783,81.2666,-4.4116
43.639982544,85.6783,81.2821,-4.3961
43.679982528,85.6783,81.2977,-4.3806
43.719982512,85.6783,81.3132,-4.3651
43.759982496,85.6783,81.3287,-4.3496
43.79998248,85.6783,81.3442,-4.3341
43.839982463999995,85.6783,81.3596,-4.3186
43.87998244799999,85.6783,81.3751,-4.3032
43.919982432000005,85.6783,81.3906,-4.2876
43.959982416,85.9798,81.4062,-4.5736
43.9999824,85.9798,81.4216,-4.5582
44.039982384,85.9798,81.4371,-4.5427
44.079982368,85.9798,81.4526,-4.5272
44.119982352,85.9798,81.4681,-4.5117
44.159982336,85.9798,81.4835,-4.4963
44.19998232,85.9798,81.499,-4.4807
44.239982303999994,85.9798,81.5146,-4.4652
44.279982288,85.9798,81.53,-4.4497
44.319982272,85.9798,81.5455,-4.4343
44.359982255999995,85.9798,81.561,-4.4188
44.39998224,85.9798,81.5765,-4.4033
44.439982224000005,85.9798,81.5921,-4.3877
44.479982208,85.9798,81.6075,-4.3723
44.519982192,85.9798,81.623,-4.3568
44.559982176,85.9798,81.6385,-4.3413
44.59998216,85.9798,81.654,-4.3258
44.639982144,85.9798,81.6695,-4.3103
44.679982128,85.9798,81.685,-4.2948
44.719982112,85.9798,81.7005,-4.2793
44.759982095999995,86.2813,81.716,-4.5653
44.79998208,86.2813,81.7315,-4.5498
44.839982064,86.2813,81.747,-4.5343
44.879982047999995,86.2813,81.7625,-4.5188
44.919982032,86.2813,81.778,-4.5033
44.959982016000005,86.2813,81.7935,-4.4878
44.999982,86.2813,81.8089,-4.4724
45.039981984,86.2813,81.8244,-4.4569
45.079981968,86.2813,81.8399,-4.4414
45.119981951999996,86.2813,81.8554,-4.4259
45.159981936,86.2813,81.8708,-4.4105
45.19998192,86.2813,81.8863,-4.395
45.239981904,86.2813,81.9018,-4.3795
45.279981887999995,86.2813,81.9173,-4.364
45.319981872,86.2813,81.9329,-4.3484
45.359981856,86.2813,81.9484,-4.3329
45.39998184,86.2813,81.9639,-4.3174
45.439981824,86.2813,81.9795,-4.3018
45.479981808,86.2813,81.9949,-4.2864
45.519981792,86.2813,82.0104,-4.2709
45.559981776,86.5828,82.0259,-4.5569
45.59998176,86.5828,82.0414,-4.5414
45.639981743999996,86.5828,82.0569,-4.5259
45.679981728,86.5828,82.0724,-4.5104
45.719981712,86.5828,82.0879,-4.4949
45.759981696,86.5828,82.1034,-4.4794
45.799981679999995,86.5828,82.1189,-4.4639
45.839981664,86.5828,82.1345,-4.4483
45.879981648,86.5828,82.15,-4.4328
45.919981632,86.5828,82.1655,-4.4173
45.959981616,86.5828,82.181,-4.4018
45.9999816,86.5828,82.1964,-4.3864
46.039981584,86.5828,82.212,-4.3709
46.079981568,86.5828,82.2274,-4.3554
46.119981552,86.5828,82.243,-4.3398
46.159981536,86.5828,82.2585,-4.3243
46.19998152,86.5828,82.2739,-4.3089
46.239981504,86.5828,82.2895,-4.2933
46.279981488,86.5828,82.305,-4.2778
46.319981471999995,86.5828,82.3205,-4.2623
46.35998145599999,86.8843,82.336,-4.5483
46.399981440000005,86.8843,82.3515,-4.5328
46.439981424,86.8843,82.367,-4.5173
46.479981408,86.8843,82.3825,-4.5018
46.519981392,86.8843,82.398,-4.4864
46.559981376,86.8843,82.4135,-4.4708
46.59998136,86.8843,82.429,-4.4553
46.639981344,86.8843,82.4445,-4.4398
46.679981328,86.8843,82.46,-4.4243
46.719981311999994,86.8843,82.4754,-4.4089
46.759981296,86.8843,82.4909,-4.3934
46.79998128,86.8843,82.5064,-4.3779
46.839981263999995,86.8843,82.5218,-4.3625
46.879981248,86.8843,82.5374,-4.3469
46.919981232000005,86.8843,82.5528,-4.3315
46.959981216,86.8843,82.5683,-4.316
46.9999812,86.8843,82.5839,-4.3004
47.039981184,86.8843,82.5994,-4.2849
47.079981168,86.8843,82.6149,-4.2694
47.119981152,86.8843,82.6304,-4.2539
47.159981136,87.1859,82.6459,-4.5399
47.19998112,87.1859,82.6614,-4.5244
47.239981103999995,87.1859,82.6768,-4.509
47.279981088,87.1859,82.6924,-4.4935
47.319981072,87.1859,82.7078,-4.478
47.359981055999995,87.1859,82.7234,-4.4625
47.39998104,87.1859,82.7388,-4.447
47.439981024000005,87.1859,82.7543,-4.4315
47.479981008,87.1859,82.7699,-4.416
47.519980992,87.1859,82.7854,-4.4004
47.559980976,87.1859,82.8009,-4.3849
47.599980959999996,87.1859,82.8164,-4.3694
47.639980944,87.1859,82.8319,-4.3539
47.679980928,87.1859,82.8475,-4.3383
47.719980912,87.1859,82.863,-4.3228
47.759980895999995,87.1859,82.8785,-4.3073
47.79998088,87.1859,82.8941,-4.2917
47.839980864,87.1859,82.9096,-4.2762
47.879980848,87.1859,82.9251,-4.2607
47.919980832,87.1859,82.9407,-4.2452
47.959980816,87.4874,82.9562,-4.5311
47.9999808,87.4874,82.9717,-4.5156
48.039980784,87.4874,82.9873,-4.5001
48.079980768,87.4874,83.0028,-4.4845
48.119980752,87.4874,83.0183,-4.469
48.159980736,87.4874,83.0339,-4.4534
48.19998072,87.4874,83.0495,-4.4379
48.239980704,87.4874,83.065,-4.4223
48.279980687999995,87.4874,83.0806,-4.4068
48.319980672,87.4874,83.0961,-4.3913
48.359980656000005,87.4874,83.1117,-4.3757
48.39998064,87.4874,83.1272,-4.3601
48.439980624,87.4874,83.1427,-4.3446
48.479980608,87.4874,83.1583,-4.329
48.519980592,87.4874,83.1738,-4.3135
48.559980576,87.4874,83.1893,-4.298
48.59998056,87.4874,83.2049,-4.2824
48.639980544,87.4874,83.2204,-4.267
48.679980528,87.4874,83.2359,-4.2514
48.719980512,87.4874,83.2515,-4.2359
48.759980496,87.7889,83.267,-4.5218
48.799980479999995,87.7889,83.2826,-4.5062
48.83998046399999,87.7889,83.2981,-4.4907
48.879980448000005,87.7889,83.3137,-4.4752
48.919980432,87.7889,83.3292,-4.4596
48.959980416,87.7889,83.3448,-4.444
48.9999804,87.7889,83.3604,-4.4285
49.039980384,87.7889,83.3758,-4.413
49.079980368,87.7889,83.3914,-4.3974
49.119980352,87.7889,83.4069,-4.3819
49.159980336,87.7889,83.4225,-4.3663
49.199980319999995,87.7889,83.4381,-4.3507
49.239980304,87.7889,83.4537,-4.3351
49.279980288,87.7889,83.4693,-4.3196
49.319980271999995,87.7889,83.4848,-4.304
49.359980256,87.7889,83.5004,-4.2885
49.399980240000005,87.7889,83.516,-4.2729
49.439980224,87.7889,83.5315,-4.2573
49.479980208,87.7889,83.5471,-4.2417
49.519980192,87.7889,83.5626,-4.2262
49.559980176,88.0904,83.5782,-4.5122
49.59998016,88.0904,83.5938,-4.4965
49.639980144,88.0904,83.6094,-4.481
49.679980128,88.0904,83.625,-4.4653
49.719980111999995,88.0904,83.6406,-4.4497
49.759980096,88.0904,83.6561,-4.4342
49.79998008,88.0904,83.6718,-4.4186
49.839980063999995,88.0904,83.6873,-4.4031
49.879980048,88.0904,83.7029,-4.3874
49.919980032000005,88.0904,83.7185,-4.3719
49.959980016,88.0904,83.734,-4.3563
49.99998,88.0904,83.7497,-4.3407
50.039979984,88.0904,83.7652,-4.3251
50.079979967999996,88.0904,83.7808,-4.3096
50.119979952,88.0904,83.7963,-4.294
50.159979936,88.0904,83.8119,-4.2784
50.19997992,88.0904,83.8275,-4.2628
50.239979903999995,88.0904,83.8431,-4.2473
50.279979888,88.0904,83.8586,-4.2317
50.319979872,88.0904,83.8742,-4.2161
50.359979856,88.3919,83.8897,-4.5021
50.39997984,88.3919,83.9053,-4.4865
50.439979824,88.3919,83.9209,-4.4709
50.479979808,88.3919,83.9365,-4.4553
50.519979792,88.3919,83.9521,-4.4397
50.559979776,88.3919,83.9676,-4.4242
50.59997976,88.3919,83.9833,-4.4086
50.639979744,88.3919,83.9989,-4.393
50.679979728,88.3919,84.0144,-4.3775
50.719979712,88.3919,84.03,-4.3618
50.759979695999995,88.3919,84.0455,-4.3463
50.79997967999999,88.3919,84.0611,-4.3307
50.839979664,88.3919,84.0767,-4.3151
50.879979648,88.3919,84.0923,-4.2996
50.919979632,88.3919,84.1079,-4.284
50.959979616,88.3919,84.1234,-4.2684
50.9999796,88.3919,84.139,-4.2528
51.039979584,88.3919,84.1546,-4.2372
51.079979568,88.3919,84.1703,-4.2216
51.119979552,88.3919,84.1859,-4.206
51.159979536,88.6934,84.2014,-4.4919
51.19997952,88.6934,84.217,-4.4763
51.239979504,88.6934,84.2326,-4.4607
51.279979487999995,88.6934,84.2482,-4.4452
51.31997947199999,88.6934,84.2638,-4.4296
51.359979456000005,88.6934,84.2793,-4.414
51.39997944,88.6934,84.295,-4.3984
51.439979424,88.6934,84.3105,-4.3828
51.479979408,88.6934,84.3261,-4.3672
51.519979392,88.6934,84.3418,-4.3516
51.559979376,88.6934,84.3573,-4.336
51.59997936,88.6934,84.3729,-4.3204
51.639979344,88.6934,84.3886,-4.3048
51.679979327999995,88.6934,84.4041,-4.2893
51.719979312,88.6934,84.4198,-4.2736
51.759979296,88.6934,84.4353,-4.258
51.799979279999995,88.6934,84.451,-4.2424
51.839979264,88.6934,84.4666,-4.2267
51.879979248000005,88.6934,84.4822,-4.2112
51.919979232,88.6934,84.4978,-4.1955
51.959979216,88.9949,84.5134,-4.4814
51.9999792,88.9949,84.529,-4.4658
52.039979183999996,88.9949,84.5447,-4.4502
52.079979168,88.9949,84.5602,-4.4346
52.119979152,88.9949,84.5759,-4.419
52.159979136,88.9949,84.5915,-4.4034
52.199979119999995,88.9949,84.6071,-4.3878
52.239979104,88.9949,84.6227,-4.3722
52.279979088,88.9949,84.6383,-4.3566
52.319979071999995,88.9949,84.6539,-4.3409
52.359979056,88.9949,84.6695,-4.3253
52.399979040000005,88.9949,84.6851,-4.3098
52.439979024,88.9949,84.7007,-4.2941
52.479979008,88.9949,84.7163,-4.2786
52.519978992,88.9949,84.732,-4.2629
52.559978976,88.9949,84.7476,-4.2473
52.59997896,88.9949,84.7632,-4.2316
52.639978944,88.9949,84.7789,-4.216
52.679978928,88.9949,84.7945,-4.2004
52.719978911999995,88.9949,84.8101,-4.1847
52.759978896,89.2964,84.8257,-4.4706
52.79997888,89.2964,84.8413,-4.455
52.839978864,89.2964,84.857,-4.4394
52.879978848,89.2964,84.8726,-4.4238
52.919978832,89.2964,84.8882,-4.4081
52.959978816,89.2964,84.9038,-4.3925
52.9999788,89.2964,84.9195,-4.3769
53.039978784,89.2964,84.9352,-4.3612
53.079978768,89.2964,84.9508,-4.3456
53.119978752,89.2964,84.9665,-4.3299
53.159978736,89.2964,84.9821,-4.3143
53.19997872,89.2964,84.9977,-4.2987
53.239978703999995,89.2964,85.0134,-4.283
53.27997868799999,89.2964,85.029,-4.2674
53.319978672000005,89.2964,85.0446,-4.2517
53.359978656,89.2964,85.0603,-4.2361
53.39997864,89.2964,85.0759,-4.2204
53.439978624,89.2964,85.0916,-4.2048
53.479978608,89.2964,85.1073,-4.1891
53.519978592,89.2964,85.1229,-4.1734
53.559978576,89.5979,85.1386,-4.4592
53.59997856,89.5979,85.1543,-4.4436
53.639978544,89.5979,85.17,-4.4279
53.679978528,89.5979,85.1856,-4.4123
53.719978512,89.5979,85.2012,-4.3966
53.759978495999995,89.5979,85.217,-4.3809
53.79997847999999,89.5979,85.2326,-4.3652
53.839978464000005,89.5979,85.2483,-4.3496
53.879978448,89.5979,85.2639,-4.3339
53.919978432,89.5979,85.2796,-4.3183
53.959978416,89.5979,85.2953,-4.3026
53.9999784,89.5979,85.3109,-4.287
54.039978384,89.5979,85.3266,-4.2713
54.079978368,89.5979,85.3422,-4.2557
54.119978352,89.5979,85.3579,-4.24
54.159978335999995,89.5979,85.3735,-4.2244
54.19997832,89.5979,85.3891,-4.2088
54.239978304,89.5979,85.4048,-4.1931
54.279978287999995,89.5979,85.4204,-4.1775
54.319978272,89.5979,85.436,-4.1619
54.359978256000005,89.8994,85.4517,-4.4477
54.39997824,89.8994,85.4673,-4.4321
54.439978224,89.8994,85.483,-4.4164
54.479978208,89.8994,85.4987,-4.4007
54.519978191999996,89.8994,85.5143,-4.385
54.559978176,89.8994,85.5301,-4.3693
54.59997816,89.8994,85.5457,-4.3537
54.639978144,89.8994,85.5613,-4.338
54.679978127999995,89.8994,85.577,-4.3224
54.719978112,89.8994,85.5926,-4.3068
54.759978096,89.8994,85.6083,-4.2911
54.799978079999995,89.8994,85.6239,-4.2755
54.839978064,89.8994,85.6395,-4.2599
54.879978048000005,89.8994,85.6552,-4.2442
54.919978032,89.8994,85.6708,-4.2285
54.959978016,89.8994,85.6865,-4.2128
54.999978,89.8994,85.7021,-4.1972
55.039977984,89.8994,85.7178,-4.1816
55.079977968,89.8994,85.7334,-4.1659
55.119977952,89.8994,85.7491,-4.1503
55.159977936,90.2009,85.7648,-4.4361
55.199977919999995,90.2009,85.7804,-4.4205
55.239977904,90.2009,85.796,-4.4049
55.279977888,90.2009,85.8117,-4.3892
55.319977872,90.2009,85.8273,-4.3736
55.359977856,90.2009,85.843,-4.3579
55.39997784,90.2009,85.8586,-4.3423
55.439977824,90.2009,85.8742,-4.3267
55.479977808,90.2009,85.8898,-4.3111
55.519977792,90.2009,85.9055,-4.2954
55.559977776,90.2009,85.9211,-4.2798
55.59997776,90.2009,85.9368,-4.2641
55.639977744,90.2009,85.9524,-4.2485
55.679977728,90.2009,85.9681,-4.2328
55.719977711999995,90.2009,85.9838,-4.2171
55.75997769599999,90.2009,85.9994,-4.2015
55.79997768,90.2009,86.015,-4.1859
55.839977664,90.2009,86.0306,-4.1703
55.879977648,90.2009,86.0463,-4.1546
55.919977632,90.2009,86.0619,-4.139
55.959977616,90.5025,86.0776,-4.4248
55.9999776,90.5025,86.0932,-4.4092
56.039977584,90.5025,86.1089,-4.3935
56.079977568,90.5025,86.1245,-4.3779
56.119977551999995,90.5025,86.1401,-4.3623
56.159977536,90.5025,86.1558,-4.3466
56.19997752,90.5025,86.1714,-4.331
56.239977503999995,90.5025,86.187,-4.3154
56.27997748799999,90.5025,86.2026,-4.2998
56.319977472000005,90.5025,86.2182,-4.2842
56.359977456,90.5025,86.2339,-4.2685
56.39997744,90.5025,86.2495,-4.2529
56.439977424,90.5025,86.2651,-4.2373
56.479977408,90.5025,86.2807,-4.2217
56.519977392,90.5025,86.2964,-4.206
56.559977376,90.5025,86.312,-4.1904
56.59997736,90.5025,86.3276,-4.1748
56.639977343999995,90.5025,86.3432,-4.1592
56.679977328,90.5025,86.3589,-4.1435
56.719977312,90.5025,86.3745,-4.1279
56.759977295999995,90.804,86.3901,-4.4138
56.79997728,90.804,86.4058,-4.3981
56.839977264000005,90.804,86.4214,-4.3825
56.879977248,90.804,86.4371,-4.3668
56.919977232,90.804,86.4527,-4.3512
56.959977216,90.804,86.4684,-4.3355
56.9999772,90.804,86.484,-4.3199
57.039977184,90.804,86.4996,-4.3043
57.079977168,90.804,86.5153,-4.2886
57.119977152,90.804,86.5309,-4.273
57.159977135999995,90.804,86.5466,-4.2574
57.19997712,90.804,86.5622,-4.2417
57.239977104,90.804,86.5778,-4.2261
57.279977087999995,90.804,86.5935,-4.2104
57.319977072,90.804,86.6091,-4.1948
57.359977056,90.804,86.6248,-4.1791
57.39997704,90.804,86.6405,-4.1635
57.439977024,90.804,86.6561,-4.1478
57.479977008,90.804,86.6718,-4.1322
57.519976992,90.804,86.6874,-4.1165
57.559976976,91.1055,86.7031,-4.4023
57.59997696,91.1055,86.7187,-4.3867
57.639976944,91.1055,86.7343,-4.3711
57.679976927999995,91.1055,86.75,-4.3555
57.719976912,91.1055,86.7656,-4.3398
57.759976896,91.1055,86.7812,-4.3242
57.79997688,91.1055,86.7969,-4.3086
57.839976864,91.1055,86.8126,-4.2929
57.879976848,91.1055,86.8282,-4.2772
57.919976832,91.1055,86.8439,-4.2615
57.959976816,91.1055,86.8595,-4.2459
57.9999768,91.1055,86.8752,-4.2302
58.039976784,91.1055,86.8908,-4.2146
58.079976768,91.1055,86.9065,-4.1989
58.119976752,91.1055,86.9222,-4.1832
58.159976736,91.1055,86.9378,-4.1676
58.199976719999995,91.1055,86.9535,-4.1519
58.23997670399999,91.1055,86.9691,-4.1363
58.279976688000005,91.1055,86.9848,-4.1206
58.319976672,91.1055,87.0005,-4.1049
58.359976656,91.407,87.0161,-4.3908
58.39997664,91.407,87.0318,-4.3751
58.439976624,91.407,87.0475,-4.3594
58.479976608,91.407,87.0631,-4.3438
58.519976592,91.407,87.0788,-4.3281
58.559976576,91.407,87.0945,-4.3125
58.599976559999995,91.407,87.1101,-4.2968
58.639976544,91.407,87.1258,-4.2811
58.679976528,91.407,87.1415,-4.2654
58.719976511999995,91.407,87.1571,-4.2498
58.75997649599999,91.407,87.1728,-4.2341
58.799976480000005,91.407,87.1884,-4.2185
58.839976464,91.407,87.204,-4.2029
58.879976448,91.407,87.2197,-4.1873
58.919976432,91.407,87.2353,-4.1716
58.959976416,91.407,87.2509,-4.156
58.9999764,91.407,87.2666,-4.1404
59.039976384,91.407,87.2822,-4.1247
59.079976368,91.407,87.2979,-4.109
59.119976351999995,91.407,87.3135,-4.0934
59.159976336,91.7085,87.3291,-4.3793
59.19997632,91.7085,87.3447,-4.3637
59.239976303999995,91.7085,87.3604,-4.3481
59.279976288,91.7085,87.376,-4.3324
59.319976272000005,91.7085,87.3916,-4.3168
59.359976256,91.7085,87.4073,-4.3011
59.39997624,91.7085,87.423,-4.2855
59.439976224,91.7085,87.4386,-4.2698
59.479976208,91.7085,87.4543,-4.2542
59.519976192,91.7085,87.47,-4.2385
59.559976176,91.7085,87.4856,-4.2228
59.59997616,91.7085,87.5012,-4.2072
59.639976143999995,91.7085,87.5169,-4.1915
59.679976128,91.7085,87.5326,-4.1759
59.719976112,91.7085,87.5482,-4.1602
59.759976095999995,91.7085,87.5639,-4.1445
59.79997608,91.7085,87.5796,-4.1288
59.839976064,91.7085,87.5952,-4.1132
59.879976048,91.7085,87.6108,-4.0976
59.919976032,91.7085,87.6265,-4.0819
59.959976016,92.01,87.6421,-4.3678
59.999976,92.01,87.6578,-4.3522
60.039975984,92.01,87.6734,-4.3366
60.079975968,92.01,87.6891,-4.3209
60.119975952,92.01,87.7047,-4.3053
60.159975935999995,92.01,87.7203,-4.2896
60.19997592,92.01,87.736,-4.274
60.239975904,92.01,87.7516,-4.2583
60.279975888,92.01,87.7673,-4.2426
60.319975872,92.01,87.7829,-4.227
60.359975856,92.01,87.7986,-4.2114
60.39997584,92.01,87.8142,-4.1957
60.439975824,92.01,87.8298,-4.1801
60.479975808,92.01,87.8455,-4.1644
60.519975792,92.01,87.8611,-4.1488
60.559975776,92.01,87.8767,-4.1332
60.59997576,92.01,87.8923,-4.1176
60.639975744,92.01,87.908,-4.102
60.679975727999995,92.01,87.9236,-4.0863
60.71997571199999,92.01,87.9392,-4.0708
60.759975696,92.3115,87.9548,-4.3567
60.79997568,92.3115,87.9704,-4.341
60.839975664,92.3115,87.986,-4.3254
60.879975648,92.3115,88.0017,-4.3098
60.919975632,92.3115,88.0173,-4.2942
60.959975616,92.3115,88.0329,-4.2785
60.9999756,92.3115,88.0485,-4.2629
61.039975584,92.3115,88.0641,-4.2474
61.079975567999995,92.3115,88.0797,-4.2317
61.119975552,92.3115,88.0953,-4.2162
61.159975536,92.3115,88.1109,-4.2006
61.199975519999995,92.3115,88.1265,-4.1849
61.23997550399999,92.3115,88.1421,-4.1694
61.279975488000005,92.3115,88.1577,-4.1538
61.319975472,92.3115,88.1732,-4.1382
61.359975456,92.3115,88.1888,-4.1226
61.39997544,92.3115,88.2044,-4.107
61.439975424,92.3115,88.22,-4.0914
61.479975408,92.3115,88.2356,-4.0758
61.519975392,92.3115,88.2512,-4.0603
61.559975376,92.613,88.2667,-4.3462
61.599975359999995,92.613,88.2824,-4.3306
61.639975344,92.613,88.2979,-4.3151
61.679975328,92.613,88.3135,-4.2994
61.719975311999995,92.613,88.3291,-4.2838
61.759975296,92.613,88.3447,-4.2683
61.799975280000005,92.613,88.3602,-4.2527
61.839975264,92.613,88.3758,-4.2372
61.879975248,92.613,88.3914,-4.2216
61.919975232,92.613,88.407,-4.206
61.959975216,92.613,88.4225,-4.1904
61.9999752,92.613,88.4381,-4.1748
62.039975184,92.613,88.4537,-4.1593
62.079975168,92.613,88.4693,-4.1437
62.119975151999995,92.613,88.4849,-4.128
62.159975136,92.613,88.5004,-4.1125
62.19997512,92.613,88.5161,-4.0969
62.239975103999996,92.613,88.5316,-4.0813
62.279975088,92.613,88.5472,-4.0657
62.319975072,92.613,88.5628,-4.0501
62.359975056,92.9145,88.5784,-4.3361
62.39997504,92.9145,88.594,-4.3204
62.439975024,92.9145,88.6096,-4.3049
62.479975008,92.9145,88.6252,-4.2893
62.519974992,92.9145,88.6408,-4.2737
62.55997497599999,92.9145,88.6563,-4.2581
62.59997496,92.9145,88.672,-4.2425
62.639974944,92.9145,88.6876,-4.2269
62.67997492799999,92.9145,88.7032,-4.2113
62.719974912,92.9145,88.7187,-4.1958
62.759974895999996,92.9145,88.7342,-4.1802
62.79997488,92.9145,88.7498,-4.1647
62.839974864000006,92.9145,88.7653,-4.1491
62.879974847999996,92.9145,88.7809,-4.1336
62.919974832,92.9145,88.7965,-4.118
62.959974816000006,92.9145,88.812,-4.1024
62.9999748,92.9145,88.8276,-4.0869
63.039974784,92.9145,88.8432,-4.0713
63.07997476799999,92.9145,88.8587,-4.0557
63.119974752,92.9145,88.8743,-4.0402
63.159974736,93.216,88.8898,-4.3262
63.19997471999999,93.216,88.9054,-4.3106
63.239974704000005,93.216,88.921,-4.295
63.279974687999996,93.216,88.9365,-4.2795
63.319974672,93.216,88.9521,-4.2639
63.359974656000006,93.216,88.9676,-4.2483
63.399974639999996,93.216,88.9832,-4.2328
63.439974624,93.216,88.9987,-4.2172
63.479974608000006,93.216,89.0142,-4.2017
63.519974592,93.216,89.0298,-4.1861
63.559974576,93.216,89.0454,-4.1706
63.59997455999999,93.216,89.0609,-4.1551
63.639974544,93.216,89.0765,-4.1395
63.679974528,93.216,89.092,-4.124
63.71997451199999,93.216,89.1076,-4.1084
63.759974496000005,93.216,89.1231,-4.0929
63.799974479999996,93.216,89.1387,-4.0773
63.839974464,93.216,89.1542,-4.0617
63.879974448000006,93.216,89.1697,-4.0462
63.919974432,93.216,89.1854,-4.0306
63.959974416,93.5175,89.2009,-4.3166
63.99997439999999,93.5175,89.2164,-4.3011
64.039974384,93.5175,89.232,-4.2855
64.07997436800001,93.5175,89.2475,-4.27
64.119974352,93.5175,89.2631,-4.2544
64.159974336,93.5175,89.2786,-4.2388
64.19997432000001,93.5175,89.2942,-4.2233
64.239974304,93.5175,89.3098,-4.2077
64.279974288,93.5175,89.3252,-4.1922
64.319974272,93.5175,89.3408,-4.1767
64.359974256,93.5175,89.3564,-4.1611
64.39997424,93.5175,89.3719,-4.1456
64.439974224,93.5175,89.3875,-4.13
64.479974208,93.5175,89.403,-4.1145
64.51997419199999,93.5175,89.4186,-4.0989
64.559974176,93.5175,89.4341,-4.0834
64.59997416,93.5175,89.4496,-4.0679
64.63997414399999,93.5175,89.4652,-4.0523
64.679974128,93.5175,89.4807,-4.0368
64.71997411199999,93.5175,89.4962,-4.0212
64.759974096,93.819,89.5118,-4.3072
64.79997408,93.819,89.5273,-4.2917
64.83997406399999,93.819,89.5428,-4.2762
64.879974048,93.819,89.5583,-4.2607
64.919974032,93.819,89.5739,-4.2451
64.95997401599999,93.819,89.5895,-4.2295
64.99997400000001,93.819,89.605,-4.214
65.039973984,93.819,89.6206,-4.1984
65.079973968,93.819,89.6361,-4.1829
65.11997395200001,93.819,89.6517,-4.1673
65.159973936,93.819,89.6672,-4.1517
65.19997392,93.819,89.6828,-4.1362
65.239973904,93.819,89.6983,-4.1207
65.279973888,93.819,89.7138,-4.1052
65.319973872,93.819,89.7293,-4.0897
65.359973856,93.819,89.7448,-4.0741
65.39997384,93.819,89.7603,-4.0587
65.439973824,93.819,89.7758,-4.0432
65.479973808,93.819,89.7913,-4.0277
65.519973792,93.819,89.8068,-4.0121
65.55997377599999,94.1205,89.8224,-4.2981
65.59997376,94.1205,89.8379,-4.2826
65.639973744,94.1205,89.8534,-4.2671
65.679973728,94.1205,89.8689,-4.2516
65.719973712,94.1205,89.8844,-4.2361
65.75997369599999,94.1205,89.8999,-4.2206
65.79997368,94.1205,89.9153,-4.2051
65.839973664,94.1205,89.9308,-4.1897
65.87997364799999,94.1205,89.9463,-4.1742
65.919973632,94.1205,89.9618,-4.1587
65.959973616,94.1205,89.9773,-4.1432
65.9999736,94.1205,89.9928,-4.1277
66.03997358400001,94.1205,90.0083,-4.1122
66.079973568,94.1205,90.0238,-4.0967
66.119973552,94.1205,90.0392,-4.0813
66.15997353600001,94.1205,90.0548,-4.0657
66.19997352,94.1205,90.0703,-4.0502
66.239973504,94.1205,90.0857,-4.0348
66.279973488,94.1205,90.1012,-4.0193
66.319973472,94.1205,90.1167,-4.0038
66.359973456,94.422,90.1322,-4.2898
66.39997344,94.422,90.1476,-4.2744
66.439973424,94.422,90.1631,-4.2589
66.47997340799999,94.422,90.1786,-4.2434
66.519973392,94.422,90.1941,-4.2279
66.559973376,94.422,90.2096,-4.2124
66.59997335999999,94.422,90.225,-4.197
66.639973344,94.422,90.2404,-4.1816
66.679973328,94.422,90.2559,-4.1661
66.719973312,94.422,90.2714,-4.1506
66.759973296,94.422,90.2869,-4.1351
66.79997327999999,94.422,90.3023,-4.1196
66.839973264,94.422,90.3178,-4.1042
66.879973248,94.422,90.3333,-4.0887
66.91997323199999,94.422,90.3487,-4.0733
66.95997321600001,94.422,90.3642,-4.0578
66.9999732,94.422,90.3797,-4.0423
67.039973184,94.422,90.3951,-4.0269
67.07997316800001,94.422,90.4107,-4.0113
67.119973152,94.422,90.4261,-3.9959
67.159973136,94.7236,90.4416,-4.2819
67.19997312,94.7236,90.4571,-4.2664
67.239973104,94.7236,90.4725,-4.251
67.279973088,94.7236,90.488,-4.2355
67.319973072,94.7236,90.5035,-4.22
67.359973056,94.7236,90.5189,-4.2046
67.39997304,94.7236,90.5344,-4.1891
67.439973024,94.7236,90.5499,-4.1736
67.479973008,94.7236,90.5654,-4.1581
67.51997299199999,94.7236,90.5809,-4.1426
67.559972976,94.7236,90.5964,-4.1271
67.59997296,94.7236,90.6119,-4.1117
67.639972944,94.7236,90.6273,-4.0962
67.679972928,94.7236,90.6428,-4.0807
67.71997291199999,94.7236,90.6583,-4.0652
67.759972896,94.7236,90.6738,-4.0497
67.79997288,94.7236,90.6893,-4.0342
67.83997286399999,94.7236,90.7047,-4.0188
67.879972848,94.7236,90.7202,-4.0033
67.919972832,94.7236,90.7356,-3.9879
67.959972816,95.0251,90.7511,-4.2739
67.99997280000001,95.0251,90.7666,-4.2585
68.039972784,95.0251,90.782,-4.243
68.079972768,95.0251,90.7975,-4.2275
68.11997275200001,95.0251,90.8129,-4.2121
68.159972736,95.0251,90.8284,-4.1966
68.19997272,95.0251,90.8439,-4.1812
68.239972704,95.0251,90.8593,-4.1657
68.279972688,95.0251,90.8748,-4.1502
68.319972672,95.0251,90.8902,-4.1348
68.359972656,95.0251,90.9057,-4.1194
68.39997264,95.0251,90.9211,-4.1039
68.43997262399999,95.0251,90.9366,-4.0884
68.479972608,95.0251,90.9521,-4.0729
68.519972592,95.0251,90.9675,-4.0575
68.55997257599999,95.0251,90.983,-4.042
68.59997256,95.0251,90.9985,-4.0266
68.639972544,95.0251,91.014,-4.0111
68.679972528,95.0251,91.0295,-3.9955
68.719972512,95.0251,91.045,-3.9801
68.75997249599999,95.3266,91.0604,-4.2661
68.79997248,95.3266,91.0758,-4.2507
68.839972464,95.3266,91.0913,-4.2352
68.87997244799999,95.3266,91.1068,-4.2197
68.919972432,95.3266,91.1222,-4.2043
68.959972416,95.3266,91.1377,-4.1888
68.9999724,95.3266,91.1532,-4.1733
69.03997238400001,95.3266,91.1687,-4.1578
69.079972368,95.3266,91.1842,-4.1423
69.119972352,95.3266,91.1998,-4.1268
69.15997233600001,95.3266,91.2153,-4.1113
69.19997232,95.3266,91.2308,-4.0957
69.239972304,95.3266,91.2462,-4.0803
69.279972288,95.3266,91.2618,-4.0648
69.319972272,95.3266,91.2772,-4.0493
69.359972256,95.3266,91.2927,-4.0338
69.39997224,95.3266,91.3082,-4.0184
69.439972224,95.3266,91.3236,-4.0029
69.47997220799999,95.3266,91.3391,-3.9874
69.519972192,95.3266,91.3546,-3.9719
69.559972176,95.6281,91.3701,-4.2579
69.59997216,95.6281,91.3856,-4.2424
69.639972144,95.6281,91.401,-4.227
69.67997212799999,95.6281,91.4165,-4.2115
69.719972112,95.6281,91.432,-4.196
69.759972096,95.6281,91.4475,-4.1805
69.79997207999999,95.6281,91.463,-4.165
69.839972064,95.6281,91.4785,-4.1495
69.879972048,95.6281,91.494,-4.134
69.91997203199999,95.6281,91.5095,-4.1185
69.95997201600001,95.6281,91.525,-4.103
69.999972,95.6281,91.5405,-4.0876
70.039971984,95.6281,91.5559,-4.0721
70.07997196800001,95.6281,91.5714,-4.0566
70.119971952,95.6281,91.5869,-4.0412
70.159971936,95.6281,91.6023,-4.0257
70.19997192,95.6281,91.6178,-4.0102
70.239971904,95.6281,91.6332,-3.9948
70.279971888,95.6281,91.6487,-3.9794
70.319971872,95.6281,91.6641,-3.9639
70.359971856,95.9296,91.6795,-4.25
70.39997184,95.9296,91.695,-4.2345
70.439971824,95.9296,91.7105,-4.2191
70.479971808,95.9296,91.7259,-4.2036
70.51997179199999,95.9296,91.7413,-4.1882
70.559971776,95.9296,91.7568,-4.1727
70.59997176,95.9296,91.7723,-4.1573
70.639971744,95.9296,91.7877,-4.1418
70.679971728,95.9296,91.8031,-4.1264
70.71997171199999,95.9296,91.8186,-4.1109
70.759971696,95.9296,91.834,-4.0955
70.79997168,95.9296,91.8495,-4.0801
70.83997166399999,95.9296,91.8649,-4.0646
70.879971648,95.9296,91.8804,-4.0491
70.919971632,95.9296,91.8959,-4.0337
70.959971616,95.9296,91.9113,-4.0182
70.99997160000001,95.9296,91.9268,-4.0027
71.039971584,95.9296,91.9423,-3.9873
71.079971568,95.9296,91.9577,-3.9718
71.11997155200001,95.9296,91.9733,-3.9563
71.159971536,96.2311,91.9887,-4.2423
71.19997152,96.2311,92.0043,-4.2268
71.239971504,96.2311,92.0197,-4.2113
71.279971488,96.2311,92.0352,-4.1958
71.319971472,96.2311,92.0507,-4.1803
71.359971456,96.2311,92.0662,-4.1648
71.39997144,96.2311,92.0817,-4.1493
71.43997142399999,96.2311,92.0972,-4.1339
71.479971408,96.2311,92.1127,-4.1184
71.519971392,96.2311,92.1282,-4.1029
71.559971376,96.2311,92.1437,-4.0874
71.59997136,96.2311,92.1592,-4.0718
71.639971344,96.2311,92.1746,-4.0564
71.679971328,96.2311,92.1901,-4.0409
71.719971312,96.2311,92.2056,-4.0254
71.75997129599999,96.2311,92.2211,-4.0099
71.79997128,96.2311,92.2366,-3.9944
71.839971264,96.2311,92.2521,-3.979
71.87997124799999,96.2311,92.2675,-3.9635
71.919971232,96.2311,92.283,-3.948
71.959971216,96.5326,92.2985,-4.2341
71.9999712,96.5326,92.314,-4.2186
72.03997118400001,96.5326,92.3294,-4.2031
72.079971168,96.5326,92.3449,-4.1876
72.119971152,96.5326,92.3604,-4.1721
72.159971136,96.5326,92.3759,-4.1567
72.19997112,96.5326,92.3914,-4.1412
72.239971104,96.5326,92.4069,-4.1257
72.279971088,96.5326,92.4223,-4.1102
72.319971072,96.5326,92.4378,-4.0947
72.359971056,96.5326,92.4532,-4.0793
72.39997104,96.5326,92.4687,-4.0638
72.439971024,96.5326,92.4842,-4.0484
72.47997100799999,96.5326,92.4996,-4.0329
72.519970992,96.5326,92.5151,-4.0174
72.559970976,96.5326,92.5306,-4.002
72.59997096,96.5326,92.5461,-3.9865
72.639970944,96.5326,92.5616,-3.9709
72.67997092799999,96.5326,92.5771,-3.9554
72.719970912,96.5326,92.5927,-3.9399
72.759970896,96.8341,92.6081,-4.2259
72.79997087999999,96.8341,92.6236,-4.2105
72.839970864,96.8341,92.6391,-4.1949
72.879970848,96.8341,92.6546,-4.1795
72.919970832,96.8341,92.6701,-4.164
72.95997081600001,96.8341,92.6855,-4.1485
72.9999708,96.8341,92.701,-4.133
73.039970784,96.8341,92.7165,-4.1176
73.07997076800001,96.8341,92.7319,-4.1022
73.119970752,96.8341,92.7474,-4.0867
73.159970736,96.8341,92.7628,-4.0712
73.19997072,96.8341,92.7783,-4.0557
73.239970704,96.8341,92.7938,-4.0402
73.279970688,96.8341,92.8093,-4.0248
73.319970672,96.8341,92.8248,-4.0092
73.359970656,96.8341,92.8403,-3.9937
73.39997063999999,96.8341,92.8558,-3.9783
73.439970624,96.8341,92.8713,-3.9628
73.479970608,96.8341,92.8868,-3.9473
73.51997059199999,96.8341,92.9023,-3.9318
73.559970576,97.1356,92.9177,-4.2178
73.59997056,97.1356,92.9332,-4.2023
73.639970544,97.1356,92.9487,-4.1868
73.679970528,97.1356,92.9642,-4.1713
73.71997051199999,97.1356,92.9797,-4.1558
73.759970496,97.1356,92.9952,-4.1404
73.79997048,97.1356,93.0106,-4.1249
73.83997046399999,97.1356,93.0261,-4.1094
73.879970448,97.1356,93.0416,-4.094
73.919970432,97.1356,93.0571,-4.0785
73.959970416,97.1356,93.0725,-4.0631
73.99997040000001,97.1356,93.088,-4.0475
74.039970384,97.1356,93.1035,-4.032
74.079970368,97.1356,93.1189,-4.0166
74.11997035200001,97.1356,93.1345,-4.0011
74.159970336,97.1356,93.1499,-3.9857
74.19997032,97.1356,93.1654,-3.9702
74.239970304,97.1356,93.1809,-3.9547
74.279970288,97.1356,93.1963,-3.9393
74.319970272,97.1356,93.2117,-3.9238
74.359970256,97.4371,93.2272,-4.2099
74.39997024,97.4371,93.2427,-4.1944
74.43997022399999,97.4371,93.2581,-4.179
74.479970208,97.4371,93.2735,-4.1635
74.519970192,97.4371,93.289,-4.1481
74.559970176,97.4371,93.3044,-4.1326
74.59997016,97.4371,93.3199,-4.1172
74.63997014399999,97.4371,93.3353,-4.1017
74.679970128,97.4371,93.3508,-4.0863
74.719970112,97.4371,93.3663,-4.0708
74.75997009599999,97.4371,93.3817,-4.0554
74.79997008,97.4371,93.3972,-4.0399
74.839970064,97.4371,93.4127,-4.0244
74.87997004799999,97.4371,93.4281,-4.009
74.91997003200001,97.4371,93.4436,-3.9935
74.959970016,97.4371,93.4589,-3.9781
74.99997,97.4371,93.4744,-3.9627
75.03996998400001,97.4371,93.4899,-3.9472
75.079969968,97.4371,93.5053,-3.9317
75.119969952,97.4371,93.5208,-3.9162
75.159969936,97.7386,93.5363,-4.2023
75.19996992,97.7386,93.5518,-4.1868
75.239969904,97.7386,93.5673,-4.1713
75.279969888,97.7386,93.5828,-4.1558
75.319969872,97.7386,93.5983,-4.1403
75.359969856,97.7386,93.6138,-4.1248
75.39996984,97.7386,93.6292,-4.1093
75.439969824,97.7386,93.6447,-4.0939
75.47996980799999,97.7386,93.6602,-4.0784
75.519969792,97.7386,93.6756,-4.063
75.559969776,97.7386,93.6911,-4.0475
75.59996976,97.7386,93.7066,-4.032
75.639969744,97.7386,93.7221,-4.0165
75.67996972799999,97.7386,93.7376,-4.001
75.719969712,97.7386,93.753,-3.9855
75.759969696,97.7386,93.7685,-3.9701
75.79996967999999,97.7386,93.784,-3.9546
75.839969664,97.7386,93.7994,-3.9392
75.879969648,97.7386,93.8148,-3.9237
75.919969632,97.7386,93.8303,-3.9083
75.95996961600001,98.0401,93.8458,-4.1943
75.9999696,98.0401,93.8612,-4.1788
76.039969584,98.0401,93.8767,-4.1634
76.07996956800001,98.0401,93.8921,-4.148
76.119969552,98.0401,93.9076,-4.1325
76.159969536,98.0401,93.9231,-4.117
76.19996952,98.0401,93.9385,-4.1016
76.239969504,98.0401,93.954,-4.0861
76.279969488,98.0401,93.9695,-4.0706
76.319969472,98.0401,93.9849,-4.0551
76.359969456,98.0401,94.0004,-4.0397
76.39996943999999,98.0401,94.0159,-4.0242
76.439969424,98.0401,94.0313,-4.0088
76.479969408,98.0401,94.0468,-3.9933
76.519969392,98.0401,94.0622,-3.9779
76.559969376,98.0401,94.0777,-3.9624
76.59996935999999,98.0401,94.0932,-3.9469
76.639969344,98.0401,94.1086,-3.9315
76.679969328,98.0401,94.1241,-3.9159
76.71996931199999,98.0401,94.1396,-3.9005
76.759969296,98.3416,94.1551,-4.1865
76.79996928,98.3416,94.1706,-4.171
76.83996926399999,98.3416,94.1861,-4.1555
76.87996924800001,98.3416,94.2016,-4.14
76.919969232,98.3416,94.2171,-4.1245
76.959969216,98.3416,94.2326,-4.109
76.99996920000001,98.3416,94.2481,-4.0935
77.039969184,98.3416,94.2636,-4.078
77.079969168,98.3416,94.2791,-4.0625
77.119969152,98.3416,94.2945,-4.0471
77.159969136,98.3416,94.31,-4.0316
77.19996912,98.3416,94.3255,-4.0161
77.239969104,98.3416,94.341,-4.0006
77.279969088,98.3416,94.3565,-3.9851
77.319969072,98.3416,94.3719,-3.9697
77.359969056,98.3416,94.3874,-3.9542
77.39996904,98.3416,94.4029,-3.9387
77.43996902399999,98.3416,94.4183,-3.9233
77.479969008,98.3416,94.4338,-3.9078
77.519968992,98.3416,94.4493,-3.8923
77.559968976,98.6432,94.4647,-4.1784
77.59996896,98.6432,94.4802,-4.1629
77.63996894399999,98.6432,94.4957,-4.1474
77.679968928,98.6432,94.5111,-4.132
77.719968912,98.6432,94.5266,-4.1165
77.75996889599999,98.6432,94.5421,-4.101
77.79996888,98.6432,94.5575,-4.0856
77.83996886399999,98.6432,94.573,-4.0701
77.879968848,98.6432,94.5884,-4.0547
77.91996883200001,98.6432,94.6039,-4.0392
77.959968816,98.6432,94.6193,-4.0238
77.9999688,98.6432,94.6348,-4.0083
78.03996878400001,98.6432,94.6502,-3.9929
78.079968768,98.6432,94.6657,-3.9774
78.119968752,98.6432,94.6811,-3.962
78.159968736,98.6432,94.6966,-3.9465
78.19996872,98.6432,94.712,-3.9311
78.239968704,98.6432,94.7275,-3.9156
78.279968688,98.6432,94.7429,-3.9002
78.319968672,98.6432,94.7583,-3.8848
78.35996865599999,98.9447,94.7738,-4.1708
78.39996864,98.9447,94.7892,-4.1555
78.439968624,98.9447,94.8046,-4.14
78.479968608,98.9447,94.82,-4.1246
78.519968592,98.9447,94.8354,-4.1092
78.559968576,98.9447,94.8508,-4.0938
78.59996856,98.9447,94.8662,-4.0784
78.639968544,98.9447,94.8817,-4.0629
78.67996852799999,98.9447,94.8971,-4.0475
78.719968512,98.9447,94.9125,-4.0321
78.759968496,98.9447,94.9279,-4.0167
78.79996847999999,98.9447,94.9433,-4.0013
78.839968464,98.9447,94.9587,-3.9859
78.879968448,98.9447,94.9741,-3.9705
78.919968432,98.9447,94.9895,-3.9551
78.95996841600001,98.9447,95.0049,-3.9397
78.9999684,98.9447,95.0203,-3.9243
79.039968384,98.9447,95.0358,-3.9088
79.079968368,98.9447,95.0512,-3.8935
79.119968352,98.9447,95.0666,-3.878
79.159968336,99.2462,95.082,-4.1641
79.19996832,99.2462,95.0974,-4.1487
79.239968304,99.2462,95.1128,-4.1333
79.279968288,99.2462,95.1282,-4.1179
79.319968272,99.2462,95.1437,-4.1024
79.359968256,99.2462,95.1591,-4.087
79.39996823999999,99.2462,95.1745,-4.0716
79.439968224,99.2462,95.1899,-4.0562
79.479968208,99.2462,95.2053,-4.0408
79.519968192,99.2462,95.2207,-4.0254
79.559968176,99.2462,95.2362,-4.0099
79.59996815999999,99.2462,95.2516,-3.9945
79.639968144,99.2462,95.267,-3.9791
79.679968128,99.2462,95.2824,-3.9637
79.71996811199999,99.2462,95.2978,-3.9483
79.759968096,99.2462,95.3132,-3.9329
79.79996808,99.2462,95.3286,-3.9176
79.83996806399999,99.2462,95.344,-3.9021
79.87996804800001,99.2462,95.3593,-3.8868
79.919968032,99.2462,95.3747,-3.8714
79.959968016,99.5477,95.3901,-4.1575
79.99996800000001,99.5477,95.4055,-4.1421
80.039967984,99.5477,95.4209,-4.1268
80.079967968,99.5477,95.4362,-4.1114
80.119967952,99.5477,95.4516,-4.096
80.159967936,99.5477,95.4671,-4.0806
80.19996792,99.5477,95.4824,-4.0652
80.239967904,99.5477,95.4978,-4.0498
80.279967888,99.5477,95.5132,-4.0344
80.31996787199999,99.5477,95.5286,-4.019
80.359967856,99.5477,95.5441,-4.0036
80.39996784,99.5477,95.5594,-3.9882
80.439967824,99.5477,95.5748,-3.9728
80.479967808,99.5477,95.5902,-3.9574
80.519967792,99.5477,95.6056,-3.942
80.559967776,99.5477,95.621,-3.9266
80.59996776,99.5477,95.6364,-3.9112
80.63996774399999,99.5477,95.6518,-3.8958
80.679967728,99.5477,95.6672,-3.8804
80.719967712,99.5477,95.6827,-3.865
80.75996769599999,99.8492,95.6981,-4.151
80.79996768,99.8492,95.7135,-4.1356
80.839967664,99.8492,95.7289,-4.1202
80.879967648,99.8492,95.7443,-4.1048
80.91996763200001,99.8492,95.7597,-4.0894
80.959967616,99.8492,95.7751,-4.074
80.9999676,99.8492,95.7905,-4.0587
81.03996758400001,99.8492,95.8059,-4.0432
81.079967568,99.8492,95.8213,-4.0278
81.119967552,99.8492,95.8367,-4.0124
81.159967536,99.8492,95.8521,-3.997
81.19996752,99.8492,95.8675,-3.9816
81.239967504,99.8492,95.8829,-3.9662
81.279967488,99.8492,95.8983,-3.9508
81.319967472,99.8492,95.9137,-3.9354
81.35996745599999,99.8492,95.9291,-3.92
81.39996744,99.8492,95.9446,-3.9046
81.439967424,99.8492,95.96,-3.8892
81.479967408,99.8492,95.9754,-3.8738
81.519967392,99.8492,95.9908,-3.8583
81.55996737599999,100.1507,96.0062,-4.1445
81.59996736,100.1507,96.0216,-4.129
81.639967344,100.1507,96.037,-4.1136
81.67996732799999,100.1507,96.0524,-4.0982
81.719967312,100.1507,96.0678,-4.0829
81.759967296,100.1507,96.0832,-4.0674
81.79996727999999,100.1507,96.0986,-4.052
81.839967264,100.1507,96.114,-4.0367
81.879967248,100.1507,96.1294,-4.0213
81.919967232,100.1507,96.1448,-4.0058
81.95996721600001,100.1507,96.1602,-3.9904
81.9999672,100.1507,96.1756,-3.975
82.039967184,100.1507,96.191,-3.9596
82.079967168,100.1507,96.2064,-3.9442
82.119967152,100.1507,96.2218,-3.9288
82.159967136,100.1507,96.2372,-3.9134
82.19996712,100.1507,96.2526,-3.898
82.239967104,100.1507,96.268,-3.8827
82.279967088,100.1507,96.2834,-3.8672
82.319967072,100.1507,96.2988,-3.8519
82.359967056,100.4522,96.3142,-4.138
82.39996703999999,100.4522,96.3295,-4.1227
82.439967024,100.4522,96.3449,-4.1073
82.479967008,100.4522,96.3603,-4.0919
82.519966992,100.4522,96.3756,-4.0766
82.559966976,100.4522,96.391,-4.0612
82.59996695999999,100.4522,96.4064,-4.0458
82.639966944,100.4522,96.4217,-4.0305
82.679966928,100.4522,96.437,-4.0152
82.71996691199999,100.4522,96.4523,-3.9999
82.759966896,100.4522,96.4676,-3.9845
82.79996687999999,100.4522,96.4829,-3.9692
82.839966864,100.4522,96.4983,-3.9538
82.87996684800001,100.4522,96.5137,-3.9384
82.919966832,100.4522,96.5291,-3.923
82.959966816,100.4522,96.5445,-3.9077
82.99996680000001,100.4522,96.5599,-3.8923
83.039966784,100.4522,96.5752,-3.8769
83.079966768,100.4522,96.5906,-3.8616
83.119966752,100.4522,96.606,-3.8462
83.159966736,100.7537,96.6213,-4.1323
83.19996672,100.7537,96.6367,-4.117
83.239966704,100.7537,96.6521,-4.1016
83.279966688,100.7537,96.6674,-4.0862
83.31996667199999,100.7537,96.6827,-4.0709
83.359966656,100.7537,96.6981,-4.0556
83.39996664,100.7537,96.7134,-4.0402
83.439966624,100.7537,96.7287,-4.0249
83.479966608,100.7537,96.7441,-4.0096
83.519966592,100.7537,96.7594,-3.9943
83.559966576,100.7537,96.7746,-3.979
83.59996656,100.7537,96.79,-3.9637
83.63996654399999,100.7537,96.8053,-3.9484
83.679966528,100.7537,96.8207,-3.933
83.719966512,100.7537,96.836,-3.9177
83.75996649599999,100.7537,96.8513,-3.9023
83.79996648,100.7537,96.8667,-3.887
83.839966464,100.7537,96.882,-3.8717
83.879966448,100.7537,96.8973,-3.8564
83.91996643200001,100.7537,96.9126,-3.8411
83.959966416,101.0552,96.9279,-4.1273
83.9999664,101.0552,96.9431,-4.112
84.039966384,101.0552,96.9585,-4.0967
84.079966368,101.0552,96.9738,-4.0813
84.119966352,101.0552,96.9891,-4.0661
84.159966336,101.0552,97.0045,-4.0507
84.19996632,101.0552,97.0198,-4.0353
84.239966304,101.0552,97.0351,-4.02
84.279966288,101.0552,97.0504,-4.0047
84.319966272,101.0552,97.0658,-3.9894
84.35996625599999,101.0552,97.0811,-3.9741
84.39996624,101.0552,97.0964,-3.9587
84.439966224,101.0552,97.1117,-3.9434
84.479966208,101.0552,97.1271,-3.9281
84.519966192,101.0552,97.1424,-3.9128
84.55996617599999,101.0552,97.1577,-3.8975
84.59996616,101.0552,97.173,-3.8821
84.639966144,101.0552,97.1884,-3.8668
84.67996612799999,101.0552,97.2037,-3.8514
84.719966112,101.0552,97.219,-3.8361
84.759966096,101.3567,97.2343,-4.1223
84.79996607999999,101.3567,97.2496,-4.107
84.83996606400001,101.3567,97.265,-4.0917
84.879966048,101.3567,97.2803,-4.0763
84.919966032,101.3567,97.2956,-4.061
84.95996601600001,101.3567,97.311,-4.0457
84.999966,101.3567,97.3263,-4.0303
85.039965984,101.3567,97.3416,-4.0151
85.079965968,101.3567,97.3569,-3.9998
85.119965952,101.3567,97.3722,-3.9845
85.159965936,101.3567,97.3875,-3.9692
85.19996592,101.3567,97.4028,-3.9538
85.239965904,101.3567,97.4182,-3.9385
85.27996588799999,101.3567,97.4335,-3.9232
85.319965872,101.3567,97.4488,-3.9078
85.359965856,101.3567,97.4642,-3.8925
85.39996584,101.3567,97.4795,-3.8772
85.439965824,101.3567,97.4948,-3.8618
85.479965808,101.3567,97.5102,-3.8465
85.519965792,101.3567,97.5255,-3.8312
85.559965776,101.6582,97.5408,-4.1173
85.59996575999999,101.6582,97.5562,-4.102
85.639965744,101.6582,97.5715,-4.0867
85.679965728,101.6582,97.5868,-4.0714
85.71996571199999,101.6582,97.6022,-4.056
85.759965696,101.6582,97.6175,-4.0407
85.79996568,101.6582,97.6329,-4.0253
85.839965664,101.6582,97.6482,-4.0099
85.87996564800001,101.6582,97.6637,-3.9945
85.919965632,101.6582,97.679,-3.9792
85.959965616,101.6582,97.6944,-3.9638
85.99996560000001,101.6582,97.7097,-3.9484
86.039965584,101.6582,97.7251,-3.9331
86.079965568,101.6582,97.7405,-3.9177
86.119965552,101.6582,97.7557,-3.9024
86.159965536,101.6582,97.7711,-3.8871
86.19996552,101.6582,97.7864,-3.8718
86.239965504,101.6582,97.8017,-3.8565
86.279965488,101.6582,97.8171,-3.8411
86.31996547199999,101.6582,97.8325,-3.8257
86.359965456,101.9597,97.8478,-4.1119
86.39996544,101.9597,97.8632,-4.0965
86.439965424,101.9597,97.8785,-4.0812
86.479965408,101.9597,97.8938,-4.0659
86.51996539199999,101.9597,97.9092,-4.0505
86.559965376,101.9597,97.9244,-4.0352
86.59996536,101.9597,97.9398,-4.0199
86.63996534399999,101.9597,97.9551,-4.0046
86.679965328,101.9597,97.9705,-3.9892
86.719965312,101.9597,97.9859,-3.9738
86.75996529599999,101.9597,98.0012,-3.9585
86.79996528000001,101.9597,98.0166,-3.9431
86.839965264,101.9597,98.0319,-3.9278
86.879965248,101.9597,98.0472,-3.9125
86.91996523200001,101.9597,98.0625,-3.8972
86.959965216,101.9597,98.0778,-3.8819
86.9999652,101.9597,98.0931,-3.8666
87.039965184,101.9597,98.1084,-3.8513
87.079965168,101.9597,98.1237,-3.836
87.119965152,101.9597,98.139,-3.8207
87.159965136,102.2612,98.1543,-4.1069
87.19996512,102.2612,98.1696,-4.0916
87.239965104,102.2612,98.1849,-4.0763
87.279965088,102.2612,98.2002,-4.061
87.319965072,102.2612,98.2155,-4.0457
87.359965056,102.2612,98.2308,-4.0304
87.39996504,102.2612,98.2461,-4.0151
87.439965024,102.2612,98.2614,-3.9998
87.479965008,102.2612,98.2767,-3.9845
87.519964992,102.2612,98.292,-3.9692
87.55996497599999,102.2612,98.3072,-3.954
87.59996496,102.2612,98.3225,-3.9387
87.639964944,102.2612,98.3377,-3.9234
87.67996492799999,102.2612,98.3531,-3.9081
87.719964912,102.2612,98.3683,-3.8929
87.75996489599999,102.2612,98.3836,-3.8776
87.79996488,102.2612,98.3988,-3.8624
87.83996486400001,102.2612,98.414,-3.8472
87.879964848,102.2612,98.4292,-3.8319
87.919964832,102.2612,98.4445,-3.8167
87.95996481600001,102.5627,98.4598,-4.1029
87.9999648,102.5627,98.4751,-4.0876
88.039964784,102.5627,98.4904,-4.0723
88.079964768,102.5627,98.5057,-4.057
88.119964752,102.5627,98.5209,-4.0418
88.159964736,102.5627,98.5362,-4.0265
88.19996472,102.5627,98.5514,-4.0113
88.239964704,102.5627,98.5667,-3.996
88.27996468799999,102.5627,98.582,-3.9807
88.319964672,102.5627,98.5972,-3.9655
88.359964656,102.5627,98.6124,-3.9503
88.39996464,102.5627,98.6277,-3.935
88.439964624,102.5627,98.6429,-3.9198
88.47996460799999,102.5627,98.6581,-3.9046
88.519964592,102.5627,98.6734,-3.8893
88.559964576,102.5627,98.6886,-3.8741
88.59996455999999,102.5627,98.7039,-3.8588
88.639964544,102.5627,98.7191,-3.8436
88.679964528,102.5627,98.7343,-3.8284
88.71996451199999,102.5627,98.7496,-3.8131
88.759964496,102.8643,98.7648,-4.0994
88.79996448,102.8643,98.7801,-4.0841
88.839964464,102.8643,98.7953,-4.0689
88.87996444800001,102.8643,98.8105,-4.0537
88.919964432,102.8643,98.8258,-4.0384
88.959964416,102.8643,98.841,-4.0232
88.9999644,102.8643,98.8562,-4.008
89.039964384,102.8643,98.8714,-3.9928
89.079964368,102.8643,98.8866,-3.9776
89.119964352,102.8643,98.9019,-3.9623
89.159964336,102.8643,98.9171,-3.9471
89.19996432,102.8643,98.9323,-3.9319
89.239964304,102.8643,98.9475,-3.9167
89.279964288,102.8643,98.9627,-3.9015
89.31996427199999,102.8643,98.978,-3.8862
89.359964256,102.8643,98.9932,-3.871
89.39996424,102.8643,99.0085,-3.8557
89.439964224,102.8643,99.0237,-3.8405
89.479964208,102.8643,99.0389,-3.8253
89.51996419199999,102.8643,99.0541,-3.8101
89.559964176,103.1658,99.0693,-4.0964
89.59996416,103.1658,99.0845,-4.0812
89.63996414399999,103.1658,99.0997,-4.066
89.679964128,103.1658,99.1149,-4.0508
89.71996411199999,103.1658,99.1301,-4.0356
89.75996409599999,103.1658,99.1453,-4.0204
89.79996408000001,103.1658,99.1606,-4.0051
89.839964064,103.1658,99.1758,-3.9899
89.879964048,103.1658,99.191,-3.9748
89.91996403200001,103.1658,99.2061,-3.9596
89.959964016,103.1658,99.2213,-3.9444
89.999964,103.1658,99.2365,-3.9292
90.039963984,103.1658,99.2518,-3.9139
90.079963968,103.1658,99.267,-3.8987
90.119963952,103.1658,99.2822,-3.8835
90.159963936,103.1658,99.2975,-3.8683
90.19996392,103.1658,99.3126,-3.8531
90.23996390399999,103.1658,99.3279,-3.8378
90.279963888,103.1658,99.343,-3.8227
90.319963872,103.1658,99.3583,-3.8075
90.359963856,103.4673,99.3735,-4.0937
90.39996384,103.4673,99.3887,-4.0785
90.439963824,103.4673,99.4039,-4.0633
90.479963808,103.4673,99.4191,-4.0482
90.519963792,103.4673,99.4343,-4.033
90.55996377599999,103.4673,99.4494,-4.0178
90.59996376,103.4673,99.4646,-4.0026
90.639963744,103.4673,99.4798,-3.9874
90.67996372799999,103.4673,99.495,-3.9722
90.719963712,103.4673,99.5102,-3.957
90.759963696,103.4673,99.5254,-3.9418
90.79996368,103.4673,99.5406,-3.9266
90.83996366400001,103.4673,99.5558,-3.9114
90.879963648,103.4673,99.571,-3.8962
90.919963632,103.4673,99.5862,-3.881
90.959963616,103.4673,99.6014,-3.8658
90.9999636,103.4673,99.6166,-3.8506
91.039963584,103.4673,99.6318,-3.8354
91.079963568,103.4673,99.647,-3.8203
91.119963552,103.4673,99.6622,-3.8051
91.159963536,103.7688,99.6773,-4.0914
91.19996352,103.7688,99.6925,-4.0763
91.239963504,103.7688,99.7076,-4.0611
91.27996348799999,103.7688,99.7228,-4.046
91.319963472,103.7688,99.7379,-4.0308
91.359963456,103.7688,99.7531,-4.0157
91.39996344,103.7688,99.7683,-4.0005
91.439963424,103.7688,99.7835,-3.9852
91.47996340799999,103.7688,99.7987,-3.9701
91.519963392,103.7688,99.8139,-3.9549
91.559963376,103.7688,99.8291,-3.9397
91.59996335999999,103.7688,99.8442,-3.9245
91.639963344,103.7688,99.8594,-3.9093
91.679963328,103.7688,99.8746,-3.8942
91.71996331199999,103.7688,99.8898,-3.879
91.759963296,103.7688,99.9049,-3.8638
91.79996328,103.7688,99.9201,-3.8486
91.839963264,103.7688,99.9352,-3.8335
91.87996324800001,103.7688,99.9504,-3.8183
91.919963232,103.7688,99.9655,-3.8032
91.959963216,104.0703,99.9807,-4.0896
91.9999632,104.0703,99.9958,-4.0744
92.039963184,104.0703,100.0109,-4.0593
92.079963168,104.0703,100.026,-4.0442
92.119963152,104.0703,100.0412,-4.029
92.159963136,104.0703,100.0564,-4.0139
92.19996311999999,104.0703,100.0715,-3.9988
92.239963104,104.0703,100.0867,-3.9835
92.279963088,104.0703,100.1018,-3.9684
92.319963072,104.0703,100.117,-3.9533
92.359963056,104.0703,100.1321,-3.9381
92.39996304,104.0703,100.1472,-3.923
92.439963024,104.0703,100.1624,-3.9079
92.479963008,104.0703,100.1775,-3.8927
92.51996299199999,104.0703,100.1926,-3.8776
92.559962976,104.0703,100.2078,-3.8625
92.59996296,104.0703,100.2229,-3.8474
92.63996294399999,104.0703,100.238,-3.8322
92.679962928,104.0703,100.2531,-3.8171
92.71996291199999,104.0703,100.2683,-3.802
92.759962896,104.3718,100.2834,-4.0883
92.79996288000001,104.3718,100.2985,-4.0732
92.839962864,104.3718,100.3137,-4.058
92.879962848,104.3718,100.3288,-4.0429
92.91996283200001,104.3718,100.344,-4.0278
92.959962816,104.3718,100.3591,-4.0126
92.9999628,104.3718,100.3742,-3.9975
93.039962784,104.3718,100.3893,-3.9824
93.079962768,104.3718,100.4044,-3.9674
93.119962752,104.3718,100.4195,-3.9523
93.159962736,104.3718,100.4346,-3.9371
93.19996272,104.3718,100.4497,-3.9221
93.23996270399999,104.3718,100.4648,-3.907
93.279962688,104.3718,100.4799,-3.8919
93.319962672,104.3718,100.495,-3.8767
93.359962656,104.3718,100.5101,-3.8616
93.39996264,104.3718,100.5252,-3.8465
93.43996262399999,104.3718,100.5404,-3.8314
93.479962608,104.3718,100.5555,-3.8162
93.519962592,104.3718,100.5706,-3.8011
93.55996257599999,104.6733,100.5857,-4.0875
93.59996256,104.6733,100.6008,-4.0724
93.639962544,104.6733,100.616,-4.0573
93.67996252799999,104.6733,100.6311,-4.0422
93.719962512,104.6733,100.6462,-4.027
93.759962496,104.6733,100.6613,-4.012
93.79996248,104.6733,100.6764,-3.9969
93.83996246400001,104.6733,100.6915,-3.9818
93.879962448,104.6733,100.7066,-3.9667
93.919962432,104.6733,100.7217,-3.9516
93.959962416,104.6733,100.7368,-3.9365
93.9999624,104.6733,100.7518,-3.9214
94.039962384,104.6733,100.7669,-3.9063
94.079962368,104.6733,100.782,-3.8912
94.119962352,104.6733,100.7971,-3.8762
94.159962336,104.6733,100.8122,-3.861
94.19996232,104.6733,100.8273,-3.8459
94.239962304,104.6733,100.8424,-3.8309
94.279962288,104.6733,100.8575,-3.8157
94.319962272,104.6733,100.8726,-3.8006
94.359962256,104.9748,100.8877,-4.087
94.39996224,104.9748,100.9028,-4.0719
94.439962224,104.9748,100.9179,-4.0568
94.47996220799999,104.9748,100.933,-4.0417
94.519962192,104.9748,100.9481,-4.0267
94.559962176,104.9748,100.9632,-4.0116
94.59996215999999,104.9748,100.9783,-3.9965
94.639962144,104.9748,100.9933,-3.9814
94.67996212799999,104.9748,101.0084,-3.9664
94.71996211199999,104.9748,101.0235,-3.9513
94.75996209600001,104.9748,101.0386,-3.9362
94.79996208,104.9748,101.0536,-3.9211
94.839962064,104.9748,101.0687,-3.9061
94.87996204800001,104.9748,101.0838,-3.891
94.919962032,104.9748,101.0988,-3.876
94.959962016,104.9748,101.1138,-3.8609
94.999962,104.9748,101.1289,-3.8459
95.039961984,104.9748,101.1439,-3.8309
95.079961968,104.9748,101.159,-3.8158
95.119961952,104.9748,101.174,-3.8008
95.159961936,105.2763,101.1891,-4.0872
95.19996191999999,105.2763,101.2042,-4.0721
95.239961904,105.2763,101.2192,-4.0571
95.279961888,105.2763,101.2343,-4.042
95.319961872,105.2763,101.2493,-4.027
95.359961856,105.2763,101.2643,-4.0119
95.39996184,105.2763,101.2794,-3.9969
95.439961824,105.2763,101.2944,-3.9818
95.479961808,105.2763,101.3095,-3.9668
95.51996179199999,105.2763,101.3246,-3.9517
95.559961776,105.2763,101.3396,-3.9367
95.59996176,105.2763,101.3546,-3.9216
95.63996174399999,105.2763,101.3697,-3.9066
95.679961728,105.2763,101.3847,-3.8915
95.719961712,105.2763,101.3998,-3.8764
95.759961696,105.2763,101.4149,-3.8614
95.79996168000001,105.2763,101.4299,-3.8463
95.839961664,105.2763,101.445,-3.8312
95.879961648,105.2763,101.4601,-3.8162
95.919961632,105.2763,101.4751,-3.8012
95.959961616,105.5778,101.4901,-4.0876
95.9999616,105.5778,101.5052,-4.0726
96.039961584,105.5778,101.5202,-4.0576
96.079961568,105.5778,101.5353,-4.0425
96.119961552,105.5778,101.5503,-4.0275
96.159961536,105.5778,101.5654,-4.0124
96.19996152,105.5778,101.5805,-3.9973
96.239961504,105.5778,101.5956,-3.9822
96.279961488,105.5778,101.6107,-3.9671
96.319961472,105.5778,101.6258,-3.952
96.359961456,105.5778,101.6408,-3.937
96.39996144,105.5778,101.6559,-3.9219
96.43996142399999,105.5778,101.6709,-3.9069
96.479961408,105.5778,101.686,-3.8918
96.519961392,105.5778,101.701,-3.8768
96.55996137599999,105.5778,101.7161,-3.8617
96.59996136,105.5778,101.7311,-3.8467
96.639961344,105.5778,101.7462,-3.8316
96.67996132799999,105.5778,101.7612,-3.8166
96.71996131200001,105.5778,101.7762,-3.8015
96.759961296,105.8793,101.7913,-4.088
96.79996128,105.8793,101.8063,-4.073
96.83996126400001,105.8793,101.8214,-4.0579
96.879961248,105.8793,101.8365,-4.0428
96.919961232,105.8793,101.8515,-4.0278
96.959961216,105.8793,101.8666,-4.0127
96.9999612,105.8793,101.8816,-3.9977
97.039961184,105.8793,101.8967,-3.9826
97.079961168,105.8793,101.9117,-3.9675
97.119961152,105.8793,101.9268,-3.9525
97.15996113599999,105.8793,101.9419,-3.9374
97.19996112,105.8793,101.957,-3.9223
97.239961104,105.8793,101.972,-3.9072
97.279961088,105.8793,101.9871,-3.8922
97.319961072,105.8793,102.0022,-3.8771
97.359961056,105.8793,102.0173,-3.862
97.39996104,105.8793,102.0323,-3.847
97.439961024,105.8793,102.0474,-3.8319
97.47996100799999,105.8793,102.0624,-3.8169
97.519960992,105.8793,102.0774,-3.8019
97.559960976,106.1808,102.0925,-4.0883
97.59996095999999,106.1808,102.1075,-4.0733
97.639960944,106.1808,102.1226,-4.0582
97.67996092799999,106.1808,102.1377,-4.0431
97.719960912,106.1808,102.1527,-4.028
97.75996089600001,106.1808,102.1678,-4.013
97.79996088,106.1808,102.1829,-3.9979
97.839960864,106.1808,102.1979,-3.9829
97.87996084800001,106.1808,102.213,-3.9678
97.919960832,106.1808,102.228,-3.9528
97.959960816,106.1808,102.2431,-3.9377
97.9999608,106.1808,102.2582,-3.9226
98.039960784,106.1808,102.2732,-3.9075
98.079960768,106.1808,102.2884,-3.8924
98.119960752,106.1808,102.3034,-3.8773
98.159960736,106.1808,102.3186,-3.8622
98.19996071999999,106.1808,102.3336,-3.8472
98.239960704,106.1808,102.3487,-3.8321
98.279960688,106.1808,102.3639,-3.8169
98.319960672,106.1808,102.3789,-3.8019
98.359960656,106.4823,102.394,-4.0883
98.39996063999999,106.4823,102.4091,-4.0732
98.439960624,106.4823,102.4241,-4.0582
98.479960608,106.4823,102.4393,-4.043
98.51996059199999,106.4823,102.4543,-4.028
98.559960576,106.4823,102.4694,-4.0129
98.59996056,106.4823,102.4845,-3.9978
98.63996054399999,106.4823,102.4996,-3.9827
98.679960528,106.4823,102.5147,-3.9676
98.719960512,106.4823,102.5297,-3.9526
98.759960496,106.4823,102.5448,-3.9375
98.79996048000001,106.4823,102.5598,-3.9225
98.839960464,106.4823,102.5749,-3.9074
98.879960448,106.4823,102.59,-3.8923
98.919960432,106.4823,102.6051,-3.8772
98.959960416,106.4823,102.6201,-3.8622
98.9999604,106.4823,102.6352,-3.8471
99.039960384,106.4823,102.6502,-3.8321
99.079960368,106.4823,102.6653,-3.817
99.119960352,106.4823,102.6803,-3.802
99.159960336,106.7839,102.6954,-4.0884
99.19996032,106.7839,102.7105,-4.0733
99.239960304,106.7839,102.7256,-4.0582
99.279960288,106.7839,102.7407,-4.0431
99.319960272,106.7839,102.7557,-4.0281
99.359960256,106.7839,102.7708,-4.013
99.39996024,106.7839,102.7858,-3.998
99.43996022399999,106.7839,102.8008,-3.983
99.479960208,106.7839,102.816,-3.9678
99.519960192,106.7839,102.831,-3.9528
99.55996017599999,106.7839,102.8461,-3.9377
99.59996016,106.7839,102.8612,-3.9226
99.63996014399999,106.7839,102.8762,-3.9076
99.67996012799999,106.7839,102.8913,-3.8925
99.71996011200001,106.7839,102.9063,-3.8775
99.759960096,106.7839,102.9214,-3.8624
99.79996008,106.7839,102.9365,-3.8473
99.83996006400001,106.7839,102.9515,-3.8323
99.879960048,106.7839,102.9666,-3.8172
99.919960032,106.7839,102.9816,-3.8022
99.959960016,107.0854,102.9967,-4.0886
99.99996,107.0854,103.0118,-4.0735
100.039959984,107.0854,103.0269,-4.0584
100.079959968,107.0854,103.042,-4.0433
100.119959952,107.0854,103.0571,-4.0282
100.15995993599999,107.0854,103.0722,-4.0131
100.19995992,107.0854,103.0873,-3.998
100.239959904,107.0854,103.1024,-3.983
100.279959888,107.0854,103.1175,-3.9679
100.319959872,107.0854,103.1325,-3.9528
100.35995985599999,107.0854,103.1476,-3.9377
100.39995984,107.0854,103.1627,-3.9226
100.439959824,107.0854,103.1778,-3.9076
100.47995980799999,107.0854,103.1928,-3.8925
100.519959792,107.0854,103.2079,-3.8774
100.559959776,107.0854,103.223,-3.8623
100.59995975999999,107.0854,103.2381,-3.8472
100.639959744,107.0854,103.2532,-3.8321
100.679959728,107.0854,103.2683,-3.8171
100.719959712,107.0854,103.2834,-3.802
100.75995969600001,107.3869,103.2984,-4.0884
100.79995968,107.3869,103.3136,-4.0733
100.839959664,107.3869,103.3286,-4.0582
100.879959648,107.3869,103.3438,-4.0431
100.919959632,107.3869,103.3588,-4.028
100.959959616,107.3869,103.374,-4.0128
100.9999596,107.3869,103.3891,-3.9977
101.039959584,107.3869,103.4042,-3.9826
101.079959568,107.3869,103.4192,-3.9676
101.119959552,107.3869,103.4343,-3.9525
101.159959536,107.3869,103.4494,-3.9374
101.19995952,107.3869,103.4645,-3.9223
101.239959504,107.3869,103.4796,-3.9072
101.279959488,107.3869,103.4947,-3.8922
101.319959472,107.3869,103.5098,-3.877
101.359959456,107.3869,103.5249,-3.862
101.39995943999999,107.3869,103.54,-3.8469
101.439959424,107.3869,103.555,-3.8318
101.479959408,107.3869,103.5701,-3.8168
101.51995939199999,107.3869,103.5852,-3.8016
101.559959376,107.6884,103.6002,-4.0881
101.59995935999999,107.6884,103.6153,-4.073
101.63995934399999,107.6884,103.6304,-4.0579
101.679959328,107.6884,103.6455,-4.0428
101.719959312,107.6884,103.6606,-4.0277
101.759959296,107.6884,103.6757,-4.0126
101.79995928000001,107.6884,103.6908,-3.9975
101.839959264,107.6884,103.7059,-3.9825
101.879959248,107.6884,103.721,-3.9674
101.919959232,107.6884,103.7361,-3.9522
101.959959216,107.6884,103.7511,-3.9372
101.9999592,107.6884,103.7663,-3.922
102.039959184,107.6884,103.7814,-3.907
102.079959168,107.6884,103.7964,-3.8919
102.11995915199999,107.6884,103.8115,-3.8769
102.159959136,107.6884,103.8266,-3.8618
102.19995912,107.6884,103.8417,-3.8466
102.239959104,107.6884,103.8568,-3.8315
102.279959088,107.6884,103.8719,-3.8164
102.319959072,107.6884,103.887,-3.8013
102.359959056,107.9899,103.902,-4.0878
102.39995904,107.9899,103.9171,-4.0727
102.43995902399999,107.9899,103.9322,-4.0576
102.479959008,107.9899,103.9472,-4.0426
102.519958992,107.9899,103.9623,-4.0275
102.55995897599999,107.9899,103.9773,-4.0125
102.59995896,107.9899,103.9924,-3.9975
102.63995894399999,107.9899,104.0074,-3.9824
102.679958928,107.9899,104.0224,-3.9674
102.71995891200001,107.9899,104.0375,-3.9523
102.759958896,107.9899,104.0525,-3.9373
102.79995888,107.9899,104.0676,-3.9222
102.839958864,107.9899,104.0827,-3.9071
102.879958848,107.9899,104.0978,-3.892
102.919958832,107.9899,104.1129,-3.8769
102.959958816,107.9899,104.1279,-3.8619
102.9999588,107.9899,104.143,-3.8468
103.039958784,107.9899,104.1581,-3.8317
103.079958768,107.9899,104.1732,-3.8167
103.119958752,107.9899,104.1882,-3.8016
103.159958736,108.2914,104.2032,-4.0881
103.19995872,108.2914,104.2183,-4.073
103.239958704,108.2914,104.2334,-4.058
103.279958688,108.2914,104.2484,-4.0429
103.319958672,108.2914,104.2635,-4.0278
103.35995865599999,108.2914,104.2785,-4.0128
103.39995864,108.2914,104.2936,-3.9977
103.439958624,108.2914,104.3087,-3.9826
103.47995860799999,108.2914,104.3237,-3.9676
103.519958592,108.2914,104.3388,-3.9526
103.559958576,108.2914,104.3538,-3.9375
103.59995855999999,108.2914,104.3689,-3.9224
103.639958544,108.2914,104.384,-3.9074
103.679958528,108.2914,104.399,-3.8923
103.719958512,108.2914,104.4142,-3.8772
103.75995849600001,108.2914,104.4292,-3.8621
103.79995848,108.2914,104.4443,-3.847
103.839958464,108.2914,104.4595,-3.8319
103.879958448,108.2914,104.4746,-3.8168
103.919958432,108.2914,104.4897,-3.8017
103.959958416,108.5929,104.5047,-4.0881
103.9999584,108.5929,104.5197,-4.0731
104.039958384,108.5929,104.5348,-4.058
104.07995836799999,108.5929,104.5499,-4.043
104.119958352,108.5929,104.565,-4.0279
104.159958336,108.5929,104.58,-4.0128
104.19995832,108.5929,104.5951,-3.9977
104.239958304,108.5929,104.6102,-3.9826
104.279958288,108.5929,104.6253,-3.9676
104.319958272,108.5929,104.6404,-3.9525
104.359958256,108.5929,104.6555,-3.9374
104.39995823999999,108.5929,104.6706,-3.9223
104.439958224,108.5929,104.6857,-3.9072
104.479958208,108.5929,104.7007,-3.8921
104.51995819199999,108.5929,104.7158,-3.877
104.559958176,108.5929,104.7309,-3.8619
104.59995815999999,108.5929,104.746,-3.8469
104.63995814399999,108.5929,104.7611,-3.8318
104.67995812800001,108.5929,104.7762,-3.8167
104.719958112,108.5929,104.7913,-3.8016
104.759958096,108.8944,104.8064,-4.088
104.79995808000001,108.8944,104.8215,-4.0729
104.839958064,108.8944,104.8366,-4.0577
104.879958048,108.8944,104.8517,-4.0427
104.919958032,108.8944,104.8668,-4.0276
104.959958016,108.8944,104.8819,-4.0124
104.999958,108.8944,104.897,-3.9974
105.039957984,108.8944,104.9121,-3.9822
105.079957968,108.8944,104.9272,-3.9672
105.119957952,108.8944,104.9423,-3.9521
105.159957936,108.8944,104.9575,-3.9369
105.19995792,108.8944,104.9726,-3.9218
105.239957904,108.8944,104.9877,-3.9066
105.279957888,108.8944,105.0028,-3.8915
105.31995787199999,108.8944,105.018,-3.8763
105.359957856,108.8944,105.0331,-3.8612
105.39995784,108.8944,105.0482,-3.8461
105.43995782399999,108.8944,105.0634,-3.831
105.479957808,108.8944,105.0785,-3.8159
105.519957792,108.8944,105.0936,-3.8008
105.55995777599999,109.1959,105.1087,-4.0871
105.59995776,109.1959,105.1238,-4.072
105.639957744,109.1959,105.139,-4.0569
105.679957728,109.1959,105.1542,-4.0417
105.71995771200001,109.1959,105.1693,-4.0265
105.759957696,109.1959,105.1846,-4.0113
105.79995768,109.1959,105.1997,-3.9961
105.839957664,109.1959,105.2149,-3.9809
105.879957648,109.1959,105.2301,-3.9657
105.919957632,109.1959,105.2453,-3.9506
105.959957616,109.1959,105.2605,-3.9354
105.9999576,109.1959,105.2756,-3.9202
106.039957584,109.1959,105.2908,-3.9051
106.079957568,109.1959,105.306,-3.8899
106.119957552,109.1959,105.3211,-3.8748
106.159957536,109.1959,105.3363,-3.8595
106.19995752,109.1959,105.3514,-3.8444
106.239957504,109.1959,105.3666,-3.8293
106.279957488,109.1959,105.3818,-3.8141
106.319957472,109.1959,105.3969,-3.799
106.35995745599999,109.4974,105.4121,-4.0852
106.39995744,109.4974,105.4273,-4.0701
106.439957424,109.4974,105.4424,-4.055
106.47995740799999,109.4974,105.4575,-4.0398
106.519957392,109.4974,105.4727,-4.0247
106.55995737599999,109.4974,105.4879,-4.0095
106.59995735999999,109.4974,105.503,-3.9944
106.63995734400001,109.4974,105.5182,-3.9792
106.679957328,109.4974,105.5333,-3.964
106.719957312,109.4974,105.5485,-3.9489
106.75995729600001,109.4974,105.5636,-3.9338
106.79995728,109.4974,105.5787,-3.9186
106.839957264,109.4974,105.5939,-3.9035
106.879957248,109.4974,105.609,-3.8883
106.919957232,109.4974,105.6241,-3.8733
106.959957216,109.4974,105.6392,-3.8581
106.9999572,109.4974,105.6543,-3.843
107.039957184,109.4974,105.6695,-3.8279
107.07995716799999,109.4974,105.6847,-3.8127
107.119957152,109.4974,105.6998,-3.7976
107.159957136,109.7989,105.7149,-4.084
107.19995712,109.7989,105.73,-4.0688
107.239957104,109.7989,105.7452,-4.0537
107.279957088,109.7989,105.7603,-4.0386
107.319957072,109.7989,105.7754,-4.0234
107.359957056,109.7989,105.7906,-4.0083
107.39995703999999,109.7989,105.8056,-3.9932
107.439957024,109.7989,105.8208,-3.9781
107.479957008,109.7989,105.836,-3.9629
107.51995699199999,109.7989,105.851,-3.9478
107.559956976,109.7989,105.8662,-3.9327
107.59995695999999,109.7989,105.8813,-3.9176
107.639956944,109.7989,105.8964,-3.9025
107.67995692800001,109.7989,105.9116,-3.8873
107.719956912,109.7989,105.9267,-3.8722
107.759956896,109.7989,105.9418,-3.8571
107.79995688,109.7989,105.9569,-3.842
107.839956864,109.7989,105.9721,-3.8268
107.879956848,109.7989,105.9872,-3.8117
107.919956832,109.7989,106.0023,-3.7966
107.959956816,110.1004,106.0175,-4.0829
107.9999568,110.1004,106.0326,-4.0678
108.039956784,110.1004,106.0477,-4.0527
108.079956768,110.1004,106.0629,-4.0375
108.119956752,110.1004,106.078,-4.0224
108.159956736,110.1004,106.0931,-4.0073
108.19995672,110.1004,106.1082,-3.9922
108.239956704,110.1004,106.1233,-3.9771
108.279956688,110.1004,106.1385,-3.9619
108.31995667199999,110.1004,106.1536,-3.9468
108.359956656,110.1004,106.1687,-3.9317
108.39995664,110.1004,106.1838,-3.9166
108.43995662399999,110.1004,106.1989,-3.9015
108.479956608,110.1004,106.214,-3.8863
108.519956592,110.1004,106.2291,-3.8712
108.55995657599999,110.1004,106.2443,-3.8561
108.59995656,110.1004,106.2595,-3.8409
108.639956544,110.1004,106.2746,-3.8258
108.679956528,110.1004,106.2897,-3.8106
108.71995651200001,110.1004,106.3048,-3.7955
108.759956496,110.402,106.32,-4.0819
108.79995648,110.402,106.3351,-4.0668
108.839956464,110.402,106.3502,-4.0516
108.879956448,110.402,106.3654,-4.0365
108.919956432,110.402,106.3805,-4.0214
108.959956416,110.402,106.3956,-4.0063
108.9999564,110.402,106.4107,-3.9912
109.03995638399999,110.402,106.4258,-3.9761
109.079956368,110.402,106.4409,-3.961
109.119956352,110.402,106.4561,-3.9458
109.159956336,110.402,106.4712,-3.9307
109.19995632,110.402,106.4863,-3.9156
109.239956304,110.402,106.5014,-3.9004
109.279956288,110.402,106.5166,-3.8853
109.319956272,110.402,106.5317,-3.8702
109.35995625599999,110.402,106.5468,-3.8551
109.39995624,110.402,106.562,-3.8399
109.439956224,110.402,106.5771,-3.8248
109.47995620799999,110.402,106.5923,-3.8096
109.519956192,110.402,106.6074,-3.7945
109.55995617599999,110.7034,106.6225,-4.0809
109.59995615999999,110.7034,106.6376,-4.0658
109.63995614400001,110.7034,106.6527,-4.0507
109.679956128,110.7034,106.6678,-4.0356
109.719956112,110.7034,106.6829,-4.0205
109.75995609600001,110.7034,106.6981,-4.0053
109.79995608,110.7034,106.7132,-3.9902
109.839956064,110.7034,106.7283,-3.9751
109.879956048,110.7034,106.7435,-3.9599
109.919956032,110.7034,106.7586,-3.9448
109.959956016,110.7034,106.7737,-3.9297
109.999956,110.7034,106.7888,-3.9146
110.039955984,110.7034,106.804,-3.8995
110.079955968,110.7034,106.8191,-3.8843
110.119955952,110.7034,106.8342,-3.8692
110.159955936,110.7034,106.8493,-3.8541
110.19995592,110.7034,106.8644,-3.839
110.239955904,110.7034,106.8795,-3.8239
110.27995588799999,110.7034,106.8946,-3.8088
110.319955872,110.7034,106.9097,-3.7937
110.359955856,111.005,106.9249,-4.08
110.39995583999999,111.005,106.9401,-4.0648
110.439955824,111.005,106.9552,-4.0497
110.479955808,111.005,106.9703,-4.0346
110.51995579199999,111.005,106.9854,-4.0195
110.559955776,111.005,107.0005,-4.0044
110.59995576,111.005,107.0157,-3.9892
110.639955744,111.005,107.0308,-3.9741
110.67995572800001,111.005,107.0459,-3.959
110.719955712,111.005,107.0611,-3.9439
110.759955696,111.005,107.0762,-3.9287
110.79995568,111.005,107.0913,-3.9136
110.839955664,111.005,107.1064,-3.8985
110.879955648,111.005,107.1216,-3.8833
110.919955632,111.005,107.1367,-3.8682
110.959955616,111.005,107.1519,-3.853
110.9999556,111.005,107.167,-3.8379
111.039955584,111.005,107.1821,-3.8228
111.079955568,111.005,107.1972,-3.8077
111.119955552,111.005,107.2124,-3.7925
111.159955536,111.3065,107.2275,-4.0789
111.19995552,111.3065,107.2426,-4.0638
111.239955504,111.3065,107.2577,-4.0487
111.279955488,111.3065,107.2728,-4.0336
111.31995547199999,111.3065,107.288,-4.0184
111.359955456,111.3065,107.3031,-4.0033
111.39995544,111.3065,107.3183,-3.9881
111.43995542399999,111.3065,107.3334,-3.973
111.479955408,111.3065,107.3485,-3.9579
111.51995539199999,111.3065,107.3636,-3.9428
111.55995537599999,111.3065,107.3787,-3.9277
111.59995536,111.3065,107.3939,-3.9125
111.639955344,111.3065,107.409,-3.8974
111.679955328,111.3065,107.4241,-3.8823
111.71995531200001,111.3065,107.4392,-3.8672
111.759955296,111.3065,107.4543,-3.8521
111.79995528,111.3065,107.4694,-3.837
111.839955264,111.3065,107.4844,-3.822
111.879955248,111.3065,107.4995,-3.8069
111.919955232,111.3065,107.5146,-3.7918
111.959955216,111.608,107.5297,-4.0782
111.9999552,111.608,107.5448,-4.0631
112.039955184,111.608,107.5599,-4.0481
112.079955168,111.608,107.575,-4.033
112.119955152,111.608,107.59,-4.0179
112.159955136,111.608,107.6051,-4.0028
112.19995512,111.608,107.6202,-3.9877
112.23995510399999,111.608,107.6353,-3.9726
112.279955088,111.608,107.6505,-3.9575
112.319955072,111.608,107.6656,-3.9424
112.35995505599999,111.608,107.6806,-3.9273
112.39995504,111.608,107.6957,-3.9123
112.439955024,111.608,107.7107,-3.8972
112.47995500799999,111.608,107.7258,-3.8821
112.519954992,111.608,107.7408,-3.8671
112.55995497599999,111.608,107.7559,-3.852
112.59995496,111.608,107.771,-3.8369
112.63995494400001,111.608,107.786,-3.8219
112.679954928,111.608,107.8011,-3.8068
112.719954912,111.608,107.8162,-3.7918
112.759954896,111.9095,107.8312,-4.0782
112.79995488,111.9095,107.8464,-4.0631
112.839954864,111.9095,107.8614,-4.048
112.879954848,111.9095,107.8765,-4.0329
112.919954832,111.9095,107.8916,-4.0178
112.959954816,111.9095,107.9067,-4.0027
112.9999548,111.9095,107.9218,-3.9876
113.039954784,111.9095,107.9369,-3.9726
113.079954768,111.9095,107.9519,-3.9575
113.119954752,111.9095,107.967,-3.9424
113.159954736,111.9095,107.9821,-3.9273
113.19995472,111.9095,107.9972,-3.9122
113.239954704,111.9095,108.0123,-3.8972
113.27995468799999,111.9095,108.0273,-3.8821
113.319954672,111.9095,108.0424,-3.867
113.359954656,111.9095,108.0575,-3.8519
113.39995463999999,111.9095,108.0726,-3.8369
113.439954624,111.9095,108.0877,-3.8218
113.47995460799999,111.9095,108.1027,-3.8067
113.51995459199999,111.9095,108.1178,-3.7916
113.559954576,112.211,108.1328,-4.0781
113.59995456,112.211,108.1479,-4.0631
113.639954544,112.211,108.163,-4.048
113.67995452800001,112.211,108.178,-4.0329
113.719954512,112.211,108.1931,-4.0178
113.759954496,112.211,108.2082,-4.0028
113.79995448,112.211,108.2233,-3.9877
113.839954464,112.211,108.2384,-3.9726
113.879954448,112.211,108.2534,-3.9575
113.919954432,112.211,108.2685,-3.9425
113.959954416,112.211,108.2835,-3.9274
113.9999544,112.211,108.2986,-3.9123
114.039954384,112.211,108.3137,-3.8973
114.079954368,112.211,108.3287,-3.8822
114.119954352,112.211,108.3439,-3.8671
114.159954336,112.211,108.3589,-3.8521
114.19995432,112.211,108.374,-3.8369
114.239954304,112.211,108.3891,-3.8218
114.279954288,112.211,108.4042,-3.8068
114.31995427199999,112.211,108.4193,-3.7917
114.359954256,112.5125,108.4343,-4.0782
114.39995424,112.5125,108.4494,-4.0631
114.43995422399999,112.5125,108.4645,-4.048
114.479954208,112.5125,108.4795,-4.0329
114.51995419199999,112.5125,108.4946,-4.0178
114.55995417599999,112.5125,108.5097,-4.0028
114.59995416000001,112.5125,108.5248,-3.9877
114.639954144,112.5125,108.5398,-3.9726
114.679954128,112.5125,108.5548,-3.9576
114.719954112,112.5125,108.57,-3.9425
114.759954096,112.5125,108.585,-3.9274
114.79995408,112.5125,108.6001,-3.9123
114.839954064,112.5125,108.6152,-3.8973
114.879954048,112.5125,108.6302,-3.8822
114.919954032,112.5125,108.6454,-3.8671
114.959954016,112.5125,108.6604,-3.852
114.999954,112.5125,108.6755,-3.8369
115.039953984,112.5125,108.6906,-3.8218
115.079953968,112.5125,108.7056,-3.8068
115.119953952,112.5125,108.7208,-3.7917
115.159953936,112.814,108.7359,-4.0781
115.19995392,112.814,108.751,-4.063
115.23995390399999,112.814,108.7661,-4.0479
115.279953888,112.814,108.7811,-4.0328
115.319953872,112.814,108.7962,-4.0177
115.35995385599999,112.814,108.8113,-4.0027
115.39995384,112.814,108.8264,-3.9876
115.439953824,112.814,108.8414,-3.9725
115.47995380799999,112.814,108.8564,-3.9575
115.519953792,112.814,108.8715,-3.9424
115.559953776,112.814,108.8866,-3.9274
115.59995376,112.814,108.9017,-3.9123
115.63995374400001,112.814,108.9168,-3.8971
115.679953728,112.814,108.9319,-3.882
115.719953712,112.814,108.947,-3.8669
115.759953696,112.814,108.9621,-3.8518
115.79995368,112.814,108.9772,-3.8367
115.839953664,112.814,108.9924,-3.8216
115.879953648,112.814,109.0074,-3.8065
115.919953632,112.814,109.0226,-3.7914
115.95995361599999,113.1155,109.0377,-4.0778
115.9999536,113.1155,109.0528,-4.0627
116.039953584,113.1155,109.0679,-4.0476
116.079953568,113.1155,109.083,-4.0325
116.119953552,113.1155,109.0981,-4.0173
116.159953536,113.1155,109.1132,-4.0023
116.19995352,113.1155,109.1283,-3.9871
116.239953504,113.1155,109.1435,-3.972
116.27995348799999,113.1155,109.1586,-3.9569
116.319953472,113.1155,109.1737,-3.9418
116.359953456,113.1155,109.1888,-3.9267
116.39995343999999,113.1155,109.2039,-3.9116
116.439953424,113.1155,109.219,-3.8964
116.47995340799999,113.1155,109.2342,-3.8813
116.51995339199999,113.1155,109.2493,-3.8662
116.55995337600001,113.1155,109.2644,-3.8511
116.59995336,113.1155,109.2796,-3.8359
116.639953344,113.1155,109.2947,-3.8207
116.67995332800001,113.1155,109.3098,-3.8056
116.719953312,113.1155,109.325,-3.7905
116.759953296,113.417,109.3402,-4.0768
116.79995328,113.417,109.3553,-4.0617
116.839953264,113.417,109.3704,-4.0466
116.879953248,113.417,109.3856,-4.0314
116.919953232,113.417,109.4007,-4.0163
116.959953216,113.417,109.4158,-4.0012
116.9999532,113.417,109.4309,-3.9861
117.039953184,113.417,109.4461,-3.9709
117.079953168,113.417,109.4612,-3.9558
117.119953152,113.417,109.4763,-3.9406
117.159953136,113.417,109.4915,-3.9255
117.19995311999999,113.417,109.5066,-3.9104
117.239953104,113.417,109.5217,-3.8953
117.279953088,113.417,109.5368,-3.8801
117.31995307199999,113.417,109.5519,-3.865
117.359953056,113.417,109.567,-3.8499
117.39995304,113.417,109.5821,-3.8349
117.43995302399999,113.417,109.5973,-3.8197
117.479953008,113.417,109.6124,-3.8046
117.51995299199999,113.417,109.6275,-3.7895
117.559952976,113.7185,109.6426,-4.0759
117.59995296000001,113.7185,109.6577,-4.0607
117.639952944,113.7185,109.6728,-4.0456
117.679952928,113.7185,109.688,-4.0305
117.719952912,113.7185,109.7031,-4.0154
117.759952896,113.7185,109.7182,-4.0003
117.79995288,113.7185,109.7333,-3.9851
117.839952864,113.7185,109.7485,-3.97
117.879952848,113.7185,109.7636,-3.9548
117.919952832,113.7185,109.7787,-3.9397
117.959952816,113.7185,109.7939,-3.9245
117.9999528,113.7185,109.8091,-3.9094
118.039952784,113.7185,109.8242,-3.8943
118.079952768,113.7185,109.8393,-3.8792
118.119952752,113.7185,109.8544,-3.8641
118.159952736,113.7185,109.8695,-3.849
118.19995272,113.7185,109.8846,-3.8339
118.23995270399999,113.7185,109.8997,-3.8187
118.279952688,113.7185,109.9149,-3.8036
118.319952672,113.7185,109.93,-3.7884
118.35995265599999,114.02,109.9452,-4.0748
118.39995264,114.02,109.9603,-4.0597
118.43995262399999,114.02,109.9755,-4.0445
118.47995260799999,114.02,109.9906,-4.0293
118.519952592,114.02,110.0058,-4.0142
118.559952576,114.02,110.021,-3.999
118.59995256,114.02,110.0361,-3.9839
118.63995254400001,114.02,110.0513,-3.9687
118.679952528,114.02,110.0665,-3.9535
118.719952512,114.02,110.0816,-3.9384
118.759952496,114.02,110.0968,-3.9232
118.79995248,114.02,110.112,-3.908
118.839952464,114.02,110.1271,-3.8929
118.879952448,114.02,110.1423,-3.8777
118.919952432,114.02,110.1574,-3.8626
118.959952416,114.02,110.1726,-3.8474
118.9999524,114.02,110.1877,-3.8323
119.039952384,114.02,110.2028,-3.8172
119.079952368,114.02,110.218,-3.802
119.119952352,114.02,110.2331,-3.7868
119.159952336,114.3215,110.2483,-4.0732
119.19995232,114.3215,110.2634,-4.0581
119.239952304,114.3215,110.2785,-4.0429
119.27995228799999,114.3215,110.2937,-4.0278
119.319952272,114.3215,110.3089,-4.0126
119.359952256,114.3215,110.3241,-3.9974
119.39995223999999,114.3215,110.3392,-3.9823
119.439952224,114.3215,110.3543,-3.9672
119.47995220799999,114.3215,110.3695,-3.952
119.51995219199999,114.3215,110.3846,-3.9368
119.55995217600001,114.3215,110.3998,-3.9217
119.59995216,114.3215,110.4149,-3.9066
119.639952144,114.3215,110.4301,-3.8914
119.679952128,114.3215,110.4453,-3.8762
119.719952112,114.3215,110.4605,-3.861
119.759952096,114.3215,110.4757,-3.8458
119.79995208,114.3215,110.4908,-3.8307
119.839952064,114.3215,110.5059,-3.8156
119.879952048,114.3215,110.5211,-3.8004
119.919952032,114.3215,110.5363,-3.7852
119.959952016,114.6231,110.5515,-4.0715
119.999952,114.6231,110.5666,-4.0564
120.039951984,114.6231,110.5818,-4.0411
120.079951968,114.6231,110.597,-4.026
120.119951952,114.6231,110.6122,-4.0108
120.159951936,114.6231,110.6274,-3.9956
120.19995191999999,114.6231,110.6426,-3.9804
120.239951904,114.6231,110.6578,-3.9652
120.279951888,114.6231,110.673,-3.95
120.31995187199999,114.6231,110.6882,-3.9347
120.359951856,114.6231,110.7035,-3.9195
120.39995184,114.6231,110.7187,-3.9043
120.43995182399999,114.6231,110.7339,-3.8891
120.479951808,114.6231,110.7492,-3.8738
120.519951792,114.6231,110.7644,-3.8586
120.559951776,114.6231,110.7796,-3.8434
120.59995176000001,114.6231,110.7948,-3.8282
120.639951744,114.6231,110.8101,-3.8129
120.679951728,114.6231,110.8253,-3.7977
120.719951712,114.6231,110.8405,-3.7825
120.759951696,114.9246,110.8558,-4.0687
120.79995168,114.9246,110.871,-4.0535
120.839951664,114.9246,110.8862,-4.0383
120.879951648,114.9246,110.9015,-4.023
120.919951632,114.9246,110.9167,-4.0078
120.959951616,114.9246,110.9319,-3.9926
120.9999516,114.9246,110.9472,-3.9773
121.039951584,114.9246,110.9624,-3.9621
121.079951568,114.9246,110.9776,-3.9469
121.119951552,114.9246,110.9929,-3.9316
121.159951536,114.9246,111.0081,-3.9164
121.19995152,114.9246,111.0233,-3.9012
121.23995150399999,114.9246,111.0386,-3.8859
121.279951488,114.9246,111.0539,-3.8706
121.319951472,114.9246,111.0692,-3.8554
121.35995145599999,114.9246,111.0844,-3.8401
121.39995144,114.9246,111.0997,-3.8248
121.43995142399999,114.9246,111.115,-3.8095
121.47995140799999,114.9246,111.1303,-3.7942
121.519951392,114.9246,111.1455,-3.779
121.559951376,115.2261,111.1608,-4.0652
121.59995136,115.2261,111.1761,-4.0499
121.63995134400001,115.2261,111.1914,-4.0347
121.679951328,115.2261,111.2067,-4.0193
121.719951312,115.2261,111.2219,-4.0041
121.759951296,115.2261,111.2373,-3.9888
121.79995128,115.2261,111.2526,-3.9735
121.839951264,115.2261,111.2678,-3.9582
121.879951248,115.2261,111.2831,-3.9429
121.919951232,115.2261,111.2984,-3.9276
121.959951216,115.2261,111.3137,-3.9123
121.9999512,115.2261,111.329,-3.897
122.039951184,115.2261,111.3443,-3.8817
122.079951168,115.2261,111.3596,-3.8664
122.119951152,115.2261,111.3749,-3.8511
122.15995113599999,115.2261,111.3902,-3.8358
122.19995112,115.2261,111.4055,-3.8205
122.239951104,115.2261,111.4209,-3.8052
122.27995108799999,115.2261,111.4362,-3.7898
122.319951072,115.2261,111.4515,-3.7745
122.359951056,115.5276,111.4668,-4.0608
122.39995103999999,115.5276,111.4821,-4.0454
122.439951024,115.5276,111.4974,-4.0301
122.47995100799999,115.5276,111.5127,-4.0148
122.519950992,115.5276,111.528,-3.9995
122.55995097600001,115.5276,111.5433,-3.9842
122.59995096,115.5276,111.5587,-3.9689
122.639950944,115.5276,111.574,-3.9535
122.679950928,115.5276,111.5893,-3.9382
122.719950912,115.5276,111.6046,-3.9229
122.759950896,115.5276,111.6199,-3.9076
122.79995088,115.5276,111.6353,-3.8922
122.839950864,115.5276,111.6505,-3.877
122.879950848,115.5276,111.6659,-3.8616
122.919950832,115.5276,111.6812,-3.8463
122.959950816,115.5276,111.6965,-3.831
122.9999508,115.5276,111.7118,-3.8157
123.039950784,115.5276,111.7272,-3.8004
123.079950768,115.5276,111.7426,-3.785
123.119950752,115.5276,111.7579,-3.7697
123.159950736,115.8291,111.7732,-4.0559
123.19995071999999,115.8291,111.7885,-4.0405
123.239950704,115.8291,111.8038,-4.0252
123.279950688,115.8291,111.8192,-4.0098
123.31995067199999,115.8291,111.8345,-3.9945
123.359950656,115.8291,111.8498,-3.9792
123.39995063999999,115.8291,111.8652,-3.9638
123.43995062399999,115.8291,111.8805,-3.9485
123.479950608,115.8291,111.8958,-3.9332
123.519950592,115.8291,111.9112,-3.9179
123.559950576,115.8291,111.9265,-3.9025
123.59995056000001,115.8291,111.9418,-3.8872
123.639950544,115.8291,111.9572,-3.8719
123.679950528,115.8291,111.9725,-3.8565
123.719950512,115.8291,111.9879,-3.8411
123.759950496,115.8291,112.0032,-3.8258
123.79995048,115.8291,112.0187,-3.8104
123.839950464,115.8291,112.034,-3.7951
123.879950448,115.8291,112.0493,-3.7797
123.919950432,115.8291,112.0647,-3.7643
123.959950416,116.1306,112.0801,-4.0504
123.9999504,116.1306,112.0955,-4.035
124.039950384,116.1306,112.1109,-4.0197
124.079950368,116.1306,112.1262,-4.0043
124.11995035199999,116.1306,112.1416,-3.9889
124.159950336,116.1306,112.157,-3.9735
124.19995032,116.1306,112.1724,-3.9581
124.23995030399999,116.1306,112.1878,-3.9428
124.279950288,116.1306,112.2031,-3.9274
124.319950272,116.1306,112.2185,-3.9121
124.35995025599999,116.1306,112.2339,-3.8966
124.39995024,116.1306,112.2493,-3.8813
124.43995022399999,116.1306,112.2647,-3.8659
124.47995020799999,116.1306,112.2801,-3.8504
124.51995019200001,116.1306,112.2954,-3.8351
124.559950176,116.1306,112.3108,-3.8197
124.59995016,116.1306,112.3262,-3.8043
124.639950144,116.1306,112.3416,-3.789
124.679950128,116.1306,112.3569,-3.7736
124.719950112,116.1306,112.3723,-3.7582
124.759950096,116.4321,112.3877,-4.0444
124.79995008,116.4321,112.4031,-4.029
124.839950064,116.4321,112.4184,-4.0136
124.879950048,116.4321,112.4338,-3.9982
124.919950032,116.4321,112.4492,-3.9829
124.959950016,116.4321,112.4646,-3.9675
124.99995,116.4321,112.48,-3.9521
125.039949984,116.4321,112.4953,-3.9367
125.07994996800001,116.4321,112.5107,-3.9214
125.11994995199998,116.4321,112.5261,-3.906
125.15994993599999,116.4321,112.5414,-3.8906
125.19994992,116.4321,112.5568,-3.8752
125.239949904,116.4321,112.5722,-3.8599
125.279949888,116.4321,112.5876,-3.8445
125.31994987199998,116.4321,112.6029,-3.8291
125.35994985599999,116.4321,112.6184,-3.8137
125.39994983999999,116.4321,112.6338,-3.7982
125.439949824,116.4321,112.6492,-3.7829
125.479949808,116.4321,112.6646,-3.7675
125.51994979199999,116.4321,112.68,-3.752
125.559949776,116.7336,112.6954,-4.0381
125.59994976,116.7336,112.7109,-4.0227
125.639949744,116.7336,112.7263,-4.0073
125.67994972800001,116.7336,112.7417,-3.9919
125.71994971200002,116.7336,112.7571,-3.9764
125.75994969599999,116.7336,112.7725,-3.961
125.79994968,116.7336,112.7879,-3.9456
125.839949664,116.7336,112.8033,-3.9302
125.87994964800001,116.7336,112.8187,-3.9148
125.91994963200001,116.7336,112.8342,-3.8994
125.95994961599999,116.7336,112.8496,-3.884
125.9999496,116.7336,112.865,-3.8686
126.039949584,116.7336,112.8803,-3.8532
126.079949568,116.7336,112.8958,-3.8378
126.11994955200001,116.7336,112.9112,-3.8223
126.15994953599998,116.7336,112.9266,-3.8069
126.19994951999999,116.7336,112.9421,-3.7915
126.239949504,116.7336,112.9575,-3.7761
126.279949488,116.7336,112.9729,-3.7607
126.319949472,116.7336,112.9883,-3.7452
126.35994945599998,117.0351,113.0037,-4.0313
126.39994943999999,117.0351,113.0192,-4.0159
126.43994942399999,117.0351,113.0346,-4.0005
126.47994940800001,117.0351,113.05,-3.9851
126.51994939200002,117.0351,113.0654,-3.9696
126.55994937599999,117.0351,113.0808,-3.9542
126.59994936,117.0351,113.0963,-3.9388
126.639949344,117.0351,113.1117,-3.9233
126.679949328,117.0351,113.1271,-3.9079
126.71994931200001,117.0351,113.1426,-3.8925
126.75994929599999,117.0351,113.158,-3.8771
126.79994927999999,117.0351,113.1735,-3.8616
126.839949264,117.0351,113.1889,-3.8462
126.879949248,117.0351,113.2043,-3.8308
126.91994923200001,117.0351,113.2197,-3.8153
126.95994921600001,117.0351,113.2351,-3.7999
126.99994919999999,117.0351,113.2505,-3.7845
127.039949184,117.0351,113.266,-3.7691
127.079949168,117.0351,113.2814,-3.7537
127.119949152,117.0351,113.2968,-3.7383
127.15994913600001,117.3366,113.3121,-4.0245
127.19994911999999,117.3366,113.3275,-4.0091
127.23994910399999,117.3366,113.3429,-3.9937
127.279949088,117.3366,113.3583,-3.9782
127.319949072,117.3366,113.3738,-3.9628
127.359949056,117.3366,113.3892,-3.9474
127.39994903999998,117.3366,113.4047,-3.9319
127.43994902399999,117.3366,113.4201,-3.9165
127.479949008,117.3366,113.4355,-3.9011
127.51994899200001,117.3366,113.451,-3.8856
127.55994897600002,117.3366,113.4664,-3.8702
127.59994895999999,117.3366,113.4818,-3.8547
127.639948944,117.3366,113.4972,-3.8394
127.679948928,117.3366,113.5126,-3.824
127.719948912,117.3366,113.5281,-3.8085
127.75994889600001,117.3366,113.5435,-3.7931
127.79994887999999,117.3366,113.5589,-3.7777
127.839948864,117.3366,113.5743,-3.7622
127.879948848,117.3366,113.5898,-3.7468
127.919948832,117.3366,113.6052,-3.7313
127.95994881600001,117.6381,113.6206,-4.0175
127.99994879999998,117.6381,113.636,-4.002
128.039948784,117.6381,113.6515,-3.9866
128.079948768,117.6381,113.6669,-3.9712
128.119948752,117.6381,113.6824,-3.9557
128.15994873600002,117.6381,113.6978,-3.9403
128.19994872,117.6381,113.7132,-3.9249
128.239948704,117.6381,113.7286,-3.9094
128.279948688,117.6381,113.7441,-3.894
128.319948672,117.6381,113.7596,-3.8785
128.359948656,117.6381,113.775,-3.863
128.39994864000002,117.6381,113.7905,-3.8476
128.43994862399998,117.6381,113.806,-3.8321
128.479948608,117.6381,113.8214,-3.8167
128.519948592,117.6381,113.8368,-3.8012
128.559948576,117.6381,113.8522,-3.7858
128.59994856,117.6381,113.8677,-3.7704
128.639948544,117.6381,113.8831,-3.7549
128.67994852799998,117.6381,113.8986,-3.7395
128.719948512,117.6381,113.914,-3.724
128.759948496,117.9396,113.9295,-4.0101
128.79994848,117.9396,113.9449,-3.9947
128.83994846399997,117.9396,113.9603,-3.9792
128.879948448,117.9396,113.9758,-3.9638
128.91994843199998,117.9396,113.9912,-3.9484
128.959948416,117.9396,114.0067,-3.9329
128.99994840000002,117.9396,114.0222,-3.9174
129.03994838399998,117.9396,114.0376,-3.902
129.079948368,117.9396,114.0531,-3.8865
129.119948352,117.9396,114.0686,-3.871
129.159948336,117.9396,114.0841,-3.8555
129.19994832,117.9396,114.0996,-3.84
129.239948304,117.9396,114.115,-3.8246
129.27994828799999,117.9396,114.1304,-3.8092
129.319948272,117.9396,114.1459,-3.7937
129.359948256,117.9396,114.1613,-3.7782
129.39994824000001,117.9396,114.1768,-3.7628
129.43994822399998,117.9396,114.1922,-3.7474
129.479948208,117.9396,114.2076,-3.7319
129.519948192,117.9396,114.2231,-3.7165
129.559948176,118.2411,114.2385,-4.0025
129.59994816,118.2411,114.254,-3.9871
129.63994814400002,118.2411,114.2694,-3.9717
129.67994812799998,118.2411,114.2849,-3.9562
129.719948112,118.2411,114.3003,-3.9408
129.759948096,118.2411,114.3157,-3.9254
129.79994808,118.2411,114.3311,-3.91
129.839948064,118.2411,114.3465,-3.8946
129.879948048,118.2411,114.362,-3.8791
129.91994803199998,118.2411,114.3774,-3.8637
129.959948016,118.2411,114.3928,-3.8483
129.99994800000002,118.2411,114.4082,-3.8329
130.039947984,118.2411,114.4236,-3.8175
130.079947968,118.2411,114.4391,-3.802
130.119947952,118.2411,114.4545,-3.7866
130.159947936,118.2411,114.4699,-3.7712
130.19994792,118.2411,114.4854,-3.7557
130.23994790400002,118.2411,114.5008,-3.7403
130.27994788799998,118.2411,114.5163,-3.7248
130.319947872,118.2411,114.5317,-3.7094
130.359947856,118.5426,114.5472,-3.9954
130.39994784,118.5426,114.5626,-3.98
130.439947824,118.5426,114.578,-3.9645
130.479947808,118.5426,114.5935,-3.9491
130.51994779199998,118.5426,114.6089,-3.9337
130.559947776,118.5426,114.6243,-3.9183
130.59994776,118.5426,114.6397,-3.9029
130.639947744,118.5426,114.6551,-3.8875
130.67994772799997,118.5426,114.6705,-3.8721
130.719947712,118.5426,114.686,-3.8566
130.75994769599998,118.5426,114.7014,-3.8412
130.79994768,118.5426,114.7168,-3.8258
130.839947664,118.5426,114.7323,-3.8103
130.879947648,118.5426,114.7477,-3.7949
130.919947632,118.5426,114.7631,-3.7795
130.959947616,118.5426,114.7785,-3.7641
130.9999476,118.5426,114.7939,-3.7487
131.039947584,118.5426,114.8093,-3.7332
131.07994756800002,118.5426,114.8248,-3.7178
131.11994755199999,118.5426,114.8402,-3.7024
131.159947536,118.8442,114.8556,-3.9885
131.19994752,118.8442,114.871,-3.9731
131.239947504,118.8442,114.8864,-3.9577
131.279947488,118.8442,114.9018,-3.9423
131.319947472,118.8442,114.9172,-3.9269
131.359947456,118.8442,114.9326,-3.9115
131.39994744,118.8442,114.948,-3.8961
131.439947424,118.8442,114.9635,-3.8806
131.47994740800002,118.8442,114.9789,-3.8652
131.51994739199998,118.8442,114.9943,-3.8498
131.559947376,118.8442,115.0096,-3.8345
131.59994736,118.8442,115.0251,-3.819
131.639947344,118.8442,115.0405,-3.8036
131.679947328,118.8442,115.0559,-3.7882
131.719947312,118.8442,115.0714,-3.7727
131.75994729599998,118.8442,115.0868,-3.7573
131.79994728,118.8442,115.1022,-3.7419
131.839947264,118.8442,115.1177,-3.7264
131.879947248,118.8442,115.1331,-3.711
131.919947232,118.8442,115.1485,-3.6956
131.959947216,119.1457,115.1639,-3.9817
131.9999472,119.1457,115.1793,-3.9663
132.039947184,119.1457,115.1947,-3.9509
132.07994716800002,119.1457,115.2102,-3.9355
132.119947152,119.1457,115.2256,-3.92
132.159947136,119.1457,115.241,-3.9046
132.19994712,119.1457,115.2563,-3.8893
132.239947104,119.1457,115.2717,-3.8739
132.279947088,119.1457,115.2871,-3.8585
132.31994707200002,119.1457,115.3025,-3.8431
132.35994705599998,119.1457,115.3179,-3.8277
132.39994704,119.1457,115.3332,-3.8124
132.439947024,119.1457,115.3487,-3.7969
132.479947008,119.1457,115.364,-3.7816
132.519946992,119.1457,115.3795,-3.7662
132.559946976,119.1457,115.3948,-3.7508
132.59994695999998,119.1457,115.4102,-3.7354
132.639946944,119.1457,115.4257,-3.7199
132.679946928,119.1457,115.441,-3.7046
132.719946912,119.1457,115.4564,-3.6892
132.75994689599997,119.4472,115.4718,-3.9753
132.79994688,119.4472,115.4873,-3.9599
132.83994686399998,119.4472,115.5027,-3.9445
132.879946848,119.4472,115.5181,-3.929
132.919946832,119.4472,115.5335,-3.9136
132.95994681599998,119.4472,115.549,-3.8982
132.9999468,119.4472,115.5644,-3.8828
133.039946784,119.4472,115.5798,-3.8674
133.079946768,119.4472,115.5951,-3.852
133.119946752,119.4472,115.6105,-3.8366
133.159946736,119.4472,115.626,-3.8212
133.19994671999999,119.4472,115.6414,-3.8058
133.239946704,119.4472,115.6568,-3.7904
133.279946688,119.4472,115.6721,-3.775
133.31994667200001,119.4472,115.6875,-3.7596
133.359946656,119.4472,115.7029,-3.7442
133.39994664,119.4472,115.7183,-3.7288
133.439946624,119.4472,115.7337,-3.7134
133.479946608,119.4472,115.7491,-3.6981
133.519946592,119.4472,115.7645,-3.6827
133.55994657600002,119.7487,115.7798,-3.9688
133.59994655999998,119.7487,115.7952,-3.9534
133.639946544,119.7487,115.8106,-3.938
133.679946528,119.7487,115.826,-3.9226
133.719946512,119.7487,115.8414,-3.9072
133.759946496,119.7487,115.8567,-3.8919
133.79994648,119.7487,115.8721,-3.8766
133.83994646399998,119.7487,115.8875,-3.8611
133.879946448,119.7487,115.9029,-3.8458
133.91994643200002,119.7487,115.9183,-3.8304
133.959946416,119.7487,115.9336,-3.815
133.9999464,119.7487,115.949,-3.7997
134.039946384,119.7487,115.9643,-3.7843
134.079946368,119.7487,115.9796,-3.769
134.119946352,119.7487,115.9951,-3.7536
134.15994633600002,119.7487,116.0104,-3.7382
134.19994631999998,119.7487,116.0258,-3.7228
134.239946304,119.7487,116.0412,-3.7074
134.279946288,119.7487,116.0565,-3.6921
134.319946272,119.7487,116.0719,-3.6767
134.359946256,120.0502,116.0873,-3.9628
134.39994624,120.0502,116.1027,-3.9475
134.43994622399998,120.0502,116.1181,-3.932
134.479946208,120.0502,116.1334,-3.9167
134.519946192,120.0502,116.1488,-3.9014
134.559946176,120.0502,116.1642,-3.886
134.59994616,120.0502,116.1795,-3.8706
134.639946144,120.0502,116.1949,-3.8552
134.67994612799998,120.0502,116.2102,-3.8399
134.719946112,120.0502,116.2256,-3.8245
134.759946096,120.0502,116.241,-3.8091
134.79994608,120.0502,116.2564,-3.7938
134.83994606399997,120.0502,116.2717,-3.7784
134.879946048,120.0502,116.287,-3.7631
134.919946032,120.0502,116.3023,-3.7478
134.959946016,120.0502,116.3177,-3.7325
134.99994600000002,120.0502,116.333,-3.7172
135.03994598399998,120.0502,116.3483,-3.7018
135.079945968,120.0502,116.3637,-3.6865
135.119945952,120.0502,116.379,-3.6711
135.159945936,120.3517,116.3944,-3.9573
135.19994592,120.3517,116.4097,-3.942
135.239945904,120.3517,116.425,-3.9266
135.279945888,120.3517,116.4403,-3.9114
135.319945872,120.3517,116.4556,-3.8961
135.359945856,120.3517,116.4709,-3.8808
135.39994584000002,120.3517,116.4862,-3.8655
135.43994582399998,120.3517,116.5015,-3.8501
135.479945808,120.3517,116.5169,-3.8348
135.519945792,120.3517,116.5322,-3.8194
135.559945776,120.3517,116.5476,-3.8041
135.59994576,120.3517,116.5629,-3.7888
135.639945744,120.3517,116.5782,-3.7734
135.67994572799998,120.3517,116.5936,-3.7581
135.719945712,120.3517,116.6089,-3.7427
135.759945696,120.3517,116.6242,-3.7274
135.79994568,120.3517,116.6395,-3.7121
135.839945664,120.3517,116.6548,-3.6968
135.879945648,120.3517,116.6701,-3.6815
135.919945632,120.3517,116.6854,-3.6662
135.959945616,120.6532,116.7007,-3.9524
135.99994560000002,120.6532,116.716,-3.9371
136.039945584,120.6532,116.7314,-3.9218
136.079945568,120.6532,116.7467,-3.9065
136.119945552,120.6532,116.762,-3.8912
136.159945536,120.6532,116.7773,-3.8759
136.19994552,120.6532,116.7926,-3.8605
136.23994550400002,120.6532,116.808,-3.8452
136.27994548799998,120.6532,116.8233,-3.8298
136.319945472,120.6532,116.8386,-3.8145
136.359945456,120.6532,116.854,-3.7992
136.39994544,120.6532,116.8693,-3.7839
136.439945424,120.6532,116.8846,-3.7685
136.479945408,120.6532,116.9,-3.7532
136.51994539199998,120.6532,116.9153,-3.7379
136.559945376,120.6532,116.9306,-3.7225
136.59994536,120.6532,116.9459,-3.7073
136.639945344,120.6532,116.9612,-3.6919
136.67994532799997,120.6532,116.9765,-3.6766
136.719945312,120.6532,116.9919,-3.6613
136.75994529599998,120.9547,117.0072,-3.9475
136.79994528,120.9547,117.0225,-3.9322
136.839945264,120.9547,117.0378,-3.9169
136.87994524799998,120.9547,117.053,-3.9016
136.919945232,120.9547,117.0684,-3.8862
136.959945216,120.9547,117.0838,-3.8709
136.9999452,120.9547,117.0991,-3.8556
137.039945184,120.9547,117.1144,-3.8403
137.07994516800002,120.9547,117.1297,-3.8249
137.11994515199999,120.9547,117.145,-3.8096
137.159945136,120.9547,117.1603,-3.7943
137.19994512,120.9547,117.1757,-3.779
137.23994510400001,120.9547,117.1911,-3.7636
137.279945088,120.9547,117.2064,-3.7483
137.319945072,120.9547,117.2217,-3.733
137.359945056,120.9547,117.237,-3.7177
137.39994504,120.9547,117.2523,-3.7023
137.439945024,120.9547,117.2677,-3.687
137.47994500800002,120.9547,117.283,-3.6716
137.51994499199998,120.9547,117.2983,-3.6563
137.559944976,121.2562,117.3137,-3.9425
137.59994496,121.2562,117.329,-3.9272
137.639944944,121.2562,117.3443,-3.9119
137.679944928,121.2562,117.3597,-3.8965
137.719944912,121.2562,117.375,-3.8812
137.75994489599998,121.2562,117.3902,-3.8659
137.79994488,121.2562,117.4055,-3.8506
137.839944864,121.2562,117.4209,-3.8353
137.879944848,121.2562,117.4362,-3.8199
137.919944832,121.2562,117.4515,-3.8047
137.959944816,121.2562,117.4668,-3.7894
137.9999448,121.2562,117.4821,-3.7741
138.039944784,121.2562,117.4974,-3.7588
138.07994476800002,121.2562,117.5127,-3.7435
138.11994475199998,121.2562,117.528,-3.7281
138.159944736,121.2562,117.5433,-3.7128
138.19994472,121.2562,117.5586,-3.6975
138.239944704,121.2562,117.5739,-3.6823
138.279944688,121.2562,117.5892,-3.6669
138.31994467200002,121.2562,117.6046,-3.6516
138.35994465599998,121.5577,117.6199,-3.9378
138.39994464,121.5577,117.6352,-3.9225
138.439944624,121.5577,117.6505,-3.9072
138.479944608,121.5577,117.6658,-3.8919
138.519944592,121.5577,117.6811,-3.8765
138.559944576,121.5577,117.6965,-3.8612
138.59994455999998,121.5577,117.7118,-3.8459
138.639944544,121.5577,117.727,-3.8306
138.679944528,121.5577,117.7423,-3.8153
138.719944512,121.5577,117.7576,-3.8001
138.75994449599997,121.5577,117.7729,-3.7848
138.79994448,121.5577,117.7882,-3.7695
138.83994446399998,121.5577,117.8035,-3.7542
138.879944448,121.5577,117.8188,-3.7389
138.91994443200002,121.5577,117.834,-3.7236
138.95994441599998,121.5577,117.8494,-3.7083
138.9999444,121.5577,117.8647,-3.693
139.039944384,121.5577,117.88,-3.6777
139.079944368,121.5577,117.8953,-3.6624
139.119944352,121.5577,117.9105,-3.6472
139.159944336,121.8592,117.9258,-3.9334
139.19994432,121.8592,117.9411,-3.9181
139.239944304,121.8592,117.9563,-3.9028
139.279944288,121.8592,117.9716,-3.8876
139.31994427200001,121.8592,117.9868,-3.8724
139.35994425599998,121.8592,118.0021,-3.8571
139.39994424,121.8592,118.0173,-3.8419
139.439944224,121.8592,118.0326,-3.8266
139.479944208,121.8592,118.0478,-3.8114
139.519944192,121.8592,118.0631,-3.7961
139.55994417600002,121.8592,118.0783,-3.7808
139.59994415999998,121.8592,118.0936,-3.7656
139.639944144,121.8592,118.1089,-3.7503
139.679944128,121.8592,118.1242,-3.735
139.719944112,121.8592,118.1394,-3.7198
139.759944096,121.8592,118.1547,-3.7045
139.79994408,121.8592,118.1699,-3.6893
139.83994406399998,121.8592,118.1852,-3.674
139.879944048,121.8592,118.2005,-3.6587
139.91994403200002,121.8592,118.2157,-3.6435
139.959944016,122.1607,118.231,-3.9297
139.999944,122.1607,118.2462,-3.9145
140.039943984,122.1607,118.2615,-3.8992
140.079943968,122.1607,118.2768,-3.8839
140.119943952,122.1607,118.292,-3.8687
140.15994393600002,122.1607,118.3073,-3.8534
140.19994391999998,122.1607,118.3226,-3.8381
140.239943904,122.1607,118.3378,-3.8228
140.279943888,122.1607,118.3531,-3.8076
140.319943872,122.1607,118.3683,-3.7924
140.359943856,122.1607,118.3836,-3.7771
140.39994384,122.1607,118.3988,-3.7619
140.43994382399998,122.1607,118.414,-3.7467
140.479943808,122.1607,118.4293,-3.7314
140.519943792,122.1607,118.4445,-3.7161
140.559943776,122.1607,118.4598,-3.7009
140.59994375999997,122.1607,118.475,-3.6857
140.639943744,122.1607,118.4902,-3.6705
140.67994372799998,122.1607,118.5054,-3.6552
140.719943712,122.1607,118.5207,-3.64
140.759943696,122.4622,118.5359,-3.9263
140.79994368,122.4622,118.5511,-3.9111
140.83994366399997,122.4622,118.5663,-3.8959
140.879943648,122.4622,118.5815,-3.8807
140.919943632,122.4622,118.5967,-3.8655
140.959943616,122.4622,118.6119,-3.8503
140.99994360000002,122.4622,118.6271,-3.8351
141.03994358399999,122.4622,118.6423,-3.8199
141.079943568,122.4622,118.6575,-3.8047
141.119943552,122.4622,118.6727,-3.7895
141.15994353600001,122.4622,118.6879,-3.7743
141.19994352,122.4622,118.7032,-3.759
141.239943504,122.4622,118.7184,-3.7438
141.279943488,122.4622,118.7336,-3.7286
141.319943472,122.4622,118.7488,-3.7134
141.359943456,122.4622,118.764,-3.6982
141.39994344000002,122.4622,118.7792,-3.683
141.43994342399998,122.4622,118.7944,-3.6678
141.479943408,122.4622,118.8096,-3.6526
141.519943392,122.4622,118.8248,-3.6374
141.559943376,122.7637,118.84,-3.9237
141.59994336,122.7637,118.8552,-3.9085
141.639943344,122.7637,118.8704,-3.8933
141.67994332799998,122.7637,118.8857,-3.878
141.719943312,122.7637,118.9009,-3.8629
141.759943296,122.7637,118.9161,-3.8476
141.79994328,122.7637,118.9312,-3.8325
141.839943264,122.7637,118.9465,-3.8173
141.879943248,122.7637,118.9617,-3.802
141.919943232,122.7637,118.9769,-3.7868
141.959943216,122.7637,118.9921,-3.7716
141.99994320000002,122.7637,119.0073,-3.7564
142.039943184,122.7637,119.0224,-3.7413
142.079943168,122.7637,119.0377,-3.7261
142.119943152,122.7637,119.0528,-3.7109
142.159943136,122.7637,119.0679,-3.6958
142.19994312,122.7637,119.0832,-3.6806
142.23994310400002,122.7637,119.0983,-3.6654
142.27994308799998,122.7637,119.1135,-3.6502
142.319943072,122.7637,119.1287,-3.635
142.359943056,123.0653,119.1439,-3.9213
142.39994304,123.0653,119.1592,-3.906
142.439943024,123.0653,119.1744,-3.8908
142.479943008,123.0653,119.1896,-3.8756
142.51994299199998,123.0653,119.2048,-3.8604
142.559942976,123.0653,119.22,-3.8452
142.59994296,123.0653,119.2352,-3.83
142.639942944,123.0653,119.2504,-3.8148
142.67994292799997,123.0653,119.2655,-3.7997
142.719942912,123.0653,119.2807,-3.7846
142.75994289599998,123.0653,119.2958,-3.7694
142.79994288,123.0653,119.311,-3.7542
142.839942864,123.0653,119.3261,-3.7391
142.87994284799998,123.0653,119.3413,-3.7239
142.919942832,123.0653,119.3565,-3.7087
142.959942816,123.0653,119.3717,-3.6935
142.9999428,123.0653,119.3869,-3.6783
143.039942784,123.0653,119.402,-3.6633
143.079942768,123.0653,119.4171,-3.6481
143.119942752,123.0653,119.4323,-3.6329
143.159942736,123.3668,119.4475,-3.9193
143.19994272,123.3668,119.4627,-3.904
143.23994270400001,123.3668,119.4778,-3.8889
143.279942688,123.3668,119.493,-3.8738
143.319942672,123.3668,119.5082,-3.8586
143.359942656,123.3668,119.5233,-3.8434
143.39994264,123.3668,119.5384,-3.8283
143.439942624,123.3668,119.5535,-3.8132
143.47994260800002,123.3668,119.5687,-3.798
143.51994259199998,123.3668,119.5839,-3.7828
143.559942576,123.3668,119.599,-3.7677
143.59994256,123.3668,119.6142,-3.7526
143.639942544,123.3668,119.6293,-3.7374
143.679942528,123.3668,119.6445,-3.7222
143.719942512,123.3668,119.6597,-3.707
143.75994249599998,123.3668,119.6748,-3.6919
143.79994248,123.3668,119.69,-3.6767
143.839942464,123.3668,119.7051,-3.6616
143.879942448,123.3668,119.7202,-3.6465
143.919942432,123.3668,119.7354,-3.6313
143.959942416,123.6683,119.7505,-3.9177
143.9999424,123.6683,119.7657,-3.9025
144.039942384,123.6683,119.7809,-3.8874
144.07994236800002,123.6683,119.796,-3.8722
144.11994235199998,123.6683,119.8112,-3.857
144.159942336,123.6683,119.8264,-3.8419
144.19994232,123.6683,119.8415,-3.8267
144.239942304,123.6683,119.8567,-3.8116
144.279942288,123.6683,119.8718,-3.7964
144.319942272,123.6683,119.887,-3.7812
144.35994225599998,123.6683,119.9021,-3.7661
144.39994224,123.6683,119.9173,-3.751
144.439942224,123.6683,119.9324,-3.7359
144.479942208,123.6683,119.9475,-3.7207
144.519942192,123.6683,119.9627,-3.7056
144.559942176,123.6683,119.9778,-3.6904
144.59994215999998,123.6683,119.993,-3.6753
144.639942144,123.6683,120.008,-3.6602
144.679942128,123.6683,120.0231,-3.6451
144.719942112,123.6683,120.0382,-3.63
144.75994209599997,123.9698,120.0534,-3.9164
144.79994208,123.9698,120.0685,-3.9012
144.839942064,123.9698,120.0836,-3.8861
144.879942048,123.9698,120.0987,-3.871
144.91994203200002,123.9698,120.1139,-3.8558
144.95994201599999,123.9698,120.129,-3.8407
144.999942,123.9698,120.1442,-3.8256
145.039941984,123.9698,120.1593,-3.8104
145.079941968,123.9698,120.1744,-3.7953
145.119941952,123.9698,120.1895,-3.7802
145.159941936,123.9698,120.2047,-3.7651
145.19994192,123.9698,120.2198,-3.7499
145.239941904,123.9698,120.235,-3.7347
145.279941888,123.9698,120.2502,-3.7196
145.31994187200002,123.9698,120.2653,-3.7044
145.35994185599998,123.9698,120.2805,-3.6893
145.39994184,123.9698,120.2956,-3.6741
145.439941824,123.9698,120.3107,-3.659
145.479941808,123.9698,120.3259,-3.6439
145.519941792,123.9698,120.341,-3.6287
145.559941776,124.2713,120.3561,-3.9151
145.59994175999998,124.2713,120.3712,-3.9
145.639941744,124.2713,120.3863,-3.8849
145.679941728,124.2713,120.4014,-3.8698
145.719941712,124.2713,120.4166,-3.8547
145.759941696,124.2713,120.4317,-3.8396
145.79994168,124.2713,120.4468,-3.8244
145.839941664,124.2713,120.4619,-3.8093
145.879941648,124.2713,120.4771,-3.7942
145.91994163200002,124.2713,120.4923,-3.779
145.959941616,124.2713,120.5074,-3.7639
145.9999416,124.2713,120.5225,-3.7487
146.039941584,124.2713,120.5377,-3.7336
146.079941568,124.2713,120.5527,-3.7185
146.119941552,124.2713,120.5679,-3.7033
146.15994153600002,124.2713,120.583,-3.6883
146.19994151999998,124.2713,120.5981,-3.6731
146.239941504,124.2713,120.6133,-3.658
146.279941488,124.2713,120.6284,-3.6429
146.319941472,124.2713,120.6435,-3.6277
146.359941456,124.5728,120.6587,-3.9141
146.39994144,124.5728,120.6738,-3.899
146.43994142399998,124.5728,120.6889,-3.8838
146.479941408,124.5728,120.704,-3.8687
146.519941392,124.5728,120.7192,-3.8536
146.559941376,124.5728,120.7343,-3.8385
146.59994135999997,124.5728,120.7494,-3.8234
146.639941344,124.5728,120.7645,-3.8082
146.67994132799998,124.5728,120.7796,-3.7931
146.719941312,124.5728,120.7948,-3.778
146.759941296,124.5728,120.8099,-3.7629
146.79994127999998,124.5728,120.825,-3.7478
146.839941264,124.5728,120.8401,-3.7327
146.879941248,124.5728,120.8551,-3.7176
146.919941232,124.5728,120.8703,-3.7025
146.959941216,124.5728,120.8854,-3.6874
146.99994120000002,124.5728,120.9005,-3.6723
147.03994118399999,124.5728,120.9157,-3.6571
147.079941168,124.5728,120.9308,-3.642
147.119941152,124.5728,120.9459,-3.6268
147.15994113600001,124.8743,120.9611,-3.9132
147.19994112,124.8743,120.9761,-3.8981
147.239941104,124.8743,120.9913,-3.8829
147.279941088,124.8743,121.0064,-3.8678
147.319941072,124.8743,121.0215,-3.8527
147.359941056,124.8743,121.0367,-3.8376
147.39994104000002,124.8743,121.0518,-3.8225
147.43994102399998,124.8743,121.067,-3.8073
147.479941008,124.8743,121.082,-3.7922
147.519940992,124.8743,121.0972,-3.777
147.559940976,124.8743,121.1124,-3.7619
147.59994096,124.8743,121.1275,-3.7468
147.639940944,124.8743,121.1426,-3.7316
147.67994092799998,124.8743,121.1578,-3.7165
147.719940912,124.8743,121.1729,-3.7014
147.759940896,124.8743,121.188,-3.6863
147.79994088,124.8743,121.2031,-3.6711
147.839940864,124.8743,121.2183,-3.656
147.879940848,124.8743,121.2334,-3.6408
147.919940832,124.8743,121.2486,-3.6257
147.959940816,125.1758,121.2636,-3.9121
147.99994080000002,125.1758,121.2787,-3.897
148.03994078399998,125.1758,121.2939,-3.8819
148.079940768,125.1758,121.309,-3.8668
148.119940752,125.1758,121.3241,-3.8517
148.159940736,125.1758,121.3392,-3.8365
148.19994072,125.1758,121.3543,-3.8214
148.23994070400002,125.1758,121.3695,-3.8063
148.27994068799998,125.1758,121.3845,-3.7912
148.319940672,125.1758,121.3997,-3.7761
148.359940656,125.1758,121.4148,-3.7609
148.39994064,125.1758,121.4299,-3.7459
148.439940624,125.1758,121.445,-3.7308
148.479940608,125.1758,121.46,-3.7157
148.51994059199998,125.1758,121.4751,-3.7007
148.559940576,125.1758,121.4902,-3.6855
148.59994056,125.1758,121.5053,-3.6704
148.639940544,125.1758,121.5205,-3.6553
148.67994052799997,125.1758,121.5356,-3.6402
148.719940512,125.1758,121.5507,-3.6251
148.75994049599998,125.4773,121.5658,-3.9114
148.79994048,125.4773,121.5809,-3.8964
148.83994046400002,125.4773,121.596,-3.8812
148.87994044799999,125.4773,121.6111,-3.8661
148.919940432,125.4773,121.6262,-3.8511
148.959940416,125.4773,121.6413,-3.836
148.9999404,125.4773,121.6564,-3.8209
149.039940384,125.4773,121.6715,-3.8057
149.079940368,125.4773,121.6866,-3.7906
149.119940352,125.4773,121.7017,-3.7756
149.159940336,125.4773,121.7168,-3.7604
149.19994032,125.4773,121.7319,-3.7454
149.23994030400002,125.4773,121.747,-3.7303
149.27994028799998,125.4773,121.7621,-3.7152
149.319940272,125.4773,121.7771,-3.7001
149.359940256,125.4773,121.7923,-3.685
149.39994024,125.4773,121.8073,-3.6699
149.439940224,125.4773,121.8224,-3.6549
149.47994020800002,125.4773,121.8375,-3.6398
149.51994019199998,125.4773,121.8525,-3.6247
149.559940176,125.7788,121.8677,-3.9111
149.59994016,125.7788,121.8827,-3.8961
149.639940144,125.7788,121.8978,-3.881
149.679940128,125.7788,121.9129,-3.8659
149.719940112,125.7788,121.9279,-3.8509
149.75994009599998,125.7788,121.943,-3.8357
149.79994008,125.7788,121.9581,-3.8207
149.83994006400002,125.7788,121.9732,-3.8056
149.879940048,125.7788,121.9882,-3.7905
149.919940032,125.7788,122.0033,-3.7755
149.959940016,125.7788,122.0184,-3.7604
149.99994,125.7788,122.0334,-3.7454
150.039939984,125.7788,122.0485,-3.7303
150.07993996800002,125.7788,122.0636,-3.7151
150.11993995199998,125.7788,122.0787,-3.7001
150.159939936,125.7788,122.0937,-3.6851
150.19993992,125.7788,122.1087,-3.67
150.239939904,125.7788,122.1238,-3.655
150.279939888,125.7788,122.1388,-3.6399
150.319939872,125.7788,122.1539,-3.6249
150.35993985599998,126.0803,122.1689,-3.9114
150.39993984,126.0803,122.184,-3.8963
150.439939824,126.0803,122.199,-3.8813
150.479939808,126.0803,122.214,-3.8662
150.51993979199997,126.0803,122.229,-3.8513
150.559939776,126.0803,122.2441,-3.8362
150.59993975999998,126.0803,122.2591,-3.8212
150.639939744,126.0803,122.2741,-3.8062
150.679939728,126.0803,122.2891,-3.7911
150.719939712,126.0803,122.3041,-3.7762
150.759939696,126.0803,122.3191,-3.7611
150.79993968,126.0803,122.3342,-3.7461
150.839939664,126.0803,122.3492,-3.7311
150.879939648,126.0803,122.3643,-3.716
150.91993963200002,126.0803,122.3793,-3.701
150.95993961599999,126.0803,122.3943,-3.686
150.9999396,126.0803,122.4094,-3.6709
151.039939584,126.0803,122.4243,-3.6559
151.07993956800001,126.0803,122.4394,-3.6409
151.119939552,126.0803,122.4544,-3.6259
151.159939536,126.3818,122.4695,-3.9123
151.19993952,126.3818,122.4845,-3.8973
151.239939504,126.3818,122.4996,-3.8822
151.279939488,126.3818,122.5146,-3.8672
151.31993947200002,126.3818,122.5297,-3.8521
151.35993945599998,126.3818,122.5447,-3.8371
151.39993944,126.3818,122.5597,-3.8221
151.439939424,126.3818,122.5747,-3.8071
151.479939408,126.3818,122.5898,-3.792
151.519939392,126.3818,122.6048,-3.777
151.559939376,126.3818,122.6199,-3.7619
151.59993935999998,126.3818,122.635,-3.7468
151.639939344,126.3818,122.65,-3.7318
151.679939328,126.3818,122.665,-3.7168
151.719939312,126.3818,122.6801,-3.7017
151.759939296,126.3818,122.6951,-3.6866
151.79993928,126.3818,122.7102,-3.6716
151.839939264,126.3818,122.7252,-3.6566
151.879939248,126.3818,122.7403,-3.6415
151.91993923200002,126.3818,122.7553,-3.6265
151.959939216,126.6834,122.7703,-3.913
151.9999392,126.6834,122.7854,-3.8979
152.039939184,126.6834,122.8005,-3.8828
152.079939168,126.6834,122.8155,-3.8678
152.119939152,126.6834,122.8306,-3.8527
152.15993913600002,126.6834,122.8457,-3.8377
152.19993911999998,126.6834,122.8607,-3.8226
152.239939104,126.6834,122.8757,-3.8076
152.279939088,126.6834,122.8907,-3.7926
152.319939072,126.6834,122.9058,-3.7775
152.359939056,126.6834,122.9208,-3.7625
152.39993904,126.6834,122.9359,-3.7474
152.43993902399998,126.6834,122.9509,-3.7324
152.479939008,126.6834,122.9659,-3.7174
152.519938992,126.6834,122.9811,-3.7023
152.559938976,126.6834,122.9961,-3.6873
152.59993895999997,126.6834,123.0112,-3.6721
152.639938944,126.6834,123.0262,-3.657
152.67993892799998,126.6834,123.0413,-3.642
152.719938912,126.6834,123.0564,-3.6269
152.759938896,126.9849,123.0714,-3.9134
152.79993887999998,126.9849,123.0865,-3.8983
152.839938864,126.9849,123.1016,-3.8833
152.879938848,126.9849,123.1166,-3.8682
152.919938832,126.9849,123.1317,-3.8531
152.959938816,126.9849,123.1467,-3.8381
152.9999388,126.9849,123.1617,-3.8231
153.039938784,126.9849,123.1767,-3.8081
153.079938768,126.9849,123.1918,-3.793
153.119938752,126.9849,123.2069,-3.7779
153.15993873600002,126.9849,123.2219,-3.7629
153.19993871999998,126.9849,123.237,-3.7478
153.239938704,126.9849,123.2521,-3.7327
153.279938688,126.9849,123.267,-3.7178
153.319938672,126.9849,123.2821,-3.7027
153.359938656,126.9849,123.2971,-3.6877
153.39993864000002,126.9849,123.3122,-3.6726
153.43993862399998,126.9849,123.3273,-3.6576
153.479938608,126.9849,123.3423,-3.6425
153.519938592,126.9849,123.3573,-3.6275
153.559938576,127.2864,123.3724,-3.914
153.59993856,127.2864,123.3874,-3.8989
153.639938544,127.2864,123.4025,-3.8839
153.67993852799998,127.2864,123.4174,-3.8689
153.719938512,127.2864,123.4325,-3.8538
153.75993849600002,127.2864,123.4476,-3.8387
153.79993848,127.2864,123.4626,-3.8237
153.839938464,127.2864,123.4777,-3.8086
153.879938448,127.2864,123.4927,-3.7936
153.919938432,127.2864,123.5078,-3.7785
153.959938416,127.2864,123.5229,-3.7634
153.99993840000002,127.2864,123.5379,-3.7484
154.03993838399998,127.2864,123.553,-3.7333
154.079938368,127.2864,123.568,-3.7183
154.119938352,127.2864,123.5831,-3.7032
154.159938336,127.2864,123.5982,-3.6881
154.19993832,127.2864,123.6132,-3.6731
154.239938304,127.2864,123.6283,-3.658
154.27993828799998,127.2864,123.6433,-3.643
154.319938272,127.2864,123.6584,-3.628
154.359938256,127.5879,123.6734,-3.9144
154.39993824,127.5879,123.6884,-3.8994
154.43993822399997,127.5879,123.7035,-3.8843
154.479938208,127.5879,123.7185,-3.8693
154.51993819199998,127.5879,123.7336,-3.8543
154.559938176,127.5879,123.7486,-3.8392
154.59993816,127.5879,123.7636,-3.8242
154.639938144,127.5879,123.7787,-3.8091
154.67993812799997,127.5879,123.7938,-3.794
154.719938112,127.5879,123.8088,-3.779
154.759938096,127.5879,123.8239,-3.7639
154.79993808,127.5879,123.8389,-3.7489
154.83993806400002,127.5879,123.854,-3.7339
154.87993804799999,127.5879,123.869,-3.7188
154.919938032,127.5879,123.884,-3.7038
154.959938016,127.5879,123.8991,-3.6887
154.99993800000001,127.5879,123.9141,-3.6737
155.039937984,127.5879,123.9291,-3.6587
155.079937968,127.5879,123.9442,-3.6437
155.119937952,127.5879,123.9592,-3.6286
155.159937936,127.8894,123.9743,-3.9151
155.19993792,127.8894,123.9893,-3.9
155.23993790400002,127.8894,124.0043,-3.885
155.27993788799998,127.8894,124.0194,-3.87
155.319937872,127.8894,124.0344,-3.8549
155.359937856,127.8894,124.0494,-3.8399
155.39993784,127.8894,124.0645,-3.8248
155.439937824,127.8894,124.0796,-3.8098
155.479937808,127.8894,124.0946,-3.7947
155.51993779199998,127.8894,124.1097,-3.7797
155.559937776,127.8894,124.1248,-3.7646
155.59993776,127.8894,124.1398,-3.7495
155.639937744,127.8894,124.1548,-3.7345
155.67993772799997,127.8894,124.1699,-3.7194
155.719937712,127.8894,124.1849,-3.7044
155.759937696,127.8894,124.2,-3.6894
155.79993768,127.8894,124.215,-3.6744
155.83993766400002,127.8894,124.23,-3.6593
155.879937648,127.8894,124.2451,-3.6443
155.919937632,127.8894,124.2601,-3.6292
155.959937616,128.1909,124.2752,-3.9157
155.9999376,128.1909,124.2902,-3.9006
156.039937584,128.1909,124.3052,-3.8856
156.07993756800002,128.1909,124.3203,-3.8705
156.11993755199998,128.1909,124.3354,-3.8554
156.159937536,128.1909,124.3505,-3.8403
156.19993752,128.1909,124.3656,-3.8253
156.239937504,128.1909,124.3807,-3.8102
156.279937488,128.1909,124.3958,-3.7951
156.319937472,128.1909,124.4108,-3.78
156.35993745599998,128.1909,124.4259,-3.765
156.39993744,128.1909,124.441,-3.7499
156.439937424,128.1909,124.456,-3.7348
156.479937408,128.1909,124.4712,-3.7196
156.51993739199997,128.1909,124.4863,-3.7045
156.559937376,128.1909,124.5014,-3.6894
156.59993735999998,128.1909,124.5165,-3.6743
156.639937344,128.1909,124.5316,-3.6593
156.679937328,128.1909,124.5466,-3.6442
156.71993731199998,128.1909,124.5617,-3.6292
156.759937296,128.4924,124.5768,-3.9155
156.79993728,128.4924,124.5919,-3.9004
156.839937264,128.4924,124.607,-3.8854
156.879937248,128.4924,124.6221,-3.8702
156.919937232,128.4924,124.6372,-3.8551
156.959937216,128.4924,124.6523,-3.84
156.9999372,128.4924,124.6675,-3.8249
157.039937184,128.4924,124.6826,-3.8098
157.07993716800001,128.4924,124.6977,-3.7946
157.119937152,128.4924,124.7128,-3.7795
157.159937136,128.4924,124.7279,-3.7644
157.19993712,128.4924,124.7431,-3.7493
157.239937104,128.4924,124.7581,-3.7342
157.279937088,128.4924,124.7733,-3.7191
157.31993707200002,128.4924,124.7884,-3.704
157.35993705599998,128.4924,124.8034,-3.6889
157.39993704,128.4924,124.8186,-3.6738
157.439937024,128.4924,124.8336,-3.6587
157.479937008,128.4924,124.8488,-3.6436
157.519936992,128.4924,124.8638,-3.6285
157.559936976,128.7939,124.8789,-3.9149
157.59993695999998,128.7939,124.8941,-3.8998
157.639936944,128.7939,124.9091,-3.8847
157.679936928,128.7939,124.9243,-3.8696
157.719936912,128.7939,124.9394,-3.8545
157.759936896,128.7939,124.9545,-3.8394
157.79993688,128.7939,124.9696,-3.8242
157.839936864,128.7939,124.9847,-3.8092
157.879936848,128.7939,124.9998,-3.794
157.91993683200002,128.7939,125.0149,-3.7789
157.95993681599998,128.7939,125.03,-3.7638
157.9999368,128.7939,125.0452,-3.7487
158.039936784,128.7939,125.0603,-3.7336
158.079936768,128.7939,125.0755,-3.7184
158.119936752,128.7939,125.0906,-3.7033
158.159936736,128.7939,125.1057,-3.6881
158.19993671999998,128.7939,125.1209,-3.673
158.239936704,128.7939,125.136,-3.6579
158.279936688,128.7939,125.1511,-3.6427
158.319936672,128.7939,125.1663,-3.6276
158.359936656,129.0954,125.1814,-3.914
158.39993664,129.0954,125.1965,-3.8988
158.43993662399998,129.0954,125.2116,-3.8837
158.479936608,129.0954,125.2268,-3.8686
158.519936592,129.0954,125.2419,-3.8535
158.559936576,129.0954,125.257,-3.8383
158.59993655999997,129.0954,125.2722,-3.8232
158.639936544,129.0954,125.2873,-3.8081
158.67993652799998,129.0954,125.3024,-3.7929
158.719936512,129.0954,125.3176,-3.7778
158.75993649600002,129.0954,125.3327,-3.7627
158.79993647999999,129.0954,125.3479,-3.7475
158.839936464,129.0954,125.363,-3.7323
158.879936448,129.0954,125.3782,-3.7172
158.91993643200001,129.0954,125.3933,-3.7021
158.959936416,129.0954,125.4085,-3.6869
158.9999364,129.0954,125.4236,-3.6717
159.039936384,129.0954,125.4388,-3.6566
159.079936368,129.0954,125.4539,-3.6415
159.119936352,129.0954,125.4691,-3.6263
159.15993633600002,129.3969,125.4842,-3.9126
159.19993631999998,129.3969,125.4993,-3.8975
159.239936304,129.3969,125.5145,-3.8824
159.279936288,129.3969,125.5296,-3.8672
159.319936272,129.3969,125.5448,-3.8521
159.359936256,129.3969,125.5599,-3.8369
159.39993624,129.3969,125.5751,-3.8218
159.43993622399998,129.3969,125.5902,-3.8066
159.479936208,129.3969,125.6054,-3.7915
159.519936192,129.3969,125.6206,-3.7763
159.559936176,129.3969,125.6357,-3.7612
159.59993616,129.3969,125.6509,-3.746
159.639936144,129.3969,125.666,-3.7309
159.67993612799998,129.3969,125.6811,-3.7157
159.719936112,129.3969,125.6963,-3.7005
159.75993609600002,129.3969,125.7115,-3.6854
159.79993608,129.3969,125.7267,-3.6702
159.839936064,129.3969,125.7419,-3.655
159.879936048,129.3969,125.757,-3.6398
159.919936032,129.3969,125.7723,-3.6246
159.959936016,129.6984,125.7875,-3.9109
159.99993600000002,129.6984,125.8027,-3.8957
160.03993598399998,129.6984,125.8178,-3.8805
160.079935968,129.6984,125.8331,-3.8653
160.119935952,129.6984,125.8483,-3.8501
160.159935936,129.6984,125.8635,-3.8349
160.19993592,129.6984,125.8787,-3.8197
160.239935904,129.6984,125.8939,-3.8045
160.27993588799998,129.6984,125.9091,-3.7893
160.319935872,129.6984,125.9243,-3.7741
160.359935856,129.6984,125.9395,-3.7589
160.39993584,129.6984,125.9547,-3.7437
160.43993582399997,129.6984,125.9699,-3.7285
160.479935808,129.6984,125.9851,-3.7133
160.51993579199998,129.6984,126.0003,-3.698
160.559935776,129.6984,126.0156,-3.6828
160.59993576,129.6984,126.0308,-3.6675
160.63993574399998,129.6984,126.0461,-3.6523
160.67993572799998,129.6984,126.0613,-3.6371
160.719935712,129.6984,126.0766,-3.6218
160.759935696,129.9999,126.0919,-3.908
160.79993568,129.9999,126.1071,-3.8928
160.83993566400002,129.9999,126.1224,-3.8775
160.879935648,129.9999,126.1376,-3.8623
160.919935632,129.9999,126.1529,-3.847
160.959935616,129.9999,126.1681,-3.8318
160.99993560000001,129.9999,126.1834,-3.8165
161.039935584,129.9999,126.1987,-3.8012
161.079935568,129.9999,126.2139,-3.786
161.119935552,129.9999,126.2292,-3.7707
161.159935536,129.9999,126.2445,-3.7554
161.19993552,129.9999,126.2597,-3.7402
161.23993550400002,129.9999,126.275,-3.7249
161.27993548799998,129.9999,126.2902,-3.7097
161.319935472,129.9999,126.3055,-3.6944
161.359935456,129.9999,126.3207,-3.6792
161.39993544,129.9999,126.3359,-3.6639
161.439935424,129.9999,126.3513,-3.6486
161.479935408,129.9999,126.3665,-3.6334
161.51993539199998,129.9999,126.3818,-3.6181
161.559935376,130.0,126.3971,-3.6028
161.59993536,130.0,126.4124,-3.5875
161.639935344,130.0,126.4277,-3.5722
161.679935328,130.0,126.4429,-3.5569
161.719935312,130.0,126.4583,-3.5416
161.759935296,130.0,126.4735,-3.5264
161.79993528,130.0,126.4888,-3.5111
161.83993526400002,130.0,126.5041,-3.4958
161.87993524799998,130.0,126.5194,-3.4804
161.919935232,130.0,126.5348,-3.4651
161.959935216,130.0,126.5501,-3.4498
161.9999352,130.0,126.5653,-3.4345
162.039935184,130.0,126.5807,-3.4192
162.07993516800002,130.0,126.596,-3.4039
162.11993515199998,130.0,126.6113,-3.3885
162.159935136,130.0,126.6266,-3.3732
162.19993512,130.0,126.642,-3.3579
162.239935104,130.0,126.6573,-3.3426
162.279935088,130.0,126.6727,-3.3272
162.319935072,130.0,126.688,-3.3119
162.35993505599998,129.6984,126.7033,-2.9951
162.39993504,129.6984,126.7186,-2.9797
162.439935024,129.6984,126.734,-2.9644
162.479935008,129.6984,126.7493,-2.949
162.51993499199997,129.6984,126.7647,-2.9337
162.559934976,129.6984,126.78,-2.9184
162.59993495999998,129.6984,126.7953,-2.9031
162.639934944,129.6984,126.8106,-2.8877
162.679934928,129.6984,126.8259,-2.8724
162.71993491199999,129.6984,126.8412,-2.8571
162.759934896,129.6984,126.8565,-2.8419
162.79993488,129.6984,126.8718,-2.8265
162.839934864,129.6984,126.8872,-2.8112
162.879934848,129.6984,126.9025,-2.7959
162.919934832,129.6984,126.9177,-2.7806
162.959934816,129.6984,126.9331,-2.7653
162.9999348,129.6984,126.9484,-2.75
163.039934784,129.6984,126.9637,-2.7347
163.07993476800002,129.6984,126.979,-2.7194
163.11993475199998,129.6984,126.9943,-2.7041
163.159934736,129.3969,127.0095,-2.3873
163.19993472,129.3969,127.0248,-2.3721
163.239934704,129.3969,127.0401,-2.3568
163.279934688,129.3969,127.0553,-2.3415
163.31993467200002,129.3969,127.0706,-2.3262
163.35993465599998,129.3969,127.0859,-2.311
163.39993464,129.3969,127.1011,-2.2958
163.439934624,129.3969,127.1163,-2.2806
163.479934608,129.3969,127.1315,-2.2653
163.519934592,129.3969,127.1468,-2.2501
163.559934576,129.3969,127.162,-2.2349
163.59993455999998,129.3969,127.1773,-2.2196
163.639934544,129.3969,127.1924,-2.2044
163.679934528,129.3969,127.2076,-2.1893
163.719934512,129.3969,127.2227,-2.1742
163.759934496,129.3969,127.2378,-2.159
163.79993448,129.3969,127.2529,-2.1439
163.839934464,129.3969,127.268,-2.1288
163.879934448,129.3969,127.2832,-2.1137
163.91993443200002,129.3969,127.2982,-2.0987
163.95993441599998,129.0954,127.3133,-1.7821
163.9999344,129.0954,127.3283,-1.767
164.039934384,129.0954,127.3433,-1.7521
164.079934368,129.0954,127.3583,-1.737
164.119934352,129.0954,127.3733,-1.722
164.159934336,129.0954,127.3883,-1.7071
164.19993431999998,129.0954,127.4032,-1.6922
164.239934304,129.0954,127.4181,-1.6772
164.279934288,129.0954,127.433,-1.6624
164.319934272,129.0954,127.4479,-1.6475
164.35993425599997,129.0954,127.4627,-1.6327
164.39993424,129.0954,127.4775,-1.6179
164.43993422399998,129.0954,127.4923,-1.603
164.479934208,129.0954,127.5071,-1.5883
164.519934192,129.0954,127.5218,-1.5736
164.559934176,129.0954,127.5365,-1.5588
164.59993415999998,129.0954,127.5512,-1.5442
164.639934144,129.0954,127.5658,-1.5296
164.679934128,129.0954,127.5804,-1.515
164.719934112,129.0954,127.5949,-1.5004
164.75993409600002,128.7939,127.6095,-1.1844
164.79993407999999,128.7939,127.6239,-1.17
164.839934064,128.7939,127.6383,-1.1555
164.879934048,128.7939,127.6528,-1.1411
164.91993403200001,128.7939,127.6671,-1.1267
164.959934016,128.7939,127.6815,-1.1123
164.999934,128.7939,127.6957,-1.0981
165.039933984,128.7939,127.7099,-1.0839
165.079933968,128.7939,127.7241,-1.0698
165.119933952,128.7939,127.7382,-1.0556
165.15993393600002,128.7939,127.7523,-1.0415
165.19993391999998,128.7939,127.7664,-1.0275
165.239933904,128.7939,127.7804,-1.0135
165.279933888,128.7939,127.7943,-0.9995
165.319933872,128.7939,127.8082,-0.9857
165.359933856,128.7939,127.822,-0.9718
165.39993384,128.7939,127.8358,-0.9581
165.43993382399998,128.7939,127.8495,-0.9443
165.479933808,128.7939,127.8632,-0.9307
165.519933792,128.7939,127.8768,-0.9171
165.559933776,128.4924,127.8904,-0.602
165.59993375999997,128.4924,127.9038,-0.5885
165.639933744,128.4924,127.9173,-0.5751
165.679933728,128.4924,127.9306,-0.5617
165.719933712,128.4924,127.9439,-0.5484
165.75993369600002,128.4924,127.9572,-0.5351
165.79993368,128.4924,127.9704,-0.5219
165.839933664,128.4924,127.9836,-0.5088
165.879933648,128.4924,127.9966,-0.4957
165.919933632,128.4924,128.0097,-0.4827
165.959933616,128.4924,128.0227,-0.4697
165.99993360000002,128.4924,128.0355,-0.4569
166.03993358399998,128.4924,128.0483,-0.4441
166.079933568,128.4924,128.061,-0.4313
166.119933552,128.4924,128.0736,-0.4187
166.159933536,128.4924,128.0862,-0.4061
166.19993352,128.4924,128.0987,-0.3936
166.239933504,128.4924,128.1111,-0.3812
166.27993348799998,128.4924,128.1235,-0.3689
166.319933472,128.4924,128.1357,-0.3566
166.359933456,128.1909,128.1479,-0.0429
166.39993344,128.1909,128.16,-0.0308
166.43993342399997,128.1909,128.1721,-0.0188
166.479933408,128.1909,128.184,-0.0068
166.51993339199998,128.1909,128.1958,0.0049
166.559933376,128.1909,128.2076,0.0167
166.59993336,128.1909,128.2192,0.0283
166.63993334399999,128.1909,128.2309,0.0399
166.679933328,128.1909,128.2423,0.0514
166.719933312,128.1909,128.2537,0.0627
166.759933296,128.1909,128.265,0.0741
166.79993328,128.1909,128.2762,0.0853
166.839933264,128.1909,128.2874,0.0964
166.879933248,128.1909,128.2984,0.1075
166.919933232,128.1909,128.3093,0.1184
166.959933216,128.1909,128.3202,0.1293
166.99993320000002,128.1909,128.331,0.14
167.039933184,128.1909,128.3416,0.1507
167.079933168,128.1909,128.3522,0.1613
167.119933152,128.1909,128.3627,0.1717
167.159933136,127.8894,128.3731,0.4837
167.19993312,127.8894,128.3833,0.4939
167.23993310400002,127.8894,128.3936,0.5041
167.27993308799998,127.8894,128.4036,0.5142
167.319933072,127.8894,128.4136,0.5242
167.359933056,127.8894,128.4235,0.5341
167.39993304,127.8894,128.4333,0.5439
167.439933024,127.8894,128.4431,0.5536
167.479933008,127.8894,128.4527,0.5633
167.51993299199998,127.8894,128.4622,0.5727
167.559932976,127.8894,128.4716,0.5822
167.59993296,127.8894,128.4809,0.5915
167.639932944,127.8894,128.4901,0.6007
167.679932928,127.8894,128.4992,0.6097
167.719932912,127.8894,128.5081,0.6187
167.759932896,127.8894,128.517,0.6276
167.79993288,127.8894,128.5258,0.6364
167.83993286400002,127.8894,128.5345,0.6451
167.87993284799998,127.8894,128.5431,0.6537
167.919932832,127.8894,128.5516,0.6621
167.959932816,127.5879,128.56,0.972
167.9999328,127.5879,128.5682,0.9803
168.039932784,127.5879,128.5764,0.9884
168.079932768,127.5879,128.5844,0.9965
168.11993275199998,127.5879,128.5923,1.0044
168.159932736,127.5879,128.6002,1.0123
168.19993272,127.5879,128.6079,1.02
168.239932704,127.5879,128.6156,1.0276
168.279932688,127.5879,128.6231,1.0352
168.319932672,127.5879,128.6305,1.0425
168.35993265599998,127.5879,128.6378,1.0498
168.39993264,127.5879,128.645,1.057
168.439932624,127.5879,128.652,1.0641
168.479932608,127.5879,128.659,1.0711
168.51993259199998,127.5879,128.6658,1.0779
168.559932576,127.5879,128.6726,1.0847
168.59993255999998,127.5879,128.6792,1.0913
168.639932544,127.5879,128.6857,1.0978
168.67993252800002,127.5879,128.6922,1.1042
168.71993251199999,127.5879,128.6984,1.1105
168.759932496,127.2864,128.7046,1.4182
168.79993248,127.2864,128.7107,1.4243
168.83993246400001,127.2864,128.7166,1.4302
168.879932448,127.2864,128.7225,1.4361
168.919932432,127.2864,128.7282,1.4418
168.959932416,127.2864,128.7338,1.4474
168.9999324,127.2864,128.7394,1.4529
169.039932384,127.2864,128.7447,1.4583
169.07993236800002,127.2864,128.7501,1.4636
169.11993235199998,127.2864,128.7552,1.4688
169.159932336,127.2864,128.7602,1.4738
169.19993232,127.2864,128.7652,1.4788
169.239932304,127.2864,128.77,1.4836
169.279932288,127.2864,128.7748,1.4884
169.319932272,127.2864,128.7794,1.493
169.35993225599998,127.2864,128.7839,1.4975
169.39993224,127.2864,128.7883,1.5019
169.439932224,127.2864,128.7925,1.5061
169.479932208,127.2864,128.7967,1.5103
169.519932192,127.2864,128.8008,1.5143
169.559932176,126.9849,128.8047,1.8198
169.59993215999998,126.9849,128.8086,1.8236
169.639932144,126.9849,128.8123,1.8273
169.67993212800002,126.9849,128.8159,1.831
169.719932112,126.9849,128.8193,1.8344
169.759932096,126.9849,128.8227,1.8378
169.79993208,126.9849,128.8261,1.8412
169.839932064,126.9849,128.8292,1.8443
169.879932048,126.9849,128.8323,1.8474
169.91993203200002,126.9849,128.8353,1.8504
169.95993201599998,126.9849,128.8382,1.8532
169.999932,126.9849,128.8409,1.856
170.039931984,126.9849,128.8436,1.8586
170.079931968,126.9849,128.8461,1.8612
170.119931952,126.9849,128.8486,1.8637
170.159931936,126.9849,128.8509,1.866
170.19993191999998,126.9849,128.8532,1.8683
170.239931904,126.9849,128.8553,1.8704
170.279931888,126.9849,128.8573,1.8724
170.319931872,126.9849,128.8593,1.8744
170.35993185599997,126.6834,128.8611,2.1777
170.39993184,126.6834,128.8628,2.1794
170.43993182399998,126.6834,128.8645,2.181
170.479931808,126.6834,128.8659,2.1825
170.519931792,126.6834,128.8673,2.184
170.55993177599998,126.6834,128.8686,2.1852
170.59993176,126.6834,128.8699,2.1865
170.639931744,126.6834,128.8709,2.1875
170.679931728,126.6834,128.8719,2.1885
170.719931712,126.6834,128.8728,2.1894
170.75993169600002,126.6834,128.8736,2.1902
170.79993168,126.6834,128.8744,2.191
170.839931664,126.6834,128.875,2.1916
170.879931648,126.6834,128.8755,2.1921
170.91993163200002,126.6834,128.8759,2.1925
170.959931616,126.6834,128.8762,2.1928
170.9999316,126.6834,128.8765,2.1931
171.039931584,126.6834,128.8767,2.1932
171.079931568,126.6834,128.8767,2.1933
171.119931552,126.6834,128.8767,2.1933
171.15993153600002,126.3818,128.8765,2.4946
171.19993151999998,126.3818,128.8764,2.4945
171.239931504,126.3818,128.876,2.4941
171.279931488,126.3818,128.8756,2.4937
171.319931472,126.3818,128.8752,2.4933
171.359931456,126.3818,128.8746,2.4927
171.39993144,126.3818,128.8739,2.4921
171.43993142399998,126.3818,128.8732,2.4913
171.479931408,126.3818,128.8723,2.4904
171.519931392,126.3818,128.8714,2.4896
171.559931376,126.3818,128.8704,2.4885
171.59993136,126.3818,128.8693,2.4874
171.639931344,126.3818,128.8681,2.4862
171.679931328,126.3818,128.8668,2.485
171.719931312,126.3818,128.8655,2.4836
171.75993129600002,126.3818,128.8641,2.4822
171.79993127999998,126.3818,128.8626,2.4807
171.839931264,126.3818,128.861,2.4791
171.879931248,126.3818,128.8593,2.4774
171.919931232,126.3818,128.8576,2.4757
171.959931216,126.0803,128.8558,2.7754
171.99993120000002,126.0803,128.8539,2.7735
172.03993118399998,126.0803,128.8519,2.7715
172.079931168,126.0803,128.8498,2.7694
172.119931152,126.0803,128.8477,2.7673
172.159931136,126.0803,128.8454,2.7651
172.19993112,126.0803,128.8432,2.7628
172.239931104,126.0803,128.8408,2.7604
172.27993108799998,126.0803,128.8383,2.7579
172.319931072,126.0803,128.8358,2.7554
172.359931056,126.0803,128.8332,2.7528
172.39993104,126.0803,128.8305,2.7501
172.43993102399997,126.0803,128.8277,2.7473
172.479931008,126.0803,128.8249,2.7445
172.51993099199998,126.0803,128.8221,2.7417
172.559930976,126.0803,128.8191,2.7387
172.59993096,126.0803,128.8161,2.7357
172.63993094399999,126.0803,128.813,2.7326
172.679930928,126.0803,128.8098,2.7294
172.719930912,126.0803,128.8066,2.7262
172.75993089600001,125.7788,128.8033,3.0244
172.79993088,125.7788,128.8,3.0211
172.839930864,125.7788,128.7965,3.0176
172.879930848,125.7788,128.793,3.0141
172.919930832,125.7788,128.7894,3.0105
172.959930816,125.7788,128.7857,3.0068
172.99993080000002,125.7788,128.782,3.0031
173.03993078399998,125.7788,128.7782,2.9993
173.079930768,125.7788,128.7743,2.9954
173.119930752,125.7788,128.7703,2.9914
173.159930736,125.7788,128.7663,2.9874
173.19993072,125.7788,128.7622,2.9834
173.23993070400002,125.7788,128.7581,2.9792
173.27993068799998,125.7788,128.7539,2.975
173.319930672,125.7788,128.7496,2.9707
173.359930656,125.7788,128.7453,2.9664
173.39993064,125.7788,128.7409,2.962
173.439930624,125.7788,128.7364,2.9575
173.479930608,125.7788,128.7318,2.953
173.51993059199998,125.7788,128.7273,2.9484
173.559930576,125.4773,128.7226,3.2452
173.59993056000002,125.4773,128.7179,3.2405
173.639930544,125.4773,128.7131,3.2357
173.679930528,125.4773,128.7082,3.2308
173.719930512,125.4773,128.7033,3.2259
173.759930496,125.4773,128.6983,3.221
173.79993048,125.4773,128.6933,3.2159
173.83993046400002,125.4773,128.6882,3.2109
173.87993044799998,125.4773,128.6831,3.2057
173.919930432,125.4773,128.6779,3.2005
173.959930416,125.4773,128.6726,3.1952
173.9999304,125.4773,128.6672,3.1898
174.039930384,125.4773,128.6618,3.1844
174.079930368,125.4773,128.6563,3.1789
174.11993035199998,125.4773,128.6508,3.1734
174.159930336,125.4773,128.6452,3.1679
174.19993032,125.4773,128.6395,3.1622
174.239930304,125.4773,128.6338,3.1564
174.27993028799997,125.4773,128.628,3.1506
174.319930272,125.4773,128.6222,3.1448
174.35993025599998,125.1758,128.6163,3.4404
174.39993024,125.1758,128.6103,3.4344
174.439930224,125.1758,128.6043,3.4284
174.479930208,125.1758,128.5982,3.4223
174.51993019199998,125.1758,128.592,3.4162
174.559930176,125.1758,128.5858,3.41
174.59993016,125.1758,128.5795,3.4037
174.639930144,125.1758,128.5732,3.3973
174.67993012800002,125.1758,128.5668,3.3909
174.719930112,125.1758,128.5603,3.3845
174.759930096,125.1758,128.5539,3.378
174.79993008,125.1758,128.5473,3.3714
174.83993006400001,125.1758,128.5407,3.3648
174.879930048,125.1758,128.534,3.3582
174.919930032,125.1758,128.5273,3.3515
174.959930016,125.1758,128.5205,3.3447
174.99993,125.1758,128.5137,3.3378
175.039929984,125.1758,128.5068,3.3309
175.07992996800002,125.1758,128.4998,3.3239
175.11992995199998,125.1758,128.4928,3.317
175.159929936,124.8743,128.4857,3.6114
175.19992992,124.8743,128.4786,3.6042
175.239929904,124.8743,128.4715,3.5971
175.279929888,124.8743,128.4642,3.5899
175.319929872,124.8743,128.4569,3.5826
175.35992985599998,124.8743,128.4496,3.5753
175.39992984,124.8743,128.4422,3.5679
175.439929824,124.8743,128.4348,3.5605
175.479929808,124.8743,128.4273,3.553
175.51992979199997,124.8743,128.4198,3.5455
175.559929776,124.8743,128.4123,3.5379
175.59992976,124.8743,128.4046,3.5303
175.639929744,124.8743,128.397,3.5227
175.67992972800002,124.8743,128.3892,3.5149
175.71992971199998,124.8743,128.3814,3.5071
175.759929696,124.8743,128.3736,3.4993
175.79992968,124.8743,128.3657,3.4913
175.839929664,124.8743,128.3578,3.4834
175.879929648,124.8743,128.3498,3.4754
175.91992963200002,124.8743,128.3417,3.4674
175.95992961599998,124.5728,128.3337,3.7608
175.9999296,124.5728,128.3256,3.7527
176.039929584,124.5728,128.3174,3.7446
176.079929568,124.5728,128.3092,3.7364
176.119929552,124.5728,128.301,3.7281
176.159929536,124.5728,128.2927,3.7199
176.19992951999998,124.5728,128.2845,3.7116
176.239929504,124.5728,128.2761,3.7033
176.279929488,124.5728,128.2677,3.6949
176.319929472,124.5728,128.2593,3.6865
176.35992945599997,124.5728,128.2508,3.678
176.39992944,124.5728,128.2423,3.6695
176.43992942399998,124.5728,128.2338,3.661
176.479929408,124.5728,128.2252,3.6523
176.519929392,124.5728,128.2166,3.6437
176.55992937599999,124.5728,128.2079,3.635
176.59992936,124.5728,128.1992,3.6263
176.639929344,124.5728,128.1904,3.6176
176.67992932800001,124.5728,128.1817,3.6088
176.719929312,124.5728,128.1728,3.6
176.759929296,124.2713,128.164,3.8927
176.79992928,124.2713,128.1551,3.8838
176.839929264,124.2713,128.1462,3.8749
176.879929248,124.2713,128.1373,3.8659
176.91992923200002,124.2713,128.1283,3.857
176.95992921599998,124.2713,128.1193,3.8479
176.9999292,124.2713,128.1102,3.8388
177.039929184,124.2713,128.101,3.8297
177.079929168,124.2713,128.0918,3.8205
177.119929152,124.2713,128.0827,3.8113
177.15992913600002,124.2713,128.0734,3.8021
177.19992911999998,124.2713,128.0642,3.7928
177.239929104,124.2713,128.0549,3.7835
177.279929088,124.2713,128.0456,3.7742
177.319929072,124.2713,128.0362,3.7648
177.359929056,124.2713,128.0268,3.7554
177.39992904,124.2713,128.0173,3.746
177.43992902399998,124.2713,128.0079,3.7365
177.479929008,124.2713,127.9984,3.7271
177.519928992,124.2713,127.9889,3.7175
177.559928976,123.9698,127.9793,4.0095
177.59992896,123.9698,127.9697,3.9999
177.639928944,123.9698,127.9601,3.9903
177.679928928,123.9698,127.9504,3.9806
177.719928912,123.9698,127.9408,3.9709
177.75992889600002,123.9698,127.931,3.9612
177.79992887999998,123.9698,127.9213,3.9515
177.839928864,123.9698,127.9115,3.9417
177.879928848,123.9698,127.9017,3.9319
177.919928832,123.9698,127.8919,3.922
177.959928816,123.9698,127.882,3.9121
177.9999288,123.9698,127.872,3.9022
178.03992878399998,123.9698,127.8621,3.8923
178.079928768,123.9698,127.8522,3.8823
178.119928752,123.9698,127.8422,3.8723
178.159928736,123.9698,127.8322,3.8624
178.19992871999997,123.9698,127.8222,3.8523
178.239928704,123.9698,127.8121,3.8423
178.27992868799998,123.9698,127.802,3.8322
178.319928672,123.9698,127.7918,3.822
178.359928656,123.6683,127.7817,4.1133
178.39992864,123.6683,127.7715,4.1031
178.43992862399998,123.6683,127.7613,4.0929
178.479928608,123.6683,127.751,4.0827
178.51992859199999,123.6683,127.7407,4.0724
178.559928576,123.6683,127.7304,4.0621
178.59992856000002,123.6683,127.7201,4.0517
178.63992854399999,123.6683,127.7097,4.0414
178.679928528,123.6683,127.6993,4.031
178.719928512,123.6683,127.6888,4.0205
178.75992849600001,123.6683,127.6784,4.0101
178.79992848,123.6683,127.6679,3.9996
178.839928464,123.6683,127.6574,3.989
178.879928448,123.6683,127.6469,3.9786
178.919928432,123.6683,127.6363,3.968
178.959928416,123.6683,127.6257,3.9574
178.99992840000002,123.6683,127.6151,3.9468
179.03992838399998,123.6683,127.6045,3.9361
179.079928368,123.6683,127.5938,3.9255
179.119928352,123.6683,127.583,3.9147
179.159928336,123.3668,127.5723,4.2054
179.19992832,123.3668,127.5614,4.1946
179.239928304,123.3668,127.5506,4.1838
179.27992828799998,123.3668,127.5398,4.173
179.319928272,123.3668,127.5289,4.1621
179.359928256,123.3668,127.518,4.1512
179.39992824,123.3668,127.507,4.1402
179.43992822399997,123.3668,127.4961,4.1292
179.479928208,123.3668,127.4851,4.1183
179.51992819199998,123.3668,127.474,4.1072
179.559928176,123.3668,127.463,4.0962
179.59992816000002,123.3668,127.4519,4.0851
179.639928144,123.3668,127.4408,4.074
179.679928128,123.3668,127.4297,4.0629
179.719928112,123.3668,127.4186,4.0518
179.759928096,123.3668,127.4075,4.0406
179.79992808,123.3668,127.3962,4.0294
179.83992806400002,123.3668,127.385,4.0181
179.87992804799998,123.3668,127.3737,4.0069
179.919928032,123.3668,127.3624,3.9956
179.959928016,123.0653,127.3512,4.2859
179.999928,123.0653,127.3398,4.2745
180.039927984,123.0653,127.3284,4.2631
180.079927968,123.0653,127.317,4.2517
180.11992795199998,123.0653,127.3055,4.2402
180.159927936,123.0653,127.2941,4.2288
180.19992792,123.0653,127.2826,4.2173
180.239927904,123.0653,127.2712,4.2059
180.27992788799997,123.0653,127.2597,4.1944
180.319927872,123.0653,127.2481,4.1828
180.35992785599998,123.0653,127.2366,4.1712
180.39992784,123.0653,127.2249,4.1596
180.439927824,123.0653,127.2134,4.148
180.47992780799999,123.0653,127.2017,4.1364
180.51992779199998,123.0653,127.1901,4.1248
180.559927776,123.0653,127.1784,4.1131
180.59992776,123.0653,127.1668,4.1014
180.639927744,123.0653,127.155,4.0897
180.679927728,123.0653,127.1433,4.078
180.719927712,123.0653,127.1315,4.0662
180.759927696,122.7637,127.1197,4.3559
180.79992768,122.7637,127.1079,4.3441
180.83992766400002,122.7637,127.0961,4.3323
180.879927648,122.7637,127.0843,4.3205
180.919927632,122.7637,127.0724,4.3086
180.959927616,122.7637,127.0606,4.2968
180.9999276,122.7637,127.0487,4.2849
181.039927584,122.7637,127.0367,4.2729
181.07992756800002,122.7637,127.0248,4.261
181.11992755199998,122.7637,127.0128,4.249
181.159927536,122.7637,127.0009,4.2371
181.19992752,122.7637,126.9889,4.2251
181.239927504,122.7637,126.9769,4.2131
181.279927488,122.7637,126.9648,4.201
181.319927472,122.7637,126.9527,4.1889
181.35992745599998,122.7637,126.9407,4.1769
181.39992744,122.7637,126.9286,4.1648
181.439927424,122.7637,126.9164,4.1526
181.479927408,122.7637,126.9043,4.1405
181.519927392,122.7637,126.8922,4.1284
181.559927376,122.4623,126.8801,4.4178
181.59992736,122.4623,126.8679,4.4056
181.639927344,122.4623,126.8557,4.3934
181.67992732800002,122.4623,126.8435,4.3812
181.71992731199998,122.4623,126.8313,4.369
181.759927296,122.4623,126.819,4.3567
181.79992728,122.4623,126.8068,4.3445
181.839927264,122.4623,126.7945,4.3322
181.879927248,122.4623,126.7823,4.32
181.919927232,122.4623,126.77,4.3077
181.95992721599998,122.4623,126.7576,4.2953
181.9999272,122.4623,126.7453,4.283
182.039927184,122.4623,126.7329,4.2706
182.079927168,122.4623,126.7206,4.2583
182.119927152,122.4623,126.7081,4.2458
182.159927136,122.4623,126.6957,4.2334
182.19992711999998,122.4623,126.6833,4.221
182.239927104,122.4623,126.6708,4.2085
182.279927088,122.4623,126.6584,4.1961
182.319927072,122.4623,126.646,4.1837
182.35992705599998,122.1607,126.6335,4.4727
182.39992704,122.1607,126.621,4.4602
182.43992702399999,122.1607,126.6084,4.4476
182.479927008,122.1607,126.5959,4.4351
182.519926992,122.1607,126.5833,4.4226
182.55992697599999,122.1607,126.5708,4.41
182.59992696,122.1607,126.5582,4.3974
182.639926944,122.1607,126.5456,4.3848
182.67992692800001,122.1607,126.533,4.3722
182.719926912,122.1607,126.5203,4.3595
182.759926896,122.1607,126.5077,4.3469
182.79992688,122.1607,126.495,4.3342
182.839926864,122.1607,126.4823,4.3215
182.879926848,122.1607,126.4696,4.3088
182.91992683200002,122.1607,126.4568,4.2961
182.95992681599998,122.1607,126.4441,4.2833
182.9999268,122.1607,126.4314,4.2706
183.039926784,122.1607,126.4186,4.2578
183.079926768,122.1607,126.4058,4.245
183.119926752,122.1607,126.393,4.2322
183.159926736,121.8592,126.3802,4.5209
183.19992671999998,121.8592,126.3673,4.5081
183.239926704,121.8592,126.3545,4.4952
183.279926688,121.8592,126.3417,4.4824
183.319926672,121.8592,126.3289,4.4696
183.359926656,121.8592,126.316,4.4567
183.39992664,121.8592,126.3031,4.4438
183.43992662399998,121.8592,126.2902,4.4309
183.479926608,121.8592,126.2773,4.418
183.519926592,121.8592,126.2643,4.4051
183.559926576,121.8592,126.2514,4.3921
183.59992656,121.8592,126.2385,4.3792
183.639926544,121.8592,126.2255,4.3662
183.679926528,121.8592,126.2125,4.3532
183.719926512,121.8592,126.1995,4.3402
183.75992649600002,121.8592,126.1864,4.3272
183.79992647999998,121.8592,126.1734,4.3141
183.839926464,121.8592,126.1603,4.3011
183.879926448,121.8592,126.1473,4.288
183.919926432,121.8592,126.1342,4.2749
183.959926416,121.5577,126.1212,4.5634
183.9999264,121.5577,126.1081,4.5503
184.03992638399998,121.5577,126.0948,4.5371
184.079926368,121.5577,126.0817,4.5239
184.119926352,121.5577,126.0686,4.5108
184.159926336,121.5577,126.0553,4.4976
184.19992631999997,121.5577,126.0422,4.4844
184.239926304,121.5577,126.029,4.4712
184.27992628799998,121.5577,126.0158,4.458
184.319926272,121.5577,126.0025,4.4448
184.359926256,121.5577,125.9893,4.4315
184.39992623999999,121.5577,125.976,4.4183
184.43992622399998,121.5577,125.9627,4.405
184.479926208,121.5577,125.9495,4.3917
184.519926192,121.5577,125.9361,4.3784
184.559926176,121.5577,125.9228,4.365
184.59992616000002,121.5577,125.9095,4.3517
184.639926144,121.5577,125.8961,4.3383
184.679926128,121.5577,125.8828,4.325
184.719926112,121.5577,125.8693,4.3116
184.75992609600002,121.2562,125.8559,4.5996
184.79992608,121.2562,125.8425,4.5862
184.839926064,121.2562,125.8291,4.5728
184.879926048,121.2562,125.8156,4.5593
184.919926032,121.2562,125.8022,4.5459
184.959926016,121.2562,125.7887,4.5324
184.99992600000002,121.2562,125.7752,4.519
185.03992598399998,121.2562,125.7617,4.5054
185.079925968,121.2562,125.7482,4.4919
185.119925952,121.2562,125.7347,4.4784
185.159925936,121.2562,125.7212,4.4649
185.19992592,121.2562,125.7077,4.4514
185.239925904,121.2562,125.6942,4.4379
185.27992588799998,121.2562,125.6806,4.4243
185.319925872,121.2562,125.6671,4.4108
185.359925856,121.2562,125.6535,4.3972
185.39992584,121.2562,125.6399,4.3837
185.43992582399997,121.2562,125.6263,4.37
185.479925808,121.2562,125.6127,4.3564
185.519925792,121.2562,125.599,4.3428
185.559925776,120.9547,125.5855,4.6307
185.59992576000002,120.9547,125.5718,4.6171
185.63992574399998,120.9547,125.5582,4.6035
185.679925728,120.9547,125.5446,4.5898
185.719925712,120.9547,125.5309,4.5762
185.759925696,120.9547,125.5172,4.5625
185.79992568,120.9547,125.5036,4.5488
185.83992566400002,120.9547,125.4899,4.5351
185.87992564799998,120.9547,125.4762,4.5214
185.919925632,120.9547,125.4625,4.5078
185.959925616,120.9547,125.4488,4.494
185.9999256,120.9547,125.4351,4.4803
186.039925584,120.9547,125.4213,4.4666
186.079925568,120.9547,125.4076,4.4528
186.11992555199998,120.9547,125.3939,4.4391
186.159925536,120.9547,125.3801,4.4253
186.19992552,120.9547,125.3664,4.4116
186.239925504,120.9547,125.3526,4.3978
186.27992548799998,120.9547,125.3388,4.3841
186.319925472,120.9547,125.3251,4.3703
186.35992545599998,120.6532,125.3113,4.658
186.39992544,120.6532,125.2975,4.6442
186.439925424,120.6532,125.2837,4.6304
186.47992540799999,120.6532,125.2698,4.6166
186.519925392,120.6532,125.256,4.6028
186.559925376,120.6532,125.2422,4.5889
186.59992536000001,120.6532,125.2283,4.5751
186.639925344,120.6532,125.2144,4.5612
186.679925328,120.6532,125.2006,4.5473
186.719925312,120.6532,125.1866,4.5334
186.759925296,120.6532,125.1728,4.5195
186.79992528,120.6532,125.1588,4.5056
186.83992526400002,120.6532,125.1449,4.4916
186.87992524799998,120.6532,125.131,4.4777
186.919925232,120.6532,125.117,4.4638
186.959925216,120.6532,125.1031,4.4498
186.9999252,120.6532,125.0891,4.4359
187.039925184,120.6532,125.0751,4.4219
187.07992516800002,120.6532,125.0612,4.4079
187.11992515199998,120.6532,125.0472,4.394
187.159925136,120.3517,125.0332,4.6815
187.19992512,120.3517,125.0192,4.6675
187.239925104,120.3517,125.0053,4.6535
187.279925088,120.3517,124.9913,4.6396
187.319925072,120.3517,124.9773,4.6255
187.35992505599998,120.3517,124.9633,4.6115
187.39992504,120.3517,124.9492,4.5975
187.439925024,120.3517,124.9352,4.5834
187.479925008,120.3517,124.9211,4.5694
187.519924992,120.3517,124.907,4.5553
187.559924976,120.3517,124.893,4.5412
187.59992496,120.3517,124.8789,4.5272
187.639924944,120.3517,124.8648,4.5131
187.67992492800002,120.3517,124.8507,4.4989
187.71992491199998,120.3517,124.8366,4.4848
187.759924896,120.3517,124.8224,4.4707
187.79992488,120.3517,124.8083,4.4566
187.839924864,120.3517,124.7942,4.4424
187.879924848,120.3517,124.78,4.4283
187.919924832,120.3517,124.7659,4.4141
187.95992481599998,120.0502,124.7517,4.7015
187.9999248,120.0502,124.7376,4.6874
188.039924784,120.0502,124.7234,4.6732
188.079924768,120.0502,124.7093,4.659
188.11992475199997,120.0502,124.6951,4.6448
188.159924736,120.0502,124.6808,4.6306
188.19992471999998,120.0502,124.6666,4.6163
188.239924704,120.0502,124.6524,4.6022
188.279924688,120.0502,124.6382,4.5879
188.319924672,120.0502,124.624,4.5737
188.35992465599998,120.0502,124.6097,4.5594
188.39992464,120.0502,124.5954,4.5451
188.43992462399999,120.0502,124.5811,4.5308
188.479924608,120.0502,124.5668,4.5165
188.51992459200002,120.0502,124.5525,4.5023
188.559924576,120.0502,124.5382,4.4879
188.59992456,120.0502,124.5239,4.4737
188.639924544,120.0502,124.5096,4.4593
188.67992452800002,120.0502,124.4953,4.445
188.719924512,120.0502,124.481,4.4307
188.759924496,119.7487,124.4666,4.7178
188.79992448,119.7487,124.4523,4.7035
188.839924464,119.7487,124.4379,4.6892
188.879924448,119.7487,124.4235,4.6748
188.91992443200002,119.7487,124.4092,4.6604
188.95992441599998,119.7487,124.3948,4.6461
188.9999244,119.7487,124.3804,4.6317
189.039924384,119.7487,124.366,4.6173
189.079924368,119.7487,124.3516,4.6029
189.119924352,119.7487,124.3372,4.5885
189.159924336,119.7487,124.3228,4.5741
189.19992431999998,119.7487,124.3084,4.5597
189.239924304,119.7487,124.294,4.5453
189.279924288,119.7487,124.2796,4.5308
189.319924272,119.7487,124.2651,4.5164
189.35992425599997,119.7487,124.2506,4.5019
189.39992424,119.7487,124.2362,4.4874
189.43992422399998,119.7487,124.2217,4.473
189.479924208,119.7487,124.2072,4.4585
189.51992419200002,119.7487,124.1927,4.444
189.559924176,119.4472,124.1782,4.731
189.59992416,119.4472,124.1637,4.7165
189.639924144,119.4472,124.1492,4.702
189.679924128,119.4472,124.1346,4.6874
189.719924112,119.4472,124.1201,4.6729
189.75992409600002,119.4472,124.1056,4.6584
189.79992407999998,119.4472,124.0911,4.6439
189.839924064,119.4472,124.0766,4.6294
189.879924048,119.4472,124.0621,4.6148
189.919924032,119.4472,124.0475,4.6003
189.959924016,119.4472,124.0329,4.5857
189.999924,119.4472,124.0184,4.5712
190.03992398399998,119.4472,124.0039,4.5566
190.079923968,119.4472,123.9893,4.5421
190.119923952,119.4472,123.9748,4.5275
190.159923936,119.4472,123.9602,4.513
190.19992391999997,119.4472,123.9456,4.4984
190.239923904,119.4472,123.931,4.4838
190.27992388799998,119.4472,123.9164,4.4691
190.319923872,119.4472,123.9018,4.4545
190.359923856,119.1457,123.8871,4.7414
190.39992383999999,119.1457,123.8725,4.7268
190.439923824,119.1457,123.8579,4.7122
190.479923808,119.1457,123.8432,4.6975
190.51992379200001,119.1457,123.8286,4.6829
190.559923776,119.1457,123.8139,4.6682
190.59992376,119.1457,123.7993,4.6536
190.639923744,119.1457,123.7847,4.639
190.679923728,119.1457,123.77,4.6243
190.719923712,119.1457,123.7554,4.6097
190.75992369600002,119.1457,123.7407,4.595
190.79992368,119.1457,123.7261,4.5804
190.839923664,119.1457,123.7114,4.5657
190.879923648,119.1457,123.6968,4.5511
190.919923632,119.1457,123.6822,4.5365
190.959923616,119.1457,123.6676,4.5219
190.99992360000002,119.1457,123.6529,4.5072
191.03992358399998,119.1457,123.6382,4.4925
191.079923568,119.1457,123.6235,4.4778
191.119923552,119.1457,123.6089,4.4632
191.159923536,118.8442,123.5942,4.75
191.19992352,118.8442,123.5794,4.7352
191.239923504,118.8442,123.5648,4.7205
191.27992348799998,118.8442,123.55,4.7058
191.319923472,118.8442,123.5353,4.6911
191.359923456,118.8442,123.5207,4.6765
191.39992344,118.8442,123.506,4.6618
191.439923424,118.8442,123.4913,4.6471
191.479923408,118.8442,123.4765,4.6323
191.519923392,118.8442,123.4618,4.6176
191.559923376,118.8442,123.4471,4.6029
191.59992336000002,118.8442,123.4325,4.5882
191.63992334399998,118.8442,123.4177,4.5735
191.679923328,118.8442,123.403,4.5588
191.719923312,118.8442,123.3882,4.544
191.759923296,118.8442,123.3735,4.5293
191.79992328,118.8442,123.3587,4.5145
191.839923264,118.8442,123.3439,4.4997
191.87992324799998,118.8442,123.3292,4.485
191.919923232,118.8442,123.3144,4.4702
191.959923216,118.5426,123.2997,4.757
191.9999232,118.5426,123.2849,4.7422
192.039923184,118.5426,123.2702,4.7275
192.079923168,118.5426,123.2554,4.7127
192.11992315199998,118.5426,123.2407,4.698
192.159923136,118.5426,123.2259,4.6832
192.19992312,118.5426,123.2111,4.6684
192.239923104,118.5426,123.1964,4.6537
192.27992308799998,118.5426,123.1816,4.6389
192.319923072,118.5426,123.1668,4.6241
192.35992305599999,118.5426,123.1521,4.6094
192.39992304,118.5426,123.1373,4.5946
192.439923024,118.5426,123.1225,4.5798
192.479923008,118.5426,123.1077,4.565
192.519922992,118.5426,123.0929,4.5502
192.559922976,118.5426,123.0781,4.5354
192.59992296000001,118.5426,123.0633,4.5206
192.639922944,118.5426,123.0485,4.5058
192.679922928,118.5426,123.0337,4.491
192.719922912,118.5426,123.0189,4.4762
192.759922896,118.2411,123.004,4.7628
192.79992288,118.2411,122.9892,4.748
192.83992286400002,118.2411,122.9743,4.7331
192.87992284799998,118.2411,122.9594,4.7182
192.919922832,118.2411,122.9445,4.7033
192.959922816,118.2411,122.9297,4.6885
192.9999228,118.2411,122.9148,4.6736
193.039922784,118.2411,122.9,4.6587
193.079922768,118.2411,122.8851,4.6439
193.11992275199998,118.2411,122.8702,4.629
193.159922736,118.2411,122.8554,4.6142
193.19992272,118.2411,122.8405,4.5993
193.239922704,118.2411,122.8257,4.5845
193.279922688,118.2411,122.8107,4.5696
193.319922672,118.2411,122.7958,4.5546
193.35992265599998,118.2411,122.781,4.5398
193.39992264,118.2411,122.766,4.5248
193.43992262400002,118.2411,122.7511,4.5099
193.479922608,118.2411,122.7362,4.495
193.519922592,118.2411,122.7213,4.4801
193.559922576,117.9396,122.7064,4.7667
193.59992256,117.9396,122.6915,4.7518
193.639922544,117.9396,122.6765,4.7368
193.67992252800002,117.9396,122.6616,4.7219
193.71992251199998,117.9396,122.6466,4.707
193.759922496,117.9396,122.6317,4.692
193.79992248,117.9396,122.6168,4.6771
193.839922464,117.9396,122.6018,4.6621
193.879922448,117.9396,122.5869,4.6472
193.919922432,117.9396,122.5719,4.6322
193.95992241599998,117.9396,122.557,4.6173
193.9999224,117.9396,122.542,4.6023
194.039922384,117.9396,122.527,4.5873
194.079922368,117.9396,122.512,4.5723
194.11992235199997,117.9396,122.497,4.5573
194.159922336,117.9396,122.482,4.5423
194.19992231999998,117.9396,122.467,4.5274
194.239922304,117.9396,122.4521,4.5124
194.279922288,117.9396,122.4371,4.4974
194.31992227199999,117.9396,122.4221,4.4824
194.35992225599998,117.6381,122.4071,4.7689
194.39992224,117.6381,122.392,4.7539
194.43992222400001,117.6381,122.377,4.7388
194.479922208,117.6381,122.362,4.7239
194.51992219200002,117.6381,122.347,4.7088
194.559922176,117.6381,122.332,4.6938
194.59992216,117.6381,122.3169,4.6787
194.639922144,117.6381,122.3018,4.6637
194.67992212800002,117.6381,122.2868,4.6486
194.719922112,117.6381,122.2717,4.6335
194.759922096,117.6381,122.2566,4.6185
194.79992208,117.6381,122.2416,4.6034
194.839922064,117.6381,122.2265,4.5883
194.879922048,117.6381,122.2115,4.5733
194.91992203200002,117.6381,122.1964,4.5582
194.95992201599998,117.6381,122.1814,4.5432
194.999922,117.6381,122.1664,4.5282
195.039921984,117.6381,122.1513,4.5131
195.079921968,117.6381,122.1362,4.498
195.119921952,117.6381,122.1211,4.4829
195.159921936,117.3366,122.106,4.7693
195.19992191999998,117.3366,122.0909,4.7543
195.239921904,117.3366,122.0758,4.7391
195.279921888,117.3366,122.0607,4.724
195.319921872,117.3366,122.0456,4.7089
195.35992185599997,117.3366,122.0305,4.6938
195.39992184,117.3366,122.0154,4.6787
195.439921824,117.3366,122.0002,4.6635
195.479921808,117.3366,121.9851,4.6484
195.51992179200002,117.3366,121.97,4.6333
195.55992177599998,117.3366,121.9548,4.6181
195.59992176,117.3366,121.9397,4.603
195.639921744,117.3366,121.9245,4.5878
195.679921728,117.3366,121.9094,4.5727
195.719921712,117.3366,121.8942,4.5575
195.75992169600002,117.3366,121.8791,4.5424
195.79992167999998,117.3366,121.864,4.5273
195.839921664,117.3366,121.8488,4.5121
195.879921648,117.3366,121.8337,4.497
195.919921632,117.3366,121.8185,4.4819
195.959921616,117.0351,121.8034,4.7682
195.9999216,117.0351,121.7883,4.7531
196.03992158399998,117.0351,121.7731,4.738
196.079921568,117.0351,121.758,4.7229
196.119921552,117.0351,121.7429,4.7077
196.159921536,117.0351,121.7277,4.6925
196.19992151999998,117.0351,121.7126,4.6774
196.239921504,117.0351,121.6974,4.6622
196.27992148799999,117.0351,121.6822,4.6471
196.319921472,117.0351,121.6671,4.6319
196.359921456,117.0351,121.6519,4.6167
196.39992143999999,117.0351,121.6367,4.6016
196.439921424,117.0351,121.6215,4.5864
196.479921408,117.0351,121.6064,4.5712
196.51992139200001,117.0351,121.5913,4.5561
196.559921376,117.0351,121.5761,4.5409
196.59992136,117.0351,121.561,4.5258
196.639921344,117.0351,121.5458,4.5107
196.679921328,117.0351,121.5307,4.4955
196.719921312,117.0351,121.5155,4.4803
196.75992129600002,116.7336,121.5003,4.7666
196.79992127999998,116.7336,121.4851,4.7515
196.839921264,116.7336,121.4699,4.7363
196.879921248,116.7336,121.4548,4.7211
196.919921232,116.7336,121.4396,4.706
196.959921216,116.7336,121.4244,4.6907
196.99992120000002,116.7336,121.4093,4.6756
197.03992118399998,116.7336,121.3941,4.6604
197.079921168,116.7336,121.3789,4.6452
197.119921152,116.7336,121.3637,4.63
197.159921136,116.7336,121.3484,4.6148
197.19992112,116.7336,121.3333,4.5996
197.239921104,116.7336,121.3181,4.5844
197.27992108799998,116.7336,121.3029,4.5693
197.319921072,116.7336,121.2877,4.5541
197.359921056,116.7336,121.2725,4.5388
197.39992104,116.7336,121.2573,4.5237
197.439921024,116.7336,121.2421,4.5084
197.479921008,116.7336,121.2269,4.4932
197.519920992,116.7336,121.2117,4.4781
197.559920976,116.4321,121.1965,4.7643
197.59992096000002,116.4321,121.1813,4.7492
197.63992094399998,116.4321,121.1661,4.734
197.679920928,116.4321,121.1509,4.7187
197.719920912,116.4321,121.1357,4.7035
197.759920896,116.4321,121.1204,4.6883
197.79992088,116.4321,121.1052,4.6731
197.839920864,116.4321,121.09,4.6578
197.87992084799998,116.4321,121.0748,4.6426
197.919920832,116.4321,121.0596,4.6274
197.959920816,116.4321,121.0443,4.6122
197.9999208,116.4321,121.0291,4.597
198.03992078399997,116.4321,121.0139,4.5817
198.079920768,116.4321,120.9986,4.5665
198.11992075199998,116.4321,120.9834,4.5513
198.159920736,116.4321,120.9682,4.536
198.19992072,116.4321,120.953,4.5208
198.239920704,116.4321,120.9377,4.5056
198.27992068799998,116.4321,120.9225,4.4903
198.319920672,116.4321,120.9073,4.4751
198.35992065599999,116.1306,120.892,4.7614
198.39992064,116.1306,120.8768,4.7461
198.43992062400002,116.1306,120.8616,4.7309
198.479920608,116.1306,120.8463,4.7157
198.519920592,116.1306,120.8311,4.7005
198.559920576,116.1306,120.8158,4.6852
198.59992056000002,116.1306,120.8006,4.6699
198.639920544,116.1306,120.7853,4.6547
198.679920528,116.1306,120.77,4.6394
198.719920512,116.1306,120.7548,4.6242
198.759920496,116.1306,120.7395,4.6089
198.79992048,116.1306,120.7242,4.5936
198.83992046400002,116.1306,120.709,4.5784
198.87992044799998,116.1306,120.6937,4.5631
198.919920432,116.1306,120.6785,4.5478
198.959920416,116.1306,120.6632,4.5326
198.9999204,116.1306,120.6479,4.5173
199.039920384,116.1306,120.6326,4.502
199.079920368,116.1306,120.6173,4.4867
199.11992035199998,116.1306,120.602,4.4714
199.159920336,115.8291,120.5867,4.7576
199.19992032,115.8291,120.5714,4.7423
199.239920304,115.8291,120.5561,4.727
199.27992028799997,115.8291,120.5408,4.7117
199.319920272,115.8291,120.5256,4.6964
199.35992025599998,115.8291,120.5103,4.6812
199.39992024,115.8291,120.4949,4.6658
199.43992022400002,115.8291,120.4797,4.6506
199.47992020799998,115.8291,120.4643,4.6352
199.519920192,115.8291,120.4491,4.6199
199.559920176,115.8291,120.4338,4.6046
199.59992016,115.8291,120.4184,4.5893
199.639920144,115.8291,120.4032,4.574
199.67992012800002,115.8291,120.3878,4.5587
199.71992011199998,115.8291,120.3725,4.5434
199.759920096,115.8291,120.3572,4.5281
199.79992008,115.8291,120.3418,4.5127
199.839920064,115.8291,120.3265,4.4973
199.879920048,115.8291,120.3111,4.482
199.919920032,115.8291,120.2958,4.4667
199.95992001599998,115.5276,120.2805,4.7529
199.99992,115.5276,120.2652,4.7375
200.039919984,115.5276,120.2499,4.7223
200.079919968,115.5276,120.2345,4.7069
200.11991995199998,115.5276,120.2192,4.6916
200.159919936,115.5276,120.2039,4.6763
200.19991991999999,115.5276,120.1885,4.6609
200.239919904,115.5276,120.1732,4.6456
200.279919888,115.5276,120.1578,4.6302
200.31991987199999,115.5276,120.1425,4.6149
200.35991985599998,115.5276,120.1273,4.5996
200.39991984,115.5276,120.1119,4.5843
200.43991982400001,115.5276,120.0966,4.569
200.479919808,115.5276,120.0813,4.5536
200.519919792,115.5276,120.0659,4.5383
200.559919776,115.5276,120.0507,4.523
200.59991976,115.5276,120.0353,4.5077
200.639919744,115.5276,120.02,4.4924
200.67991972800002,115.5276,120.0046,4.477
200.71991971199998,115.5276,119.9893,4.4617
200.759919696,115.2261,119.9739,4.7478
200.79991968,115.2261,119.9586,4.7324
200.839919664,115.2261,119.9432,4.7171
200.879919648,115.2261,119.9279,4.7018
200.91991963200002,115.2261,119.9125,4.6864
200.95991961599998,115.2261,119.8972,4.671
200.9999196,115.2261,119.8818,4.6557
201.039919584,115.2261,119.8665,4.6404
201.079919568,115.2261,119.8511,4.625
201.119919552,115.2261,119.8358,4.6097
201.159919536,115.2261,119.8205,4.5943
201.19991951999998,115.2261,119.805,4.5789
201.239919504,115.2261,119.7897,4.5636
201.279919488,115.2261,119.7744,4.5483
201.319919472,115.2261,119.759,4.5328
201.359919456,115.2261,119.7436,4.5175
201.39991944,115.2261,119.7282,4.5021
201.439919424,115.2261,119.7128,4.4867
201.479919408,115.2261,119.6975,4.4713
201.51991939200002,115.2261,119.6821,4.456
201.55991937599998,114.9246,119.6667,4.7421
201.59991936,114.9246,119.6513,4.7267
201.639919344,114.9246,119.6359,4.7113
201.679919328,114.9246,119.6206,4.6959
201.719919312,114.9246,119.6051,4.6805
201.759919296,114.9246,119.5897,4.6651
201.79991927999998,114.9246,119.5744,4.6498
201.839919264,114.9246,119.559,4.6344
201.879919248,114.9246,119.5437,4.619
201.919919232,114.9246,119.5282,4.6036
201.95991921599997,114.9246,119.5128,4.5882
201.9999192,114.9246,119.4974,4.5728
202.03991918399998,114.9246,119.482,4.5574
202.079919168,114.9246,119.4666,4.542
202.119919152,114.9246,119.4511,4.5265
202.159919136,114.9246,119.4358,4.5112
202.19991911999998,114.9246,119.4204,4.4958
202.239919104,114.9246,119.405,4.4803
202.27991908799999,114.9246,119.3896,4.465
202.319919072,114.9246,119.3742,4.4496
202.359919056,114.6231,119.3588,4.7357
202.39991904,114.6231,119.3434,4.7203
202.439919024,114.6231,119.328,4.7049
202.479919008,114.6231,119.3126,4.6895
202.51991899200002,114.6231,119.2971,4.674
202.559918976,114.6231,119.2817,4.6586
202.59991896,114.6231,119.2663,4.6432
202.639918944,114.6231,119.2509,4.6278
202.679918928,114.6231,119.2355,4.6124
202.719918912,114.6231,119.2201,4.597
202.75991889600002,114.6231,119.2046,4.5815
202.79991887999998,114.6231,119.1892,4.5661
202.839918864,114.6231,119.1737,4.5506
202.879918848,114.6231,119.1583,4.5352
202.919918832,114.6231,119.1429,4.5198
202.959918816,114.6231,119.1275,4.5044
202.9999188,114.6231,119.112,4.4889
203.03991878399998,114.6231,119.0966,4.4735
203.079918768,114.6231,119.0813,4.4582
203.119918752,114.6231,119.0658,4.4427
203.159918736,114.3215,119.0504,4.7288
203.19991871999997,114.3215,119.0349,4.7133
203.239918704,114.3215,119.0195,4.6979
203.27991868799998,114.3215,119.0041,4.6825
203.319918672,114.3215,118.9886,4.667
203.359918656,114.3215,118.9732,4.6516
203.39991864,114.3215,118.9578,4.6362
203.439918624,114.3215,118.9423,4.6207
203.479918608,114.3215,118.9269,4.6053
203.519918592,114.3215,118.9114,4.5898
203.559918576,114.3215,118.8959,4.5743
203.59991856000002,114.3215,118.8805,4.5589
203.63991854399998,114.3215,118.865,4.5434
203.679918528,114.3215,118.8496,4.528
203.719918512,114.3215,118.8341,4.5125
203.759918496,114.3215,118.8186,4.497
203.79991848,114.3215,118.8032,4.4816
203.839918464,114.3215,118.7877,4.4661
203.87991844799998,114.3215,118.7723,4.4507
203.919918432,114.3215,118.7568,4.4352
203.959918416,114.02,118.7413,4.7212
203.9999184,114.02,118.7259,4.7058
204.03991838399998,114.02,118.7104,4.6903
204.079918368,114.02,118.695,4.6749
204.11991835199998,114.02,118.6795,4.6594
204.159918336,114.02,118.664,4.6439
204.19991832,114.02,118.6486,4.6285
204.23991830399999,114.02,118.633,4.6129
204.27991828799998,114.02,118.6176,4.5975
204.319918272,114.02,118.6021,4.582
204.35991825600001,114.02,118.5866,4.5665
204.39991824,114.02,118.5712,4.5511
204.439918224,114.02,118.5557,4.5356
204.479918208,114.02,118.5402,4.5202
204.519918192,114.02,118.5248,4.5047
204.559918176,114.02,118.5093,4.4892
204.59991816000002,114.02,118.4939,4.4738
204.639918144,114.02,118.4784,4.4583
204.679918128,114.02,118.4629,4.4429
204.719918112,114.02,118.4474,4.4274
204.759918096,113.7185,118.4319,4.7133
204.79991808,113.7185,118.4165,4.6979
204.83991806400002,113.7185,118.401,4.6824
204.87991804799998,113.7185,118.3855,4.6669
204.919918032,113.7185,118.37,4.6514
204.959918016,113.7185,118.3545,4.6359
204.999918,113.7185,118.339,4.6205
205.039917984,113.7185,118.3235,4.605
205.079917968,113.7185,118.308,4.5895
205.11991795199998,113.7185,118.2926,4.574
205.159917936,113.7185,118.2771,4.5586
205.19991792,113.7185,118.2617,4.5432
205.239917904,113.7185,118.2463,4.5277
205.27991788799997,113.7185,118.2308,4.5122
205.319917872,113.7185,118.2154,4.4968
205.359917856,113.7185,118.1999,4.4813
205.39991784,113.7185,118.1845,4.4659
205.43991782400002,113.7185,118.169,4.4504
205.47991780799998,113.7185,118.1535,4.4349
205.519917792,113.7185,118.138,4.4194
205.559917776,113.417,118.1225,4.7054
205.59991776,113.417,118.107,4.69
205.639917744,113.417,118.0915,4.6744
205.679917728,113.417,118.076,4.659
205.71991771199998,113.417,118.0606,4.6435
205.759917696,113.417,118.0451,4.6281
205.79991768,113.417,118.0297,4.6126
205.839917664,113.417,118.0141,4.5971
205.879917648,113.417,117.9986,4.5816
205.919917632,113.417,117.9832,4.5661
205.95991761599998,113.417,117.9677,4.5506
205.9999176,113.417,117.9523,4.5352
206.039917584,113.417,117.9367,4.5197
206.079917568,113.417,117.9213,4.5042
206.11991755199998,113.417,117.9058,4.4887
206.159917536,113.417,117.8902,4.4732
206.19991751999999,113.417,117.8748,4.4577
206.239917504,113.417,117.8593,4.4422
206.279917488,113.417,117.8438,4.4267
206.319917472,113.417,117.8283,4.4112
206.359917456,113.1155,117.8128,4.6972
206.39991744,113.1155,117.7973,4.6817
206.43991742400001,113.1155,117.7818,4.6662
206.479917408,113.1155,117.7663,4.6507
206.519917392,113.1155,117.7508,4.6352
206.559917376,113.1155,117.7353,4.6197
206.59991736,113.1155,117.7198,4.6042
206.639917344,113.1155,117.7042,4.5887
206.67991732800002,113.1155,117.6887,4.5731
206.71991731199998,113.1155,117.6732,4.5576
206.759917296,113.1155,117.6577,4.5421
206.79991728,113.1155,117.6422,4.5266
206.839917264,113.1155,117.6267,4.5111
206.879917248,113.1155,117.6111,4.4956
206.919917232,113.1155,117.5957,4.4801
206.95991721599998,113.1155,117.5801,4.4646
206.9999172,113.1155,117.5646,4.4491
207.039917184,113.1155,117.5491,4.4335
207.079917168,113.1155,117.5335,4.418
207.119917152,113.1155,117.518,4.4025
207.159917136,112.814,117.5025,4.6884
207.19991711999998,112.814,117.487,4.6729
207.239917104,112.814,117.4715,4.6575
207.279917088,112.814,117.456,4.6419
207.319917072,112.814,117.4405,4.6264
207.359917056,112.814,117.425,4.6109
207.39991704,112.814,117.4094,4.5954
207.439917024,112.814,117.394,4.5799
207.479917008,112.814,117.3784,4.5644
207.51991699200002,112.814,117.3629,4.5489
207.55991697599998,112.814,117.3474,4.5333
207.59991696,112.814,117.3318,4.5178
207.639916944,112.814,117.3163,4.5023
207.679916928,112.814,117.3008,4.4867
207.719916912,112.814,117.2853,4.4712
207.759916896,112.814,117.2697,4.4557
207.79991687999998,112.814,117.2542,4.4401
207.839916864,112.814,117.2387,4.4246
207.879916848,112.814,117.2231,4.4091
207.919916832,112.814,117.2076,4.3935
207.95991681599997,112.5125,117.1921,4.6796
207.9999168,112.5125,117.1766,4.664
208.03991678399998,112.5125,117.1611,4.6485
208.079916768,112.5125,117.1455,4.633
208.119916752,112.5125,117.13,4.6175
208.15991673599999,112.5125,117.1145,4.602
208.19991671999998,112.5125,117.0989,4.5864
208.239916704,112.5125,117.0835,4.5709
208.279916688,112.5125,117.0679,4.5554
208.319916672,112.5125,117.0524,4.5398
208.35991665600002,112.5125,117.0368,4.5243
208.39991664,112.5125,117.0212,4.5087
208.439916624,112.5125,117.0057,4.4932
208.479916608,112.5125,116.9901,4.4775
208.51991659200002,112.5125,116.9745,4.462
208.559916576,112.5125,116.959,4.4465
208.59991656,112.5125,116.9434,4.4309
208.639916544,112.5125,116.9279,4.4153
208.679916528,112.5125,116.9123,4.3998
208.719916512,112.5125,116.8968,4.3842
208.75991649600002,112.211,116.8812,4.6702
208.79991647999998,112.211,116.8656,4.6546
208.839916464,112.211,116.8501,4.6391
208.879916448,112.211,116.8345,4.6235
208.919916432,112.211,116.819,4.608
208.959916416,112.211,116.8035,4.5924
208.9999164,112.211,116.7879,4.5769
209.03991638399998,112.211,116.7724,4.5613
209.079916368,112.211,116.7568,4.5458
209.119916352,112.211,116.7412,4.5302
209.159916336,112.211,116.7257,4.5146
209.19991631999997,112.211,116.7101,4.499
209.239916304,112.211,116.6946,4.4835
209.27991628799998,112.211,116.679,4.4679
209.319916272,112.211,116.6634,4.4524
209.35991625600002,112.211,116.6479,4.4369
209.39991623999998,112.211,116.6323,4.4212
209.439916224,112.211,116.6168,4.4057
209.479916208,112.211,116.6012,4.3901
209.519916192,112.211,116.5856,4.3746
209.559916176,111.9095,116.5701,4.6606
209.59991616000002,111.9095,116.5545,4.6449
209.63991614399998,111.9095,116.5389,4.6294
209.679916128,111.9095,116.5234,4.6138
209.719916112,111.9095,116.5078,4.5983
209.759916096,111.9095,116.4923,4.5827
209.79991608,111.9095,116.4766,4.5671
209.839916064,111.9095,116.461,4.5515
209.87991604799998,111.9095,116.4455,4.536
209.919916032,111.9095,116.43,4.5204
209.959916016,111.9095,116.4144,4.5049
209.999916,111.9095,116.3988,4.4892
210.03991598399998,111.9095,116.3832,4.4736
210.079915968,111.9095,116.3676,4.458
210.11991595199999,111.9095,116.352,4.4424
210.159915936,111.9095,116.3364,4.4269
210.19991592,111.9095,116.3208,4.4112
210.239915904,111.9095,116.3052,4.3956
210.279915888,111.9095,116.2896,4.3801
210.319915872,111.9095,116.274,4.3644
210.35991585600001,111.608,116.2584,4.6504
210.39991584,111.608,116.2427,4.6347
210.439915824,111.608,116.2272,4.6192
210.479915808,111.608,116.2116,4.6036
210.519915792,111.608,116.196,4.588
210.559915776,111.608,116.1805,4.5724
210.59991576000002,111.608,116.1648,4.5568
210.63991574399998,111.608,116.1492,4.5412
210.679915728,111.608,116.1337,4.5257
210.719915712,111.608,116.118,4.51
210.759915696,111.608,116.1025,4.4944
210.79991568,111.608,116.0869,4.4789
210.83991566400002,111.608,116.0713,4.4633
210.87991564799998,111.608,116.0557,4.4477
210.919915632,111.608,116.0401,4.4321
210.959915616,111.608,116.0245,4.4165
210.9999156,111.608,116.0089,4.4009
211.039915584,111.608,115.9933,4.3853
211.079915568,111.608,115.9777,4.3697
211.11991555199998,111.608,115.9621,4.354
211.159915536,111.3065,115.9465,4.64
211.19991552,111.3065,115.9308,4.6243
211.239915504,111.3065,115.9152,4.6087
211.279915488,111.3065,115.8996,4.5931
211.319915472,111.3065,115.884,4.5775
211.359915456,111.3065,115.8684,4.5619
211.39991544,111.3065,115.8528,4.5463
211.43991542400002,111.3065,115.8372,4.5307
211.47991540799998,111.3065,115.8216,4.5151
211.519915392,111.3065,115.806,4.4994
211.559915376,111.3065,115.7903,4.4838
211.59991536,111.3065,115.7748,4.4682
211.639915344,111.3065,115.7591,4.4526
211.679915328,111.3065,115.7436,4.4371
211.71991531199998,111.3065,115.7279,4.4214
211.759915296,111.3065,115.7123,4.4058
211.79991528,111.3065,115.6967,4.3902
211.839915264,111.3065,115.6811,4.3746
211.87991524799997,111.3065,115.6655,4.359
211.919915232,111.3065,115.6499,4.3434
211.95991521599998,111.005,115.6342,4.6292
211.9999152,111.005,115.6187,4.6137
212.039915184,111.005,115.603,4.598
212.079915168,111.005,115.5874,4.5824
212.11991515199998,111.005,115.5718,4.5668
212.159915136,111.005,115.5562,4.5512
212.19991512,111.005,115.5406,4.5356
212.239915104,111.005,115.525,4.52
212.279915088,111.005,115.5095,4.5044
212.319915072,111.005,115.4938,4.4888
212.359915056,111.005,115.4782,4.4732
212.39991504,111.005,115.4626,4.4576
212.43991502400002,111.005,115.447,4.442
212.479915008,111.005,115.4314,4.4264
212.519914992,111.005,115.4158,4.4108
212.559914976,111.005,115.4002,4.3952
212.59991496,111.005,115.3846,4.3796
212.639914944,111.005,115.369,4.364
212.67991492800002,111.005,115.3534,4.3484
212.71991491199998,111.005,115.3378,4.3328
212.759914896,110.7034,115.3222,4.6187
212.79991488,110.7034,115.3067,4.6032
212.839914864,110.7034,115.291,4.5875
212.879914848,110.7034,115.2755,4.572
212.919914832,110.7034,115.2598,4.5563
212.95991481599998,110.7034,115.2442,4.5407
212.9999148,110.7034,115.2287,4.5252
213.039914784,110.7034,115.2131,4.5096
213.079914768,110.7034,115.1975,4.494
213.11991475199997,110.7034,115.1819,4.4784
213.159914736,110.7034,115.1663,4.4628
213.19991471999998,110.7034,115.1508,4.4473
213.239914704,110.7034,115.1352,4.4317
213.27991468800002,110.7034,115.1196,4.4161
213.319914672,110.7034,115.1041,4.4005
213.359914656,110.7034,115.0885,4.385
213.39991464,110.7034,115.0729,4.3694
213.439914624,110.7034,115.0573,4.3538
213.479914608,110.7034,115.0418,4.3383
213.51991459200002,110.7034,115.0262,4.3227
213.55991457599998,110.402,115.0106,4.6086
213.59991456,110.402,114.9951,4.5931
213.639914544,110.402,114.9794,4.5774
213.679914528,110.402,114.9638,4.5618
213.719914512,110.402,114.9482,4.5462
213.759914496,110.402,114.9326,4.5306
213.79991447999998,110.402,114.9171,4.5151
213.839914464,110.402,114.9015,4.4995
213.879914448,110.402,114.8859,4.4839
213.919914432,110.402,114.8703,4.4683
213.95991441599998,110.402,114.8547,4.4527
213.9999144,110.402,114.8391,4.4371
214.03991438399999,110.402,114.8235,4.4215
214.079914368,110.402,114.8078,4.4058
214.119914352,110.402,114.7923,4.3903
214.15991433599999,110.402,114.7767,4.3747
214.19991431999998,110.402,114.7611,4.3591
214.239914304,110.402,114.7454,4.3434
214.27991428800001,110.402,114.7298,4.3278
214.319914272,110.402,114.7143,4.3123
214.359914256,110.1004,114.6986,4.5981
214.39991424,110.1004,114.6831,4.5826
214.439914224,110.1004,114.6675,4.567
214.479914208,110.1004,114.6519,4.5514
214.51991419200002,110.1004,114.6363,4.5358
214.559914176,110.1004,114.6207,4.5202
214.59991416,110.1004,114.6051,4.5046
214.639914144,110.1004,114.5895,4.489
214.679914128,110.1004,114.5739,4.4734
214.719914112,110.1004,114.5583,4.4578
214.75991409600002,110.1004,114.5427,4.4422
214.79991407999998,110.1004,114.5271,4.4266
214.839914064,110.1004,114.5115,4.411
214.879914048,110.1004,114.4959,4.3954
214.919914032,110.1004,114.4803,4.3798
214.959914016,110.1004,114.4647,4.3642
214.999914,110.1004,114.4491,4.3486
215.03991398399998,110.1004,114.4335,4.333
215.079913968,110.1004,114.4179,4.3174
215.119913952,110.1004,114.4023,4.3018
215.159913936,109.7989,114.3868,4.5878
215.19991391999997,109.7989,114.3712,4.5722
215.239913904,109.7989,114.3556,4.5566
215.279913888,109.7989,114.34,4.541
215.319913872,109.7989,114.3244,4.5254
215.35991385600002,109.7989,114.3088,4.5098
215.39991383999998,109.7989,114.2931,4.4942
215.439913824,109.7989,114.2776,4.4786
215.479913808,109.7989,114.2619,4.4629
215.519913792,109.7989,114.2464,4.4474
215.559913776,109.7989,114.2308,4.4318
215.59991376,109.7989,114.2152,4.4163
215.63991374399998,109.7989,114.1996,4.4007
215.679913728,109.7989,114.184,4.385
215.719913712,109.7989,114.1685,4.3695
215.759913696,109.7989,114.1528,4.3539
215.79991368,109.7989,114.1373,4.3383
215.839913664,109.7989,114.1217,4.3227
215.87991364799998,109.7989,114.106,4.3071
215.919913632,109.7989,114.0904,4.2915
215.959913616,109.4974,114.0748,4.5774
215.9999136,109.4974,114.0592,4.5618
216.03991358399998,109.4974,114.0436,4.5462
216.079913568,109.4974,114.028,4.5306
216.11991355199999,109.4974,114.0125,4.515
216.159913536,109.4974,113.9968,4.4993
216.19991352,109.4974,113.9812,4.4838
216.239913504,109.4974,113.9657,4.4682
216.279913488,109.4974,113.9501,4.4526
216.319913472,109.4974,113.9344,4.437
216.35991345600002,109.4974,113.9188,4.4214
216.39991344,109.4974,113.9032,4.4057
216.439913424,109.4974,113.8876,4.3901
216.479913408,109.4974,113.872,4.3745
216.519913392,109.4974,113.8564,4.3589
216.559913376,109.4974,113.8408,4.3434
216.59991336000002,109.4974,113.8253,4.3278
216.63991334399998,109.4974,113.8097,4.3122
216.679913328,109.4974,113.7941,4.2966
216.719913312,109.4974,113.7785,4.281
216.759913296,109.1959,113.763,4.567
216.79991328,109.1959,113.7474,4.5514
216.839913264,109.1959,113.7318,4.5358
216.87991324799998,109.1959,113.7162,4.5202
216.919913232,109.1959,113.7006,4.5046
216.959913216,109.1959,113.685,4.4891
216.9999132,109.1959,113.6694,4.4735
217.039913184,109.1959,113.6539,4.4579
217.079913168,109.1959,113.6383,4.4423
217.11991315199998,109.1959,113.6227,4.4267
217.159913136,109.1959,113.6072,4.4112
217.19991312,109.1959,113.5916,4.3956
217.239913104,109.1959,113.5761,4.3801
217.279913088,109.1959,113.5605,4.3645
217.319913072,109.1959,113.5449,4.3489
217.359913056,109.1959,113.5294,4.3334
217.39991304,109.1959,113.5138,4.3178
217.43991302400002,109.1959,113.4983,4.3023
217.47991300799998,109.1959,113.4827,4.2868
217.519912992,109.1959,113.4671,4.2711
217.559912976,108.8944,113.4516,4.5571
217.59991296,108.8944,113.436,4.5416
217.639912944,108.8944,113.4205,4.526
217.679912928,108.8944,113.4049,4.5104
217.71991291199998,108.8944,113.3893,4.4949
217.759912896,108.8944,113.3737,4.4793
217.79991288,108.8944,113.3581,4.4636
217.839912864,108.8944,113.3425,4.448
217.87991284799998,108.8944,113.3269,4.4324
217.919912832,108.8944,113.3113,4.4169
217.95991281599999,108.8944,113.2958,4.4013
217.9999128,108.8944,113.2802,4.3858
218.039912784,108.8944,113.2647,4.3702
218.07991276799999,108.8944,113.2491,4.3546
218.11991275199998,108.8944,113.2335,4.339
218.159912736,108.8944,113.2179,4.3235
218.19991272,108.8944,113.2023,4.3079
218.239912704,108.8944,113.1868,4.2923
218.27991268800002,108.8944,113.1712,4.2768
218.319912672,108.8944,113.1556,4.2612
218.359912656,108.5929,113.1401,4.5471
218.39991264,108.5929,113.1245,4.5315
218.43991262400002,108.5929,113.1089,4.5159
218.479912608,108.5929,113.0933,4.5004
218.519912592,108.5929,113.0777,4.4848
218.559912576,108.5929,113.0622,4.4692
218.59991256,108.5929,113.0466,4.4536
218.639912544,108.5929,113.031,4.4381
218.67991252800002,108.5929,113.0154,4.4225
218.71991251199998,108.5929,112.9998,4.4069
218.759912496,108.5929,112.9843,4.3913
218.79991248,108.5929,112.9686,4.3757
218.839912464,108.5929,112.9531,4.3601
218.879912448,108.5929,112.9375,4.3446
218.919912432,108.5929,112.9219,4.329
218.95991241599998,108.5929,112.9063,4.3134
218.9999124,108.5929,112.8906,4.2977
219.039912384,108.5929,112.875,4.2821
219.079912368,108.5929,112.8595,4.2665
219.11991235199997,108.5929,112.8439,4.2509
219.159912336,108.2914,112.8283,4.5368
219.19991231999998,108.2914,112.8126,4.5212
219.239912304,108.2914,112.7971,4.5056
219.27991228800002,108.2914,112.7815,4.4901
219.31991227199998,108.2914,112.7659,4.4745
219.359912256,108.2914,112.7504,4.4589
219.39991224,108.2914,112.7347,4.4433
219.439912224,108.2914,112.7191,4.4277
219.479912208,108.2914,112.7036,4.4121
219.51991219200002,108.2914,112.6879,4.3965
219.55991217599998,108.2914,112.6723,4.3809
219.59991216,108.2914,112.6567,4.3653
219.639912144,108.2914,112.6411,4.3497
219.679912128,108.2914,112.6256,4.3341
219.719912112,108.2914,112.6099,4.3185
219.759912096,108.2914,112.5943,4.3028
219.79991207999998,108.2914,112.5786,4.2872
219.839912064,108.2914,112.5629,4.2715
219.879912048,108.2914,112.5474,4.2559
219.919912032,108.2914,112.5317,4.2403
219.95991201599998,107.9899,112.5161,4.5262
219.999912,107.9899,112.5005,4.5106
220.03991198399999,107.9899,112.4849,4.495
220.079911968,107.9899,112.4693,4.4794
220.119911952,107.9899,112.4537,4.4638
220.159911936,107.9899,112.4382,4.4483
220.19991191999998,107.9899,112.4226,4.4327
220.239911904,107.9899,112.4069,4.417
220.27991188800002,107.9899,112.3914,4.4014
220.319911872,107.9899,112.3757,4.3858
220.359911856,107.9899,112.3601,4.3702
220.39991184,107.9899,112.3445,4.3546
220.439911824,107.9899,112.3289,4.339
220.479911808,107.9899,112.3133,4.3234
220.51991179200002,107.9899,112.2977,4.3078
220.55991177599998,107.9899,112.2821,4.2922
220.59991176,107.9899,112.2665,4.2765
220.639911744,107.9899,112.2508,4.2609
220.679911728,107.9899,112.2353,4.2453
220.719911712,107.9899,112.2197,4.2297
220.75991169600002,107.6884,112.2041,4.5156
220.79991167999998,107.6884,112.1884,4.5
220.839911664,107.6884,112.1728,4.4844
220.879911648,107.6884,112.1572,4.4688
220.919911632,107.6884,112.1416,4.4532
220.959911616,107.6884,112.126,4.4376
220.9999116,107.6884,112.1104,4.422
221.03991158399998,107.6884,112.0948,4.4064
221.079911568,107.6884,112.0793,4.3909
221.119911552,107.6884,112.0636,4.3752
221.159911536,107.6884,112.048,4.3596
221.19991152,107.6884,112.0324,4.344
221.239911504,107.6884,112.0168,4.3284
221.279911488,107.6884,112.0012,4.3128
221.319911472,107.6884,111.9856,4.2972
221.35991145600002,107.6884,111.97,4.2815
221.39991143999998,107.6884,111.9543,4.2659
221.439911424,107.6884,111.9387,4.2502
221.479911408,107.6884,111.9231,4.2347
221.519911392,107.6884,111.9075,4.219
221.559911376,107.3869,111.8918,4.5049
221.59991136,107.3869,111.8762,4.4893
221.63991134399998,107.3869,111.8606,4.4737
221.679911328,107.3869,111.845,4.4581
221.719911312,107.3869,111.8294,4.4425
221.759911296,107.3869,111.8138,4.4268
221.79991127999998,107.3869,111.7982,4.4113
221.839911264,107.3869,111.7826,4.3956
221.87991124799998,107.3869,111.7669,4.38
221.919911232,107.3869,111.7512,4.3643
221.959911216,107.3869,111.7356,4.3487
221.9999112,107.3869,111.72,4.3331
222.03991118399998,107.3869,111.7044,4.3175
222.079911168,107.3869,111.6888,4.3019
222.119911152,107.3869,111.6731,4.2862
222.159911136,107.3869,111.6575,4.2706
222.19991112,107.3869,111.6419,4.255
222.239911104,107.3869,111.6263,4.2394
222.279911088,107.3869,111.6107,4.2237
222.319911072,107.3869,111.595,4.2081
222.35991105600002,107.0854,111.5794,4.494
222.39991104,107.0854,111.5638,4.4784
222.439911024,107.0854,111.5481,4.4627
222.479911008,107.0854,111.5325,4.4471
222.519910992,107.0854,111.5169,4.4315
222.559910976,107.0854,111.5012,4.4158
222.59991096000002,107.0854,111.4857,4.4002
222.63991094399998,107.0854,111.47,4.3846
222.679910928,107.0854,111.4543,4.3689
222.719910912,107.0854,111.4387,4.3533
222.759910896,107.0854,111.4231,4.3377
222.79991088,107.0854,111.4074,4.322
222.839910864,107.0854,111.3918,4.3063
222.87991084799998,107.0854,111.3761,4.2907
222.919910832,107.0854,111.3605,4.2751
222.959910816,107.0854,111.3448,4.2594
222.9999108,107.0854,111.3293,4.2439
223.03991078399997,107.0854,111.3137,4.2283
223.079910768,107.0854,111.298,4.2126
223.11991075199998,107.0854,111.2823,4.1969
223.159910736,106.7839,111.2667,4.4828
223.19991072,106.7839,111.2511,4.4672
223.23991070399998,106.7839,111.2354,4.4515
223.279910688,106.7839,111.2198,4.4359
223.319910672,106.7839,111.2042,4.4203
223.359910656,106.7839,111.1885,4.4046
223.39991064,106.7839,111.1729,4.389
223.43991062400002,106.7839,111.1573,4.3734
223.47991060799998,106.7839,111.1416,4.3577
223.519910592,106.7839,111.126,4.3421
223.559910576,106.7839,111.1103,4.3264
223.59991056,106.7839,111.0947,4.3108
223.639910544,106.7839,111.0791,4.2952
223.679910528,106.7839,111.0634,4.2795
223.71991051199998,106.7839,111.0478,4.2639
223.759910496,106.7839,111.0321,4.2482
223.79991048,106.7839,111.0165,4.2326
223.839910464,106.7839,111.0009,4.217
223.87991044799998,106.7839,110.9852,4.2013
223.919910432,106.7839,110.9696,4.1857
223.95991041599999,106.4823,110.9539,4.4715
223.9999104,106.4823,110.9382,4.4559
224.039910384,106.4823,110.9226,4.4402
224.079910368,106.4823,110.907,4.4246
224.11991035199998,106.4823,110.8914,4.409
224.159910336,106.4823,110.8757,4.3933
224.19991032000001,106.4823,110.8601,4.3777
224.239910304,106.4823,110.8444,4.362
224.279910288,106.4823,110.8288,4.3464
224.319910272,106.4823,110.8132,4.3308
224.359910256,106.4823,110.7975,4.3151
224.39991024,106.4823,110.7819,4.2995
224.43991022400002,106.4823,110.7663,4.2839
224.47991020799998,106.4823,110.7506,4.2682
224.519910192,106.4823,110.735,4.2526
224.559910176,106.4823,110.7193,4.237
224.59991016,106.4823,110.7038,4.2214
224.639910144,106.4823,110.6881,4.2057
224.67991012800002,106.4823,110.6725,4.1901
224.71991011199998,106.4823,110.6568,4.1744
224.759910096,106.1808,110.6412,4.4603
224.79991008,106.1808,110.6256,4.4447
224.839910064,106.1808,110.61,4.4291
224.879910048,106.1808,110.5943,4.4134
224.919910032,106.1808,110.5787,4.3978
224.95991001599998,106.1808,110.563,4.3822
224.99991,106.1808,110.5474,4.3665
225.039909984,106.1808,110.5318,4.3509
225.079909968,106.1808,110.5162,4.3353
225.11990995199997,106.1808,110.5006,4.3197
225.159909936,106.1808,110.485,4.3041
225.19990992,106.1808,110.4694,4.2885
225.239909904,106.1808,110.4537,4.2729
225.27990988800002,106.1808,110.4381,4.2572
225.31990987199998,106.1808,110.4225,4.2416
225.359909856,106.1808,110.4069,4.226
225.39990984,106.1808,110.3913,4.2104
225.439909824,106.1808,110.3757,4.1948
225.479909808,106.1808,110.3601,4.1792
225.519909792,106.1808,110.3445,4.1636
225.55990977599998,105.8793,110.3289,4.4495
225.59990976,105.8793,110.3133,4.4339
225.639909744,105.8793,110.2977,4.4183
225.679909728,105.8793,110.282,4.4026
225.71990971199997,105.8793,110.2664,4.387
225.759909696,105.8793,110.2507,4.3714
225.79990967999998,105.8793,110.2351,4.3558
225.839909664,105.8793,110.2196,4.3402
225.879909648,105.8793,110.2039,4.3245
225.919909632,105.8793,110.1883,4.3089
225.95990961599998,105.8793,110.1727,4.2933
225.9999096,105.8793,110.1572,4.2778
226.039909584,105.8793,110.1416,4.2622
226.079909568,105.8793,110.126,4.2466
226.119909552,105.8793,110.1104,4.231
226.159909536,105.8793,110.0948,4.2154
226.19990952,105.8793,110.0791,4.1998
226.239909504,105.8793,110.0636,4.1842
226.27990948800002,105.8793,110.048,4.1686
226.319909472,105.8793,110.0324,4.153
226.359909456,105.5778,110.0168,4.439
226.39990944,105.5778,110.0013,4.4235
226.439909424,105.5778,109.9857,4.4079
226.479909408,105.5778,109.9701,4.3923
226.51990939200002,105.5778,109.9546,4.3767
226.55990937599998,105.5778,109.9389,4.361
226.59990936,105.5778,109.9233,4.3454
226.639909344,105.5778,109.9077,4.3298
226.679909328,105.5778,109.8921,4.3142
226.719909312,105.5778,109.8765,4.2986
226.759909296,105.5778,109.8609,4.2831
226.79990927999998,105.5778,109.8453,4.2675
226.839909264,105.5778,109.8298,4.2519
226.879909248,105.5778,109.8142,4.2363
226.919909232,105.5778,109.7986,4.2208
226.95990921599997,105.5778,109.783,4.2052
226.9999092,105.5778,109.7675,4.1896
227.03990918399998,105.5778,109.7519,4.174
227.079909168,105.5778,109.7363,4.1585
227.119909152,105.5778,109.7207,4.1429
227.159909136,105.2763,109.7052,4.4288
227.19990912,105.2763,109.6896,4.4132
227.239909104,105.2763,109.674,4.3976
227.279909088,105.2763,109.6584,4.382
227.319909072,105.2763,109.6428,4.3664
227.35990905600002,105.2763,109.6272,4.3508
227.39990903999998,105.2763,109.6116,4.3353
227.439909024,105.2763,109.5961,4.3197
227.479909008,105.2763,109.5804,4.304
227.519908992,105.2763,109.5648,4.2885
227.559908976,105.2763,109.5492,4.2729
227.59990896,105.2763,109.5336,4.2573
227.63990894399998,105.2763,109.518,4.2417
227.679908928,105.2763,109.5024,4.2261
227.719908912,105.2763,109.4869,4.2105
227.759908896,105.2763,109.4713,4.1949
227.79990887999998,105.2763,109.4557,4.1793
227.839908864,105.2763,109.4401,4.1637
227.87990884799999,105.2763,109.4244,4.1481
227.919908832,105.2763,109.4089,4.1325
227.959908816,104.9748,109.3933,4.4185
227.9999088,104.9748,109.3777,4.4028
228.03990878399998,104.9748,109.3621,4.3872
228.079908768,104.9748,109.3465,4.3716
228.119908752,104.9748,109.3309,4.356
228.159908736,104.9748,109.3153,4.3404
228.19990872,104.9748,109.2996,4.3248
228.239908704,104.9748,109.2841,4.3092
228.279908688,104.9748,109.2684,4.2936
228.319908672,104.9748,109.2528,4.278
228.35990865600002,104.9748,109.2372,4.2623
228.39990864,104.9748,109.2216,4.2467
228.439908624,104.9748,109.206,4.2311
228.479908608,104.9748,109.1903,4.2155
228.519908592,104.9748,109.1747,4.1999
228.559908576,104.9748,109.1591,4.1843
228.59990856000002,104.9748,109.1435,4.1686
228.63990854399998,104.9748,109.1279,4.1531
228.679908528,104.9748,109.1123,4.1374
228.719908512,104.9748,109.0967,4.1218
228.759908496,104.6733,109.0811,4.4078
228.79990848,104.6733,109.0655,4.3921
228.839908464,104.6733,109.0499,4.3765
228.87990844799998,104.6733,109.0343,4.3609
228.919908432,104.6733,109.0187,4.3453
228.959908416,104.6733,109.0031,4.3297
228.9999084,104.6733,108.9874,4.3141
229.03990838399997,104.6733,108.9718,4.2984
229.079908368,104.6733,108.9562,4.2828
229.11990835199998,104.6733,108.9406,4.2673
229.159908336,104.6733,108.925,4.2516
229.19990832000002,104.6733,108.9094,4.236
229.23990830399998,104.6733,108.8938,4.2205
229.279908288,104.6733,108.8782,4.2048
229.319908272,104.6733,108.8626,4.1892
229.359908256,104.6733,108.847,4.1736
229.39990824,104.6733,108.8314,4.158
229.439908224,104.6733,108.8158,4.1424
229.47990820799998,104.6733,108.8001,4.1267
229.519908192,104.6733,108.7845,4.1111
229.559908176,104.3718,108.7689,4.397
229.59990816,104.3718,108.7532,4.3814
229.639908144,104.3718,108.7376,4.3657
229.679908128,104.3718,108.722,4.3501
229.71990811199998,104.3718,108.7063,4.3345
229.759908096,104.3718,108.6907,4.3189
229.79990808,104.3718,108.6751,4.3032
229.839908064,104.3718,108.6595,4.2876
229.87990804799998,104.3718,108.6438,4.272
229.919908032,104.3718,108.6282,4.2564
229.95990801599999,104.3718,108.6126,4.2408
229.999908,104.3718,108.597,4.2251
230.039907984,104.3718,108.5814,4.2095
230.079907968,104.3718,108.5657,4.1939
230.119907952,104.3718,108.5501,4.1782
230.159907936,104.3718,108.5344,4.1626
230.19990792000002,104.3718,108.5188,4.1469
230.239907904,104.3718,108.5032,4.1313
230.279907888,104.3718,108.4875,4.1157
230.319907872,104.3718,108.4719,4.1001
230.359907856,104.0703,108.4563,4.386
230.39990784,104.0703,108.4406,4.3703
230.43990782400002,104.0703,108.4251,4.3547
230.47990780799998,104.0703,108.4094,4.3391
230.519907792,104.0703,108.3938,4.3235
230.559907776,104.0703,108.3782,4.3078
230.59990776,104.0703,108.3626,4.2922
230.639907744,104.0703,108.347,4.2767
230.679907728,104.0703,108.3314,4.2611
230.71990771199998,104.0703,108.3158,4.2455
230.759907696,104.0703,108.3003,4.2299
230.79990768,104.0703,108.2847,4.2143
230.839907664,104.0703,108.2691,4.1987
230.879907648,104.0703,108.2535,4.1832
230.919907632,104.0703,108.2379,4.1676
230.95990761599998,104.0703,108.2223,4.152
230.9999076,104.0703,108.2067,4.1364
231.039907584,104.0703,108.1911,4.1208
231.079907568,104.0703,108.1756,4.1053
231.119907552,104.0703,108.16,4.0897
231.159907536,103.7688,108.1444,4.3756
231.19990752,103.7688,108.1288,4.36
231.239907504,103.7688,108.1132,4.3444
231.27990748800002,103.7688,108.0977,4.3289
231.31990747199998,103.7688,108.0821,4.3133
231.359907456,103.7688,108.0665,4.2977
231.39990744,103.7688,108.051,4.2821
231.439907424,103.7688,108.0354,4.2666
231.479907408,103.7688,108.0198,4.251
231.519907392,103.7688,108.0042,4.2354
231.55990737599998,103.7688,107.9886,4.2198
231.59990736,103.7688,107.973,4.2042
231.639907344,103.7688,107.9574,4.1886
231.679907328,103.7688,107.9419,4.1731
231.71990731199998,103.7688,107.9263,4.1575
231.759907296,103.7688,107.9107,4.1419
231.79990727999999,103.7688,107.8952,4.1263
231.839907264,103.7688,107.8796,4.1108
231.879907248,103.7688,107.864,4.0952
231.91990723199999,103.7688,107.8484,4.0796
231.95990721599998,103.4673,107.8329,4.3656
231.9999072,103.4673,107.8172,4.3499
232.039907184,103.4673,107.8017,4.3344
232.079907168,103.4673,107.7861,4.3188
232.119907152,103.4673,107.7706,4.3032
232.159907136,103.4673,107.755,4.2877
232.19990712,103.4673,107.7394,4.2721
232.239907104,103.4673,107.7239,4.2565
232.27990708800002,103.4673,107.7083,4.241
232.319907072,103.4673,107.6927,4.2254
232.359907056,103.4673,107.6772,4.2098
232.39990704,103.4673,107.6615,4.1942
232.439907024,103.4673,107.6459,4.1786
232.479907008,103.4673,107.6303,4.163
232.51990699200002,103.4673,107.6148,4.1474
232.55990697599998,103.4673,107.5992,4.1319
232.59990696,103.4673,107.5836,4.1163
232.639906944,103.4673,107.5681,4.1008
232.679906928,103.4673,107.5526,4.0853
232.719906912,103.4673,107.537,4.0697
232.759906896,103.1658,107.5214,4.3556
232.79990687999998,103.1658,107.5059,4.3401
232.839906864,103.1658,107.4903,4.3245
232.879906848,103.1658,107.4747,4.3089
232.919906832,103.1658,107.4591,4.2933
232.95990681599997,103.1658,107.4436,4.2778
232.9999068,103.1658,107.428,4.2622
233.03990678399998,103.1658,107.4125,4.2467
233.079906768,103.1658,107.3969,4.2311
233.11990675200002,103.1658,107.3813,4.2154
233.15990673599998,103.1658,107.3656,4.1998
233.19990672,103.1658,107.35,4.1842
233.239906704,103.1658,107.3345,4.1686
233.279906688,103.1658,107.3189,4.1531
233.319906672,103.1658,107.3033,4.1375
233.35990665600002,103.1658,107.2877,4.1219
233.39990663999998,103.1658,107.2721,4.1063
233.439906624,103.1658,107.2566,4.0907
233.479906608,103.1658,107.2409,4.0751
233.519906592,103.1658,107.2253,4.0595
233.559906576,102.8643,107.2097,4.3454
233.59990656,102.8643,107.1941,4.3298
233.63990654399998,102.8643,107.1785,4.3142
233.679906528,102.8643,107.1629,4.2986
233.719906512,102.8643,107.1473,4.283
233.759906496,102.8643,107.1317,4.2674
233.79990647999998,102.8643,107.1161,4.2518
233.839906464,102.8643,107.1005,4.2362
233.87990644799999,102.8643,107.0849,4.2206
233.919906432,102.8643,107.0692,4.2049
233.959906416,102.8643,107.0536,4.1893
233.9999064,102.8643,107.038,4.1737
234.03990638399998,102.8643,107.0224,4.1581
234.079906368,102.8643,107.0067,4.1424
234.11990635200002,102.8643,106.9911,4.1268
234.159906336,102.8643,106.9755,4.1112
234.19990632,102.8643,106.9599,4.0956
234.239906304,102.8643,106.9443,4.08
234.279906288,102.8643,106.9287,4.0644
234.319906272,102.8643,106.9131,4.0488
234.35990625600002,102.5627,106.8975,4.3347
234.39990623999998,102.5627,106.8819,4.3191
234.439906224,102.5627,106.8663,4.3035
234.479906208,102.5627,106.8507,4.2879
234.519906192,102.5627,106.8351,4.2723
234.559906176,102.5627,106.8194,4.2566
234.59990616000002,102.5627,106.8038,4.241
234.63990614399998,102.5627,106.7882,4.2254
234.679906128,102.5627,106.7726,4.2098
234.719906112,102.5627,106.757,4.1942
234.759906096,102.5627,106.7414,4.1786
234.79990608,102.5627,106.7258,4.163
234.839906064,102.5627,106.7102,4.1474
234.87990604799998,102.5627,106.6946,4.1318
234.919906032,102.5627,106.679,4.1162
234.959906016,102.5627,106.6634,4.1006
234.999906,102.5627,106.6478,4.085
235.03990598399997,102.5627,106.6322,4.0694
235.079905968,102.5627,106.6166,4.0538
235.119905952,102.5627,106.601,4.0382
235.159905936,102.2612,106.5854,4.3241
235.19990592000002,102.2612,106.5698,4.3086
235.23990590399998,102.2612,106.5543,4.293
235.279905888,102.2612,106.5387,4.2774
235.319905872,102.2612,106.5231,4.2618
235.359905856,102.2612,106.5074,4.2461
235.39990584,102.2612,106.4919,4.2306
235.439905824,102.2612,106.4762,4.215
235.47990580799998,102.2612,106.4606,4.1993
235.519905792,102.2612,106.445,4.1837
235.559905776,102.2612,106.4294,4.1681
235.59990576,102.2612,106.4138,4.1525
235.63990574399998,102.2612,106.3982,4.1369
235.679905728,102.2612,106.3826,4.1214
235.71990571199998,102.2612,106.367,4.1057
235.759905696,102.2612,106.3515,4.0902
235.79990568,102.2612,106.3359,4.0746
235.839905664,102.2612,106.3203,4.059
235.87990564799998,102.2612,106.3046,4.0433
235.919905632,102.2612,106.289,4.0277
235.959905616,101.9597,106.2734,4.3136
235.9999056,101.9597,106.2578,4.298
236.039905584,101.9597,106.2422,4.2824
236.079905568,101.9597,106.2266,4.2668
236.119905552,101.9597,106.211,4.2512
236.159905536,101.9597,106.1954,4.2356
236.19990552000002,101.9597,106.1798,4.22
236.239905504,101.9597,106.1642,4.2045
236.279905488,101.9597,106.1486,4.1889
236.319905472,101.9597,106.1331,4.1733
236.359905456,101.9597,106.1175,4.1578
236.39990544,101.9597,106.1019,4.1421
236.43990542400002,101.9597,106.0863,4.1266
236.47990540799998,101.9597,106.0707,4.1109
236.519905392,101.9597,106.0551,4.0953
236.559905376,101.9597,106.0396,4.0798
236.59990536,101.9597,106.024,4.0642
236.639905344,101.9597,106.0084,4.0486
236.679905328,101.9597,105.9928,4.0331
236.71990531199998,101.9597,105.9773,4.0175
236.759905296,101.6582,105.9617,4.3035
236.79990528,101.6582,105.9461,4.2879
236.839905264,101.6582,105.9305,4.2723
236.87990524799997,101.6582,105.915,4.2567
236.919905232,101.6582,105.8994,4.2411
236.95990521599998,101.6582,105.8838,4.2256
236.9999052,101.6582,105.8682,4.21
237.039905184,101.6582,105.8526,4.1944
237.079905168,101.6582,105.8371,4.1788
237.119905152,101.6582,105.8215,4.1632
237.159905136,101.6582,105.8059,4.1477
237.19990512,101.6582,105.7903,4.1321
237.239905104,101.6582,105.7748,4.1165
237.27990508800002,101.6582,105.7592,4.1009
237.31990507199998,101.6582,105.7436,4.0854
237.359905056,101.6582,105.7281,4.0698
237.39990504,101.6582,105.7125,4.0542
237.439905024,101.6582,105.6969,4.0386
237.479905008,101.6582,105.6813,4.0231
237.519904992,101.6582,105.6657,4.0075
237.55990497599998,101.3567,105.6502,4.2934
237.59990496,101.3567,105.6345,4.2778
237.639904944,101.3567,105.619,4.2622
237.679904928,101.3567,105.6034,4.2466
237.71990491199998,101.3567,105.5878,4.231
237.759904896,101.3567,105.5723,4.2155
237.79990487999999,101.3567,105.5567,4.1999
237.839904864,101.3567,105.5411,4.1843
237.879904848,101.3567,105.5255,4.1687
237.919904832,101.3567,105.5099,4.1531
237.95990481599998,101.3567,105.4944,4.1376
237.9999048,101.3567,105.4788,4.122
238.039904784,101.3567,105.4632,4.1064
238.079904768,101.3567,105.4477,4.0909
238.119904752,101.3567,105.432,4.0753
238.159904736,101.3567,105.4165,4.0597
238.19990472,101.3567,105.4009,4.0441
238.239904704,101.3567,105.3853,4.0285
238.27990468800002,101.3567,105.3697,4.0129
238.319904672,101.3567,105.3541,3.9973
238.359904656,101.0552,105.3386,4.2833
238.39990464,101.0552,105.3229,4.2677
238.439904624,101.0552,105.3073,4.252
238.479904608,101.0552,105.2918,4.2365
238.51990459200002,101.0552,105.2761,4.2209
238.55990457599998,101.0552,105.2606,4.2053
238.59990456,101.0552,105.245,4.1897
238.639904544,101.0552,105.2294,4.1741
238.679904528,101.0552,105.2138,4.1586
238.719904512,101.0552,105.1982,4.143
238.759904496,101.0552,105.1827,4.1274
238.79990447999998,101.0552,105.1671,4.1119
238.839904464,101.0552,105.1516,4.0963
238.879904448,101.0552,105.1359,4.0807
238.919904432,101.0552,105.1204,4.0651
238.95990441599997,101.0552,105.1048,4.0495
238.9999044,101.0552,105.0892,4.0339
239.03990438399998,101.0552,105.0736,4.0183
239.079904368,101.0552,105.0581,4.0028
239.11990435200002,101.0552,105.0425,3.9872
239.15990433599998,100.7537,105.0269,4.2731
239.19990432,100.7537,105.0113,4.2575
239.239904304,100.7537,104.9957,4.242
239.279904288,100.7537,104.9801,4.2264
239.319904272,100.7537,104.9645,4.2107
239.359904256,100.7537,104.9489,4.1951
239.39990423999998,100.7537,104.9333,4.1796
239.439904224,100.7537,104.9177,4.164
239.479904208,100.7537,104.9022,4.1484
239.519904192,100.7537,104.8866,4.1328
239.559904176,100.7537,104.871,4.1172
239.59990416,100.7537,104.8554,4.1016
239.63990414399998,100.7537,104.8398,4.0861
239.679904128,100.7537,104.8242,4.0705
239.719904112,100.7537,104.8087,4.0549
239.759904096,100.7537,104.7931,4.0393
239.79990407999998,100.7537,104.7775,4.0238
239.839904064,100.7537,104.7619,4.0082
239.879904048,100.7537,104.7463,3.9926
239.919904032,100.7537,104.7307,3.977
239.959904016,100.4522,104.7151,4.2629
239.999904,100.4522,104.6996,4.2473
240.03990398399998,100.4522,104.6839,4.2317
240.079903968,100.4522,104.6684,4.2161
240.11990395200002,100.4522,104.6527,4.2005
240.159903936,100.4522,104.6372,4.185
240.19990392,100.4522,104.6217,4.1694
240.239903904,100.4522,104.6061,4.1538
240.279903888,100.4522,104.5905,4.1383
240.319903872,100.4522,104.5749,4.1227
240.35990385600002,100.4522,104.5594,4.1072
240.39990383999998,100.4522,104.5438,4.0916
240.439903824,100.4522,104.5283,4.076
240.479903808,100.4522,104.5127,4.0605
240.519903792,100.4522,104.4971,4.0449
240.559903776,100.4522,104.4815,4.0293
240.59990376,100.4522,104.466,4.0137
240.63990374399998,100.4522,104.4504,3.9981
240.679903728,100.4522,104.4349,3.9826
240.719903712,100.4522,104.4193,3.967
240.759903696,100.1507,104.4037,4.2529
240.79990368,100.1507,104.3881,4.2374
240.839903664,100.1507,104.3725,4.2218
240.87990364799998,100.1507,104.357,4.2062
240.919903632,100.1507,104.3413,4.1906
240.959903616,100.1507,104.3257,4.175
240.9999036,100.1507,104.3102,4.1594
241.039903584,100.1507,104.2946,4.1439
241.079903568,100.1507,104.2791,4.1283
241.119903552,100.1507,104.2635,4.1128
241.159903536,100.1507,104.248,4.0972
241.19990352000002,100.1507,104.2324,4.0817
241.23990350399998,100.1507,104.2168,4.0661
241.279903488,100.1507,104.2013,4.0506
241.319903472,100.1507,104.1857,4.035
241.359903456,100.1507,104.1702,4.0195
241.39990344,100.1507,104.1547,4.004
241.439903424,100.1507,104.1392,3.9884
241.47990340799998,100.1507,104.1236,3.9729
241.519903392,100.1507,104.108,3.9573
241.559903376,99.8492,104.0925,4.2432
241.59990336,99.8492,104.077,4.2277
241.63990334399998,99.8492,104.0614,4.2122
241.679903328,99.8492,104.0458,4.1966
241.71990331199999,99.8492,104.0303,4.181
241.759903296,99.8492,104.0148,4.1655
241.79990328,99.8492,103.9992,4.15
241.839903264,99.8492,103.9837,4.1344
241.87990324799998,99.8492,103.9681,4.1189
241.919903232,99.8492,103.9526,4.1034
241.959903216,99.8492,103.9371,4.0878
241.9999032,99.8492,103.9215,4.0723
242.039903184,99.8492,103.9059,4.0567
242.079903168,99.8492,103.8904,4.0412
242.119903152,99.8492,103.8749,4.0256
242.159903136,99.8492,103.8593,4.0101
242.19990312000002,99.8492,103.8438,3.9946
242.239903104,99.8492,103.8282,3.979
242.279903088,99.8492,103.8127,3.9635
242.319903072,99.8492,103.7972,3.9479
242.359903056,99.5477,103.7817,4.2339
242.39990304,99.5477,103.7662,4.2184
242.43990302400002,99.5477,103.7506,4.2029
242.47990300799998,99.5477,103.7351,4.1874
242.519902992,99.5477,103.7195,4.1718
242.559902976,99.5477,103.704,4.1562
242.59990296,99.5477,103.6884,4.1407
242.639902944,99.5477,103.6728,4.1251
242.679902928,99.5477,103.6573,4.1096
242.71990291199998,99.5477,103.6417,4.094
242.759902896,99.5477,103.6261,4.0784
242.79990288,99.5477,103.6106,4.0629
242.839902864,99.5477,103.595,4.0473
242.87990284799997,99.5477,103.5795,4.0317
242.919902832,99.5477,103.5639,4.0161
242.95990281599998,99.5477,103.5483,4.0006
242.9999028,99.5477,103.5328,3.9851
243.039902784,99.5477,103.5172,3.9695
243.07990276799998,99.5477,103.5017,3.9539
243.119902752,99.5477,103.4861,3.9384
243.159902736,99.2462,103.4706,4.2244
243.19990272,99.2462,103.455,4.2088
243.239902704,99.2462,103.4395,4.1933
243.27990268800002,99.2462,103.424,4.1778
243.31990267199998,99.2462,103.4084,4.1622
243.359902656,99.2462,103.3929,4.1467
243.39990264,99.2462,103.3773,4.1311
243.439902624,99.2462,103.3617,4.1155
243.479902608,99.2462,103.3461,4.0999
243.519902592,99.2462,103.3306,4.0844
243.55990257599998,99.2462,103.315,4.0688
243.59990256,99.2462,103.2995,4.0532
243.639902544,99.2462,103.2839,4.0377
243.679902528,99.2462,103.2684,4.0222
243.71990251199998,99.2462,103.2528,4.0066
243.759902496,99.2462,103.2373,3.9911
243.79990248,99.2462,103.2218,3.9756
243.839902464,99.2462,103.2062,3.96
243.879902448,99.2462,103.1907,3.9445
243.919902432,99.2462,103.1752,3.929
243.95990241599998,98.9447,103.1596,4.2149
243.9999024,98.9447,103.1441,4.1994
244.03990238400002,98.9447,103.1286,4.1839
244.079902368,98.9447,103.1131,4.1684
244.119902352,98.9447,103.0976,4.1529
244.159902336,98.9447,103.0821,4.1374
244.19990232,98.9447,103.0666,4.1219
244.239902304,98.9447,103.051,4.1063
244.27990228800002,98.9447,103.0355,4.0908
244.31990227199998,98.9447,103.02,4.0753
244.359902256,98.9447,103.0044,4.0597
244.39990224,98.9447,102.9889,4.0442
244.439902224,98.9447,102.9733,4.0286
244.479902208,98.9447,102.9578,4.0131
244.51990219200002,98.9447,102.9423,3.9976
244.55990217599998,98.9447,102.9267,3.982
244.59990216,98.9447,102.9112,3.9665
244.639902144,98.9447,102.8956,3.9509
244.679902128,98.9447,102.8801,3.9354
244.719902112,98.9447,102.8647,3.9199
244.759902096,98.6432,102.8491,4.2059
244.79990207999998,98.6432,102.8336,4.1904
244.839902064,98.6432,102.8181,4.1749
244.879902048,98.6432,102.8026,4.1594
244.919902032,98.6432,102.7871,4.1439
244.95990201599997,98.6432,102.7716,4.1284
244.999902,98.6432,102.7561,4.1128
245.039901984,98.6432,102.7405,4.0973
245.079901968,98.6432,102.725,4.0818
245.11990195200002,98.6432,102.7095,4.0663
245.15990193599998,98.6432,102.6939,4.0507
245.19990192,98.6432,102.6784,4.0352
245.239901904,98.6432,102.6629,4.0197
245.279901888,98.6432,102.6474,4.0042
245.319901872,98.6432,102.6318,3.9886
245.359901856,98.6432,102.6163,3.9731
245.39990183999998,98.6432,102.6008,3.9576
245.439901824,98.6432,102.5853,3.9421
245.479901808,98.6432,102.5698,3.9266
245.519901792,98.6432,102.5542,3.911
245.55990177599998,98.3416,102.5387,4.197
245.59990176,98.3416,102.5232,4.1815
245.63990174399999,98.3416,102.5077,4.166
245.679901728,98.3416,102.4922,4.1505
245.719901712,98.3416,102.4767,4.135
245.759901696,98.3416,102.4612,4.1195
245.79990167999998,98.3416,102.4458,4.1041
245.839901664,98.3416,102.4303,4.0886
245.879901648,98.3416,102.4148,4.0731
245.919901632,98.3416,102.3994,4.0577
245.959901616,98.3416,102.3838,4.0421
245.9999016,98.3416,102.3684,4.0267
246.039901584,98.3416,102.3529,4.0112
246.079901568,98.3416,102.3375,3.9958
246.11990155200002,98.3416,102.322,3.9803
246.159901536,98.3416,102.3065,3.9648
246.19990152,98.3416,102.291,3.9493
246.239901504,98.3416,102.2756,3.9339
246.279901488,98.3416,102.26,3.9183
246.319901472,98.3416,102.2446,3.9029
246.35990145600002,98.0401,102.2291,4.1889
246.39990143999998,98.0401,102.2136,4.1734
246.439901424,98.0401,102.1981,4.158
246.479901408,98.0401,102.1826,4.1425
246.519901392,98.0401,102.1672,4.127
246.559901376,98.0401,102.1517,4.1115
246.59990136,98.0401,102.1362,4.0961
246.63990134399998,98.0401,102.1208,4.0806
246.679901328,98.0401,102.1053,4.0651
246.719901312,98.0401,102.0898,4.0496
246.759901296,98.0401,102.0743,4.0341
246.79990127999997,98.0401,102.0588,4.0186
246.839901264,98.0401,102.0433,4.0031
246.87990124799998,98.0401,102.0278,3.9876
246.919901232,98.0401,102.0123,3.9721
246.959901216,98.0401,101.9968,3.9566
246.99990119999998,98.0401,101.9813,3.9411
247.039901184,98.0401,101.9658,3.9256
247.079901168,98.0401,101.9503,3.9101
247.119901152,98.0401,101.9348,3.8946
247.159901136,97.7386,101.9193,4.1807
247.19990112000002,97.7386,101.9038,4.1651
247.23990110399998,97.7386,101.8883,4.1496
247.279901088,97.7386,101.8728,4.1341
247.319901072,97.7386,101.8573,4.1186
247.359901056,97.7386,101.8419,4.1032
247.39990104,97.7386,101.8264,4.0877
247.439901024,97.7386,101.8109,4.0722
247.47990100799998,97.7386,101.7954,4.0567
247.519900992,97.7386,101.7799,4.0412
247.559900976,97.7386,101.7645,4.0258
247.59990096,97.7386,101.7489,4.0102
247.63990094399998,97.7386,101.7334,3.9948
247.679900928,97.7386,101.7179,3.9792
247.71990091199999,97.7386,101.7024,3.9637
247.759900896,97.7386,101.6869,3.9482
247.79990088,97.7386,101.6714,3.9327
247.839900864,97.7386,101.6559,3.9172
247.87990084799998,97.7386,101.6404,3.9017
247.919900832,97.7386,101.6249,3.8862
247.959900816,97.4371,101.6094,4.1722
247.9999008,97.4371,101.5939,4.1567
248.039900784,97.4371,101.5784,4.1412
248.079900768,97.4371,101.5629,4.1257
248.119900752,97.4371,101.5474,4.1102
248.159900736,97.4371,101.5319,4.0948
248.19990072000002,97.4371,101.5164,4.0793
248.23990070399998,97.4371,101.501,4.0638
248.279900688,97.4371,101.4855,4.0484
248.319900672,97.4371,101.47,4.0329
248.359900656,97.4371,101.4546,4.0174
248.39990064,97.4371,101.4391,4.0019
248.43990062400002,97.4371,101.4236,3.9864
248.47990060799998,97.4371,101.4081,3.9709
248.519900592,97.4371,101.3926,3.9554
248.559900576,97.4371,101.3771,3.94
248.59990056,97.4371,101.3617,3.9245
248.639900544,97.4371,101.3462,3.909
248.679900528,97.4371,101.3307,3.8936
248.71990051199998,97.4371,101.3153,3.8781
248.759900496,97.1356,101.2998,4.1642
248.79990048,97.1356,101.2844,4.1487
248.839900464,97.1356,101.2689,4.1332
248.87990044799997,97.1356,101.2534,4.1178
248.919900432,97.1356,101.238,4.1023
248.95990041599998,97.1356,101.2225,4.0868
248.9999004,97.1356,101.207,4.0713
249.03990038400002,97.1356,101.1916,4.0559
249.07990036799998,97.1356,101.1761,4.0404
249.119900352,97.1356,101.1606,4.0249
249.159900336,97.1356,101.1452,4.0095
249.19990032,97.1356,101.1297,3.994
249.239900304,97.1356,101.1143,3.9786
249.279900288,97.1356,101.0988,3.9631
249.31990027199998,97.1356,101.0833,3.9477
249.359900256,97.1356,101.0679,3.9322
249.39990024,97.1356,101.0524,3.9168
249.439900224,97.1356,101.037,3.9013
249.47990020799998,97.1356,101.0216,3.8859
249.519900192,97.1356,101.0061,3.8705
249.55990017599999,96.8341,100.9907,4.1566
249.59990016,96.8341,100.9753,4.1411
249.639900144,96.8341,100.9598,4.1257
249.679900128,96.8341,100.9444,4.1103
249.71990011199998,96.8341,100.9289,4.0948
249.759900096,96.8341,100.9136,4.0794
249.79990008,96.8341,100.8981,4.064
249.839900064,96.8341,100.8827,4.0486
249.879900048,96.8341,100.8673,4.0332
249.919900032,96.8341,100.8519,4.0178
249.959900016,96.8341,100.8365,4.0024
249.9999,96.8341,100.8211,3.9869
250.03989998400002,96.8341,100.8057,3.9715
250.079899968,96.8341,100.7903,3.9561
250.11989995200003,96.8341,100.7748,3.9406
250.15989993600002,96.8341,100.7594,3.9252
250.19989992000004,96.8341,100.744,3.9098
250.23989990399997,96.8341,100.7285,3.8944
250.279899888,96.8341,100.7131,3.8789
250.31989987199998,96.8341,100.6976,3.8634
250.359899856,96.5326,100.6822,4.1496
250.39989984,96.5326,100.6668,4.1342
250.439899824,96.5326,100.6514,4.1187
250.479899808,96.5326,100.636,4.1033
250.51989979200002,96.5326,100.6205,4.0879
250.559899776,96.5326,100.6051,4.0725
250.59989976000003,96.5326,100.5897,4.0571
250.63989974399996,96.5326,100.5743,4.0416
250.67989972799998,96.5326,100.5589,4.0262
250.71989971199997,96.5326,100.5434,4.0108
250.759899696,96.5326,100.5281,3.9954
250.79989967999998,96.5326,100.5127,3.98
250.839899664,96.5326,100.4972,3.9646
250.879899648,96.5326,100.4819,3.9492
250.919899632,96.5326,100.4665,3.9338
250.959899616,96.5326,100.4511,3.9184
250.99989960000002,96.5326,100.4357,3.9031
251.03989958399998,96.5326,100.4203,3.8876
251.07989956799997,96.5326,100.4049,3.8723
251.119899552,96.5326,100.3895,3.8569
251.15989953599998,96.2311,100.3741,4.143
251.19989952,96.2311,100.3588,4.1276
251.239899504,96.2311,100.3434,4.1122
251.279899488,96.2311,100.328,4.0969
251.319899472,96.2311,100.3126,4.0815
251.35989945600002,96.2311,100.2973,4.0661
251.39989944,96.2311,100.2819,4.0508
251.43989942400003,96.2311,100.2665,4.0354
251.47989940799997,96.2311,100.2511,4.02
251.51989939199999,96.2311,100.2357,4.0046
251.55989937599998,96.2311,100.2203,3.9892
251.59989936,96.2311,100.205,3.9739
251.63989934399999,96.2311,100.1896,3.9585
251.679899328,96.2311,100.1743,3.9431
251.719899312,96.2311,100.1589,3.9277
251.75989929600001,96.2311,100.1435,3.9123
251.79989928,96.2311,100.1281,3.897
251.83989926400002,96.2311,100.1127,3.8816
251.87989924799996,96.2311,100.0974,3.8662
251.91989923199998,96.2311,100.082,3.8508
251.959899216,95.9296,100.0666,4.137
251.9998992,95.9296,100.0512,4.1216
252.039899184,95.9296,100.0358,4.1062
252.079899168,95.9296,100.0205,4.0909
252.11989915200002,95.9296,100.0051,4.0755
252.159899136,95.9296,99.9897,4.0601
252.19989912000003,95.9296,99.9744,4.0448
252.23989910400002,95.9296,99.959,4.0294
252.27989908799998,95.9296,99.9437,4.014
252.31989907199997,95.9296,99.9283,3.9987
252.359899056,95.9296,99.9129,3.9833
252.39989903999998,95.9296,99.8976,3.968
252.439899024,95.9296,99.8822,3.9526
252.479899008,95.9296,99.8669,3.9373
252.519898992,95.9296,99.8516,3.9219
252.559898976,95.9296,99.8362,3.9066
252.59989896000002,95.9296,99.8209,3.8913
252.639898944,95.9296,99.8055,3.8759
252.67989892800003,95.9296,99.7901,3.8605
252.71989891199996,95.9296,99.7748,3.8452
252.75989889599998,95.6281,99.7594,4.1313
252.79989887999997,95.6281,99.7441,4.116
252.839898864,95.6281,99.7288,4.1007
252.87989884799998,95.6281,99.7135,4.0853
252.919898832,95.6281,99.6981,4.07
252.95989881600002,95.6281,99.6828,4.0547
252.9998988,95.6281,99.6674,4.0393
253.03989878400003,95.6281,99.652,4.0239
253.07989876800002,95.6281,99.6367,4.0085
253.11989875199998,95.6281,99.6213,3.9932
253.15989873599997,95.6281,99.606,3.9779
253.19989872,95.6281,99.5907,3.9626
253.23989870399998,95.6281,99.5754,3.9472
253.279898688,95.6281,99.56,3.9319
253.319898672,95.6281,99.5448,3.9166
253.359898656,95.6281,99.5294,3.9013
253.39989864,95.6281,99.5141,3.886
253.43989862400002,95.6281,99.4988,3.8707
253.479898608,95.6281,99.4835,3.8554
253.51989859199998,95.6281,99.4683,3.8401
253.55989857599997,95.3266,99.4529,4.1263
253.59989855999999,95.3266,99.4376,4.111
253.63989854399998,95.3266,99.4224,4.0957
253.679898528,95.3266,99.4071,4.0804
253.719898512,95.3266,99.3918,4.0652
253.759898496,95.3266,99.3764,4.0498
253.79989848,95.3266,99.3612,4.0345
253.83989846400002,95.3266,99.3459,4.0192
253.879898448,95.3266,99.3306,4.004
253.91989843200002,95.3266,99.3153,3.9887
253.959898416,95.3266,99.3001,3.9734
253.99989839999998,95.3266,99.2848,3.9582
254.039898384,95.3266,99.2695,3.9429
254.079898368,95.3266,99.2543,3.9276
254.119898352,95.3266,99.239,3.9124
254.159898336,95.3266,99.2238,3.8971
254.19989832000002,95.3266,99.2085,3.8818
254.239898304,95.3266,99.1932,3.8665
254.27989828800003,95.3266,99.1779,3.8512
254.31989827200002,95.3266,99.1626,3.836
254.35989825599998,95.0251,99.1473,4.1221
254.39989823999997,95.0251,99.132,4.1069
254.439898224,95.0251,99.1167,4.0916
254.47989820799998,95.0251,99.1014,4.0763
254.519898192,95.0251,99.0862,4.0611
254.559898176,95.0251,99.0709,4.0458
254.59989816,95.0251,99.0556,4.0305
254.639898144,95.0251,99.0403,4.0152
254.67989812800002,95.0251,99.025,3.9999
254.719898112,95.0251,99.0098,3.9847
254.75989809599997,95.0251,98.9945,3.9694
254.79989807999996,95.0251,98.9792,3.9541
254.83989806399998,95.0251,98.964,3.9389
254.87989804799997,95.0251,98.9487,3.9236
254.919898032,95.0251,98.9335,3.9083
254.959898016,95.0251,98.9181,3.893
254.999898,95.0251,98.9029,3.8778
255.03989798400002,95.0251,98.8876,3.8625
255.079897968,95.0251,98.8723,3.8472
255.11989795200003,95.0251,98.8571,3.832
255.15989793600002,94.7236,98.8418,4.1182
255.19989791999998,94.7236,98.8265,4.1029
255.23989790399997,94.7236,98.8113,4.0877
255.279897888,94.7236,98.796,4.0724
255.31989787199998,94.7236,98.7808,4.0572
255.359897856,94.7236,98.7654,4.0418
255.39989784,94.7236,98.7502,4.0266
255.439897824,94.7236,98.735,4.0114
255.479897808,94.7236,98.7196,3.996
255.51989779200002,94.7236,98.7044,3.9808
255.559897776,94.7236,98.6892,3.9656
255.59989775999998,94.7236,98.6739,3.9503
255.63989774399997,94.7236,98.6586,3.935
255.679897728,94.7236,98.6433,3.9197
255.71989771199998,94.7236,98.6281,3.9045
255.759897696,94.7236,98.6128,3.8892
255.79989768,94.7236,98.5976,3.874
255.839897664,94.7236,98.5823,3.8587
255.879897648,94.7236,98.567,3.8434
255.91989763200002,94.7236,98.5518,3.8282
255.95989761600003,94.422,98.5365,4.1144
255.99989759999997,94.422,98.5212,4.0991
256.03989758399996,94.422,98.5059,4.0838
256.079897568,94.422,98.4906,4.0685
256.119897552,94.422,98.4754,4.0533
256.159897536,94.422,98.4601,4.038
256.19989752,94.422,98.4448,4.0227
256.239897504,94.422,98.4296,4.0075
256.279897488,94.422,98.4143,3.9922
256.31989747200004,94.422,98.3991,3.977
256.359897456,94.422,98.3838,3.9617
256.39989744,94.422,98.3685,3.9464
256.439897424,94.422,98.3533,3.9312
256.479897408,94.422,98.338,3.9159
256.51989739199996,94.422,98.3228,3.9007
256.559897376,94.422,98.3075,3.8854
256.59989736,94.422,98.2923,3.8702
256.639897344,94.422,98.277,3.8549
256.679897328,94.422,98.2618,3.8397
256.719897312,94.422,98.2465,3.8244
256.759897296,94.1205,98.2312,4.1106
256.79989728000004,94.1205,98.216,4.0954
256.83989726399994,94.1205,98.2007,4.0802
256.87989724799996,94.1205,98.1855,4.0649
256.919897232,94.1205,98.1702,4.0497
256.959897216,94.1205,98.155,4.0344
256.9998972,94.1205,98.1397,4.0191
257.039897184,94.1205,98.1245,4.0039
257.079897168,94.1205,98.1092,3.9886
257.119897152,94.1205,98.0939,3.9733
257.15989713600004,94.1205,98.0786,3.958
257.19989712,94.1205,98.0633,3.9427
257.23989710399997,94.1205,98.0481,3.9275
257.279897088,94.1205,98.0328,3.9122
257.319897072,94.1205,98.0175,3.8969
257.35989705599997,94.1205,98.0022,3.8816
257.39989704,94.1205,97.9869,3.8663
257.439897024,94.1205,97.9717,3.8511
257.479897008,94.1205,97.9565,3.8359
257.519896992,94.1205,97.9412,3.8206
257.559896976,93.819,97.926,4.1069
257.59989696,93.819,97.9107,4.0916
257.639896944,93.819,97.8954,4.0764
257.67989692799995,93.819,97.8802,4.0611
257.71989691199997,93.819,97.8649,4.0458
257.759896896,93.819,97.8497,4.0306
257.79989688,93.819,97.8344,4.0153
257.83989686399997,93.819,97.8192,4.0001
257.879896848,93.819,97.8039,3.9849
257.919896832,93.819,97.7887,3.9696
257.959896816,93.819,97.7735,3.9544
257.99989680000004,93.819,97.7582,3.9391
258.039896784,93.819,97.743,3.9239
258.07989676799997,93.819,97.7277,3.9086
258.119896752,93.819,97.7125,3.8934
258.159896736,93.819,97.6972,3.8781
258.19989671999997,93.819,97.682,3.8629
258.239896704,93.819,97.6667,3.8476
258.279896688,93.819,97.6515,3.8324
258.319896672,93.819,97.6362,3.8171
258.359896656,93.5175,97.621,4.1034
258.39989664,93.5175,97.6057,4.0882
258.439896624,93.5175,97.5906,4.073
258.479896608,93.5175,97.5753,4.0578
258.51989659199995,93.5175,97.5601,4.0425
258.55989657599997,93.5175,97.5449,4.0273
258.59989656,93.5175,97.5296,4.0121
258.639896544,93.5175,97.5144,3.9968
258.679896528,93.5175,97.4992,3.9817
258.719896512,93.5175,97.484,3.9664
258.759896496,93.5175,97.4688,3.9512
258.79989648000003,93.5175,97.4536,3.936
258.839896464,93.5175,97.4383,3.9208
258.87989644799995,93.5175,97.4231,3.9056
258.919896432,93.5175,97.4078,3.8903
258.959896416,93.5175,97.3927,3.8751
258.9998964,93.5175,97.3774,3.8598
259.039896384,93.5175,97.3622,3.8446
259.079896368,93.5175,97.3469,3.8294
259.119896352,93.5175,97.3317,3.8141
259.15989633600003,93.216,97.3165,4.1005
259.19989632,93.216,97.3013,4.0852
259.239896304,93.216,97.286,4.07
259.27989628800003,93.216,97.2708,4.0547
259.319896272,93.216,97.2555,4.0395
259.35989625599996,93.216,97.2404,4.0243
259.39989624,93.216,97.2251,4.0091
259.439896224,93.216,97.2099,3.9938
259.479896208,93.216,97.1946,3.9785
259.519896192,93.216,97.1793,3.9633
259.559896176,93.216,97.1642,3.9481
259.59989616,93.216,97.149,3.9329
259.63989614400003,93.216,97.1337,3.9177
259.679896128,93.216,97.1185,3.9025
259.71989611199996,93.216,97.1033,3.8872
259.759896096,93.216,97.088,3.872
259.79989608,93.216,97.0728,3.8567
259.83989606399996,93.216,97.0575,3.8415
259.879896048,93.216,97.0423,3.8263
259.919896032,93.216,97.027,3.811
259.959896016,92.9145,97.0118,4.0973
259.99989600000004,92.9145,96.9966,4.082
260.039895984,92.9145,96.9814,4.0668
260.079895968,92.9145,96.9662,4.0516
260.119895952,92.9145,96.9509,4.0363
260.159895936,92.9145,96.9357,4.0211
260.19989591999996,92.9145,96.9205,4.0059
260.239895904,92.9145,96.9053,3.9907
260.279895888,92.9145,96.8901,3.9756
260.319895872,92.9145,96.8749,3.9603
260.359895856,92.9145,96.8597,3.9452
260.39989584,92.9145,96.8445,3.9299
260.439895824,92.9145,96.8293,3.9147
260.47989580800004,92.9145,96.814,3.8994
260.519895792,92.9145,96.7988,3.8842
260.55989577599996,92.9145,96.7836,3.8691
260.59989576,92.9145,96.7684,3.8539
260.639895744,92.9145,96.7532,3.8386
260.67989572799996,92.9145,96.738,3.8234
260.719895712,92.9145,96.7227,3.8082
260.759895696,92.613,96.7075,4.0945
260.79989568,92.613,96.6923,4.0792
260.839895664,92.613,96.6771,4.064
260.879895648,92.613,96.6619,4.0489
260.919895632,92.613,96.6467,4.0336
260.959895616,92.613,96.6315,4.0184
260.9998956,92.613,96.6162,4.0032
261.03989558399996,92.613,96.601,3.988
261.079895568,92.613,96.5858,3.9727
261.119895552,92.613,96.5705,3.9575
261.159895536,92.613,96.5553,3.9423
261.19989552,92.613,96.5401,3.9271
261.239895504,92.613,96.5249,3.9119
261.279895488,92.613,96.5097,3.8966
261.31989547200004,92.613,96.4944,3.8814
261.35989545599995,92.613,96.4792,3.8662
261.39989543999997,92.613,96.464,3.8509
261.439895424,92.613,96.4488,3.8357
261.479895408,92.613,96.4335,3.8205
261.51989539199997,92.613,96.4183,3.8052
261.559895376,92.3115,96.4031,4.0915
261.59989536,92.3115,96.3878,4.0763
261.639895344,92.3115,96.3726,4.061
261.679895328,92.3115,96.3573,4.0458
261.719895312,92.3115,96.342,4.0305
261.759895296,92.3115,96.3268,4.0152
261.79989528,92.3115,96.3116,4.0
261.839895264,92.3115,96.2963,3.9847
261.87989524799997,92.3115,96.281,3.9694
261.919895232,92.3115,96.2657,3.9542
261.959895216,92.3115,96.2505,3.939
261.9998952,92.3115,96.2352,3.9237
262.039895184,92.3115,96.22,3.9084
262.079895168,92.3115,96.2047,3.8932
262.119895152,92.3115,96.1895,3.8779
262.15989513600005,92.3115,96.1742,3.8627
262.19989511999995,92.3115,96.1589,3.8474
262.23989510399997,92.3115,96.1437,3.8321
262.279895088,92.3115,96.1284,3.8169
262.319895072,92.3115,96.1131,3.8016
262.35989505599997,92.01,96.0979,4.0879
262.39989504,92.01,96.0826,4.0726
262.439895024,92.01,96.0673,4.0573
262.479895008,92.01,96.0521,4.0421
262.519894992,92.01,96.0369,4.0268
262.559894976,92.01,96.0216,4.0116
262.59989496,92.01,96.0063,3.9963
262.639894944,92.01,95.9911,3.9811
262.67989492799995,92.01,95.9759,3.9658
262.719894912,92.01,95.9606,3.9506
262.759894896,92.01,95.9453,3.9353
262.79989488,92.01,95.93,3.92
262.839894864,92.01,95.9147,3.9047
262.879894848,92.01,95.8995,3.8895
262.919894832,92.01,95.8842,3.8742
262.95989481600003,92.01,95.869,3.8589
262.99989480000005,92.01,95.8537,3.8437
263.03989478399996,92.01,95.8384,3.8284
263.079894768,92.01,95.8232,3.8132
263.119894752,92.01,95.808,3.798
263.159894736,91.7085,95.7928,4.0842
263.19989472,91.7085,95.7775,4.069
263.239894704,91.7085,95.7623,4.0537
263.279894688,91.7085,95.747,4.0385
263.31989467200003,91.7085,95.7318,4.0233
263.359894656,91.7085,95.7166,4.008
263.39989464,91.7085,95.7013,3.9928
263.439894624,91.7085,95.6861,3.9775
263.479894608,91.7085,95.6708,3.9623
263.51989459199996,91.7085,95.6556,3.9471
263.559894576,91.7085,95.6403,3.9318
263.59989456,91.7085,95.6251,3.9166
263.639894544,91.7085,95.6098,3.9013
263.679894528,91.7085,95.5946,3.8861
263.719894512,91.7085,95.5794,3.8708
263.759894496,91.7085,95.5641,3.8556
263.79989448000003,91.7085,95.5489,3.8403
263.839894464,91.7085,95.5336,3.8251
263.87989444799996,91.7085,95.5184,3.8098
263.919894432,91.7085,95.5031,3.7946
263.959894416,91.407,95.4878,4.0808
263.9998944,91.407,95.4726,4.0656
264.039894384,91.407,95.4573,4.0503
264.079894368,91.407,95.442,4.035
264.119894352,91.407,95.4268,4.0198
264.15989433600004,91.407,95.4115,4.0045
264.19989432,91.407,95.3962,3.9892
264.239894304,91.407,95.381,3.9739
264.279894288,91.407,95.3657,3.9587
264.319894272,91.407,95.3504,3.9434
264.35989425599996,91.407,95.3352,3.9281
264.39989424,91.407,95.3199,3.9129
264.439894224,91.407,95.3046,3.8976
264.479894208,91.407,95.2894,3.8824
264.519894192,91.407,95.2742,3.8672
264.559894176,91.407,95.2589,3.8519
264.59989416,91.407,95.2436,3.8366
264.63989414400004,91.407,95.2284,3.8213
264.67989412799994,91.407,95.2131,3.8061
264.71989411199996,91.407,95.1979,3.7909
264.759894096,91.1055,95.1826,4.0771
264.79989408,91.1055,95.1674,4.0619
264.83989406399996,91.1055,95.1521,4.0466
264.879894048,91.1055,95.1369,4.0314
264.919894032,91.1055,95.1217,4.0161
264.959894016,91.1055,95.1064,4.0009
264.99989400000004,91.1055,95.0912,3.9857
265.039893984,91.1055,95.0759,3.9704
265.07989396799996,91.1055,95.0607,3.9552
265.119893952,91.1055,95.0455,3.9399
265.159893936,91.1055,95.0302,3.9247
265.19989391999997,91.1055,95.015,3.9095
265.239893904,91.1055,94.9997,3.8942
265.279893888,91.1055,94.9845,3.879
265.319893872,91.1055,94.9693,3.8638
265.359893856,91.1055,94.9541,3.8486
265.39989384,91.1055,94.9388,3.8333
265.439893824,91.1055,94.9236,3.8181
265.47989380800004,91.1055,94.9083,3.8028
265.51989379199995,91.1055,94.8931,3.7876
265.55989377599997,90.804,94.8779,4.0739
265.59989376,90.804,94.8627,4.0586
265.639893744,90.804,94.8474,4.0434
265.67989372799997,90.804,94.8322,4.0282
265.719893712,90.804,94.817,4.0129
265.759893696,90.804,94.8017,3.9977
265.79989368,90.804,94.7865,3.9825
265.839893664,90.804,94.7713,3.9673
265.879893648,90.804,94.7561,3.952
265.91989363199997,90.804,94.7408,3.9368
265.959893616,90.804,94.7255,3.9215
265.9998936,90.804,94.7103,3.9063
266.03989358399997,90.804,94.6951,3.8911
266.079893568,90.804,94.6799,3.8759
266.119893552,90.804,94.6646,3.8606
266.159893536,90.804,94.6494,3.8454
266.19989352,90.804,94.6342,3.8302
266.239893504,90.804,94.6189,3.8149
266.279893488,90.804,94.6037,3.7997
266.319893472,90.804,94.5885,3.7844
266.35989345599995,90.5025,94.5732,4.0707
266.39989343999997,90.5025,94.5579,4.0554
266.439893424,90.5025,94.5427,4.0402
266.479893408,90.5025,94.5274,4.0249
266.519893392,90.5025,94.5122,4.0097
266.559893376,90.5025,94.4968,3.9944
266.59989336,90.5025,94.4816,3.9791
266.63989334400003,90.5025,94.4663,3.9638
266.679893328,90.5025,94.451,3.9485
266.719893312,90.5025,94.4358,3.9333
266.759893296,90.5025,94.4204,3.9179
266.79989328,90.5025,94.4052,3.9027
266.839893264,90.5025,94.3899,3.8874
266.879893248,90.5025,94.3746,3.8721
266.919893232,90.5025,94.3593,3.8568
266.959893216,90.5025,94.344,3.8415
266.99989320000003,90.5025,94.3287,3.8263
267.039893184,90.5025,94.3135,3.811
267.079893168,90.5025,94.2982,3.7957
267.11989315200003,90.5025,94.2829,3.7804
267.159893136,90.2009,94.2676,4.0666
267.19989311999996,90.2009,94.2523,4.0514
267.239893104,90.2009,94.2371,4.0361
267.279893088,90.2009,94.2218,4.0208
267.319893072,90.2009,94.2065,4.0055
267.359893056,90.2009,94.1913,3.9903
267.39989304,90.2009,94.176,3.975
267.439893024,90.2009,94.1607,3.9598
267.47989300800003,90.2009,94.1454,3.9444
267.519892992,90.2009,94.1301,3.9291
267.55989297599996,90.2009,94.1148,3.9139
267.59989296,90.2009,94.0996,3.8986
267.639892944,90.2009,94.0843,3.8833
267.67989292799996,90.2009,94.069,3.868
267.719892912,90.2009,94.0537,3.8527
267.759892896,90.2009,94.0385,3.8375
267.79989288,90.2009,94.0233,3.8223
267.83989286400003,90.2009,94.008,3.8071
267.879892848,90.2009,93.9928,3.7918
267.919892832,90.2009,93.9775,3.7765
267.95989281600004,89.8994,93.9622,4.0627
267.9998928,89.8994,93.9469,4.0474
268.03989278399996,89.8994,93.9316,4.0321
268.079892768,89.8994,93.9163,4.0168
268.119892752,89.8994,93.901,4.0015
268.159892736,89.8994,93.8857,3.9862
268.19989272,89.8994,93.8704,3.9709
268.239892704,89.8994,93.8552,3.9557
268.279892688,89.8994,93.8399,3.9404
268.31989267200004,89.8994,93.8246,3.9251
268.359892656,89.8994,93.8093,3.9099
268.39989263999996,89.8994,93.7941,3.8946
268.439892624,89.8994,93.7788,3.8793
268.479892608,89.8994,93.7634,3.8639
268.51989259199996,89.8994,93.7481,3.8486
268.559892576,89.8994,93.7328,3.8334
268.59989256,89.8994,93.7176,3.8181
268.639892544,89.8994,93.7023,3.8028
268.679892528,89.8994,93.687,3.7875
268.719892512,89.8994,93.6718,3.7723
268.759892496,89.5979,93.6565,4.0585
268.79989248,89.5979,93.6412,4.0432
268.839892464,89.5979,93.626,4.028
268.87989244799996,89.5979,93.6107,4.0127
268.919892432,89.5979,93.5954,3.9974
268.959892416,89.5979,93.5801,3.9821
268.9998924,89.5979,93.5648,3.9668
269.039892384,89.5979,93.5495,3.9516
269.079892368,89.5979,93.5342,3.9362
269.119892352,89.5979,93.5189,3.921
269.15989233600004,89.5979,93.5037,3.9057
269.19989232,89.5979,93.4884,3.8904
269.23989230399997,89.5979,93.4732,3.8752
269.279892288,89.5979,93.4579,3.8599
269.319892272,89.5979,93.4426,3.8446
269.35989225599997,89.5979,93.4273,3.8293
269.39989224,89.5979,93.412,3.814
269.439892224,89.5979,93.3967,3.7987
269.479892208,89.5979,93.3814,3.7834
269.519892192,89.5979,93.3661,3.7681
269.559892176,89.2964,93.3508,4.0544
269.59989216,89.2964,93.3355,4.039
269.639892144,89.2964,93.3202,4.0237
269.67989212799995,89.2964,93.3048,4.0084
269.71989211199997,89.2964,93.2896,3.9931
269.759892096,89.2964,93.2743,3.9778
269.79989208,89.2964,93.259,3.9625
269.839892064,89.2964,93.2437,3.9472
269.879892048,89.2964,93.2284,3.9319
269.919892032,89.2964,93.2131,3.9166
269.959892016,89.2964,93.1978,3.9014
269.99989200000005,89.2964,93.1825,3.8861
270.03989198399995,89.2964,93.1673,3.8708
270.07989196799997,89.2964,93.152,3.8555
270.119891952,89.2964,93.1367,3.8402
270.159891936,89.2964,93.1214,3.8249
270.19989191999997,89.2964,93.1061,3.8096
270.239891904,89.2964,93.0908,3.7943
270.279891888,89.2964,93.0755,3.779
270.319891872,89.2964,93.0601,3.7637
270.359891856,88.9949,93.0449,4.0499
270.39989184,88.9949,93.0296,4.0346
270.43989182400003,88.9949,93.0143,4.0193
270.479891808,88.9949,92.999,4.004
270.51989179199995,88.9949,92.9837,3.9888
270.559891776,88.9949,92.9685,3.9735
270.59989176,88.9949,92.9531,3.9582
270.639891744,88.9949,92.9378,3.9429
270.679891728,88.9949,92.9226,3.9277
270.719891712,88.9949,92.9074,3.9124
270.759891696,88.9949,92.8921,3.8972
270.79989168000003,88.9949,92.8768,3.8819
270.839891664,88.9949,92.8615,3.8666
270.87989164799995,88.9949,92.8462,3.8513
270.919891632,88.9949,92.8309,3.836
270.959891616,88.9949,92.8156,3.8207
270.9998916,88.9949,92.8003,3.8053
271.039891584,88.9949,92.785,3.79
271.079891568,88.9949,92.7697,3.7748
271.119891552,88.9949,92.7544,3.7595
271.15989153600003,88.6934,92.7392,4.0457
271.19989152,88.6934,92.7239,4.0305
271.239891504,88.6934,92.7086,4.0152
271.279891488,88.6934,92.6934,3.9999
271.319891472,88.6934,92.6781,3.9846
271.35989145599996,88.6934,92.6628,3.9693
271.39989144,88.6934,92.6475,3.954
271.439891424,88.6934,92.6322,3.9387
271.479891408,88.6934,92.6169,3.9234
271.519891392,88.6934,92.6016,3.9082
271.559891376,88.6934,92.5863,3.8928
271.59989136,88.6934,92.571,3.8775
271.63989134400003,88.6934,92.5557,3.8622
271.679891328,88.6934,92.5404,3.847
271.71989131199996,88.6934,92.5252,3.8317
271.759891296,88.6934,92.5099,3.8164
271.79989128,88.6934,92.4946,3.8012
271.839891264,88.6934,92.4793,3.7859
271.879891248,88.6934,92.464,3.7706
271.919891232,88.6934,92.4487,3.7553
271.959891216,88.3919,92.4334,4.0415
271.99989120000004,88.3919,92.4182,4.0262
272.039891184,88.3919,92.4029,4.0109
272.079891168,88.3919,92.3876,3.9957
272.119891152,88.3919,92.3724,3.9804
272.159891136,88.3919,92.3571,3.9652
272.19989111999996,88.3919,92.3418,3.9498
272.239891104,88.3919,92.3264,3.9345
272.279891088,88.3919,92.3112,3.9192
272.319891072,88.3919,92.2959,3.9039
272.359891056,88.3919,92.2806,3.8886
272.39989104,88.3919,92.2654,3.8734
272.439891024,88.3919,92.2501,3.8581
272.47989100800004,88.3919,92.2348,3.8429
272.51989099199994,88.3919,92.2196,3.8276
272.55989097599996,88.3919,92.2043,3.8124
272.59989096,88.3919,92.1891,3.7971
272.639890944,88.3919,92.1738,3.7819
272.67989092799996,88.3919,92.1585,3.7666
272.719890912,88.3919,92.1433,3.7513
272.759890896,88.0904,92.128,4.0376
272.79989088,88.0904,92.1128,4.0224
272.83989086400004,88.0904,92.0975,4.0071
272.879890848,88.0904,92.0823,3.9918
272.919890832,88.0904,92.067,3.9765
272.959890816,88.0904,92.0517,3.9613
272.9998908,88.0904,92.0365,3.946
273.03989078399997,88.0904,92.0212,3.9308
273.079890768,88.0904,92.006,3.9155
273.119890752,88.0904,91.9907,3.9002
273.159890736,88.0904,91.9754,3.885
273.19989072,88.0904,91.9602,3.8697
273.239890704,88.0904,91.9449,3.8544
273.279890688,88.0904,91.9296,3.8392
273.31989067200004,88.0904,91.9144,3.824
273.35989065599995,88.0904,91.8991,3.8087
273.39989063999997,88.0904,91.8839,3.7934
273.439890624,88.0904,91.8686,3.7781
273.479890608,88.0904,91.8533,3.7629
273.51989059199997,88.0904,91.8381,3.7476
273.559890576,87.7889,91.8228,4.0339
273.59989056,87.7889,91.8076,4.0186
273.639890544,87.7889,91.7923,4.0034
273.679890528,87.7889,91.7771,3.9881
273.719890512,87.7889,91.7618,3.9729
273.75989049599997,87.7889,91.7465,3.9576
273.79989048,87.7889,91.7313,3.9424
273.839890464,87.7889,91.716,3.9271
273.87989044799997,87.7889,91.7007,3.9118
273.919890432,87.7889,91.6855,3.8965
273.959890416,87.7889,91.6702,3.8813
273.9998904,87.7889,91.655,3.866
274.039890384,87.7889,91.6397,3.8507
274.079890368,87.7889,91.6244,3.8355
274.119890352,87.7889,91.6092,3.8203
274.15989033600005,87.7889,91.5939,3.805
274.19989031999995,87.7889,91.5787,3.7898
274.23989030399997,87.7889,91.5634,3.7744
274.279890288,87.7889,91.5481,3.7592
274.319890272,87.7889,91.5328,3.7439
274.35989025599997,87.4874,91.5175,4.0301
274.39989024,87.4874,91.5023,4.0149
274.439890224,87.4874,91.487,3.9996
274.47989020800003,87.4874,91.4718,3.9843
274.519890192,87.4874,91.4565,3.9691
274.559890176,87.4874,91.4412,3.9538
274.59989016,87.4874,91.426,3.9386
274.639890144,87.4874,91.4108,3.9234
274.67989012799995,87.4874,91.3955,3.9081
274.719890112,87.4874,91.3802,3.8928
274.759890096,87.4874,91.365,3.8775
274.79989008,87.4874,91.3498,3.8623
274.83989006400003,87.4874,91.3345,3.8471
274.879890048,87.4874,91.3193,3.8318
274.919890032,87.4874,91.304,3.8166
274.95989001600003,87.4874,91.2887,3.8013
274.99989,87.4874,91.2734,3.786
275.03988998399996,87.4874,91.2581,3.7707
275.079889968,87.4874,91.2429,3.7555
275.119889952,87.4874,91.2277,3.7403
275.159889936,87.1859,91.2124,4.0265
275.19988992,87.1859,91.1971,4.0112
275.239889904,87.1859,91.1819,3.996
275.279889888,87.1859,91.1666,3.9807
275.31988987200003,87.1859,91.1513,3.9654
275.359889856,87.1859,91.1361,3.9501
275.39988984,87.1859,91.1208,3.9349
275.439889824,87.1859,91.1056,3.9197
275.479889808,87.1859,91.0904,3.9045
275.51988979199996,87.1859,91.0752,3.8892
275.559889776,87.1859,91.0599,3.874
275.59988976,87.1859,91.0446,3.8587
275.639889744,87.1859,91.0293,3.8434
275.679889728,87.1859,91.014,3.8281
275.719889712,87.1859,90.9988,3.8129
275.759889696,87.1859,90.9835,3.7976
275.79988968000004,87.1859,90.9683,3.7824
275.839889664,87.1859,90.953,3.7671
275.87988964799996,87.1859,90.9378,3.7518
275.919889632,87.1859,90.9226,3.7366
275.959889616,86.8843,90.9073,4.0229
275.9998896,86.8843,90.892,4.0076
276.039889584,86.8843,90.8768,3.9924
276.079889568,86.8843,90.8615,3.9771
276.119889552,86.8843,90.8463,3.9619
276.15988953600004,86.8843,90.831,3.9466
276.19988952,86.8843,90.8158,3.9314
276.23988950399996,86.8843,90.8006,3.9162
276.279889488,86.8843,90.7853,3.9009
276.319889472,86.8843,90.7701,3.8857
276.35988945599996,86.8843,90.7548,3.8704
276.39988944,86.8843,90.7396,3.8552
276.439889424,86.8843,90.7244,3.84
276.479889408,86.8843,90.7091,3.8247
276.519889392,86.8843,90.6939,3.8095
276.559889376,86.8843,90.6787,3.7943
276.59988936,86.8843,90.6634,3.779
276.63988934400004,86.8843,90.6482,3.7638
276.67988932799994,86.8843,90.633,3.7486
276.71988931199996,86.8843,90.6178,3.7334
276.759889296,86.5828,90.6026,4.0197
276.79988928,86.5828,90.5873,4.0044
276.839889264,86.5828,90.5721,3.9892
276.879889248,86.5828,90.5568,3.9739
276.919889232,86.5828,90.5416,3.9588
276.959889216,86.5828,90.5265,3.9436
276.99988920000004,86.5828,90.5112,3.9283
277.039889184,86.5828,90.496,3.9131
277.07988916799997,86.5828,90.4808,3.8979
277.119889152,86.5828,90.4656,3.8827
277.159889136,86.5828,90.4504,3.8675
277.19988911999997,86.5828,90.4351,3.8522
277.239889104,86.5828,90.4199,3.837
277.279889088,86.5828,90.4047,3.8218
277.319889072,86.5828,90.3895,3.8066
277.359889056,86.5828,90.3743,3.7914
277.39988904,86.5828,90.359,3.7761
277.439889024,86.5828,90.3439,3.761
277.479889008,86.5828,90.3287,3.7458
277.51988899199995,86.5828,90.3135,3.7306
277.55988897599997,86.2813,90.2984,4.017
277.59988896,86.2813,90.2831,4.0017
277.639888944,86.2813,90.268,3.9866
277.67988892799997,86.2813,90.2528,3.9714
277.719888912,86.2813,90.2376,3.9562
277.759888896,86.2813,90.2225,3.9411
277.79988888,86.2813,90.2073,3.9259
277.83988886400005,86.2813,90.1921,3.9107
277.879888848,86.2813,90.177,3.8956
277.91988883199997,86.2813,90.1618,3.8804
277.959888816,86.2813,90.1466,3.8652
277.9998888,86.2813,90.1314,3.85
278.03988878399997,86.2813,90.1162,3.8348
278.079888768,86.2813,90.1011,3.8197
278.119888752,86.2813,90.0859,3.8046
278.159888736,86.2813,90.0708,3.7894
278.19988872,86.2813,90.0557,3.7743
278.239888704,86.2813,90.0405,3.7591
278.279888688,86.2813,90.0253,3.744
278.319888672,86.2813,90.0102,3.7288
278.35988865599995,85.9798,89.995,4.0151
278.39988864,85.9798,89.9799,4.0
278.439888624,85.9798,89.9647,3.9849
278.479888608,85.9798,89.9496,3.9697
278.519888592,85.9798,89.9344,3.9545
278.559888576,85.9798,89.9193,3.9394
278.59988856,85.9798,89.9042,3.9243
278.63988854400003,85.9798,89.889,3.9091
278.679888528,85.9798,89.8738,3.8939
278.71988851199995,85.9798,89.8586,3.8787
278.759888496,85.9798,89.8435,3.8636
278.79988848,85.9798,89.8284,3.8485
278.839888464,85.9798,89.8132,3.8333
278.879888448,85.9798,89.7981,3.8182
278.919888432,85.9798,89.7829,3.8031
278.959888416,85.9798,89.7678,3.7879
278.99988840000003,85.9798,89.7527,3.7728
279.039888384,85.9798,89.7375,3.7577
279.079888368,85.9798,89.7224,3.7426
279.11988835200003,85.9798,89.7073,3.7274
279.159888336,85.6783,89.6922,4.0138
279.19988831999996,85.6783,89.6771,3.9987
279.239888304,85.6783,89.6619,3.9835
279.279888288,85.6783,89.6468,3.9685
279.319888272,85.6783,89.6317,3.9533
279.359888256,85.6783,89.6166,3.9382
279.39988824,85.6783,89.6014,3.9231
279.439888224,85.6783,89.5863,3.9079
279.47988820800003,85.6783,89.5712,3.8928
279.519888192,85.6783,89.556,3.8776
279.55988817599996,85.6783,89.5409,3.8626
279.59988816,85.6783,89.5258,3.8474
279.639888144,85.6783,89.5106,3.8322
279.67988812799996,85.6783,89.4955,3.8171
279.719888112,85.6783,89.4804,3.802
279.759888096,85.6783,89.4653,3.7869
279.79988808,85.6783,89.4502,3.7718
279.83988806400004,85.6783,89.435,3.7566
279.879888048,85.6783,89.4199,3.7415
279.919888032,85.6783,89.4048,3.7264
279.959888016,85.3768,89.3897,4.0128
279.999888,85.3768,89.3746,3.9977
280.03988798399996,85.3768,89.3595,3.9826
280.079887968,85.3768,89.3443,3.9675
280.119887952,85.3768,89.3292,3.9523
280.159887936,85.3768,89.3141,3.9372
280.19988792,85.3768,89.2991,3.9222
280.239887904,85.3768,89.2839,3.907
280.279887888,85.3768,89.2688,3.8919
280.31988787200004,85.3768,89.2537,3.8768
280.359887856,85.3768,89.2386,3.8618
280.39988783999996,85.3768,89.2235,3.8467
280.439887824,85.3768,89.2084,3.8315
280.479887808,85.3768,89.1934,3.8165
280.51988779199996,85.3768,89.1783,3.8014
280.559887776,85.3768,89.1632,3.7863
280.59988776,85.3768,89.1481,3.7713
280.639887744,85.3768,89.133,3.7562
280.679887728,85.3768,89.118,3.7411
280.719887712,85.3768,89.1029,3.726
280.759887696,85.0753,89.0878,4.0124
280.79988768,85.0753,89.0727,3.9973
280.839887664,85.0753,89.0575,3.9821
280.87988764799996,85.0753,89.0424,3.9671
280.919887632,85.0753,89.0273,3.952
280.959887616,85.0753,89.0122,3.9369
280.9998876,85.0753,88.9971,3.9218
281.039887584,85.0753,88.982,3.9066
281.079887568,85.0753,88.9668,3.8915
281.119887552,85.0753,88.9517,3.8764
281.15988753600004,85.0753,88.9366,3.8612
281.19988751999995,85.0753,88.9215,3.8461
281.23988750399997,85.0753,88.9064,3.831
281.279887488,85.0753,88.8913,3.8159
281.319887472,85.0753,88.8761,3.8007
281.35988745599997,85.0753,88.861,3.7856
281.39988744,85.0753,88.8459,3.7705
281.439887424,85.0753,88.8308,3.7554
281.479887408,85.0753,88.8157,3.7403
281.519887392,85.0753,88.8005,3.7252
281.559887376,84.7738,88.7854,4.0115
281.59988736,84.7738,88.7702,3.9964
281.639887344,84.7738,88.7551,3.9812
281.67988732799995,84.7738,88.74,3.9661
281.71988731199997,84.7738,88.7248,3.951
281.759887296,84.7738,88.7097,3.9358
281.79988728,84.7738,88.6945,3.9207
281.839887264,84.7738,88.6794,3.9056
281.879887248,84.7738,88.6643,3.8904
281.919887232,84.7738,88.6492,3.8753
281.959887216,84.7738,88.6341,3.8602
281.99988720000005,84.7738,88.6189,3.8451
282.03988718399995,84.7738,88.6038,3.83
282.07988716799997,84.7738,88.5887,3.8148
282.119887152,84.7738,88.5735,3.7997
282.159887136,84.7738,88.5584,3.7846
282.19988711999997,84.7738,88.5433,3.7694
282.239887104,84.7738,88.5281,3.7543
282.279887088,84.7738,88.5129,3.7391
282.31988707200003,84.7738,88.4978,3.7239
282.359887056,84.4723,88.4827,4.0103
282.39988704,84.4723,88.4675,3.9951
282.439887024,84.4723,88.4523,3.98
282.479887008,84.4723,88.4372,3.9649
282.51988699199995,84.4723,88.422,3.9497
282.559886976,84.4723,88.4069,3.9346
282.59988696,84.4723,88.3917,3.9194
282.639886944,84.4723,88.3766,3.9043
282.679886928,84.4723,88.3614,3.8891
282.719886912,84.4723,88.3463,3.8739
282.759886896,84.4723,88.3311,3.8588
282.79988688000003,84.4723,88.3159,3.8436
282.83988686400005,84.4723,88.3008,3.8284
282.87988684799996,84.4723,88.2856,3.8132
282.919886832,84.4723,88.2704,3.7981
282.959886816,84.4723,88.2553,3.7829
282.9998868,84.4723,88.2401,3.7678
283.039886784,84.4723,88.225,3.7526
283.079886768,84.4723,88.2098,3.7375
283.119886752,84.4723,88.1947,3.7223
283.15988673600003,84.1708,88.1795,4.0086
283.19988672,84.1708,88.1643,3.9935
283.239886704,84.1708,88.1491,3.9783
283.279886688,84.1708,88.134,3.9632
283.319886672,84.1708,88.1188,3.948
283.35988665599996,84.1708,88.1037,3.9328
283.39988664,84.1708,88.0885,3.9177
283.439886624,84.1708,88.0734,3.9025
283.479886608,84.1708,88.0582,3.8874
283.519886592,84.1708,88.0431,3.8722
283.559886576,84.1708,88.0279,3.8571
283.59988656,84.1708,88.0127,3.8419
283.63988654400003,84.1708,87.9976,3.8267
283.679886528,84.1708,87.9824,3.8115
283.71988651199996,84.1708,87.9672,3.7964
283.759886496,84.1708,87.952,3.7812
283.79988648,84.1708,87.9368,3.766
283.839886464,84.1708,87.9217,3.7508
283.879886448,84.1708,87.9065,3.7356
283.919886432,84.1708,87.8913,3.7205
283.959886416,83.8693,87.8761,4.0067
283.99988640000004,83.8693,87.8609,3.9916
284.039886384,83.8693,87.8457,3.9764
284.079886368,83.8693,87.8306,3.9612
284.119886352,83.8693,87.8154,3.9461
284.159886336,83.8693,87.8002,3.9309
284.19988631999996,83.8693,87.785,3.9157
284.239886304,83.8693,87.7699,3.9005
284.279886288,83.8693,87.7547,3.8854
284.319886272,83.8693,87.7395,3.8702
284.359886256,83.8693,87.7244,3.855
284.39988624,83.8693,87.7092,3.8399
284.439886224,83.8693,87.6941,3.8247
284.47988620800004,83.8693,87.6789,3.8095
284.51988619199994,83.8693,87.6637,3.7944
284.55988617599996,83.8693,87.6485,3.7792
284.59988616,83.8693,87.6334,3.7641
284.639886144,83.8693,87.6182,3.7489
284.679886128,83.8693,87.6031,3.7338
284.719886112,83.8693,87.588,3.7187
284.759886096,83.5678,87.5728,4.005
284.79988608,83.5678,87.5577,3.9899
284.83988606400004,83.5678,87.5425,3.9747
284.879886048,83.5678,87.5274,3.9595
284.91988603199997,83.5678,87.5123,3.9444
284.959886016,83.5678,87.4971,3.9293
284.999886,83.5678,87.482,3.9141
285.03988598399997,83.5678,87.4668,3.899
285.079885968,83.5678,87.4517,3.8838
285.119885952,83.5678,87.4366,3.8687
285.159885936,83.5678,87.4213,3.8535
285.19988592,83.5678,87.4062,3.8384
285.239885904,83.5678,87.391,3.8232
285.279885888,83.5678,87.3758,3.808
285.31988587200004,83.5678,87.3607,3.7929
285.35988585599995,83.5678,87.3455,3.7777
285.39988583999997,83.5678,87.3304,3.7625
285.439885824,83.5678,87.3152,3.7474
285.479885808,83.5678,87.3002,3.7323
285.51988579199997,83.5678,87.285,3.7172
285.559885776,83.2663,87.2698,4.0035
285.59988576,83.2663,87.2548,3.9884
285.639885744,83.2663,87.2396,3.9733
285.679885728,83.2663,87.2244,3.9581
285.719885712,83.2663,87.2094,3.943
285.75988569599997,83.2663,87.1942,3.9279
285.79988568,83.2663,87.1791,3.9127
285.839885664,83.2663,87.1639,3.8976
285.87988564799997,83.2663,87.1488,3.8825
285.919885632,83.2663,87.1337,3.8674
285.959885616,83.2663,87.1186,3.8522
285.9998856,83.2663,87.1035,3.8372
286.039885584,83.2663,87.0884,3.8221
286.079885568,83.2663,87.0733,3.807
286.119885552,83.2663,87.0582,3.7919
286.159885536,83.2663,87.0431,3.7767
286.19988551999995,83.2663,87.0279,3.7616
286.239885504,83.2663,87.0128,3.7465
286.279885488,83.2663,86.9976,3.7313
286.319885472,83.2663,86.9825,3.7162
286.359885456,82.9648,86.9673,4.0025
286.39988544,82.9648,86.9523,3.9875
286.439885424,82.9648,86.9371,3.9723
286.47988540800003,82.9648,86.922,3.9572
286.519885392,82.9648,86.9069,3.9421
286.559885376,82.9648,86.8917,3.9269
286.59988536,82.9648,86.8766,3.9118
286.639885344,82.9648,86.8614,3.8966
286.679885328,82.9648,86.8462,3.8814
286.719885312,82.9648,86.8311,3.8663
286.759885296,82.9648,86.8159,3.8511
286.79988528,82.9648,86.8008,3.836
286.83988526400003,82.9648,86.7857,3.8208
286.879885248,82.9648,86.7705,3.8057
286.919885232,82.9648,86.7553,3.7905
286.95988521600003,82.9648,86.7401,3.7753
286.9998852,82.9648,86.725,3.7602
287.03988518399996,82.9648,86.7098,3.745
287.079885168,82.9648,86.6946,3.7298
287.119885152,82.9648,86.6795,3.7147
287.159885136,82.6632,86.6643,4.001
287.19988512,82.6632,86.6491,3.9859
287.239885104,82.6632,86.634,3.9707
287.279885088,82.6632,86.6188,3.9555
287.31988507200003,82.6632,86.6036,3.9403
287.359885056,82.6632,86.5885,3.9252
287.39988503999996,82.6632,86.5733,3.91
287.439885024,82.6632,86.5581,3.8948
287.479885008,82.6632,86.543,3.8797
287.51988499199996,82.6632,86.5278,3.8646
287.559884976,82.6632,86.5127,3.8494
287.59988496,82.6632,86.4975,3.8342
287.639884944,82.6632,86.4823,3.819
287.679884928,82.6632,86.4671,3.8038
287.719884912,82.6632,86.452,3.7887
287.759884896,82.6632,86.4368,3.7736
287.79988488000004,82.6632,86.4217,3.7584
287.839884864,82.6632,86.4065,3.7432
287.87988484799996,82.6632,86.3913,3.728
287.919884832,82.6632,86.3761,3.7128
287.959884816,82.3617,86.3609,3.9991
287.9998848,82.3617,86.3457,3.984
288.039884784,82.3617,86.3306,3.9688
288.079884768,82.3617,86.3154,3.9536
288.119884752,82.3617,86.3002,3.9384
288.15988473600004,82.3617,86.285,3.9232
288.19988472,82.3617,86.2698,3.9081
288.23988470399996,82.3617,86.2547,3.8929
288.279884688,82.3617,86.2395,3.8777
288.319884672,82.3617,86.2243,3.8625
288.35988465599996,82.3617,86.2092,3.8474
288.39988464,82.3617,86.194,3.8322
288.439884624,82.3617,86.1789,3.8171
288.479884608,82.3617,86.1637,3.8019
288.519884592,82.3617,86.1485,3.7867
288.559884576,82.3617,86.1334,3.7716
288.59988456,82.3617,86.1182,3.7564
288.639884544,82.3617,86.103,3.7412
288.679884528,82.3617,86.0878,3.726
288.71988451199996,82.3617,86.0726,3.7108
288.759884496,82.0602,86.0574,3.9971
288.79988448,82.0602,86.0422,3.9819
288.839884464,82.0602,86.0271,3.9668
288.879884448,82.0602,86.0119,3.9516
288.919884432,82.0602,85.9967,3.9364
288.959884416,82.0602,85.9815,3.9212
288.99988440000004,82.0602,85.9663,3.906
289.039884384,82.0602,85.9512,3.8909
289.07988436799997,82.0602,85.936,3.8757
289.119884352,82.0602,85.9208,3.8605
289.159884336,82.0602,85.9056,3.8453
289.19988431999997,82.0602,85.8904,3.8301
289.239884304,82.0602,85.8752,3.8149
289.279884288,82.0602,85.86,3.7997
289.319884272,82.0602,85.8448,3.7845
289.359884256,82.0602,85.8296,3.7693
289.39988424,82.0602,85.8144,3.7541
289.439884224,82.0602,85.7992,3.7389
289.479884208,82.0602,85.784,3.7238
289.51988419199995,82.0602,85.7689,3.7086
289.55988417599997,81.7587,85.7537,3.9949
289.59988416,81.7587,85.7385,3.9797
289.639884144,81.7587,85.7233,3.9645
289.679884128,81.7587,85.7081,3.9493
289.719884112,81.7587,85.6929,3.9341
289.759884096,81.7587,85.6777,3.9189
289.79988408,81.7587,85.6625,3.9037
289.83988406400005,81.7587,85.6474,3.8886
289.87988404799995,81.7587,85.6322,3.8734
289.91988403199997,81.7587,85.617,3.8582
289.959884016,81.7587,85.6018,3.8431
289.999884,81.7587,85.5866,3.8278
290.03988398399997,81.7587,85.5715,3.8127
290.079883968,81.7587,85.5562,3.7975
290.119883952,81.7587,85.5411,3.7823
290.159883936,81.7587,85.5259,3.7671
290.19988392,81.7587,85.5107,3.7519
290.239883904,81.7587,85.4955,3.7367
290.27988388800003,81.7587,85.4803,3.7215
290.319883872,81.7587,85.465,3.7063
290.35988385599995,81.4572,85.4499,3.9927
290.39988384,81.4572,85.4347,3.9774
290.439883824,81.4572,85.4195,3.9622
290.479883808,81.4572,85.4044,3.9471
290.519883792,81.4572,85.3892,3.9319
290.559883776,81.4572,85.374,3.9168
290.59988376,81.4572,85.3588,3.9016
290.63988374400003,81.4572,85.3436,3.8863
290.67988372800005,81.4572,85.3284,3.8711
290.71988371199996,81.4572,85.3132,3.8559
290.759883696,81.4572,85.298,3.8407
290.79988368,81.4572,85.2828,3.8256
290.839883664,81.4572,85.2676,3.8104
290.879883648,81.4572,85.2525,3.7952
290.919883632,81.4572,85.2372,3.78
290.959883616,81.4572,85.2221,3.7648
290.99988360000003,81.4572,85.2069,3.7496
291.039883584,81.4572,85.1917,3.7345
291.079883568,81.4572,85.1766,3.7193
291.119883552,81.4572,85.1614,3.7042
291.159883536,81.1557,85.1463,3.9905
291.19988351999996,81.1557,85.1311,3.9753
291.239883504,81.1557,85.116,3.9602
291.279883488,81.1557,85.1008,3.9451
291.319883472,81.1557,85.0856,3.9298
291.359883456,81.1557,85.0704,3.9147
291.39988344,81.1557,85.0552,3.8995
291.439883424,81.1557,85.0401,3.8843
291.47988340800003,81.1557,85.0249,3.8692
291.519883392,81.1557,85.0097,3.8539
291.55988337599996,81.1557,84.9946,3.8388
291.59988336,81.1557,84.9794,3.8237
291.639883344,81.1557,84.9642,3.8084
291.679883328,81.1557,84.949,3.7933
291.719883312,81.1557,84.9338,3.778
291.759883296,81.1557,84.9187,3.7629
291.79988328,81.1557,84.9035,3.7477
291.83988326400004,81.1557,84.8883,3.7325
291.879883248,81.1557,84.8731,3.7174
291.919883232,81.1557,84.8579,3.7022
291.959883216,80.8542,84.8427,3.9885
291.9998832,80.8542,84.8276,3.9733
292.03988318399996,80.8542,84.8123,3.9581
292.079883168,80.8542,84.7972,3.9429
292.119883152,80.8542,84.782,3.9277
292.159883136,80.8542,84.7668,3.9125
292.19988312,80.8542,84.7516,3.8973
292.239883104,80.8542,84.7364,3.8821
292.279883088,80.8542,84.7212,3.867
292.31988307200004,80.8542,84.706,3.8518
292.35988305599994,80.8542,84.6908,3.8366
292.39988303999996,80.8542,84.6757,3.8214
292.439883024,80.8542,84.6604,3.8062
292.479883008,80.8542,84.6453,3.791
292.51988299199996,80.8542,84.6301,3.7759
292.559882976,80.8542,84.615,3.7607
292.59988296,80.8542,84.5999,3.7456
292.639882944,80.8542,84.5846,3.7304
292.67988292800004,80.8542,84.5695,3.7152
292.719882912,80.8542,84.5543,3.7
292.759882896,80.5527,84.5391,3.9863
292.79988288,80.5527,84.5239,3.9711
292.839882864,80.5527,84.5086,3.9559
292.87988284799997,80.5527,84.4935,3.9407
292.919882832,80.5527,84.4783,3.9256
292.959882816,80.5527,84.4631,3.9103
292.9998828,80.5527,84.4479,3.8952
293.039882784,80.5527,84.4327,3.88
293.079882768,80.5527,84.4176,3.8648
293.119882752,80.5527,84.4023,3.8496
293.15988273600004,80.5527,84.3871,3.8343
293.19988271999995,80.5527,84.3719,3.8191
293.23988270399997,80.5527,84.3566,3.8039
293.279882688,80.5527,84.3415,3.7887
293.319882672,80.5527,84.3262,3.7735
293.35988265599997,80.5527,84.3111,3.7583
293.39988264,80.5527,84.296,3.7432
293.439882624,80.5527,84.2807,3.728
293.479882608,80.5527,84.2656,3.7128
293.519882592,80.5527,84.2504,3.6977
293.559882576,80.2512,84.2352,3.9839
293.59988255999997,80.2512,84.22,3.9688
293.639882544,80.2512,84.2048,3.9536
293.679882528,80.2512,84.1896,3.9384
293.71988251199997,80.2512,84.1744,3.9232
293.759882496,80.2512,84.1592,3.908
293.79988248,80.2512,84.144,3.8928
293.839882464,80.2512,84.1288,3.8776
293.879882448,80.2512,84.1136,3.8624
293.919882432,80.2512,84.0985,3.8472
293.959882416,80.2512,84.0833,3.832
293.99988240000005,80.2512,84.068,3.8168
294.03988238399995,80.2512,84.0528,3.8016
294.07988236799997,80.2512,84.0376,3.7864
294.119882352,80.2512,84.0225,3.7712
294.159882336,80.2512,84.0072,3.756
294.19988232,80.2512,83.992,3.7408
294.239882304,80.2512,83.9768,3.7256
294.279882288,80.2512,83.9616,3.7103
294.31988227200003,80.2512,83.9464,3.6952
294.359882256,79.9497,83.9312,3.9814
294.39988224,79.9497,83.9159,3.9662
294.439882224,79.9497,83.9007,3.951
294.479882208,79.9497,83.8855,3.9358
294.51988219199995,79.9497,83.8703,3.9206
294.559882176,79.9497,83.8551,3.9054
294.59988216,79.9497,83.84,3.8902
294.639882144,79.9497,83.8248,3.875
294.67988212800003,79.9497,83.8096,3.8599
294.719882112,79.9497,83.7944,3.8447
294.759882096,79.9497,83.7791,3.8294
294.79988208000003,79.9497,83.7639,3.8142
294.839882064,79.9497,83.7487,3.799
294.87988204799996,79.9497,83.7335,3.7837
294.919882032,79.9497,83.7183,3.7685
294.959882016,79.9497,83.703,3.7533
294.999882,79.9497,83.6878,3.738
295.039881984,79.9497,83.6726,3.7228
295.079881968,79.9497,83.6574,3.7076
295.119881952,79.9497,83.6421,3.6924
295.15988193600003,79.6482,83.627,3.9787
295.19988192,79.6482,83.6117,3.9635
295.239881904,79.6482,83.5966,3.9483
295.279881888,79.6482,83.5813,3.9331
295.319881872,79.6482,83.5662,3.918
295.35988185599996,79.6482,83.551,3.9028
295.39988184,79.6482,83.5358,3.8876
295.439881824,79.6482,83.5206,3.8724
295.479881808,79.6482,83.5054,3.8572
295.519881792,79.6482,83.4902,3.842
295.559881776,79.6482,83.475,3.8268
295.59988176,79.6482,83.4598,3.8116
295.63988174400004,79.6482,83.4446,3.7964
295.679881728,79.6482,83.4294,3.7811
295.71988171199996,79.6482,83.4141,3.7659
295.759881696,79.6482,83.3989,3.7507
295.79988168,79.6482,83.3837,3.7355
295.839881664,79.6482,83.3685,3.7203
295.879881648,79.6482,83.3533,3.7051
295.919881632,79.6482,83.3381,3.6899
295.959881616,79.3467,83.3229,3.9762
295.99988160000004,79.3467,83.3077,3.961
296.039881584,79.3467,83.2925,3.9458
296.07988156799996,79.3467,83.2773,3.9306
296.119881552,79.3467,83.2621,3.9153
296.159881536,79.3467,83.2469,3.9002
296.19988151999996,79.3467,83.2316,3.8849
296.239881504,79.3467,83.2164,3.8697
296.279881488,79.3467,83.2012,3.8545
296.319881472,79.3467,83.186,3.8393
296.359881456,79.3467,83.1709,3.8242
296.39988144,79.3467,83.1557,3.8089
296.439881424,79.3467,83.1405,3.7938
296.47988140800004,79.3467,83.1253,3.7786
296.51988139199995,79.3467,83.1101,3.7634
296.55988137599996,79.3467,83.0949,3.7482
296.59988136,79.3467,83.0797,3.733
296.639881344,79.3467,83.0645,3.7178
296.679881328,79.3467,83.0493,3.7026
296.719881312,79.3467,83.0341,3.6874
296.759881296,79.0452,83.019,3.9738
296.79988128,79.0452,83.0038,3.9586
296.83988126400004,79.0452,82.9886,3.9434
296.879881248,79.0452,82.9734,3.9282
296.91988123199997,79.0452,82.9582,3.913
296.959881216,79.0452,82.943,3.8978
296.9998812,79.0452,82.9278,3.8826
297.03988118399997,79.0452,82.9126,3.8674
297.079881168,79.0452,82.8974,3.8522
297.119881152,79.0452,82.8822,3.837
297.159881136,79.0452,82.867,3.8218
297.19988112,79.0452,82.8519,3.8067
297.239881104,79.0452,82.8367,3.7915
297.279881088,79.0452,82.8215,3.7763
297.319881072,79.0452,82.8063,3.7611
297.35988105599995,79.0452,82.7911,3.7459
297.39988103999997,79.0452,82.7759,3.7307
297.439881024,79.0452,82.7607,3.7155
297.479881008,79.0452,82.7456,3.7004
297.51988099199997,79.0452,82.7303,3.6851
297.559880976,78.7437,82.7152,3.9715
297.59988096,78.7437,82.7,3.9563
297.639880944,78.7437,82.6848,3.9411
297.67988092800005,78.7437,82.6696,3.9259
297.719880912,78.7437,82.6544,3.9107
297.75988089599997,78.7437,82.6392,3.8955
297.79988088,78.7437,82.6241,3.8804
297.839880864,78.7437,82.6088,3.8651
297.87988084799997,78.7437,82.5936,3.8499
297.919880832,78.7437,82.5784,3.8347
297.959880816,78.7437,82.5632,3.8195
297.9998808,78.7437,82.5481,3.8044
298.039880784,78.7437,82.5329,3.7892
298.079880768,78.7437,82.5177,3.774
298.11988075200003,78.7437,82.5026,3.7589
298.159880736,78.7437,82.4874,3.7437
298.19988071999995,78.7437,82.4723,3.7286
298.239880704,78.7437,82.4571,3.7134
298.279880688,78.7437,82.4419,3.6982
298.319880672,78.7437,82.4268,3.6831
298.359880656,78.4421,82.4116,3.9694
298.39988064,78.4421,82.3965,3.9543
298.439880624,78.4421,82.3813,3.9391
298.47988060800003,78.4421,82.3661,3.9239
298.519880592,78.4421,82.3509,3.9087
298.55988057599995,78.4421,82.3357,3.8935
298.59988056,78.4421,82.3206,3.8784
298.639880544,78.4421,82.3054,3.8632
298.679880528,78.4421,82.2902,3.848
298.719880512,78.4421,82.275,3.8329
298.759880496,78.4421,82.2599,3.8177
298.79988048,78.4421,82.2447,3.8025
298.83988046400003,78.4421,82.2296,3.7874
298.879880448,78.4421,82.2144,3.7722
298.919880432,78.4421,82.1992,3.757
298.95988041600003,78.4421,82.184,3.7418
298.9998804,78.4421,82.1688,3.7266
299.03988038399996,78.4421,82.1537,3.7115
299.079880368,78.4421,82.1385,3.6963
299.119880352,78.4421,82.1233,3.6811
299.159880336,78.1406,82.1081,3.9674
299.19988032,78.1406,82.093,3.9523
299.239880304,78.1406,82.0778,3.9371
299.279880288,78.1406,82.0627,3.922
299.31988027200003,78.1406,82.0475,3.9069
299.359880256,78.1406,82.0323,3.8917
299.39988023999996,78.1406,82.0172,3.8765
299.439880224,78.1406,82.002,3.8613
299.479880208,78.1406,81.9868,3.8461
299.51988019199996,78.1406,81.9716,3.831
299.559880176,78.1406,81.9564,3.8157
299.59988016,78.1406,81.9413,3.8006
299.639880144,78.1406,81.9261,3.7854
299.67988012800004,78.1406,81.9109,3.7703
299.719880112,78.1406,81.8958,3.7551
299.759880096,78.1406,81.8807,3.74
299.79988008,78.1406,81.8655,3.7248
299.839880064,78.1406,81.8504,3.7097
299.87988004799996,78.1406,81.8352,3.6945
299.919880032,78.1406,81.8201,3.6794
299.959880016,77.8391,81.8048,3.9656
299.99988,77.8391,81.7896,3.9505
300.039879984,77.8391,81.7745,3.9353
300.079879968,77.8391,81.7593,3.9201
300.119879952,77.8391,81.7441,3.9049
300.15987993600004,77.8391,81.7289,3.8897
300.19987992,77.8391,81.7137,3.8745
300.23987990399996,77.8391,81.6986,3.8594
300.279879888,77.8391,81.6834,3.8442
300.319879872,77.8391,81.6683,3.8291
300.35987985599996,77.8391,81.6531,3.8139
300.39987984,77.8391,81.6379,3.7987
300.439879824,77.8391,81.6228,3.7836
300.479879808,77.8391,81.6076,3.7684
300.519879792,77.8391,81.5924,3.7532
300.559879776,77.8391,81.5773,3.7381
300.59987976,77.8391,81.5621,3.7229
300.639879744,77.8391,81.547,3.7078
300.679879728,77.8391,81.5318,3.6926
300.71987971199997,77.8391,81.5167,3.6775
300.759879696,77.5376,81.5014,3.9638
300.79987968,77.5376,81.4863,3.9486
300.839879664,77.5376,81.4711,3.9334
300.879879648,77.5376,81.4559,3.9183
300.919879632,77.5376,81.4408,3.9031
300.959879616,77.5376,81.4256,3.8879
300.99987960000004,77.5376,81.4104,3.8727
301.03987958399995,77.5376,81.3953,3.8576
301.07987956799997,77.5376,81.38,3.8424
301.119879552,77.5376,81.3649,3.8272
301.159879536,77.5376,81.3497,3.812
301.19987951999997,77.5376,81.3344,3.7968
301.239879504,77.5376,81.3193,3.7816
301.279879488,77.5376,81.3041,3.7665
301.319879472,77.5376,81.289,3.7513
301.359879456,77.5376,81.2738,3.7361
301.39987944,77.5376,81.2585,3.7209
301.439879424,77.5376,81.2434,3.7057
301.479879408,77.5376,81.2282,3.6905
301.519879392,77.5376,81.213,3.6753
301.55987937599997,77.2361,81.1977,3.9616
301.59987936,77.2361,81.1825,3.9463
301.639879344,77.2361,81.1673,3.9311
301.679879328,77.2361,81.1521,3.9159
301.719879312,77.2361,81.1369,3.9007
301.759879296,77.2361,81.1218,3.8856
301.79987928,77.2361,81.1065,3.8703
301.83987926400005,77.2361,81.0913,3.8551
301.87987924799995,77.2361,81.0761,3.84
301.91987923199997,77.2361,81.0609,3.8247
301.959879216,77.2361,81.0457,3.8096
301.9998792,77.2361,81.0305,3.7943
302.039879184,77.2361,81.0153,3.7791
302.079879168,77.2361,81.0,3.7639
302.119879152,77.2361,80.9848,3.7487
302.15987913600003,77.2361,80.9697,3.7335
302.19987912,77.2361,80.9544,3.7183
302.239879104,77.2361,80.9393,3.7031
302.279879088,77.2361,80.9241,3.6879
302.319879072,77.2361,80.9088,3.6727
302.35987905599995,76.9346,80.8936,3.959
302.39987904,76.9346,80.8783,3.9437
302.439879024,76.9346,80.8631,3.9285
302.479879008,76.9346,80.8479,3.9132
302.519878992,76.9346,80.8326,3.898
302.559878976,76.9346,80.8174,3.8828
302.59987896,76.9346,80.8022,3.8675
302.63987894400003,76.9346,80.787,3.8523
302.67987892800005,76.9346,80.7718,3.8371
302.71987891199996,76.9346,80.7565,3.8219
302.759878896,76.9346,80.7413,3.8067
302.79987888,76.9346,80.7261,3.7914
302.839878864,76.9346,80.7108,3.7762
302.879878848,76.9346,80.6956,3.7609
302.919878832,76.9346,80.6803,3.7456
302.959878816,76.9346,80.665,3.7304
302.99987880000003,76.9346,80.6497,3.7151
303.039878784,76.9346,80.6345,3.6998
303.079878768,76.9346,80.6193,3.6846
303.119878752,76.9346,80.604,3.6693
303.159878736,76.6331,80.5888,3.9556
303.19987871999996,76.6331,80.5736,3.9404
303.239878704,76.6331,80.5583,3.9252
303.279878688,76.6331,80.5431,3.91
303.319878672,76.6331,80.5279,3.8947
303.359878656,76.6331,80.5127,3.8795
303.39987864,76.6331,80.4975,3.8643
303.439878624,76.6331,80.4822,3.8491
303.47987860800004,76.6331,80.467,3.8338
303.519878592,76.6331,80.4517,3.8186
303.55987857599996,76.6331,80.4365,3.8033
303.59987856,76.6331,80.4212,3.7881
303.639878544,76.6331,80.406,3.7729
303.679878528,76.6331,80.3908,3.7576
303.719878512,76.6331,80.3755,3.7424
303.759878496,76.6331,80.3603,3.7272
303.79987848,76.6331,80.3451,3.7119
303.83987846400004,76.6331,80.3298,3.6967
303.879878448,76.6331,80.3146,3.6814
303.919878432,76.6331,80.2993,3.6662
303.959878416,76.3316,80.2841,3.9525
303.9998784,76.3316,80.2688,3.9372
304.03987838399996,76.3316,80.2536,3.922
304.079878368,76.3316,80.2384,3.9067
304.119878352,76.3316,80.2231,3.8915
304.159878336,76.3316,80.2079,3.8763
304.19987832,76.3316,80.1927,3.8611
304.239878304,76.3316,80.1775,3.8458
304.279878288,76.3316,80.1623,3.8307
304.31987827200004,76.3316,80.1471,3.8155
304.35987825599994,76.3316,80.1319,3.8003
304.39987823999996,76.3316,80.1167,3.7851
304.439878224,76.3316,80.1015,3.7698
304.479878208,76.3316,80.0863,3.7546
304.51987819199996,76.3316,80.071,3.7394
304.559878176,76.3316,80.0558,3.7242
304.59987816,76.3316,80.0406,3.709
304.639878144,76.3316,80.0253,3.6937
304.67987812800004,76.3316,80.0101,3.6785
304.719878112,76.3316,79.9949,3.6632
304.75987809599997,76.0301,79.9797,3.9496
304.79987808,76.0301,79.9645,3.9344
304.839878064,76.0301,79.9493,3.9191
304.87987804799997,76.0301,79.9341,3.9039
304.919878032,76.0301,79.9188,3.8886
304.959878016,76.0301,79.9035,3.8734
304.999878,76.0301,79.8883,3.8582
305.039877984,76.0301,79.8731,3.8429
305.079877968,76.0301,79.8579,3.8277
305.119877952,76.0301,79.8426,3.8125
305.159877936,76.0301,79.8273,3.7972
305.19987791999995,76.0301,79.8121,3.782
305.23987790399997,76.0301,79.7968,3.7667
305.279877888,76.0301,79.7816,3.7515
305.319877872,76.0301,79.7664,3.7363
305.35987785599997,76.0301,79.7512,3.7211
305.39987784,76.0301,79.736,3.7059
305.439877824,76.0301,79.7207,3.6906
305.479877808,76.0301,79.7055,3.6754
305.519877792,76.0301,79.6903,3.6601
305.559877776,75.7286,79.675,3.9464
305.59987775999997,75.7286,79.6598,3.9312
305.639877744,75.7286,79.6446,3.916
305.679877728,75.7286,79.6294,3.9008
305.71987771199997,75.7286,79.6142,3.8855
305.759877696,75.7286,79.5989,3.8703
305.79987768,75.7286,79.5837,3.8551
305.839877664,75.7286,79.5685,3.8399
305.879877648,75.7286,79.5533,3.8247
305.919877632,75.7286,79.5381,3.8095
305.959877616,75.7286,79.5229,3.7943
305.9998776,75.7286,79.5077,3.7791
306.03987758399995,75.7286,79.4925,3.7639
306.079877568,75.7286,79.4773,3.7487
306.119877552,75.7286,79.4621,3.7335
306.159877536,75.7286,79.4469,3.7183
306.19987752,75.7286,79.4317,3.7031
306.239877504,75.7286,79.4166,3.6879
306.279877488,75.7286,79.4013,3.6727
306.31987747200003,75.7286,79.3861,3.6575
306.359877456,75.4271,79.3709,3.9438
306.39987743999995,75.4271,79.3556,3.9285
306.439877424,75.4271,79.3405,3.9133
306.479877408,75.4271,79.3253,3.8982
306.519877392,75.4271,79.3101,3.8829
306.559877376,75.4271,79.2948,3.8677
306.59987736,75.4271,79.2796,3.8525
306.639877344,75.4271,79.2645,3.8373
306.67987732800003,75.4271,79.2492,3.8221
306.719877312,75.4271,79.234,3.8069
306.759877296,75.4271,79.2188,3.7917
306.79987728000003,75.4271,79.2036,3.7765
306.839877264,75.4271,79.1884,3.7613
306.87987724799996,75.4271,79.1732,3.7461
306.919877232,75.4271,79.158,3.7309
306.959877216,75.4271,79.1427,3.7156
306.9998772,75.4271,79.1275,3.7004
307.039877184,75.4271,79.1122,3.6851
307.079877168,75.4271,79.097,3.6699
307.119877152,75.4271,79.0817,3.6546
307.15987713600003,75.1256,79.0665,3.9409
307.19987712,75.1256,79.0513,3.9257
307.23987710399996,75.1256,79.0361,3.9104
307.279877088,75.1256,79.0208,3.8952
307.319877072,75.1256,79.0055,3.8799
307.35987705599996,75.1256,78.9903,3.8647
307.39987704,75.1256,78.975,3.8494
307.439877024,75.1256,78.9598,3.8341
307.479877008,75.1256,78.9445,3.8189
307.51987699200004,75.1256,78.9292,3.8036
307.559876976,75.1256,78.914,3.7884
307.59987696,75.1256,78.8988,3.7731
307.639876944,75.1256,78.8835,3.7578
307.679876928,75.1256,78.8682,3.7426
307.71987691199996,75.1256,78.853,3.7274
307.759876896,75.1256,78.8377,3.7121
307.79987688,75.1256,78.8225,3.6969
307.839876864,75.1256,78.8073,3.6817
307.879876848,75.1256,78.7921,3.6665
307.919876832,75.1256,78.7768,3.6512
307.959876816,74.8241,78.7616,3.9375
307.99987680000004,74.8241,78.7463,3.9222
308.039876784,74.8241,78.7311,3.907
308.07987676799996,74.8241,78.7159,3.8917
308.119876752,74.8241,78.7006,3.8765
308.159876736,74.8241,78.6854,3.8613
308.19987671999996,74.8241,78.6702,3.8461
308.239876704,74.8241,78.655,3.8309
308.279876688,74.8241,78.6397,3.8156
308.319876672,74.8241,78.6245,3.8004
308.359876656,74.8241,78.6092,3.7851
308.39987664,74.8241,78.594,3.7699
308.439876624,74.8241,78.5788,3.7547
308.479876608,74.8241,78.5636,3.7395
308.519876592,74.8241,78.5484,3.7243
308.55987657599997,74.8241,78.5331,3.709
308.59987656,74.8241,78.5179,3.6938
308.639876544,74.8241,78.5027,3.6786
308.679876528,74.8241,78.4875,3.6633
308.719876512,74.8241,78.4723,3.6482
308.759876496,74.5225,78.4571,3.9345
308.79987648,74.5225,78.4419,3.9193
308.83987646400004,74.5225,78.4266,3.904
308.87987644799995,74.5225,78.4114,3.8888
308.91987643199997,74.5225,78.3962,3.8736
308.959876416,74.5225,78.3809,3.8583
308.9998764,74.5225,78.3657,3.8431
309.03987638399997,74.5225,78.3505,3.8279
309.079876368,74.5225,78.3353,3.8127
309.119876352,74.5225,78.32,3.7974
309.159876336,74.5225,78.3048,3.7822
309.19987632,74.5225,78.2895,3.7669
309.239876304,74.5225,78.2743,3.7517
309.279876288,74.5225,78.259,3.7364
309.319876272,74.5225,78.2438,3.7212
309.35987625599995,74.5225,78.2285,3.7059
309.39987623999997,74.5225,78.2133,3.6907
309.439876224,74.5225,78.198,3.6754
309.479876208,74.5225,78.1828,3.6602
309.519876192,74.5225,78.1676,3.645
309.559876176,74.221,78.1523,3.9312
309.59987616,74.221,78.137,3.916
309.639876144,74.221,78.1218,3.9007
309.67987612800005,74.221,78.1065,3.8854
309.71987611199995,74.221,78.0913,3.8702
309.75987609599997,74.221,78.076,3.8549
309.79987608,74.221,78.0608,3.8397
309.839876064,74.221,78.0455,3.8244
309.87987604799997,74.221,78.0302,3.8091
309.919876032,74.221,78.015,3.7939
309.959876016,74.221,77.9997,3.7786
309.99987600000003,74.221,77.9844,3.7633
310.039875984,74.221,77.9691,3.748
310.079875968,74.221,77.9538,3.7327
310.119875952,74.221,77.9386,3.7175
310.159875936,74.221,77.9233,3.7023
310.19987591999995,74.221,77.9081,3.687
310.239875904,74.221,77.8929,3.6718
310.279875888,74.221,77.8776,3.6566
310.319875872,74.221,77.8624,3.6413
310.359875856,73.9195,77.8472,3.9276
310.39987584,73.9195,77.8319,3.9123
310.439875824,73.9195,77.8167,3.8971
310.47987580800003,73.9195,77.8014,3.8818
310.519875792,73.9195,77.7862,3.8666
310.55987577599996,73.9195,77.771,3.8514
310.59987576,73.9195,77.7558,3.8362
310.639875744,73.9195,77.7405,3.821
310.679875728,73.9195,77.7253,3.8057
310.719875712,73.9195,77.7101,3.7905
310.759875696,73.9195,77.6948,3.7752
310.79987568,73.9195,77.6796,3.76
310.83987566400003,73.9195,77.6644,3.7448
310.879875648,73.9195,77.6492,3.7296
310.919875632,73.9195,77.6339,3.7144
310.959875616,73.9195,77.6187,3.6991
310.9998756,73.9195,77.6035,3.6839
311.03987558399996,73.9195,77.5882,3.6686
311.079875568,73.9195,77.573,3.6534
311.119875552,73.9195,77.5578,3.6382
311.159875536,73.618,77.5426,3.9245
311.19987552,73.618,77.5273,3.9093
311.239875504,73.618,77.5121,3.894
311.279875488,73.618,77.4969,3.8788
311.31987547200004,73.618,77.4816,3.8636
311.35987545599994,73.618,77.4664,3.8483
311.39987543999996,73.618,77.4511,3.8331
311.439875424,73.618,77.4359,3.8178
311.479875408,73.618,77.4206,3.8025
311.519875392,73.618,77.4054,3.7873
311.559875376,73.618,77.3902,3.7721
311.59987536,73.618,77.375,3.7569
311.639875344,73.618,77.3597,3.7416
311.67987532800004,73.618,77.3444,3.7264
311.719875312,73.618,77.3292,3.7111
311.759875296,73.618,77.3139,3.6959
311.79987528,73.618,77.2987,3.6807
311.839875264,73.618,77.2835,3.6654
311.87987524799996,73.618,77.2683,3.6502
311.919875232,73.618,77.253,3.6349
311.959875216,73.3165,77.2377,3.9211
311.9998752,73.3165,77.2225,3.9059
312.039875184,73.3165,77.2073,3.8907
312.079875168,73.3165,77.192,3.8755
312.119875152,73.3165,77.1768,3.8602
312.15987513600004,73.3165,77.1616,3.845
312.19987511999994,73.3165,77.1463,3.8298
312.23987510399996,73.3165,77.1311,3.8146
312.279875088,73.3165,77.1159,3.7993
312.319875072,73.3165,77.1007,3.7841
312.35987505599996,73.3165,77.0855,3.7689
312.39987504,73.3165,77.0702,3.7537
312.439875024,73.3165,77.0551,3.7385
312.479875008,73.3165,77.0398,3.7233
312.51987499200004,73.3165,77.0246,3.7081
312.559874976,73.3165,77.0095,3.6929
312.59987495999997,73.3165,76.9942,3.6777
312.639874944,73.3165,76.979,3.6625
312.679874928,73.3165,76.9638,3.6472
312.71987491199997,73.3165,76.9486,3.6321
312.759874896,73.015,76.9334,3.9184
312.79987488,73.015,76.9182,3.9031
312.839874864,73.015,76.903,3.8879
312.879874848,73.015,76.8878,3.8727
312.919874832,73.015,76.8726,3.8575
312.959874816,73.015,76.8574,3.8423
312.99987480000004,73.015,76.8421,3.8271
313.03987478399995,73.015,76.827,3.8119
313.07987476799997,73.015,76.8117,3.7967
313.119874752,73.015,76.7965,3.7815
313.159874736,73.015,76.7813,3.7663
313.19987471999997,73.015,76.7661,3.751
313.239874704,73.015,76.7509,3.7359
313.279874688,73.015,76.7357,3.7206
313.319874672,73.015,76.7205,3.7055
313.359874656,73.015,76.7053,3.6902
313.39987464,73.015,76.6901,3.675
313.43987462399997,73.015,76.6749,3.6599
313.479874608,73.015,76.6597,3.6446
313.519874592,73.015,76.6445,3.6294
313.55987457599997,72.7135,76.6292,3.9157
313.59987456,72.7135,76.614,3.9004
313.639874544,72.7135,76.5988,3.8852
313.679874528,72.7135,76.5835,3.87
313.719874512,72.7135,76.5683,3.8547
313.759874496,72.7135,76.5531,3.8395
313.79987448,72.7135,76.5379,3.8243
313.839874464,72.7135,76.5226,3.8091
313.87987444799995,72.7135,76.5074,3.7938
313.919874432,72.7135,76.4921,3.7786
313.959874416,72.7135,76.4769,3.7633
313.9998744,72.7135,76.4616,3.748
314.039874384,72.7135,76.4464,3.7328
314.079874368,72.7135,76.4311,3.7175
314.119874352,72.7135,76.4158,3.7023
314.15987433600003,72.7135,76.4006,3.6871
314.19987432,72.7135,76.3853,3.6718
314.239874304,72.7135,76.3701,3.6565
314.279874288,72.7135,76.3548,3.6412
314.319874272,72.7135,76.3395,3.626
314.35987425599996,72.412,76.3243,3.9122
314.39987424,72.412,76.309,3.897
314.439874224,72.412,76.2938,3.8817
314.479874208,72.412,76.2785,3.8664
314.51987419200003,72.412,76.2632,3.8512
314.559874176,72.412,76.248,3.836
314.59987416,72.412,76.2327,3.8207
314.63987414400003,72.412,76.2175,3.8055
314.679874128,72.412,76.2023,3.7902
314.71987411199996,72.412,76.187,3.775
314.759874096,72.412,76.1718,3.7597
314.79987408,72.412,76.1564,3.7444
314.839874064,72.412,76.1412,3.7292
314.879874048,72.412,76.126,3.7139
314.919874032,72.412,76.1107,3.6987
314.959874016,72.412,76.0954,3.6834
314.99987400000003,72.412,76.0802,3.6681
315.039873984,72.412,76.0649,3.6529
315.07987396799996,72.412,76.0496,3.6376
315.119873952,72.412,76.0344,3.6224
315.159873936,72.1105,76.0192,3.9087
315.19987391999996,72.1105,76.004,3.8934
315.239873904,72.1105,75.9887,3.8782
315.279873888,72.1105,75.9735,3.863
315.319873872,72.1105,75.9582,3.8477
315.359873856,72.1105,75.943,3.8324
315.39987384,72.1105,75.9277,3.8171
315.439873824,72.1105,75.9124,3.8019
315.47987380800004,72.1105,75.8971,3.7866
315.519873792,72.1105,75.8818,3.7713
315.55987377599996,72.1105,75.8666,3.7561
315.59987376,72.1105,75.8513,3.7408
315.639873744,72.1105,75.8361,3.7255
315.679873728,72.1105,75.8208,3.7103
315.719873712,72.1105,75.8055,3.695
315.759873696,72.1105,75.7903,3.6798
315.79987368,72.1105,75.7751,3.6645
315.83987366400004,72.1105,75.7598,3.6493
315.879873648,72.1105,75.7446,3.634
315.91987363199996,72.1105,75.7293,3.6188
315.959873616,71.809,75.7141,3.9051
315.9998736,71.809,75.6989,3.8898
316.03987358399996,71.809,75.6836,3.8746
316.079873568,71.809,75.6683,3.8593
316.119873552,71.809,75.6531,3.844
316.159873536,71.809,75.6378,3.8288
316.19987352,71.809,75.6226,3.8136
316.239873504,71.809,75.6073,3.7983
316.279873488,71.809,75.5921,3.7831
316.319873472,71.809,75.5769,3.7679
316.35987345599995,71.809,75.5617,3.7527
316.39987343999996,71.809,75.5464,3.7374
316.439873424,71.809,75.5311,3.7221
316.479873408,71.809,75.5159,3.7069
316.519873392,71.809,75.5006,3.6916
316.559873376,71.809,75.4854,3.6764
316.59987336,71.809,75.4701,3.6611
316.639873344,71.809,75.4549,3.6459
316.67987332800004,71.809,75.4396,3.6306
316.719873312,71.809,75.4244,3.6154
316.75987329599997,71.5075,75.4092,3.9017
316.79987328,71.5075,75.3941,3.8865
316.839873264,71.5075,75.3789,3.8713
316.87987324799997,71.5075,75.3636,3.8561
316.919873232,71.5075,75.3484,3.8409
316.959873216,71.5075,75.3332,3.8257
316.9998732,71.5075,75.3179,3.8104
317.039873184,71.5075,75.3027,3.7952
317.079873168,71.5075,75.2876,3.78
317.119873152,71.5075,75.2723,3.7648
317.159873136,71.5075,75.2571,3.7496
317.19987311999995,71.5075,75.242,3.7344
317.23987310399997,71.5075,75.2267,3.7192
317.279873088,71.5075,75.2116,3.704
317.319873072,71.5075,75.1964,3.6888
317.35987305599997,71.5075,75.1811,3.6736
317.39987304,71.5075,75.1659,3.6584
317.439873024,71.5075,75.1507,3.6432
317.479873008,71.5075,75.1355,3.628
317.51987299200005,71.5075,75.1203,3.6128
317.55987297599995,71.206,75.1051,3.8991
317.59987295999997,71.206,75.0899,3.8839
317.639872944,71.206,75.0747,3.8687
317.679872928,71.206,75.0595,3.8535
317.71987291199997,71.206,75.0442,3.8382
317.759872896,71.206,75.029,3.823
317.79987288,71.206,75.0138,3.8078
317.83987286400003,71.206,74.9986,3.7926
317.879872848,71.206,74.9834,3.7774
317.919872832,71.206,74.9682,3.7622
317.95987281600003,71.206,74.953,3.747
317.9998728,71.206,74.9378,3.7318
318.03987278399995,71.206,74.9226,3.7165
318.079872768,71.206,74.9074,3.7014
318.119872752,71.206,74.8922,3.6862
318.159872736,71.206,74.877,3.6709
318.19987272,71.206,74.8617,3.6557
318.239872704,71.206,74.8465,3.6405
318.279872688,71.206,74.8313,3.6253
318.31987267200003,71.206,74.8161,3.61
318.359872656,70.9045,74.8008,3.8963
318.39987263999996,70.9045,74.7856,3.8811
318.439872624,70.9045,74.7704,3.8659
318.479872608,70.9045,74.7552,3.8507
318.519872592,70.9045,74.7399,3.8354
318.559872576,70.9045,74.7247,3.8202
318.59987256,70.9045,74.7095,3.805
318.639872544,70.9045,74.6943,3.7898
318.67987252800003,70.9045,74.6791,3.7746
318.719872512,70.9045,74.6638,3.7593
318.759872496,70.9045,74.6486,3.7441
318.79987248,70.9045,74.6334,3.7289
318.839872464,70.9045,74.6182,3.7137
318.87987244799996,70.9045,74.603,3.6985
318.919872432,70.9045,74.5877,3.6832
318.959872416,70.9045,74.5725,3.668
318.9998724,70.9045,74.5573,3.6528
319.039872384,70.9045,74.5421,3.6376
319.079872368,70.9045,74.5268,3.6223
319.119872352,70.9045,74.5116,3.6071
319.15987233600003,70.603,74.4964,3.8934
319.19987232,70.603,74.4811,3.8781
319.23987230399996,70.603,74.4659,3.8629
319.279872288,70.603,74.4508,3.8478
319.319872272,70.603,74.4355,3.8325
319.35987225599996,70.603,74.4202,3.8172
319.39987224,70.603,74.405,3.802
319.439872224,70.603,74.3898,3.7868
319.479872208,70.603,74.3746,3.7716
319.51987219200004,70.603,74.3593,3.7563
319.559872176,70.603,74.3441,3.7411
319.59987216,70.603,74.3288,3.7258
319.639872144,70.603,74.3136,3.7106
319.679872128,70.603,74.2984,3.6954
319.71987211199996,70.603,74.2832,3.6802
319.759872096,70.603,74.2679,3.6649
319.79987208,70.603,74.2527,3.6497
319.839872064,70.603,74.2375,3.6345
319.879872048,70.603,74.2223,3.6193
319.919872032,70.603,74.207,3.604
319.959872016,70.3014,74.1917,3.8903
319.99987200000004,70.3014,74.1765,3.875
320.03987198399994,70.3014,74.1612,3.8597
320.07987196799996,70.3014,74.146,3.8445
320.119871952,70.3014,74.1308,3.8293
320.159871936,70.3014,74.1156,3.8141
320.19987191999996,70.3014,74.1004,3.7989
320.239871904,70.3014,74.0852,3.7837
320.279871888,70.3014,74.07,3.7685
320.319871872,70.3014,74.0548,3.7533
320.359871856,70.3014,74.0396,3.7381
320.39987184,70.3014,74.0244,3.7229
320.439871824,70.3014,74.0092,3.7077
320.479871808,70.3014,73.994,3.6925
320.519871792,70.3014,73.9787,3.6772
320.55987177599997,70.3014,73.9635,3.662
320.59987176,70.3014,73.9483,3.6468
320.639871744,70.3014,73.9331,3.6316
320.679871728,70.3014,73.9178,3.6164
320.719871712,70.3014,73.9027,3.6012
320.759871696,70.3014,73.8875,3.586
320.79987168,70.3014,73.8723,3.5708
320.83987166400004,70.3014,73.8571,3.5556
320.87987164799995,70.3014,73.8419,3.5404
320.91987163199997,70.3014,73.8267,3.5252
320.959871616,70.3014,73.8115,3.51
320.9998716,70.3014,73.7963,3.4948
321.03987158399997,70.3014,73.781,3.4795
321.079871568,70.3014,73.7658,3.4643
321.119871552,70.3014,73.7507,3.4492
321.159871536,70.3014,73.7354,3.4339
321.19987152,70.3014,73.7202,3.4188
321.239871504,70.3014,73.705,3.4035
321.27987148799997,70.3014,73.6898,3.3883
321.319871472,70.3014,73.6746,3.3731
321.35987145599995,70.3014,73.6594,3.3579
321.39987143999997,70.3014,73.6442,3.3427
321.439871424,70.3014,73.629,3.3275
321.479871408,70.3014,73.6139,3.3124
321.519871392,70.3014,73.5987,3.2973
321.559871376,70.3014,73.5835,3.282
321.59987136,70.3014,73.5683,3.2668
321.639871344,70.3014,73.5531,3.2516
321.67987132800005,70.3014,73.5379,3.2364
321.71987131199995,70.3014,73.5227,3.2212
321.759871296,70.3014,73.5075,3.206
321.79987128,70.3014,73.4924,3.1909
321.839871264,70.3014,73.4772,3.1757
321.879871248,70.3014,73.462,3.1605
321.919871232,70.3014,73.4468,3.1454
321.959871216,70.3014,73.4317,3.1302
321.99987120000003,70.3014,73.4165,3.115
322.039871184,70.3014,73.4014,3.0999
322.079871168,70.3014,73.3862,3.0847
322.119871152,70.3014,73.3711,3.0696
322.159871136,70.3014,73.3559,3.0544
322.19987111999995,70.3014,73.3407,3.0393
322.239871104,70.3014,73.3256,3.0241
322.279871088,70.3014,73.3104,3.009
322.319871072,70.3014,73.2954,2.9939
322.359871056,70.3014,73.2802,2.9788
322.39987104,70.3014,73.2651,2.9636
322.439871024,70.3014,73.25,2.9485
322.47987100800003,70.3014,73.2349,2.9334
322.519870992,70.3014,73.2198,2.9183
322.55987097599996,70.3014,73.2047,2.9032
322.59987096,70.3014,73.1897,2.8882
322.639870944,70.3014,73.1746,2.8731
322.679870928,70.3014,73.1596,2.8581
322.719870912,70.3014,73.1445,2.843
322.759870896,70.3014,73.1294,2.8279
322.79987088,70.3014,73.1144,2.8129
322.83987086400003,70.3014,73.0994,2.7979
322.879870848,70.3014,73.0844,2.7829
322.919870832,70.3014,73.0694,2.7679
322.959870816,70.3014,73.0545,2.753
322.9998708,70.3014,73.0395,2.738
323.03987078399996,70.3014,73.0245,2.723
323.079870768,70.3014,73.0095,2.708
323.119870752,70.3014,72.9946,2.6931
323.159870736,70.3014,72.9797,2.6782
323.19987072,70.3014,72.9648,2.6633
323.239870704,70.3014,72.95,2.6485
323.279870688,70.3014,72.9352,2.6337
323.31987067200004,70.3014,72.9203,2.6189
323.359870656,70.3014,72.9055,2.604
323.39987063999996,70.3014,72.8907,2.5892
323.439870624,70.3014,72.8759,2.5744
323.479870608,70.3014,72.8611,2.5596
323.519870592,70.3014,72.8463,2.5448
323.559870576,70.3014,72.8315,2.53
323.59987056,70.3014,72.8168,2.5153
323.639870544,70.3014,72.8021,2.5006
323.67987052800004,70.3014,72.7875,2.486
323.719870512,70.3014,72.7728,2.4713
323.75987049599996,70.3014,72.7582,2.4567
323.79987048,70.3014,72.7436,2.4421
323.839870464,70.3014,72.729,2.4275
323.87987044799996,70.3014,72.7145,2.413
323.919870432,70.3014,72.7,2.3985
323.959870416,70.3014,72.6855,2.384
323.9998704,70.3014,72.671,2.3695
324.039870384,70.3014,72.6565,2.355
324.079870368,70.3014,72.6421,2.3406
324.119870352,70.3014,72.6277,2.3262
324.15987033600004,70.3014,72.6134,2.3119
324.19987031999995,70.3014,72.599,2.2975
324.23987030399996,70.3014,72.5848,2.2833
324.279870288,70.3014,72.5705,2.269
324.319870272,70.3014,72.5563,2.2548
324.359870256,70.3014,72.5422,2.2407
324.39987024,70.3014,72.528,2.2265
324.439870224,70.3014,72.5139,2.2124
324.479870208,70.3014,72.4998,2.1983
324.51987019200004,70.3014,72.4857,2.1842
324.559870176,70.3014,72.4717,2.1702
324.59987015999997,70.3014,72.4577,2.1562
324.639870144,70.3014,72.4437,2.1423
324.679870128,70.3014,72.4298,2.1283
324.71987011199997,70.3014,72.4159,2.1144
324.759870096,70.3014,72.4021,2.1006
324.79987008,70.3014,72.3883,2.0868
324.839870064,70.3014,72.3746,2.0731
324.879870048,70.3014,72.3609,2.0594
324.919870032,70.3014,72.3472,2.0457
324.959870016,70.3014,72.3335,2.032
324.99987,70.3014,72.32,2.0185
325.03986998399995,70.3014,72.3064,2.0049
325.07986996799997,70.3014,72.2929,1.9914
325.119869952,70.3014,72.2795,1.978
325.159869936,70.3014,72.266,1.9645
325.19986991999997,70.3014,72.2527,1.9512
325.239869904,70.3014,72.2393,1.9378
325.279869888,70.3014,72.226,1.9245
325.319869872,70.3014,72.2128,1.9113
325.359869856,70.3014,72.1996,1.8981
325.39986984,70.3014,72.1864,1.885
325.43986982399997,70.3014,72.1734,1.8719
325.479869808,70.3014,72.1603,1.8588
325.519869792,70.3014,72.1473,1.8458
325.55986977599997,70.3014,72.1343,1.8328
325.59986976,70.3014,72.1214,1.8199
325.639869744,70.3014,72.1085,1.807
325.679869728,70.3014,72.0957,1.7942
325.719869712,70.3014,72.0829,1.7814
325.759869696,70.3014,72.0702,1.7687
325.79986968000003,70.3014,72.0575,1.756
325.839869664,70.3014,72.0449,1.7434
325.87986964799995,70.3014,72.0323,1.7308
325.919869632,70.3014,72.0198,1.7183
325.959869616,70.3014,72.0074,1.7059
325.9998696,70.3014,71.9949,1.6934
326.039869584,70.3014,71.9826,1.6811
326.079869568,70.3014,71.9703,1.6688
326.119869552,70.3014,71.958,1.6565
326.15986953600003,70.3014,71.9458,1.6443
326.19986952,70.3014,71.9337,1.6322
326.23986950399996,70.3014,71.9216,1.6201
326.279869488,70.3014,71.9095,1.6081
326.319869472,70.3014,71.8975,1.5961
326.359869456,70.3014,71.8856,1.5841
326.39986944,70.3014,71.8737,1.5722
326.439869424,70.3014,71.8619,1.5604
326.479869408,70.3014,71.85,1.5485
326.51986939200003,70.3014,71.8382,1.5367
326.559869376,70.3014,71.8265,1.5251
326.59986936,70.3014,71.8149,1.5134
326.63986934400003,70.3014,71.8033,1.5018
326.679869328,70.3014,71.7917,1.4902
326.71986931199996,70.3014,71.7802,1.4787
326.759869296,70.3014,71.7689,1.4674
326.79986928,70.3014,71.7575,1.456
326.839869264,70.3014,71.7461,1.4447
326.879869248,70.3014,71.7349,1.4334
326.919869232,70.3014,71.7237,1.4222
326.959869216,70.3014,71.7125,1.411
326.99986920000003,70.3014,71.7014,1.3999
327.039869184,70.3014,71.6904,1.3889
327.07986916799996,70.3014,71.6794,1.3779
327.119869152,70.3014,71.6685,1.367
327.159869136,70.3014,71.6577,1.3562
327.19986911999996,70.3014,71.6469,1.3454
327.239869104,70.3014,71.6362,1.3347
327.279869088,70.3014,71.6255,1.324
327.319869072,70.3014,71.6149,1.3134
327.359869056,70.3014,71.6044,1.3029
327.39986904,70.3014,71.5938,1.2923
327.439869024,70.3014,71.5833,1.2818
327.479869008,70.3014,71.5729,1.2714
327.519868992,70.3014,71.5625,1.261
327.55986897599996,70.3014,71.5522,1.2507
327.59986896,70.3014,71.542,1.2405
327.639868944,70.3014,71.5318,1.2303
