t_ms,target_um,current_um_A,current_um_B
0.0,100.0,99.9829,99.9813
0.039999984,100.0,99.9828,99.9813
0.079999968,100.0,99.9829,99.9813
0.119999952,100.0,99.9829,99.9813
0.159999936,100.0,99.9828,99.9813
0.19999992,100.0,99.9829,99.9813
0.239999904,100.0,99.9828,99.9813
0.279999888,100.0,99.9828,99.9813
0.319999872,100.0,99.9828,99.9813
0.359999856,100.0,99.9828,99.9812
0.39999984,100.0,99.9828,99.9813
0.43999982400000004,100.0,99.9828,99.9813
0.479999808,100.0,99.9828,99.9813
0.519999792,100.0,99.9828,99.9813
0.559999776,100.0,99.9828,99.9812
0.59999976,100.0,99.9828,99.9813
0.639999744,100.0,99.9828,99.9812
0.679999728,100.0,99.9828,99.9812
0.719999712,100.0,99.9828,99.9812
0.759999696,100.0,99.9827,99.9812
0.79999968,100.0,99.9828,99.9812
0.8399996639999999,100.0,99.9828,99.9812
0.8799996480000001,100.0,99.9827,99.9812
0.919999632,100.0,99.9828,99.9812
0.959999616,100.0,99.9828,99.9812
0.9999995999999999,100.0,99.9828,99.9812
1.039999584,100.0,99.9828,99.9812
1.079999568,100.0,99.9828,99.9812
1.119999552,100.0,99.9828,99.9812
1.159999536,100.0,99.9828,99.9812
1.19999952,100.0,99.9828,99.9812
1.239999504,100.0,99.9828,99.9813
1.279999488,100.0,99.9827,99.9812
1.319999472,100.0,99.9827,99.9813
1.359999456,100.0,99.9827,99.9813
1.39999944,100.0,99.9827,99.9813
1.439999424,100.0,99.9827,99.9813
1.4799994079999998,100.0,99.9827,99.9813
1.519999392,100.0,99.9828,99.9813
1.5599993760000002,100.0,99.9828,99.9813
1.59999936,100.0,99.9827,99.9813
1.639999344,100.0,99.9828,99.9813
1.6799993279999998,100.0,99.9827,99.9813
1.719999312,100.0,99.9827,99.9813
1.7599992960000002,100.0,99.9827,99.9814
1.79999928,100.0,99.9827,99.9814
1.839999264,100.0,99.9827,99.9814
1.8799992479999998,100.0,99.9827,99.9814
1.919999232,100.0,99.9827,99.9814
1.959999216,100.0,99.9826,99.9814
1.9999991999999998,100.0,99.9826,99.9814
2.039999184,100.0,99.9826,99.9814
2.079999168,100.0,99.9825,99.9814
2.1199991519999997,100.0,99.9826,99.9814
2.159999136,100.0,99.9826,99.9815
2.19999912,100.0,99.9825,99.9814
2.239999104,100.0,99.9825,99.9814
2.2799990880000003,100.0,99.9825,99.9814
2.319999072,100.0,99.9825,99.9814
2.359999056,100.0,99.9825,99.9814
2.39999904,100.0,99.9824,99.9814
2.439999024,100.0,99.9824,99.9815
2.479999008,100.0,99.9824,99.9815
2.5199989919999997,100.0,99.9824,99.9815
2.559998976,100.0,99.9824,99.9816
2.59999896,100.0,99.9823,99.9816
2.639998944,100.0,99.9823,99.9816
2.679998928,100.0,99.9822,99.9816
2.719998912,100.0,99.9821,99.9816
2.759998896,100.0,99.9821,99.9816
2.79999888,100.0,99.9821,99.9816
2.839998864,100.0,99.9821,99.9816
2.879998848,100.0,99.9821,99.9817
2.9199988319999997,100.0,99.982,99.9816
2.9599988159999997,100.0,99.982,99.9817
2.9999988,100.0,99.9819,99.9816
3.039998784,100.0,99.9819,99.9817
3.079998768,100.0,99.9818,99.9817
3.1199987520000003,100.0,99.9818,99.9817
3.159998736,100.0,99.9818,99.9817
3.19999872,100.0,99.9817,99.9817
3.239998704,100.0,99.9817,99.9817
3.279998688,100.0,99.9816,99.9817
3.319998672,100.0,99.9816,99.9817
3.3599986559999997,100.0,99.9816,99.9817
3.39999864,100.0,99.9816,99.9816
3.439998624,100.0,99.9816,99.9817
3.479998608,100.0,99.9815,99.9816
3.5199985920000003,100.0,99.9815,99.9816
3.559998576,100.0,99.9814,99.9816
3.59999856,100.0,99.9814,99.9816
3.6399985439999996,100.0,99.9814,99.9817
3.679998528,100.0,99.9813,99.9817
3.719998512,100.0,99.9812,99.9816
3.7599984959999997,100.0,99.9812,99.9817
3.79999848,100.0,99.9811,99.9817
3.839998464,100.0,99.9811,99.9817
3.879998448,100.0,99.9811,99.9817
3.919998432,100.0,99.981,99.9817
3.9599984160000004,100.0,99.981,99.9818
3.9999983999999995,100.0,99.9809,99.9818
4.0399983839999996,100.0,99.9809,99.9818
4.079998368,100.0,99.9809,99.9817
4.119998352,100.0,99.9809,99.9817
4.159998336,100.0,99.9808,99.9818
4.19999832,100.0,99.9808,99.9817
4.239998303999999,100.0,99.9807,99.9817
4.279998288,100.0,99.9807,99.9817
4.319998272,100.0,99.9806,99.9817
4.359998256,100.0,99.9806,99.9817
4.39999824,100.0,99.9805,99.9817
4.439998224,100.0,99.9805,99.9817
4.479998208,100.0,99.9805,99.9817
4.519998192,100.0,99.9804,99.9816
4.559998176000001,100.0,99.9803,99.9817
4.59999816,100.0,99.9802,99.9816
4.639998144,100.0,99.9801,99.9816
4.679998127999999,100.0,99.9801,99.9816
4.719998112,100.0,99.98,99.9816
4.759998096,100.0,99.98,99.9815
4.79999808,100.0,99.98,99.9815
4.8399980639999995,100.0,99.9799,99.9815
4.879998048,100.0,99.9799,99.9815
4.919998032,100.0,99.9798,99.9814
4.959998016,100.0,99.9798,99.9814
4.999998000000001,100.0,99.9798,99.9814
5.039997983999999,100.0,99.9797,99.9813
5.079997968,100.0,99.9797,99.9813
5.119997952,100.0,99.9796,99.9813
5.159997936,100.0,99.9795,99.9812
5.19999792,100.0,99.9795,99.9812
5.239997904,100.0,99.9794,99.9812
5.279997888,100.0,99.9794,99.9812
5.319997872,100.0,99.9793,99.9811
5.359997856,100.0,99.9793,99.9811
5.39999784,100.0,99.9793,99.9812
5.439997824,100.0,99.9792,99.9811
5.479997807999999,100.0,99.9792,99.9811
5.519997792,100.0,99.9791,99.9811
5.559997776,100.0,99.9791,99.9811
5.59999776,100.0,99.9791,99.981
5.6399977439999995,100.0,99.9791,99.981
5.679997728,100.0,99.9791,99.9809
5.719997712,100.0,99.979,99.9809
5.759997696,100.0,99.979,99.9809
5.799997680000001,100.0,99.979,99.9808
5.839997663999999,100.0,99.979,99.9808
5.879997648,100.0,99.979,99.9807
5.919997631999999,100.0,99.979,99.9807
5.959997616,100.0,99.979,99.9807
5.9999976,100.0,99.979,99.9807
6.039997584,100.0,99.9789,99.9806
6.079997568,100.0,99.9789,99.9806
6.119997552,100.0,99.9789,99.9806
6.159997536,100.0,99.9789,99.9805
6.19999752,100.0,99.9789,99.9805
6.239997504000001,100.0,99.9789,99.9805
6.279997487999999,100.0,99.9789,99.9804
6.319997472,100.0,99.979,99.9804
6.359997456,100.0,99.9789,99.9804
6.39999744,100.0,99.979,99.9803
6.439997424,100.0,99.979,99.9803
6.479997408,100.0,99.9789,99.9802
6.519997392,100.0,99.9789,99.9802
6.559997376,100.0,99.9789,99.9802
6.59999736,100.0,99.9789,99.9802
6.639997344,100.0,99.9789,99.9801
6.679997328,100.0,99.9789,99.9801
6.719997311999999,100.0,99.9789,99.9801
6.759997296,100.0,99.9789,99.9801
6.79999728,100.0,99.9789,99.98
6.839997264,100.0,99.9789,99.98
6.879997248,100.0,99.9788,99.98
6.919997232,100.0,99.9788,99.98
6.959997216,100.0,99.9789,99.9799
6.9999972,100.0,99.9788,99.9799
7.039997184000001,100.0,99.9788,99.9798
7.079997167999999,100.0,99.9788,99.9798
7.119997152,100.0,99.9788,99.9798
7.159997135999999,100.0,99.9788,99.9797
7.19999712,100.0,99.9788,99.9796
7.239997104,100.0,99.9787,99.9796
7.279997087999999,100.0,99.9787,99.9795
7.319997072,100.0,99.9787,99.9795
7.359997056,100.0,99.9787,99.9795
7.39999704,100.0,99.9786,99.9795
7.439997024,100.0,99.9786,99.9795
7.479997008,100.0,99.9786,99.9794
7.519996991999999,100.0,99.9786,99.9794
7.559996976,100.0,99.9786,99.9794
7.59999696,100.0,99.9786,99.9794
7.639996944,100.0,99.9787,99.9794
7.679996928,100.0,99.9787,99.9793
7.719996912,100.0,99.9787,99.9793
7.759996896,100.0,99.9787,99.9792
7.79999688,100.0,99.9787,99.9792
7.839996864,100.0,99.9787,99.9792
7.879996848,100.0,99.9787,99.9792
7.919996832000001,100.0,99.9787,99.9792
7.959996816,100.0,99.9788,99.9792
7.999996799999999,100.0,99.9788,99.9791
8.039996784,100.0,99.9788,99.9791
8.079996767999999,100.0,99.9788,99.9791
8.119996751999999,100.0,99.9788,99.9791
8.159996736,100.0,99.9788,99.9791
8.19999672,100.0,99.9788,99.9791
8.239996704,100.0,99.9788,99.9791
8.279996688,100.0,99.9788,99.9791
8.319996672,100.0,99.9788,99.9791
8.359996656,100.0,99.9789,99.9791
8.39999664,100.0,99.9789,99.9791
8.439996623999999,100.0,99.9789,99.9791
8.479996607999999,100.0,99.9789,99.9791
8.519996592,100.0,99.9789,99.9791
8.559996576,100.0,99.9789,99.979
8.59999656,100.0,99.9789,99.979
8.639996544,100.0,99.9789,99.9789
8.679996528,100.0,99.979,99.9789
8.719996512,100.0,99.9789,99.9789
8.759996496000001,100.0,99.979,99.9789
8.79999648,100.0,99.9789,99.9788
8.839996463999999,100.0,99.9789,99.9788
8.879996448,100.0,99.9789,99.9788
8.919996432,100.0,99.9789,99.9788
8.959996416,100.0,99.9789,99.9788
8.9999964,100.0,99.979,99.9788
9.039996384,100.0,99.9789,99.9788
9.079996368,100.0,99.979,99.9788
9.119996352000001,100.0,99.979,99.9788
9.159996336,100.0,99.979,99.9787
9.19999632,100.0,99.979,99.9788
9.239996304,100.0,99.979,99.9787
9.279996288,100.0,99.979,99.9787
9.319996272,100.0,99.979,99.9787
9.359996255999999,100.0,99.979,99.9787
9.39999624,100.0,99.9791,99.9787
9.439996224,100.0,99.979,99.9787
9.479996208,100.0,99.979,99.9787
9.519996192,100.0,99.979,99.9786
9.559996176,100.0,99.979,99.9786
9.59999616,100.0,99.979,99.9786
9.639996144,100.0,99.979,99.9786
9.679996127999999,100.0,99.979,99.9786
9.719996111999999,100.0,99.979,99.9786
9.759996096,100.0,99.979,99.9786
9.79999608,100.0,99.979,99.9786
9.839996064,100.0,99.979,99.9786
9.879996048,100.0,99.9791,99.9786
9.919996032,100.0,99.9791,99.9786
9.959996016,100.0,99.979,99.9786
9.999996000000001,100.0,99.9791,99.9787
10.039995983999999,100.0,99.9791,99.9786
10.079995967999999,100.0,99.9791,99.9786
10.119995952,100.0,99.9792,99.9786
10.159995936,100.0,99.9791,99.9786
10.19999592,100.0,99.9792,99.9786
10.239995904,100.0,99.9792,99.9786
10.279995888,100.0,99.9792,99.9786
10.319995872,100.0,99.9793,99.9786
10.359995856000001,100.0,99.9792,99.9786
10.39999584,100.0,99.9793,99.9786
10.439995824,100.0,99.9793,99.9786
10.479995808,100.0,99.9793,99.9787
10.519995792,100.0,99.9794,99.9787
10.559995776,100.0,99.9794,99.9787
10.599995759999999,100.0,99.9795,99.9787
10.639995744,100.0,99.9795,99.9788
10.679995728,100.0,99.9796,99.9788
10.719995712,100.0,99.9797,99.9788
10.759995696,100.0,99.9797,99.9787
10.79999568,100.0,99.9798,99.9788
10.839995664,100.0,99.9798,99.9787
10.879995648,100.0,99.9798,99.9787
10.919995632,100.0,99.9798,99.9788
10.959995615999999,100.0,99.9798,99.9788
10.9999956,100.0,99.9799,99.9788
11.039995584,100.0,99.9799,99.9787
11.079995568,100.0,99.98,99.9787
11.119995552,100.0,99.9801,99.9788
11.159995536,100.0,99.9801,99.9787
11.19999552,100.0,99.9802,99.9788
11.239995504000001,100.0,99.9802,99.9788
11.279995487999999,100.0,99.9802,99.9788
11.319995471999999,100.0,99.9803,99.9788
11.359995456,100.0,99.9804,99.9788
11.39999544,100.0,99.9804,99.9788
11.439995424,100.0,99.9805,99.9788
11.479995408,100.0,99.9805,99.9788
11.519995392,100.0,99.9806,99.9789
11.559995376,100.0,99.9807,99.9789
11.599995360000001,100.0,99.9807,99.9789
11.639995344,100.0,99.9807,99.9789
11.679995327999999,100.0,99.9808,99.9789
11.719995312,100.0,99.9808,99.9789
11.759995296,100.0,99.9809,99.979
11.79999528,100.0,99.9809,99.979
11.839995263999999,100.0,99.981,99.9791
11.879995248,100.0,99.981,99.979
11.919995232,100.0,99.9811,99.9791
11.959995216,100.0,99.9811,99.9792
11.9999952,100.0,99.9811,99.9792
12.039995184,100.0,99.9813,99.9792
12.079995168,100.0,99.9813,99.9792
12.119995152,100.0,99.9813,99.9792
12.159995136,100.0,99.9814,99.9793
12.199995119999999,100.0,99.9814,99.9792
12.239995104,100.0,99.9815,99.9793
12.279995088,100.0,99.9815,99.9792
12.319995072,100.0,99.9815,99.9793
12.359995056,100.0,99.9816,99.9793
12.39999504,100.0,99.9816,99.9792
12.439995024,100.0,99.9816,99.9793
12.479995008000001,100.0,99.9816,99.9792
12.519994991999999,100.0,99.9816,99.9793
12.559994975999999,100.0,99.9817,99.9793
12.59999496,100.0,99.9817,99.9793
12.639994944,100.0,99.9817,99.9792
12.679994928,100.0,99.9817,99.9792
12.719994912,100.0,99.9817,99.9792
12.759994896,100.0,99.9818,99.9793
12.79999488,100.0,99.9818,99.9792
12.839994864000001,100.0,99.9819,99.9793
12.879994848,100.0,99.9819,99.9792
12.919994831999999,100.0,99.9819,99.9792
12.959994816,100.0,99.9819,99.9792
12.9999948,100.0,99.9819,99.9792
13.039994784,100.0,99.982,99.9793
13.079994767999999,100.0,99.982,99.9793
13.119994752,100.0,99.9821,99.9793
13.159994736,100.0,99.9821,99.9793
13.19999472,100.0,99.9821,99.9793
13.239994704,100.0,99.9822,99.9793
13.279994688,100.0,99.9822,99.9793
13.319994671999998,100.0,99.9822,99.9793
13.359994656,100.0,99.9822,99.9794
13.39999464,100.0,99.9823,99.9793
13.439994623999999,100.0,99.9823,99.9794
13.479994608,100.0,99.9823,99.9794
13.519994592,100.0,99.9823,99.9794
13.559994576,100.0,99.9824,99.9794
13.59999456,100.0,99.9824,99.9794
13.639994544,100.0,99.9825,99.9794
13.679994528,100.0,99.9826,99.9794
13.719994512000001,100.0,99.9826,99.9794
13.759994496,100.0,99.9826,99.9794
13.799994479999999,100.0,99.9826,99.9794
13.839994464,100.0,99.9826,99.9794
13.879994448,100.0,99.9827,99.9794
13.919994432,100.0,99.9827,99.9794
13.959994416,100.0,99.9827,99.9794
13.9999944,100.0,99.9827,99.9794
14.039994384,100.0,99.9828,99.9794
14.079994368000001,100.0,99.9828,99.9794
14.119994352,100.0,99.9828,99.9794
14.159994335999999,100.0,99.9829,99.9794
14.19999432,100.0,99.9828,99.9794
14.239994304,100.0,99.9829,99.9794
14.279994288,100.0,99.9829,99.9795
14.319994271999999,100.0,99.9829,99.9794
14.359994256,100.0,99.9829,99.9794
14.39999424,100.0,99.9828,99.9794
14.439994224,100.0,99.9828,99.9793
14.479994208,100.0,99.9829,99.9793
14.519994192,100.0,99.9829,99.9793
14.559994175999998,100.0,99.9829,99.9793
14.59999416,100.0,99.983,99.9793
14.639994144,100.0,99.983,99.9793
14.679994127999999,100.0,99.983,99.9793
14.719994112,100.0,99.983,99.9793
14.759994096,100.0,99.983,99.9793
14.79999408,100.0,99.9831,99.9793
14.839994064,100.0,99.9831,99.9794
14.879994048,100.0,99.9831,99.9794
14.919994032,100.0,99.9832,99.9794
14.959994016,100.0,99.9832,99.9794
14.999994,100.0,99.9833,99.9794
15.039993983999999,100.0,99.9832,99.9793
15.079993968,100.0,99.9833,99.9794
15.119993952,100.0,99.9833,99.9793
15.159993936,100.0,99.9833,99.9793
15.19999392,100.0,99.9834,99.9794
15.239993904,100.0,99.9834,99.9794
15.279993888,100.0,99.9834,99.9794
15.319993872000001,100.0,99.9835,99.9794
15.359993856,100.0,99.9834,99.9793
15.399993839999999,100.0,99.9835,99.9794
15.439993824,100.0,99.9835,99.9793
15.479993808,100.0,99.9835,99.9793
15.519993792,100.0,99.9835,99.9793
15.559993775999999,100.0,99.9836,99.9793
15.59999376,100.0,99.9836,99.9793
15.639993743999998,100.0,99.9836,99.9794
15.679993728,100.0,99.9837,99.9794
15.719993711999999,100.0,99.9837,99.9795
15.759993696,100.0,99.9837,99.9795
15.799993679999998,100.0,99.9838,99.9795
15.839993664000001,100.0,99.9838,99.9795
15.879993648,100.0,99.9839,99.9796
15.919993632,100.0,99.984,99.9796
15.959993616,100.0,99.984,99.9796
15.999993599999998,100.0,99.984,99.9796
16.039993584,100.0,99.984,99.9796
16.079993568,100.0,99.9841,99.9796
16.119993552,100.0,99.9841,99.9796
16.159993535999998,100.0,99.9841,99.9797
16.19999352,100.0,99.9842,99.9797
16.239993503999997,100.0,99.9842,99.9797
16.279993488000002,100.0,99.9841,99.9797
16.319993472,100.0,99.9841,99.9797
16.359993456,100.0,99.9842,99.9797
16.39999344,100.0,99.9842,99.9798
16.439993423999997,100.0,99.9842,99.9798
16.479993408,100.0,99.9841,99.9797
16.519993392,100.0,99.9842,99.9797
16.559993376,100.0,99.9842,99.9798
16.59999336,100.0,99.9842,99.9798
16.639993344,100.0,99.9842,99.9798
16.679993328,100.0,99.9842,99.9798
16.719993312,100.0,99.9842,99.9799
16.759993296,100.0,99.9842,99.9799
16.79999328,100.0,99.9842,99.98
16.839993264,100.0,99.9842,99.98
16.879993247999998,100.0,99.9842,99.98
16.919993232,100.0,99.9842,99.98
16.959993215999997,100.0,99.9842,99.9801
16.999993200000002,100.0,99.9842,99.9801
17.039993184,100.0,99.9841,99.9801
17.079993168,100.0,99.9841,99.9801
17.119993152,100.0,99.9841,99.9802
17.159993136,100.0,99.984,99.9802
17.19999312,100.0,99.984,99.9802
17.239993104,100.0,99.984,99.9802
17.279993088,100.0,99.9839,99.9802
17.319993072,100.0,99.9839,99.9803
17.359993056,100.0,99.9839,99.9803
17.39999304,100.0,99.9839,99.9803
17.439993024,100.0,99.9839,99.9804
17.479993007999997,100.0,99.9839,99.9804
17.519992992000002,100.0,99.9839,99.9805
17.559992976,100.0,99.9839,99.9805
17.59999296,100.0,99.984,99.9805
17.639992944,100.0,99.9839,99.9806
17.679992927999997,100.0,99.9839,99.9806
17.719992912,100.0,99.9839,99.9806
17.759992896,100.0,99.9839,99.9807
17.79999288,100.0,99.9838,99.9807
17.839992864,100.0,99.9838,99.9807
17.879992848,100.0,99.9838,99.9807
17.919992832,100.0,99.9838,99.9807
17.959992816,100.0,99.9838,99.9807
17.9999928,100.0,99.9837,99.9807
18.039992784,100.0,99.9837,99.9807
18.079992768,100.0,99.9837,99.9807
18.119992751999998,100.0,99.9836,99.9807
18.159992736,100.0,99.9836,99.9807
18.199992719999997,100.0,99.9835,99.9807
18.239992704000002,100.0,99.9835,99.9808
18.279992688,100.0,99.9835,99.9808
18.319992672,100.0,99.9835,99.9808
18.359992656,100.0,99.9835,99.9807
18.39999264,100.0,99.9835,99.9807
18.439992624,100.0,99.9834,99.9808
18.479992608,100.0,99.9834,99.9808
18.519992592,100.0,99.9835,99.9808
18.559992576,100.0,99.9835,99.9809
18.59999256,100.0,99.9835,99.9809
18.639992544,100.0,99.9835,99.9809
18.679992528,100.0,99.9835,99.981
18.719992511999997,100.0,99.9835,99.9809
18.759992496000002,100.0,99.9835,99.981
18.79999248,100.0,99.9835,99.981
18.839992464,100.0,99.9835,99.981
18.879992448,100.0,99.9835,99.981
18.919992431999997,100.0,99.9834,99.981
18.959992416,100.0,99.9834,99.981
18.9999924,100.0,99.9834,99.981
19.039992384,100.0,99.9834,99.981
19.079992368,100.0,99.9834,99.981
19.119992352,100.0,99.9833,99.981
19.159992336,100.0,99.9833,99.981
19.19999232,100.0,99.9834,99.981
19.239992304,100.0,99.9833,99.981
19.279992288,100.0,99.9833,99.981
19.319992272,100.0,99.9833,99.981
19.359992255999998,100.0,99.9833,99.981
19.39999224,100.0,99.9832,99.981
19.439992223999997,100.0,99.9833,99.981
19.479992208000002,100.0,99.9832,99.981
19.519992192,100.0,99.9832,99.9809
19.559992176,100.0,99.9832,99.9809
19.59999216,100.0,99.9832,99.9809
19.639992144,100.0,99.9833,99.9809
19.679992128,100.0,99.9833,99.981
19.719992112,100.0,99.9833,99.981
19.759992096,100.0,99.9833,99.9809
19.79999208,100.0,99.9833,99.9809
19.839992064,100.0,99.9833,99.9809
19.879992048,100.0,99.9833,99.9809
19.919992032,100.0,99.9833,99.9809
19.959992015999998,100.0,99.9834,99.9809
19.999992000000002,100.0,99.9834,99.9809
20.039991984,100.0,99.9833,99.9809
20.079991967999998,100.0,99.9833,99.9809
20.119991952,100.0,99.9833,99.9809
20.159991935999997,100.0,99.9833,99.9809
20.19999192,100.0,99.9834,99.9809
20.239991904,100.0,99.9833,99.9808
20.279991888,100.0,99.9834,99.9809
20.319991872,100.0,99.9833,99.9809
20.359991856,100.0,99.9833,99.9809
20.39999184,100.0,99.9834,99.9809
20.439991824,100.0,99.9833,99.9808
20.479991808,100.0,99.9834,99.9808
20.519991792,100.0,99.9834,99.9808
20.559991776,100.0,99.9834,99.9808
20.599991759999998,100.0,99.9834,99.9808
20.639991744,100.0,99.9834,99.9808
20.679991727999997,100.0,99.9834,99.9808
20.719991712000002,100.0,99.9833,99.9808
20.759991696,100.0,99.9833,99.9808
20.79999168,100.0,99.9833,99.9808
20.839991664,100.0,99.9833,99.9808
20.879991648,100.0,99.9833,99.9808
20.919991632,100.0,99.9833,99.9808
20.959991616,100.0,99.9833,99.9807
20.9999916,100.0,99.9832,99.9807
21.039991584,100.0,99.9833,99.9807
21.079991568,100.0,99.9833,99.9807
21.119991552,100.0,99.9833,99.9807
21.159991536,100.0,99.9832,99.9807
21.199991519999998,100.0,99.9833,99.9807
21.239991504000002,100.0,99.9833,99.9807
21.279991488,100.0,99.9833,99.9807
21.319991471999998,100.0,99.9834,99.9808
21.359991456,100.0,99.9833,99.9807
21.399991439999997,100.0,99.9833,99.9808
21.439991424,100.0,99.9833,99.9807
21.479991408,100.0,99.9832,99.9807
21.519991392,100.0,99.9832,99.9808
21.559991376,100.0,99.9832,99.9808
21.59999136,100.0,99.9832,99.9808
21.639991344,100.0,99.9832,99.9807
21.679991328,100.0,99.9831,99.9807
21.719991312,100.0,99.983,99.9808
21.759991296,100.0,99.983,99.9807
21.79999128,100.0,99.983,99.9807
21.839991264,100.0,99.983,99.9807
21.879991248,100.0,99.9829,99.9807
21.919991231999997,100.0,99.9829,99.9807
21.959991216000002,100.0,99.9829,99.9807
21.9999912,100.0,99.9829,99.9808
22.039991184,100.0,99.9828,99.9808
22.079991168,100.0,99.9828,99.9808
22.119991151999997,100.0,99.9829,99.9809
22.159991136,100.0,99.9829,99.9809
22.19999112,100.0,99.9829,99.9809
22.239991104,100.0,99.9829,99.9809
22.279991088,100.0,99.9829,99.981
22.319991072,100.0,99.9829,99.981
22.359991056,100.0,99.9829,99.9811
22.39999104,100.0,99.9828,99.9811
22.439991023999998,100.0,99.9828,99.9811
22.479991008000002,100.0,99.9828,99.9811
22.519990992,100.0,99.9828,99.9811
22.559990975999998,100.0,99.9827,99.9811
22.59999096,100.0,99.9827,99.9811
22.639990943999997,100.0,99.9827,99.9811
22.679990928,100.0,99.9827,99.9811
22.719990912,100.0,99.9827,99.9812
22.759990896,100.0,99.9827,99.9813
22.79999088,100.0,99.9827,99.9813
22.839990864,100.0,99.9826,99.9813
22.879990848,100.0,99.9825,99.9813
22.919990832,100.0,99.9825,99.9814
22.959990816,100.0,99.9825,99.9814
22.9999908,100.0,99.9825,99.9814
23.039990784,100.0,99.9825,99.9814
23.079990768,100.0,99.9824,99.9814
23.119990752,100.0,99.9824,99.9814
23.159990735999997,100.0,99.9823,99.9814
23.199990720000002,100.0,99.9823,99.9813
23.239990704,100.0,99.9823,99.9813
23.279990688,100.0,99.9822,99.9813
23.319990672,100.0,99.9822,99.9813
23.359990655999997,100.0,99.9822,99.9813
23.39999064,100.0,99.9822,99.9813
23.439990624,100.0,99.9822,99.9813
23.479990608,100.0,99.9821,99.9813
23.519990592,100.0,99.9821,99.9813
23.559990576,100.0,99.9821,99.9813
23.59999056,100.0,99.982,99.9813
23.639990544,100.0,99.982,99.9813
23.679990527999998,100.0,99.9819,99.9813
23.719990512000003,100.0,99.9819,99.9813
23.759990496,100.0,99.9819,99.9814
23.799990479999998,100.0,99.9818,99.9813
23.839990464,100.0,99.9818,99.9813
23.879990447999997,100.0,99.9817,99.9813
23.919990432,100.0,99.9817,99.9813
23.959990416,100.0,99.9816,99.9813
23.9999904,100.0,99.9816,99.9813
24.039990384,100.0,99.9816,99.9813
24.079990368,100.0,99.9815,99.9812
24.119990352,100.0,99.9815,99.9812
24.159990336,100.0,99.9814,99.9813
24.19999032,100.0,99.9814,99.9812
24.239990304,100.0,99.9814,99.9812
24.279990288,100.0,99.9813,99.9812
24.319990272,100.0,99.9812,99.9811
24.359990256,100.0,99.9812,99.9812
24.399990239999997,100.0,99.9811,99.9811
24.439990224000002,100.0,99.981,99.9811
24.479990208,100.0,99.981,99.9811
24.519990192,100.0,99.9809,99.9811
24.559990176,100.0,99.9809,99.9811
24.599990159999997,100.0,99.9808,99.9811
24.639990144,100.0,99.9808,99.981
24.679990128,100.0,99.9808,99.9811
24.719990112,100.0,99.9806,99.981
24.759990096,100.0,99.9806,99.981
24.79999008,100.0,99.9805,99.981
24.839990064,100.0,99.9805,99.981
24.879990048,100.0,99.9805,99.981
24.919990031999998,100.0,99.9805,99.9809
24.959990016000003,100.0,99.9805,99.9809
24.99999,100.0,99.9804,99.9809
25.039989983999998,100.0,99.9804,99.9809
25.079989968,100.0,99.9804,99.9809
25.119989951999997,100.0,99.9803,99.9808
25.159989936,100.0,99.9802,99.9808
25.19998992,100.0,99.9802,99.9808
25.239989904,100.0,99.9802,99.9808
25.279989888,100.0,99.9801,99.9808
25.319989872,100.0,99.98,99.9807
25.359989856,100.0,99.98,99.9806
25.399989839999996,100.0,99.9799,99.9807
25.439989824,100.0,99.9798,99.9806
25.479989808,100.0,99.9798,99.9806
25.519989792,100.0,99.9797,99.9806
25.559989776,100.0,99.9796,99.9805
25.59998976,100.0,99.9796,99.9805
25.639989743999998,100.0,99.9795,99.9804
25.679989728000002,100.0,99.9795,99.9805
25.719989712,100.0,99.9795,99.9804
25.759989696,100.0,99.9795,99.9804
25.79998968,100.0,99.9795,99.9804
25.839989663999997,100.0,99.9794,99.9803
25.879989648,100.0,99.9793,99.9803
25.919989632,100.0,99.9793,99.9802
25.959989616,100.0,99.9793,99.9802
25.9999896,100.0,99.9793,99.9802
26.039989584,100.0,99.9793,99.9801
26.079989568,100.0,99.9793,99.9801
26.119989552,100.0,99.9792,99.98
26.159989535999998,100.0,99.9792,99.98
26.199989520000003,100.0,99.9792,99.98
26.239989504,100.0,99.9791,99.9799
26.279989488,100.0,99.9791,99.9799
26.319989472,100.0,99.9791,99.9799
26.359989455999997,100.0,99.979,99.9799
26.39998944,100.0,99.979,99.9799
26.439989424,100.0,99.979,99.9798
26.479989408,100.0,99.979,99.9798
26.519989392,100.0,99.9789,99.9798
26.559989376,100.0,99.9788,99.9798
26.59998936,100.0,99.9788,99.9798
26.639989343999996,100.0,99.9787,99.9797
26.679989328,100.0,99.9787,99.9797
26.719989312,100.0,99.9787,99.9797
26.759989296,100.0,99.9787,99.9796
26.79998928,100.0,99.9787,99.9796
26.839989264,100.0,99.9786,99.9796
26.879989247999998,100.0,99.9786,99.9796
26.919989232000002,100.0,99.9786,99.9796
26.959989216,100.0,99.9785,99.9796
26.9999892,100.0,99.9785,99.9796
27.039989184,100.0,99.9785,99.9795
27.079989167999997,100.0,99.9785,99.9795
27.119989152,100.0,99.9785,99.9795
27.159989136,100.0,99.9784,99.9795
27.19998912,100.0,99.9785,99.9795
27.239989104,100.0,99.9785,99.9795
27.279989088,100.0,99.9785,99.9795
27.319989072,100.0,99.9785,99.9795
27.359989056,100.0,99.9785,99.9795
27.399989039999998,100.0,99.9785,99.9795
27.439989024000003,100.0,99.9785,99.9794
27.479989008,100.0,99.9784,99.9794
27.519988992,100.0,99.9785,99.9794
27.559988976,100.0,99.9784,99.9793
27.599988959999997,100.0,99.9785,99.9793
27.639988944,100.0,99.9785,99.9793
27.679988928,100.0,99.9785,99.9792
27.719988912,100.0,99.9785,99.9793
27.759988896,100.0,99.9785,99.9792
27.79998888,100.0,99.9785,99.9793
27.839988864,100.0,99.9786,99.9793
27.879988847999996,100.0,99.9786,99.9792
27.919988832,100.0,99.9786,99.9792
27.959988816,100.0,99.9786,99.9792
27.9999888,100.0,99.9786,99.9792
28.039988784,100.0,99.9786,99.9792
28.079988768,100.0,99.9786,99.9792
28.119988751999998,100.0,99.9786,99.9792
28.159988736000003,100.0,99.9786,99.9791
28.19998872,100.0,99.9786,99.9791
28.239988704,100.0,99.9785,99.9791
28.279988688,100.0,99.9785,99.9791
28.319988671999997,100.0,99.9785,99.9791
28.359988656,100.0,99.9785,99.979
28.39998864,100.0,99.9785,99.979
28.439988624,100.0,99.9785,99.979
28.479988608,100.0,99.9785,99.9789
28.519988592,100.0,99.9785,99.9789
28.559988576,100.0,99.9785,99.9789
28.59998856,100.0,99.9785,99.9788
28.639988543999998,100.0,99.9785,99.9788
28.679988528,100.0,99.9784,99.9788
28.719988512,100.0,99.9785,99.9788
28.759988496,100.0,99.9785,99.9787
28.79998848,100.0,99.9785,99.9787
28.839988463999997,100.0,99.9785,99.9788
28.879988448,100.0,99.9785,99.9788
28.919988432,100.0,99.9785,99.9788
28.959988416,100.0,99.9785,99.9788
28.9999884,100.0,99.9785,99.9788
29.039988384,100.0,99.9786,99.9787
29.079988368,100.0,99.9786,99.9787
29.119988351999996,100.0,99.9786,99.9787
29.159988336,100.0,99.9786,99.9787
29.19998832,100.0,99.9786,99.9786
29.239988304,100.0,99.9786,99.9787
29.279988288,100.0,99.9785,99.9786
29.319988272,100.0,99.9786,99.9786
29.359988255999998,100.0,99.9786,99.9786
29.399988240000003,100.0,99.9786,99.9786
29.439988224,100.0,99.9786,99.9786
29.479988208,100.0,99.9786,99.9786
29.519988192,100.0,99.9786,99.9786
29.559988175999997,100.0,99.9786,99.9786
29.59998816,100.0,99.9786,99.9786
29.639988144,100.0,99.9786,99.9786
29.679988128,100.0,99.9786,99.9786
29.719988112,100.0,99.9786,99.9786
29.759988096,100.0,99.9786,99.9786
29.79998808,100.0,99.9787,99.9786
29.839988064,100.0,99.9787,99.9786
29.879988047999998,100.0,99.9787,99.9786
29.919988032,100.0,99.9787,99.9786
29.959988016,100.0,99.9787,99.9786
29.999988,100.0,99.9787,99.9785
30.039987984,100.0,99.9788,99.9785
30.079987967999998,100.0,99.9789,99.9785
30.119987952,100.0,99.9789,99.9785
30.159987936,100.0,99.979,99.9785
30.19998792,100.0,99.979,99.9785
30.239987904,100.0,99.9791,99.9785
30.279987888,100.0,99.9791,99.9785
30.319987872,100.0,99.979,99.9785
30.359987855999996,100.0,99.9791,99.9786
30.39998784,100.0,99.9791,99.9785
30.439987824,100.0,99.9791,99.9785
30.479987808,100.0,99.9791,99.9785
30.519987792,100.0,99.9791,99.9784
30.559987776,100.0,99.9792,99.9785
30.599987759999998,100.0,99.9792,99.9785
30.639987744000003,100.0,99.9792,99.9785
30.679987728,100.0,99.9793,99.9785
30.719987712,100.0,99.9793,99.9784
30.759987696,100.0,99.9793,99.9785
30.799987679999997,100.0,99.9793,99.9784
30.839987664,100.0,99.9793,99.9785
30.879987648,100.0,99.9793,99.9785
30.919987632,100.0,99.9793,99.9785
30.959987616,100.0,99.9794,99.9785
30.9999876,100.0,99.9794,99.9785
31.039987584,100.0,99.9794,99.9785
31.079987568,100.0,99.9795,99.9785
31.119987551999998,100.0,99.9795,99.9785
31.159987536,100.0,99.9795,99.9786
31.19998752,100.0,99.9795,99.9786
31.239987504,100.0,99.9796,99.9786
31.279987487999996,100.0,99.9796,99.9786
31.319987472,100.0,99.9796,99.9786
31.359987456,100.0,99.9797,99.9786
31.39998744,100.0,99.9797,99.9786
31.439987423999998,100.0,99.9797,99.9786
31.479987408000003,100.0,99.9798,99.9786
31.519987392,100.0,99.9798,99.9786
31.559987376,100.0,99.9799,99.9787
31.599987359999997,100.0,99.9799,99.9787
31.639987343999998,100.0,99.9799,99.9787
31.679987328000003,100.0,99.9799,99.9788
31.719987312,100.0,99.98,99.9787
31.759987296,100.0,99.9801,99.9788
31.799987279999996,100.0,99.9801,99.9788
31.839987264,100.0,99.9801,99.9788
31.879987248000003,100.0,99.9802,99.9788
31.919987232,100.0,99.9802,99.9788
31.959987216,100.0,99.9803,99.9788
31.999987199999996,100.0,99.9803,99.9788
32.039987184000005,100.0,99.9803,99.9788
32.079987168,100.0,99.9803,99.9789
32.119987152,100.0,99.9804,99.9789
32.159987136,100.0,99.9804,99.9789
32.19998712,100.0,99.9805,99.979
32.239987104,100.0,99.9804,99.979
32.279987088,100.0,99.9805,99.979
32.319987071999996,100.0,99.9805,99.979
32.359987055999994,100.0,99.9805,99.979
32.39998704,100.0,99.9805,99.9791
32.439987024,100.0,99.9805,99.979
32.479987007999995,100.0,99.9805,99.9791
32.519986992,100.0,99.9805,99.979
32.559986976000005,100.0,99.9806,99.979
32.59998696,100.0,99.9806,99.9791
32.639986944,100.0,99.9806,99.9791
32.679986928,100.0,99.9807,99.9791
32.719986912,100.0,99.9807,99.9791
32.759986896,100.0,99.9807,99.9791
32.79998688,100.0,99.9808,99.9791
32.839986864,100.0,99.9809,99.9791
32.879986847999994,100.0,99.9809,99.9791
32.919986832,100.0,99.981,99.9791
32.959986816,100.0,99.981,99.9791
32.9999868,100.0,99.981,99.9792
33.039986784,100.0,99.981,99.9792
33.079986768000005,100.0,99.9811,99.9792
33.119986752,100.0,99.9811,99.9792
33.159986736,100.0,99.9811,99.9792
33.19998672,100.0,99.9812,99.9792
33.239986703999996,100.0,99.9812,99.9792
33.279986688,100.0,99.9812,99.9793
33.319986672,100.0,99.9812,99.9793
33.359986656,100.0,99.9812,99.9793
33.399986639999995,100.0,99.9812,99.9793
33.439986624,100.0,99.9812,99.9793
33.479986608000004,100.0,99.9813,99.9793
33.519986592,100.0,99.9814,99.9793
33.559986576,100.0,99.9814,99.9793
33.59998656,100.0,99.9814,99.9793
33.639986544,100.0,99.9815,99.9794
33.679986528,100.0,99.9815,99.9794
33.719986512,100.0,99.9815,99.9795
33.759986495999996,100.0,99.9815,99.9795
33.79998648,100.0,99.9816,99.9795
33.839986464,100.0,99.9816,99.9795
33.879986448,100.0,99.9817,99.9795
33.919986431999995,100.0,99.9817,99.9795
33.959986416,100.0,99.9818,99.9795
33.999986400000004,100.0,99.9818,99.9796
34.039986384,100.0,99.9818,99.9796
34.079986368,100.0,99.9818,99.9796
34.119986352,100.0,99.9819,99.9795
34.159986336,100.0,99.9819,99.9795
34.19998632,100.0,99.9819,99.9795
34.239986304,100.0,99.9819,99.9795
34.279986287999996,100.0,99.9819,99.9795
34.319986272,100.0,99.9819,99.9795
34.359986256,100.0,99.9819,99.9795
34.39998624,100.0,99.982,99.9795
34.439986223999995,100.0,99.982,99.9795
34.479986208,100.0,99.9821,99.9795
34.519986192000005,100.0,99.9821,99.9795
34.559986176,100.0,99.9822,99.9795
34.59998616,100.0,99.9822,99.9795
34.639986144,100.0,99.9823,99.9795
34.679986128,100.0,99.9823,99.9795
34.719986112,100.0,99.9823,99.9795
34.759986096,100.0,99.9823,99.9795
34.79998608,100.0,99.9823,99.9795
34.839986063999994,100.0,99.9824,99.9795
34.879986048,100.0,99.9824,99.9795
34.919986032,100.0,99.9824,99.9795
34.959986015999995,100.0,99.9825,99.9795
34.999986,100.0,99.9825,99.9795
35.039985984000005,100.0,99.9826,99.9795
35.079985968,100.0,99.9826,99.9795
35.119985952,100.0,99.9826,99.9795
35.159985936,100.0,99.9826,99.9796
35.19998592,100.0,99.9826,99.9796
35.239985904,100.0,99.9826,99.9796
35.279985888,100.0,99.9827,99.9796
35.319985872,100.0,99.9827,99.9795
35.359985855999994,100.0,99.9827,99.9796
35.39998584,100.0,99.9827,99.9796
35.439985824,100.0,99.9827,99.9796
35.479985808,100.0,99.9828,99.9796
35.519985792,100.0,99.9828,99.9796
35.559985776000005,100.0,99.9829,99.9796
35.59998576,100.0,99.9829,99.9796
35.639985744,100.0,99.983,99.9797
35.679985728,100.0,99.983,99.9798
35.719985711999996,100.0,99.983,99.9798
35.759985696,100.0,99.9831,99.9798
35.79998568,100.0,99.9831,99.9798
35.839985664,100.0,99.983,99.9798
35.879985647999995,100.0,99.9831,99.9799
35.919985632,100.0,99.9831,99.9798
35.959985616,100.0,99.9831,99.9798
35.9999856,100.0,99.9831,99.9799
36.039985584,100.0,99.9831,99.9799
36.079985568,100.0,99.9831,99.98
36.119985552,100.0,99.9831,99.98
36.159985536,100.0,99.9831,99.98
36.19998552,100.0,99.9832,99.98
36.239985503999996,100.0,99.9832,99.98
36.279985488,100.0,99.9832,99.98
36.319985472,100.0,99.9833,99.98
36.359985456,100.0,99.9833,99.9801
36.399985439999995,100.0,99.9833,99.9801
36.439985424,100.0,99.9834,99.9801
36.479985408000005,100.0,99.9834,99.9802
36.519985392,100.0,99.9834,99.9802
36.559985376,100.0,99.9835,99.9802
36.59998536,100.0,99.9835,99.9802
36.639985344,100.0,99.9835,99.9802
36.679985328,100.0,99.9835,99.9803
36.719985312,100.0,99.9835,99.9803
36.759985295999996,100.0,99.9835,99.9803
36.79998528,100.0,99.9835,99.9803
36.839985264,100.0,99.9835,99.9803
36.879985248,100.0,99.9836,99.9803
36.919985231999995,100.0,99.9836,99.9804
36.959985216,100.0,99.9835,99.9804
36.999985200000005,100.0,99.9836,99.9804
37.039985184,100.0,99.9836,99.9804
37.079985168,100.0,99.9836,99.9804
37.119985152,100.0,99.9836,99.9804
37.159985136,100.0,99.9836,99.9804
37.19998512,100.0,99.9836,99.9804
37.239985104,100.0,99.9836,99.9805
37.279985088,100.0,99.9836,99.9805
37.319985071999994,100.0,99.9837,99.9805
37.359985056,100.0,99.9836,99.9805
37.39998504,100.0,99.9837,99.9805
37.439985023999995,100.0,99.9837,99.9806
37.479985008,100.0,99.9837,99.9806
37.519984992000005,100.0,99.9838,99.9806
37.559984976,100.0,99.9838,99.9806
37.59998496,100.0,99.9838,99.9807
37.639984944,100.0,99.9839,99.9807
37.679984928,100.0,99.9838,99.9807
37.719984912,100.0,99.9838,99.9808
37.759984896,100.0,99.9838,99.9808
37.79998488,100.0,99.9838,99.9808
37.839984863999995,100.0,99.9837,99.9808
37.879984848,100.0,99.9838,99.9808
37.919984832,100.0,99.9838,99.9808
37.959984816,100.0,99.9838,99.9809
37.9999848,100.0,99.9839,99.9809
38.039984784000005,100.0,99.9839,99.9809
38.079984768,100.0,99.9838,99.9809
38.119984752,100.0,99.9839,99.9809
38.159984736,100.0,99.9839,99.9809
38.199984719999996,100.0,99.9839,99.9809
38.239984704,100.0,99.9839,99.9809
38.279984688,100.0,99.9838,99.9809
38.319984672,100.0,99.9838,99.9809
38.359984655999995,100.0,99.9839,99.9809
38.39998464,100.0,99.9839,99.9809
38.439984624000004,100.0,99.9839,99.9809
38.479984608,100.0,99.9839,99.981
38.519984592,100.0,99.9839,99.981
38.559984576,100.0,99.9839,99.981
38.59998456,100.0,99.9839,99.981
38.639984544,100.0,99.9839,99.981
38.679984528,100.0,99.9838,99.9809
38.719984511999996,100.0,99.9839,99.9809
38.759984496,100.0,99.9839,99.9809
38.79998448,100.0,99.9838,99.9808
38.839984464,100.0,99.9838,99.9808
38.879984447999995,100.0,99.9838,99.9808
38.91998443199999,100.0,99.9838,99.9808
38.959984416000005,100.0,99.9838,99.9808
38.9999844,100.0,99.9838,99.9807
39.039984384,100.0,99.9838,99.9807
39.079984368,100.0,99.9838,99.9807
39.119984352,100.0,99.9838,99.9807
39.159984336,100.0,99.9838,99.9807
39.19998432,100.0,99.9837,99.9807
39.239984304,100.0,99.9837,99.9807
39.279984288,100.0,99.9837,99.9807
39.319984272,100.0,99.9837,99.9807
39.359984256,100.0,99.9837,99.9807
39.399984239999995,100.0,99.9837,99.9806
39.439984224,100.0,99.9837,99.9807
39.479984208000005,100.0,99.9837,99.9807
39.519984192,100.0,99.9837,99.9807
39.559984176,100.0,99.9837,99.9807
39.59998416,100.0,99.9837,99.9806
39.639984144,100.0,99.9836,99.9806
39.679984128,100.0,99.9837,99.9806
39.719984112,100.0,99.9836,99.9805
39.759984096,100.0,99.9836,99.9805
39.799984079999994,100.0,99.9836,99.9804
39.839984064,100.0,99.9836,99.9804
39.879984048,100.0,99.9836,99.9805
39.919984031999995,100.0,99.9836,99.9805
39.959984016,100.0,99.9836,99.9805
39.999984000000005,100.0,99.9836,99.9804
40.039983984,100.0,99.9836,99.9804
40.079983968,100.0,99.9836,99.9804
40.119983952,100.0,99.9836,99.9803
40.159983935999996,100.0,99.9836,99.9803
40.19998392,100.0,99.9836,99.9803
40.239983904,100.0,99.9836,99.9803
40.279983888,100.0,99.9836,99.9803
40.319983871999995,100.0,99.9836,99.9802
40.359983856,100.0,99.9837,99.9803
40.39998384,100.0,99.9837,99.9803
40.439983824,100.0,99.9836,99.9803
40.479983808,100.0,99.9837,99.9803
40.519983792000005,100.0,99.9836,99.9802
40.559983776,100.0,99.9837,99.9803
40.59998376,100.0,99.9837,99.9803
40.639983744,100.0,99.9837,99.9803
40.679983727999996,100.0,99.9837,99.9803
40.719983712,100.0,99.9837,99.9802
40.759983696,100.0,99.9837,99.9802
40.79998368,100.0,99.9837,99.9802
40.839983663999995,100.0,99.9836,99.9801
40.879983648,100.0,99.9837,99.9802
40.919983632,100.0,99.9836,99.9802
40.959983616,100.0,99.9837,99.9802
40.9999836,100.0,99.9837,99.9802
41.039983584,100.0,99.9837,99.9801
41.079983568,100.0,99.9837,99.9801
41.119983552,100.0,99.9836,99.9801
41.159983536,100.0,99.9836,99.9801
41.199983519999996,100.0,99.9836,99.9801
41.239983504,100.0,99.9836,99.9801
41.279983488,100.0,99.9836,99.9801
41.319983472,100.0,99.9836,99.98
41.359983455999995,100.0,99.9836,99.98
41.39998343999999,100.0,99.9836,99.9801
41.439983424000005,100.0,99.9835,99.98
41.479983408,100.0,99.9835,99.9801
41.519983392,100.0,99.9835,99.9801
41.559983376,100.0,99.9835,99.9801
41.59998336,100.0,99.9835,99.9801
41.639983344,100.0,99.9835,99.9801
41.679983328,100.0,99.9835,99.9801
41.719983312,100.0,99.9835,99.98
41.759983296,100.0,99.9835,99.98
41.79998328,100.0,99.9835,99.9801
41.839983264,100.0,99.9835,99.98
41.879983247999995,100.0,99.9835,99.98
41.919983232,100.0,99.9836,99.9801
41.959983216000005,100.0,99.9835,99.9801
41.9999832,100.0,99.9836,99.9801
42.039983184,100.0,99.9836,99.9801
42.079983168,100.0,99.9836,99.9801
42.119983152,100.0,99.9837,99.9802
42.159983136,100.0,99.9837,99.9801
42.19998312,100.0,99.9837,99.9801
42.239983104,100.0,99.9837,99.9801
42.279983087999994,100.0,99.9837,99.9802
42.319983072,100.0,99.9838,99.9802
42.359983056,100.0,99.9838,99.9802
42.399983039999995,100.0,99.9839,99.9802
42.439983024,100.0,99.9839,99.9802
42.479983008000005,100.0,99.9839,99.9801
42.519982992,100.0,99.9839,99.9801
42.559982976,100.0,99.9839,99.9801
42.59998296,100.0,99.9839,99.9801
42.639982943999996,100.0,99.9839,99.9801
42.679982928,100.0,99.9839,99.9801
42.719982912,100.0,99.9839,99.9802
42.759982896,100.0,99.9839,99.9801
42.799982879999995,100.0,99.9839,99.9802
42.839982864,100.0,99.9839,99.9802
42.879982848,100.0,99.9839,99.9801
42.919982832,100.0,99.9839,99.9802
42.959982816,100.0,99.9839,99.9802
42.999982800000005,100.0,99.9839,99.9803
43.039982784,100.0,99.9839,99.9803
43.079982768,100.0,99.9838,99.9802
43.119982752,100.0,99.9839,99.9802
43.159982735999996,100.0,99.9838,99.9802
43.19998272,100.0,99.9838,99.9802
43.239982704,100.0,99.9837,99.9802
43.279982688,100.0,99.9837,99.9802
43.319982671999995,100.0,99.9837,99.9803
43.359982656,100.0,99.9837,99.9803
43.399982640000005,100.0,99.9837,99.9803
43.439982624,100.0,99.9837,99.9804
43.479982608,100.0,99.9836,99.9803
43.519982592,100.0,99.9836,99.9803
43.559982576,100.0,99.9835,99.9803
43.59998256,100.0,99.9834,99.9803
43.639982544,100.0,99.9834,99.9803
43.679982528,100.0,99.9834,99.9803
43.719982512,100.0,99.9834,99.9803
43.759982496,100.0,99.9833,99.9803
43.79998248,100.0,99.9833,99.9803
43.839982463999995,100.0,99.9832,99.9803
43.87998244799999,100.0,99.9832,99.9803
43.919982432000005,100.0,99.9831,99.9803
43.959982416,100.0,99.9831,99.9803
43.9999824,100.0,99.9831,99.9802
44.039982384,100.0,99.983,99.9802
44.079982368,100.0,99.983,99.9802
44.119982352,100.0,99.9829,99.9802
44.159982336,100.0,99.9829,99.9802
44.19998232,100.0,99.9828,99.9802
44.239982303999994,100.0,99.9828,99.9802
44.279982288,100.0,99.9828,99.9802
44.319982272,100.0,99.9828,99.9801
44.359982255999995,100.0,99.9827,99.9802
44.39998224,100.0,99.9827,99.9801
44.439982224000005,100.0,99.9827,99.9802
44.479982208,100.0,99.9826,99.9802
44.519982192,100.0,99.9825,99.9802
44.559982176,100.0,99.9824,99.9802
44.59998216,100.0,99.9823,99.9802
44.639982144,100.0,99.9824,99.9801
44.679982128,100.0,99.9823,99.9801
44.719982112,100.0,99.9823,99.98
44.759982095999995,100.0,99.9823,99.98
44.79998208,100.0,99.9823,99.98
44.839982064,100.0,99.9823,99.98
44.879982047999995,100.0,99.9822,99.9799
44.919982032,100.0,99.9821,99.9799
44.959982016000005,100.0,99.9821,99.9799
44.999982,100.0,99.982,99.9798
45.039981984,100.0,99.982,99.9798
45.079981968,100.0,99.9819,99.9798
45.119981951999996,100.0,99.9818,99.9798
45.159981936,100.0,99.9818,99.9798
45.19998192,100.0,99.9818,99.9798
45.239981904,100.0,99.9817,99.9797
45.279981887999995,100.0,99.9816,99.9797
45.319981872,100.0,99.9816,99.9796
45.359981856,100.0,99.9816,99.9797
45.39998184,100.0,99.9815,99.9796
45.439981824,100.0,99.9814,99.9796
45.479981808,100.0,99.9814,99.9796
45.519981792,100.0,99.9813,99.9795
45.559981776,100.0,99.9813,99.9795
45.59998176,100.0,99.9812,99.9795
45.639981743999996,100.0,99.9812,99.9795
45.679981728,100.0,99.9812,99.9795
45.719981712,100.0,99.9811,99.9794
45.759981696,100.0,99.981,99.9794
45.799981679999995,100.0,99.981,99.9794
45.839981664,100.0,99.981,99.9793
45.879981648,100.0,99.981,99.9793
45.919981632,100.0,99.9809,99.9793
45.959981616,100.0,99.9809,99.9793
45.9999816,100.0,99.9808,99.9792
46.039981584,100.0,99.9808,99.9792
46.079981568,100.0,99.9808,99.9792
46.119981552,100.0,99.9807,99.9791
46.159981536,100.0,99.9807,99.9791
46.19998152,100.0,99.9806,99.9791
46.239981504,100.0,99.9806,99.979
46.279981488,100.0,99.9805,99.9791
46.319981471999995,100.0,99.9805,99.979
46.35998145599999,100.0,99.9805,99.979
46.399981440000005,100.0,99.9805,99.9789
46.439981424,100.0,99.9804,99.9789
46.479981408,100.0,99.9805,99.9789
46.519981392,100.0,99.9804,99.9789
46.559981376,100.0,99.9804,99.9788
46.59998136,100.0,99.9804,99.9788
46.639981344,100.0,99.9803,99.9787
46.679981328,100.0,99.9803,99.9787
46.719981311999994,100.0,99.9803,99.9787
46.759981296,100.0,99.9803,99.9787
46.79998128,100.0,99.9803,99.9787
46.839981263999995,100.0,99.9802,99.9786
46.879981248,100.0,99.9802,99.9786
46.919981232000005,100.0,99.9802,99.9786
46.959981216,100.0,99.9801,99.9785
46.9999812,100.0,99.9802,99.9786
47.039981184,100.0,99.9801,99.9785
47.079981168,100.0,99.9801,99.9785
47.119981152,100.0,99.9802,99.9786
47.159981136,100.0,99.9801,99.9785
47.19998112,100.0,99.9802,99.9786
47.239981103999995,100.0,99.9802,99.9785
47.279981088,100.0,99.9802,99.9785
47.319981072,100.0,99.9802,99.9786
47.359981055999995,100.0,99.9802,99.9786
47.39998104,100.0,99.9803,99.9786
47.439981024000005,100.0,99.9802,99.9785
47.479981008,100.0,99.9802,99.9785
47.519980992,100.0,99.9802,99.9786
47.559980976,100.0,99.9801,99.9785
47.599980959999996,100.0,99.9802,99.9785
47.639980944,100.0,99.9802,99.9785
47.679980928,100.0,99.9802,99.9784
47.719980912,100.0,99.9802,99.9784
47.759980895999995,100.0,99.9802,99.9784
47.79998088,100.0,99.9802,99.9784
47.839980864,100.0,99.9802,99.9784
47.879980848,100.0,99.9802,99.9784
47.919980832,100.0,99.9802,99.9784
47.959980816,100.0,99.9802,99.9784
47.9999808,100.0,99.9802,99.9783
48.039980784,100.0,99.9802,99.9783
48.079980768,100.0,99.9802,99.9783
48.119980752,100.0,99.9802,99.9783
48.159980736,100.0,99.9802,99.9783
48.19998072,100.0,99.9802,99.9783
48.239980704,100.0,99.9802,99.9783
48.279980687999995,100.0,99.9802,99.9782
48.319980672,100.0,99.9802,99.9782
48.359980656000005,100.0,99.9801,99.9782
48.39998064,100.0,99.9801,99.9782
48.439980624,100.0,99.9801,99.9782
48.479980608,100.0,99.9801,99.9782
48.519980592,100.0,99.9801,99.9782
48.559980576,100.0,99.9801,99.9782
48.59998056,100.0,99.9801,99.9782
48.639980544,100.0,99.9802,99.9782
48.679980528,100.0,99.9801,99.9782
48.719980512,100.0,99.9801,99.9782
48.759980496,100.0,99.9801,99.9782
48.799980479999995,100.0,99.98,99.9782
48.83998046399999,100.0,99.98,99.9782
48.879980448000005,100.0,99.98,99.9782
48.919980432,100.0,99.9801,99.9782
48.959980416,100.0,99.9801,99.9782
48.9999804,100.0,99.9801,99.9782
49.039980384,100.0,99.9801,99.9783
49.079980368,100.0,99.9801,99.9782
49.119980352,100.0,99.9801,99.9782
49.159980336,100.0,99.9801,99.9782
49.199980319999995,100.0,99.9801,99.9782
49.239980304,100.0,99.9801,99.9782
49.279980288,100.0,99.9801,99.9782
49.319980271999995,100.0,99.9801,99.9782
49.359980256,100.0,99.9801,99.9782
49.399980240000005,100.0,99.9801,99.9782
49.439980224,100.0,99.9802,99.9782
49.479980208,100.0,99.9802,99.9782
49.519980192,100.0,99.9802,99.9782
49.559980176,100.0,99.9802,99.9782
49.59998016,100.0,99.9801,99.9782
49.639980144,100.0,99.9802,99.9782
49.679980128,100.0,99.9802,99.9782
49.719980111999995,100.0,99.9802,99.9782
49.759980096,100.0,99.9802,99.9782
49.79998008,100.0,99.9802,99.9781
49.839980063999995,100.0,99.9802,99.9782
49.879980048,100.0,99.9802,99.9782
49.919980032000005,100.0,99.9803,99.9782
49.959980016,100.0,99.9803,99.9782
49.99998,100.0,99.9803,99.9782
50.039979984,100.0,99.9804,99.9782
50.079979967999996,100.0,99.9805,99.9782
50.119979952,100.0,99.9805,99.9782
50.159979936,100.0,99.9805,99.9782
50.19997992,100.0,99.9805,99.9782
50.239979903999995,100.0,99.9805,99.9782
50.279979888,100.0,99.9805,99.9782
50.319979872,100.0,99.9805,99.9781
50.359979856,100.0,99.9805,99.9782
50.39997984,100.0,99.9805,99.9782
50.439979824,100.0,99.9805,99.9782
50.479979808,100.0,99.9805,99.9782
50.519979792,100.0,99.9805,99.9782
50.559979776,100.0,99.9805,99.9782
50.59997976,100.0,99.9805,99.9782
50.639979744,100.0,99.9806,99.9782
50.679979728,100.0,99.9806,99.9782
50.719979712,100.0,99.9806,99.9782
50.759979695999995,100.0,99.9806,99.9782
50.79997967999999,100.0,99.9806,99.9782
50.839979664,100.0,99.9807,99.9782
50.879979648,100.0,99.9807,99.9782
50.919979632,100.0,99.9807,99.9782
50.959979616,100.0,99.9808,99.9783
50.9999796,100.0,99.9808,99.9783
51.039979584,100.0,99.9809,99.9783
51.079979568,100.0,99.9809,99.9783
51.119979552,100.0,99.981,99.9783
51.159979536,100.0,99.981,99.9783
51.19997952,100.0,99.981,99.9784
51.239979504,100.0,99.981,99.9784
51.279979487999995,100.0,99.9811,99.9784
51.31997947199999,100.0,99.9812,99.9784
51.359979456000005,100.0,99.9812,99.9784
51.39997944,100.0,99.9813,99.9784
51.439979424,100.0,99.9813,99.9784
51.479979408,100.0,99.9813,99.9784
51.519979392,100.0,99.9814,99.9784
51.559979376,100.0,99.9814,99.9785
51.59997936,100.0,99.9815,99.9785
51.639979344,100.0,99.9814,99.9784
51.679979327999995,100.0,99.9815,99.9785
51.719979312,100.0,99.9815,99.9785
51.759979296,100.0,99.9815,99.9785
51.799979279999995,100.0,99.9816,99.9786
51.839979264,100.0,99.9816,99.9785
51.879979248000005,100.0,99.9816,99.9786
51.919979232,100.0,99.9816,99.9786
51.959979216,100.0,99.9817,99.9786
51.9999792,100.0,99.9817,99.9786
52.039979183999996,100.0,99.9818,99.9786
52.079979168,100.0,99.9818,99.9786
52.119979152,100.0,99.9818,99.9787
52.159979136,100.0,99.9819,99.9787
52.199979119999995,100.0,99.9819,99.9787
52.239979104,100.0,99.9819,99.9787
52.279979088,100.0,99.9819,99.9788
52.319979071999995,100.0,99.982,99.9788
52.359979056,100.0,99.982,99.9788
52.399979040000005,100.0,99.9821,99.9788
52.439979024,100.0,99.9821,99.9788
52.479979008,100.0,99.9822,99.9789
52.519978992,100.0,99.9822,99.9789
52.559978976,100.0,99.9822,99.9789
52.59997896,100.0,99.9823,99.9789
52.639978944,100.0,99.9823,99.9789
52.679978928,100.0,99.9823,99.979
52.719978911999995,100.0,99.9824,99.979
52.759978896,100.0,99.9824,99.979
52.79997888,100.0,99.9825,99.9791
52.839978864,100.0,99.9825,99.9791
52.879978848,100.0,99.9825,99.9791
52.919978832,100.0,99.9826,99.9791
52.959978816,100.0,99.9826,99.9791
52.9999788,100.0,99.9827,99.9791
53.039978784,100.0,99.9827,99.9791
53.079978768,100.0,99.9828,99.9792
53.119978752,100.0,99.9829,99.9792
53.159978736,100.0,99.9829,99.9792
53.19997872,100.0,99.983,99.9793
53.239978703999995,100.0,99.983,99.9793
53.27997868799999,100.0,99.9831,99.9793
53.319978672000005,100.0,99.9831,99.9794
53.359978656,100.0,99.9832,99.9794
53.39997864,100.0,99.9833,99.9794
53.439978624,100.0,99.9833,99.9794
53.479978608,100.0,99.9833,99.9794
53.519978592,100.0,99.9833,99.9795
53.559978576,100.0,99.9833,99.9795
53.59997856,100.0,99.9834,99.9794
53.639978544,100.0,99.9835,99.9795
53.679978528,100.0,99.9835,99.9795
53.719978512,100.0,99.9836,99.9795
53.759978495999995,100.0,99.9835,99.9795
53.79997847999999,100.0,99.9836,99.9795
53.839978464000005,100.0,99.9837,99.9796
53.879978448,100.0,99.9837,99.9795
53.919978432,100.0,99.9837,99.9796
53.959978416,100.0,99.9837,99.9796
53.9999784,100.0,99.9838,99.9796
54.039978384,100.0,99.9838,99.9797
54.079978368,100.0,99.9838,99.9796
54.119978352,100.0,99.9838,99.9796
54.159978335999995,100.0,99.9838,99.9796
54.19997832,100.0,99.9839,99.9795
54.239978304,100.0,99.9839,99.9796
54.279978287999995,100.0,99.9839,99.9796
54.319978272,100.0,99.9839,99.9796
54.359978256000005,100.0,99.984,99.9796
54.39997824,100.0,99.9839,99.9796
54.439978224,100.0,99.984,99.9796
54.479978208,100.0,99.9839,99.9796
54.519978191999996,100.0,99.984,99.9797
54.559978176,100.0,99.984,99.9797
54.59997816,100.0,99.984,99.9798
54.639978144,100.0,99.984,99.9798
54.679978127999995,100.0,99.984,99.9798
54.719978112,100.0,99.9841,99.9798
54.759978096,100.0,99.9842,99.9798
54.799978079999995,100.0,99.9841,99.9798
54.839978064,100.0,99.9842,99.9799
54.879978048000005,100.0,99.9842,99.9799
54.919978032,100.0,99.9842,99.9799
54.959978016,100.0,99.9842,99.9799
54.999978,100.0,99.9842,99.98
55.039977984,100.0,99.9842,99.98
55.079977968,100.0,99.9843,99.98
55.119977952,100.0,99.9843,99.98
55.159977936,100.0,99.9843,99.98
55.199977919999995,100.0,99.9843,99.98
55.239977904,100.0,99.9844,99.98
55.279977888,100.0,99.9843,99.98
55.319977872,100.0,99.9844,99.98
55.359977856,100.0,99.9844,99.98
55.39997784,100.0,99.9844,99.98
55.439977824,100.0,99.9845,99.98
55.479977808,100.0,99.9845,99.98
55.519977792,100.0,99.9844,99.98
55.559977776,100.0,99.9844,99.98
55.59997776,100.0,99.9844,99.9799
55.639977744,100.0,99.9845,99.98
55.679977728,100.0,99.9844,99.9799
55.719977711999995,100.0,99.9844,99.98
55.75997769599999,100.0,99.9844,99.98
55.79997768,100.0,99.9844,99.98
55.839977664,100.0,99.9844,99.98
55.879977648,100.0,99.9844,99.98
55.919977632,100.0,99.9844,99.98
55.959977616,100.0,99.9844,99.98
55.9999776,100.0,99.9844,99.98
56.039977584,100.0,99.9844,99.98
56.079977568,100.0,99.9845,99.9801
56.119977551999995,100.0,99.9844,99.9801
56.159977536,100.0,99.9845,99.9801
56.19997752,100.0,99.9844,99.9801
56.239977503999995,100.0,99.9844,99.9802
56.27997748799999,100.0,99.9843,99.9802
56.319977472000005,100.0,99.9842,99.9801
56.359977456,100.0,99.9842,99.9802
56.39997744,100.0,99.9841,99.9801
56.439977424,100.0,99.9841,99.9801
56.479977408,100.0,99.984,99.9802
56.519977392,100.0,99.9839,99.9801
56.559977376,100.0,99.9839,99.9801
56.59997736,100.0,99.9839,99.9801
56.639977343999995,100.0,99.9838,99.9801
56.679977328,100.0,99.9838,99.9802
56.719977312,100.0,99.9838,99.9802
56.759977295999995,100.0,99.9838,99.9802
56.79997728,100.0,99.9837,99.9802
56.839977264000005,100.0,99.9836,99.9802
56.879977248,100.0,99.9836,99.9802
56.919977232,100.0,99.9835,99.9802
56.959977216,100.0,99.9835,99.9802
56.9999772,100.0,99.9835,99.9802
57.039977184,100.0,99.9834,99.9802
57.079977168,100.0,99.9834,99.9802
57.119977152,100.0,99.9833,99.9802
57.159977135999995,100.0,99.9833,99.9803
57.19997712,100.0,99.9832,99.9803
57.239977104,100.0,99.9831,99.9802
57.279977087999995,100.0,99.9831,99.9803
57.319977072,100.0,99.983,99.9803
57.359977056,100.0,99.983,99.9803
57.39997704,100.0,99.9829,99.9804
57.439977024,100.0,99.9829,99.9804
57.479977008,100.0,99.9828,99.9804
57.519976992,100.0,99.9827,99.9804
57.559976976,100.0,99.9827,99.9804
57.59997696,100.0,99.9827,99.9804
57.639976944,100.0,99.9827,99.9804
57.679976927999995,100.0,99.9827,99.9805
57.719976912,100.0,99.9826,99.9804
57.759976896,100.0,99.9826,99.9804
57.79997688,100.0,99.9826,99.9804
57.839976864,100.0,99.9826,99.9804
57.879976848,100.0,99.9826,99.9804
57.919976832,100.0,99.9825,99.9804
57.959976816,100.0,99.9825,99.9805
57.9999768,100.0,99.9824,99.9804
58.039976784,100.0,99.9824,99.9804
58.079976768,100.0,99.9824,99.9805
58.119976752,100.0,99.9824,99.9804
58.159976736,100.0,99.9823,99.9804
58.199976719999995,100.0,99.9823,99.9804
58.23997670399999,100.0,99.9822,99.9804
58.279976688000005,100.0,99.9822,99.9804
58.319976672,100.0,99.9821,99.9804
58.359976656,100.0,99.9821,99.9803
58.39997664,100.0,99.9821,99.9804
58.439976624,100.0,99.982,99.9804
58.479976608,100.0,99.982,99.9804
58.519976592,100.0,99.9819,99.9804
58.559976576,100.0,99.9819,99.9805
58.599976559999995,100.0,99.9819,99.9805
58.639976544,100.0,99.9818,99.9805
58.679976528,100.0,99.9818,99.9805
58.719976511999995,100.0,99.9818,99.9805
58.75997649599999,100.0,99.9818,99.9805
58.799976480000005,100.0,99.9817,99.9805
58.839976464,100.0,99.9816,99.9805
58.879976448,100.0,99.9816,99.9806
58.919976432,100.0,99.9816,99.9806
58.959976416,100.0,99.9816,99.9806
58.9999764,100.0,99.9816,99.9806
59.039976384,100.0,99.9815,99.9806
59.079976368,100.0,99.9815,99.9806
59.119976351999995,100.0,99.9815,99.9806
59.159976336,100.0,99.9814,99.9806
59.19997632,100.0,99.9814,99.9807
59.239976303999995,100.0,99.9813,99.9806
59.279976288,100.0,99.9813,99.9806
59.319976272000005,100.0,99.9813,99.9806
59.359976256,100.0,99.9812,99.9806
59.39997624,100.0,99.9812,99.9806
59.439976224,100.0,99.9811,99.9806
59.479976208,100.0,99.9811,99.9805
59.519976192,100.0,99.981,99.9806
59.559976176,100.0,99.9809,99.9805
59.59997616,100.0,99.981,99.9805
59.639976143999995,100.0,99.9809,99.9805
59.679976128,100.0,99.9809,99.9805
59.719976112,100.0,99.9809,99.9805
59.759976095999995,100.0,99.9809,99.9805
59.79997608,100.0,99.9809,99.9805
59.839976064,100.0,99.9809,99.9805
59.879976048,100.0,99.9809,99.9804
59.919976032,100.0,99.9809,99.9804
59.959976016,100.0,99.9809,99.9804
59.999976,100.0,99.9809,99.9803
60.039975984,100.0,99.9809,99.9803
60.079975968,100.0,99.9809,99.9803
60.119975952,100.0,99.9809,99.9803
60.159975935999995,100.0,99.9809,99.9803
60.19997592,100.0,99.9809,99.9803
60.239975904,100.0,99.9809,99.9803
60.279975888,100.0,99.9808,99.9803
60.319975872,100.0,99.9809,99.9803
60.359975856,100.0,99.9809,99.9802
60.39997584,100.0,99.9809,99.9802
60.439975824,100.0,99.9809,99.9802
60.479975808,100.0,99.9809,99.9802
60.519975792,100.0,99.9809,99.9802
60.559975776,100.0,99.9809,99.9802
60.59997576,100.0,99.9809,99.9802
60.639975744,100.0,99.9809,99.9802
60.679975727999995,100.0,99.9808,99.9802
60.71997571199999,100.0,99.9808,99.9802
60.759975696,100.0,99.9808,99.9801
60.79997568,100.0,99.9809,99.9801
60.839975664,100.0,99.9809,99.9801
60.879975648,100.0,99.9809,99.9801
60.919975632,100.0,99.9809,99.9801
60.959975616,100.0,99.9808,99.9801
60.9999756,100.0,99.9809,99.9801
61.039975584,100.0,99.9808,99.9801
61.079975567999995,100.0,99.9808,99.9801
61.119975552,100.0,99.9808,99.98
61.159975536,100.0,99.9808,99.98
61.199975519999995,100.0,99.9808,99.98
61.23997550399999,100.0,99.9808,99.98
61.279975488000005,100.0,99.9808,99.9799
61.319975472,100.0,99.9808,99.98
61.359975456,100.0,99.9808,99.98
61.39997544,100.0,99.9808,99.98
61.439975424,100.0,99.9808,99.98
61.479975408,100.0,99.9808,99.98
61.519975392,100.0,99.9808,99.98
61.559975376,100.0,99.9808,99.98
61.599975359999995,100.0,99.9808,99.9799
61.639975344,100.0,99.9808,99.98
61.679975328,100.0,99.9808,99.9799
61.719975311999995,100.0,99.9808,99.9799
61.759975296,100.0,99.9808,99.9799
61.799975280000005,100.0,99.9808,99.9798
61.839975264,100.0,99.9808,99.9798
61.879975248,100.0,99.9808,99.9798
61.919975232,100.0,99.9808,99.9798
61.959975216,100.0,99.9808,99.9798
61.9999752,100.0,99.9808,99.9797
62.039975184,100.0,99.9809,99.9798
62.079975168,100.0,99.9808,99.9797
62.119975151999995,100.0,99.9808,99.9797
62.159975136,100.0,99.9809,99.9797
62.19997512,100.0,99.9809,99.9797
62.239975103999996,100.0,99.9809,99.9797
62.279975088,100.0,99.9809,99.9797
62.319975072,100.0,99.9809,99.9796
62.359975056,100.0,99.9809,99.9797
62.39997504,100.0,99.9809,99.9796
62.439975024,100.0,99.981,99.9796
62.479975008,100.0,99.981,99.9797
62.519974992,100.0,99.981,99.9796
62.55997497599999,100.0,99.9811,99.9797
62.59997496,100.0,99.9811,99.9797
62.639974944,100.0,99.9811,99.9797
62.67997492799999,100.0,99.9811,99.9797
62.719974912,100.0,99.9812,99.9797
62.759974895999996,100.0,99.9812,99.9797
62.79997488,100.0,99.9812,99.9797
62.839974864000006,100.0,99.9813,99.9797
62.879974847999996,100.0,99.9813,99.9797
62.919974832,100.0,99.9812,99.9797
62.959974816000006,100.0,99.9812,99.9797
62.9999748,100.0,99.9812,99.9797
63.039974784,100.0,99.9812,99.9797
63.07997476799999,100.0,99.9812,99.9797
63.119974752,100.0,99.9812,99.9797
63.159974736,100.0,99.9813,99.9798
63.19997471999999,100.0,99.9812,99.9798
63.239974704000005,100.0,99.9812,99.9798
63.279974687999996,100.0,99.9812,99.9799
63.319974672,100.0,99.9812,99.9798
63.359974656000006,100.0,99.9812,99.9798
63.399974639999996,100.0,99.9812,99.9798
63.439974624,100.0,99.9812,99.9798
63.479974608000006,100.0,99.9812,99.9799
63.519974592,100.0,99.9812,99.9798
63.559974576,100.0,99.9812,99.9799
63.59997455999999,100.0,99.9811,99.9799
63.639974544,100.0,99.9811,99.9799
63.679974528,100.0,99.9812,99.9799
63.71997451199999,100.0,99.9812,99.9799
63.759974496000005,100.0,99.9812,99.9799
63.799974479999996,100.0,99.9812,99.9799
63.839974464,100.0,99.9813,99.9799
63.879974448000006,100.0,99.9813,99.9799
63.919974432,100.0,99.9813,99.9799
63.959974416,100.0,99.9812,99.9799
63.99997439999999,100.0,99.9812,99.9799
64.039974384,100.0,99.9811,99.9798
64.07997436800001,100.0,99.9812,99.9799
64.119974352,100.0,99.9812,99.9798
64.159974336,100.0,99.9812,99.9799
64.19997432000001,100.0,99.9812,99.9799
64.239974304,100.0,99.9811,99.9799
64.279974288,100.0,99.9811,99.9799
64.319974272,100.0,99.9811,99.9799
64.359974256,100.0,99.9811,99.9799
64.39997424,100.0,99.9811,99.9799
64.439974224,100.0,99.9811,99.9799
64.479974208,100.0,99.9811,99.9799
64.51997419199999,100.0,99.981,99.9799
64.559974176,100.0,99.981,99.9799
64.59997416,100.0,99.981,99.9798
64.63997414399999,100.0,99.981,99.9798
64.679974128,100.0,99.981,99.9798
64.71997411199999,100.0,99.9809,99.9798
64.759974096,100.0,99.9809,99.9798
64.79997408,100.0,99.9809,99.9798
64.83997406399999,100.0,99.9808,99.9798
64.879974048,100.0,99.9808,99.9798
64.919974032,100.0,99.9807,99.9797
64.95997401599999,100.0,99.9807,99.9797
64.99997400000001,100.0,99.9807,99.9797
65.039973984,100.0,99.9807,99.9797
65.079973968,100.0,99.9807,99.9797
65.11997395200001,100.0,99.9806,99.9797
65.159973936,100.0,99.9805,99.9796
65.19997392,100.0,99.9805,99.9796
65.239973904,100.0,99.9804,99.9796
65.279973888,100.0,99.9804,99.9796
65.319973872,100.0,99.9804,99.9796
65.359973856,100.0,99.9804,99.9795
65.39997384,100.0,99.9803,99.9795
65.439973824,100.0,99.9802,99.9795
65.479973808,100.0,99.9803,99.9795
65.519973792,100.0,99.9802,99.9794
65.55997377599999,100.0,99.9801,99.9794
65.59997376,100.0,99.9801,99.9794
65.639973744,100.0,99.98,99.9793
65.679973728,100.0,99.98,99.9793
65.719973712,100.0,99.98,99.9793
65.75997369599999,100.0,99.9799,99.9792
65.79997368,100.0,99.9799,99.9792
65.839973664,100.0,99.9798,99.9791
65.87997364799999,100.0,99.9798,99.9791
65.919973632,100.0,99.9798,99.979
65.959973616,100.0,99.9798,99.979
65.9999736,100.0,99.9798,99.9791
66.03997358400001,100.0,99.9797,99.979
66.079973568,100.0,99.9797,99.979
66.119973552,100.0,99.9798,99.979
66.15997353600001,100.0,99.9798,99.9789
66.19997352,100.0,99.9798,99.9789
66.239973504,100.0,99.9798,99.9789
66.279973488,100.0,99.9797,99.9789
66.319973472,100.0,99.9797,99.9788
66.359973456,100.0,99.9797,99.9788
66.39997344,100.0,99.9798,99.9787
66.439973424,100.0,99.9797,99.9787
66.47997340799999,100.0,99.9797,99.9787
66.519973392,100.0,99.9797,99.9787
66.559973376,100.0,99.9797,99.9786
66.59997335999999,100.0,99.9797,99.9786
66.639973344,100.0,99.9797,99.9786
66.679973328,100.0,99.9797,99.9785
66.719973312,100.0,99.9797,99.9785
66.759973296,100.0,99.9797,99.9785
66.79997327999999,100.0,99.9797,99.9785
66.839973264,100.0,99.9797,99.9785
66.879973248,100.0,99.9796,99.9784
66.91997323199999,100.0,99.9796,99.9784
66.95997321600001,100.0,99.9796,99.9784
66.9999732,100.0,99.9796,99.9784
67.039973184,100.0,99.9795,99.9784
67.07997316800001,100.0,99.9795,99.9784
67.119973152,100.0,99.9796,99.9784
67.159973136,100.0,99.9795,99.9784
67.19997312,100.0,99.9795,99.9784
67.239973104,100.0,99.9795,99.9784
67.279973088,100.0,99.9794,99.9784
67.319973072,100.0,99.9794,99.9784
67.359973056,100.0,99.9793,99.9783
67.39997304,100.0,99.9794,99.9783
67.439973024,100.0,99.9794,99.9783
67.479973008,100.0,99.9793,99.9782
67.51997299199999,100.0,99.9793,99.9782
67.559972976,100.0,99.9793,99.9781
67.59997296,100.0,99.9793,99.9781
67.639972944,100.0,99.9793,99.9782
67.679972928,100.0,99.9793,99.9781
67.71997291199999,100.0,99.9794,99.9781
67.759972896,100.0,99.9793,99.9781
67.79997288,100.0,99.9793,99.9781
67.83997286399999,100.0,99.9794,99.9782
67.879972848,100.0,99.9794,99.9781
67.919972832,100.0,99.9795,99.9781
67.959972816,100.0,99.9795,99.9781
67.99997280000001,100.0,99.9795,99.9781
68.039972784,100.0,99.9796,99.9782
68.079972768,100.0,99.9796,99.9781
68.11997275200001,100.0,99.9797,99.9782
68.159972736,100.0,99.9797,99.9782
68.19997272,100.0,99.9797,99.9782
68.239972704,100.0,99.9797,99.9782
68.279972688,100.0,99.9797,99.9781
68.319972672,100.0,99.9798,99.9781
68.359972656,100.0,99.9798,99.9781
68.39997264,100.0,99.9799,99.9781
68.43997262399999,100.0,99.9799,99.9781
68.479972608,100.0,99.9799,99.9781
68.519972592,100.0,99.9799,99.9781
68.55997257599999,100.0,99.9798,99.9782
68.59997256,100.0,99.9798,99.9782
68.639972544,100.0,99.9799,99.9782
68.679972528,100.0,99.9798,99.9781
68.719972512,100.0,99.9798,99.9782
68.75997249599999,100.0,99.9798,99.9782
68.79997248,100.0,99.9798,99.9782
68.839972464,100.0,99.9798,99.9783
68.87997244799999,100.0,99.9798,99.9783
68.919972432,100.0,99.9798,99.9782
68.959972416,100.0,99.9798,99.9783
68.9999724,100.0,99.9798,99.9782
69.03997238400001,100.0,99.9799,99.9783
69.079972368,100.0,99.9799,99.9783
69.119972352,100.0,99.9799,99.9783
69.15997233600001,100.0,99.9799,99.9783
69.19997232,100.0,99.9799,99.9783
69.239972304,100.0,99.9799,99.9783
69.279972288,100.0,99.9799,99.9783
69.319972272,100.0,99.9798,99.9783
69.359972256,100.0,99.9798,99.9783
69.39997224,100.0,99.9798,99.9783
69.439972224,100.0,99.9798,99.9784
69.47997220799999,100.0,99.9798,99.9784
69.519972192,100.0,99.9798,99.9784
69.559972176,100.0,99.9798,99.9784
69.59997216,100.0,99.9797,99.9784
69.639972144,100.0,99.9798,99.9784
69.67997212799999,100.0,99.9798,99.9784
69.719972112,100.0,99.9798,99.9784
69.759972096,100.0,99.9798,99.9783
69.79997207999999,100.0,99.9798,99.9783
69.839972064,100.0,99.9798,99.9783
69.879972048,100.0,99.9798,99.9783
69.91997203199999,100.0,99.9798,99.9783
69.95997201600001,100.0,99.9798,99.9783
69.999972,100.0,99.9798,99.9783
70.039971984,100.0,99.9799,99.9783
70.07997196800001,100.0,99.9799,99.9783
70.119971952,100.0,99.9799,99.9782
70.159971936,100.0,99.9799,99.9782
70.19997192,100.0,99.9799,99.9782
70.239971904,100.0,99.98,99.9782
70.279971888,100.0,99.98,99.9782
70.319971872,100.0,99.9799,99.9782
70.359971856,100.0,99.9799,99.9782
70.39997184,100.0,99.98,99.9781
70.439971824,100.0,99.98,99.9781
70.479971808,100.0,99.9801,99.9781
70.51997179199999,100.0,99.98,99.9781
70.559971776,100.0,99.9801,99.9781
70.59997176,100.0,99.98,99.9782
70.639971744,100.0,99.98,99.9781
70.679971728,100.0,99.98,99.9782
70.71997171199999,100.0,99.98,99.9782
70.759971696,100.0,99.98,99.9782
70.79997168,100.0,99.98,99.9781
70.83997166399999,100.0,99.9799,99.9781
70.879971648,100.0,99.9799,99.9781
70.919971632,100.0,99.9799,99.9781
70.959971616,100.0,99.9799,99.978
70.99997160000001,100.0,99.9799,99.9781
71.039971584,100.0,99.9799,99.978
71.079971568,100.0,99.9799,99.9781
71.11997155200001,100.0,99.9798,99.9781
71.159971536,100.0,99.9798,99.9781
71.19997152,100.0,99.9799,99.9781
71.239971504,100.0,99.9799,99.978
71.279971488,100.0,99.9798,99.978
71.319971472,100.0,99.9798,99.978
71.359971456,100.0,99.9798,99.978
71.39997144,100.0,99.9798,99.978
71.43997142399999,100.0,99.9798,99.978
71.479971408,100.0,99.9798,99.978
71.519971392,100.0,99.9798,99.9781
71.559971376,100.0,99.9798,99.9781
71.59997136,100.0,99.9798,99.9781
71.639971344,100.0,99.9798,99.9781
71.679971328,100.0,99.9799,99.9781
71.719971312,100.0,99.9799,99.9781
71.75997129599999,100.0,99.9799,99.9781
71.79997128,100.0,99.9799,99.9781
71.839971264,100.0,99.98,99.9781
71.87997124799999,100.0,99.98,99.9781
71.919971232,100.0,99.98,99.9781
71.959971216,100.0,99.98,99.9781
71.9999712,100.0,99.9801,99.9781
72.03997118400001,100.0,99.9801,99.9781
72.079971168,100.0,99.9801,99.9781
72.119971152,100.0,99.9801,99.9781
72.159971136,100.0,99.9801,99.9781
72.19997112,100.0,99.9801,99.9782
72.239971104,100.0,99.9801,99.9782
72.279971088,100.0,99.9801,99.9782
72.319971072,100.0,99.9801,99.9782
72.359971056,100.0,99.9801,99.9781
72.39997104,100.0,99.9802,99.9781
72.439971024,100.0,99.9802,99.9781
72.47997100799999,100.0,99.9802,99.9781
72.519970992,100.0,99.9802,99.9782
72.559970976,100.0,99.9802,99.9781
72.59997096,100.0,99.9802,99.9781
72.639970944,100.0,99.9803,99.9782
72.67997092799999,100.0,99.9802,99.9781
72.719970912,100.0,99.9803,99.9782
72.759970896,100.0,99.9803,99.9781
72.79997087999999,100.0,99.9804,99.9781
72.839970864,100.0,99.9804,99.9782
72.879970848,100.0,99.9804,99.9782
72.919970832,100.0,99.9805,99.9782
72.95997081600001,100.0,99.9804,99.9782
72.9999708,100.0,99.9805,99.9783
73.039970784,100.0,99.9805,99.9783
73.07997076800001,100.0,99.9805,99.9783
73.119970752,100.0,99.9806,99.9783
73.159970736,100.0,99.9805,99.9783
73.19997072,100.0,99.9805,99.9783
73.239970704,100.0,99.9806,99.9783
73.279970688,100.0,99.9805,99.9783
73.319970672,100.0,99.9806,99.9784
73.359970656,100.0,99.9805,99.9784
73.39997063999999,100.0,99.9806,99.9784
73.439970624,100.0,99.9806,99.9784
73.479970608,100.0,99.9806,99.9784
73.51997059199999,100.0,99.9806,99.9784
73.559970576,100.0,99.9807,99.9784
73.59997056,100.0,99.9807,99.9784
73.639970544,100.0,99.9807,99.9784
73.679970528,100.0,99.9807,99.9784
73.71997051199999,100.0,99.9807,99.9785
73.759970496,100.0,99.9807,99.9785
73.79997048,100.0,99.9808,99.9785
73.83997046399999,100.0,99.9808,99.9785
73.879970448,100.0,99.9809,99.9785
73.919970432,100.0,99.9809,99.9785
73.959970416,100.0,99.9809,99.9785
73.99997040000001,100.0,99.9809,99.9786
74.039970384,100.0,99.9811,99.9786
74.079970368,100.0,99.981,99.9786
74.11997035200001,100.0,99.9811,99.9787
74.159970336,100.0,99.9811,99.9787
74.19997032,100.0,99.9811,99.9786
74.239970304,100.0,99.9812,99.9786
74.279970288,100.0,99.9812,99.9786
74.319970272,100.0,99.9813,99.9786
74.359970256,100.0,99.9813,99.9786
74.39997024,100.0,99.9813,99.9785
74.43997022399999,100.0,99.9813,99.9786
74.479970208,100.0,99.9814,99.9785
74.519970192,100.0,99.9815,99.9785
74.559970176,100.0,99.9815,99.9786
74.59997016,100.0,99.9815,99.9785
74.63997014399999,100.0,99.9816,99.9786
74.679970128,100.0,99.9816,99.9786
74.719970112,100.0,99.9816,99.9786
74.75997009599999,100.0,99.9817,99.9786
74.79997008,100.0,99.9817,99.9786
74.839970064,100.0,99.9817,99.9786
74.87997004799999,100.0,99.9817,99.9786
74.91997003200001,100.0,99.9817,99.9786
74.959970016,100.0,99.9818,99.9786
74.99997,100.0,99.9818,99.9787
75.03996998400001,100.0,99.9818,99.9787
75.079969968,100.0,99.9818,99.9787
75.119969952,100.0,99.9819,99.9787
75.159969936,100.0,99.9819,99.9788
75.19996992,100.0,99.9819,99.9788
75.239969904,100.0,99.9819,99.9787
75.279969888,100.0,99.9819,99.9787
75.319969872,100.0,99.982,99.9787
75.359969856,100.0,99.9821,99.9787
75.39996984,100.0,99.9821,99.9787
75.439969824,100.0,99.9821,99.9787
75.47996980799999,100.0,99.9822,99.9787
75.519969792,100.0,99.9822,99.9787
75.559969776,100.0,99.9822,99.9787
75.59996976,100.0,99.9822,99.9787
75.639969744,100.0,99.9822,99.9787
75.67996972799999,100.0,99.9822,99.9787
75.719969712,100.0,99.9822,99.9787
75.759969696,100.0,99.9823,99.9787
75.79996967999999,100.0,99.9823,99.9787
75.839969664,100.0,99.9823,99.9787
75.879969648,100.0,99.9823,99.9787
75.919969632,100.0,99.9823,99.9787
75.95996961600001,100.0,99.9823,99.9787
75.9999696,100.0,99.9823,99.9788
76.039969584,100.0,99.9823,99.9788
76.07996956800001,100.0,99.9823,99.9788
76.119969552,100.0,99.9823,99.9787
76.159969536,100.0,99.9823,99.9788
76.19996952,100.0,99.9823,99.9787
76.239969504,100.0,99.9823,99.9787
76.279969488,100.0,99.9823,99.9788
76.319969472,100.0,99.9823,99.9788
76.359969456,100.0,99.9823,99.9788
76.39996943999999,100.0,99.9823,99.9788
76.439969424,100.0,99.9823,99.9787
76.479969408,100.0,99.9823,99.9787
76.519969392,100.0,99.9823,99.9787
76.559969376,100.0,99.9823,99.9788
76.59996935999999,100.0,99.9823,99.9788
76.639969344,100.0,99.9823,99.9788
76.679969328,100.0,99.9823,99.9788
76.71996931199999,100.0,99.9823,99.9788
76.759969296,100.0,99.9823,99.9788
76.79996928,100.0,99.9823,99.9788
76.83996926399999,100.0,99.9822,99.9788
76.87996924800001,100.0,99.9822,99.9789
76.919969232,100.0,99.9822,99.9789
76.959969216,100.0,99.9823,99.9789
76.99996920000001,100.0,99.9823,99.9789
77.039969184,100.0,99.9822,99.9788
77.079969168,100.0,99.9822,99.9789
77.119969152,100.0,99.9823,99.9789
77.159969136,100.0,99.9823,99.9788
77.19996912,100.0,99.9823,99.9789
77.239969104,100.0,99.9822,99.9788
77.279969088,100.0,99.9823,99.9789
77.319969072,100.0,99.9823,99.9788
77.359969056,100.0,99.9823,99.9788
77.39996904,100.0,99.9823,99.9789
77.43996902399999,100.0,99.9822,99.9789
77.479969008,100.0,99.9823,99.9789
77.519968992,100.0,99.9823,99.9789
77.559968976,100.0,99.9822,99.9789
77.59996896,100.0,99.9823,99.979
77.63996894399999,100.0,99.9822,99.979
77.679968928,100.0,99.9822,99.979
77.719968912,100.0,99.9822,99.9791
77.75996889599999,100.0,99.9821,99.9791
77.79996888,100.0,99.9821,99.9791
77.83996886399999,100.0,99.982,99.9791
77.879968848,100.0,99.9821,99.9791
77.91996883200001,100.0,99.982,99.979
77.959968816,100.0,99.982,99.979
77.9999688,100.0,99.982,99.9791
78.03996878400001,100.0,99.982,99.979
78.079968768,100.0,99.982,99.9791
78.119968752,100.0,99.982,99.9791
78.159968736,100.0,99.982,99.979
78.19996872,100.0,99.982,99.979
78.239968704,100.0,99.982,99.979
78.279968688,100.0,99.982,99.979
78.319968672,100.0,99.982,99.9789
78.35996865599999,100.0,99.9819,99.9789
78.39996864,100.0,99.982,99.979
78.439968624,100.0,99.982,99.979
78.479968608,100.0,99.982,99.979
78.519968592,100.0,99.982,99.979
78.559968576,100.0,99.9819,99.979
78.59996856,100.0,99.9819,99.9791
78.639968544,100.0,99.9819,99.9791
78.67996852799999,100.0,99.9819,99.9791
78.719968512,100.0,99.9819,99.9791
78.759968496,100.0,99.9819,99.9791
78.79996847999999,100.0,99.9819,99.9791
78.839968464,100.0,99.9819,99.9791
78.879968448,100.0,99.9819,99.9791
78.919968432,100.0,99.982,99.9791
78.95996841600001,100.0,99.9819,99.9791
78.9999684,100.0,99.9819,99.9791
79.039968384,100.0,99.982,99.9791
79.079968368,100.0,99.9819,99.9791
79.119968352,100.0,99.982,99.9792
79.159968336,100.0,99.982,99.9792
79.19996832,100.0,99.982,99.9791
79.239968304,100.0,99.982,99.9792
79.279968288,100.0,99.982,99.9792
79.319968272,100.0,99.982,99.9792
79.359968256,100.0,99.982,99.9792
79.39996823999999,100.0,99.982,99.9792
79.439968224,100.0,99.9821,99.9793
79.479968208,100.0,99.982,99.9792
79.519968192,100.0,99.9821,99.9793
79.559968176,100.0,99.9821,99.9793
79.59996815999999,100.0,99.9821,99.9793
79.639968144,100.0,99.9821,99.9793
79.679968128,100.0,99.9821,99.9793
79.71996811199999,100.0,99.9822,99.9793
79.759968096,100.0,99.9822,99.9793
79.79996808,100.0,99.9822,99.9792
79.83996806399999,100.0,99.9822,99.9793
79.87996804800001,100.0,99.9822,99.9793
79.919968032,100.0,99.9823,99.9793
79.959968016,100.0,99.9823,99.9793
79.99996800000001,100.0,99.9823,99.9793
80.039967984,100.0,99.9824,99.9793
80.079967968,100.0,99.9824,99.9792
80.119967952,100.0,99.9824,99.9792
80.159967936,100.0,99.9825,99.9792
80.19996792,100.0,99.9824,99.9792
80.239967904,100.0,99.9824,99.9793
80.279967888,100.0,99.9824,99.9792
80.31996787199999,100.0,99.9824,99.9792
80.359967856,100.0,99.9825,99.9793
80.39996784,100.0,99.9825,99.9792
80.439967824,100.0,99.9825,99.9792
80.479967808,100.0,99.9825,99.9792
80.519967792,100.0,99.9825,99.9792
80.559967776,100.0,99.9825,99.9792
80.59996776,100.0,99.9825,99.9792
80.63996774399999,100.0,99.9826,99.9792
80.679967728,100.0,99.9826,99.9793
80.719967712,100.0,99.9826,99.9793
80.75996769599999,100.0,99.9827,99.9793
80.79996768,100.0,99.9826,99.9793
80.839967664,100.0,99.9827,99.9793
80.879967648,100.0,99.9826,99.9793
80.91996763200001,100.0,99.9826,99.9793
80.959967616,100.0,99.9826,99.9793
80.9999676,100.0,99.9826,99.9793
81.03996758400001,100.0,99.9826,99.9793
81.079967568,100.0,99.9826,99.9793
81.119967552,100.0,99.9826,99.9793
81.159967536,100.0,99.9826,99.9793
81.19996752,100.0,99.9826,99.9792
81.239967504,100.0,99.9826,99.9793
81.279967488,100.0,99.9825,99.9792
81.319967472,100.0,99.9825,99.9792
81.35996745599999,100.0,99.9825,99.9793
81.39996744,100.0,99.9825,99.9793
81.439967424,100.0,99.9825,99.9793
81.479967408,100.0,99.9825,99.9793
81.519967392,100.0,99.9824,99.9793
81.55996737599999,100.0,99.9825,99.9794
81.59996736,100.0,99.9824,99.9793
81.639967344,100.0,99.9824,99.9793
81.67996732799999,100.0,99.9824,99.9793
81.719967312,100.0,99.9823,99.9793
81.759967296,100.0,99.9824,99.9794
81.79996727999999,100.0,99.9823,99.9794
81.839967264,100.0,99.9823,99.9793
81.879967248,100.0,99.9823,99.9793
81.919967232,100.0,99.9823,99.9793
81.95996721600001,100.0,99.9823,99.9793
81.9999672,100.0,99.9823,99.9793
82.039967184,100.0,99.9823,99.9793
82.079967168,100.0,99.9823,99.9793
82.119967152,100.0,99.9823,99.9793
82.159967136,100.0,99.9823,99.9793
82.19996712,100.0,99.9823,99.9793
82.239967104,100.0,99.9822,99.9793
82.279967088,100.0,99.9822,99.9793
82.319967072,100.0,99.9822,99.9793
82.359967056,100.0,99.9822,99.9793
82.39996703999999,100.0,99.9822,99.9793
82.439967024,100.0,99.9822,99.9793
82.479967008,100.0,99.9823,99.9793
82.519966992,100.0,99.9823,99.9793
82.559966976,100.0,99.9823,99.9794
82.59996695999999,100.0,99.9823,99.9794
82.639966944,100.0,99.9823,99.9793
82.679966928,100.0,99.9823,99.9794
82.71996691199999,100.0,99.9823,99.9794
82.759966896,100.0,99.9823,99.9794
82.79996687999999,100.0,99.9823,99.9794
82.839966864,100.0,99.9823,99.9794
82.87996684800001,100.0,99.9823,99.9795
82.919966832,100.0,99.9823,99.9795
82.959966816,100.0,99.9823,99.9795
82.99996680000001,100.0,99.9823,99.9795
83.039966784,100.0,99.9822,99.9795
83.079966768,100.0,99.9822,99.9795
83.119966752,100.0,99.9822,99.9795
83.159966736,100.0,99.9822,99.9795
83.19996672,100.0,99.9822,99.9796
83.239966704,100.0,99.9822,99.9796
83.279966688,100.0,99.9822,99.9796
83.31996667199999,100.0,99.9822,99.9796
83.359966656,100.0,99.9822,99.9796
83.39996664,100.0,99.9822,99.9796
83.439966624,100.0,99.9822,99.9796
83.479966608,100.0,99.9822,99.9797
83.519966592,100.0,99.9822,99.9797
83.559966576,100.0,99.9822,99.9797
83.59996656,100.0,99.9822,99.9797
83.63996654399999,100.0,99.9821,99.9797
83.679966528,100.0,99.9821,99.9798
83.719966512,100.0,99.982,99.9798
83.75996649599999,100.0,99.982,99.9798
83.79996648,100.0,99.9819,99.9798
83.839966464,100.0,99.9818,99.9798
83.879966448,100.0,99.9818,99.9798
83.91996643200001,100.0,99.9818,99.9798
83.959966416,100.0,99.9817,99.9798
83.9999664,100.0,99.9818,99.9799
84.039966384,100.0,99.9817,99.9799
84.079966368,100.0,99.9817,99.9799
84.119966352,100.0,99.9817,99.9799
84.159966336,100.0,99.9817,99.9799
84.19996632,100.0,99.9818,99.9799
84.239966304,100.0,99.9817,99.9799
84.279966288,100.0,99.9817,99.98
84.319966272,100.0,99.9817,99.98
84.35996625599999,100.0,99.9817,99.98
84.39996624,100.0,99.9817,99.9801
84.439966224,100.0,99.9816,99.98
84.479966208,100.0,99.9816,99.9801
84.519966192,100.0,99.9816,99.9801
84.55996617599999,100.0,99.9815,99.9801
84.59996616,100.0,99.9815,99.9801
84.639966144,100.0,99.9814,99.9801
84.67996612799999,100.0,99.9814,99.9801
84.719966112,100.0,99.9814,99.9801
84.759966096,100.0,99.9813,99.98
84.79996607999999,100.0,99.9814,99.9801
84.83996606400001,100.0,99.9813,99.98
84.879966048,100.0,99.9813,99.98
84.919966032,100.0,99.9813,99.98
84.95996601600001,100.0,99.9813,99.9799
84.999966,100.0,99.9813,99.98
85.039965984,100.0,99.9813,99.9799
85.079965968,100.0,99.9812,99.98
85.119965952,100.0,99.9812,99.98
85.159965936,100.0,99.9811,99.98
85.19996592,100.0,99.9811,99.98
85.239965904,100.0,99.9811,99.98
85.27996588799999,100.0,99.981,99.98
85.319965872,100.0,99.981,99.9801
85.359965856,100.0,99.981,99.98
85.39996584,100.0,99.9809,99.98
85.439965824,100.0,99.9809,99.9801
85.479965808,100.0,99.9808,99.98
85.519965792,100.0,99.9808,99.9801
85.559965776,100.0,99.9807,99.98
85.59996575999999,100.0,99.9807,99.98
85.639965744,100.0,99.9807,99.98
85.679965728,100.0,99.9806,99.9799
85.71996571199999,100.0,99.9805,99.98
85.759965696,100.0,99.9805,99.9799
85.79996568,100.0,99.9804,99.9798
85.839965664,100.0,99.9804,99.9798
85.87996564800001,100.0,99.9803,99.9798
85.919965632,100.0,99.9803,99.9798
85.959965616,100.0,99.9803,99.9798
85.99996560000001,100.0,99.9802,99.9797
86.039965584,100.0,99.9802,99.9798
86.079965568,100.0,99.9801,99.9797
86.119965552,100.0,99.9801,99.9797
86.159965536,100.0,99.9801,99.9797
86.19996552,100.0,99.98,99.9797
86.239965504,100.0,99.98,99.9797
86.279965488,100.0,99.9799,99.9796
86.31996547199999,100.0,99.9799,99.9796
86.359965456,100.0,99.9798,99.9797
86.39996544,100.0,99.9798,99.9796
86.439965424,100.0,99.9797,99.9796
86.479965408,100.0,99.9796,99.9796
86.51996539199999,100.0,99.9796,99.9796
86.559965376,100.0,99.9796,99.9796
86.59996536,100.0,99.9795,99.9796
86.63996534399999,100.0,99.9795,99.9796
86.679965328,100.0,99.9794,99.9795
86.719965312,100.0,99.9793,99.9795
86.75996529599999,100.0,99.9793,99.9796
86.79996528000001,100.0,99.9792,99.9795
86.839965264,100.0,99.9793,99.9795
86.879965248,100.0,99.9792,99.9795
86.91996523200001,100.0,99.9792,99.9795
86.959965216,100.0,99.9792,99.9795
86.9999652,100.0,99.9791,99.9794
87.039965184,100.0,99.9791,99.9794
87.079965168,100.0,99.9791,99.9794
87.119965152,100.0,99.9791,99.9794
87.159965136,100.0,99.9791,99.9794
87.19996512,100.0,99.979,99.9793
87.239965104,100.0,99.979,99.9793
87.279965088,100.0,99.979,99.9793
87.319965072,100.0,99.979,99.9793
87.359965056,100.0,99.979,99.9793
87.39996504,100.0,99.9789,99.9793
87.439965024,100.0,99.9789,99.9793
87.479965008,100.0,99.9789,99.9792
87.519964992,100.0,99.9789,99.9792
87.55996497599999,100.0,99.9789,99.9791
87.59996496,100.0,99.9789,99.9791
87.639964944,100.0,99.9789,99.9791
87.67996492799999,100.0,99.9788,99.9791
87.719964912,100.0,99.9788,99.979
87.75996489599999,100.0,99.9789,99.979
87.79996488,100.0,99.9789,99.9789
87.83996486400001,100.0,99.9789,99.9789
87.879964848,100.0,99.9789,99.9789
87.919964832,100.0,99.9789,99.9788
87.95996481600001,100.0,99.9789,99.9788
87.9999648,100.0,99.979,99.9788
88.039964784,100.0,99.979,99.9788
88.079964768,100.0,99.979,99.9788
88.119964752,100.0,99.979,99.9788
88.159964736,100.0,99.979,99.9789
88.19996472,100.0,99.979,99.9789
88.239964704,100.0,99.979,99.9789
88.27996468799999,100.0,99.979,99.9789
88.319964672,100.0,99.9789,99.9789
88.359964656,100.0,99.979,99.9789
88.39996464,100.0,99.9789,99.9788
88.439964624,100.0,99.9789,99.9788
88.47996460799999,100.0,99.9789,99.9788
88.519964592,100.0,99.9789,99.9788
88.559964576,100.0,99.9789,99.9788
88.59996455999999,100.0,99.9789,99.9788
88.639964544,100.0,99.9789,99.9787
88.679964528,100.0,99.9789,99.9787
88.71996451199999,100.0,99.9789,99.9787
88.759964496,100.0,99.9789,99.9787
88.79996448,100.0,99.979,99.9786
88.839964464,100.0,99.9789,99.9786
88.87996444800001,100.0,99.979,99.9787
88.919964432,100.0,99.979,99.9786
88.959964416,100.0,99.979,99.9786
88.9999644,100.0,99.979,99.9787
89.039964384,100.0,99.979,99.9787
89.079964368,100.0,99.9791,99.9787
89.119964352,100.0,99.9791,99.9787
89.159964336,100.0,99.9791,99.9786
89.19996432,100.0,99.9791,99.9787
89.239964304,100.0,99.9791,99.9787
89.279964288,100.0,99.9791,99.9787
89.31996427199999,100.0,99.9791,99.9786
89.359964256,100.0,99.9791,99.9786
89.39996424,100.0,99.9791,99.9787
89.439964224,100.0,99.9791,99.9786
89.479964208,100.0,99.9792,99.9787
89.51996419199999,100.0,99.9791,99.9787
89.559964176,100.0,99.9792,99.9787
89.59996416,100.0,99.9792,99.9787
89.63996414399999,100.0,99.9792,99.9787
89.679964128,100.0,99.9793,99.9787
89.71996411199999,100.0,99.9793,99.9788
89.75996409599999,100.0,99.9793,99.9788
89.79996408000001,100.0,99.9793,99.9788
89.839964064,100.0,99.9793,99.9787
89.879964048,100.0,99.9794,99.9787
89.91996403200001,100.0,99.9794,99.9787
89.959964016,100.0,99.9794,99.9787
89.999964,100.0,99.9795,99.9787
90.039963984,100.0,99.9795,99.9787
90.079963968,100.0,99.9795,99.9787
90.119963952,100.0,99.9795,99.9787
90.159963936,100.0,99.9795,99.9786
90.19996392,100.0,99.9795,99.9787
90.23996390399999,100.0,99.9796,99.9787
90.279963888,100.0,99.9795,99.9786
90.319963872,100.0,99.9795,99.9786
90.359963856,100.0,99.9795,99.9786
90.39996384,100.0,99.9795,99.9786
90.439963824,100.0,99.9795,99.9786
90.479963808,100.0,99.9795,99.9786
90.519963792,100.0,99.9795,99.9786
90.55996377599999,100.0,99.9795,99.9786
90.59996376,100.0,99.9796,99.9786
90.639963744,100.0,99.9796,99.9786
90.67996372799999,100.0,99.9795,99.9786
90.719963712,100.0,99.9796,99.9786
90.759963696,100.0,99.9796,99.9786
90.79996368,100.0,99.9796,99.9787
90.83996366400001,100.0,99.9796,99.9787
90.879963648,100.0,99.9797,99.9787
90.919963632,100.0,99.9797,99.9788
90.959963616,100.0,99.9797,99.9787
90.9999636,100.0,99.9797,99.9788
91.039963584,100.0,99.9797,99.9788
91.079963568,100.0,99.9797,99.9788
91.119963552,100.0,99.9798,99.9788
91.159963536,100.0,99.9797,99.9788
91.19996352,100.0,99.9797,99.9788
91.239963504,100.0,99.9797,99.9789
91.27996348799999,100.0,99.9796,99.9788
91.319963472,100.0,99.9797,99.9788
91.359963456,100.0,99.9796,99.9788
91.39996344,100.0,99.9796,99.9788
91.439963424,100.0,99.9796,99.9788
91.47996340799999,100.0,99.9796,99.9787
91.519963392,100.0,99.9796,99.9788
91.559963376,100.0,99.9796,99.9788
91.59996335999999,100.0,99.9797,99.9788
91.639963344,100.0,99.9797,99.9788
91.679963328,100.0,99.9797,99.9788
91.71996331199999,100.0,99.9797,99.9788
91.759963296,100.0,99.9797,99.9788
91.79996328,100.0,99.9797,99.9788
91.839963264,100.0,99.9797,99.9789
91.87996324800001,100.0,99.9797,99.9789
91.919963232,100.0,99.9797,99.9789
91.959963216,100.0,99.9796,99.9789
91.9999632,100.0,99.9796,99.979
92.039963184,100.0,99.9797,99.979
92.079963168,100.0,99.9796,99.979
92.119963152,100.0,99.9797,99.979
92.159963136,100.0,99.9796,99.979
92.19996311999999,100.0,99.9796,99.9791
92.239963104,100.0,99.9796,99.9791
92.279963088,100.0,99.9795,99.9791
92.319963072,100.0,99.9795,99.9791
92.359963056,100.0,99.9795,99.9791
92.39996304,100.0,99.9795,99.9791
92.439963024,100.0,99.9795,99.9791
92.479963008,100.0,99.9795,99.9791
92.51996299199999,100.0,99.9795,99.9791
92.559962976,100.0,99.9795,99.9791
92.59996296,100.0,99.9794,99.9791
92.63996294399999,100.0,99.9795,99.9791
92.679962928,100.0,99.9794,99.9791
92.71996291199999,100.0,99.9794,99.9791
92.759962896,100.0,99.9795,99.9791
92.79996288000001,100.0,99.9795,99.9791
92.839962864,100.0,99.9795,99.9791
92.879962848,100.0,99.9795,99.9791
92.91996283200001,100.0,99.9795,99.9791
92.959962816,100.0,99.9795,99.9792
92.9999628,100.0,99.9795,99.9791
93.039962784,100.0,99.9795,99.9792
93.079962768,100.0,99.9795,99.9792
93.119962752,100.0,99.9796,99.9792
93.159962736,100.0,99.9796,99.9792
93.19996272,100.0,99.9796,99.9792
93.23996270399999,100.0,99.9796,99.9792
93.279962688,100.0,99.9796,99.9792
93.319962672,100.0,99.9796,99.9792
93.359962656,100.0,99.9797,99.9792
93.39996264,100.0,99.9797,99.9792
93.43996262399999,100.0,99.9797,99.9792
93.479962608,100.0,99.9798,99.9792
93.519962592,100.0,99.9798,99.9792
93.55996257599999,100.0,99.9798,99.9793
93.59996256,100.0,99.9798,99.9792
93.639962544,100.0,99.9799,99.9793
93.67996252799999,100.0,99.9799,99.9792
93.719962512,100.0,99.9798,99.9792
93.759962496,100.0,99.9799,99.9792
93.79996248,100.0,99.9798,99.9792
93.83996246400001,100.0,99.9799,99.9792
93.879962448,100.0,99.9799,99.9792
93.919962432,100.0,99.9799,99.9792
93.959962416,100.0,99.98,99.9792
93.9999624,100.0,99.9799,99.9792
94.039962384,100.0,99.9799,99.9791
94.079962368,100.0,99.9799,99.9792
94.119962352,100.0,99.9799,99.9791
94.159962336,100.0,99.9799,99.9792
94.19996232,100.0,99.9799,99.9791
94.239962304,100.0,99.98,99.9791
94.279962288,100.0,99.98,99.9791
94.319962272,100.0,99.98,99.9791
94.359962256,100.0,99.9801,99.9791
94.39996224,100.0,99.9802,99.9791
94.439962224,100.0,99.9802,99.9791
94.47996220799999,100.0,99.9803,99.9791
94.519962192,100.0,99.9803,99.9791
94.559962176,100.0,99.9803,99.9791
94.59996215999999,100.0,99.9803,99.9791
94.639962144,100.0,99.9804,99.9791
94.67996212799999,100.0,99.9804,99.9791
94.71996211199999,100.0,99.9804,99.9791
94.75996209600001,100.0,99.9805,99.9791
94.79996208,100.0,99.9805,99.9791
94.839962064,100.0,99.9805,99.9791
94.87996204800001,100.0,99.9805,99.9792
94.919962032,100.0,99.9805,99.9792
94.959962016,100.0,99.9805,99.9792
94.999962,100.0,99.9806,99.9792
95.039961984,100.0,99.9806,99.9792
95.079961968,100.0,99.9806,99.9792
95.119961952,100.0,99.9807,99.9792
95.159961936,100.0,99.9808,99.9793
95.19996191999999,100.0,99.9808,99.9793
95.239961904,100.0,99.9808,99.9792
95.279961888,100.0,99.9808,99.9792
95.319961872,100.0,99.9808,99.9792
95.359961856,100.0,99.9809,99.9792
95.39996184,100.0,99.9809,99.9792
95.439961824,100.0,99.981,99.9792
95.479961808,100.0,99.981,99.9792
95.51996179199999,100.0,99.981,99.9792
95.559961776,100.0,99.9811,99.9793
95.59996176,100.0,99.9811,99.9793
95.63996174399999,100.0,99.9811,99.9792
95.679961728,100.0,99.9812,99.9793
95.719961712,100.0,99.9813,99.9793
95.759961696,100.0,99.9814,99.9793
95.79996168000001,100.0,99.9814,99.9793
95.839961664,100.0,99.9814,99.9793
95.879961648,100.0,99.9814,99.9794
95.919961632,100.0,99.9815,99.9794
95.959961616,100.0,99.9815,99.9794
95.9999616,100.0,99.9815,99.9795
96.039961584,100.0,99.9815,99.9794
96.079961568,100.0,99.9816,99.9795
96.119961552,100.0,99.9816,99.9795
96.159961536,100.0,99.9816,99.9795
96.19996152,100.0,99.9816,99.9795
96.239961504,100.0,99.9816,99.9795
96.279961488,100.0,99.9816,99.9795
96.319961472,100.0,99.9816,99.9795
96.359961456,100.0,99.9816,99.9795
96.39996144,100.0,99.9816,99.9796
96.43996142399999,100.0,99.9816,99.9796
96.479961408,100.0,99.9816,99.9796
96.519961392,100.0,99.9816,99.9796
96.55996137599999,100.0,99.9816,99.9796
96.59996136,100.0,99.9817,99.9797
96.639961344,100.0,99.9817,99.9797
96.67996132799999,100.0,99.9818,99.9797
96.71996131200001,100.0,99.9818,99.9798
96.759961296,100.0,99.9818,99.9798
96.79996128,100.0,99.9819,99.9798
96.83996126400001,100.0,99.9819,99.9798
96.879961248,100.0,99.9819,99.9798
96.919961232,100.0,99.9819,99.9798
96.959961216,100.0,99.9819,99.9798
96.9999612,100.0,99.9819,99.9799
97.039961184,100.0,99.9819,99.9799
97.079961168,100.0,99.9819,99.9799
97.119961152,100.0,99.9819,99.9799
97.15996113599999,100.0,99.9819,99.9799
97.19996112,100.0,99.9819,99.98
97.239961104,100.0,99.9819,99.98
97.279961088,100.0,99.9819,99.98
97.319961072,100.0,99.982,99.98
97.359961056,100.0,99.9819,99.98
97.39996104,100.0,99.982,99.98
97.439961024,100.0,99.9819,99.9801
97.47996100799999,100.0,99.9819,99.9801
97.519960992,100.0,99.982,99.9801
97.559960976,100.0,99.9819,99.9801
97.59996095999999,100.0,99.9819,99.9801
97.639960944,100.0,99.9819,99.9801
97.67996092799999,100.0,99.9818,99.9801
97.719960912,100.0,99.9818,99.9802
97.75996089600001,100.0,99.9818,99.9802
97.79996088,100.0,99.9818,99.9802
97.839960864,100.0,99.9818,99.9802
97.87996084800001,100.0,99.9818,99.9802
97.919960832,100.0,99.9818,99.9802
97.959960816,100.0,99.9817,99.9802
97.9999608,100.0,99.9818,99.9801
98.039960784,100.0,99.9818,99.9801
98.079960768,100.0,99.9818,99.9801
98.119960752,100.0,99.9818,99.9801
98.159960736,100.0,99.9818,99.9801
98.19996071999999,100.0,99.9818,99.9801
98.239960704,100.0,99.9818,99.9802
98.279960688,100.0,99.9818,99.9801
98.319960672,100.0,99.9818,99.9801
98.359960656,100.0,99.9818,99.9801
98.39996063999999,100.0,99.9818,99.9801
98.439960624,100.0,99.9818,99.9801
98.479960608,100.0,99.9817,99.9801
98.51996059199999,100.0,99.9817,99.9801
98.559960576,100.0,99.9817,99.9801
98.59996056,100.0,99.9817,99.9802
98.63996054399999,100.0,99.9817,99.9802
98.679960528,100.0,99.9816,99.9802
98.719960512,100.0,99.9817,99.9802
98.759960496,100.0,99.9816,99.9802
98.79996048000001,100.0,99.9816,99.9802
98.839960464,100.0,99.9816,99.9802
98.879960448,100.0,99.9816,99.9802
98.919960432,100.0,99.9816,99.9802
98.959960416,100.0,99.9816,99.9802
98.9999604,100.0,99.9816,99.9802
99.039960384,100.0,99.9816,99.9801
99.079960368,100.0,99.9816,99.9801
99.119960352,100.0,99.9816,99.9801
99.159960336,100.0,99.9815,99.9801
99.19996032,100.0,99.9815,99.9802
99.239960304,100.0,99.9815,99.9802
99.279960288,100.0,99.9814,99.9801
99.319960272,100.0,99.9815,99.9801
99.359960256,100.0,99.9814,99.9801
99.39996024,100.0,99.9814,99.9801
99.43996022399999,100.0,99.9814,99.9802
99.479960208,100.0,99.9814,99.9802
99.519960192,100.0,99.9814,99.9802
99.55996017599999,100.0,99.9814,99.9802
99.59996016,100.0,99.9814,99.9802
99.63996014399999,100.0,99.9815,99.9802
99.67996012799999,100.0,99.9814,99.9802
99.71996011200001,100.0,99.9815,99.9803
99.759960096,100.0,99.9814,99.9803
99.79996008,100.0,99.9814,99.9803
99.83996006400001,100.0,99.9814,99.9803
99.879960048,100.0,99.9814,99.9803
99.919960032,100.0,99.9813,99.9803
99.959960016,100.0,99.9813,99.9803
99.99996,100.0,99.9813,99.9803
100.039959984,100.0,99.9813,99.9803
100.079959968,100.0,99.9814,99.9803
100.119959952,100.0,99.9813,99.9803
100.15995993599999,100.0,99.9814,99.9803
100.19995992,100.0,99.9814,99.9803
100.239959904,100.0,99.9814,99.9804
100.279959888,100.0,99.9814,99.9804
100.319959872,100.0,99.9814,99.9804
100.35995985599999,100.0,99.9814,99.9804
100.39995984,100.0,99.9814,99.9804
100.439959824,100.0,99.9814,99.9804
100.47995980799999,100.0,99.9815,99.9804
100.519959792,100.0,99.9814,99.9804
100.559959776,100.0,99.9815,99.9804
100.59995975999999,100.0,99.9815,99.9804
100.639959744,100.0,99.9815,99.9804
100.679959728,100.0,99.9815,99.9804
100.719959712,100.0,99.9815,99.9804
100.75995969600001,100.0,99.9815,99.9805
100.79995968,100.0,99.9815,99.9805
100.839959664,100.0,99.9815,99.9805
100.879959648,100.0,99.9815,99.9805
100.919959632,100.0,99.9815,99.9805
100.959959616,100.0,99.9816,99.9805
100.9999596,100.0,99.9815,99.9805
101.039959584,100.0,99.9816,99.9804
101.079959568,100.0,99.9816,99.9805
101.119959552,100.0,99.9816,99.9804
101.159959536,100.0,99.9816,99.9805
101.19995952,100.0,99.9816,99.9805
101.239959504,100.0,99.9816,99.9806
101.279959488,100.0,99.9817,99.9806
101.319959472,100.0,99.9817,99.9806
101.359959456,100.0,99.9817,99.9806
101.39995943999999,100.0,99.9817,99.9806
101.439959424,100.0,99.9817,99.9806
101.479959408,100.0,99.9817,99.9806
101.51995939199999,100.0,99.9817,99.9806
101.559959376,100.0,99.9818,99.9806
101.59995935999999,100.0,99.9817,99.9806
101.63995934399999,100.0,99.9817,99.9806
101.679959328,100.0,99.9818,99.9806
101.719959312,100.0,99.9817,99.9806
101.759959296,100.0,99.9818,99.9806
101.79995928000001,100.0,99.9818,99.9806
101.839959264,100.0,99.9818,99.9805
101.879959248,100.0,99.9819,99.9806
101.919959232,100.0,99.9818,99.9806
101.959959216,100.0,99.9819,99.9806
101.9999592,100.0,99.9819,99.9806
102.039959184,100.0,99.9819,99.9806
102.079959168,100.0,99.982,99.9806
102.11995915199999,100.0,99.9819,99.9806
102.159959136,100.0,99.9819,99.9807
102.19995912,100.0,99.982,99.9807
102.239959104,100.0,99.982,99.9807
102.279959088,100.0,99.9821,99.9808
102.319959072,100.0,99.9821,99.9807
102.359959056,100.0,99.9821,99.9807
102.39995904,100.0,99.9821,99.9807
102.43995902399999,100.0,99.9821,99.9807
102.479959008,100.0,99.9821,99.9807
102.519958992,100.0,99.9821,99.9807
102.55995897599999,100.0,99.9821,99.9807
102.59995896,100.0,99.9822,99.9807
102.63995894399999,100.0,99.9822,99.9807
102.679958928,100.0,99.9822,99.9807
102.71995891200001,100.0,99.9822,99.9807
102.759958896,100.0,99.9822,99.9807
102.79995888,100.0,99.9822,99.9807
102.839958864,100.0,99.9822,99.9807
102.879958848,100.0,99.9822,99.9807
102.919958832,100.0,99.9822,99.9807
102.959958816,100.0,99.9822,99.9806
102.9999588,100.0,99.9823,99.9807
103.039958784,100.0,99.9822,99.9807
103.079958768,100.0,99.9822,99.9807
103.119958752,100.0,99.9822,99.9807
103.159958736,100.0,99.9822,99.9807
103.19995872,100.0,99.9823,99.9807
103.239958704,100.0,99.9822,99.9807
103.279958688,100.0,99.9823,99.9807
103.319958672,100.0,99.9823,99.9807
103.35995865599999,100.0,99.9823,99.9807
103.39995864,100.0,99.9822,99.9807
103.439958624,100.0,99.9822,99.9807
103.47995860799999,100.0,99.9822,99.9807
103.519958592,100.0,99.9822,99.9807
103.559958576,100.0,99.9822,99.9806
103.59995855999999,100.0,99.9822,99.9807
103.639958544,100.0,99.9821,99.9807
103.679958528,100.0,99.9821,99.9807
103.719958512,100.0,99.9821,99.9807
103.75995849600001,100.0,99.9821,99.9807
103.79995848,100.0,99.9821,99.9807
103.839958464,100.0,99.9821,99.9807
103.879958448,100.0,99.982,99.9807
103.919958432,100.0,99.982,99.9807
103.959958416,100.0,99.982,99.9807
103.9999584,100.0,99.982,99.9807
104.039958384,100.0,99.982,99.9807
104.07995836799999,100.0,99.982,99.9807
104.119958352,100.0,99.982,99.9807
104.159958336,100.0,99.9819,99.9807
104.19995832,100.0,99.982,99.9807
104.239958304,100.0,99.9819,99.9808
104.279958288,100.0,99.9819,99.9808
104.319958272,100.0,99.9819,99.9808
104.359958256,100.0,99.9818,99.9808
104.39995823999999,100.0,99.9818,99.9809
104.439958224,100.0,99.9818,99.9809
104.479958208,100.0,99.9817,99.9809
104.51995819199999,100.0,99.9817,99.9809
104.559958176,100.0,99.9817,99.9809
104.59995815999999,100.0,99.9817,99.9809
104.63995814399999,100.0,99.9817,99.9809
104.67995812800001,100.0,99.9816,99.9808
104.719958112,100.0,99.9816,99.9808
104.759958096,100.0,99.9816,99.9808
104.79995808000001,100.0,99.9815,99.9808
104.839958064,100.0,99.9816,99.9808
104.879958048,100.0,99.9815,99.9808
104.919958032,100.0,99.9815,99.9808
104.959958016,100.0,99.9815,99.9808
104.999958,100.0,99.9815,99.9808
105.039957984,100.0,99.9815,99.9808
105.079957968,100.0,99.9814,99.9808
105.119957952,100.0,99.9814,99.9808
105.159957936,100.0,99.9814,99.9808
105.19995792,100.0,99.9814,99.9808
105.239957904,100.0,99.9814,99.9808
105.279957888,100.0,99.9814,99.9808
105.31995787199999,100.0,99.9813,99.9809
105.359957856,100.0,99.9814,99.9808
105.39995784,100.0,99.9813,99.9808
105.43995782399999,100.0,99.9813,99.9808
105.479957808,100.0,99.9812,99.9807
105.519957792,100.0,99.9812,99.9807
105.55995777599999,100.0,99.9812,99.9807
105.59995776,100.0,99.9811,99.9806
105.639957744,100.0,99.9812,99.9806
105.679957728,100.0,99.9811,99.9806
105.71995771200001,100.0,99.9811,99.9805
105.759957696,100.0,99.9811,99.9805
105.79995768,100.0,99.981,99.9804
105.839957664,100.0,99.981,99.9804
105.879957648,100.0,99.9809,99.9804
105.919957632,100.0,99.9809,99.9804
105.959957616,100.0,99.9809,99.9804
105.9999576,100.0,99.9809,99.9803
106.039957584,100.0,99.9809,99.9803
106.079957568,100.0,99.9809,99.9803
106.119957552,100.0,99.9809,99.9802
106.159957536,100.0,99.9809,99.9803
106.19995752,100.0,99.9808,99.9802
106.239957504,100.0,99.9808,99.9802
106.279957488,100.0,99.9807,99.9802
106.319957472,100.0,99.9807,99.9802
106.35995745599999,100.0,99.9807,99.9802
106.39995744,100.0,99.9806,99.9801
106.439957424,100.0,99.9806,99.9801
106.47995740799999,100.0,99.9805,99.9801
106.519957392,100.0,99.9805,99.9801
106.55995737599999,100.0,99.9805,99.9801
106.59995735999999,100.0,99.9805,99.9801
106.63995734400001,100.0,99.9805,99.9801
106.679957328,100.0,99.9805,99.9801
106.719957312,100.0,99.9805,99.9801
106.75995729600001,100.0,99.9805,99.98
106.79995728,100.0,99.9804,99.98
106.839957264,100.0,99.9804,99.98
106.879957248,100.0,99.9804,99.9799
106.919957232,100.0,99.9804,99.9799
106.959957216,100.0,99.9804,99.9799
106.9999572,100.0,99.9804,99.9799
107.039957184,100.0,99.9803,99.9798
107.07995716799999,100.0,99.9803,99.9798
107.119957152,100.0,99.9803,99.9797
107.159957136,100.0,99.9803,99.9797
107.19995712,100.0,99.9802,99.9797
107.239957104,100.0,99.9802,99.9796
107.279957088,100.0,99.9802,99.9797
107.319957072,100.0,99.9802,99.9796
107.359957056,100.0,99.9801,99.9795
107.39995703999999,100.0,99.9801,99.9795
107.439957024,100.0,99.9801,99.9795
107.479957008,100.0,99.9801,99.9795
107.51995699199999,100.0,99.98,99.9794
107.559956976,100.0,99.98,99.9794
107.59995695999999,100.0,99.98,99.9793
107.639956944,100.0,99.98,99.9793
107.67995692800001,100.0,99.98,99.9793
107.719956912,100.0,99.98,99.9793
107.759956896,100.0,99.98,99.9792
107.79995688,100.0,99.98,99.9792
107.839956864,100.0,99.9799,99.9792
107.879956848,100.0,99.9799,99.9792
107.919956832,100.0,99.9799,99.9791
107.959956816,100.0,99.9798,99.9791
107.9999568,100.0,99.9798,99.9791
108.039956784,100.0,99.9798,99.9791
108.079956768,100.0,99.9798,99.9791
108.119956752,100.0,99.9798,99.979
108.159956736,100.0,99.9797,99.9789
108.19995672,100.0,99.9797,99.979
108.239956704,100.0,99.9797,99.9789
108.279956688,100.0,99.9797,99.9789
108.31995667199999,100.0,99.9797,99.9789
108.359956656,100.0,99.9796,99.9788
108.39995664,100.0,99.9796,99.9788
108.43995662399999,100.0,99.9796,99.9788
108.479956608,100.0,99.9796,99.9787
108.519956592,100.0,99.9796,99.9787
108.55995657599999,100.0,99.9795,99.9787
108.59995656,100.0,99.9795,99.9787
108.639956544,100.0,99.9795,99.9787
108.679956528,100.0,99.9795,99.9786
108.71995651200001,100.0,99.9795,99.9787
108.759956496,100.0,99.9795,99.9786
108.79995648,100.0,99.9795,99.9786
108.839956464,100.0,99.9795,99.9786
108.879956448,100.0,99.9794,99.9786
108.919956432,100.0,99.9795,99.9786
108.959956416,100.0,99.9794,99.9786
108.9999564,100.0,99.9794,99.9786
109.03995638399999,100.0,99.9795,99.9786
109.079956368,100.0,99.9794,99.9786
109.119956352,100.0,99.9795,99.9786
109.159956336,100.0,99.9794,99.9785
109.19995632,100.0,99.9794,99.9785
109.239956304,100.0,99.9793,99.9784
109.279956288,100.0,99.9793,99.9784
109.319956272,100.0,99.9793,99.9784
109.35995625599999,100.0,99.9792,99.9783
109.39995624,100.0,99.9792,99.9783
109.439956224,100.0,99.9792,99.9783
109.47995620799999,100.0,99.9792,99.9783
109.519956192,100.0,99.9792,99.9783
109.55995617599999,100.0,99.9792,99.9782
109.59995615999999,100.0,99.9792,99.9782
109.63995614400001,100.0,99.9792,99.9783
109.679956128,100.0,99.9792,99.9782
109.719956112,100.0,99.9792,99.9782
109.75995609600001,100.0,99.9791,99.9781
109.79995608,100.0,99.9791,99.9781
109.839956064,100.0,99.9791,99.9781
109.879956048,100.0,99.9791,99.9781
109.919956032,100.0,99.9791,99.9781
109.959956016,100.0,99.9791,99.9781
109.999956,100.0,99.9791,99.9781
110.039955984,100.0,99.9791,99.9781
110.079955968,100.0,99.9791,99.9781
110.119955952,100.0,99.9791,99.9781
110.159955936,100.0,99.9791,99.9781
110.19995592,100.0,99.9791,99.978
110.239955904,100.0,99.9791,99.9781
110.27995588799999,100.0,99.9791,99.978
110.319955872,100.0,99.9791,99.978
110.359955856,100.0,99.9791,99.978
110.39995583999999,100.0,99.9791,99.978
110.439955824,100.0,99.9791,99.978
110.479955808,100.0,99.9791,99.978
110.51995579199999,100.0,99.9791,99.978
110.559955776,100.0,99.9791,99.978
110.59995576,100.0,99.9791,99.9779
110.639955744,100.0,99.9791,99.9779
110.67995572800001,100.0,99.9791,99.9779
110.719955712,100.0,99.9791,99.9778
110.759955696,100.0,99.9791,99.9779
110.79995568,100.0,99.9791,99.9778
110.839955664,100.0,99.9791,99.9778
110.879955648,100.0,99.9791,99.9778
110.919955632,100.0,99.9791,99.9777
110.959955616,100.0,99.9791,99.9778
110.9999556,100.0,99.9791,99.9778
111.039955584,100.0,99.9791,99.9778
111.079955568,100.0,99.9791,99.9778
111.119955552,100.0,99.9791,99.9778
111.159955536,100.0,99.9792,99.9778
111.19995552,100.0,99.9792,99.9777
111.239955504,100.0,99.9793,99.9777
111.279955488,100.0,99.9793,99.9777
111.31995547199999,100.0,99.9793,99.9776
111.359955456,100.0,99.9793,99.9777
111.39995544,100.0,99.9793,99.9776
111.43995542399999,100.0,99.9793,99.9776
111.479955408,100.0,99.9793,99.9776
111.51995539199999,100.0,99.9793,99.9775
111.55995537599999,100.0,99.9794,99.9776
111.59995536,100.0,99.9793,99.9775
111.639955344,100.0,99.9793,99.9775
111.679955328,100.0,99.9793,99.9776
111.71995531200001,100.0,99.9794,99.9775
111.759955296,100.0,99.9794,99.9775
111.79995528,100.0,99.9795,99.9775
111.839955264,100.0,99.9794,99.9775
111.879955248,100.0,99.9794,99.9775
111.919955232,100.0,99.9794,99.9774
111.959955216,100.0,99.9793,99.9774
111.9999552,100.0,99.9793,99.9774
112.039955184,100.0,99.9793,99.9774
112.079955168,100.0,99.9794,99.9774
112.119955152,100.0,99.9793,99.9774
112.159955136,100.0,99.9794,99.9774
112.19995512,100.0,99.9794,99.9774
112.23995510399999,100.0,99.9794,99.9773
112.279955088,100.0,99.9794,99.9774
112.319955072,100.0,99.9794,99.9774
112.35995505599999,100.0,99.9794,99.9774
112.39995504,100.0,99.9794,99.9774
112.439955024,100.0,99.9794,99.9774
112.47995500799999,100.0,99.9795,99.9774
112.519954992,100.0,99.9795,99.9774
112.55995497599999,100.0,99.9795,99.9774
112.59995496,100.0,99.9796,99.9773
112.63995494400001,100.0,99.9796,99.9773
112.679954928,100.0,99.9797,99.9773
112.719954912,100.0,99.9796,99.9773
112.759954896,100.0,99.9797,99.9772
112.79995488,100.0,99.9797,99.9772
112.839954864,100.0,99.9797,99.9772
112.879954848,100.0,99.9798,99.9772
112.919954832,100.0,99.9798,99.9772
112.959954816,100.0,99.9798,99.9772
112.9999548,100.0,99.9799,99.9773
113.039954784,100.0,99.9798,99.9772
113.079954768,100.0,99.9799,99.9772
113.119954752,100.0,99.9799,99.9772
113.159954736,100.0,99.9799,99.9772
113.19995472,100.0,99.98,99.9772
113.239954704,100.0,99.98,99.9772
113.27995468799999,100.0,99.9801,99.9772
113.319954672,100.0,99.9801,99.9772
113.359954656,100.0,99.9801,99.9772
113.39995463999999,100.0,99.9801,99.9772
113.439954624,100.0,99.9801,99.9772
113.47995460799999,100.0,99.9802,99.9772
113.51995459199999,100.0,99.9802,99.9772
113.559954576,100.0,99.9802,99.9772
113.59995456,100.0,99.9803,99.9772
113.639954544,100.0,99.9803,99.9772
113.67995452800001,100.0,99.9803,99.9772
113.719954512,100.0,99.9804,99.9773
113.759954496,100.0,99.9804,99.9773
113.79995448,100.0,99.9805,99.9773
113.839954464,100.0,99.9805,99.9773
113.879954448,100.0,99.9805,99.9773
113.919954432,100.0,99.9806,99.9773
113.959954416,100.0,99.9806,99.9773
113.9999544,100.0,99.9807,99.9773
114.039954384,100.0,99.9807,99.9773
114.079954368,100.0,99.9807,99.9773
114.119954352,100.0,99.9808,99.9773
114.159954336,100.0,99.9808,99.9773
114.19995432,100.0,99.9809,99.9773
114.239954304,100.0,99.981,99.9773
114.279954288,100.0,99.981,99.9774
114.31995427199999,100.0,99.9811,99.9774
114.359954256,100.0,99.9811,99.9774
114.39995424,100.0,99.9811,99.9775
114.43995422399999,100.0,99.9812,99.9775
114.479954208,100.0,99.9812,99.9774
114.51995419199999,100.0,99.9813,99.9775
114.55995417599999,100.0,99.9813,99.9775
114.59995416000001,100.0,99.9814,99.9775
114.639954144,100.0,99.9814,99.9776
114.679954128,100.0,99.9814,99.9776
114.719954112,100.0,99.9814,99.9777
114.759954096,100.0,99.9814,99.9777
114.79995408,100.0,99.9815,99.9777
114.839954064,100.0,99.9815,99.9778
114.879954048,100.0,99.9815,99.9777
114.919954032,100.0,99.9816,99.9777
114.959954016,100.0,99.9816,99.9777
114.999954,100.0,99.9815,99.9777
115.039953984,100.0,99.9816,99.9778
115.079953968,100.0,99.9816,99.9777
115.119953952,100.0,99.9816,99.9778
115.159953936,100.0,99.9817,99.9778
115.19995392,100.0,99.9817,99.9778
115.23995390399999,100.0,99.9817,99.9778
115.279953888,100.0,99.9817,99.9778
115.319953872,100.0,99.9818,99.9778
115.35995385599999,100.0,99.9818,99.9778
115.39995384,100.0,99.9818,99.9779
115.439953824,100.0,99.9819,99.9779
115.47995380799999,100.0,99.9819,99.9778
115.519953792,100.0,99.982,99.9778
115.559953776,100.0,99.982,99.9779
115.59995376,100.0,99.982,99.9779
115.63995374400001,100.0,99.982,99.978
115.679953728,100.0,99.9819,99.9779
115.719953712,100.0,99.9819,99.9779
115.759953696,100.0,99.9819,99.978
115.79995368,100.0,99.9819,99.978
115.839953664,100.0,99.9819,99.978
115.879953648,100.0,99.9819,99.978
115.919953632,100.0,99.9819,99.978
115.95995361599999,100.0,99.9819,99.9781
115.9999536,100.0,99.9819,99.9781
116.039953584,100.0,99.9819,99.9781
116.079953568,100.0,99.9818,99.9781
116.119953552,100.0,99.9818,99.9781
116.159953536,100.0,99.9818,99.9781
116.19995352,100.0,99.9818,99.9781
116.239953504,100.0,99.9818,99.9782
116.27995348799999,100.0,99.9818,99.9781
116.319953472,100.0,99.9818,99.9781
116.359953456,100.0,99.9818,99.9781
116.39995343999999,100.0,99.9818,99.9781
116.439953424,100.0,99.9818,99.9782
116.47995340799999,100.0,99.9818,99.9782
116.51995339199999,100.0,99.9818,99.9782
116.55995337600001,100.0,99.9818,99.9782
116.59995336,100.0,99.9818,99.9782
116.639953344,100.0,99.9819,99.9782
116.67995332800001,100.0,99.9818,99.9782
116.719953312,100.0,99.9818,99.9782
116.759953296,100.0,99.9818,99.9783
116.79995328,100.0,99.9818,99.9783
116.839953264,100.0,99.9818,99.9783
116.879953248,100.0,99.9818,99.9783
116.919953232,100.0,99.9818,99.9783
116.959953216,100.0,99.9818,99.9784
116.9999532,100.0,99.9818,99.9783
117.039953184,100.0,99.9818,99.9784
117.079953168,100.0,99.9818,99.9784
117.119953152,100.0,99.9817,99.9784
117.159953136,100.0,99.9818,99.9785
117.19995311999999,100.0,99.9818,99.9786
117.239953104,100.0,99.9818,99.9786
117.279953088,100.0,99.9818,99.9786
117.31995307199999,100.0,99.9818,99.9786
117.359953056,100.0,99.9818,99.9787
117.39995304,100.0,99.9818,99.9787
117.43995302399999,100.0,99.9817,99.9787
117.479953008,100.0,99.9817,99.9787
117.51995299199999,100.0,99.9817,99.9787
117.559952976,100.0,99.9817,99.9787
117.59995296000001,100.0,99.9817,99.9787
117.639952944,100.0,99.9817,99.9787
117.679952928,100.0,99.9817,99.9788
117.719952912,100.0,99.9816,99.9789
117.759952896,100.0,99.9817,99.9789
117.79995288,100.0,99.9816,99.9789
117.839952864,100.0,99.9816,99.9789
117.879952848,100.0,99.9816,99.979
117.919952832,100.0,99.9816,99.9789
117.959952816,100.0,99.9816,99.979
117.9999528,100.0,99.9817,99.9791
118.039952784,100.0,99.9816,99.979
118.079952768,100.0,99.9817,99.9791
118.119952752,100.0,99.9816,99.9791
118.159952736,100.0,99.9816,99.9791
118.19995272,100.0,99.9817,99.9792
118.23995270399999,100.0,99.9817,99.9792
118.279952688,100.0,99.9818,99.9793
118.319952672,100.0,99.9818,99.9793
118.35995265599999,100.0,99.9818,99.9793
118.39995264,100.0,99.9819,99.9794
118.43995262399999,100.0,99.982,99.9794
118.47995260799999,100.0,99.982,99.9794
118.519952592,100.0,99.9821,99.9794
118.559952576,100.0,99.9821,99.9795
118.59995256,100.0,99.9822,99.9795
118.63995254400001,100.0,99.9821,99.9795
118.679952528,100.0,99.9822,99.9796
118.719952512,100.0,99.9822,99.9796
118.759952496,100.0,99.9822,99.9796
118.79995248,100.0,99.9823,99.9796
118.839952464,100.0,99.9824,99.9796
118.879952448,100.0,99.9825,99.9798
118.919952432,100.0,99.9825,99.9798
118.959952416,100.0,99.9825,99.9798
118.9999524,100.0,99.9826,99.9798
119.039952384,100.0,99.9826,99.9798
119.079952368,100.0,99.9827,99.9799
119.119952352,100.0,99.9827,99.9799
119.159952336,100.0,99.9827,99.9799
119.19995232,100.0,99.9828,99.98
119.239952304,100.0,99.9828,99.98
119.27995228799999,100.0,99.9829,99.98
119.319952272,100.0,99.9829,99.98
119.359952256,100.0,99.983,99.98
119.39995223999999,100.0,99.983,99.98
119.439952224,100.0,99.983,99.9801
119.47995220799999,100.0,99.983,99.9801
119.51995219199999,100.0,99.9831,99.9802
119.55995217600001,100.0,99.983,99.9802
119.59995216,100.0,99.9831,99.9802
119.639952144,100.0,99.9831,99.9802
119.679952128,100.0,99.9831,99.9802
119.719952112,100.0,99.9832,99.9803
119.759952096,100.0,99.9832,99.9803
119.79995208,100.0,99.9833,99.9804
119.839952064,100.0,99.9832,99.9804
119.879952048,100.0,99.9833,99.9804
119.919952032,100.0,99.9833,99.9804
119.959952016,100.0,99.9834,99.9804
119.999952,100.0,99.9835,99.9804
120.039951984,100.0,99.9835,99.9804
120.079951968,100.0,99.9835,99.9804
120.119951952,100.0,99.9836,99.9805
120.159951936,100.0,99.9835,99.9804
120.19995191999999,100.0,99.9836,99.9805
120.239951904,100.0,99.9836,99.9805
120.279951888,100.0,99.9837,99.9805
120.31995187199999,100.0,99.9837,99.9804
120.359951856,100.0,99.9837,99.9804
120.39995184,100.0,99.9837,99.9804
120.43995182399999,100.0,99.9837,99.9804
120.479951808,100.0,99.9837,99.9804
120.519951792,100.0,99.9837,99.9805
120.559951776,100.0,99.9837,99.9804
120.59995176000001,100.0,99.9838,99.9804
120.639951744,100.0,99.9838,99.9805
120.679951728,100.0,99.9838,99.9804
120.719951712,100.0,99.9838,99.9805
120.759951696,100.0,99.9838,99.9804
120.79995168,100.0,99.9838,99.9804
120.839951664,100.0,99.9839,99.9804
120.879951648,100.0,99.9838,99.9803
120.919951632,100.0,99.9839,99.9804
120.959951616,100.0,99.9839,99.9804
120.9999516,100.0,99.9839,99.9804
121.039951584,100.0,99.984,99.9804
121.079951568,100.0,99.984,99.9803
121.119951552,100.0,99.984,99.9803
121.159951536,100.0,99.984,99.9804
121.19995152,100.0,99.984,99.9803
121.23995150399999,100.0,99.9841,99.9803
121.279951488,100.0,99.9841,99.9803
121.319951472,100.0,99.9841,99.9803
121.35995145599999,100.0,99.9841,99.9804
121.39995144,100.0,99.9841,99.9803
121.43995142399999,100.0,99.9841,99.9804
121.47995140799999,100.0,99.9842,99.9803
121.519951392,100.0,99.9841,99.9804
121.559951376,100.0,99.9841,99.9803
121.59995136,100.0,99.9841,99.9803
121.63995134400001,100.0,99.9841,99.9804
121.679951328,100.0,99.9841,99.9803
121.719951312,100.0,99.984,99.9804
121.759951296,100.0,99.984,99.9804
121.79995128,100.0,99.984,99.9803
121.839951264,100.0,99.984,99.9804
121.879951248,100.0,99.984,99.9804
121.919951232,100.0,99.984,99.9804
121.959951216,100.0,99.9841,99.9804
121.9999512,100.0,99.9841,99.9803
122.039951184,100.0,99.9841,99.9804
122.079951168,100.0,99.9841,99.9804
122.119951152,100.0,99.9842,99.9804
122.15995113599999,100.0,99.9842,99.9804
122.19995112,100.0,99.9842,99.9803
122.239951104,100.0,99.9842,99.9804
122.27995108799999,100.0,99.9842,99.9804
122.319951072,100.0,99.9842,99.9804
122.359951056,100.0,99.9843,99.9804
122.39995103999999,100.0,99.9843,99.9804
122.439951024,100.0,99.9843,99.9804
122.47995100799999,100.0,99.9843,99.9804
122.519950992,100.0,99.9843,99.9805
122.55995097600001,100.0,99.9844,99.9805
122.59995096,100.0,99.9843,99.9805
122.639950944,100.0,99.9844,99.9805
122.679950928,100.0,99.9844,99.9806
122.719950912,100.0,99.9844,99.9805
122.759950896,100.0,99.9845,99.9806
122.79995088,100.0,99.9845,99.9806
122.839950864,100.0,99.9845,99.9806
122.879950848,100.0,99.9845,99.9807
122.919950832,100.0,99.9845,99.9808
122.959950816,100.0,99.9845,99.9808
122.9999508,100.0,99.9844,99.9808
123.039950784,100.0,99.9845,99.9808
123.079950768,100.0,99.9845,99.9808
123.119950752,100.0,99.9845,99.9808
123.159950736,100.0,99.9845,99.9808
123.19995071999999,100.0,99.9845,99.9808
123.239950704,100.0,99.9845,99.9808
123.279950688,100.0,99.9845,99.9808
123.31995067199999,100.0,99.9845,99.9808
123.359950656,100.0,99.9845,99.9809
123.39995063999999,100.0,99.9845,99.9809
123.43995062399999,100.0,99.9844,99.9809
123.479950608,100.0,99.9845,99.9809
123.519950592,100.0,99.9844,99.9809
123.559950576,100.0,99.9844,99.981
123.59995056000001,100.0,99.9844,99.981
123.639950544,100.0,99.9844,99.9811
123.679950528,100.0,99.9844,99.9811
123.719950512,100.0,99.9844,99.9811
123.759950496,100.0,99.9845,99.9812
123.79995048,100.0,99.9845,99.9811
123.839950464,100.0,99.9845,99.9811
123.879950448,100.0,99.9844,99.9812
123.919950432,100.0,99.9844,99.9812
123.959950416,100.0,99.9844,99.9812
123.9999504,100.0,99.9844,99.9813
124.039950384,100.0,99.9844,99.9812
124.079950368,100.0,99.9845,99.9813
124.11995035199999,100.0,99.9844,99.9813
124.159950336,100.0,99.9844,99.9813
124.19995032,100.0,99.9844,99.9814
124.23995030399999,100.0,99.9843,99.9814
124.279950288,100.0,99.9843,99.9815
124.319950272,100.0,99.9843,99.9815
124.35995025599999,100.0,99.9842,99.9815
124.39995024,100.0,99.9842,99.9815
124.43995022399999,100.0,99.9841,99.9815
124.47995020799999,100.0,99.9841,99.9815
124.51995019200001,100.0,99.9841,99.9815
124.559950176,100.0,99.984,99.9815
124.59995016,100.0,99.984,99.9815
124.639950144,100.0,99.9839,99.9815
124.679950128,100.0,99.9839,99.9814
124.719950112,100.0,99.9839,99.9814
124.759950096,100.0,99.9838,99.9814
124.79995008,100.0,99.9838,99.9814
124.839950064,100.0,99.9837,99.9814
124.879950048,100.0,99.9836,99.9814
124.919950032,100.0,99.9836,99.9814
124.959950016,100.0,99.9835,99.9814
124.99995,100.0,99.9835,99.9814
125.039949984,100.0,99.9834,99.9813
125.07994996800001,100.0,99.9834,99.9813
125.11994995199998,100.0,99.9833,99.9813
125.15994993599999,100.0,99.9832,99.9813
125.19994992,100.0,99.9831,99.9813
125.239949904,100.0,99.9831,99.9813
125.279949888,100.0,99.983,99.9812
125.31994987199998,100.0,99.9829,99.9813
125.35994985599999,100.0,99.9829,99.9813
125.39994983999999,100.0,99.9829,99.9812
125.439949824,100.0,99.9829,99.9812
125.479949808,100.0,99.9828,99.9812
125.51994979199999,100.0,99.9827,99.9811
125.559949776,100.0,99.9827,99.9811
125.59994976,100.0,99.9826,99.981
125.639949744,100.0,99.9826,99.9811
125.67994972800001,100.0,99.9826,99.981
125.71994971200002,100.0,99.9825,99.981
125.75994969599999,100.0,99.9825,99.981
125.79994968,100.0,99.9825,99.981
125.839949664,100.0,99.9824,99.9809
125.87994964800001,100.0,99.9823,99.9809
125.91994963200001,100.0,99.9823,99.9809
125.95994961599999,100.0,99.9822,99.9808
125.9999496,100.0,99.9822,99.9808
126.039949584,100.0,99.9822,99.9808
126.079949568,100.0,99.9821,99.9807
126.11994955200001,100.0,99.9821,99.9806
126.15994953599998,100.0,99.9821,99.9806
126.19994951999999,100.0,99.9821,99.9805
126.239949504,100.0,99.9821,99.9805
126.279949488,100.0,99.982,99.9805
126.319949472,100.0,99.9819,99.9805
126.35994945599998,100.0,99.9818,99.9805
126.39994943999999,100.0,99.9818,99.9804
126.43994942399999,100.0,99.9818,99.9805
126.47994940800001,100.0,99.9817,99.9804
126.51994939200002,100.0,99.9817,99.9804
126.55994937599999,100.0,99.9816,99.9804
126.59994936,100.0,99.9816,99.9803
126.639949344,100.0,99.9816,99.9803
126.679949328,100.0,99.9815,99.9803
126.71994931200001,100.0,99.9815,99.9803
126.75994929599999,100.0,99.9815,99.9802
126.79994927999999,100.0,99.9814,99.9802
126.839949264,100.0,99.9814,99.9801
126.879949248,100.0,99.9814,99.98
126.91994923200001,100.0,99.9813,99.98
126.95994921600001,100.0,99.9812,99.9799
126.99994919999999,100.0,99.9812,99.9799
127.039949184,100.0,99.9811,99.9798
127.079949168,100.0,99.9811,99.9798
127.119949152,100.0,99.9811,99.9798
127.15994913600001,100.0,99.9811,99.9797
127.19994911999999,100.0,99.9811,99.9797
127.23994910399999,100.0,99.981,99.9797
127.279949088,100.0,99.981,99.9796
127.319949072,100.0,99.981,99.9796
127.359949056,100.0,99.9809,99.9796
127.39994903999998,100.0,99.9809,99.9795
127.43994902399999,100.0,99.9809,99.9795
127.479949008,100.0,99.9809,99.9795
127.51994899200001,100.0,99.9808,99.9794
127.55994897600002,100.0,99.9808,99.9793
127.59994895999999,100.0,99.9808,99.9793
127.639948944,100.0,99.9808,99.9793
127.679948928,100.0,99.9808,99.9792
127.719948912,100.0,99.9808,99.9792
127.75994889600001,100.0,99.9807,99.9792
127.79994887999999,100.0,99.9807,99.9792
127.839948864,100.0,99.9807,99.9791
127.879948848,100.0,99.9807,99.9792
127.919948832,100.0,99.9807,99.9791
127.95994881600001,100.0,99.9807,99.9791
127.99994879999998,100.0,99.9807,99.9791
128.039948784,100.0,99.9807,99.979
128.079948768,100.0,99.9807,99.979
128.119948752,100.0,99.9807,99.979
128.15994873600002,100.0,99.9807,99.9789
128.19994872,100.0,99.9807,99.9789
128.239948704,100.0,99.9807,99.9789
128.279948688,100.0,99.9807,99.9788
128.319948672,100.0,99.9807,99.9788
128.359948656,100.0,99.9807,99.9787
128.39994864000002,100.0,99.9806,99.9787
128.43994862399998,100.0,99.9806,99.9787
128.479948608,100.0,99.9806,99.9786
128.519948592,100.0,99.9806,99.9786
128.559948576,100.0,99.9805,99.9786
128.59994856,100.0,99.9805,99.9786
128.639948544,100.0,99.9805,99.9786
128.67994852799998,100.0,99.9804,99.9786
128.719948512,100.0,99.9804,99.9786
128.759948496,100.0,99.9804,99.9785
128.79994848,100.0,99.9803,99.9785
128.83994846399997,100.0,99.9803,99.9785
128.879948448,100.0,99.9802,99.9784
128.91994843199998,100.0,99.9801,99.9784
128.959948416,100.0,99.9801,99.9784
128.99994840000002,100.0,99.9801,99.9783
129.03994838399998,100.0,99.9801,99.9783
129.079948368,100.0,99.98,99.9783
129.119948352,100.0,99.98,99.9783
129.159948336,100.0,99.98,99.9783
129.19994832,100.0,99.98,99.9783
129.239948304,100.0,99.98,99.9783
129.27994828799999,100.0,99.9799,99.9782
129.319948272,100.0,99.9799,99.9782
129.359948256,100.0,99.9799,99.9781
129.39994824000001,100.0,99.9798,99.9781
129.43994822399998,100.0,99.9798,99.9781
129.479948208,100.0,99.9798,99.978
129.519948192,100.0,99.9799,99.978
129.559948176,100.0,99.9798,99.978
129.59994816,100.0,99.9798,99.978
129.63994814400002,100.0,99.9798,99.9779
129.67994812799998,100.0,99.9798,99.9779
129.719948112,100.0,99.9798,99.9779
129.759948096,100.0,99.9797,99.9778
129.79994808,100.0,99.9797,99.9778
129.839948064,100.0,99.9797,99.9778
129.879948048,100.0,99.9797,99.9777
129.91994803199998,100.0,99.9797,99.9777
129.959948016,100.0,99.9797,99.9777
129.99994800000002,100.0,99.9796,99.9776
130.039947984,100.0,99.9796,99.9776
130.079947968,100.0,99.9796,99.9776
130.119947952,100.0,99.9796,99.9776
130.159947936,100.0,99.9796,99.9776
130.19994792,100.0,99.9795,99.9776
130.23994790400002,100.0,99.9795,99.9776
130.27994788799998,100.0,99.9795,99.9775
130.319947872,100.0,99.9795,99.9774
130.359947856,100.0,99.9795,99.9774
130.39994784,100.0,99.9794,99.9774
130.439947824,100.0,99.9795,99.9773
130.479947808,100.0,99.9794,99.9773
130.51994779199998,100.0,99.9794,99.9772
130.559947776,100.0,99.9794,99.9772
130.59994776,100.0,99.9793,99.9771
130.639947744,100.0,99.9794,99.9771
130.67994772799997,100.0,99.9793,99.9771
130.719947712,100.0,99.9794,99.977
130.75994769599998,100.0,99.9794,99.977
130.79994768,100.0,99.9794,99.977
130.839947664,100.0,99.9794,99.977
130.879947648,100.0,99.9794,99.977
130.919947632,100.0,99.9793,99.9769
130.959947616,100.0,99.9794,99.9769
130.9999476,100.0,99.9794,99.9769
131.039947584,100.0,99.9794,99.9769
131.07994756800002,100.0,99.9793,99.9768
131.11994755199999,100.0,99.9793,99.9768
131.159947536,100.0,99.9794,99.9768
131.19994752,100.0,99.9793,99.9768
131.239947504,100.0,99.9793,99.9768
131.279947488,100.0,99.9793,99.9768
131.319947472,100.0,99.9793,99.9767
131.359947456,100.0,99.9793,99.9768
131.39994744,100.0,99.9793,99.9768
131.439947424,100.0,99.9793,99.9768
131.47994740800002,100.0,99.9793,99.9768
131.51994739199998,100.0,99.9793,99.9768
131.559947376,100.0,99.9793,99.9768
131.59994736,100.0,99.9793,99.9768
131.639947344,100.0,99.9793,99.9768
131.679947328,100.0,99.9793,99.9768
131.719947312,100.0,99.9793,99.9767
131.75994729599998,100.0,99.9793,99.9768
131.79994728,100.0,99.9794,99.9768
131.839947264,100.0,99.9794,99.9767
131.879947248,100.0,99.9794,99.9768
131.919947232,100.0,99.9793,99.9768
131.959947216,100.0,99.9794,99.9768
131.9999472,100.0,99.9794,99.9768
132.039947184,100.0,99.9794,99.9768
132.07994716800002,100.0,99.9795,99.9768
132.119947152,100.0,99.9794,99.9768
132.159947136,100.0,99.9794,99.9768
132.19994712,100.0,99.9795,99.9768
132.239947104,100.0,99.9794,99.9768
132.279947088,100.0,99.9795,99.9769
132.31994707200002,100.0,99.9794,99.9769
132.35994705599998,100.0,99.9794,99.9768
132.39994704,100.0,99.9794,99.9768
132.439947024,100.0,99.9794,99.9768
132.479947008,100.0,99.9794,99.9768
132.519946992,100.0,99.9793,99.9768
132.559946976,100.0,99.9793,99.9769
132.59994695999998,100.0,99.9793,99.9769
132.639946944,100.0,99.9793,99.9769
132.679946928,100.0,99.9794,99.9769
132.719946912,100.0,99.9794,99.9769
132.75994689599997,100.0,99.9794,99.9769
132.79994688,100.0,99.9794,99.977
132.83994686399998,100.0,99.9794,99.977
132.879946848,100.0,99.9794,99.977
132.919946832,100.0,99.9795,99.977
132.95994681599998,100.0,99.9795,99.977
132.9999468,100.0,99.9795,99.977
133.039946784,100.0,99.9795,99.9769
133.079946768,100.0,99.9795,99.977
133.119946752,100.0,99.9795,99.977
133.159946736,100.0,99.9795,99.977
133.19994671999999,100.0,99.9796,99.977
133.239946704,100.0,99.9796,99.977
133.279946688,100.0,99.9796,99.977
133.31994667200001,100.0,99.9796,99.9771
133.359946656,100.0,99.9796,99.977
133.39994664,100.0,99.9797,99.977
133.439946624,100.0,99.9797,99.977
133.479946608,100.0,99.9797,99.9771
133.519946592,100.0,99.9798,99.9771
133.55994657600002,100.0,99.9798,99.9771
133.59994655999998,100.0,99.9798,99.9771
133.639946544,100.0,99.9798,99.9771
133.679946528,100.0,99.9798,99.9772
133.719946512,100.0,99.9799,99.9772
133.759946496,100.0,99.98,99.9772
133.79994648,100.0,99.98,99.9773
133.83994646399998,100.0,99.98,99.9772
133.879946448,100.0,99.9801,99.9772
133.91994643200002,100.0,99.9801,99.9773
133.959946416,100.0,99.9801,99.9773
133.9999464,100.0,99.9802,99.9773
134.039946384,100.0,99.9802,99.9773
134.079946368,100.0,99.9802,99.9773
134.119946352,100.0,99.9803,99.9774
134.15994633600002,100.0,99.9803,99.9774
134.19994631999998,100.0,99.9804,99.9774
134.239946304,100.0,99.9804,99.9774
134.279946288,100.0,99.9805,99.9774
134.319946272,100.0,99.9806,99.9774
134.359946256,100.0,99.9806,99.9773
134.39994624,100.0,99.9806,99.9774
134.43994622399998,100.0,99.9807,99.9774
134.479946208,100.0,99.9807,99.9774
134.519946192,100.0,99.9809,99.9774
134.559946176,100.0,99.9809,99.9774
134.59994616,100.0,99.9809,99.9774
134.639946144,100.0,99.981,99.9774
134.67994612799998,100.0,99.9811,99.9774
134.719946112,100.0,99.9811,99.9774
134.759946096,100.0,99.9812,99.9774
134.79994608,100.0,99.9812,99.9774
134.83994606399997,100.0,99.9813,99.9774
134.879946048,100.0,99.9813,99.9774
134.919946032,100.0,99.9814,99.9774
134.959946016,100.0,99.9814,99.9774
134.99994600000002,100.0,99.9814,99.9774
135.03994598399998,100.0,99.9815,99.9775
135.079945968,100.0,99.9815,99.9776
135.119945952,100.0,99.9815,99.9776
135.159945936,100.0,99.9816,99.9776
135.19994592,100.0,99.9816,99.9776
135.239945904,100.0,99.9816,99.9776
135.279945888,100.0,99.9817,99.9776
135.319945872,100.0,99.9818,99.9776
135.359945856,100.0,99.9818,99.9776
135.39994584000002,100.0,99.9818,99.9775
135.43994582399998,100.0,99.9819,99.9775
135.479945808,100.0,99.9819,99.9775
135.519945792,100.0,99.9821,99.9775
135.559945776,100.0,99.9821,99.9775
135.59994576,100.0,99.9822,99.9775
135.639945744,100.0,99.9823,99.9776
135.67994572799998,100.0,99.9823,99.9775
135.719945712,100.0,99.9824,99.9775
135.759945696,100.0,99.9824,99.9775
135.79994568,100.0,99.9825,99.9775
135.839945664,100.0,99.9825,99.9775
135.879945648,100.0,99.9825,99.9776
135.919945632,100.0,99.9826,99.9776
135.959945616,100.0,99.9826,99.9776
135.99994560000002,100.0,99.9827,99.9776
136.039945584,100.0,99.9827,99.9776
136.079945568,100.0,99.9827,99.9776
136.119945552,100.0,99.9827,99.9776
136.159945536,100.0,99.9828,99.9776
136.19994552,100.0,99.9828,99.9777
136.23994550400002,100.0,99.9829,99.9777
136.27994548799998,100.0,99.9829,99.9777
136.319945472,100.0,99.983,99.9777
136.359945456,100.0,99.983,99.9778
136.39994544,100.0,99.983,99.9777
136.439945424,100.0,99.983,99.9778
136.479945408,100.0,99.983,99.9778
136.51994539199998,100.0,99.983,99.9778
136.559945376,100.0,99.9831,99.9779
136.59994536,100.0,99.983,99.9779
136.639945344,100.0,99.983,99.9779
136.67994532799997,100.0,99.983,99.9779
136.719945312,100.0,99.983,99.9779
136.75994529599998,100.0,99.9831,99.978
136.79994528,100.0,99.983,99.978
136.839945264,100.0,99.9831,99.978
136.87994524799998,100.0,99.983,99.978
136.919945232,100.0,99.983,99.978
136.959945216,100.0,99.983,99.9781
136.9999452,100.0,99.983,99.9781
137.039945184,100.0,99.983,99.9782
137.07994516800002,100.0,99.983,99.9782
137.11994515199999,100.0,99.983,99.9782
137.159945136,100.0,99.983,99.9782
137.19994512,100.0,99.983,99.9782
137.23994510400001,100.0,99.983,99.9782
137.279945088,100.0,99.983,99.9782
137.319945072,100.0,99.9829,99.9782
137.359945056,100.0,99.9829,99.9783
137.39994504,100.0,99.9829,99.9783
137.439945024,100.0,99.9828,99.9783
137.47994500800002,100.0,99.9828,99.9783
137.51994499199998,100.0,99.9827,99.9784
137.559944976,100.0,99.9827,99.9784
137.59994496,100.0,99.9827,99.9784
137.639944944,100.0,99.9826,99.9784
137.679944928,100.0,99.9826,99.9785
137.719944912,100.0,99.9826,99.9785
137.75994489599998,100.0,99.9826,99.9786
137.79994488,100.0,99.9825,99.9786
137.839944864,100.0,99.9825,99.9786
137.879944848,100.0,99.9825,99.9787
137.919944832,100.0,99.9824,99.9787
137.959944816,100.0,99.9824,99.9787
137.9999448,100.0,99.9824,99.9788
138.039944784,100.0,99.9824,99.9788
138.07994476800002,100.0,99.9824,99.9789
138.11994475199998,100.0,99.9824,99.9789
138.159944736,100.0,99.9824,99.9789
138.19994472,100.0,99.9823,99.9789
138.239944704,100.0,99.9823,99.9789
138.279944688,100.0,99.9824,99.9789
138.31994467200002,100.0,99.9823,99.9789
138.35994465599998,100.0,99.9823,99.9789
138.39994464,100.0,99.9823,99.9789
138.439944624,100.0,99.9823,99.979
138.479944608,100.0,99.9823,99.979
138.519944592,100.0,99.9823,99.979
138.559944576,100.0,99.9823,99.9791
138.59994455999998,100.0,99.9823,99.9791
138.639944544,100.0,99.9822,99.9791
138.679944528,100.0,99.9822,99.9791
138.719944512,100.0,99.9822,99.9791
138.75994449599997,100.0,99.9821,99.9792
138.79994448,100.0,99.9821,99.9792
138.83994446399998,100.0,99.982,99.9792
138.879944448,100.0,99.9821,99.9793
138.91994443200002,100.0,99.982,99.9793
138.95994441599998,100.0,99.982,99.9793
138.9999444,100.0,99.9819,99.9793
139.039944384,100.0,99.9819,99.9793
139.079944368,100.0,99.9819,99.9793
139.119944352,100.0,99.9818,99.9793
139.159944336,100.0,99.9818,99.9794
139.19994432,100.0,99.9819,99.9794
139.239944304,100.0,99.9819,99.9794
139.279944288,100.0,99.9819,99.9794
139.31994427200001,100.0,99.9818,99.9794
139.35994425599998,100.0,99.9818,99.9795
139.39994424,100.0,99.9818,99.9795
139.439944224,100.0,99.9817,99.9794
139.479944208,100.0,99.9817,99.9795
139.519944192,100.0,99.9817,99.9795
139.55994417600002,100.0,99.9817,99.9795
139.59994415999998,100.0,99.9818,99.9795
139.639944144,100.0,99.9817,99.9795
139.679944128,100.0,99.9818,99.9795
139.719944112,100.0,99.9817,99.9795
139.759944096,100.0,99.9817,99.9795
139.79994408,100.0,99.9818,99.9796
139.83994406399998,100.0,99.9818,99.9796
139.879944048,100.0,99.9818,99.9796
139.91994403200002,100.0,99.9818,99.9797
139.959944016,100.0,99.9818,99.9796
139.999944,100.0,99.9818,99.9797
140.039943984,100.0,99.9818,99.9797
140.079943968,100.0,99.9818,99.9797
140.119943952,100.0,99.9818,99.9797
140.15994393600002,100.0,99.9818,99.9797
140.19994391999998,100.0,99.9818,99.9797
140.239943904,100.0,99.9818,99.9797
140.279943888,100.0,99.9818,99.9797
140.319943872,100.0,99.9818,99.9797
140.359943856,100.0,99.9818,99.9797
140.39994384,100.0,99.9818,99.9797
140.43994382399998,100.0,99.9818,99.9797
140.479943808,100.0,99.9818,99.9797
140.519943792,100.0,99.9819,99.9798
140.559943776,100.0,99.9818,99.9797
140.59994375999997,100.0,99.9819,99.9798
140.639943744,100.0,99.982,99.9798
140.67994372799998,100.0,99.9819,99.9798
140.719943712,100.0,99.982,99.9797
140.759943696,100.0,99.9819,99.9797
140.79994368,100.0,99.982,99.9798
140.83994366399997,100.0,99.982,99.9798
140.879943648,100.0,99.982,99.9798
140.919943632,100.0,99.9821,99.9798
140.959943616,100.0,99.982,99.9797
140.99994360000002,100.0,99.982,99.9798
141.03994358399999,100.0,99.982,99.9798
141.079943568,100.0,99.982,99.9798
141.119943552,100.0,99.9821,99.9797
141.15994353600001,100.0,99.982,99.9797
141.19994352,100.0,99.982,99.9797
141.239943504,100.0,99.982,99.9797
141.279943488,100.0,99.982,99.9796
141.319943472,100.0,99.982,99.9797
141.359943456,100.0,99.982,99.9797
141.39994344000002,100.0,99.982,99.9797
141.43994342399998,100.0,99.982,99.9796
141.479943408,100.0,99.982,99.9796
141.519943392,100.0,99.982,99.9796
141.559943376,100.0,99.982,99.9796
141.59994336,100.0,99.982,99.9796
141.639943344,100.0,99.982,99.9797
141.67994332799998,100.0,99.982,99.9796
141.719943312,100.0,99.982,99.9797
141.759943296,100.0,99.982,99.9796
141.79994328,100.0,99.9821,99.9797
141.839943264,100.0,99.9821,99.9797
141.879943248,100.0,99.9821,99.9796
141.919943232,100.0,99.9821,99.9796
141.959943216,100.0,99.9822,99.9796
141.99994320000002,100.0,99.9822,99.9797
142.039943184,100.0,99.9823,99.9797
142.079943168,100.0,99.9823,99.9796
142.119943152,100.0,99.9823,99.9797
142.159943136,100.0,99.9823,99.9797
142.19994312,100.0,99.9824,99.9797
142.23994310400002,100.0,99.9825,99.9797
142.27994308799998,100.0,99.9825,99.9797
142.319943072,100.0,99.9825,99.9797
142.359943056,100.0,99.9825,99.9797
142.39994304,100.0,99.9824,99.9797
142.439943024,100.0,99.9824,99.9798
142.479943008,100.0,99.9824,99.9797
142.51994299199998,100.0,99.9824,99.9797
142.559942976,100.0,99.9824,99.9797
142.59994296,100.0,99.9824,99.9796
142.639942944,100.0,99.9825,99.9797
142.67994292799997,100.0,99.9825,99.9796
142.719942912,100.0,99.9825,99.9797
142.75994289599998,100.0,99.9824,99.9797
142.79994288,100.0,99.9825,99.9797
142.839942864,100.0,99.9825,99.9797
142.87994284799998,100.0,99.9824,99.9797
142.919942832,100.0,99.9824,99.9797
142.959942816,100.0,99.9824,99.9797
142.9999428,100.0,99.9824,99.9796
143.039942784,100.0,99.9824,99.9796
143.079942768,100.0,99.9824,99.9796
143.119942752,100.0,99.9823,99.9796
143.159942736,100.0,99.9824,99.9796
143.19994272,100.0,99.9823,99.9796
143.23994270400001,100.0,99.9824,99.9796
143.279942688,100.0,99.9824,99.9796
143.319942672,100.0,99.9824,99.9796
143.359942656,100.0,99.9824,99.9797
143.39994264,100.0,99.9824,99.9796
143.439942624,100.0,99.9824,99.9796
143.47994260800002,100.0,99.9824,99.9797
143.51994259199998,100.0,99.9823,99.9796
143.559942576,100.0,99.9824,99.9797
143.59994256,100.0,99.9823,99.9796
143.639942544,100.0,99.9824,99.9796
143.679942528,100.0,99.9824,99.9797
143.719942512,100.0,99.9823,99.9796
143.75994249599998,100.0,99.9823,99.9796
143.79994248,100.0,99.9822,99.9796
143.839942464,100.0,99.9822,99.9796
143.879942448,100.0,99.9822,99.9796
143.919942432,100.0,99.9822,99.9796
143.959942416,100.0,99.9822,99.9796
143.9999424,100.0,99.9822,99.9796
144.039942384,100.0,99.9822,99.9795
144.07994236800002,100.0,99.9821,99.9795
144.11994235199998,100.0,99.9821,99.9795
144.159942336,100.0,99.9821,99.9796
144.19994232,100.0,99.982,99.9796
144.239942304,100.0,99.982,99.9796
144.279942288,100.0,99.9821,99.9796
144.319942272,100.0,99.982,99.9795
144.35994225599998,100.0,99.982,99.9795
144.39994224,100.0,99.982,99.9795
144.439942224,100.0,99.9819,99.9795
144.479942208,100.0,99.9819,99.9795
144.519942192,100.0,99.9819,99.9795
144.559942176,100.0,99.9819,99.9794
144.59994215999998,100.0,99.9818,99.9794
144.639942144,100.0,99.9818,99.9794
144.679942128,100.0,99.9818,99.9794
144.719942112,100.0,99.9817,99.9793
144.75994209599997,100.0,99.9816,99.9793
144.79994208,100.0,99.9816,99.9793
144.839942064,100.0,99.9816,99.9792
144.879942048,100.0,99.9815,99.9792
144.91994203200002,100.0,99.9815,99.9792
144.95994201599999,100.0,99.9814,99.9792
144.999942,100.0,99.9814,99.9792
145.039941984,100.0,99.9813,99.9791
145.079941968,100.0,99.9813,99.9792
145.119941952,100.0,99.9812,99.9791
145.159941936,100.0,99.9812,99.9791
145.19994192,100.0,99.9811,99.9791
145.239941904,100.0,99.981,99.9791
145.279941888,100.0,99.981,99.9791
145.31994187200002,100.0,99.9808,99.9791
145.35994185599998,100.0,99.9808,99.979
145.39994184,100.0,99.9807,99.979
145.439941824,100.0,99.9806,99.979
145.479941808,100.0,99.9806,99.979
145.519941792,100.0,99.9805,99.979
145.559941776,100.0,99.9805,99.9789
145.59994175999998,100.0,99.9805,99.9789
145.639941744,100.0,99.9804,99.9789
145.679941728,100.0,99.9804,99.9789
145.719941712,100.0,99.9803,99.9788
145.759941696,100.0,99.9803,99.9788
145.79994168,100.0,99.9802,99.9788
145.839941664,100.0,99.9802,99.9787
145.879941648,100.0,99.9802,99.9787
145.91994163200002,100.0,99.9801,99.9786
145.959941616,100.0,99.9801,99.9786
145.9999416,100.0,99.98,99.9786
146.039941584,100.0,99.9799,99.9785
146.079941568,100.0,99.9798,99.9785
146.119941552,100.0,99.9798,99.9785
146.15994153600002,100.0,99.9797,99.9784
146.19994151999998,100.0,99.9797,99.9784
146.239941504,100.0,99.9796,99.9784
146.279941488,100.0,99.9795,99.9783
146.319941472,100.0,99.9795,99.9783
146.359941456,100.0,99.9795,99.9783
146.39994144,100.0,99.9794,99.9783
146.43994142399998,100.0,99.9794,99.9782
146.479941408,100.0,99.9793,99.9781
146.519941392,100.0,99.9793,99.9781
146.559941376,100.0,99.9791,99.978
146.59994135999997,100.0,99.9791,99.978
146.639941344,100.0,99.9791,99.9779
146.67994132799998,100.0,99.979,99.9779
146.719941312,100.0,99.979,99.9779
146.759941296,100.0,99.9789,99.9778
146.79994127999998,100.0,99.9788,99.9778
146.839941264,100.0,99.9788,99.9778
146.879941248,100.0,99.9787,99.9777
146.919941232,100.0,99.9787,99.9777
146.959941216,100.0,99.9786,99.9777
146.99994120000002,100.0,99.9786,99.9776
147.03994118399999,100.0,99.9786,99.9776
147.079941168,100.0,99.9785,99.9776
147.119941152,100.0,99.9784,99.9776
147.15994113600001,100.0,99.9784,99.9775
147.19994112,100.0,99.9784,99.9775
147.239941104,100.0,99.9783,99.9774
147.279941088,100.0,99.9782,99.9774
147.319941072,100.0,99.9782,99.9773
147.359941056,100.0,99.9782,99.9773
147.39994104000002,100.0,99.9782,99.9772
147.43994102399998,100.0,99.9782,99.9772
147.479941008,100.0,99.9781,99.9771
147.519940992,100.0,99.9781,99.9771
147.559940976,100.0,99.978,99.9771
147.59994096,100.0,99.9779,99.977
147.639940944,100.0,99.978,99.977
147.67994092799998,100.0,99.9779,99.977
147.719940912,100.0,99.9779,99.977
147.759940896,100.0,99.9779,99.977
147.79994088,100.0,99.9779,99.977
147.839940864,100.0,99.9779,99.9769
147.879940848,100.0,99.9779,99.9769
147.919940832,100.0,99.9779,99.9769
147.959940816,100.0,99.9779,99.9769
147.99994080000002,100.0,99.9779,99.9769
148.03994078399998,100.0,99.9779,99.9769
148.079940768,100.0,99.9778,99.9768
148.119940752,100.0,99.9778,99.9768
148.159940736,100.0,99.9778,99.9768
148.19994072,100.0,99.9778,99.9768
148.23994070400002,100.0,99.9778,99.9768
148.27994068799998,100.0,99.9778,99.9767
148.319940672,100.0,99.9778,99.9767
148.359940656,100.0,99.9778,99.9767
148.39994064,100.0,99.9777,99.9766
148.439940624,100.0,99.9777,99.9766
148.479940608,100.0,99.9777,99.9766
148.51994059199998,100.0,99.9777,99.9766
148.559940576,100.0,99.9777,99.9766
148.59994056,100.0,99.9777,99.9765
148.639940544,100.0,99.9777,99.9765
148.67994052799997,100.0,99.9777,99.9765
148.719940512,100.0,99.9777,99.9765
148.75994049599998,100.0,99.9778,99.9765
148.79994048,100.0,99.9777,99.9765
148.83994046400002,100.0,99.9777,99.9765
148.87994044799999,100.0,99.9777,99.9765
148.919940432,100.0,99.9777,99.9765
148.959940416,100.0,99.9777,99.9765
148.9999404,100.0,99.9777,99.9764
149.039940384,100.0,99.9777,99.9764
149.079940368,100.0,99.9777,99.9765
149.119940352,100.0,99.9777,99.9764
149.159940336,100.0,99.9777,99.9764
149.19994032,100.0,99.9777,99.9764
149.23994030400002,100.0,99.9777,99.9764
149.27994028799998,100.0,99.9778,99.9764
149.319940272,100.0,99.9778,99.9764
149.359940256,100.0,99.9778,99.9764
149.39994024,100.0,99.9778,99.9764
149.439940224,100.0,99.9778,99.9764
149.47994020800002,100.0,99.9778,99.9764
149.51994019199998,100.0,99.9778,99.9764
149.559940176,100.0,99.9777,99.9764
149.59994016,100.0,99.9777,99.9764
149.639940144,100.0,99.9777,99.9764
149.679940128,100.0,99.9777,99.9764
149.719940112,100.0,99.9777,99.9764
149.75994009599998,100.0,99.9777,99.9764
149.79994008,100.0,99.9777,99.9764
149.83994006400002,100.0,99.9777,99.9764
149.879940048,100.0,99.9777,99.9764
149.919940032,100.0,99.9777,99.9764
149.959940016,100.0,99.9777,99.9764
149.99994,100.0,99.9777,99.9764
150.039939984,100.0,99.9777,99.9763
150.07993996800002,100.0,99.9777,99.9763
150.11993995199998,100.0,99.9777,99.9763
150.159939936,100.0,99.9777,99.9762
150.19993992,100.0,99.9777,99.9762
150.239939904,100.0,99.9777,99.9761
150.279939888,100.0,99.9777,99.9762
150.319939872,100.0,99.9777,99.9761
150.35993985599998,100.0,99.9777,99.9761
150.39993984,100.0,99.9777,99.9761
150.439939824,100.0,99.9777,99.9761
150.479939808,100.0,99.9778,99.9761
150.51993979199997,100.0,99.9778,99.9761
150.559939776,100.0,99.9778,99.9761
150.59993975999998,100.0,99.9778,99.9761
150.639939744,100.0,99.9778,99.9761
150.679939728,100.0,99.9778,99.9761
150.719939712,100.0,99.9778,99.9761
150.759939696,100.0,99.9778,99.9761
150.79993968,100.0,99.9779,99.9761
150.839939664,100.0,99.9778,99.9761
150.879939648,100.0,99.9778,99.9761
150.91993963200002,100.0,99.9779,99.9761
150.95993961599999,100.0,99.9779,99.9761
150.9999396,100.0,99.9779,99.9761
151.039939584,100.0,99.9779,99.9761
151.07993956800001,100.0,99.9779,99.9761
151.119939552,100.0,99.9779,99.976
151.159939536,100.0,99.9779,99.976
151.19993952,100.0,99.9779,99.976
151.239939504,100.0,99.978,99.976
151.279939488,100.0,99.978,99.976
151.31993947200002,100.0,99.9781,99.976
151.35993945599998,100.0,99.9781,99.976
151.39993944,100.0,99.9781,99.976
151.439939424,100.0,99.9781,99.976
151.479939408,100.0,99.9781,99.976
151.519939392,100.0,99.9782,99.976
151.559939376,100.0,99.9782,99.9759
151.59993935999998,100.0,99.9782,99.9759
151.639939344,100.0,99.9782,99.9759
151.679939328,100.0,99.9783,99.9759
151.719939312,100.0,99.9783,99.976
151.759939296,100.0,99.9783,99.976
151.79993928,100.0,99.9783,99.976
151.839939264,100.0,99.9784,99.976
151.879939248,100.0,99.9783,99.976
151.91993923200002,100.0,99.9784,99.976
151.959939216,100.0,99.9784,99.976
151.9999392,100.0,99.9784,99.976
152.039939184,100.0,99.9784,99.976
152.079939168,100.0,99.9785,99.976
152.119939152,100.0,99.9785,99.976
152.15993913600002,100.0,99.9785,99.976
152.19993911999998,100.0,99.9785,99.976
152.239939104,100.0,99.9785,99.976
152.279939088,100.0,99.9785,99.976
152.319939072,100.0,99.9785,99.976
152.359939056,100.0,99.9785,99.9761
152.39993904,100.0,99.9785,99.9761
152.43993902399998,100.0,99.9786,99.9761
152.479939008,100.0,99.9786,99.9761
152.519938992,100.0,99.9786,99.9761
152.559938976,100.0,99.9787,99.9761
152.59993895999997,100.0,99.9788,99.9761
152.639938944,100.0,99.9788,99.9761
152.67993892799998,100.0,99.9789,99.9762
152.719938912,100.0,99.9789,99.9762
152.759938896,100.0,99.9789,99.9762
152.79993887999998,100.0,99.979,99.9762
152.839938864,100.0,99.979,99.9762
152.879938848,100.0,99.979,99.9763
152.919938832,100.0,99.9791,99.9762
152.959938816,100.0,99.9791,99.9762
152.9999388,100.0,99.9792,99.9762
153.039938784,100.0,99.9792,99.9763
153.079938768,100.0,99.9793,99.9763
153.119938752,100.0,99.9793,99.9762
153.15993873600002,100.0,99.9794,99.9762
153.19993871999998,100.0,99.9794,99.9762
153.239938704,100.0,99.9794,99.9763
153.279938688,100.0,99.9795,99.9764
153.319938672,100.0,99.9796,99.9764
153.359938656,100.0,99.9796,99.9764
153.39993864000002,100.0,99.9796,99.9765
153.43993862399998,100.0,99.9796,99.9765
153.479938608,100.0,99.9797,99.9766
153.519938592,100.0,99.9797,99.9766
153.559938576,100.0,99.9797,99.9766
153.59993856,100.0,99.9798,99.9766
153.639938544,100.0,99.9798,99.9766
153.67993852799998,100.0,99.9798,99.9766
153.719938512,100.0,99.9798,99.9766
153.75993849600002,100.0,99.9798,99.9766
153.79993848,100.0,99.9799,99.9766
153.839938464,100.0,99.9799,99.9766
153.879938448,100.0,99.98,99.9766
153.919938432,100.0,99.98,99.9766
153.959938416,100.0,99.98,99.9766
153.99993840000002,100.0,99.9801,99.9767
154.03993838399998,100.0,99.9801,99.9767
154.079938368,100.0,99.9801,99.9767
154.119938352,100.0,99.9801,99.9767
154.159938336,100.0,99.9801,99.9767
154.19993832,100.0,99.9802,99.9767
154.239938304,100.0,99.9802,99.9767
154.27993828799998,100.0,99.9803,99.9767
154.319938272,100.0,99.9803,99.9768
154.359938256,100.0,99.9803,99.9767
154.39993824,100.0,99.9803,99.9768
154.43993822399997,100.0,99.9803,99.9768
154.479938208,100.0,99.9803,99.9768
154.51993819199998,100.0,99.9804,99.9769
154.559938176,100.0,99.9803,99.9768
154.59993816,100.0,99.9804,99.9769
154.639938144,100.0,99.9804,99.9769
154.67993812799997,100.0,99.9804,99.9769
154.719938112,100.0,99.9804,99.977
154.759938096,100.0,99.9804,99.977
154.79993808,100.0,99.9805,99.9771
154.83993806400002,100.0,99.9805,99.9771
154.87993804799999,100.0,99.9805,99.9771
154.919938032,100.0,99.9805,99.9771
154.959938016,100.0,99.9805,99.9771
154.99993800000001,100.0,99.9805,99.9771
155.039937984,100.0,99.9806,99.9771
155.079937968,100.0,99.9806,99.9771
155.119937952,100.0,99.9806,99.9771
155.159937936,100.0,99.9806,99.9771
155.19993792,100.0,99.9806,99.9771
155.23993790400002,100.0,99.9806,99.9772
155.27993788799998,100.0,99.9805,99.9772
155.319937872,100.0,99.9806,99.9772
155.359937856,100.0,99.9806,99.9772
155.39993784,100.0,99.9805,99.9773
155.439937824,100.0,99.9806,99.9773
155.479937808,100.0,99.9805,99.9773
155.51993779199998,100.0,99.9806,99.9773
155.559937776,100.0,99.9806,99.9773
155.59993776,100.0,99.9806,99.9773
155.639937744,100.0,99.9807,99.9773
155.67993772799997,100.0,99.9806,99.9773
155.719937712,100.0,99.9806,99.9774
155.759937696,100.0,99.9806,99.9774
155.79993768,100.0,99.9805,99.9774
155.83993766400002,100.0,99.9806,99.9775
155.879937648,100.0,99.9805,99.9775
155.919937632,100.0,99.9806,99.9775
155.959937616,100.0,99.9806,99.9775
155.9999376,100.0,99.9806,99.9775
156.039937584,100.0,99.9807,99.9776
156.07993756800002,100.0,99.9806,99.9777
156.11993755199998,100.0,99.9806,99.9778
156.159937536,100.0,99.9807,99.9779
156.19993752,100.0,99.9806,99.9778
156.239937504,100.0,99.9806,99.9779
156.279937488,100.0,99.9806,99.978
156.319937472,100.0,99.9806,99.978
156.35993745599998,100.0,99.9806,99.9781
156.39993744,100.0,99.9806,99.9781
156.439937424,100.0,99.9806,99.9781
156.479937408,100.0,99.9806,99.9781
156.51993739199997,100.0,99.9806,99.9781
156.559937376,100.0,99.9806,99.9782
156.59993735999998,100.0,99.9806,99.9782
156.639937344,100.0,99.9806,99.9783
156.679937328,100.0,99.9806,99.9783
156.71993731199998,100.0,99.9806,99.9783
156.759937296,100.0,99.9806,99.9784
156.79993728,100.0,99.9806,99.9785
156.839937264,100.0,99.9807,99.9785
156.879937248,100.0,99.9807,99.9785
156.919937232,100.0,99.9807,99.9786
156.959937216,100.0,99.9807,99.9786
156.9999372,100.0,99.9808,99.9787
157.039937184,100.0,99.9808,99.9788
157.07993716800001,100.0,99.9808,99.9788
157.119937152,100.0,99.9808,99.9789
157.159937136,100.0,99.9808,99.9789
157.19993712,100.0,99.9808,99.979
157.239937104,100.0,99.9809,99.979
157.279937088,100.0,99.9809,99.9791
157.31993707200002,100.0,99.9809,99.9791
157.35993705599998,100.0,99.9809,99.9791
157.39993704,100.0,99.9809,99.9792
157.439937024,100.0,99.9809,99.9792
157.479937008,100.0,99.9809,99.9792
157.519936992,100.0,99.9809,99.9793
157.559936976,100.0,99.9809,99.9793
157.59993695999998,100.0,99.9809,99.9793
157.639936944,100.0,99.9809,99.9794
157.679936928,100.0,99.981,99.9794
157.719936912,100.0,99.9809,99.9795
157.759936896,100.0,99.981,99.9795
157.79993688,100.0,99.981,99.9795
157.839936864,100.0,99.981,99.9795
157.879936848,100.0,99.981,99.9795
157.91993683200002,100.0,99.981,99.9795
157.95993681599998,100.0,99.981,99.9796
157.9999368,100.0,99.981,99.9796
158.039936784,100.0,99.981,99.9796
158.079936768,100.0,99.981,99.9797
158.119936752,100.0,99.981,99.9798
158.159936736,100.0,99.981,99.9798
158.19993671999998,100.0,99.9811,99.9798
158.239936704,100.0,99.9811,99.9798
158.279936688,100.0,99.9811,99.9798
158.319936672,100.0,99.9811,99.9798
158.359936656,100.0,99.9812,99.9798
158.39993664,100.0,99.9812,99.9798
158.43993662399998,100.0,99.9812,99.9798
158.479936608,100.0,99.9813,99.9799
158.519936592,100.0,99.9813,99.9799
158.559936576,100.0,99.9814,99.9799
158.59993655999997,100.0,99.9814,99.98
158.639936544,100.0,99.9814,99.98
158.67993652799998,100.0,99.9814,99.98
158.719936512,100.0,99.9815,99.98
158.75993649600002,100.0,99.9815,99.98
158.79993647999999,100.0,99.9815,99.9801
158.839936464,100.0,99.9815,99.9801
158.879936448,100.0,99.9815,99.9801
158.91993643200001,100.0,99.9815,99.9801
158.959936416,100.0,99.9815,99.98
158.9999364,100.0,99.9816,99.9801
159.039936384,100.0,99.9816,99.98
159.079936368,100.0,99.9816,99.98
159.119936352,100.0,99.9816,99.9801
159.15993633600002,100.0,99.9816,99.9801
159.19993631999998,100.0,99.9817,99.9801
159.239936304,100.0,99.9817,99.9801
159.279936288,100.0,99.9818,99.98
159.319936272,100.0,99.9818,99.98
159.359936256,100.0,99.9817,99.98
159.39993624,100.0,99.9817,99.98
159.43993622399998,100.0,99.9818,99.98
159.479936208,100.0,99.9818,99.98
159.519936192,100.0,99.9818,99.98
159.559936176,100.0,99.9818,99.98
159.59993616,100.0,99.9818,99.98
159.639936144,100.0,99.9819,99.9801
159.67993612799998,100.0,99.9819,99.98
159.719936112,100.0,99.9819,99.98
159.75993609600002,100.0,99.9819,99.98
159.79993608,100.0,99.982,99.98
159.839936064,100.0,99.982,99.98
159.879936048,100.0,99.982,99.98
159.919936032,100.0,99.982,99.98
159.959936016,100.0,99.982,99.98
159.99993600000002,100.0,99.982,99.98
160.03993598399998,100.0,99.9821,99.98
160.079935968,100.0,99.982,99.9801
160.119935952,100.0,99.982,99.9801
160.159935936,100.0,99.9821,99.9801
160.19993592,100.0,99.9821,99.9801
160.239935904,100.0,99.9821,99.9801
160.27993588799998,100.0,99.9821,99.9801
160.319935872,100.0,99.9821,99.98
160.359935856,100.0,99.9822,99.9801
160.39993584,100.0,99.9822,99.98
160.43993582399997,100.0,99.9822,99.9801
160.479935808,100.0,99.9822,99.98
160.51993579199998,100.0,99.9822,99.98
160.559935776,100.0,99.9822,99.98
160.59993576,100.0,99.9822,99.98
160.63993574399998,100.0,99.9822,99.9801
160.67993572799998,100.0,99.9822,99.9801
160.719935712,100.0,99.9822,99.9801
160.759935696,100.0,99.9822,99.9801
160.79993568,100.0,99.9822,99.9801
160.83993566400002,100.0,99.9823,99.9801
160.879935648,100.0,99.9823,99.9801
160.919935632,100.0,99.9823,99.98
160.959935616,100.0,99.9823,99.9801
160.99993560000001,100.0,99.9823,99.98
161.039935584,100.0,99.9823,99.9801
161.079935568,100.0,99.9823,99.9801
161.119935552,100.0,99.9823,99.98
161.159935536,100.0,99.9824,99.98
161.19993552,100.0,99.9823,99.98
161.23993550400002,100.0,99.9824,99.98
161.27993548799998,100.0,99.9824,99.98
161.319935472,100.0,99.9823,99.9799
161.359935456,100.0,99.9824,99.9799
161.39993544,100.0,99.9823,99.9799
161.439935424,100.0,99.9823,99.9799
161.479935408,100.0,99.9823,99.98
161.51993539199998,100.0,99.9823,99.9799
161.559935376,100.0,99.9823,99.9799
161.59993536,100.0,99.9822,99.9799
161.639935344,100.0,99.9822,99.9799
161.679935328,100.0,99.9822,99.9799
161.719935312,100.0,99.9822,99.9798
161.759935296,100.0,99.9822,99.9798
161.79993528,100.0,99.9822,99.9798
161.83993526400002,100.0,99.9822,99.9798
161.87993524799998,100.0,99.9822,99.9799
161.919935232,100.0,99.9822,99.9798
161.959935216,100.0,99.9823,99.9798
161.9999352,100.0,99.9822,99.9798
162.039935184,100.0,99.9822,99.9798
162.07993516800002,100.0,99.9822,99.9798
162.11993515199998,100.0,99.9822,99.9797
162.159935136,100.0,99.9822,99.9798
162.19993512,100.0,99.9822,99.9798
162.239935104,100.0,99.9822,99.9798
162.279935088,100.0,99.9822,99.9798
162.319935072,100.0,99.9822,99.9798
162.35993505599998,100.0,99.9822,99.9798
162.39993504,100.0,99.9822,99.9798
162.439935024,100.0,99.9821,99.9797
162.479935008,100.0,99.9821,99.9798
162.51993499199997,100.0,99.9821,99.9797
162.559934976,100.0,99.9821,99.9797
162.59993495999998,100.0,99.9821,99.9797
162.639934944,100.0,99.9821,99.9797
162.679934928,100.0,99.982,99.9797
162.71993491199999,100.0,99.982,99.9797
162.759934896,100.0,99.982,99.9796
162.79993488,100.0,99.982,99.9797
162.839934864,100.0,99.9819,99.9796
162.879934848,100.0,99.9819,99.9796
162.919934832,100.0,99.9819,99.9796
162.959934816,100.0,99.9819,99.9796
162.9999348,100.0,99.9818,99.9797
163.039934784,100.0,99.9818,99.9796
163.07993476800002,100.0,99.9818,99.9796
163.11993475199998,100.0,99.9817,99.9796
163.159934736,100.0,99.9817,99.9795
163.19993472,100.0,99.9816,99.9795
163.239934704,100.0,99.9816,99.9795
163.279934688,100.0,99.9816,99.9795
163.31993467200002,100.0,99.9816,99.9794
163.35993465599998,100.0,99.9815,99.9794
163.39993464,100.0,99.9815,99.9795
163.439934624,100.0,99.9814,99.9794
163.479934608,100.0,99.9814,99.9794
163.519934592,100.0,99.9813,99.9794
163.559934576,100.0,99.9812,99.9793
163.59993455999998,100.0,99.9813,99.9794
163.639934544,100.0,99.9812,99.9793
163.679934528,100.0,99.9812,99.9793
163.719934512,100.0,99.9812,99.9793
163.759934496,100.0,99.9811,99.9793
163.79993448,100.0,99.9811,99.9793
163.839934464,100.0,99.9811,99.9792
163.879934448,100.0,99.981,99.9792
163.91993443200002,100.0,99.981,99.9792
163.95993441599998,100.0,99.9809,99.9791
163.9999344,100.0,99.9809,99.9791
164.039934384,100.0,99.9808,99.9791
164.079934368,100.0,99.9808,99.9791
164.119934352,100.0,99.9808,99.9791
164.159934336,100.0,99.9807,99.979
164.19993431999998,100.0,99.9807,99.979
164.239934304,100.0,99.9806,99.979
164.279934288,100.0,99.9805,99.979
164.319934272,100.0,99.9805,99.979
164.35993425599997,100.0,99.9804,99.979
164.39993424,100.0,99.9803,99.979
164.43993422399998,100.0,99.9803,99.979
164.479934208,100.0,99.9802,99.979
164.519934192,100.0,99.9802,99.9791
164.559934176,100.0,99.9801,99.979
164.59993415999998,100.0,99.9801,99.979
164.639934144,100.0,99.98,99.9789
164.679934128,100.0,99.98,99.9789
164.719934112,100.0,99.98,99.9789
164.75993409600002,100.0,99.9799,99.9789
164.79993407999999,100.0,99.9799,99.9789
164.839934064,100.0,99.9799,99.9789
164.879934048,100.0,99.9798,99.9789
164.91993403200001,100.0,99.9798,99.979
164.959934016,100.0,99.9798,99.9789
164.999934,100.0,99.9798,99.9789
165.039933984,100.0,99.9797,99.9789
165.079933968,100.0,99.9796,99.9788
165.119933952,100.0,99.9796,99.9788
165.15993393600002,100.0,99.9795,99.9788
165.19993391999998,100.0,99.9795,99.9788
165.239933904,100.0,99.9795,99.9788
165.279933888,100.0,99.9794,99.9788
165.319933872,100.0,99.9795,99.9788
165.359933856,100.0,99.9794,99.9788
165.39993384,100.0,99.9794,99.9788
165.43993382399998,100.0,99.9794,99.9788
165.479933808,100.0,99.9793,99.9787
165.519933792,100.0,99.9793,99.9788
165.559933776,100.0,99.9793,99.9787
165.59993375999997,100.0,99.9792,99.9787
165.639933744,100.0,99.9792,99.9787
165.679933728,100.0,99.9791,99.9787
165.719933712,100.0,99.9791,99.9787
165.75993369600002,100.0,99.9791,99.9787
165.79993368,100.0,99.9791,99.9786
165.839933664,100.0,99.9791,99.9786
165.879933648,100.0,99.9791,99.9786
165.919933632,100.0,99.9791,99.9786
165.959933616,100.0,99.9791,99.9785
165.99993360000002,100.0,99.9791,99.9785
166.03993358399998,100.0,99.9791,99.9785
166.079933568,100.0,99.9791,99.9785
166.119933552,100.0,99.9791,99.9785
166.159933536,100.0,99.979,99.9785
166.19993352,100.0,99.979,99.9784
166.239933504,100.0,99.979,99.9784
166.27993348799998,100.0,99.979,99.9784
166.319933472,100.0,99.979,99.9784
166.359933456,100.0,99.9789,99.9784
166.39993344,100.0,99.9789,99.9784
166.43993342399997,100.0,99.9789,99.9784
166.479933408,100.0,99.9788,99.9784
166.51993339199998,100.0,99.9788,99.9784
166.559933376,100.0,99.9787,99.9783
166.59993336,100.0,99.9787,99.9783
166.63993334399999,100.0,99.9787,99.9783
166.679933328,100.0,99.9787,99.9783
166.719933312,100.0,99.9787,99.9783
166.759933296,100.0,99.9787,99.9783
166.79993328,100.0,99.9786,99.9782
166.839933264,100.0,99.9786,99.9783
166.879933248,100.0,99.9786,99.9783
166.919933232,100.0,99.9785,99.9782
166.959933216,100.0,99.9785,99.9782
166.99993320000002,100.0,99.9785,99.9782
167.039933184,100.0,99.9785,99.9781
167.079933168,100.0,99.9785,99.9781
167.119933152,100.0,99.9784,99.9781
167.159933136,100.0,99.9785,99.9781
167.19993312,100.0,99.9785,99.978
167.23993310400002,100.0,99.9785,99.978
167.27993308799998,100.0,99.9785,99.978
167.319933072,100.0,99.9785,99.9779
167.359933056,100.0,99.9785,99.9779
167.39993304,100.0,99.9785,99.9779
167.439933024,100.0,99.9785,99.9779
167.479933008,100.0,99.9785,99.9779
167.51993299199998,100.0,99.9785,99.9779
167.559932976,100.0,99.9785,99.9779
167.59993296,100.0,99.9786,99.9778
167.639932944,100.0,99.9786,99.9778
167.679932928,100.0,99.9786,99.9778
167.719932912,100.0,99.9786,99.9778
167.759932896,100.0,99.9786,99.9778
167.79993288,100.0,99.9786,99.9778
167.83993286400002,100.0,99.9786,99.9778
167.87993284799998,100.0,99.9786,99.9778
167.919932832,100.0,99.9786,99.9778
167.959932816,100.0,99.9786,99.9778
167.9999328,100.0,99.9787,99.9777
168.039932784,100.0,99.9787,99.9777
168.079932768,100.0,99.9787,99.9777
168.11993275199998,100.0,99.9787,99.9777
168.159932736,100.0,99.9786,99.9777
168.19993272,100.0,99.9786,99.9777
168.239932704,100.0,99.9786,99.9777
168.279932688,100.0,99.9786,99.9778
168.319932672,100.0,99.9787,99.9778
168.35993265599998,100.0,99.9787,99.9778
168.39993264,100.0,99.9787,99.9778
168.439932624,100.0,99.9787,99.9777
168.479932608,100.0,99.9787,99.9777
168.51993259199998,100.0,99.9787,99.9777
168.559932576,100.0,99.9788,99.9777
168.59993255999998,100.0,99.9788,99.9777
168.639932544,100.0,99.9788,99.9776
168.67993252800002,100.0,99.9788,99.9776
168.71993251199999,100.0,99.9788,99.9776
168.759932496,100.0,99.9788,99.9776
168.79993248,100.0,99.9788,99.9776
168.83993246400001,100.0,99.9788,99.9776
168.879932448,100.0,99.9789,99.9776
168.919932432,100.0,99.9789,99.9776
168.959932416,100.0,99.9789,99.9776
168.9999324,100.0,99.9789,99.9776
169.039932384,100.0,99.9789,99.9776
169.07993236800002,100.0,99.9789,99.9776
169.11993235199998,100.0,99.9789,99.9777
169.159932336,100.0,99.9789,99.9777
169.19993232,100.0,99.979,99.9777
169.239932304,100.0,99.9789,99.9777
169.279932288,100.0,99.979,99.9777
169.319932272,100.0,99.979,99.9777
169.35993225599998,100.0,99.979,99.9776
169.39993224,100.0,99.9791,99.9776
169.439932224,100.0,99.9791,99.9776
169.479932208,100.0,99.9792,99.9776
169.519932192,100.0,99.9792,99.9776
169.559932176,100.0,99.9792,99.9775
169.59993215999998,100.0,99.9793,99.9775
169.639932144,100.0,99.9793,99.9775
169.67993212800002,100.0,99.9793,99.9775
169.719932112,100.0,99.9794,99.9776
169.759932096,100.0,99.9794,99.9775
169.79993208,100.0,99.9794,99.9775
169.839932064,100.0,99.9795,99.9776
169.879932048,100.0,99.9794,99.9775
169.91993203200002,100.0,99.9795,99.9776
169.95993201599998,100.0,99.9794,99.9776
169.999932,100.0,99.9794,99.9776
170.039931984,100.0,99.9795,99.9776
170.079931968,100.0,99.9795,99.9775
170.119931952,100.0,99.9795,99.9776
170.159931936,100.0,99.9795,99.9776
170.19993191999998,100.0,99.9795,99.9776
170.239931904,100.0,99.9795,99.9776
170.279931888,100.0,99.9795,99.9776
170.319931872,100.0,99.9796,99.9777
170.35993185599997,100.0,99.9796,99.9777
170.39993184,100.0,99.9796,99.9777
170.43993182399998,100.0,99.9796,99.9778
170.479931808,100.0,99.9796,99.9777
170.519931792,100.0,99.9797,99.9777
170.55993177599998,100.0,99.9797,99.9777
170.59993176,100.0,99.9797,99.9777
170.639931744,100.0,99.9797,99.9778
170.679931728,100.0,99.9797,99.9778
170.719931712,100.0,99.9797,99.9779
170.75993169600002,100.0,99.9797,99.9779
170.79993168,100.0,99.9797,99.9779
170.839931664,100.0,99.9797,99.9779
170.879931648,100.0,99.9797,99.9779
170.91993163200002,100.0,99.9797,99.9779
170.959931616,100.0,99.9797,99.9779
170.9999316,100.0,99.9797,99.9779
171.039931584,100.0,99.9797,99.978
171.079931568,100.0,99.9797,99.9779
171.119931552,100.0,99.9798,99.978
171.15993153600002,100.0,99.9798,99.978
171.19993151999998,100.0,99.9797,99.978
171.239931504,100.0,99.9798,99.978
171.279931488,100.0,99.9797,99.9779
171.319931472,100.0,99.9798,99.9779
171.359931456,100.0,99.9798,99.9779
171.39993144,100.0,99.9798,99.9779
171.43993142399998,100.0,99.9798,99.978
171.479931408,100.0,99.9798,99.9779
171.519931392,100.0,99.9798,99.978
171.559931376,100.0,99.9798,99.978
171.59993136,100.0,99.9798,99.978
171.639931344,100.0,99.9798,99.978
171.679931328,100.0,99.9798,99.978
171.719931312,100.0,99.9798,99.9781
171.75993129600002,100.0,99.9798,99.9781
171.79993127999998,100.0,99.9797,99.9781
171.839931264,100.0,99.9798,99.9781
171.879931248,100.0,99.9797,99.9781
171.919931232,100.0,99.9797,99.9781
171.959931216,100.0,99.9798,99.9782
171.99993120000002,100.0,99.9797,99.9781
172.03993118399998,100.0,99.9798,99.9781
172.079931168,100.0,99.9798,99.9781
172.119931152,100.0,99.9797,99.9781
172.159931136,100.0,99.9798,99.9782
172.19993112,100.0,99.9797,99.9781
172.239931104,100.0,99.9798,99.9782
172.27993108799998,100.0,99.9798,99.9782
172.319931072,100.0,99.9797,99.9782
172.359931056,100.0,99.9798,99.9782
172.39993104,100.0,99.9797,99.9782
172.43993102399997,100.0,99.9798,99.9782
172.479931008,100.0,99.9798,99.9782
172.51993099199998,100.0,99.9798,99.9782
172.559930976,100.0,99.9798,99.9783
172.59993096,100.0,99.9798,99.9783
172.63993094399999,100.0,99.9798,99.9783
172.679930928,100.0,99.9798,99.9783
172.719930912,100.0,99.9798,99.9783
172.75993089600001,100.0,99.9798,99.9784
172.79993088,100.0,99.9798,99.9784
172.839930864,100.0,99.9798,99.9784
172.879930848,100.0,99.9799,99.9784
172.919930832,100.0,99.9799,99.9784
172.959930816,100.0,99.9799,99.9785
172.99993080000002,100.0,99.9799,99.9784
173.03993078399998,100.0,99.98,99.9785
173.079930768,100.0,99.9801,99.9785
173.119930752,100.0,99.9801,99.9785
173.159930736,100.0,99.9802,99.9785
173.19993072,100.0,99.9802,99.9785
173.23993070400002,100.0,99.9802,99.9786
173.27993068799998,100.0,99.9802,99.9786
173.319930672,100.0,99.9802,99.9785
173.359930656,100.0,99.9803,99.9786
173.39993064,100.0,99.9803,99.9786
173.439930624,100.0,99.9803,99.9786
173.479930608,100.0,99.9804,99.9787
173.51993059199998,100.0,99.9804,99.9787
173.559930576,100.0,99.9805,99.9787
173.59993056000002,100.0,99.9805,99.9787
173.639930544,100.0,99.9805,99.9787
173.679930528,100.0,99.9806,99.9788
173.719930512,100.0,99.9806,99.9788
173.759930496,100.0,99.9806,99.9788
173.79993048,100.0,99.9807,99.9788
173.83993046400002,100.0,99.9807,99.9788
173.87993044799998,100.0,99.9807,99.9787
173.919930432,100.0,99.9808,99.9787
173.959930416,100.0,99.9808,99.9787
173.9999304,100.0,99.9809,99.9787
174.039930384,100.0,99.9809,99.9786
174.079930368,100.0,99.981,99.9787
174.11993035199998,100.0,99.981,99.9787
174.159930336,100.0,99.9811,99.9786
174.19993032,100.0,99.9811,99.9787
174.239930304,100.0,99.9811,99.9786
174.27993028799997,100.0,99.9812,99.9787
174.319930272,100.0,99.9812,99.9787
174.35993025599998,100.0,99.9813,99.9787
174.39993024,100.0,99.9814,99.9788
174.439930224,100.0,99.9814,99.9788
174.479930208,100.0,99.9815,99.9788
174.51993019199998,100.0,99.9815,99.9788
174.559930176,100.0,99.9815,99.9788
174.59993016,100.0,99.9816,99.9788
174.639930144,100.0,99.9816,99.9788
174.67993012800002,100.0,99.9816,99.9788
174.719930112,100.0,99.9817,99.9788
174.759930096,100.0,99.9817,99.9788
174.79993008,100.0,99.9818,99.9788
174.83993006400001,100.0,99.9818,99.9788
174.879930048,100.0,99.9818,99.9788
174.919930032,100.0,99.9818,99.9788
174.959930016,100.0,99.9818,99.9788
174.99993,100.0,99.9819,99.9788
175.039929984,100.0,99.9819,99.9788
175.07992996800002,100.0,99.9819,99.9788
175.11992995199998,100.0,99.9819,99.9788
175.159929936,100.0,99.982,99.9788
175.19992992,100.0,99.9821,99.9789
175.239929904,100.0,99.9821,99.9788
175.279929888,100.0,99.9821,99.9789
175.319929872,100.0,99.9821,99.9789
175.35992985599998,100.0,99.9822,99.9789
175.39992984,100.0,99.9822,99.9789
175.439929824,100.0,99.9822,99.9789
175.479929808,100.0,99.9822,99.9789
175.51992979199997,100.0,99.9822,99.979
175.559929776,100.0,99.9822,99.9789
175.59992976,100.0,99.9822,99.979
175.639929744,100.0,99.9822,99.979
175.67992972800002,100.0,99.9822,99.979
175.71992971199998,100.0,99.9822,99.9791
175.759929696,100.0,99.9821,99.9791
175.79992968,100.0,99.9822,99.9791
175.839929664,100.0,99.9822,99.9791
175.879929648,100.0,99.9822,99.9792
175.91992963200002,100.0,99.9822,99.9792
175.95992961599998,100.0,99.9822,99.9793
175.9999296,100.0,99.9822,99.9793
176.039929584,100.0,99.9822,99.9792
176.079929568,100.0,99.9821,99.9792
176.119929552,100.0,99.9821,99.9793
176.159929536,100.0,99.9821,99.9792
176.19992951999998,100.0,99.9821,99.9793
176.239929504,100.0,99.982,99.9792
176.279929488,100.0,99.982,99.9792
176.319929472,100.0,99.982,99.9792
176.35992945599997,100.0,99.982,99.9791
176.39992944,100.0,99.982,99.9792
176.43992942399998,100.0,99.982,99.9792
176.479929408,100.0,99.982,99.9792
176.519929392,100.0,99.982,99.9792
176.55992937599999,100.0,99.982,99.9792
176.59992936,100.0,99.982,99.9792
176.639929344,100.0,99.9819,99.9792
176.67992932800001,100.0,99.9819,99.9792
176.719929312,100.0,99.9819,99.9793
176.759929296,100.0,99.9819,99.9792
176.79992928,100.0,99.9819,99.9792
176.839929264,100.0,99.9819,99.9792
176.879929248,100.0,99.9818,99.9792
176.91992923200002,100.0,99.9818,99.9793
176.95992921599998,100.0,99.9818,99.9792
176.9999292,100.0,99.9818,99.9792
177.039929184,100.0,99.9818,99.9793
177.079929168,100.0,99.9818,99.9793
177.119929152,100.0,99.9818,99.9793
177.15992913600002,100.0,99.9817,99.9794
177.19992911999998,100.0,99.9817,99.9794
177.239929104,100.0,99.9818,99.9795
177.279929088,100.0,99.9817,99.9794
177.319929072,100.0,99.9818,99.9795
177.359929056,100.0,99.9817,99.9795
177.39992904,100.0,99.9817,99.9795
177.43992902399998,100.0,99.9817,99.9796
177.479929008,100.0,99.9817,99.9795
177.519928992,100.0,99.9816,99.9795
177.559928976,100.0,99.9816,99.9795
177.59992896,100.0,99.9816,99.9795
177.639928944,100.0,99.9816,99.9795
177.679928928,100.0,99.9816,99.9795
177.719928912,100.0,99.9816,99.9795
177.75992889600002,100.0,99.9816,99.9795
177.79992887999998,100.0,99.9815,99.9795
177.839928864,100.0,99.9815,99.9795
177.879928848,100.0,99.9815,99.9795
177.919928832,100.0,99.9815,99.9796
177.959928816,100.0,99.9815,99.9796
177.9999288,100.0,99.9815,99.9796
178.03992878399998,100.0,99.9815,99.9797
178.079928768,100.0,99.9815,99.9796
178.119928752,100.0,99.9815,99.9797
178.159928736,100.0,99.9815,99.9798
178.19992871999997,100.0,99.9815,99.9797
178.239928704,100.0,99.9816,99.9797
178.27992868799998,100.0,99.9815,99.9797
178.319928672,100.0,99.9815,99.9797
178.359928656,100.0,99.9815,99.9798
178.39992864,100.0,99.9815,99.9798
178.43992862399998,100.0,99.9815,99.9798
178.479928608,100.0,99.9815,99.9799
178.51992859199999,100.0,99.9815,99.9799
178.559928576,100.0,99.9815,99.9799
178.59992856000002,100.0,99.9814,99.9799
178.63992854399999,100.0,99.9815,99.9799
178.679928528,100.0,99.9815,99.9799
178.719928512,100.0,99.9815,99.9799
178.75992849600001,100.0,99.9815,99.9799
178.79992848,100.0,99.9815,99.9799
178.839928464,100.0,99.9816,99.9799
178.879928448,100.0,99.9816,99.9799
178.919928432,100.0,99.9815,99.9798
178.959928416,100.0,99.9816,99.9799
178.99992840000002,100.0,99.9816,99.9798
179.03992838399998,100.0,99.9816,99.9798
179.079928368,100.0,99.9816,99.9798
179.119928352,100.0,99.9816,99.9798
179.159928336,100.0,99.9816,99.9798
179.19992832,100.0,99.9816,99.9798
179.239928304,100.0,99.9817,99.9798
179.27992828799998,100.0,99.9817,99.9798
179.319928272,100.0,99.9817,99.9798
179.359928256,100.0,99.9817,99.9799
179.39992824,100.0,99.9817,99.9799
179.43992822399997,100.0,99.9818,99.9799
179.479928208,100.0,99.9818,99.98
179.51992819199998,100.0,99.9817,99.9799
179.559928176,100.0,99.9818,99.98
179.59992816000002,100.0,99.9818,99.9799
179.639928144,100.0,99.9818,99.9799
179.679928128,100.0,99.9818,99.9799
179.719928112,100.0,99.9817,99.9798
179.759928096,100.0,99.9817,99.9799
179.79992808,100.0,99.9817,99.9798
179.83992806400002,100.0,99.9817,99.9798
179.87992804799998,100.0,99.9817,99.9798
179.919928032,100.0,99.9817,99.9798
179.959928016,100.0,99.9817,99.9798
179.999928,100.0,99.9817,99.9798
180.039927984,100.0,99.9817,99.9798
180.079927968,100.0,99.9818,99.9798
180.11992795199998,100.0,99.9818,99.9797
180.159927936,100.0,99.9818,99.9798
180.19992792,100.0,99.9818,99.9798
180.239927904,100.0,99.9818,99.9797
180.27992788799997,100.0,99.9818,99.9797
180.319927872,100.0,99.9818,99.9797
180.35992785599998,100.0,99.9818,99.9797
180.39992784,100.0,99.9818,99.9796
180.439927824,100.0,99.9817,99.9795
180.47992780799999,100.0,99.9818,99.9796
180.51992779199998,100.0,99.9817,99.9795
180.559927776,100.0,99.9817,99.9795
180.59992776,100.0,99.9817,99.9795
180.639927744,100.0,99.9817,99.9795
180.679927728,100.0,99.9817,99.9795
180.719927712,100.0,99.9817,99.9795
180.759927696,100.0,99.9817,99.9795
180.79992768,100.0,99.9817,99.9795
180.83992766400002,100.0,99.9816,99.9795
180.879927648,100.0,99.9817,99.9795
180.919927632,100.0,99.9817,99.9795
180.959927616,100.0,99.9817,99.9795
180.9999276,100.0,99.9818,99.9795
181.039927584,100.0,99.9817,99.9795
181.07992756800002,100.0,99.9818,99.9795
181.11992755199998,100.0,99.9817,99.9795
181.159927536,100.0,99.9817,99.9794
181.19992752,100.0,99.9817,99.9795
181.239927504,100.0,99.9817,99.9794
181.279927488,100.0,99.9818,99.9795
181.319927472,100.0,99.9817,99.9795
181.35992745599998,100.0,99.9816,99.9794
181.39992744,100.0,99.9816,99.9794
181.439927424,100.0,99.9816,99.9794
181.479927408,100.0,99.9816,99.9794
181.519927392,100.0,99.9816,99.9794
181.559927376,100.0,99.9816,99.9794
181.59992736,100.0,99.9816,99.9793
181.639927344,100.0,99.9816,99.9793
181.67992732800002,100.0,99.9816,99.9793
181.71992731199998,100.0,99.9816,99.9793
181.759927296,100.0,99.9816,99.9792
181.79992728,100.0,99.9817,99.9792
181.839927264,100.0,99.9817,99.9792
181.879927248,100.0,99.9817,99.9792
181.919927232,100.0,99.9817,99.9792
181.95992721599998,100.0,99.9817,99.9792
181.9999272,100.0,99.9817,99.9792
182.039927184,100.0,99.9816,99.9791
182.079927168,100.0,99.9816,99.9792
182.119927152,100.0,99.9816,99.9791
182.159927136,100.0,99.9816,99.9791
182.19992711999998,100.0,99.9816,99.9791
182.239927104,100.0,99.9816,99.9791
182.279927088,100.0,99.9816,99.9791
182.319927072,100.0,99.9816,99.9791
182.35992705599998,100.0,99.9816,99.9791
182.39992704,100.0,99.9816,99.9791
182.43992702399999,100.0,99.9816,99.9791
182.479927008,100.0,99.9816,99.9791
182.519926992,100.0,99.9816,99.9791
182.55992697599999,100.0,99.9816,99.9791
182.59992696,100.0,99.9816,99.9791
182.639926944,100.0,99.9816,99.9791
182.67992692800001,100.0,99.9816,99.9791
182.719926912,100.0,99.9816,99.9791
182.759926896,100.0,99.9816,99.9791
182.79992688,100.0,99.9816,99.9791
182.839926864,100.0,99.9816,99.9792
182.879926848,100.0,99.9816,99.9792
182.91992683200002,100.0,99.9816,99.9792
182.95992681599998,100.0,99.9816,99.9792
182.9999268,100.0,99.9817,99.9792
183.039926784,100.0,99.9817,99.9793
183.079926768,100.0,99.9816,99.9792
183.119926752,100.0,99.9816,99.9793
183.159926736,100.0,99.9816,99.9793
183.19992671999998,100.0,99.9816,99.9793
183.239926704,100.0,99.9816,99.9793
183.279926688,100.0,99.9816,99.9793
183.319926672,100.0,99.9815,99.9794
183.359926656,100.0,99.9816,99.9794
183.39992664,100.0,99.9816,99.9794
183.43992662399998,100.0,99.9816,99.9794
183.479926608,100.0,99.9815,99.9794
183.519926592,100.0,99.9815,99.9794
183.559926576,100.0,99.9815,99.9794
183.59992656,100.0,99.9815,99.9794
183.639926544,100.0,99.9816,99.9795
183.679926528,100.0,99.9815,99.9795
183.719926512,100.0,99.9815,99.9795
183.75992649600002,100.0,99.9815,99.9795
183.79992647999998,100.0,99.9815,99.9795
183.839926464,100.0,99.9815,99.9795
183.879926448,100.0,99.9814,99.9795
183.919926432,100.0,99.9814,99.9796
183.959926416,100.0,99.9814,99.9796
183.9999264,100.0,99.9813,99.9796
184.03992638399998,100.0,99.9813,99.9796
184.079926368,100.0,99.9813,99.9796
184.119926352,100.0,99.9812,99.9796
184.159926336,100.0,99.9811,99.9796
184.19992631999997,100.0,99.9811,99.9796
184.239926304,100.0,99.9811,99.9796
184.27992628799998,100.0,99.981,99.9796
184.319926272,100.0,99.981,99.9796
184.359926256,100.0,99.981,99.9796
184.39992623999999,100.0,99.9809,99.9796
184.43992622399998,100.0,99.9809,99.9796
184.479926208,100.0,99.9809,99.9796
184.519926192,100.0,99.9808,99.9796
184.559926176,100.0,99.9808,99.9796
184.59992616000002,100.0,99.9808,99.9796
184.639926144,100.0,99.9808,99.9796
184.679926128,100.0,99.9808,99.9797
184.719926112,100.0,99.9807,99.9796
184.75992609600002,100.0,99.9807,99.9797
184.79992608,100.0,99.9806,99.9797
184.839926064,100.0,99.9806,99.9797
184.879926048,100.0,99.9806,99.9797
184.919926032,100.0,99.9805,99.9796
184.959926016,100.0,99.9805,99.9797
184.99992600000002,100.0,99.9804,99.9797
185.03992598399998,100.0,99.9804,99.9797
185.079925968,100.0,99.9804,99.9797
185.119925952,100.0,99.9803,99.9796
185.159925936,100.0,99.9803,99.9796
185.19992592,100.0,99.9803,99.9796
185.239925904,100.0,99.9802,99.9795
185.27992588799998,100.0,99.9802,99.9796
185.319925872,100.0,99.9802,99.9795
185.359925856,100.0,99.9801,99.9796
185.39992584,100.0,99.9801,99.9795
185.43992582399997,100.0,99.9801,99.9795
185.479925808,100.0,99.9801,99.9795
185.519925792,100.0,99.9801,99.9795
185.559925776,100.0,99.98,99.9795
185.59992576000002,100.0,99.98,99.9795
185.63992574399998,100.0,99.9799,99.9795
185.679925728,100.0,99.9799,99.9795
185.719925712,100.0,99.9799,99.9795
185.759925696,100.0,99.9798,99.9795
185.79992568,100.0,99.9798,99.9795
185.83992566400002,100.0,99.9798,99.9795
185.87992564799998,100.0,99.9798,99.9795
185.919925632,100.0,99.9797,99.9795
185.959925616,100.0,99.9797,99.9794
185.9999256,100.0,99.9796,99.9795
186.039925584,100.0,99.9796,99.9794
186.079925568,100.0,99.9795,99.9795
186.11992555199998,100.0,99.9794,99.9795
186.159925536,100.0,99.9794,99.9794
186.19992552,100.0,99.9793,99.9795
186.239925504,100.0,99.9793,99.9795
186.27992548799998,100.0,99.9792,99.9795
186.319925472,100.0,99.9791,99.9795
186.35992545599998,100.0,99.9791,99.9795
186.39992544,100.0,99.9791,99.9795
186.439925424,100.0,99.979,99.9794
186.47992540799999,100.0,99.979,99.9794
186.519925392,100.0,99.9789,99.9794
186.559925376,100.0,99.9789,99.9793
186.59992536000001,100.0,99.9788,99.9794
186.639925344,100.0,99.9788,99.9794
186.679925328,100.0,99.9787,99.9794
186.719925312,100.0,99.9787,99.9795
186.759925296,100.0,99.9786,99.9795
186.79992528,100.0,99.9786,99.9795
186.83992526400002,100.0,99.9786,99.9795
186.87992524799998,100.0,99.9786,99.9795
186.919925232,100.0,99.9786,99.9795
186.959925216,100.0,99.9786,99.9795
186.9999252,100.0,99.9785,99.9795
187.039925184,100.0,99.9785,99.9795
187.07992516800002,100.0,99.9785,99.9795
187.11992515199998,100.0,99.9785,99.9795
187.159925136,100.0,99.9785,99.9794
187.19992512,100.0,99.9785,99.9794
187.239925104,100.0,99.9785,99.9794
187.279925088,100.0,99.9785,99.9795
187.319925072,100.0,99.9785,99.9795
187.35992505599998,100.0,99.9785,99.9795
187.39992504,100.0,99.9785,99.9794
187.439925024,100.0,99.9785,99.9795
187.479925008,100.0,99.9785,99.9794
187.519924992,100.0,99.9785,99.9795
187.559924976,100.0,99.9784,99.9794
187.59992496,100.0,99.9784,99.9794
187.639924944,100.0,99.9784,99.9794
187.67992492800002,100.0,99.9784,99.9793
187.71992491199998,100.0,99.9784,99.9794
187.759924896,100.0,99.9784,99.9794
187.79992488,100.0,99.9784,99.9794
187.839924864,100.0,99.9784,99.9793
187.879924848,100.0,99.9784,99.9793
187.919924832,100.0,99.9784,99.9794
187.95992481599998,100.0,99.9784,99.9793
187.9999248,100.0,99.9784,99.9793
188.039924784,100.0,99.9785,99.9793
188.079924768,100.0,99.9784,99.9793
188.11992475199997,100.0,99.9784,99.9793
188.159924736,100.0,99.9784,99.9793
188.19992471999998,100.0,99.9784,99.9793
188.239924704,100.0,99.9784,99.9794
188.279924688,100.0,99.9784,99.9794
188.319924672,100.0,99.9784,99.9794
188.35992465599998,100.0,99.9784,99.9795
188.39992464,100.0,99.9784,99.9795
188.43992462399999,100.0,99.9784,99.9795
188.479924608,100.0,99.9784,99.9795
188.51992459200002,100.0,99.9784,99.9795
188.559924576,100.0,99.9784,99.9795
188.59992456,100.0,99.9783,99.9795
188.639924544,100.0,99.9783,99.9795
188.67992452800002,100.0,99.9783,99.9795
188.719924512,100.0,99.9783,99.9795
188.759924496,100.0,99.9783,99.9795
188.79992448,100.0,99.9783,99.9795
188.839924464,100.0,99.9783,99.9795
188.879924448,100.0,99.9783,99.9795
188.91992443200002,100.0,99.9783,99.9795
188.95992441599998,100.0,99.9783,99.9795
188.9999244,100.0,99.9782,99.9795
189.039924384,100.0,99.9782,99.9795
189.079924368,100.0,99.9782,99.9795
189.119924352,100.0,99.9782,99.9795
189.159924336,100.0,99.9782,99.9795
189.19992431999998,100.0,99.9782,99.9795
189.239924304,100.0,99.9781,99.9795
189.279924288,100.0,99.9782,99.9794
189.319924272,100.0,99.9782,99.9794
189.35992425599997,100.0,99.9782,99.9793
189.39992424,100.0,99.9782,99.9793
189.43992422399998,100.0,99.9782,99.9793
189.479924208,100.0,99.9783,99.9793
189.51992419200002,100.0,99.9783,99.9792
189.559924176,100.0,99.9783,99.9792
189.59992416,100.0,99.9783,99.9792
189.639924144,100.0,99.9783,99.9792
189.679924128,100.0,99.9783,99.9792
189.719924112,100.0,99.9783,99.9792
189.75992409600002,100.0,99.9783,99.9792
189.79992407999998,100.0,99.9783,99.9791
189.839924064,100.0,99.9783,99.9791
189.879924048,100.0,99.9783,99.9791
189.919924032,100.0,99.9783,99.9791
189.959924016,100.0,99.9783,99.9791
189.999924,100.0,99.9783,99.979
190.03992398399998,100.0,99.9783,99.979
190.079923968,100.0,99.9783,99.979
190.119923952,100.0,99.9783,99.979
190.159923936,100.0,99.9783,99.979
190.19992391999997,100.0,99.9783,99.979
190.239923904,100.0,99.9783,99.9789
190.27992388799998,100.0,99.9783,99.9789
190.319923872,100.0,99.9783,99.9789
190.359923856,100.0,99.9783,99.9788
190.39992383999999,100.0,99.9783,99.9789
190.439923824,100.0,99.9783,99.9788
190.479923808,100.0,99.9783,99.9788
190.51992379200001,100.0,99.9784,99.9788
190.559923776,100.0,99.9784,99.9788
190.59992376,100.0,99.9785,99.9787
190.639923744,100.0,99.9784,99.9787
190.679923728,100.0,99.9784,99.9787
190.719923712,100.0,99.9785,99.9787
190.75992369600002,100.0,99.9785,99.9786
190.79992368,100.0,99.9785,99.9787
190.839923664,100.0,99.9785,99.9787
190.879923648,100.0,99.9785,99.9787
190.919923632,100.0,99.9785,99.9787
190.959923616,100.0,99.9785,99.9787
190.99992360000002,100.0,99.9785,99.9787
191.03992358399998,100.0,99.9785,99.9787
191.079923568,100.0,99.9785,99.9787
191.119923552,100.0,99.9785,99.9787
191.159923536,100.0,99.9785,99.9787
191.19992352,100.0,99.9785,99.9787
191.239923504,100.0,99.9785,99.9787
191.27992348799998,100.0,99.9785,99.9786
191.319923472,100.0,99.9785,99.9786
191.359923456,100.0,99.9784,99.9786
191.39992344,100.0,99.9785,99.9786
191.439923424,100.0,99.9785,99.9786
191.479923408,100.0,99.9785,99.9785
191.519923392,100.0,99.9785,99.9786
191.559923376,100.0,99.9785,99.9785
191.59992336000002,100.0,99.9785,99.9785
191.63992334399998,100.0,99.9785,99.9785
191.679923328,100.0,99.9785,99.9785
191.719923312,100.0,99.9786,99.9785
191.759923296,100.0,99.9786,99.9785
191.79992328,100.0,99.9786,99.9785
191.839923264,100.0,99.9787,99.9785
191.87992324799998,100.0,99.9786,99.9785
191.919923232,100.0,99.9787,99.9786
191.959923216,100.0,99.9786,99.9785
191.9999232,100.0,99.9786,99.9785
192.039923184,100.0,99.9786,99.9785
192.079923168,100.0,99.9786,99.9785
192.11992315199998,100.0,99.9786,99.9785
192.159923136,100.0,99.9785,99.9785
192.19992312,100.0,99.9785,99.9785
192.239923104,100.0,99.9785,99.9785
192.27992308799998,100.0,99.9785,99.9785
192.319923072,100.0,99.9786,99.9785
192.35992305599999,100.0,99.9786,99.9785
192.39992304,100.0,99.9786,99.9785
192.439923024,100.0,99.9787,99.9786
192.479923008,100.0,99.9786,99.9785
192.519922992,100.0,99.9787,99.9786
192.559922976,100.0,99.9787,99.9786
192.59992296000001,100.0,99.9787,99.9786
192.639922944,100.0,99.9787,99.9786
192.679922928,100.0,99.9787,99.9786
192.719922912,100.0,99.9787,99.9786
192.759922896,100.0,99.9787,99.9786
192.79992288,100.0,99.9787,99.9786
192.83992286400002,100.0,99.9787,99.9786
192.87992284799998,100.0,99.9787,99.9785
192.919922832,100.0,99.9788,99.9786
192.959922816,100.0,99.9788,99.9786
192.9999228,100.0,99.9788,99.9786
193.039922784,100.0,99.9788,99.9786
193.079922768,100.0,99.9788,99.9786
193.11992275199998,100.0,99.9789,99.9786
193.159922736,100.0,99.9789,99.9786
193.19992272,100.0,99.9789,99.9785
193.239922704,100.0,99.9789,99.9785
193.279922688,100.0,99.9789,99.9785
193.319922672,100.0,99.9789,99.9785
193.35992265599998,100.0,99.979,99.9785
193.39992264,100.0,99.9789,99.9784
193.43992262400002,100.0,99.979,99.9785
193.479922608,100.0,99.979,99.9785
193.519922592,100.0,99.979,99.9785
193.559922576,100.0,99.9791,99.9785
193.59992256,100.0,99.9791,99.9785
193.639922544,100.0,99.9791,99.9785
193.67992252800002,100.0,99.9791,99.9785
193.71992251199998,100.0,99.9791,99.9784
193.759922496,100.0,99.9792,99.9785
193.79992248,100.0,99.9792,99.9785
193.839922464,100.0,99.9793,99.9785
193.879922448,100.0,99.9793,99.9785
193.919922432,100.0,99.9793,99.9784
193.95992241599998,100.0,99.9793,99.9784
193.9999224,100.0,99.9794,99.9784
194.039922384,100.0,99.9795,99.9784
194.079922368,100.0,99.9795,99.9783
194.11992235199997,100.0,99.9795,99.9783
194.159922336,100.0,99.9795,99.9783
194.19992231999998,100.0,99.9795,99.9783
194.239922304,100.0,99.9796,99.9783
194.279922288,100.0,99.9797,99.9783
194.31992227199999,100.0,99.9797,99.9783
194.35992225599998,100.0,99.9798,99.9783
194.39992224,100.0,99.9798,99.9783
194.43992222400001,100.0,99.9799,99.9783
194.479922208,100.0,99.98,99.9783
194.51992219200002,100.0,99.98,99.9783
194.559922176,100.0,99.9801,99.9783
194.59992216,100.0,99.98,99.9783
194.639922144,100.0,99.9801,99.9783
194.67992212800002,100.0,99.9801,99.9784
194.719922112,100.0,99.9801,99.9784
194.759922096,100.0,99.9802,99.9784
194.79992208,100.0,99.9802,99.9784
194.839922064,100.0,99.9802,99.9784
194.879922048,100.0,99.9802,99.9785
194.91992203200002,100.0,99.9802,99.9784
194.95992201599998,100.0,99.9803,99.9785
194.999922,100.0,99.9803,99.9784
195.039921984,100.0,99.9803,99.9784
195.079921968,100.0,99.9804,99.9784
195.119921952,100.0,99.9805,99.9784
195.159921936,100.0,99.9806,99.9784
195.19992191999998,100.0,99.9806,99.9784
195.239921904,100.0,99.9806,99.9784
195.279921888,100.0,99.9807,99.9784
195.319921872,100.0,99.9808,99.9784
195.35992185599997,100.0,99.9809,99.9784
195.39992184,100.0,99.981,99.9784
195.439921824,100.0,99.981,99.9784
195.479921808,100.0,99.9811,99.9785
195.51992179200002,100.0,99.9811,99.9784
195.55992177599998,100.0,99.9812,99.9784
195.59992176,100.0,99.9813,99.9785
195.639921744,100.0,99.9813,99.9784
195.679921728,100.0,99.9814,99.9785
195.719921712,100.0,99.9814,99.9785
195.75992169600002,100.0,99.9814,99.9785
195.79992167999998,100.0,99.9815,99.9786
195.839921664,100.0,99.9816,99.9786
195.879921648,100.0,99.9816,99.9787
195.919921632,100.0,99.9817,99.9787
195.959921616,100.0,99.9818,99.9787
195.9999216,100.0,99.9818,99.9787
196.03992158399998,100.0,99.9819,99.9787
196.079921568,100.0,99.9819,99.9788
196.119921552,100.0,99.982,99.9787
196.159921536,100.0,99.982,99.9787
196.19992151999998,100.0,99.9821,99.9788
196.239921504,100.0,99.9821,99.9788
196.27992148799999,100.0,99.9822,99.9788
196.319921472,100.0,99.9822,99.9789
196.359921456,100.0,99.9823,99.9789
196.39992143999999,100.0,99.9823,99.979
196.439921424,100.0,99.9823,99.979
196.479921408,100.0,99.9824,99.9791
196.51992139200001,100.0,99.9824,99.9791
196.559921376,100.0,99.9824,99.9791
196.59992136,100.0,99.9825,99.9791
196.639921344,100.0,99.9825,99.9791
196.679921328,100.0,99.9826,99.9792
196.719921312,100.0,99.9826,99.9792
196.75992129600002,100.0,99.9826,99.9792
196.79992127999998,100.0,99.9827,99.9793
196.839921264,100.0,99.9827,99.9793
196.879921248,100.0,99.9828,99.9793
196.919921232,100.0,99.9828,99.9793
196.959921216,100.0,99.9827,99.9794
196.99992120000002,100.0,99.9828,99.9794
197.03992118399998,100.0,99.9828,99.9794
197.079921168,100.0,99.9828,99.9795
197.119921152,100.0,99.9829,99.9796
197.159921136,100.0,99.9829,99.9796
197.19992112,100.0,99.9829,99.9797
197.239921104,100.0,99.9829,99.9797
197.27992108799998,100.0,99.9829,99.9798
197.319921072,100.0,99.9829,99.9798
197.359921056,100.0,99.9829,99.9798
197.39992104,100.0,99.9829,99.9799
197.439921024,100.0,99.9829,99.9799
197.479921008,100.0,99.9829,99.9799
197.519920992,100.0,99.983,99.98
197.559920976,100.0,99.983,99.98
197.59992096000002,100.0,99.983,99.9801
197.63992094399998,100.0,99.983,99.9801
197.679920928,100.0,99.983,99.9802
197.719920912,100.0,99.983,99.9803
197.759920896,100.0,99.9831,99.9803
197.79992088,100.0,99.9831,99.9804
197.839920864,100.0,99.9832,99.9804
197.87992084799998,100.0,99.9832,99.9804
197.919920832,100.0,99.9833,99.9804
197.959920816,100.0,99.9833,99.9804
197.9999208,100.0,99.9834,99.9804
198.03992078399997,100.0,99.9834,99.9805
198.079920768,100.0,99.9834,99.9804
198.11992075199998,100.0,99.9835,99.9805
198.159920736,100.0,99.9835,99.9805
198.19992072,100.0,99.9835,99.9805
198.239920704,100.0,99.9835,99.9806
198.27992068799998,100.0,99.9835,99.9806
198.319920672,100.0,99.9835,99.9807
198.35992065599999,100.0,99.9835,99.9807
198.39992064,100.0,99.9836,99.9807
198.43992062400002,100.0,99.9836,99.9808
198.479920608,100.0,99.9836,99.9808
198.519920592,100.0,99.9836,99.9809
198.559920576,100.0,99.9836,99.9809
198.59992056000002,100.0,99.9836,99.9809
198.639920544,100.0,99.9837,99.9809
198.679920528,100.0,99.9836,99.9809
198.719920512,100.0,99.9837,99.9809
198.759920496,100.0,99.9837,99.9809
198.79992048,100.0,99.9836,99.9809
198.83992046400002,100.0,99.9837,99.9809
198.87992044799998,100.0,99.9837,99.9809
198.919920432,100.0,99.9837,99.981
198.959920416,100.0,99.9837,99.981
198.9999204,100.0,99.9837,99.981
199.039920384,100.0,99.9837,99.981
199.079920368,100.0,99.9837,99.9809
199.11992035199998,100.0,99.9837,99.9809
199.159920336,100.0,99.9837,99.9809
199.19992032,100.0,99.9837,99.9809
199.239920304,100.0,99.9838,99.981
199.27992028799997,100.0,99.9838,99.981
199.319920272,100.0,99.9838,99.981
199.35992025599998,100.0,99.9838,99.981
199.39992024,100.0,99.9838,99.9809
199.43992022400002,100.0,99.9838,99.981
199.47992020799998,100.0,99.9838,99.981
199.519920192,100.0,99.9839,99.981
199.559920176,100.0,99.9839,99.981
199.59992016,100.0,99.9839,99.981
199.639920144,100.0,99.9839,99.981
199.67992012800002,100.0,99.9839,99.981
199.71992011199998,100.0,99.9839,99.981
199.759920096,100.0,99.9839,99.981
199.79992008,100.0,99.9839,99.981
199.839920064,100.0,99.9839,99.9811
199.879920048,100.0,99.9839,99.9811
199.919920032,100.0,99.9839,99.9811
199.95992001599998,100.0,99.984,99.9811
199.99992,100.0,99.9839,99.9811
200.039919984,100.0,99.9839,99.9811
200.079919968,100.0,99.9839,99.9811
200.11991995199998,100.0,99.9839,99.9811
200.159919936,100.0,99.984,99.9811
200.19991991999999,100.0,99.984,99.9811
200.239919904,100.0,99.984,99.9811
200.279919888,100.0,99.984,99.9811
200.31991987199999,100.0,99.984,99.9811
200.35991985599998,100.0,99.984,99.9811
200.39991984,100.0,99.9841,99.9811
200.43991982400001,100.0,99.9841,99.9811
200.479919808,100.0,99.9842,99.9811
200.519919792,100.0,99.9842,99.9811
200.559919776,100.0,99.9842,99.9811
200.59991976,100.0,99.9841,99.981
200.639919744,100.0,99.9842,99.981
200.67991972800002,100.0,99.9842,99.981
200.71991971199998,100.0,99.9842,99.981
200.759919696,100.0,99.9841,99.981
200.79991968,100.0,99.9841,99.981
200.839919664,100.0,99.9841,99.981
200.879919648,100.0,99.9841,99.9809
200.91991963200002,100.0,99.9841,99.9809
200.95991961599998,100.0,99.9841,99.9809
200.9999196,100.0,99.9841,99.9808
201.039919584,100.0,99.9841,99.9808
201.079919568,100.0,99.9841,99.9808
201.119919552,100.0,99.9841,99.9808
201.159919536,100.0,99.9841,99.9808
201.19991951999998,100.0,99.9841,99.9808
201.239919504,100.0,99.984,99.9808
201.279919488,100.0,99.9841,99.9808
201.319919472,100.0,99.984,99.9809
201.359919456,100.0,99.984,99.9809
201.39991944,100.0,99.984,99.9809
201.439919424,100.0,99.984,99.9809
201.479919408,100.0,99.9841,99.9809
201.51991939200002,100.0,99.9841,99.9809
201.55991937599998,100.0,99.984,99.9808
201.59991936,100.0,99.984,99.9808
201.639919344,100.0,99.984,99.9808
201.679919328,100.0,99.9841,99.9808
201.719919312,100.0,99.9841,99.9808
201.759919296,100.0,99.9841,99.9808
201.79991927999998,100.0,99.9841,99.9808
201.839919264,100.0,99.9841,99.9808
201.879919248,100.0,99.9842,99.9808
201.919919232,100.0,99.9842,99.9808
201.95991921599997,100.0,99.9843,99.9808
201.9999192,100.0,99.9843,99.9808
202.03991918399998,100.0,99.9843,99.9808
202.079919168,100.0,99.9844,99.9808
202.119919152,100.0,99.9845,99.9808
202.159919136,100.0,99.9845,99.9808
202.19991911999998,100.0,99.9845,99.9809
202.239919104,100.0,99.9845,99.9809
202.27991908799999,100.0,99.9846,99.981
202.319919072,100.0,99.9846,99.9809
202.359919056,100.0,99.9846,99.9809
202.39991904,100.0,99.9847,99.981
202.439919024,100.0,99.9846,99.9811
202.479919008,100.0,99.9846,99.9811
202.51991899200002,100.0,99.9847,99.9812
202.559918976,100.0,99.9846,99.9812
202.59991896,100.0,99.9847,99.9812
202.639918944,100.0,99.9846,99.9812
202.679918928,100.0,99.9846,99.9813
202.719918912,100.0,99.9846,99.9813
202.75991889600002,100.0,99.9846,99.9813
202.79991887999998,100.0,99.9847,99.9813
202.839918864,100.0,99.9846,99.9813
202.879918848,100.0,99.9846,99.9814
202.919918832,100.0,99.9847,99.9813
202.959918816,100.0,99.9847,99.9813
202.9999188,100.0,99.9847,99.9813
203.03991878399998,100.0,99.9846,99.9813
203.079918768,100.0,99.9846,99.9813
203.119918752,100.0,99.9846,99.9814
203.159918736,100.0,99.9846,99.9814
203.19991871999997,100.0,99.9846,99.9814
203.239918704,100.0,99.9846,99.9814
203.27991868799998,100.0,99.9845,99.9814
203.319918672,100.0,99.9846,99.9815
203.359918656,100.0,99.9845,99.9815
203.39991864,100.0,99.9845,99.9815
203.439918624,100.0,99.9845,99.9815
203.479918608,100.0,99.9845,99.9815
203.519918592,100.0,99.9845,99.9816
203.559918576,100.0,99.9845,99.9815
203.59991856000002,100.0,99.9845,99.9815
203.63991854399998,100.0,99.9844,99.9816
203.679918528,100.0,99.9844,99.9816
203.719918512,100.0,99.9844,99.9816
203.759918496,100.0,99.9844,99.9817
203.79991848,100.0,99.9844,99.9817
203.839918464,100.0,99.9844,99.9817
203.87991844799998,100.0,99.9844,99.9817
203.919918432,100.0,99.9843,99.9817
203.959918416,100.0,99.9843,99.9818
203.9999184,100.0,99.9842,99.9818
204.03991838399998,100.0,99.9843,99.9818
204.079918368,100.0,99.9842,99.9819
204.11991835199998,100.0,99.9842,99.9819
204.159918336,100.0,99.9841,99.9819
204.19991832,100.0,99.9841,99.9819
204.23991830399999,100.0,99.9841,99.9819
204.27991828799998,100.0,99.9841,99.9819
204.319918272,100.0,99.9841,99.9819
204.35991825600001,100.0,99.984,99.9819
204.39991824,100.0,99.9839,99.9819
204.439918224,100.0,99.9839,99.9819
204.479918208,100.0,99.9839,99.9819
204.519918192,100.0,99.9838,99.9818
204.559918176,100.0,99.9838,99.9818
204.59991816000002,100.0,99.9837,99.9818
204.639918144,100.0,99.9836,99.9818
204.679918128,100.0,99.9836,99.9817
204.719918112,100.0,99.9835,99.9817
204.759918096,100.0,99.9835,99.9817
204.79991808,100.0,99.9835,99.9817
204.83991806400002,100.0,99.9835,99.9817
204.87991804799998,100.0,99.9834,99.9817
204.919918032,100.0,99.9833,99.9817
204.959918016,100.0,99.9833,99.9817
204.999918,100.0,99.9832,99.9817
205.039917984,100.0,99.9831,99.9817
205.079917968,100.0,99.9831,99.9817
205.11991795199998,100.0,99.983,99.9817
205.159917936,100.0,99.983,99.9817
205.19991792,100.0,99.9829,99.9817
205.239917904,100.0,99.9829,99.9817
205.27991788799997,100.0,99.9828,99.9817
205.319917872,100.0,99.9827,99.9816
205.359917856,100.0,99.9827,99.9815
205.39991784,100.0,99.9826,99.9815
205.43991782400002,100.0,99.9825,99.9815
205.47991780799998,100.0,99.9825,99.9814
205.519917792,100.0,99.9824,99.9814
205.559917776,100.0,99.9824,99.9814
205.59991776,100.0,99.9823,99.9814
205.639917744,100.0,99.9823,99.9813
205.679917728,100.0,99.9823,99.9812
205.71991771199998,100.0,99.9822,99.9812
205.759917696,100.0,99.9822,99.9812
205.79991768,100.0,99.9821,99.9811
205.839917664,100.0,99.9821,99.9811
205.879917648,100.0,99.982,99.981
205.919917632,100.0,99.982,99.981
205.95991761599998,100.0,99.982,99.981
205.9999176,100.0,99.9819,99.9809
206.039917584,100.0,99.9818,99.9809
206.079917568,100.0,99.9818,99.9809
206.11991755199998,100.0,99.9818,99.9808
206.159917536,100.0,99.9818,99.9809
206.19991751999999,100.0,99.9818,99.9809
206.239917504,100.0,99.9818,99.9808
206.279917488,100.0,99.9818,99.9808
206.319917472,100.0,99.9817,99.9808
206.359917456,100.0,99.9817,99.9807
206.39991744,100.0,99.9817,99.9807
206.43991742400001,100.0,99.9816,99.9806
206.479917408,100.0,99.9816,99.9806
206.519917392,100.0,99.9816,99.9805
206.559917376,100.0,99.9816,99.9804
206.59991736,100.0,99.9815,99.9804
206.639917344,100.0,99.9815,99.9804
206.67991732800002,100.0,99.9815,99.9804
206.71991731199998,100.0,99.9814,99.9803
206.759917296,100.0,99.9814,99.9802
206.79991728,100.0,99.9813,99.9802
206.839917264,100.0,99.9813,99.9801
206.879917248,100.0,99.9813,99.9801
206.919917232,100.0,99.9813,99.9801
206.95991721599998,100.0,99.9812,99.98
206.9999172,100.0,99.9813,99.9799
207.039917184,100.0,99.9812,99.9798
207.079917168,100.0,99.9812,99.9798
207.119917152,100.0,99.9811,99.9798
207.159917136,100.0,99.9811,99.9797
207.19991711999998,100.0,99.9811,99.9797
207.239917104,100.0,99.981,99.9796
207.279917088,100.0,99.981,99.9796
207.319917072,100.0,99.981,99.9796
207.359917056,100.0,99.9809,99.9795
207.39991704,100.0,99.9809,99.9794
207.439917024,100.0,99.9809,99.9794
207.479917008,100.0,99.9808,99.9793
207.51991699200002,100.0,99.9808,99.9792
207.55991697599998,100.0,99.9807,99.9791
207.59991696,100.0,99.9807,99.9791
207.639916944,100.0,99.9807,99.979
207.679916928,100.0,99.9806,99.979
207.719916912,100.0,99.9806,99.979
207.759916896,100.0,99.9806,99.9789
207.79991687999998,100.0,99.9806,99.9789
207.839916864,100.0,99.9805,99.9789
207.879916848,100.0,99.9805,99.9789
207.919916832,100.0,99.9805,99.9789
207.95991681599997,100.0,99.9804,99.9789
207.9999168,100.0,99.9804,99.9789
208.03991678399998,100.0,99.9803,99.9788
208.079916768,100.0,99.9803,99.9787
208.119916752,100.0,99.9803,99.9787
208.15991673599999,100.0,99.9802,99.9786
208.19991671999998,100.0,99.9801,99.9786
208.239916704,100.0,99.9801,99.9786
208.279916688,100.0,99.98,99.9785
208.319916672,100.0,99.98,99.9785
208.35991665600002,100.0,99.9799,99.9784
208.39991664,100.0,99.9799,99.9783
208.439916624,100.0,99.9799,99.9783
208.479916608,100.0,99.9799,99.9782
208.51991659200002,100.0,99.9799,99.9783
208.559916576,100.0,99.9798,99.9782
208.59991656,100.0,99.9798,99.9782
208.639916544,100.0,99.9798,99.9783
208.679916528,100.0,99.9798,99.9782
208.719916512,100.0,99.9798,99.9782
208.75991649600002,100.0,99.9797,99.9781
208.79991647999998,100.0,99.9797,99.9781
208.839916464,100.0,99.9796,99.9781
208.879916448,100.0,99.9796,99.9781
208.919916432,100.0,99.9796,99.9781
208.959916416,100.0,99.9796,99.9781
208.9999164,100.0,99.9795,99.9781
209.03991638399998,100.0,99.9795,99.9781
209.079916368,100.0,99.9795,99.978
209.119916352,100.0,99.9794,99.9781
209.159916336,100.0,99.9794,99.978
209.19991631999997,100.0,99.9794,99.978
209.239916304,100.0,99.9794,99.978
209.27991628799998,100.0,99.9793,99.9779
209.319916272,100.0,99.9794,99.9779
209.35991625600002,100.0,99.9793,99.9778
209.39991623999998,100.0,99.9793,99.9778
209.439916224,100.0,99.9793,99.9778
209.479916208,100.0,99.9793,99.9777
209.519916192,100.0,99.9793,99.9777
209.559916176,100.0,99.9793,99.9777
209.59991616000002,100.0,99.9792,99.9777
209.63991614399998,100.0,99.9792,99.9777
209.679916128,100.0,99.9792,99.9776
209.719916112,100.0,99.9792,99.9776
209.759916096,100.0,99.9792,99.9776
209.79991608,100.0,99.9791,99.9776
209.839916064,100.0,99.9791,99.9776
209.87991604799998,100.0,99.9791,99.9776
209.919916032,100.0,99.9791,99.9776
209.959916016,100.0,99.9792,99.9776
209.999916,100.0,99.9791,99.9776
210.03991598399998,100.0,99.9792,99.9777
210.079915968,100.0,99.9791,99.9776
210.11991595199999,100.0,99.9791,99.9776
210.159915936,100.0,99.9791,99.9776
210.19991592,100.0,99.9791,99.9776
210.239915904,100.0,99.9791,99.9777
210.279915888,100.0,99.9791,99.9777
210.319915872,100.0,99.9791,99.9777
210.35991585600001,100.0,99.9792,99.9777
210.39991584,100.0,99.9791,99.9776
210.439915824,100.0,99.9791,99.9776
210.479915808,100.0,99.9791,99.9775
210.519915792,100.0,99.9791,99.9776
210.559915776,100.0,99.9792,99.9776
210.59991576000002,100.0,99.9792,99.9776
210.63991574399998,100.0,99.9793,99.9776
210.679915728,100.0,99.9793,99.9776
210.719915712,100.0,99.9793,99.9776
210.759915696,100.0,99.9794,99.9776
210.79991568,100.0,99.9793,99.9776
210.83991566400002,100.0,99.9794,99.9776
210.87991564799998,100.0,99.9794,99.9776
210.919915632,100.0,99.9794,99.9775
210.959915616,100.0,99.9795,99.9776
210.9999156,100.0,99.9795,99.9775
211.039915584,100.0,99.9795,99.9775
211.079915568,100.0,99.9795,99.9775
211.11991555199998,100.0,99.9795,99.9775
211.159915536,100.0,99.9795,99.9775
211.19991552,100.0,99.9795,99.9774
211.239915504,100.0,99.9795,99.9774
211.279915488,100.0,99.9796,99.9774
211.319915472,100.0,99.9796,99.9774
211.359915456,100.0,99.9797,99.9774
211.39991544,100.0,99.9797,99.9774
211.43991542400002,100.0,99.9798,99.9774
211.47991540799998,100.0,99.9798,99.9774
211.519915392,100.0,99.9797,99.9774
211.559915376,100.0,99.9798,99.9774
211.59991536,100.0,99.9798,99.9775
211.639915344,100.0,99.9798,99.9775
211.679915328,100.0,99.9798,99.9775
211.71991531199998,100.0,99.9798,99.9775
211.759915296,100.0,99.9798,99.9775
211.79991528,100.0,99.9798,99.9775
211.839915264,100.0,99.9798,99.9774
211.87991524799997,100.0,99.9798,99.9775
211.919915232,100.0,99.9798,99.9775
211.95991521599998,100.0,99.9798,99.9775
211.9999152,100.0,99.9798,99.9776
212.039915184,100.0,99.9798,99.9776
212.079915168,100.0,99.9798,99.9776
212.11991515199998,100.0,99.9799,99.9776
212.159915136,100.0,99.9799,99.9776
212.19991512,100.0,99.98,99.9776
212.239915104,100.0,99.9799,99.9776
212.279915088,100.0,99.98,99.9776
212.319915072,100.0,99.98,99.9776
212.359915056,100.0,99.98,99.9775
212.39991504,100.0,99.9801,99.9775
212.43991502400002,100.0,99.98,99.9775
212.479915008,100.0,99.9801,99.9775
212.519914992,100.0,99.9801,99.9775
212.559914976,100.0,99.98,99.9775
212.59991496,100.0,99.9801,99.9775
212.639914944,100.0,99.98,99.9775
212.67991492800002,100.0,99.98,99.9775
212.71991491199998,100.0,99.98,99.9775
212.759914896,100.0,99.98,99.9775
212.79991488,100.0,99.98,99.9775
212.839914864,100.0,99.98,99.9775
212.879914848,100.0,99.98,99.9775
212.919914832,100.0,99.98,99.9775
212.95991481599998,100.0,99.98,99.9775
212.9999148,100.0,99.9801,99.9775
213.039914784,100.0,99.9801,99.9775
213.079914768,100.0,99.9801,99.9775
213.11991475199997,100.0,99.9801,99.9775
213.159914736,100.0,99.98,99.9774
213.19991471999998,100.0,99.9801,99.9775
213.239914704,100.0,99.9801,99.9774
213.27991468800002,100.0,99.9801,99.9774
213.319914672,100.0,99.9801,99.9774
213.359914656,100.0,99.9801,99.9774
213.39991464,100.0,99.9801,99.9774
213.439914624,100.0,99.9801,99.9774
213.479914608,100.0,99.9801,99.9774
213.51991459200002,100.0,99.9801,99.9774
213.55991457599998,100.0,99.9802,99.9774
213.59991456,100.0,99.9802,99.9774
213.639914544,100.0,99.9802,99.9774
213.679914528,100.0,99.9802,99.9774
213.719914512,100.0,99.9802,99.9774
213.759914496,100.0,99.9802,99.9774
213.79991447999998,100.0,99.9802,99.9774
213.839914464,100.0,99.9802,99.9774
213.879914448,100.0,99.9803,99.9775
213.919914432,100.0,99.9803,99.9775
213.95991441599998,100.0,99.9804,99.9775
213.9999144,100.0,99.9804,99.9776
214.03991438399999,100.0,99.9804,99.9776
214.079914368,100.0,99.9804,99.9776
214.119914352,100.0,99.9804,99.9776
214.15991433599999,100.0,99.9804,99.9777
214.19991431999998,100.0,99.9805,99.9777
214.239914304,100.0,99.9805,99.9777
214.27991428800001,100.0,99.9806,99.9776
214.319914272,100.0,99.9806,99.9777
214.359914256,100.0,99.9807,99.9777
214.39991424,100.0,99.9808,99.9777
214.439914224,100.0,99.9808,99.9778
214.479914208,100.0,99.9809,99.9778
214.51991419200002,100.0,99.9809,99.9778
214.559914176,100.0,99.9809,99.9779
214.59991416,100.0,99.981,99.9779
214.639914144,100.0,99.981,99.9779
214.679914128,100.0,99.981,99.9779
214.719914112,100.0,99.9811,99.9779
214.75991409600002,100.0,99.9811,99.9779
214.79991407999998,100.0,99.9812,99.9779
214.839914064,100.0,99.9812,99.9779
214.879914048,100.0,99.9812,99.9779
214.919914032,100.0,99.9812,99.9779
214.959914016,100.0,99.9813,99.9779
214.999914,100.0,99.9813,99.9779
215.03991398399998,100.0,99.9814,99.9779
215.079913968,100.0,99.9814,99.9779
215.119913952,100.0,99.9815,99.9779
215.159913936,100.0,99.9815,99.9779
215.19991391999997,100.0,99.9815,99.9779
215.239913904,100.0,99.9815,99.9779
215.279913888,100.0,99.9816,99.9779
215.319913872,100.0,99.9816,99.9779
215.35991385600002,100.0,99.9816,99.9779
215.39991383999998,100.0,99.9816,99.9779
215.439913824,100.0,99.9816,99.9779
215.479913808,100.0,99.9817,99.9779
215.519913792,100.0,99.9817,99.978
215.559913776,100.0,99.9818,99.978
215.59991376,100.0,99.9818,99.978
215.63991374399998,100.0,99.9819,99.978
215.679913728,100.0,99.9819,99.978
215.719913712,100.0,99.9819,99.978
215.759913696,100.0,99.9819,99.9781
215.79991368,100.0,99.982,99.9781
215.839913664,100.0,99.982,99.9782
215.87991364799998,100.0,99.9821,99.9782
215.919913632,100.0,99.9821,99.9783
215.959913616,100.0,99.9821,99.9783
215.9999136,100.0,99.9822,99.9783
216.03991358399998,100.0,99.9822,99.9783
216.079913568,100.0,99.9823,99.9783
216.11991355199999,100.0,99.9823,99.9783
216.159913536,100.0,99.9824,99.9783
216.19991352,100.0,99.9824,99.9783
216.239913504,100.0,99.9824,99.9783
216.279913488,100.0,99.9825,99.9784
216.319913472,100.0,99.9825,99.9783
216.35991345600002,100.0,99.9825,99.9783
216.39991344,100.0,99.9825,99.9784
216.439913424,100.0,99.9825,99.9784
216.479913408,100.0,99.9825,99.9784
216.519913392,100.0,99.9826,99.9784
216.559913376,100.0,99.9826,99.9785
216.59991336000002,100.0,99.9827,99.9785
216.63991334399998,100.0,99.9827,99.9786
216.679913328,100.0,99.9827,99.9786
216.719913312,100.0,99.9827,99.9786
216.759913296,100.0,99.9827,99.9786
216.79991328,100.0,99.9828,99.9787
216.839913264,100.0,99.9828,99.9787
216.87991324799998,100.0,99.9828,99.9787
216.919913232,100.0,99.9828,99.9787
216.959913216,100.0,99.9828,99.9787
216.9999132,100.0,99.9828,99.9788
217.039913184,100.0,99.9828,99.9788
217.079913168,100.0,99.9828,99.9788
217.11991315199998,100.0,99.9828,99.9789
217.159913136,100.0,99.9827,99.9788
217.19991312,100.0,99.9828,99.9789
217.239913104,100.0,99.9828,99.9789
217.279913088,100.0,99.9827,99.9789
217.319913072,100.0,99.9828,99.979
217.359913056,100.0,99.9828,99.9789
217.39991304,100.0,99.9828,99.979
217.43991302400002,100.0,99.9828,99.9791
217.47991300799998,100.0,99.9827,99.9791
217.519912992,100.0,99.9828,99.9792
217.559912976,100.0,99.9827,99.9792
217.59991296,100.0,99.9827,99.9793
217.639912944,100.0,99.9827,99.9793
217.679912928,100.0,99.9826,99.9793
217.71991291199998,100.0,99.9826,99.9794
217.759912896,100.0,99.9826,99.9794
217.79991288,100.0,99.9826,99.9793
217.839912864,100.0,99.9826,99.9794
217.87991284799998,100.0,99.9826,99.9794
217.919912832,100.0,99.9826,99.9794
217.95991281599999,100.0,99.9826,99.9794
217.9999128,100.0,99.9826,99.9795
218.039912784,100.0,99.9826,99.9795
218.07991276799999,100.0,99.9826,99.9795
218.11991275199998,100.0,99.9826,99.9796
218.159912736,100.0,99.9826,99.9796
218.19991272,100.0,99.9826,99.9796
218.239912704,100.0,99.9826,99.9796
218.27991268800002,100.0,99.9826,99.9797
218.319912672,100.0,99.9826,99.9797
218.359912656,100.0,99.9827,99.9797
218.39991264,100.0,99.9827,99.9797
218.43991262400002,100.0,99.9827,99.9798
218.479912608,100.0,99.9827,99.9798
218.519912592,100.0,99.9827,99.9798
218.559912576,100.0,99.9827,99.9799
218.59991256,100.0,99.9827,99.9799
218.639912544,100.0,99.9828,99.9799
218.67991252800002,100.0,99.9828,99.9799
218.71991251199998,100.0,99.9828,99.98
218.759912496,100.0,99.9827,99.98
218.79991248,100.0,99.9827,99.98
218.839912464,100.0,99.9827,99.9801
218.879912448,100.0,99.9827,99.9801
218.919912432,100.0,99.9827,99.9801
218.95991241599998,100.0,99.9828,99.9802
218.9999124,100.0,99.9828,99.9801
219.039912384,100.0,99.9828,99.9802
219.079912368,100.0,99.9828,99.9801
219.11991235199997,100.0,99.9828,99.9801
219.159912336,100.0,99.9828,99.9802
219.19991231999998,100.0,99.9828,99.9803
219.239912304,100.0,99.9828,99.9804
219.27991228800002,100.0,99.9828,99.9804
219.31991227199998,100.0,99.9828,99.9805
219.359912256,100.0,99.9828,99.9805
219.39991224,100.0,99.9828,99.9806
219.439912224,100.0,99.9828,99.9806
219.479912208,100.0,99.9828,99.9807
219.51991219200002,100.0,99.9828,99.9806
219.55991217599998,100.0,99.9829,99.9807
219.59991216,100.0,99.9829,99.9807
219.639912144,100.0,99.9829,99.9807
219.679912128,100.0,99.9829,99.9808
219.719912112,100.0,99.9829,99.9808
219.759912096,100.0,99.9829,99.9808
219.79991207999998,100.0,99.9829,99.9808
219.839912064,100.0,99.9829,99.9808
219.879912048,100.0,99.983,99.9808
219.919912032,100.0,99.9829,99.9809
219.95991201599998,100.0,99.983,99.9809
219.999912,100.0,99.9829,99.9809
220.03991198399999,100.0,99.983,99.9809
220.079911968,100.0,99.983,99.981
220.119911952,100.0,99.983,99.981
220.159911936,100.0,99.9831,99.981
220.19991191999998,100.0,99.9831,99.9811
220.239911904,100.0,99.9831,99.981
220.27991188800002,100.0,99.9832,99.9811
220.319911872,100.0,99.9832,99.981
220.359911856,100.0,99.9832,99.9811
220.39991184,100.0,99.9832,99.9811
220.439911824,100.0,99.9833,99.9811
220.479911808,100.0,99.9833,99.9811
220.51991179200002,100.0,99.9833,99.9811
220.55991177599998,100.0,99.9833,99.9811
220.59991176,100.0,99.9833,99.9811
220.639911744,100.0,99.9833,99.9811
220.679911728,100.0,99.9834,99.9812
220.719911712,100.0,99.9834,99.9811
220.75991169600002,100.0,99.9834,99.9811
220.79991167999998,100.0,99.9835,99.9811
220.839911664,100.0,99.9835,99.9811
220.879911648,100.0,99.9835,99.9811
220.919911632,100.0,99.9835,99.9811
220.959911616,100.0,99.9835,99.9811
220.9999116,100.0,99.9835,99.9811
221.03991158399998,100.0,99.9835,99.9811
221.079911568,100.0,99.9836,99.9812
221.119911552,100.0,99.9836,99.9812
221.159911536,100.0,99.9835,99.9812
221.19991152,100.0,99.9836,99.9812
221.239911504,100.0,99.9836,99.9812
221.279911488,100.0,99.9836,99.9812
221.319911472,100.0,99.9836,99.9812
221.35991145600002,100.0,99.9836,99.9813
221.39991143999998,100.0,99.9837,99.9813
221.439911424,100.0,99.9837,99.9813
221.479911408,100.0,99.9838,99.9813
221.519911392,100.0,99.9838,99.9813
221.559911376,100.0,99.9838,99.9813
221.59991136,100.0,99.9838,99.9813
221.63991134399998,100.0,99.9838,99.9813
221.679911328,100.0,99.9838,99.9814
221.719911312,100.0,99.9839,99.9813
221.759911296,100.0,99.9838,99.9813
221.79991127999998,100.0,99.9839,99.9813
221.839911264,100.0,99.9838,99.9814
221.87991124799998,100.0,99.9839,99.9814
221.919911232,100.0,99.9839,99.9814
221.959911216,100.0,99.9839,99.9814
221.9999112,100.0,99.984,99.9814
222.03991118399998,100.0,99.984,99.9814
222.079911168,100.0,99.9841,99.9814
222.119911152,100.0,99.9841,99.9814
222.159911136,100.0,99.9841,99.9814
222.19991112,100.0,99.9841,99.9814
222.239911104,100.0,99.9842,99.9814
222.279911088,100.0,99.9842,99.9815
222.319911072,100.0,99.9842,99.9815
222.35991105600002,100.0,99.9842,99.9814
222.39991104,100.0,99.9842,99.9814
222.439911024,100.0,99.9842,99.9814
222.479911008,100.0,99.9842,99.9814
222.519910992,100.0,99.9843,99.9813
222.559910976,100.0,99.9843,99.9813
222.59991096000002,100.0,99.9843,99.9813
222.63991094399998,100.0,99.9843,99.9813
222.679910928,100.0,99.9843,99.9812
222.719910912,100.0,99.9843,99.9813
222.759910896,100.0,99.9843,99.9813
222.79991088,100.0,99.9843,99.9813
222.839910864,100.0,99.9843,99.9813
222.87991084799998,100.0,99.9843,99.9813
222.919910832,100.0,99.9843,99.9813
222.959910816,100.0,99.9843,99.9813
222.9999108,100.0,99.9843,99.9813
223.03991078399997,100.0,99.9843,99.9813
223.079910768,100.0,99.9843,99.9813
223.11991075199998,100.0,99.9843,99.9813
223.159910736,100.0,99.9842,99.9813
223.19991072,100.0,99.9842,99.9813
223.23991070399998,100.0,99.9842,99.9813
223.279910688,100.0,99.9842,99.9813
223.319910672,100.0,99.9842,99.9813
223.359910656,100.0,99.9842,99.9813
223.39991064,100.0,99.9841,99.9812
223.43991062400002,100.0,99.9841,99.9813
223.47991060799998,100.0,99.984,99.9813
223.519910592,100.0,99.9841,99.9813
223.559910576,100.0,99.9841,99.9814
223.59991056,100.0,99.984,99.9814
223.639910544,100.0,99.984,99.9814
223.679910528,100.0,99.9839,99.9813
223.71991051199998,100.0,99.9839,99.9814
223.759910496,100.0,99.9839,99.9814
223.79991048,100.0,99.984,99.9814
223.839910464,100.0,99.984,99.9814
223.87991044799998,100.0,99.9839,99.9813
223.919910432,100.0,99.984,99.9814
223.95991041599999,100.0,99.9839,99.9814
223.9999104,100.0,99.9838,99.9814
224.039910384,100.0,99.9839,99.9814
224.079910368,100.0,99.9838,99.9814
224.11991035199998,100.0,99.9838,99.9814
224.159910336,100.0,99.9838,99.9814
224.19991032000001,100.0,99.9838,99.9814
224.239910304,100.0,99.9838,99.9815
224.279910288,100.0,99.9837,99.9814
224.319910272,100.0,99.9837,99.9814
224.359910256,100.0,99.9836,99.9815
224.39991024,100.0,99.9835,99.9814
224.43991022400002,100.0,99.9835,99.9815
224.47991020799998,100.0,99.9834,99.9814
224.519910192,100.0,99.9834,99.9814
224.559910176,100.0,99.9833,99.9814
224.59991016,100.0,99.9831,99.9813
224.639910144,100.0,99.9831,99.9813
224.67991012800002,100.0,99.983,99.9813
224.71991011199998,100.0,99.983,99.9812
224.759910096,100.0,99.9829,99.9813
224.79991008,100.0,99.9828,99.9812
224.839910064,100.0,99.9828,99.9812
224.879910048,100.0,99.9827,99.9812
224.919910032,100.0,99.9827,99.9812
224.95991001599998,100.0,99.9827,99.9812
224.99991,100.0,99.9826,99.9812
225.039909984,100.0,99.9826,99.9812
225.079909968,100.0,99.9825,99.9811
225.11990995199997,100.0,99.9824,99.9811
225.159909936,100.0,99.9823,99.9811
225.19990992,100.0,99.9823,99.9811
225.239909904,100.0,99.9822,99.9811
225.27990988800002,100.0,99.9822,99.9811
225.31990987199998,100.0,99.9821,99.981
225.359909856,100.0,99.982,99.981
225.39990984,100.0,99.9819,99.981
225.439909824,100.0,99.9818,99.9809
225.479909808,100.0,99.9817,99.9809
225.519909792,100.0,99.9816,99.9809
225.55990977599998,100.0,99.9816,99.9809
225.59990976,100.0,99.9815,99.9809
225.639909744,100.0,99.9815,99.9809
225.679909728,100.0,99.9814,99.9809
225.71990971199997,100.0,99.9813,99.9809
225.759909696,100.0,99.9813,99.9809
225.79990967999998,100.0,99.9813,99.9809
225.839909664,100.0,99.9812,99.9809
225.879909648,100.0,99.9811,99.9809
225.919909632,100.0,99.9811,99.9808
225.95990961599998,100.0,99.981,99.9808
225.9999096,100.0,99.981,99.9808
226.039909584,100.0,99.9809,99.9808
226.079909568,100.0,99.9809,99.9808
226.119909552,100.0,99.9809,99.9807
226.159909536,100.0,99.9809,99.9807
226.19990952,100.0,99.9809,99.9807
226.239909504,100.0,99.9808,99.9806
226.27990948800002,100.0,99.9808,99.9806
226.319909472,100.0,99.9807,99.9806
226.359909456,100.0,99.9806,99.9806
226.39990944,100.0,99.9806,99.9806
226.439909424,100.0,99.9805,99.9805
226.479909408,100.0,99.9805,99.9805
226.51990939200002,100.0,99.9805,99.9805
226.55990937599998,100.0,99.9804,99.9805
226.59990936,100.0,99.9804,99.9805
226.639909344,100.0,99.9804,99.9804
226.679909328,100.0,99.9804,99.9804
226.719909312,100.0,99.9803,99.9804
226.759909296,100.0,99.9803,99.9803
226.79990927999998,100.0,99.9803,99.9802
226.839909264,100.0,99.9802,99.9802
226.879909248,100.0,99.9801,99.9802
226.919909232,100.0,99.9801,99.9802
226.95990921599997,100.0,99.98,99.9802
226.9999092,100.0,99.9799,99.9802
227.03990918399998,100.0,99.9798,99.9802
227.079909168,100.0,99.9798,99.9802
227.119909152,100.0,99.9797,99.9802
227.159909136,100.0,99.9797,99.9801
227.19990912,100.0,99.9797,99.9801
227.239909104,100.0,99.9796,99.9801
227.279909088,100.0,99.9796,99.9801
227.319909072,100.0,99.9796,99.98
227.35990905600002,100.0,99.9796,99.98
227.39990903999998,100.0,99.9796,99.98
227.439909024,100.0,99.9795,99.9799
227.479909008,100.0,99.9795,99.9799
227.519908992,100.0,99.9795,99.9799
227.559908976,100.0,99.9794,99.9798
227.59990896,100.0,99.9795,99.9799
227.63990894399998,100.0,99.9795,99.9798
227.679908928,100.0,99.9795,99.9798
227.719908912,100.0,99.9795,99.9799
227.759908896,100.0,99.9795,99.9799
227.79990887999998,100.0,99.9795,99.9799
227.839908864,100.0,99.9795,99.9799
227.87990884799999,100.0,99.9795,99.9799
227.919908832,100.0,99.9795,99.9799
227.959908816,100.0,99.9795,99.9798
227.9999088,100.0,99.9795,99.9798
228.03990878399998,100.0,99.9794,99.9798
228.079908768,100.0,99.9793,99.9798
228.119908752,100.0,99.9793,99.9798
228.159908736,100.0,99.9793,99.9797
228.19990872,100.0,99.9793,99.9797
228.239908704,100.0,99.9792,99.9797
228.279908688,100.0,99.9791,99.9796
228.319908672,100.0,99.9792,99.9796
228.35990865600002,100.0,99.9791,99.9796
228.39990864,100.0,99.9791,99.9796
228.439908624,100.0,99.9791,99.9796
228.479908608,100.0,99.9791,99.9795
228.519908592,100.0,99.9791,99.9796
228.559908576,100.0,99.9791,99.9796
228.59990856000002,100.0,99.9792,99.9796
228.63990854399998,100.0,99.9792,99.9796
228.679908528,100.0,99.9792,99.9795
228.719908512,100.0,99.9792,99.9795
228.759908496,100.0,99.9792,99.9795
228.79990848,100.0,99.9792,99.9795
228.839908464,100.0,99.9792,99.9795
228.87990844799998,100.0,99.9792,99.9795
228.919908432,100.0,99.9792,99.9795
228.959908416,100.0,99.9792,99.9795
228.9999084,100.0,99.9792,99.9795
229.03990838399997,100.0,99.9793,99.9796
229.079908368,100.0,99.9792,99.9796
229.11990835199998,100.0,99.9793,99.9796
229.159908336,100.0,99.9792,99.9796
229.19990832000002,100.0,99.9792,99.9796
229.23990830399998,100.0,99.9793,99.9796
229.279908288,100.0,99.9792,99.9796
229.319908272,100.0,99.9792,99.9796
229.359908256,100.0,99.9792,99.9796
229.39990824,100.0,99.9792,99.9796
229.439908224,100.0,99.9792,99.9796
229.47990820799998,100.0,99.9792,99.9796
229.519908192,100.0,99.9792,99.9796
229.559908176,100.0,99.9792,99.9795
229.59990816,100.0,99.9791,99.9795
229.639908144,100.0,99.9791,99.9795
229.679908128,100.0,99.9791,99.9795
229.71990811199998,100.0,99.9791,99.9795
229.759908096,100.0,99.9791,99.9795
229.79990808,100.0,99.9791,99.9795
229.839908064,100.0,99.9791,99.9795
229.87990804799998,100.0,99.9791,99.9795
229.919908032,100.0,99.9791,99.9795
229.95990801599999,100.0,99.9791,99.9795
229.999908,100.0,99.9791,99.9795
230.039907984,100.0,99.9792,99.9795
230.079907968,100.0,99.9792,99.9795
230.119907952,100.0,99.9792,99.9795
230.159907936,100.0,99.9793,99.9795
230.19990792000002,100.0,99.9792,99.9795
230.239907904,100.0,99.9793,99.9795
230.279907888,100.0,99.9793,99.9795
230.319907872,100.0,99.9793,99.9795
230.359907856,100.0,99.9793,99.9795
230.39990784,100.0,99.9793,99.9794
230.43990782400002,100.0,99.9792,99.9795
230.47990780799998,100.0,99.9792,99.9795
230.519907792,100.0,99.9791,99.9795
230.559907776,100.0,99.9791,99.9795
230.59990776,100.0,99.9791,99.9795
230.639907744,100.0,99.9791,99.9794
230.679907728,100.0,99.9792,99.9794
230.71990771199998,100.0,99.9792,99.9793
230.759907696,100.0,99.9792,99.9794
230.79990768,100.0,99.9792,99.9794
230.839907664,100.0,99.9792,99.9793
230.879907648,100.0,99.9792,99.9793
230.919907632,100.0,99.9792,99.9793
230.95990761599998,100.0,99.9793,99.9793
230.9999076,100.0,99.9793,99.9793
231.039907584,100.0,99.9792,99.9792
231.079907568,100.0,99.9793,99.9792
231.119907552,100.0,99.9792,99.9792
231.159907536,100.0,99.9793,99.9792
231.19990752,100.0,99.9793,99.9791
231.239907504,100.0,99.9794,99.9791
231.27990748800002,100.0,99.9794,99.9792
231.31990747199998,100.0,99.9794,99.9791
231.359907456,100.0,99.9795,99.9791
231.39990744,100.0,99.9795,99.9791
231.439907424,100.0,99.9795,99.9791
231.479907408,100.0,99.9796,99.9791
231.519907392,100.0,99.9796,99.9791
231.55990737599998,100.0,99.9797,99.9791
231.59990736,100.0,99.9797,99.979
231.639907344,100.0,99.9797,99.979
231.679907328,100.0,99.9797,99.9791
231.71990731199998,100.0,99.9796,99.9791
231.759907296,100.0,99.9796,99.9791
231.79990727999999,100.0,99.9796,99.9791
231.839907264,100.0,99.9796,99.9791
231.879907248,100.0,99.9796,99.9792
231.91990723199999,100.0,99.9796,99.9791
231.95990721599998,100.0,99.9796,99.9791
231.9999072,100.0,99.9796,99.9791
232.039907184,100.0,99.9795,99.979
232.079907168,100.0,99.9796,99.979
232.119907152,100.0,99.9795,99.979
232.159907136,100.0,99.9795,99.9789
232.19990712,100.0,99.9795,99.9789
232.239907104,100.0,99.9795,99.9788
232.27990708800002,100.0,99.9795,99.9788
232.319907072,100.0,99.9795,99.9787
232.359907056,100.0,99.9795,99.9786
232.39990704,100.0,99.9796,99.9787
232.439907024,100.0,99.9795,99.9786
232.479907008,100.0,99.9796,99.9786
232.51990699200002,100.0,99.9796,99.9786
232.55990697599998,100.0,99.9796,99.9786
232.59990696,100.0,99.9796,99.9786
232.639906944,100.0,99.9796,99.9786
232.679906928,100.0,99.9796,99.9786
232.719906912,100.0,99.9796,99.9786
232.759906896,100.0,99.9796,99.9785
232.79990687999998,100.0,99.9797,99.9785
232.839906864,100.0,99.9797,99.9785
232.879906848,100.0,99.9797,99.9785
232.919906832,100.0,99.9798,99.9785
232.95990681599997,100.0,99.9798,99.9784
232.9999068,100.0,99.9798,99.9785
233.03990678399998,100.0,99.9798,99.9784
233.079906768,100.0,99.9798,99.9784
233.11990675200002,100.0,99.9799,99.9784
233.15990673599998,100.0,99.9798,99.9783
233.19990672,100.0,99.9799,99.9783
233.239906704,100.0,99.9798,99.9783
233.279906688,100.0,99.9799,99.9783
233.319906672,100.0,99.9799,99.9783
233.35990665600002,100.0,99.9799,99.9782
233.39990663999998,100.0,99.98,99.9782
233.439906624,100.0,99.98,99.9782
233.479906608,100.0,99.98,99.9782
233.519906592,100.0,99.98,99.9782
233.559906576,100.0,99.98,99.9781
233.59990656,100.0,99.9801,99.9781
233.63990654399998,100.0,99.9801,99.978
233.679906528,100.0,99.9801,99.978
233.719906512,100.0,99.9802,99.978
233.759906496,100.0,99.9802,99.9779
233.79990647999998,100.0,99.9802,99.9779
233.839906464,100.0,99.9803,99.9779
233.87990644799999,100.0,99.9803,99.9779
233.919906432,100.0,99.9803,99.9779
233.959906416,100.0,99.9803,99.9778
233.9999064,100.0,99.9803,99.9778
234.03990638399998,100.0,99.9804,99.9778
234.079906368,100.0,99.9804,99.9778
234.11990635200002,100.0,99.9804,99.9778
234.159906336,100.0,99.9804,99.9777
234.19990632,100.0,99.9805,99.9777
234.239906304,100.0,99.9805,99.9777
234.279906288,100.0,99.9806,99.9777
234.319906272,100.0,99.9807,99.9777
234.35990625600002,100.0,99.9807,99.9777
234.39990623999998,100.0,99.9807,99.9777
234.439906224,100.0,99.9808,99.9776
234.479906208,100.0,99.9808,99.9776
234.519906192,100.0,99.9809,99.9777
234.559906176,100.0,99.9809,99.9777
234.59990616000002,100.0,99.9809,99.9777
234.63990614399998,100.0,99.9809,99.9777
234.679906128,100.0,99.9809,99.9777
234.719906112,100.0,99.981,99.9777
234.759906096,100.0,99.981,99.9777
234.79990608,100.0,99.981,99.9777
234.839906064,100.0,99.9811,99.9777
234.87990604799998,100.0,99.9811,99.9776
234.919906032,100.0,99.9812,99.9776
234.959906016,100.0,99.9812,99.9776
234.999906,100.0,99.9812,99.9776
235.03990598399997,100.0,99.9812,99.9776
235.079905968,100.0,99.9812,99.9775
235.119905952,100.0,99.9813,99.9775
235.159905936,100.0,99.9813,99.9774
235.19990592000002,100.0,99.9813,99.9774
235.23990590399998,100.0,99.9813,99.9775
235.279905888,100.0,99.9813,99.9775
235.319905872,100.0,99.9814,99.9775
235.359905856,100.0,99.9814,99.9775
235.39990584,100.0,99.9814,99.9775
235.439905824,100.0,99.9815,99.9775
235.47990580799998,100.0,99.9815,99.9775
235.519905792,100.0,99.9815,99.9776
235.559905776,100.0,99.9815,99.9776
235.59990576,100.0,99.9815,99.9775
235.63990574399998,100.0,99.9816,99.9775
235.679905728,100.0,99.9816,99.9775
235.71990571199998,100.0,99.9816,99.9775
235.759905696,100.0,99.9816,99.9775
235.79990568,100.0,99.9816,99.9774
235.839905664,100.0,99.9816,99.9774
235.87990564799998,100.0,99.9816,99.9774
235.919905632,100.0,99.9816,99.9774
235.959905616,100.0,99.9816,99.9775
235.9999056,100.0,99.9816,99.9774
236.039905584,100.0,99.9817,99.9774
236.079905568,100.0,99.9817,99.9774
236.119905552,100.0,99.9817,99.9774
236.159905536,100.0,99.9818,99.9773
236.19990552000002,100.0,99.9818,99.9773
236.239905504,100.0,99.9818,99.9773
236.279905488,100.0,99.9819,99.9773
236.319905472,100.0,99.9819,99.9773
236.359905456,100.0,99.9819,99.9773
236.39990544,100.0,99.9819,99.9773
236.43990542400002,100.0,99.9819,99.9773
236.47990540799998,100.0,99.9819,99.9773
236.519905392,100.0,99.9819,99.9772
236.559905376,100.0,99.9819,99.9773
236.59990536,100.0,99.9819,99.9773
236.639905344,100.0,99.9819,99.9773
236.679905328,100.0,99.9819,99.9773
236.71990531199998,100.0,99.9819,99.9773
236.759905296,100.0,99.982,99.9774
236.79990528,100.0,99.9819,99.9774
236.839905264,100.0,99.9819,99.9774
236.87990524799997,100.0,99.982,99.9774
236.919905232,100.0,99.9819,99.9774
236.95990521599998,100.0,99.982,99.9775
236.9999052,100.0,99.9819,99.9775
237.039905184,100.0,99.9819,99.9775
237.079905168,100.0,99.9819,99.9775
237.119905152,100.0,99.9819,99.9776
237.159905136,100.0,99.9819,99.9776
237.19990512,100.0,99.9819,99.9775
237.239905104,100.0,99.9819,99.9776
237.27990508800002,100.0,99.9819,99.9776
237.31990507199998,100.0,99.9819,99.9776
237.359905056,100.0,99.9819,99.9777
237.39990504,100.0,99.9819,99.9777
237.439905024,100.0,99.9819,99.9777
237.479905008,100.0,99.9819,99.9777
237.519904992,100.0,99.9818,99.9777
237.55990497599998,100.0,99.9818,99.9778
237.59990496,100.0,99.9817,99.9778
237.639904944,100.0,99.9817,99.9778
237.679904928,100.0,99.9817,99.9778
237.71990491199998,100.0,99.9816,99.9778
237.759904896,100.0,99.9816,99.9778
237.79990487999999,100.0,99.9816,99.9778
237.839904864,100.0,99.9816,99.9778
237.879904848,100.0,99.9816,99.9778
237.919904832,100.0,99.9816,99.9778
237.95990481599998,100.0,99.9816,99.9779
237.9999048,100.0,99.9816,99.9779
238.039904784,100.0,99.9816,99.9778
238.079904768,100.0,99.9816,99.9779
238.119904752,100.0,99.9815,99.9778
238.159904736,100.0,99.9815,99.9779
238.19990472,100.0,99.9815,99.9779
238.239904704,100.0,99.9815,99.9779
238.27990468800002,100.0,99.9815,99.978
238.319904672,100.0,99.9815,99.978
238.359904656,100.0,99.9816,99.978
238.39990464,100.0,99.9816,99.978
238.439904624,100.0,99.9816,99.978
238.479904608,100.0,99.9817,99.978
238.51990459200002,100.0,99.9816,99.978
238.55990457599998,100.0,99.9817,99.9781
238.59990456,100.0,99.9817,99.9781
238.639904544,100.0,99.9817,99.9781
238.679904528,100.0,99.9818,99.9781
238.719904512,100.0,99.9817,99.9781
238.759904496,100.0,99.9818,99.978
238.79990447999998,100.0,99.9818,99.9781
238.839904464,100.0,99.9818,99.9781
238.879904448,100.0,99.9818,99.9782
238.919904432,100.0,99.9818,99.9782
238.95990441599997,100.0,99.9818,99.9782
238.9999044,100.0,99.9818,99.9782
239.03990438399998,100.0,99.9818,99.9782
239.079904368,100.0,99.9819,99.9783
239.11990435200002,100.0,99.9819,99.9783
239.15990433599998,100.0,99.9819,99.9783
239.19990432,100.0,99.982,99.9784
239.239904304,100.0,99.982,99.9784
239.279904288,100.0,99.982,99.9784
239.319904272,100.0,99.982,99.9785
239.359904256,100.0,99.9821,99.9785
239.39990423999998,100.0,99.9821,99.9785
239.439904224,100.0,99.982,99.9785
239.479904208,100.0,99.9821,99.9786
239.519904192,100.0,99.9821,99.9785
239.559904176,100.0,99.9821,99.9785
239.59990416,100.0,99.9821,99.9786
239.63990414399998,100.0,99.9821,99.9786
239.679904128,100.0,99.9821,99.9786
239.719904112,100.0,99.9821,99.9787
239.759904096,100.0,99.9821,99.9786
239.79990407999998,100.0,99.9822,99.9787
239.839904064,100.0,99.9822,99.9787
239.879904048,100.0,99.9822,99.9787
239.919904032,100.0,99.9822,99.9787
239.959904016,100.0,99.9822,99.9786
239.999904,100.0,99.9823,99.9787
240.03990398399998,100.0,99.9823,99.9787
240.079903968,100.0,99.9823,99.9787
240.11990395200002,100.0,99.9823,99.9787
240.159903936,100.0,99.9824,99.9787
240.19990392,100.0,99.9825,99.9787
240.239903904,100.0,99.9825,99.9787
240.279903888,100.0,99.9825,99.9787
240.319903872,100.0,99.9825,99.9787
240.35990385600002,100.0,99.9825,99.9787
240.39990383999998,100.0,99.9826,99.9788
240.439903824,100.0,99.9826,99.9788
240.479903808,100.0,99.9826,99.9788
240.519903792,100.0,99.9826,99.9789
240.559903776,100.0,99.9827,99.9789
240.59990376,100.0,99.9827,99.9789
240.63990374399998,100.0,99.9827,99.9789
240.679903728,100.0,99.9827,99.9789
240.719903712,100.0,99.9827,99.979
240.759903696,100.0,99.9827,99.979
240.79990368,100.0,99.9828,99.979
240.839903664,100.0,99.9828,99.979
240.87990364799998,100.0,99.9828,99.9791
240.919903632,100.0,99.9829,99.9791
240.959903616,100.0,99.9828,99.9791
240.9999036,100.0,99.9828,99.9791
241.039903584,100.0,99.9828,99.9791
241.079903568,100.0,99.9829,99.9791
241.119903552,100.0,99.9829,99.9791
241.159903536,100.0,99.9829,99.9791
241.19990352000002,100.0,99.9829,99.9791
241.23990350399998,100.0,99.983,99.9791
241.279903488,100.0,99.983,99.9791
241.319903472,100.0,99.9831,99.9792
241.359903456,100.0,99.9831,99.9792
241.39990344,100.0,99.9831,99.9792
241.439903424,100.0,99.9832,99.9792
241.47990340799998,100.0,99.9832,99.9792
241.519903392,100.0,99.9832,99.9792
241.559903376,100.0,99.9832,99.9793
241.59990336,100.0,99.9831,99.9793
241.63990334399998,100.0,99.9832,99.9793
241.679903328,100.0,99.9832,99.9794
241.71990331199999,100.0,99.9832,99.9794
241.759903296,100.0,99.9832,99.9794
241.79990328,100.0,99.9832,99.9794
241.839903264,100.0,99.9832,99.9794
241.87990324799998,100.0,99.9833,99.9794
241.919903232,100.0,99.9833,99.9794
241.959903216,100.0,99.9833,99.9795
241.9999032,100.0,99.9833,99.9794
242.039903184,100.0,99.9833,99.9795
242.079903168,100.0,99.9834,99.9795
242.119903152,100.0,99.9834,99.9795
242.159903136,100.0,99.9834,99.9795
242.19990312000002,100.0,99.9835,99.9795
242.239903104,100.0,99.9835,99.9796
242.279903088,100.0,99.9835,99.9796
242.319903072,100.0,99.9835,99.9796
242.359903056,100.0,99.9835,99.9796
242.39990304,100.0,99.9836,99.9796
242.43990302400002,100.0,99.9836,99.9796
242.47990300799998,100.0,99.9836,99.9797
242.519902992,100.0,99.9836,99.9796
242.559902976,100.0,99.9836,99.9797
242.59990296,100.0,99.9836,99.9797
242.639902944,100.0,99.9836,99.9797
242.679902928,100.0,99.9836,99.9798
242.71990291199998,100.0,99.9836,99.9798
242.759902896,100.0,99.9836,99.9798
242.79990288,100.0,99.9837,99.9798
242.839902864,100.0,99.9837,99.9798
242.87990284799997,100.0,99.9837,99.9799
242.919902832,100.0,99.9837,99.9799
242.95990281599998,100.0,99.9837,99.98
242.9999028,100.0,99.9837,99.98
243.039902784,100.0,99.9837,99.98
243.07990276799998,100.0,99.9837,99.98
243.119902752,100.0,99.9837,99.98
243.159902736,100.0,99.9837,99.9801
243.19990272,100.0,99.9838,99.9801
243.239902704,100.0,99.9837,99.9801
243.27990268800002,100.0,99.9838,99.9801
243.31990267199998,100.0,99.9838,99.9801
243.359902656,100.0,99.9837,99.9801
243.39990264,100.0,99.9837,99.9802
243.439902624,100.0,99.9837,99.9802
243.479902608,100.0,99.9838,99.9802
243.519902592,100.0,99.9838,99.9802
243.55990257599998,100.0,99.9838,99.9802
243.59990256,100.0,99.9838,99.9802
243.639902544,100.0,99.9837,99.9802
243.679902528,100.0,99.9837,99.9803
243.71990251199998,100.0,99.9837,99.9802
243.759902496,100.0,99.9837,99.9802
243.79990248,100.0,99.9837,99.9803
243.839902464,100.0,99.9836,99.9803
243.879902448,100.0,99.9836,99.9803
243.919902432,100.0,99.9836,99.9804
243.95990241599998,100.0,99.9836,99.9804
243.9999024,100.0,99.9836,99.9804
244.03990238400002,100.0,99.9836,99.9804
244.079902368,100.0,99.9835,99.9805
244.119902352,100.0,99.9835,99.9805
244.159902336,100.0,99.9835,99.9805
244.19990232,100.0,99.9835,99.9806
244.239902304,100.0,99.9835,99.9806
244.27990228800002,100.0,99.9834,99.9806
244.31990227199998,100.0,99.9834,99.9807
244.359902256,100.0,99.9834,99.9807
244.39990224,100.0,99.9833,99.9807
244.439902224,100.0,99.9833,99.9807
244.479902208,100.0,99.9832,99.9808
244.51990219200002,100.0,99.9832,99.9807
244.55990217599998,100.0,99.9832,99.9807
244.59990216,100.0,99.9832,99.9808
244.639902144,100.0,99.9832,99.9808
244.679902128,100.0,99.9832,99.9808
244.719902112,100.0,99.9832,99.9808
244.759902096,100.0,99.9832,99.9808
244.79990207999998,100.0,99.9832,99.9808
244.839902064,100.0,99.9832,99.9808
244.879902048,100.0,99.9831,99.9808
244.919902032,100.0,99.9831,99.9808
244.95990201599997,100.0,99.983,99.9809
244.999902,100.0,99.983,99.9809
245.039901984,100.0,99.983,99.9809
245.079901968,100.0,99.983,99.9809
245.11990195200002,100.0,99.9829,99.981
245.15990193599998,100.0,99.9829,99.9809
245.19990192,100.0,99.9829,99.981
245.239901904,100.0,99.9829,99.981
245.279901888,100.0,99.9828,99.981
245.319901872,100.0,99.9828,99.981
245.359901856,100.0,99.9827,99.9809
245.39990183999998,100.0,99.9827,99.9809
245.439901824,100.0,99.9827,99.981
245.479901808,100.0,99.9826,99.981
245.519901792,100.0,99.9826,99.981
245.55990177599998,100.0,99.9826,99.981
245.59990176,100.0,99.9825,99.981
245.63990174399999,100.0,99.9825,99.9811
245.679901728,100.0,99.9825,99.9811
245.719901712,100.0,99.9825,99.9811
245.759901696,100.0,99.9824,99.981
245.79990167999998,100.0,99.9824,99.9811
245.839901664,100.0,99.9824,99.9811
245.879901648,100.0,99.9824,99.9811
245.919901632,100.0,99.9823,99.9811
245.959901616,100.0,99.9823,99.9811
245.9999016,100.0,99.9823,99.9811
246.039901584,100.0,99.9823,99.9811
246.079901568,100.0,99.9823,99.9811
246.11990155200002,100.0,99.9823,99.9811
246.159901536,100.0,99.9823,99.981
246.19990152,100.0,99.9823,99.9811
246.239901504,100.0,99.9822,99.9811
246.279901488,100.0,99.9822,99.9811
246.319901472,100.0,99.9822,99.9811
246.35990145600002,100.0,99.9822,99.9811
246.39990143999998,100.0,99.9822,99.9811
246.439901424,100.0,99.9821,99.9811
246.479901408,100.0,99.9821,99.9811
246.519901392,100.0,99.9821,99.981
246.559901376,100.0,99.9821,99.981
246.59990136,100.0,99.9821,99.981
246.63990134399998,100.0,99.9821,99.981
246.679901328,100.0,99.9821,99.981
246.719901312,100.0,99.9821,99.981
246.759901296,100.0,99.9821,99.981
246.79990127999997,100.0,99.9821,99.981
246.839901264,100.0,99.982,99.981
246.87990124799998,100.0,99.982,99.9809
246.919901232,100.0,99.982,99.9809
246.959901216,100.0,99.982,99.9809
246.99990119999998,100.0,99.982,99.981
247.039901184,100.0,99.982,99.9809
247.079901168,100.0,99.9821,99.9809
247.119901152,100.0,99.9821,99.9809
247.159901136,100.0,99.9821,99.9808
247.19990112000002,100.0,99.9821,99.9808
247.23990110399998,100.0,99.982,99.9808
247.279901088,100.0,99.9821,99.9808
247.319901072,100.0,99.9821,99.9808
247.359901056,100.0,99.982,99.9807
247.39990104,100.0,99.9821,99.9808
247.439901024,100.0,99.982,99.9807
247.47990100799998,100.0,99.982,99.9807
247.519900992,100.0,99.9821,99.9808
247.559900976,100.0,99.9821,99.9807
247.59990096,100.0,99.9821,99.9807
247.63990094399998,100.0,99.9821,99.9807
247.679900928,100.0,99.9821,99.9807
247.71990091199999,100.0,99.9821,99.9807
247.759900896,100.0,99.982,99.9807
247.79990088,100.0,99.982,99.9808
247.839900864,100.0,99.982,99.9808
247.87990084799998,100.0,99.982,99.9808
247.919900832,100.0,99.982,99.9808
247.959900816,100.0,99.982,99.9807
247.9999008,100.0,99.982,99.9808
248.039900784,100.0,99.9819,99.9808
248.079900768,100.0,99.9819,99.9807
248.119900752,100.0,99.9819,99.9808
248.159900736,100.0,99.9819,99.9807
248.19990072000002,100.0,99.9818,99.9807
248.23990070399998,100.0,99.9818,99.9807
248.279900688,100.0,99.9817,99.9807
248.319900672,100.0,99.9817,99.9807
248.359900656,100.0,99.9817,99.9807
248.39990064,100.0,99.9817,99.9807
248.43990062400002,100.0,99.9816,99.9807
248.47990060799998,100.0,99.9816,99.9807
248.519900592,100.0,99.9816,99.9807
248.559900576,100.0,99.9816,99.9807
248.59990056,100.0,99.9816,99.9807
248.639900544,100.0,99.9816,99.9807
248.679900528,100.0,99.9815,99.9806
248.71990051199998,100.0,99.9815,99.9806
248.759900496,100.0,99.9815,99.9807
248.79990048,100.0,99.9815,99.9806
248.839900464,100.0,99.9815,99.9806
248.87990044799997,100.0,99.9814,99.9806
248.919900432,100.0,99.9814,99.9806
248.95990041599998,100.0,99.9814,99.9806
248.9999004,100.0,99.9813,99.9806
249.03990038400002,100.0,99.9813,99.9806
249.07990036799998,100.0,99.9813,99.9806
249.119900352,100.0,99.9813,99.9805
249.159900336,100.0,99.9812,99.9805
249.19990032,100.0,99.9811,99.9805
249.239900304,100.0,99.9811,99.9805
249.279900288,100.0,99.9811,99.9805
249.31990027199998,100.0,99.981,99.9805
249.359900256,100.0,99.981,99.9806
249.39990024,100.0,99.981,99.9805
249.439900224,100.0,99.981,99.9805
249.47990020799998,100.0,99.981,99.9805
249.519900192,100.0,99.9809,99.9805
249.55990017599999,100.0,99.9809,99.9805
249.59990016,100.0,99.9809,99.9805
249.639900144,100.0,99.9809,99.9805
249.679900128,100.0,99.9808,99.9805
249.71990011199998,100.0,99.9808,99.9805
249.759900096,100.0,99.9807,99.9805
249.79990008,100.0,99.9806,99.9805
249.839900064,100.0,99.9806,99.9805
249.879900048,100.0,99.9806,99.9806
249.919900032,100.0,99.9806,99.9805
249.959900016,100.0,99.9805,99.9805
249.9999,100.0,99.9805,99.9805
250.03989998400002,100.0,99.9805,99.9805
250.079899968,100.0,99.9805,99.9805
250.11989995200003,100.0,99.9804,99.9805
250.15989993600002,100.0,99.9804,99.9806
250.19989992000004,100.0,99.9804,99.9805
250.23989990399997,100.0,99.9804,99.9806
250.279899888,100.0,99.9804,99.9806
250.31989987199998,100.0,99.9803,99.9806
250.359899856,100.0,99.9803,99.9806
250.39989984,100.0,99.9803,99.9806
250.439899824,100.0,99.9803,99.9806
250.479899808,100.0,99.9803,99.9806
250.51989979200002,100.0,99.9802,99.9806
250.559899776,100.0,99.9802,99.9807
250.59989976000003,100.0,99.9802,99.9806
250.63989974399996,100.0,99.9802,99.9806
250.67989972799998,100.0,99.9802,99.9806
250.71989971199997,100.0,99.9802,99.9806
250.759899696,100.0,99.9802,99.9806
250.79989967999998,100.0,99.9802,99.9806
250.839899664,100.0,99.9801,99.9805
250.879899648,100.0,99.9801,99.9805
250.919899632,100.0,99.98,99.9805
250.959899616,100.0,99.9801,99.9804
250.99989960000002,100.0,99.9801,99.9804
251.03989958399998,100.0,99.98,99.9804
251.07989956799997,100.0,99.98,99.9804
251.119899552,100.0,99.98,99.9804
251.15989953599998,100.0,99.9799,99.9803
251.19989952,100.0,99.9799,99.9803
251.239899504,100.0,99.9799,99.9802
251.279899488,100.0,99.9799,99.9802
251.319899472,100.0,99.9798,99.9802
251.35989945600002,100.0,99.9798,99.9802
251.39989944,100.0,99.9799,99.9802
251.43989942400003,100.0,99.9799,99.9802
251.47989940799997,100.0,99.9799,99.9801
251.51989939199999,100.0,99.9799,99.9802
251.55989937599998,100.0,99.9798,99.9801
251.59989936,100.0,99.9798,99.9801
251.63989934399999,100.0,99.9797,99.9801
251.679899328,100.0,99.9797,99.9801
251.719899312,100.0,99.9797,99.9801
251.75989929600001,100.0,99.9796,99.98
251.79989928,100.0,99.9796,99.98
251.83989926400002,100.0,99.9796,99.98
251.87989924799996,100.0,99.9795,99.9801
251.91989923199998,100.0,99.9795,99.98
251.959899216,100.0,99.9795,99.9799
251.9998992,100.0,99.9794,99.98
252.039899184,100.0,99.9794,99.9799
252.079899168,100.0,99.9794,99.9799
252.11989915200002,100.0,99.9794,99.9799
252.159899136,100.0,99.9793,99.9799
252.19989912000003,100.0,99.9793,99.9799
252.23989910400002,100.0,99.9793,99.9798
252.27989908799998,100.0,99.9792,99.9798
252.31989907199997,100.0,99.9792,99.9798
252.359899056,100.0,99.9792,99.9798
252.39989903999998,100.0,99.9792,99.9798
252.439899024,100.0,99.9792,99.9798
252.479899008,100.0,99.9791,99.9798
252.519898992,100.0,99.9792,99.9798
252.559898976,100.0,99.9791,99.9797
252.59989896000002,100.0,99.9792,99.9797
252.639898944,100.0,99.9791,99.9797
252.67989892800003,100.0,99.9791,99.9796
252.71989891199996,100.0,99.9792,99.9796
252.75989889599998,100.0,99.9791,99.9795
252.79989887999997,100.0,99.9791,99.9795
252.839898864,100.0,99.9792,99.9796
252.87989884799998,100.0,99.9791,99.9795
252.919898832,100.0,99.9791,99.9795
252.95989881600002,100.0,99.9791,99.9795
252.9998988,100.0,99.9791,99.9795
253.03989878400003,100.0,99.9791,99.9795
253.07989876800002,100.0,99.979,99.9795
253.11989875199998,100.0,99.9791,99.9795
253.15989873599997,100.0,99.979,99.9795
253.19989872,100.0,99.9791,99.9795
253.23989870399998,100.0,99.9791,99.9795
253.279898688,100.0,99.979,99.9794
253.319898672,100.0,99.979,99.9795
253.359898656,100.0,99.979,99.9794
253.39989864,100.0,99.979,99.9793
253.43989862400002,100.0,99.9789,99.9793
253.479898608,100.0,99.9789,99.9792
253.51989859199998,100.0,99.9789,99.9793
253.55989857599997,100.0,99.9788,99.9792
253.59989855999999,100.0,99.9788,99.9792
253.63989854399998,100.0,99.9788,99.9792
253.679898528,100.0,99.9788,99.9791
253.719898512,100.0,99.9788,99.9791
253.759898496,100.0,99.9787,99.9791
253.79989848,100.0,99.9787,99.9791
253.83989846400002,100.0,99.9787,99.979
253.879898448,100.0,99.9786,99.9789
253.91989843200002,100.0,99.9786,99.9789
253.959898416,100.0,99.9786,99.9789
253.99989839999998,100.0,99.9786,99.9788
254.039898384,100.0,99.9786,99.9789
254.079898368,100.0,99.9786,99.9788
254.119898352,100.0,99.9786,99.9788
254.159898336,100.0,99.9785,99.9788
254.19989832000002,100.0,99.9785,99.9788
254.239898304,100.0,99.9786,99.9788
254.27989828800003,100.0,99.9786,99.9787
254.31989827200002,100.0,99.9786,99.9787
254.35989825599998,100.0,99.9786,99.9787
254.39989823999997,100.0,99.9786,99.9787
254.439898224,100.0,99.9786,99.9787
254.47989820799998,100.0,99.9786,99.9787
254.519898192,100.0,99.9786,99.9786
254.559898176,100.0,99.9786,99.9786
254.59989816,100.0,99.9786,99.9786
254.639898144,100.0,99.9786,99.9786
254.67989812800002,100.0,99.9786,99.9786
254.719898112,100.0,99.9786,99.9786
254.75989809599997,100.0,99.9786,99.9786
254.79989807999996,100.0,99.9786,99.9786
254.83989806399998,100.0,99.9787,99.9786
254.87989804799997,100.0,99.9787,99.9786
254.919898032,100.0,99.9787,99.9786
254.959898016,100.0,99.9788,99.9786
254.999898,100.0,99.9788,99.9786
255.03989798400002,100.0,99.9788,99.9786
255.079897968,100.0,99.9788,99.9785
255.11989795200003,100.0,99.9788,99.9786
255.15989793600002,100.0,99.9788,99.9786
255.19989791999998,100.0,99.9789,99.9785
255.23989790399997,100.0,99.9789,99.9786
255.279897888,100.0,99.9789,99.9786
255.31989787199998,100.0,99.9789,99.9785
255.359897856,100.0,99.979,99.9786
255.39989784,100.0,99.979,99.9786
255.439897824,100.0,99.979,99.9786
255.479897808,100.0,99.9791,99.9786
255.51989779200002,100.0,99.9791,99.9786
255.559897776,100.0,99.9791,99.9787
255.59989775999998,100.0,99.9791,99.9786
255.63989774399997,100.0,99.9791,99.9787
255.679897728,100.0,99.9791,99.9787
255.71989771199998,100.0,99.9791,99.9787
255.759897696,100.0,99.9792,99.9788
255.79989768,100.0,99.9791,99.9787
255.839897664,100.0,99.9792,99.9788
255.879897648,100.0,99.9792,99.9788
255.91989763200002,100.0,99.9791,99.9788
255.95989761600003,100.0,99.9793,99.9788
255.99989759999997,100.0,99.9792,99.9788
256.03989758399996,100.0,99.9792,99.9788
256.079897568,100.0,99.9793,99.9789
256.119897552,100.0,99.9793,99.9789
256.159897536,100.0,99.9793,99.9789
256.19989752,100.0,99.9793,99.9789
256.239897504,100.0,99.9794,99.9789
256.279897488,100.0,99.9795,99.979
256.31989747200004,100.0,99.9795,99.9789
256.359897456,100.0,99.9795,99.9789
256.39989744,100.0,99.9795,99.9789
256.439897424,100.0,99.9796,99.9789
256.479897408,100.0,99.9797,99.9789
256.51989739199996,100.0,99.9797,99.9789
256.559897376,100.0,99.9797,99.9789
256.59989736,100.0,99.9798,99.979
256.639897344,100.0,99.9798,99.979
256.679897328,100.0,99.9798,99.979
256.719897312,100.0,99.9798,99.979
256.759897296,100.0,99.9799,99.979
256.79989728000004,100.0,99.9799,99.979
256.83989726399994,100.0,99.9799,99.979
256.87989724799996,100.0,99.9799,99.9791
256.919897232,100.0,99.98,99.979
256.959897216,100.0,99.9801,99.979
256.9998972,100.0,99.9801,99.979
257.039897184,100.0,99.9801,99.9791
257.079897168,100.0,99.9801,99.9791
257.119897152,100.0,99.9801,99.9791
257.15989713600004,100.0,99.9801,99.9791
257.19989712,100.0,99.9802,99.9792
257.23989710399997,100.0,99.9802,99.9792
257.279897088,100.0,99.9803,99.9792
257.319897072,100.0,99.9803,99.9793
257.35989705599997,100.0,99.9803,99.9793
257.39989704,100.0,99.9804,99.9793
257.439897024,100.0,99.9804,99.9793
257.479897008,100.0,99.9805,99.9793
257.519896992,100.0,99.9805,99.9793
257.559896976,100.0,99.9805,99.9794
257.59989696,100.0,99.9806,99.9794
257.639896944,100.0,99.9806,99.9794
257.67989692799995,100.0,99.9807,99.9794
257.71989691199997,100.0,99.9808,99.9794
257.759896896,100.0,99.9808,99.9795
257.79989688,100.0,99.9808,99.9795
257.83989686399997,100.0,99.9808,99.9795
257.879896848,100.0,99.9809,99.9795
257.919896832,100.0,99.981,99.9795
257.959896816,100.0,99.981,99.9794
257.99989680000004,100.0,99.9811,99.9795
258.039896784,100.0,99.9811,99.9795
258.07989676799997,100.0,99.9811,99.9795
258.119896752,100.0,99.9812,99.9795
258.159896736,100.0,99.9812,99.9795
258.19989671999997,100.0,99.9813,99.9795
258.239896704,100.0,99.9813,99.9795
258.279896688,100.0,99.9813,99.9795
258.319896672,100.0,99.9814,99.9795
258.359896656,100.0,99.9814,99.9795
258.39989664,100.0,99.9815,99.9795
258.439896624,100.0,99.9815,99.9795
258.479896608,100.0,99.9815,99.9795
258.51989659199995,100.0,99.9816,99.9796
258.55989657599997,100.0,99.9816,99.9796
258.59989656,100.0,99.9816,99.9796
258.639896544,100.0,99.9817,99.9796
258.679896528,100.0,99.9817,99.9795
258.719896512,100.0,99.9818,99.9796
258.759896496,100.0,99.9818,99.9795
258.79989648000003,100.0,99.9819,99.9795
258.839896464,100.0,99.9819,99.9795
258.87989644799995,100.0,99.9819,99.9794
258.919896432,100.0,99.982,99.9795
258.959896416,100.0,99.982,99.9795
258.9998964,100.0,99.9821,99.9795
259.039896384,100.0,99.9821,99.9795
259.079896368,100.0,99.9821,99.9795
259.119896352,100.0,99.9822,99.9795
259.15989633600003,100.0,99.9822,99.9795
259.19989632,100.0,99.9822,99.9795
259.239896304,100.0,99.9823,99.9795
259.27989628800003,100.0,99.9823,99.9795
259.319896272,100.0,99.9823,99.9795
259.35989625599996,100.0,99.9823,99.9795
259.39989624,100.0,99.9824,99.9795
259.439896224,100.0,99.9824,99.9795
259.479896208,100.0,99.9824,99.9794
259.519896192,100.0,99.9825,99.9794
259.559896176,100.0,99.9825,99.9794
259.59989616,100.0,99.9825,99.9794
259.63989614400003,100.0,99.9826,99.9794
259.679896128,100.0,99.9826,99.9794
259.71989611199996,100.0,99.9826,99.9795
259.759896096,100.0,99.9827,99.9795
259.79989608,100.0,99.9827,99.9794
259.83989606399996,100.0,99.9827,99.9795
259.879896048,100.0,99.9827,99.9795
259.919896032,100.0,99.9828,99.9795
259.959896016,100.0,99.9828,99.9795
259.99989600000004,100.0,99.9828,99.9795
260.039895984,100.0,99.9829,99.9796
260.079895968,100.0,99.9829,99.9795
260.119895952,100.0,99.9829,99.9796
260.159895936,100.0,99.983,99.9797
260.19989591999996,100.0,99.983,99.9796
260.239895904,100.0,99.983,99.9797
260.279895888,100.0,99.9831,99.9797
260.319895872,100.0,99.9831,99.9797
260.359895856,100.0,99.9831,99.9797
260.39989584,100.0,99.9831,99.9797
260.439895824,100.0,99.9832,99.9797
260.47989580800004,100.0,99.9832,99.9796
260.519895792,100.0,99.9832,99.9796
260.55989577599996,100.0,99.9832,99.9797
260.59989576,100.0,99.9832,99.9796
260.639895744,100.0,99.9833,99.9797
260.67989572799996,100.0,99.9832,99.9797
260.719895712,100.0,99.9832,99.9797
260.759895696,100.0,99.9832,99.9797
260.79989568,100.0,99.9832,99.9797
260.839895664,100.0,99.9833,99.9798
260.879895648,100.0,99.9833,99.9798
260.919895632,100.0,99.9832,99.9798
260.959895616,100.0,99.9832,99.9799
260.9998956,100.0,99.9831,99.9799
261.03989558399996,100.0,99.9831,99.98
261.079895568,100.0,99.9831,99.98
261.119895552,100.0,99.9831,99.98
261.159895536,100.0,99.9831,99.98
261.19989552,100.0,99.983,99.98
261.239895504,100.0,99.983,99.98
261.279895488,100.0,99.983,99.9801
261.31989547200004,100.0,99.983,99.9801
261.35989545599995,100.0,99.983,99.9801
261.39989543999997,100.0,99.983,99.9801
261.439895424,100.0,99.9829,99.9802
261.479895408,100.0,99.983,99.9802
261.51989539199997,100.0,99.983,99.9802
261.559895376,100.0,99.983,99.9802
261.59989536,100.0,99.9829,99.9802
261.639895344,100.0,99.9829,99.9802
261.679895328,100.0,99.983,99.9802
261.719895312,100.0,99.9829,99.9802
261.759895296,100.0,99.983,99.9802
261.79989528,100.0,99.983,99.9802
261.839895264,100.0,99.9829,99.9802
261.87989524799997,100.0,99.983,99.9802
261.919895232,100.0,99.983,99.9802
261.959895216,100.0,99.983,99.9803
261.9998952,100.0,99.983,99.9804
262.039895184,100.0,99.983,99.9804
262.079895168,100.0,99.983,99.9805
262.119895152,100.0,99.9829,99.9805
262.15989513600005,100.0,99.983,99.9805
262.19989511999995,100.0,99.983,99.9805
262.23989510399997,100.0,99.9829,99.9805
262.279895088,100.0,99.983,99.9806
262.319895072,100.0,99.9829,99.9806
262.35989505599997,100.0,99.983,99.9806
262.39989504,100.0,99.983,99.9806
262.439895024,100.0,99.9829,99.9806
262.479895008,100.0,99.9829,99.9807
262.519894992,100.0,99.9829,99.9807
262.559894976,100.0,99.9829,99.9807
262.59989496,100.0,99.9829,99.9807
262.639894944,100.0,99.9829,99.9807
262.67989492799995,100.0,99.9829,99.9807
262.719894912,100.0,99.9829,99.9807
262.759894896,100.0,99.9828,99.9808
262.79989488,100.0,99.9828,99.9808
262.839894864,100.0,99.9827,99.9808
262.879894848,100.0,99.9827,99.9809
262.919894832,100.0,99.9827,99.9808
262.95989481600003,100.0,99.9827,99.9809
262.99989480000005,100.0,99.9827,99.9809
263.03989478399996,100.0,99.9827,99.9809
263.079894768,100.0,99.9827,99.9809
263.119894752,100.0,99.9827,99.9809
263.159894736,100.0,99.9827,99.9809
263.19989472,100.0,99.9827,99.981
263.239894704,100.0,99.9826,99.9809
263.279894688,100.0,99.9826,99.981
263.31989467200003,100.0,99.9826,99.981
263.359894656,100.0,99.9826,99.981
263.39989464,100.0,99.9826,99.981
263.439894624,100.0,99.9826,99.981
263.479894608,100.0,99.9826,99.9811
263.51989459199996,100.0,99.9826,99.9811
263.559894576,100.0,99.9825,99.9811
263.59989456,100.0,99.9825,99.9812
263.639894544,100.0,99.9825,99.9812
263.679894528,100.0,99.9825,99.9812
263.719894512,100.0,99.9825,99.9812
263.759894496,100.0,99.9825,99.9813
263.79989448000003,100.0,99.9826,99.9813
263.839894464,100.0,99.9825,99.9813
263.87989444799996,100.0,99.9826,99.9813
263.919894432,100.0,99.9825,99.9813
263.959894416,100.0,99.9825,99.9814
263.9998944,100.0,99.9825,99.9814
264.039894384,100.0,99.9825,99.9814
264.079894368,100.0,99.9825,99.9814
264.119894352,100.0,99.9825,99.9814
264.15989433600004,100.0,99.9825,99.9814
264.19989432,100.0,99.9825,99.9815
264.239894304,100.0,99.9824,99.9814
264.279894288,100.0,99.9825,99.9814
264.319894272,100.0,99.9824,99.9815
264.35989425599996,100.0,99.9824,99.9814
264.39989424,100.0,99.9824,99.9815
264.439894224,100.0,99.9823,99.9815
264.479894208,100.0,99.9823,99.9815
264.519894192,100.0,99.9823,99.9814
264.559894176,100.0,99.9822,99.9814
264.59989416,100.0,99.9822,99.9814
264.63989414400004,100.0,99.9822,99.9814
264.67989412799994,100.0,99.9822,99.9813
264.71989411199996,100.0,99.9823,99.9814
264.759894096,100.0,99.9822,99.9814
264.79989408,100.0,99.9822,99.9814
264.83989406399996,100.0,99.9822,99.9814
264.879894048,100.0,99.9822,99.9814
264.919894032,100.0,99.9822,99.9814
264.959894016,100.0,99.9822,99.9814
264.99989400000004,100.0,99.9822,99.9814
265.039893984,100.0,99.9822,99.9814
265.07989396799996,100.0,99.9822,99.9814
265.119893952,100.0,99.9822,99.9814
265.159893936,100.0,99.9822,99.9814
265.19989391999997,100.0,99.9822,99.9814
265.239893904,100.0,99.9822,99.9814
265.279893888,100.0,99.9821,99.9813
265.319893872,100.0,99.9822,99.9813
265.359893856,100.0,99.9821,99.9813
265.39989384,100.0,99.9821,99.9812
265.439893824,100.0,99.9821,99.9812
265.47989380800004,100.0,99.9821,99.9812
265.51989379199995,100.0,99.9821,99.9812
265.55989377599997,100.0,99.982,99.9812
265.59989376,100.0,99.982,99.9811
265.639893744,100.0,99.982,99.9811
265.67989372799997,100.0,99.982,99.9811
265.719893712,100.0,99.982,99.9811
265.759893696,100.0,99.982,99.9811
265.79989368,100.0,99.982,99.9811
265.839893664,100.0,99.982,99.9811
265.879893648,100.0,99.9819,99.9811
265.91989363199997,100.0,99.9819,99.9811
265.959893616,100.0,99.9819,99.9811
265.9998936,100.0,99.9819,99.9811
266.03989358399997,100.0,99.982,99.981
266.079893568,100.0,99.9819,99.981
266.119893552,100.0,99.9819,99.981
266.159893536,100.0,99.9819,99.9809
266.19989352,100.0,99.9818,99.9809
266.239893504,100.0,99.9818,99.9809
266.279893488,100.0,99.9817,99.9809
266.319893472,100.0,99.9817,99.9809
266.35989345599995,100.0,99.9816,99.9809
266.39989343999997,100.0,99.9816,99.9808
266.439893424,100.0,99.9816,99.9808
266.479893408,100.0,99.9816,99.9807
266.519893392,100.0,99.9816,99.9807
266.559893376,100.0,99.9816,99.9807
266.59989336,100.0,99.9815,99.9806
266.63989334400003,100.0,99.9816,99.9806
266.679893328,100.0,99.9816,99.9805
266.719893312,100.0,99.9816,99.9805
266.759893296,100.0,99.9816,99.9805
266.79989328,100.0,99.9815,99.9805
266.839893264,100.0,99.9815,99.9804
266.879893248,100.0,99.9815,99.9804
266.919893232,100.0,99.9815,99.9804
266.959893216,100.0,99.9814,99.9803
266.99989320000003,100.0,99.9814,99.9803
267.039893184,100.0,99.9814,99.9803
267.079893168,100.0,99.9813,99.9802
267.11989315200003,100.0,99.9813,99.9802
267.159893136,100.0,99.9813,99.9802
267.19989311999996,100.0,99.9813,99.9801
267.239893104,100.0,99.9813,99.9801
267.279893088,100.0,99.9813,99.98
267.319893072,100.0,99.9812,99.98
267.359893056,100.0,99.9813,99.9799
267.39989304,100.0,99.9812,99.9798
267.439893024,100.0,99.9812,99.9798
267.47989300800003,100.0,99.9812,99.9798
267.519892992,100.0,99.9812,99.9797
267.55989297599996,100.0,99.9812,99.9797
267.59989296,100.0,99.9812,99.9796
267.639892944,100.0,99.9813,99.9796
267.67989292799996,100.0,99.9812,99.9796
267.719892912,100.0,99.9813,99.9796
267.759892896,100.0,99.9813,99.9796
267.79989288,100.0,99.9812,99.9796
267.83989286400003,100.0,99.9812,99.9795
267.879892848,100.0,99.9812,99.9796
267.919892832,100.0,99.9811,99.9795
267.95989281600004,100.0,99.9811,99.9795
267.9998928,100.0,99.9811,99.9794
268.03989278399996,100.0,99.9811,99.9794
268.079892768,100.0,99.9811,99.9794
268.119892752,100.0,99.981,99.9794
268.159892736,100.0,99.981,99.9794
268.19989272,100.0,99.9809,99.9793
268.239892704,100.0,99.9809,99.9793
268.279892688,100.0,99.9808,99.9794
268.31989267200004,100.0,99.9808,99.9793
268.359892656,100.0,99.9808,99.9793
268.39989263999996,100.0,99.9808,99.9792
268.439892624,100.0,99.9807,99.9792
268.479892608,100.0,99.9807,99.9792
268.51989259199996,100.0,99.9807,99.9792
268.559892576,100.0,99.9807,99.9792
268.59989256,100.0,99.9807,99.9792
268.639892544,100.0,99.9806,99.9791
268.679892528,100.0,99.9806,99.9791
268.719892512,100.0,99.9806,99.9791
268.759892496,100.0,99.9806,99.9791
268.79989248,100.0,99.9806,99.9791
268.839892464,100.0,99.9806,99.9791
268.87989244799996,100.0,99.9805,99.9791
268.919892432,100.0,99.9805,99.9791
268.959892416,100.0,99.9805,99.979
268.9998924,100.0,99.9805,99.979
269.039892384,100.0,99.9805,99.979
269.079892368,100.0,99.9805,99.979
269.119892352,100.0,99.9805,99.979
269.15989233600004,100.0,99.9804,99.9789
269.19989232,100.0,99.9805,99.9789
269.23989230399997,100.0,99.9804,99.9789
269.279892288,100.0,99.9805,99.9789
269.319892272,100.0,99.9805,99.9789
269.35989225599997,100.0,99.9805,99.9788
269.39989224,100.0,99.9806,99.9788
269.439892224,100.0,99.9805,99.9788
269.479892208,100.0,99.9805,99.9788
269.519892192,100.0,99.9806,99.9788
269.559892176,100.0,99.9806,99.9787
269.59989216,100.0,99.9807,99.9787
269.639892144,100.0,99.9807,99.9787
269.67989212799995,100.0,99.9807,99.9787
269.71989211199997,100.0,99.9807,99.9787
269.759892096,100.0,99.9806,99.9786
269.79989208,100.0,99.9806,99.9787
269.839892064,100.0,99.9806,99.9787
269.879892048,100.0,99.9806,99.9786
269.919892032,100.0,99.9806,99.9786
269.959892016,100.0,99.9805,99.9786
269.99989200000005,100.0,99.9805,99.9786
270.03989198399995,100.0,99.9805,99.9786
270.07989196799997,100.0,99.9805,99.9786
270.119891952,100.0,99.9805,99.9786
270.159891936,100.0,99.9805,99.9785
270.19989191999997,100.0,99.9805,99.9785
270.239891904,100.0,99.9805,99.9784
270.279891888,100.0,99.9804,99.9784
270.319891872,100.0,99.9805,99.9784
270.359891856,100.0,99.9804,99.9784
270.39989184,100.0,99.9804,99.9784
270.43989182400003,100.0,99.9804,99.9784
270.479891808,100.0,99.9803,99.9784
270.51989179199995,100.0,99.9803,99.9785
270.559891776,100.0,99.9803,99.9785
270.59989176,100.0,99.9803,99.9785
270.639891744,100.0,99.9803,99.9785
270.679891728,100.0,99.9803,99.9785
270.719891712,100.0,99.9803,99.9785
270.759891696,100.0,99.9803,99.9785
270.79989168000003,100.0,99.9803,99.9784
270.839891664,100.0,99.9803,99.9785
270.87989164799995,100.0,99.9802,99.9784
270.919891632,100.0,99.9803,99.9784
270.959891616,100.0,99.9803,99.9784
270.9998916,100.0,99.9803,99.9785
271.039891584,100.0,99.9803,99.9785
271.079891568,100.0,99.9803,99.9784
271.119891552,100.0,99.9803,99.9785
271.15989153600003,100.0,99.9804,99.9785
271.19989152,100.0,99.9803,99.9785
271.239891504,100.0,99.9803,99.9785
271.279891488,100.0,99.9803,99.9784
271.319891472,100.0,99.9802,99.9785
271.35989145599996,100.0,99.9802,99.9784
271.39989144,100.0,99.9802,99.9784
271.439891424,100.0,99.9803,99.9784
271.479891408,100.0,99.9802,99.9784
271.519891392,100.0,99.9803,99.9784
271.559891376,100.0,99.9803,99.9784
271.59989136,100.0,99.9802,99.9784
271.63989134400003,100.0,99.9802,99.9784
271.679891328,100.0,99.9802,99.9784
271.71989131199996,100.0,99.9802,99.9784
271.759891296,100.0,99.9802,99.9784
271.79989128,100.0,99.9801,99.9784
271.839891264,100.0,99.9801,99.9784
271.879891248,100.0,99.9801,99.9784
271.919891232,100.0,99.9801,99.9785
271.959891216,100.0,99.9801,99.9785
271.99989120000004,100.0,99.9801,99.9784
272.039891184,100.0,99.9801,99.9784
272.079891168,100.0,99.98,99.9784
272.119891152,100.0,99.9801,99.9784
272.159891136,100.0,99.98,99.9784
272.19989111999996,100.0,99.98,99.9783
272.239891104,100.0,99.98,99.9783
272.279891088,100.0,99.98,99.9783
272.319891072,100.0,99.9799,99.9783
272.359891056,100.0,99.9799,99.9783
272.39989104,100.0,99.9798,99.9783
272.439891024,100.0,99.9798,99.9783
272.47989100800004,100.0,99.9798,99.9782
272.51989099199994,100.0,99.9798,99.9782
272.55989097599996,100.0,99.9798,99.9782
272.59989096,100.0,99.9798,99.9782
272.639890944,100.0,99.9798,99.9782
272.67989092799996,100.0,99.9798,99.9782
272.719890912,100.0,99.9797,99.9782
272.759890896,100.0,99.9796,99.9782
272.79989088,100.0,99.9796,99.9782
272.83989086400004,100.0,99.9796,99.9782
272.879890848,100.0,99.9796,99.9782
272.919890832,100.0,99.9795,99.9782
272.959890816,100.0,99.9796,99.9782
272.9998908,100.0,99.9795,99.9782
273.03989078399997,100.0,99.9795,99.9782
273.079890768,100.0,99.9795,99.9782
273.119890752,100.0,99.9795,99.9782
273.159890736,100.0,99.9795,99.9782
273.19989072,100.0,99.9795,99.9782
273.239890704,100.0,99.9794,99.9782
273.279890688,100.0,99.9794,99.9781
273.31989067200004,100.0,99.9794,99.9781
273.35989065599995,100.0,99.9794,99.9781
273.39989063999997,100.0,99.9793,99.9782
273.439890624,100.0,99.9793,99.9781
273.479890608,100.0,99.9793,99.9782
273.51989059199997,100.0,99.9793,99.9782
273.559890576,100.0,99.9793,99.9781
273.59989056,100.0,99.9793,99.9781
273.639890544,100.0,99.9792,99.9781
273.679890528,100.0,99.9793,99.9781
273.719890512,100.0,99.9793,99.978
273.75989049599997,100.0,99.9793,99.978
273.79989048,100.0,99.9792,99.9779
273.839890464,100.0,99.9792,99.9779
273.87989044799997,100.0,99.9793,99.9779
273.919890432,100.0,99.9793,99.9779
273.959890416,100.0,99.9793,99.9779
273.9998904,100.0,99.9792,99.9779
274.039890384,100.0,99.9792,99.9779
274.079890368,100.0,99.9792,99.978
274.119890352,100.0,99.9791,99.9779
274.15989033600005,100.0,99.9791,99.9779
274.19989031999995,100.0,99.9791,99.9779
274.23989030399997,100.0,99.9791,99.9779
274.279890288,100.0,99.9791,99.9778
274.319890272,100.0,99.9792,99.9778
274.35989025599997,100.0,99.9792,99.9778
274.39989024,100.0,99.9792,99.9778
274.439890224,100.0,99.9792,99.9778
274.47989020800003,100.0,99.9792,99.9778
274.519890192,100.0,99.9793,99.9778
274.559890176,100.0,99.9793,99.9778
274.59989016,100.0,99.9793,99.9778
274.639890144,100.0,99.9793,99.9777
274.67989012799995,100.0,99.9793,99.9777
274.719890112,100.0,99.9793,99.9777
274.759890096,100.0,99.9793,99.9777
274.79989008,100.0,99.9793,99.9777
274.83989006400003,100.0,99.9794,99.9777
274.879890048,100.0,99.9793,99.9777
274.919890032,100.0,99.9794,99.9777
274.95989001600003,100.0,99.9793,99.9777
274.99989,100.0,99.9793,99.9776
275.03988998399996,100.0,99.9794,99.9776
275.079889968,100.0,99.9794,99.9776
275.119889952,100.0,99.9794,99.9776
275.159889936,100.0,99.9794,99.9776
275.19988992,100.0,99.9794,99.9776
275.239889904,100.0,99.9794,99.9776
275.279889888,100.0,99.9794,99.9776
275.31988987200003,100.0,99.9795,99.9776
275.359889856,100.0,99.9795,99.9776
275.39988984,100.0,99.9795,99.9776
275.439889824,100.0,99.9796,99.9776
275.479889808,100.0,99.9796,99.9776
275.51988979199996,100.0,99.9797,99.9776
275.559889776,100.0,99.9797,99.9776
275.59988976,100.0,99.9797,99.9776
275.639889744,100.0,99.9797,99.9777
275.679889728,100.0,99.9797,99.9777
275.719889712,100.0,99.9797,99.9777
275.759889696,100.0,99.9797,99.9777
275.79988968000004,100.0,99.9796,99.9777
275.839889664,100.0,99.9797,99.9778
275.87988964799996,100.0,99.9797,99.9778
275.919889632,100.0,99.9797,99.9778
275.959889616,100.0,99.9797,99.9778
275.9998896,100.0,99.9797,99.9778
276.039889584,100.0,99.9797,99.9778
276.079889568,100.0,99.9798,99.9778
276.119889552,100.0,99.9798,99.9779
276.15988953600004,100.0,99.9798,99.9779
276.19988952,100.0,99.9798,99.9779
276.23988950399996,100.0,99.9799,99.9779
276.279889488,100.0,99.9799,99.9779
276.319889472,100.0,99.9799,99.9779
276.35988945599996,100.0,99.98,99.9779
276.39988944,100.0,99.98,99.9779
276.439889424,100.0,99.98,99.9779
276.479889408,100.0,99.9801,99.9779
276.519889392,100.0,99.98,99.9779
276.559889376,100.0,99.9801,99.978
276.59988936,100.0,99.9801,99.978
276.63988934400004,100.0,99.9802,99.978
276.67988932799994,100.0,99.9802,99.9781
276.71988931199996,100.0,99.9802,99.978
276.759889296,100.0,99.9803,99.9781
276.79988928,100.0,99.9804,99.9781
276.839889264,100.0,99.9804,99.9781
276.879889248,100.0,99.9804,99.9782
276.919889232,100.0,99.9804,99.9781
276.959889216,100.0,99.9805,99.9782
276.99988920000004,100.0,99.9806,99.9783
277.039889184,100.0,99.9806,99.9783
277.07988916799997,100.0,99.9807,99.9783
277.119889152,100.0,99.9807,99.9783
277.159889136,100.0,99.9807,99.9784
277.19988911999997,100.0,99.9808,99.9784
277.239889104,100.0,99.9808,99.9783
277.279889088,100.0,99.9809,99.9784
277.319889072,100.0,99.9809,99.9783
277.359889056,100.0,99.9809,99.9784
277.39988904,100.0,99.9809,99.9784
277.439889024,100.0,99.9809,99.9784
277.479889008,100.0,99.9809,99.9785
277.51988899199995,100.0,99.9809,99.9785
277.55988897599997,100.0,99.9809,99.9785
277.59988896,100.0,99.9809,99.9786
277.639888944,100.0,99.9809,99.9786
277.67988892799997,100.0,99.981,99.9787
277.719888912,100.0,99.981,99.9787
277.759888896,100.0,99.981,99.9787
277.79988888,100.0,99.981,99.9787
277.83988886400005,100.0,99.9809,99.9787
277.879888848,100.0,99.981,99.9788
277.91988883199997,100.0,99.981,99.9788
277.959888816,100.0,99.981,99.9788
277.9998888,100.0,99.9811,99.9788
278.03988878399997,100.0,99.9811,99.9788
278.079888768,100.0,99.9811,99.9789
278.119888752,100.0,99.9811,99.9789
278.159888736,100.0,99.9811,99.9789
278.19988872,100.0,99.9812,99.979
278.239888704,100.0,99.9812,99.979
278.279888688,100.0,99.9812,99.979
278.319888672,100.0,99.9812,99.9791
278.35988865599995,100.0,99.9813,99.9791
278.39988864,100.0,99.9813,99.9791
278.439888624,100.0,99.9813,99.9791
278.479888608,100.0,99.9814,99.9791
278.519888592,100.0,99.9814,99.9792
278.559888576,100.0,99.9814,99.9793
278.59988856,100.0,99.9814,99.9793
278.63988854400003,100.0,99.9814,99.9793
278.679888528,100.0,99.9814,99.9793
278.71988851199995,100.0,99.9814,99.9794
278.759888496,100.0,99.9814,99.9794
278.79988848,100.0,99.9815,99.9794
278.839888464,100.0,99.9815,99.9794
278.879888448,100.0,99.9816,99.9794
278.919888432,100.0,99.9816,99.9795
278.959888416,100.0,99.9816,99.9795
278.99988840000003,100.0,99.9817,99.9795
279.039888384,100.0,99.9817,99.9795
279.079888368,100.0,99.9818,99.9795
279.11988835200003,100.0,99.9818,99.9796
279.159888336,100.0,99.9818,99.9796
279.19988831999996,100.0,99.9818,99.9796
279.239888304,100.0,99.9819,99.9796
279.279888288,100.0,99.9818,99.9796
279.319888272,100.0,99.9819,99.9796
279.359888256,100.0,99.9819,99.9796
279.39988824,100.0,99.9819,99.9797
279.439888224,100.0,99.9819,99.9797
279.47988820800003,100.0,99.9818,99.9797
279.519888192,100.0,99.9819,99.9798
279.55988817599996,100.0,99.9819,99.9798
279.59988816,100.0,99.9819,99.9799
279.639888144,100.0,99.982,99.9799
279.67988812799996,100.0,99.982,99.9799
279.719888112,100.0,99.982,99.9799
279.759888096,100.0,99.982,99.98
279.79988808,100.0,99.982,99.98
279.83988806400004,100.0,99.9821,99.9801
279.879888048,100.0,99.982,99.98
279.919888032,100.0,99.9821,99.9801
279.959888016,100.0,99.9821,99.9801
279.999888,100.0,99.9821,99.9802
280.03988798399996,100.0,99.9822,99.9802
280.079887968,100.0,99.9821,99.9802
280.119887952,100.0,99.9822,99.9802
280.159887936,100.0,99.9821,99.9802
280.19988792,100.0,99.9821,99.9802
280.239887904,100.0,99.9821,99.9803
280.279887888,100.0,99.9821,99.9803
280.31988787200004,100.0,99.9821,99.9804
280.359887856,100.0,99.9822,99.9804
280.39988783999996,100.0,99.9821,99.9804
280.439887824,100.0,99.9822,99.9805
280.479887808,100.0,99.9822,99.9805
280.51988779199996,100.0,99.9822,99.9805
280.559887776,100.0,99.9822,99.9806
280.59988776,100.0,99.9822,99.9806
280.639887744,100.0,99.9823,99.9806
280.679887728,100.0,99.9823,99.9807
280.719887712,100.0,99.9823,99.9807
280.759887696,100.0,99.9823,99.9807
280.79988768,100.0,99.9824,99.9807
280.839887664,100.0,99.9824,99.9808
280.87988764799996,100.0,99.9824,99.9808
280.919887632,100.0,99.9824,99.9808
280.959887616,100.0,99.9825,99.9809
280.9998876,100.0,99.9825,99.9809
281.039887584,100.0,99.9825,99.9809
281.079887568,100.0,99.9825,99.981
281.119887552,100.0,99.9825,99.9809
281.15988753600004,100.0,99.9825,99.981
281.19988751999995,100.0,99.9825,99.9811
281.23988750399997,100.0,99.9826,99.9811
281.279887488,100.0,99.9826,99.9812
281.319887472,100.0,99.9826,99.9812
281.35988745599997,100.0,99.9827,99.9813
281.39988744,100.0,99.9826,99.9813
281.439887424,100.0,99.9827,99.9813
281.479887408,100.0,99.9827,99.9814
281.519887392,100.0,99.9827,99.9814
281.559887376,100.0,99.9827,99.9814
281.59988736,100.0,99.9827,99.9815
281.639887344,100.0,99.9827,99.9815
281.67988732799995,100.0,99.9828,99.9816
281.71988731199997,100.0,99.9828,99.9815
281.759887296,100.0,99.9828,99.9815
281.79988728,100.0,99.9829,99.9816
281.839887264,100.0,99.9829,99.9816
281.879887248,100.0,99.983,99.9817
281.919887232,100.0,99.983,99.9817
281.959887216,100.0,99.983,99.9817
281.99988720000005,100.0,99.983,99.9818
282.03988718399995,100.0,99.983,99.9818
282.07988716799997,100.0,99.983,99.9819
282.119887152,100.0,99.983,99.9819
282.159887136,100.0,99.983,99.9819
282.19988711999997,100.0,99.9831,99.982
282.239887104,100.0,99.9831,99.982
282.279887088,100.0,99.9831,99.982
282.31988707200003,100.0,99.9831,99.982
282.359887056,100.0,99.983,99.9821
282.39988704,100.0,99.9831,99.9821
282.439887024,100.0,99.9831,99.9821
282.479887008,100.0,99.9832,99.9822
282.51988699199995,100.0,99.9833,99.9822
282.559886976,100.0,99.9833,99.9822
282.59988696,100.0,99.9833,99.9823
282.639886944,100.0,99.9833,99.9822
282.679886928,100.0,99.9833,99.9823
282.719886912,100.0,99.9833,99.9823
282.759886896,100.0,99.9833,99.9823
282.79988688000003,100.0,99.9833,99.9823
282.83988686400005,100.0,99.9832,99.9823
282.87988684799996,100.0,99.9832,99.9824
282.919886832,100.0,99.9832,99.9824
282.959886816,100.0,99.9832,99.9824
282.9998868,100.0,99.9832,99.9824
283.039886784,100.0,99.9832,99.9824
283.079886768,100.0,99.9832,99.9824
283.119886752,100.0,99.9832,99.9824
283.15988673600003,100.0,99.9832,99.9824
283.19988672,100.0,99.9832,99.9824
283.239886704,100.0,99.9831,99.9824
283.279886688,100.0,99.9831,99.9824
283.319886672,100.0,99.9831,99.9824
283.35988665599996,100.0,99.9831,99.9824
283.39988664,100.0,99.9831,99.9825
283.439886624,100.0,99.9831,99.9824
283.479886608,100.0,99.983,99.9824
283.519886592,100.0,99.983,99.9824
283.559886576,100.0,99.983,99.9824
283.59988656,100.0,99.983,99.9824
283.63988654400003,100.0,99.9829,99.9824
283.679886528,100.0,99.9829,99.9824
283.71988651199996,100.0,99.9829,99.9824
283.759886496,100.0,99.9828,99.9823
283.79988648,100.0,99.9828,99.9824
283.839886464,100.0,99.9828,99.9824
283.879886448,100.0,99.9828,99.9824
283.919886432,100.0,99.9827,99.9824
283.959886416,100.0,99.9827,99.9823
283.99988640000004,100.0,99.9827,99.9823
284.039886384,100.0,99.9826,99.9823
284.079886368,100.0,99.9826,99.9822
284.119886352,100.0,99.9825,99.9822
284.159886336,100.0,99.9824,99.9822
284.19988631999996,100.0,99.9825,99.9821
284.239886304,100.0,99.9824,99.9821
284.279886288,100.0,99.9824,99.9821
284.319886272,100.0,99.9823,99.9821
284.359886256,100.0,99.9823,99.9821
284.39988624,100.0,99.9822,99.982
284.439886224,100.0,99.9822,99.982
284.47988620800004,100.0,99.9821,99.9819
284.51988619199994,100.0,99.9821,99.9819
284.55988617599996,100.0,99.982,99.9818
284.59988616,100.0,99.9819,99.9817
284.639886144,100.0,99.9819,99.9817
284.679886128,100.0,99.9818,99.9816
284.719886112,100.0,99.9818,99.9816
284.759886096,100.0,99.9818,99.9816
284.79988608,100.0,99.9817,99.9815
284.83988606400004,100.0,99.9817,99.9814
284.879886048,100.0,99.9816,99.9814
284.91988603199997,100.0,99.9816,99.9814
284.959886016,100.0,99.9816,99.9814
284.999886,100.0,99.9815,99.9813
285.03988598399997,100.0,99.9814,99.9813
285.079885968,100.0,99.9814,99.9813
285.119885952,100.0,99.9813,99.9812
285.159885936,100.0,99.9813,99.9812
285.19988592,100.0,99.9812,99.9812
285.239885904,100.0,99.9812,99.9812
285.279885888,100.0,99.9811,99.9811
285.31988587200004,100.0,99.9811,99.981
285.35988585599995,100.0,99.9811,99.981
285.39988583999997,100.0,99.981,99.981
285.439885824,100.0,99.981,99.981
285.479885808,100.0,99.981,99.9809
285.51988579199997,100.0,99.9809,99.9808
285.559885776,100.0,99.9809,99.9808
285.59988576,100.0,99.9808,99.9807
285.639885744,100.0,99.9808,99.9807
285.679885728,100.0,99.9807,99.9807
285.719885712,100.0,99.9806,99.9806
285.75988569599997,100.0,99.9806,99.9806
285.79988568,100.0,99.9806,99.9805
285.839885664,100.0,99.9805,99.9805
285.87988564799997,100.0,99.9805,99.9805
285.919885632,100.0,99.9805,99.9805
285.959885616,100.0,99.9805,99.9805
285.9998856,100.0,99.9805,99.9804
286.039885584,100.0,99.9804,99.9804
286.079885568,100.0,99.9804,99.9804
286.119885552,100.0,99.9804,99.9803
286.159885536,100.0,99.9804,99.9803
286.19988551999995,100.0,99.9803,99.9803
286.239885504,100.0,99.9803,99.9802
286.279885488,100.0,99.9802,99.9802
286.319885472,100.0,99.9802,99.9802
286.359885456,100.0,99.9801,99.9802
286.39988544,100.0,99.9801,99.9801
286.439885424,100.0,99.9801,99.9801
286.47988540800003,100.0,99.9801,99.98
286.519885392,100.0,99.9801,99.98
286.559885376,100.0,99.98,99.98
286.59988536,100.0,99.9799,99.98
286.639885344,100.0,99.9799,99.9799
286.679885328,100.0,99.9799,99.9799
286.719885312,100.0,99.9799,99.9798
286.759885296,100.0,99.9798,99.9798
286.79988528,100.0,99.9798,99.9798
286.83988526400003,100.0,99.9798,99.9797
286.879885248,100.0,99.9797,99.9797
286.919885232,100.0,99.9797,99.9797
286.95988521600003,100.0,99.9797,99.9797
286.9998852,100.0,99.9797,99.9796
287.03988518399996,100.0,99.9796,99.9796
287.079885168,100.0,99.9796,99.9796
287.119885152,100.0,99.9795,99.9796
287.159885136,100.0,99.9795,99.9796
287.19988512,100.0,99.9795,99.9795
287.239885104,100.0,99.9794,99.9796
287.279885088,100.0,99.9794,99.9796
287.31988507200003,100.0,99.9794,99.9795
287.359885056,100.0,99.9793,99.9795
287.39988503999996,100.0,99.9793,99.9795
287.439885024,100.0,99.9792,99.9795
287.479885008,100.0,99.9792,99.9795
287.51988499199996,100.0,99.9792,99.9795
287.559884976,100.0,99.9792,99.9794
287.59988496,100.0,99.9792,99.9794
287.639884944,100.0,99.9792,99.9794
287.679884928,100.0,99.9792,99.9794
287.719884912,100.0,99.9792,99.9793
287.759884896,100.0,99.9792,99.9793
287.79988488000004,100.0,99.9792,99.9793
287.839884864,100.0,99.9791,99.9793
287.87988484799996,100.0,99.9791,99.9793
287.919884832,100.0,99.9791,99.9793
287.959884816,100.0,99.979,99.9793
287.9998848,100.0,99.979,99.9793
288.039884784,100.0,99.979,99.9792
288.079884768,100.0,99.9789,99.9792
288.119884752,100.0,99.9789,99.9792
288.15988473600004,100.0,99.9788,99.9791
288.19988472,100.0,99.9787,99.9791
288.23988470399996,100.0,99.9786,99.9791
288.279884688,100.0,99.9786,99.979
288.319884672,100.0,99.9785,99.9791
288.35988465599996,100.0,99.9784,99.9789
288.39988464,100.0,99.9784,99.9789
288.439884624,100.0,99.9784,99.9789
288.479884608,100.0,99.9783,99.9789
288.519884592,100.0,99.9783,99.9789
288.559884576,100.0,99.9782,99.9788
288.59988456,100.0,99.9781,99.9787
288.639884544,100.0,99.9781,99.9787
288.679884528,100.0,99.9781,99.9786
288.71988451199996,100.0,99.978,99.9787
288.759884496,100.0,99.9779,99.9786
288.79988448,100.0,99.9779,99.9786
288.839884464,100.0,99.9779,99.9786
288.879884448,100.0,99.9778,99.9785
288.919884432,100.0,99.9779,99.9785
288.959884416,100.0,99.9778,99.9784
288.99988440000004,100.0,99.9778,99.9784
289.039884384,100.0,99.9778,99.9784
289.07988436799997,100.0,99.9777,99.9783
289.119884352,100.0,99.9777,99.9783
289.159884336,100.0,99.9776,99.9782
289.19988431999997,100.0,99.9776,99.9781
289.239884304,100.0,99.9776,99.9781
289.279884288,100.0,99.9775,99.9781
289.319884272,100.0,99.9775,99.9781
289.359884256,100.0,99.9775,99.978
289.39988424,100.0,99.9775,99.978
289.439884224,100.0,99.9775,99.978
289.479884208,100.0,99.9775,99.9779
289.51988419199995,100.0,99.9775,99.9779
289.55988417599997,100.0,99.9775,99.9779
289.59988416,100.0,99.9775,99.9779
289.639884144,100.0,99.9774,99.9779
289.679884128,100.0,99.9774,99.9779
289.719884112,100.0,99.9774,99.9779
289.759884096,100.0,99.9774,99.9779
289.79988408,100.0,99.9773,99.9778
289.83988406400005,100.0,99.9774,99.9779
289.87988404799995,100.0,99.9773,99.9778
289.91988403199997,100.0,99.9773,99.9779
289.959884016,100.0,99.9773,99.9779
289.999884,100.0,99.9773,99.9779
290.03988398399997,100.0,99.9773,99.9779
290.079883968,100.0,99.9773,99.9778
290.119883952,100.0,99.9773,99.9778
290.159883936,100.0,99.9774,99.9778
290.19988392,100.0,99.9774,99.9778
290.239883904,100.0,99.9774,99.9778
290.27988388800003,100.0,99.9775,99.9777
290.319883872,100.0,99.9775,99.9777
290.35988385599995,100.0,99.9775,99.9777
290.39988384,100.0,99.9775,99.9777
290.439883824,100.0,99.9775,99.9777
290.479883808,100.0,99.9776,99.9776
290.519883792,100.0,99.9776,99.9776
290.559883776,100.0,99.9777,99.9776
290.59988376,100.0,99.9777,99.9775
290.63988374400003,100.0,99.9777,99.9775
290.67988372800005,100.0,99.9778,99.9775
290.71988371199996,100.0,99.9778,99.9775
290.759883696,100.0,99.9778,99.9775
290.79988368,100.0,99.9778,99.9775
290.839883664,100.0,99.9778,99.9775
290.879883648,100.0,99.9779,99.9775
290.919883632,100.0,99.9779,99.9775
290.959883616,100.0,99.9779,99.9775
290.99988360000003,100.0,99.9779,99.9776
291.039883584,100.0,99.9779,99.9775
291.079883568,100.0,99.9779,99.9776
291.119883552,100.0,99.9779,99.9775
291.159883536,100.0,99.978,99.9776
291.19988351999996,100.0,99.9781,99.9776
291.239883504,100.0,99.9781,99.9777
291.279883488,100.0,99.9781,99.9777
291.319883472,100.0,99.9782,99.9777
291.359883456,100.0,99.9782,99.9777
291.39988344,100.0,99.9783,99.9777
291.439883424,100.0,99.9783,99.9777
291.47988340800003,100.0,99.9784,99.9777
291.519883392,100.0,99.9784,99.9777
291.55988337599996,100.0,99.9785,99.9777
291.59988336,100.0,99.9785,99.9777
291.639883344,100.0,99.9785,99.9777
291.679883328,100.0,99.9786,99.9778
291.719883312,100.0,99.9786,99.9778
291.759883296,100.0,99.9786,99.9779
291.79988328,100.0,99.9787,99.9779
291.83988326400004,100.0,99.9787,99.9779
291.879883248,100.0,99.9788,99.978
291.919883232,100.0,99.9789,99.978
291.959883216,100.0,99.9788,99.9781
291.9998832,100.0,99.9788,99.9781
292.03988318399996,100.0,99.9788,99.9781
292.079883168,100.0,99.9788,99.9781
292.119883152,100.0,99.9788,99.9782
292.159883136,100.0,99.9788,99.9782
292.19988312,100.0,99.9788,99.9782
292.239883104,100.0,99.9788,99.9783
292.279883088,100.0,99.9788,99.9783
292.31988307200004,100.0,99.9789,99.9783
292.35988305599994,100.0,99.9789,99.9784
292.39988303999996,100.0,99.9789,99.9784
292.439883024,100.0,99.979,99.9784
292.479883008,100.0,99.979,99.9784
292.51988299199996,100.0,99.979,99.9785
292.559882976,100.0,99.979,99.9785
292.59988296,100.0,99.979,99.9786
292.639882944,100.0,99.979,99.9785
292.67988292800004,100.0,99.9791,99.9786
292.719882912,100.0,99.9791,99.9786
292.759882896,100.0,99.9791,99.9786
292.79988288,100.0,99.9791,99.9786
292.839882864,100.0,99.9793,99.9787
292.87988284799997,100.0,99.9792,99.9787
292.919882832,100.0,99.9793,99.9787
292.959882816,100.0,99.9793,99.9787
292.9998828,100.0,99.9793,99.9788
293.039882784,100.0,99.9793,99.9788
293.079882768,100.0,99.9793,99.9788
293.119882752,100.0,99.9794,99.9788
293.15988273600004,100.0,99.9794,99.9787
293.19988271999995,100.0,99.9794,99.9788
293.23988270399997,100.0,99.9794,99.9788
293.279882688,100.0,99.9794,99.9788
293.319882672,100.0,99.9794,99.9788
293.35988265599997,100.0,99.9794,99.9788
293.39988264,100.0,99.9793,99.9788
293.439882624,100.0,99.9793,99.9789
293.479882608,100.0,99.9793,99.9789
293.519882592,100.0,99.9793,99.9789
293.559882576,100.0,99.9793,99.9789
293.59988255999997,100.0,99.9793,99.9789
293.639882544,100.0,99.9793,99.979
293.679882528,100.0,99.9793,99.979
293.71988251199997,100.0,99.9793,99.979
293.759882496,100.0,99.9793,99.979
293.79988248,100.0,99.9793,99.9791
293.839882464,100.0,99.9793,99.9791
293.879882448,100.0,99.9793,99.9791
293.919882432,100.0,99.9793,99.9791
293.959882416,100.0,99.9793,99.9791
293.99988240000005,100.0,99.9793,99.9791
294.03988238399995,100.0,99.9794,99.9791
294.07988236799997,100.0,99.9794,99.9791
294.119882352,100.0,99.9794,99.9791
294.159882336,100.0,99.9794,99.9791
294.19988232,100.0,99.9795,99.9791
294.239882304,100.0,99.9795,99.9791
294.279882288,100.0,99.9795,99.9791
294.31988227200003,100.0,99.9796,99.9791
294.359882256,100.0,99.9796,99.9791
294.39988224,100.0,99.9796,99.9791
294.439882224,100.0,99.9797,99.9791
294.479882208,100.0,99.9797,99.9791
294.51988219199995,100.0,99.9797,99.9792
294.559882176,100.0,99.9798,99.9792
294.59988216,100.0,99.9797,99.9791
294.639882144,100.0,99.9798,99.9791
294.67988212800003,100.0,99.9798,99.9792
294.719882112,100.0,99.9798,99.9792
294.759882096,100.0,99.9798,99.9792
294.79988208000003,100.0,99.9799,99.9792
294.839882064,100.0,99.9799,99.9792
294.87988204799996,100.0,99.98,99.9792
294.919882032,100.0,99.98,99.9792
294.959882016,100.0,99.9801,99.9792
294.999882,100.0,99.9801,99.9792
295.039881984,100.0,99.9801,99.9792
295.079881968,100.0,99.9801,99.9792
295.119881952,100.0,99.9801,99.9792
295.15988193600003,100.0,99.9802,99.9793
295.19988192,100.0,99.9802,99.9792
295.239881904,100.0,99.9803,99.9792
295.279881888,100.0,99.9804,99.9793
295.319881872,100.0,99.9804,99.9792
295.35988185599996,100.0,99.9805,99.9793
295.39988184,100.0,99.9805,99.9792
295.439881824,100.0,99.9805,99.9792
295.479881808,100.0,99.9806,99.9792
295.519881792,100.0,99.9806,99.9792
295.559881776,100.0,99.9806,99.9793
295.59988176,100.0,99.9807,99.9792
295.63988174400004,100.0,99.9807,99.9792
295.679881728,100.0,99.9807,99.9793
295.71988171199996,100.0,99.9807,99.9793
295.759881696,100.0,99.9807,99.9793
295.79988168,100.0,99.9807,99.9793
295.839881664,100.0,99.9807,99.9793
295.879881648,100.0,99.9807,99.9793
295.919881632,100.0,99.9807,99.9793
295.959881616,100.0,99.9807,99.9793
295.99988160000004,100.0,99.9808,99.9793
296.039881584,100.0,99.9808,99.9793
296.07988156799996,100.0,99.9808,99.9793
296.119881552,100.0,99.9809,99.9793
296.159881536,100.0,99.9809,99.9794
296.19988151999996,100.0,99.981,99.9793
296.239881504,100.0,99.981,99.9794
296.279881488,100.0,99.981,99.9794
296.319881472,100.0,99.981,99.9794
296.359881456,100.0,99.9811,99.9795
296.39988144,100.0,99.9811,99.9795
296.439881424,100.0,99.9811,99.9795
296.47988140800004,100.0,99.9811,99.9795
296.51988139199995,100.0,99.9811,99.9795
296.55988137599996,100.0,99.9812,99.9795
296.59988136,100.0,99.9813,99.9796
296.639881344,100.0,99.9814,99.9795
296.679881328,100.0,99.9814,99.9796
296.719881312,100.0,99.9814,99.9796
296.759881296,100.0,99.9814,99.9796
296.79988128,100.0,99.9814,99.9797
296.83988126400004,100.0,99.9815,99.9797
296.879881248,100.0,99.9815,99.9797
296.91988123199997,100.0,99.9815,99.9797
296.959881216,100.0,99.9815,99.9798
296.9998812,100.0,99.9816,99.9798
297.03988118399997,100.0,99.9816,99.9798
297.079881168,100.0,99.9816,99.9798
297.119881152,100.0,99.9816,99.9798
297.159881136,100.0,99.9816,99.9799
297.19988112,100.0,99.9816,99.9799
297.239881104,100.0,99.9816,99.9799
297.279881088,100.0,99.9816,99.98
297.319881072,100.0,99.9816,99.98
297.35988105599995,100.0,99.9816,99.98
297.39988103999997,100.0,99.9816,99.98
297.439881024,100.0,99.9816,99.9801
297.479881008,100.0,99.9817,99.9802
297.51988099199997,100.0,99.9816,99.9801
297.559880976,100.0,99.9816,99.9802
297.59988096,100.0,99.9816,99.9802
297.639880944,100.0,99.9816,99.9802
297.67988092800005,100.0,99.9817,99.9803
297.719880912,100.0,99.9817,99.9802
297.75988089599997,100.0,99.9817,99.9803
297.79988088,100.0,99.9817,99.9803
297.839880864,100.0,99.9816,99.9803
297.87988084799997,100.0,99.9817,99.9804
297.919880832,100.0,99.9817,99.9804
297.959880816,100.0,99.9817,99.9804
297.9998808,100.0,99.9818,99.9804
298.039880784,100.0,99.9817,99.9804
298.079880768,100.0,99.9818,99.9805
298.11988075200003,100.0,99.9818,99.9805
298.159880736,100.0,99.9818,99.9805
298.19988071999995,100.0,99.9819,99.9805
298.239880704,100.0,99.9819,99.9805
298.279880688,100.0,99.9819,99.9805
298.319880672,100.0,99.9819,99.9805
298.359880656,100.0,99.982,99.9805
298.39988064,100.0,99.982,99.9805
298.439880624,100.0,99.982,99.9805
298.47988060800003,100.0,99.982,99.9805
298.519880592,100.0,99.982,99.9805
298.55988057599995,100.0,99.982,99.9805
298.59988056,100.0,99.9821,99.9806
298.639880544,100.0,99.9821,99.9806
298.679880528,100.0,99.9821,99.9806
298.719880512,100.0,99.9821,99.9806
298.759880496,100.0,99.9822,99.9806
298.79988048,100.0,99.9822,99.9807
298.83988046400003,100.0,99.9822,99.9807
298.879880448,100.0,99.9823,99.9806
298.919880432,100.0,99.9824,99.9807
298.95988041600003,100.0,99.9824,99.9807
298.9998804,100.0,99.9825,99.9807
299.03988038399996,100.0,99.9825,99.9807
299.079880368,100.0,99.9825,99.9807
299.119880352,100.0,99.9825,99.9807
299.159880336,100.0,99.9826,99.9807
299.19988032,100.0,99.9826,99.9807
299.239880304,100.0,99.9825,99.9807
299.279880288,100.0,99.9826,99.9807
299.31988027200003,100.0,99.9826,99.9807
299.359880256,100.0,99.9826,99.9807
299.39988023999996,100.0,99.9826,99.9807
299.439880224,100.0,99.9826,99.9807
299.479880208,100.0,99.9826,99.9807
299.51988019199996,100.0,99.9827,99.9807
299.559880176,100.0,99.9827,99.9807
299.59988016,100.0,99.9827,99.9807
299.639880144,100.0,99.9827,99.9807
299.67988012800004,100.0,99.9827,99.9807
299.719880112,100.0,99.9828,99.9807
299.759880096,100.0,99.9828,99.9807
299.79988008,100.0,99.9828,99.9807
299.839880064,100.0,99.9828,99.9807
299.87988004799996,100.0,99.9828,99.9807
299.919880032,100.0,99.9828,99.9807
299.959880016,100.0,99.9828,99.9807
299.99988,100.0,99.9829,99.9807
300.039879984,100.0,99.9829,99.9807
300.079879968,100.0,99.9829,99.9807
300.119879952,100.0,99.983,99.9807
300.15987993600004,100.0,99.983,99.9806
300.19987992,100.0,99.983,99.9807
300.23987990399996,100.0,99.983,99.9806
300.279879888,100.0,99.983,99.9807
300.319879872,100.0,99.983,99.9807
300.35987985599996,100.0,99.983,99.9807
300.39987984,100.0,99.9831,99.9807
300.439879824,100.0,99.9831,99.9806
300.479879808,100.0,99.9831,99.9806
300.519879792,100.0,99.9831,99.9807
300.559879776,100.0,99.9831,99.9807
300.59987976,100.0,99.9831,99.9807
300.639879744,100.0,99.9831,99.9807
300.679879728,100.0,99.983,99.9807
300.71987971199997,100.0,99.9831,99.9807
300.759879696,100.0,99.9831,99.9807
300.79987968,100.0,99.9831,99.9807
300.839879664,100.0,99.9831,99.9807
300.879879648,100.0,99.9831,99.9807
300.919879632,100.0,99.9831,99.9807
300.959879616,100.0,99.9831,99.9806
300.99987960000004,100.0,99.9831,99.9806
301.03987958399995,100.0,99.9831,99.9807
301.07987956799997,100.0,99.9831,99.9806
301.119879552,100.0,99.9831,99.9806
301.159879536,100.0,99.9831,99.9806
301.19987951999997,100.0,99.9831,99.9806
301.239879504,100.0,99.9831,99.9806
301.279879488,100.0,99.9831,99.9805
301.319879472,100.0,99.983,99.9805
301.359879456,100.0,99.983,99.9805
301.39987944,100.0,99.9829,99.9805
301.439879424,100.0,99.9829,99.9806
301.479879408,100.0,99.9829,99.9806
301.519879392,100.0,99.9829,99.9806
301.55987937599997,100.0,99.9828,99.9806
301.59987936,100.0,99.9828,99.9806
301.639879344,100.0,99.9828,99.9806
301.679879328,100.0,99.9828,99.9806
301.719879312,100.0,99.9828,99.9806
301.759879296,100.0,99.9827,99.9806
301.79987928,100.0,99.9827,99.9806
301.83987926400005,100.0,99.9827,99.9806
301.87987924799995,100.0,99.9827,99.9805
301.91987923199997,100.0,99.9827,99.9806
301.959879216,100.0,99.9827,99.9806
301.9998792,100.0,99.9827,99.9805
302.039879184,100.0,99.9827,99.9805
302.079879168,100.0,99.9826,99.9806
302.119879152,100.0,99.9826,99.9805
302.15987913600003,100.0,99.9825,99.9805
302.19987912,100.0,99.9825,99.9805
302.239879104,100.0,99.9825,99.9806
302.279879088,100.0,99.9825,99.9806
302.319879072,100.0,99.9825,99.9806
302.35987905599995,100.0,99.9825,99.9807
302.39987904,100.0,99.9825,99.9807
302.439879024,100.0,99.9825,99.9807
302.479879008,100.0,99.9825,99.9807
302.519878992,100.0,99.9824,99.9807
302.559878976,100.0,99.9825,99.9808
302.59987896,100.0,99.9824,99.9807
302.63987894400003,100.0,99.9824,99.9808
302.67987892800005,100.0,99.9823,99.9808
302.71987891199996,100.0,99.9823,99.9807
302.759878896,100.0,99.9823,99.9808
302.79987888,100.0,99.9823,99.9807
302.839878864,100.0,99.9823,99.9808
302.879878848,100.0,99.9823,99.9808
302.919878832,100.0,99.9823,99.9807
302.959878816,100.0,99.9823,99.9807
302.99987880000003,100.0,99.9823,99.9807
303.039878784,100.0,99.9823,99.9807
303.079878768,100.0,99.9822,99.9808
303.119878752,100.0,99.9822,99.9807
303.159878736,100.0,99.9822,99.9808
303.19987871999996,100.0,99.9822,99.9807
303.239878704,100.0,99.9822,99.9807
303.279878688,100.0,99.9822,99.9807
303.319878672,100.0,99.9822,99.9807
303.359878656,100.0,99.9822,99.9807
303.39987864,100.0,99.9822,99.9807
303.439878624,100.0,99.9822,99.9807
303.47987860800004,100.0,99.9822,99.9807
303.519878592,100.0,99.9822,99.9806
303.55987857599996,100.0,99.9822,99.9805
303.59987856,100.0,99.9821,99.9805
303.639878544,100.0,99.9821,99.9805
303.679878528,100.0,99.9821,99.9805
303.719878512,100.0,99.9821,99.9805
303.759878496,100.0,99.9821,99.9805
303.79987848,100.0,99.9821,99.9805
303.83987846400004,100.0,99.9821,99.9804
303.879878448,100.0,99.982,99.9804
303.919878432,100.0,99.982,99.9804
303.959878416,100.0,99.982,99.9803
303.9998784,100.0,99.982,99.9803
304.03987838399996,100.0,99.9819,99.9803
304.079878368,100.0,99.9819,99.9803
304.119878352,100.0,99.982,99.9803
304.159878336,100.0,99.9819,99.9802
304.19987832,100.0,99.9819,99.9803
304.239878304,100.0,99.9819,99.9802
304.279878288,100.0,99.9819,99.9803
304.31987827200004,100.0,99.9819,99.9803
304.35987825599994,100.0,99.9818,99.9802
304.39987823999996,100.0,99.9818,99.9803
304.439878224,100.0,99.9817,99.9802
304.479878208,100.0,99.9817,99.9802
304.51987819199996,100.0,99.9817,99.9802
304.559878176,100.0,99.9816,99.9802
304.59987816,100.0,99.9816,99.9802
304.639878144,100.0,99.9816,99.9801
304.67987812800004,100.0,99.9816,99.98
304.719878112,100.0,99.9816,99.98
304.75987809599997,100.0,99.9815,99.9798
304.79987808,100.0,99.9815,99.9798
304.839878064,100.0,99.9815,99.9798
304.87987804799997,100.0,99.9814,99.9798
304.919878032,100.0,99.9815,99.9797
304.959878016,100.0,99.9814,99.9796
304.999878,100.0,99.9813,99.9796
305.039877984,100.0,99.9813,99.9796
305.079877968,100.0,99.9812,99.9796
305.119877952,100.0,99.9812,99.9796
305.159877936,100.0,99.9811,99.9795
305.19987791999995,100.0,99.9811,99.9795
305.23987790399997,100.0,99.981,99.9795
305.279877888,100.0,99.981,99.9795
305.319877872,100.0,99.981,99.9795
305.35987785599997,100.0,99.9809,99.9794
305.39987784,100.0,99.9809,99.9794
305.439877824,100.0,99.9809,99.9794
305.479877808,100.0,99.9808,99.9793
305.519877792,100.0,99.9808,99.9793
305.559877776,100.0,99.9808,99.9792
305.59987775999997,100.0,99.9807,99.9791
305.639877744,100.0,99.9807,99.979
305.679877728,100.0,99.9807,99.979
305.71987771199997,100.0,99.9807,99.979
305.759877696,100.0,99.9806,99.9789
305.79987768,100.0,99.9806,99.9788
305.839877664,100.0,99.9806,99.9788
305.879877648,100.0,99.9806,99.9787
305.919877632,100.0,99.9805,99.9787
305.959877616,100.0,99.9805,99.9787
305.9998776,100.0,99.9805,99.9786
306.03987758399995,100.0,99.9804,99.9786
306.079877568,100.0,99.9803,99.9785
306.119877552,100.0,99.9804,99.9786
306.159877536,100.0,99.9803,99.9785
306.19987752,100.0,99.9803,99.9784
306.239877504,100.0,99.9803,99.9784
306.279877488,100.0,99.9803,99.9783
306.31987747200003,100.0,99.9802,99.9783
306.359877456,100.0,99.9802,99.9783
306.39987743999995,100.0,99.9802,99.9783
306.439877424,100.0,99.9802,99.9783
306.479877408,100.0,99.9801,99.9782
306.519877392,100.0,99.9801,99.9782
306.559877376,100.0,99.9801,99.9782
306.59987736,100.0,99.98,99.9782
306.639877344,100.0,99.98,99.9782
306.67987732800003,100.0,99.98,99.9782
306.719877312,100.0,99.9799,99.9782
306.759877296,100.0,99.9799,99.9783
306.79987728000003,100.0,99.9798,99.9782
306.839877264,100.0,99.9799,99.9783
306.87987724799996,100.0,99.9798,99.9782
306.919877232,100.0,99.9798,99.9782
306.959877216,100.0,99.9798,99.9782
306.9998772,100.0,99.9797,99.9782
307.039877184,100.0,99.9797,99.9782
307.079877168,100.0,99.9797,99.9782
307.119877152,100.0,99.9796,99.9782
307.15987713600003,100.0,99.9796,99.9782
307.19987712,100.0,99.9796,99.9781
307.23987710399996,100.0,99.9796,99.9781
307.279877088,100.0,99.9795,99.9781
307.319877072,100.0,99.9794,99.978
307.35987705599996,100.0,99.9794,99.9781
307.39987704,100.0,99.9794,99.978
307.439877024,100.0,99.9794,99.978
307.479877008,100.0,99.9794,99.978
307.51987699200004,100.0,99.9793,99.9779
307.559876976,100.0,99.9794,99.9779
307.59987696,100.0,99.9794,99.9778
307.639876944,100.0,99.9794,99.9779
307.679876928,100.0,99.9794,99.9779
307.71987691199996,100.0,99.9794,99.9779
307.759876896,100.0,99.9795,99.9779
307.79987688,100.0,99.9794,99.9778
307.839876864,100.0,99.9794,99.9778
307.879876848,100.0,99.9794,99.9779
307.919876832,100.0,99.9794,99.9779
307.959876816,100.0,99.9795,99.9779
307.99987680000004,100.0,99.9795,99.9779
308.039876784,100.0,99.9795,99.9779
308.07987676799996,100.0,99.9795,99.9779
308.119876752,100.0,99.9794,99.9779
308.159876736,100.0,99.9795,99.9779
308.19987671999996,100.0,99.9795,99.9779
308.239876704,100.0,99.9794,99.9779
308.279876688,100.0,99.9795,99.9778
308.319876672,100.0,99.9794,99.9778
308.359876656,100.0,99.9794,99.9778
308.39987664,100.0,99.9795,99.9778
308.439876624,100.0,99.9794,99.9778
308.479876608,100.0,99.9795,99.9778
308.519876592,100.0,99.9794,99.9778
308.55987657599997,100.0,99.9794,99.9778
308.59987656,100.0,99.9794,99.9778
308.639876544,100.0,99.9793,99.9778
308.679876528,100.0,99.9794,99.9778
308.719876512,100.0,99.9793,99.9778
308.759876496,100.0,99.9793,99.9778
308.79987648,100.0,99.9793,99.9778
308.83987646400004,100.0,99.9793,99.9778
308.87987644799995,100.0,99.9793,99.9778
308.91987643199997,100.0,99.9793,99.9778
308.959876416,100.0,99.9792,99.9778
308.9998764,100.0,99.9793,99.9778
309.03987638399997,100.0,99.9793,99.9777
309.079876368,100.0,99.9793,99.9778
309.119876352,100.0,99.9792,99.9778
309.159876336,100.0,99.9792,99.9778
309.19987632,100.0,99.9792,99.9777
309.239876304,100.0,99.9792,99.9777
309.279876288,100.0,99.9792,99.9777
309.319876272,100.0,99.9791,99.9777
309.35987625599995,100.0,99.9791,99.9777
309.39987623999997,100.0,99.9791,99.9777
309.439876224,100.0,99.9791,99.9777
309.479876208,100.0,99.9791,99.9777
309.519876192,100.0,99.9791,99.9777
309.559876176,100.0,99.979,99.9776
309.59987616,100.0,99.9791,99.9776
309.639876144,100.0,99.979,99.9776
309.67987612800005,100.0,99.9791,99.9776
309.71987611199995,100.0,99.979,99.9775
309.75987609599997,100.0,99.979,99.9775
309.79987608,100.0,99.979,99.9775
309.839876064,100.0,99.979,99.9774
309.87987604799997,100.0,99.979,99.9774
309.919876032,100.0,99.979,99.9774
309.959876016,100.0,99.979,99.9774
309.99987600000003,100.0,99.979,99.9774
310.039875984,100.0,99.979,99.9773
310.079875968,100.0,99.979,99.9773
310.119875952,100.0,99.979,99.9773
310.159875936,100.0,99.979,99.9773
310.19987591999995,100.0,99.979,99.9773
310.239875904,100.0,99.979,99.9772
310.279875888,100.0,99.979,99.9772
310.319875872,100.0,99.9791,99.9772
310.359875856,100.0,99.9791,99.9772
310.39987584,100.0,99.9791,99.9772
310.439875824,100.0,99.9791,99.9772
310.47987580800003,100.0,99.9791,99.9772
310.519875792,100.0,99.9792,99.9772
310.55987577599996,100.0,99.9791,99.9771
310.59987576,100.0,99.9792,99.9771
310.639875744,100.0,99.9792,99.9771
310.679875728,100.0,99.9792,99.9771
310.719875712,100.0,99.9792,99.9771
310.759875696,100.0,99.9792,99.977
310.79987568,100.0,99.9792,99.9771
310.83987566400003,100.0,99.9792,99.977
310.879875648,100.0,99.9792,99.977
310.919875632,100.0,99.9793,99.977
310.959875616,100.0,99.9792,99.977
310.9998756,100.0,99.9792,99.9771
311.03987558399996,100.0,99.9792,99.9771
311.079875568,100.0,99.9792,99.977
311.119875552,100.0,99.9793,99.977
311.159875536,100.0,99.9792,99.977
311.19987552,100.0,99.9793,99.977
311.239875504,100.0,99.9793,99.9771
311.279875488,100.0,99.9792,99.9771
311.31987547200004,100.0,99.9793,99.9771
311.35987545599994,100.0,99.9793,99.9771
311.39987543999996,100.0,99.9793,99.9771
311.439875424,100.0,99.9793,99.9771
311.479875408,100.0,99.9793,99.9771
311.519875392,100.0,99.9793,99.9771
311.559875376,100.0,99.9793,99.9771
311.59987536,100.0,99.9793,99.9772
311.639875344,100.0,99.9793,99.9772
311.67987532800004,100.0,99.9793,99.9771
311.719875312,100.0,99.9794,99.9772
311.759875296,100.0,99.9794,99.9772
311.79987528,100.0,99.9794,99.9772
311.839875264,100.0,99.9794,99.9772
311.87987524799996,100.0,99.9794,99.9772
311.919875232,100.0,99.9795,99.9773
311.959875216,100.0,99.9795,99.9772
311.9998752,100.0,99.9794,99.9773
312.039875184,100.0,99.9794,99.9773
312.079875168,100.0,99.9794,99.9772
312.119875152,100.0,99.9795,99.9773
312.15987513600004,100.0,99.9795,99.9773
312.19987511999994,100.0,99.9795,99.9773
312.23987510399996,100.0,99.9795,99.9774
312.279875088,100.0,99.9795,99.9773
312.319875072,100.0,99.9795,99.9774
312.35987505599996,100.0,99.9795,99.9774
312.39987504,100.0,99.9795,99.9774
312.439875024,100.0,99.9795,99.9775
312.479875008,100.0,99.9794,99.9774
312.51987499200004,100.0,99.9795,99.9774
312.559874976,100.0,99.9795,99.9774
312.59987495999997,100.0,99.9795,99.9774
312.639874944,100.0,99.9796,99.9775
312.679874928,100.0,99.9795,99.9775
312.71987491199997,100.0,99.9795,99.9775
312.759874896,100.0,99.9796,99.9775
312.79987488,100.0,99.9795,99.9775
312.839874864,100.0,99.9796,99.9775
312.879874848,100.0,99.9796,99.9775
312.919874832,100.0,99.9796,99.9776
312.959874816,100.0,99.9796,99.9776
312.99987480000004,100.0,99.9796,99.9776
313.03987478399995,100.0,99.9797,99.9776
313.07987476799997,100.0,99.9796,99.9776
313.119874752,100.0,99.9797,99.9776
313.159874736,100.0,99.9797,99.9776
313.19987471999997,100.0,99.9796,99.9776
313.239874704,100.0,99.9797,99.9777
313.279874688,100.0,99.9797,99.9776
313.319874672,100.0,99.9797,99.9776
313.359874656,100.0,99.9797,99.9777
313.39987464,100.0,99.9797,99.9777
313.43987462399997,100.0,99.9797,99.9777
313.479874608,100.0,99.9797,99.9777
313.519874592,100.0,99.9797,99.9777
313.55987457599997,100.0,99.9796,99.9777
313.59987456,100.0,99.9795,99.9777
313.639874544,100.0,99.9796,99.9777
313.679874528,100.0,99.9796,99.9777
313.719874512,100.0,99.9796,99.9777
313.759874496,100.0,99.9796,99.9777
313.79987448,100.0,99.9795,99.9777
313.839874464,100.0,99.9795,99.9778
313.87987444799995,100.0,99.9795,99.9778
313.919874432,100.0,99.9795,99.9778
313.959874416,100.0,99.9796,99.9778
313.9998744,100.0,99.9796,99.9778
314.039874384,100.0,99.9796,99.9779
314.079874368,100.0,99.9796,99.9778
314.119874352,100.0,99.9796,99.9778
314.15987433600003,100.0,99.9797,99.9778
314.19987432,100.0,99.9797,99.9778
314.239874304,100.0,99.9797,99.9778
314.279874288,100.0,99.9797,99.9778
314.319874272,100.0,99.9798,99.9778
314.35987425599996,100.0,99.9798,99.9778
314.39987424,100.0,99.9798,99.9778
314.439874224,100.0,99.9798,99.9779
314.479874208,100.0,99.9799,99.9779
314.51987419200003,100.0,99.9799,99.9779
314.559874176,100.0,99.9799,99.9779
314.59987416,100.0,99.9799,99.9779
314.63987414400003,100.0,99.98,99.9779
314.679874128,100.0,99.9801,99.9779
314.71987411199996,100.0,99.9801,99.9779
314.759874096,100.0,99.9802,99.9779
314.79987408,100.0,99.9802,99.9779
314.839874064,100.0,99.9802,99.9779
314.879874048,100.0,99.9802,99.9779
314.919874032,100.0,99.9802,99.9779
314.959874016,100.0,99.9803,99.9778
314.99987400000003,100.0,99.9803,99.9778
315.039873984,100.0,99.9804,99.9778
315.07987396799996,100.0,99.9803,99.9778
315.119873952,100.0,99.9803,99.9778
315.159873936,100.0,99.9804,99.9778
315.19987391999996,100.0,99.9804,99.9778
315.239873904,100.0,99.9804,99.9778
315.279873888,100.0,99.9804,99.9778
315.319873872,100.0,99.9804,99.9778
315.359873856,100.0,99.9805,99.9777
315.39987384,100.0,99.9805,99.9777
315.439873824,100.0,99.9806,99.9777
315.47987380800004,100.0,99.9806,99.9777
315.519873792,100.0,99.9806,99.9777
315.55987377599996,100.0,99.9807,99.9777
315.59987376,100.0,99.9807,99.9777
315.639873744,100.0,99.9807,99.9777
315.679873728,100.0,99.9808,99.9777
315.719873712,100.0,99.9807,99.9777
315.759873696,100.0,99.9808,99.9777
315.79987368,100.0,99.9808,99.9776
315.83987366400004,100.0,99.9808,99.9776
315.879873648,100.0,99.9809,99.9776
315.91987363199996,100.0,99.9809,99.9776
315.959873616,100.0,99.9809,99.9776
315.9998736,100.0,99.981,99.9776
316.03987358399996,100.0,99.981,99.9776
316.079873568,100.0,99.9811,99.9776
316.119873552,100.0,99.9811,99.9776
316.159873536,100.0,99.9811,99.9776
316.19987352,100.0,99.9811,99.9776
316.239873504,100.0,99.9811,99.9776
316.279873488,100.0,99.9811,99.9776
316.319873472,100.0,99.9811,99.9776
316.35987345599995,100.0,99.9812,99.9776
316.39987343999996,100.0,99.9812,99.9776
316.439873424,100.0,99.9813,99.9776
316.479873408,100.0,99.9813,99.9776
316.519873392,100.0,99.9813,99.9776
316.559873376,100.0,99.9814,99.9776
316.59987336,100.0,99.9814,99.9776
316.639873344,100.0,99.9814,99.9776
316.67987332800004,100.0,99.9814,99.9776
316.719873312,100.0,99.9814,99.9776
316.75987329599997,100.0,99.9814,99.9776
316.79987328,100.0,99.9815,99.9776
316.839873264,100.0,99.9815,99.9776
316.87987324799997,100.0,99.9815,99.9776
316.919873232,100.0,99.9815,99.9776
316.959873216,100.0,99.9816,99.9776
316.9998732,100.0,99.9816,99.9775
317.039873184,100.0,99.9817,99.9775
317.079873168,100.0,99.9818,99.9776
317.119873152,100.0,99.9817,99.9776
317.159873136,100.0,99.9817,99.9776
317.19987311999995,100.0,99.9817,99.9776
317.23987310399997,100.0,99.9817,99.9776
317.279873088,100.0,99.9818,99.9776
317.319873072,100.0,99.9818,99.9776
317.35987305599997,100.0,99.9818,99.9776
317.39987304,100.0,99.9818,99.9776
317.439873024,100.0,99.9818,99.9776
317.479873008,100.0,99.9818,99.9776
317.51987299200005,100.0,99.9817,99.9776
317.55987297599995,100.0,99.9818,99.9776
317.59987295999997,100.0,99.9818,99.9775
317.639872944,100.0,99.9817,99.9775
317.679872928,100.0,99.9818,99.9776
317.71987291199997,100.0,99.9818,99.9776
317.759872896,100.0,99.9818,99.9776
317.79987288,100.0,99.9818,99.9776
317.83987286400003,100.0,99.9817,99.9776
317.879872848,100.0,99.9818,99.9777
317.919872832,100.0,99.9817,99.9777
317.95987281600003,100.0,99.9817,99.9777
317.9998728,100.0,99.9818,99.9777
318.03987278399995,100.0,99.9818,99.9777
318.079872768,100.0,99.9818,99.9777
318.119872752,100.0,99.9818,99.9778
318.159872736,100.0,99.9818,99.9778
318.19987272,100.0,99.9819,99.9779
318.239872704,100.0,99.9819,99.9779
318.279872688,100.0,99.9819,99.9779
318.31987267200003,100.0,99.982,99.9779
318.359872656,100.0,99.982,99.9779
318.39987263999996,100.0,99.982,99.978
318.439872624,100.0,99.982,99.9779
318.479872608,100.0,99.9821,99.978
318.519872592,100.0,99.9821,99.978
318.559872576,100.0,99.9821,99.978
318.59987256,100.0,99.9821,99.9781
318.639872544,100.0,99.9821,99.978
318.67987252800003,100.0,99.9821,99.9781
318.719872512,100.0,99.9821,99.9781
318.759872496,100.0,99.9821,99.9781
318.79987248,100.0,99.9822,99.9781
318.839872464,100.0,99.9822,99.978
318.87987244799996,100.0,99.9822,99.9781
318.919872432,100.0,99.9822,99.9781
318.959872416,100.0,99.9822,99.9782
318.9998724,100.0,99.9823,99.9782
319.039872384,100.0,99.9823,99.9783
319.079872368,100.0,99.9823,99.9783
319.119872352,100.0,99.9823,99.9783
319.15987233600003,100.0,99.9822,99.9783
319.19987232,100.0,99.9822,99.9784
319.23987230399996,100.0,99.9822,99.9784
319.279872288,100.0,99.9822,99.9784
319.319872272,100.0,99.9822,99.9784
319.35987225599996,100.0,99.9821,99.9784
319.39987224,100.0,99.9821,99.9784
319.439872224,100.0,99.9822,99.9784
319.479872208,100.0,99.9822,99.9784
319.51987219200004,100.0,99.9822,99.9784
319.559872176,100.0,99.9822,99.9784
319.59987216,100.0,99.9822,99.9784
319.639872144,100.0,99.9822,99.9784
319.679872128,100.0,99.9822,99.9784
319.71987211199996,100.0,99.9822,99.9785
319.759872096,100.0,99.9823,99.9785
319.79987208,100.0,99.9823,99.9786
319.839872064,100.0,99.9823,99.9786
319.879872048,100.0,99.9823,99.9785
319.919872032,100.0,99.9823,99.9786
319.959872016,100.0,99.9823,99.9786
319.99987200000004,100.0,99.9824,99.9787
320.03987198399994,100.0,99.9824,99.9787
320.07987196799996,100.0,99.9824,99.9787
320.119871952,100.0,99.9824,99.9788
320.159871936,100.0,99.9824,99.9789
320.19987191999996,100.0,99.9823,99.9789
320.239871904,100.0,99.9823,99.9789
320.279871888,100.0,99.9823,99.9789
320.319871872,100.0,99.9823,99.979
320.359871856,100.0,99.9823,99.9791
320.39987184,100.0,99.9823,99.9791
320.439871824,100.0,99.9823,99.9791
320.479871808,100.0,99.9823,99.9791
320.519871792,100.0,99.9822,99.9792
320.55987177599997,100.0,99.9822,99.9792
320.59987176,100.0,99.9822,99.9792
320.639871744,100.0,99.9822,99.9792
320.679871728,100.0,99.9822,99.9793
320.719871712,100.0,99.9822,99.9793
320.759871696,100.0,99.9823,99.9793
320.79987168,100.0,99.9822,99.9793
320.83987166400004,100.0,99.9822,99.9794
320.87987164799995,100.0,99.9822,99.9794
320.91987163199997,100.0,99.9822,99.9793
320.959871616,100.0,99.9821,99.9793
320.9998716,100.0,99.9821,99.9793
321.03987158399997,100.0,99.9821,99.9793
321.079871568,100.0,99.9821,99.9793
321.119871552,100.0,99.9821,99.9793
321.159871536,100.0,99.9821,99.9794
321.19987152,100.0,99.9821,99.9794
321.239871504,100.0,99.9821,99.9794
321.27987148799997,100.0,99.9821,99.9794
321.319871472,100.0,99.982,99.9793
321.35987145599995,100.0,99.982,99.9793
321.39987143999997,100.0,99.982,99.9793
321.439871424,100.0,99.982,99.9793
321.479871408,100.0,99.982,99.9793
321.519871392,100.0,99.9819,99.9793
321.559871376,100.0,99.9819,99.9794
321.59987136,100.0,99.9819,99.9793
321.639871344,100.0,99.9819,99.9794
321.67987132800005,100.0,99.9819,99.9793
321.71987131199995,100.0,99.9819,99.9793
321.759871296,100.0,99.9819,99.9793
321.79987128,100.0,99.9819,99.9793
321.839871264,100.0,99.9819,99.9793
321.879871248,100.0,99.9819,99.9793
321.919871232,100.0,99.9819,99.9793
321.959871216,100.0,99.9819,99.9794
321.99987120000003,100.0,99.9819,99.9794
322.039871184,100.0,99.9819,99.9795
322.079871168,100.0,99.982,99.9795
322.119871152,100.0,99.9819,99.9795
322.159871136,100.0,99.982,99.9795
322.19987111999995,100.0,99.982,99.9795
322.239871104,100.0,99.982,99.9795
322.279871088,100.0,99.982,99.9795
322.319871072,100.0,99.982,99.9795
322.359871056,100.0,99.9821,99.9796
322.39987104,100.0,99.9821,99.9796
322.439871024,100.0,99.9821,99.9796
322.47987100800003,100.0,99.9821,99.9796
322.519870992,100.0,99.9821,99.9797
322.55987097599996,100.0,99.9822,99.9797
322.59987096,100.0,99.9822,99.9798
322.639870944,100.0,99.9822,99.9798
322.679870928,100.0,99.9822,99.9798
322.719870912,100.0,99.9822,99.9798
322.759870896,100.0,99.9822,99.9799
322.79987088,100.0,99.9822,99.9799
322.83987086400003,100.0,99.9822,99.9799
322.879870848,100.0,99.9822,99.98
322.919870832,100.0,99.9822,99.98
322.959870816,100.0,99.9822,99.98
322.9998708,100.0,99.9822,99.9801
323.03987078399996,100.0,99.9822,99.9801
323.079870768,100.0,99.9822,99.9801
323.119870752,100.0,99.9822,99.9801
323.159870736,100.0,99.9822,99.9801
323.19987072,100.0,99.9823,99.9802
323.239870704,100.0,99.9823,99.9802
323.279870688,100.0,99.9823,99.9802
323.31987067200004,100.0,99.9823,99.9802
323.359870656,100.0,99.9823,99.9802
323.39987063999996,100.0,99.9823,99.9802
323.439870624,100.0,99.9823,99.9802
323.479870608,100.0,99.9823,99.9802
323.519870592,100.0,99.9823,99.9802
323.559870576,100.0,99.9823,99.9802
323.59987056,100.0,99.9823,99.9801
323.639870544,100.0,99.9823,99.9801
323.67987052800004,100.0,99.9823,99.9801
323.719870512,100.0,99.9823,99.9801
323.75987049599996,100.0,99.9823,99.9801
323.79987048,100.0,99.9823,99.9801
323.839870464,100.0,99.9823,99.9801
323.87987044799996,100.0,99.9823,99.9801
323.919870432,100.0,99.9823,99.9802
323.959870416,100.0,99.9823,99.9801
323.9998704,100.0,99.9823,99.9801
324.039870384,100.0,99.9823,99.9801
324.079870368,100.0,99.9823,99.9801
324.119870352,100.0,99.9823,99.9802
324.15987033600004,100.0,99.9823,99.9802
324.19987031999995,100.0,99.9823,99.9802
324.23987030399996,100.0,99.9822,99.9802
324.279870288,100.0,99.9821,99.9802
324.319870272,100.0,99.9821,99.9802
324.359870256,100.0,99.9821,99.9802
324.39987024,100.0,99.982,99.9802
324.439870224,100.0,99.982,99.9802
324.479870208,100.0,99.982,99.9802
324.51987019200004,100.0,99.982,99.9802
324.559870176,100.0,99.982,99.9803
324.59987015999997,100.0,99.982,99.9803
324.639870144,100.0,99.982,99.9803
324.679870128,100.0,99.9819,99.9803
324.71987011199997,100.0,99.9819,99.9802
324.759870096,100.0,99.9819,99.9802
324.79987008,100.0,99.9818,99.9802
324.839870064,100.0,99.9817,99.9802
324.879870048,100.0,99.9817,99.9802
324.919870032,100.0,99.9817,99.9803
324.959870016,100.0,99.9817,99.9803
324.99987,100.0,99.9817,99.9803
325.03986998399995,100.0,99.9818,99.9803
325.07986996799997,100.0,99.9817,99.9803
325.119869952,100.0,99.9816,99.9803
325.159869936,100.0,99.9816,99.9803
325.19986991999997,100.0,99.9815,99.9803
325.239869904,100.0,99.9814,99.9802
325.279869888,100.0,99.9814,99.9802
325.319869872,100.0,99.9814,99.9802
325.359869856,100.0,99.9813,99.9802
325.39986984,100.0,99.9813,99.9802
325.43986982399997,100.0,99.9813,99.9802
325.479869808,100.0,99.9812,99.9802
325.519869792,100.0,99.9812,99.9802
325.55986977599997,100.0,99.9811,99.9802
325.59986976,100.0,99.9811,99.9802
325.639869744,100.0,99.9811,99.9802
325.679869728,100.0,99.9811,99.9801
325.719869712,100.0,99.981,99.9801
325.759869696,100.0,99.981,99.9801
325.79986968000003,100.0,99.981,99.9801
325.839869664,100.0,99.9809,99.98
325.87986964799995,100.0,99.9809,99.98
325.919869632,100.0,99.9808,99.98
325.959869616,100.0,99.9808,99.98
325.9998696,100.0,99.9808,99.9799
326.039869584,100.0,99.9807,99.9799
326.079869568,100.0,99.9807,99.9799
326.119869552,100.0,99.9806,99.9798
326.15986953600003,100.0,99.9806,99.9798
326.19986952,100.0,99.9806,99.9798
326.23986950399996,100.0,99.9806,99.9797
326.279869488,100.0,99.9805,99.9797
326.319869472,100.0,99.9805,99.9796
326.359869456,100.0,99.9805,99.9796
326.39986944,100.0,99.9804,99.9796
326.439869424,100.0,99.9804,99.9796
326.479869408,100.0,99.9803,99.9795
326.51986939200003,100.0,99.9803,99.9795
326.559869376,100.0,99.9803,99.9794
326.59986936,100.0,99.9803,99.9794
326.63986934400003,100.0,99.9802,99.9794
326.679869328,100.0,99.9802,99.9794
326.71986931199996,100.0,99.9802,99.9794
326.759869296,100.0,99.9802,99.9793
326.79986928,100.0,99.9802,99.9794
326.839869264,100.0,99.9802,99.9793
326.879869248,100.0,99.9801,99.9793
326.919869232,100.0,99.9801,99.9793
326.959869216,100.0,99.9801,99.9793
326.99986920000003,100.0,99.9802,99.9793
327.039869184,100.0,99.9801,99.9792
327.07986916799996,100.0,99.9802,99.9792
327.119869152,100.0,99.9801,99.9792
327.159869136,100.0,99.9801,99.9792
327.19986911999996,100.0,99.9801,99.9792
327.239869104,100.0,99.9801,99.9792
327.279869088,100.0,99.9802,99.9792
327.319869072,100.0,99.9802,99.9791
327.359869056,100.0,99.9801,99.9791
327.39986904,100.0,99.9802,99.9791
327.439869024,100.0,99.9802,99.979
327.479869008,100.0,99.9802,99.979
327.519868992,100.0,99.9803,99.979
327.55986897599996,100.0,99.9803,99.979
327.59986896,100.0,99.9803,99.979
327.639868944,100.0,99.9803,99.979
