t_ms,target_um,current_um,error_um
0.0,99.0,99.0015,0.0015
0.039999984,99.0,99.0015,0.0015
0.079999968,99.0,99.0016,0.0016
0.119999952,99.0,99.0015,0.0015
0.159999936,99.0,99.0015,0.0015
0.19999992,99.0,99.0015,0.0015
0.239999904,99.0,99.0015,0.0015
0.279999888,99.0,99.0015,0.0015
0.319999872,99.0,99.0014,0.0015
0.359999856,99.0,99.0015,0.0015
0.39999984,99.0,99.0015,0.0015
0.43999982400000004,99.0,99.0014,0.0014
0.479999808,99.0,99.0014,0.0014
0.519999792,99.0,99.0015,0.0015
0.559999776,99.0,99.0015,0.0015
0.59999976,99.0,99.0015,0.0015
0.639999744,99.0,99.0015,0.0015
0.679999728,99.0,99.0016,0.0016
0.719999712,99.0,99.0016,0.0016
0.759999696,99.0,99.0016,0.0016
0.79999968,99.0,99.0016,0.0016
0.8399996639999999,99.0,99.0015,0.0015
0.8799996480000001,99.0,99.0016,0.0016
0.919999632,99.0,99.0015,0.0015
0.959999616,99.0,99.0015,0.0015
0.9999995999999999,99.0,99.0015,0.0015
1.039999584,99.0,99.0015,0.0015
1.079999568,99.0,99.0015,0.0015
1.119999552,99.0,99.0015,0.0015
1.159999536,99.0,99.0015,0.0015
1.19999952,99.0,99.0015,0.0015
1.239999504,99.0,99.0015,0.0015
1.279999488,99.0,99.0015,0.0015
1.319999472,99.0,99.0015,0.0015
1.359999456,99.0,99.0015,0.0015
1.39999944,99.0,99.0015,0.0015
1.439999424,99.0,99.0015,0.0015
1.4799994079999998,99.0,99.0015,0.0015
1.519999392,99.0,99.0015,0.0015
1.5599993760000002,99.0,99.0015,0.0015
1.59999936,99.0,99.0015,0.0015
1.639999344,99.0,99.0014,0.0014
1.6799993279999998,99.0,99.0014,0.0014
1.719999312,99.0,99.0014,0.0014
1.7599992960000002,99.0,99.0014,0.0014
1.79999928,99.0,99.0014,0.0014
1.839999264,99.0,99.0014,0.0014
1.8799992479999998,99.0,99.0013,0.0013
1.919999232,99.0,99.0013,0.0013
1.959999216,99.0,99.0013,0.0013
1.9999991999999998,101.0,99.0013,-1.9986
2.039999184,101.0,99.0012,-1.9987
2.079999168,101.0,99.0012,-1.9987
2.1199991519999997,101.0,99.0012,-1.9987
2.159999136,101.0,99.0012,-1.9987
2.19999912,101.0,99.0012,-1.9987
2.239999104,101.0,99.0012,-1.9987
2.2799990880000003,101.0,99.0012,-1.9987
2.319999072,101.0,99.0011,-1.9988
2.359999056,101.0,99.0012,-1.9987
2.39999904,101.0,99.0012,-1.9987
2.439999024,101.0,99.0012,-1.9987
2.479999008,101.0,99.0012,-1.9987
2.5199989919999997,101.0,99.0012,-1.9987
2.559998976,101.0,99.0012,-1.9987
2.59999896,101.0,99.0013,-1.9986
2.639998944,101.0,99.0013,-1.9986
2.679998928,101.0,99.0013,-1.9985
2.719998912,101.0,99.0014,-1.9985
2.759998896,101.0,99.0015,-1.9984
2.79999888,101.0,99.0016,-1.9983
2.839998864,101.0,99.0016,-1.9982
2.879998848,101.0,99.0018,-1.9981
2.9199988319999997,101.0,99.0019,-1.998
2.9599988159999997,101.0,99.002,-1.9979
2.9999988,101.0,99.0022,-1.9977
3.039998784,101.0,99.0023,-1.9976
3.079998768,101.0,99.0025,-1.9974
3.1199987520000003,101.0,99.0027,-1.9972
3.159998736,101.0,99.0029,-1.997
3.19999872,101.0,99.0031,-1.9968
3.239998704,101.0,99.0033,-1.9966
3.279998688,101.0,99.0036,-1.9963
3.319998672,101.0,99.0039,-1.996
3.3599986559999997,101.0,99.0042,-1.9957
3.39999864,101.0,99.0046,-1.9953
3.439998624,101.0,99.0049,-1.995
3.479998608,101.0,99.0053,-1.9946
3.5199985920000003,101.0,99.0057,-1.9942
3.559998576,101.0,99.0062,-1.9937
3.59999856,101.0,99.0067,-1.9932
3.6399985439999996,101.0,99.0072,-1.9927
3.679998528,101.0,99.0077,-1.9921
3.719998512,101.0,99.0083,-1.9916
3.7599984959999997,101.0,99.0089,-1.991
3.79999848,101.0,99.0096,-1.9903
3.839998464,101.0,99.0102,-1.9897
3.879998448,101.0,99.0108,-1.9891
3.919998432,101.0,99.0116,-1.9883
3.9599984160000004,101.0,99.0123,-1.9875
3.9999983999999995,101.0,99.0132,-1.9867
4.0399983839999996,101.0,99.0141,-1.9858
4.079998368,101.0,99.015,-1.9849
4.119998352,101.0,99.0159,-1.984
4.159998336,101.0,99.0169,-1.983
4.19999832,101.0,99.0179,-1.982
4.239998303999999,101.0,99.0189,-1.981
4.279998288,101.0,99.02,-1.9799
4.319998272,101.0,99.0211,-1.9788
4.359998256,101.0,99.0222,-1.9777
4.39999824,101.0,99.0234,-1.9765
4.439998224,101.0,99.0247,-1.9752
4.479998208,101.0,99.026,-1.9739
4.519998192,101.0,99.0273,-1.9726
4.559998176000001,101.0,99.0287,-1.9712
4.59999816,101.0,99.0302,-1.9697
4.639998144,101.0,99.0317,-1.9682
4.679998127999999,101.0,99.0332,-1.9666
4.719998112,101.0,99.0348,-1.9651
4.759998096,101.0,99.0365,-1.9634
4.79999808,101.0,99.0382,-1.9617
4.8399980639999995,101.0,99.04,-1.9599
4.879998048,101.0,99.0418,-1.9581
4.919998032,101.0,99.0436,-1.9563
4.959998016,101.0,99.0455,-1.9544
4.999998000000001,101.0,99.0474,-1.9524
5.039997983999999,101.0,99.0494,-1.9505
5.079997968,101.0,99.0515,-1.9484
5.119997952,101.0,99.0536,-1.9463
5.159997936,101.0,99.0557,-1.9442
5.19999792,101.0,99.0579,-1.9419
5.239997904,101.0,99.0602,-1.9397
5.279997888,101.0,99.0625,-1.9374
5.319997872,101.0,99.0648,-1.935
5.359997856,101.0,99.0673,-1.9326
5.39999784,101.0,99.0697,-1.9301
5.439997824,101.0,99.0723,-1.9276
5.479997807999999,101.0,99.0749,-1.925
5.519997792,101.0,99.0775,-1.9224
5.559997776,101.0,99.0802,-1.9197
5.59999776,101.0,99.083,-1.9169
5.6399977439999995,101.0,99.0858,-1.9141
5.679997728,101.0,99.0887,-1.9112
5.719997712,101.0,99.0916,-1.9083
5.759997696,101.0,99.0946,-1.9053
5.799997680000001,101.0,99.0976,-1.9023
5.839997663999999,101.0,99.1006,-1.8992
5.879997648,101.0,99.1038,-1.8961
5.919997631999999,101.0,99.1069,-1.893
5.959997616,101.0,99.1102,-1.8897
5.9999976,101.0,99.1134,-1.8865
6.039997584,101.0,99.1168,-1.8831
6.079997568,101.0,99.1202,-1.8797
6.119997552,101.0,99.1236,-1.8763
6.159997536,101.0,99.127,-1.8729
6.19999752,101.0,99.1305,-1.8694
6.239997504000001,101.0,99.1341,-1.8658
6.279997487999999,101.0,99.1377,-1.8622
6.319997472,101.0,99.1413,-1.8586
6.359997456,101.0,99.145,-1.8549
6.39999744,101.0,99.1487,-1.8511
6.439997424,101.0,99.1525,-1.8473
6.479997408,101.0,99.1564,-1.8435
6.519997392,101.0,99.1603,-1.8396
6.559997376,101.0,99.1642,-1.8357
6.59999736,101.0,99.1682,-1.8317
6.639997344,101.0,99.1722,-1.8277
6.679997328,101.0,99.1763,-1.8236
6.719997311999999,101.0,99.1804,-1.8195
6.759997296,101.0,99.1845,-1.8153
6.79999728,101.0,99.1888,-1.8111
6.839997264,101.0,99.193,-1.8069
6.879997248,101.0,99.1973,-1.8026
6.919997232,101.0,99.2017,-1.7982
6.959997216,101.0,99.2061,-1.7938
6.9999972,101.0,99.2105,-1.7894
7.039997184000001,101.0,99.2149,-1.785
7.079997167999999,101.0,99.2194,-1.7805
7.119997152,101.0,99.224,-1.7759
7.159997135999999,101.0,99.2286,-1.7713
7.19999712,101.0,99.2332,-1.7667
7.239997104,101.0,99.2378,-1.762
7.279997087999999,101.0,99.2425,-1.7574
7.319997072,101.0,99.2473,-1.7526
7.359997056,101.0,99.2521,-1.7478
7.39999704,101.0,99.2569,-1.743
7.439997024,101.0,99.2618,-1.7381
7.479997008,101.0,99.2667,-1.7332
7.519996991999999,101.0,99.2716,-1.7283
7.559996976,101.0,99.2766,-1.7233
7.59999696,101.0,99.2817,-1.7182
7.639996944,101.0,99.2867,-1.7132
7.679996928,101.0,99.2918,-1.7081
7.719996912,101.0,99.2969,-1.703
7.759996896,101.0,99.302,-1.6978
7.79999688,101.0,99.3072,-1.6927
7.839996864,101.0,99.3124,-1.6875
7.879996848,101.0,99.3176,-1.6823
7.919996832000001,101.0,99.3229,-1.677
7.959996816,101.0,99.3282,-1.6717
7.999996799999999,101.0,99.3335,-1.6664
8.039996784,101.0,99.3389,-1.661
8.079996767999999,101.0,99.3443,-1.6556
8.119996751999999,101.0,99.3497,-1.6502
8.159996736,101.0,99.3551,-1.6448
8.19999672,101.0,99.3606,-1.6393
8.239996704,101.0,99.3661,-1.6338
8.279996688,101.0,99.3717,-1.6282
8.319996672,101.0,99.3772,-1.6227
8.359996656,101.0,99.3828,-1.6171
8.39999664,101.0,99.3884,-1.6115
8.439996623999999,101.0,99.3941,-1.6058
8.479996607999999,101.0,99.3997,-1.6002
8.519996592,101.0,99.4054,-1.5945
8.559996576,101.0,99.4111,-1.5888
8.59999656,101.0,99.4168,-1.5831
8.639996544,101.0,99.4226,-1.5773
8.679996528,101.0,99.4283,-1.5715
8.719996512,101.0,99.4341,-1.5658
8.759996496000001,101.0,99.4399,-1.56
8.79999648,101.0,99.4457,-1.5542
8.839996463999999,101.0,99.4516,-1.5483
8.879996448,101.0,99.4574,-1.5425
8.919996432,101.0,99.4633,-1.5366
8.959996416,101.0,99.4692,-1.5307
8.9999964,101.0,99.4751,-1.5248
9.039996384,101.0,99.481,-1.5188
9.079996368,101.0,99.487,-1.5129
9.119996352000001,101.0,99.4929,-1.507
9.159996336,101.0,99.4988,-1.5011
9.19999632,101.0,99.5048,-1.4951
9.239996304,101.0,99.5107,-1.4892
9.279996288,101.0,99.5166,-1.4832
9.319996272,101.0,99.5227,-1.4772
9.359996255999999,101.0,99.5286,-1.4713
9.39999624,101.0,99.5346,-1.4653
9.439996224,101.0,99.5405,-1.4594
9.479996208,101.0,99.5465,-1.4534
9.519996192,101.0,99.5525,-1.4474
9.559996176,101.0,99.5585,-1.4414
9.59999616,101.0,99.5644,-1.4355
9.639996144,101.0,99.5704,-1.4295
9.679996127999999,101.0,99.5764,-1.4235
9.719996111999999,101.0,99.5823,-1.4176
9.759996096,101.0,99.5883,-1.4116
9.79999608,101.0,99.5943,-1.4056
9.839996064,101.0,99.6002,-1.3997
9.879996048,101.0,99.6062,-1.3937
9.919996032,101.0,99.6121,-1.3878
9.959996016,101.0,99.618,-1.3819
9.999996000000001,101.0,99.6239,-1.376
10.039995983999999,101.0,99.6298,-1.3701
10.079995967999999,101.0,99.6356,-1.3642
10.119995952,101.0,99.6415,-1.3584
10.159995936,101.0,99.6473,-1.3526
10.19999592,101.0,99.6532,-1.3467
10.239995904,101.0,99.659,-1.3409
10.279995888,101.0,99.6648,-1.3351
10.319995872,101.0,99.6706,-1.3293
10.359995856000001,101.0,99.6764,-1.3235
10.39999584,101.0,99.6821,-1.3178
10.439995824,101.0,99.6879,-1.312
10.479995808,101.0,99.6937,-1.3062
10.519995792,101.0,99.6994,-1.3005
10.559995776,101.0,99.7051,-1.2948
10.599995759999999,101.0,99.7108,-1.2891
10.639995744,101.0,99.7165,-1.2834
10.679995728,101.0,99.7222,-1.2777
10.719995712,101.0,99.7278,-1.2721
10.759995696,101.0,99.7334,-1.2665
10.79999568,101.0,99.739,-1.2609
10.839995664,101.0,99.7446,-1.2553
10.879995648,101.0,99.7502,-1.2497
10.919995632,101.0,99.7557,-1.2442
10.959995615999999,101.0,99.7612,-1.2387
10.9999956,101.0,99.7667,-1.2332
11.039995584,101.0,99.7722,-1.2277
11.079995568,101.0,99.7776,-1.2223
11.119995552,101.0,99.783,-1.2169
11.159995536,101.0,99.7884,-1.2115
11.19999552,101.0,99.7938,-1.2061
11.239995504000001,101.0,99.7991,-1.2007
11.279995487999999,101.0,99.8045,-1.1954
11.319995471999999,101.0,99.8098,-1.19
11.359995456,101.0,99.8152,-1.1847
11.39999544,101.0,99.8205,-1.1794
11.439995424,101.0,99.8257,-1.1742
11.479995408,101.0,99.8309,-1.169
11.519995392,101.0,99.8362,-1.1637
11.559995376,101.0,99.8414,-1.1585
11.599995360000001,101.0,99.8466,-1.1533
11.639995344,101.0,99.8517,-1.1482
11.679995327999999,101.0,99.8568,-1.143
11.719995312,101.0,99.862,-1.1379
11.759995296,101.0,99.8671,-1.1328
11.79999528,101.0,99.8721,-1.1278
11.839995263999999,101.0,99.8772,-1.1227
11.879995248,101.0,99.8822,-1.1177
11.919995232,101.0,99.8872,-1.1127
11.959995216,101.0,99.8922,-1.1077
11.9999952,101.0,99.8972,-1.1027
12.039995184,101.0,99.9021,-1.0978
12.079995168,101.0,99.907,-1.0929
12.119995152,101.0,99.9119,-1.088
12.159995136,101.0,99.9168,-1.0831
12.199995119999999,101.0,99.9217,-1.0782
12.239995104,101.0,99.9265,-1.0734
12.279995088,101.0,99.9313,-1.0686
12.319995072,101.0,99.9361,-1.0637
12.359995056,101.0,99.941,-1.0589
12.39999504,101.0,99.9457,-1.0541
12.439995024,101.0,99.9505,-1.0494
12.479995008000001,101.0,99.9552,-1.0446
12.519994991999999,101.0,99.96,-1.0399
12.559994975999999,101.0,99.9647,-1.0352
12.59999496,101.0,99.9694,-1.0305
12.639994944,101.0,99.9741,-1.0258
12.679994928,101.0,99.9787,-1.0212
12.719994912,101.0,99.9834,-1.0165
12.759994896,101.0,99.988,-1.0119
12.79999488,101.0,99.9926,-1.0073
12.839994864000001,101.0,99.9972,-1.0027
12.879994848,101.0,100.0018,-0.9981
12.919994831999999,101.0,100.0064,-0.9935
12.959994816,101.0,100.0109,-0.9889
12.9999948,101.0,100.0155,-0.9844
13.039994784,101.0,100.02,-0.9799
13.079994767999999,101.0,100.0246,-0.9753
13.119994752,101.0,100.0291,-0.9708
13.159994736,101.0,100.0336,-0.9663
13.19999472,101.0,100.038,-0.9618
13.239994704,101.0,100.0425,-0.9574
13.279994688,101.0,100.0469,-0.953
13.319994671999998,101.0,100.0513,-0.9485
13.359994656,101.0,100.0558,-0.9441
13.39999464,101.0,100.0602,-0.9397
13.439994623999999,101.0,100.0645,-0.9353
13.479994608,101.0,100.0689,-0.931
13.519994592,101.0,100.0733,-0.9266
13.559994576,101.0,100.0776,-0.9223
13.59999456,101.0,100.0819,-0.918
13.639994544,101.0,100.0862,-0.9137
13.679994528,101.0,100.0905,-0.9094
13.719994512000001,101.0,100.0947,-0.9052
13.759994496,101.0,100.099,-0.9009
13.799994479999999,101.0,100.1032,-0.8967
13.839994464,101.0,100.1074,-0.8925
13.879994448,101.0,100.1117,-0.8882
13.919994432,101.0,100.1158,-0.8841
13.959994416,101.0,100.12,-0.8798
13.9999944,101.0,100.1242,-0.8757
14.039994384,101.0,100.1283,-0.8716
14.079994368000001,101.0,100.1324,-0.8675
14.119994352,101.0,100.1366,-0.8633
14.159994335999999,101.0,100.1406,-0.8592
14.19999432,101.0,100.1447,-0.8552
14.239994304,101.0,100.1487,-0.8512
14.279994288,101.0,100.1527,-0.8472
14.319994271999999,101.0,100.1567,-0.8432
14.359994256,101.0,100.1607,-0.8392
14.39999424,101.0,100.1646,-0.8353
14.439994224,101.0,100.1686,-0.8313
14.479994208,101.0,100.1725,-0.8274
14.519994192,101.0,100.1763,-0.8236
14.559994175999998,101.0,100.1803,-0.8196
14.59999416,101.0,100.1841,-0.8158
14.639994144,101.0,100.188,-0.8119
14.679994127999999,101.0,100.1918,-0.8081
14.719994112,101.0,100.1956,-0.8043
14.759994096,101.0,100.1994,-0.8005
14.79999408,101.0,100.2032,-0.7967
14.839994064,101.0,100.207,-0.7929
14.879994048,101.0,100.2107,-0.7892
14.919994032,101.0,100.2144,-0.7855
14.959994016,101.0,100.2181,-0.7818
14.999994,101.0,100.2218,-0.7781
15.039993983999999,101.0,100.2255,-0.7744
15.079993968,101.0,100.2291,-0.7708
15.119993952,101.0,100.2328,-0.7671
15.159993936,101.0,100.2364,-0.7635
15.19999392,101.0,100.24,-0.7599
15.239993904,101.0,100.2435,-0.7564
15.279993888,101.0,100.2471,-0.7528
15.319993872000001,101.0,100.2506,-0.7493
15.359993856,101.0,100.2542,-0.7457
15.399993839999999,101.0,100.2576,-0.7422
15.439993824,101.0,100.2611,-0.7388
15.479993808,101.0,100.2645,-0.7354
15.519993792,101.0,100.2679,-0.732
15.559993775999999,101.0,100.2713,-0.7285
15.59999376,101.0,100.2748,-0.7251
15.639993743999998,101.0,100.2781,-0.7218
15.679993728,101.0,100.2815,-0.7184
15.719993711999999,101.0,100.2847,-0.7152
15.759993696,101.0,100.288,-0.7119
15.799993679999998,101.0,100.2914,-0.7085
15.839993664000001,101.0,100.2947,-0.7052
15.879993648,101.0,100.2979,-0.702
15.919993632,101.0,100.3012,-0.6987
15.959993616,101.0,100.3044,-0.6955
15.999993599999998,101.0,100.3076,-0.6923
16.039993584,101.0,100.3108,-0.6891
16.079993568,101.0,100.3139,-0.686
16.119993552,101.0,100.317,-0.6828
16.159993535999998,101.0,100.3202,-0.6797
16.19999352,101.0,100.3233,-0.6766
16.239993503999997,101.0,100.3264,-0.6735
16.279993488000002,101.0,100.3295,-0.6704
16.319993472,101.0,100.3325,-0.6674
16.359993456,101.0,100.3356,-0.6643
16.39999344,101.0,100.3386,-0.6613
16.439993423999997,101.0,100.3417,-0.6582
16.479993408,101.0,100.3447,-0.6552
16.519993392,101.0,100.3477,-0.6521
16.559993376,101.0,100.3507,-0.6492
16.59999336,101.0,100.3537,-0.6462
16.639993344,101.0,100.3566,-0.6433
16.679993328,101.0,100.3596,-0.6403
16.719993312,101.0,100.3625,-0.6374
16.759993296,101.0,100.3654,-0.6344
16.79999328,101.0,100.3683,-0.6315
16.839993264,101.0,100.3713,-0.6286
16.879993247999998,101.0,100.3742,-0.6257
16.919993232,101.0,100.3771,-0.6228
16.959993215999997,101.0,100.3799,-0.62
16.999993200000002,101.0,100.3827,-0.6172
17.039993184,101.0,100.3856,-0.6143
17.079993168,101.0,100.3884,-0.6115
17.119993152,101.0,100.3912,-0.6087
17.159993136,101.0,100.394,-0.6059
17.19999312,101.0,100.3968,-0.6031
17.239993104,101.0,100.3996,-0.6003
17.279993088,101.0,100.4023,-0.5975
17.319993072,101.0,100.4051,-0.5948
17.359993056,101.0,100.4078,-0.5921
17.39999304,101.0,100.4106,-0.5893
17.439993024,101.0,100.4134,-0.5865
17.479993007999997,101.0,100.4161,-0.5838
17.519992992000002,101.0,100.4188,-0.5811
17.559992976,101.0,100.4216,-0.5783
17.59999296,101.0,100.4244,-0.5755
17.639992944,101.0,100.4271,-0.5728
17.679992927999997,101.0,100.4298,-0.5701
17.719992912,101.0,100.4325,-0.5674
17.759992896,101.0,100.4352,-0.5647
17.79999288,101.0,100.4378,-0.562
17.839992864,101.0,100.4405,-0.5594
17.879992848,101.0,100.4432,-0.5567
17.919992832,101.0,100.4459,-0.554
17.959992816,101.0,100.4485,-0.5514
17.9999928,101.0,100.4511,-0.5488
18.039992784,101.0,100.4538,-0.5461
18.079992768,101.0,100.4563,-0.5436
18.119992751999998,101.0,100.4589,-0.541
18.159992736,101.0,100.4615,-0.5384
18.199992719999997,101.0,100.4641,-0.5358
18.239992704000002,101.0,100.4666,-0.5333
18.279992688,101.0,100.4691,-0.5308
18.319992672,101.0,100.4717,-0.5282
18.359992656,101.0,100.4742,-0.5257
18.39999264,101.0,100.4767,-0.5232
18.439992624,101.0,100.4792,-0.5207
18.479992608,101.0,100.4816,-0.5182
18.519992592,101.0,100.4841,-0.5158
18.559992576,101.0,100.4865,-0.5134
18.59999256,101.0,100.489,-0.5109
18.639992544,101.0,100.4914,-0.5085
18.679992528,101.0,100.4939,-0.506
18.719992511999997,101.0,100.4964,-0.5035
18.759992496000002,101.0,100.4988,-0.5011
18.79999248,101.0,100.5011,-0.4988
18.839992464,101.0,100.5035,-0.4964
18.879992448,101.0,100.5059,-0.4939
18.919992431999997,101.0,100.5083,-0.4915
18.959992416,101.0,100.5107,-0.4892
18.9999924,101.0,100.5131,-0.4868
19.039992384,101.0,100.5154,-0.4845
19.079992368,101.0,100.5178,-0.4821
19.119992352,101.0,100.5201,-0.4798
19.159992336,101.0,100.5224,-0.4775
19.19999232,101.0,100.5246,-0.4752
19.239992304,101.0,100.5269,-0.473
19.279992288,101.0,100.5292,-0.4707
19.319992272,101.0,100.5314,-0.4685
19.359992255999998,101.0,100.5337,-0.4662
19.39999224,101.0,100.5359,-0.464
19.439992223999997,101.0,100.5381,-0.4618
19.479992208000002,101.0,100.5403,-0.4596
19.519992192,101.0,100.5425,-0.4574
19.559992176,101.0,100.5447,-0.4552
19.59999216,101.0,100.5468,-0.4531
19.639992144,101.0,100.549,-0.4509
19.679992128,101.0,100.5511,-0.4488
19.719992112,101.0,100.5532,-0.4467
19.759992096,101.0,100.5554,-0.4445
19.79999208,101.0,100.5575,-0.4424
19.839992064,101.0,100.5596,-0.4403
19.879992048,101.0,100.5617,-0.4382
19.919992032,101.0,100.5638,-0.4361
19.959992015999998,101.0,100.5658,-0.434
19.999992000000002,101.0,100.5679,-0.4319
20.039991984,101.0,100.5699,-0.43
20.079991967999998,101.0,100.5719,-0.428
20.119991952,101.0,100.574,-0.4259
20.159991935999997,101.0,100.576,-0.4239
20.19999192,101.0,100.578,-0.4219
20.239991904,101.0,100.5799,-0.42
20.279991888,101.0,100.5819,-0.418
20.319991872,101.0,100.5838,-0.4161
20.359991856,101.0,100.5858,-0.4141
20.39999184,101.0,100.5877,-0.4121
20.439991824,101.0,100.5897,-0.4102
20.479991808,101.0,100.5916,-0.4083
20.519991792,101.0,100.5935,-0.4064
20.559991776,101.0,100.5954,-0.4045
20.599991759999998,101.0,100.5973,-0.4026
20.639991744,101.0,100.5992,-0.4007
20.679991727999997,101.0,100.601,-0.3989
20.719991712000002,101.0,100.6028,-0.3971
20.759991696,101.0,100.6047,-0.3952
20.79999168,101.0,100.6064,-0.3935
20.839991664,101.0,100.6083,-0.3916
20.879991648,101.0,100.6101,-0.3898
20.919991632,101.0,100.6119,-0.388
20.959991616,101.0,100.6137,-0.3861
20.9999916,101.0,100.6155,-0.3844
21.039991584,101.0,100.6173,-0.3826
21.079991568,101.0,100.619,-0.3809
21.119991552,101.0,100.6207,-0.3792
21.159991536,101.0,100.6225,-0.3774
21.199991519999998,101.0,100.6242,-0.3757
21.239991504000002,101.0,100.6259,-0.374
21.279991488,101.0,100.6276,-0.3723
21.319991471999998,101.0,100.6293,-0.3706
21.359991456,101.0,100.631,-0.3689
21.399991439999997,101.0,100.6327,-0.3672
21.439991424,101.0,100.6343,-0.3656
21.479991408,101.0,100.6361,-0.3638
21.519991392,101.0,100.6377,-0.3622
21.559991376,101.0,100.6394,-0.3605
21.59999136,101.0,100.641,-0.3589
21.639991344,101.0,100.6427,-0.3572
21.679991328,101.0,100.6444,-0.3555
21.719991312,101.0,100.646,-0.3539
21.759991296,101.0,100.6477,-0.3522
21.79999128,101.0,100.6493,-0.3505
21.839991264,101.0,100.651,-0.3489
21.879991248,101.0,100.6526,-0.3473
21.919991231999997,101.0,100.6542,-0.3457
21.959991216000002,101.0,100.6558,-0.3441
21.9999912,101.0,100.6573,-0.3426
22.039991184,101.0,100.6589,-0.341
22.079991168,101.0,100.6605,-0.3394
22.119991151999997,101.0,100.662,-0.3379
22.159991136,101.0,100.6636,-0.3363
22.19999112,101.0,100.6651,-0.3348
22.239991104,101.0,100.6666,-0.3333
22.279991088,101.0,100.6682,-0.3317
22.319991072,101.0,100.6698,-0.3301
22.359991056,101.0,100.6713,-0.3286
22.39999104,101.0,100.6729,-0.327
22.439991023999998,101.0,100.6744,-0.3255
22.479991008000002,101.0,100.676,-0.3239
22.519990992,101.0,100.6775,-0.3224
22.559990975999998,101.0,100.679,-0.3209
22.59999096,101.0,100.6805,-0.3194
22.639990943999997,101.0,100.682,-0.3179
22.679990928,101.0,100.6835,-0.3164
22.719990912,101.0,100.6851,-0.3148
22.759990896,101.0,100.6866,-0.3133
22.79999088,101.0,100.6881,-0.3118
22.839990864,101.0,100.6895,-0.3104
22.879990848,101.0,100.6911,-0.3088
22.919990832,101.0,100.6926,-0.3073
22.959990816,101.0,100.694,-0.3059
22.9999908,101.0,100.6955,-0.3044
23.039990784,101.0,100.697,-0.3029
23.079990768,101.0,100.6984,-0.3015
23.119990752,101.0,100.6998,-0.3001
23.159990735999997,101.0,100.7012,-0.2986
23.199990720000002,101.0,100.7027,-0.2972
23.239990704,101.0,100.7041,-0.2958
23.279990688,101.0,100.7056,-0.2943
23.319990672,101.0,100.707,-0.2929
23.359990655999997,101.0,100.7084,-0.2915
23.39999064,101.0,100.7098,-0.2901
23.439990624,101.0,100.7112,-0.2887
23.479990608,101.0,100.7126,-0.2873
23.519990592,101.0,100.714,-0.2859
23.559990576,101.0,100.7153,-0.2845
23.59999056,101.0,100.7167,-0.2832
23.639990544,101.0,100.7181,-0.2818
23.679990527999998,101.0,100.7194,-0.2805
23.719990512000003,101.0,100.7208,-0.2791
23.759990496,101.0,100.7221,-0.2778
23.799990479999998,101.0,100.7234,-0.2765
23.839990464,101.0,100.7248,-0.2751
23.879990447999997,101.0,100.7261,-0.2738
23.919990432,101.0,100.7274,-0.2725
23.959990416,101.0,100.7287,-0.2712
23.9999904,101.0,100.73,-0.2699
24.039990384,101.0,100.7312,-0.2687
24.079990368,101.0,100.7325,-0.2674
24.119990352,101.0,100.7338,-0.2661
24.159990336,101.0,100.735,-0.2649
24.19999032,101.0,100.7362,-0.2636
24.239990304,101.0,100.7375,-0.2624
24.279990288,101.0,100.7388,-0.2611
24.319990272,101.0,100.74,-0.2599
24.359990256,101.0,100.7412,-0.2587
24.399990239999997,101.0,100.7424,-0.2574
24.439990224000002,101.0,100.7436,-0.2562
24.479990208,101.0,100.7449,-0.255
24.519990192,101.0,100.7461,-0.2538
24.559990176,101.0,100.7473,-0.2526
24.599990159999997,101.0,100.7485,-0.2514
24.639990144,101.0,100.7497,-0.2502
24.679990128,101.0,100.7508,-0.249
24.719990112,101.0,100.7521,-0.2478
24.759990096,101.0,100.7532,-0.2467
24.79999008,101.0,100.7543,-0.2455
24.839990064,101.0,100.7555,-0.2444
24.879990048,101.0,100.7567,-0.2432
24.919990031999998,101.0,100.7579,-0.242
24.959990016000003,101.0,100.759,-0.2409
24.99999,101.0,100.7601,-0.2398
25.039989983999998,101.0,100.7612,-0.2387
25.079989968,101.0,100.7623,-0.2376
25.119989951999997,101.0,100.7635,-0.2364
25.159989936,101.0,100.7646,-0.2353
25.19998992,101.0,100.7658,-0.2341
25.239989904,101.0,100.7669,-0.233
25.279989888,101.0,100.768,-0.2319
25.319989872,101.0,100.7691,-0.2308
25.359989856,101.0,100.7702,-0.2297
25.399989839999996,101.0,100.7714,-0.2285
25.439989824,101.0,100.7725,-0.2274
25.479989808,101.0,100.7736,-0.2263
25.519989792,101.0,100.7746,-0.2253
25.559989776,101.0,100.7757,-0.2242
25.59998976,101.0,100.7768,-0.2231
25.639989743999998,101.0,100.7779,-0.222
25.679989728000002,101.0,100.7789,-0.221
25.719989712,101.0,100.78,-0.2199
25.759989696,101.0,100.7811,-0.2188
25.79998968,101.0,100.7822,-0.2177
25.839989663999997,101.0,100.7833,-0.2166
25.879989648,101.0,100.7843,-0.2156
25.919989632,101.0,100.7853,-0.2146
25.959989616,101.0,100.7863,-0.2136
25.9999896,101.0,100.7873,-0.2126
26.039989584,101.0,100.7883,-0.2116
26.079989568,101.0,100.7893,-0.2106
26.119989552,101.0,100.7903,-0.2096
26.159989535999998,101.0,100.7914,-0.2085
26.199989520000003,101.0,100.7923,-0.2076
26.239989504,101.0,100.7934,-0.2065
26.279989488,101.0,100.7944,-0.2055
26.319989472,101.0,100.7954,-0.2045
26.359989455999997,101.0,100.7963,-0.2036
26.39998944,101.0,100.7973,-0.2026
26.439989424,101.0,100.7983,-0.2016
26.479989408,101.0,100.7993,-0.2006
26.519989392,101.0,100.8002,-0.1996
26.559989376,101.0,100.8012,-0.1987
26.59998936,101.0,100.8022,-0.1977
26.639989343999996,101.0,100.8032,-0.1967
26.679989328,101.0,100.8041,-0.1958
26.719989312,101.0,100.8051,-0.1948
26.759989296,101.0,100.806,-0.1939
26.79998928,101.0,100.807,-0.1929
26.839989264,101.0,100.8079,-0.192
26.879989247999998,101.0,100.8088,-0.1911
26.919989232000002,101.0,100.8098,-0.1901
26.959989216,101.0,100.8107,-0.1892
26.9999892,101.0,100.8116,-0.1883
27.039989184,101.0,100.8125,-0.1873
27.079989167999997,101.0,100.8135,-0.1864
27.119989152,101.0,100.8144,-0.1855
27.159989136,101.0,100.8153,-0.1846
27.19998912,101.0,100.8162,-0.1837
27.239989104,101.0,100.8171,-0.1828
27.279989088,101.0,100.818,-0.1819
27.319989072,101.0,100.8189,-0.181
27.359989056,101.0,100.8198,-0.1801
27.399989039999998,101.0,100.8206,-0.1793
27.439989024000003,101.0,100.8216,-0.1783
27.479989008,101.0,100.8225,-0.1774
27.519988992,101.0,100.8233,-0.1766
27.559988976,101.0,100.8242,-0.1757
27.599988959999997,101.0,100.8251,-0.1748
27.639988944,101.0,100.8259,-0.174
27.679988928,101.0,100.8268,-0.1731
27.719988912,101.0,100.8276,-0.1722
27.759988896,101.0,100.8285,-0.1714
27.79998888,101.0,100.8293,-0.1706
27.839988864,101.0,100.8301,-0.1697
27.879988847999996,101.0,100.831,-0.1689
27.919988832,101.0,100.8317,-0.1682
27.959988816,101.0,100.8326,-0.1673
27.9999888,101.0,100.8334,-0.1664
28.039988784,101.0,100.8342,-0.1656
28.079988768,101.0,100.835,-0.1649
28.119988751999998,101.0,100.8358,-0.1641
28.159988736000003,101.0,100.8366,-0.1632
28.19998872,101.0,100.8375,-0.1624
28.239988704,101.0,100.8382,-0.1616
28.279988688,101.0,100.839,-0.1608
28.319988671999997,101.0,100.8398,-0.1601
28.359988656,101.0,100.8406,-0.1593
28.39998864,101.0,100.8414,-0.1585
28.439988624,101.0,100.8422,-0.1577
28.479988608,101.0,100.843,-0.1569
28.519988592,101.0,100.8438,-0.1561
28.559988576,101.0,100.8446,-0.1553
28.59998856,101.0,100.8453,-0.1546
28.639988543999998,101.0,100.8461,-0.1538
28.679988528,101.0,100.8468,-0.153
28.719988512,101.0,100.8476,-0.1523
28.759988496,101.0,100.8483,-0.1516
28.79998848,101.0,100.8491,-0.1508
28.839988463999997,101.0,100.8498,-0.1501
28.879988448,101.0,100.8505,-0.1493
28.919988432,101.0,100.8512,-0.1486
28.959988416,101.0,100.852,-0.1479
28.9999884,101.0,100.8527,-0.1472
29.039988384,101.0,100.8534,-0.1465
29.079988368,101.0,100.8542,-0.1457
29.119988351999996,101.0,100.8549,-0.145
29.159988336,101.0,100.8556,-0.1443
29.19998832,101.0,100.8564,-0.1435
29.239988304,101.0,100.8571,-0.1428
29.279988288,101.0,100.8578,-0.1421
29.319988272,101.0,100.8585,-0.1414
29.359988255999998,101.0,100.8592,-0.1407
29.399988240000003,101.0,100.8598,-0.14
29.439988224,101.0,100.8605,-0.1394
29.479988208,101.0,100.8612,-0.1387
29.519988192,101.0,100.8619,-0.138
29.559988175999997,101.0,100.8626,-0.1373
29.59998816,101.0,100.8632,-0.1367
29.639988144,101.0,100.8639,-0.136
29.679988128,101.0,100.8645,-0.1354
29.719988112,101.0,100.8652,-0.1347
29.759988096,101.0,100.8658,-0.1341
29.79998808,101.0,100.8665,-0.1334
29.839988064,101.0,100.8672,-0.1327
29.879988047999998,101.0,100.8678,-0.1321
29.919988032,101.0,100.8684,-0.1315
29.959988016,101.0,100.869,-0.1309
29.999988,101.0,100.8696,-0.1302
30.039987984,101.0,100.8703,-0.1296
30.079987967999998,101.0,100.8709,-0.129
30.119987952,101.0,100.8715,-0.1284
30.159987936,101.0,100.8721,-0.1278
30.19998792,101.0,100.8728,-0.1271
30.239987904,101.0,100.8734,-0.1265
30.279987888,101.0,100.874,-0.1259
30.319987872,101.0,100.8746,-0.1253
30.359987855999996,101.0,100.8752,-0.1247
30.39998784,101.0,100.8758,-0.1241
30.439987824,101.0,100.8765,-0.1234
30.479987808,101.0,100.8771,-0.1228
30.519987792,101.0,100.8777,-0.1222
30.559987776,101.0,100.8784,-0.1215
30.599987759999998,101.0,100.879,-0.1209
30.639987744000003,101.0,100.8796,-0.1203
30.679987728,101.0,100.8802,-0.1197
30.719987712,101.0,100.8808,-0.1191
30.759987696,101.0,100.8814,-0.1185
30.799987679999997,101.0,100.882,-0.1179
30.839987664,101.0,100.8826,-0.1172
30.879987648,101.0,100.8832,-0.1167
30.919987632,101.0,100.8838,-0.1161
30.959987616,101.0,100.8845,-0.1154
30.9999876,101.0,100.8851,-0.1148
31.039987584,101.0,100.8857,-0.1142
31.079987568,101.0,100.8862,-0.1136
31.119987551999998,101.0,100.8868,-0.1131
31.159987536,101.0,100.8874,-0.1125
31.19998752,101.0,100.888,-0.1119
31.239987504,101.0,100.8886,-0.1113
31.279987487999996,101.0,100.8891,-0.1108
31.319987472,101.0,100.8897,-0.1102
31.359987456,101.0,100.8903,-0.1096
31.39998744,101.0,100.8909,-0.109
31.439987423999998,101.0,100.8915,-0.1084
31.479987408000003,101.0,100.892,-0.1078
31.519987392,101.0,100.8926,-0.1073
31.559987376,101.0,100.8932,-0.1067
31.599987359999997,101.0,100.8937,-0.1062
31.639987343999998,101.0,100.8942,-0.1056
31.679987328000003,101.0,100.8948,-0.1051
31.719987312,101.0,100.8953,-0.1046
31.759987296,101.0,100.8958,-0.1041
31.799987279999996,101.0,100.8963,-0.1036
31.839987264,101.0,100.8968,-0.1031
31.879987248000003,101.0,100.8974,-0.1025
31.919987232,101.0,100.8979,-0.102
31.959987216,101.0,100.8985,-0.1014
31.999987199999996,101.0,100.899,-0.1009
32.039987184000005,101.0,100.8995,-0.1004
32.079987168,101.0,100.9,-0.0999
32.119987152,101.0,100.9006,-0.0993
32.159987136,101.0,100.9011,-0.0988
32.19998712,101.0,100.9016,-0.0983
32.239987104,101.0,100.9021,-0.0977
32.279987088,101.0,100.9027,-0.0972
32.319987071999996,101.0,100.9032,-0.0967
32.359987055999994,101.0,100.9037,-0.0962
32.39998704,101.0,100.9041,-0.0957
32.439987024,101.0,100.9046,-0.0953
32.479987007999995,101.0,100.9051,-0.0948
32.519986992,101.0,100.9055,-0.0944
32.559986976000005,101.0,100.906,-0.0939
32.59998696,101.0,100.9065,-0.0934
32.639986944,101.0,100.907,-0.0929
32.679986928,101.0,100.9074,-0.0925
32.719986912,101.0,100.9079,-0.092
32.759986896,101.0,100.9084,-0.0915
32.79998688,101.0,100.9088,-0.0911
32.839986864,101.0,100.9093,-0.0906
32.879986847999994,101.0,100.9098,-0.0901
32.919986832,101.0,100.9102,-0.0897
32.959986816,101.0,100.9106,-0.0893
32.9999868,101.0,100.911,-0.0888
33.039986784,101.0,100.9115,-0.0884
33.079986768000005,101.0,100.9119,-0.088
33.119986752,101.0,100.9124,-0.0875
33.159986736,101.0,100.9129,-0.087
33.19998672,101.0,100.9133,-0.0866
33.239986703999996,101.0,100.9138,-0.0861
33.279986688,101.0,100.9142,-0.0857
33.319986672,101.0,100.9147,-0.0852
33.359986656,101.0,100.9152,-0.0847
33.399986639999995,101.0,100.9156,-0.0843
33.439986624,101.0,100.9161,-0.0838
33.479986608000004,101.0,100.9165,-0.0834
33.519986592,101.0,100.917,-0.0829
33.559986576,101.0,100.9174,-0.0825
33.59998656,101.0,100.9178,-0.0821
33.639986544,101.0,100.9182,-0.0817
33.679986528,101.0,100.9186,-0.0813
33.719986512,101.0,100.919,-0.0809
33.759986495999996,101.0,100.9194,-0.0805
33.79998648,101.0,100.9197,-0.0802
33.839986464,101.0,100.9201,-0.0798
33.879986448,101.0,100.9205,-0.0794
33.919986431999995,101.0,100.9209,-0.079
33.959986416,101.0,100.9212,-0.0786
33.999986400000004,101.0,100.9216,-0.0783
34.039986384,101.0,100.922,-0.0779
34.079986368,101.0,100.9223,-0.0776
34.119986352,101.0,100.9227,-0.0772
34.159986336,101.0,100.9231,-0.0768
34.19998632,101.0,100.9234,-0.0765
34.239986304,101.0,100.9238,-0.0761
34.279986287999996,101.0,100.9242,-0.0757
34.319986272,101.0,100.9246,-0.0753
34.359986256,101.0,100.925,-0.0749
34.39998624,101.0,100.9253,-0.0746
34.439986223999995,101.0,100.9257,-0.0742
34.479986208,101.0,100.9261,-0.0738
34.519986192000005,101.0,100.9264,-0.0735
34.559986176,101.0,100.9268,-0.0731
34.59998616,101.0,100.9271,-0.0728
34.639986144,101.0,100.9274,-0.0725
34.679986128,101.0,100.9277,-0.0721
34.719986112,101.0,100.9281,-0.0718
34.759986096,101.0,100.9285,-0.0714
34.79998608,101.0,100.9288,-0.0711
34.839986063999994,101.0,100.9291,-0.0708
34.879986048,101.0,100.9295,-0.0704
34.919986032,101.0,100.9298,-0.0701
34.959986015999995,101.0,100.9302,-0.0697
34.999986,101.0,100.9305,-0.0694
35.039985984000005,101.0,100.9309,-0.069
35.079985968,101.0,100.9312,-0.0687
35.119985952,101.0,100.9315,-0.0684
35.159985936,101.0,100.9319,-0.068
35.19998592,101.0,100.9321,-0.0678
35.239985904,101.0,100.9324,-0.0675
35.279985888,101.0,100.9327,-0.0672
35.319985872,101.0,100.933,-0.0669
35.359985855999994,101.0,100.9333,-0.0666
35.39998584,101.0,100.9336,-0.0663
35.439985824,101.0,100.9338,-0.0661
35.479985808,101.0,100.9341,-0.0658
35.519985792,101.0,100.9344,-0.0655
35.559985776000005,101.0,100.9347,-0.0652
35.59998576,101.0,100.935,-0.0649
35.639985744,101.0,100.9353,-0.0646
35.679985728,101.0,100.9356,-0.0643
35.719985711999996,101.0,100.9359,-0.064
35.759985696,101.0,100.9362,-0.0637
35.79998568,101.0,100.9365,-0.0634
35.839985664,101.0,100.9368,-0.0631
35.879985647999995,101.0,100.9371,-0.0628
35.919985632,101.0,100.9374,-0.0625
35.959985616,101.0,100.9377,-0.0622
35.9999856,101.0,100.938,-0.0619
36.039985584,101.0,100.9383,-0.0616
36.079985568,101.0,100.9386,-0.0613
36.119985552,101.0,100.9389,-0.061
36.159985536,101.0,100.9392,-0.0607
36.19998552,101.0,100.9394,-0.0605
36.239985503999996,101.0,100.9397,-0.0602
36.279985488,101.0,100.94,-0.0599
36.319985472,101.0,100.9402,-0.0597
36.359985456,101.0,100.9405,-0.0594
36.399985439999995,101.0,100.9407,-0.0592
36.439985424,101.0,100.941,-0.0589
36.479985408000005,101.0,100.9412,-0.0586
36.519985392,101.0,100.9415,-0.0584
36.559985376,101.0,100.9417,-0.0582
36.59998536,101.0,100.942,-0.0579
36.639985344,101.0,100.9422,-0.0577
36.679985328,101.0,100.9425,-0.0574
36.719985312,101.0,100.9427,-0.0572
36.759985295999996,101.0,100.943,-0.0569
36.79998528,101.0,100.9432,-0.0566
36.839985264,101.0,100.9435,-0.0564
36.879985248,101.0,100.9438,-0.0561
36.919985231999995,101.0,100.944,-0.0559
36.959985216,101.0,100.9442,-0.0557
36.999985200000005,101.0,100.9445,-0.0554
37.039985184,101.0,100.9447,-0.0552
37.079985168,101.0,100.945,-0.0549
37.119985152,101.0,100.9452,-0.0547
37.159985136,101.0,100.9455,-0.0544
37.19998512,101.0,100.9457,-0.0542
37.239985104,101.0,100.9459,-0.054
37.279985088,101.0,100.9462,-0.0537
37.319985071999994,101.0,100.9465,-0.0534
37.359985056,101.0,100.9468,-0.0531
37.39998504,101.0,100.947,-0.0529
37.439985023999995,101.0,100.9472,-0.0527
37.479985008,101.0,100.9474,-0.0525
37.519984992000005,101.0,100.9477,-0.0522
37.559984976,101.0,100.9479,-0.052
37.59998496,101.0,100.9481,-0.0518
37.639984944,101.0,100.9483,-0.0516
37.679984928,101.0,100.9485,-0.0514
37.719984912,101.0,100.9488,-0.0511
37.759984896,101.0,100.949,-0.0509
37.79998488,101.0,100.9492,-0.0507
37.839984863999995,101.0,100.9494,-0.0504
37.879984848,101.0,100.9497,-0.0502
37.919984832,101.0,100.9499,-0.05
37.959984816,101.0,100.9501,-0.0498
37.9999848,101.0,100.9504,-0.0495
38.039984784000005,101.0,100.9506,-0.0493
38.079984768,101.0,100.9508,-0.0491
38.119984752,101.0,100.951,-0.0489
38.159984736,101.0,100.9512,-0.0487
38.199984719999996,101.0,100.9515,-0.0484
38.239984704,101.0,100.9517,-0.0482
38.279984688,101.0,100.9519,-0.048
38.319984672,101.0,100.9521,-0.0478
38.359984655999995,101.0,100.9523,-0.0476
38.39998464,101.0,100.9526,-0.0473
38.439984624000004,101.0,100.9528,-0.0471
38.479984608,101.0,100.953,-0.0469
38.519984592,101.0,100.9533,-0.0466
38.559984576,101.0,100.9534,-0.0464
38.59998456,101.0,100.9537,-0.0462
38.639984544,101.0,100.9539,-0.046
38.679984528,101.0,100.9542,-0.0457
38.719984511999996,101.0,100.9544,-0.0455
38.759984496,101.0,100.9547,-0.0452
38.79998448,101.0,100.9549,-0.045
38.839984464,101.0,100.9551,-0.0448
38.879984447999995,101.0,100.9554,-0.0445
38.91998443199999,101.0,100.9555,-0.0443
38.959984416000005,101.0,100.9558,-0.0441
38.9999844,101.0,100.956,-0.0439
39.039984384,101.0,100.9562,-0.0437
39.079984368,101.0,100.9564,-0.0435
39.119984352,101.0,100.9566,-0.0433
39.159984336,101.0,100.9568,-0.0431
39.19998432,101.0,100.957,-0.0429
39.239984304,101.0,100.9572,-0.0427
39.279984288,101.0,100.9574,-0.0425
39.319984272,101.0,100.9576,-0.0423
39.359984256,101.0,100.9578,-0.0421
39.399984239999995,101.0,100.9581,-0.0418
39.439984224,101.0,100.9583,-0.0416
39.479984208000005,101.0,100.9585,-0.0414
39.519984192,101.0,100.9587,-0.0411
39.559984176,101.0,100.959,-0.0409
39.59998416,101.0,100.9592,-0.0407
39.639984144,101.0,100.9593,-0.0406
39.679984128,101.0,100.9596,-0.0403
39.719984112,101.0,100.9598,-0.0401
39.759984096,101.0,100.9601,-0.0398
39.799984079999994,101.0,100.9603,-0.0396
39.839984064,101.0,100.9605,-0.0394
39.879984048,101.0,100.9607,-0.0392
39.919984031999995,101.0,100.9609,-0.039
39.959984016,101.0,100.9611,-0.0388
39.999984000000005,101.0,100.9613,-0.0386
40.039983984,101.0,100.9616,-0.0383
40.079983968,101.0,100.9617,-0.0381
40.119983952,101.0,100.9619,-0.038
40.159983935999996,101.0,100.9621,-0.0378
40.19998392,101.0,100.9623,-0.0376
40.239983904,101.0,100.9625,-0.0374
40.279983888,101.0,100.9627,-0.0372
40.319983871999995,101.0,100.9629,-0.037
40.359983856,101.0,100.963,-0.0368
40.39998384,101.0,100.9632,-0.0367
40.439983824,101.0,100.9633,-0.0365
40.479983808,101.0,100.9635,-0.0364
40.519983792000005,101.0,100.9637,-0.0362
40.559983776,101.0,100.9638,-0.0361
40.59998376,101.0,100.964,-0.0359
40.639983744,101.0,100.9642,-0.0357
40.679983727999996,101.0,100.9643,-0.0356
40.719983712,101.0,100.9645,-0.0354
40.759983696,101.0,100.9647,-0.0352
40.79998368,101.0,100.9649,-0.035
40.839983663999995,101.0,100.965,-0.0349
40.879983648,101.0,100.9651,-0.0348
40.919983632,101.0,100.9653,-0.0346
40.959983616,101.0,100.9654,-0.0345
40.9999836,101.0,100.9656,-0.0343
41.039983584,101.0,100.9657,-0.0342
41.079983568,101.0,100.9659,-0.034
41.119983552,101.0,100.966,-0.0339
41.159983536,101.0,100.9661,-0.0338
41.199983519999996,101.0,100.9663,-0.0336
41.239983504,101.0,100.9664,-0.0335
41.279983488,101.0,100.9666,-0.0333
41.319983472,101.0,100.9668,-0.0331
41.359983455999995,101.0,100.9669,-0.033
41.39998343999999,101.0,100.9671,-0.0328
41.439983424000005,101.0,100.9672,-0.0327
41.479983408,101.0,100.9673,-0.0326
41.519983392,101.0,100.9675,-0.0324
41.559983376,101.0,100.9676,-0.0323
41.59998336,101.0,100.9677,-0.0322
41.639983344,101.0,100.9678,-0.0321
41.679983328,101.0,100.968,-0.0319
41.719983312,101.0,100.9681,-0.0318
41.759983296,101.0,100.9683,-0.0316
41.79998328,101.0,100.9684,-0.0315
41.839983264,101.0,100.9685,-0.0314
41.879983247999995,101.0,100.9686,-0.0313
41.919983232,101.0,100.9688,-0.0311
41.959983216000005,101.0,100.9689,-0.031
41.9999832,101.0,100.9691,-0.0308
42.039983184,101.0,100.9691,-0.0308
42.079983168,101.0,100.9693,-0.0306
42.119983152,101.0,100.9694,-0.0305
42.159983136,101.0,100.9696,-0.0303
42.19998312,101.0,100.9696,-0.0302
42.239983104,101.0,100.9697,-0.0302
42.279983087999994,101.0,100.9698,-0.0301
42.319983072,101.0,100.9698,-0.0301
42.359983056,101.0,100.9699,-0.03
42.399983039999995,101.0,100.9701,-0.0298
42.439983024,101.0,100.9702,-0.0297
42.479983008000005,101.0,100.9704,-0.0295
42.519982992,101.0,100.9705,-0.0294
42.559982976,101.0,100.9706,-0.0293
42.59998296,101.0,100.9707,-0.0292
42.639982943999996,101.0,100.9708,-0.0291
42.679982928,101.0,100.9709,-0.029
42.719982912,101.0,100.971,-0.0289
42.759982896,101.0,100.9711,-0.0288
42.799982879999995,101.0,100.9713,-0.0286
42.839982864,101.0,100.9714,-0.0285
42.879982848,101.0,100.9715,-0.0284
42.919982832,101.0,100.9716,-0.0283
42.959982816,101.0,100.9717,-0.0282
42.999982800000005,101.0,100.9718,-0.028
43.039982784,101.0,100.972,-0.0279
43.079982768,101.0,100.9721,-0.0278
43.119982752,101.0,100.9723,-0.0276
43.159982735999996,101.0,100.9724,-0.0275
43.19998272,101.0,100.9725,-0.0274
43.239982704,101.0,100.9726,-0.0273
43.279982688,101.0,100.9728,-0.0271
43.319982671999995,101.0,100.9729,-0.027
43.359982656,101.0,100.973,-0.0268
43.399982640000005,101.0,100.9732,-0.0267
43.439982624,101.0,100.9734,-0.0265
43.479982608,101.0,100.9735,-0.0264
43.519982592,101.0,100.9737,-0.0262
43.559982576,101.0,100.9739,-0.026
43.59998256,101.0,100.974,-0.0259
43.639982544,101.0,100.9741,-0.0258
43.679982528,101.0,100.9743,-0.0256
43.719982512,101.0,100.9744,-0.0255
43.759982496,101.0,100.9745,-0.0254
43.79998248,101.0,100.9747,-0.0252
43.839982463999995,101.0,100.9748,-0.025
43.87998244799999,101.0,100.975,-0.0249
43.919982432000005,101.0,100.9751,-0.0248
43.959982416,101.0,100.9753,-0.0246
43.9999824,101.0,100.9754,-0.0245
44.039982384,101.0,100.9755,-0.0244
44.079982368,101.0,100.9757,-0.0242
44.119982352,101.0,100.9758,-0.0241
44.159982336,101.0,100.976,-0.0239
44.19998232,101.0,100.9762,-0.0237
44.239982303999994,101.0,100.9763,-0.0236
44.279982288,101.0,100.9764,-0.0234
44.319982272,101.0,100.9766,-0.0233
44.359982255999995,101.0,100.9768,-0.0231
44.39998224,101.0,100.9769,-0.023
44.439982224000005,101.0,100.977,-0.0228
44.479982208,101.0,100.9772,-0.0227
44.519982192,101.0,100.9773,-0.0225
44.559982176,101.0,100.9775,-0.0224
44.59998216,101.0,100.9776,-0.0223
44.639982144,101.0,100.9778,-0.0221
44.679982128,101.0,100.9779,-0.022
44.719982112,101.0,100.9781,-0.0218
44.759982095999995,101.0,100.9782,-0.0217
44.79998208,101.0,100.9783,-0.0216
44.839982064,101.0,100.9785,-0.0214
44.879982047999995,101.0,100.9786,-0.0213
44.919982032,101.0,100.9787,-0.0212
44.959982016000005,101.0,100.9789,-0.021
44.999982,101.0,100.979,-0.0209
45.039981984,101.0,100.9791,-0.0208
45.079981968,101.0,100.9792,-0.0207
45.119981951999996,101.0,100.9793,-0.0206
45.159981936,101.0,100.9794,-0.0205
45.19998192,101.0,100.9796,-0.0203
45.239981904,101.0,100.9797,-0.0202
45.279981887999995,101.0,100.9798,-0.0201
45.319981872,101.0,100.98,-0.0199
45.359981856,101.0,100.9801,-0.0198
45.39998184,101.0,100.9803,-0.0196
45.439981824,101.0,100.9804,-0.0194
45.479981808,101.0,100.9806,-0.0193
45.519981792,101.0,100.9808,-0.0191
45.559981776,101.0,100.9809,-0.019
45.59998176,101.0,100.9811,-0.0188
45.639981743999996,101.0,100.9812,-0.0187
45.679981728,101.0,100.9813,-0.0186
45.719981712,101.0,100.9814,-0.0185
45.759981696,101.0,100.9815,-0.0184
45.799981679999995,101.0,100.9817,-0.0182
45.839981664,101.0,100.9818,-0.0181
45.879981648,101.0,100.9819,-0.018
45.919981632,101.0,100.9821,-0.0178
45.959981616,101.0,100.9822,-0.0177
45.9999816,101.0,100.9824,-0.0175
46.039981584,101.0,100.9825,-0.0174
46.079981568,101.0,100.9826,-0.0173
46.119981552,101.0,100.9827,-0.0171
46.159981536,101.0,100.9828,-0.0171
46.19998152,101.0,100.9829,-0.017
46.239981504,101.0,100.983,-0.0169
46.279981488,101.0,100.9831,-0.0167
46.319981471999995,101.0,100.9832,-0.0166
46.35998145599999,101.0,100.9834,-0.0165
46.399981440000005,101.0,100.9835,-0.0164
46.439981424,101.0,100.9836,-0.0163
46.479981408,101.0,100.9837,-0.0162
46.519981392,101.0,100.9838,-0.016
46.559981376,101.0,100.984,-0.0159
46.59998136,101.0,100.984,-0.0159
46.639981344,101.0,100.9841,-0.0157
46.679981328,101.0,100.9842,-0.0157
46.719981311999994,101.0,100.9843,-0.0156
46.759981296,101.0,100.9844,-0.0155
46.79998128,101.0,100.9845,-0.0153
46.839981263999995,101.0,100.9847,-0.0152
46.879981248,101.0,100.9848,-0.0151
46.919981232000005,101.0,100.985,-0.0149
46.959981216,101.0,100.9851,-0.0148
46.9999812,101.0,100.9852,-0.0147
47.039981184,101.0,100.9852,-0.0146
47.079981168,101.0,100.9853,-0.0146
47.119981152,101.0,100.9855,-0.0144
47.159981136,101.0,100.9855,-0.0144
47.19998112,101.0,100.9857,-0.0142
47.239981103999995,101.0,100.9858,-0.0141
47.279981088,101.0,100.9859,-0.014
47.319981072,101.0,100.9861,-0.0138
47.359981055999995,101.0,100.9862,-0.0137
47.39998104,101.0,100.9863,-0.0136
47.439981024000005,101.0,100.9864,-0.0135
47.479981008,101.0,100.9865,-0.0134
47.519980992,101.0,100.9866,-0.0133
47.559980976,101.0,100.9867,-0.0132
47.599980959999996,101.0,100.9868,-0.0131
47.639980944,101.0,100.987,-0.0129
47.679980928,101.0,100.987,-0.0129
47.719980912,101.0,100.9871,-0.0127
47.759980895999995,101.0,100.9872,-0.0127
47.79998088,101.0,100.9874,-0.0125
47.839980864,101.0,100.9875,-0.0124
47.879980848,101.0,100.9876,-0.0123
47.919980832,101.0,100.9877,-0.0122
47.959980816,101.0,100.9878,-0.0121
47.9999808,101.0,100.9879,-0.012
48.039980784,101.0,100.988,-0.0119
48.079980768,101.0,100.9881,-0.0118
48.119980752,101.0,100.9882,-0.0116
48.159980736,101.0,100.9884,-0.0115
48.19998072,101.0,100.9885,-0.0114
48.239980704,101.0,100.9886,-0.0113
48.279980687999995,101.0,100.9887,-0.0111
48.319980672,101.0,100.9889,-0.011
48.359980656000005,101.0,100.989,-0.0109
48.39998064,101.0,100.9891,-0.0108
48.439980624,101.0,100.9892,-0.0107
48.479980608,101.0,100.9893,-0.0106
48.519980592,101.0,100.9894,-0.0105
48.559980576,101.0,100.9895,-0.0103
48.59998056,101.0,100.9896,-0.0103
48.639980544,101.0,100.9897,-0.0102
48.679980528,101.0,100.9898,-0.0101
48.719980512,101.0,100.99,-0.0099
48.759980496,101.0,100.9901,-0.0098
48.799980479999995,101.0,100.9902,-0.0097
48.83998046399999,101.0,100.9903,-0.0096
48.879980448000005,101.0,100.9904,-0.0095
48.919980432,101.0,100.9906,-0.0093
48.959980416,101.0,100.9906,-0.0093
48.9999804,101.0,100.9907,-0.0091
49.039980384,101.0,100.9909,-0.009
49.079980368,101.0,100.991,-0.0089
49.119980352,101.0,100.9911,-0.0088
49.159980336,101.0,100.9912,-0.0087
49.199980319999995,101.0,100.9913,-0.0086
49.239980304,101.0,100.9915,-0.0084
49.279980288,101.0,100.9915,-0.0084
49.319980271999995,101.0,100.9917,-0.0082
49.359980256,101.0,100.9918,-0.0081
49.399980240000005,101.0,100.9919,-0.008
49.439980224,101.0,100.992,-0.0079
49.479980208,101.0,100.9921,-0.0078
49.519980192,101.0,100.9922,-0.0077
49.559980176,101.0,100.9923,-0.0076
49.59998016,101.0,100.9924,-0.0075
49.639980144,101.0,100.9925,-0.0074
49.679980128,101.0,100.9926,-0.0073
49.719980111999995,101.0,100.9927,-0.0072
49.759980096,101.0,100.9927,-0.0072
49.79998008,101.0,100.9928,-0.0071
49.839980063999995,101.0,100.993,-0.0069
49.879980048,101.0,100.993,-0.0069
49.919980032000005,101.0,100.9932,-0.0067
49.959980016,101.0,100.9932,-0.0066
49.99998,101.0,100.9933,-0.0066
50.039979984,101.0,100.9934,-0.0065
50.079979967999996,101.0,100.9934,-0.0065
50.119979952,101.0,100.9935,-0.0064
50.159979936,101.0,100.9936,-0.0063
50.19997992,101.0,100.9937,-0.0062
50.239979903999995,101.0,100.9938,-0.0061
50.279979888,101.0,100.9939,-0.006
50.319979872,101.0,100.994,-0.0058
50.359979856,101.0,100.9941,-0.0057
50.39997984,101.0,100.9942,-0.0057
50.439979824,101.0,100.9943,-0.0056
50.479979808,101.0,100.9944,-0.0055
50.519979792,101.0,100.9944,-0.0055
50.559979776,101.0,100.9945,-0.0054
50.59997976,101.0,100.9946,-0.0053
50.639979744,101.0,100.9946,-0.0053
50.679979728,101.0,100.9947,-0.0052
50.719979712,101.0,100.9948,-0.0051
50.759979695999995,101.0,100.9949,-0.005
50.79997967999999,101.0,100.995,-0.0049
50.839979664,101.0,100.9951,-0.0048
50.879979648,101.0,100.9952,-0.0047
50.919979632,101.0,100.9953,-0.0046
50.959979616,101.0,100.9954,-0.0045
50.9999796,101.0,100.9954,-0.0045
51.039979584,101.0,100.9955,-0.0044
51.079979568,101.0,100.9956,-0.0043
51.119979552,101.0,100.9957,-0.0042
51.159979536,101.0,100.9958,-0.0041
51.19997952,101.0,100.9959,-0.004
51.239979504,101.0,100.9959,-0.0039
51.279979487999995,101.0,100.996,-0.0039
51.31997947199999,101.0,100.9961,-0.0038
51.359979456000005,101.0,100.9961,-0.0038
51.39997944,101.0,100.9962,-0.0037
51.439979424,101.0,100.9963,-0.0036
51.479979408,101.0,100.9964,-0.0035
51.519979392,101.0,100.9965,-0.0034
51.559979376,101.0,100.9966,-0.0033
51.59997936,101.0,100.9966,-0.0033
51.639979344,101.0,100.9967,-0.0031
51.679979327999995,101.0,100.9968,-0.003
51.719979312,101.0,100.997,-0.0029
51.759979296,101.0,100.9971,-0.0028
51.799979279999995,101.0,100.9971,-0.0027
51.839979264,101.0,100.9973,-0.0026
51.879979248000005,101.0,100.9973,-0.0026
51.919979232,101.0,100.9974,-0.0025
51.959979216,101.0,100.9975,-0.0024
51.9999792,101.0,100.9975,-0.0024
52.039979183999996,101.0,100.9977,-0.0022
52.079979168,101.0,100.9977,-0.0021
52.119979152,101.0,100.9978,-0.0021
52.159979136,101.0,100.9979,-0.0019
52.199979119999995,101.0,100.998,-0.0018
52.239979104,101.0,100.9981,-0.0018
52.279979088,101.0,100.9982,-0.0017
52.319979071999995,101.0,100.9983,-0.0016
52.359979056,101.0,100.9983,-0.0015
52.399979040000005,101.0,100.9984,-0.0015
52.439979024,101.0,100.9985,-0.0014
52.479979008,101.0,100.9986,-0.0013
52.519978992,101.0,100.9986,-0.0013
52.559978976,101.0,100.9987,-0.0012
52.59997896,101.0,100.9987,-0.0011
52.639978944,101.0,100.9988,-0.0011
52.679978928,101.0,100.9988,-0.0011
52.719978911999995,101.0,100.9988,-0.001
52.759978896,101.0,100.9989,-0.001
52.79997888,101.0,100.999,-0.0009
52.839978864,101.0,100.9991,-0.0008
52.879978848,101.0,100.9991,-0.0008
52.919978832,101.0,100.9991,-0.0007
52.959978816,101.0,100.9992,-0.0007
52.9999788,101.0,100.9991,-0.0007
53.039978784,101.0,100.9992,-0.0007
53.079978768,101.0,100.9992,-0.0007
53.119978752,101.0,100.9992,-0.0007
53.159978736,101.0,100.9993,-0.0006
53.19997872,101.0,100.9993,-0.0006
53.239978703999995,101.0,100.9994,-0.0005
53.27997868799999,101.0,100.9995,-0.0004
53.319978672000005,101.0,100.9995,-0.0004
53.359978656,101.0,100.9996,-0.0003
53.39997864,101.0,100.9996,-0.0002
53.439978624,101.0,100.9997,-0.0002
53.479978608,101.0,100.9997,-0.0002
53.519978592,101.0,100.9997,-0.0002
53.559978576,101.0,100.9998,-0.0001
53.59997856,101.0,100.9998,-0.0001
53.639978544,101.0,100.9998,-0.0001
53.679978528,101.0,100.9998,-0.0001
53.719978512,101.0,100.9998,-0.0001
53.759978495999995,101.0,100.9999,-0.0
53.79997847999999,101.0,100.9999,-0.0
53.839978464000005,101.0,101.0,0.0
53.879978448,101.0,101.0,0.0
53.919978432,101.0,101.0,0.0
53.959978416,101.0,101.0,0.0
53.9999784,101.0,101.0,0.0
54.039978384,101.0,101.0,0.0001
54.079978368,101.0,101.0001,0.0001
54.119978352,101.0,101.0001,0.0001
54.159978335999995,101.0,101.0002,0.0002
54.19997832,101.0,101.0002,0.0002
54.239978304,101.0,101.0002,0.0002
54.279978287999995,101.0,101.0003,0.0003
54.319978272,101.0,101.0003,0.0003
54.359978256000005,101.0,101.0004,0.0004
54.39997824,101.0,101.0004,0.0004
54.439978224,101.0,101.0005,0.0005
54.479978208,101.0,101.0005,0.0006
54.519978191999996,101.0,101.0006,0.0006
54.559978176,101.0,101.0007,0.0007
54.59997816,101.0,101.0007,0.0007
54.639978144,101.0,101.0007,0.0007
54.679978127999995,101.0,101.0007,0.0008
54.719978112,101.0,101.0008,0.0008
54.759978096,101.0,101.0008,0.0008
54.799978079999995,101.0,101.0008,0.0008
54.839978064,101.0,101.0008,0.0009
54.879978048000005,101.0,101.0009,0.0009
54.919978032,101.0,101.0009,0.0009
54.959978016,101.0,101.0009,0.0009
54.999978,101.0,101.0009,0.0009
55.039977984,101.0,101.0009,0.0009
55.079977968,101.0,101.0009,0.0009
55.119977952,101.0,101.0009,0.0009
55.159977936,101.0,101.0009,0.0009
55.199977919999995,101.0,101.0009,0.0009
55.239977904,101.0,101.001,0.001
55.279977888,101.0,101.001,0.001
55.319977872,101.0,101.0009,0.0009
55.359977856,101.0,101.0009,0.0009
55.39997784,101.0,101.0009,0.0009
55.439977824,101.0,101.0009,0.0009
55.479977808,101.0,101.0009,0.0009
55.519977792,101.0,101.0009,0.0009
55.559977776,101.0,101.0009,0.0009
55.59997776,101.0,101.0008,0.0009
55.639977744,101.0,101.0008,0.0009
55.679977728,101.0,101.0008,0.0009
55.719977711999995,101.0,101.0008,0.0009
55.75997769599999,101.0,101.0008,0.0009
55.79997768,101.0,101.0008,0.0008
55.839977664,101.0,101.0009,0.0009
55.879977648,101.0,101.0009,0.0009
55.919977632,101.0,101.0009,0.0009
55.959977616,101.0,101.0009,0.0009
55.9999776,101.0,101.001,0.001
56.039977584,101.0,101.001,0.001
56.079977568,101.0,101.0011,0.0011
56.119977551999995,101.0,101.0011,0.0011
56.159977536,101.0,101.0012,0.0012
56.19997752,101.0,101.0013,0.0013
56.239977503999995,101.0,101.0013,0.0013
56.27997748799999,101.0,101.0014,0.0014
56.319977472000005,101.0,101.0014,0.0014
56.359977456,101.0,101.0015,0.0015
56.39997744,101.0,101.0015,0.0015
56.439977424,101.0,101.0015,0.0015
56.479977408,101.0,101.0016,0.0016
56.519977392,101.0,101.0016,0.0016
56.559977376,101.0,101.0016,0.0016
56.59997736,101.0,101.0016,0.0016
56.639977343999995,101.0,101.0016,0.0016
56.679977328,101.0,101.0016,0.0016
56.719977312,101.0,101.0016,0.0016
56.759977295999995,101.0,101.0017,0.0017
56.79997728,101.0,101.0017,0.0017
56.839977264000005,101.0,101.0017,0.0017
56.879977248,101.0,101.0018,0.0018
56.919977232,101.0,101.0018,0.0018
56.959977216,101.0,101.0018,0.0018
56.9999772,101.0,101.0019,0.0019
57.039977184,101.0,101.0019,0.0019
57.079977168,101.0,101.0019,0.0019
57.119977152,101.0,101.0019,0.0019
57.159977135999995,101.0,101.0019,0.0019
57.19997712,101.0,101.0019,0.0019
57.239977104,101.0,101.002,0.002
57.279977087999995,101.0,101.002,0.002
57.319977072,101.0,101.0019,0.0019
57.359977056,101.0,101.0019,0.0019
57.39997704,101.0,101.0019,0.0019
57.439977024,101.0,101.0019,0.0019
57.479977008,101.0,101.002,0.002
57.519976992,101.0,101.0019,0.0019
57.559976976,101.0,101.0019,0.0019
57.59997696,101.0,101.0019,0.0019
57.639976944,101.0,101.0018,0.0018
57.679976927999995,101.0,101.0018,0.0018
57.719976912,101.0,101.0018,0.0018
57.759976896,101.0,101.0018,0.0018
57.79997688,101.0,101.0018,0.0018
57.839976864,101.0,101.0018,0.0018
57.879976848,101.0,101.0018,0.0018
57.919976832,101.0,101.0018,0.0018
57.959976816,101.0,101.0018,0.0018
57.9999768,101.0,101.0018,0.0019
58.039976784,101.0,101.0018,0.0018
58.079976768,101.0,101.0018,0.0018
58.119976752,101.0,101.0018,0.0018
58.159976736,101.0,101.0018,0.0018
58.199976719999995,101.0,101.0018,0.0018
58.23997670399999,101.0,101.0018,0.0018
58.279976688000005,101.0,101.0018,0.0018
58.319976672,101.0,101.0018,0.0018
58.359976656,101.0,101.0019,0.0019
58.39997664,101.0,101.0019,0.0019
58.439976624,101.0,101.0019,0.0019
58.479976608,101.0,101.0019,0.0019
58.519976592,101.0,101.002,0.002
58.559976576,101.0,101.002,0.002
58.599976559999995,101.0,101.002,0.002
58.639976544,101.0,101.002,0.002
58.679976528,101.0,101.002,0.002
58.719976511999995,101.0,101.002,0.002
58.75997649599999,101.0,101.0021,0.0021
58.799976480000005,101.0,101.0021,0.0021
58.839976464,101.0,101.002,0.0021
58.879976448,101.0,101.0021,0.0021
58.919976432,101.0,101.0021,0.0021
58.959976416,101.0,101.0021,0.0021
58.9999764,101.0,101.0021,0.0021
59.039976384,101.0,101.0021,0.0021
59.079976368,101.0,101.0021,0.0021
59.119976351999995,101.0,101.0021,0.0021
59.159976336,101.0,101.0021,0.0021
59.19997632,101.0,101.0021,0.0021
59.239976303999995,101.0,101.002,0.002
59.279976288,101.0,101.002,0.002
59.319976272000005,101.0,101.0019,0.0019
59.359976256,101.0,101.0019,0.0019
59.39997624,101.0,101.0019,0.0019
59.439976224,101.0,101.0018,0.0019
59.479976208,101.0,101.0019,0.0019
59.519976192,101.0,101.0019,0.0019
59.559976176,101.0,101.0019,0.0019
59.59997616,101.0,101.0019,0.0019
59.639976143999995,101.0,101.0018,0.0018
59.679976128,101.0,101.0018,0.0018
59.719976112,101.0,101.0018,0.0018
59.759976095999995,101.0,101.0018,0.0018
59.79997608,101.0,101.0018,0.0019
59.839976064,101.0,101.0019,0.0019
59.879976048,101.0,101.0019,0.0019
59.919976032,101.0,101.0018,0.0019
59.959976016,101.0,101.0019,0.0019
59.999976,101.0,101.0019,0.0019
60.039975984,101.0,101.0019,0.0019
60.079975968,101.0,101.002,0.002
60.119975952,101.0,101.002,0.002
60.159975935999995,101.0,101.0019,0.0019
60.19997592,101.0,101.0019,0.0019
60.239975904,101.0,101.0019,0.0019
60.279975888,101.0,101.0019,0.0019
60.319975872,101.0,101.002,0.002
60.359975856,101.0,101.002,0.002
60.39997584,101.0,101.0019,0.0019
60.439975824,101.0,101.0019,0.0019
60.479975808,101.0,101.002,0.002
60.519975792,101.0,101.002,0.002
60.559975776,101.0,101.002,0.002
60.59997576,101.0,101.002,0.002
60.639975744,101.0,101.002,0.002
60.679975727999995,101.0,101.002,0.002
60.71997571199999,101.0,101.0019,0.0019
60.759975696,101.0,101.0019,0.0019
60.79997568,101.0,101.0019,0.0019
60.839975664,101.0,101.0019,0.0019
60.879975648,101.0,101.0019,0.0019
60.919975632,101.0,101.0019,0.0019
60.959975616,101.0,101.0019,0.0019
60.9999756,101.0,101.0019,0.0019
61.039975584,101.0,101.0018,0.0019
61.079975567999995,101.0,101.0018,0.0018
61.119975552,101.0,101.0018,0.0018
61.159975536,101.0,101.0018,0.0018
61.199975519999995,101.0,101.0018,0.0018
61.23997550399999,101.0,101.0017,0.0017
61.279975488000005,101.0,101.0017,0.0017
61.319975472,101.0,101.0017,0.0017
61.359975456,101.0,101.0017,0.0017
61.39997544,101.0,101.0017,0.0017
61.439975424,101.0,101.0017,0.0017
61.479975408,101.0,101.0017,0.0017
61.519975392,101.0,101.0017,0.0017
61.559975376,101.0,101.0016,0.0016
61.599975359999995,101.0,101.0016,0.0016
61.639975344,101.0,101.0016,0.0016
61.679975328,101.0,101.0016,0.0016
61.719975311999995,101.0,101.0016,0.0016
61.759975296,101.0,101.0015,0.0015
61.799975280000005,101.0,101.0015,0.0015
61.839975264,101.0,101.0014,0.0014
61.879975248,101.0,101.0015,0.0015
61.919975232,101.0,101.0015,0.0015
61.959975216,101.0,101.0014,0.0015
61.9999752,101.0,101.0015,0.0015
62.039975184,101.0,101.0014,0.0014
62.079975168,101.0,101.0014,0.0014
62.119975151999995,101.0,101.0014,0.0014
62.159975136,101.0,101.0014,0.0014
62.19997512,101.0,101.0014,0.0014
62.239975103999996,101.0,101.0014,0.0014
62.279975088,101.0,101.0014,0.0014
62.319975072,101.0,101.0014,0.0014
62.359975056,101.0,101.0013,0.0014
62.39997504,101.0,101.0013,0.0014
62.439975024,101.0,101.0013,0.0014
62.479975008,101.0,101.0014,0.0014
62.519974992,101.0,101.0014,0.0014
62.55997497599999,101.0,101.0014,0.0014
62.59997496,101.0,101.0014,0.0014
62.639974944,101.0,101.0014,0.0014
62.67997492799999,101.0,101.0015,0.0015
62.719974912,101.0,101.0014,0.0014
62.759974895999996,101.0,101.0014,0.0014
62.79997488,101.0,101.0015,0.0015
62.839974864000006,101.0,101.0015,0.0015
62.879974847999996,101.0,101.0014,0.0014
62.919974832,101.0,101.0015,0.0015
62.959974816000006,101.0,101.0015,0.0015
62.9999748,101.0,101.0015,0.0015
63.039974784,101.0,101.0014,0.0014
63.07997476799999,101.0,101.0014,0.0015
63.119974752,101.0,101.0015,0.0015
63.159974736,101.0,101.0015,0.0015
63.19997471999999,101.0,101.0015,0.0015
63.239974704000005,101.0,101.0015,0.0015
63.279974687999996,101.0,101.0015,0.0015
63.319974672,101.0,101.0015,0.0015
63.359974656000006,101.0,101.0015,0.0015
63.399974639999996,101.0,101.0015,0.0015
63.439974624,101.0,101.0015,0.0015
63.479974608000006,101.0,101.0015,0.0015
63.519974592,101.0,101.0015,0.0015
63.559974576,101.0,101.0015,0.0015
63.59997455999999,101.0,101.0015,0.0015
63.639974544,101.0,101.0015,0.0015
63.679974528,101.0,101.0015,0.0015
63.71997451199999,101.0,101.0015,0.0015
63.759974496000005,101.0,101.0016,0.0016
63.799974479999996,101.0,101.0016,0.0016
63.839974464,101.0,101.0016,0.0016
63.879974448000006,101.0,101.0016,0.0016
63.919974432,101.0,101.0017,0.0017
63.959974416,101.0,101.0017,0.0017
63.99997439999999,101.0,101.0018,0.0018
64.039974384,101.0,101.0018,0.0018
64.07997436800001,101.0,101.0018,0.0018
64.119974352,101.0,101.0018,0.0018
64.159974336,101.0,101.0018,0.0018
64.19997432000001,101.0,101.0018,0.0018
64.239974304,101.0,101.0018,0.0018
64.279974288,101.0,101.0019,0.0019
64.319974272,101.0,101.0019,0.0019
64.359974256,101.0,101.0019,0.0019
64.39997424,101.0,101.002,0.002
64.439974224,101.0,101.002,0.002
64.479974208,101.0,101.002,0.002
64.51997419199999,101.0,101.002,0.002
64.559974176,101.0,101.002,0.002
64.59997416,101.0,101.002,0.002
64.63997414399999,101.0,101.0021,0.0021
64.679974128,101.0,101.0021,0.0021
64.71997411199999,101.0,101.0021,0.0021
64.759974096,101.0,101.0022,0.0022
64.79997408,101.0,101.0022,0.0022
64.83997406399999,101.0,101.0022,0.0022
64.879974048,101.0,101.0022,0.0022
64.919974032,101.0,101.0021,0.0021
64.95997401599999,101.0,101.0021,0.0021
64.99997400000001,101.0,101.0022,0.0022
65.039973984,101.0,101.0022,0.0022
65.079973968,101.0,101.0022,0.0022
65.11997395200001,101.0,101.0022,0.0022
65.159973936,101.0,101.0022,0.0022
65.19997392,101.0,101.0022,0.0022
65.239973904,101.0,101.0022,0.0022
65.279973888,101.0,101.0022,0.0022
65.319973872,101.0,101.0022,0.0022
65.359973856,101.0,101.0022,0.0022
65.39997384,101.0,101.0022,0.0022
65.439973824,101.0,101.0022,0.0022
65.479973808,101.0,101.0022,0.0022
65.519973792,101.0,101.0023,0.0023
65.55997377599999,101.0,101.0023,0.0023
65.59997376,101.0,101.0023,0.0024
65.639973744,101.0,101.0023,0.0024
65.679973728,101.0,101.0023,0.0024
65.719973712,101.0,101.0024,0.0024
65.75997369599999,101.0,101.0024,0.0024
65.79997368,101.0,101.0024,0.0024
65.839973664,101.0,101.0024,0.0024
65.87997364799999,101.0,101.0024,0.0024
65.919973632,101.0,101.0024,0.0024
65.959973616,101.0,101.0024,0.0024
65.9999736,101.0,101.0024,0.0024
66.03997358400001,101.0,101.0024,0.0024
66.079973568,101.0,101.0025,0.0025
66.119973552,101.0,101.0025,0.0025
66.15997353600001,101.0,101.0025,0.0026
66.19997352,101.0,101.0026,0.0026
66.239973504,101.0,101.0026,0.0026
66.279973488,101.0,101.0026,0.0026
66.319973472,101.0,101.0026,0.0026
66.359973456,101.0,101.0026,0.0026
66.39997344,101.0,101.0026,0.0026
66.439973424,101.0,101.0026,0.0026
66.47997340799999,101.0,101.0026,0.0026
66.519973392,101.0,101.0026,0.0027
66.559973376,101.0,101.0026,0.0027
66.59997335999999,101.0,101.0026,0.0026
66.639973344,101.0,101.0026,0.0027
66.679973328,101.0,101.0027,0.0027
66.719973312,101.0,101.0027,0.0027
66.759973296,101.0,101.0027,0.0027
66.79997327999999,101.0,101.0027,0.0027
66.839973264,101.0,101.0027,0.0027
66.879973248,101.0,101.0027,0.0027
66.91997323199999,101.0,101.0027,0.0027
66.95997321600001,101.0,101.0027,0.0027
66.9999732,101.0,101.0027,0.0027
67.039973184,101.0,101.0028,0.0028
67.07997316800001,101.0,101.0028,0.0028
67.119973152,101.0,101.0028,0.0028
67.159973136,101.0,101.0028,0.0028
67.19997312,101.0,101.0028,0.0028
67.239973104,101.0,101.0028,0.0028
67.279973088,101.0,101.0028,0.0028
67.319973072,101.0,101.0028,0.0029
67.359973056,101.0,101.0029,0.0029
67.39997304,101.0,101.0028,0.0029
67.439973024,101.0,101.0029,0.0029
67.479973008,101.0,101.0029,0.0029
67.51997299199999,101.0,101.0029,0.0029
67.559972976,101.0,101.003,0.003
67.59997296,101.0,101.003,0.003
67.639972944,101.0,101.003,0.003
67.679972928,101.0,101.003,0.003
67.71997291199999,101.0,101.003,0.0031
67.759972896,101.0,101.003,0.003
67.79997288,101.0,101.003,0.003
67.83997286399999,101.0,101.003,0.0031
67.879972848,101.0,101.003,0.003
67.919972832,101.0,101.0031,0.0031
67.959972816,101.0,101.0031,0.0031
67.99997280000001,101.0,101.003,0.0031
68.039972784,101.0,101.0032,0.0032
68.079972768,101.0,101.0032,0.0032
68.11997275200001,101.0,101.0032,0.0032
68.159972736,101.0,101.0032,0.0032
68.19997272,101.0,101.0033,0.0033
68.239972704,101.0,101.0033,0.0034
68.279972688,101.0,101.0033,0.0034
68.319972672,101.0,101.0034,0.0034
68.359972656,101.0,101.0034,0.0034
68.39997264,101.0,101.0034,0.0034
68.43997262399999,101.0,101.0036,0.0036
68.479972608,101.0,101.0036,0.0036
68.519972592,101.0,101.0036,0.0037
68.55997257599999,101.0,101.0038,0.0038
68.59997256,101.0,101.0038,0.0038
68.639972544,101.0,101.0039,0.0039
68.679972528,101.0,101.0039,0.0039
68.719972512,101.0,101.0039,0.0039
68.75997249599999,101.0,101.004,0.004
68.79997248,101.0,101.004,0.004
68.839972464,101.0,101.004,0.004
68.87997244799999,101.0,101.004,0.004
68.919972432,101.0,101.004,0.004
68.959972416,101.0,101.004,0.004
68.9999724,101.0,101.004,0.004
69.03997238400001,101.0,101.004,0.004
69.079972368,101.0,101.0041,0.0041
69.119972352,101.0,101.0041,0.0041
69.15997233600001,101.0,101.0042,0.0042
69.19997232,101.0,101.0042,0.0042
69.239972304,101.0,101.0042,0.0042
69.279972288,101.0,101.0042,0.0042
69.319972272,101.0,101.0042,0.0042
69.359972256,101.0,101.0042,0.0042
69.39997224,101.0,101.0042,0.0042
69.439972224,101.0,101.0042,0.0042
69.47997220799999,101.0,101.0042,0.0042
69.519972192,101.0,101.0041,0.0041
69.559972176,101.0,101.0042,0.0042
69.59997216,101.0,101.0042,0.0042
69.639972144,101.0,101.0042,0.0042
69.67997212799999,101.0,101.0042,0.0042
69.719972112,101.0,101.0042,0.0042
69.759972096,101.0,101.0042,0.0042
69.79997207999999,101.0,101.0042,0.0042
69.839972064,101.0,101.0042,0.0042
69.879972048,101.0,101.0042,0.0042
69.91997203199999,101.0,101.0043,0.0043
69.95997201600001,101.0,101.0043,0.0043
69.999972,101.0,101.0043,0.0043
70.039971984,101.0,101.0043,0.0043
70.07997196800001,101.0,101.0043,0.0043
70.119971952,101.0,101.0042,0.0042
70.159971936,101.0,101.0043,0.0043
70.19997192,101.0,101.0042,0.0042
70.239971904,101.0,101.0042,0.0042
70.279971888,101.0,101.0042,0.0042
70.319971872,101.0,101.0042,0.0042
70.359971856,101.0,101.0042,0.0042
70.39997184,101.0,101.0042,0.0042
70.439971824,101.0,101.0043,0.0043
70.479971808,101.0,101.0043,0.0043
70.51997179199999,101.0,101.0043,0.0043
70.559971776,101.0,101.0044,0.0044
70.59997176,101.0,101.0044,0.0044
70.639971744,101.0,101.0044,0.0044
70.679971728,101.0,101.0044,0.0044
70.71997171199999,101.0,101.0044,0.0044
70.759971696,101.0,101.0044,0.0044
70.79997168,101.0,101.0044,0.0044
70.83997166399999,101.0,101.0045,0.0045
70.879971648,101.0,101.0045,0.0045
70.919971632,101.0,101.0045,0.0045
70.959971616,101.0,101.0045,0.0045
70.99997160000001,101.0,101.0045,0.0045
71.039971584,101.0,101.0046,0.0046
71.079971568,101.0,101.0045,0.0046
71.11997155200001,101.0,101.0045,0.0046
71.159971536,101.0,101.0046,0.0046
71.19997152,101.0,101.0046,0.0046
71.239971504,101.0,101.0046,0.0046
71.279971488,101.0,101.0046,0.0046
71.319971472,101.0,101.0046,0.0046
71.359971456,101.0,101.0046,0.0046
71.39997144,101.0,101.0046,0.0046
71.43997142399999,101.0,101.0046,0.0046
71.479971408,101.0,101.0046,0.0046
71.519971392,101.0,101.0046,0.0046
71.559971376,101.0,101.0046,0.0046
71.59997136,101.0,101.0046,0.0046
71.639971344,101.0,101.0046,0.0046
71.679971328,101.0,101.0046,0.0046
71.719971312,101.0,101.0046,0.0046
71.75997129599999,101.0,101.0046,0.0046
71.79997128,101.0,101.0046,0.0046
71.839971264,101.0,101.0046,0.0046
71.87997124799999,101.0,101.0046,0.0046
71.919971232,101.0,101.0046,0.0046
71.959971216,101.0,101.0046,0.0046
71.9999712,101.0,101.0047,0.0047
72.03997118400001,101.0,101.0048,0.0048
72.079971168,101.0,101.0048,0.0048
72.119971152,101.0,101.0049,0.0049
72.159971136,101.0,101.0049,0.0049
72.19997112,101.0,101.005,0.005
72.239971104,101.0,101.005,0.005
72.279971088,101.0,101.005,0.005
72.319971072,101.0,101.005,0.005
72.359971056,101.0,101.005,0.0051
72.39997104,101.0,101.0051,0.0051
72.439971024,101.0,101.0051,0.0051
72.47997100799999,101.0,101.0052,0.0052
72.519970992,101.0,101.0051,0.0051
72.559970976,101.0,101.0052,0.0052
72.59997096,101.0,101.0052,0.0052
72.639970944,101.0,101.0052,0.0053
72.67997092799999,101.0,101.0053,0.0053
72.719970912,101.0,101.0053,0.0053
72.759970896,101.0,101.0053,0.0054
72.79997087999999,101.0,101.0054,0.0054
72.839970864,101.0,101.0054,0.0054
72.879970848,101.0,101.0054,0.0055
72.919970832,101.0,101.0054,0.0055
72.95997081600001,101.0,101.0055,0.0055
72.9999708,101.0,101.0055,0.0056
73.039970784,101.0,101.0056,0.0056
73.07997076800001,101.0,101.0056,0.0056
73.119970752,101.0,101.0056,0.0056
73.159970736,101.0,101.0056,0.0056
73.19997072,101.0,101.0057,0.0057
73.239970704,101.0,101.0057,0.0057
73.279970688,101.0,101.0058,0.0058
73.319970672,101.0,101.0058,0.0058
73.359970656,101.0,101.0058,0.0058
73.39997063999999,101.0,101.0058,0.0058
73.439970624,101.0,101.0058,0.0059
73.479970608,101.0,101.0059,0.0059
73.51997059199999,101.0,101.0059,0.0059
73.559970576,101.0,101.006,0.006
73.59997056,101.0,101.006,0.006
73.639970544,101.0,101.006,0.006
73.679970528,101.0,101.0061,0.0061
73.71997051199999,101.0,101.006,0.006
73.759970496,101.0,101.006,0.006
73.79997048,101.0,101.006,0.006
73.83997046399999,101.0,101.006,0.006
73.879970448,101.0,101.0061,0.0061
73.919970432,101.0,101.0061,0.0061
73.959970416,101.0,101.0061,0.0061
73.99997040000001,101.0,101.0061,0.0061
74.039970384,101.0,101.0061,0.0061
74.079970368,101.0,101.0061,0.0061
74.11997035200001,101.0,101.0061,0.0061
74.159970336,101.0,101.0061,0.0062
74.19997032,101.0,101.0062,0.0062
74.239970304,101.0,101.0061,0.0062
74.279970288,101.0,101.0062,0.0062
74.319970272,101.0,101.0061,0.0061
74.359970256,101.0,101.0062,0.0062
74.39997024,101.0,101.0062,0.0062
74.43997022399999,101.0,101.0062,0.0062
74.479970208,101.0,101.0062,0.0062
74.519970192,101.0,101.0062,0.0062
74.559970176,101.0,101.0062,0.0062
74.59997016,101.0,101.0062,0.0062
74.63997014399999,101.0,101.0062,0.0062
74.679970128,101.0,101.0062,0.0062
74.719970112,101.0,101.0062,0.0062
74.75997009599999,101.0,101.0062,0.0062
74.79997008,101.0,101.0061,0.0061
74.839970064,101.0,101.0061,0.0061
74.87997004799999,101.0,101.0061,0.0061
74.91997003200001,101.0,101.0061,0.0061
74.959970016,101.0,101.0061,0.0061
74.99997,101.0,101.0061,0.0061
75.03996998400001,101.0,101.0061,0.0061
75.079969968,101.0,101.0061,0.0061
75.119969952,101.0,101.0061,0.0061
75.159969936,101.0,101.0061,0.0061
75.19996992,101.0,101.0061,0.0061
75.239969904,101.0,101.006,0.006
75.279969888,101.0,101.006,0.006
75.319969872,101.0,101.006,0.006
75.359969856,101.0,101.0059,0.0059
75.39996984,101.0,101.0059,0.0059
75.439969824,101.0,101.0058,0.0058
75.47996980799999,101.0,101.0058,0.0058
75.519969792,101.0,101.0057,0.0057
75.559969776,101.0,101.0057,0.0057
75.59996976,101.0,101.0057,0.0057
75.639969744,101.0,101.0057,0.0057
75.67996972799999,101.0,101.0057,0.0057
75.719969712,101.0,101.0057,0.0057
75.759969696,101.0,101.0056,0.0056
75.79996967999999,101.0,101.0056,0.0056
75.839969664,101.0,101.0056,0.0056
75.879969648,101.0,101.0056,0.0056
75.919969632,101.0,101.0056,0.0056
75.95996961600001,101.0,101.0055,0.0056
75.9999696,101.0,101.0055,0.0055
76.039969584,101.0,101.0055,0.0056
76.07996956800001,101.0,101.0055,0.0055
76.119969552,101.0,101.0054,0.0055
76.159969536,101.0,101.0054,0.0055
76.19996952,101.0,101.0054,0.0054
76.239969504,101.0,101.0054,0.0054
76.279969488,101.0,101.0054,0.0054
76.319969472,101.0,101.0054,0.0054
76.359969456,101.0,101.0054,0.0054
76.39996943999999,101.0,101.0054,0.0054
76.439969424,101.0,101.0054,0.0054
76.479969408,101.0,101.0054,0.0054
76.519969392,101.0,101.0054,0.0054
76.559969376,101.0,101.0054,0.0054
76.59996935999999,101.0,101.0054,0.0054
76.639969344,101.0,101.0053,0.0054
76.679969328,101.0,101.0053,0.0053
76.71996931199999,101.0,101.0053,0.0053
76.759969296,101.0,101.0053,0.0053
76.79996928,101.0,101.0052,0.0053
76.83996926399999,101.0,101.0052,0.0052
76.87996924800001,101.0,101.0052,0.0052
76.919969232,101.0,101.0052,0.0052
76.959969216,101.0,101.0052,0.0052
76.99996920000001,101.0,101.0052,0.0052
77.039969184,101.0,101.0052,0.0052
77.079969168,101.0,101.0052,0.0052
77.119969152,101.0,101.0052,0.0052
77.159969136,101.0,101.0052,0.0052
77.19996912,101.0,101.0052,0.0052
77.239969104,101.0,101.0052,0.0052
77.279969088,101.0,101.0052,0.0052
77.319969072,101.0,101.0052,0.0052
77.359969056,101.0,101.0052,0.0052
77.39996904,101.0,101.0052,0.0052
77.43996902399999,101.0,101.0052,0.0052
77.479969008,101.0,101.0052,0.0052
77.519968992,101.0,101.0052,0.0053
77.559968976,101.0,101.0052,0.0052
77.59996896,101.0,101.0052,0.0052
77.63996894399999,101.0,101.0052,0.0052
77.679968928,101.0,101.0052,0.0052
77.719968912,101.0,101.0052,0.0052
77.75996889599999,101.0,101.0052,0.0052
77.79996888,101.0,101.0052,0.0052
77.83996886399999,101.0,101.0052,0.0052
77.879968848,101.0,101.0052,0.0052
77.91996883200001,101.0,101.0052,0.0052
77.959968816,101.0,101.0052,0.0052
77.9999688,101.0,101.0052,0.0053
78.03996878400001,101.0,101.0052,0.0053
78.079968768,101.0,101.0052,0.0053
78.119968752,101.0,101.0052,0.0053
78.159968736,101.0,101.0052,0.0052
78.19996872,101.0,101.0052,0.0052
78.239968704,101.0,101.0052,0.0052
78.279968688,101.0,101.0052,0.0052
78.319968672,101.0,101.0052,0.0052
78.35996865599999,101.0,101.0052,0.0052
78.39996864,101.0,101.0052,0.0052
78.439968624,101.0,101.0052,0.0052
78.479968608,101.0,101.0052,0.0052
78.519968592,101.0,101.0051,0.0051
78.559968576,101.0,101.0051,0.0051
78.59996856,101.0,101.0052,0.0052
78.639968544,101.0,101.0052,0.0052
78.67996852799999,101.0,101.0052,0.0052
78.719968512,101.0,101.0052,0.0052
78.759968496,101.0,101.0052,0.0052
78.79996847999999,101.0,101.0052,0.0052
78.839968464,101.0,101.0052,0.0052
78.879968448,101.0,101.0052,0.0052
78.919968432,101.0,101.0052,0.0052
78.95996841600001,101.0,101.0051,0.0051
78.9999684,101.0,101.0052,0.0052
79.039968384,101.0,101.0052,0.0052
79.079968368,101.0,101.0052,0.0052
79.119968352,101.0,101.0052,0.0052
79.159968336,101.0,101.0052,0.0052
79.19996832,101.0,101.0052,0.0052
79.239968304,101.0,101.0052,0.0052
79.279968288,101.0,101.0052,0.0052
79.319968272,101.0,101.0052,0.0052
79.359968256,101.0,101.0051,0.0051
79.39996823999999,101.0,101.0051,0.0051
79.439968224,101.0,101.0051,0.0051
79.479968208,101.0,101.0051,0.0051
79.519968192,101.0,101.005,0.0051
79.559968176,101.0,101.005,0.005
79.59996815999999,101.0,101.005,0.005
79.639968144,101.0,101.005,0.005
79.679968128,101.0,101.005,0.005
79.71996811199999,101.0,101.0051,0.0051
79.759968096,101.0,101.005,0.005
79.79996808,101.0,101.005,0.005
79.83996806399999,101.0,101.005,0.005
79.87996804800001,101.0,101.005,0.005
79.919968032,101.0,101.005,0.005
79.959968016,101.0,101.005,0.005
79.99996800000001,101.0,101.005,0.005
80.039967984,101.0,101.005,0.005
80.079967968,101.0,101.005,0.005
80.119967952,101.0,101.0049,0.0049
80.159967936,101.0,101.0049,0.0049
80.19996792,101.0,101.0049,0.0049
80.239967904,101.0,101.0049,0.0049
80.279967888,101.0,101.0049,0.0049
80.31996787199999,101.0,101.0049,0.0049
80.359967856,101.0,101.0049,0.0049
80.39996784,101.0,101.0049,0.0049
80.439967824,101.0,101.0048,0.0049
80.479967808,101.0,101.0049,0.0049
80.519967792,101.0,101.0048,0.0049
80.559967776,101.0,101.0048,0.0048
80.59996776,101.0,101.0048,0.0048
80.63996774399999,101.0,101.0047,0.0047
80.679967728,101.0,101.0047,0.0047
80.719967712,101.0,101.0047,0.0047
80.75996769599999,101.0,101.0047,0.0047
80.79996768,101.0,101.0048,0.0048
80.839967664,101.0,101.0048,0.0048
80.879967648,101.0,101.0047,0.0047
80.91996763200001,101.0,101.0047,0.0047
80.959967616,101.0,101.0047,0.0047
80.9999676,101.0,101.0048,0.0048
81.03996758400001,101.0,101.0048,0.0048
81.079967568,101.0,101.0048,0.0048
81.119967552,101.0,101.0047,0.0047
81.159967536,101.0,101.0047,0.0047
81.19996752,101.0,101.0047,0.0047
81.239967504,101.0,101.0047,0.0047
81.279967488,101.0,101.0046,0.0046
81.319967472,101.0,101.0047,0.0047
81.35996745599999,101.0,101.0047,0.0047
81.39996744,101.0,101.0047,0.0047
81.439967424,101.0,101.0047,0.0047
81.479967408,101.0,101.0047,0.0047
81.519967392,101.0,101.0047,0.0047
81.55996737599999,101.0,101.0047,0.0047
81.59996736,101.0,101.0047,0.0047
81.639967344,101.0,101.0047,0.0047
81.67996732799999,101.0,101.0048,0.0048
81.719967312,101.0,101.0048,0.0048
81.759967296,101.0,101.0047,0.0047
81.79996727999999,101.0,101.0047,0.0047
81.839967264,101.0,101.0047,0.0047
81.879967248,101.0,101.0047,0.0047
81.919967232,101.0,101.0046,0.0046
81.95996721600001,101.0,101.0046,0.0046
81.9999672,101.0,101.0045,0.0046
82.039967184,101.0,101.0045,0.0045
82.079967168,101.0,101.0045,0.0045
82.119967152,101.0,101.0045,0.0045
82.159967136,101.0,101.0045,0.0045
82.19996712,101.0,101.0045,0.0045
82.239967104,101.0,101.0045,0.0045
82.279967088,101.0,101.0045,0.0045
82.319967072,101.0,101.0045,0.0045
82.359967056,101.0,101.0044,0.0044
82.39996703999999,101.0,101.0044,0.0044
82.439967024,101.0,101.0043,0.0044
82.479967008,101.0,101.0043,0.0043
82.519966992,101.0,101.0043,0.0043
82.559966976,101.0,101.0043,0.0043
82.59996695999999,101.0,101.0043,0.0043
82.639966944,101.0,101.0043,0.0043
82.679966928,101.0,101.0042,0.0043
82.71996691199999,101.0,101.0043,0.0043
82.759966896,101.0,101.0042,0.0042
82.79996687999999,101.0,101.0042,0.0043
82.839966864,101.0,101.0042,0.0042
82.87996684800001,101.0,101.0042,0.0042
82.919966832,101.0,101.0042,0.0042
82.959966816,101.0,101.0042,0.0042
82.99996680000001,101.0,101.0042,0.0042
83.039966784,101.0,101.0042,0.0042
83.079966768,101.0,101.0042,0.0042
83.119966752,101.0,101.0042,0.0042
83.159966736,101.0,101.0041,0.0041
83.19996672,101.0,101.0042,0.0042
83.239966704,101.0,101.0041,0.0041
83.279966688,101.0,101.0041,0.0041
83.31996667199999,101.0,101.0041,0.0041
83.359966656,101.0,101.0041,0.0041
83.39996664,101.0,101.0041,0.0041
83.439966624,101.0,101.0041,0.0041
83.479966608,101.0,101.004,0.004
83.519966592,101.0,101.004,0.004
83.559966576,101.0,101.004,0.004
83.59996656,101.0,101.0039,0.0039
83.63996654399999,101.0,101.0039,0.0039
83.679966528,101.0,101.0039,0.0039
83.719966512,101.0,101.0039,0.0039
83.75996649599999,101.0,101.0039,0.0039
83.79996648,101.0,101.0039,0.0039
83.839966464,101.0,101.0039,0.0039
83.879966448,101.0,101.0039,0.0039
83.91996643200001,101.0,101.0038,0.0038
83.959966416,101.0,101.0038,0.0038
83.9999664,101.0,101.0038,0.0038
84.039966384,101.0,101.0037,0.0037
84.079966368,101.0,101.0038,0.0038
84.119966352,101.0,101.0037,0.0037
84.159966336,101.0,101.0037,0.0037
84.19996632,101.0,101.0037,0.0037
84.239966304,101.0,101.0037,0.0037
84.279966288,101.0,101.0037,0.0037
84.319966272,101.0,101.0037,0.0037
84.35996625599999,101.0,101.0037,0.0037
84.39996624,101.0,101.0037,0.0037
84.439966224,101.0,101.0037,0.0037
84.479966208,101.0,101.0037,0.0037
84.519966192,101.0,101.0037,0.0037
84.55996617599999,101.0,101.0037,0.0037
84.59996616,101.0,101.0037,0.0037
84.639966144,101.0,101.0037,0.0037
84.67996612799999,101.0,101.0036,0.0037
84.719966112,101.0,101.0036,0.0036
84.759966096,101.0,101.0036,0.0036
84.79996607999999,101.0,101.0035,0.0035
84.83996606400001,101.0,101.0035,0.0035
84.879966048,101.0,101.0035,0.0035
84.919966032,101.0,101.0035,0.0035
84.95996601600001,101.0,101.0035,0.0035
84.999966,101.0,101.0035,0.0035
85.039965984,101.0,101.0035,0.0035
85.079965968,101.0,101.0035,0.0035
85.119965952,101.0,101.0035,0.0035
85.159965936,101.0,101.0035,0.0035
85.19996592,101.0,101.0035,0.0035
85.239965904,101.0,101.0035,0.0035
85.27996588799999,101.0,101.0035,0.0035
85.319965872,101.0,101.0035,0.0035
85.359965856,101.0,101.0035,0.0035
85.39996584,101.0,101.0035,0.0035
85.439965824,101.0,101.0035,0.0035
85.479965808,101.0,101.0035,0.0035
85.519965792,101.0,101.0036,0.0036
85.559965776,101.0,101.0036,0.0036
85.59996575999999,101.0,101.0036,0.0036
85.639965744,101.0,101.0036,0.0037
85.679965728,101.0,101.0037,0.0037
85.71996571199999,101.0,101.0037,0.0037
85.759965696,101.0,101.0037,0.0037
85.79996568,101.0,101.0038,0.0038
85.839965664,101.0,101.0038,0.0038
85.87996564800001,101.0,101.0038,0.0038
85.919965632,101.0,101.0038,0.0038
85.959965616,101.0,101.0038,0.0038
85.99996560000001,101.0,101.0038,0.0038
86.039965584,101.0,101.0038,0.0038
86.079965568,101.0,101.0038,0.0038
86.119965552,101.0,101.0038,0.0038
86.159965536,101.0,101.0038,0.0038
86.19996552,101.0,101.0038,0.0038
86.239965504,101.0,101.0038,0.0038
86.279965488,101.0,101.0038,0.0038
86.31996547199999,101.0,101.0038,0.0038
86.359965456,101.0,101.0038,0.0038
86.39996544,101.0,101.0038,0.0038
86.439965424,101.0,101.0038,0.0038
86.479965408,101.0,101.0038,0.0038
86.51996539199999,101.0,101.0039,0.0039
86.559965376,101.0,101.0038,0.0038
86.59996536,101.0,101.0039,0.0039
86.63996534399999,101.0,101.0038,0.0038
86.679965328,101.0,101.0039,0.0039
86.719965312,101.0,101.0039,0.0039
86.75996529599999,101.0,101.0039,0.0039
86.79996528000001,101.0,101.0038,0.0038
86.839965264,101.0,101.0039,0.0039
86.879965248,101.0,101.0039,0.0039
86.91996523200001,101.0,101.0038,0.0038
86.959965216,101.0,101.0038,0.0038
86.9999652,101.0,101.0038,0.0038
87.039965184,101.0,101.0038,0.0038
87.079965168,101.0,101.0038,0.0038
87.119965152,101.0,101.0038,0.0038
87.159965136,101.0,101.0038,0.0038
87.19996512,101.0,101.0038,0.0038
87.239965104,101.0,101.0038,0.0038
87.279965088,101.0,101.0038,0.0038
87.319965072,101.0,101.0038,0.0038
87.359965056,101.0,101.0038,0.0038
87.39996504,101.0,101.0037,0.0037
87.439965024,101.0,101.0037,0.0037
87.479965008,101.0,101.0037,0.0037
87.519964992,101.0,101.0037,0.0037
87.55996497599999,101.0,101.0037,0.0037
87.59996496,101.0,101.0037,0.0037
87.639964944,101.0,101.0037,0.0037
87.67996492799999,101.0,101.0037,0.0037
87.719964912,101.0,101.0036,0.0037
87.75996489599999,101.0,101.0036,0.0036
87.79996488,101.0,101.0036,0.0036
87.83996486400001,101.0,101.0036,0.0036
87.879964848,101.0,101.0035,0.0035
87.919964832,101.0,101.0035,0.0035
87.95996481600001,101.0,101.0035,0.0035
87.9999648,101.0,101.0035,0.0035
88.039964784,101.0,101.0035,0.0035
88.079964768,101.0,101.0035,0.0035
88.119964752,101.0,101.0035,0.0035
88.159964736,101.0,101.0035,0.0035
88.19996472,101.0,101.0035,0.0035
88.239964704,101.0,101.0035,0.0035
88.27996468799999,101.0,101.0035,0.0035
88.319964672,101.0,101.0035,0.0035
88.359964656,101.0,101.0035,0.0035
88.39996464,101.0,101.0035,0.0035
88.439964624,101.0,101.0035,0.0035
88.47996460799999,101.0,101.0035,0.0035
88.519964592,101.0,101.0035,0.0035
88.559964576,101.0,101.0035,0.0035
88.59996455999999,101.0,101.0035,0.0035
88.639964544,101.0,101.0035,0.0035
88.679964528,101.0,101.0035,0.0035
88.71996451199999,101.0,101.0034,0.0034
88.759964496,101.0,101.0034,0.0034
88.79996448,101.0,101.0034,0.0034
88.839964464,101.0,101.0034,0.0035
88.87996444800001,101.0,101.0035,0.0035
88.919964432,101.0,101.0035,0.0035
88.959964416,101.0,101.0035,0.0035
88.9999644,101.0,101.0034,0.0034
89.039964384,101.0,101.0035,0.0035
89.079964368,101.0,101.0034,0.0035
89.119964352,101.0,101.0035,0.0035
89.159964336,101.0,101.0034,0.0035
89.19996432,101.0,101.0034,0.0034
89.239964304,101.0,101.0034,0.0034
89.279964288,101.0,101.0034,0.0035
89.31996427199999,101.0,101.0034,0.0035
89.359964256,101.0,101.0034,0.0034
89.39996424,101.0,101.0034,0.0034
89.439964224,101.0,101.0034,0.0035
89.479964208,101.0,101.0034,0.0034
89.51996419199999,101.0,101.0035,0.0035
89.559964176,101.0,101.0035,0.0035
89.59996416,101.0,101.0034,0.0034
89.63996414399999,101.0,101.0034,0.0035
89.679964128,101.0,101.0034,0.0035
89.71996411199999,101.0,101.0035,0.0035
89.75996409599999,101.0,101.0035,0.0035
89.79996408000001,101.0,101.0035,0.0035
89.839964064,101.0,101.0036,0.0036
89.879964048,101.0,101.0036,0.0036
89.91996403200001,101.0,101.0036,0.0036
89.959964016,101.0,101.0036,0.0036
89.999964,101.0,101.0036,0.0036
90.039963984,101.0,101.0037,0.0037
90.079963968,101.0,101.0037,0.0037
90.119963952,101.0,101.0037,0.0037
90.159963936,101.0,101.0038,0.0038
90.19996392,101.0,101.0038,0.0038
90.23996390399999,101.0,101.0038,0.0038
90.279963888,101.0,101.0038,0.0038
90.319963872,101.0,101.0038,0.0038
90.359963856,101.0,101.0039,0.0039
90.39996384,101.0,101.0039,0.0039
90.439963824,101.0,101.004,0.004
90.479963808,101.0,101.004,0.004
90.519963792,101.0,101.004,0.004
90.55996377599999,101.0,101.004,0.004
90.59996376,101.0,101.004,0.004
90.639963744,101.0,101.0041,0.0041
90.67996372799999,101.0,101.0041,0.0041
90.719963712,101.0,101.0041,0.0041
90.759963696,101.0,101.0041,0.0041
90.79996368,101.0,101.0041,0.0041
90.83996366400001,101.0,101.0042,0.0042
90.879963648,101.0,101.0042,0.0042
90.919963632,101.0,101.0042,0.0042
90.959963616,101.0,101.0043,0.0043
90.9999636,101.0,101.0043,0.0043
91.039963584,101.0,101.0043,0.0044
91.079963568,101.0,101.0044,0.0044
91.119963552,101.0,101.0045,0.0045
91.159963536,101.0,101.0046,0.0046
91.19996352,101.0,101.0046,0.0046
91.239963504,101.0,101.0046,0.0046
91.27996348799999,101.0,101.0046,0.0046
91.319963472,101.0,101.0046,0.0046
91.359963456,101.0,101.0046,0.0046
91.39996344,101.0,101.0046,0.0046
91.439963424,101.0,101.0046,0.0046
91.47996340799999,101.0,101.0046,0.0046
91.519963392,101.0,101.0047,0.0047
91.559963376,101.0,101.0047,0.0047
91.59996335999999,101.0,101.0047,0.0047
91.639963344,101.0,101.0047,0.0047
91.679963328,101.0,101.0048,0.0048
91.71996331199999,101.0,101.0048,0.0048
91.759963296,101.0,101.0048,0.0049
91.79996328,101.0,101.0048,0.0048
91.839963264,101.0,101.0049,0.0049
91.87996324800001,101.0,101.0049,0.0049
91.919963232,101.0,101.0049,0.0049
91.959963216,101.0,101.0049,0.0049
91.9999632,101.0,101.0049,0.0049
92.039963184,101.0,101.0049,0.0049
92.079963168,101.0,101.0049,0.0049
92.119963152,101.0,101.0049,0.0049
92.159963136,101.0,101.005,0.005
92.19996311999999,101.0,101.005,0.005
92.239963104,101.0,101.005,0.005
92.279963088,101.0,101.005,0.0051
92.319963072,101.0,101.005,0.005
92.359963056,101.0,101.005,0.0051
92.39996304,101.0,101.005,0.005
92.439963024,101.0,101.005,0.0051
92.479963008,101.0,101.005,0.005
92.51996299199999,101.0,101.005,0.005
92.559962976,101.0,101.005,0.0051
92.59996296,101.0,101.005,0.0051
92.63996294399999,101.0,101.0051,0.0051
92.679962928,101.0,101.005,0.0051
92.71996291199999,101.0,101.005,0.005
92.759962896,101.0,101.0051,0.0051
92.79996288000001,101.0,101.0051,0.0051
92.839962864,101.0,101.0051,0.0051
92.879962848,101.0,101.0051,0.0051
92.91996283200001,101.0,101.0051,0.0051
92.959962816,101.0,101.0051,0.0051
92.9999628,101.0,101.0051,0.0051
93.039962784,101.0,101.0051,0.0051
93.079962768,101.0,101.0051,0.0051
93.119962752,101.0,101.0051,0.0051
93.159962736,101.0,101.0051,0.0051
93.19996272,101.0,101.0051,0.0051
93.23996270399999,101.0,101.0051,0.0051
93.279962688,101.0,101.0051,0.0051
93.319962672,101.0,101.0051,0.0051
93.359962656,101.0,101.0051,0.0051
93.39996264,101.0,101.0051,0.0051
93.43996262399999,101.0,101.0051,0.0051
93.479962608,101.0,101.0051,0.0051
93.519962592,101.0,101.005,0.0051
93.55996257599999,101.0,101.005,0.005
93.59996256,101.0,101.005,0.005
93.639962544,101.0,101.005,0.005
93.67996252799999,101.0,101.005,0.005
93.719962512,101.0,101.0049,0.0049
93.759962496,101.0,101.0049,0.0049
93.79996248,101.0,101.0049,0.0049
93.83996246400001,101.0,101.0049,0.0049
93.879962448,101.0,101.0049,0.0049
93.919962432,101.0,101.0049,0.0049
93.959962416,101.0,101.0049,0.0049
93.9999624,101.0,101.0049,0.0049
94.039962384,101.0,101.0049,0.0049
94.079962368,101.0,101.0049,0.0049
94.119962352,101.0,101.0049,0.0049
94.159962336,101.0,101.0049,0.0049
94.19996232,101.0,101.0049,0.0049
94.239962304,101.0,101.0049,0.0049
94.279962288,101.0,101.0049,0.0049
94.319962272,101.0,101.0048,0.0048
94.359962256,101.0,101.0048,0.0048
94.39996224,101.0,101.0047,0.0047
94.439962224,101.0,101.0047,0.0047
94.47996220799999,101.0,101.0047,0.0047
94.519962192,101.0,101.0046,0.0046
94.559962176,101.0,101.0046,0.0046
94.59996215999999,101.0,101.0046,0.0046
94.639962144,101.0,101.0046,0.0046
94.67996212799999,101.0,101.0045,0.0046
94.71996211199999,101.0,101.0045,0.0045
94.75996209600001,101.0,101.0045,0.0045
94.79996208,101.0,101.0045,0.0045
94.839962064,101.0,101.0045,0.0045
94.87996204800001,101.0,101.0045,0.0045
94.919962032,101.0,101.0044,0.0044
94.959962016,101.0,101.0044,0.0044
94.999962,101.0,101.0043,0.0043
95.039961984,101.0,101.0043,0.0043
95.079961968,101.0,101.0043,0.0043
95.119961952,101.0,101.0042,0.0042
95.159961936,101.0,101.0042,0.0042
95.19996191999999,101.0,101.0041,0.0042
95.239961904,101.0,101.0041,0.0041
95.279961888,101.0,101.0041,0.0041
95.319961872,101.0,101.004,0.004
95.359961856,101.0,101.004,0.004
95.39996184,101.0,101.0039,0.0039
95.439961824,101.0,101.0039,0.0039
95.479961808,101.0,101.0039,0.0039
95.51996179199999,101.0,101.0038,0.0038
95.559961776,101.0,101.0038,0.0038
95.59996176,101.0,101.0038,0.0038
95.63996174399999,101.0,101.0037,0.0037
95.679961728,101.0,101.0037,0.0037
95.719961712,101.0,101.0037,0.0037
95.759961696,101.0,101.0036,0.0037
95.79996168000001,101.0,101.0036,0.0036
95.839961664,101.0,101.0036,0.0036
95.879961648,101.0,101.0036,0.0036
95.919961632,101.0,101.0036,0.0036
95.959961616,101.0,101.0035,0.0035
95.9999616,101.0,101.0035,0.0035
96.039961584,101.0,101.0034,0.0035
96.079961568,101.0,101.0034,0.0034
96.119961552,101.0,101.0034,0.0034
96.159961536,101.0,101.0034,0.0034
96.19996152,101.0,101.0034,0.0034
96.239961504,101.0,101.0033,0.0033
96.279961488,101.0,101.0034,0.0034
96.319961472,101.0,101.0034,0.0034
96.359961456,101.0,101.0033,0.0033
96.39996144,101.0,101.0033,0.0033
96.43996142399999,101.0,101.0032,0.0033
96.479961408,101.0,101.0032,0.0032
96.519961392,101.0,101.0032,0.0032
96.55996137599999,101.0,101.0031,0.0031
96.59996136,101.0,101.0031,0.0031
96.639961344,101.0,101.003,0.0031
96.67996132799999,101.0,101.003,0.003
96.71996131200001,101.0,101.003,0.003
96.759961296,101.0,101.003,0.003
96.79996128,101.0,101.003,0.003
96.83996126400001,101.0,101.003,0.003
96.879961248,101.0,101.003,0.003
96.919961232,101.0,101.0029,0.0029
96.959961216,101.0,101.0029,0.0029
96.9999612,101.0,101.0029,0.0029
97.039961184,101.0,101.0028,0.0029
97.079961168,101.0,101.0028,0.0028
97.119961152,101.0,101.0028,0.0028
97.15996113599999,101.0,101.0028,0.0028
97.19996112,101.0,101.0028,0.0028
97.239961104,101.0,101.0027,0.0027
97.279961088,101.0,101.0027,0.0027
97.319961072,101.0,101.0027,0.0027
97.359961056,101.0,101.0026,0.0026
97.39996104,101.0,101.0026,0.0026
97.439961024,101.0,101.0026,0.0026
97.47996100799999,101.0,101.0025,0.0025
97.519960992,101.0,101.0025,0.0025
97.559960976,101.0,101.0025,0.0025
97.59996095999999,101.0,101.0025,0.0025
97.639960944,101.0,101.0026,0.0026
97.67996092799999,101.0,101.0026,0.0026
97.719960912,101.0,101.0026,0.0026
97.75996089600001,101.0,101.0026,0.0026
97.79996088,101.0,101.0026,0.0026
97.839960864,101.0,101.0026,0.0026
97.87996084800001,101.0,101.0026,0.0027
97.919960832,101.0,101.0026,0.0027
97.959960816,101.0,101.0027,0.0027
97.9999608,101.0,101.0027,0.0027
98.039960784,101.0,101.0027,0.0027
98.079960768,101.0,101.0027,0.0027
98.119960752,101.0,101.0027,0.0027
98.159960736,101.0,101.0028,0.0028
98.19996071999999,101.0,101.0028,0.0028
98.239960704,101.0,101.0028,0.0028
98.279960688,101.0,101.0029,0.0029
98.319960672,101.0,101.0029,0.0029
98.359960656,101.0,101.0028,0.0028
98.39996063999999,101.0,101.0028,0.0028
98.439960624,101.0,101.0028,0.0028
98.479960608,101.0,101.0028,0.0028
98.51996059199999,101.0,101.0028,0.0028
98.559960576,101.0,101.0028,0.0028
98.59996056,101.0,101.0028,0.0028
98.63996054399999,101.0,101.0028,0.0028
98.679960528,101.0,101.0029,0.0029
98.719960512,101.0,101.0029,0.0029
98.759960496,101.0,101.0029,0.0029
98.79996048000001,101.0,101.0029,0.0029
98.839960464,101.0,101.0029,0.0029
98.879960448,101.0,101.0029,0.0029
98.919960432,101.0,101.003,0.003
98.959960416,101.0,101.003,0.003
98.9999604,101.0,101.003,0.003
99.039960384,101.0,101.003,0.003
99.079960368,101.0,101.003,0.003
99.119960352,101.0,101.003,0.003
99.159960336,101.0,101.003,0.003
99.19996032,101.0,101.003,0.003
99.239960304,101.0,101.003,0.003
99.279960288,101.0,101.003,0.003
99.319960272,101.0,101.003,0.003
99.359960256,101.0,101.003,0.003
99.39996024,101.0,101.003,0.003
99.43996022399999,101.0,101.003,0.003
99.479960208,101.0,101.003,0.003
99.519960192,101.0,101.0029,0.0029
99.55996017599999,101.0,101.003,0.003
99.59996016,101.0,101.003,0.003
99.63996014399999,101.0,101.003,0.003
99.67996012799999,101.0,101.003,0.003
99.71996011200001,101.0,101.003,0.003
99.759960096,101.0,101.003,0.003
99.79996008,101.0,101.003,0.003
99.83996006400001,101.0,101.0031,0.0031
99.879960048,101.0,101.0031,0.0031
99.919960032,101.0,101.0031,0.0031
99.959960016,101.0,101.0032,0.0032
99.99996,101.0,101.0032,0.0032
100.039959984,101.0,101.0032,0.0032
100.079959968,101.0,101.0032,0.0033
100.119959952,101.0,101.0033,0.0033
100.15995993599999,101.0,101.0033,0.0033
100.19995992,101.0,101.0034,0.0034
100.239959904,101.0,101.0033,0.0033
100.279959888,101.0,101.0034,0.0034
100.319959872,101.0,101.0034,0.0034
100.35995985599999,101.0,101.0034,0.0035
100.39995984,101.0,101.0035,0.0035
100.439959824,101.0,101.0034,0.0034
100.47995980799999,101.0,101.0034,0.0035
100.519959792,101.0,101.0034,0.0034
100.559959776,101.0,101.0034,0.0035
100.59995975999999,101.0,101.0034,0.0034
100.639959744,101.0,101.0034,0.0034
100.679959728,101.0,101.0034,0.0034
100.719959712,101.0,101.0034,0.0034
100.75995969600001,101.0,101.0034,0.0034
100.79995968,101.0,101.0034,0.0034
100.839959664,101.0,101.0033,0.0034
100.879959648,101.0,101.0034,0.0034
100.919959632,101.0,101.0034,0.0034
100.959959616,101.0,101.0033,0.0034
100.9999596,101.0,101.0033,0.0033
101.039959584,101.0,101.0033,0.0033
101.079959568,101.0,101.0033,0.0033
101.119959552,101.0,101.0033,0.0033
101.159959536,101.0,101.0033,0.0034
101.19995952,101.0,101.0034,0.0034
101.239959504,101.0,101.0033,0.0033
101.279959488,101.0,101.0033,0.0033
101.319959472,101.0,101.0033,0.0033
101.359959456,101.0,101.0033,0.0033
101.39995943999999,101.0,101.0032,0.0033
101.439959424,101.0,101.0032,0.0032
101.479959408,101.0,101.0032,0.0032
101.51995939199999,101.0,101.0032,0.0032
101.559959376,101.0,101.0032,0.0033
101.59995935999999,101.0,101.0033,0.0033
101.63995934399999,101.0,101.0033,0.0033
101.679959328,101.0,101.0033,0.0033
101.719959312,101.0,101.0032,0.0033
101.759959296,101.0,101.0032,0.0032
101.79995928000001,101.0,101.0032,0.0032
101.839959264,101.0,101.0032,0.0032
101.879959248,101.0,101.0031,0.0031
101.919959232,101.0,101.0031,0.0031
101.959959216,101.0,101.0031,0.0031
101.9999592,101.0,101.0031,0.0031
102.039959184,101.0,101.003,0.003
102.079959168,101.0,101.003,0.003
102.11995915199999,101.0,101.003,0.003
102.159959136,101.0,101.0029,0.0029
102.19995912,101.0,101.0029,0.0029
102.239959104,101.0,101.0029,0.0029
102.279959088,101.0,101.0029,0.0029
102.319959072,101.0,101.0029,0.0029
102.359959056,101.0,101.0028,0.0028
102.39995904,101.0,101.0028,0.0028
102.43995902399999,101.0,101.0028,0.0028
102.479959008,101.0,101.0027,0.0028
102.519958992,101.0,101.0027,0.0028
102.55995897599999,101.0,101.0027,0.0027
102.59995896,101.0,101.0027,0.0027
102.63995894399999,101.0,101.0027,0.0027
102.679958928,101.0,101.0027,0.0027
102.71995891200001,101.0,101.0027,0.0027
102.759958896,101.0,101.0026,0.0027
102.79995888,101.0,101.0026,0.0027
102.839958864,101.0,101.0026,0.0026
102.879958848,101.0,101.0026,0.0026
102.919958832,101.0,101.0026,0.0026
102.959958816,101.0,101.0026,0.0026
102.9999588,101.0,101.0025,0.0025
103.039958784,101.0,101.0025,0.0025
103.079958768,101.0,101.0024,0.0024
103.119958752,101.0,101.0023,0.0023
103.159958736,101.0,101.0023,0.0023
103.19995872,101.0,101.0023,0.0023
103.239958704,101.0,101.0022,0.0023
103.279958688,101.0,101.0022,0.0022
103.319958672,101.0,101.0022,0.0022
103.35995865599999,101.0,101.0021,0.0021
103.39995864,101.0,101.0021,0.0021
103.439958624,101.0,101.0021,0.0021
103.47995860799999,101.0,101.0021,0.0021
103.519958592,101.0,101.002,0.002
103.559958576,101.0,101.002,0.002
103.59995855999999,101.0,101.002,0.002
103.639958544,101.0,101.002,0.002
103.679958528,101.0,101.002,0.002
103.719958512,101.0,101.002,0.002
103.75995849600001,101.0,101.002,0.002
103.79995848,101.0,101.0021,0.0021
103.839958464,101.0,101.0021,0.0021
103.879958448,101.0,101.0021,0.0021
103.919958432,101.0,101.0021,0.0021
103.959958416,101.0,101.0021,0.0021
103.9999584,101.0,101.0021,0.0021
104.039958384,101.0,101.002,0.0021
104.07995836799999,101.0,101.002,0.002
104.119958352,101.0,101.002,0.002
104.159958336,101.0,101.002,0.002
104.19995832,101.0,101.002,0.002
104.239958304,101.0,101.002,0.002
104.279958288,101.0,101.002,0.002
104.319958272,101.0,101.002,0.002
104.359958256,101.0,101.002,0.002
104.39995823999999,101.0,101.002,0.002
104.439958224,101.0,101.0019,0.0019
104.479958208,101.0,101.0019,0.0019
104.51995819199999,101.0,101.002,0.002
104.559958176,101.0,101.002,0.002
104.59995815999999,101.0,101.002,0.002
104.63995814399999,101.0,101.002,0.002
104.67995812800001,101.0,101.002,0.002
104.719958112,101.0,101.002,0.002
104.759958096,101.0,101.002,0.002
104.79995808000001,101.0,101.002,0.002
104.839958064,101.0,101.002,0.002
104.879958048,101.0,101.002,0.002
104.919958032,101.0,101.002,0.002
104.959958016,101.0,101.002,0.002
104.999958,101.0,101.002,0.002
105.039957984,101.0,101.002,0.002
105.079957968,101.0,101.002,0.002
105.119957952,101.0,101.002,0.002
105.159957936,101.0,101.002,0.002
105.19995792,101.0,101.0021,0.0021
105.239957904,101.0,101.0021,0.0021
105.279957888,101.0,101.0021,0.0021
105.31995787199999,101.0,101.0022,0.0022
105.359957856,101.0,101.0021,0.0021
105.39995784,101.0,101.0022,0.0022
105.43995782399999,101.0,101.0022,0.0022
105.479957808,101.0,101.0022,0.0022
105.519957792,101.0,101.0023,0.0023
105.55995777599999,101.0,101.0023,0.0023
105.59995776,101.0,101.0023,0.0023
105.639957744,101.0,101.0024,0.0024
105.679957728,101.0,101.0023,0.0024
105.71995771200001,101.0,101.0024,0.0024
105.759957696,101.0,101.0024,0.0024
105.79995768,101.0,101.0024,0.0024
105.839957664,101.0,101.0024,0.0024
105.879957648,101.0,101.0025,0.0025
105.919957632,101.0,101.0025,0.0025
105.959957616,101.0,101.0024,0.0024
105.9999576,101.0,101.0025,0.0025
106.039957584,101.0,101.0024,0.0024
106.079957568,101.0,101.0025,0.0025
106.119957552,101.0,101.0025,0.0025
106.159957536,101.0,101.0026,0.0026
106.19995752,101.0,101.0026,0.0026
106.239957504,101.0,101.0026,0.0026
106.279957488,101.0,101.0026,0.0027
106.319957472,101.0,101.0027,0.0027
106.35995745599999,101.0,101.0027,0.0027
106.39995744,101.0,101.0027,0.0027
106.439957424,101.0,101.0027,0.0027
106.47995740799999,101.0,101.0027,0.0027
106.519957392,101.0,101.0027,0.0027
106.55995737599999,101.0,101.0028,0.0028
106.59995735999999,101.0,101.0028,0.0028
106.63995734400001,101.0,101.0028,0.0028
106.679957328,101.0,101.0028,0.0029
106.719957312,101.0,101.0028,0.0029
106.75995729600001,101.0,101.0028,0.0029
106.79995728,101.0,101.0029,0.0029
106.839957264,101.0,101.0029,0.0029
106.879957248,101.0,101.0029,0.0029
106.919957232,101.0,101.0028,0.0029
106.959957216,101.0,101.0028,0.0028
106.9999572,101.0,101.0028,0.0028
107.039957184,101.0,101.0028,0.0028
107.07995716799999,101.0,101.0028,0.0028
107.119957152,101.0,101.0028,0.0029
107.159957136,101.0,101.0029,0.0029
107.19995712,101.0,101.0029,0.0029
107.239957104,101.0,101.0029,0.0029
107.279957088,101.0,101.0029,0.0029
107.319957072,101.0,101.0029,0.0029
107.359957056,101.0,101.0029,0.0029
107.39995703999999,101.0,101.003,0.003
107.439957024,101.0,101.003,0.003
107.479957008,101.0,101.003,0.0031
107.51995699199999,101.0,101.003,0.0031
107.559956976,101.0,101.003,0.0031
107.59995695999999,101.0,101.0031,0.0031
107.639956944,101.0,101.0031,0.0031
107.67995692800001,101.0,101.0031,0.0031
107.719956912,101.0,101.0031,0.0031
107.759956896,101.0,101.0031,0.0031
107.79995688,101.0,101.0031,0.0031
107.839956864,101.0,101.0032,0.0032
107.879956848,101.0,101.0032,0.0032
107.919956832,101.0,101.0032,0.0032
107.959956816,101.0,101.0032,0.0032
107.9999568,101.0,101.0031,0.0031
108.039956784,101.0,101.0032,0.0032
108.079956768,101.0,101.0032,0.0032
108.119956752,101.0,101.0032,0.0032
108.159956736,101.0,101.0032,0.0032
108.19995672,101.0,101.0032,0.0032
108.239956704,101.0,101.0032,0.0033
108.279956688,101.0,101.0033,0.0033
108.31995667199999,101.0,101.0032,0.0033
108.359956656,101.0,101.0033,0.0033
108.39995664,101.0,101.0033,0.0033
108.43995662399999,101.0,101.0033,0.0033
108.479956608,101.0,101.0033,0.0033
108.519956592,101.0,101.0033,0.0033
108.55995657599999,101.0,101.0033,0.0034
108.59995656,101.0,101.0034,0.0034
108.639956544,101.0,101.0033,0.0034
108.679956528,101.0,101.0033,0.0033
108.71995651200001,101.0,101.0034,0.0034
108.759956496,101.0,101.0034,0.0034
108.79995648,101.0,101.0034,0.0034
108.839956464,101.0,101.0034,0.0034
108.879956448,101.0,101.0035,0.0035
108.919956432,101.0,101.0035,0.0035
108.959956416,101.0,101.0035,0.0035
108.9999564,101.0,101.0035,0.0035
109.03995638399999,101.0,101.0036,0.0036
109.079956368,101.0,101.0036,0.0036
109.119956352,101.0,101.0036,0.0036
109.159956336,101.0,101.0036,0.0036
109.19995632,101.0,101.0036,0.0037
109.239956304,101.0,101.0037,0.0037
109.279956288,101.0,101.0037,0.0037
109.319956272,101.0,101.0037,0.0037
109.35995625599999,101.0,101.0037,0.0037
109.39995624,101.0,101.0037,0.0037
109.439956224,101.0,101.0038,0.0038
109.47995620799999,101.0,101.0038,0.0038
109.519956192,101.0,101.0038,0.0038
109.55995617599999,101.0,101.0038,0.0038
109.59995615999999,101.0,101.0038,0.0038
109.63995614400001,101.0,101.0038,0.0038
109.679956128,101.0,101.0038,0.0038
109.719956112,101.0,101.0038,0.0038
109.75995609600001,101.0,101.0037,0.0037
109.79995608,101.0,101.0038,0.0038
109.839956064,101.0,101.0037,0.0037
109.879956048,101.0,101.0037,0.0037
109.919956032,101.0,101.0037,0.0037
109.959956016,101.0,101.0037,0.0037
109.999956,101.0,101.0038,0.0038
110.039955984,101.0,101.0038,0.0038
110.079955968,101.0,101.0037,0.0037
110.119955952,101.0,101.0038,0.0038
110.159955936,101.0,101.0038,0.0038
110.19995592,101.0,101.0038,0.0038
110.239955904,101.0,101.0038,0.0038
110.27995588799999,101.0,101.0039,0.0039
110.319955872,101.0,101.0038,0.0038
110.359955856,101.0,101.0039,0.0039
110.39995583999999,101.0,101.0039,0.0039
110.439955824,101.0,101.004,0.004
110.479955808,101.0,101.004,0.004
110.51995579199999,101.0,101.004,0.004
110.559955776,101.0,101.004,0.004
110.59995576,101.0,101.004,0.004
110.639955744,101.0,101.004,0.004
110.67995572800001,101.0,101.004,0.004
110.719955712,101.0,101.004,0.004
110.759955696,101.0,101.0041,0.0041
110.79995568,101.0,101.0041,0.0041
110.839955664,101.0,101.0041,0.0041
110.879955648,101.0,101.004,0.004
110.919955632,101.0,101.004,0.004
110.959955616,101.0,101.004,0.004
110.9999556,101.0,101.004,0.004
111.039955584,101.0,101.004,0.004
111.079955568,101.0,101.004,0.004
111.119955552,101.0,101.004,0.004
111.159955536,101.0,101.0041,0.0041
111.19995552,101.0,101.0041,0.0041
111.239955504,101.0,101.0041,0.0041
111.279955488,101.0,101.0042,0.0042
111.31995547199999,101.0,101.0041,0.0042
111.359955456,101.0,101.0042,0.0042
111.39995544,101.0,101.0042,0.0042
111.43995542399999,101.0,101.0043,0.0043
111.479955408,101.0,101.0043,0.0043
111.51995539199999,101.0,101.0043,0.0043
111.55995537599999,101.0,101.0043,0.0043
111.59995536,101.0,101.0043,0.0043
111.639955344,101.0,101.0043,0.0044
111.679955328,101.0,101.0044,0.0044
111.71995531200001,101.0,101.0043,0.0044
111.759955296,101.0,101.0044,0.0044
111.79995528,101.0,101.0044,0.0044
111.839955264,101.0,101.0044,0.0044
111.879955248,101.0,101.0045,0.0045
111.919955232,101.0,101.0045,0.0045
111.959955216,101.0,101.0045,0.0045
111.9999552,101.0,101.0045,0.0045
112.039955184,101.0,101.0045,0.0045
112.079955168,101.0,101.0045,0.0045
112.119955152,101.0,101.0045,0.0045
112.159955136,101.0,101.0045,0.0045
112.19995512,101.0,101.0045,0.0045
112.23995510399999,101.0,101.0045,0.0045
112.279955088,101.0,101.0045,0.0045
112.319955072,101.0,101.0045,0.0045
112.35995505599999,101.0,101.0045,0.0045
112.39995504,101.0,101.0045,0.0045
112.439955024,101.0,101.0045,0.0045
112.47995500799999,101.0,101.0045,0.0045
112.519954992,101.0,101.0044,0.0044
112.55995497599999,101.0,101.0045,0.0045
112.59995496,101.0,101.0045,0.0045
112.63995494400001,101.0,101.0045,0.0045
112.679954928,101.0,101.0046,0.0046
112.719954912,101.0,101.0046,0.0046
112.759954896,101.0,101.0046,0.0046
112.79995488,101.0,101.0047,0.0047
112.839954864,101.0,101.0047,0.0047
112.879954848,101.0,101.0047,0.0047
112.919954832,101.0,101.0048,0.0048
112.959954816,101.0,101.0048,0.0048
112.9999548,101.0,101.0048,0.0048
113.039954784,101.0,101.0049,0.0049
113.079954768,101.0,101.0049,0.0049
113.119954752,101.0,101.005,0.005
113.159954736,101.0,101.005,0.005
113.19995472,101.0,101.005,0.005
113.239954704,101.0,101.005,0.005
113.27995468799999,101.0,101.005,0.005
113.319954672,101.0,101.0051,0.0051
113.359954656,101.0,101.0051,0.0051
113.39995463999999,101.0,101.0051,0.0051
113.439954624,101.0,101.0051,0.0051
113.47995460799999,101.0,101.0051,0.0051
113.51995459199999,101.0,101.0051,0.0051
113.559954576,101.0,101.0051,0.0051
113.59995456,101.0,101.0051,0.0051
113.639954544,101.0,101.0051,0.0051
113.67995452800001,101.0,101.0051,0.0051
113.719954512,101.0,101.0051,0.0051
113.759954496,101.0,101.0051,0.0051
113.79995448,101.0,101.0051,0.0051
113.839954464,101.0,101.0051,0.0051
113.879954448,101.0,101.005,0.005
113.919954432,101.0,101.005,0.005
113.959954416,101.0,101.005,0.005
113.9999544,101.0,101.005,0.0051
114.039954384,101.0,101.0051,0.0051
114.079954368,101.0,101.0052,0.0052
114.119954352,101.0,101.0052,0.0053
114.159954336,101.0,101.0053,0.0053
114.19995432,101.0,101.0053,0.0053
114.239954304,101.0,101.0053,0.0053
114.279954288,101.0,101.0053,0.0053
114.31995427199999,101.0,101.0053,0.0053
114.359954256,101.0,101.0053,0.0053
114.39995424,101.0,101.0052,0.0053
114.43995422399999,101.0,101.0053,0.0053
114.479954208,101.0,101.0052,0.0053
114.51995419199999,101.0,101.0053,0.0053
114.55995417599999,101.0,101.0053,0.0053
114.59995416000001,101.0,101.0053,0.0053
114.639954144,101.0,101.0053,0.0053
114.679954128,101.0,101.0052,0.0052
114.719954112,101.0,101.0053,0.0053
114.759954096,101.0,101.0052,0.0053
114.79995408,101.0,101.0052,0.0053
114.839954064,101.0,101.0052,0.0052
114.879954048,101.0,101.0052,0.0052
114.919954032,101.0,101.0053,0.0053
114.959954016,101.0,101.0052,0.0053
114.999954,101.0,101.0053,0.0053
115.039953984,101.0,101.0053,0.0053
115.079953968,101.0,101.0053,0.0053
115.119953952,101.0,101.0053,0.0053
115.159953936,101.0,101.0053,0.0053
115.19995392,101.0,101.0053,0.0053
115.23995390399999,101.0,101.0053,0.0053
115.279953888,101.0,101.0054,0.0054
115.319953872,101.0,101.0054,0.0054
115.35995385599999,101.0,101.0053,0.0053
115.39995384,101.0,101.0054,0.0054
115.439953824,101.0,101.0053,0.0054
115.47995380799999,101.0,101.0053,0.0053
115.519953792,101.0,101.0054,0.0054
115.559953776,101.0,101.0053,0.0053
115.59995376,101.0,101.0054,0.0054
115.63995374400001,101.0,101.0054,0.0054
115.679953728,101.0,101.0053,0.0053
115.719953712,101.0,101.0054,0.0054
115.759953696,101.0,101.0054,0.0054
115.79995368,101.0,101.0054,0.0054
115.839953664,101.0,101.0054,0.0054
115.879953648,101.0,101.0053,0.0054
115.919953632,101.0,101.0054,0.0054
115.95995361599999,101.0,101.0053,0.0054
115.9999536,101.0,101.0054,0.0054
116.039953584,101.0,101.0054,0.0054
116.079953568,101.0,101.0053,0.0053
116.119953552,101.0,101.0054,0.0054
116.159953536,101.0,101.0054,0.0054
116.19995352,101.0,101.0054,0.0054
116.239953504,101.0,101.0054,0.0054
116.27995348799999,101.0,101.0054,0.0054
116.319953472,101.0,101.0054,0.0054
116.359953456,101.0,101.0053,0.0053
116.39995343999999,101.0,101.0053,0.0054
116.439953424,101.0,101.0053,0.0054
116.47995340799999,101.0,101.0053,0.0053
116.51995339199999,101.0,101.0053,0.0053
116.55995337600001,101.0,101.0053,0.0053
116.59995336,101.0,101.0053,0.0053
116.639953344,101.0,101.0053,0.0053
116.67995332800001,101.0,101.0053,0.0053
116.719953312,101.0,101.0053,0.0053
116.759953296,101.0,101.0052,0.0053
116.79995328,101.0,101.0053,0.0053
116.839953264,101.0,101.0053,0.0053
116.879953248,101.0,101.0053,0.0053
116.919953232,101.0,101.0053,0.0054
116.959953216,101.0,101.0053,0.0053
116.9999532,101.0,101.0053,0.0053
117.039953184,101.0,101.0054,0.0054
117.079953168,101.0,101.0054,0.0054
117.119953152,101.0,101.0054,0.0054
117.159953136,101.0,101.0054,0.0054
117.19995311999999,101.0,101.0053,0.0053
117.239953104,101.0,101.0053,0.0053
117.279953088,101.0,101.0052,0.0052
117.31995307199999,101.0,101.0052,0.0052
117.359953056,101.0,101.0052,0.0052
117.39995304,101.0,101.0051,0.0051
117.43995302399999,101.0,101.0052,0.0052
117.479953008,101.0,101.0051,0.0051
117.51995299199999,101.0,101.0052,0.0052
117.559952976,101.0,101.0051,0.0051
117.59995296000001,101.0,101.0052,0.0052
117.639952944,101.0,101.0051,0.0051
117.679952928,101.0,101.0051,0.0051
117.719952912,101.0,101.005,0.005
117.759952896,101.0,101.005,0.005
117.79995288,101.0,101.0049,0.0049
117.839952864,101.0,101.0049,0.0049
117.879952848,101.0,101.0049,0.0049
117.919952832,101.0,101.0049,0.0049
117.959952816,101.0,101.0049,0.0049
117.9999528,101.0,101.0049,0.0049
118.039952784,101.0,101.0049,0.0049
118.079952768,101.0,101.0048,0.0048
118.119952752,101.0,101.0048,0.0048
118.159952736,101.0,101.0047,0.0047
118.19995272,101.0,101.0047,0.0047
118.23995270399999,101.0,101.0047,0.0047
118.279952688,101.0,101.0047,0.0047
118.319952672,101.0,101.0046,0.0046
118.35995265599999,101.0,101.0046,0.0046
118.39995264,101.0,101.0045,0.0046
118.43995262399999,101.0,101.0045,0.0045
118.47995260799999,101.0,101.0044,0.0045
118.519952592,101.0,101.0044,0.0044
118.559952576,101.0,101.0044,0.0044
118.59995256,101.0,101.0044,0.0044
118.63995254400001,101.0,101.0043,0.0044
118.679952528,101.0,101.0043,0.0043
118.719952512,101.0,101.0043,0.0043
118.759952496,101.0,101.0043,0.0043
118.79995248,101.0,101.0042,0.0043
118.839952464,101.0,101.0042,0.0042
118.879952448,101.0,101.0042,0.0042
118.919952432,101.0,101.0042,0.0042
118.959952416,101.0,101.0041,0.0041
118.9999524,101.0,101.0041,0.0041
119.039952384,101.0,101.004,0.004
119.079952368,101.0,101.004,0.004
119.119952352,101.0,101.0039,0.0039
119.159952336,101.0,101.0039,0.0039
119.19995232,101.0,101.0038,0.0038
119.239952304,101.0,101.0038,0.0038
119.27995228799999,101.0,101.0038,0.0038
119.319952272,101.0,101.0037,0.0037
119.359952256,101.0,101.0036,0.0036
119.39995223999999,101.0,101.0036,0.0036
119.439952224,101.0,101.0035,0.0035
119.47995220799999,101.0,101.0035,0.0035
119.51995219199999,101.0,101.0035,0.0035
119.55995217600001,101.0,101.0035,0.0035
119.59995216,101.0,101.0034,0.0034
119.639952144,101.0,101.0034,0.0034
119.679952128,101.0,101.0034,0.0035
119.719952112,101.0,101.0034,0.0034
119.759952096,101.0,101.0034,0.0034
119.79995208,101.0,101.0034,0.0034
119.839952064,101.0,101.0034,0.0034
119.879952048,101.0,101.0034,0.0034
119.919952032,101.0,101.0033,0.0033
119.959952016,101.0,101.0033,0.0033
119.999952,101.0,101.0032,0.0032
120.039951984,101.0,101.0032,0.0032
120.079951968,101.0,101.0031,0.0031
120.119951952,101.0,101.0031,0.0031
120.159951936,101.0,101.0031,0.0031
120.19995191999999,101.0,101.003,0.0031
120.239951904,101.0,101.003,0.003
120.279951888,101.0,101.0029,0.0029
120.31995187199999,101.0,101.0029,0.0029
120.359951856,101.0,101.0028,0.0028
120.39995184,101.0,101.0028,0.0028
120.43995182399999,101.0,101.0027,0.0027
120.479951808,101.0,101.0027,0.0027
120.519951792,101.0,101.0026,0.0026
120.559951776,101.0,101.0026,0.0026
120.59995176000001,101.0,101.0025,0.0025
120.639951744,101.0,101.0025,0.0025
120.679951728,101.0,101.0025,0.0025
120.719951712,101.0,101.0024,0.0024
120.759951696,101.0,101.0024,0.0024
120.79995168,101.0,101.0023,0.0023
120.839951664,101.0,101.0023,0.0023
120.879951648,101.0,101.0022,0.0022
120.919951632,101.0,101.0022,0.0022
120.959951616,101.0,101.0021,0.0021
120.9999516,101.0,101.0021,0.0021
121.039951584,101.0,101.002,0.002
121.079951568,101.0,101.002,0.002
121.119951552,101.0,101.0019,0.0019
121.159951536,101.0,101.0018,0.0019
121.19995152,101.0,101.0018,0.0018
121.23995150399999,101.0,101.0018,0.0018
121.279951488,101.0,101.0018,0.0018
121.319951472,101.0,101.0017,0.0018
121.35995145599999,101.0,101.0017,0.0017
121.39995144,101.0,101.0017,0.0017
121.43995142399999,101.0,101.0016,0.0017
121.47995140799999,101.0,101.0016,0.0016
121.519951392,101.0,101.0016,0.0016
121.559951376,101.0,101.0015,0.0015
121.59995136,101.0,101.0015,0.0015
121.63995134400001,101.0,101.0015,0.0015
121.679951328,101.0,101.0015,0.0015
121.719951312,101.0,101.0014,0.0014
121.759951296,101.0,101.0014,0.0014
121.79995128,101.0,101.0014,0.0014
121.839951264,101.0,101.0014,0.0014
121.879951248,101.0,101.0013,0.0013
121.919951232,101.0,101.0013,0.0013
121.959951216,101.0,101.0013,0.0013
121.9999512,101.0,101.0013,0.0013
122.039951184,101.0,101.0012,0.0013
122.079951168,101.0,101.0012,0.0012
122.119951152,101.0,101.0011,0.0012
122.15995113599999,101.0,101.0011,0.0011
122.19995112,101.0,101.0011,0.0011
122.239951104,101.0,101.001,0.001
122.27995108799999,101.0,101.001,0.001
122.319951072,101.0,101.001,0.001
122.359951056,101.0,101.001,0.001
122.39995103999999,101.0,101.001,0.001
122.439951024,101.0,101.001,0.001
122.47995100799999,101.0,101.001,0.001
122.519950992,101.0,101.001,0.001
122.55995097600001,101.0,101.0009,0.0009
122.59995096,101.0,101.0009,0.0009
122.639950944,101.0,101.0009,0.0009
122.679950928,101.0,101.0009,0.0009
122.719950912,101.0,101.0008,0.0009
122.759950896,101.0,101.0008,0.0008
122.79995088,101.0,101.0008,0.0008
122.839950864,101.0,101.0007,0.0007
122.879950848,101.0,101.0007,0.0007
122.919950832,101.0,101.0007,0.0007
122.959950816,101.0,101.0007,0.0007
122.9999508,101.0,101.0006,0.0006
123.039950784,101.0,101.0006,0.0006
123.079950768,101.0,101.0006,0.0006
123.119950752,101.0,101.0006,0.0006
123.159950736,101.0,101.0006,0.0006
123.19995071999999,101.0,101.0005,0.0006
123.239950704,101.0,101.0005,0.0005
123.279950688,101.0,101.0005,0.0005
123.31995067199999,101.0,101.0004,0.0005
123.359950656,101.0,101.0004,0.0005
123.39995063999999,101.0,101.0004,0.0004
123.43995062399999,101.0,101.0004,0.0005
123.479950608,101.0,101.0005,0.0005
123.519950592,101.0,101.0004,0.0005
123.559950576,101.0,101.0004,0.0004
123.59995056000001,101.0,101.0004,0.0004
123.639950544,101.0,101.0005,0.0005
123.679950528,101.0,101.0005,0.0005
123.719950512,101.0,101.0005,0.0005
123.759950496,101.0,101.0005,0.0005
123.79995048,101.0,101.0005,0.0005
123.839950464,101.0,101.0005,0.0005
123.879950448,101.0,101.0005,0.0005
123.919950432,101.0,101.0004,0.0004
123.959950416,101.0,101.0004,0.0005
123.9999504,101.0,101.0004,0.0004
124.039950384,101.0,101.0004,0.0004
124.079950368,101.0,101.0005,0.0005
124.11995035199999,101.0,101.0005,0.0005
124.159950336,101.0,101.0006,0.0006
124.19995032,101.0,101.0006,0.0006
124.23995030399999,101.0,101.0006,0.0006
124.279950288,101.0,101.0006,0.0006
124.319950272,101.0,101.0006,0.0006
124.35995025599999,101.0,101.0006,0.0006
124.39995024,101.0,101.0006,0.0006
124.43995022399999,101.0,101.0006,0.0006
124.47995020799999,101.0,101.0006,0.0006
124.51995019200001,101.0,101.0005,0.0006
124.559950176,101.0,101.0005,0.0005
124.59995016,101.0,101.0005,0.0005
124.639950144,101.0,101.0005,0.0005
124.679950128,101.0,101.0005,0.0005
124.719950112,101.0,101.0005,0.0005
124.759950096,101.0,101.0005,0.0005
124.79995008,101.0,101.0004,0.0004
124.839950064,101.0,101.0005,0.0005
124.879950048,101.0,101.0005,0.0005
124.919950032,101.0,101.0005,0.0005
124.959950016,101.0,101.0005,0.0005
124.99995,101.0,101.0005,0.0005
125.039949984,101.0,101.0005,0.0005
125.07994996800001,101.0,101.0005,0.0006
125.11994995199998,101.0,101.0005,0.0005
125.15994993599999,101.0,101.0005,0.0005
125.19994992,101.0,101.0005,0.0005
125.239949904,101.0,101.0005,0.0005
125.279949888,101.0,101.0006,0.0006
125.31994987199998,101.0,101.0006,0.0006
125.35994985599999,101.0,101.0006,0.0006
125.39994983999999,101.0,101.0006,0.0006
125.439949824,101.0,101.0006,0.0007
125.479949808,101.0,101.0006,0.0006
125.51994979199999,101.0,101.0006,0.0006
125.559949776,101.0,101.0006,0.0006
125.59994976,101.0,101.0006,0.0006
125.639949744,101.0,101.0006,0.0006
125.67994972800001,101.0,101.0006,0.0006
125.71994971200002,101.0,101.0006,0.0006
125.75994969599999,101.0,101.0007,0.0007
125.79994968,101.0,101.0006,0.0007
125.839949664,101.0,101.0007,0.0007
125.87994964800001,101.0,101.0007,0.0007
125.91994963200001,101.0,101.0007,0.0007
125.95994961599999,101.0,101.0008,0.0008
125.9999496,101.0,101.0007,0.0007
126.039949584,101.0,101.0008,0.0008
126.079949568,101.0,101.0008,0.0008
126.11994955200001,101.0,101.0007,0.0007
126.15994953599998,101.0,101.0008,0.0008
126.19994951999999,101.0,101.0008,0.0008
126.239949504,101.0,101.0008,0.0008
126.279949488,101.0,101.0008,0.0008
126.319949472,101.0,101.0008,0.0008
126.35994945599998,101.0,101.0008,0.0009
126.39994943999999,101.0,101.0008,0.0009
126.43994942399999,101.0,101.0009,0.0009
126.47994940800001,101.0,101.0009,0.0009
126.51994939200002,101.0,101.0009,0.0009
126.55994937599999,101.0,101.0008,0.0009
126.59994936,101.0,101.0009,0.0009
126.639949344,101.0,101.0009,0.0009
126.679949328,101.0,101.0009,0.0009
126.71994931200001,101.0,101.0009,0.0009
126.75994929599999,101.0,101.0009,0.0009
126.79994927999999,101.0,101.001,0.001
126.839949264,101.0,101.001,0.001
126.879949248,101.0,101.001,0.001
126.91994923200001,101.0,101.001,0.001
126.95994921600001,101.0,101.001,0.001
126.99994919999999,101.0,101.001,0.001
127.039949184,101.0,101.0011,0.0011
127.079949168,101.0,101.0011,0.0011
127.119949152,101.0,101.0011,0.0011
127.15994913600001,101.0,101.0011,0.0011
127.19994911999999,101.0,101.0012,0.0012
127.23994910399999,101.0,101.0011,0.0012
127.279949088,101.0,101.0011,0.0012
127.319949072,101.0,101.0012,0.0012
127.359949056,101.0,101.0012,0.0012
127.39994903999998,101.0,101.0013,0.0013
127.43994902399999,101.0,101.0013,0.0013
127.479949008,101.0,101.0013,0.0013
127.51994899200001,101.0,101.0013,0.0013
127.55994897600002,101.0,101.0013,0.0013
127.59994895999999,101.0,101.0014,0.0014
127.639948944,101.0,101.0014,0.0014
127.679948928,101.0,101.0014,0.0014
127.719948912,101.0,101.0015,0.0015
127.75994889600001,101.0,101.0016,0.0016
127.79994887999999,101.0,101.0016,0.0016
127.839948864,101.0,101.0017,0.0017
127.879948848,101.0,101.0017,0.0017
127.919948832,101.0,101.0017,0.0017
127.95994881600001,101.0,101.0017,0.0017
127.99994879999998,101.0,101.0017,0.0017
128.039948784,101.0,101.0017,0.0017
128.079948768,101.0,101.0017,0.0017
128.119948752,101.0,101.0018,0.0018
128.15994873600002,101.0,101.0017,0.0018
128.19994872,101.0,101.0018,0.0018
128.239948704,101.0,101.0018,0.0018
128.279948688,101.0,101.0018,0.0018
128.319948672,101.0,101.0019,0.0019
128.359948656,101.0,101.0019,0.0019
128.39994864000002,101.0,101.0019,0.0019
128.43994862399998,101.0,101.002,0.002
128.479948608,101.0,101.002,0.002
128.519948592,101.0,101.002,0.002
128.559948576,101.0,101.002,0.0021
128.59994856,101.0,101.0021,0.0021
128.639948544,101.0,101.0021,0.0021
128.67994852799998,101.0,101.0022,0.0022
128.719948512,101.0,101.0022,0.0022
128.759948496,101.0,101.0022,0.0023
128.79994848,101.0,101.0023,0.0023
128.83994846399997,101.0,101.0023,0.0023
128.879948448,101.0,101.0024,0.0024
128.91994843199998,101.0,101.0024,0.0024
128.959948416,101.0,101.0025,0.0025
128.99994840000002,101.0,101.0025,0.0025
129.03994838399998,101.0,101.0025,0.0025
129.079948368,101.0,101.0025,0.0025
129.119948352,101.0,101.0025,0.0025
129.159948336,101.0,101.0025,0.0026
129.19994832,101.0,101.0026,0.0026
129.239948304,101.0,101.0026,0.0026
129.27994828799999,101.0,101.0026,0.0026
129.319948272,101.0,101.0026,0.0026
129.359948256,101.0,101.0026,0.0026
129.39994824000001,101.0,101.0027,0.0027
129.43994822399998,101.0,101.0027,0.0027
129.479948208,101.0,101.0027,0.0027
129.519948192,101.0,101.0027,0.0027
129.559948176,101.0,101.0027,0.0027
129.59994816,101.0,101.0027,0.0027
129.63994814400002,101.0,101.0027,0.0027
129.67994812799998,101.0,101.0027,0.0027
129.719948112,101.0,101.0027,0.0027
129.759948096,101.0,101.0027,0.0027
129.79994808,101.0,101.0027,0.0027
129.839948064,101.0,101.0027,0.0027
129.879948048,101.0,101.0028,0.0028
129.91994803199998,101.0,101.0028,0.0028
129.959948016,101.0,101.0028,0.0028
129.99994800000002,101.0,101.0029,0.0029
130.039947984,101.0,101.0028,0.0029
130.079947968,101.0,101.0028,0.0028
130.119947952,101.0,101.0029,0.0029
130.159947936,101.0,101.0029,0.0029
130.19994792,101.0,101.003,0.003
130.23994790400002,101.0,101.003,0.003
130.27994788799998,101.0,101.003,0.0031
130.319947872,101.0,101.0031,0.0031
130.359947856,101.0,101.0031,0.0031
130.39994784,101.0,101.0031,0.0031
130.439947824,101.0,101.0032,0.0032
130.479947808,101.0,101.0032,0.0032
130.51994779199998,101.0,101.0032,0.0032
130.559947776,101.0,101.0032,0.0033
130.59994776,101.0,101.0032,0.0033
130.639947744,101.0,101.0033,0.0033
130.67994772799997,101.0,101.0033,0.0034
130.719947712,101.0,101.0034,0.0034
130.75994769599998,101.0,101.0034,0.0034
130.79994768,101.0,101.0034,0.0034
130.839947664,101.0,101.0035,0.0035
130.879947648,101.0,101.0035,0.0035
130.919947632,101.0,101.0035,0.0035
130.959947616,101.0,101.0035,0.0035
130.9999476,101.0,101.0036,0.0036
131.039947584,101.0,101.0036,0.0036
131.07994756800002,101.0,101.0037,0.0037
131.11994755199999,101.0,101.0037,0.0037
131.159947536,101.0,101.0038,0.0038
131.19994752,101.0,101.0038,0.0038
131.239947504,101.0,101.0039,0.0039
131.279947488,101.0,101.0039,0.0039
131.319947472,101.0,101.0039,0.0039
131.359947456,101.0,101.0039,0.0039
131.39994744,101.0,101.0039,0.0039
131.439947424,101.0,101.004,0.004
131.47994740800002,101.0,101.004,0.004
131.51994739199998,101.0,101.004,0.004
131.559947376,101.0,101.0041,0.0041
131.59994736,101.0,101.0041,0.0041
131.639947344,101.0,101.0041,0.0041
131.679947328,101.0,101.0041,0.0041
131.719947312,101.0,101.0041,0.0041
131.75994729599998,101.0,101.0042,0.0042
131.79994728,101.0,101.0042,0.0042
131.839947264,101.0,101.0043,0.0043
131.879947248,101.0,101.0043,0.0043
131.919947232,101.0,101.0043,0.0043
131.959947216,101.0,101.0044,0.0044
131.9999472,101.0,101.0044,0.0044
132.039947184,101.0,101.0045,0.0045
132.07994716800002,101.0,101.0045,0.0045
132.119947152,101.0,101.0045,0.0045
132.159947136,101.0,101.0045,0.0046
132.19994712,101.0,101.0045,0.0045
132.239947104,101.0,101.0046,0.0046
132.279947088,101.0,101.0047,0.0047
132.31994707200002,101.0,101.0047,0.0047
132.35994705599998,101.0,101.0046,0.0046
132.39994704,101.0,101.0047,0.0047
132.439947024,101.0,101.0048,0.0048
132.479947008,101.0,101.0048,0.0048
132.519946992,101.0,101.0048,0.0048
132.559946976,101.0,101.0049,0.0049
132.59994695999998,101.0,101.0049,0.0049
132.639946944,101.0,101.0049,0.0049
132.679946928,101.0,101.005,0.005
132.719946912,101.0,101.005,0.005
132.75994689599997,101.0,101.0051,0.0051
132.79994688,101.0,101.0051,0.0051
132.83994686399998,101.0,101.0052,0.0052
132.879946848,101.0,101.0052,0.0053
132.919946832,101.0,101.0053,0.0053
132.95994681599998,101.0,101.0054,0.0054
132.9999468,101.0,101.0054,0.0054
133.039946784,101.0,101.0054,0.0054
133.079946768,101.0,101.0054,0.0054
133.119946752,101.0,101.0054,0.0055
133.159946736,101.0,101.0055,0.0055
133.19994671999999,101.0,101.0055,0.0055
133.239946704,101.0,101.0056,0.0056
133.279946688,101.0,101.0056,0.0056
133.31994667200001,101.0,101.0056,0.0056
133.359946656,101.0,101.0056,0.0056
133.39994664,101.0,101.0056,0.0056
133.439946624,101.0,101.0056,0.0056
133.479946608,101.0,101.0056,0.0056
133.519946592,101.0,101.0055,0.0055
133.55994657600002,101.0,101.0055,0.0056
133.59994655999998,101.0,101.0056,0.0056
133.639946544,101.0,101.0056,0.0056
133.679946528,101.0,101.0055,0.0056
133.719946512,101.0,101.0055,0.0055
133.759946496,101.0,101.0055,0.0055
133.79994648,101.0,101.0056,0.0056
133.83994646399998,101.0,101.0055,0.0056
133.879946448,101.0,101.0055,0.0056
133.91994643200002,101.0,101.0055,0.0056
133.959946416,101.0,101.0055,0.0055
133.9999464,101.0,101.0055,0.0055
134.039946384,101.0,101.0055,0.0056
134.079946368,101.0,101.0055,0.0056
134.119946352,101.0,101.0056,0.0056
134.15994633600002,101.0,101.0056,0.0056
134.19994631999998,101.0,101.0056,0.0056
134.239946304,101.0,101.0055,0.0056
134.279946288,101.0,101.0056,0.0056
134.319946272,101.0,101.0056,0.0056
134.359946256,101.0,101.0056,0.0056
134.39994624,101.0,101.0056,0.0056
134.43994622399998,101.0,101.0056,0.0056
134.479946208,101.0,101.0056,0.0056
134.519946192,101.0,101.0056,0.0056
134.559946176,101.0,101.0056,0.0056
134.59994616,101.0,101.0057,0.0057
134.639946144,101.0,101.0057,0.0057
134.67994612799998,101.0,101.0057,0.0057
134.719946112,101.0,101.0057,0.0057
134.759946096,101.0,101.0057,0.0057
134.79994608,101.0,101.0057,0.0057
134.83994606399997,101.0,101.0057,0.0057
134.879946048,101.0,101.0057,0.0057
134.919946032,101.0,101.0057,0.0057
134.959946016,101.0,101.0056,0.0056
134.99994600000002,101.0,101.0057,0.0057
135.03994598399998,101.0,101.0057,0.0057
135.079945968,101.0,101.0057,0.0057
135.119945952,101.0,101.0056,0.0056
135.159945936,101.0,101.0056,0.0056
135.19994592,101.0,101.0056,0.0056
135.239945904,101.0,101.0055,0.0056
135.279945888,101.0,101.0055,0.0055
135.319945872,101.0,101.0055,0.0056
135.359945856,101.0,101.0055,0.0056
135.39994584000002,101.0,101.0055,0.0056
135.43994582399998,101.0,101.0055,0.0055
135.479945808,101.0,101.0055,0.0055
135.519945792,101.0,101.0055,0.0055
135.559945776,101.0,101.0055,0.0055
135.59994576,101.0,101.0055,0.0055
135.639945744,101.0,101.0055,0.0055
135.67994572799998,101.0,101.0055,0.0055
135.719945712,101.0,101.0055,0.0055
135.759945696,101.0,101.0055,0.0055
135.79994568,101.0,101.0055,0.0055
135.839945664,101.0,101.0055,0.0056
135.879945648,101.0,101.0056,0.0056
135.919945632,101.0,101.0056,0.0056
135.959945616,101.0,101.0055,0.0056
135.99994560000002,101.0,101.0055,0.0056
136.039945584,101.0,101.0055,0.0056
136.079945568,101.0,101.0055,0.0056
136.119945552,101.0,101.0055,0.0055
136.159945536,101.0,101.0055,0.0055
136.19994552,101.0,101.0054,0.0055
136.23994550400002,101.0,101.0055,0.0055
136.27994548799998,101.0,101.0055,0.0055
136.319945472,101.0,101.0055,0.0055
136.359945456,101.0,101.0054,0.0054
136.39994544,101.0,101.0054,0.0054
136.439945424,101.0,101.0054,0.0054
136.479945408,101.0,101.0054,0.0054
136.51994539199998,101.0,101.0055,0.0055
136.559945376,101.0,101.0055,0.0056
136.59994536,101.0,101.0055,0.0056
136.639945344,101.0,101.0056,0.0056
136.67994532799997,101.0,101.0056,0.0056
136.719945312,101.0,101.0057,0.0057
136.75994529599998,101.0,101.0057,0.0057
136.79994528,101.0,101.0057,0.0057
136.839945264,101.0,101.0057,0.0057
136.87994524799998,101.0,101.0057,0.0057
136.919945232,101.0,101.0057,0.0057
136.959945216,101.0,101.0057,0.0058
136.9999452,101.0,101.0057,0.0057
137.039945184,101.0,101.0057,0.0057
137.07994516800002,101.0,101.0057,0.0057
137.11994515199999,101.0,101.0057,0.0057
137.159945136,101.0,101.0057,0.0057
137.19994512,101.0,101.0057,0.0058
137.23994510400001,101.0,101.0057,0.0057
137.279945088,101.0,101.0057,0.0057
137.319945072,101.0,101.0057,0.0057
137.359945056,101.0,101.0056,0.0056
137.39994504,101.0,101.0057,0.0057
137.439945024,101.0,101.0056,0.0056
137.47994500800002,101.0,101.0056,0.0056
137.51994499199998,101.0,101.0055,0.0055
137.559944976,101.0,101.0055,0.0055
137.59994496,101.0,101.0055,0.0055
137.639944944,101.0,101.0055,0.0055
137.679944928,101.0,101.0055,0.0055
137.719944912,101.0,101.0055,0.0055
137.75994489599998,101.0,101.0055,0.0056
137.79994488,101.0,101.0055,0.0055
137.839944864,101.0,101.0055,0.0055
137.879944848,101.0,101.0055,0.0055
137.919944832,101.0,101.0054,0.0055
137.959944816,101.0,101.0055,0.0055
137.9999448,101.0,101.0054,0.0054
138.039944784,101.0,101.0054,0.0054
138.07994476800002,101.0,101.0054,0.0054
138.11994475199998,101.0,101.0054,0.0054
138.159944736,101.0,101.0054,0.0054
138.19994472,101.0,101.0053,0.0053
138.239944704,101.0,101.0053,0.0053
138.279944688,101.0,101.0052,0.0052
138.31994467200002,101.0,101.0052,0.0052
138.35994465599998,101.0,101.0052,0.0052
138.39994464,101.0,101.0051,0.0051
138.439944624,101.0,101.0052,0.0052
138.479944608,101.0,101.0051,0.0051
138.519944592,101.0,101.005,0.0051
138.559944576,101.0,101.005,0.005
138.59994455999998,101.0,101.005,0.005
138.639944544,101.0,101.005,0.005
138.679944528,101.0,101.005,0.005
138.719944512,101.0,101.005,0.005
138.75994449599997,101.0,101.005,0.005
138.79994448,101.0,101.0049,0.0049
138.83994446399998,101.0,101.0049,0.0049
138.879944448,101.0,101.0049,0.0049
138.91994443200002,101.0,101.0048,0.0048
138.95994441599998,101.0,101.0048,0.0048
138.9999444,101.0,101.0048,0.0048
139.039944384,101.0,101.0048,0.0048
139.079944368,101.0,101.0047,0.0047
139.119944352,101.0,101.0047,0.0047
139.159944336,101.0,101.0047,0.0047
139.19994432,101.0,101.0046,0.0046
139.239944304,101.0,101.0046,0.0046
139.279944288,101.0,101.0045,0.0046
139.31994427200001,101.0,101.0046,0.0046
139.35994425599998,101.0,101.0046,0.0046
139.39994424,101.0,101.0045,0.0045
139.439944224,101.0,101.0045,0.0045
139.479944208,101.0,101.0045,0.0045
139.519944192,101.0,101.0045,0.0045
139.55994417600002,101.0,101.0045,0.0045
139.59994415999998,101.0,101.0045,0.0045
139.639944144,101.0,101.0045,0.0045
139.679944128,101.0,101.0044,0.0045
139.719944112,101.0,101.0044,0.0044
139.759944096,101.0,101.0044,0.0044
139.79994408,101.0,101.0044,0.0044
139.83994406399998,101.0,101.0044,0.0044
139.879944048,101.0,101.0043,0.0043
139.91994403200002,101.0,101.0042,0.0042
139.959944016,101.0,101.0042,0.0042
139.999944,101.0,101.0042,0.0042
140.039943984,101.0,101.0042,0.0042
140.079943968,101.0,101.0041,0.0042
140.119943952,101.0,101.0041,0.0041
140.15994393600002,101.0,101.0041,0.0042
140.19994391999998,101.0,101.0041,0.0041
140.239943904,101.0,101.0041,0.0041
140.279943888,101.0,101.0041,0.0041
140.319943872,101.0,101.004,0.004
140.359943856,101.0,101.004,0.004
140.39994384,101.0,101.004,0.004
140.43994382399998,101.0,101.004,0.004
140.479943808,101.0,101.004,0.004
140.519943792,101.0,101.0039,0.0039
140.559943776,101.0,101.0039,0.0039
140.59994375999997,101.0,101.0039,0.0039
140.639943744,101.0,101.0039,0.0039
140.67994372799998,101.0,101.0038,0.0038
140.719943712,101.0,101.0038,0.0038
140.759943696,101.0,101.0038,0.0038
140.79994368,101.0,101.0037,0.0037
140.83994366399997,101.0,101.0036,0.0037
140.879943648,101.0,101.0036,0.0036
140.919943632,101.0,101.0036,0.0036
140.959943616,101.0,101.0035,0.0035
140.99994360000002,101.0,101.0035,0.0035
141.03994358399999,101.0,101.0034,0.0034
141.079943568,101.0,101.0034,0.0034
141.119943552,101.0,101.0034,0.0034
141.15994353600001,101.0,101.0033,0.0033
141.19994352,101.0,101.0033,0.0033
141.239943504,101.0,101.0033,0.0033
141.279943488,101.0,101.0032,0.0033
141.319943472,101.0,101.0032,0.0032
141.359943456,101.0,101.0032,0.0032
141.39994344000002,101.0,101.0032,0.0032
141.43994342399998,101.0,101.0032,0.0032
141.479943408,101.0,101.0031,0.0031
141.519943392,101.0,101.0031,0.0031
141.559943376,101.0,101.0031,0.0031
141.59994336,101.0,101.003,0.003
141.639943344,101.0,101.003,0.003
141.67994332799998,101.0,101.003,0.003
141.719943312,101.0,101.0029,0.0029
141.759943296,101.0,101.0029,0.0029
141.79994328,101.0,101.0028,0.0028
141.839943264,101.0,101.0028,0.0028
141.879943248,101.0,101.0027,0.0028
141.919943232,101.0,101.0027,0.0027
141.959943216,101.0,101.0027,0.0027
141.99994320000002,101.0,101.0026,0.0026
142.039943184,101.0,101.0026,0.0026
142.079943168,101.0,101.0025,0.0025
142.119943152,101.0,101.0024,0.0024
142.159943136,101.0,101.0023,0.0023
142.19994312,101.0,101.0022,0.0022
142.23994310400002,101.0,101.0022,0.0022
142.27994308799998,101.0,101.0021,0.0021
142.319943072,101.0,101.002,0.002
142.359943056,101.0,101.002,0.002
142.39994304,101.0,101.002,0.002
142.439943024,101.0,101.002,0.002
142.479943008,101.0,101.0019,0.0019
142.51994299199998,101.0,101.0018,0.0018
142.559942976,101.0,101.0017,0.0017
142.59994296,101.0,101.0017,0.0017
142.639942944,101.0,101.0016,0.0016
142.67994292799997,101.0,101.0016,0.0016
142.719942912,101.0,101.0016,0.0016
142.75994289599998,101.0,101.0015,0.0015
142.79994288,101.0,101.0014,0.0015
142.839942864,101.0,101.0014,0.0014
142.87994284799998,101.0,101.0013,0.0013
142.919942832,101.0,101.0012,0.0013
142.959942816,101.0,101.0011,0.0011
142.9999428,101.0,101.0011,0.0011
143.039942784,101.0,101.001,0.001
143.079942768,101.0,101.001,0.001
143.119942752,101.0,101.001,0.001
143.159942736,101.0,101.0009,0.0009
143.19994272,101.0,101.0009,0.0009
143.23994270400001,101.0,101.0009,0.0009
143.279942688,101.0,101.0008,0.0008
143.319942672,101.0,101.0007,0.0007
143.359942656,101.0,101.0007,0.0007
143.39994264,101.0,101.0006,0.0007
143.439942624,101.0,101.0006,0.0006
143.47994260800002,101.0,101.0005,0.0005
143.51994259199998,101.0,101.0004,0.0004
143.559942576,101.0,101.0004,0.0004
143.59994256,101.0,101.0003,0.0003
143.639942544,101.0,101.0002,0.0002
143.679942528,101.0,101.0002,0.0002
143.719942512,101.0,101.0002,0.0002
143.75994249599998,101.0,101.0001,0.0001
143.79994248,101.0,101.0001,0.0001
143.839942464,101.0,101.0,0.0
143.879942448,101.0,101.0,0.0
143.919942432,101.0,101.0,0.0
143.959942416,101.0,100.9999,-0.0
143.9999424,101.0,100.9999,-0.0
144.039942384,101.0,100.9999,-0.0
144.07994236800002,101.0,100.9999,-0.0
144.11994235199998,101.0,100.9999,-0.0
144.159942336,101.0,100.9999,-0.0
144.19994232,101.0,100.9999,-0.0
144.239942304,101.0,100.9999,-0.0
144.279942288,101.0,100.9999,-0.0
144.319942272,101.0,100.9999,-0.0
144.35994225599998,101.0,100.9998,-0.0001
144.39994224,101.0,100.9998,-0.0001
144.439942224,101.0,100.9998,-0.0001
144.479942208,101.0,100.9998,-0.0001
144.519942192,101.0,100.9998,-0.0001
144.559942176,101.0,100.9997,-0.0001
144.59994215999998,101.0,100.9997,-0.0002
144.639942144,101.0,100.9997,-0.0002
144.679942128,101.0,100.9997,-0.0002
144.719942112,101.0,100.9997,-0.0002
144.75994209599997,101.0,100.9997,-0.0002
144.79994208,101.0,100.9997,-0.0002
144.839942064,101.0,100.9997,-0.0002
144.879942048,101.0,100.9997,-0.0002
144.91994203200002,101.0,100.9997,-0.0002
144.95994201599999,101.0,100.9997,-0.0002
144.999942,101.0,100.9997,-0.0002
145.039941984,101.0,100.9997,-0.0002
145.079941968,101.0,100.9997,-0.0002
145.119941952,101.0,100.9997,-0.0002
145.159941936,101.0,100.9997,-0.0002
145.19994192,101.0,100.9997,-0.0002
145.239941904,101.0,100.9997,-0.0002
145.279941888,101.0,100.9998,-0.0001
145.31994187200002,101.0,100.9998,-0.0001
145.35994185599998,101.0,100.9998,-0.0001
145.39994184,101.0,100.9998,-0.0001
145.439941824,101.0,100.9998,-0.0001
145.479941808,101.0,100.9998,-0.0001
145.519941792,101.0,100.9998,-0.0001
145.559941776,101.0,100.9998,-0.0001
145.59994175999998,101.0,100.9998,-0.0001
145.639941744,101.0,100.9998,-0.0001
145.679941728,101.0,100.9998,-0.0001
145.719941712,101.0,100.9998,-0.0001
145.759941696,101.0,100.9998,-0.0001
145.79994168,101.0,100.9998,-0.0001
145.839941664,101.0,100.9998,-0.0001
145.879941648,101.0,100.9998,-0.0001
145.91994163200002,101.0,100.9997,-0.0002
145.959941616,101.0,100.9996,-0.0002
145.9999416,101.0,100.9996,-0.0003
146.039941584,101.0,100.9996,-0.0003
146.079941568,101.0,100.9996,-0.0003
146.119941552,101.0,100.9996,-0.0003
146.15994153600002,101.0,100.9996,-0.0003
146.19994151999998,101.0,100.9996,-0.0003
146.239941504,101.0,100.9996,-0.0003
146.279941488,101.0,100.9996,-0.0003
146.319941472,101.0,100.9996,-0.0003
146.359941456,101.0,100.9996,-0.0002
146.39994144,101.0,100.9996,-0.0003
146.43994142399998,101.0,100.9996,-0.0003
146.479941408,101.0,100.9996,-0.0003
146.519941392,101.0,100.9996,-0.0002
146.559941376,101.0,100.9996,-0.0003
146.59994135999997,101.0,100.9996,-0.0002
146.639941344,101.0,100.9997,-0.0002
146.67994132799998,101.0,100.9997,-0.0002
146.719941312,101.0,100.9997,-0.0002
146.759941296,101.0,100.9997,-0.0002
146.79994127999998,101.0,100.9997,-0.0002
146.839941264,101.0,100.9997,-0.0002
146.879941248,101.0,100.9997,-0.0002
146.919941232,101.0,100.9997,-0.0002
146.959941216,101.0,100.9997,-0.0002
146.99994120000002,101.0,100.9997,-0.0001
147.03994118399999,101.0,100.9998,-0.0001
147.079941168,101.0,100.9998,-0.0001
147.119941152,101.0,100.9998,-0.0001
147.15994113600001,101.0,100.9998,-0.0001
147.19994112,101.0,100.9998,-0.0001
147.239941104,101.0,100.9997,-0.0002
147.279941088,101.0,100.9997,-0.0001
147.319941072,101.0,100.9998,-0.0001
147.359941056,101.0,100.9997,-0.0002
147.39994104000002,101.0,100.9997,-0.0002
147.43994102399998,101.0,100.9998,-0.0001
147.479941008,101.0,100.9998,-0.0001
147.519940992,101.0,100.9998,-0.0001
147.559940976,101.0,100.9998,-0.0001
147.59994096,101.0,100.9998,-0.0001
147.639940944,101.0,100.9998,-0.0001
147.67994092799998,101.0,100.9998,-0.0001
147.719940912,101.0,100.9998,-0.0001
147.759940896,101.0,100.9998,-0.0
147.79994088,101.0,100.9998,-0.0
147.839940864,101.0,100.9999,-0.0
147.879940848,101.0,100.9999,-0.0
147.919940832,101.0,100.9999,-0.0
147.959940816,101.0,100.9999,-0.0
147.99994080000002,101.0,100.9999,-0.0
148.03994078399998,101.0,100.9999,-0.0
148.079940768,101.0,101.0,0.0
148.119940752,101.0,101.0,0.0
148.159940736,101.0,101.0,0.0
148.19994072,101.0,101.0001,0.0001
148.23994070400002,101.0,101.0001,0.0001
148.27994068799998,101.0,101.0001,0.0001
148.319940672,101.0,101.0,0.0
148.359940656,101.0,101.0001,0.0001
148.39994064,101.0,101.0001,0.0001
148.439940624,101.0,101.0001,0.0001
148.479940608,101.0,101.0002,0.0002
148.51994059199998,101.0,101.0002,0.0002
148.559940576,101.0,101.0002,0.0002
148.59994056,101.0,101.0002,0.0002
148.639940544,101.0,101.0002,0.0002
148.67994052799997,101.0,101.0002,0.0003
148.719940512,101.0,101.0002,0.0003
148.75994049599998,101.0,101.0003,0.0003
148.79994048,101.0,101.0003,0.0003
148.83994046400002,101.0,101.0003,0.0004
148.87994044799999,101.0,101.0004,0.0004
148.919940432,101.0,101.0004,0.0004
148.959940416,101.0,101.0004,0.0004
148.9999404,101.0,101.0004,0.0004
149.039940384,101.0,101.0004,0.0004
149.079940368,101.0,101.0004,0.0004
149.119940352,101.0,101.0005,0.0005
149.159940336,101.0,101.0005,0.0005
149.19994032,101.0,101.0005,0.0005
149.23994030400002,101.0,101.0005,0.0005
149.27994028799998,101.0,101.0005,0.0005
149.319940272,101.0,101.0005,0.0005
149.359940256,101.0,101.0006,0.0006
149.39994024,101.0,101.0006,0.0006
149.439940224,101.0,101.0006,0.0006
149.47994020800002,101.0,101.0006,0.0006
149.51994019199998,101.0,101.0006,0.0006
149.559940176,101.0,101.0006,0.0007
149.59994016,101.0,101.0006,0.0006
149.639940144,101.0,101.0006,0.0007
149.679940128,101.0,101.0007,0.0007
149.719940112,101.0,101.0007,0.0007
149.75994009599998,101.0,101.0007,0.0007
149.79994008,101.0,101.0007,0.0007
149.83994006400002,101.0,101.0007,0.0007
149.879940048,101.0,101.0008,0.0008
149.919940032,101.0,101.0008,0.0008
149.959940016,101.0,101.0009,0.0009
149.99994,101.0,101.0009,0.0009
150.039939984,101.0,101.0009,0.0009
150.07993996800002,101.0,101.001,0.001
150.11993995199998,101.0,101.001,0.001
150.159939936,101.0,101.001,0.001
150.19993992,101.0,101.0011,0.0011
150.239939904,101.0,101.0011,0.0011
150.279939888,101.0,101.0011,0.0012
150.319939872,101.0,101.0011,0.0012
150.35993985599998,101.0,101.0012,0.0012
150.39993984,101.0,101.0012,0.0012
150.439939824,101.0,101.0013,0.0013
150.479939808,101.0,101.0013,0.0013
150.51993979199997,101.0,101.0013,0.0013
150.559939776,101.0,101.0013,0.0014
150.59993975999998,101.0,101.0013,0.0014
150.639939744,101.0,101.0014,0.0014
150.679939728,101.0,101.0014,0.0014
150.719939712,101.0,101.0014,0.0014
150.759939696,101.0,101.0014,0.0014
150.79993968,101.0,101.0014,0.0014
150.839939664,101.0,101.0014,0.0015
150.879939648,101.0,101.0014,0.0015
150.91993963200002,101.0,101.0014,0.0014
150.95993961599999,101.0,101.0015,0.0015
150.9999396,101.0,101.0015,0.0015
151.039939584,101.0,101.0015,0.0015
151.07993956800001,101.0,101.0016,0.0016
151.119939552,101.0,101.0016,0.0016
151.159939536,101.0,101.0016,0.0016
151.19993952,101.0,101.0016,0.0016
151.239939504,101.0,101.0016,0.0016
151.279939488,101.0,101.0016,0.0016
151.31993947200002,101.0,101.0016,0.0016
151.35993945599998,101.0,101.0016,0.0016
151.39993944,101.0,101.0016,0.0016
151.439939424,101.0,101.0016,0.0016
151.479939408,101.0,101.0017,0.0017
151.519939392,101.0,101.0017,0.0017
151.559939376,101.0,101.0017,0.0017
151.59993935999998,101.0,101.0017,0.0018
151.639939344,101.0,101.0018,0.0018
151.679939328,101.0,101.0018,0.0018
151.719939312,101.0,101.0018,0.0018
151.759939296,101.0,101.0019,0.0019
151.79993928,101.0,101.002,0.002
151.839939264,101.0,101.002,0.002
151.879939248,101.0,101.0021,0.0021
151.91993923200002,101.0,101.0021,0.0021
151.959939216,101.0,101.0022,0.0022
151.9999392,101.0,101.0022,0.0023
152.039939184,101.0,101.0023,0.0023
152.079939168,101.0,101.0024,0.0024
152.119939152,101.0,101.0024,0.0024
152.15993913600002,101.0,101.0025,0.0025
152.19993911999998,101.0,101.0025,0.0025
152.239939104,101.0,101.0026,0.0026
152.279939088,101.0,101.0026,0.0026
152.319939072,101.0,101.0026,0.0026
152.359939056,101.0,101.0027,0.0027
152.39993904,101.0,101.0028,0.0028
152.43993902399998,101.0,101.0028,0.0028
152.479939008,101.0,101.0029,0.0029
152.519938992,101.0,101.0029,0.0029
152.559938976,101.0,101.0029,0.0029
152.59993895999997,101.0,101.003,0.003
152.639938944,101.0,101.003,0.003
152.67993892799998,101.0,101.003,0.003
152.719938912,101.0,101.003,0.0031
152.759938896,101.0,101.0031,0.0031
152.79993887999998,101.0,101.0031,0.0031
152.839938864,101.0,101.0032,0.0032
152.879938848,101.0,101.0032,0.0032
152.919938832,101.0,101.0032,0.0032
152.959938816,101.0,101.0033,0.0033
152.9999388,101.0,101.0033,0.0033
153.039938784,101.0,101.0033,0.0033
153.079938768,101.0,101.0033,0.0033
153.119938752,101.0,101.0033,0.0033
153.15993873600002,101.0,101.0033,0.0033
153.19993871999998,101.0,101.0033,0.0034
153.239938704,101.0,101.0034,0.0034
153.279938688,101.0,101.0034,0.0034
153.319938672,101.0,101.0034,0.0034
153.359938656,101.0,101.0035,0.0035
153.39993864000002,101.0,101.0035,0.0035
153.43993862399998,101.0,101.0035,0.0035
153.479938608,101.0,101.0036,0.0036
153.519938592,101.0,101.0036,0.0036
153.559938576,101.0,101.0036,0.0036
153.59993856,101.0,101.0036,0.0036
153.639938544,101.0,101.0036,0.0037
153.67993852799998,101.0,101.0037,0.0037
153.719938512,101.0,101.0037,0.0037
153.75993849600002,101.0,101.0037,0.0037
153.79993848,101.0,101.0037,0.0037
153.839938464,101.0,101.0037,0.0037
153.879938448,101.0,101.0037,0.0037
153.919938432,101.0,101.0037,0.0037
153.959938416,101.0,101.0037,0.0037
153.99993840000002,101.0,101.0037,0.0037
154.03993838399998,101.0,101.0037,0.0037
154.079938368,101.0,101.0038,0.0038
154.119938352,101.0,101.0038,0.0038
154.159938336,101.0,101.0038,0.0038
154.19993832,101.0,101.0039,0.0039
154.239938304,101.0,101.0038,0.0038
154.27993828799998,101.0,101.0038,0.0038
154.319938272,101.0,101.0039,0.0039
154.359938256,101.0,101.0039,0.0039
154.39993824,101.0,101.0039,0.0039
154.43993822399997,101.0,101.004,0.004
154.479938208,101.0,101.0039,0.0039
154.51993819199998,101.0,101.0039,0.0039
154.559938176,101.0,101.004,0.004
154.59993816,101.0,101.004,0.004
154.639938144,101.0,101.004,0.004
154.67993812799997,101.0,101.004,0.004
154.719938112,101.0,101.0041,0.0041
154.759938096,101.0,101.004,0.004
154.79993808,101.0,101.0041,0.0041
154.83993806400002,101.0,101.004,0.004
154.87993804799999,101.0,101.004,0.004
154.919938032,101.0,101.004,0.004
154.959938016,101.0,101.004,0.004
154.99993800000001,101.0,101.004,0.004
155.039937984,101.0,101.004,0.004
155.079937968,101.0,101.004,0.004
155.119937952,101.0,101.0039,0.0039
155.159937936,101.0,101.0039,0.0039
155.19993792,101.0,101.0039,0.0039
155.23993790400002,101.0,101.0039,0.0039
155.27993788799998,101.0,101.0038,0.0038
155.319937872,101.0,101.0038,0.0038
155.359937856,101.0,101.0038,0.0038
155.39993784,101.0,101.0038,0.0038
155.439937824,101.0,101.0038,0.0038
155.479937808,101.0,101.0038,0.0038
155.51993779199998,101.0,101.0038,0.0038
155.559937776,101.0,101.0038,0.0038
155.59993776,101.0,101.0038,0.0038
155.639937744,101.0,101.0038,0.0038
155.67993772799997,101.0,101.0038,0.0038
155.719937712,101.0,101.0038,0.0038
155.759937696,101.0,101.0038,0.0038
155.79993768,101.0,101.0039,0.0039
155.83993766400002,101.0,101.0039,0.0039
155.879937648,101.0,101.0038,0.0038
155.919937632,101.0,101.0038,0.0038
155.959937616,101.0,101.0038,0.0038
155.9999376,101.0,101.0038,0.0038
156.039937584,101.0,101.0037,0.0037
156.07993756800002,101.0,101.0037,0.0037
156.11993755199998,101.0,101.0037,0.0037
156.159937536,101.0,101.0037,0.0037
156.19993752,101.0,101.0037,0.0037
156.239937504,101.0,101.0037,0.0037
156.279937488,101.0,101.0037,0.0037
156.319937472,101.0,101.0037,0.0037
156.35993745599998,101.0,101.0036,0.0037
156.39993744,101.0,101.0036,0.0037
156.439937424,101.0,101.0036,0.0036
156.479937408,101.0,101.0036,0.0036
156.51993739199997,101.0,101.0036,0.0037
156.559937376,101.0,101.0036,0.0037
156.59993735999998,101.0,101.0036,0.0037
156.639937344,101.0,101.0036,0.0036
156.679937328,101.0,101.0036,0.0036
156.71993731199998,101.0,101.0036,0.0036
156.759937296,101.0,101.0036,0.0036
156.79993728,101.0,101.0036,0.0036
156.839937264,101.0,101.0036,0.0036
156.879937248,101.0,101.0036,0.0036
156.919937232,101.0,101.0036,0.0036
156.959937216,101.0,101.0036,0.0036
156.9999372,101.0,101.0036,0.0036
157.039937184,101.0,101.0036,0.0036
157.07993716800001,101.0,101.0037,0.0037
157.119937152,101.0,101.0037,0.0037
157.159937136,101.0,101.0037,0.0037
157.19993712,101.0,101.0037,0.0037
157.239937104,101.0,101.0037,0.0037
157.279937088,101.0,101.0038,0.0038
157.31993707200002,101.0,101.0038,0.0038
157.35993705599998,101.0,101.0038,0.0038
157.39993704,101.0,101.0038,0.0038
157.439937024,101.0,101.0038,0.0038
157.479937008,101.0,101.0039,0.0039
157.519936992,101.0,101.0039,0.0039
157.559936976,101.0,101.0039,0.0039
157.59993695999998,101.0,101.0039,0.0039
157.639936944,101.0,101.0038,0.0038
157.679936928,101.0,101.0039,0.0039
157.719936912,101.0,101.0039,0.0039
157.759936896,101.0,101.0039,0.0039
157.79993688,101.0,101.0039,0.0039
157.839936864,101.0,101.0039,0.0039
157.879936848,101.0,101.0039,0.0039
157.91993683200002,101.0,101.0039,0.0039
157.95993681599998,101.0,101.0038,0.0038
157.9999368,101.0,101.0038,0.0038
158.039936784,101.0,101.0039,0.0039
158.079936768,101.0,101.0039,0.0039
158.119936752,101.0,101.0039,0.0039
158.159936736,101.0,101.0038,0.0038
158.19993671999998,101.0,101.0038,0.0038
158.239936704,101.0,101.0038,0.0038
158.279936688,101.0,101.0038,0.0038
158.319936672,101.0,101.0038,0.0038
158.359936656,101.0,101.0038,0.0038
158.39993664,101.0,101.0038,0.0038
158.43993662399998,101.0,101.0038,0.0038
158.479936608,101.0,101.0039,0.0039
158.519936592,101.0,101.0038,0.0038
158.559936576,101.0,101.0037,0.0037
158.59993655999997,101.0,101.0037,0.0037
158.639936544,101.0,101.0037,0.0037
158.67993652799998,101.0,101.0037,0.0037
158.719936512,101.0,101.0037,0.0037
158.75993649600002,101.0,101.0037,0.0037
158.79993647999999,101.0,101.0037,0.0037
158.839936464,101.0,101.0036,0.0037
158.879936448,101.0,101.0036,0.0037
158.91993643200001,101.0,101.0036,0.0036
158.959936416,101.0,101.0036,0.0036
158.9999364,101.0,101.0036,0.0036
159.039936384,101.0,101.0036,0.0036
159.079936368,101.0,101.0036,0.0036
159.119936352,101.0,101.0036,0.0036
159.15993633600002,101.0,101.0035,0.0035
159.19993631999998,101.0,101.0036,0.0036
159.239936304,101.0,101.0036,0.0036
159.279936288,101.0,101.0036,0.0036
159.319936272,101.0,101.0036,0.0036
159.359936256,101.0,101.0036,0.0036
159.39993624,101.0,101.0037,0.0037
159.43993622399998,101.0,101.0036,0.0037
159.479936208,101.0,101.0037,0.0037
159.519936192,101.0,101.0037,0.0037
159.559936176,101.0,101.0037,0.0037
159.59993616,101.0,101.0038,0.0038
159.639936144,101.0,101.0037,0.0037
159.67993612799998,101.0,101.0037,0.0037
159.719936112,101.0,101.0037,0.0037
159.75993609600002,101.0,101.0036,0.0037
159.79993608,101.0,101.0037,0.0037
159.839936064,101.0,101.0037,0.0037
159.879936048,101.0,101.0037,0.0037
159.919936032,101.0,101.0037,0.0037
159.959936016,101.0,101.0037,0.0037
159.99993600000002,101.0,101.0037,0.0037
160.03993598399998,101.0,101.0037,0.0037
160.079935968,101.0,101.0036,0.0037
160.119935952,101.0,101.0036,0.0037
160.159935936,101.0,101.0036,0.0037
160.19993592,101.0,101.0036,0.0036
160.239935904,101.0,101.0036,0.0036
160.27993588799998,101.0,101.0036,0.0036
160.319935872,101.0,101.0036,0.0036
160.359935856,101.0,101.0036,0.0036
160.39993584,101.0,101.0035,0.0035
160.43993582399997,101.0,101.0035,0.0035
160.479935808,101.0,101.0035,0.0035
160.51993579199998,101.0,101.0035,0.0035
160.559935776,101.0,101.0034,0.0034
160.59993576,101.0,101.0034,0.0034
160.63993574399998,101.0,101.0034,0.0034
160.67993572799998,101.0,101.0033,0.0034
160.719935712,101.0,101.0033,0.0033
160.759935696,101.0,101.0033,0.0033
160.79993568,101.0,101.0032,0.0032
160.83993566400002,101.0,101.0032,0.0032
160.879935648,101.0,101.0031,0.0031
160.919935632,101.0,101.0031,0.0031
160.959935616,101.0,101.003,0.003
160.99993560000001,101.0,101.003,0.003
161.039935584,101.0,101.003,0.003
161.079935568,101.0,101.0029,0.0029
161.119935552,101.0,101.0029,0.0029
161.159935536,101.0,101.0029,0.0029
161.19993552,101.0,101.0029,0.0029
161.23993550400002,101.0,101.0028,0.0028
161.27993548799998,101.0,101.0028,0.0028
161.319935472,101.0,101.0028,0.0028
161.359935456,101.0,101.0028,0.0028
161.39993544,101.0,101.0027,0.0028
161.439935424,101.0,101.0027,0.0027
161.479935408,101.0,101.0026,0.0026
161.51993539199998,101.0,101.0026,0.0026
161.559935376,101.0,101.0025,0.0025
161.59993536,101.0,101.0025,0.0025
161.639935344,101.0,101.0025,0.0025
161.679935328,101.0,101.0024,0.0024
161.719935312,101.0,101.0024,0.0024
161.759935296,101.0,101.0024,0.0024
161.79993528,101.0,101.0023,0.0024
161.83993526400002,101.0,101.0023,0.0023
161.87993524799998,101.0,101.0022,0.0022
161.919935232,101.0,101.0022,0.0022
161.959935216,101.0,101.0021,0.0021
161.9999352,101.0,101.0021,0.0021
162.039935184,101.0,101.0021,0.0021
162.07993516800002,101.0,101.002,0.002
162.11993515199998,101.0,101.002,0.002
162.159935136,101.0,101.0019,0.0019
162.19993512,101.0,101.0018,0.0019
162.239935104,101.0,101.0018,0.0018
162.279935088,101.0,101.0018,0.0018
162.319935072,101.0,101.0018,0.0018
162.35993505599998,101.0,101.0017,0.0018
162.39993504,101.0,101.0017,0.0017
162.439935024,101.0,101.0017,0.0017
162.479935008,101.0,101.0016,0.0016
162.51993499199997,101.0,101.0016,0.0016
162.559934976,101.0,101.0015,0.0015
162.59993495999998,101.0,101.0015,0.0015
162.639934944,101.0,101.0014,0.0014
162.679934928,101.0,101.0014,0.0014
162.71993491199999,101.0,101.0013,0.0013
162.759934896,101.0,101.0013,0.0013
162.79993488,101.0,101.0012,0.0012
162.839934864,101.0,101.0012,0.0012
162.879934848,101.0,101.0012,0.0012
162.919934832,101.0,101.0011,0.0012
162.959934816,101.0,101.0011,0.0011
162.9999348,101.0,101.0011,0.0011
163.039934784,101.0,101.001,0.001
163.07993476800002,101.0,101.0009,0.0009
163.11993475199998,101.0,101.0009,0.0009
163.159934736,101.0,101.0009,0.0009
163.19993472,101.0,101.0008,0.0009
163.239934704,101.0,101.0008,0.0008
163.279934688,101.0,101.0007,0.0007
163.31993467200002,101.0,101.0007,0.0007
163.35993465599998,101.0,101.0006,0.0007
163.39993464,101.0,101.0006,0.0006
163.439934624,101.0,101.0006,0.0006
163.479934608,101.0,101.0005,0.0005
163.519934592,101.0,101.0005,0.0005
163.559934576,101.0,101.0004,0.0004
163.59993455999998,101.0,101.0003,0.0004
163.639934544,101.0,101.0003,0.0003
163.679934528,101.0,101.0003,0.0003
163.719934512,101.0,101.0002,0.0003
163.759934496,101.0,101.0002,0.0002
163.79993448,101.0,101.0001,0.0001
163.839934464,101.0,101.0,0.0001
163.879934448,101.0,101.0,0.0
163.91993443200002,101.0,100.9999,0.0
163.95993441599998,101.0,100.9999,-0.0
163.9999344,101.0,100.9999,-0.0
164.039934384,101.0,100.9998,-0.0
164.079934368,101.0,100.9998,-0.0001
164.119934352,101.0,100.9998,-0.0001
164.159934336,101.0,100.9997,-0.0002
164.19993431999998,101.0,100.9996,-0.0002
164.239934304,101.0,100.9996,-0.0003
164.279934288,101.0,100.9996,-0.0003
164.319934272,101.0,100.9995,-0.0004
164.35993425599997,101.0,100.9994,-0.0005
164.39993424,101.0,100.9994,-0.0005
164.43993422399998,101.0,100.9994,-0.0005
164.479934208,101.0,100.9993,-0.0005
164.519934192,101.0,100.9994,-0.0005
164.559934176,101.0,100.9993,-0.0006
164.59993415999998,101.0,100.9993,-0.0006
164.639934144,101.0,100.9994,-0.0005
164.679934128,101.0,100.9993,-0.0005
164.719934112,101.0,100.9994,-0.0005
164.75993409600002,101.0,100.9994,-0.0005
164.79993407999999,101.0,100.9994,-0.0005
164.839934064,101.0,100.9994,-0.0005
164.879934048,101.0,100.9994,-0.0005
164.91993403200001,101.0,100.9994,-0.0005
164.959934016,101.0,100.9994,-0.0005
164.999934,101.0,100.9994,-0.0005
165.039933984,101.0,100.9994,-0.0005
165.079933968,101.0,100.9994,-0.0005
165.119933952,101.0,100.9994,-0.0005
165.15993393600002,101.0,100.9994,-0.0005
165.19993391999998,101.0,100.9994,-0.0005
165.239933904,101.0,100.9994,-0.0005
165.279933888,101.0,100.9994,-0.0005
165.319933872,101.0,100.9994,-0.0005
165.359933856,101.0,100.9994,-0.0005
165.39993384,101.0,100.9994,-0.0005
165.43993382399998,101.0,100.9995,-0.0004
165.479933808,101.0,100.9995,-0.0004
165.519933792,101.0,100.9995,-0.0004
165.559933776,101.0,100.9995,-0.0004
165.59993375999997,101.0,100.9995,-0.0004
165.639933744,101.0,100.9995,-0.0004
165.679933728,101.0,100.9995,-0.0004
165.719933712,101.0,100.9995,-0.0004
165.75993369600002,101.0,100.9995,-0.0004
165.79993368,101.0,100.9995,-0.0004
165.839933664,101.0,100.9995,-0.0004
165.879933648,101.0,100.9995,-0.0004
165.919933632,101.0,100.9995,-0.0004
165.959933616,101.0,100.9995,-0.0004
165.99993360000002,101.0,100.9995,-0.0004
166.03993358399998,101.0,100.9995,-0.0004
166.079933568,101.0,100.9995,-0.0004
166.119933552,101.0,100.9995,-0.0004
166.159933536,101.0,100.9994,-0.0005
166.19993352,101.0,100.9995,-0.0004
166.239933504,101.0,100.9995,-0.0004
166.27993348799998,101.0,100.9995,-0.0004
166.319933472,101.0,100.9995,-0.0004
166.359933456,101.0,100.9995,-0.0004
166.39993344,101.0,100.9995,-0.0004
166.43993342399997,101.0,100.9995,-0.0004
166.479933408,101.0,100.9994,-0.0005
166.51993339199998,101.0,100.9995,-0.0004
166.559933376,101.0,100.9995,-0.0004
166.59993336,101.0,100.9994,-0.0005
166.63993334399999,101.0,100.9995,-0.0004
166.679933328,101.0,100.9994,-0.0005
166.719933312,101.0,100.9995,-0.0004
166.759933296,101.0,100.9995,-0.0004
166.79993328,101.0,100.9995,-0.0004
166.839933264,101.0,100.9995,-0.0003
166.879933248,101.0,100.9996,-0.0003
166.919933232,101.0,100.9996,-0.0003
166.959933216,101.0,100.9996,-0.0003
166.99993320000002,101.0,100.9997,-0.0002
167.039933184,101.0,100.9997,-0.0002
167.079933168,101.0,100.9997,-0.0002
167.119933152,101.0,100.9997,-0.0002
167.159933136,101.0,100.9998,-0.0001
167.19993312,101.0,100.9998,-0.0001
167.23993310400002,101.0,100.9998,-0.0001
167.27993308799998,101.0,100.9998,-0.0001
167.319933072,101.0,100.9998,-0.0
167.359933056,101.0,100.9999,-0.0
167.39993304,101.0,100.9999,-0.0
167.439933024,101.0,101.0,0.0
167.479933008,101.0,101.0,0.0
167.51993299199998,101.0,101.0,0.0
167.559932976,101.0,101.0,0.0
167.59993296,101.0,101.0,0.0
167.639932944,101.0,101.0,0.0
167.679932928,101.0,101.0,0.0
167.719932912,101.0,101.0,0.0
167.759932896,101.0,101.0,0.0
167.79993288,101.0,101.0,0.0
167.83993286400002,101.0,101.0,0.0
167.87993284799998,101.0,101.0,0.0
167.919932832,101.0,101.0,0.0
167.959932816,101.0,101.0,0.0
167.9999328,101.0,101.0,0.0
168.039932784,101.0,101.0,0.0
168.079932768,101.0,101.0,0.0
168.11993275199998,101.0,101.0,0.0
168.159932736,101.0,101.0,0.0
168.19993272,101.0,101.0,0.0
168.239932704,101.0,101.0,0.0
168.279932688,101.0,101.0,0.0
168.319932672,101.0,101.0,0.0
168.35993265599998,101.0,101.0,0.0
168.39993264,101.0,101.0,0.0
168.439932624,101.0,101.0,0.0
168.479932608,101.0,101.0,0.0
168.51993259199998,101.0,101.0,0.0
168.559932576,101.0,101.0,0.0
168.59993255999998,101.0,101.0,0.0
168.639932544,101.0,101.0,0.0
168.67993252800002,101.0,101.0,0.0
168.71993251199999,101.0,101.0001,0.0001
168.759932496,101.0,101.0001,0.0001
168.79993248,101.0,101.0001,0.0001
168.83993246400001,101.0,101.0001,0.0001
168.879932448,101.0,101.0001,0.0001
168.919932432,101.0,101.0001,0.0001
168.959932416,101.0,101.0001,0.0001
168.9999324,101.0,101.0001,0.0001
169.039932384,101.0,101.0001,0.0001
169.07993236800002,101.0,101.0001,0.0001
169.11993235199998,101.0,101.0001,0.0001
169.159932336,101.0,101.0001,0.0001
169.19993232,101.0,101.0001,0.0001
169.239932304,101.0,101.0001,0.0001
169.279932288,101.0,101.0001,0.0001
169.319932272,101.0,101.0001,0.0001
169.35993225599998,101.0,101.0002,0.0002
169.39993224,101.0,101.0001,0.0001
169.439932224,101.0,101.0001,0.0001
169.479932208,101.0,101.0001,0.0001
169.519932192,101.0,101.0001,0.0001
169.559932176,101.0,101.0001,0.0001
169.59993215999998,101.0,101.0001,0.0001
169.639932144,101.0,101.0002,0.0002
169.67993212800002,101.0,101.0002,0.0002
169.719932112,101.0,101.0002,0.0002
169.759932096,101.0,101.0002,0.0002
169.79993208,101.0,101.0002,0.0002
169.839932064,101.0,101.0002,0.0002
169.879932048,101.0,101.0003,0.0003
169.91993203200002,101.0,101.0003,0.0003
169.95993201599998,101.0,101.0003,0.0003
169.999932,101.0,101.0003,0.0003
170.039931984,101.0,101.0003,0.0003
170.079931968,101.0,101.0003,0.0003
170.119931952,101.0,101.0003,0.0003
170.159931936,101.0,101.0003,0.0003
170.19993191999998,101.0,101.0003,0.0003
170.239931904,101.0,101.0003,0.0003
170.279931888,101.0,101.0003,0.0003
170.319931872,101.0,101.0003,0.0004
170.35993185599997,101.0,101.0004,0.0004
170.39993184,101.0,101.0004,0.0004
170.43993182399998,101.0,101.0004,0.0004
170.479931808,101.0,101.0004,0.0004
170.519931792,101.0,101.0004,0.0004
170.55993177599998,101.0,101.0004,0.0004
170.59993176,101.0,101.0004,0.0005
170.639931744,101.0,101.0004,0.0005
170.679931728,101.0,101.0004,0.0005
170.719931712,101.0,101.0005,0.0005
170.75993169600002,101.0,101.0005,0.0006
170.79993168,101.0,101.0005,0.0006
170.839931664,101.0,101.0006,0.0006
170.879931648,101.0,101.0006,0.0006
170.91993163200002,101.0,101.0006,0.0006
170.959931616,101.0,101.0006,0.0006
170.9999316,101.0,101.0006,0.0006
171.039931584,101.0,101.0006,0.0006
171.079931568,101.0,101.0006,0.0006
171.119931552,101.0,101.0006,0.0006
171.15993153600002,101.0,101.0006,0.0007
171.19993151999998,101.0,101.0006,0.0006
171.239931504,101.0,101.0007,0.0007
171.279931488,101.0,101.0007,0.0007
171.319931472,101.0,101.0007,0.0007
171.359931456,101.0,101.0007,0.0008
171.39993144,101.0,101.0008,0.0008
171.43993142399998,101.0,101.0008,0.0009
171.479931408,101.0,101.0009,0.0009
171.519931392,101.0,101.0009,0.0009
171.559931376,101.0,101.0009,0.0009
171.59993136,101.0,101.0009,0.0009
171.639931344,101.0,101.001,0.001
171.679931328,101.0,101.001,0.001
171.719931312,101.0,101.001,0.001
171.75993129600002,101.0,101.0011,0.0011
171.79993127999998,101.0,101.0011,0.0011
171.839931264,101.0,101.0011,0.0011
171.879931248,101.0,101.0011,0.0011
171.919931232,101.0,101.0011,0.0011
171.959931216,101.0,101.0011,0.0011
171.99993120000002,101.0,101.0011,0.0011
172.03993118399998,101.0,101.0011,0.0011
172.079931168,101.0,101.0011,0.0011
172.119931152,101.0,101.0011,0.0012
172.159931136,101.0,101.0012,0.0012
172.19993112,101.0,101.0012,0.0012
172.239931104,101.0,101.0012,0.0012
172.27993108799998,101.0,101.0012,0.0012
172.319931072,101.0,101.0012,0.0012
172.359931056,101.0,101.0012,0.0012
172.39993104,101.0,101.0012,0.0012
172.43993102399997,101.0,101.0013,0.0013
172.479931008,101.0,101.0013,0.0013
172.51993099199998,101.0,101.0013,0.0013
172.559930976,101.0,101.0013,0.0014
172.59993096,101.0,101.0013,0.0013
172.63993094399999,101.0,101.0014,0.0014
172.679930928,101.0,101.0014,0.0014
172.719930912,101.0,101.0014,0.0014
172.75993089600001,101.0,101.0014,0.0014
172.79993088,101.0,101.0013,0.0014
172.839930864,101.0,101.0013,0.0014
172.879930848,101.0,101.0013,0.0014
172.919930832,101.0,101.0013,0.0013
172.959930816,101.0,101.0013,0.0014
172.99993080000002,101.0,101.0013,0.0013
173.03993078399998,101.0,101.0013,0.0013
173.079930768,101.0,101.0013,0.0013
173.119930752,101.0,101.0013,0.0013
173.159930736,101.0,101.0013,0.0013
173.19993072,101.0,101.0013,0.0013
173.23993070400002,101.0,101.0013,0.0013
173.27993068799998,101.0,101.0013,0.0013
173.319930672,101.0,101.0012,0.0012
173.359930656,101.0,101.0013,0.0013
173.39993064,101.0,101.0012,0.0012
173.439930624,101.0,101.0013,0.0013
173.479930608,101.0,101.0013,0.0013
173.51993059199998,101.0,101.0012,0.0012
173.559930576,101.0,101.0012,0.0012
173.59993056000002,101.0,101.0013,0.0013
173.639930544,101.0,101.0013,0.0013
173.679930528,101.0,101.0013,0.0013
173.719930512,101.0,101.0013,0.0013
173.759930496,101.0,101.0013,0.0013
173.79993048,101.0,101.0013,0.0013
173.83993046400002,101.0,101.0013,0.0014
173.87993044799998,101.0,101.0014,0.0014
173.919930432,101.0,101.0014,0.0014
173.959930416,101.0,101.0014,0.0014
173.9999304,101.0,101.0013,0.0013
174.039930384,101.0,101.0013,0.0013
174.079930368,101.0,101.0013,0.0013
174.11993035199998,101.0,101.0013,0.0013
174.159930336,101.0,101.0013,0.0013
174.19993032,101.0,101.0013,0.0013
174.239930304,101.0,101.0013,0.0013
174.27993028799997,101.0,101.0013,0.0013
174.319930272,101.0,101.0013,0.0013
174.35993025599998,101.0,101.0014,0.0014
174.39993024,101.0,101.0013,0.0013
174.439930224,101.0,101.0013,0.0013
174.479930208,101.0,101.0013,0.0013
174.51993019199998,101.0,101.0013,0.0013
174.559930176,101.0,101.0013,0.0013
174.59993016,101.0,101.0013,0.0013
174.639930144,101.0,101.0013,0.0013
174.67993012800002,101.0,101.0013,0.0013
174.719930112,101.0,101.0013,0.0013
174.759930096,101.0,101.0013,0.0013
174.79993008,101.0,101.0012,0.0013
174.83993006400001,101.0,101.0013,0.0013
174.879930048,101.0,101.0013,0.0013
174.919930032,101.0,101.0013,0.0013
174.959930016,101.0,101.0013,0.0013
174.99993,101.0,101.0013,0.0013
175.039929984,101.0,101.0013,0.0013
175.07992996800002,101.0,101.0013,0.0013
175.11992995199998,101.0,101.0013,0.0013
175.159929936,101.0,101.0013,0.0013
175.19992992,101.0,101.0013,0.0013
175.239929904,101.0,101.0013,0.0013
175.279929888,101.0,101.0013,0.0013
175.319929872,101.0,101.0013,0.0013
175.35992985599998,101.0,101.0013,0.0013
175.39992984,101.0,101.0013,0.0013
175.439929824,101.0,101.0013,0.0013
175.479929808,101.0,101.0013,0.0013
175.51992979199997,101.0,101.0013,0.0014
175.559929776,101.0,101.0013,0.0013
175.59992976,101.0,101.0013,0.0013
175.639929744,101.0,101.0013,0.0013
175.67992972800002,101.0,101.0013,0.0013
175.71992971199998,101.0,101.0013,0.0014
175.759929696,101.0,101.0014,0.0014
175.79992968,101.0,101.0014,0.0014
175.839929664,101.0,101.0014,0.0014
175.879929648,101.0,101.0014,0.0014
175.91992963200002,101.0,101.0015,0.0015
175.95992961599998,101.0,101.0015,0.0015
175.9999296,101.0,101.0016,0.0016
176.039929584,101.0,101.0016,0.0016
176.079929568,101.0,101.0017,0.0017
176.119929552,101.0,101.0017,0.0017
176.159929536,101.0,101.0017,0.0017
176.19992951999998,101.0,101.0017,0.0018
176.239929504,101.0,101.0018,0.0018
176.279929488,101.0,101.0018,0.0018
176.319929472,101.0,101.0018,0.0018
176.35992945599997,101.0,101.0019,0.0019
176.39992944,101.0,101.0019,0.0019
176.43992942399998,101.0,101.0019,0.0019
176.479929408,101.0,101.002,0.002
176.519929392,101.0,101.002,0.002
176.55992937599999,101.0,101.002,0.002
176.59992936,101.0,101.002,0.002
176.639929344,101.0,101.002,0.0021
176.67992932800001,101.0,101.0021,0.0021
176.719929312,101.0,101.0021,0.0021
176.759929296,101.0,101.0021,0.0021
176.79992928,101.0,101.0021,0.0021
176.839929264,101.0,101.0021,0.0021
176.879929248,101.0,101.0021,0.0021
176.91992923200002,101.0,101.0021,0.0021
176.95992921599998,101.0,101.0021,0.0021
176.9999292,101.0,101.0021,0.0021
177.039929184,101.0,101.0021,0.0021
177.079929168,101.0,101.0021,0.0021
177.119929152,101.0,101.0021,0.0021
177.15992913600002,101.0,101.002,0.0021
177.19992911999998,101.0,101.0021,0.0021
177.239929104,101.0,101.0021,0.0021
177.279929088,101.0,101.0021,0.0021
177.319929072,101.0,101.0021,0.0021
177.359929056,101.0,101.0022,0.0022
177.39992904,101.0,101.0022,0.0022
177.43992902399998,101.0,101.0022,0.0022
177.479929008,101.0,101.0022,0.0022
177.519928992,101.0,101.0022,0.0022
177.559928976,101.0,101.0022,0.0022
177.59992896,101.0,101.0022,0.0023
177.639928944,101.0,101.0023,0.0023
177.679928928,101.0,101.0023,0.0023
177.719928912,101.0,101.0023,0.0023
177.75992889600002,101.0,101.0023,0.0023
177.79992887999998,101.0,101.0023,0.0023
177.839928864,101.0,101.0023,0.0023
177.879928848,101.0,101.0023,0.0023
177.919928832,101.0,101.0023,0.0023
177.959928816,101.0,101.0023,0.0023
177.9999288,101.0,101.0023,0.0023
178.03992878399998,101.0,101.0023,0.0023
178.079928768,101.0,101.0023,0.0023
178.119928752,101.0,101.0023,0.0023
178.159928736,101.0,101.0022,0.0022
178.19992871999997,101.0,101.0022,0.0022
178.239928704,101.0,101.0021,0.0021
178.27992868799998,101.0,101.0021,0.0021
178.319928672,101.0,101.0021,0.0021
178.359928656,101.0,101.0021,0.0021
178.39992864,101.0,101.002,0.002
178.43992862399998,101.0,101.002,0.002
178.479928608,101.0,101.002,0.002
178.51992859199999,101.0,101.002,0.002
178.559928576,101.0,101.002,0.002
178.59992856000002,101.0,101.0019,0.0019
178.63992854399999,101.0,101.0019,0.0019
178.679928528,101.0,101.0019,0.0019
178.719928512,101.0,101.0019,0.0019
178.75992849600001,101.0,101.0018,0.0019
178.79992848,101.0,101.0018,0.0018
178.839928464,101.0,101.0018,0.0018
178.879928448,101.0,101.0018,0.0018
178.919928432,101.0,101.0018,0.0018
178.959928416,101.0,101.0018,0.0019
178.99992840000002,101.0,101.0019,0.0019
179.03992838399998,101.0,101.0018,0.0018
179.079928368,101.0,101.0018,0.0018
179.119928352,101.0,101.0018,0.0018
179.159928336,101.0,101.0018,0.0018
179.19992832,101.0,101.0018,0.0018
179.239928304,101.0,101.0018,0.0018
179.27992828799998,101.0,101.0018,0.0018
179.319928272,101.0,101.0019,0.0019
179.359928256,101.0,101.0019,0.0019
179.39992824,101.0,101.0019,0.0019
179.43992822399997,101.0,101.0019,0.0019
179.479928208,101.0,101.0019,0.0019
179.51992819199998,101.0,101.0019,0.0019
179.559928176,101.0,101.0019,0.0019
179.59992816000002,101.0,101.0019,0.0019
179.639928144,101.0,101.0019,0.0019
179.679928128,101.0,101.002,0.002
179.719928112,101.0,101.002,0.002
179.759928096,101.0,101.002,0.002
179.79992808,101.0,101.002,0.002
179.83992806400002,101.0,101.002,0.002
179.87992804799998,101.0,101.0021,0.0021
179.919928032,101.0,101.0021,0.0021
179.959928016,101.0,101.0021,0.0021
179.999928,101.0,101.0021,0.0021
180.039927984,101.0,101.0021,0.0021
180.079927968,101.0,101.0021,0.0021
180.11992795199998,101.0,101.0021,0.0021
180.159927936,101.0,101.0022,0.0022
180.19992792,101.0,101.0022,0.0022
180.239927904,101.0,101.0022,0.0022
180.27992788799997,101.0,101.0023,0.0023
180.319927872,101.0,101.0022,0.0022
180.35992785599998,101.0,101.0022,0.0022
180.39992784,101.0,101.0022,0.0022
180.439927824,101.0,101.0022,0.0022
180.47992780799999,101.0,101.0023,0.0023
180.51992779199998,101.0,101.0023,0.0023
180.559927776,101.0,101.0023,0.0023
180.59992776,101.0,101.0023,0.0023
180.639927744,101.0,101.0023,0.0023
180.679927728,101.0,101.0023,0.0023
180.719927712,101.0,101.0023,0.0023
180.759927696,101.0,101.0023,0.0023
180.79992768,101.0,101.0023,0.0023
180.83992766400002,101.0,101.0023,0.0023
180.879927648,101.0,101.0023,0.0023
180.919927632,101.0,101.0022,0.0022
180.959927616,101.0,101.0022,0.0022
180.9999276,101.0,101.0022,0.0022
181.039927584,101.0,101.0022,0.0022
181.07992756800002,101.0,101.0022,0.0022
181.11992755199998,101.0,101.0022,0.0022
181.159927536,101.0,101.0022,0.0022
181.19992752,101.0,101.0022,0.0022
181.239927504,101.0,101.0022,0.0022
181.279927488,101.0,101.0022,0.0022
181.319927472,101.0,101.0022,0.0022
181.35992745599998,101.0,101.0022,0.0022
181.39992744,101.0,101.0022,0.0022
181.439927424,101.0,101.0022,0.0022
181.479927408,101.0,101.0022,0.0022
181.519927392,101.0,101.0022,0.0022
181.559927376,101.0,101.0022,0.0022
181.59992736,101.0,101.0022,0.0022
181.639927344,101.0,101.0022,0.0022
181.67992732800002,101.0,101.0022,0.0022
181.71992731199998,101.0,101.0022,0.0022
181.759927296,101.0,101.0021,0.0021
181.79992728,101.0,101.0021,0.0021
181.839927264,101.0,101.0021,0.0021
181.879927248,101.0,101.0021,0.0021
181.919927232,101.0,101.0021,0.0021
181.95992721599998,101.0,101.002,0.002
181.9999272,101.0,101.002,0.002
182.039927184,101.0,101.002,0.002
182.079927168,101.0,101.002,0.002
182.119927152,101.0,101.0019,0.0019
182.159927136,101.0,101.0019,0.0019
182.19992711999998,101.0,101.0019,0.0019
182.239927104,101.0,101.0018,0.0018
182.279927088,101.0,101.0018,0.0018
182.319927072,101.0,101.0017,0.0017
182.35992705599998,101.0,101.0016,0.0017
182.39992704,101.0,101.0016,0.0016
182.43992702399999,101.0,101.0016,0.0016
182.479927008,101.0,101.0015,0.0015
182.519926992,101.0,101.0015,0.0015
182.55992697599999,101.0,101.0014,0.0014
182.59992696,101.0,101.0013,0.0013
182.639926944,101.0,101.0012,0.0013
182.67992692800001,101.0,101.0012,0.0012
182.719926912,101.0,101.0012,0.0012
182.759926896,101.0,101.0011,0.0011
182.79992688,101.0,101.0011,0.0011
182.839926864,101.0,101.001,0.001
182.879926848,101.0,101.001,0.001
182.91992683200002,101.0,101.0009,0.0009
182.95992681599998,101.0,101.0009,0.0009
182.9999268,101.0,101.0008,0.0009
183.039926784,101.0,101.0008,0.0008
183.079926768,101.0,101.0007,0.0007
183.119926752,101.0,101.0007,0.0007
183.159926736,101.0,101.0006,0.0006
183.19992671999998,101.0,101.0006,0.0006
183.239926704,101.0,101.0006,0.0006
183.279926688,101.0,101.0005,0.0005
183.319926672,101.0,101.0005,0.0005
183.359926656,101.0,101.0005,0.0005
183.39992664,101.0,101.0005,0.0005
183.43992662399998,101.0,101.0004,0.0004
183.479926608,101.0,101.0004,0.0004
183.519926592,101.0,101.0004,0.0004
183.559926576,101.0,101.0003,0.0004
183.59992656,101.0,101.0004,0.0004
183.639926544,101.0,101.0003,0.0004
183.679926528,101.0,101.0003,0.0003
183.719926512,101.0,101.0003,0.0003
183.75992649600002,101.0,101.0002,0.0002
183.79992647999998,101.0,101.0002,0.0002
183.839926464,101.0,101.0002,0.0002
183.879926448,101.0,101.0002,0.0002
183.919926432,101.0,101.0001,0.0001
183.959926416,101.0,101.0001,0.0001
183.9999264,101.0,101.0001,0.0001
184.03992638399998,101.0,101.0001,0.0001
184.079926368,101.0,101.0001,0.0001
184.119926352,101.0,101.0001,0.0001
184.159926336,101.0,101.0001,0.0001
184.19992631999997,101.0,101.0001,0.0001
184.239926304,101.0,101.0,0.0001
184.27992628799998,101.0,101.0,0.0
184.319926272,101.0,101.0,0.0001
184.359926256,101.0,101.0,0.0
184.39992623999999,101.0,101.0,0.0
184.43992622399998,101.0,101.0001,0.0001
184.479926208,101.0,101.0,0.0001
184.519926192,101.0,101.0,0.0001
184.559926176,101.0,101.0,0.0
184.59992616000002,101.0,101.0001,0.0001
184.639926144,101.0,101.0,0.0001
184.679926128,101.0,101.0001,0.0001
184.719926112,101.0,101.0001,0.0001
184.75992609600002,101.0,101.0001,0.0001
184.79992608,101.0,101.0001,0.0001
184.839926064,101.0,101.0001,0.0001
184.879926048,101.0,101.0001,0.0001
184.919926032,101.0,101.0001,0.0001
184.959926016,101.0,101.0001,0.0001
184.99992600000002,101.0,101.0,0.0
185.03992598399998,101.0,101.0,0.0
185.079925968,101.0,101.0,0.0
185.119925952,101.0,101.0001,0.0001
185.159925936,101.0,101.0001,0.0001
185.19992592,101.0,101.0001,0.0001
185.239925904,101.0,101.0002,0.0002
185.27992588799998,101.0,101.0002,0.0002
185.319925872,101.0,101.0002,0.0002
185.359925856,101.0,101.0002,0.0002
185.39992584,101.0,101.0002,0.0002
185.43992582399997,101.0,101.0003,0.0003
185.479925808,101.0,101.0002,0.0003
185.519925792,101.0,101.0003,0.0003
185.559925776,101.0,101.0003,0.0003
185.59992576000002,101.0,101.0003,0.0003
185.63992574399998,101.0,101.0003,0.0003
185.679925728,101.0,101.0002,0.0002
185.719925712,101.0,101.0003,0.0003
185.759925696,101.0,101.0003,0.0003
185.79992568,101.0,101.0003,0.0004
185.83992566400002,101.0,101.0004,0.0004
185.87992564799998,101.0,101.0003,0.0003
185.919925632,101.0,101.0004,0.0004
185.959925616,101.0,101.0003,0.0004
185.9999256,101.0,101.0003,0.0003
186.039925584,101.0,101.0003,0.0004
186.079925568,101.0,101.0003,0.0003
186.11992555199998,101.0,101.0003,0.0003
186.159925536,101.0,101.0002,0.0003
186.19992552,101.0,101.0002,0.0002
186.239925504,101.0,101.0003,0.0003
186.27992548799998,101.0,101.0002,0.0003
186.319925472,101.0,101.0003,0.0003
186.35992545599998,101.0,101.0003,0.0003
186.39992544,101.0,101.0003,0.0003
186.439925424,101.0,101.0003,0.0003
186.47992540799999,101.0,101.0002,0.0002
186.519925392,101.0,101.0002,0.0002
186.559925376,101.0,101.0002,0.0002
186.59992536000001,101.0,101.0001,0.0001
186.639925344,101.0,101.0002,0.0002
186.679925328,101.0,101.0001,0.0001
186.719925312,101.0,101.0002,0.0002
186.759925296,101.0,101.0002,0.0002
186.79992528,101.0,101.0001,0.0001
186.83992526400002,101.0,101.0001,0.0001
186.87992524799998,101.0,101.0001,0.0001
186.919925232,101.0,101.0001,0.0001
186.959925216,101.0,101.0001,0.0001
186.9999252,101.0,101.0001,0.0001
187.039925184,101.0,101.0001,0.0001
187.07992516800002,101.0,101.0,0.0
187.11992515199998,101.0,101.0,0.0
187.159925136,101.0,101.0,0.0
187.19992512,101.0,101.0,0.0
187.239925104,101.0,101.0,0.0
187.279925088,101.0,100.9999,0.0
187.319925072,101.0,100.9999,-0.0
187.35992505599998,101.0,100.9999,-0.0
187.39992504,101.0,100.9999,-0.0
187.439925024,101.0,100.9999,-0.0
187.479925008,101.0,100.9998,-0.0001
187.519924992,101.0,100.9998,-0.0001
187.559924976,101.0,100.9998,-0.0001
187.59992496,101.0,100.9998,-0.0001
187.639924944,101.0,100.9998,-0.0001
187.67992492800002,101.0,100.9998,-0.0001
187.71992491199998,101.0,100.9998,-0.0001
187.759924896,101.0,100.9998,-0.0001
187.79992488,101.0,100.9997,-0.0002
187.839924864,101.0,100.9997,-0.0002
187.879924848,101.0,100.9996,-0.0002
187.919924832,101.0,100.9996,-0.0003
187.95992481599998,101.0,100.9996,-0.0002
187.9999248,101.0,100.9996,-0.0003
188.039924784,101.0,100.9997,-0.0002
188.079924768,101.0,100.9996,-0.0002
188.11992475199997,101.0,100.9996,-0.0002
188.159924736,101.0,100.9997,-0.0002
188.19992471999998,101.0,100.9997,-0.0002
188.239924704,101.0,100.9997,-0.0002
188.279924688,101.0,100.9996,-0.0002
188.319924672,101.0,100.9996,-0.0002
188.35992465599998,101.0,100.9997,-0.0002
188.39992464,101.0,100.9996,-0.0002
188.43992462399999,101.0,100.9996,-0.0003
188.479924608,101.0,100.9995,-0.0003
188.51992459200002,101.0,100.9995,-0.0004
188.559924576,101.0,100.9995,-0.0004
188.59992456,101.0,100.9995,-0.0004
188.639924544,101.0,100.9995,-0.0004
188.67992452800002,101.0,100.9995,-0.0004
188.719924512,101.0,100.9995,-0.0004
188.759924496,101.0,100.9995,-0.0004
188.79992448,101.0,100.9995,-0.0004
188.839924464,101.0,100.9996,-0.0003
188.879924448,101.0,100.9995,-0.0004
188.91992443200002,101.0,100.9995,-0.0004
188.95992441599998,101.0,100.9995,-0.0004
188.9999244,101.0,100.9995,-0.0004
189.039924384,101.0,100.9995,-0.0004
189.079924368,101.0,100.9995,-0.0004
189.119924352,101.0,100.9995,-0.0004
189.159924336,101.0,100.9995,-0.0004
189.19992431999998,101.0,100.9994,-0.0005
189.239924304,101.0,100.9994,-0.0005
189.279924288,101.0,100.9994,-0.0005
189.319924272,101.0,100.9994,-0.0005
189.35992425599997,101.0,100.9994,-0.0005
189.39992424,101.0,100.9995,-0.0004
189.43992422399998,101.0,100.9995,-0.0004
189.479924208,101.0,100.9994,-0.0005
189.51992419200002,101.0,100.9994,-0.0005
189.559924176,101.0,100.9995,-0.0004
189.59992416,101.0,100.9994,-0.0005
189.639924144,101.0,100.9995,-0.0004
189.679924128,101.0,100.9995,-0.0004
189.719924112,101.0,100.9995,-0.0004
189.75992409600002,101.0,100.9995,-0.0004
189.79992407999998,101.0,100.9995,-0.0003
189.839924064,101.0,100.9996,-0.0003
189.879924048,101.0,100.9995,-0.0004
189.919924032,101.0,100.9995,-0.0004
189.959924016,101.0,100.9995,-0.0004
189.999924,101.0,100.9995,-0.0004
190.03992398399998,101.0,100.9995,-0.0004
190.079923968,101.0,100.9994,-0.0005
190.119923952,101.0,100.9994,-0.0005
190.159923936,101.0,100.9994,-0.0005
190.19992391999997,101.0,100.9994,-0.0005
190.239923904,101.0,100.9995,-0.0004
190.27992388799998,101.0,100.9995,-0.0004
190.319923872,101.0,100.9995,-0.0004
190.359923856,101.0,100.9995,-0.0004
190.39992383999999,101.0,100.9995,-0.0004
190.439923824,101.0,100.9995,-0.0004
190.479923808,101.0,100.9995,-0.0004
190.51992379200001,101.0,100.9996,-0.0003
190.559923776,101.0,100.9996,-0.0003
190.59992376,101.0,100.9995,-0.0003
190.639923744,101.0,100.9996,-0.0003
190.679923728,101.0,100.9996,-0.0003
190.719923712,101.0,100.9996,-0.0003
190.75992369600002,101.0,100.9996,-0.0003
190.79992368,101.0,100.9996,-0.0003
190.839923664,101.0,100.9996,-0.0003
190.879923648,101.0,100.9996,-0.0002
190.919923632,101.0,100.9997,-0.0002
190.959923616,101.0,100.9998,-0.0001
190.99992360000002,101.0,100.9998,-0.0001
191.03992358399998,101.0,100.9998,-0.0001
191.079923568,101.0,100.9999,-0.0
191.119923552,101.0,100.9999,-0.0
191.159923536,101.0,100.9999,0.0
191.19992352,101.0,101.0,0.0
191.239923504,101.0,100.9999,0.0
191.27992348799998,101.0,100.9999,-0.0
191.319923472,101.0,100.9999,0.0
191.359923456,101.0,101.0,0.0
191.39992344,101.0,101.0,0.0
191.439923424,101.0,101.0,0.0
191.479923408,101.0,101.0,0.0
191.519923392,101.0,101.0001,0.0001
191.559923376,101.0,101.0001,0.0001
191.59992336000002,101.0,101.0001,0.0001
191.63992334399998,101.0,101.0001,0.0001
191.679923328,101.0,101.0002,0.0002
191.719923312,101.0,101.0002,0.0002
191.759923296,101.0,101.0002,0.0002
191.79992328,101.0,101.0002,0.0002
191.839923264,101.0,101.0002,0.0002
191.87992324799998,101.0,101.0003,0.0003
191.919923232,101.0,101.0003,0.0003
191.959923216,101.0,101.0003,0.0004
191.9999232,101.0,101.0003,0.0004
192.039923184,101.0,101.0004,0.0004
192.079923168,101.0,101.0004,0.0004
192.11992315199998,101.0,101.0003,0.0004
192.159923136,101.0,101.0004,0.0004
192.19992312,101.0,101.0004,0.0004
192.239923104,101.0,101.0005,0.0005
192.27992308799998,101.0,101.0005,0.0005
192.319923072,101.0,101.0005,0.0005
192.35992305599999,101.0,101.0006,0.0006
192.39992304,101.0,101.0006,0.0006
192.439923024,101.0,101.0006,0.0006
192.479923008,101.0,101.0006,0.0006
192.519922992,101.0,101.0007,0.0007
192.559922976,101.0,101.0007,0.0007
192.59992296000001,101.0,101.0007,0.0007
192.639922944,101.0,101.0007,0.0007
192.679922928,101.0,101.0007,0.0007
192.719922912,101.0,101.0007,0.0007
192.759922896,101.0,101.0007,0.0007
192.79992288,101.0,101.0007,0.0007
192.83992286400002,101.0,101.0007,0.0007
192.87992284799998,101.0,101.0007,0.0007
192.919922832,101.0,101.0007,0.0007
192.959922816,101.0,101.0006,0.0007
192.9999228,101.0,101.0006,0.0006
193.039922784,101.0,101.0006,0.0006
193.079922768,101.0,101.0007,0.0007
193.11992275199998,101.0,101.0007,0.0007
193.159922736,101.0,101.0007,0.0007
193.19992272,101.0,101.0007,0.0007
193.239922704,101.0,101.0007,0.0007
193.279922688,101.0,101.0007,0.0007
193.319922672,101.0,101.0007,0.0008
193.35992265599998,101.0,101.0008,0.0008
193.39992264,101.0,101.0007,0.0007
193.43992262400002,101.0,101.0007,0.0007
193.479922608,101.0,101.0007,0.0007
193.519922592,101.0,101.0007,0.0008
193.559922576,101.0,101.0007,0.0008
193.59992256,101.0,101.0008,0.0008
193.639922544,101.0,101.0008,0.0008
193.67992252800002,101.0,101.0008,0.0008
193.71992251199998,101.0,101.0008,0.0008
193.759922496,101.0,101.0008,0.0008
193.79992248,101.0,101.0008,0.0008
193.839922464,101.0,101.0008,0.0008
193.879922448,101.0,101.0008,0.0008
193.919922432,101.0,101.0008,0.0008
193.95992241599998,101.0,101.0008,0.0008
193.9999224,101.0,101.0008,0.0008
194.039922384,101.0,101.0008,0.0008
194.079922368,101.0,101.0008,0.0008
194.11992235199997,101.0,101.0008,0.0008
194.159922336,101.0,101.0008,0.0008
194.19992231999998,101.0,101.0007,0.0008
194.239922304,101.0,101.0007,0.0008
194.279922288,101.0,101.0007,0.0007
194.31992227199999,101.0,101.0007,0.0007
194.35992225599998,101.0,101.0007,0.0007
194.39992224,101.0,101.0007,0.0007
194.43992222400001,101.0,101.0007,0.0007
194.479922208,101.0,101.0007,0.0007
194.51992219200002,101.0,101.0008,0.0008
194.559922176,101.0,101.0007,0.0008
194.59992216,101.0,101.0007,0.0008
194.639922144,101.0,101.0007,0.0008
194.67992212800002,101.0,101.0008,0.0008
194.719922112,101.0,101.0007,0.0007
194.759922096,101.0,101.0007,0.0008
194.79992208,101.0,101.0008,0.0008
194.839922064,101.0,101.0008,0.0008
194.879922048,101.0,101.0007,0.0007
194.91992203200002,101.0,101.0008,0.0008
194.95992201599998,101.0,101.0008,0.0008
194.999922,101.0,101.0008,0.0008
195.039921984,101.0,101.0008,0.0008
195.079921968,101.0,101.0007,0.0007
195.119921952,101.0,101.0007,0.0007
195.159921936,101.0,101.0007,0.0007
195.19992191999998,101.0,101.0006,0.0006
195.239921904,101.0,101.0006,0.0006
195.279921888,101.0,101.0006,0.0006
195.319921872,101.0,101.0006,0.0006
195.35992185599997,101.0,101.0005,0.0005
195.39992184,101.0,101.0005,0.0006
195.439921824,101.0,101.0005,0.0005
195.479921808,101.0,101.0005,0.0005
195.51992179200002,101.0,101.0005,0.0005
195.55992177599998,101.0,101.0005,0.0005
195.59992176,101.0,101.0005,0.0005
195.639921744,101.0,101.0004,0.0005
195.679921728,101.0,101.0005,0.0005
195.719921712,101.0,101.0004,0.0004
195.75992169600002,101.0,101.0004,0.0004
195.79992167999998,101.0,101.0004,0.0004
195.839921664,101.0,101.0004,0.0004
195.879921648,101.0,101.0005,0.0005
195.919921632,101.0,101.0005,0.0005
195.959921616,101.0,101.0005,0.0005
195.9999216,101.0,101.0005,0.0005
196.03992158399998,101.0,101.0005,0.0005
196.079921568,101.0,101.0005,0.0005
196.119921552,101.0,101.0005,0.0005
196.159921536,101.0,101.0005,0.0005
196.19992151999998,101.0,101.0005,0.0005
196.239921504,101.0,101.0005,0.0005
196.27992148799999,101.0,101.0004,0.0005
196.319921472,101.0,101.0004,0.0004
196.359921456,101.0,101.0004,0.0004
196.39992143999999,101.0,101.0004,0.0004
196.439921424,101.0,101.0005,0.0005
196.479921408,101.0,101.0005,0.0005
196.51992139200001,101.0,101.0005,0.0005
196.559921376,101.0,101.0005,0.0005
196.59992136,101.0,101.0005,0.0005
196.639921344,101.0,101.0005,0.0005
196.679921328,101.0,101.0005,0.0005
196.719921312,101.0,101.0005,0.0005
196.75992129600002,101.0,101.0005,0.0005
196.79992127999998,101.0,101.0005,0.0005
196.839921264,101.0,101.0005,0.0005
196.879921248,101.0,101.0005,0.0005
196.919921232,101.0,101.0005,0.0005
196.959921216,101.0,101.0005,0.0005
196.99992120000002,101.0,101.0005,0.0005
197.03992118399998,101.0,101.0005,0.0005
197.079921168,101.0,101.0005,0.0005
197.119921152,101.0,101.0004,0.0004
197.159921136,101.0,101.0004,0.0005
197.19992112,101.0,101.0005,0.0005
197.239921104,101.0,101.0005,0.0005
197.27992108799998,101.0,101.0005,0.0005
197.319921072,101.0,101.0004,0.0004
197.359921056,101.0,101.0004,0.0004
197.39992104,101.0,101.0004,0.0004
197.439921024,101.0,101.0004,0.0004
197.479921008,101.0,101.0004,0.0005
197.519920992,101.0,101.0004,0.0004
197.559920976,101.0,101.0004,0.0004
197.59992096000002,101.0,101.0004,0.0005
197.63992094399998,101.0,101.0005,0.0005
197.679920928,101.0,101.0005,0.0005
197.719920912,101.0,101.0004,0.0004
197.759920896,101.0,101.0004,0.0004
197.79992088,101.0,101.0004,0.0005
197.839920864,101.0,101.0004,0.0004
197.87992084799998,101.0,101.0004,0.0004
197.919920832,101.0,101.0004,0.0004
197.959920816,101.0,101.0005,0.0005
197.9999208,101.0,101.0004,0.0005
198.03992078399997,101.0,101.0004,0.0005
198.079920768,101.0,101.0005,0.0005
198.11992075199998,101.0,101.0005,0.0005
198.159920736,101.0,101.0005,0.0005
198.19992072,101.0,101.0005,0.0005
198.239920704,101.0,101.0005,0.0005
198.27992068799998,101.0,101.0005,0.0005
198.319920672,101.0,101.0005,0.0005
198.35992065599999,101.0,101.0005,0.0005
198.39992064,101.0,101.0005,0.0006
198.43992062400002,101.0,101.0006,0.0006
198.479920608,101.0,101.0006,0.0006
198.519920592,101.0,101.0006,0.0006
198.559920576,101.0,101.0006,0.0006
198.59992056000002,101.0,101.0006,0.0006
198.639920544,101.0,101.0006,0.0006
198.679920528,101.0,101.0006,0.0006
198.719920512,101.0,101.0006,0.0006
198.759920496,101.0,101.0006,0.0006
198.79992048,101.0,101.0006,0.0006
198.83992046400002,101.0,101.0006,0.0006
198.87992044799998,101.0,101.0006,0.0006
198.919920432,101.0,101.0007,0.0007
198.959920416,101.0,101.0007,0.0007
198.9999204,101.0,101.0007,0.0007
199.039920384,101.0,101.0007,0.0008
199.079920368,101.0,101.0007,0.0008
199.11992035199998,101.0,101.0008,0.0008
199.159920336,101.0,101.0007,0.0007
199.19992032,101.0,101.0007,0.0007
199.239920304,101.0,101.0007,0.0007
199.27992028799997,101.0,101.0007,0.0008
199.319920272,101.0,101.0008,0.0008
199.35992025599998,101.0,101.0008,0.0008
199.39992024,101.0,101.0008,0.0008
199.43992022400002,101.0,101.0009,0.0009
199.47992020799998,101.0,101.0009,0.0009
199.519920192,101.0,101.0009,0.0009
199.559920176,101.0,101.0009,0.0009
199.59992016,101.0,101.0009,0.0009
199.639920144,101.0,101.0009,0.0009
199.67992012800002,101.0,101.0009,0.0009
199.71992011199998,101.0,101.001,0.001
199.759920096,101.0,101.001,0.001
199.79992008,101.0,101.001,0.001
199.839920064,101.0,101.001,0.001
199.879920048,101.0,101.001,0.001
199.919920032,101.0,101.0011,0.0011
199.95992001599998,101.0,101.0011,0.0011
199.99992,101.0,101.0011,0.0011
200.039919984,101.0,101.0011,0.0011
200.079919968,101.0,101.0011,0.0011
200.11991995199998,101.0,101.0011,0.0011
200.159919936,101.0,101.0011,0.0011
200.19991991999999,101.0,101.0011,0.0012
200.239919904,101.0,101.0011,0.0011
200.279919888,101.0,101.0011,0.0011
200.31991987199999,101.0,101.0011,0.0012
200.35991985599998,101.0,101.0011,0.0012
200.39991984,101.0,101.0011,0.0011
200.43991982400001,101.0,101.0011,0.0011
200.479919808,101.0,101.0011,0.0011
200.519919792,101.0,101.0012,0.0012
200.559919776,101.0,101.0011,0.0011
200.59991976,101.0,101.0011,0.0011
200.639919744,101.0,101.0011,0.0011
200.67991972800002,101.0,101.0011,0.0011
200.71991971199998,101.0,101.001,0.001
200.759919696,101.0,101.001,0.001
200.79991968,101.0,101.0009,0.0009
200.839919664,101.0,101.0009,0.0009
200.879919648,101.0,101.0009,0.0009
200.91991963200002,101.0,101.0009,0.0009
200.95991961599998,101.0,101.0008,0.0009
200.9999196,101.0,101.0008,0.0008
201.039919584,101.0,101.0008,0.0008
201.079919568,101.0,101.0007,0.0007
201.119919552,101.0,101.0007,0.0007
201.159919536,101.0,101.0006,0.0006
201.19991951999998,101.0,101.0006,0.0006
201.239919504,101.0,101.0005,0.0006
201.279919488,101.0,101.0005,0.0005
201.319919472,101.0,101.0005,0.0005
201.359919456,101.0,101.0004,0.0004
201.39991944,101.0,101.0004,0.0004
201.439919424,101.0,101.0003,0.0004
201.479919408,101.0,101.0003,0.0004
201.51991939200002,101.0,101.0003,0.0004
201.55991937599998,101.0,101.0003,0.0003
201.59991936,101.0,101.0002,0.0002
201.639919344,101.0,101.0002,0.0002
201.679919328,101.0,101.0002,0.0002
201.719919312,101.0,101.0001,0.0001
201.759919296,101.0,101.0001,0.0001
201.79991927999998,101.0,101.0001,0.0001
201.839919264,101.0,101.0,0.0
201.879919248,101.0,100.9999,-0.0
201.919919232,101.0,101.0,0.0
201.95991921599997,101.0,100.9999,0.0
201.9999192,101.0,100.9999,-0.0
202.03991918399998,101.0,100.9999,-0.0
202.079919168,101.0,100.9998,-0.0001
202.119919152,101.0,100.9998,-0.0001
202.159919136,101.0,100.9997,-0.0002
202.19991911999998,101.0,100.9997,-0.0002
202.239919104,101.0,100.9996,-0.0003
202.27991908799999,101.0,100.9996,-0.0003
202.319919072,101.0,100.9996,-0.0003
202.359919056,101.0,100.9995,-0.0004
202.39991904,101.0,100.9995,-0.0004
202.439919024,101.0,100.9995,-0.0004
202.479919008,101.0,100.9995,-0.0004
202.51991899200002,101.0,100.9995,-0.0004
202.559918976,101.0,100.9994,-0.0005
202.59991896,101.0,100.9994,-0.0005
202.639918944,101.0,100.9993,-0.0006
202.679918928,101.0,100.9993,-0.0006
202.719918912,101.0,100.9993,-0.0006
202.75991889600002,101.0,100.9992,-0.0007
202.79991887999998,101.0,100.9992,-0.0006
202.839918864,101.0,100.9992,-0.0007
202.879918848,101.0,100.9992,-0.0007
202.919918832,101.0,100.9991,-0.0007
202.959918816,101.0,100.9991,-0.0008
202.9999188,101.0,100.9991,-0.0008
203.03991878399998,101.0,100.9991,-0.0008
203.079918768,101.0,100.999,-0.0009
203.119918752,101.0,100.999,-0.0009
203.159918736,101.0,100.9989,-0.001
203.19991871999997,101.0,100.9989,-0.001
203.239918704,101.0,100.9989,-0.001
203.27991868799998,101.0,100.9989,-0.001
203.319918672,101.0,100.9988,-0.001
203.359918656,101.0,100.9988,-0.0011
203.39991864,101.0,100.9988,-0.0011
203.439918624,101.0,100.9988,-0.0011
203.479918608,101.0,100.9988,-0.0011
203.519918592,101.0,100.9988,-0.0011
203.559918576,101.0,100.9987,-0.0011
203.59991856000002,101.0,100.9987,-0.0012
203.63991854399998,101.0,100.9987,-0.0012
203.679918528,101.0,100.9987,-0.0012
203.719918512,101.0,100.9986,-0.0013
203.759918496,101.0,100.9986,-0.0013
203.79991848,101.0,100.9987,-0.0012
203.839918464,101.0,100.9986,-0.0012
203.87991844799998,101.0,100.9987,-0.0012
203.919918432,101.0,100.9987,-0.0012
203.959918416,101.0,100.9987,-0.0012
203.9999184,101.0,100.9988,-0.0011
204.03991838399998,101.0,100.9988,-0.0011
204.079918368,101.0,100.9987,-0.0011
204.11991835199998,101.0,100.9987,-0.0012
204.159918336,101.0,100.9987,-0.0012
204.19991832,101.0,100.9987,-0.0012
204.23991830399999,101.0,100.9987,-0.0012
204.27991828799998,101.0,100.9987,-0.0012
204.319918272,101.0,100.9987,-0.0012
204.35991825600001,101.0,100.9987,-0.0011
204.39991824,101.0,100.9988,-0.0011
204.439918224,101.0,100.9988,-0.0011
204.479918208,101.0,100.9988,-0.0011
204.519918192,101.0,100.9988,-0.0011
204.559918176,101.0,100.9988,-0.0011
204.59991816000002,101.0,100.9988,-0.0011
204.639918144,101.0,100.9988,-0.001
204.679918128,101.0,100.9988,-0.0011
204.719918112,101.0,100.9988,-0.0011
204.759918096,101.0,100.9988,-0.001
204.79991808,101.0,100.9989,-0.001
204.83991806400002,101.0,100.9989,-0.001
204.87991804799998,101.0,100.9989,-0.001
204.919918032,101.0,100.9989,-0.001
204.959918016,101.0,100.9989,-0.001
204.999918,101.0,100.9989,-0.0009
205.039917984,101.0,100.999,-0.0009
205.079917968,101.0,100.999,-0.0009
205.11991795199998,101.0,100.999,-0.0009
205.159917936,101.0,100.999,-0.0009
205.19991792,101.0,100.9991,-0.0008
205.239917904,101.0,100.9991,-0.0008
205.27991788799997,101.0,100.9991,-0.0008
205.319917872,101.0,100.9991,-0.0008
205.359917856,101.0,100.9991,-0.0008
205.39991784,101.0,100.9991,-0.0008
205.43991782400002,101.0,100.9991,-0.0008
205.47991780799998,101.0,100.9992,-0.0007
205.519917792,101.0,100.9992,-0.0007
205.559917776,101.0,100.9992,-0.0007
205.59991776,101.0,100.9992,-0.0007
205.639917744,101.0,100.9992,-0.0007
205.679917728,101.0,100.9992,-0.0007
205.71991771199998,101.0,100.9992,-0.0007
205.759917696,101.0,100.9993,-0.0006
205.79991768,101.0,100.9993,-0.0006
205.839917664,101.0,100.9992,-0.0007
205.879917648,101.0,100.9992,-0.0007
205.919917632,101.0,100.9992,-0.0007
205.95991761599998,101.0,100.9992,-0.0006
205.9999176,101.0,100.9992,-0.0007
206.039917584,101.0,100.9992,-0.0007
206.079917568,101.0,100.9992,-0.0007
206.11991755199998,101.0,100.9992,-0.0007
206.159917536,101.0,100.9992,-0.0007
206.19991751999999,101.0,100.9992,-0.0007
206.239917504,101.0,100.9992,-0.0007
206.279917488,101.0,100.9992,-0.0007
206.319917472,101.0,100.9991,-0.0007
206.359917456,101.0,100.9992,-0.0007
206.39991744,101.0,100.9991,-0.0008
206.43991742400001,101.0,100.9991,-0.0008
206.479917408,101.0,100.9991,-0.0008
206.519917392,101.0,100.9991,-0.0008
206.559917376,101.0,100.9991,-0.0008
206.59991736,101.0,100.9991,-0.0008
206.639917344,101.0,100.9991,-0.0008
206.67991732800002,101.0,100.9991,-0.0008
206.71991731199998,101.0,100.9991,-0.0008
206.759917296,101.0,100.9991,-0.0008
206.79991728,101.0,100.9991,-0.0008
206.839917264,101.0,100.9991,-0.0008
206.879917248,101.0,100.9991,-0.0008
206.919917232,101.0,100.9991,-0.0008
206.95991721599998,101.0,100.9991,-0.0008
206.9999172,101.0,100.999,-0.0009
207.039917184,101.0,100.999,-0.0009
207.079917168,101.0,100.999,-0.0009
207.119917152,101.0,100.9989,-0.001
207.159917136,101.0,100.9989,-0.001
207.19991711999998,101.0,100.9989,-0.001
207.239917104,101.0,100.9989,-0.001
207.279917088,101.0,100.9989,-0.001
207.319917072,101.0,100.9989,-0.001
207.359917056,101.0,100.9989,-0.001
207.39991704,101.0,100.9989,-0.001
207.439917024,101.0,100.9989,-0.001
207.479917008,101.0,100.9989,-0.001
207.51991699200002,101.0,100.9989,-0.001
207.55991697599998,101.0,100.9989,-0.001
207.59991696,101.0,100.9989,-0.001
207.639916944,101.0,100.9989,-0.001
207.679916928,101.0,100.9989,-0.001
207.719916912,101.0,100.9989,-0.001
207.759916896,101.0,100.9989,-0.001
207.79991687999998,101.0,100.9989,-0.001
207.839916864,101.0,100.999,-0.0009
207.879916848,101.0,100.999,-0.0009
207.919916832,101.0,100.9989,-0.001
207.95991681599997,101.0,100.9989,-0.001
207.9999168,101.0,100.9989,-0.001
208.03991678399998,101.0,100.999,-0.0009
208.079916768,101.0,100.999,-0.0009
208.119916752,101.0,100.999,-0.0009
208.15991673599999,101.0,100.999,-0.0009
208.19991671999998,101.0,100.999,-0.0009
208.239916704,101.0,100.999,-0.0009
208.279916688,101.0,100.999,-0.0009
208.319916672,101.0,100.999,-0.0009
208.35991665600002,101.0,100.999,-0.0009
208.39991664,101.0,100.999,-0.0009
208.439916624,101.0,100.999,-0.0009
208.479916608,101.0,100.999,-0.0009
208.51991659200002,101.0,100.999,-0.0009
208.559916576,101.0,100.999,-0.0009
208.59991656,101.0,100.999,-0.0009
208.639916544,101.0,100.999,-0.0009
208.679916528,101.0,100.999,-0.0009
208.719916512,101.0,100.999,-0.0009
208.75991649600002,101.0,100.999,-0.0009
208.79991647999998,101.0,100.999,-0.0009
208.839916464,101.0,100.999,-0.0009
208.879916448,101.0,100.999,-0.0009
208.919916432,101.0,100.999,-0.0009
208.959916416,101.0,100.999,-0.0009
208.9999164,101.0,100.999,-0.0009
209.03991638399998,101.0,100.999,-0.0009
209.079916368,101.0,100.999,-0.0009
209.119916352,101.0,100.999,-0.0009
209.159916336,101.0,100.999,-0.0009
209.19991631999997,101.0,100.999,-0.0009
209.239916304,101.0,100.999,-0.0009
209.27991628799998,101.0,100.999,-0.0009
209.319916272,101.0,100.999,-0.0009
209.35991625600002,101.0,100.999,-0.0009
209.39991623999998,101.0,100.999,-0.0009
209.439916224,101.0,100.999,-0.0009
209.479916208,101.0,100.999,-0.0009
209.519916192,101.0,100.999,-0.0009
209.559916176,101.0,100.999,-0.0009
209.59991616000002,101.0,100.999,-0.0009
209.63991614399998,101.0,100.999,-0.0009
209.679916128,101.0,100.999,-0.0009
209.719916112,101.0,100.999,-0.0009
209.759916096,101.0,100.999,-0.0009
209.79991608,101.0,100.999,-0.0009
209.839916064,101.0,100.999,-0.0009
209.87991604799998,101.0,100.999,-0.0009
209.919916032,101.0,100.9991,-0.0008
209.959916016,101.0,100.9991,-0.0008
209.999916,101.0,100.9991,-0.0008
210.03991598399998,101.0,100.9991,-0.0008
210.079915968,101.0,100.9991,-0.0008
210.11991595199999,101.0,100.9991,-0.0007
210.159915936,101.0,100.9992,-0.0007
210.19991592,101.0,100.9992,-0.0007
210.239915904,101.0,100.9992,-0.0007
210.279915888,101.0,100.9992,-0.0006
210.319915872,101.0,100.9993,-0.0006
210.35991585600001,101.0,100.9993,-0.0006
210.39991584,101.0,100.9993,-0.0006
210.439915824,101.0,100.9993,-0.0006
210.479915808,101.0,100.9993,-0.0006
210.519915792,101.0,100.9993,-0.0006
210.559915776,101.0,100.9993,-0.0006
210.59991576000002,101.0,100.9993,-0.0006
210.63991574399998,101.0,100.9993,-0.0006
210.679915728,101.0,100.9994,-0.0005
210.719915712,101.0,100.9994,-0.0005
210.759915696,101.0,100.9994,-0.0005
210.79991568,101.0,100.9994,-0.0005
210.83991566400002,101.0,100.9993,-0.0006
210.87991564799998,101.0,100.9993,-0.0006
210.919915632,101.0,100.9994,-0.0005
210.959915616,101.0,100.9994,-0.0005
210.9999156,101.0,100.9993,-0.0006
211.039915584,101.0,100.9993,-0.0006
211.079915568,101.0,100.9994,-0.0005
211.11991555199998,101.0,100.9994,-0.0005
211.159915536,101.0,100.9994,-0.0005
211.19991552,101.0,100.9994,-0.0005
211.239915504,101.0,100.9994,-0.0005
211.279915488,101.0,100.9994,-0.0005
211.319915472,101.0,100.9994,-0.0005
211.359915456,101.0,100.9995,-0.0004
211.39991544,101.0,100.9995,-0.0004
211.43991542400002,101.0,100.9995,-0.0004
211.47991540799998,101.0,100.9995,-0.0004
211.519915392,101.0,100.9996,-0.0003
211.559915376,101.0,100.9996,-0.0003
211.59991536,101.0,100.9996,-0.0003
211.639915344,101.0,100.9996,-0.0003
211.679915328,101.0,100.9996,-0.0002
211.71991531199998,101.0,100.9996,-0.0003
211.759915296,101.0,100.9997,-0.0002
211.79991528,101.0,100.9997,-0.0002
211.839915264,101.0,100.9997,-0.0002
211.87991524799997,101.0,100.9997,-0.0002
211.919915232,101.0,100.9997,-0.0002
211.95991521599998,101.0,100.9997,-0.0002
211.9999152,101.0,100.9997,-0.0002
212.039915184,101.0,100.9997,-0.0002
212.079915168,101.0,100.9998,-0.0001
212.11991515199998,101.0,100.9998,-0.0001
212.159915136,101.0,100.9998,-0.0001
212.19991512,101.0,100.9998,-0.0001
212.239915104,101.0,100.9998,-0.0001
212.279915088,101.0,100.9999,-0.0
212.319915072,101.0,100.9999,-0.0
212.359915056,101.0,100.9999,0.0
212.39991504,101.0,100.9999,0.0
212.43991502400002,101.0,101.0,0.0
212.479915008,101.0,101.0,0.0
212.519914992,101.0,101.0,0.0
212.559914976,101.0,101.0,0.0
212.59991496,101.0,101.0001,0.0001
212.639914944,101.0,101.0001,0.0001
212.67991492800002,101.0,101.0001,0.0001
212.71991491199998,101.0,101.0001,0.0001
212.759914896,101.0,101.0002,0.0002
212.79991488,101.0,101.0002,0.0002
212.839914864,101.0,101.0002,0.0002
212.879914848,101.0,101.0003,0.0003
212.919914832,101.0,101.0003,0.0003
212.95991481599998,101.0,101.0003,0.0003
212.9999148,101.0,101.0004,0.0004
213.039914784,101.0,101.0004,0.0004
213.079914768,101.0,101.0004,0.0004
213.11991475199997,101.0,101.0004,0.0004
213.159914736,101.0,101.0004,0.0005
213.19991471999998,101.0,101.0004,0.0005
213.239914704,101.0,101.0004,0.0004
213.27991468800002,101.0,101.0004,0.0005
213.319914672,101.0,101.0004,0.0005
213.359914656,101.0,101.0005,0.0005
213.39991464,101.0,101.0005,0.0005
213.439914624,101.0,101.0005,0.0005
213.479914608,101.0,101.0005,0.0005
213.51991459200002,101.0,101.0005,0.0005
213.55991457599998,101.0,101.0005,0.0005
213.59991456,101.0,101.0005,0.0005
213.639914544,101.0,101.0005,0.0005
213.679914528,101.0,101.0006,0.0006
213.719914512,101.0,101.0006,0.0006
213.759914496,101.0,101.0006,0.0006
213.79991447999998,101.0,101.0007,0.0007
213.839914464,101.0,101.0007,0.0007
213.879914448,101.0,101.0007,0.0007
213.919914432,101.0,101.0007,0.0008
213.95991441599998,101.0,101.0008,0.0008
213.9999144,101.0,101.0008,0.0008
214.03991438399999,101.0,101.0008,0.0009
214.079914368,101.0,101.0009,0.0009
214.119914352,101.0,101.0009,0.0009
214.15991433599999,101.0,101.0008,0.0009
214.19991431999998,101.0,101.0009,0.0009
214.239914304,101.0,101.0009,0.0009
214.27991428800001,101.0,101.0009,0.0009
214.319914272,101.0,101.0009,0.0009
214.359914256,101.0,101.0009,0.0009
214.39991424,101.0,101.0009,0.0009
214.439914224,101.0,101.0009,0.0009
214.479914208,101.0,101.0009,0.0009
214.51991419200002,101.0,101.0009,0.0009
214.559914176,101.0,101.0009,0.0009
214.59991416,101.0,101.0009,0.0009
214.639914144,101.0,101.0009,0.0009
214.679914128,101.0,101.0009,0.0009
214.719914112,101.0,101.0009,0.0009
214.75991409600002,101.0,101.0009,0.0009
214.79991407999998,101.0,101.0009,0.0009
214.839914064,101.0,101.0009,0.0009
214.879914048,101.0,101.0009,0.0009
214.919914032,101.0,101.0009,0.0009
214.959914016,101.0,101.001,0.001
214.999914,101.0,101.001,0.001
215.03991398399998,101.0,101.0011,0.0011
215.079913968,101.0,101.0011,0.0011
215.119913952,101.0,101.0011,0.0011
215.159913936,101.0,101.0011,0.0011
215.19991391999997,101.0,101.0011,0.0011
215.239913904,101.0,101.0011,0.0011
215.279913888,101.0,101.0011,0.0011
215.319913872,101.0,101.0011,0.0011
215.35991385600002,101.0,101.0012,0.0012
215.39991383999998,101.0,101.0012,0.0012
215.439913824,101.0,101.0012,0.0012
215.479913808,101.0,101.0012,0.0012
215.519913792,101.0,101.0012,0.0012
215.559913776,101.0,101.0012,0.0012
215.59991376,101.0,101.0012,0.0012
215.63991374399998,101.0,101.0012,0.0012
215.679913728,101.0,101.0012,0.0012
215.719913712,101.0,101.0012,0.0013
215.759913696,101.0,101.0013,0.0013
215.79991368,101.0,101.0013,0.0013
215.839913664,101.0,101.0013,0.0013
215.87991364799998,101.0,101.0013,0.0013
215.919913632,101.0,101.0013,0.0014
215.959913616,101.0,101.0014,0.0014
215.9999136,101.0,101.0014,0.0014
216.03991358399998,101.0,101.0014,0.0014
216.079913568,101.0,101.0014,0.0014
216.11991355199999,101.0,101.0014,0.0014
216.159913536,101.0,101.0014,0.0014
216.19991352,101.0,101.0014,0.0014
216.239913504,101.0,101.0014,0.0014
216.279913488,101.0,101.0014,0.0014
216.319913472,101.0,101.0015,0.0015
216.35991345600002,101.0,101.0015,0.0015
216.39991344,101.0,101.0015,0.0015
216.439913424,101.0,101.0014,0.0014
216.479913408,101.0,101.0014,0.0014
216.519913392,101.0,101.0014,0.0014
216.559913376,101.0,101.0014,0.0014
216.59991336000002,101.0,101.0015,0.0015
216.63991334399998,101.0,101.0014,0.0015
216.679913328,101.0,101.0015,0.0015
216.719913312,101.0,101.0015,0.0015
216.759913296,101.0,101.0015,0.0015
216.79991328,101.0,101.0015,0.0015
216.839913264,101.0,101.0016,0.0016
216.87991324799998,101.0,101.0016,0.0016
216.919913232,101.0,101.0016,0.0016
216.959913216,101.0,101.0016,0.0016
216.9999132,101.0,101.0016,0.0016
217.039913184,101.0,101.0016,0.0016
217.079913168,101.0,101.0016,0.0016
217.11991315199998,101.0,101.0016,0.0016
217.159913136,101.0,101.0016,0.0016
217.19991312,101.0,101.0016,0.0016
217.239913104,101.0,101.0016,0.0016
217.279913088,101.0,101.0016,0.0016
217.319913072,101.0,101.0016,0.0016
217.359913056,101.0,101.0016,0.0016
217.39991304,101.0,101.0016,0.0017
217.43991302400002,101.0,101.0016,0.0016
217.47991300799998,101.0,101.0017,0.0017
217.519912992,101.0,101.0017,0.0017
217.559912976,101.0,101.0016,0.0016
217.59991296,101.0,101.0017,0.0017
217.639912944,101.0,101.0017,0.0017
217.679912928,101.0,101.0017,0.0017
217.71991291199998,101.0,101.0017,0.0017
217.759912896,101.0,101.0017,0.0017
217.79991288,101.0,101.0017,0.0017
217.839912864,101.0,101.0017,0.0017
217.87991284799998,101.0,101.0017,0.0017
217.919912832,101.0,101.0017,0.0017
217.95991281599999,101.0,101.0017,0.0017
217.9999128,101.0,101.0017,0.0017
218.039912784,101.0,101.0017,0.0017
218.07991276799999,101.0,101.0017,0.0017
218.11991275199998,101.0,101.0017,0.0017
218.159912736,101.0,101.0016,0.0016
218.19991272,101.0,101.0016,0.0016
218.239912704,101.0,101.0016,0.0016
218.27991268800002,101.0,101.0016,0.0016
218.319912672,101.0,101.0016,0.0016
218.359912656,101.0,101.0016,0.0016
218.39991264,101.0,101.0016,0.0016
218.43991262400002,101.0,101.0015,0.0015
218.479912608,101.0,101.0015,0.0015
218.519912592,101.0,101.0015,0.0015
218.559912576,101.0,101.0015,0.0015
218.59991256,101.0,101.0014,0.0015
218.639912544,101.0,101.0014,0.0014
218.67991252800002,101.0,101.0015,0.0015
218.71991251199998,101.0,101.0014,0.0014
218.759912496,101.0,101.0014,0.0014
218.79991248,101.0,101.0014,0.0014
218.839912464,101.0,101.0014,0.0014
218.879912448,101.0,101.0014,0.0014
218.919912432,101.0,101.0014,0.0014
218.95991241599998,101.0,101.0014,0.0014
218.9999124,101.0,101.0014,0.0015
219.039912384,101.0,101.0014,0.0014
219.079912368,101.0,101.0015,0.0015
219.11991235199997,101.0,101.0015,0.0015
219.159912336,101.0,101.0015,0.0015
219.19991231999998,101.0,101.0015,0.0015
219.239912304,101.0,101.0015,0.0015
219.27991228800002,101.0,101.0016,0.0016
219.31991227199998,101.0,101.0016,0.0016
219.359912256,101.0,101.0016,0.0016
219.39991224,101.0,101.0016,0.0016
219.439912224,101.0,101.0016,0.0016
219.479912208,101.0,101.0016,0.0016
219.51991219200002,101.0,101.0016,0.0017
219.55991217599998,101.0,101.0016,0.0016
219.59991216,101.0,101.0017,0.0017
219.639912144,101.0,101.0017,0.0017
219.679912128,101.0,101.0017,0.0018
219.719912112,101.0,101.0018,0.0018
219.759912096,101.0,101.0018,0.0018
219.79991207999998,101.0,101.0018,0.0018
219.839912064,101.0,101.0018,0.0018
219.879912048,101.0,101.0018,0.0018
219.919912032,101.0,101.0018,0.0018
219.95991201599998,101.0,101.0018,0.0018
219.999912,101.0,101.0019,0.0019
220.03991198399999,101.0,101.0019,0.0019
220.079911968,101.0,101.0019,0.0019
220.119911952,101.0,101.002,0.002
220.159911936,101.0,101.002,0.002
220.19991191999998,101.0,101.002,0.002
220.239911904,101.0,101.002,0.002
220.27991188800002,101.0,101.002,0.002
220.319911872,101.0,101.002,0.002
220.359911856,101.0,101.002,0.002
220.39991184,101.0,101.002,0.0021
220.439911824,101.0,101.0021,0.0021
220.479911808,101.0,101.0021,0.0021
220.51991179200002,101.0,101.0022,0.0022
220.55991177599998,101.0,101.0021,0.0021
220.59991176,101.0,101.0021,0.0021
220.639911744,101.0,101.0022,0.0022
220.679911728,101.0,101.0022,0.0022
220.719911712,101.0,101.0022,0.0022
220.75991169600002,101.0,101.0022,0.0022
220.79991167999998,101.0,101.0022,0.0022
220.839911664,101.0,101.0022,0.0022
220.879911648,101.0,101.0022,0.0022
220.919911632,101.0,101.0022,0.0023
220.959911616,101.0,101.0022,0.0022
220.9999116,101.0,101.0023,0.0023
221.03991158399998,101.0,101.0023,0.0023
221.079911568,101.0,101.0023,0.0023
221.119911552,101.0,101.0023,0.0023
221.159911536,101.0,101.0023,0.0023
221.19991152,101.0,101.0023,0.0023
221.239911504,101.0,101.0023,0.0023
221.279911488,101.0,101.0023,0.0023
221.319911472,101.0,101.0023,0.0023
221.35991145600002,101.0,101.0023,0.0023
221.39991143999998,101.0,101.0023,0.0023
221.439911424,101.0,101.0023,0.0023
221.479911408,101.0,101.0023,0.0023
221.519911392,101.0,101.0023,0.0024
221.559911376,101.0,101.0023,0.0023
221.59991136,101.0,101.0023,0.0023
221.63991134399998,101.0,101.0023,0.0023
221.679911328,101.0,101.0023,0.0023
221.719911312,101.0,101.0023,0.0023
221.759911296,101.0,101.0023,0.0023
221.79991127999998,101.0,101.0023,0.0023
221.839911264,101.0,101.0023,0.0023
221.87991124799998,101.0,101.0023,0.0023
221.919911232,101.0,101.0023,0.0023
221.959911216,101.0,101.0023,0.0023
221.9999112,101.0,101.0023,0.0023
222.03991118399998,101.0,101.0023,0.0023
222.079911168,101.0,101.0022,0.0022
222.119911152,101.0,101.0022,0.0022
222.159911136,101.0,101.0021,0.0021
222.19991112,101.0,101.0021,0.0021
222.239911104,101.0,101.002,0.0021
222.279911088,101.0,101.002,0.002
222.319911072,101.0,101.002,0.002
222.35991105600002,101.0,101.002,0.002
222.39991104,101.0,101.0019,0.0019
222.439911024,101.0,101.0019,0.0019
222.479911008,101.0,101.0018,0.0018
222.519910992,101.0,101.0018,0.0018
222.559910976,101.0,101.0018,0.0018
222.59991096000002,101.0,101.0017,0.0018
222.63991094399998,101.0,101.0018,0.0018
222.679910928,101.0,101.0017,0.0017
222.719910912,101.0,101.0017,0.0017
222.759910896,101.0,101.0016,0.0016
222.79991088,101.0,101.0016,0.0016
222.839910864,101.0,101.0016,0.0016
222.87991084799998,101.0,101.0015,0.0015
222.919910832,101.0,101.0015,0.0015
222.959910816,101.0,101.0015,0.0015
222.9999108,101.0,101.0015,0.0015
223.03991078399997,101.0,101.0015,0.0015
223.079910768,101.0,101.0014,0.0014
223.11991075199998,101.0,101.0014,0.0014
223.159910736,101.0,101.0014,0.0014
223.19991072,101.0,101.0013,0.0013
223.23991070399998,101.0,101.0013,0.0013
223.279910688,101.0,101.0013,0.0013
223.319910672,101.0,101.0013,0.0013
223.359910656,101.0,101.0012,0.0012
223.39991064,101.0,101.0012,0.0012
223.43991062400002,101.0,101.0012,0.0012
223.47991060799998,101.0,101.0011,0.0012
223.519910592,101.0,101.0011,0.0012
223.559910576,101.0,101.0011,0.0011
223.59991056,101.0,101.0011,0.0011
223.639910544,101.0,101.0011,0.0011
223.679910528,101.0,101.0011,0.0011
223.71991051199998,101.0,101.0011,0.0011
223.759910496,101.0,101.0011,0.0011
223.79991048,101.0,101.0011,0.0012
223.839910464,101.0,101.0011,0.0011
223.87991044799998,101.0,101.0011,0.0011
223.919910432,101.0,101.0011,0.0011
223.95991041599999,101.0,101.0011,0.0011
223.9999104,101.0,101.0011,0.0012
224.039910384,101.0,101.0011,0.0011
224.079910368,101.0,101.0011,0.0011
224.11991035199998,101.0,101.0011,0.0011
224.159910336,101.0,101.0011,0.0011
224.19991032000001,101.0,101.001,0.001
224.239910304,101.0,101.0011,0.0011
224.279910288,101.0,101.0011,0.0011
224.319910272,101.0,101.0011,0.0012
224.359910256,101.0,101.0011,0.0011
224.39991024,101.0,101.0011,0.0011
224.43991022400002,101.0,101.0011,0.0011
224.47991020799998,101.0,101.0011,0.0011
224.519910192,101.0,101.0011,0.0011
224.559910176,101.0,101.0011,0.0011
224.59991016,101.0,101.0011,0.0011
224.639910144,101.0,101.0011,0.0011
224.67991012800002,101.0,101.0011,0.0012
224.71991011199998,101.0,101.0012,0.0012
224.759910096,101.0,101.0012,0.0012
224.79991008,101.0,101.0012,0.0013
224.839910064,101.0,101.0013,0.0013
224.879910048,101.0,101.0012,0.0013
224.919910032,101.0,101.0013,0.0013
224.95991001599998,101.0,101.0013,0.0013
224.99991,101.0,101.0013,0.0013
225.039909984,101.0,101.0013,0.0013
225.079909968,101.0,101.0012,0.0013
225.11990995199997,101.0,101.0013,0.0013
225.159909936,101.0,101.0013,0.0013
225.19990992,101.0,101.0013,0.0013
225.239909904,101.0,101.0014,0.0014
225.27990988800002,101.0,101.0014,0.0014
225.31990987199998,101.0,101.0014,0.0014
225.359909856,101.0,101.0015,0.0015
225.39990984,101.0,101.0015,0.0015
225.439909824,101.0,101.0015,0.0015
225.479909808,101.0,101.0015,0.0015
225.519909792,101.0,101.0015,0.0015
225.55990977599998,101.0,101.0016,0.0016
225.59990976,101.0,101.0016,0.0016
225.639909744,101.0,101.0016,0.0017
225.679909728,101.0,101.0016,0.0017
225.71990971199997,101.0,101.0017,0.0017
225.759909696,101.0,101.0016,0.0017
225.79990967999998,101.0,101.0016,0.0016
225.839909664,101.0,101.0016,0.0016
225.879909648,101.0,101.0016,0.0016
225.919909632,101.0,101.0016,0.0016
225.95990961599998,101.0,101.0016,0.0016
225.9999096,101.0,101.0016,0.0016
226.039909584,101.0,101.0016,0.0016
226.079909568,101.0,101.0016,0.0016
226.119909552,101.0,101.0016,0.0016
226.159909536,101.0,101.0016,0.0016
226.19990952,101.0,101.0016,0.0016
226.239909504,101.0,101.0015,0.0015
226.27990948800002,101.0,101.0015,0.0015
226.319909472,101.0,101.0015,0.0015
226.359909456,101.0,101.0015,0.0015
226.39990944,101.0,101.0015,0.0015
226.439909424,101.0,101.0014,0.0014
226.479909408,101.0,101.0014,0.0015
226.51990939200002,101.0,101.0014,0.0014
226.55990937599998,101.0,101.0014,0.0015
226.59990936,101.0,101.0014,0.0014
226.639909344,101.0,101.0015,0.0015
226.679909328,101.0,101.0015,0.0015
226.719909312,101.0,101.0014,0.0014
226.759909296,101.0,101.0014,0.0014
226.79990927999998,101.0,101.0013,0.0013
226.839909264,101.0,101.0013,0.0013
226.879909248,101.0,101.0013,0.0013
226.919909232,101.0,101.0013,0.0013
226.95990921599997,101.0,101.0013,0.0013
226.9999092,101.0,101.0013,0.0013
227.03990918399998,101.0,101.0013,0.0013
227.079909168,101.0,101.0012,0.0012
227.119909152,101.0,101.0012,0.0012
227.159909136,101.0,101.0012,0.0012
227.19990912,101.0,101.0011,0.0012
227.239909104,101.0,101.0012,0.0012
227.279909088,101.0,101.0011,0.0012
227.319909072,101.0,101.0011,0.0012
227.35990905600002,101.0,101.0011,0.0011
227.39990903999998,101.0,101.0011,0.0011
227.439909024,101.0,101.001,0.001
227.479909008,101.0,101.001,0.001
227.519908992,101.0,101.0009,0.0009
227.559908976,101.0,101.0009,0.0009
227.59990896,101.0,101.0009,0.0009
227.63990894399998,101.0,101.0009,0.0009
227.679908928,101.0,101.0009,0.0009
227.719908912,101.0,101.0008,0.0009
227.759908896,101.0,101.0009,0.0009
227.79990887999998,101.0,101.0008,0.0009
227.839908864,101.0,101.0008,0.0009
227.87990884799999,101.0,101.0008,0.0008
227.919908832,101.0,101.0008,0.0008
227.959908816,101.0,101.0008,0.0008
227.9999088,101.0,101.0007,0.0008
228.03990878399998,101.0,101.0008,0.0008
228.079908768,101.0,101.0008,0.0008
228.119908752,101.0,101.0008,0.0008
228.159908736,101.0,101.0008,0.0008
228.19990872,101.0,101.0008,0.0008
228.239908704,101.0,101.0008,0.0009
228.279908688,101.0,101.0008,0.0008
228.319908672,101.0,101.0008,0.0008
228.35990865600002,101.0,101.0008,0.0009
228.39990864,101.0,101.0008,0.0008
228.439908624,101.0,101.0008,0.0008
228.479908608,101.0,101.0008,0.0008
228.519908592,101.0,101.0007,0.0007
228.559908576,101.0,101.0007,0.0007
228.59990856000002,101.0,101.0007,0.0007
228.63990854399998,101.0,101.0007,0.0007
228.679908528,101.0,101.0007,0.0008
228.719908512,101.0,101.0007,0.0007
228.759908496,101.0,101.0007,0.0008
228.79990848,101.0,101.0007,0.0007
228.839908464,101.0,101.0007,0.0007
228.87990844799998,101.0,101.0007,0.0007
228.919908432,101.0,101.0007,0.0007
228.959908416,101.0,101.0007,0.0007
228.9999084,101.0,101.0007,0.0007
229.03990838399997,101.0,101.0008,0.0008
229.079908368,101.0,101.0008,0.0008
229.11990835199998,101.0,101.0008,0.0008
229.159908336,101.0,101.0008,0.0008
229.19990832000002,101.0,101.0008,0.0008
229.23990830399998,101.0,101.0008,0.0008
229.279908288,101.0,101.0008,0.0008
229.319908272,101.0,101.0008,0.0008
229.359908256,101.0,101.0008,0.0008
229.39990824,101.0,101.0008,0.0008
229.439908224,101.0,101.0008,0.0008
229.47990820799998,101.0,101.0008,0.0008
229.519908192,101.0,101.0008,0.0008
229.559908176,101.0,101.0008,0.0009
229.59990816,101.0,101.0008,0.0009
229.639908144,101.0,101.0009,0.0009
229.679908128,101.0,101.0009,0.0009
229.71990811199998,101.0,101.0009,0.0009
229.759908096,101.0,101.0009,0.0009
229.79990808,101.0,101.0008,0.0009
229.839908064,101.0,101.0009,0.0009
229.87990804799998,101.0,101.0009,0.0009
229.919908032,101.0,101.0009,0.0009
229.95990801599999,101.0,101.0009,0.0009
229.999908,101.0,101.0009,0.0009
230.039907984,101.0,101.0009,0.0009
230.079907968,101.0,101.001,0.001
230.119907952,101.0,101.001,0.001
230.159907936,101.0,101.001,0.001
230.19990792000002,101.0,101.001,0.001
230.239907904,101.0,101.001,0.001
230.279907888,101.0,101.0011,0.0011
230.319907872,101.0,101.001,0.001
230.359907856,101.0,101.0011,0.0011
230.39990784,101.0,101.0011,0.0011
230.43990782400002,101.0,101.0011,0.0011
230.47990780799998,101.0,101.0011,0.0012
230.519907792,101.0,101.0012,0.0012
230.559907776,101.0,101.0012,0.0012
230.59990776,101.0,101.0012,0.0012
230.639907744,101.0,101.0012,0.0012
230.679907728,101.0,101.0012,0.0013
230.71990771199998,101.0,101.0013,0.0013
230.759907696,101.0,101.0013,0.0013
230.79990768,101.0,101.0014,0.0014
230.839907664,101.0,101.0014,0.0014
230.879907648,101.0,101.0014,0.0014
230.919907632,101.0,101.0014,0.0014
230.95990761599998,101.0,101.0014,0.0014
230.9999076,101.0,101.0014,0.0014
231.039907584,101.0,101.0014,0.0014
231.079907568,101.0,101.0014,0.0014
231.119907552,101.0,101.0014,0.0015
231.159907536,101.0,101.0014,0.0014
231.19990752,101.0,101.0015,0.0015
231.239907504,101.0,101.0015,0.0015
231.27990748800002,101.0,101.0014,0.0015
231.31990747199998,101.0,101.0014,0.0015
231.359907456,101.0,101.0015,0.0015
231.39990744,101.0,101.0015,0.0015
231.439907424,101.0,101.0015,0.0015
231.479907408,101.0,101.0016,0.0016
231.519907392,101.0,101.0016,0.0016
231.55990737599998,101.0,101.0016,0.0016
231.59990736,101.0,101.0017,0.0017
231.639907344,101.0,101.0017,0.0017
231.679907328,101.0,101.0017,0.0018
231.71990731199998,101.0,101.0018,0.0018
231.759907296,101.0,101.0018,0.0019
231.79990727999999,101.0,101.0019,0.0019
231.839907264,101.0,101.0019,0.0019
231.879907248,101.0,101.0019,0.0019
231.91990723199999,101.0,101.0019,0.0019
231.95990721599998,101.0,101.0019,0.0019
231.9999072,101.0,101.0019,0.0019
232.039907184,101.0,101.0019,0.0019
232.079907168,101.0,101.0019,0.0019
232.119907152,101.0,101.0019,0.0019
232.159907136,101.0,101.002,0.002
232.19990712,101.0,101.002,0.002
232.239907104,101.0,101.002,0.002
232.27990708800002,101.0,101.002,0.002
232.319907072,101.0,101.002,0.002
232.359907056,101.0,101.002,0.002
232.39990704,101.0,101.002,0.002
232.439907024,101.0,101.002,0.002
232.479907008,101.0,101.0021,0.0021
232.51990699200002,101.0,101.0022,0.0022
232.55990697599998,101.0,101.0022,0.0022
232.59990696,101.0,101.0022,0.0022
232.639906944,101.0,101.0023,0.0023
232.679906928,101.0,101.0023,0.0023
232.719906912,101.0,101.0023,0.0023
232.759906896,101.0,101.0024,0.0024
232.79990687999998,101.0,101.0024,0.0024
232.839906864,101.0,101.0024,0.0024
232.879906848,101.0,101.0024,0.0024
232.919906832,101.0,101.0025,0.0025
232.95990681599997,101.0,101.0025,0.0025
232.9999068,101.0,101.0025,0.0025
233.03990678399998,101.0,101.0025,0.0025
233.079906768,101.0,101.0025,0.0025
233.11990675200002,101.0,101.0025,0.0025
233.15990673599998,101.0,101.0025,0.0025
233.19990672,101.0,101.0025,0.0025
233.239906704,101.0,101.0025,0.0025
233.279906688,101.0,101.0026,0.0026
233.319906672,101.0,101.0025,0.0026
233.35990665600002,101.0,101.0026,0.0026
233.39990663999998,101.0,101.0026,0.0026
233.439906624,101.0,101.0025,0.0025
233.479906608,101.0,101.0025,0.0025
233.519906592,101.0,101.0025,0.0026
233.559906576,101.0,101.0026,0.0026
233.59990656,101.0,101.0026,0.0026
233.63990654399998,101.0,101.0026,0.0026
233.679906528,101.0,101.0027,0.0027
233.719906512,101.0,101.0027,0.0027
233.759906496,101.0,101.0027,0.0027
233.79990647999998,101.0,101.0027,0.0027
233.839906464,101.0,101.0026,0.0027
233.87990644799999,101.0,101.0027,0.0027
233.919906432,101.0,101.0027,0.0027
233.959906416,101.0,101.0027,0.0027
233.9999064,101.0,101.0027,0.0027
234.03990638399998,101.0,101.0027,0.0027
234.079906368,101.0,101.0028,0.0028
234.11990635200002,101.0,101.0027,0.0027
234.159906336,101.0,101.0027,0.0028
234.19990632,101.0,101.0027,0.0028
234.239906304,101.0,101.0027,0.0028
234.279906288,101.0,101.0028,0.0028
234.319906272,101.0,101.0028,0.0028
234.35990625600002,101.0,101.0028,0.0028
234.39990623999998,101.0,101.0028,0.0028
234.439906224,101.0,101.0028,0.0028
234.479906208,101.0,101.0029,0.0029
234.519906192,101.0,101.0029,0.0029
234.559906176,101.0,101.0029,0.0029
234.59990616000002,101.0,101.0029,0.0029
234.63990614399998,101.0,101.0029,0.0029
234.679906128,101.0,101.0029,0.0029
234.719906112,101.0,101.0029,0.0029
234.759906096,101.0,101.0028,0.0029
234.79990608,101.0,101.0028,0.0028
234.839906064,101.0,101.0028,0.0028
234.87990604799998,101.0,101.0028,0.0029
234.919906032,101.0,101.0028,0.0029
234.959906016,101.0,101.0028,0.0028
234.999906,101.0,101.0029,0.0029
235.03990598399997,101.0,101.0028,0.0028
235.079905968,101.0,101.0029,0.0029
235.119905952,101.0,101.0029,0.0029
235.159905936,101.0,101.0029,0.0029
235.19990592000002,101.0,101.0029,0.0029
235.23990590399998,101.0,101.0029,0.0029
235.279905888,101.0,101.003,0.003
235.319905872,101.0,101.0029,0.0029
235.359905856,101.0,101.003,0.003
235.39990584,101.0,101.0031,0.0031
235.439905824,101.0,101.0031,0.0031
235.47990580799998,101.0,101.0031,0.0031
235.519905792,101.0,101.0031,0.0031
235.559905776,101.0,101.0032,0.0032
235.59990576,101.0,101.0032,0.0032
235.63990574399998,101.0,101.0032,0.0032
235.679905728,101.0,101.0032,0.0032
235.71990571199998,101.0,101.0032,0.0032
235.759905696,101.0,101.0032,0.0032
235.79990568,101.0,101.0032,0.0032
235.839905664,101.0,101.0032,0.0032
235.87990564799998,101.0,101.0032,0.0032
235.919905632,101.0,101.0032,0.0032
235.959905616,101.0,101.0032,0.0032
235.9999056,101.0,101.0032,0.0032
236.039905584,101.0,101.0032,0.0032
236.079905568,101.0,101.0032,0.0032
236.119905552,101.0,101.0032,0.0032
236.159905536,101.0,101.0032,0.0032
236.19990552000002,101.0,101.0032,0.0033
236.239905504,101.0,101.0032,0.0032
236.279905488,101.0,101.0033,0.0033
236.319905472,101.0,101.0033,0.0033
236.359905456,101.0,101.0033,0.0033
236.39990544,101.0,101.0034,0.0034
236.43990542400002,101.0,101.0033,0.0033
236.47990540799998,101.0,101.0033,0.0034
236.519905392,101.0,101.0034,0.0034
236.559905376,101.0,101.0034,0.0034
236.59990536,101.0,101.0034,0.0034
236.639905344,101.0,101.0034,0.0034
236.679905328,101.0,101.0034,0.0034
236.71990531199998,101.0,101.0034,0.0035
236.759905296,101.0,101.0034,0.0034
236.79990528,101.0,101.0035,0.0035
236.839905264,101.0,101.0034,0.0035
236.87990524799997,101.0,101.0034,0.0035
236.919905232,101.0,101.0034,0.0035
236.95990521599998,101.0,101.0034,0.0035
236.9999052,101.0,101.0035,0.0035
237.039905184,101.0,101.0035,0.0035
237.079905168,101.0,101.0035,0.0035
237.119905152,101.0,101.0035,0.0035
237.159905136,101.0,101.0035,0.0035
237.19990512,101.0,101.0035,0.0035
237.239905104,101.0,101.0035,0.0035
237.27990508800002,101.0,101.0035,0.0035
237.31990507199998,101.0,101.0036,0.0036
237.359905056,101.0,101.0036,0.0036
237.39990504,101.0,101.0036,0.0036
237.439905024,101.0,101.0036,0.0037
237.479905008,101.0,101.0037,0.0037
237.519904992,101.0,101.0037,0.0037
237.55990497599998,101.0,101.0037,0.0037
237.59990496,101.0,101.0038,0.0038
237.639904944,101.0,101.0037,0.0037
237.679904928,101.0,101.0037,0.0037
237.71990491199998,101.0,101.0037,0.0037
237.759904896,101.0,101.0037,0.0037
237.79990487999999,101.0,101.0038,0.0038
237.839904864,101.0,101.0038,0.0038
237.879904848,101.0,101.0038,0.0038
237.919904832,101.0,101.0039,0.0039
237.95990481599998,101.0,101.0039,0.0039
237.9999048,101.0,101.004,0.004
238.039904784,101.0,101.004,0.004
238.079904768,101.0,101.004,0.004
238.119904752,101.0,101.004,0.004
238.159904736,101.0,101.004,0.004
238.19990472,101.0,101.0041,0.0041
238.239904704,101.0,101.0041,0.0041
238.27990468800002,101.0,101.0041,0.0041
238.319904672,101.0,101.0041,0.0041
238.359904656,101.0,101.0041,0.0041
238.39990464,101.0,101.0041,0.0041
238.439904624,101.0,101.0041,0.0041
238.479904608,101.0,101.0042,0.0042
238.51990459200002,101.0,101.0042,0.0042
238.55990457599998,101.0,101.0042,0.0042
238.59990456,101.0,101.0042,0.0042
238.639904544,101.0,101.0042,0.0042
238.679904528,101.0,101.0042,0.0042
238.719904512,101.0,101.0042,0.0042
238.759904496,101.0,101.0042,0.0042
238.79990447999998,101.0,101.0042,0.0042
238.839904464,101.0,101.0043,0.0043
238.879904448,101.0,101.0043,0.0043
238.919904432,101.0,101.0043,0.0043
238.95990441599997,101.0,101.0043,0.0043
238.9999044,101.0,101.0043,0.0043
239.03990438399998,101.0,101.0043,0.0043
239.079904368,101.0,101.0043,0.0043
239.11990435200002,101.0,101.0044,0.0044
239.15990433599998,101.0,101.0044,0.0044
239.19990432,101.0,101.0044,0.0044
239.239904304,101.0,101.0045,0.0045
239.279904288,101.0,101.0045,0.0045
239.319904272,101.0,101.0046,0.0046
239.359904256,101.0,101.0046,0.0046
239.39990423999998,101.0,101.0046,0.0046
239.439904224,101.0,101.0046,0.0046
239.479904208,101.0,101.0047,0.0047
239.519904192,101.0,101.0047,0.0047
239.559904176,101.0,101.0047,0.0047
239.59990416,101.0,101.0048,0.0048
239.63990414399998,101.0,101.0048,0.0048
239.679904128,101.0,101.0048,0.0048
239.719904112,101.0,101.0048,0.0048
239.759904096,101.0,101.0048,0.0048
239.79990407999998,101.0,101.0048,0.0048
239.839904064,101.0,101.0048,0.0048
239.879904048,101.0,101.0048,0.0048
239.919904032,101.0,101.0048,0.0048
239.959904016,101.0,101.0048,0.0048
239.999904,101.0,101.0048,0.0048
240.03990398399998,101.0,101.0049,0.0049
240.079903968,101.0,101.0049,0.0049
240.11990395200002,101.0,101.0049,0.0049
240.159903936,101.0,101.005,0.005
240.19990392,101.0,101.005,0.005
240.239903904,101.0,101.005,0.005
240.279903888,101.0,101.005,0.005
240.319903872,101.0,101.005,0.005
240.35990385600002,101.0,101.005,0.005
240.39990383999998,101.0,101.005,0.005
240.439903824,101.0,101.0051,0.0051
240.479903808,101.0,101.005,0.0051
240.519903792,101.0,101.0051,0.0051
240.559903776,101.0,101.0051,0.0051
240.59990376,101.0,101.005,0.005
240.63990374399998,101.0,101.005,0.005
240.679903728,101.0,101.005,0.005
240.719903712,101.0,101.005,0.005
240.759903696,101.0,101.0049,0.0049
240.79990368,101.0,101.0049,0.0049
240.839903664,101.0,101.0049,0.0049
240.87990364799998,101.0,101.0049,0.0049
240.919903632,101.0,101.0049,0.0049
240.959903616,101.0,101.0049,0.0049
240.9999036,101.0,101.0049,0.0049
241.039903584,101.0,101.0049,0.0049
241.079903568,101.0,101.0048,0.0048
241.119903552,101.0,101.0048,0.0048
241.159903536,101.0,101.0047,0.0047
241.19990352000002,101.0,101.0047,0.0047
241.23990350399998,101.0,101.0046,0.0046
241.279903488,101.0,101.0046,0.0046
241.319903472,101.0,101.0045,0.0046
241.359903456,101.0,101.0045,0.0045
241.39990344,101.0,101.0045,0.0045
241.439903424,101.0,101.0044,0.0045
241.47990340799998,101.0,101.0044,0.0044
241.519903392,101.0,101.0044,0.0044
241.559903376,101.0,101.0043,0.0044
241.59990336,101.0,101.0043,0.0043
241.63990334399998,101.0,101.0043,0.0043
241.679903328,101.0,101.0042,0.0043
241.71990331199999,101.0,101.0042,0.0042
241.759903296,101.0,101.0042,0.0042
241.79990328,101.0,101.0042,0.0042
241.839903264,101.0,101.0042,0.0042
241.87990324799998,101.0,101.0041,0.0041
241.919903232,101.0,101.0041,0.0041
241.959903216,101.0,101.0041,0.0041
241.9999032,101.0,101.0041,0.0041
242.039903184,101.0,101.004,0.004
242.079903168,101.0,101.004,0.004
242.119903152,101.0,101.004,0.004
242.159903136,101.0,101.0039,0.0039
242.19990312000002,101.0,101.004,0.004
242.239903104,101.0,101.0039,0.0039
242.279903088,101.0,101.0039,0.0039
242.319903072,101.0,101.0039,0.0039
242.359903056,101.0,101.0038,0.0038
242.39990304,101.0,101.0037,0.0037
242.43990302400002,101.0,101.0037,0.0037
242.47990300799998,101.0,101.0037,0.0037
242.519902992,101.0,101.0037,0.0037
242.559902976,101.0,101.0036,0.0036
242.59990296,101.0,101.0036,0.0036
242.639902944,101.0,101.0036,0.0036
242.679902928,101.0,101.0035,0.0035
242.71990291199998,101.0,101.0035,0.0035
242.759902896,101.0,101.0035,0.0035
242.79990288,101.0,101.0034,0.0035
242.839902864,101.0,101.0034,0.0034
242.87990284799997,101.0,101.0034,0.0034
242.919902832,101.0,101.0034,0.0034
242.95990281599998,101.0,101.0034,0.0034
242.9999028,101.0,101.0034,0.0034
243.039902784,101.0,101.0034,0.0034
243.07990276799998,101.0,101.0034,0.0034
243.119902752,101.0,101.0034,0.0035
243.159902736,101.0,101.0034,0.0034
243.19990272,101.0,101.0033,0.0034
243.239902704,101.0,101.0033,0.0033
243.27990268800002,101.0,101.0033,0.0033
243.31990267199998,101.0,101.0032,0.0032
243.359902656,101.0,101.0032,0.0032
243.39990264,101.0,101.0032,0.0032
243.439902624,101.0,101.0032,0.0032
243.479902608,101.0,101.0032,0.0032
243.519902592,101.0,101.0032,0.0032
243.55990257599998,101.0,101.0031,0.0031
243.59990256,101.0,101.0031,0.0031
243.639902544,101.0,101.003,0.0031
243.679902528,101.0,101.003,0.003
243.71990251199998,101.0,101.003,0.003
243.759902496,101.0,101.003,0.003
243.79990248,101.0,101.003,0.003
243.839902464,101.0,101.0031,0.0031
243.879902448,101.0,101.0031,0.0031
243.919902432,101.0,101.0031,0.0031
243.95990241599998,101.0,101.0031,0.0031
243.9999024,101.0,101.003,0.0031
244.03990238400002,101.0,101.003,0.0031
244.079902368,101.0,101.003,0.003
244.119902352,101.0,101.003,0.003
244.159902336,101.0,101.003,0.003
244.19990232,101.0,101.003,0.003
244.239902304,101.0,101.003,0.0031
244.27990228800002,101.0,101.003,0.003
244.31990227199998,101.0,101.003,0.0031
244.359902256,101.0,101.0031,0.0031
244.39990224,101.0,101.003,0.0031
244.439902224,101.0,101.0031,0.0031
244.479902208,101.0,101.0031,0.0031
244.51990219200002,101.0,101.0031,0.0031
244.55990217599998,101.0,101.0031,0.0031
244.59990216,101.0,101.0031,0.0031
244.639902144,101.0,101.0031,0.0031
244.679902128,101.0,101.0031,0.0031
244.719902112,101.0,101.0031,0.0031
244.759902096,101.0,101.0032,0.0032
244.79990207999998,101.0,101.0032,0.0032
244.839902064,101.0,101.0032,0.0032
244.879902048,101.0,101.0032,0.0032
244.919902032,101.0,101.0032,0.0032
244.95990201599997,101.0,101.0032,0.0032
244.999902,101.0,101.0032,0.0032
245.039901984,101.0,101.0032,0.0033
245.079901968,101.0,101.0032,0.0032
245.11990195200002,101.0,101.0032,0.0032
245.15990193599998,101.0,101.0032,0.0032
245.19990192,101.0,101.0032,0.0032
245.239901904,101.0,101.0032,0.0032
245.279901888,101.0,101.0032,0.0033
245.319901872,101.0,101.0033,0.0033
245.359901856,101.0,101.0033,0.0033
245.39990183999998,101.0,101.0033,0.0033
245.439901824,101.0,101.0033,0.0033
245.479901808,101.0,101.0032,0.0033
245.519901792,101.0,101.0032,0.0033
245.55990177599998,101.0,101.0033,0.0033
245.59990176,101.0,101.0032,0.0033
245.63990174399999,101.0,101.0032,0.0032
245.679901728,101.0,101.0032,0.0032
245.719901712,101.0,101.0032,0.0032
245.759901696,101.0,101.0032,0.0032
245.79990167999998,101.0,101.0031,0.0031
245.839901664,101.0,101.003,0.0031
245.879901648,101.0,101.003,0.003
245.919901632,101.0,101.003,0.003
245.959901616,101.0,101.003,0.003
245.9999016,101.0,101.0029,0.0029
246.039901584,101.0,101.0029,0.0029
246.079901568,101.0,101.0029,0.0029
246.11990155200002,101.0,101.0029,0.0029
246.159901536,101.0,101.0029,0.0029
246.19990152,101.0,101.0028,0.0029
246.239901504,101.0,101.0028,0.0028
246.279901488,101.0,101.0028,0.0028
246.319901472,101.0,101.0028,0.0028
246.35990145600002,101.0,101.0028,0.0028
246.39990143999998,101.0,101.0028,0.0028
246.439901424,101.0,101.0028,0.0028
246.479901408,101.0,101.0029,0.0029
246.519901392,101.0,101.0029,0.0029
246.559901376,101.0,101.0028,0.0029
246.59990136,101.0,101.0028,0.0029
246.63990134399998,101.0,101.0028,0.0028
246.679901328,101.0,101.0028,0.0028
246.719901312,101.0,101.0028,0.0028
246.759901296,101.0,101.0028,0.0028
246.79990127999997,101.0,101.0027,0.0027
246.839901264,101.0,101.0027,0.0027
246.87990124799998,101.0,101.0027,0.0027
246.919901232,101.0,101.0027,0.0027
246.959901216,101.0,101.0027,0.0027
246.99990119999998,101.0,101.0026,0.0027
247.039901184,101.0,101.0026,0.0026
247.079901168,101.0,101.0025,0.0025
247.119901152,101.0,101.0025,0.0025
247.159901136,101.0,101.0025,0.0025
247.19990112000002,101.0,101.0025,0.0026
247.23990110399998,101.0,101.0026,0.0026
247.279901088,101.0,101.0026,0.0026
247.319901072,101.0,101.0026,0.0026
247.359901056,101.0,101.0026,0.0026
247.39990104,101.0,101.0026,0.0026
247.439901024,101.0,101.0025,0.0026
247.47990100799998,101.0,101.0026,0.0026
247.519900992,101.0,101.0026,0.0026
247.559900976,101.0,101.0025,0.0026
247.59990096,101.0,101.0026,0.0026
247.63990094399998,101.0,101.0026,0.0026
247.679900928,101.0,101.0026,0.0026
247.71990091199999,101.0,101.0026,0.0026
247.759900896,101.0,101.0026,0.0026
247.79990088,101.0,101.0026,0.0026
247.839900864,101.0,101.0026,0.0026
247.87990084799998,101.0,101.0026,0.0026
247.919900832,101.0,101.0026,0.0026
247.959900816,101.0,101.0025,0.0025
247.9999008,101.0,101.0025,0.0025
248.039900784,101.0,101.0025,0.0025
248.079900768,101.0,101.0025,0.0025
248.119900752,101.0,101.0025,0.0025
248.159900736,101.0,101.0025,0.0025
248.19990072000002,101.0,101.0025,0.0025
248.23990070399998,101.0,101.0024,0.0024
248.279900688,101.0,101.0024,0.0024
248.319900672,101.0,101.0024,0.0024
248.359900656,101.0,101.0024,0.0024
248.39990064,101.0,101.0023,0.0023
248.43990062400002,101.0,101.0023,0.0023
248.47990060799998,101.0,101.0023,0.0023
248.519900592,101.0,101.0023,0.0023
248.559900576,101.0,101.0023,0.0023
248.59990056,101.0,101.0023,0.0023
248.639900544,101.0,101.0023,0.0023
248.679900528,101.0,101.0023,0.0023
248.71990051199998,101.0,101.0023,0.0023
248.759900496,101.0,101.0023,0.0023
248.79990048,101.0,101.0023,0.0023
248.839900464,101.0,101.0024,0.0024
248.87990044799997,101.0,101.0023,0.0024
248.919900432,101.0,101.0023,0.0024
248.95990041599998,101.0,101.0023,0.0023
248.9999004,101.0,101.0024,0.0024
249.03990038400002,101.0,101.0024,0.0024
249.07990036799998,101.0,101.0024,0.0024
249.119900352,101.0,101.0024,0.0024
249.159900336,101.0,101.0024,0.0024
249.19990032,101.0,101.0025,0.0025
249.239900304,101.0,101.0025,0.0025
249.279900288,101.0,101.0024,0.0024
249.31990027199998,101.0,101.0024,0.0024
249.359900256,101.0,101.0024,0.0024
249.39990024,101.0,101.0024,0.0024
249.439900224,101.0,101.0025,0.0025
249.47990020799998,101.0,101.0025,0.0025
249.519900192,101.0,101.0024,0.0024
249.55990017599999,101.0,101.0024,0.0024
249.59990016,101.0,101.0024,0.0024
249.639900144,101.0,101.0024,0.0024
249.679900128,101.0,101.0024,0.0024
249.71990011199998,101.0,101.0024,0.0024
249.759900096,101.0,101.0024,0.0024
249.79990008,101.0,101.0024,0.0024
249.839900064,101.0,101.0024,0.0024
249.879900048,101.0,101.0024,0.0024
249.919900032,101.0,101.0024,0.0024
249.959900016,101.0,101.0024,0.0024
249.9999,101.0,101.0024,0.0024
250.03989998400002,101.0,101.0025,0.0025
250.079899968,101.0,101.0025,0.0025
250.11989995200003,101.0,101.0025,0.0025
250.15989993600002,101.0,101.0025,0.0025
250.19989992000004,101.0,101.0025,0.0025
250.23989990399997,101.0,101.0025,0.0025
250.279899888,101.0,101.0025,0.0025
250.31989987199998,101.0,101.0025,0.0025
250.359899856,101.0,101.0025,0.0025
250.39989984,101.0,101.0025,0.0025
250.439899824,101.0,101.0025,0.0025
250.479899808,101.0,101.0025,0.0025
250.51989979200002,101.0,101.0025,0.0025
250.559899776,101.0,101.0025,0.0025
250.59989976000003,101.0,101.0025,0.0025
250.63989974399996,101.0,101.0024,0.0024
250.67989972799998,101.0,101.0024,0.0024
250.71989971199997,101.0,101.0023,0.0024
250.759899696,101.0,101.0023,0.0024
250.79989967999998,101.0,101.0023,0.0023
250.839899664,101.0,101.0023,0.0023
250.879899648,101.0,101.0023,0.0023
250.919899632,101.0,101.0022,0.0023
250.959899616,101.0,101.0022,0.0022
250.99989960000002,101.0,101.0022,0.0022
251.03989958399998,101.0,101.0022,0.0022
251.07989956799997,101.0,101.0021,0.0021
251.119899552,101.0,101.0022,0.0022
251.15989953599998,101.0,101.0022,0.0022
251.19989952,101.0,101.0021,0.0021
251.239899504,101.0,101.0021,0.0021
251.279899488,101.0,101.0021,0.0021
251.319899472,101.0,101.0021,0.0021
251.35989945600002,101.0,101.0021,0.0021
251.39989944,101.0,101.0021,0.0021
251.43989942400003,101.0,101.0021,0.0021
251.47989940799997,101.0,101.0022,0.0022
251.51989939199999,101.0,101.0022,0.0022
251.55989937599998,101.0,101.0022,0.0022
251.59989936,101.0,101.0022,0.0022
251.63989934399999,101.0,101.0022,0.0022
251.679899328,101.0,101.0023,0.0023
251.719899312,101.0,101.0023,0.0023
251.75989929600001,101.0,101.0023,0.0023
251.79989928,101.0,101.0022,0.0022
251.83989926400002,101.0,101.0022,0.0022
251.87989924799996,101.0,101.0022,0.0022
251.91989923199998,101.0,101.0022,0.0022
251.959899216,101.0,101.0022,0.0022
251.9998992,101.0,101.0022,0.0022
252.039899184,101.0,101.0021,0.0021
252.079899168,101.0,101.0021,0.0021
252.11989915200002,101.0,101.0021,0.0021
252.159899136,101.0,101.0021,0.0021
252.19989912000003,101.0,101.0021,0.0021
252.23989910400002,101.0,101.002,0.0021
252.27989908799998,101.0,101.002,0.002
252.31989907199997,101.0,101.002,0.002
252.359899056,101.0,101.002,0.002
252.39989903999998,101.0,101.0019,0.0019
252.439899024,101.0,101.0019,0.0019
252.479899008,101.0,101.0019,0.0019
252.519898992,101.0,101.0019,0.0019
252.559898976,101.0,101.0019,0.0019
252.59989896000002,101.0,101.0019,0.0019
252.639898944,101.0,101.0018,0.0018
252.67989892800003,101.0,101.0019,0.0019
252.71989891199996,101.0,101.0018,0.0018
252.75989889599998,101.0,101.0018,0.0018
252.79989887999997,101.0,101.0018,0.0018
252.839898864,101.0,101.0017,0.0017
252.87989884799998,101.0,101.0017,0.0017
252.919898832,101.0,101.0016,0.0017
252.95989881600002,101.0,101.0016,0.0016
252.9998988,101.0,101.0016,0.0016
253.03989878400003,101.0,101.0015,0.0015
253.07989876800002,101.0,101.0015,0.0015
253.11989875199998,101.0,101.0015,0.0015
253.15989873599997,101.0,101.0015,0.0015
253.19989872,101.0,101.0015,0.0015
253.23989870399998,101.0,101.0015,0.0015
253.279898688,101.0,101.0015,0.0015
253.319898672,101.0,101.0015,0.0015
253.359898656,101.0,101.0014,0.0015
253.39989864,101.0,101.0014,0.0014
253.43989862400002,101.0,101.0014,0.0014
253.479898608,101.0,101.0014,0.0014
253.51989859199998,101.0,101.0014,0.0014
253.55989857599997,101.0,101.0013,0.0014
253.59989855999999,101.0,101.0013,0.0013
253.63989854399998,101.0,101.0013,0.0013
253.679898528,101.0,101.0013,0.0013
253.719898512,101.0,101.0013,0.0013
253.759898496,101.0,101.0013,0.0013
253.79989848,101.0,101.0013,0.0013
253.83989846400002,101.0,101.0013,0.0013
253.879898448,101.0,101.0013,0.0013
253.91989843200002,101.0,101.0013,0.0013
253.959898416,101.0,101.0013,0.0013
253.99989839999998,101.0,101.0013,0.0013
254.039898384,101.0,101.0012,0.0012
254.079898368,101.0,101.0012,0.0012
254.119898352,101.0,101.0012,0.0012
254.159898336,101.0,101.0012,0.0012
254.19989832000002,101.0,101.0012,0.0012
254.239898304,101.0,101.0012,0.0012
254.27989828800003,101.0,101.0012,0.0013
254.31989827200002,101.0,101.0013,0.0013
254.35989825599998,101.0,101.0012,0.0012
254.39989823999997,101.0,101.0012,0.0012
254.439898224,101.0,101.0012,0.0012
254.47989820799998,101.0,101.0012,0.0012
254.519898192,101.0,101.0012,0.0012
254.559898176,101.0,101.0012,0.0012
254.59989816,101.0,101.0011,0.0011
254.639898144,101.0,101.0011,0.0011
254.67989812800002,101.0,101.0011,0.0011
254.719898112,101.0,101.0011,0.0011
254.75989809599997,101.0,101.0011,0.0011
254.79989807999996,101.0,101.0011,0.0011
254.83989806399998,101.0,101.0011,0.0011
254.87989804799997,101.0,101.001,0.001
254.919898032,101.0,101.001,0.001
254.959898016,101.0,101.001,0.001
254.999898,101.0,101.001,0.001
255.03989798400002,101.0,101.001,0.001
255.079897968,101.0,101.001,0.001
255.11989795200003,101.0,101.001,0.001
255.15989793600002,101.0,101.001,0.001
255.19989791999998,101.0,101.001,0.001
255.23989790399997,101.0,101.001,0.001
255.279897888,101.0,101.001,0.001
255.31989787199998,101.0,101.0011,0.0011
255.359897856,101.0,101.0011,0.0011
255.39989784,101.0,101.0011,0.0012
255.439897824,101.0,101.0012,0.0012
255.479897808,101.0,101.0012,0.0012
255.51989779200002,101.0,101.0013,0.0013
255.559897776,101.0,101.0013,0.0014
255.59989775999998,101.0,101.0014,0.0014
255.63989774399997,101.0,101.0014,0.0015
255.679897728,101.0,101.0014,0.0014
255.71989771199998,101.0,101.0014,0.0014
255.759897696,101.0,101.0015,0.0015
255.79989768,101.0,101.0015,0.0015
255.839897664,101.0,101.0015,0.0015
255.879897648,101.0,101.0016,0.0016
255.91989763200002,101.0,101.0016,0.0016
255.95989761600003,101.0,101.0017,0.0017
255.99989759999997,101.0,101.0017,0.0017
256.03989758399996,101.0,101.0018,0.0018
256.079897568,101.0,101.0018,0.0018
256.119897552,101.0,101.0019,0.0019
256.159897536,101.0,101.0019,0.0019
256.19989752,101.0,101.0019,0.0019
256.239897504,101.0,101.0019,0.0019
256.279897488,101.0,101.0019,0.0019
256.31989747200004,101.0,101.002,0.002
256.359897456,101.0,101.002,0.002
256.39989744,101.0,101.002,0.002
256.439897424,101.0,101.002,0.002
256.479897408,101.0,101.002,0.002
256.51989739199996,101.0,101.002,0.0021
256.559897376,101.0,101.0021,0.0021
256.59989736,101.0,101.0021,0.0021
256.639897344,101.0,101.0021,0.0021
256.679897328,101.0,101.0021,0.0021
256.719897312,101.0,101.0021,0.0021
256.759897296,101.0,101.0022,0.0022
256.79989728000004,101.0,101.0022,0.0022
256.83989726399994,101.0,101.0022,0.0023
256.87989724799996,101.0,101.0023,0.0023
256.919897232,101.0,101.0023,0.0023
256.959897216,101.0,101.0023,0.0023
256.9998972,101.0,101.0023,0.0023
257.039897184,101.0,101.0023,0.0023
257.079897168,101.0,101.0023,0.0024
257.119897152,101.0,101.0023,0.0023
257.15989713600004,101.0,101.0023,0.0023
257.19989712,101.0,101.0023,0.0024
257.23989710399997,101.0,101.0024,0.0024
257.279897088,101.0,101.0025,0.0025
257.319897072,101.0,101.0025,0.0025
257.35989705599997,101.0,101.0026,0.0026
257.39989704,101.0,101.0026,0.0026
257.439897024,101.0,101.0026,0.0026
257.479897008,101.0,101.0026,0.0027
257.519896992,101.0,101.0026,0.0026
257.559896976,101.0,101.0027,0.0027
257.59989696,101.0,101.0027,0.0027
257.639896944,101.0,101.0027,0.0027
257.67989692799995,101.0,101.0028,0.0028
257.71989691199997,101.0,101.0028,0.0028
257.759896896,101.0,101.0028,0.0028
257.79989688,101.0,101.0028,0.0028
257.83989686399997,101.0,101.0028,0.0028
257.879896848,101.0,101.0028,0.0028
257.919896832,101.0,101.0028,0.0028
257.959896816,101.0,101.0027,0.0028
257.99989680000004,101.0,101.0027,0.0027
258.039896784,101.0,101.0027,0.0027
258.07989676799997,101.0,101.0027,0.0028
258.119896752,101.0,101.0027,0.0027
258.159896736,101.0,101.0027,0.0027
258.19989671999997,101.0,101.0027,0.0027
258.239896704,101.0,101.0027,0.0027
258.279896688,101.0,101.0028,0.0028
258.319896672,101.0,101.0027,0.0027
258.359896656,101.0,101.0027,0.0027
258.39989664,101.0,101.0027,0.0027
258.439896624,101.0,101.0027,0.0027
258.479896608,101.0,101.0027,0.0027
258.51989659199995,101.0,101.0026,0.0026
258.55989657599997,101.0,101.0026,0.0026
258.59989656,101.0,101.0025,0.0026
258.639896544,101.0,101.0025,0.0026
258.679896528,101.0,101.0026,0.0026
258.719896512,101.0,101.0025,0.0025
258.759896496,101.0,101.0025,0.0025
258.79989648000003,101.0,101.0025,0.0025
258.839896464,101.0,101.0025,0.0025
258.87989644799995,101.0,101.0025,0.0025
258.919896432,101.0,101.0025,0.0025
258.959896416,101.0,101.0025,0.0025
258.9998964,101.0,101.0025,0.0025
259.039896384,101.0,101.0024,0.0024
259.079896368,101.0,101.0024,0.0024
259.119896352,101.0,101.0024,0.0024
259.15989633600003,101.0,101.0024,0.0024
259.19989632,101.0,101.0024,0.0024
259.239896304,101.0,101.0023,0.0024
259.27989628800003,101.0,101.0024,0.0024
259.319896272,101.0,101.0024,0.0024
259.35989625599996,101.0,101.0024,0.0024
259.39989624,101.0,101.0025,0.0025
259.439896224,101.0,101.0025,0.0025
259.479896208,101.0,101.0025,0.0025
259.519896192,101.0,101.0025,0.0025
259.559896176,101.0,101.0024,0.0024
259.59989616,101.0,101.0024,0.0024
259.63989614400003,101.0,101.0024,0.0024
259.679896128,101.0,101.0024,0.0024
259.71989611199996,101.0,101.0024,0.0024
259.759896096,101.0,101.0024,0.0024
259.79989608,101.0,101.0024,0.0024
259.83989606399996,101.0,101.0024,0.0024
259.879896048,101.0,101.0025,0.0025
259.919896032,101.0,101.0025,0.0025
259.959896016,101.0,101.0024,0.0024
259.99989600000004,101.0,101.0024,0.0024
260.039895984,101.0,101.0023,0.0023
260.079895968,101.0,101.0023,0.0023
260.119895952,101.0,101.0023,0.0023
260.159895936,101.0,101.0023,0.0023
260.19989591999996,101.0,101.0023,0.0023
260.239895904,101.0,101.0023,0.0023
260.279895888,101.0,101.0023,0.0023
260.319895872,101.0,101.0023,0.0023
260.359895856,101.0,101.0023,0.0023
260.39989584,101.0,101.0023,0.0023
260.439895824,101.0,101.0023,0.0023
260.47989580800004,101.0,101.0023,0.0023
260.519895792,101.0,101.0023,0.0023
260.55989577599996,101.0,101.0022,0.0022
260.59989576,101.0,101.0022,0.0022
260.639895744,101.0,101.0021,0.0021
260.67989572799996,101.0,101.0022,0.0022
260.719895712,101.0,101.0021,0.0021
260.759895696,101.0,101.0021,0.0021
260.79989568,101.0,101.0021,0.0021
260.839895664,101.0,101.0021,0.0021
260.879895648,101.0,101.0021,0.0021
260.919895632,101.0,101.0021,0.0021
260.959895616,101.0,101.0021,0.0021
260.9998956,101.0,101.0021,0.0021
261.03989558399996,101.0,101.0021,0.0021
261.079895568,101.0,101.0021,0.0021
261.119895552,101.0,101.0021,0.0021
261.159895536,101.0,101.0021,0.0021
261.19989552,101.0,101.0021,0.0021
261.239895504,101.0,101.002,0.002
261.279895488,101.0,101.002,0.0021
261.31989547200004,101.0,101.002,0.002
261.35989545599995,101.0,101.002,0.002
261.39989543999997,101.0,101.002,0.002
261.439895424,101.0,101.0019,0.0019
261.479895408,101.0,101.0019,0.0019
261.51989539199997,101.0,101.0018,0.0018
261.559895376,101.0,101.0018,0.0019
261.59989536,101.0,101.0018,0.0018
261.639895344,101.0,101.0018,0.0019
261.679895328,101.0,101.0018,0.0018
261.719895312,101.0,101.0018,0.0018
261.759895296,101.0,101.0018,0.0018
261.79989528,101.0,101.0018,0.0018
261.839895264,101.0,101.0017,0.0017
261.87989524799997,101.0,101.0017,0.0017
261.919895232,101.0,101.0017,0.0017
261.959895216,101.0,101.0016,0.0017
261.9998952,101.0,101.0016,0.0016
262.039895184,101.0,101.0016,0.0016
262.079895168,101.0,101.0016,0.0016
262.119895152,101.0,101.0015,0.0015
262.15989513600005,101.0,101.0015,0.0015
262.19989511999995,101.0,101.0015,0.0015
262.23989510399997,101.0,101.0015,0.0015
262.279895088,101.0,101.0015,0.0015
262.319895072,101.0,101.0014,0.0014
262.35989505599997,101.0,101.0014,0.0014
262.39989504,101.0,101.0014,0.0014
262.439895024,101.0,101.0014,0.0014
262.479895008,101.0,101.0013,0.0013
262.519894992,101.0,101.0013,0.0013
262.559894976,101.0,101.0013,0.0013
262.59989496,101.0,101.0012,0.0012
262.639894944,101.0,101.0012,0.0012
262.67989492799995,101.0,101.0011,0.0012
262.719894912,101.0,101.0011,0.0011
262.759894896,101.0,101.0011,0.0012
262.79989488,101.0,101.0011,0.0011
262.839894864,101.0,101.0011,0.0011
262.879894848,101.0,101.0011,0.0011
262.919894832,101.0,101.0011,0.0011
262.95989481600003,101.0,101.001,0.001
262.99989480000005,101.0,101.001,0.001
263.03989478399996,101.0,101.001,0.001
263.079894768,101.0,101.0009,0.0009
263.119894752,101.0,101.0009,0.0009
263.159894736,101.0,101.0009,0.0009
263.19989472,101.0,101.001,0.001
263.239894704,101.0,101.001,0.001
263.279894688,101.0,101.001,0.001
263.31989467200003,101.0,101.001,0.001
263.359894656,101.0,101.001,0.001
263.39989464,101.0,101.001,0.001
263.439894624,101.0,101.001,0.001
263.479894608,101.0,101.001,0.001
263.51989459199996,101.0,101.0009,0.0009
263.559894576,101.0,101.0009,0.0009
263.59989456,101.0,101.0009,0.0009
263.639894544,101.0,101.0009,0.0009
263.679894528,101.0,101.0009,0.0009
263.719894512,101.0,101.0008,0.0008
263.759894496,101.0,101.0008,0.0008
263.79989448000003,101.0,101.0008,0.0008
263.839894464,101.0,101.0008,0.0008
263.87989444799996,101.0,101.0007,0.0007
263.919894432,101.0,101.0007,0.0007
263.959894416,101.0,101.0007,0.0007
263.9998944,101.0,101.0007,0.0007
264.039894384,101.0,101.0006,0.0007
264.079894368,101.0,101.0006,0.0006
264.119894352,101.0,101.0006,0.0006
264.15989433600004,101.0,101.0006,0.0006
264.19989432,101.0,101.0006,0.0006
264.239894304,101.0,101.0006,0.0006
264.279894288,101.0,101.0006,0.0006
264.319894272,101.0,101.0006,0.0006
264.35989425599996,101.0,101.0006,0.0006
264.39989424,101.0,101.0006,0.0006
264.439894224,101.0,101.0006,0.0006
264.479894208,101.0,101.0006,0.0006
264.519894192,101.0,101.0007,0.0007
264.559894176,101.0,101.0007,0.0007
264.59989416,101.0,101.0007,0.0007
264.63989414400004,101.0,101.0008,0.0008
264.67989412799994,101.0,101.0008,0.0008
264.71989411199996,101.0,101.0008,0.0009
264.759894096,101.0,101.0008,0.0008
264.79989408,101.0,101.0009,0.0009
264.83989406399996,101.0,101.0008,0.0008
264.879894048,101.0,101.0009,0.0009
264.919894032,101.0,101.0009,0.0009
264.959894016,101.0,101.0009,0.0009
264.99989400000004,101.0,101.0009,0.0009
265.039893984,101.0,101.0009,0.0009
265.07989396799996,101.0,101.0009,0.0009
265.119893952,101.0,101.0009,0.0009
265.159893936,101.0,101.0009,0.0009
265.19989391999997,101.0,101.0009,0.0009
265.239893904,101.0,101.0009,0.0009
265.279893888,101.0,101.0009,0.0009
265.319893872,101.0,101.0009,0.0009
265.359893856,101.0,101.0009,0.0009
265.39989384,101.0,101.0008,0.0009
265.439893824,101.0,101.0008,0.0008
265.47989380800004,101.0,101.0008,0.0008
265.51989379199995,101.0,101.0009,0.0009
265.55989377599997,101.0,101.0008,0.0009
265.59989376,101.0,101.0008,0.0009
265.639893744,101.0,101.0008,0.0008
265.67989372799997,101.0,101.0008,0.0008
265.719893712,101.0,101.0008,0.0008
265.759893696,101.0,101.0008,0.0008
265.79989368,101.0,101.0008,0.0008
265.839893664,101.0,101.0008,0.0008
265.879893648,101.0,101.0008,0.0008
265.91989363199997,101.0,101.0008,0.0008
265.959893616,101.0,101.0008,0.0008
265.9998936,101.0,101.0008,0.0008
266.03989358399997,101.0,101.0008,0.0008
266.079893568,101.0,101.0008,0.0008
266.119893552,101.0,101.0008,0.0008
266.159893536,101.0,101.0008,0.0008
266.19989352,101.0,101.0008,0.0008
266.239893504,101.0,101.0008,0.0008
266.279893488,101.0,101.0008,0.0008
266.319893472,101.0,101.0008,0.0008
266.35989345599995,101.0,101.0008,0.0008
266.39989343999997,101.0,101.0008,0.0008
266.439893424,101.0,101.0008,0.0008
266.479893408,101.0,101.0008,0.0008
266.519893392,101.0,101.0007,0.0007
266.559893376,101.0,101.0007,0.0007
266.59989336,101.0,101.0007,0.0007
266.63989334400003,101.0,101.0007,0.0007
266.679893328,101.0,101.0007,0.0007
266.719893312,101.0,101.0007,0.0007
266.759893296,101.0,101.0007,0.0007
266.79989328,101.0,101.0007,0.0007
266.839893264,101.0,101.0007,0.0007
266.879893248,101.0,101.0007,0.0008
266.919893232,101.0,101.0008,0.0008
266.959893216,101.0,101.0008,0.0008
266.99989320000003,101.0,101.0008,0.0009
267.039893184,101.0,101.0008,0.0008
267.079893168,101.0,101.0008,0.0009
267.11989315200003,101.0,101.0009,0.0009
267.159893136,101.0,101.0008,0.0009
267.19989311999996,101.0,101.0008,0.0009
267.239893104,101.0,101.0008,0.0008
267.279893088,101.0,101.0008,0.0009
267.319893072,101.0,101.0008,0.0009
267.359893056,101.0,101.0008,0.0009
267.39989304,101.0,101.0009,0.0009
267.439893024,101.0,101.0009,0.0009
267.47989300800003,101.0,101.0009,0.0009
267.519892992,101.0,101.0009,0.0009
267.55989297599996,101.0,101.0009,0.0009
267.59989296,101.0,101.0009,0.0009
267.639892944,101.0,101.001,0.001
267.67989292799996,101.0,101.001,0.001
267.719892912,101.0,101.001,0.001
267.759892896,101.0,101.001,0.001
267.79989288,101.0,101.001,0.001
267.83989286400003,101.0,101.001,0.001
267.879892848,101.0,101.001,0.001
267.919892832,101.0,101.001,0.001
267.95989281600004,101.0,101.001,0.001
267.9998928,101.0,101.001,0.001
268.03989278399996,101.0,101.0011,0.0011
268.079892768,101.0,101.0011,0.0011
268.119892752,101.0,101.0012,0.0012
268.159892736,101.0,101.0012,0.0012
268.19989272,101.0,101.0012,0.0013
268.239892704,101.0,101.0013,0.0013
268.279892688,101.0,101.0013,0.0013
268.31989267200004,101.0,101.0014,0.0014
268.359892656,101.0,101.0014,0.0014
268.39989263999996,101.0,101.0014,0.0014
268.439892624,101.0,101.0014,0.0014
268.479892608,101.0,101.0014,0.0014
268.51989259199996,101.0,101.0014,0.0014
268.559892576,101.0,101.0015,0.0015
268.59989256,101.0,101.0015,0.0015
268.639892544,101.0,101.0015,0.0015
268.679892528,101.0,101.0015,0.0015
268.719892512,101.0,101.0015,0.0015
268.759892496,101.0,101.0016,0.0016
268.79989248,101.0,101.0016,0.0016
268.839892464,101.0,101.0016,0.0016
268.87989244799996,101.0,101.0016,0.0016
268.919892432,101.0,101.0016,0.0016
268.959892416,101.0,101.0015,0.0015
268.9998924,101.0,101.0015,0.0015
269.039892384,101.0,101.0015,0.0015
269.079892368,101.0,101.0015,0.0015
269.119892352,101.0,101.0015,0.0015
269.15989233600004,101.0,101.0015,0.0015
269.19989232,101.0,101.0015,0.0015
269.23989230399997,101.0,101.0015,0.0015
269.279892288,101.0,101.0015,0.0015
269.319892272,101.0,101.0015,0.0015
269.35989225599997,101.0,101.0015,0.0015
269.39989224,101.0,101.0015,0.0015
269.439892224,101.0,101.0015,0.0015
269.479892208,101.0,101.0015,0.0015
269.519892192,101.0,101.0015,0.0015
269.559892176,101.0,101.0015,0.0015
269.59989216,101.0,101.0016,0.0016
269.639892144,101.0,101.0016,0.0016
269.67989212799995,101.0,101.0016,0.0016
269.71989211199997,101.0,101.0016,0.0016
269.759892096,101.0,101.0016,0.0016
269.79989208,101.0,101.0016,0.0016
269.839892064,101.0,101.0016,0.0016
269.879892048,101.0,101.0016,0.0016
269.919892032,101.0,101.0016,0.0016
269.959892016,101.0,101.0016,0.0016
269.99989200000005,101.0,101.0016,0.0016
270.03989198399995,101.0,101.0017,0.0017
270.07989196799997,101.0,101.0016,0.0016
270.119891952,101.0,101.0016,0.0016
270.159891936,101.0,101.0017,0.0017
270.19989191999997,101.0,101.0017,0.0017
270.239891904,101.0,101.0017,0.0017
270.279891888,101.0,101.0017,0.0018
270.319891872,101.0,101.0018,0.0018
270.359891856,101.0,101.0018,0.0018
270.39989184,101.0,101.0018,0.0018
270.43989182400003,101.0,101.0018,0.0018
270.479891808,101.0,101.0018,0.0018
270.51989179199995,101.0,101.0018,0.0019
270.559891776,101.0,101.0019,0.0019
270.59989176,101.0,101.0019,0.0019
270.639891744,101.0,101.0019,0.0019
270.679891728,101.0,101.0019,0.0019
270.719891712,101.0,101.0019,0.0019
270.759891696,101.0,101.0019,0.0019
270.79989168000003,101.0,101.0019,0.0019
270.839891664,101.0,101.002,0.002
270.87989164799995,101.0,101.0019,0.0019
270.919891632,101.0,101.002,0.002
270.959891616,101.0,101.002,0.002
270.9998916,101.0,101.002,0.002
271.039891584,101.0,101.002,0.002
271.079891568,101.0,101.002,0.002
271.119891552,101.0,101.002,0.0021
271.15989153600003,101.0,101.0021,0.0021
271.19989152,101.0,101.0021,0.0021
271.239891504,101.0,101.0021,0.0021
271.279891488,101.0,101.0022,0.0022
271.319891472,101.0,101.0022,0.0022
271.35989145599996,101.0,101.0021,0.0021
271.39989144,101.0,101.0021,0.0021
271.439891424,101.0,101.0022,0.0022
271.479891408,101.0,101.0022,0.0022
271.519891392,101.0,101.0022,0.0022
271.559891376,101.0,101.0022,0.0023
271.59989136,101.0,101.0023,0.0023
271.63989134400003,101.0,101.0023,0.0023
271.679891328,101.0,101.0023,0.0023
271.71989131199996,101.0,101.0023,0.0023
271.759891296,101.0,101.0023,0.0023
271.79989128,101.0,101.0023,0.0023
271.839891264,101.0,101.0023,0.0024
271.879891248,101.0,101.0023,0.0024
271.919891232,101.0,101.0024,0.0024
271.959891216,101.0,101.0024,0.0024
271.99989120000004,101.0,101.0024,0.0024
272.039891184,101.0,101.0025,0.0025
272.079891168,101.0,101.0025,0.0025
272.119891152,101.0,101.0025,0.0025
272.159891136,101.0,101.0025,0.0025
272.19989111999996,101.0,101.0026,0.0026
272.239891104,101.0,101.0026,0.0026
272.279891088,101.0,101.0026,0.0026
272.319891072,101.0,101.0027,0.0027
272.359891056,101.0,101.0027,0.0027
272.39989104,101.0,101.0028,0.0028
272.439891024,101.0,101.0028,0.0028
272.47989100800004,101.0,101.0028,0.0028
272.51989099199994,101.0,101.0028,0.0028
272.55989097599996,101.0,101.0028,0.0028
272.59989096,101.0,101.0028,0.0029
272.639890944,101.0,101.0029,0.0029
272.67989092799996,101.0,101.0029,0.0029
272.719890912,101.0,101.0029,0.0029
272.759890896,101.0,101.0029,0.0029
272.79989088,101.0,101.0029,0.0029
272.83989086400004,101.0,101.0029,0.0029
272.879890848,101.0,101.0029,0.0029
272.919890832,101.0,101.0029,0.0029
272.959890816,101.0,101.0029,0.0029
272.9998908,101.0,101.003,0.003
273.03989078399997,101.0,101.0029,0.0029
273.079890768,101.0,101.0029,0.0029
273.119890752,101.0,101.0029,0.0029
273.159890736,101.0,101.0029,0.0029
273.19989072,101.0,101.003,0.003
273.239890704,101.0,101.0029,0.0029
273.279890688,101.0,101.0029,0.0029
273.31989067200004,101.0,101.0029,0.0029
273.35989065599995,101.0,101.0028,0.0028
273.39989063999997,101.0,101.0028,0.0029
273.439890624,101.0,101.0029,0.0029
273.479890608,101.0,101.0028,0.0028
273.51989059199997,101.0,101.0028,0.0028
273.559890576,101.0,101.0028,0.0028
273.59989056,101.0,101.0029,0.0029
273.639890544,101.0,101.0029,0.0029
273.679890528,101.0,101.0029,0.0029
273.719890512,101.0,101.0029,0.0029
273.75989049599997,101.0,101.0029,0.0029
273.79989048,101.0,101.0029,0.0029
273.839890464,101.0,101.0029,0.0029
273.87989044799997,101.0,101.0029,0.0029
273.919890432,101.0,101.003,0.003
273.959890416,101.0,101.0029,0.0029
273.9998904,101.0,101.0029,0.0029
274.039890384,101.0,101.0029,0.0029
274.079890368,101.0,101.0029,0.0029
274.119890352,101.0,101.0029,0.0029
274.15989033600005,101.0,101.0029,0.0029
274.19989031999995,101.0,101.0029,0.0029
274.23989030399997,101.0,101.0029,0.0029
274.279890288,101.0,101.0029,0.0029
274.319890272,101.0,101.0029,0.0029
274.35989025599997,101.0,101.0028,0.0028
274.39989024,101.0,101.0028,0.0028
274.439890224,101.0,101.0028,0.0028
274.47989020800003,101.0,101.0027,0.0027
274.519890192,101.0,101.0027,0.0027
274.559890176,101.0,101.0027,0.0027
274.59989016,101.0,101.0027,0.0027
274.639890144,101.0,101.0026,0.0026
274.67989012799995,101.0,101.0026,0.0026
274.719890112,101.0,101.0026,0.0026
274.759890096,101.0,101.0025,0.0026
274.79989008,101.0,101.0025,0.0025
274.83989006400003,101.0,101.0025,0.0025
274.879890048,101.0,101.0025,0.0025
274.919890032,101.0,101.0026,0.0026
274.95989001600003,101.0,101.0025,0.0026
274.99989,101.0,101.0026,0.0026
275.03988998399996,101.0,101.0026,0.0026
275.079889968,101.0,101.0025,0.0025
275.119889952,101.0,101.0025,0.0025
275.159889936,101.0,101.0025,0.0025
275.19988992,101.0,101.0025,0.0025
275.239889904,101.0,101.0025,0.0025
275.279889888,101.0,101.0024,0.0024
275.31988987200003,101.0,101.0025,0.0025
275.359889856,101.0,101.0025,0.0025
275.39988984,101.0,101.0025,0.0025
275.439889824,101.0,101.0025,0.0025
275.479889808,101.0,101.0026,0.0026
275.51988979199996,101.0,101.0025,0.0025
275.559889776,101.0,101.0025,0.0025
275.59988976,101.0,101.0025,0.0025
275.639889744,101.0,101.0025,0.0025
275.679889728,101.0,101.0025,0.0025
275.719889712,101.0,101.0025,0.0025
275.759889696,101.0,101.0025,0.0025
275.79988968000004,101.0,101.0026,0.0026
275.839889664,101.0,101.0026,0.0026
275.87988964799996,101.0,101.0026,0.0026
275.919889632,101.0,101.0026,0.0026
275.959889616,101.0,101.0026,0.0026
275.9998896,101.0,101.0026,0.0026
276.039889584,101.0,101.0027,0.0027
276.079889568,101.0,101.0027,0.0027
276.119889552,101.0,101.0027,0.0027
276.15988953600004,101.0,101.0027,0.0027
276.19988952,101.0,101.0027,0.0027
276.23988950399996,101.0,101.0028,0.0028
276.279889488,101.0,101.0027,0.0028
276.319889472,101.0,101.0028,0.0028
276.35988945599996,101.0,101.0028,0.0028
276.39988944,101.0,101.0028,0.0028
276.439889424,101.0,101.0029,0.0029
276.479889408,101.0,101.0029,0.0029
276.519889392,101.0,101.003,0.003
276.559889376,101.0,101.003,0.003
276.59988936,101.0,101.003,0.003
276.63988934400004,101.0,101.003,0.003
276.67988932799994,101.0,101.0031,0.0031
276.71988931199996,101.0,101.0031,0.0031
276.759889296,101.0,101.0031,0.0031
276.79988928,101.0,101.0031,0.0031
276.839889264,101.0,101.0031,0.0031
276.879889248,101.0,101.0031,0.0031
276.919889232,101.0,101.0031,0.0031
276.959889216,101.0,101.0032,0.0032
276.99988920000004,101.0,101.0032,0.0032
277.039889184,101.0,101.0032,0.0032
277.07988916799997,101.0,101.0032,0.0032
277.119889152,101.0,101.0032,0.0033
277.159889136,101.0,101.0033,0.0033
277.19988911999997,101.0,101.0034,0.0034
277.239889104,101.0,101.0034,0.0034
277.279889088,101.0,101.0034,0.0034
277.319889072,101.0,101.0034,0.0035
277.359889056,101.0,101.0035,0.0035
277.39988904,101.0,101.0035,0.0035
277.439889024,101.0,101.0036,0.0036
277.479889008,101.0,101.0035,0.0035
277.51988899199995,101.0,101.0036,0.0036
277.55988897599997,101.0,101.0036,0.0037
277.59988896,101.0,101.0037,0.0037
277.639888944,101.0,101.0037,0.0037
277.67988892799997,101.0,101.0037,0.0037
277.719888912,101.0,101.0038,0.0038
277.759888896,101.0,101.0039,0.0039
277.79988888,101.0,101.0039,0.0039
277.83988886400005,101.0,101.0039,0.0039
277.879888848,101.0,101.004,0.004
277.91988883199997,101.0,101.004,0.004
277.959888816,101.0,101.0041,0.0041
277.9998888,101.0,101.0041,0.0041
278.03988878399997,101.0,101.0041,0.0041
278.079888768,101.0,101.0042,0.0042
278.119888752,101.0,101.0042,0.0042
278.159888736,101.0,101.0042,0.0043
278.19988872,101.0,101.0042,0.0043
278.239888704,101.0,101.0042,0.0043
278.279888688,101.0,101.0043,0.0043
278.319888672,101.0,101.0043,0.0043
278.35988865599995,101.0,101.0044,0.0044
278.39988864,101.0,101.0044,0.0044
278.439888624,101.0,101.0044,0.0044
278.479888608,101.0,101.0044,0.0044
278.519888592,101.0,101.0044,0.0044
278.559888576,101.0,101.0044,0.0044
278.59988856,101.0,101.0044,0.0044
278.63988854400003,101.0,101.0044,0.0044
278.679888528,101.0,101.0044,0.0044
278.71988851199995,101.0,101.0044,0.0044
278.759888496,101.0,101.0044,0.0044
278.79988848,101.0,101.0045,0.0045
278.839888464,101.0,101.0044,0.0045
278.879888448,101.0,101.0045,0.0045
278.919888432,101.0,101.0045,0.0046
278.959888416,101.0,101.0045,0.0045
278.99988840000003,101.0,101.0046,0.0046
279.039888384,101.0,101.0046,0.0046
279.079888368,101.0,101.0046,0.0046
279.11988835200003,101.0,101.0046,0.0046
279.159888336,101.0,101.0046,0.0046
279.19988831999996,101.0,101.0046,0.0046
279.239888304,101.0,101.0046,0.0046
279.279888288,101.0,101.0046,0.0046
279.319888272,101.0,101.0046,0.0046
279.359888256,101.0,101.0046,0.0046
279.39988824,101.0,101.0047,0.0047
279.439888224,101.0,101.0047,0.0047
279.47988820800003,101.0,101.0047,0.0047
279.519888192,101.0,101.0047,0.0047
279.55988817599996,101.0,101.0047,0.0047
279.59988816,101.0,101.0047,0.0047
279.639888144,101.0,101.0046,0.0046
279.67988812799996,101.0,101.0046,0.0046
279.719888112,101.0,101.0046,0.0046
279.759888096,101.0,101.0046,0.0046
279.79988808,101.0,101.0046,0.0046
279.83988806400004,101.0,101.0046,0.0046
279.879888048,101.0,101.0046,0.0046
279.919888032,101.0,101.0045,0.0045
279.959888016,101.0,101.0045,0.0045
279.999888,101.0,101.0045,0.0045
280.03988798399996,101.0,101.0045,0.0045
280.079887968,101.0,101.0045,0.0045
280.119887952,101.0,101.0044,0.0044
280.159887936,101.0,101.0043,0.0044
280.19988792,101.0,101.0043,0.0043
280.239887904,101.0,101.0043,0.0043
280.279887888,101.0,101.0043,0.0043
280.31988787200004,101.0,101.0043,0.0043
280.359887856,101.0,101.0042,0.0042
280.39988783999996,101.0,101.0042,0.0042
280.439887824,101.0,101.0043,0.0043
280.479887808,101.0,101.0042,0.0042
280.51988779199996,101.0,101.0042,0.0042
280.559887776,101.0,101.0042,0.0042
280.59988776,101.0,101.0041,0.0042
280.639887744,101.0,101.0041,0.0041
280.679887728,101.0,101.0041,0.0041
280.719887712,101.0,101.0041,0.0041
280.759887696,101.0,101.004,0.004
280.79988768,101.0,101.004,0.004
280.839887664,101.0,101.004,0.004
280.87988764799996,101.0,101.0039,0.0039
280.919887632,101.0,101.0039,0.0039
280.959887616,101.0,101.0039,0.0039
280.9998876,101.0,101.0039,0.0039
281.039887584,101.0,101.0039,0.0039
281.079887568,101.0,101.0039,0.0039
281.119887552,101.0,101.0038,0.0038
281.15988753600004,101.0,101.0038,0.0038
281.19988751999995,101.0,101.0038,0.0038
281.23988750399997,101.0,101.0037,0.0037
281.279887488,101.0,101.0036,0.0036
281.319887472,101.0,101.0035,0.0035
281.35988745599997,101.0,101.0035,0.0035
281.39988744,101.0,101.0034,0.0034
281.439887424,101.0,101.0034,0.0034
281.479887408,101.0,101.0033,0.0033
281.519887392,101.0,101.0032,0.0033
281.559887376,101.0,101.0032,0.0032
281.59988736,101.0,101.0031,0.0031
281.639887344,101.0,101.0031,0.0031
281.67988732799995,101.0,101.0031,0.0031
281.71988731199997,101.0,101.0031,0.0031
281.759887296,101.0,101.0031,0.0031
281.79988728,101.0,101.003,0.003
281.839887264,101.0,101.003,0.003
281.879887248,101.0,101.0029,0.0029
281.919887232,101.0,101.0029,0.0029
281.959887216,101.0,101.0028,0.0028
281.99988720000005,101.0,101.0028,0.0028
282.03988718399995,101.0,101.0027,0.0027
282.07988716799997,101.0,101.0027,0.0027
282.119887152,101.0,101.0026,0.0026
282.159887136,101.0,101.0026,0.0026
282.19988711999997,101.0,101.0025,0.0025
282.239887104,101.0,101.0024,0.0024
282.279887088,101.0,101.0024,0.0024
282.31988707200003,101.0,101.0023,0.0023
282.359887056,101.0,101.0023,0.0023
282.39988704,101.0,101.0023,0.0023
282.439887024,101.0,101.0022,0.0022
282.479887008,101.0,101.0022,0.0022
282.51988699199995,101.0,101.0022,0.0022
282.559886976,101.0,101.0021,0.0021
282.59988696,101.0,101.0021,0.0021
282.639886944,101.0,101.002,0.002
282.679886928,101.0,101.002,0.002
282.719886912,101.0,101.0019,0.0019
282.759886896,101.0,101.0018,0.0019
282.79988688000003,101.0,101.0018,0.0018
282.83988686400005,101.0,101.0018,0.0018
282.87988684799996,101.0,101.0017,0.0017
282.919886832,101.0,101.0017,0.0017
282.959886816,101.0,101.0017,0.0017
282.9998868,101.0,101.0016,0.0016
283.039886784,101.0,101.0016,0.0016
283.079886768,101.0,101.0016,0.0016
283.119886752,101.0,101.0016,0.0016
283.15988673600003,101.0,101.0016,0.0016
283.19988672,101.0,101.0015,0.0015
283.239886704,101.0,101.0015,0.0015
283.279886688,101.0,101.0015,0.0015
283.319886672,101.0,101.0015,0.0015
283.35988665599996,101.0,101.0015,0.0015
283.39988664,101.0,101.0015,0.0015
283.439886624,101.0,101.0015,0.0015
283.479886608,101.0,101.0014,0.0014
283.519886592,101.0,101.0013,0.0014
283.559886576,101.0,101.0013,0.0013
283.59988656,101.0,101.0013,0.0013
283.63988654400003,101.0,101.0012,0.0012
283.679886528,101.0,101.0012,0.0012
283.71988651199996,101.0,101.0012,0.0012
283.759886496,101.0,101.0012,0.0012
283.79988648,101.0,101.0011,0.0012
283.839886464,101.0,101.0012,0.0012
283.879886448,101.0,101.0012,0.0012
283.919886432,101.0,101.0011,0.0011
283.959886416,101.0,101.0011,0.0011
283.99988640000004,101.0,101.0011,0.0011
284.039886384,101.0,101.001,0.001
284.079886368,101.0,101.001,0.001
284.119886352,101.0,101.001,0.001
284.159886336,101.0,101.001,0.001
284.19988631999996,101.0,101.0009,0.0009
284.239886304,101.0,101.0009,0.0009
284.279886288,101.0,101.0008,0.0009
284.319886272,101.0,101.0008,0.0008
284.359886256,101.0,101.0008,0.0008
284.39988624,101.0,101.0008,0.0008
284.439886224,101.0,101.0008,0.0008
284.47988620800004,101.0,101.0008,0.0008
284.51988619199994,101.0,101.0008,0.0008
284.55988617599996,101.0,101.0008,0.0008
284.59988616,101.0,101.0009,0.0009
284.639886144,101.0,101.0009,0.0009
284.679886128,101.0,101.0009,0.0009
284.719886112,101.0,101.0009,0.0009
284.759886096,101.0,101.001,0.001
284.79988608,101.0,101.001,0.001
284.83988606400004,101.0,101.001,0.001
284.879886048,101.0,101.001,0.001
284.91988603199997,101.0,101.001,0.001
284.959886016,101.0,101.001,0.001
284.999886,101.0,101.001,0.001
285.03988598399997,101.0,101.001,0.001
285.079885968,101.0,101.001,0.001
285.119885952,101.0,101.001,0.001
285.159885936,101.0,101.001,0.001
285.19988592,101.0,101.001,0.001
285.239885904,101.0,101.001,0.001
285.279885888,101.0,101.001,0.001
285.31988587200004,101.0,101.001,0.001
285.35988585599995,101.0,101.001,0.001
285.39988583999997,101.0,101.001,0.001
285.439885824,101.0,101.0011,0.0011
285.479885808,101.0,101.0011,0.0011
285.51988579199997,101.0,101.0011,0.0011
285.559885776,101.0,101.0011,0.0011
285.59988576,101.0,101.001,0.001
285.639885744,101.0,101.0011,0.0011
285.679885728,101.0,101.001,0.001
285.719885712,101.0,101.0011,0.0011
285.75988569599997,101.0,101.001,0.001
285.79988568,101.0,101.001,0.001
285.839885664,101.0,101.001,0.001
285.87988564799997,101.0,101.0011,0.0011
285.919885632,101.0,101.0011,0.0011
285.959885616,101.0,101.0011,0.0011
285.9998856,101.0,101.0011,0.0011
286.039885584,101.0,101.0011,0.0011
286.079885568,101.0,101.0011,0.0011
286.119885552,101.0,101.0011,0.0011
286.159885536,101.0,101.001,0.001
286.19988551999995,101.0,101.001,0.001
286.239885504,101.0,101.001,0.001
286.279885488,101.0,101.001,0.001
286.319885472,101.0,101.0009,0.0009
286.359885456,101.0,101.0008,0.0009
286.39988544,101.0,101.0008,0.0008
286.439885424,101.0,101.0008,0.0008
286.47988540800003,101.0,101.0007,0.0007
286.519885392,101.0,101.0007,0.0007
286.559885376,101.0,101.0007,0.0007
286.59988536,101.0,101.0006,0.0006
286.639885344,101.0,101.0007,0.0007
286.679885328,101.0,101.0007,0.0007
286.719885312,101.0,101.0007,0.0007
286.759885296,101.0,101.0006,0.0007
286.79988528,101.0,101.0006,0.0006
286.83988526400003,101.0,101.0005,0.0006
286.879885248,101.0,101.0004,0.0004
286.919885232,101.0,101.0004,0.0004
286.95988521600003,101.0,101.0004,0.0004
286.9998852,101.0,101.0003,0.0004
287.03988518399996,101.0,101.0003,0.0003
287.079885168,101.0,101.0002,0.0002
287.119885152,101.0,101.0002,0.0002
287.159885136,101.0,101.0002,0.0002
287.19988512,101.0,101.0001,0.0001
287.239885104,101.0,101.0001,0.0001
287.279885088,101.0,101.0,0.0001
287.31988507200003,101.0,101.0,0.0
287.359885056,101.0,101.0,0.0
287.39988503999996,101.0,100.9999,0.0
287.439885024,101.0,100.9999,-0.0
287.479885008,101.0,100.9999,-0.0
287.51988499199996,101.0,100.9999,-0.0
287.559884976,101.0,100.9998,-0.0001
287.59988496,101.0,100.9998,-0.0001
287.639884944,101.0,100.9997,-0.0001
287.679884928,101.0,100.9997,-0.0002
287.719884912,101.0,100.9997,-0.0002
287.759884896,101.0,100.9996,-0.0002
287.79988488000004,101.0,100.9996,-0.0003
287.839884864,101.0,100.9996,-0.0003
287.87988484799996,101.0,100.9995,-0.0004
287.919884832,101.0,100.9995,-0.0004
287.959884816,101.0,100.9995,-0.0004
287.9998848,101.0,100.9995,-0.0004
288.039884784,101.0,100.9994,-0.0005
288.079884768,101.0,100.9994,-0.0005
288.119884752,101.0,100.9994,-0.0005
288.15988473600004,101.0,100.9994,-0.0005
288.19988472,101.0,100.9993,-0.0006
288.23988470399996,101.0,100.9994,-0.0005
288.279884688,101.0,100.9993,-0.0005
288.319884672,101.0,100.9993,-0.0005
288.35988465599996,101.0,100.9993,-0.0006
288.39988464,101.0,100.9993,-0.0005
288.439884624,101.0,100.9993,-0.0005
288.479884608,101.0,100.9993,-0.0006
288.519884592,101.0,100.9993,-0.0006
288.559884576,101.0,100.9993,-0.0006
288.59988456,101.0,100.9993,-0.0006
288.639884544,101.0,100.9993,-0.0006
288.679884528,101.0,100.9992,-0.0007
288.71988451199996,101.0,100.9992,-0.0007
288.759884496,101.0,100.9992,-0.0007
288.79988448,101.0,100.9992,-0.0007
288.839884464,101.0,100.9992,-0.0007
288.879884448,101.0,100.9992,-0.0007
288.919884432,101.0,100.9992,-0.0007
288.959884416,101.0,100.9992,-0.0007
288.99988440000004,101.0,100.9991,-0.0008
289.039884384,101.0,100.9992,-0.0007
289.07988436799997,101.0,100.9991,-0.0008
289.119884352,101.0,100.9991,-0.0008
289.159884336,101.0,100.9991,-0.0008
289.19988431999997,101.0,100.9991,-0.0008
289.239884304,101.0,100.9991,-0.0007
289.279884288,101.0,100.9991,-0.0008
289.319884272,101.0,100.9992,-0.0007
289.359884256,101.0,100.9992,-0.0007
289.39988424,101.0,100.9992,-0.0007
289.439884224,101.0,100.9993,-0.0006
289.479884208,101.0,100.9993,-0.0006
289.51988419199995,101.0,100.9994,-0.0005
289.55988417599997,101.0,100.9994,-0.0005
289.59988416,101.0,100.9995,-0.0004
289.639884144,101.0,100.9995,-0.0003
289.679884128,101.0,100.9996,-0.0003
289.719884112,101.0,100.9996,-0.0003
289.759884096,101.0,100.9996,-0.0003
289.79988408,101.0,100.9996,-0.0002
289.83988406400005,101.0,100.9997,-0.0002
289.87988404799995,101.0,100.9997,-0.0002
289.91988403199997,101.0,100.9997,-0.0002
289.959884016,101.0,100.9998,-0.0001
289.999884,101.0,100.9998,-0.0
290.03988398399997,101.0,100.9999,-0.0
290.079883968,101.0,100.9999,-0.0
290.119883952,101.0,101.0,0.0
290.159883936,101.0,101.0,0.0
290.19988392,101.0,101.0,0.0
290.239883904,101.0,101.0001,0.0001
290.27988388800003,101.0,101.0001,0.0001
290.319883872,101.0,101.0001,0.0001
290.35988385599995,101.0,101.0001,0.0001
290.39988384,101.0,101.0001,0.0001
290.439883824,101.0,101.0002,0.0002
290.479883808,101.0,101.0002,0.0002
290.519883792,101.0,101.0002,0.0002
290.559883776,101.0,101.0003,0.0003
290.59988376,101.0,101.0003,0.0003
290.63988374400003,101.0,101.0003,0.0003
290.67988372800005,101.0,101.0003,0.0004
290.71988371199996,101.0,101.0004,0.0004
290.759883696,101.0,101.0004,0.0005
290.79988368,101.0,101.0005,0.0005
290.839883664,101.0,101.0005,0.0006
290.879883648,101.0,101.0005,0.0006
290.919883632,101.0,101.0005,0.0006
290.959883616,101.0,101.0006,0.0006
290.99988360000003,101.0,101.0006,0.0006
291.039883584,101.0,101.0006,0.0006
291.079883568,101.0,101.0006,0.0007
291.119883552,101.0,101.0007,0.0007
291.159883536,101.0,101.0007,0.0007
291.19988351999996,101.0,101.0007,0.0007
291.239883504,101.0,101.0007,0.0007
291.279883488,101.0,101.0007,0.0007
291.319883472,101.0,101.0007,0.0007
291.359883456,101.0,101.0007,0.0007
291.39988344,101.0,101.0007,0.0007
291.439883424,101.0,101.0007,0.0007
291.47988340800003,101.0,101.0007,0.0007
291.519883392,101.0,101.0007,0.0007
291.55988337599996,101.0,101.0007,0.0007
291.59988336,101.0,101.0007,0.0007
291.639883344,101.0,101.0007,0.0007
291.679883328,101.0,101.0007,0.0007
291.719883312,101.0,101.0007,0.0007
291.759883296,101.0,101.0007,0.0007
291.79988328,101.0,101.0006,0.0006
291.83988326400004,101.0,101.0006,0.0007
291.879883248,101.0,101.0007,0.0007
291.919883232,101.0,101.0006,0.0006
291.959883216,101.0,101.0006,0.0007
291.9998832,101.0,101.0006,0.0006
292.03988318399996,101.0,101.0006,0.0006
292.079883168,101.0,101.0006,0.0007
292.119883152,101.0,101.0006,0.0006
292.159883136,101.0,101.0007,0.0007
292.19988312,101.0,101.0006,0.0006
292.239883104,101.0,101.0006,0.0006
292.279883088,101.0,101.0007,0.0007
292.31988307200004,101.0,101.0006,0.0006
292.35988305599994,101.0,101.0006,0.0006
292.39988303999996,101.0,101.0006,0.0006
292.439883024,101.0,101.0006,0.0006
292.479883008,101.0,101.0006,0.0006
292.51988299199996,101.0,101.0005,0.0006
292.559882976,101.0,101.0005,0.0005
292.59988296,101.0,101.0005,0.0005
292.639882944,101.0,101.0005,0.0005
292.67988292800004,101.0,101.0005,0.0005
292.719882912,101.0,101.0004,0.0004
292.759882896,101.0,101.0004,0.0004
292.79988288,101.0,101.0003,0.0003
292.839882864,101.0,101.0002,0.0003
292.87988284799997,101.0,101.0003,0.0003
292.919882832,101.0,101.0002,0.0002
292.959882816,101.0,101.0002,0.0002
292.9998828,101.0,101.0002,0.0002
293.039882784,101.0,101.0001,0.0001
293.079882768,101.0,101.0002,0.0002
293.119882752,101.0,101.0001,0.0001
293.15988273600004,101.0,101.0001,0.0001
293.19988271999995,101.0,101.0,0.0
293.23988270399997,101.0,101.0,0.0
293.279882688,101.0,101.0,0.0
293.319882672,101.0,101.0,0.0
293.35988265599997,101.0,101.0,0.0
293.39988264,101.0,101.0,0.0
293.439882624,101.0,100.9999,0.0
293.479882608,101.0,101.0,0.0
293.519882592,101.0,101.0,0.0
293.559882576,101.0,101.0,0.0
293.59988255999997,101.0,101.0,0.0
293.639882544,101.0,101.0,0.0
293.679882528,101.0,101.0,0.0
293.71988251199997,101.0,101.0,0.0
293.759882496,101.0,101.0,0.0001
293.79988248,101.0,101.0001,0.0001
293.839882464,101.0,101.0001,0.0001
293.879882448,101.0,101.0001,0.0001
293.919882432,101.0,101.0,0.0001
293.959882416,101.0,101.0,0.0001
293.99988240000005,101.0,101.0001,0.0001
294.03988238399995,101.0,101.0,0.0
294.07988236799997,101.0,101.0,0.0
294.119882352,101.0,101.0,0.0
294.159882336,101.0,101.0,0.0
294.19988232,101.0,101.0,0.0
294.239882304,101.0,101.0,0.0
294.279882288,101.0,101.0,0.0
294.31988227200003,101.0,101.0,0.0
294.359882256,101.0,101.0,0.0
294.39988224,101.0,101.0,0.0
294.439882224,101.0,101.0,0.0
294.479882208,101.0,101.0,0.0
294.51988219199995,101.0,101.0,0.0
294.559882176,101.0,101.0,0.0
294.59988216,101.0,101.0,0.0
294.639882144,101.0,101.0,0.0
294.67988212800003,101.0,101.0,0.0
294.719882112,101.0,101.0,0.0
294.759882096,101.0,101.0,0.0
294.79988208000003,101.0,101.0,0.0
294.839882064,101.0,100.9999,-0.0
294.87988204799996,101.0,100.9999,0.0
294.919882032,101.0,100.9999,0.0
294.959882016,101.0,101.0,0.0
294.999882,101.0,101.0001,0.0001
295.039881984,101.0,101.0001,0.0001
295.079881968,101.0,101.0001,0.0001
295.119881952,101.0,101.0002,0.0002
295.15988193600003,101.0,101.0001,0.0001
295.19988192,101.0,101.0002,0.0002
295.239881904,101.0,101.0002,0.0002
295.279881888,101.0,101.0001,0.0001
295.319881872,101.0,101.0001,0.0001
295.35988185599996,101.0,101.0001,0.0001
295.39988184,101.0,101.0001,0.0001
295.439881824,101.0,101.0001,0.0001
295.479881808,101.0,101.0001,0.0001
295.519881792,101.0,101.0001,0.0001
295.559881776,101.0,101.0001,0.0001
295.59988176,101.0,101.0001,0.0001
295.63988174400004,101.0,101.0001,0.0001
295.679881728,101.0,101.0001,0.0001
295.71988171199996,101.0,101.0001,0.0001
295.759881696,101.0,101.0002,0.0002
295.79988168,101.0,101.0002,0.0002
295.839881664,101.0,101.0002,0.0002
295.879881648,101.0,101.0002,0.0002
295.919881632,101.0,101.0003,0.0003
295.959881616,101.0,101.0003,0.0003
295.99988160000004,101.0,101.0004,0.0004
296.039881584,101.0,101.0004,0.0004
296.07988156799996,101.0,101.0004,0.0004
296.119881552,101.0,101.0004,0.0004
296.159881536,101.0,101.0004,0.0005
296.19988151999996,101.0,101.0005,0.0005
296.239881504,101.0,101.0005,0.0005
296.279881488,101.0,101.0005,0.0005
296.319881472,101.0,101.0005,0.0005
296.359881456,101.0,101.0005,0.0005
296.39988144,101.0,101.0006,0.0006
296.439881424,101.0,101.0006,0.0006
296.47988140800004,101.0,101.0006,0.0006
296.51988139199995,101.0,101.0007,0.0007
296.55988137599996,101.0,101.0007,0.0007
296.59988136,101.0,101.0007,0.0007
296.639881344,101.0,101.0007,0.0007
296.679881328,101.0,101.0008,0.0008
296.719881312,101.0,101.0008,0.0008
296.759881296,101.0,101.0008,0.0008
296.79988128,101.0,101.0008,0.0009
296.83988126400004,101.0,101.0008,0.0008
296.879881248,101.0,101.0008,0.0008
296.91988123199997,101.0,101.0008,0.0009
296.959881216,101.0,101.0008,0.0008
296.9998812,101.0,101.0008,0.0008
297.03988118399997,101.0,101.0008,0.0008
297.079881168,101.0,101.0008,0.0008
297.119881152,101.0,101.0008,0.0008
297.159881136,101.0,101.0008,0.0008
297.19988112,101.0,101.0008,0.0008
297.239881104,101.0,101.0008,0.0008
297.279881088,101.0,101.0008,0.0008
297.319881072,101.0,101.0008,0.0009
297.35988105599995,101.0,101.0008,0.0008
297.39988103999997,101.0,101.0008,0.0008
297.439881024,101.0,101.0008,0.0008
297.479881008,101.0,101.0008,0.0008
297.51988099199997,101.0,101.0008,0.0008
297.559880976,101.0,101.0008,0.0008
297.59988096,101.0,101.0008,0.0009
297.639880944,101.0,101.0009,0.0009
297.67988092800005,101.0,101.0009,0.0009
297.719880912,101.0,101.0009,0.0009
297.75988089599997,101.0,101.0009,0.0009
297.79988088,101.0,101.0009,0.0009
297.839880864,101.0,101.0009,0.0009
297.87988084799997,101.0,101.0009,0.0009
297.919880832,101.0,101.001,0.001
297.959880816,101.0,101.001,0.001
297.9998808,101.0,101.001,0.001
298.039880784,101.0,101.001,0.001
298.079880768,101.0,101.001,0.001
298.11988075200003,101.0,101.001,0.001
298.159880736,101.0,101.001,0.001
298.19988071999995,101.0,101.001,0.001
298.239880704,101.0,101.001,0.001
298.279880688,101.0,101.001,0.001
298.319880672,101.0,101.001,0.001
298.359880656,101.0,101.001,0.001
298.39988064,101.0,101.001,0.001
298.439880624,101.0,101.001,0.001
298.47988060800003,101.0,101.0011,0.0011
298.519880592,101.0,101.0011,0.0011
298.55988057599995,101.0,101.0011,0.0011
298.59988056,101.0,101.0011,0.0011
298.639880544,101.0,101.0011,0.0011
298.679880528,101.0,101.0011,0.0011
298.719880512,101.0,101.0011,0.0012
298.759880496,101.0,101.0011,0.0012
298.79988048,101.0,101.0011,0.0011
298.83988046400003,101.0,101.0011,0.0011
298.879880448,101.0,101.0011,0.0012
298.919880432,101.0,101.0012,0.0012
298.95988041600003,101.0,101.0012,0.0012
298.9998804,101.0,101.0012,0.0012
299.03988038399996,101.0,101.0013,0.0013
299.079880368,101.0,101.0013,0.0013
299.119880352,101.0,101.0013,0.0013
299.159880336,101.0,101.0013,0.0013
299.19988032,101.0,101.0013,0.0013
299.239880304,101.0,101.0013,0.0013
299.279880288,101.0,101.0013,0.0013
299.31988027200003,101.0,101.0014,0.0014
299.359880256,101.0,101.0013,0.0013
299.39988023999996,101.0,101.0013,0.0013
299.439880224,101.0,101.0014,0.0014
299.479880208,101.0,101.0014,0.0014
299.51988019199996,101.0,101.0014,0.0014
299.559880176,101.0,101.0013,0.0014
299.59988016,101.0,101.0013,0.0014
299.639880144,101.0,101.0013,0.0014
299.67988012800004,101.0,101.0013,0.0013
299.719880112,101.0,101.0013,0.0013
299.759880096,101.0,101.0012,0.0012
299.79988008,101.0,101.0012,0.0012
299.839880064,101.0,101.0012,0.0012
299.87988004799996,101.0,101.0011,0.0011
299.919880032,101.0,101.0011,0.0011
299.959880016,101.0,101.0011,0.0011
299.99988,101.0,101.001,0.001
300.039879984,101.0,101.001,0.001
300.079879968,101.0,101.001,0.001
300.119879952,101.0,101.001,0.001
300.15987993600004,101.0,101.001,0.001
300.19987992,101.0,101.0009,0.0009
300.23987990399996,101.0,101.0009,0.0009
300.279879888,101.0,101.0009,0.0009
300.319879872,101.0,101.0009,0.0009
300.35987985599996,101.0,101.0008,0.0009
300.39987984,101.0,101.0008,0.0008
300.439879824,101.0,101.0008,0.0008
300.479879808,101.0,101.0008,0.0008
300.519879792,101.0,101.0008,0.0008
300.559879776,101.0,101.0008,0.0008
300.59987976,101.0,101.0008,0.0008
300.639879744,101.0,101.0008,0.0009
300.679879728,101.0,101.0008,0.0008
300.71987971199997,101.0,101.0008,0.0008
300.759879696,101.0,101.0007,0.0008
300.79987968,101.0,101.0007,0.0007
300.839879664,101.0,101.0007,0.0007
300.879879648,101.0,101.0006,0.0006
300.919879632,101.0,101.0006,0.0006
300.959879616,101.0,101.0006,0.0006
300.99987960000004,101.0,101.0006,0.0006
301.03987958399995,101.0,101.0006,0.0006
301.07987956799997,101.0,101.0006,0.0006
301.119879552,101.0,101.0005,0.0005
301.159879536,101.0,101.0005,0.0005
301.19987951999997,101.0,101.0004,0.0004
301.239879504,101.0,101.0004,0.0004
301.279879488,101.0,101.0003,0.0003
301.319879472,101.0,101.0003,0.0003
301.359879456,101.0,101.0002,0.0002
301.39987944,101.0,101.0002,0.0002
301.439879424,101.0,101.0001,0.0001
301.479879408,101.0,101.0001,0.0001
301.519879392,101.0,101.0001,0.0001
301.55987937599997,101.0,101.0,0.0001
301.59987936,101.0,101.0,0.0
301.639879344,101.0,101.0,0.0
301.679879328,101.0,101.0,0.0
301.719879312,101.0,101.0,0.0
301.759879296,101.0,101.0,0.0
301.79987928,101.0,101.0,0.0
301.83987926400005,101.0,101.0,0.0
301.87987924799995,101.0,101.0,0.0
301.91987923199997,101.0,101.0,0.0
301.959879216,101.0,101.0,0.0
301.9998792,101.0,100.9999,-0.0
302.039879184,101.0,100.9999,-0.0
302.079879168,101.0,100.9999,-0.0
302.119879152,101.0,100.9998,-0.0
302.15987913600003,101.0,100.9998,-0.0001
302.19987912,101.0,100.9998,-0.0001
302.239879104,101.0,100.9998,-0.0001
302.279879088,101.0,100.9997,-0.0002
302.319879072,101.0,100.9997,-0.0002
302.35987905599995,101.0,100.9997,-0.0002
302.39987904,101.0,100.9997,-0.0002
302.439879024,101.0,100.9996,-0.0003
302.479879008,101.0,100.9995,-0.0003
302.519878992,101.0,100.9995,-0.0004
302.559878976,101.0,100.9995,-0.0004
302.59987896,101.0,100.9995,-0.0004
302.63987894400003,101.0,100.9995,-0.0004
302.67987892800005,101.0,100.9995,-0.0004
302.71987891199996,101.0,100.9995,-0.0004
302.759878896,101.0,100.9995,-0.0004
302.79987888,101.0,100.9995,-0.0004
302.839878864,101.0,100.9995,-0.0004
302.879878848,101.0,100.9996,-0.0003
302.919878832,101.0,100.9996,-0.0003
302.959878816,101.0,100.9996,-0.0002
302.99987880000003,101.0,100.9997,-0.0002
303.039878784,101.0,100.9997,-0.0001
303.079878768,101.0,100.9997,-0.0001
303.119878752,101.0,100.9998,-0.0001
303.159878736,101.0,100.9998,-0.0001
303.19987871999996,101.0,100.9998,-0.0001
303.239878704,101.0,100.9998,-0.0001
303.279878688,101.0,100.9998,-0.0001
303.319878672,101.0,100.9998,-0.0
303.359878656,101.0,100.9998,-0.0001
303.39987864,101.0,100.9998,-0.0001
303.439878624,101.0,100.9998,-0.0001
303.47987860800004,101.0,100.9998,-0.0
303.519878592,101.0,100.9999,-0.0
303.55987857599996,101.0,100.9999,-0.0
303.59987856,101.0,101.0,0.0
303.639878544,101.0,101.0,0.0
303.679878528,101.0,101.0,0.0
303.719878512,101.0,101.0,0.0
303.759878496,101.0,101.0,0.0
303.79987848,101.0,101.0,0.0
303.83987846400004,101.0,101.0,0.0
303.879878448,101.0,101.0,0.0
303.919878432,101.0,101.0,0.0001
303.959878416,101.0,101.0001,0.0001
303.9998784,101.0,101.0001,0.0001
304.03987838399996,101.0,101.0001,0.0001
304.079878368,101.0,101.0001,0.0001
304.119878352,101.0,101.0002,0.0002
304.159878336,101.0,101.0002,0.0002
304.19987832,101.0,101.0002,0.0002
304.239878304,101.0,101.0002,0.0002
304.279878288,101.0,101.0002,0.0002
304.31987827200004,101.0,101.0002,0.0002
304.35987825599994,101.0,101.0002,0.0002
304.39987823999996,101.0,101.0003,0.0003
304.439878224,101.0,101.0003,0.0004
304.479878208,101.0,101.0003,0.0004
304.51987819199996,101.0,101.0004,0.0004
304.559878176,101.0,101.0004,0.0004
304.59987816,101.0,101.0004,0.0005
304.639878144,101.0,101.0005,0.0005
304.67987812800004,101.0,101.0005,0.0005
304.719878112,101.0,101.0005,0.0005
304.75987809599997,101.0,101.0005,0.0005
304.79987808,101.0,101.0005,0.0005
304.839878064,101.0,101.0005,0.0005
304.87987804799997,101.0,101.0005,0.0005
304.919878032,101.0,101.0005,0.0005
304.959878016,101.0,101.0005,0.0005
304.999878,101.0,101.0005,0.0005
305.039877984,101.0,101.0004,0.0004
305.079877968,101.0,101.0004,0.0004
305.119877952,101.0,101.0004,0.0004
305.159877936,101.0,101.0004,0.0004
305.19987791999995,101.0,101.0004,0.0004
305.23987790399997,101.0,101.0004,0.0004
305.279877888,101.0,101.0004,0.0004
305.319877872,101.0,101.0004,0.0004
305.35987785599997,101.0,101.0004,0.0004
305.39987784,101.0,101.0003,0.0004
305.439877824,101.0,101.0003,0.0003
305.479877808,101.0,101.0003,0.0003
305.519877792,101.0,101.0003,0.0003
305.559877776,101.0,101.0003,0.0003
305.59987775999997,101.0,101.0003,0.0003
305.639877744,101.0,101.0003,0.0003
305.679877728,101.0,101.0003,0.0004
305.71987771199997,101.0,101.0003,0.0004
305.759877696,101.0,101.0003,0.0003
305.79987768,101.0,101.0003,0.0003
305.839877664,101.0,101.0003,0.0003
305.879877648,101.0,101.0003,0.0003
305.919877632,101.0,101.0003,0.0003
305.959877616,101.0,101.0003,0.0003
305.9998776,101.0,101.0003,0.0003
306.03987758399995,101.0,101.0003,0.0003
306.079877568,101.0,101.0002,0.0002
306.119877552,101.0,101.0002,0.0002
306.159877536,101.0,101.0002,0.0002
306.19987752,101.0,101.0001,0.0001
306.239877504,101.0,101.0001,0.0001
306.279877488,101.0,101.0002,0.0002
306.31987747200003,101.0,101.0002,0.0002
306.359877456,101.0,101.0002,0.0002
306.39987743999995,101.0,101.0002,0.0002
306.439877424,101.0,101.0002,0.0002
306.479877408,101.0,101.0002,0.0002
306.519877392,101.0,101.0002,0.0002
306.559877376,101.0,101.0002,0.0002
306.59987736,101.0,101.0002,0.0002
306.639877344,101.0,101.0003,0.0003
306.67987732800003,101.0,101.0003,0.0003
306.719877312,101.0,101.0003,0.0003
306.759877296,101.0,101.0003,0.0003
306.79987728000003,101.0,101.0002,0.0002
306.839877264,101.0,101.0002,0.0002
306.87987724799996,101.0,101.0002,0.0002
306.919877232,101.0,101.0002,0.0003
306.959877216,101.0,101.0002,0.0003
306.9998772,101.0,101.0002,0.0003
307.039877184,101.0,101.0003,0.0003
307.079877168,101.0,101.0002,0.0002
307.119877152,101.0,101.0002,0.0002
307.15987713600003,101.0,101.0002,0.0002
307.19987712,101.0,101.0003,0.0003
307.23987710399996,101.0,101.0003,0.0003
307.279877088,101.0,101.0003,0.0003
307.319877072,101.0,101.0003,0.0003
307.35987705599996,101.0,101.0003,0.0003
307.39987704,101.0,101.0003,0.0003
307.439877024,101.0,101.0003,0.0004
307.479877008,101.0,101.0003,0.0004
307.51987699200004,101.0,101.0003,0.0004
307.559876976,101.0,101.0004,0.0004
307.59987696,101.0,101.0004,0.0004
307.639876944,101.0,101.0004,0.0004
307.679876928,101.0,101.0004,0.0004
307.71987691199996,101.0,101.0004,0.0004
307.759876896,101.0,101.0004,0.0004
307.79987688,101.0,101.0004,0.0004
307.839876864,101.0,101.0004,0.0004
307.879876848,101.0,101.0004,0.0004
307.919876832,101.0,101.0004,0.0004
307.959876816,101.0,101.0005,0.0005
307.99987680000004,101.0,101.0005,0.0005
308.039876784,101.0,101.0005,0.0005
308.07987676799996,101.0,101.0005,0.0005
308.119876752,101.0,101.0005,0.0005
308.159876736,101.0,101.0005,0.0005
308.19987671999996,101.0,101.0005,0.0005
308.239876704,101.0,101.0005,0.0005
308.279876688,101.0,101.0006,0.0006
308.319876672,101.0,101.0006,0.0006
308.359876656,101.0,101.0006,0.0006
308.39987664,101.0,101.0006,0.0006
308.439876624,101.0,101.0006,0.0006
308.479876608,101.0,101.0006,0.0006
308.519876592,101.0,101.0007,0.0007
308.55987657599997,101.0,101.0007,0.0007
308.59987656,101.0,101.0007,0.0007
308.639876544,101.0,101.0007,0.0007
308.679876528,101.0,101.0007,0.0007
308.719876512,101.0,101.0007,0.0007
308.759876496,101.0,101.0006,0.0006
308.79987648,101.0,101.0006,0.0006
308.83987646400004,101.0,101.0006,0.0006
308.87987644799995,101.0,101.0005,0.0005
308.91987643199997,101.0,101.0005,0.0005
308.959876416,101.0,101.0005,0.0005
308.9998764,101.0,101.0004,0.0005
309.03987638399997,101.0,101.0004,0.0005
309.079876368,101.0,101.0004,0.0004
309.119876352,101.0,101.0003,0.0004
309.159876336,101.0,101.0003,0.0004
309.19987632,101.0,101.0003,0.0003
309.239876304,101.0,101.0003,0.0003
309.279876288,101.0,101.0002,0.0003
309.319876272,101.0,101.0002,0.0002
309.35987625599995,101.0,101.0002,0.0002
309.39987623999997,101.0,101.0002,0.0002
309.439876224,101.0,101.0001,0.0001
309.479876208,101.0,101.0001,0.0001
309.519876192,101.0,101.0,0.0001
309.559876176,101.0,101.0,0.0
309.59987616,101.0,101.0,0.0
309.639876144,101.0,101.0,0.0
309.67987612800005,101.0,101.0,0.0
309.71987611199995,101.0,101.0,0.0
309.75987609599997,101.0,100.9999,0.0
309.79987608,101.0,100.9999,-0.0
309.839876064,101.0,100.9999,-0.0
309.87987604799997,101.0,100.9998,-0.0001
309.919876032,101.0,100.9998,-0.0001
309.959876016,101.0,100.9998,-0.0001
309.99987600000003,101.0,100.9997,-0.0002
310.039875984,101.0,100.9997,-0.0001
310.079875968,101.0,100.9997,-0.0002
310.119875952,101.0,100.9997,-0.0002
310.159875936,101.0,100.9997,-0.0002
310.19987591999995,101.0,100.9997,-0.0002
310.239875904,101.0,100.9997,-0.0002
310.279875888,101.0,100.9997,-0.0002
310.319875872,101.0,100.9997,-0.0002
310.359875856,101.0,100.9997,-0.0002
310.39987584,101.0,100.9996,-0.0002
310.439875824,101.0,100.9996,-0.0002
310.47987580800003,101.0,100.9996,-0.0002
310.519875792,101.0,100.9997,-0.0002
310.55987577599996,101.0,100.9997,-0.0002
310.59987576,101.0,100.9997,-0.0002
310.639875744,101.0,100.9996,-0.0002
310.679875728,101.0,100.9997,-0.0002
310.719875712,101.0,100.9997,-0.0002
310.759875696,101.0,100.9997,-0.0002
310.79987568,101.0,100.9996,-0.0002
310.83987566400003,101.0,100.9996,-0.0002
310.879875648,101.0,100.9996,-0.0003
310.919875632,101.0,100.9996,-0.0003
310.959875616,101.0,100.9997,-0.0002
310.9998756,101.0,100.9996,-0.0003
311.03987558399996,101.0,100.9996,-0.0003
311.079875568,101.0,100.9996,-0.0003
311.119875552,101.0,100.9996,-0.0003
311.159875536,101.0,100.9997,-0.0002
311.19987552,101.0,100.9997,-0.0002
311.239875504,101.0,100.9997,-0.0001
311.279875488,101.0,100.9998,-0.0001
311.31987547200004,101.0,100.9998,-0.0001
311.35987545599994,101.0,100.9999,-0.0
311.39987543999996,101.0,100.9999,-0.0
311.439875424,101.0,100.9999,-0.0
311.479875408,101.0,100.9999,-0.0
311.519875392,101.0,100.9999,-0.0
311.559875376,101.0,100.9999,-0.0
311.59987536,101.0,100.9999,-0.0
311.639875344,101.0,100.9999,0.0
311.67987532800004,101.0,100.9999,-0.0
311.719875312,101.0,100.9999,-0.0
311.759875296,101.0,100.9999,-0.0
311.79987528,101.0,100.9999,-0.0
311.839875264,101.0,100.9999,-0.0
311.87987524799996,101.0,100.9999,-0.0
311.919875232,101.0,100.9999,-0.0
311.959875216,101.0,101.0,0.0
311.9998752,101.0,101.0,0.0
312.039875184,101.0,101.0,0.0
312.079875168,101.0,101.0001,0.0001
312.119875152,101.0,101.0001,0.0001
312.15987513600004,101.0,101.0002,0.0002
312.19987511999994,101.0,101.0002,0.0002
312.23987510399996,101.0,101.0002,0.0002
312.279875088,101.0,101.0002,0.0002
312.319875072,101.0,101.0002,0.0002
312.35987505599996,101.0,101.0003,0.0003
312.39987504,101.0,101.0003,0.0003
312.439875024,101.0,101.0003,0.0003
312.479875008,101.0,101.0003,0.0003
312.51987499200004,101.0,101.0004,0.0004
312.559874976,101.0,101.0004,0.0004
312.59987495999997,101.0,101.0004,0.0004
312.639874944,101.0,101.0005,0.0005
312.679874928,101.0,101.0005,0.0005
312.71987491199997,101.0,101.0005,0.0005
312.759874896,101.0,101.0005,0.0005
312.79987488,101.0,101.0005,0.0005
312.839874864,101.0,101.0004,0.0004
312.879874848,101.0,101.0004,0.0004
312.919874832,101.0,101.0004,0.0004
312.959874816,101.0,101.0004,0.0005
312.99987480000004,101.0,101.0004,0.0004
313.03987478399995,101.0,101.0005,0.0005
313.07987476799997,101.0,101.0005,0.0005
313.119874752,101.0,101.0005,0.0005
313.159874736,101.0,101.0005,0.0006
313.19987471999997,101.0,101.0006,0.0006
313.239874704,101.0,101.0006,0.0006
313.279874688,101.0,101.0006,0.0006
313.319874672,101.0,101.0006,0.0006
313.359874656,101.0,101.0007,0.0007
313.39987464,101.0,101.0006,0.0006
313.43987462399997,101.0,101.0006,0.0006
313.479874608,101.0,101.0006,0.0006
313.519874592,101.0,101.0006,0.0006
313.55987457599997,101.0,101.0006,0.0006
313.59987456,101.0,101.0006,0.0006
313.639874544,101.0,101.0006,0.0006
313.679874528,101.0,101.0006,0.0006
313.719874512,101.0,101.0006,0.0006
313.759874496,101.0,101.0006,0.0006
313.79987448,101.0,101.0006,0.0006
313.839874464,101.0,101.0006,0.0006
313.87987444799995,101.0,101.0006,0.0006
313.919874432,101.0,101.0005,0.0005
313.959874416,101.0,101.0005,0.0005
313.9998744,101.0,101.0005,0.0005
314.039874384,101.0,101.0005,0.0005
314.079874368,101.0,101.0005,0.0005
314.119874352,101.0,101.0005,0.0005
314.15987433600003,101.0,101.0005,0.0005
314.19987432,101.0,101.0005,0.0005
314.239874304,101.0,101.0005,0.0005
314.279874288,101.0,101.0005,0.0005
314.319874272,101.0,101.0005,0.0005
314.35987425599996,101.0,101.0004,0.0004
314.39987424,101.0,101.0003,0.0004
314.439874224,101.0,101.0003,0.0003
314.479874208,101.0,101.0003,0.0003
314.51987419200003,101.0,101.0002,0.0003
314.559874176,101.0,101.0003,0.0003
314.59987416,101.0,101.0002,0.0003
314.63987414400003,101.0,101.0002,0.0003
314.679874128,101.0,101.0003,0.0003
314.71987411199996,101.0,101.0002,0.0002
314.759874096,101.0,101.0003,0.0003
314.79987408,101.0,101.0003,0.0003
314.839874064,101.0,101.0002,0.0002
314.879874048,101.0,101.0002,0.0003
314.919874032,101.0,101.0002,0.0002
314.959874016,101.0,101.0002,0.0003
314.99987400000003,101.0,101.0003,0.0003
315.039873984,101.0,101.0003,0.0003
315.07987396799996,101.0,101.0003,0.0003
315.119873952,101.0,101.0002,0.0002
315.159873936,101.0,101.0002,0.0003
315.19987391999996,101.0,101.0002,0.0002
315.239873904,101.0,101.0002,0.0002
315.279873888,101.0,101.0002,0.0002
315.319873872,101.0,101.0003,0.0003
315.359873856,101.0,101.0003,0.0003
315.39987384,101.0,101.0003,0.0003
315.439873824,101.0,101.0003,0.0004
315.47987380800004,101.0,101.0004,0.0004
315.519873792,101.0,101.0004,0.0004
315.55987377599996,101.0,101.0004,0.0004
315.59987376,101.0,101.0004,0.0004
315.639873744,101.0,101.0004,0.0005
315.679873728,101.0,101.0005,0.0005
315.719873712,101.0,101.0005,0.0005
315.759873696,101.0,101.0005,0.0005
315.79987368,101.0,101.0005,0.0005
315.83987366400004,101.0,101.0005,0.0005
315.879873648,101.0,101.0006,0.0006
315.91987363199996,101.0,101.0006,0.0006
315.959873616,101.0,101.0006,0.0006
315.9998736,101.0,101.0006,0.0006
316.03987358399996,101.0,101.0006,0.0006
316.079873568,101.0,101.0007,0.0007
316.119873552,101.0,101.0007,0.0007
316.159873536,101.0,101.0008,0.0008
316.19987352,101.0,101.0008,0.0008
316.239873504,101.0,101.0008,0.0008
316.279873488,101.0,101.0009,0.0009
316.319873472,101.0,101.0008,0.0009
316.35987345599995,101.0,101.0009,0.0009
316.39987343999996,101.0,101.0008,0.0009
316.439873424,101.0,101.0008,0.0009
316.479873408,101.0,101.0009,0.0009
316.519873392,101.0,101.0009,0.0009
316.559873376,101.0,101.0009,0.0009
316.59987336,101.0,101.0009,0.0009
316.639873344,101.0,101.0009,0.0009
316.67987332800004,101.0,101.0009,0.0009
316.719873312,101.0,101.0009,0.0009
316.75987329599997,101.0,101.0009,0.0009
316.79987328,101.0,101.0009,0.0009
316.839873264,101.0,101.001,0.001
316.87987324799997,101.0,101.001,0.001
316.919873232,101.0,101.001,0.001
316.959873216,101.0,101.001,0.001
316.9998732,101.0,101.001,0.001
317.039873184,101.0,101.001,0.001
317.079873168,101.0,101.0011,0.0011
317.119873152,101.0,101.0011,0.0011
317.159873136,101.0,101.0012,0.0012
317.19987311999995,101.0,101.0012,0.0012
317.23987310399997,101.0,101.0011,0.0012
317.279873088,101.0,101.0012,0.0012
317.319873072,101.0,101.0012,0.0012
317.35987305599997,101.0,101.0012,0.0012
317.39987304,101.0,101.0012,0.0013
317.439873024,101.0,101.0013,0.0013
317.479873008,101.0,101.0013,0.0013
317.51987299200005,101.0,101.0013,0.0014
317.55987297599995,101.0,101.0014,0.0014
317.59987295999997,101.0,101.0014,0.0014
317.639872944,101.0,101.0015,0.0015
317.679872928,101.0,101.0015,0.0015
317.71987291199997,101.0,101.0016,0.0016
317.759872896,101.0,101.0016,0.0016
317.79987288,101.0,101.0016,0.0016
317.83987286400003,101.0,101.0016,0.0016
317.879872848,101.0,101.0016,0.0016
317.919872832,101.0,101.0016,0.0017
317.95987281600003,101.0,101.0017,0.0017
317.9998728,101.0,101.0017,0.0017
318.03987278399995,101.0,101.0018,0.0018
318.079872768,101.0,101.0018,0.0018
318.119872752,101.0,101.0018,0.0018
318.159872736,101.0,101.0018,0.0019
318.19987272,101.0,101.0019,0.0019
318.239872704,101.0,101.0019,0.0019
318.279872688,101.0,101.0019,0.0019
318.31987267200003,101.0,101.002,0.002
318.359872656,101.0,101.002,0.002
318.39987263999996,101.0,101.0021,0.0021
318.439872624,101.0,101.0021,0.0021
318.479872608,101.0,101.0022,0.0022
318.519872592,101.0,101.0022,0.0022
318.559872576,101.0,101.0021,0.0021
318.59987256,101.0,101.0022,0.0022
318.639872544,101.0,101.0021,0.0021
318.67987252800003,101.0,101.0022,0.0022
318.719872512,101.0,101.0021,0.0021
318.759872496,101.0,101.0021,0.0021
318.79987248,101.0,101.0022,0.0022
318.839872464,101.0,101.0022,0.0022
318.87987244799996,101.0,101.0022,0.0023
318.919872432,101.0,101.0023,0.0023
318.959872416,101.0,101.0023,0.0023
318.9998724,101.0,101.0023,0.0023
319.039872384,101.0,101.0023,0.0024
319.079872368,101.0,101.0024,0.0024
319.119872352,101.0,101.0024,0.0024
319.15987233600003,101.0,101.0024,0.0024
319.19987232,101.0,101.0024,0.0024
319.23987230399996,101.0,101.0024,0.0024
319.279872288,101.0,101.0024,0.0024
319.319872272,101.0,101.0024,0.0024
319.35987225599996,101.0,101.0024,0.0024
319.39987224,101.0,101.0024,0.0024
319.439872224,101.0,101.0024,0.0024
319.479872208,101.0,101.0025,0.0025
319.51987219200004,101.0,101.0025,0.0025
319.559872176,101.0,101.0025,0.0025
319.59987216,101.0,101.0025,0.0025
319.639872144,101.0,101.0025,0.0025
319.679872128,101.0,101.0025,0.0025
319.71987211199996,101.0,101.0025,0.0025
319.759872096,101.0,101.0024,0.0024
319.79987208,101.0,101.0025,0.0025
319.839872064,101.0,101.0025,0.0025
319.879872048,101.0,101.0026,0.0026
319.919872032,101.0,101.0026,0.0026
319.959872016,101.0,101.0026,0.0026
319.99987200000004,101.0,101.0027,0.0027
320.03987198399994,101.0,101.0026,0.0027
320.07987196799996,101.0,101.0026,0.0027
320.119871952,101.0,101.0027,0.0027
320.159871936,101.0,101.0027,0.0027
320.19987191999996,101.0,101.0027,0.0027
320.239871904,101.0,101.0027,0.0027
320.279871888,101.0,101.0027,0.0027
320.319871872,101.0,101.0027,0.0027
320.359871856,101.0,101.0027,0.0027
320.39987184,101.0,101.0027,0.0027
320.439871824,101.0,101.0028,0.0028
320.479871808,101.0,101.0028,0.0028
320.519871792,101.0,101.0028,0.0028
320.55987177599997,101.0,101.0028,0.0028
320.59987176,101.0,101.0028,0.0029
320.639871744,101.0,101.0028,0.0029
320.679871728,101.0,101.0028,0.0028
320.719871712,101.0,101.0028,0.0028
320.759871696,101.0,101.0028,0.0029
320.79987168,101.0,101.0029,0.0029
320.83987166400004,101.0,101.0029,0.0029
320.87987164799995,101.0,101.0029,0.0029
320.91987163199997,101.0,101.0029,0.0029
320.959871616,101.0,101.0028,0.0028
320.9998716,101.0,101.0029,0.0029
321.03987158399997,101.0,101.0029,0.0029
321.079871568,101.0,101.0029,0.0029
321.119871552,101.0,101.0028,0.0028
321.159871536,101.0,101.0028,0.0028
321.19987152,101.0,101.0028,0.0028
321.239871504,101.0,101.0028,0.0028
321.27987148799997,101.0,101.0027,0.0027
321.319871472,101.0,101.0027,0.0027
321.35987145599995,101.0,101.0027,0.0027
321.39987143999997,101.0,101.0027,0.0027
321.439871424,101.0,101.0027,0.0027
321.479871408,101.0,101.0027,0.0027
321.519871392,101.0,101.0027,0.0027
321.559871376,101.0,101.0026,0.0026
321.59987136,101.0,101.0027,0.0027
321.639871344,101.0,101.0026,0.0026
321.67987132800005,101.0,101.0026,0.0026
321.71987131199995,101.0,101.0026,0.0026
321.759871296,101.0,101.0025,0.0026
321.79987128,101.0,101.0026,0.0026
321.839871264,101.0,101.0025,0.0025
321.879871248,101.0,101.0025,0.0025
321.919871232,101.0,101.0025,0.0025
321.959871216,101.0,101.0025,0.0025
321.99987120000003,101.0,101.0025,0.0025
322.039871184,101.0,101.0025,0.0025
322.079871168,101.0,101.0025,0.0025
322.119871152,101.0,101.0025,0.0025
322.159871136,101.0,101.0024,0.0024
322.19987111999995,101.0,101.0024,0.0024
322.239871104,101.0,101.0023,0.0024
322.279871088,101.0,101.0023,0.0023
322.319871072,101.0,101.0024,0.0024
322.359871056,101.0,101.0024,0.0024
322.39987104,101.0,101.0025,0.0025
322.439871024,101.0,101.0025,0.0025
322.47987100800003,101.0,101.0025,0.0025
322.519870992,101.0,101.0025,0.0025
322.55987097599996,101.0,101.0025,0.0025
322.59987096,101.0,101.0025,0.0025
322.639870944,101.0,101.0024,0.0024
322.679870928,101.0,101.0025,0.0025
322.719870912,101.0,101.0024,0.0024
322.759870896,101.0,101.0024,0.0024
322.79987088,101.0,101.0025,0.0025
322.83987086400003,101.0,101.0025,0.0025
322.879870848,101.0,101.0025,0.0025
322.919870832,101.0,101.0025,0.0025
322.959870816,101.0,101.0026,0.0026
322.9998708,101.0,101.0026,0.0026
323.03987078399996,101.0,101.0026,0.0026
323.079870768,101.0,101.0026,0.0026
323.119870752,101.0,101.0026,0.0026
323.159870736,101.0,101.0026,0.0026
323.19987072,101.0,101.0026,0.0026
323.239870704,101.0,101.0026,0.0026
323.279870688,101.0,101.0026,0.0026
323.31987067200004,101.0,101.0026,0.0026
323.359870656,101.0,101.0026,0.0026
323.39987063999996,101.0,101.0026,0.0026
323.439870624,101.0,101.0026,0.0026
323.479870608,101.0,101.0026,0.0026
323.519870592,101.0,101.0025,0.0025
323.559870576,101.0,101.0025,0.0026
323.59987056,101.0,101.0025,0.0025
323.639870544,101.0,101.0025,0.0025
323.67987052800004,101.0,101.0025,0.0025
323.719870512,101.0,101.0025,0.0025
323.75987049599996,101.0,101.0025,0.0026
323.79987048,101.0,101.0025,0.0025
323.839870464,101.0,101.0025,0.0025
323.87987044799996,101.0,101.0025,0.0025
323.919870432,101.0,101.0025,0.0025
323.959870416,101.0,101.0025,0.0025
323.9998704,101.0,101.0024,0.0024
324.039870384,101.0,101.0024,0.0024
324.079870368,101.0,101.0024,0.0024
324.119870352,101.0,101.0024,0.0024
324.15987033600004,101.0,101.0024,0.0024
324.19987031999995,101.0,101.0024,0.0024
324.23987030399996,101.0,101.0023,0.0023
324.279870288,101.0,101.0024,0.0024
324.319870272,101.0,101.0024,0.0024
324.359870256,101.0,101.0024,0.0024
324.39987024,101.0,101.0024,0.0024
324.439870224,101.0,101.0024,0.0024
324.479870208,101.0,101.0024,0.0024
324.51987019200004,101.0,101.0024,0.0024
324.559870176,101.0,101.0024,0.0024
324.59987015999997,101.0,101.0024,0.0024
324.639870144,101.0,101.0025,0.0025
324.679870128,101.0,101.0025,0.0025
324.71987011199997,101.0,101.0025,0.0025
324.759870096,101.0,101.0025,0.0025
324.79987008,101.0,101.0024,0.0024
324.839870064,101.0,101.0024,0.0024
324.879870048,101.0,101.0025,0.0025
324.919870032,101.0,101.0024,0.0024
324.959870016,101.0,101.0024,0.0024
324.99987,101.0,101.0024,0.0024
325.03986998399995,101.0,101.0024,0.0024
325.07986996799997,101.0,101.0024,0.0024
325.119869952,101.0,101.0024,0.0024
325.159869936,101.0,101.0024,0.0024
325.19986991999997,101.0,101.0023,0.0024
325.239869904,101.0,101.0023,0.0023
325.279869888,101.0,101.0023,0.0023
325.319869872,101.0,101.0023,0.0023
325.359869856,101.0,101.0023,0.0023
325.39986984,101.0,101.0023,0.0023
325.43986982399997,101.0,101.0023,0.0023
325.479869808,101.0,101.0023,0.0023
325.519869792,101.0,101.0022,0.0022
325.55986977599997,101.0,101.0022,0.0022
325.59986976,101.0,101.0022,0.0022
325.639869744,101.0,101.0022,0.0022
325.679869728,101.0,101.0022,0.0022
325.719869712,101.0,101.0022,0.0022
325.759869696,101.0,101.0022,0.0022
325.79986968000003,101.0,101.0022,0.0022
325.839869664,101.0,101.0021,0.0021
325.87986964799995,101.0,101.0021,0.0021
325.919869632,101.0,101.0021,0.0021
325.959869616,101.0,101.0021,0.0021
325.9998696,101.0,101.002,0.0021
326.039869584,101.0,101.002,0.002
326.079869568,101.0,101.002,0.002
326.119869552,101.0,101.002,0.002
326.15986953600003,101.0,101.002,0.002
326.19986952,101.0,101.0019,0.0019
326.23986950399996,101.0,101.0019,0.0019
326.279869488,101.0,101.0018,0.0018
326.319869472,101.0,101.0018,0.0019
326.359869456,101.0,101.0018,0.0018
326.39986944,101.0,101.0017,0.0018
326.439869424,101.0,101.0017,0.0017
326.479869408,101.0,101.0017,0.0017
326.51986939200003,101.0,101.0017,0.0017
326.559869376,101.0,101.0017,0.0017
326.59986936,101.0,101.0017,0.0017
326.63986934400003,101.0,101.0016,0.0016
326.679869328,101.0,101.0016,0.0016
326.71986931199996,101.0,101.0016,0.0016
326.759869296,101.0,101.0016,0.0016
326.79986928,101.0,101.0016,0.0016
326.839869264,101.0,101.0015,0.0015
326.879869248,101.0,101.0015,0.0015
326.919869232,101.0,101.0014,0.0014
326.959869216,101.0,101.0014,0.0014
326.99986920000003,101.0,101.0013,0.0013
327.039869184,101.0,101.0013,0.0013
327.07986916799996,101.0,101.0013,0.0013
327.119869152,101.0,101.0012,0.0012
327.159869136,101.0,101.0012,0.0012
327.19986911999996,101.0,101.0012,0.0012
327.239869104,101.0,101.0012,0.0012
327.279869088,101.0,101.0011,0.0012
327.319869072,101.0,101.0011,0.0011
327.359869056,101.0,101.0011,0.0011
327.39986904,101.0,101.001,0.001
327.439869024,101.0,101.001,0.001
327.479869008,101.0,101.001,0.001
327.519868992,101.0,101.0009,0.0009
327.55986897599996,101.0,101.0009,0.0009
327.59986896,101.0,101.0009,0.0009
327.639868944,101.0,101.0009,0.0009
