t_ms,target_um,current_um,error_um
0.0,101.0,100.9748,-0.0251
0.039999984,101.0,100.9747,-0.0252
0.079999968,101.0,100.9747,-0.0252
0.119999952,101.0,100.9746,-0.0253
0.159999936,101.0,100.9746,-0.0253
0.19999992,101.0,100.9746,-0.0253
0.239999904,101.0,100.9746,-0.0253
0.279999888,101.0,100.9745,-0.0254
0.319999872,101.0,100.9745,-0.0254
0.359999856,101.0,100.9745,-0.0254
0.39999984,101.0,100.9745,-0.0254
0.43999982400000004,101.0,100.9745,-0.0254
0.479999808,101.0,100.9744,-0.0255
0.519999792,101.0,100.9744,-0.0255
0.559999776,101.0,100.9744,-0.0255
0.59999976,101.0,100.9744,-0.0255
0.639999744,101.0,100.9744,-0.0255
0.679999728,101.0,100.9743,-0.0255
0.719999712,101.0,100.9743,-0.0256
0.759999696,101.0,100.9742,-0.0257
0.79999968,101.0,100.9742,-0.0257
0.8399996639999999,101.0,100.9741,-0.0258
0.8799996480000001,101.0,100.9741,-0.0258
0.919999632,101.0,100.974,-0.0259
0.959999616,101.0,100.974,-0.0259
0.9999995999999999,101.0,100.9739,-0.026
1.039999584,101.0,100.9739,-0.026
1.079999568,101.0,100.9738,-0.0261
1.119999552,101.0,100.9738,-0.0261
1.159999536,101.0,100.9737,-0.0262
1.19999952,101.0,100.9737,-0.0262
1.239999504,101.0,100.9736,-0.0262
1.279999488,101.0,100.9736,-0.0263
1.319999472,101.0,100.9735,-0.0264
1.359999456,101.0,100.9735,-0.0264
1.39999944,101.0,100.9735,-0.0264
1.439999424,101.0,100.9735,-0.0264
1.4799994079999998,101.0,100.9734,-0.0265
1.519999392,101.0,100.9733,-0.0266
1.5599993760000002,101.0,100.9733,-0.0266
1.59999936,101.0,100.9733,-0.0266
1.639999344,101.0,100.9733,-0.0266
1.6799993279999998,101.0,100.9733,-0.0266
1.719999312,101.0,100.9733,-0.0266
1.7599992960000002,101.0,100.9733,-0.0266
1.79999928,101.0,100.9732,-0.0267
1.839999264,101.0,100.9732,-0.0267
1.8799992479999998,101.0,100.9732,-0.0267
1.919999232,101.0,100.9732,-0.0267
1.959999216,101.0,100.9731,-0.0268
1.9999991999999998,99.0,100.9731,1.9731
2.039999184,99.0,100.973,1.9731
2.079999168,99.0,100.973,1.973
2.1199991519999997,99.0,100.9729,1.973
2.159999136,99.0,100.9729,1.9729
2.19999912,99.0,100.9729,1.9729
2.239999104,99.0,100.9729,1.9729
2.2799990880000003,99.0,100.9729,1.9729
2.319999072,99.0,100.9728,1.9729
2.359999056,99.0,100.9728,1.9728
2.39999904,99.0,100.9728,1.9728
2.439999024,99.0,100.9727,1.9728
2.479999008,99.0,100.9727,1.9727
2.5199989919999997,99.0,100.9727,1.9727
2.559998976,99.0,100.9726,1.9726
2.59999896,99.0,100.9726,1.9726
2.639998944,99.0,100.9725,1.9725
2.679998928,99.0,100.9724,1.9724
2.719998912,99.0,100.9723,1.9723
2.759998896,99.0,100.9721,1.9721
2.79999888,99.0,100.972,1.972
2.839998864,99.0,100.9718,1.9718
2.879998848,99.0,100.9716,1.9716
2.9199988319999997,99.0,100.9714,1.9714
2.9599988159999997,99.0,100.9711,1.9711
2.9999988,99.0,100.9709,1.9709
3.039998784,99.0,100.9706,1.9706
3.079998768,99.0,100.9704,1.9704
3.1199987520000003,99.0,100.9701,1.9701
3.159998736,99.0,100.9698,1.9698
3.19999872,99.0,100.9695,1.9695
3.239998704,99.0,100.9691,1.9691
3.279998688,99.0,100.9688,1.9688
3.319998672,99.0,100.9684,1.9684
3.3599986559999997,99.0,100.968,1.968
3.39999864,99.0,100.9676,1.9676
3.439998624,99.0,100.9671,1.9671
3.479998608,99.0,100.9667,1.9667
3.5199985920000003,99.0,100.9662,1.9662
3.559998576,99.0,100.9656,1.9656
3.59999856,99.0,100.965,1.965
3.6399985439999996,99.0,100.9644,1.9644
3.679998528,99.0,100.9638,1.9638
3.719998512,99.0,100.9632,1.9632
3.7599984959999997,99.0,100.9625,1.9625
3.79999848,99.0,100.9618,1.9618
3.839998464,99.0,100.961,1.961
3.879998448,99.0,100.9602,1.9602
3.919998432,99.0,100.9594,1.9594
3.9599984160000004,99.0,100.9585,1.9586
3.9999983999999995,99.0,100.9577,1.9577
4.0399983839999996,99.0,100.9567,1.9568
4.079998368,99.0,100.9558,1.9558
4.119998352,99.0,100.9549,1.9549
4.159998336,99.0,100.9538,1.9538
4.19999832,99.0,100.9528,1.9528
4.239998303999999,99.0,100.9517,1.9517
4.279998288,99.0,100.9505,1.9505
4.319998272,99.0,100.9493,1.9493
4.359998256,99.0,100.9481,1.9481
4.39999824,99.0,100.9468,1.9468
4.439998224,99.0,100.9455,1.9455
4.479998208,99.0,100.9441,1.9441
4.519998192,99.0,100.9427,1.9427
4.559998176000001,99.0,100.9412,1.9412
4.59999816,99.0,100.9397,1.9397
4.639998144,99.0,100.9381,1.9381
4.679998127999999,99.0,100.9365,1.9365
4.719998112,99.0,100.9349,1.9349
4.759998096,99.0,100.9332,1.9332
4.79999808,99.0,100.9314,1.9314
4.8399980639999995,99.0,100.9296,1.9297
4.879998048,99.0,100.9278,1.9278
4.919998032,99.0,100.9259,1.9259
4.959998016,99.0,100.9239,1.9239
4.999998000000001,99.0,100.9219,1.9219
5.039997983999999,99.0,100.9199,1.9199
5.079997968,99.0,100.9178,1.9178
5.119997952,99.0,100.9157,1.9157
5.159997936,99.0,100.9134,1.9135
5.19999792,99.0,100.9112,1.9112
5.239997904,99.0,100.9089,1.9089
5.279997888,99.0,100.9066,1.9066
5.319997872,99.0,100.9042,1.9042
5.359997856,99.0,100.9018,1.9018
5.39999784,99.0,100.8992,1.8992
5.439997824,99.0,100.8967,1.8967
5.479997807999999,99.0,100.8941,1.8941
5.519997792,99.0,100.8914,1.8914
5.559997776,99.0,100.8888,1.8888
5.59999776,99.0,100.8859,1.886
5.6399977439999995,99.0,100.8831,1.8832
5.679997728,99.0,100.8803,1.8803
5.719997712,99.0,100.8774,1.8774
5.759997696,99.0,100.8745,1.8745
5.799997680000001,99.0,100.8715,1.8715
5.839997663999999,99.0,100.8685,1.8685
5.879997648,99.0,100.8654,1.8654
5.919997631999999,99.0,100.8623,1.8623
5.959997616,99.0,100.8591,1.8591
5.9999976,99.0,100.8559,1.8559
6.039997584,99.0,100.8527,1.8527
6.079997568,99.0,100.8494,1.8494
6.119997552,99.0,100.8461,1.8461
6.159997536,99.0,100.8427,1.8427
6.19999752,99.0,100.8393,1.8393
6.239997504000001,99.0,100.8358,1.8358
6.279997487999999,99.0,100.8323,1.8323
6.319997472,99.0,100.8287,1.8287
6.359997456,99.0,100.825,1.825
6.39999744,99.0,100.8213,1.8213
6.439997424,99.0,100.8176,1.8176
6.479997408,99.0,100.8139,1.8139
6.519997392,99.0,100.8101,1.8101
6.559997376,99.0,100.8062,1.8062
6.59999736,99.0,100.8023,1.8023
6.639997344,99.0,100.7983,1.7984
6.679997328,99.0,100.7944,1.7944
6.719997311999999,99.0,100.7903,1.7903
6.759997296,99.0,100.7863,1.7863
6.79999728,99.0,100.7822,1.7822
6.839997264,99.0,100.778,1.778
6.879997248,99.0,100.7739,1.7739
6.919997232,99.0,100.7696,1.7696
6.959997216,99.0,100.7653,1.7653
6.9999972,99.0,100.7611,1.7611
7.039997184000001,99.0,100.7567,1.7567
7.079997167999999,99.0,100.7523,1.7523
7.119997152,99.0,100.7479,1.7479
7.159997135999999,99.0,100.7434,1.7434
7.19999712,99.0,100.7388,1.7388
7.239997104,99.0,100.7343,1.7343
7.279997087999999,99.0,100.7297,1.7297
7.319997072,99.0,100.7251,1.7251
7.359997056,99.0,100.7203,1.7204
7.39999704,99.0,100.7156,1.7156
7.439997024,99.0,100.7109,1.7109
7.479997008,99.0,100.7061,1.7061
7.519996991999999,99.0,100.7013,1.7013
7.559996976,99.0,100.6964,1.6964
7.59999696,99.0,100.6915,1.6915
7.639996944,99.0,100.6866,1.6866
7.679996928,99.0,100.6816,1.6816
7.719996912,99.0,100.6766,1.6766
7.759996896,99.0,100.6716,1.6716
7.79999688,99.0,100.6665,1.6665
7.839996864,99.0,100.6615,1.6615
7.879996848,99.0,100.6564,1.6564
7.919996832000001,99.0,100.6512,1.6512
7.959996816,99.0,100.6461,1.6461
7.999996799999999,99.0,100.6408,1.6408
8.039996784,99.0,100.6356,1.6356
8.079996767999999,99.0,100.6302,1.6302
8.119996751999999,99.0,100.6249,1.6249
8.159996736,99.0,100.6196,1.6196
8.19999672,99.0,100.6141,1.6141
8.239996704,99.0,100.6087,1.6087
8.279996688,99.0,100.6033,1.6033
8.319996672,99.0,100.5978,1.5978
8.359996656,99.0,100.5923,1.5923
8.39999664,99.0,100.5867,1.5867
8.439996623999999,99.0,100.5812,1.5812
8.479996607999999,99.0,100.5755,1.5755
8.519996592,99.0,100.5699,1.5699
8.559996576,99.0,100.5642,1.5642
8.59999656,99.0,100.5585,1.5585
8.639996544,99.0,100.5528,1.5528
8.679996528,99.0,100.5471,1.5471
8.719996512,99.0,100.5413,1.5413
8.759996496000001,99.0,100.5355,1.5355
8.79999648,99.0,100.5298,1.5298
8.839996463999999,99.0,100.524,1.524
8.879996448,99.0,100.5182,1.5182
8.919996432,99.0,100.5123,1.5123
8.959996416,99.0,100.5064,1.5064
8.9999964,99.0,100.5005,1.5005
9.039996384,99.0,100.4946,1.4946
9.079996368,99.0,100.4887,1.4887
9.119996352000001,99.0,100.4827,1.4827
9.159996336,99.0,100.4768,1.4768
9.19999632,99.0,100.4708,1.4708
9.239996304,99.0,100.4648,1.4648
9.279996288,99.0,100.4589,1.4589
9.319996272,99.0,100.4529,1.4529
9.359996255999999,99.0,100.4468,1.4469
9.39999624,99.0,100.4408,1.4408
9.439996224,99.0,100.4347,1.4348
9.479996208,99.0,100.4288,1.4288
9.519996192,99.0,100.4227,1.4228
9.559996176,99.0,100.4167,1.4168
9.59999616,99.0,100.4108,1.4108
9.639996144,99.0,100.4048,1.4048
9.679996127999999,99.0,100.3987,1.3987
9.719996111999999,99.0,100.3927,1.3927
9.759996096,99.0,100.3867,1.3867
9.79999608,99.0,100.3807,1.3807
9.839996064,99.0,100.3747,1.3747
9.879996048,99.0,100.3686,1.3687
9.919996032,99.0,100.3627,1.3627
9.959996016,99.0,100.3566,1.3566
9.999996000000001,99.0,100.3507,1.3507
10.039995983999999,99.0,100.3446,1.3446
10.079995967999999,99.0,100.3386,1.3386
10.119995952,99.0,100.3327,1.3327
10.159995936,99.0,100.3267,1.3267
10.19999592,99.0,100.3207,1.3208
10.239995904,99.0,100.3148,1.3148
10.279995888,99.0,100.3089,1.3089
10.319995872,99.0,100.303,1.303
10.359995856000001,99.0,100.2971,1.2971
10.39999584,99.0,100.2912,1.2913
10.439995824,99.0,100.2854,1.2854
10.479995808,99.0,100.2795,1.2796
10.519995792,99.0,100.2737,1.2738
10.559995776,99.0,100.2679,1.2679
10.599995759999999,99.0,100.2622,1.2622
10.639995744,99.0,100.2564,1.2564
10.679995728,99.0,100.2506,1.2506
10.719995712,99.0,100.2449,1.2449
10.759995696,99.0,100.2392,1.2392
10.79999568,99.0,100.2335,1.2335
10.839995664,99.0,100.2278,1.2278
10.879995648,99.0,100.2221,1.2221
10.919995632,99.0,100.2165,1.2165
10.959995615999999,99.0,100.2109,1.2109
10.9999956,99.0,100.2052,1.2052
11.039995584,99.0,100.1996,1.1996
11.079995568,99.0,100.1941,1.1941
11.119995552,99.0,100.1885,1.1885
11.159995536,99.0,100.183,1.183
11.19999552,99.0,100.1775,1.1775
11.239995504000001,99.0,100.172,1.172
11.279995487999999,99.0,100.1666,1.1666
11.319995471999999,99.0,100.1612,1.1612
11.359995456,99.0,100.1558,1.1558
11.39999544,99.0,100.1504,1.1504
11.439995424,99.0,100.1451,1.1451
11.479995408,99.0,100.1398,1.1398
11.519995392,99.0,100.1344,1.1344
11.559995376,99.0,100.1292,1.1292
11.599995360000001,99.0,100.1239,1.1239
11.639995344,99.0,100.1186,1.1187
11.679995327999999,99.0,100.1135,1.1135
11.719995312,99.0,100.1083,1.1083
11.759995296,99.0,100.1032,1.1032
11.79999528,99.0,100.098,1.0981
11.839995263999999,99.0,100.0929,1.0929
11.879995248,99.0,100.0878,1.0878
11.919995232,99.0,100.0827,1.0827
11.959995216,99.0,100.0776,1.0776
11.9999952,99.0,100.0726,1.0726
12.039995184,99.0,100.0675,1.0676
12.079995168,99.0,100.0626,1.0626
12.119995152,99.0,100.0576,1.0576
12.159995136,99.0,100.0527,1.0527
12.199995119999999,99.0,100.0478,1.0478
12.239995104,99.0,100.0429,1.0429
12.279995088,99.0,100.0379,1.038
12.319995072,99.0,100.0331,1.0331
12.359995056,99.0,100.0282,1.0282
12.39999504,99.0,100.0233,1.0234
12.439995024,99.0,100.0185,1.0185
12.479995008000001,99.0,100.0137,1.0137
12.519994991999999,99.0,100.009,1.009
12.559994975999999,99.0,100.0042,1.0042
12.59999496,99.0,99.9994,0.9995
12.639994944,99.0,99.9947,0.9947
12.679994928,99.0,99.99,0.99
12.719994912,99.0,99.9853,0.9853
12.759994896,99.0,99.9806,0.9806
12.79999488,99.0,99.9759,0.9759
12.839994864000001,99.0,99.9712,0.9712
12.879994848,99.0,99.9666,0.9666
12.919994831999999,99.0,99.9619,0.9619
12.959994816,99.0,99.9573,0.9573
12.9999948,99.0,99.9527,0.9527
13.039994784,99.0,99.9481,0.9481
13.079994767999999,99.0,99.9435,0.9435
13.119994752,99.0,99.939,0.939
13.159994736,99.0,99.9344,0.9344
13.19999472,99.0,99.9298,0.9299
13.239994704,99.0,99.9253,0.9254
13.279994688,99.0,99.9208,0.9208
13.319994671999998,99.0,99.9163,0.9163
13.359994656,99.0,99.9118,0.9118
13.39999464,99.0,99.9073,0.9073
13.439994623999999,99.0,99.9029,0.9029
13.479994608,99.0,99.8985,0.8985
13.519994592,99.0,99.894,0.894
13.559994576,99.0,99.8896,0.8897
13.59999456,99.0,99.8852,0.8852
13.639994544,99.0,99.8808,0.8808
13.679994528,99.0,99.8765,0.8765
13.719994512000001,99.0,99.8721,0.8721
13.759994496,99.0,99.8678,0.8678
13.799994479999999,99.0,99.8635,0.8635
13.839994464,99.0,99.8591,0.8592
13.879994448,99.0,99.8549,0.8549
13.919994432,99.0,99.8506,0.8506
13.959994416,99.0,99.8463,0.8463
13.9999944,99.0,99.8421,0.8421
14.039994384,99.0,99.8378,0.8378
14.079994368000001,99.0,99.8336,0.8337
14.119994352,99.0,99.8294,0.8294
14.159994335999999,99.0,99.8252,0.8252
14.19999432,99.0,99.8211,0.8211
14.239994304,99.0,99.8169,0.8169
14.279994288,99.0,99.8127,0.8128
14.319994271999999,99.0,99.8086,0.8086
14.359994256,99.0,99.8045,0.8045
14.39999424,99.0,99.8005,0.8005
14.439994224,99.0,99.7965,0.7965
14.479994208,99.0,99.7924,0.7924
14.519994192,99.0,99.7884,0.7884
14.559994175999998,99.0,99.7844,0.7844
14.59999416,99.0,99.7804,0.7805
14.639994144,99.0,99.7765,0.7765
14.679994127999999,99.0,99.7725,0.7725
14.719994112,99.0,99.7686,0.7686
14.759994096,99.0,99.7647,0.7647
14.79999408,99.0,99.7609,0.7609
14.839994064,99.0,99.757,0.757
14.879994048,99.0,99.7532,0.7532
14.919994032,99.0,99.7494,0.7494
14.959994016,99.0,99.7456,0.7456
14.999994,99.0,99.7418,0.7418
15.039993983999999,99.0,99.738,0.738
15.079993968,99.0,99.7343,0.7343
15.119993952,99.0,99.7306,0.7306
15.159993936,99.0,99.7269,0.7269
15.19999392,99.0,99.7232,0.7232
15.239993904,99.0,99.7196,0.7196
15.279993888,99.0,99.7159,0.7159
15.319993872000001,99.0,99.7123,0.7123
15.359993856,99.0,99.7087,0.7087
15.399993839999999,99.0,99.705,0.705
15.439993824,99.0,99.7016,0.7016
15.479993808,99.0,99.698,0.698
15.519993792,99.0,99.6945,0.6945
15.559993775999999,99.0,99.691,0.691
15.59999376,99.0,99.6876,0.6876
15.639993743999998,99.0,99.6841,0.6841
15.679993728,99.0,99.6807,0.6807
15.719993711999999,99.0,99.6773,0.6773
15.759993696,99.0,99.6739,0.6739
15.799993679999998,99.0,99.6705,0.6705
15.839993664000001,99.0,99.6671,0.6671
15.879993648,99.0,99.6638,0.6638
15.919993632,99.0,99.6605,0.6605
15.959993616,99.0,99.6572,0.6572
15.999993599999998,99.0,99.6538,0.6538
16.039993584,99.0,99.6506,0.6506
16.079993568,99.0,99.6474,0.6474
16.119993552,99.0,99.6441,0.6442
16.159993535999998,99.0,99.641,0.641
16.19999352,99.0,99.6378,0.6378
16.239993503999997,99.0,99.6345,0.6346
16.279993488000002,99.0,99.6314,0.6314
16.319993472,99.0,99.6283,0.6283
16.359993456,99.0,99.6251,0.6251
16.39999344,99.0,99.622,0.622
16.439993423999997,99.0,99.6189,0.6189
16.479993408,99.0,99.6158,0.6159
16.519993392,99.0,99.6128,0.6128
16.559993376,99.0,99.6097,0.6098
16.59999336,99.0,99.6067,0.6067
16.639993344,99.0,99.6037,0.6037
16.679993328,99.0,99.6007,0.6007
16.719993312,99.0,99.5977,0.5977
16.759993296,99.0,99.5947,0.5947
16.79999328,99.0,99.5918,0.5918
16.839993264,99.0,99.5888,0.5888
16.879993247999998,99.0,99.5859,0.5859
16.919993232,99.0,99.5829,0.583
16.959993215999997,99.0,99.58,0.58
16.999993200000002,99.0,99.5771,0.5771
17.039993184,99.0,99.5743,0.5743
17.079993168,99.0,99.5714,0.5714
17.119993152,99.0,99.5686,0.5686
17.159993136,99.0,99.5657,0.5657
17.19999312,99.0,99.5629,0.5629
17.239993104,99.0,99.5601,0.5601
17.279993088,99.0,99.5573,0.5573
17.319993072,99.0,99.5545,0.5545
17.359993056,99.0,99.5517,0.5517
17.39999304,99.0,99.549,0.549
17.439993024,99.0,99.5462,0.5463
17.479993007999997,99.0,99.5435,0.5435
17.519992992000002,99.0,99.5407,0.5407
17.559992976,99.0,99.538,0.538
17.59999296,99.0,99.5352,0.5352
17.639992944,99.0,99.5325,0.5325
17.679992927999997,99.0,99.5298,0.5298
17.719992912,99.0,99.527,0.527
17.759992896,99.0,99.5243,0.5243
17.79999288,99.0,99.5217,0.5217
17.839992864,99.0,99.519,0.519
17.879992848,99.0,99.5163,0.5163
17.919992832,99.0,99.5137,0.5137
17.959992816,99.0,99.5111,0.5111
17.9999928,99.0,99.5084,0.5084
18.039992784,99.0,99.5058,0.5058
18.079992768,99.0,99.5032,0.5032
18.119992751999998,99.0,99.5005,0.5005
18.159992736,99.0,99.4979,0.4979
18.199992719999997,99.0,99.4953,0.4953
18.239992704000002,99.0,99.4927,0.4928
18.279992688,99.0,99.4902,0.4902
18.319992672,99.0,99.4876,0.4876
18.359992656,99.0,99.4851,0.4851
18.39999264,99.0,99.4825,0.4825
18.439992624,99.0,99.48,0.48
18.479992608,99.0,99.4775,0.4775
18.519992592,99.0,99.475,0.475
18.559992576,99.0,99.4725,0.4725
18.59999256,99.0,99.47,0.47
18.639992544,99.0,99.4675,0.4675
18.679992528,99.0,99.4651,0.4651
18.719992511999997,99.0,99.4626,0.4626
18.759992496000002,99.0,99.4602,0.4602
18.79999248,99.0,99.4577,0.4577
18.839992464,99.0,99.4553,0.4553
18.879992448,99.0,99.4529,0.4529
18.919992431999997,99.0,99.4505,0.4505
18.959992416,99.0,99.4481,0.4481
18.9999924,99.0,99.4457,0.4458
19.039992384,99.0,99.4433,0.4434
19.079992368,99.0,99.441,0.441
19.119992352,99.0,99.4387,0.4387
19.159992336,99.0,99.4363,0.4364
19.19999232,99.0,99.4341,0.4341
19.239992304,99.0,99.4318,0.4318
19.279992288,99.0,99.4295,0.4295
19.319992272,99.0,99.4272,0.4272
19.359992255999998,99.0,99.4249,0.4249
19.39999224,99.0,99.4227,0.4227
19.439992223999997,99.0,99.4204,0.4205
19.479992208000002,99.0,99.4182,0.4182
19.519992192,99.0,99.416,0.416
19.559992176,99.0,99.4138,0.4138
19.59999216,99.0,99.4116,0.4116
19.639992144,99.0,99.4095,0.4095
19.679992128,99.0,99.4073,0.4073
19.719992112,99.0,99.4052,0.4052
19.759992096,99.0,99.403,0.403
19.79999208,99.0,99.4009,0.4009
19.839992064,99.0,99.3988,0.3988
19.879992048,99.0,99.3966,0.3966
19.919992032,99.0,99.3946,0.3946
19.959992015999998,99.0,99.3925,0.3925
19.999992000000002,99.0,99.3904,0.3904
20.039991984,99.0,99.3884,0.3884
20.079991967999998,99.0,99.3863,0.3863
20.119991952,99.0,99.3843,0.3843
20.159991935999997,99.0,99.3822,0.3822
20.19999192,99.0,99.3802,0.3802
20.239991904,99.0,99.3782,0.3782
20.279991888,99.0,99.3762,0.3762
20.319991872,99.0,99.3742,0.3742
20.359991856,99.0,99.3723,0.3723
20.39999184,99.0,99.3703,0.3703
20.439991824,99.0,99.3683,0.3683
20.479991808,99.0,99.3664,0.3664
20.519991792,99.0,99.3645,0.3645
20.559991776,99.0,99.3626,0.3626
20.599991759999998,99.0,99.3606,0.3606
20.639991744,99.0,99.3587,0.3587
20.679991727999997,99.0,99.3569,0.3569
20.719991712000002,99.0,99.355,0.355
20.759991696,99.0,99.3532,0.3532
20.79999168,99.0,99.3513,0.3513
20.839991664,99.0,99.3495,0.3495
20.879991648,99.0,99.3477,0.3477
20.919991632,99.0,99.3458,0.3459
20.959991616,99.0,99.3441,0.3441
20.9999916,99.0,99.3422,0.3422
21.039991584,99.0,99.3404,0.3404
21.079991568,99.0,99.3387,0.3387
21.119991552,99.0,99.3368,0.3368
21.159991536,99.0,99.3351,0.3351
21.199991519999998,99.0,99.3333,0.3333
21.239991504000002,99.0,99.3315,0.3315
21.279991488,99.0,99.3298,0.3299
21.319991471999998,99.0,99.3281,0.3281
21.359991456,99.0,99.3264,0.3264
21.399991439999997,99.0,99.3247,0.3247
21.439991424,99.0,99.3229,0.3229
21.479991408,99.0,99.3212,0.3212
21.519991392,99.0,99.3195,0.3195
21.559991376,99.0,99.3178,0.3178
21.59999136,99.0,99.3162,0.3162
21.639991344,99.0,99.3144,0.3144
21.679991328,99.0,99.3127,0.3128
21.719991312,99.0,99.3111,0.3111
21.759991296,99.0,99.3094,0.3094
21.79999128,99.0,99.3078,0.3078
21.839991264,99.0,99.3061,0.3061
21.879991248,99.0,99.3044,0.3044
21.919991231999997,99.0,99.3028,0.3028
21.959991216000002,99.0,99.3011,0.3011
21.9999912,99.0,99.2995,0.2995
22.039991184,99.0,99.2979,0.2979
22.079991168,99.0,99.2962,0.2962
22.119991151999997,99.0,99.2946,0.2946
22.159991136,99.0,99.293,0.2931
22.19999112,99.0,99.2914,0.2914
22.239991104,99.0,99.2898,0.2898
22.279991088,99.0,99.2882,0.2882
22.319991072,99.0,99.2866,0.2866
22.359991056,99.0,99.2851,0.2851
22.39999104,99.0,99.2835,0.2835
22.439991023999998,99.0,99.2819,0.2819
22.479991008000002,99.0,99.2803,0.2804
22.519990992,99.0,99.2788,0.2788
22.559990975999998,99.0,99.2772,0.2773
22.59999096,99.0,99.2757,0.2757
22.639990943999997,99.0,99.2741,0.2742
22.679990928,99.0,99.2726,0.2726
22.719990912,99.0,99.271,0.271
22.759990896,99.0,99.2695,0.2696
22.79999088,99.0,99.268,0.268
22.839990864,99.0,99.2666,0.2666
22.879990848,99.0,99.265,0.265
22.919990832,99.0,99.2635,0.2636
22.959990816,99.0,99.2621,0.2621
22.9999908,99.0,99.2606,0.2606
23.039990784,99.0,99.2592,0.2592
23.079990768,99.0,99.2578,0.2578
23.119990752,99.0,99.2563,0.2563
23.159990735999997,99.0,99.2549,0.2549
23.199990720000002,99.0,99.2535,0.2535
23.239990704,99.0,99.2521,0.2521
23.279990688,99.0,99.2507,0.2507
23.319990672,99.0,99.2493,0.2493
23.359990655999997,99.0,99.2479,0.2479
23.39999064,99.0,99.2465,0.2466
23.439990624,99.0,99.2451,0.2452
23.479990608,99.0,99.2438,0.2438
23.519990592,99.0,99.2424,0.2424
23.559990576,99.0,99.2411,0.2411
23.59999056,99.0,99.2397,0.2397
23.639990544,99.0,99.2384,0.2384
23.679990527999998,99.0,99.237,0.237
23.719990512000003,99.0,99.2357,0.2357
23.759990496,99.0,99.2344,0.2344
23.799990479999998,99.0,99.2331,0.2331
23.839990464,99.0,99.2318,0.2318
23.879990447999997,99.0,99.2305,0.2305
23.919990432,99.0,99.2291,0.2291
23.959990416,99.0,99.2279,0.2279
23.9999904,99.0,99.2266,0.2266
24.039990384,99.0,99.2253,0.2253
24.079990368,99.0,99.2241,0.2241
24.119990352,99.0,99.2229,0.2229
24.159990336,99.0,99.2216,0.2216
24.19999032,99.0,99.2204,0.2204
24.239990304,99.0,99.2192,0.2192
24.279990288,99.0,99.218,0.218
24.319990272,99.0,99.2168,0.2168
24.359990256,99.0,99.2156,0.2156
24.399990239999997,99.0,99.2145,0.2145
24.439990224000002,99.0,99.2133,0.2133
24.479990208,99.0,99.2121,0.2121
24.519990192,99.0,99.211,0.211
24.559990176,99.0,99.2099,0.2099
24.599990159999997,99.0,99.2088,0.2088
24.639990144,99.0,99.2077,0.2077
24.679990128,99.0,99.2065,0.2065
24.719990112,99.0,99.2054,0.2054
24.759990096,99.0,99.2042,0.2043
24.79999008,99.0,99.2031,0.2031
24.839990064,99.0,99.2021,0.2021
24.879990048,99.0,99.201,0.201
24.919990031999998,99.0,99.1999,0.1999
24.959990016000003,99.0,99.1988,0.1989
24.99999,99.0,99.1978,0.1978
25.039989983999998,99.0,99.1967,0.1967
25.079989968,99.0,99.1957,0.1957
25.119989951999997,99.0,99.1947,0.1947
25.159989936,99.0,99.1936,0.1937
25.19998992,99.0,99.1926,0.1926
25.239989904,99.0,99.1916,0.1916
25.279989888,99.0,99.1906,0.1906
25.319989872,99.0,99.1896,0.1896
25.359989856,99.0,99.1886,0.1886
25.399989839999996,99.0,99.1876,0.1876
25.439989824,99.0,99.1866,0.1867
25.479989808,99.0,99.1857,0.1857
25.519989792,99.0,99.1847,0.1847
25.559989776,99.0,99.1838,0.1838
25.59998976,99.0,99.1828,0.1828
25.639989743999998,99.0,99.1818,0.1818
25.679989728000002,99.0,99.1809,0.1809
25.719989712,99.0,99.1799,0.1799
25.759989696,99.0,99.1789,0.179
25.79998968,99.0,99.178,0.178
25.839989663999997,99.0,99.1771,0.1771
25.879989648,99.0,99.1762,0.1762
25.919989632,99.0,99.1752,0.1753
25.959989616,99.0,99.1743,0.1743
25.9999896,99.0,99.1734,0.1735
26.039989584,99.0,99.1725,0.1725
26.079989568,99.0,99.1716,0.1716
26.119989552,99.0,99.1707,0.1707
26.159989535999998,99.0,99.1698,0.1698
26.199989520000003,99.0,99.1689,0.1689
26.239989504,99.0,99.168,0.1681
26.279989488,99.0,99.1672,0.1672
26.319989472,99.0,99.1663,0.1663
26.359989455999997,99.0,99.1654,0.1654
26.39998944,99.0,99.1645,0.1645
26.439989424,99.0,99.1636,0.1636
26.479989408,99.0,99.1628,0.1628
26.519989392,99.0,99.1619,0.162
26.559989376,99.0,99.1611,0.1611
26.59998936,99.0,99.1603,0.1603
26.639989343999996,99.0,99.1594,0.1594
26.679989328,99.0,99.1586,0.1586
26.719989312,99.0,99.1578,0.1578
26.759989296,99.0,99.1569,0.1569
26.79998928,99.0,99.1561,0.1561
26.839989264,99.0,99.1553,0.1553
26.879989247999998,99.0,99.1544,0.1544
26.919989232000002,99.0,99.1536,0.1537
26.959989216,99.0,99.1528,0.1528
26.9999892,99.0,99.1521,0.1521
27.039989184,99.0,99.1513,0.1513
27.079989167999997,99.0,99.1505,0.1505
27.119989152,99.0,99.1498,0.1498
27.159989136,99.0,99.1489,0.1489
27.19998912,99.0,99.1481,0.1481
27.239989104,99.0,99.1474,0.1474
27.279989088,99.0,99.1465,0.1465
27.319989072,99.0,99.1458,0.1458
27.359989056,99.0,99.145,0.145
27.399989039999998,99.0,99.1442,0.1443
27.439989024000003,99.0,99.1435,0.1435
27.479989008,99.0,99.1427,0.1427
27.519988992,99.0,99.142,0.142
27.559988976,99.0,99.1412,0.1412
27.599988959999997,99.0,99.1404,0.1404
27.639988944,99.0,99.1397,0.1397
27.679988928,99.0,99.1389,0.1389
27.719988912,99.0,99.1382,0.1382
27.759988896,99.0,99.1374,0.1374
27.79998888,99.0,99.1366,0.1367
27.839988864,99.0,99.1359,0.1359
27.879988847999996,99.0,99.1352,0.1352
27.919988832,99.0,99.1345,0.1345
27.959988816,99.0,99.1338,0.1338
27.9999888,99.0,99.133,0.133
28.039988784,99.0,99.1323,0.1323
28.079988768,99.0,99.1316,0.1316
28.119988751999998,99.0,99.1309,0.1309
28.159988736000003,99.0,99.1303,0.1303
28.19998872,99.0,99.1295,0.1296
28.239988704,99.0,99.1288,0.1288
28.279988688,99.0,99.1281,0.1281
28.319988671999997,99.0,99.1274,0.1274
28.359988656,99.0,99.1267,0.1267
28.39998864,99.0,99.126,0.126
28.439988624,99.0,99.1253,0.1253
28.479988608,99.0,99.1246,0.1246
28.519988592,99.0,99.1239,0.1239
28.559988576,99.0,99.1232,0.1232
28.59998856,99.0,99.1226,0.1226
28.639988543999998,99.0,99.1219,0.1219
28.679988528,99.0,99.1212,0.1212
28.719988512,99.0,99.1205,0.1205
28.759988496,99.0,99.1198,0.1198
28.79998848,99.0,99.1191,0.1192
28.839988463999997,99.0,99.1185,0.1185
28.879988448,99.0,99.1178,0.1178
28.919988432,99.0,99.1172,0.1172
28.959988416,99.0,99.1165,0.1166
28.9999884,99.0,99.1159,0.1159
29.039988384,99.0,99.1152,0.1152
29.079988368,99.0,99.1146,0.1146
29.119988351999996,99.0,99.1141,0.1141
29.159988336,99.0,99.1134,0.1134
29.19998832,99.0,99.1128,0.1128
29.239988304,99.0,99.1122,0.1122
29.279988288,99.0,99.1116,0.1116
29.319988272,99.0,99.111,0.111
29.359988255999998,99.0,99.1104,0.1104
29.399988240000003,99.0,99.1098,0.1098
29.439988224,99.0,99.1091,0.1092
29.479988208,99.0,99.1086,0.1086
29.519988192,99.0,99.108,0.108
29.559988175999997,99.0,99.1073,0.1073
29.59998816,99.0,99.1067,0.1067
29.639988144,99.0,99.1061,0.1061
29.679988128,99.0,99.1055,0.1055
29.719988112,99.0,99.1049,0.1049
29.759988096,99.0,99.1043,0.1043
29.79998808,99.0,99.1037,0.1037
29.839988064,99.0,99.1031,0.1031
29.879988047999998,99.0,99.1025,0.1025
29.919988032,99.0,99.1019,0.1019
29.959988016,99.0,99.1013,0.1013
29.999988,99.0,99.1008,0.1008
30.039987984,99.0,99.1002,0.1003
30.079987967999998,99.0,99.0997,0.0997
30.119987952,99.0,99.0991,0.0991
30.159987936,99.0,99.0986,0.0986
30.19998792,99.0,99.0979,0.0979
30.239987904,99.0,99.0974,0.0974
30.279987888,99.0,99.0968,0.0968
30.319987872,99.0,99.0962,0.0962
30.359987855999996,99.0,99.0957,0.0957
30.39998784,99.0,99.0951,0.0951
30.439987824,99.0,99.0946,0.0946
30.479987808,99.0,99.0941,0.0941
30.519987792,99.0,99.0936,0.0936
30.559987776,99.0,99.093,0.093
30.599987759999998,99.0,99.0925,0.0925
30.639987744000003,99.0,99.0919,0.0919
30.679987728,99.0,99.0914,0.0914
30.719987712,99.0,99.0909,0.0909
30.759987696,99.0,99.0904,0.0904
30.799987679999997,99.0,99.0898,0.0898
30.839987664,99.0,99.0893,0.0893
30.879987648,99.0,99.0888,0.0888
30.919987632,99.0,99.0882,0.0883
30.959987616,99.0,99.0877,0.0877
30.9999876,99.0,99.0872,0.0872
31.039987584,99.0,99.0867,0.0867
31.079987568,99.0,99.0862,0.0862
31.119987551999998,99.0,99.0857,0.0857
31.159987536,99.0,99.0852,0.0852
31.19998752,99.0,99.0847,0.0847
31.239987504,99.0,99.0842,0.0842
31.279987487999996,99.0,99.0836,0.0836
31.319987472,99.0,99.0831,0.0831
31.359987456,99.0,99.0826,0.0826
31.39998744,99.0,99.0821,0.0821
31.439987423999998,99.0,99.0816,0.0816
31.479987408000003,99.0,99.0812,0.0812
31.519987392,99.0,99.0807,0.0807
31.559987376,99.0,99.0802,0.0802
31.599987359999997,99.0,99.0797,0.0797
31.639987343999998,99.0,99.0792,0.0792
31.679987328000003,99.0,99.0787,0.0787
31.719987312,99.0,99.0783,0.0783
31.759987296,99.0,99.0777,0.0777
31.799987279999996,99.0,99.0773,0.0773
31.839987264,99.0,99.0768,0.0768
31.879987248000003,99.0,99.0763,0.0763
31.919987232,99.0,99.0758,0.0758
31.959987216,99.0,99.0754,0.0754
31.999987199999996,99.0,99.0749,0.0749
32.039987184000005,99.0,99.0745,0.0745
32.079987168,99.0,99.0741,0.0741
32.119987152,99.0,99.0736,0.0736
32.159987136,99.0,99.0731,0.0732
32.19998712,99.0,99.0727,0.0727
32.239987104,99.0,99.0723,0.0723
32.279987088,99.0,99.0718,0.0718
32.319987071999996,99.0,99.0713,0.0713
32.359987055999994,99.0,99.0708,0.0709
32.39998704,99.0,99.0704,0.0704
32.439987024,99.0,99.0699,0.0699
32.479987007999995,99.0,99.0695,0.0695
32.519986992,99.0,99.069,0.069
32.559986976000005,99.0,99.0686,0.0686
32.59998696,99.0,99.0681,0.0681
32.639986944,99.0,99.0676,0.0677
32.679986928,99.0,99.0671,0.0671
32.719986912,99.0,99.0667,0.0667
32.759986896,99.0,99.0663,0.0663
32.79998688,99.0,99.0659,0.0659
32.839986864,99.0,99.0654,0.0654
32.879986847999994,99.0,99.065,0.065
32.919986832,99.0,99.0645,0.0645
32.959986816,99.0,99.0641,0.0641
32.9999868,99.0,99.0637,0.0637
33.039986784,99.0,99.0633,0.0633
33.079986768000005,99.0,99.0629,0.0629
33.119986752,99.0,99.0625,0.0625
33.159986736,99.0,99.062,0.062
33.19998672,99.0,99.0616,0.0616
33.239986703999996,99.0,99.0612,0.0612
33.279986688,99.0,99.0609,0.0609
33.319986672,99.0,99.0604,0.0604
33.359986656,99.0,99.06,0.06
33.399986639999995,99.0,99.0597,0.0597
33.439986624,99.0,99.0592,0.0592
33.479986608000004,99.0,99.0588,0.0588
33.519986592,99.0,99.0584,0.0584
33.559986576,99.0,99.058,0.058
33.59998656,99.0,99.0576,0.0576
33.639986544,99.0,99.0571,0.0572
33.679986528,99.0,99.0567,0.0567
33.719986512,99.0,99.0563,0.0563
33.759986495999996,99.0,99.0559,0.0559
33.79998648,99.0,99.0555,0.0555
33.839986464,99.0,99.0551,0.0551
33.879986448,99.0,99.0546,0.0546
33.919986431999995,99.0,99.0542,0.0543
33.959986416,99.0,99.0538,0.0538
33.999986400000004,99.0,99.0534,0.0535
34.039986384,99.0,99.053,0.053
34.079986368,99.0,99.0526,0.0526
34.119986352,99.0,99.0522,0.0522
34.159986336,99.0,99.0518,0.0519
34.19998632,99.0,99.0515,0.0515
34.239986304,99.0,99.0511,0.0511
34.279986287999996,99.0,99.0507,0.0507
34.319986272,99.0,99.0503,0.0503
34.359986256,99.0,99.0498,0.0499
34.39998624,99.0,99.0495,0.0495
34.439986223999995,99.0,99.0491,0.0491
34.479986208,99.0,99.0487,0.0487
34.519986192000005,99.0,99.0483,0.0483
34.559986176,99.0,99.0479,0.0479
34.59998616,99.0,99.0475,0.0475
34.639986144,99.0,99.0472,0.0472
34.679986128,99.0,99.0468,0.0468
34.719986112,99.0,99.0464,0.0464
34.759986096,99.0,99.046,0.046
34.79998608,99.0,99.0456,0.0456
34.839986063999994,99.0,99.0452,0.0452
34.879986048,99.0,99.0448,0.0448
34.919986032,99.0,99.0444,0.0444
34.959986015999995,99.0,99.0441,0.0441
34.999986,99.0,99.0436,0.0436
35.039985984000005,99.0,99.0434,0.0434
35.079985968,99.0,99.043,0.043
35.119985952,99.0,99.0426,0.0426
35.159985936,99.0,99.0423,0.0423
35.19998592,99.0,99.0419,0.0419
35.239985904,99.0,99.0416,0.0416
35.279985888,99.0,99.0412,0.0412
35.319985872,99.0,99.0408,0.0408
35.359985855999994,99.0,99.0405,0.0405
35.39998584,99.0,99.0401,0.0401
35.439985824,99.0,99.0397,0.0397
35.479985808,99.0,99.0394,0.0394
35.519985792,99.0,99.039,0.039
35.559985776000005,99.0,99.0387,0.0387
35.59998576,99.0,99.0383,0.0384
35.639985744,99.0,99.038,0.038
35.679985728,99.0,99.0377,0.0377
35.719985711999996,99.0,99.0373,0.0373
35.759985696,99.0,99.037,0.037
35.79998568,99.0,99.0366,0.0367
35.839985664,99.0,99.0363,0.0363
35.879985647999995,99.0,99.036,0.036
35.919985632,99.0,99.0356,0.0356
35.959985616,99.0,99.0353,0.0353
35.9999856,99.0,99.0349,0.0349
36.039985584,99.0,99.0346,0.0346
36.079985568,99.0,99.0342,0.0343
36.119985552,99.0,99.0339,0.0339
36.159985536,99.0,99.0336,0.0336
36.19998552,99.0,99.0333,0.0333
36.239985503999996,99.0,99.0329,0.0329
36.279985488,99.0,99.0326,0.0326
36.319985472,99.0,99.0324,0.0324
36.359985456,99.0,99.032,0.032
36.399985439999995,99.0,99.0317,0.0317
36.439985424,99.0,99.0314,0.0314
36.479985408000005,99.0,99.031,0.031
36.519985392,99.0,99.0307,0.0307
36.559985376,99.0,99.0303,0.0303
36.59998536,99.0,99.0301,0.0301
36.639985344,99.0,99.0297,0.0297
36.679985328,99.0,99.0295,0.0295
36.719985312,99.0,99.0292,0.0292
36.759985295999996,99.0,99.0289,0.0289
36.79998528,99.0,99.0286,0.0286
36.839985264,99.0,99.0283,0.0283
36.879985248,99.0,99.028,0.028
36.919985231999995,99.0,99.0277,0.0277
36.959985216,99.0,99.0274,0.0274
36.999985200000005,99.0,99.0271,0.0271
37.039985184,99.0,99.0268,0.0268
37.079985168,99.0,99.0265,0.0265
37.119985152,99.0,99.0262,0.0263
37.159985136,99.0,99.026,0.026
37.19998512,99.0,99.0257,0.0257
37.239985104,99.0,99.0255,0.0255
37.279985088,99.0,99.0252,0.0252
37.319985071999994,99.0,99.0249,0.0249
37.359985056,99.0,99.0246,0.0246
37.39998504,99.0,99.0242,0.0243
37.439985023999995,99.0,99.024,0.024
37.479985008,99.0,99.0237,0.0237
37.519984992000005,99.0,99.0234,0.0234
37.559984976,99.0,99.0232,0.0232
37.59998496,99.0,99.0229,0.0229
37.639984944,99.0,99.0227,0.0227
37.679984928,99.0,99.0225,0.0225
37.719984912,99.0,99.0222,0.0222
37.759984896,99.0,99.022,0.022
37.79998488,99.0,99.0217,0.0217
37.839984863999995,99.0,99.0214,0.0214
37.879984848,99.0,99.0212,0.0212
37.919984832,99.0,99.0209,0.0209
37.959984816,99.0,99.0207,0.0207
37.9999848,99.0,99.0205,0.0205
38.039984784000005,99.0,99.0202,0.0202
38.079984768,99.0,99.02,0.02
38.119984752,99.0,99.0198,0.0198
38.159984736,99.0,99.0195,0.0196
38.199984719999996,99.0,99.0193,0.0194
38.239984704,99.0,99.019,0.019
38.279984688,99.0,99.0188,0.0188
38.319984672,99.0,99.0186,0.0186
38.359984655999995,99.0,99.0183,0.0184
38.39998464,99.0,99.0181,0.0181
38.439984624000004,99.0,99.0179,0.0179
38.479984608,99.0,99.0177,0.0177
38.519984592,99.0,99.0175,0.0175
38.559984576,99.0,99.0172,0.0172
38.59998456,99.0,99.017,0.017
38.639984544,99.0,99.0168,0.0168
38.679984528,99.0,99.0166,0.0166
38.719984511999996,99.0,99.0164,0.0164
38.759984496,99.0,99.0162,0.0162
38.79998448,99.0,99.016,0.016
38.839984464,99.0,99.0158,0.0158
38.879984447999995,99.0,99.0156,0.0156
38.91998443199999,99.0,99.0154,0.0154
38.959984416000005,99.0,99.0152,0.0152
38.9999844,99.0,99.015,0.015
39.039984384,99.0,99.0148,0.0148
39.079984368,99.0,99.0146,0.0146
39.119984352,99.0,99.0145,0.0145
39.159984336,99.0,99.0143,0.0143
39.19998432,99.0,99.0141,0.0141
39.239984304,99.0,99.0139,0.0139
39.279984288,99.0,99.0136,0.0136
39.319984272,99.0,99.0134,0.0134
39.359984256,99.0,99.0132,0.0132
39.399984239999995,99.0,99.013,0.013
39.439984224,99.0,99.0129,0.0129
39.479984208000005,99.0,99.0127,0.0127
39.519984192,99.0,99.0125,0.0125
39.559984176,99.0,99.0123,0.0123
39.59998416,99.0,99.0121,0.0121
39.639984144,99.0,99.0119,0.0119
39.679984128,99.0,99.0117,0.0117
39.719984112,99.0,99.0115,0.0115
39.759984096,99.0,99.0113,0.0114
39.799984079999994,99.0,99.0111,0.0111
39.839984064,99.0,99.011,0.011
39.879984048,99.0,99.0108,0.0108
39.919984031999995,99.0,99.0106,0.0106
39.959984016,99.0,99.0104,0.0104
39.999984000000005,99.0,99.0102,0.0102
40.039983984,99.0,99.01,0.01
40.079983968,99.0,99.0099,0.0099
40.119983952,99.0,99.0097,0.0097
40.159983935999996,99.0,99.0095,0.0095
40.19998392,99.0,99.0094,0.0094
40.239983904,99.0,99.0092,0.0092
40.279983888,99.0,99.009,0.009
40.319983871999995,99.0,99.0088,0.0088
40.359983856,99.0,99.0087,0.0087
40.39998384,99.0,99.0085,0.0085
40.439983824,99.0,99.0083,0.0083
40.479983808,99.0,99.0082,0.0082
40.519983792000005,99.0,99.008,0.008
40.559983776,99.0,99.0079,0.0079
40.59998376,99.0,99.0077,0.0077
40.639983744,99.0,99.0075,0.0075
40.679983727999996,99.0,99.0074,0.0074
40.719983712,99.0,99.0073,0.0073
40.759983696,99.0,99.0071,0.0071
40.79998368,99.0,99.007,0.007
40.839983663999995,99.0,99.0068,0.0068
40.879983648,99.0,99.0066,0.0066
40.919983632,99.0,99.0065,0.0065
40.959983616,99.0,99.0063,0.0063
40.9999836,99.0,99.0062,0.0063
41.039983584,99.0,99.0061,0.0061
41.079983568,99.0,99.006,0.006
41.119983552,99.0,99.0058,0.0058
41.159983536,99.0,99.0057,0.0057
41.199983519999996,99.0,99.0056,0.0056
41.239983504,99.0,99.0055,0.0055
41.279983488,99.0,99.0053,0.0053
41.319983472,99.0,99.0052,0.0052
41.359983455999995,99.0,99.005,0.005
41.39998343999999,99.0,99.0049,0.0049
41.439983424000005,99.0,99.0048,0.0048
41.479983408,99.0,99.0047,0.0047
41.519983392,99.0,99.0045,0.0046
41.559983376,99.0,99.0044,0.0044
41.59998336,99.0,99.0043,0.0043
41.639983344,99.0,99.0042,0.0042
41.679983328,99.0,99.004,0.004
41.719983312,99.0,99.0039,0.0039
41.759983296,99.0,99.0037,0.0037
41.79998328,99.0,99.0036,0.0036
41.839983264,99.0,99.0034,0.0035
41.879983247999995,99.0,99.0033,0.0033
41.919983232,99.0,99.0031,0.0031
41.959983216000005,99.0,99.003,0.003
41.9999832,99.0,99.0028,0.0028
42.039983184,99.0,99.0027,0.0027
42.079983168,99.0,99.0026,0.0026
42.119983152,99.0,99.0025,0.0025
42.159983136,99.0,99.0023,0.0023
42.19998312,99.0,99.0022,0.0022
42.239983104,99.0,99.002,0.002
42.279983087999994,99.0,99.0019,0.0019
42.319983072,99.0,99.0017,0.0017
42.359983056,99.0,99.0016,0.0016
42.399983039999995,99.0,99.0015,0.0015
42.439983024,99.0,99.0014,0.0014
42.479983008000005,99.0,99.0014,0.0014
42.519982992,99.0,99.0012,0.0012
42.559982976,99.0,99.0011,0.0011
42.59998296,99.0,99.001,0.001
42.639982943999996,99.0,99.0009,0.0009
42.679982928,99.0,99.0008,0.0008
42.719982912,99.0,99.0006,0.0006
42.759982896,99.0,99.0005,0.0005
42.799982879999995,99.0,99.0004,0.0004
42.839982864,99.0,99.0002,0.0002
42.879982848,99.0,99.0001,0.0001
42.919982832,99.0,99.0,0.0
42.959982816,99.0,98.9999,-0.0
42.999982800000005,99.0,98.9999,-0.0
43.039982784,99.0,98.9997,-0.0002
43.079982768,99.0,98.9996,-0.0003
43.119982752,99.0,98.9995,-0.0004
43.159982735999996,99.0,98.9993,-0.0006
43.19998272,99.0,98.9993,-0.0006
43.239982704,99.0,98.9991,-0.0008
43.279982688,99.0,98.999,-0.0009
43.319982671999995,99.0,98.9989,-0.001
43.359982656,99.0,98.9988,-0.0011
43.399982640000005,99.0,98.9987,-0.0012
43.439982624,99.0,98.9986,-0.0013
43.479982608,99.0,98.9985,-0.0014
43.519982592,99.0,98.9985,-0.0014
43.559982576,99.0,98.9983,-0.0016
43.59998256,99.0,98.9983,-0.0016
43.639982544,99.0,98.9982,-0.0017
43.679982528,99.0,98.9981,-0.0018
43.719982512,99.0,98.9981,-0.0018
43.759982496,99.0,98.9979,-0.0019
43.79998248,99.0,98.9979,-0.002
43.839982463999995,99.0,98.9978,-0.0021
43.87998244799999,99.0,98.9977,-0.0022
43.919982432000005,99.0,98.9976,-0.0023
43.959982416,99.0,98.9976,-0.0023
43.9999824,99.0,98.9975,-0.0024
44.039982384,99.0,98.9974,-0.0025
44.079982368,99.0,98.9974,-0.0025
44.119982352,99.0,98.9973,-0.0026
44.159982336,99.0,98.9972,-0.0027
44.19998232,99.0,98.9971,-0.0028
44.239982303999994,99.0,98.997,-0.0029
44.279982288,99.0,98.9969,-0.003
44.319982272,99.0,98.9968,-0.0031
44.359982255999995,99.0,98.9967,-0.0032
44.39998224,99.0,98.9966,-0.0033
44.439982224000005,99.0,98.9965,-0.0034
44.479982208,99.0,98.9964,-0.0035
44.519982192,99.0,98.9963,-0.0036
44.559982176,99.0,98.9963,-0.0036
44.59998216,99.0,98.9961,-0.0037
44.639982144,99.0,98.9961,-0.0038
44.679982128,99.0,98.996,-0.0039
44.719982112,99.0,98.9959,-0.004
44.759982095999995,99.0,98.9959,-0.004
44.79998208,99.0,98.9957,-0.0042
44.839982064,99.0,98.9956,-0.0043
44.879982047999995,99.0,98.9956,-0.0043
44.919982032,99.0,98.9954,-0.0044
44.959982016000005,99.0,98.9954,-0.0045
44.999982,99.0,98.9953,-0.0046
45.039981984,99.0,98.9952,-0.0046
45.079981968,99.0,98.9952,-0.0046
45.119981951999996,99.0,98.9952,-0.0047
45.159981936,99.0,98.9952,-0.0047
45.19998192,99.0,98.9951,-0.0048
45.239981904,99.0,98.995,-0.0049
45.279981887999995,99.0,98.995,-0.0049
45.319981872,99.0,98.9949,-0.005
45.359981856,99.0,98.9948,-0.005
45.39998184,99.0,98.9948,-0.0051
45.439981824,99.0,98.9948,-0.0051
45.479981808,99.0,98.9947,-0.0052
45.519981792,99.0,98.9947,-0.0052
45.559981776,99.0,98.9945,-0.0053
45.59998176,99.0,98.9945,-0.0054
45.639981743999996,99.0,98.9944,-0.0055
45.679981728,99.0,98.9943,-0.0056
45.719981712,99.0,98.9942,-0.0056
45.759981696,99.0,98.9942,-0.0057
45.799981679999995,99.0,98.9941,-0.0058
45.839981664,99.0,98.994,-0.0059
45.879981648,99.0,98.994,-0.0059
45.919981632,99.0,98.9939,-0.006
45.959981616,99.0,98.9938,-0.0061
45.9999816,99.0,98.9937,-0.0062
46.039981584,99.0,98.9936,-0.0062
46.079981568,99.0,98.9936,-0.0063
46.119981552,99.0,98.9936,-0.0063
46.159981536,99.0,98.9935,-0.0064
46.19998152,99.0,98.9934,-0.0065
46.239981504,99.0,98.9934,-0.0065
46.279981488,99.0,98.9933,-0.0066
46.319981471999995,99.0,98.9933,-0.0066
46.35998145599999,99.0,98.9932,-0.0067
46.399981440000005,99.0,98.9932,-0.0067
46.439981424,99.0,98.9931,-0.0068
46.479981408,99.0,98.9931,-0.0068
46.519981392,99.0,98.9931,-0.0068
46.559981376,99.0,98.993,-0.0069
46.59998136,99.0,98.9929,-0.0069
46.639981344,99.0,98.9929,-0.007
46.679981328,99.0,98.9928,-0.007
46.719981311999994,99.0,98.9928,-0.0071
46.759981296,99.0,98.9927,-0.0072
46.79998128,99.0,98.9927,-0.0072
46.839981263999995,99.0,98.9926,-0.0073
46.879981248,99.0,98.9925,-0.0073
46.919981232000005,99.0,98.9925,-0.0074
46.959981216,99.0,98.9924,-0.0075
46.9999812,99.0,98.9923,-0.0075
47.039981184,99.0,98.9923,-0.0076
47.079981168,99.0,98.9923,-0.0076
47.119981152,99.0,98.9921,-0.0077
47.159981136,99.0,98.9921,-0.0078
47.19998112,99.0,98.992,-0.0079
47.239981103999995,99.0,98.992,-0.0079
47.279981088,99.0,98.9919,-0.008
47.319981072,99.0,98.9918,-0.008
47.359981055999995,99.0,98.9918,-0.0081
47.39998104,99.0,98.9917,-0.0082
47.439981024000005,99.0,98.9917,-0.0082
47.479981008,99.0,98.9916,-0.0082
47.519980992,99.0,98.9916,-0.0083
47.559980976,99.0,98.9916,-0.0083
47.599980959999996,99.0,98.9916,-0.0083
47.639980944,99.0,98.9915,-0.0084
47.679980928,99.0,98.9914,-0.0085
47.719980912,99.0,98.9914,-0.0085
47.759980895999995,99.0,98.9913,-0.0086
47.79998088,99.0,98.9912,-0.0086
47.839980864,99.0,98.9912,-0.0087
47.879980848,99.0,98.9911,-0.0088
47.919980832,99.0,98.9911,-0.0088
47.959980816,99.0,98.991,-0.0089
47.9999808,99.0,98.9909,-0.0089
48.039980784,99.0,98.9909,-0.009
48.079980768,99.0,98.9908,-0.0091
48.119980752,99.0,98.9908,-0.0091
48.159980736,99.0,98.9907,-0.0092
48.19998072,99.0,98.9907,-0.0092
48.239980704,99.0,98.9907,-0.0092
48.279980687999995,99.0,98.9906,-0.0093
48.319980672,99.0,98.9906,-0.0093
48.359980656000005,99.0,98.9905,-0.0094
48.39998064,99.0,98.9904,-0.0095
48.439980624,99.0,98.9903,-0.0096
48.479980608,99.0,98.9902,-0.0097
48.519980592,99.0,98.9901,-0.0098
48.559980576,99.0,98.99,-0.0099
48.59998056,99.0,98.99,-0.0099
48.639980544,99.0,98.9899,-0.01
48.679980528,99.0,98.9898,-0.0101
48.719980512,99.0,98.9898,-0.0101
48.759980496,99.0,98.9896,-0.0103
48.799980479999995,99.0,98.9895,-0.0104
48.83998046399999,99.0,98.9895,-0.0104
48.879980448000005,99.0,98.9894,-0.0105
48.919980432,99.0,98.9893,-0.0106
48.959980416,99.0,98.9892,-0.0107
48.9999804,99.0,98.9891,-0.0108
49.039980384,99.0,98.9891,-0.0108
49.079980368,99.0,98.989,-0.0109
49.119980352,99.0,98.989,-0.0109
49.159980336,99.0,98.9889,-0.0109
49.199980319999995,99.0,98.9889,-0.011
49.239980304,99.0,98.9889,-0.011
49.279980288,99.0,98.9888,-0.0111
49.319980271999995,99.0,98.9887,-0.0112
49.359980256,99.0,98.9887,-0.0112
49.399980240000005,99.0,98.9886,-0.0113
49.439980224,99.0,98.9886,-0.0113
49.479980208,99.0,98.9885,-0.0114
49.519980192,99.0,98.9884,-0.0115
49.559980176,99.0,98.9883,-0.0116
49.59998016,99.0,98.9882,-0.0117
49.639980144,99.0,98.9881,-0.0117
49.679980128,99.0,98.988,-0.0118
49.719980111999995,99.0,98.9879,-0.012
49.759980096,99.0,98.9879,-0.012
49.79998008,99.0,98.9878,-0.0121
49.839980063999995,99.0,98.9877,-0.0121
49.879980048,99.0,98.9877,-0.0122
49.919980032000005,99.0,98.9876,-0.0123
49.959980016,99.0,98.9876,-0.0123
49.99998,99.0,98.9875,-0.0124
50.039979984,99.0,98.9874,-0.0125
50.079979967999996,99.0,98.9873,-0.0125
50.119979952,99.0,98.9873,-0.0126
50.159979936,99.0,98.9873,-0.0126
50.19997992,99.0,98.9872,-0.0127
50.239979903999995,99.0,98.9871,-0.0128
50.279979888,99.0,98.987,-0.0129
50.319979872,99.0,98.9869,-0.013
50.359979856,99.0,98.9869,-0.013
50.39997984,99.0,98.9868,-0.0131
50.439979824,99.0,98.9867,-0.0132
50.479979808,99.0,98.9867,-0.0132
50.519979792,99.0,98.9866,-0.0133
50.559979776,99.0,98.9865,-0.0134
50.59997976,99.0,98.9865,-0.0134
50.639979744,99.0,98.9864,-0.0135
50.679979728,99.0,98.9863,-0.0136
50.719979712,99.0,98.9863,-0.0136
50.759979695999995,99.0,98.9862,-0.0137
50.79997967999999,99.0,98.9861,-0.0138
50.839979664,99.0,98.986,-0.0139
50.879979648,99.0,98.9859,-0.014
50.919979632,99.0,98.9859,-0.014
50.959979616,99.0,98.9858,-0.0141
50.9999796,99.0,98.9857,-0.0142
51.039979584,99.0,98.9857,-0.0142
51.079979568,99.0,98.9856,-0.0143
51.119979552,99.0,98.9856,-0.0143
51.159979536,99.0,98.9855,-0.0144
51.19997952,99.0,98.9854,-0.0144
51.239979504,99.0,98.9854,-0.0145
51.279979487999995,99.0,98.9853,-0.0146
51.31997947199999,99.0,98.9853,-0.0146
51.359979456000005,99.0,98.9852,-0.0147
51.39997944,99.0,98.9851,-0.0148
51.439979424,99.0,98.9851,-0.0148
51.479979408,99.0,98.985,-0.0149
51.519979392,99.0,98.985,-0.0149
51.559979376,99.0,98.985,-0.0149
51.59997936,99.0,98.9849,-0.015
51.639979344,99.0,98.9849,-0.015
51.679979327999995,99.0,98.9848,-0.0151
51.719979312,99.0,98.9848,-0.0151
51.759979296,99.0,98.9847,-0.0152
51.799979279999995,99.0,98.9847,-0.0152
51.839979264,99.0,98.9846,-0.0153
51.879979248000005,99.0,98.9846,-0.0153
51.919979232,99.0,98.9845,-0.0153
51.959979216,99.0,98.9845,-0.0153
51.9999792,99.0,98.9845,-0.0154
52.039979183999996,99.0,98.9845,-0.0154
52.079979168,99.0,98.9845,-0.0153
52.119979152,99.0,98.9845,-0.0154
52.159979136,99.0,98.9845,-0.0154
52.199979119999995,99.0,98.9845,-0.0154
52.239979104,99.0,98.9844,-0.0155
52.279979088,99.0,98.9844,-0.0155
52.319979071999995,99.0,98.9844,-0.0155
52.359979056,99.0,98.9844,-0.0155
52.399979040000005,99.0,98.9843,-0.0156
52.439979024,99.0,98.9843,-0.0156
52.479979008,99.0,98.9843,-0.0156
52.519978992,99.0,98.9842,-0.0157
52.559978976,99.0,98.9842,-0.0157
52.59997896,99.0,98.9841,-0.0158
52.639978944,99.0,98.9841,-0.0158
52.679978928,99.0,98.9841,-0.0158
52.719978911999995,99.0,98.9841,-0.0158
52.759978896,99.0,98.984,-0.0158
52.79997888,99.0,98.984,-0.0159
52.839978864,99.0,98.984,-0.0159
52.879978848,99.0,98.984,-0.0159
52.919978832,99.0,98.984,-0.0159
52.959978816,99.0,98.9839,-0.016
52.9999788,99.0,98.9838,-0.016
53.039978784,99.0,98.9838,-0.0161
53.079978768,99.0,98.9837,-0.0161
53.119978752,99.0,98.9838,-0.0161
53.159978736,99.0,98.9837,-0.0162
53.19997872,99.0,98.9836,-0.0163
53.239978703999995,99.0,98.9836,-0.0163
53.27997868799999,99.0,98.9835,-0.0164
53.319978672000005,99.0,98.9835,-0.0164
53.359978656,99.0,98.9834,-0.0165
53.39997864,99.0,98.9833,-0.0166
53.439978624,99.0,98.9832,-0.0167
53.479978608,99.0,98.9832,-0.0167
53.519978592,99.0,98.9832,-0.0167
53.559978576,99.0,98.9831,-0.0168
53.59997856,99.0,98.9831,-0.0168
53.639978544,99.0,98.983,-0.0169
53.679978528,99.0,98.9829,-0.017
53.719978512,99.0,98.9829,-0.017
53.759978495999995,99.0,98.9828,-0.0171
53.79997847999999,99.0,98.9827,-0.0172
53.839978464000005,99.0,98.9827,-0.0172
53.879978448,99.0,98.9826,-0.0173
53.919978432,99.0,98.9825,-0.0174
53.959978416,99.0,98.9825,-0.0174
53.9999784,99.0,98.9824,-0.0175
54.039978384,99.0,98.9824,-0.0175
54.079978368,99.0,98.9823,-0.0176
54.119978352,99.0,98.9823,-0.0176
54.159978335999995,99.0,98.9822,-0.0177
54.19997832,99.0,98.9821,-0.0177
54.239978304,99.0,98.9821,-0.0178
54.279978287999995,99.0,98.982,-0.0179
54.319978272,99.0,98.9819,-0.018
54.359978256000005,99.0,98.9818,-0.018
54.39997824,99.0,98.9818,-0.0181
54.439978224,99.0,98.9817,-0.0182
54.479978208,99.0,98.9816,-0.0183
54.519978191999996,99.0,98.9816,-0.0183
54.559978176,99.0,98.9815,-0.0184
54.59997816,99.0,98.9814,-0.0185
54.639978144,99.0,98.9813,-0.0186
54.679978127999995,99.0,98.9813,-0.0186
54.719978112,99.0,98.9812,-0.0187
54.759978096,99.0,98.9811,-0.0188
54.799978079999995,99.0,98.9811,-0.0188
54.839978064,99.0,98.981,-0.0189
54.879978048000005,99.0,98.9809,-0.019
54.919978032,99.0,98.9808,-0.0191
54.959978016,99.0,98.9807,-0.0192
54.999978,99.0,98.9807,-0.0192
55.039977984,99.0,98.9806,-0.0193
55.079977968,99.0,98.9806,-0.0193
55.119977952,99.0,98.9805,-0.0194
55.159977936,99.0,98.9804,-0.0195
55.199977919999995,99.0,98.9804,-0.0195
55.239977904,99.0,98.9802,-0.0196
55.279977888,99.0,98.9802,-0.0197
55.319977872,99.0,98.9801,-0.0198
55.359977856,99.0,98.98,-0.0199
55.39997784,99.0,98.98,-0.0199
55.439977824,99.0,98.9799,-0.02
55.479977808,99.0,98.9798,-0.02
55.519977792,99.0,98.9798,-0.0201
55.559977776,99.0,98.9797,-0.0202
55.59997776,99.0,98.9797,-0.0202
55.639977744,99.0,98.9796,-0.0203
55.679977728,99.0,98.9795,-0.0204
55.719977711999995,99.0,98.9794,-0.0205
55.75997769599999,99.0,98.9793,-0.0205
55.79997768,99.0,98.9793,-0.0206
55.839977664,99.0,98.9792,-0.0207
55.879977648,99.0,98.9791,-0.0208
55.919977632,99.0,98.9791,-0.0208
55.959977616,99.0,98.979,-0.0209
55.9999776,99.0,98.9789,-0.021
56.039977584,99.0,98.9789,-0.021
56.079977568,99.0,98.9787,-0.0211
56.119977551999995,99.0,98.9787,-0.0212
56.159977536,99.0,98.9787,-0.0212
56.19997752,99.0,98.9786,-0.0213
56.239977503999995,99.0,98.9786,-0.0213
56.27997748799999,99.0,98.9785,-0.0214
56.319977472000005,99.0,98.9784,-0.0215
56.359977456,99.0,98.9784,-0.0215
56.39997744,99.0,98.9783,-0.0216
56.439977424,99.0,98.9782,-0.0217
56.479977408,99.0,98.9782,-0.0217
56.519977392,99.0,98.9781,-0.0218
56.559977376,99.0,98.9781,-0.0218
56.59997736,99.0,98.978,-0.0219
56.639977343999995,99.0,98.978,-0.0219
56.679977328,99.0,98.9779,-0.022
56.719977312,99.0,98.9778,-0.0221
56.759977295999995,99.0,98.9778,-0.0221
56.79997728,99.0,98.9778,-0.0221
56.839977264000005,99.0,98.9777,-0.0222
56.879977248,99.0,98.9777,-0.0222
56.919977232,99.0,98.9776,-0.0223
56.959977216,99.0,98.9776,-0.0223
56.9999772,99.0,98.9776,-0.0223
57.039977184,99.0,98.9775,-0.0224
57.079977168,99.0,98.9775,-0.0224
57.119977152,99.0,98.9775,-0.0224
57.159977135999995,99.0,98.9775,-0.0224
57.19997712,99.0,98.9774,-0.0225
57.239977104,99.0,98.9774,-0.0225
57.279977087999995,99.0,98.9774,-0.0225
57.319977072,99.0,98.9773,-0.0225
57.359977056,99.0,98.9773,-0.0226
57.39997704,99.0,98.9773,-0.0226
57.439977024,99.0,98.9772,-0.0227
57.479977008,99.0,98.9773,-0.0226
57.519976992,99.0,98.9773,-0.0226
57.559976976,99.0,98.9773,-0.0226
57.59997696,99.0,98.9773,-0.0226
57.639976944,99.0,98.9772,-0.0227
57.679976927999995,99.0,98.9772,-0.0227
57.719976912,99.0,98.9772,-0.0227
57.759976896,99.0,98.9772,-0.0227
57.79997688,99.0,98.9771,-0.0228
57.839976864,99.0,98.9771,-0.0228
57.879976848,99.0,98.977,-0.0229
57.919976832,99.0,98.977,-0.0228
57.959976816,99.0,98.977,-0.0229
57.9999768,99.0,98.977,-0.0229
58.039976784,99.0,98.977,-0.0229
58.079976768,99.0,98.977,-0.0229
58.119976752,99.0,98.977,-0.0229
58.159976736,99.0,98.977,-0.0229
58.199976719999995,99.0,98.977,-0.0229
58.23997670399999,99.0,98.977,-0.0229
58.279976688000005,99.0,98.977,-0.0229
58.319976672,99.0,98.9769,-0.023
58.359976656,99.0,98.977,-0.0229
58.39997664,99.0,98.9769,-0.023
58.439976624,99.0,98.9769,-0.023
58.479976608,99.0,98.9769,-0.023
58.519976592,99.0,98.9768,-0.023
58.559976576,99.0,98.9768,-0.0231
58.599976559999995,99.0,98.9768,-0.0231
58.639976544,99.0,98.9768,-0.0231
58.679976528,99.0,98.9767,-0.0232
58.719976511999995,99.0,98.9767,-0.0232
58.75997649599999,99.0,98.9768,-0.0231
58.799976480000005,99.0,98.9767,-0.0232
58.839976464,99.0,98.9768,-0.0231
58.879976448,99.0,98.9768,-0.0231
58.919976432,99.0,98.9768,-0.0231
58.959976416,99.0,98.9768,-0.0231
58.9999764,99.0,98.9767,-0.0232
59.039976384,99.0,98.9767,-0.0232
59.079976368,99.0,98.9767,-0.0232
59.119976351999995,99.0,98.9766,-0.0233
59.159976336,99.0,98.9766,-0.0233
59.19997632,99.0,98.9766,-0.0233
59.239976303999995,99.0,98.9766,-0.0233
59.279976288,99.0,98.9766,-0.0233
59.319976272000005,99.0,98.9766,-0.0233
59.359976256,99.0,98.9766,-0.0233
59.39997624,99.0,98.9766,-0.0233
59.439976224,99.0,98.9765,-0.0234
59.479976208,99.0,98.9765,-0.0234
59.519976192,99.0,98.9765,-0.0234
59.559976176,99.0,98.9764,-0.0235
59.59997616,99.0,98.9764,-0.0235
59.639976143999995,99.0,98.9764,-0.0235
59.679976128,99.0,98.9764,-0.0235
59.719976112,99.0,98.9765,-0.0234
59.759976095999995,99.0,98.9764,-0.0235
59.79997608,99.0,98.9765,-0.0234
59.839976064,99.0,98.9764,-0.0235
59.879976048,99.0,98.9764,-0.0235
59.919976032,99.0,98.9764,-0.0235
59.959976016,99.0,98.9764,-0.0235
59.999976,99.0,98.9764,-0.0235
60.039975984,99.0,98.9763,-0.0236
60.079975968,99.0,98.9763,-0.0236
60.119975952,99.0,98.9763,-0.0236
60.159975935999995,99.0,98.9763,-0.0236
60.19997592,99.0,98.9763,-0.0236
60.239975904,99.0,98.9762,-0.0236
60.279975888,99.0,98.9762,-0.0236
60.319975872,99.0,98.9762,-0.0236
60.359975856,99.0,98.9762,-0.0237
60.39997584,99.0,98.9762,-0.0237
60.439975824,99.0,98.9762,-0.0237
60.479975808,99.0,98.9761,-0.0238
60.519975792,99.0,98.9761,-0.0238
60.559975776,99.0,98.976,-0.0239
60.59997576,99.0,98.976,-0.0239
60.639975744,99.0,98.976,-0.0239
60.679975727999995,99.0,98.9759,-0.024
60.71997571199999,99.0,98.9759,-0.024
60.759975696,99.0,98.9758,-0.024
60.79997568,99.0,98.9758,-0.0241
60.839975664,99.0,98.9758,-0.0241
60.879975648,99.0,98.9758,-0.0241
60.919975632,99.0,98.9758,-0.0241
60.959975616,99.0,98.9758,-0.0241
60.9999756,99.0,98.9758,-0.0241
61.039975584,99.0,98.9758,-0.024
61.079975567999995,99.0,98.9758,-0.0241
61.119975552,99.0,98.9758,-0.0241
61.159975536,99.0,98.9758,-0.0241
61.199975519999995,99.0,98.9758,-0.0241
61.23997550399999,99.0,98.9758,-0.0241
61.279975488000005,99.0,98.9758,-0.0241
61.319975472,99.0,98.9757,-0.0242
61.359975456,99.0,98.9757,-0.0242
61.39997544,99.0,98.9757,-0.0242
61.439975424,99.0,98.9757,-0.0242
61.479975408,99.0,98.9756,-0.0243
61.519975392,99.0,98.9756,-0.0243
61.559975376,99.0,98.9756,-0.0243
61.599975359999995,99.0,98.9756,-0.0243
61.639975344,99.0,98.9755,-0.0243
61.679975328,99.0,98.9756,-0.0243
61.719975311999995,99.0,98.9756,-0.0243
61.759975296,99.0,98.9756,-0.0243
61.799975280000005,99.0,98.9756,-0.0243
61.839975264,99.0,98.9755,-0.0244
61.879975248,99.0,98.9755,-0.0244
61.919975232,99.0,98.9755,-0.0244
61.959975216,99.0,98.9755,-0.0244
61.9999752,99.0,98.9755,-0.0244
62.039975184,99.0,98.9754,-0.0245
62.079975168,99.0,98.9754,-0.0245
62.119975151999995,99.0,98.9754,-0.0245
62.159975136,99.0,98.9754,-0.0245
62.19997512,99.0,98.9754,-0.0245
62.239975103999996,99.0,98.9753,-0.0245
62.279975088,99.0,98.9754,-0.0245
62.319975072,99.0,98.9754,-0.0245
62.359975056,99.0,98.9753,-0.0245
62.39997504,99.0,98.9754,-0.0245
62.439975024,99.0,98.9753,-0.0246
62.479975008,99.0,98.9753,-0.0246
62.519974992,99.0,98.9753,-0.0246
62.55997497599999,99.0,98.9752,-0.0247
62.59997496,99.0,98.9752,-0.0247
62.639974944,99.0,98.9751,-0.0248
62.67997492799999,99.0,98.9751,-0.0248
62.719974912,99.0,98.9752,-0.0247
62.759974895999996,99.0,98.9752,-0.0247
62.79997488,99.0,98.9752,-0.0247
62.839974864000006,99.0,98.9751,-0.0247
62.879974847999996,99.0,98.9751,-0.0248
62.919974832,99.0,98.9751,-0.0248
62.959974816000006,99.0,98.975,-0.0248
62.9999748,99.0,98.975,-0.0249
63.039974784,99.0,98.975,-0.0249
63.07997476799999,99.0,98.975,-0.0249
63.119974752,99.0,98.975,-0.0249
63.159974736,99.0,98.975,-0.0249
63.19997471999999,99.0,98.975,-0.0249
63.239974704000005,99.0,98.9751,-0.0248
63.279974687999996,99.0,98.975,-0.0248
63.319974672,99.0,98.9751,-0.0248
63.359974656000006,99.0,98.9751,-0.0248
63.399974639999996,99.0,98.975,-0.0249
63.439974624,99.0,98.9751,-0.0248
63.479974608000006,99.0,98.9751,-0.0248
63.519974592,99.0,98.9751,-0.0248
63.559974576,99.0,98.9751,-0.0248
63.59997455999999,99.0,98.975,-0.0248
63.639974544,99.0,98.975,-0.0248
63.679974528,99.0,98.975,-0.0248
63.71997451199999,99.0,98.975,-0.0248
63.759974496000005,99.0,98.9751,-0.0248
63.799974479999996,99.0,98.9751,-0.0248
63.839974464,99.0,98.9751,-0.0248
63.879974448000006,99.0,98.9752,-0.0247
63.919974432,99.0,98.9752,-0.0247
63.959974416,99.0,98.9752,-0.0247
63.99997439999999,99.0,98.9752,-0.0247
64.039974384,99.0,98.9752,-0.0247
64.07997436800001,99.0,98.9752,-0.0247
64.119974352,99.0,98.9751,-0.0248
64.159974336,99.0,98.9751,-0.0248
64.19997432000001,99.0,98.9751,-0.0247
64.239974304,99.0,98.9751,-0.0248
64.279974288,99.0,98.9752,-0.0247
64.319974272,99.0,98.9752,-0.0247
64.359974256,99.0,98.9751,-0.0247
64.39997424,99.0,98.9751,-0.0248
64.439974224,99.0,98.9751,-0.0248
64.479974208,99.0,98.9751,-0.0248
64.51997419199999,99.0,98.9751,-0.0248
64.559974176,99.0,98.975,-0.0249
64.59997416,99.0,98.975,-0.0248
64.63997414399999,99.0,98.9751,-0.0248
64.679974128,99.0,98.9751,-0.0248
64.71997411199999,99.0,98.9751,-0.0247
64.759974096,99.0,98.9751,-0.0248
64.79997408,99.0,98.9751,-0.0248
64.83997406399999,99.0,98.9751,-0.0248
64.879974048,99.0,98.9751,-0.0248
64.919974032,99.0,98.9751,-0.0248
64.95997401599999,99.0,98.9751,-0.0248
64.99997400000001,99.0,98.9751,-0.0248
65.039973984,99.0,98.9751,-0.0247
65.079973968,99.0,98.9752,-0.0247
65.11997395200001,99.0,98.9752,-0.0247
65.159973936,99.0,98.9752,-0.0247
65.19997392,99.0,98.9751,-0.0248
65.239973904,99.0,98.9752,-0.0247
65.279973888,99.0,98.9751,-0.0248
65.319973872,99.0,98.9752,-0.0247
65.359973856,99.0,98.9751,-0.0248
65.39997384,99.0,98.9751,-0.0248
65.439973824,99.0,98.9752,-0.0247
65.479973808,99.0,98.9751,-0.0248
65.519973792,99.0,98.9751,-0.0247
65.55997377599999,99.0,98.9752,-0.0247
65.59997376,99.0,98.9752,-0.0247
65.639973744,99.0,98.9752,-0.0247
65.679973728,99.0,98.9752,-0.0247
65.719973712,99.0,98.9753,-0.0246
65.75997369599999,99.0,98.9754,-0.0245
65.79997368,99.0,98.9754,-0.0245
65.839973664,99.0,98.9754,-0.0244
65.87997364799999,99.0,98.9754,-0.0245
65.919973632,99.0,98.9754,-0.0245
65.959973616,99.0,98.9755,-0.0244
65.9999736,99.0,98.9755,-0.0244
66.03997358400001,99.0,98.9755,-0.0243
66.079973568,99.0,98.9756,-0.0243
66.119973552,99.0,98.9756,-0.0243
66.15997353600001,99.0,98.9756,-0.0243
66.19997352,99.0,98.9756,-0.0243
66.239973504,99.0,98.9757,-0.0242
66.279973488,99.0,98.9758,-0.0241
66.319973472,99.0,98.9757,-0.0242
66.359973456,99.0,98.9758,-0.024
66.39997344,99.0,98.9759,-0.024
66.439973424,99.0,98.9759,-0.024
66.47997340799999,99.0,98.9759,-0.024
66.519973392,99.0,98.9759,-0.0239
66.559973376,99.0,98.976,-0.0239
66.59997335999999,99.0,98.976,-0.0239
66.639973344,99.0,98.976,-0.0239
66.679973328,99.0,98.976,-0.0239
66.719973312,99.0,98.976,-0.0239
66.759973296,99.0,98.9761,-0.0238
66.79997327999999,99.0,98.9762,-0.0237
66.839973264,99.0,98.9762,-0.0237
66.879973248,99.0,98.9762,-0.0237
66.91997323199999,99.0,98.9762,-0.0237
66.95997321600001,99.0,98.9762,-0.0237
66.9999732,99.0,98.9762,-0.0237
67.039973184,99.0,98.9762,-0.0237
67.07997316800001,99.0,98.9761,-0.0237
67.119973152,99.0,98.9762,-0.0237
67.159973136,99.0,98.9761,-0.0238
67.19997312,99.0,98.9761,-0.0238
67.239973104,99.0,98.9761,-0.0238
67.279973088,99.0,98.9761,-0.0238
67.319973072,99.0,98.9761,-0.0238
67.359973056,99.0,98.9761,-0.0238
67.39997304,99.0,98.9761,-0.0238
67.439973024,99.0,98.9761,-0.0238
67.479973008,99.0,98.9761,-0.0238
67.51997299199999,99.0,98.9762,-0.0237
67.559972976,99.0,98.9761,-0.0238
67.59997296,99.0,98.9762,-0.0237
67.639972944,99.0,98.9762,-0.0237
67.679972928,99.0,98.9762,-0.0237
67.71997291199999,99.0,98.9763,-0.0236
67.759972896,99.0,98.9763,-0.0236
67.79997288,99.0,98.9763,-0.0236
67.83997286399999,99.0,98.9763,-0.0236
67.879972848,99.0,98.9763,-0.0236
67.919972832,99.0,98.9763,-0.0236
67.959972816,99.0,98.9764,-0.0235
67.99997280000001,99.0,98.9763,-0.0236
68.039972784,99.0,98.9763,-0.0236
68.079972768,99.0,98.9763,-0.0236
68.11997275200001,99.0,98.9763,-0.0236
68.159972736,99.0,98.9763,-0.0236
68.19997272,99.0,98.9763,-0.0236
68.239972704,99.0,98.9762,-0.0237
68.279972688,99.0,98.9762,-0.0237
68.319972672,99.0,98.9761,-0.0238
68.359972656,99.0,98.9762,-0.0237
68.39997264,99.0,98.9761,-0.0238
68.43997262399999,99.0,98.9761,-0.0238
68.479972608,99.0,98.9761,-0.0238
68.519972592,99.0,98.9761,-0.0238
68.55997257599999,99.0,98.9761,-0.0238
68.59997256,99.0,98.976,-0.0239
68.639972544,99.0,98.976,-0.0239
68.679972528,99.0,98.976,-0.0239
68.719972512,99.0,98.9759,-0.024
68.75997249599999,99.0,98.9759,-0.024
68.79997248,99.0,98.9758,-0.024
68.839972464,99.0,98.9758,-0.0241
68.87997244799999,99.0,98.9758,-0.0241
68.919972432,99.0,98.9757,-0.0242
68.959972416,99.0,98.9756,-0.0243
68.9999724,99.0,98.9756,-0.0243
69.03997238400001,99.0,98.9755,-0.0243
69.079972368,99.0,98.9755,-0.0243
69.119972352,99.0,98.9755,-0.0244
69.15997233600001,99.0,98.9754,-0.0245
69.19997232,99.0,98.9754,-0.0245
69.239972304,99.0,98.9754,-0.0245
69.279972288,99.0,98.9754,-0.0245
69.319972272,99.0,98.9754,-0.0245
69.359972256,99.0,98.9753,-0.0246
69.39997224,99.0,98.9753,-0.0246
69.439972224,99.0,98.9752,-0.0246
69.47997220799999,99.0,98.9752,-0.0247
69.519972192,99.0,98.9752,-0.0247
69.559972176,99.0,98.9751,-0.0248
69.59997216,99.0,98.975,-0.0248
69.639972144,99.0,98.975,-0.0249
69.67997212799999,99.0,98.9749,-0.025
69.719972112,99.0,98.9749,-0.025
69.759972096,99.0,98.9748,-0.0251
69.79997207999999,99.0,98.9748,-0.0251
69.839972064,99.0,98.9748,-0.0251
69.879972048,99.0,98.9748,-0.0251
69.91997203199999,99.0,98.9747,-0.0252
69.95997201600001,99.0,98.9747,-0.0252
69.999972,99.0,98.9747,-0.0252
70.039971984,99.0,98.9746,-0.0253
70.07997196800001,99.0,98.9746,-0.0253
70.119971952,99.0,98.9746,-0.0253
70.159971936,99.0,98.9746,-0.0253
70.19997192,99.0,98.9745,-0.0254
70.239971904,99.0,98.9745,-0.0253
70.279971888,99.0,98.9745,-0.0254
70.319971872,99.0,98.9745,-0.0254
70.359971856,99.0,98.9745,-0.0253
70.39997184,99.0,98.9745,-0.0253
70.439971824,99.0,98.9746,-0.0253
70.479971808,99.0,98.9746,-0.0253
70.51997179199999,99.0,98.9745,-0.0253
70.559971776,99.0,98.9746,-0.0253
70.59997176,99.0,98.9745,-0.0254
70.639971744,99.0,98.9745,-0.0254
70.679971728,99.0,98.9744,-0.0254
70.71997171199999,99.0,98.9744,-0.0255
70.759971696,99.0,98.9744,-0.0255
70.79997168,99.0,98.9743,-0.0256
70.83997166399999,99.0,98.9743,-0.0256
70.879971648,99.0,98.9743,-0.0256
70.919971632,99.0,98.9742,-0.0256
70.959971616,99.0,98.9743,-0.0256
70.99997160000001,99.0,98.9742,-0.0257
71.039971584,99.0,98.9742,-0.0257
71.079971568,99.0,98.9742,-0.0257
71.11997155200001,99.0,98.9741,-0.0258
71.159971536,99.0,98.9742,-0.0257
71.19997152,99.0,98.9742,-0.0257
71.239971504,99.0,98.9742,-0.0257
71.279971488,99.0,98.9742,-0.0257
71.319971472,99.0,98.9741,-0.0258
71.359971456,99.0,98.9741,-0.0258
71.39997144,99.0,98.9741,-0.0258
71.43997142399999,99.0,98.9741,-0.0258
71.479971408,99.0,98.9741,-0.0258
71.519971392,99.0,98.9741,-0.0258
71.559971376,99.0,98.9741,-0.0258
71.59997136,99.0,98.9741,-0.0258
71.639971344,99.0,98.9741,-0.0258
71.679971328,99.0,98.9741,-0.0258
71.719971312,99.0,98.9741,-0.0257
71.75997129599999,99.0,98.9741,-0.0257
71.79997128,99.0,98.9742,-0.0257
71.839971264,99.0,98.9742,-0.0256
71.87997124799999,99.0,98.9743,-0.0256
71.919971232,99.0,98.9743,-0.0256
71.959971216,99.0,98.9743,-0.0256
71.9999712,99.0,98.9744,-0.0255
72.03997118400001,99.0,98.9744,-0.0255
72.079971168,99.0,98.9744,-0.0255
72.119971152,99.0,98.9744,-0.0255
72.159971136,99.0,98.9744,-0.0255
72.19997112,99.0,98.9744,-0.0254
72.239971104,99.0,98.9745,-0.0254
72.279971088,99.0,98.9745,-0.0254
72.319971072,99.0,98.9745,-0.0254
72.359971056,99.0,98.9745,-0.0254
72.39997104,99.0,98.9745,-0.0254
72.439971024,99.0,98.9745,-0.0254
72.47997100799999,99.0,98.9745,-0.0254
72.519970992,99.0,98.9745,-0.0254
72.559970976,99.0,98.9746,-0.0253
72.59997096,99.0,98.9745,-0.0254
72.639970944,99.0,98.9746,-0.0253
72.67997092799999,99.0,98.9746,-0.0253
72.719970912,99.0,98.9745,-0.0253
72.759970896,99.0,98.9746,-0.0253
72.79997087999999,99.0,98.9746,-0.0253
72.839970864,99.0,98.9746,-0.0253
72.879970848,99.0,98.9746,-0.0253
72.919970832,99.0,98.9747,-0.0252
72.95997081600001,99.0,98.9747,-0.0252
72.9999708,99.0,98.9747,-0.0252
73.039970784,99.0,98.9747,-0.0252
73.07997076800001,99.0,98.9747,-0.0252
73.119970752,99.0,98.9747,-0.0252
73.159970736,99.0,98.9747,-0.0252
73.19997072,99.0,98.9747,-0.0252
73.239970704,99.0,98.9747,-0.0252
73.279970688,99.0,98.9747,-0.0252
73.319970672,99.0,98.9747,-0.0252
73.359970656,99.0,98.9747,-0.0252
73.39997063999999,99.0,98.9747,-0.0252
73.439970624,99.0,98.9747,-0.0252
73.479970608,99.0,98.9747,-0.0252
73.51997059199999,99.0,98.9747,-0.0252
73.559970576,99.0,98.9747,-0.0252
73.59997056,99.0,98.9747,-0.0252
73.639970544,99.0,98.9746,-0.0253
73.679970528,99.0,98.9746,-0.0253
73.71997051199999,99.0,98.9746,-0.0253
73.759970496,99.0,98.9746,-0.0253
73.79997048,99.0,98.9746,-0.0253
73.83997046399999,99.0,98.9746,-0.0253
73.879970448,99.0,98.9747,-0.0252
73.919970432,99.0,98.9747,-0.0252
73.959970416,99.0,98.9747,-0.0252
73.99997040000001,99.0,98.9747,-0.0252
74.039970384,99.0,98.9747,-0.0252
74.079970368,99.0,98.9748,-0.0251
74.11997035200001,99.0,98.9748,-0.0251
74.159970336,99.0,98.9747,-0.0252
74.19997032,99.0,98.9748,-0.0251
74.239970304,99.0,98.9747,-0.0252
74.279970288,99.0,98.9748,-0.0251
74.319970272,99.0,98.9748,-0.0251
74.359970256,99.0,98.9748,-0.0251
74.39997024,99.0,98.9748,-0.0251
74.43997022399999,99.0,98.9748,-0.0251
74.479970208,99.0,98.9748,-0.0251
74.519970192,99.0,98.9748,-0.0251
74.559970176,99.0,98.9748,-0.0251
74.59997016,99.0,98.9748,-0.0251
74.63997014399999,99.0,98.9748,-0.025
74.679970128,99.0,98.9748,-0.0251
74.719970112,99.0,98.9748,-0.025
74.75997009599999,99.0,98.9748,-0.025
74.79997008,99.0,98.9748,-0.0251
74.839970064,99.0,98.9747,-0.0252
74.87997004799999,99.0,98.9747,-0.0252
74.91997003200001,99.0,98.9746,-0.0253
74.959970016,99.0,98.9746,-0.0253
74.99997,99.0,98.9746,-0.0253
75.03996998400001,99.0,98.9746,-0.0253
75.079969968,99.0,98.9746,-0.0253
75.119969952,99.0,98.9746,-0.0253
75.159969936,99.0,98.9746,-0.0253
75.19996992,99.0,98.9745,-0.0253
75.239969904,99.0,98.9745,-0.0253
75.279969888,99.0,98.9745,-0.0254
75.319969872,99.0,98.9745,-0.0254
75.359969856,99.0,98.9746,-0.0253
75.39996984,99.0,98.9745,-0.0254
75.439969824,99.0,98.9745,-0.0253
75.47996980799999,99.0,98.9746,-0.0253
75.519969792,99.0,98.9745,-0.0253
75.559969776,99.0,98.9746,-0.0253
75.59996976,99.0,98.9745,-0.0253
75.639969744,99.0,98.9745,-0.0254
75.67996972799999,99.0,98.9746,-0.0253
75.719969712,99.0,98.9745,-0.0254
75.759969696,99.0,98.9745,-0.0254
75.79996967999999,99.0,98.9745,-0.0254
75.839969664,99.0,98.9745,-0.0253
75.879969648,99.0,98.9746,-0.0253
75.919969632,99.0,98.9746,-0.0253
75.95996961600001,99.0,98.9747,-0.0252
75.9999696,99.0,98.9746,-0.0253
76.039969584,99.0,98.9746,-0.0253
76.07996956800001,99.0,98.9746,-0.0253
76.119969552,99.0,98.9746,-0.0253
76.159969536,99.0,98.9745,-0.0254
76.19996952,99.0,98.9746,-0.0253
76.239969504,99.0,98.9745,-0.0254
76.279969488,99.0,98.9745,-0.0253
76.319969472,99.0,98.9745,-0.0253
76.359969456,99.0,98.9745,-0.0254
76.39996943999999,99.0,98.9745,-0.0254
76.439969424,99.0,98.9745,-0.0254
76.479969408,99.0,98.9745,-0.0254
76.519969392,99.0,98.9745,-0.0254
76.559969376,99.0,98.9745,-0.0254
76.59996935999999,99.0,98.9746,-0.0253
76.639969344,99.0,98.9746,-0.0253
76.679969328,99.0,98.9746,-0.0253
76.71996931199999,99.0,98.9746,-0.0253
76.759969296,99.0,98.9746,-0.0253
76.79996928,99.0,98.9746,-0.0253
76.83996926399999,99.0,98.9746,-0.0253
76.87996924800001,99.0,98.9746,-0.0253
76.919969232,99.0,98.9746,-0.0253
76.959969216,99.0,98.9746,-0.0253
76.99996920000001,99.0,98.9746,-0.0253
77.039969184,99.0,98.9746,-0.0253
77.079969168,99.0,98.9746,-0.0253
77.119969152,99.0,98.9747,-0.0252
77.159969136,99.0,98.9746,-0.0253
77.19996912,99.0,98.9746,-0.0253
77.239969104,99.0,98.9746,-0.0253
77.279969088,99.0,98.9746,-0.0253
77.319969072,99.0,98.9746,-0.0253
77.359969056,99.0,98.9746,-0.0253
77.39996904,99.0,98.9746,-0.0253
77.43996902399999,99.0,98.9746,-0.0253
77.479969008,99.0,98.9745,-0.0254
77.519968992,99.0,98.9745,-0.0254
77.559968976,99.0,98.9746,-0.0253
77.59996896,99.0,98.9745,-0.0253
77.63996894399999,99.0,98.9746,-0.0253
77.679968928,99.0,98.9746,-0.0253
77.719968912,99.0,98.9746,-0.0253
77.75996889599999,99.0,98.9746,-0.0253
77.79996888,99.0,98.9747,-0.0252
77.83996886399999,99.0,98.9747,-0.0252
77.879968848,99.0,98.9748,-0.0251
77.91996883200001,99.0,98.9748,-0.0251
77.959968816,99.0,98.9748,-0.0251
77.9999688,99.0,98.9748,-0.025
78.03996878400001,99.0,98.9749,-0.025
78.079968768,99.0,98.975,-0.0249
78.119968752,99.0,98.975,-0.0249
78.159968736,99.0,98.975,-0.0248
78.19996872,99.0,98.975,-0.0248
78.239968704,99.0,98.975,-0.0248
78.279968688,99.0,98.9751,-0.0248
78.319968672,99.0,98.9751,-0.0248
78.35996865599999,99.0,98.9751,-0.0247
78.39996864,99.0,98.9752,-0.0247
78.439968624,99.0,98.9752,-0.0247
78.479968608,99.0,98.9753,-0.0246
78.519968592,99.0,98.9752,-0.0246
78.559968576,99.0,98.9753,-0.0246
78.59996856,99.0,98.9753,-0.0246
78.639968544,99.0,98.9753,-0.0245
78.67996852799999,99.0,98.9754,-0.0245
78.719968512,99.0,98.9754,-0.0244
78.759968496,99.0,98.9754,-0.0244
78.79996847999999,99.0,98.9755,-0.0244
78.839968464,99.0,98.9755,-0.0244
78.879968448,99.0,98.9755,-0.0244
78.919968432,99.0,98.9755,-0.0244
78.95996841600001,99.0,98.9755,-0.0244
78.9999684,99.0,98.9756,-0.0243
79.039968384,99.0,98.9755,-0.0244
79.079968368,99.0,98.9755,-0.0244
79.119968352,99.0,98.9756,-0.0243
79.159968336,99.0,98.9755,-0.0243
79.19996832,99.0,98.9756,-0.0243
79.239968304,99.0,98.9756,-0.0243
79.279968288,99.0,98.9756,-0.0243
79.319968272,99.0,98.9757,-0.0242
79.359968256,99.0,98.9757,-0.0242
79.39996823999999,99.0,98.9757,-0.0242
79.439968224,99.0,98.9757,-0.0242
79.479968208,99.0,98.9757,-0.0242
79.519968192,99.0,98.9757,-0.0242
79.559968176,99.0,98.9757,-0.0242
79.59996815999999,99.0,98.9757,-0.0242
79.639968144,99.0,98.9758,-0.0241
79.679968128,99.0,98.9758,-0.0241
79.71996811199999,99.0,98.9758,-0.024
79.759968096,99.0,98.9758,-0.0241
79.79996808,99.0,98.9758,-0.0241
79.83996806399999,99.0,98.9758,-0.0241
79.87996804800001,99.0,98.9758,-0.0241
79.919968032,99.0,98.9758,-0.0241
79.959968016,99.0,98.9759,-0.024
79.99996800000001,99.0,98.9759,-0.024
80.039967984,99.0,98.9759,-0.024
80.079967968,99.0,98.976,-0.0239
80.119967952,99.0,98.9759,-0.0239
80.159967936,99.0,98.976,-0.0239
80.19996792,99.0,98.976,-0.0239
80.239967904,99.0,98.976,-0.0239
80.279967888,99.0,98.976,-0.0239
80.31996787199999,99.0,98.976,-0.0239
80.359967856,99.0,98.9761,-0.0238
80.39996784,99.0,98.9761,-0.0238
80.439967824,99.0,98.9761,-0.0238
80.479967808,99.0,98.9761,-0.0237
80.519967792,99.0,98.9761,-0.0238
80.559967776,99.0,98.9761,-0.0237
80.59996776,99.0,98.9762,-0.0237
80.63996774399999,99.0,98.9762,-0.0237
80.679967728,99.0,98.9762,-0.0236
80.719967712,99.0,98.9762,-0.0237
80.75996769599999,99.0,98.9763,-0.0236
80.79996768,99.0,98.9763,-0.0236
80.839967664,99.0,98.9763,-0.0236
80.879967648,99.0,98.9764,-0.0235
80.91996763200001,99.0,98.9763,-0.0236
80.959967616,99.0,98.9764,-0.0235
80.9999676,99.0,98.9763,-0.0236
81.03996758400001,99.0,98.9763,-0.0236
81.079967568,99.0,98.9763,-0.0236
81.119967552,99.0,98.9763,-0.0236
81.159967536,99.0,98.9762,-0.0237
81.19996752,99.0,98.9762,-0.0237
81.239967504,99.0,98.9762,-0.0237
81.279967488,99.0,98.9762,-0.0237
81.319967472,99.0,98.9762,-0.0237
81.35996745599999,99.0,98.9762,-0.0237
81.39996744,99.0,98.9762,-0.0237
81.439967424,99.0,98.9762,-0.0237
81.479967408,99.0,98.9762,-0.0237
81.519967392,99.0,98.9762,-0.0237
81.55996737599999,99.0,98.9761,-0.0238
81.59996736,99.0,98.9761,-0.0238
81.639967344,99.0,98.9761,-0.0238
81.67996732799999,99.0,98.9761,-0.0238
81.719967312,99.0,98.9761,-0.0237
81.759967296,99.0,98.9761,-0.0238
81.79996727999999,99.0,98.9761,-0.0238
81.839967264,99.0,98.9761,-0.0238
81.879967248,99.0,98.9761,-0.0238
81.919967232,99.0,98.9761,-0.0238
81.95996721600001,99.0,98.9761,-0.0238
81.9999672,99.0,98.9761,-0.0238
82.039967184,99.0,98.9761,-0.0238
82.079967168,99.0,98.9761,-0.0238
82.119967152,99.0,98.9761,-0.0238
82.159967136,99.0,98.9761,-0.0238
82.19996712,99.0,98.976,-0.0239
82.239967104,99.0,98.9761,-0.0238
82.279967088,99.0,98.9761,-0.0238
82.319967072,99.0,98.976,-0.0239
82.359967056,99.0,98.976,-0.0239
82.39996703999999,99.0,98.976,-0.0239
82.439967024,99.0,98.9759,-0.0239
82.479967008,99.0,98.9759,-0.024
82.519966992,99.0,98.9759,-0.024
82.559966976,99.0,98.9759,-0.024
82.59996695999999,99.0,98.9759,-0.024
82.639966944,99.0,98.9759,-0.024
82.679966928,99.0,98.9759,-0.024
82.71996691199999,99.0,98.9759,-0.024
82.759966896,99.0,98.9758,-0.024
82.79996687999999,99.0,98.9758,-0.024
82.839966864,99.0,98.9758,-0.0241
82.87996684800001,99.0,98.9758,-0.0241
82.919966832,99.0,98.9758,-0.0241
82.959966816,99.0,98.9758,-0.024
82.99996680000001,99.0,98.9759,-0.024
83.039966784,99.0,98.9759,-0.024
83.079966768,99.0,98.9759,-0.024
83.119966752,99.0,98.9759,-0.024
83.159966736,99.0,98.9758,-0.024
83.19996672,99.0,98.9758,-0.024
83.239966704,99.0,98.9758,-0.0241
83.279966688,99.0,98.9758,-0.0241
83.31996667199999,99.0,98.9758,-0.024
83.359966656,99.0,98.9758,-0.0241
83.39996664,99.0,98.9759,-0.024
83.439966624,99.0,98.9759,-0.024
83.479966608,99.0,98.9759,-0.024
83.519966592,99.0,98.9759,-0.024
83.559966576,99.0,98.9759,-0.024
83.59996656,99.0,98.9759,-0.024
83.63996654399999,99.0,98.9759,-0.024
83.679966528,99.0,98.9758,-0.024
83.719966512,99.0,98.9759,-0.024
83.75996649599999,99.0,98.9759,-0.024
83.79996648,99.0,98.9759,-0.024
83.839966464,99.0,98.9759,-0.024
83.879966448,99.0,98.9759,-0.024
83.91996643200001,99.0,98.976,-0.0239
83.959966416,99.0,98.9759,-0.024
83.9999664,99.0,98.9759,-0.024
84.039966384,99.0,98.9759,-0.024
84.079966368,99.0,98.9758,-0.024
84.119966352,99.0,98.9759,-0.024
84.159966336,99.0,98.9759,-0.024
84.19996632,99.0,98.9758,-0.024
84.239966304,99.0,98.9759,-0.024
84.279966288,99.0,98.9759,-0.024
84.319966272,99.0,98.9759,-0.024
84.35996625599999,99.0,98.976,-0.0239
84.39996624,99.0,98.976,-0.0239
84.439966224,99.0,98.976,-0.0239
84.479966208,99.0,98.976,-0.0239
84.519966192,99.0,98.976,-0.0239
84.55996617599999,99.0,98.9761,-0.0238
84.59996616,99.0,98.9761,-0.0238
84.639966144,99.0,98.9761,-0.0238
84.67996612799999,99.0,98.9761,-0.0238
84.719966112,99.0,98.9762,-0.0237
84.759966096,99.0,98.9762,-0.0237
84.79996607999999,99.0,98.9762,-0.0237
84.83996606400001,99.0,98.9762,-0.0237
84.879966048,99.0,98.9763,-0.0236
84.919966032,99.0,98.9763,-0.0236
84.95996601600001,99.0,98.9763,-0.0236
84.999966,99.0,98.9763,-0.0236
85.039965984,99.0,98.9763,-0.0236
85.079965968,99.0,98.9763,-0.0236
85.119965952,99.0,98.9763,-0.0236
85.159965936,99.0,98.9763,-0.0236
85.19996592,99.0,98.9764,-0.0235
85.239965904,99.0,98.9763,-0.0236
85.27996588799999,99.0,98.9763,-0.0236
85.319965872,99.0,98.9763,-0.0236
85.359965856,99.0,98.9763,-0.0236
85.39996584,99.0,98.9763,-0.0236
85.439965824,99.0,98.9763,-0.0236
85.479965808,99.0,98.9764,-0.0235
85.519965792,99.0,98.9764,-0.0235
85.559965776,99.0,98.9764,-0.0235
85.59996575999999,99.0,98.9764,-0.0235
85.639965744,99.0,98.9764,-0.0235
85.679965728,99.0,98.9765,-0.0234
85.71996571199999,99.0,98.9765,-0.0234
85.759965696,99.0,98.9765,-0.0234
85.79996568,99.0,98.9765,-0.0234
85.839965664,99.0,98.9765,-0.0234
85.87996564800001,99.0,98.9765,-0.0234
85.919965632,99.0,98.9765,-0.0234
85.959965616,99.0,98.9765,-0.0234
85.99996560000001,99.0,98.9765,-0.0234
86.039965584,99.0,98.9765,-0.0234
86.079965568,99.0,98.9766,-0.0233
86.119965552,99.0,98.9765,-0.0234
86.159965536,99.0,98.9765,-0.0234
86.19996552,99.0,98.9765,-0.0234
86.239965504,99.0,98.9765,-0.0234
86.279965488,99.0,98.9765,-0.0234
86.31996547199999,99.0,98.9765,-0.0234
86.359965456,99.0,98.9766,-0.0233
86.39996544,99.0,98.9765,-0.0234
86.439965424,99.0,98.9766,-0.0233
86.479965408,99.0,98.9765,-0.0234
86.51996539199999,99.0,98.9765,-0.0234
86.559965376,99.0,98.9765,-0.0234
86.59996536,99.0,98.9765,-0.0234
86.63996534399999,99.0,98.9765,-0.0234
86.679965328,99.0,98.9765,-0.0234
86.719965312,99.0,98.9764,-0.0235
86.75996529599999,99.0,98.9764,-0.0235
86.79996528000001,99.0,98.9763,-0.0236
86.839965264,99.0,98.9763,-0.0236
86.879965248,99.0,98.9764,-0.0235
86.91996523200001,99.0,98.9763,-0.0236
86.959965216,99.0,98.9763,-0.0236
86.9999652,99.0,98.9762,-0.0236
87.039965184,99.0,98.9762,-0.0237
87.079965168,99.0,98.9762,-0.0237
87.119965152,99.0,98.9762,-0.0237
87.159965136,99.0,98.9762,-0.0237
87.19996512,99.0,98.9762,-0.0237
87.239965104,99.0,98.9762,-0.0237
87.279965088,99.0,98.9762,-0.0237
87.319965072,99.0,98.9761,-0.0238
87.359965056,99.0,98.9761,-0.0238
87.39996504,99.0,98.9761,-0.0238
87.439965024,99.0,98.9761,-0.0238
87.479965008,99.0,98.9761,-0.0238
87.519964992,99.0,98.976,-0.0239
87.55996497599999,99.0,98.976,-0.0239
87.59996496,99.0,98.976,-0.0239
87.639964944,99.0,98.9759,-0.024
87.67996492799999,99.0,98.9759,-0.024
87.719964912,99.0,98.9759,-0.024
87.75996489599999,99.0,98.9758,-0.0241
87.79996488,99.0,98.9758,-0.0241
87.83996486400001,99.0,98.9758,-0.0241
87.879964848,99.0,98.9757,-0.0242
87.919964832,99.0,98.9757,-0.0242
87.95996481600001,99.0,98.9756,-0.0243
87.9999648,99.0,98.9756,-0.0243
88.039964784,99.0,98.9756,-0.0243
88.079964768,99.0,98.9755,-0.0244
88.119964752,99.0,98.9755,-0.0244
88.159964736,99.0,98.9754,-0.0244
88.19996472,99.0,98.9754,-0.0245
88.239964704,99.0,98.9754,-0.0245
88.27996468799999,99.0,98.9753,-0.0246
88.319964672,99.0,98.9753,-0.0246
88.359964656,99.0,98.9753,-0.0246
88.39996464,99.0,98.9753,-0.0246
88.439964624,99.0,98.9752,-0.0246
88.47996460799999,99.0,98.9752,-0.0247
88.519964592,99.0,98.9752,-0.0247
88.559964576,99.0,98.9752,-0.0247
88.59996455999999,99.0,98.9751,-0.0248
88.639964544,99.0,98.9751,-0.0248
88.679964528,99.0,98.975,-0.0248
88.71996451199999,99.0,98.975,-0.0249
88.759964496,99.0,98.975,-0.0249
88.79996448,99.0,98.9749,-0.025
88.839964464,99.0,98.9749,-0.025
88.87996444800001,99.0,98.9748,-0.0251
88.919964432,99.0,98.9748,-0.0251
88.959964416,99.0,98.9748,-0.0251
88.9999644,99.0,98.9747,-0.0252
89.039964384,99.0,98.9747,-0.0252
89.079964368,99.0,98.9747,-0.0252
89.119964352,99.0,98.9746,-0.0253
89.159964336,99.0,98.9747,-0.0252
89.19996432,99.0,98.9746,-0.0253
89.239964304,99.0,98.9746,-0.0253
89.279964288,99.0,98.9745,-0.0254
89.31996427199999,99.0,98.9745,-0.0254
89.359964256,99.0,98.9745,-0.0254
89.39996424,99.0,98.9744,-0.0255
89.439964224,99.0,98.9744,-0.0255
89.479964208,99.0,98.9744,-0.0255
89.51996419199999,99.0,98.9743,-0.0255
89.559964176,99.0,98.9743,-0.0256
89.59996416,99.0,98.9744,-0.0255
89.63996414399999,99.0,98.9743,-0.0256
89.679964128,99.0,98.9743,-0.0256
89.71996411199999,99.0,98.9742,-0.0256
89.75996409599999,99.0,98.9742,-0.0257
89.79996408000001,99.0,98.9742,-0.0257
89.839964064,99.0,98.9741,-0.0258
89.879964048,99.0,98.9741,-0.0258
89.91996403200001,99.0,98.9741,-0.0258
89.959964016,99.0,98.9741,-0.0258
89.999964,99.0,98.9741,-0.0258
90.039963984,99.0,98.9741,-0.0258
90.079963968,99.0,98.9741,-0.0258
90.119963952,99.0,98.9741,-0.0258
90.159963936,99.0,98.974,-0.0259
90.19996392,99.0,98.974,-0.0259
90.23996390399999,99.0,98.974,-0.0259
90.279963888,99.0,98.974,-0.0259
90.319963872,99.0,98.9739,-0.026
90.359963856,99.0,98.9739,-0.026
90.39996384,99.0,98.9739,-0.026
90.439963824,99.0,98.9739,-0.026
90.479963808,99.0,98.9738,-0.0261
90.519963792,99.0,98.9738,-0.0261
90.55996377599999,99.0,98.9739,-0.026
90.59996376,99.0,98.9738,-0.0261
90.639963744,99.0,98.9739,-0.026
90.67996372799999,99.0,98.9738,-0.0261
90.719963712,99.0,98.9738,-0.0261
90.759963696,99.0,98.9738,-0.0261
90.79996368,99.0,98.9738,-0.0261
90.83996366400001,99.0,98.9739,-0.026
90.879963648,99.0,98.9738,-0.0261
90.919963632,99.0,98.9738,-0.0261
90.959963616,99.0,98.9738,-0.0261
90.9999636,99.0,98.9737,-0.0262
91.039963584,99.0,98.9737,-0.0262
91.079963568,99.0,98.9737,-0.0262
91.119963552,99.0,98.9737,-0.0262
91.159963536,99.0,98.9737,-0.0262
91.19996352,99.0,98.9737,-0.0262
91.239963504,99.0,98.9737,-0.0262
91.27996348799999,99.0,98.9736,-0.0262
91.319963472,99.0,98.9736,-0.0263
91.359963456,99.0,98.9736,-0.0263
91.39996344,99.0,98.9735,-0.0263
91.439963424,99.0,98.9735,-0.0264
91.47996340799999,99.0,98.9735,-0.0264
91.519963392,99.0,98.9735,-0.0264
91.559963376,99.0,98.9735,-0.0264
91.59996335999999,99.0,98.9735,-0.0264
91.639963344,99.0,98.9735,-0.0264
91.679963328,99.0,98.9735,-0.0264
91.71996331199999,99.0,98.9735,-0.0264
91.759963296,99.0,98.9735,-0.0264
91.79996328,99.0,98.9735,-0.0264
91.839963264,99.0,98.9735,-0.0264
91.87996324800001,99.0,98.9735,-0.0264
91.919963232,99.0,98.9735,-0.0263
91.959963216,99.0,98.9736,-0.0263
91.9999632,99.0,98.9736,-0.0263
92.039963184,99.0,98.9736,-0.0263
92.079963168,99.0,98.9736,-0.0263
92.119963152,99.0,98.9736,-0.0263
92.159963136,99.0,98.9736,-0.0263
92.19996311999999,99.0,98.9737,-0.0262
92.239963104,99.0,98.9737,-0.0262
92.279963088,99.0,98.9737,-0.0262
92.319963072,99.0,98.9737,-0.0261
92.359963056,99.0,98.9737,-0.0262
92.39996304,99.0,98.9737,-0.0261
92.439963024,99.0,98.9737,-0.0261
92.479963008,99.0,98.9738,-0.0261
92.51996299199999,99.0,98.9738,-0.0261
92.559962976,99.0,98.9737,-0.0261
92.59996296,99.0,98.9738,-0.0261
92.63996294399999,99.0,98.9738,-0.0261
92.679962928,99.0,98.9738,-0.0261
92.71996291199999,99.0,98.9738,-0.0261
92.759962896,99.0,98.9738,-0.0261
92.79996288000001,99.0,98.9737,-0.0261
92.839962864,99.0,98.9738,-0.0261
92.879962848,99.0,98.9738,-0.0261
92.91996283200001,99.0,98.9739,-0.026
92.959962816,99.0,98.9739,-0.026
92.9999628,99.0,98.9739,-0.026
93.039962784,99.0,98.9739,-0.026
93.079962768,99.0,98.9739,-0.026
93.119962752,99.0,98.974,-0.0259
93.159962736,99.0,98.974,-0.0259
93.19996272,99.0,98.974,-0.0259
93.23996270399999,99.0,98.9741,-0.0258
93.279962688,99.0,98.9741,-0.0258
93.319962672,99.0,98.9741,-0.0258
93.359962656,99.0,98.9742,-0.0257
93.39996264,99.0,98.9742,-0.0257
93.43996262399999,99.0,98.9742,-0.0257
93.479962608,99.0,98.9742,-0.0256
93.519962592,99.0,98.9743,-0.0256
93.55996257599999,99.0,98.9743,-0.0256
93.59996256,99.0,98.9743,-0.0256
93.639962544,99.0,98.9743,-0.0256
93.67996252799999,99.0,98.9744,-0.0255
93.719962512,99.0,98.9743,-0.0256
93.759962496,99.0,98.9743,-0.0256
93.79996248,99.0,98.9743,-0.0256
93.83996246400001,99.0,98.9743,-0.0256
93.879962448,99.0,98.9743,-0.0255
93.919962432,99.0,98.9743,-0.0255
93.959962416,99.0,98.9744,-0.0255
93.9999624,99.0,98.9744,-0.0255
94.039962384,99.0,98.9743,-0.0255
94.079962368,99.0,98.9743,-0.0256
94.119962352,99.0,98.9743,-0.0255
94.159962336,99.0,98.9743,-0.0255
94.19996232,99.0,98.9744,-0.0255
94.239962304,99.0,98.9744,-0.0255
94.279962288,99.0,98.9744,-0.0254
94.319962272,99.0,98.9745,-0.0254
94.359962256,99.0,98.9745,-0.0254
94.39996224,99.0,98.9745,-0.0254
94.439962224,99.0,98.9745,-0.0254
94.47996220799999,99.0,98.9745,-0.0254
94.519962192,99.0,98.9745,-0.0254
94.559962176,99.0,98.9745,-0.0254
94.59996215999999,99.0,98.9745,-0.0254
94.639962144,99.0,98.9745,-0.0254
94.67996212799999,99.0,98.9745,-0.0254
94.71996211199999,99.0,98.9745,-0.0254
94.75996209600001,99.0,98.9745,-0.0254
94.79996208,99.0,98.9746,-0.0253
94.839962064,99.0,98.9746,-0.0253
94.87996204800001,99.0,98.9746,-0.0253
94.919962032,99.0,98.9747,-0.0252
94.959962016,99.0,98.9747,-0.0252
94.999962,99.0,98.9748,-0.0251
95.039961984,99.0,98.9748,-0.0251
95.079961968,99.0,98.9748,-0.0251
95.119961952,99.0,98.9748,-0.0251
95.159961936,99.0,98.9748,-0.0251
95.19996191999999,99.0,98.9748,-0.0251
95.239961904,99.0,98.9749,-0.025
95.279961888,99.0,98.9748,-0.0251
95.319961872,99.0,98.9749,-0.025
95.359961856,99.0,98.9749,-0.025
95.39996184,99.0,98.9748,-0.025
95.439961824,99.0,98.9749,-0.025
95.479961808,99.0,98.9749,-0.025
95.51996179199999,99.0,98.9749,-0.025
95.559961776,99.0,98.9749,-0.025
95.59996176,99.0,98.975,-0.0249
95.63996174399999,99.0,98.975,-0.0249
95.679961728,99.0,98.975,-0.0249
95.719961712,99.0,98.975,-0.0248
95.759961696,99.0,98.9751,-0.0248
95.79996168000001,99.0,98.9751,-0.0248
95.839961664,99.0,98.9751,-0.0247
95.879961648,99.0,98.9752,-0.0247
95.919961632,99.0,98.9752,-0.0247
95.959961616,99.0,98.9752,-0.0247
95.9999616,99.0,98.9752,-0.0246
96.039961584,99.0,98.9753,-0.0246
96.079961568,99.0,98.9753,-0.0246
96.119961552,99.0,98.9753,-0.0246
96.159961536,99.0,98.9753,-0.0246
96.19996152,99.0,98.9753,-0.0246
96.239961504,99.0,98.9753,-0.0246
96.279961488,99.0,98.9754,-0.0245
96.319961472,99.0,98.9753,-0.0246
96.359961456,99.0,98.9753,-0.0246
96.39996144,99.0,98.9753,-0.0246
96.43996142399999,99.0,98.9753,-0.0246
96.479961408,99.0,98.9753,-0.0245
96.519961392,99.0,98.9754,-0.0245
96.55996137599999,99.0,98.9754,-0.0245
96.59996136,99.0,98.9754,-0.0245
96.639961344,99.0,98.9755,-0.0244
96.67996132799999,99.0,98.9755,-0.0244
96.71996131200001,99.0,98.9755,-0.0244
96.759961296,99.0,98.9756,-0.0243
96.79996128,99.0,98.9756,-0.0243
96.83996126400001,99.0,98.9756,-0.0243
96.879961248,99.0,98.9757,-0.0242
96.919961232,99.0,98.9757,-0.0242
96.959961216,99.0,98.9757,-0.0242
96.9999612,99.0,98.9758,-0.0241
97.039961184,99.0,98.9758,-0.024
97.079961168,99.0,98.9759,-0.024
97.119961152,99.0,98.9759,-0.024
97.15996113599999,99.0,98.976,-0.0239
97.19996112,99.0,98.976,-0.0239
97.239961104,99.0,98.9761,-0.0238
97.279961088,99.0,98.9762,-0.0237
97.319961072,99.0,98.9762,-0.0237
97.359961056,99.0,98.9763,-0.0236
97.39996104,99.0,98.9763,-0.0236
97.439961024,99.0,98.9763,-0.0236
97.47996100799999,99.0,98.9763,-0.0236
97.519960992,99.0,98.9764,-0.0235
97.559960976,99.0,98.9764,-0.0235
97.59996095999999,99.0,98.9764,-0.0235
97.639960944,99.0,98.9765,-0.0234
97.67996092799999,99.0,98.9766,-0.0233
97.719960912,99.0,98.9767,-0.0232
97.75996089600001,99.0,98.9768,-0.0231
97.79996088,99.0,98.9768,-0.0231
97.839960864,99.0,98.9769,-0.023
97.87996084800001,99.0,98.9769,-0.023
97.919960832,99.0,98.977,-0.0229
97.959960816,99.0,98.977,-0.0228
97.9999608,99.0,98.9771,-0.0228
98.039960784,99.0,98.9771,-0.0228
98.079960768,99.0,98.9771,-0.0228
98.119960752,99.0,98.9771,-0.0228
98.159960736,99.0,98.9772,-0.0227
98.19996071999999,99.0,98.9773,-0.0226
98.239960704,99.0,98.9773,-0.0226
98.279960688,99.0,98.9773,-0.0226
98.319960672,99.0,98.9774,-0.0225
98.359960656,99.0,98.9774,-0.0225
98.39996063999999,99.0,98.9775,-0.0224
98.439960624,99.0,98.9775,-0.0224
98.479960608,99.0,98.9776,-0.0223
98.51996059199999,99.0,98.9776,-0.0223
98.559960576,99.0,98.9776,-0.0223
98.59996056,99.0,98.9777,-0.0222
98.63996054399999,99.0,98.9777,-0.0222
98.679960528,99.0,98.9777,-0.0222
98.719960512,99.0,98.9778,-0.0221
98.759960496,99.0,98.9778,-0.0221
98.79996048000001,99.0,98.9778,-0.0221
98.839960464,99.0,98.9779,-0.022
98.879960448,99.0,98.9779,-0.022
98.919960432,99.0,98.978,-0.0219
98.959960416,99.0,98.978,-0.0219
98.9999604,99.0,98.9781,-0.0218
99.039960384,99.0,98.9781,-0.0218
99.079960368,99.0,98.9781,-0.0218
99.119960352,99.0,98.9782,-0.0217
99.159960336,99.0,98.9782,-0.0217
99.19996032,99.0,98.9782,-0.0217
99.239960304,99.0,98.9782,-0.0217
99.279960288,99.0,98.9782,-0.0216
99.319960272,99.0,98.9783,-0.0216
99.359960256,99.0,98.9783,-0.0216
99.39996024,99.0,98.9784,-0.0215
99.43996022399999,99.0,98.9784,-0.0215
99.479960208,99.0,98.9784,-0.0215
99.519960192,99.0,98.9785,-0.0214
99.55996017599999,99.0,98.9785,-0.0214
99.59996016,99.0,98.9785,-0.0214
99.63996014399999,99.0,98.9786,-0.0213
99.67996012799999,99.0,98.9786,-0.0213
99.71996011200001,99.0,98.9786,-0.0213
99.759960096,99.0,98.9786,-0.0213
99.79996008,99.0,98.9786,-0.0213
99.83996006400001,99.0,98.9786,-0.0213
99.879960048,99.0,98.9786,-0.0213
99.919960032,99.0,98.9786,-0.0212
99.959960016,99.0,98.9786,-0.0213
99.99996,99.0,98.9786,-0.0212
100.039959984,99.0,98.9786,-0.0212
100.079959968,99.0,98.9786,-0.0213
100.119959952,99.0,98.9786,-0.0213
100.15995993599999,99.0,98.9786,-0.0213
100.19995992,99.0,98.9786,-0.0213
100.239959904,99.0,98.9786,-0.0213
100.279959888,99.0,98.9786,-0.0213
100.319959872,99.0,98.9786,-0.0213
100.35995985599999,99.0,98.9786,-0.0213
100.39995984,99.0,98.9785,-0.0214
100.439959824,99.0,98.9785,-0.0214
100.47995980799999,99.0,98.9785,-0.0214
100.519959792,99.0,98.9785,-0.0214
100.559959776,99.0,98.9786,-0.0213
100.59995975999999,99.0,98.9785,-0.0214
100.639959744,99.0,98.9786,-0.0213
100.679959728,99.0,98.9786,-0.0213
100.719959712,99.0,98.9785,-0.0214
100.75995969600001,99.0,98.9786,-0.0213
100.79995968,99.0,98.9786,-0.0213
100.839959664,99.0,98.9785,-0.0214
100.879959648,99.0,98.9786,-0.0213
100.919959632,99.0,98.9785,-0.0214
100.959959616,99.0,98.9785,-0.0214
100.9999596,99.0,98.9784,-0.0214
101.039959584,99.0,98.9784,-0.0215
101.079959568,99.0,98.9784,-0.0215
101.119959552,99.0,98.9784,-0.0215
101.159959536,99.0,98.9783,-0.0216
101.19995952,99.0,98.9783,-0.0216
101.239959504,99.0,98.9783,-0.0216
101.279959488,99.0,98.9783,-0.0216
101.319959472,99.0,98.9783,-0.0216
101.359959456,99.0,98.9782,-0.0216
101.39995943999999,99.0,98.9783,-0.0216
101.439959424,99.0,98.9782,-0.0217
101.479959408,99.0,98.9782,-0.0217
101.51995939199999,99.0,98.9782,-0.0217
101.559959376,99.0,98.9781,-0.0218
101.59995935999999,99.0,98.9782,-0.0217
101.63995934399999,99.0,98.9781,-0.0218
101.679959328,99.0,98.9782,-0.0217
101.719959312,99.0,98.9782,-0.0217
101.759959296,99.0,98.9782,-0.0217
101.79995928000001,99.0,98.9782,-0.0217
101.839959264,99.0,98.9782,-0.0217
101.879959248,99.0,98.9781,-0.0218
101.919959232,99.0,98.9781,-0.0218
101.959959216,99.0,98.9781,-0.0218
101.9999592,99.0,98.9781,-0.0218
102.039959184,99.0,98.978,-0.0219
102.079959168,99.0,98.978,-0.0219
102.11995915199999,99.0,98.978,-0.0219
102.159959136,99.0,98.978,-0.0219
102.19995912,99.0,98.978,-0.0219
102.239959104,99.0,98.9779,-0.022
102.279959088,99.0,98.9779,-0.022
102.319959072,99.0,98.9779,-0.022
102.359959056,99.0,98.9779,-0.022
102.39995904,99.0,98.9779,-0.022
102.43995902399999,99.0,98.978,-0.0219
102.479959008,99.0,98.9779,-0.022
102.519958992,99.0,98.9779,-0.022
102.55995897599999,99.0,98.9779,-0.022
102.59995896,99.0,98.9779,-0.022
102.63995894399999,99.0,98.9779,-0.022
102.679958928,99.0,98.9779,-0.022
102.71995891200001,99.0,98.9778,-0.022
102.759958896,99.0,98.9778,-0.022
102.79995888,99.0,98.9779,-0.022
102.839958864,99.0,98.9779,-0.022
102.879958848,99.0,98.9779,-0.022
102.919958832,99.0,98.9778,-0.022
102.959958816,99.0,98.9779,-0.022
102.9999588,99.0,98.9779,-0.022
103.039958784,99.0,98.9779,-0.022
103.079958768,99.0,98.9778,-0.022
103.119958752,99.0,98.9779,-0.022
103.159958736,99.0,98.9779,-0.022
103.19995872,99.0,98.9779,-0.022
103.239958704,99.0,98.9779,-0.022
103.279958688,99.0,98.978,-0.0219
103.319958672,99.0,98.978,-0.0219
103.35995865599999,99.0,98.978,-0.0219
103.39995864,99.0,98.978,-0.0219
103.439958624,99.0,98.978,-0.0219
103.47995860799999,99.0,98.978,-0.0219
103.519958592,99.0,98.978,-0.0219
103.559958576,99.0,98.978,-0.0219
103.59995855999999,99.0,98.9781,-0.0218
103.639958544,99.0,98.9782,-0.0217
103.679958528,99.0,98.9782,-0.0217
103.719958512,99.0,98.9782,-0.0217
103.75995849600001,99.0,98.9782,-0.0217
103.79995848,99.0,98.9782,-0.0216
103.839958464,99.0,98.9782,-0.0216
103.879958448,99.0,98.9782,-0.0216
103.919958432,99.0,98.9783,-0.0216
103.959958416,99.0,98.9783,-0.0216
103.9999584,99.0,98.9784,-0.0215
104.039958384,99.0,98.9784,-0.0215
104.07995836799999,99.0,98.9784,-0.0215
104.119958352,99.0,98.9784,-0.0215
104.159958336,99.0,98.9784,-0.0215
104.19995832,99.0,98.9784,-0.0215
104.239958304,99.0,98.9784,-0.0215
104.279958288,99.0,98.9784,-0.0215
104.319958272,99.0,98.9784,-0.0214
104.359958256,99.0,98.9784,-0.0215
104.39995823999999,99.0,98.9784,-0.0215
104.439958224,99.0,98.9785,-0.0214
104.479958208,99.0,98.9785,-0.0214
104.51995819199999,99.0,98.9785,-0.0214
104.559958176,99.0,98.9785,-0.0214
104.59995815999999,99.0,98.9784,-0.0214
104.63995814399999,99.0,98.9784,-0.0214
104.67995812800001,99.0,98.9784,-0.0215
104.719958112,99.0,98.9784,-0.0214
104.759958096,99.0,98.9785,-0.0214
104.79995808000001,99.0,98.9785,-0.0214
104.839958064,99.0,98.9785,-0.0214
104.879958048,99.0,98.9784,-0.0215
104.919958032,99.0,98.9784,-0.0215
104.959958016,99.0,98.9784,-0.0215
104.999958,99.0,98.9784,-0.0215
105.039957984,99.0,98.9784,-0.0215
105.079957968,99.0,98.9784,-0.0215
105.119957952,99.0,98.9784,-0.0215
105.159957936,99.0,98.9784,-0.0215
105.19995792,99.0,98.9784,-0.0215
105.239957904,99.0,98.9784,-0.0215
105.279957888,99.0,98.9784,-0.0215
105.31995787199999,99.0,98.9783,-0.0216
105.359957856,99.0,98.9783,-0.0216
105.39995784,99.0,98.9782,-0.0216
105.43995782399999,99.0,98.9782,-0.0217
105.479957808,99.0,98.9782,-0.0217
105.519957792,99.0,98.9782,-0.0217
105.55995777599999,99.0,98.9782,-0.0217
105.59995776,99.0,98.9781,-0.0218
105.639957744,99.0,98.9781,-0.0218
105.679957728,99.0,98.978,-0.0219
105.71995771200001,99.0,98.978,-0.0219
105.759957696,99.0,98.978,-0.0219
105.79995768,99.0,98.9779,-0.022
105.839957664,99.0,98.9779,-0.022
105.879957648,99.0,98.9779,-0.022
105.919957632,99.0,98.9778,-0.0221
105.959957616,99.0,98.9778,-0.0221
105.9999576,99.0,98.9777,-0.0222
106.039957584,99.0,98.9777,-0.0222
106.079957568,99.0,98.9777,-0.0222
106.119957552,99.0,98.9776,-0.0222
106.159957536,99.0,98.9776,-0.0223
106.19995752,99.0,98.9776,-0.0223
106.239957504,99.0,98.9775,-0.0224
106.279957488,99.0,98.9776,-0.0223
106.319957472,99.0,98.9775,-0.0224
106.35995745599999,99.0,98.9775,-0.0224
106.39995744,99.0,98.9774,-0.0225
106.439957424,99.0,98.9774,-0.0225
106.47995740799999,99.0,98.9773,-0.0226
106.519957392,99.0,98.9773,-0.0226
106.55995737599999,99.0,98.9773,-0.0226
106.59995735999999,99.0,98.9773,-0.0226
106.63995734400001,99.0,98.9773,-0.0226
106.679957328,99.0,98.9773,-0.0226
106.719957312,99.0,98.9773,-0.0226
106.75995729600001,99.0,98.9772,-0.0227
106.79995728,99.0,98.9772,-0.0227
106.839957264,99.0,98.9771,-0.0228
106.879957248,99.0,98.977,-0.0229
106.919957232,99.0,98.977,-0.0229
106.959957216,99.0,98.9769,-0.023
106.9999572,99.0,98.9768,-0.023
107.039957184,99.0,98.9768,-0.0231
107.07995716799999,99.0,98.9767,-0.0232
107.119957152,99.0,98.9767,-0.0232
107.159957136,99.0,98.9766,-0.0233
107.19995712,99.0,98.9766,-0.0233
107.239957104,99.0,98.9766,-0.0233
107.279957088,99.0,98.9765,-0.0234
107.319957072,99.0,98.9765,-0.0234
107.359957056,99.0,98.9765,-0.0234
107.39995703999999,99.0,98.9764,-0.0235
107.439957024,99.0,98.9764,-0.0235
107.479957008,99.0,98.9764,-0.0235
107.51995699199999,99.0,98.9764,-0.0235
107.559956976,99.0,98.9764,-0.0235
107.59995695999999,99.0,98.9763,-0.0236
107.639956944,99.0,98.9762,-0.0237
107.67995692800001,99.0,98.9762,-0.0237
107.719956912,99.0,98.9761,-0.0238
107.759956896,99.0,98.9761,-0.0238
107.79995688,99.0,98.976,-0.0239
107.839956864,99.0,98.976,-0.0239
107.879956848,99.0,98.976,-0.0239
107.919956832,99.0,98.9759,-0.024
107.959956816,99.0,98.9759,-0.024
107.9999568,99.0,98.9758,-0.0241
108.039956784,99.0,98.9758,-0.0241
108.079956768,99.0,98.9757,-0.0242
108.119956752,99.0,98.9757,-0.0242
108.159956736,99.0,98.9757,-0.0242
108.19995672,99.0,98.9756,-0.0243
108.239956704,99.0,98.9756,-0.0243
108.279956688,99.0,98.9755,-0.0244
108.31995667199999,99.0,98.9754,-0.0245
108.359956656,99.0,98.9754,-0.0245
108.39995664,99.0,98.9753,-0.0246
108.43995662399999,99.0,98.9753,-0.0246
108.479956608,99.0,98.9752,-0.0246
108.519956592,99.0,98.9752,-0.0247
108.55995657599999,99.0,98.9751,-0.0248
108.59995656,99.0,98.9751,-0.0248
108.639956544,99.0,98.975,-0.0248
108.679956528,99.0,98.9751,-0.0248
108.71995651200001,99.0,98.975,-0.0249
108.759956496,99.0,98.975,-0.0249
108.79995648,99.0,98.9749,-0.025
108.839956464,99.0,98.9749,-0.025
108.879956448,99.0,98.9748,-0.025
108.919956432,99.0,98.9748,-0.0251
108.959956416,99.0,98.9747,-0.0252
108.9999564,99.0,98.9747,-0.0252
109.03995638399999,99.0,98.9746,-0.0253
109.079956368,99.0,98.9746,-0.0253
109.119956352,99.0,98.9745,-0.0254
109.159956336,99.0,98.9745,-0.0254
109.19995632,99.0,98.9745,-0.0254
109.239956304,99.0,98.9744,-0.0255
109.279956288,99.0,98.9744,-0.0255
109.319956272,99.0,98.9743,-0.0256
109.35995625599999,99.0,98.9743,-0.0256
109.39995624,99.0,98.9743,-0.0256
109.439956224,99.0,98.9742,-0.0256
109.47995620799999,99.0,98.9741,-0.0258
109.519956192,99.0,98.9741,-0.0258
109.55995617599999,99.0,98.974,-0.0259
109.59995615999999,99.0,98.974,-0.0259
109.63995614400001,99.0,98.9739,-0.026
109.679956128,99.0,98.9739,-0.026
109.719956112,99.0,98.9738,-0.0261
109.75995609600001,99.0,98.9737,-0.0262
109.79995608,99.0,98.9736,-0.0263
109.839956064,99.0,98.9736,-0.0263
109.879956048,99.0,98.9735,-0.0264
109.919956032,99.0,98.9734,-0.0265
109.959956016,99.0,98.9734,-0.0265
109.999956,99.0,98.9733,-0.0266
110.039955984,99.0,98.9733,-0.0266
110.079955968,99.0,98.9732,-0.0267
110.119955952,99.0,98.9732,-0.0267
110.159955936,99.0,98.9732,-0.0267
110.19995592,99.0,98.9731,-0.0268
110.239955904,99.0,98.9731,-0.0268
110.27995588799999,99.0,98.973,-0.0269
110.319955872,99.0,98.973,-0.0269
110.359955856,99.0,98.973,-0.0269
110.39995583999999,99.0,98.9729,-0.027
110.439955824,99.0,98.9728,-0.0271
110.479955808,99.0,98.9728,-0.0271
110.51995579199999,99.0,98.9727,-0.0271
110.559955776,99.0,98.9728,-0.0271
110.59995576,99.0,98.9727,-0.0272
110.639955744,99.0,98.9727,-0.0272
110.67995572800001,99.0,98.9726,-0.0273
110.719955712,99.0,98.9726,-0.0273
110.759955696,99.0,98.9726,-0.0273
110.79995568,99.0,98.9726,-0.0273
110.839955664,99.0,98.9726,-0.0273
110.879955648,99.0,98.9726,-0.0273
110.919955632,99.0,98.9726,-0.0273
110.959955616,99.0,98.9725,-0.0274
110.9999556,99.0,98.9725,-0.0274
111.039955584,99.0,98.9725,-0.0274
111.079955568,99.0,98.9724,-0.0275
111.119955552,99.0,98.9724,-0.0275
111.159955536,99.0,98.9723,-0.0276
111.19995552,99.0,98.9723,-0.0276
111.239955504,99.0,98.9723,-0.0276
111.279955488,99.0,98.9723,-0.0276
111.31995547199999,99.0,98.9722,-0.0277
111.359955456,99.0,98.9722,-0.0277
111.39995544,99.0,98.9721,-0.0277
111.43995542399999,99.0,98.9721,-0.0278
111.479955408,99.0,98.9721,-0.0278
111.51995539199999,99.0,98.9721,-0.0278
111.55995537599999,99.0,98.9721,-0.0278
111.59995536,99.0,98.9721,-0.0278
111.639955344,99.0,98.9721,-0.0278
111.679955328,99.0,98.9721,-0.0278
111.71995531200001,99.0,98.9721,-0.0278
111.759955296,99.0,98.9721,-0.0278
111.79995528,99.0,98.9721,-0.0278
111.839955264,99.0,98.9721,-0.0278
111.879955248,99.0,98.972,-0.0279
111.919955232,99.0,98.972,-0.0279
111.959955216,99.0,98.972,-0.0279
111.9999552,99.0,98.9721,-0.0278
112.039955184,99.0,98.972,-0.0279
112.079955168,99.0,98.972,-0.0279
112.119955152,99.0,98.972,-0.0279
112.159955136,99.0,98.972,-0.0279
112.19995512,99.0,98.972,-0.0278
112.23995510399999,99.0,98.9721,-0.0278
112.279955088,99.0,98.9721,-0.0278
112.319955072,99.0,98.9721,-0.0277
112.35995505599999,99.0,98.9722,-0.0277
112.39995504,99.0,98.9722,-0.0277
112.439955024,99.0,98.9722,-0.0277
112.47995500799999,99.0,98.9722,-0.0276
112.519954992,99.0,98.9723,-0.0276
112.55995497599999,99.0,98.9722,-0.0276
112.59995496,99.0,98.9723,-0.0276
112.63995494400001,99.0,98.9723,-0.0276
112.679954928,99.0,98.9724,-0.0275
112.719954912,99.0,98.9724,-0.0275
112.759954896,99.0,98.9725,-0.0274
112.79995488,99.0,98.9725,-0.0274
112.839954864,99.0,98.9726,-0.0273
112.879954848,99.0,98.9725,-0.0274
112.919954832,99.0,98.9726,-0.0273
112.959954816,99.0,98.9726,-0.0273
112.9999548,99.0,98.9726,-0.0272
113.039954784,99.0,98.9727,-0.0272
113.079954768,99.0,98.9727,-0.0272
113.119954752,99.0,98.9728,-0.0271
113.159954736,99.0,98.9728,-0.027
113.19995472,99.0,98.9729,-0.027
113.239954704,99.0,98.9729,-0.027
113.27995468799999,99.0,98.9729,-0.027
113.319954672,99.0,98.9729,-0.0269
113.359954656,99.0,98.973,-0.0269
113.39995463999999,99.0,98.973,-0.0269
113.439954624,99.0,98.973,-0.0269
113.47995460799999,99.0,98.9731,-0.0268
113.51995459199999,99.0,98.9731,-0.0268
113.559954576,99.0,98.9732,-0.0267
113.59995456,99.0,98.9732,-0.0266
113.639954544,99.0,98.9733,-0.0266
113.67995452800001,99.0,98.9733,-0.0266
113.719954512,99.0,98.9733,-0.0266
113.759954496,99.0,98.9733,-0.0265
113.79995448,99.0,98.9734,-0.0265
113.839954464,99.0,98.9734,-0.0265
113.879954448,99.0,98.9735,-0.0264
113.919954432,99.0,98.9735,-0.0264
113.959954416,99.0,98.9736,-0.0263
113.9999544,99.0,98.9736,-0.0263
114.039954384,99.0,98.9736,-0.0263
114.079954368,99.0,98.9736,-0.0262
114.119954352,99.0,98.9737,-0.0262
114.159954336,99.0,98.9737,-0.0261
114.19995432,99.0,98.9738,-0.0261
114.239954304,99.0,98.9739,-0.026
114.279954288,99.0,98.9739,-0.026
114.31995427199999,99.0,98.974,-0.0259
114.359954256,99.0,98.974,-0.0259
114.39995424,99.0,98.974,-0.0259
114.43995422399999,99.0,98.9741,-0.0258
114.479954208,99.0,98.9741,-0.0258
114.51995419199999,99.0,98.9742,-0.0257
114.55995417599999,99.0,98.9742,-0.0257
114.59995416000001,99.0,98.9743,-0.0256
114.639954144,99.0,98.9744,-0.0255
114.679954128,99.0,98.9744,-0.0255
114.719954112,99.0,98.9745,-0.0254
114.759954096,99.0,98.9746,-0.0253
114.79995408,99.0,98.9747,-0.0252
114.839954064,99.0,98.9747,-0.0252
114.879954048,99.0,98.9747,-0.0252
114.919954032,99.0,98.9748,-0.0251
114.959954016,99.0,98.9748,-0.025
114.999954,99.0,98.9749,-0.025
115.039953984,99.0,98.9749,-0.025
115.079953968,99.0,98.9749,-0.025
115.119953952,99.0,98.975,-0.0249
115.159953936,99.0,98.975,-0.0248
115.19995392,99.0,98.9751,-0.0248
115.23995390399999,99.0,98.9752,-0.0247
115.279953888,99.0,98.9752,-0.0247
115.319953872,99.0,98.9753,-0.0246
115.35995385599999,99.0,98.9754,-0.0245
115.39995384,99.0,98.9754,-0.0245
115.439953824,99.0,98.9755,-0.0244
115.47995380799999,99.0,98.9755,-0.0244
115.519953792,99.0,98.9755,-0.0244
115.559953776,99.0,98.9756,-0.0243
115.59995376,99.0,98.9756,-0.0243
115.63995374400001,99.0,98.9757,-0.0242
115.679953728,99.0,98.9757,-0.0241
115.719953712,99.0,98.9758,-0.0241
115.759953696,99.0,98.9759,-0.024
115.79995368,99.0,98.9758,-0.024
115.839953664,99.0,98.9759,-0.024
115.879953648,99.0,98.9759,-0.0239
115.919953632,99.0,98.976,-0.0239
115.95995361599999,99.0,98.976,-0.0239
115.9999536,99.0,98.9761,-0.0238
116.039953584,99.0,98.9762,-0.0237
116.079953568,99.0,98.9762,-0.0236
116.119953552,99.0,98.9763,-0.0236
116.159953536,99.0,98.9763,-0.0236
116.19995352,99.0,98.9763,-0.0236
116.239953504,99.0,98.9764,-0.0235
116.27995348799999,99.0,98.9764,-0.0235
116.319953472,99.0,98.9765,-0.0234
116.359953456,99.0,98.9765,-0.0234
116.39995343999999,99.0,98.9766,-0.0233
116.439953424,99.0,98.9766,-0.0233
116.47995340799999,99.0,98.9766,-0.0232
116.51995339199999,99.0,98.9767,-0.0232
116.55995337600001,99.0,98.9767,-0.0232
116.59995336,99.0,98.9769,-0.023
116.639953344,99.0,98.9769,-0.023
116.67995332800001,99.0,98.977,-0.0229
116.719953312,99.0,98.977,-0.0229
116.759953296,99.0,98.977,-0.0229
116.79995328,99.0,98.9771,-0.0228
116.839953264,99.0,98.977,-0.0228
116.879953248,99.0,98.9771,-0.0228
116.919953232,99.0,98.9772,-0.0227
116.959953216,99.0,98.9772,-0.0227
116.9999532,99.0,98.9773,-0.0226
117.039953184,99.0,98.9773,-0.0226
117.079953168,99.0,98.9773,-0.0226
117.119953152,99.0,98.9773,-0.0226
117.159953136,99.0,98.9773,-0.0225
117.19995311999999,99.0,98.9774,-0.0225
117.239953104,99.0,98.9774,-0.0225
117.279953088,99.0,98.9774,-0.0225
117.31995307199999,99.0,98.9775,-0.0224
117.359953056,99.0,98.9775,-0.0224
117.39995304,99.0,98.9776,-0.0223
117.43995302399999,99.0,98.9776,-0.0223
117.479953008,99.0,98.9776,-0.0223
117.51995299199999,99.0,98.9777,-0.0222
117.559952976,99.0,98.9777,-0.0222
117.59995296000001,99.0,98.9777,-0.0221
117.639952944,99.0,98.9778,-0.0221
117.679952928,99.0,98.9778,-0.0221
117.719952912,99.0,98.9778,-0.022
117.759952896,99.0,98.9779,-0.022
117.79995288,99.0,98.9779,-0.022
117.839952864,99.0,98.978,-0.0219
117.879952848,99.0,98.9781,-0.0218
117.919952832,99.0,98.9781,-0.0218
117.959952816,99.0,98.9781,-0.0218
117.9999528,99.0,98.9782,-0.0217
118.039952784,99.0,98.9782,-0.0217
118.079952768,99.0,98.9782,-0.0216
118.119952752,99.0,98.9782,-0.0216
118.159952736,99.0,98.9784,-0.0215
118.19995272,99.0,98.9784,-0.0215
118.23995270399999,99.0,98.9785,-0.0214
118.279952688,99.0,98.9785,-0.0214
118.319952672,99.0,98.9786,-0.0213
118.35995265599999,99.0,98.9786,-0.0213
118.39995264,99.0,98.9786,-0.0213
118.43995262399999,99.0,98.9786,-0.0212
118.47995260799999,99.0,98.9787,-0.0212
118.519952592,99.0,98.9787,-0.0211
118.559952576,99.0,98.9788,-0.0211
118.59995256,99.0,98.9788,-0.0211
118.63995254400001,99.0,98.9789,-0.021
118.679952528,99.0,98.979,-0.0209
118.719952512,99.0,98.979,-0.0209
118.759952496,99.0,98.979,-0.0209
118.79995248,99.0,98.9791,-0.0208
118.839952464,99.0,98.9791,-0.0208
118.879952448,99.0,98.9791,-0.0208
118.919952432,99.0,98.9792,-0.0207
118.959952416,99.0,98.9792,-0.0207
118.9999524,99.0,98.9793,-0.0206
119.039952384,99.0,98.9793,-0.0206
119.079952368,99.0,98.9794,-0.0205
119.119952352,99.0,98.9794,-0.0205
119.159952336,99.0,98.9795,-0.0204
119.19995232,99.0,98.9795,-0.0204
119.239952304,99.0,98.9795,-0.0204
119.27995228799999,99.0,98.9795,-0.0204
119.319952272,99.0,98.9796,-0.0203
119.359952256,99.0,98.9796,-0.0203
119.39995223999999,99.0,98.9797,-0.0202
119.439952224,99.0,98.9797,-0.0202
119.47995220799999,99.0,98.9797,-0.0202
119.51995219199999,99.0,98.9798,-0.0201
119.55995217600001,99.0,98.9798,-0.0201
119.59995216,99.0,98.9798,-0.0201
119.639952144,99.0,98.9798,-0.0201
119.679952128,99.0,98.9798,-0.0201
119.719952112,99.0,98.9798,-0.02
119.759952096,99.0,98.9798,-0.02
119.79995208,99.0,98.9798,-0.02
119.839952064,99.0,98.9799,-0.02
119.879952048,99.0,98.9799,-0.02
119.919952032,99.0,98.9799,-0.02
119.959952016,99.0,98.98,-0.0199
119.999952,99.0,98.98,-0.0199
120.039951984,99.0,98.9801,-0.0198
120.079951968,99.0,98.9801,-0.0198
120.119951952,99.0,98.9801,-0.0198
120.159951936,99.0,98.9801,-0.0198
120.19995191999999,99.0,98.9801,-0.0198
120.239951904,99.0,98.9801,-0.0198
120.279951888,99.0,98.9801,-0.0198
120.31995187199999,99.0,98.9801,-0.0198
120.359951856,99.0,98.9801,-0.0198
120.39995184,99.0,98.9801,-0.0198
120.43995182399999,99.0,98.9801,-0.0198
120.479951808,99.0,98.9801,-0.0198
120.519951792,99.0,98.9801,-0.0198
120.559951776,99.0,98.9801,-0.0198
120.59995176000001,99.0,98.9801,-0.0198
120.639951744,99.0,98.9802,-0.0197
120.679951728,99.0,98.9802,-0.0197
120.719951712,99.0,98.9802,-0.0196
120.759951696,99.0,98.9803,-0.0196
120.79995168,99.0,98.9802,-0.0196
120.839951664,99.0,98.9802,-0.0196
120.879951648,99.0,98.9803,-0.0196
120.919951632,99.0,98.9802,-0.0196
120.959951616,99.0,98.9802,-0.0196
120.9999516,99.0,98.9802,-0.0196
121.039951584,99.0,98.9802,-0.0197
121.079951568,99.0,98.9803,-0.0196
121.119951552,99.0,98.9802,-0.0196
121.159951536,99.0,98.9802,-0.0197
121.19995152,99.0,98.9802,-0.0197
121.23995150399999,99.0,98.9802,-0.0197
121.279951488,99.0,98.9802,-0.0197
121.319951472,99.0,98.9802,-0.0196
121.35995145599999,99.0,98.9802,-0.0197
121.39995144,99.0,98.9802,-0.0197
121.43995142399999,99.0,98.9802,-0.0197
121.47995140799999,99.0,98.9802,-0.0196
121.519951392,99.0,98.9802,-0.0197
121.559951376,99.0,98.9802,-0.0197
121.59995136,99.0,98.9803,-0.0196
121.63995134400001,99.0,98.9802,-0.0197
121.679951328,99.0,98.9802,-0.0197
121.719951312,99.0,98.9802,-0.0196
121.759951296,99.0,98.9802,-0.0197
121.79995128,99.0,98.9802,-0.0197
121.839951264,99.0,98.9802,-0.0197
121.879951248,99.0,98.9801,-0.0198
121.919951232,99.0,98.9801,-0.0198
121.959951216,99.0,98.9801,-0.0198
121.9999512,99.0,98.9801,-0.0198
122.039951184,99.0,98.9801,-0.0198
122.079951168,99.0,98.98,-0.0199
122.119951152,99.0,98.98,-0.0199
122.15995113599999,99.0,98.9799,-0.02
122.19995112,99.0,98.9798,-0.0201
122.239951104,99.0,98.9798,-0.0201
122.27995108799999,99.0,98.9798,-0.0201
122.319951072,99.0,98.9798,-0.0201
122.359951056,99.0,98.9798,-0.0201
122.39995103999999,99.0,98.9797,-0.0202
122.439951024,99.0,98.9797,-0.0202
122.47995100799999,99.0,98.9797,-0.0202
122.519950992,99.0,98.9797,-0.0202
122.55995097600001,99.0,98.9797,-0.0202
122.59995096,99.0,98.9797,-0.0202
122.639950944,99.0,98.9797,-0.0202
122.679950928,99.0,98.9796,-0.0203
122.719950912,99.0,98.9796,-0.0203
122.759950896,99.0,98.9796,-0.0203
122.79995088,99.0,98.9796,-0.0203
122.839950864,99.0,98.9796,-0.0203
122.879950848,99.0,98.9795,-0.0203
122.919950832,99.0,98.9795,-0.0204
122.959950816,99.0,98.9795,-0.0204
122.9999508,99.0,98.9795,-0.0204
123.039950784,99.0,98.9795,-0.0204
123.079950768,99.0,98.9795,-0.0204
123.119950752,99.0,98.9795,-0.0204
123.159950736,99.0,98.9795,-0.0204
123.19995071999999,99.0,98.9794,-0.0205
123.239950704,99.0,98.9794,-0.0205
123.279950688,99.0,98.9794,-0.0205
123.31995067199999,99.0,98.9794,-0.0205
123.359950656,99.0,98.9794,-0.0205
123.39995063999999,99.0,98.9793,-0.0206
123.43995062399999,99.0,98.9793,-0.0206
123.479950608,99.0,98.9793,-0.0206
123.519950592,99.0,98.9793,-0.0206
123.559950576,99.0,98.9793,-0.0206
123.59995056000001,99.0,98.9793,-0.0206
123.639950544,99.0,98.9793,-0.0206
123.679950528,99.0,98.9793,-0.0206
123.719950512,99.0,98.9792,-0.0207
123.759950496,99.0,98.9792,-0.0207
123.79995048,99.0,98.9792,-0.0207
123.839950464,99.0,98.9791,-0.0208
123.879950448,99.0,98.9791,-0.0208
123.919950432,99.0,98.9791,-0.0208
123.959950416,99.0,98.9791,-0.0208
123.9999504,99.0,98.9791,-0.0208
124.039950384,99.0,98.979,-0.0209
124.079950368,99.0,98.979,-0.0209
124.11995035199999,99.0,98.979,-0.0209
124.159950336,99.0,98.979,-0.0209
124.19995032,99.0,98.979,-0.0209
124.23995030399999,99.0,98.9789,-0.021
124.279950288,99.0,98.9789,-0.021
124.319950272,99.0,98.9789,-0.021
124.35995025599999,99.0,98.9788,-0.0211
124.39995024,99.0,98.9788,-0.0211
124.43995022399999,99.0,98.9788,-0.0211
124.47995020799999,99.0,98.9787,-0.0212
124.51995019200001,99.0,98.9787,-0.0212
124.559950176,99.0,98.9787,-0.0212
124.59995016,99.0,98.9786,-0.0213
124.639950144,99.0,98.9786,-0.0213
124.679950128,99.0,98.9785,-0.0214
124.719950112,99.0,98.9785,-0.0214
124.759950096,99.0,98.9785,-0.0214
124.79995008,99.0,98.9784,-0.0215
124.839950064,99.0,98.9784,-0.0215
124.879950048,99.0,98.9783,-0.0216
124.919950032,99.0,98.9782,-0.0216
124.959950016,99.0,98.9782,-0.0216
124.99995,99.0,98.9782,-0.0217
125.039949984,99.0,98.9782,-0.0217
125.07994996800001,99.0,98.9781,-0.0218
125.11994995199998,99.0,98.9781,-0.0218
125.15994993599999,99.0,98.978,-0.0219
125.19994992,99.0,98.978,-0.0219
125.239949904,99.0,98.978,-0.0219
125.279949888,99.0,98.978,-0.0219
125.31994987199998,99.0,98.978,-0.0219
125.35994985599999,99.0,98.9781,-0.0218
125.39994983999999,99.0,98.978,-0.0219
125.439949824,99.0,98.978,-0.0219
125.479949808,99.0,98.978,-0.0219
125.51994979199999,99.0,98.9779,-0.022
125.559949776,99.0,98.9779,-0.022
125.59994976,99.0,98.9778,-0.022
125.639949744,99.0,98.9778,-0.0221
125.67994972800001,99.0,98.9778,-0.0221
125.71994971200002,99.0,98.9777,-0.0222
125.75994969599999,99.0,98.9777,-0.0222
125.79994968,99.0,98.9777,-0.0222
125.839949664,99.0,98.9777,-0.0222
125.87994964800001,99.0,98.9777,-0.0222
125.91994963200001,99.0,98.9776,-0.0223
125.95994961599999,99.0,98.9775,-0.0224
125.9999496,99.0,98.9775,-0.0224
126.039949584,99.0,98.9775,-0.0224
126.079949568,99.0,98.9775,-0.0224
126.11994955200001,99.0,98.9775,-0.0224
126.15994953599998,99.0,98.9774,-0.0225
126.19994951999999,99.0,98.9774,-0.0225
126.239949504,99.0,98.9773,-0.0226
126.279949488,99.0,98.9773,-0.0226
126.319949472,99.0,98.9773,-0.0226
126.35994945599998,99.0,98.9773,-0.0226
126.39994943999999,99.0,98.9773,-0.0226
126.43994942399999,99.0,98.9773,-0.0226
126.47994940800001,99.0,98.9773,-0.0226
126.51994939200002,99.0,98.9772,-0.0227
126.55994937599999,99.0,98.9772,-0.0227
126.59994936,99.0,98.9772,-0.0227
126.639949344,99.0,98.9772,-0.0227
126.679949328,99.0,98.9772,-0.0227
126.71994931200001,99.0,98.9772,-0.0227
126.75994929599999,99.0,98.9771,-0.0228
126.79994927999999,99.0,98.977,-0.0228
126.839949264,99.0,98.977,-0.0229
126.879949248,99.0,98.977,-0.0229
126.91994923200001,99.0,98.977,-0.0229
126.95994921600001,99.0,98.9769,-0.023
126.99994919999999,99.0,98.9769,-0.023
127.039949184,99.0,98.9768,-0.0231
127.079949168,99.0,98.9768,-0.0231
127.119949152,99.0,98.9768,-0.0231
127.15994913600001,99.0,98.9768,-0.0231
127.19994911999999,99.0,98.9767,-0.0232
127.23994910399999,99.0,98.9766,-0.0232
127.279949088,99.0,98.9766,-0.0233
127.319949072,99.0,98.9766,-0.0233
127.359949056,99.0,98.9766,-0.0233
127.39994903999998,99.0,98.9765,-0.0234
127.43994902399999,99.0,98.9765,-0.0234
127.479949008,99.0,98.9765,-0.0234
127.51994899200001,99.0,98.9765,-0.0234
127.55994897600002,99.0,98.9765,-0.0234
127.59994895999999,99.0,98.9764,-0.0235
127.639948944,99.0,98.9764,-0.0235
127.679948928,99.0,98.9764,-0.0235
127.719948912,99.0,98.9763,-0.0236
127.75994889600001,99.0,98.9763,-0.0236
127.79994887999999,99.0,98.9762,-0.0237
127.839948864,99.0,98.9762,-0.0237
127.879948848,99.0,98.9762,-0.0237
127.919948832,99.0,98.9761,-0.0238
127.95994881600001,99.0,98.9762,-0.0237
127.99994879999998,99.0,98.9761,-0.0238
128.039948784,99.0,98.9761,-0.0238
128.079948768,99.0,98.9761,-0.0238
128.119948752,99.0,98.9761,-0.0238
128.15994873600002,99.0,98.9761,-0.0238
128.19994872,99.0,98.976,-0.0239
128.239948704,99.0,98.976,-0.0239
128.279948688,99.0,98.976,-0.0239
128.319948672,99.0,98.9759,-0.024
128.359948656,99.0,98.9759,-0.024
128.39994864000002,99.0,98.9759,-0.024
128.43994862399998,99.0,98.9758,-0.0241
128.479948608,99.0,98.9758,-0.0241
128.519948592,99.0,98.9757,-0.0242
128.559948576,99.0,98.9756,-0.0243
128.59994856,99.0,98.9756,-0.0243
128.639948544,99.0,98.9755,-0.0244
128.67994852799998,99.0,98.9754,-0.0244
128.719948512,99.0,98.9754,-0.0245
128.759948496,99.0,98.9753,-0.0246
128.79994848,99.0,98.9753,-0.0246
128.83994846399997,99.0,98.9752,-0.0247
128.879948448,99.0,98.9752,-0.0247
128.91994843199998,99.0,98.9751,-0.0248
128.959948416,99.0,98.9751,-0.0248
128.99994840000002,99.0,98.975,-0.0249
129.03994838399998,99.0,98.975,-0.0249
129.079948368,99.0,98.9749,-0.025
129.119948352,99.0,98.9749,-0.025
129.159948336,99.0,98.9749,-0.025
129.19994832,99.0,98.9749,-0.025
129.239948304,99.0,98.9749,-0.025
129.27994828799999,99.0,98.9748,-0.0251
129.319948272,99.0,98.9748,-0.0251
129.359948256,99.0,98.9748,-0.0251
129.39994824000001,99.0,98.9748,-0.0251
129.43994822399998,99.0,98.9747,-0.0252
129.479948208,99.0,98.9747,-0.0252
129.519948192,99.0,98.9747,-0.0252
129.559948176,99.0,98.9747,-0.0252
129.59994816,99.0,98.9746,-0.0253
129.63994814400002,99.0,98.9746,-0.0253
129.67994812799998,99.0,98.9745,-0.0254
129.719948112,99.0,98.9745,-0.0254
129.759948096,99.0,98.9745,-0.0254
129.79994808,99.0,98.9745,-0.0254
129.839948064,99.0,98.9745,-0.0254
129.879948048,99.0,98.9745,-0.0253
129.91994803199998,99.0,98.9745,-0.0253
129.959948016,99.0,98.9746,-0.0253
129.99994800000002,99.0,98.9746,-0.0253
130.039947984,99.0,98.9746,-0.0253
130.079947968,99.0,98.9746,-0.0253
130.119947952,99.0,98.9745,-0.0253
130.159947936,99.0,98.9746,-0.0253
130.19994792,99.0,98.9746,-0.0253
130.23994790400002,99.0,98.9746,-0.0253
130.27994788799998,99.0,98.9746,-0.0253
130.319947872,99.0,98.9745,-0.0253
130.359947856,99.0,98.9746,-0.0253
130.39994784,99.0,98.9746,-0.0253
130.439947824,99.0,98.9746,-0.0253
130.479947808,99.0,98.9747,-0.0252
130.51994779199998,99.0,98.9747,-0.0252
130.559947776,99.0,98.9747,-0.0252
130.59994776,99.0,98.9747,-0.0252
130.639947744,99.0,98.9747,-0.0252
130.67994772799997,99.0,98.9747,-0.0252
130.719947712,99.0,98.9747,-0.0252
130.75994769599998,99.0,98.9747,-0.0252
130.79994768,99.0,98.9748,-0.0251
130.839947664,99.0,98.9748,-0.0251
130.879947648,99.0,98.9748,-0.0251
130.919947632,99.0,98.9748,-0.0251
130.959947616,99.0,98.9749,-0.025
130.9999476,99.0,98.9749,-0.025
131.039947584,99.0,98.9748,-0.0251
131.07994756800002,99.0,98.9748,-0.0251
131.11994755199999,99.0,98.9748,-0.0251
131.159947536,99.0,98.9748,-0.0251
131.19994752,99.0,98.9749,-0.025
131.239947504,99.0,98.9749,-0.025
131.279947488,99.0,98.9748,-0.025
131.319947472,99.0,98.9749,-0.025
131.359947456,99.0,98.9749,-0.025
131.39994744,99.0,98.9749,-0.025
131.439947424,99.0,98.9749,-0.025
131.47994740800002,99.0,98.9749,-0.025
131.51994739199998,99.0,98.975,-0.0249
131.559947376,99.0,98.975,-0.0249
131.59994736,99.0,98.975,-0.0249
131.639947344,99.0,98.9751,-0.0248
131.679947328,99.0,98.9751,-0.0248
131.719947312,99.0,98.9752,-0.0247
131.75994729599998,99.0,98.9752,-0.0247
131.79994728,99.0,98.9752,-0.0247
131.839947264,99.0,98.9753,-0.0246
131.879947248,99.0,98.9753,-0.0246
131.919947232,99.0,98.9754,-0.0245
131.959947216,99.0,98.9755,-0.0244
131.9999472,99.0,98.9755,-0.0244
132.039947184,99.0,98.9756,-0.0243
132.07994716800002,99.0,98.9756,-0.0243
132.119947152,99.0,98.9756,-0.0243
132.159947136,99.0,98.9757,-0.0242
132.19994712,99.0,98.9757,-0.0242
132.239947104,99.0,98.9757,-0.0241
132.279947088,99.0,98.9757,-0.0242
132.31994707200002,99.0,98.9757,-0.0242
132.35994705599998,99.0,98.9758,-0.0241
132.39994704,99.0,98.9758,-0.0241
132.439947024,99.0,98.9758,-0.0241
132.479947008,99.0,98.9758,-0.024
132.519946992,99.0,98.9758,-0.0241
132.559946976,99.0,98.9758,-0.024
132.59994695999998,99.0,98.9758,-0.024
132.639946944,99.0,98.9759,-0.024
132.679946928,99.0,98.9759,-0.024
132.719946912,99.0,98.9759,-0.024
132.75994689599997,99.0,98.9759,-0.024
132.79994688,99.0,98.9759,-0.024
132.83994686399998,99.0,98.976,-0.0239
132.879946848,99.0,98.976,-0.0239
132.919946832,99.0,98.976,-0.0239
132.95994681599998,99.0,98.9761,-0.0238
132.9999468,99.0,98.9761,-0.0238
133.039946784,99.0,98.976,-0.0239
133.079946768,99.0,98.976,-0.0239
133.119946752,99.0,98.976,-0.0239
133.159946736,99.0,98.9761,-0.0238
133.19994671999999,99.0,98.9761,-0.0238
133.239946704,99.0,98.9761,-0.0238
133.279946688,99.0,98.9761,-0.0238
133.31994667200001,99.0,98.9762,-0.0237
133.359946656,99.0,98.9762,-0.0237
133.39994664,99.0,98.9763,-0.0236
133.439946624,99.0,98.9763,-0.0236
133.479946608,99.0,98.9763,-0.0236
133.519946592,99.0,98.9764,-0.0235
133.55994657600002,99.0,98.9764,-0.0235
133.59994655999998,99.0,98.9764,-0.0235
133.639946544,99.0,98.9764,-0.0235
133.679946528,99.0,98.9764,-0.0235
133.719946512,99.0,98.9765,-0.0234
133.759946496,99.0,98.9765,-0.0234
133.79994648,99.0,98.9766,-0.0233
133.83994646399998,99.0,98.9765,-0.0234
133.879946448,99.0,98.9765,-0.0234
133.91994643200002,99.0,98.9766,-0.0233
133.959946416,99.0,98.9765,-0.0234
133.9999464,99.0,98.9765,-0.0234
134.039946384,99.0,98.9766,-0.0233
134.079946368,99.0,98.9766,-0.0233
134.119946352,99.0,98.9766,-0.0233
134.15994633600002,99.0,98.9766,-0.0233
134.19994631999998,99.0,98.9766,-0.0233
134.239946304,99.0,98.9767,-0.0232
134.279946288,99.0,98.9767,-0.0232
134.319946272,99.0,98.9768,-0.0231
134.359946256,99.0,98.9768,-0.0231
134.39994624,99.0,98.9769,-0.023
134.43994622399998,99.0,98.9769,-0.023
134.479946208,99.0,98.9769,-0.023
134.519946192,99.0,98.9769,-0.023
134.559946176,99.0,98.9769,-0.023
134.59994616,99.0,98.977,-0.0229
134.639946144,99.0,98.977,-0.0228
134.67994612799998,99.0,98.9771,-0.0228
134.719946112,99.0,98.9771,-0.0228
134.759946096,99.0,98.9772,-0.0227
134.79994608,99.0,98.9772,-0.0227
134.83994606399997,99.0,98.9773,-0.0226
134.879946048,99.0,98.9773,-0.0226
134.919946032,99.0,98.9773,-0.0226
134.959946016,99.0,98.9774,-0.0225
134.99994600000002,99.0,98.9775,-0.0224
135.03994598399998,99.0,98.9775,-0.0224
135.079945968,99.0,98.9775,-0.0224
135.119945952,99.0,98.9775,-0.0223
135.159945936,99.0,98.9776,-0.0223
135.19994592,99.0,98.9776,-0.0223
135.239945904,99.0,98.9776,-0.0223
135.279945888,99.0,98.9776,-0.0223
135.319945872,99.0,98.9777,-0.0222
135.359945856,99.0,98.9777,-0.0222
135.39994584000002,99.0,98.9777,-0.0221
135.43994582399998,99.0,98.9777,-0.0222
135.479945808,99.0,98.9778,-0.0221
135.519945792,99.0,98.9778,-0.022
135.559945776,99.0,98.9779,-0.022
135.59994576,99.0,98.978,-0.0219
135.639945744,99.0,98.978,-0.0219
135.67994572799998,99.0,98.978,-0.0219
135.719945712,99.0,98.978,-0.0219
135.759945696,99.0,98.9781,-0.0218
135.79994568,99.0,98.9781,-0.0218
135.839945664,99.0,98.9782,-0.0217
135.879945648,99.0,98.9782,-0.0217
135.919945632,99.0,98.9782,-0.0217
135.959945616,99.0,98.9782,-0.0216
135.99994560000002,99.0,98.9783,-0.0216
136.039945584,99.0,98.9783,-0.0216
136.079945568,99.0,98.9784,-0.0215
136.119945552,99.0,98.9784,-0.0215
136.159945536,99.0,98.9784,-0.0215
136.19994552,99.0,98.9785,-0.0214
136.23994550400002,99.0,98.9785,-0.0214
136.27994548799998,99.0,98.9785,-0.0214
136.319945472,99.0,98.9786,-0.0213
136.359945456,99.0,98.9785,-0.0214
136.39994544,99.0,98.9786,-0.0213
136.439945424,99.0,98.9786,-0.0213
136.479945408,99.0,98.9786,-0.0213
136.51994539199998,99.0,98.9787,-0.0212
136.559945376,99.0,98.9786,-0.0213
136.59994536,99.0,98.9786,-0.0212
136.639945344,99.0,98.9787,-0.0212
136.67994532799997,99.0,98.9787,-0.0212
136.719945312,99.0,98.9788,-0.0211
136.75994529599998,99.0,98.9788,-0.0211
136.79994528,99.0,98.9788,-0.0211
136.839945264,99.0,98.9789,-0.021
136.87994524799998,99.0,98.979,-0.0209
136.919945232,99.0,98.979,-0.0209
136.959945216,99.0,98.9791,-0.0208
136.9999452,99.0,98.9791,-0.0208
137.039945184,99.0,98.9792,-0.0207
137.07994516800002,99.0,98.9793,-0.0206
137.11994515199999,99.0,98.9794,-0.0205
137.159945136,99.0,98.9795,-0.0204
137.19994512,99.0,98.9795,-0.0204
137.23994510400001,99.0,98.9796,-0.0203
137.279945088,99.0,98.9796,-0.0203
137.319945072,99.0,98.9796,-0.0203
137.359945056,99.0,98.9797,-0.0202
137.39994504,99.0,98.9798,-0.0201
137.439945024,99.0,98.9798,-0.0201
137.47994500800002,99.0,98.9798,-0.0201
137.51994499199998,99.0,98.9798,-0.02
137.559944976,99.0,98.9799,-0.02
137.59994496,99.0,98.9799,-0.02
137.639944944,99.0,98.98,-0.0199
137.679944928,99.0,98.9801,-0.0198
137.719944912,99.0,98.9801,-0.0198
137.75994489599998,99.0,98.9802,-0.0197
137.79994488,99.0,98.9802,-0.0197
137.839944864,99.0,98.9803,-0.0196
137.879944848,99.0,98.9803,-0.0196
137.919944832,99.0,98.9803,-0.0196
137.959944816,99.0,98.9804,-0.0195
137.9999448,99.0,98.9805,-0.0194
138.039944784,99.0,98.9805,-0.0194
138.07994476800002,99.0,98.9805,-0.0194
138.11994475199998,99.0,98.9805,-0.0194
138.159944736,99.0,98.9806,-0.0193
138.19994472,99.0,98.9807,-0.0192
138.239944704,99.0,98.9807,-0.0192
138.279944688,99.0,98.9807,-0.0192
138.31994467200002,99.0,98.9807,-0.0192
138.35994465599998,99.0,98.9808,-0.0191
138.39994464,99.0,98.9809,-0.019
138.439944624,99.0,98.9809,-0.019
138.479944608,99.0,98.9809,-0.019
138.519944592,99.0,98.981,-0.0189
138.559944576,99.0,98.981,-0.0189
138.59994455999998,99.0,98.9811,-0.0188
138.639944544,99.0,98.9811,-0.0188
138.679944528,99.0,98.9812,-0.0187
138.719944512,99.0,98.9813,-0.0186
138.75994449599997,99.0,98.9813,-0.0186
138.79994448,99.0,98.9813,-0.0186
138.83994446399998,99.0,98.9814,-0.0185
138.879944448,99.0,98.9815,-0.0184
138.91994443200002,99.0,98.9815,-0.0184
138.95994441599998,99.0,98.9815,-0.0184
138.9999444,99.0,98.9816,-0.0183
139.039944384,99.0,98.9816,-0.0183
139.079944368,99.0,98.9816,-0.0183
139.119944352,99.0,98.9817,-0.0182
139.159944336,99.0,98.9818,-0.0181
139.19994432,99.0,98.9818,-0.0181
139.239944304,99.0,98.9819,-0.018
139.279944288,99.0,98.9818,-0.018
139.31994427200001,99.0,98.9819,-0.018
139.35994425599998,99.0,98.9819,-0.018
139.39994424,99.0,98.982,-0.0179
139.439944224,99.0,98.982,-0.0179
139.479944208,99.0,98.982,-0.0178
139.519944192,99.0,98.9821,-0.0178
139.55994417600002,99.0,98.9821,-0.0177
139.59994415999998,99.0,98.9821,-0.0177
139.639944144,99.0,98.9822,-0.0177
139.679944128,99.0,98.9823,-0.0176
139.719944112,99.0,98.9823,-0.0176
139.759944096,99.0,98.9823,-0.0175
139.79994408,99.0,98.9823,-0.0175
139.83994406399998,99.0,98.9823,-0.0176
139.879944048,99.0,98.9824,-0.0175
139.91994403200002,99.0,98.9823,-0.0176
139.959944016,99.0,98.9824,-0.0175
139.999944,99.0,98.9824,-0.0175
140.039943984,99.0,98.9824,-0.0175
140.079943968,99.0,98.9824,-0.0175
140.119943952,99.0,98.9823,-0.0176
140.15994393600002,99.0,98.9823,-0.0175
140.19994391999998,99.0,98.9823,-0.0176
140.239943904,99.0,98.9823,-0.0176
140.279943888,99.0,98.9823,-0.0176
140.319943872,99.0,98.9822,-0.0177
140.359943856,99.0,98.9822,-0.0177
140.39994384,99.0,98.9822,-0.0177
140.43994382399998,99.0,98.9822,-0.0177
140.479943808,99.0,98.9822,-0.0177
140.519943792,99.0,98.9822,-0.0177
140.559943776,99.0,98.9822,-0.0177
140.59994375999997,99.0,98.9823,-0.0176
140.639943744,99.0,98.9823,-0.0176
140.67994372799998,99.0,98.9823,-0.0176
140.719943712,99.0,98.9823,-0.0176
140.759943696,99.0,98.9823,-0.0176
140.79994368,99.0,98.9822,-0.0177
140.83994366399997,99.0,98.9821,-0.0177
140.879943648,99.0,98.9821,-0.0178
140.919943632,99.0,98.982,-0.0178
140.959943616,99.0,98.982,-0.0179
140.99994360000002,99.0,98.982,-0.0179
141.03994358399999,99.0,98.982,-0.0179
141.079943568,99.0,98.9819,-0.018
141.119943552,99.0,98.9819,-0.018
141.15994353600001,99.0,98.9818,-0.0181
141.19994352,99.0,98.9818,-0.0181
141.239943504,99.0,98.9817,-0.0182
141.279943488,99.0,98.9817,-0.0182
141.319943472,99.0,98.9817,-0.0182
141.359943456,99.0,98.9816,-0.0183
141.39994344000002,99.0,98.9815,-0.0184
141.43994342399998,99.0,98.9815,-0.0184
141.479943408,99.0,98.9815,-0.0184
141.519943392,99.0,98.9814,-0.0185
141.559943376,99.0,98.9814,-0.0185
141.59994336,99.0,98.9813,-0.0186
141.639943344,99.0,98.9813,-0.0186
141.67994332799998,99.0,98.9813,-0.0186
141.719943312,99.0,98.9812,-0.0187
141.759943296,99.0,98.9812,-0.0187
141.79994328,99.0,98.9811,-0.0188
141.839943264,99.0,98.9811,-0.0188
141.879943248,99.0,98.981,-0.0189
141.919943232,99.0,98.9809,-0.019
141.959943216,99.0,98.9809,-0.019
141.99994320000002,99.0,98.9808,-0.0191
142.039943184,99.0,98.9808,-0.0191
142.079943168,99.0,98.9807,-0.0192
142.119943152,99.0,98.9807,-0.0192
142.159943136,99.0,98.9806,-0.0193
142.19994312,99.0,98.9806,-0.0193
142.23994310400002,99.0,98.9805,-0.0194
142.27994308799998,99.0,98.9805,-0.0194
142.319943072,99.0,98.9805,-0.0194
142.359943056,99.0,98.9805,-0.0194
142.39994304,99.0,98.9804,-0.0195
142.439943024,99.0,98.9803,-0.0196
142.479943008,99.0,98.9803,-0.0196
142.51994299199998,99.0,98.9803,-0.0196
142.559942976,99.0,98.9802,-0.0197
142.59994296,99.0,98.9802,-0.0197
142.639942944,99.0,98.9801,-0.0198
142.67994292799997,99.0,98.9801,-0.0198
142.719942912,99.0,98.98,-0.0199
142.75994289599998,99.0,98.98,-0.0199
142.79994288,99.0,98.98,-0.0199
142.839942864,99.0,98.9798,-0.0201
142.87994284799998,99.0,98.9797,-0.0202
142.919942832,99.0,98.9797,-0.0202
142.959942816,99.0,98.9796,-0.0203
142.9999428,99.0,98.9796,-0.0203
143.039942784,99.0,98.9795,-0.0204
143.079942768,99.0,98.9795,-0.0204
143.119942752,99.0,98.9795,-0.0204
143.159942736,99.0,98.9794,-0.0205
143.19994272,99.0,98.9793,-0.0206
143.23994270400001,99.0,98.9793,-0.0206
143.279942688,99.0,98.9792,-0.0207
143.319942672,99.0,98.9792,-0.0207
143.359942656,99.0,98.9792,-0.0207
143.39994264,99.0,98.9791,-0.0207
143.439942624,99.0,98.9792,-0.0207
143.47994260800002,99.0,98.9791,-0.0208
143.51994259199998,99.0,98.9791,-0.0208
143.559942576,99.0,98.979,-0.0209
143.59994256,99.0,98.979,-0.0209
143.639942544,99.0,98.979,-0.0209
143.679942528,99.0,98.9789,-0.021
143.719942512,99.0,98.9789,-0.021
143.75994249599998,99.0,98.9788,-0.0211
143.79994248,99.0,98.9787,-0.0212
143.839942464,99.0,98.9787,-0.0212
143.879942448,99.0,98.9786,-0.0213
143.919942432,99.0,98.9785,-0.0214
143.959942416,99.0,98.9785,-0.0214
143.9999424,99.0,98.9785,-0.0214
144.039942384,99.0,98.9785,-0.0214
144.07994236800002,99.0,98.9785,-0.0214
144.11994235199998,99.0,98.9784,-0.0215
144.159942336,99.0,98.9784,-0.0215
144.19994232,99.0,98.9784,-0.0215
144.239942304,99.0,98.9783,-0.0216
144.279942288,99.0,98.9783,-0.0216
144.319942272,99.0,98.9782,-0.0217
144.35994225599998,99.0,98.9782,-0.0217
144.39994224,99.0,98.9781,-0.0218
144.439942224,99.0,98.9781,-0.0218
144.479942208,99.0,98.9781,-0.0218
144.519942192,99.0,98.978,-0.0219
144.559942176,99.0,98.9781,-0.0218
144.59994215999998,99.0,98.9781,-0.0218
144.639942144,99.0,98.978,-0.0219
144.679942128,99.0,98.9779,-0.022
144.719942112,99.0,98.9779,-0.022
144.75994209599997,99.0,98.9778,-0.0221
144.79994208,99.0,98.9778,-0.0221
144.839942064,99.0,98.9778,-0.0221
144.879942048,99.0,98.9778,-0.0221
144.91994203200002,99.0,98.9778,-0.0221
144.95994201599999,99.0,98.9777,-0.0222
144.999942,99.0,98.9777,-0.0222
145.039941984,99.0,98.9777,-0.0222
145.079941968,99.0,98.9776,-0.0223
145.119941952,99.0,98.9776,-0.0223
145.159941936,99.0,98.9775,-0.0224
145.19994192,99.0,98.9775,-0.0224
145.239941904,99.0,98.9775,-0.0224
145.279941888,99.0,98.9774,-0.0225
145.31994187200002,99.0,98.9774,-0.0225
145.35994185599998,99.0,98.9773,-0.0226
145.39994184,99.0,98.9773,-0.0226
145.439941824,99.0,98.9773,-0.0226
145.479941808,99.0,98.9772,-0.0227
145.519941792,99.0,98.9772,-0.0227
145.559941776,99.0,98.9771,-0.0228
145.59994175999998,99.0,98.9771,-0.0228
145.639941744,99.0,98.977,-0.0228
145.679941728,99.0,98.977,-0.0229
145.719941712,99.0,98.977,-0.0229
145.759941696,99.0,98.9769,-0.023
145.79994168,99.0,98.9769,-0.023
145.839941664,99.0,98.9769,-0.023
145.879941648,99.0,98.9769,-0.023
145.91994163200002,99.0,98.9768,-0.0231
145.959941616,99.0,98.9768,-0.023
145.9999416,99.0,98.9768,-0.0231
146.039941584,99.0,98.9769,-0.023
146.079941568,99.0,98.9769,-0.023
146.119941552,99.0,98.9769,-0.023
146.15994153600002,99.0,98.9769,-0.023
146.19994151999998,99.0,98.9769,-0.023
146.239941504,99.0,98.9769,-0.023
146.279941488,99.0,98.9769,-0.023
146.319941472,99.0,98.9769,-0.023
146.359941456,99.0,98.9769,-0.023
146.39994144,99.0,98.9769,-0.023
146.43994142399998,99.0,98.9769,-0.023
146.479941408,99.0,98.9769,-0.023
146.519941392,99.0,98.9769,-0.023
146.559941376,99.0,98.9769,-0.023
146.59994135999997,99.0,98.9768,-0.0231
146.639941344,99.0,98.9768,-0.0231
146.67994132799998,99.0,98.9768,-0.0231
146.719941312,99.0,98.9768,-0.0231
146.759941296,99.0,98.9768,-0.0231
146.79994127999998,99.0,98.9768,-0.0231
146.839941264,99.0,98.9767,-0.0232
146.879941248,99.0,98.9768,-0.0231
146.919941232,99.0,98.9767,-0.0232
146.959941216,99.0,98.9767,-0.0232
146.99994120000002,99.0,98.9767,-0.0232
147.03994118399999,99.0,98.9767,-0.0232
147.079941168,99.0,98.9767,-0.0232
147.119941152,99.0,98.9768,-0.0231
147.15994113600001,99.0,98.9768,-0.0231
147.19994112,99.0,98.9768,-0.0231
147.239941104,99.0,98.9768,-0.0231
147.279941088,99.0,98.9768,-0.0231
147.319941072,99.0,98.9768,-0.0231
147.359941056,99.0,98.9768,-0.0231
147.39994104000002,99.0,98.9768,-0.0231
147.43994102399998,99.0,98.9768,-0.0231
147.479941008,99.0,98.9768,-0.0231
147.519940992,99.0,98.9768,-0.0231
147.559940976,99.0,98.9768,-0.0231
147.59994096,99.0,98.9768,-0.0231
147.639940944,99.0,98.9768,-0.0231
147.67994092799998,99.0,98.9768,-0.0231
147.719940912,99.0,98.9768,-0.0231
147.759940896,99.0,98.9768,-0.0231
147.79994088,99.0,98.9768,-0.0231
147.839940864,99.0,98.9768,-0.0231
147.879940848,99.0,98.9768,-0.0231
147.919940832,99.0,98.9768,-0.0231
147.959940816,99.0,98.9768,-0.0231
147.99994080000002,99.0,98.9768,-0.0231
148.03994078399998,99.0,98.9768,-0.0231
148.079940768,99.0,98.9768,-0.0231
148.119940752,99.0,98.9768,-0.0231
148.159940736,99.0,98.9768,-0.0231
148.19994072,99.0,98.9768,-0.0231
148.23994070400002,99.0,98.9768,-0.023
148.27994068799998,99.0,98.9769,-0.023
148.319940672,99.0,98.9769,-0.023
148.359940656,99.0,98.9769,-0.023
148.39994064,99.0,98.9769,-0.023
148.439940624,99.0,98.9769,-0.023
148.479940608,99.0,98.9769,-0.023
148.51994059199998,99.0,98.9768,-0.023
148.559940576,99.0,98.9769,-0.023
148.59994056,99.0,98.9768,-0.023
148.639940544,99.0,98.9768,-0.0231
148.67994052799997,99.0,98.9769,-0.023
148.719940512,99.0,98.9768,-0.023
148.75994049599998,99.0,98.9768,-0.0231
148.79994048,99.0,98.9768,-0.0231
148.83994046400002,99.0,98.9768,-0.0231
148.87994044799999,99.0,98.9768,-0.0231
148.919940432,99.0,98.9768,-0.0231
148.959940416,99.0,98.9768,-0.0231
148.9999404,99.0,98.9767,-0.0232
149.039940384,99.0,98.9767,-0.0232
149.079940368,99.0,98.9767,-0.0232
149.119940352,99.0,98.9766,-0.0232
149.159940336,99.0,98.9766,-0.0233
149.19994032,99.0,98.9767,-0.0232
149.23994030400002,99.0,98.9766,-0.0233
149.27994028799998,99.0,98.9765,-0.0234
149.319940272,99.0,98.9765,-0.0234
149.359940256,99.0,98.9765,-0.0234
149.39994024,99.0,98.9765,-0.0234
149.439940224,99.0,98.9764,-0.0235
149.47994020800002,99.0,98.9764,-0.0235
149.51994019199998,99.0,98.9764,-0.0235
149.559940176,99.0,98.9763,-0.0236
149.59994016,99.0,98.9763,-0.0236
149.639940144,99.0,98.9762,-0.0236
149.679940128,99.0,98.9762,-0.0237
149.719940112,99.0,98.9762,-0.0236
149.75994009599998,99.0,98.9762,-0.0237
149.79994008,99.0,98.9762,-0.0237
149.83994006400002,99.0,98.9762,-0.0237
149.879940048,99.0,98.9762,-0.0237
149.919940032,99.0,98.9762,-0.0237
149.959940016,99.0,98.9761,-0.0237
149.99994,99.0,98.9761,-0.0238
150.039939984,99.0,98.9761,-0.0237
150.07993996800002,99.0,98.9761,-0.0238
150.11993995199998,99.0,98.9761,-0.0238
150.159939936,99.0,98.9761,-0.0238
150.19993992,99.0,98.976,-0.0239
150.239939904,99.0,98.976,-0.0239
150.279939888,99.0,98.976,-0.0239
150.319939872,99.0,98.9759,-0.0239
150.35993985599998,99.0,98.9759,-0.0239
150.39993984,99.0,98.9759,-0.024
150.439939824,99.0,98.9759,-0.0239
150.479939808,99.0,98.9759,-0.024
150.51993979199997,99.0,98.9759,-0.024
150.559939776,99.0,98.9759,-0.024
150.59993975999998,99.0,98.9759,-0.024
150.639939744,99.0,98.976,-0.0239
150.679939728,99.0,98.976,-0.0239
150.719939712,99.0,98.976,-0.0239
150.759939696,99.0,98.976,-0.0239
150.79993968,99.0,98.976,-0.0239
150.839939664,99.0,98.976,-0.0239
150.879939648,99.0,98.976,-0.0239
150.91993963200002,99.0,98.976,-0.0239
150.95993961599999,99.0,98.9759,-0.0239
150.9999396,99.0,98.976,-0.0239
151.039939584,99.0,98.9759,-0.024
151.07993956800001,99.0,98.976,-0.0239
151.119939552,99.0,98.9759,-0.0239
151.159939536,99.0,98.976,-0.0239
151.19993952,99.0,98.976,-0.0239
151.239939504,99.0,98.976,-0.0239
151.279939488,99.0,98.976,-0.0239
151.31993947200002,99.0,98.976,-0.0239
151.35993945599998,99.0,98.976,-0.0239
151.39993944,99.0,98.976,-0.0239
151.439939424,99.0,98.976,-0.0239
151.479939408,99.0,98.976,-0.0239
151.519939392,99.0,98.976,-0.0239
151.559939376,99.0,98.976,-0.0239
151.59993935999998,99.0,98.976,-0.0239
151.639939344,99.0,98.976,-0.0239
151.679939328,99.0,98.976,-0.0239
151.719939312,99.0,98.976,-0.0239
151.759939296,99.0,98.976,-0.0239
151.79993928,99.0,98.976,-0.0239
151.839939264,99.0,98.9761,-0.0238
151.879939248,99.0,98.9761,-0.0238
151.91993923200002,99.0,98.9761,-0.0238
151.959939216,99.0,98.9762,-0.0237
151.9999392,99.0,98.9762,-0.0237
152.039939184,99.0,98.9762,-0.0237
152.079939168,99.0,98.9762,-0.0237
152.119939152,99.0,98.9763,-0.0236
152.15993913600002,99.0,98.9763,-0.0236
152.19993911999998,99.0,98.9764,-0.0235
152.239939104,99.0,98.9764,-0.0235
152.279939088,99.0,98.9765,-0.0234
152.319939072,99.0,98.9765,-0.0234
152.359939056,99.0,98.9766,-0.0233
152.39993904,99.0,98.9766,-0.0233
152.43993902399998,99.0,98.9766,-0.0232
152.479939008,99.0,98.9767,-0.0232
152.519938992,99.0,98.9767,-0.0232
152.559938976,99.0,98.9768,-0.0231
152.59993895999997,99.0,98.9768,-0.0231
152.639938944,99.0,98.9769,-0.023
152.67993892799998,99.0,98.9769,-0.023
152.719938912,99.0,98.977,-0.0229
152.759938896,99.0,98.977,-0.0228
152.79993887999998,99.0,98.9771,-0.0228
152.839938864,99.0,98.9771,-0.0228
152.879938848,99.0,98.9772,-0.0227
152.919938832,99.0,98.9772,-0.0227
152.959938816,99.0,98.9773,-0.0226
152.9999388,99.0,98.9772,-0.0227
153.039938784,99.0,98.9772,-0.0227
153.079938768,99.0,98.9773,-0.0226
153.119938752,99.0,98.9773,-0.0226
153.15993873600002,99.0,98.9773,-0.0226
153.19993871999998,99.0,98.9773,-0.0226
153.239938704,99.0,98.9773,-0.0226
153.279938688,99.0,98.9774,-0.0225
153.319938672,99.0,98.9774,-0.0225
153.359938656,99.0,98.9774,-0.0225
153.39993864000002,99.0,98.9775,-0.0224
153.43993862399998,99.0,98.9775,-0.0224
153.479938608,99.0,98.9776,-0.0223
153.519938592,99.0,98.9776,-0.0223
153.559938576,99.0,98.9776,-0.0223
153.59993856,99.0,98.9776,-0.0223
153.639938544,99.0,98.9776,-0.0223
153.67993852799998,99.0,98.9777,-0.0222
153.719938512,99.0,98.9777,-0.0222
153.75993849600002,99.0,98.9778,-0.0221
153.79993848,99.0,98.9778,-0.0221
153.839938464,99.0,98.9779,-0.022
153.879938448,99.0,98.9778,-0.022
153.919938432,99.0,98.9779,-0.022
153.959938416,99.0,98.9779,-0.022
153.99993840000002,99.0,98.978,-0.0219
154.03993838399998,99.0,98.978,-0.0219
154.079938368,99.0,98.978,-0.0219
154.119938352,99.0,98.9781,-0.0218
154.159938336,99.0,98.9782,-0.0217
154.19993832,99.0,98.9782,-0.0217
154.239938304,99.0,98.9783,-0.0216
154.27993828799998,99.0,98.9783,-0.0216
154.319938272,99.0,98.9784,-0.0215
154.359938256,99.0,98.9784,-0.0214
154.39993824,99.0,98.9785,-0.0214
154.43993822399997,99.0,98.9785,-0.0214
154.479938208,99.0,98.9785,-0.0214
154.51993819199998,99.0,98.9786,-0.0213
154.559938176,99.0,98.9786,-0.0213
154.59993816,99.0,98.9786,-0.0212
154.639938144,99.0,98.9787,-0.0212
154.67993812799997,99.0,98.9787,-0.0211
154.719938112,99.0,98.9787,-0.0212
154.759938096,99.0,98.9788,-0.0211
154.79993808,99.0,98.9789,-0.021
154.83993806400002,99.0,98.9789,-0.021
154.87993804799999,99.0,98.979,-0.0209
154.919938032,99.0,98.9791,-0.0208
154.959938016,99.0,98.9791,-0.0207
154.99993800000001,99.0,98.9792,-0.0207
155.039937984,99.0,98.9792,-0.0207
155.079937968,99.0,98.9793,-0.0206
155.119937952,99.0,98.9793,-0.0206
155.159937936,99.0,98.9794,-0.0205
155.19993792,99.0,98.9795,-0.0204
155.23993790400002,99.0,98.9795,-0.0204
155.27993788799998,99.0,98.9796,-0.0203
155.319937872,99.0,98.9796,-0.0203
155.359937856,99.0,98.9796,-0.0203
155.39993784,99.0,98.9797,-0.0202
155.439937824,99.0,98.9797,-0.0202
155.479937808,99.0,98.9797,-0.0202
155.51993779199998,99.0,98.9798,-0.0201
155.559937776,99.0,98.9798,-0.0201
155.59993776,99.0,98.9798,-0.02
155.639937744,99.0,98.9798,-0.0201
155.67993772799997,99.0,98.9799,-0.02
155.719937712,99.0,98.9799,-0.02
155.759937696,99.0,98.98,-0.0199
155.79993768,99.0,98.98,-0.0199
155.83993766400002,99.0,98.98,-0.0199
155.879937648,99.0,98.98,-0.0199
155.919937632,99.0,98.98,-0.0199
155.959937616,99.0,98.98,-0.0199
155.9999376,99.0,98.98,-0.0199
156.039937584,99.0,98.98,-0.0199
156.07993756800002,99.0,98.98,-0.0199
156.11993755199998,99.0,98.9801,-0.0198
156.159937536,99.0,98.9801,-0.0198
156.19993752,99.0,98.9802,-0.0197
156.239937504,99.0,98.9802,-0.0196
156.279937488,99.0,98.9802,-0.0196
156.319937472,99.0,98.9803,-0.0195
156.35993745599998,99.0,98.9803,-0.0195
156.39993744,99.0,98.9803,-0.0195
156.439937424,99.0,98.9804,-0.0195
156.479937408,99.0,98.9804,-0.0195
156.51993739199997,99.0,98.9804,-0.0195
156.559937376,99.0,98.9804,-0.0195
156.59993735999998,99.0,98.9804,-0.0195
156.639937344,99.0,98.9804,-0.0195
156.679937328,99.0,98.9804,-0.0195
156.71993731199998,99.0,98.9804,-0.0195
156.759937296,99.0,98.9805,-0.0194
156.79993728,99.0,98.9805,-0.0194
156.839937264,99.0,98.9805,-0.0194
156.879937248,99.0,98.9806,-0.0193
156.919937232,99.0,98.9805,-0.0194
156.959937216,99.0,98.9806,-0.0193
156.9999372,99.0,98.9806,-0.0193
157.039937184,99.0,98.9806,-0.0193
157.07993716800001,99.0,98.9806,-0.0193
157.119937152,99.0,98.9806,-0.0193
157.159937136,99.0,98.9806,-0.0193
157.19993712,99.0,98.9807,-0.0192
157.239937104,99.0,98.9807,-0.0192
157.279937088,99.0,98.9808,-0.0191
157.31993707200002,99.0,98.9807,-0.0192
157.35993705599998,99.0,98.9807,-0.0192
157.39993704,99.0,98.9808,-0.0191
157.439937024,99.0,98.9808,-0.0191
157.479937008,99.0,98.9808,-0.0191
157.519936992,99.0,98.9808,-0.0191
157.559936976,99.0,98.9808,-0.0191
157.59993695999998,99.0,98.9809,-0.019
157.639936944,99.0,98.9809,-0.019
157.679936928,99.0,98.9809,-0.019
157.719936912,99.0,98.9809,-0.019
157.759936896,99.0,98.981,-0.0189
157.79993688,99.0,98.981,-0.0189
157.839936864,99.0,98.981,-0.0189
157.879936848,99.0,98.981,-0.0189
157.91993683200002,99.0,98.9811,-0.0188
157.95993681599998,99.0,98.9811,-0.0188
157.9999368,99.0,98.9811,-0.0188
158.039936784,99.0,98.9811,-0.0188
158.079936768,99.0,98.9811,-0.0188
158.119936752,99.0,98.9811,-0.0188
158.159936736,99.0,98.9811,-0.0188
158.19993671999998,99.0,98.9811,-0.0188
158.239936704,99.0,98.9811,-0.0188
158.279936688,99.0,98.9811,-0.0188
158.319936672,99.0,98.9811,-0.0188
158.359936656,99.0,98.9811,-0.0188
158.39993664,99.0,98.9811,-0.0188
158.43993662399998,99.0,98.9812,-0.0187
158.479936608,99.0,98.9811,-0.0188
158.519936592,99.0,98.9811,-0.0187
158.559936576,99.0,98.9812,-0.0187
158.59993655999997,99.0,98.9812,-0.0187
158.639936544,99.0,98.9812,-0.0187
158.67993652799998,99.0,98.9812,-0.0187
158.719936512,99.0,98.9813,-0.0186
158.75993649600002,99.0,98.9813,-0.0186
158.79993647999999,99.0,98.9813,-0.0186
158.839936464,99.0,98.9814,-0.0185
158.879936448,99.0,98.9814,-0.0185
158.91993643200001,99.0,98.9814,-0.0185
158.959936416,99.0,98.9815,-0.0184
158.9999364,99.0,98.9815,-0.0184
159.039936384,99.0,98.9815,-0.0184
159.079936368,99.0,98.9815,-0.0184
159.119936352,99.0,98.9815,-0.0184
159.15993633600002,99.0,98.9816,-0.0183
159.19993631999998,99.0,98.9816,-0.0183
159.239936304,99.0,98.9816,-0.0183
159.279936288,99.0,98.9816,-0.0183
159.319936272,99.0,98.9816,-0.0183
159.359936256,99.0,98.9816,-0.0183
159.39993624,99.0,98.9816,-0.0183
159.43993622399998,99.0,98.9816,-0.0183
159.479936208,99.0,98.9816,-0.0183
159.519936192,99.0,98.9816,-0.0183
159.559936176,99.0,98.9817,-0.0182
159.59993616,99.0,98.9817,-0.0182
159.639936144,99.0,98.9816,-0.0182
159.67993612799998,99.0,98.9817,-0.0182
159.719936112,99.0,98.9817,-0.0182
159.75993609600002,99.0,98.9817,-0.0182
159.79993608,99.0,98.9817,-0.0182
159.839936064,99.0,98.9816,-0.0182
159.879936048,99.0,98.9816,-0.0182
159.919936032,99.0,98.9817,-0.0182
159.959936016,99.0,98.9817,-0.0182
159.99993600000002,99.0,98.9817,-0.0182
160.03993598399998,99.0,98.9816,-0.0182
160.079935968,99.0,98.9816,-0.0183
160.119935952,99.0,98.9816,-0.0183
160.159935936,99.0,98.9816,-0.0183
160.19993592,99.0,98.9816,-0.0183
160.239935904,99.0,98.9816,-0.0183
160.27993588799998,99.0,98.9815,-0.0184
160.319935872,99.0,98.9815,-0.0184
160.359935856,99.0,98.9815,-0.0184
160.39993584,99.0,98.9815,-0.0184
160.43993582399997,99.0,98.9814,-0.0185
160.479935808,99.0,98.9813,-0.0186
160.51993579199998,99.0,98.9813,-0.0186
160.559935776,99.0,98.9814,-0.0185
160.59993576,99.0,98.9813,-0.0186
160.63993574399998,99.0,98.9813,-0.0186
160.67993572799998,99.0,98.9813,-0.0186
160.719935712,99.0,98.9812,-0.0186
160.759935696,99.0,98.9812,-0.0187
160.79993568,99.0,98.9811,-0.0188
160.83993566400002,99.0,98.9811,-0.0188
160.879935648,99.0,98.9811,-0.0188
160.919935632,99.0,98.981,-0.0189
160.959935616,99.0,98.981,-0.0189
160.99993560000001,99.0,98.9809,-0.019
161.039935584,99.0,98.9809,-0.019
161.079935568,99.0,98.9808,-0.0191
161.119935552,99.0,98.9807,-0.0192
161.159935536,99.0,98.9807,-0.0192
161.19993552,99.0,98.9806,-0.0193
161.23993550400002,99.0,98.9806,-0.0193
161.27993548799998,99.0,98.9806,-0.0193
161.319935472,99.0,98.9805,-0.0194
161.359935456,99.0,98.9805,-0.0194
161.39993544,99.0,98.9805,-0.0194
161.439935424,99.0,98.9804,-0.0195
161.479935408,99.0,98.9804,-0.0195
161.51993539199998,99.0,98.9803,-0.0196
161.559935376,99.0,98.9802,-0.0196
161.59993536,99.0,98.9802,-0.0197
161.639935344,99.0,98.9801,-0.0198
161.679935328,99.0,98.98,-0.0199
161.719935312,99.0,98.98,-0.0199
161.759935296,99.0,98.98,-0.0199
161.79993528,99.0,98.98,-0.0199
161.83993526400002,99.0,98.9799,-0.02
161.87993524799998,99.0,98.9798,-0.0201
161.919935232,99.0,98.9798,-0.0201
161.959935216,99.0,98.9797,-0.0202
161.9999352,99.0,98.9796,-0.0203
162.039935184,99.0,98.9795,-0.0204
162.07993516800002,99.0,98.9794,-0.0205
162.11993515199998,99.0,98.9793,-0.0205
162.159935136,99.0,98.9792,-0.0207
162.19993512,99.0,98.9791,-0.0208
162.239935104,99.0,98.9791,-0.0208
162.279935088,99.0,98.9791,-0.0208
162.319935072,99.0,98.979,-0.0209
162.35993505599998,99.0,98.9789,-0.021
162.39993504,99.0,98.9789,-0.021
162.439935024,99.0,98.9789,-0.021
162.479935008,99.0,98.9788,-0.0211
162.51993499199997,99.0,98.9788,-0.0211
162.559934976,99.0,98.9787,-0.0212
162.59993495999998,99.0,98.9786,-0.0213
162.639934944,99.0,98.9786,-0.0213
162.679934928,99.0,98.9786,-0.0213
162.71993491199999,99.0,98.9785,-0.0214
162.759934896,99.0,98.9784,-0.0215
162.79993488,99.0,98.9783,-0.0216
162.839934864,99.0,98.9783,-0.0216
162.879934848,99.0,98.9782,-0.0216
162.919934832,99.0,98.9782,-0.0216
162.959934816,99.0,98.9782,-0.0217
162.9999348,99.0,98.9782,-0.0217
163.039934784,99.0,98.9782,-0.0217
163.07993476800002,99.0,98.9782,-0.0217
163.11993475199998,99.0,98.9781,-0.0218
163.159934736,99.0,98.9781,-0.0218
163.19993472,99.0,98.9781,-0.0218
163.239934704,99.0,98.9781,-0.0218
163.279934688,99.0,98.9781,-0.0218
163.31993467200002,99.0,98.9779,-0.022
163.35993465599998,99.0,98.9779,-0.022
163.39993464,99.0,98.9778,-0.022
163.439934624,99.0,98.9778,-0.0221
163.479934608,99.0,98.9778,-0.022
163.519934592,99.0,98.9778,-0.0221
163.559934576,99.0,98.9778,-0.0221
163.59993455999998,99.0,98.9778,-0.0221
163.639934544,99.0,98.9777,-0.0222
163.679934528,99.0,98.9777,-0.0222
163.719934512,99.0,98.9777,-0.0222
163.759934496,99.0,98.9776,-0.0223
163.79993448,99.0,98.9775,-0.0224
163.839934464,99.0,98.9775,-0.0224
163.879934448,99.0,98.9774,-0.0225
163.91993443200002,99.0,98.9774,-0.0225
163.95993441599998,99.0,98.9773,-0.0226
163.9999344,99.0,98.9773,-0.0226
164.039934384,99.0,98.9773,-0.0226
164.079934368,99.0,98.9773,-0.0226
164.119934352,99.0,98.9773,-0.0226
164.159934336,99.0,98.9772,-0.0227
164.19993431999998,99.0,98.9772,-0.0227
164.239934304,99.0,98.9772,-0.0227
164.279934288,99.0,98.9772,-0.0227
164.319934272,99.0,98.9772,-0.0227
164.35993425599997,99.0,98.9771,-0.0228
164.39993424,99.0,98.9772,-0.0227
164.43993422399998,99.0,98.9771,-0.0228
164.479934208,99.0,98.977,-0.0228
164.519934192,99.0,98.9771,-0.0228
164.559934176,99.0,98.9771,-0.0228
164.59993415999998,99.0,98.977,-0.0228
164.639934144,99.0,98.977,-0.0228
164.679934128,99.0,98.977,-0.0229
164.719934112,99.0,98.977,-0.0229
164.75993409600002,99.0,98.9769,-0.023
164.79993407999999,99.0,98.9769,-0.023
164.839934064,99.0,98.977,-0.0229
164.879934048,99.0,98.9769,-0.023
164.91993403200001,99.0,98.9768,-0.023
164.959934016,99.0,98.9768,-0.0231
164.999934,99.0,98.9767,-0.0232
165.039933984,99.0,98.9767,-0.0232
165.079933968,99.0,98.9767,-0.0232
165.119933952,99.0,98.9767,-0.0232
165.15993393600002,99.0,98.9767,-0.0232
165.19993391999998,99.0,98.9766,-0.0232
165.239933904,99.0,98.9766,-0.0233
165.279933888,99.0,98.9766,-0.0233
165.319933872,99.0,98.9765,-0.0234
165.359933856,99.0,98.9765,-0.0234
165.39993384,99.0,98.9765,-0.0234
165.43993382399998,99.0,98.9765,-0.0234
165.479933808,99.0,98.9764,-0.0235
165.519933792,99.0,98.9764,-0.0235
165.559933776,99.0,98.9764,-0.0235
165.59993375999997,99.0,98.9764,-0.0235
165.639933744,99.0,98.9763,-0.0236
165.679933728,99.0,98.9763,-0.0236
165.719933712,99.0,98.9763,-0.0236
165.75993369600002,99.0,98.9763,-0.0236
165.79993368,99.0,98.9763,-0.0236
165.839933664,99.0,98.9762,-0.0237
165.879933648,99.0,98.9762,-0.0236
165.919933632,99.0,98.9762,-0.0237
165.959933616,99.0,98.9762,-0.0237
165.99993360000002,99.0,98.9762,-0.0236
166.03993358399998,99.0,98.9762,-0.0236
166.079933568,99.0,98.9763,-0.0236
166.119933552,99.0,98.9762,-0.0236
166.159933536,99.0,98.9762,-0.0236
166.19993352,99.0,98.9763,-0.0236
166.239933504,99.0,98.9762,-0.0236
166.27993348799998,99.0,98.9763,-0.0236
166.319933472,99.0,98.9762,-0.0236
166.359933456,99.0,98.9762,-0.0237
166.39993344,99.0,98.9762,-0.0237
166.43993342399997,99.0,98.9762,-0.0237
166.479933408,99.0,98.9762,-0.0237
166.51993339199998,99.0,98.9762,-0.0236
166.559933376,99.0,98.9762,-0.0236
166.59993336,99.0,98.9763,-0.0236
166.63993334399999,99.0,98.9763,-0.0236
166.679933328,99.0,98.9762,-0.0236
166.719933312,99.0,98.9762,-0.0236
166.759933296,99.0,98.9762,-0.0237
166.79993328,99.0,98.9762,-0.0237
166.839933264,99.0,98.9762,-0.0237
166.879933248,99.0,98.9762,-0.0237
166.919933232,99.0,98.9762,-0.0236
166.959933216,99.0,98.9762,-0.0236
166.99993320000002,99.0,98.9762,-0.0236
167.039933184,99.0,98.9762,-0.0236
167.079933168,99.0,98.9762,-0.0236
167.119933152,99.0,98.9763,-0.0236
167.159933136,99.0,98.9762,-0.0236
167.19993312,99.0,98.9762,-0.0236
167.23993310400002,99.0,98.9762,-0.0236
167.27993308799998,99.0,98.9762,-0.0237
167.319933072,99.0,98.9762,-0.0237
167.359933056,99.0,98.9762,-0.0237
167.39993304,99.0,98.9762,-0.0237
167.439933024,99.0,98.9762,-0.0237
167.479933008,99.0,98.9762,-0.0237
167.51993299199998,99.0,98.9762,-0.0237
167.559932976,99.0,98.9762,-0.0237
167.59993296,99.0,98.9761,-0.0238
167.639932944,99.0,98.9761,-0.0237
167.679932928,99.0,98.9761,-0.0237
167.719932912,99.0,98.9761,-0.0238
167.759932896,99.0,98.9762,-0.0237
167.79993288,99.0,98.9761,-0.0238
167.83993286400002,99.0,98.9761,-0.0238
167.87993284799998,99.0,98.9761,-0.0238
167.919932832,99.0,98.9761,-0.0238
167.959932816,99.0,98.9762,-0.0237
167.9999328,99.0,98.9761,-0.0238
168.039932784,99.0,98.9761,-0.0238
168.079932768,99.0,98.9761,-0.0238
168.11993275199998,99.0,98.9761,-0.0237
168.159932736,99.0,98.9762,-0.0237
168.19993272,99.0,98.9762,-0.0237
168.239932704,99.0,98.9762,-0.0237
168.279932688,99.0,98.9762,-0.0237
168.319932672,99.0,98.9762,-0.0237
168.35993265599998,99.0,98.9762,-0.0236
168.39993264,99.0,98.9762,-0.0236
168.439932624,99.0,98.9762,-0.0236
168.479932608,99.0,98.9763,-0.0236
168.51993259199998,99.0,98.9763,-0.0236
168.559932576,99.0,98.9763,-0.0236
168.59993255999998,99.0,98.9764,-0.0235
168.639932544,99.0,98.9763,-0.0236
168.67993252800002,99.0,98.9764,-0.0235
168.71993251199999,99.0,98.9763,-0.0236
168.759932496,99.0,98.9764,-0.0235
168.79993248,99.0,98.9764,-0.0235
168.83993246400001,99.0,98.9763,-0.0236
168.879932448,99.0,98.9763,-0.0236
168.919932432,99.0,98.9763,-0.0236
168.959932416,99.0,98.9763,-0.0236
168.9999324,99.0,98.9763,-0.0236
169.039932384,99.0,98.9763,-0.0236
169.07993236800002,99.0,98.9763,-0.0236
169.11993235199998,99.0,98.9763,-0.0236
169.159932336,99.0,98.9762,-0.0236
169.19993232,99.0,98.9763,-0.0236
169.239932304,99.0,98.9763,-0.0236
169.279932288,99.0,98.9763,-0.0236
169.319932272,99.0,98.9763,-0.0236
169.35993225599998,99.0,98.9763,-0.0236
169.39993224,99.0,98.9763,-0.0236
169.439932224,99.0,98.9763,-0.0236
169.479932208,99.0,98.9763,-0.0236
169.519932192,99.0,98.9762,-0.0236
169.559932176,99.0,98.9762,-0.0236
169.59993215999998,99.0,98.9762,-0.0236
169.639932144,99.0,98.9762,-0.0236
169.67993212800002,99.0,98.9762,-0.0237
169.719932112,99.0,98.9762,-0.0237
169.759932096,99.0,98.9762,-0.0237
169.79993208,99.0,98.9761,-0.0238
169.839932064,99.0,98.9761,-0.0237
169.879932048,99.0,98.9762,-0.0237
169.91993203200002,99.0,98.9762,-0.0237
169.95993201599998,99.0,98.9762,-0.0237
169.999932,99.0,98.9762,-0.0237
170.039931984,99.0,98.9762,-0.0237
170.079931968,99.0,98.9762,-0.0237
170.119931952,99.0,98.9762,-0.0237
170.159931936,99.0,98.9762,-0.0237
170.19993191999998,99.0,98.9762,-0.0237
170.239931904,99.0,98.9763,-0.0236
170.279931888,99.0,98.9763,-0.0236
170.319931872,99.0,98.9763,-0.0236
170.35993185599997,99.0,98.9763,-0.0236
170.39993184,99.0,98.9763,-0.0236
170.43993182399998,99.0,98.9763,-0.0236
170.479931808,99.0,98.9764,-0.0235
170.519931792,99.0,98.9765,-0.0234
170.55993177599998,99.0,98.9765,-0.0234
170.59993176,99.0,98.9765,-0.0234
170.639931744,99.0,98.9765,-0.0234
170.679931728,99.0,98.9766,-0.0233
170.719931712,99.0,98.9766,-0.0233
170.75993169600002,99.0,98.9766,-0.0233
170.79993168,99.0,98.9766,-0.0233
170.839931664,99.0,98.9766,-0.0233
170.879931648,99.0,98.9766,-0.0232
170.91993163200002,99.0,98.9766,-0.0232
170.959931616,99.0,98.9766,-0.0233
170.9999316,99.0,98.9766,-0.0233
171.039931584,99.0,98.9767,-0.0232
171.079931568,99.0,98.9766,-0.0232
171.119931552,99.0,98.9767,-0.0232
171.15993153600002,99.0,98.9766,-0.0232
171.19993151999998,99.0,98.9768,-0.0231
171.239931504,99.0,98.9768,-0.0231
171.279931488,99.0,98.9768,-0.0231
171.319931472,99.0,98.9768,-0.0231
171.359931456,99.0,98.9768,-0.0231
171.39993144,99.0,98.9769,-0.023
171.43993142399998,99.0,98.9769,-0.023
171.479931408,99.0,98.9769,-0.023
171.519931392,99.0,98.977,-0.0229
171.559931376,99.0,98.977,-0.0229
171.59993136,99.0,98.977,-0.0229
171.639931344,99.0,98.977,-0.0228
171.679931328,99.0,98.977,-0.0228
171.719931312,99.0,98.9771,-0.0228
171.75993129600002,99.0,98.9771,-0.0228
171.79993127999998,99.0,98.9772,-0.0227
171.839931264,99.0,98.9773,-0.0226
171.879931248,99.0,98.9773,-0.0226
171.919931232,99.0,98.9774,-0.0225
171.959931216,99.0,98.9775,-0.0224
171.99993120000002,99.0,98.9775,-0.0224
172.03993118399998,99.0,98.9776,-0.0223
172.079931168,99.0,98.9777,-0.0222
172.119931152,99.0,98.9777,-0.0222
172.159931136,99.0,98.9778,-0.0221
172.19993112,99.0,98.9778,-0.0221
172.239931104,99.0,98.9779,-0.022
172.27993108799998,99.0,98.978,-0.0219
172.319931072,99.0,98.978,-0.0219
172.359931056,99.0,98.9781,-0.0218
172.39993104,99.0,98.9781,-0.0218
172.43993102399997,99.0,98.9781,-0.0218
172.479931008,99.0,98.9781,-0.0218
172.51993099199998,99.0,98.9781,-0.0218
172.559930976,99.0,98.9782,-0.0217
172.59993096,99.0,98.9782,-0.0217
172.63993094399999,99.0,98.9782,-0.0216
172.679930928,99.0,98.9783,-0.0216
172.719930912,99.0,98.9784,-0.0215
172.75993089600001,99.0,98.9784,-0.0214
172.79993088,99.0,98.9785,-0.0214
172.839930864,99.0,98.9785,-0.0214
172.879930848,99.0,98.9786,-0.0213
172.919930832,99.0,98.9786,-0.0213
172.959930816,99.0,98.9787,-0.0212
172.99993080000002,99.0,98.9787,-0.0211
173.03993078399998,99.0,98.9788,-0.0211
173.079930768,99.0,98.9788,-0.0211
173.119930752,99.0,98.9788,-0.0211
173.159930736,99.0,98.9788,-0.0211
173.19993072,99.0,98.9789,-0.021
173.23993070400002,99.0,98.9789,-0.021
173.27993068799998,99.0,98.9789,-0.021
173.319930672,99.0,98.979,-0.0209
173.359930656,99.0,98.979,-0.0209
173.39993064,99.0,98.9791,-0.0208
173.439930624,99.0,98.9792,-0.0207
173.479930608,99.0,98.9792,-0.0207
173.51993059199998,99.0,98.9792,-0.0207
173.559930576,99.0,98.9793,-0.0206
173.59993056000002,99.0,98.9794,-0.0205
173.639930544,99.0,98.9795,-0.0204
173.679930528,99.0,98.9795,-0.0204
173.719930512,99.0,98.9795,-0.0204
173.759930496,99.0,98.9795,-0.0204
173.79993048,99.0,98.9796,-0.0203
173.83993046400002,99.0,98.9797,-0.0202
173.87993044799998,99.0,98.9797,-0.0202
173.919930432,99.0,98.9797,-0.0202
173.959930416,99.0,98.9798,-0.0201
173.9999304,99.0,98.9798,-0.0201
174.039930384,99.0,98.9799,-0.02
174.079930368,99.0,98.98,-0.0199
174.11993035199998,99.0,98.98,-0.0199
174.159930336,99.0,98.9801,-0.0198
174.19993032,99.0,98.9802,-0.0197
174.239930304,99.0,98.9802,-0.0196
174.27993028799997,99.0,98.9803,-0.0196
174.319930272,99.0,98.9804,-0.0195
174.35993025599998,99.0,98.9805,-0.0194
174.39993024,99.0,98.9805,-0.0194
174.439930224,99.0,98.9805,-0.0194
174.479930208,99.0,98.9806,-0.0193
174.51993019199998,99.0,98.9806,-0.0193
174.559930176,99.0,98.9807,-0.0192
174.59993016,99.0,98.9807,-0.0192
174.639930144,99.0,98.9807,-0.0192
174.67993012800002,99.0,98.9808,-0.0191
174.719930112,99.0,98.9808,-0.0191
174.759930096,99.0,98.9808,-0.0191
174.79993008,99.0,98.9809,-0.019
174.83993006400001,99.0,98.9809,-0.019
174.879930048,99.0,98.981,-0.0189
174.919930032,99.0,98.981,-0.0189
174.959930016,99.0,98.9811,-0.0188
174.99993,99.0,98.9811,-0.0188
175.039929984,99.0,98.9811,-0.0188
175.07992996800002,99.0,98.9811,-0.0188
175.11992995199998,99.0,98.9811,-0.0188
175.159929936,99.0,98.9811,-0.0188
175.19992992,99.0,98.9811,-0.0188
175.239929904,99.0,98.9811,-0.0188
175.279929888,99.0,98.9811,-0.0188
175.319929872,99.0,98.9811,-0.0187
175.35992985599998,99.0,98.9811,-0.0188
175.39992984,99.0,98.9812,-0.0187
175.439929824,99.0,98.9812,-0.0187
175.479929808,99.0,98.9812,-0.0186
175.51992979199997,99.0,98.9813,-0.0186
175.559929776,99.0,98.9813,-0.0186
175.59992976,99.0,98.9813,-0.0186
175.639929744,99.0,98.9813,-0.0186
175.67992972800002,99.0,98.9813,-0.0186
175.71992971199998,99.0,98.9814,-0.0185
175.759929696,99.0,98.9814,-0.0185
175.79992968,99.0,98.9814,-0.0185
175.839929664,99.0,98.9814,-0.0185
175.879929648,99.0,98.9814,-0.0185
175.91992963200002,99.0,98.9814,-0.0185
175.95992961599998,99.0,98.9814,-0.0185
175.9999296,99.0,98.9814,-0.0185
176.039929584,99.0,98.9815,-0.0184
176.079929568,99.0,98.9815,-0.0184
176.119929552,99.0,98.9815,-0.0184
176.159929536,99.0,98.9815,-0.0184
176.19992951999998,99.0,98.9815,-0.0184
176.239929504,99.0,98.9815,-0.0184
176.279929488,99.0,98.9815,-0.0184
176.319929472,99.0,98.9815,-0.0184
176.35992945599997,99.0,98.9815,-0.0184
176.39992944,99.0,98.9815,-0.0184
176.43992942399998,99.0,98.9816,-0.0183
176.479929408,99.0,98.9816,-0.0183
176.519929392,99.0,98.9815,-0.0184
176.55992937599999,99.0,98.9816,-0.0183
176.59992936,99.0,98.9816,-0.0183
176.639929344,99.0,98.9816,-0.0183
176.67992932800001,99.0,98.9816,-0.0183
176.719929312,99.0,98.9816,-0.0183
176.759929296,99.0,98.9816,-0.0183
176.79992928,99.0,98.9816,-0.0183
176.839929264,99.0,98.9816,-0.0183
176.879929248,99.0,98.9816,-0.0183
176.91992923200002,99.0,98.9816,-0.0183
176.95992921599998,99.0,98.9816,-0.0183
176.9999292,99.0,98.9816,-0.0183
177.039929184,99.0,98.9816,-0.0183
177.079929168,99.0,98.9816,-0.0182
177.119929152,99.0,98.9816,-0.0183
177.15992913600002,99.0,98.9816,-0.0183
177.19992911999998,99.0,98.9816,-0.0182
177.239929104,99.0,98.9816,-0.0183
177.279929088,99.0,98.9816,-0.0183
177.319929072,99.0,98.9816,-0.0183
177.359929056,99.0,98.9815,-0.0184
177.39992904,99.0,98.9815,-0.0184
177.43992902399998,99.0,98.9815,-0.0184
177.479929008,99.0,98.9815,-0.0184
177.519928992,99.0,98.9814,-0.0185
177.559928976,99.0,98.9814,-0.0185
177.59992896,99.0,98.9814,-0.0185
177.639928944,99.0,98.9813,-0.0186
177.679928928,99.0,98.9814,-0.0185
177.719928912,99.0,98.9814,-0.0185
177.75992889600002,99.0,98.9813,-0.0186
177.79992887999998,99.0,98.9813,-0.0186
177.839928864,99.0,98.9812,-0.0186
177.879928848,99.0,98.9812,-0.0187
177.919928832,99.0,98.9813,-0.0186
177.959928816,99.0,98.9812,-0.0186
177.9999288,99.0,98.9812,-0.0186
178.03992878399998,99.0,98.9812,-0.0186
178.079928768,99.0,98.9812,-0.0187
178.119928752,99.0,98.9812,-0.0187
178.159928736,99.0,98.9812,-0.0187
178.19992871999997,99.0,98.9812,-0.0187
178.239928704,99.0,98.9812,-0.0187
178.27992868799998,99.0,98.9812,-0.0187
178.319928672,99.0,98.9812,-0.0187
178.359928656,99.0,98.9812,-0.0187
178.39992864,99.0,98.9812,-0.0187
178.43992862399998,99.0,98.9812,-0.0187
178.479928608,99.0,98.9812,-0.0187
178.51992859199999,99.0,98.9812,-0.0187
178.559928576,99.0,98.9812,-0.0187
178.59992856000002,99.0,98.9812,-0.0187
178.63992854399999,99.0,98.9812,-0.0187
178.679928528,99.0,98.9812,-0.0187
178.719928512,99.0,98.9811,-0.0187
178.75992849600001,99.0,98.9812,-0.0187
178.79992848,99.0,98.9812,-0.0187
178.839928464,99.0,98.9812,-0.0187
178.879928448,99.0,98.9812,-0.0187
178.919928432,99.0,98.9812,-0.0187
178.959928416,99.0,98.9812,-0.0187
178.99992840000002,99.0,98.9812,-0.0187
179.03992838399998,99.0,98.9812,-0.0187
179.079928368,99.0,98.9812,-0.0187
179.119928352,99.0,98.9811,-0.0188
179.159928336,99.0,98.9811,-0.0188
179.19992832,99.0,98.9811,-0.0188
179.239928304,99.0,98.981,-0.0189
179.27992828799998,99.0,98.9811,-0.0188
179.319928272,99.0,98.981,-0.0189
179.359928256,99.0,98.981,-0.0189
179.39992824,99.0,98.981,-0.0189
179.43992822399997,99.0,98.9809,-0.019
179.479928208,99.0,98.9809,-0.019
179.51992819199998,99.0,98.9809,-0.019
179.559928176,99.0,98.9808,-0.0191
179.59992816000002,99.0,98.9808,-0.0191
179.639928144,99.0,98.9807,-0.0192
179.679928128,99.0,98.9807,-0.0192
179.719928112,99.0,98.9807,-0.0192
179.759928096,99.0,98.9807,-0.0192
179.79992808,99.0,98.9807,-0.0192
179.83992806400002,99.0,98.9806,-0.0193
179.87992804799998,99.0,98.9805,-0.0194
179.919928032,99.0,98.9805,-0.0194
179.959928016,99.0,98.9804,-0.0195
179.999928,99.0,98.9804,-0.0195
180.039927984,99.0,98.9804,-0.0195
180.079927968,99.0,98.9803,-0.0196
180.11992795199998,99.0,98.9803,-0.0196
180.159927936,99.0,98.9802,-0.0197
180.19992792,99.0,98.9801,-0.0198
180.239927904,99.0,98.9801,-0.0198
180.27992788799997,99.0,98.9799,-0.02
180.319927872,99.0,98.9799,-0.02
180.35992785599998,99.0,98.9798,-0.02
180.39992784,99.0,98.9798,-0.0201
180.439927824,99.0,98.9797,-0.0202
180.47992780799999,99.0,98.9797,-0.0202
180.51992779199998,99.0,98.9797,-0.0202
180.559927776,99.0,98.9797,-0.0202
180.59992776,99.0,98.9796,-0.0203
180.639927744,99.0,98.9796,-0.0203
180.679927728,99.0,98.9795,-0.0204
180.719927712,99.0,98.9795,-0.0204
180.759927696,99.0,98.9795,-0.0204
180.79992768,99.0,98.9794,-0.0205
180.83992766400002,99.0,98.9794,-0.0205
180.879927648,99.0,98.9793,-0.0206
180.919927632,99.0,98.9792,-0.0207
180.959927616,99.0,98.9792,-0.0207
180.9999276,99.0,98.9791,-0.0208
181.039927584,99.0,98.9792,-0.0207
181.07992756800002,99.0,98.9791,-0.0208
181.11992755199998,99.0,98.979,-0.0209
181.159927536,99.0,98.9791,-0.0208
181.19992752,99.0,98.979,-0.0209
181.239927504,99.0,98.9789,-0.021
181.279927488,99.0,98.9789,-0.021
181.319927472,99.0,98.9788,-0.0211
181.35992745599998,99.0,98.9787,-0.0212
181.39992744,99.0,98.9786,-0.0212
181.439927424,99.0,98.9786,-0.0213
181.479927408,99.0,98.9786,-0.0213
181.519927392,99.0,98.9785,-0.0214
181.559927376,99.0,98.9784,-0.0215
181.59992736,99.0,98.9783,-0.0216
181.639927344,99.0,98.9782,-0.0217
181.67992732800002,99.0,98.9782,-0.0217
181.71992731199998,99.0,98.9781,-0.0218
181.759927296,99.0,98.978,-0.0219
181.79992728,99.0,98.978,-0.0219
181.839927264,99.0,98.9779,-0.022
181.879927248,99.0,98.9779,-0.022
181.919927232,99.0,98.9778,-0.0221
181.95992721599998,99.0,98.9777,-0.0222
181.9999272,99.0,98.9776,-0.0223
182.039927184,99.0,98.9775,-0.0224
182.079927168,99.0,98.9775,-0.0224
182.119927152,99.0,98.9773,-0.0226
182.159927136,99.0,98.9773,-0.0226
182.19992711999998,99.0,98.9773,-0.0226
182.239927104,99.0,98.9772,-0.0227
182.279927088,99.0,98.9771,-0.0228
182.319927072,99.0,98.9771,-0.0228
182.35992705599998,99.0,98.977,-0.0229
182.39992704,99.0,98.977,-0.0229
182.43992702399999,99.0,98.9769,-0.023
182.479927008,99.0,98.9768,-0.0231
182.519926992,99.0,98.9768,-0.0231
182.55992697599999,99.0,98.9768,-0.0231
182.59992696,99.0,98.9768,-0.0231
182.639926944,99.0,98.9767,-0.0232
182.67992692800001,99.0,98.9767,-0.0232
182.719926912,99.0,98.9766,-0.0233
182.759926896,99.0,98.9766,-0.0233
182.79992688,99.0,98.9765,-0.0234
182.839926864,99.0,98.9766,-0.0233
182.879926848,99.0,98.9765,-0.0234
182.91992683200002,99.0,98.9764,-0.0235
182.95992681599998,99.0,98.9764,-0.0235
182.9999268,99.0,98.9763,-0.0236
183.039926784,99.0,98.9763,-0.0236
183.079926768,99.0,98.9763,-0.0236
183.119926752,99.0,98.9762,-0.0236
183.159926736,99.0,98.9762,-0.0237
183.19992671999998,99.0,98.9761,-0.0238
183.239926704,99.0,98.9761,-0.0238
183.279926688,99.0,98.9761,-0.0238
183.319926672,99.0,98.976,-0.0239
183.359926656,99.0,98.976,-0.0239
183.39992664,99.0,98.976,-0.0239
183.43992662399998,99.0,98.9759,-0.024
183.479926608,99.0,98.9759,-0.024
183.519926592,99.0,98.9758,-0.024
183.559926576,99.0,98.9758,-0.0241
183.59992656,99.0,98.9758,-0.0241
183.639926544,99.0,98.9757,-0.0242
183.679926528,99.0,98.9756,-0.0243
183.719926512,99.0,98.9755,-0.0244
183.75992649600002,99.0,98.9755,-0.0244
183.79992647999998,99.0,98.9754,-0.0245
183.839926464,99.0,98.9753,-0.0246
183.879926448,99.0,98.9753,-0.0246
183.919926432,99.0,98.9753,-0.0246
183.959926416,99.0,98.9752,-0.0247
183.9999264,99.0,98.9752,-0.0247
184.03992638399998,99.0,98.9751,-0.0248
184.079926368,99.0,98.9751,-0.0248
184.119926352,99.0,98.975,-0.0249
184.159926336,99.0,98.975,-0.0249
184.19992631999997,99.0,98.9749,-0.025
184.239926304,99.0,98.9748,-0.0251
184.27992628799998,99.0,98.9748,-0.0251
184.319926272,99.0,98.9747,-0.0252
184.359926256,99.0,98.9746,-0.0253
184.39992623999999,99.0,98.9746,-0.0253
184.43992622399998,99.0,98.9745,-0.0254
184.479926208,99.0,98.9745,-0.0254
184.519926192,99.0,98.9744,-0.0255
184.559926176,99.0,98.9744,-0.0255
184.59992616000002,99.0,98.9744,-0.0255
184.639926144,99.0,98.9743,-0.0256
184.679926128,99.0,98.9742,-0.0257
184.719926112,99.0,98.9742,-0.0257
184.75992609600002,99.0,98.9741,-0.0258
184.79992608,99.0,98.9741,-0.0258
184.839926064,99.0,98.9741,-0.0258
184.879926048,99.0,98.974,-0.0259
184.919926032,99.0,98.974,-0.0259
184.959926016,99.0,98.974,-0.0259
184.99992600000002,99.0,98.9739,-0.026
185.03992598399998,99.0,98.9739,-0.026
185.079925968,99.0,98.9738,-0.0261
185.119925952,99.0,98.9737,-0.0261
185.159925936,99.0,98.9737,-0.0262
185.19992592,99.0,98.9737,-0.0262
185.239925904,99.0,98.9737,-0.0262
185.27992588799998,99.0,98.9736,-0.0263
185.319925872,99.0,98.9736,-0.0262
185.359925856,99.0,98.9736,-0.0262
185.39992584,99.0,98.9736,-0.0263
185.43992582399997,99.0,98.9736,-0.0263
185.479925808,99.0,98.9736,-0.0263
185.519925792,99.0,98.9736,-0.0263
185.559925776,99.0,98.9736,-0.0263
185.59992576000002,99.0,98.9735,-0.0264
185.63992574399998,99.0,98.9735,-0.0264
185.679925728,99.0,98.9735,-0.0264
185.719925712,99.0,98.9734,-0.0264
185.759925696,99.0,98.9734,-0.0265
185.79992568,99.0,98.9734,-0.0265
185.83992566400002,99.0,98.9734,-0.0265
185.87992564799998,99.0,98.9734,-0.0265
185.919925632,99.0,98.9734,-0.0265
185.959925616,99.0,98.9734,-0.0265
185.9999256,99.0,98.9733,-0.0266
186.039925584,99.0,98.9733,-0.0266
186.079925568,99.0,98.9733,-0.0266
186.11992555199998,99.0,98.9733,-0.0266
186.159925536,99.0,98.9733,-0.0266
186.19992552,99.0,98.9733,-0.0266
186.239925504,99.0,98.9732,-0.0267
186.27992548799998,99.0,98.9732,-0.0267
186.319925472,99.0,98.9732,-0.0267
186.35992545599998,99.0,98.9732,-0.0267
186.39992544,99.0,98.9732,-0.0267
186.439925424,99.0,98.9732,-0.0267
186.47992540799999,99.0,98.9732,-0.0267
186.519925392,99.0,98.9732,-0.0267
186.559925376,99.0,98.9732,-0.0267
186.59992536000001,99.0,98.9732,-0.0267
186.639925344,99.0,98.9732,-0.0267
186.679925328,99.0,98.9733,-0.0266
186.719925312,99.0,98.9733,-0.0266
186.759925296,99.0,98.9733,-0.0265
186.79992528,99.0,98.9734,-0.0265
186.83992526400002,99.0,98.9733,-0.0266
186.87992524799998,99.0,98.9734,-0.0265
186.919925232,99.0,98.9734,-0.0265
186.959925216,99.0,98.9734,-0.0264
186.9999252,99.0,98.9735,-0.0264
187.039925184,99.0,98.9735,-0.0264
187.07992516800002,99.0,98.9736,-0.0263
187.11992515199998,99.0,98.9736,-0.0263
187.159925136,99.0,98.9736,-0.0263
187.19992512,99.0,98.9737,-0.0262
187.239925104,99.0,98.9737,-0.0262
187.279925088,99.0,98.9737,-0.0261
187.319925072,99.0,98.9738,-0.0261
187.35992505599998,99.0,98.9738,-0.0261
187.39992504,99.0,98.9739,-0.026
187.439925024,99.0,98.9739,-0.026
187.479925008,99.0,98.974,-0.0259
187.519924992,99.0,98.9741,-0.0258
187.559924976,99.0,98.9741,-0.0258
187.59992496,99.0,98.9741,-0.0258
187.639924944,99.0,98.9741,-0.0258
187.67992492800002,99.0,98.9741,-0.0258
187.71992491199998,99.0,98.9742,-0.0257
187.759924896,99.0,98.9742,-0.0257
187.79992488,99.0,98.9742,-0.0256
187.839924864,99.0,98.9743,-0.0255
187.879924848,99.0,98.9744,-0.0255
187.919924832,99.0,98.9745,-0.0254
187.95992481599998,99.0,98.9745,-0.0254
187.9999248,99.0,98.9746,-0.0253
188.039924784,99.0,98.9746,-0.0253
188.079924768,99.0,98.9746,-0.0253
188.11992475199997,99.0,98.9747,-0.0252
188.159924736,99.0,98.9748,-0.0251
188.19992471999998,99.0,98.9748,-0.0251
188.239924704,99.0,98.9749,-0.025
188.279924688,99.0,98.9749,-0.025
188.319924672,99.0,98.975,-0.0249
188.35992465599998,99.0,98.975,-0.0249
188.39992464,99.0,98.9751,-0.0248
188.43992462399999,99.0,98.9751,-0.0248
188.479924608,99.0,98.9752,-0.0247
188.51992459200002,99.0,98.9752,-0.0247
188.559924576,99.0,98.9752,-0.0247
188.59992456,99.0,98.9752,-0.0247
188.639924544,99.0,98.9752,-0.0247
188.67992452800002,99.0,98.9752,-0.0247
188.719924512,99.0,98.9752,-0.0247
188.759924496,99.0,98.9752,-0.0247
188.79992448,99.0,98.9753,-0.0246
188.839924464,99.0,98.9752,-0.0246
188.879924448,99.0,98.9753,-0.0246
188.91992443200002,99.0,98.9753,-0.0246
188.95992441599998,99.0,98.9753,-0.0246
188.9999244,99.0,98.9753,-0.0246
189.039924384,99.0,98.9753,-0.0246
189.079924368,99.0,98.9753,-0.0246
189.119924352,99.0,98.9753,-0.0246
189.159924336,99.0,98.9753,-0.0246
189.19992431999998,99.0,98.9754,-0.0245
189.239924304,99.0,98.9754,-0.0245
189.279924288,99.0,98.9754,-0.0245
189.319924272,99.0,98.9755,-0.0244
189.35992425599997,99.0,98.9755,-0.0244
189.39992424,99.0,98.9755,-0.0244
189.43992422399998,99.0,98.9756,-0.0243
189.479924208,99.0,98.9756,-0.0243
189.51992419200002,99.0,98.9756,-0.0243
189.559924176,99.0,98.9757,-0.0242
189.59992416,99.0,98.9757,-0.0241
189.639924144,99.0,98.9758,-0.0241
189.679924128,99.0,98.9758,-0.0241
189.719924112,99.0,98.9759,-0.024
189.75992409600002,99.0,98.9759,-0.0239
189.79992407999998,99.0,98.976,-0.0239
189.839924064,99.0,98.976,-0.0239
189.879924048,99.0,98.9761,-0.0238
189.919924032,99.0,98.9761,-0.0238
189.959924016,99.0,98.9761,-0.0238
189.999924,99.0,98.9762,-0.0236
190.03992398399998,99.0,98.9763,-0.0236
190.079923968,99.0,98.9764,-0.0235
190.119923952,99.0,98.9764,-0.0235
190.159923936,99.0,98.9765,-0.0234
190.19992391999997,99.0,98.9765,-0.0234
190.239923904,99.0,98.9766,-0.0233
190.27992388799998,99.0,98.9766,-0.0233
190.319923872,99.0,98.9767,-0.0232
190.359923856,99.0,98.9768,-0.0231
190.39992383999999,99.0,98.9768,-0.0231
190.439923824,99.0,98.9769,-0.023
190.479923808,99.0,98.9769,-0.023
190.51992379200001,99.0,98.977,-0.0229
190.559923776,99.0,98.977,-0.0228
190.59992376,99.0,98.9771,-0.0228
190.639923744,99.0,98.9771,-0.0228
190.679923728,99.0,98.9772,-0.0227
190.719923712,99.0,98.9772,-0.0227
190.75992369600002,99.0,98.9773,-0.0226
190.79992368,99.0,98.9773,-0.0226
190.839923664,99.0,98.9773,-0.0225
190.879923648,99.0,98.9774,-0.0225
190.919923632,99.0,98.9775,-0.0224
190.959923616,99.0,98.9775,-0.0223
190.99992360000002,99.0,98.9776,-0.0223
191.03992358399998,99.0,98.9776,-0.0223
191.079923568,99.0,98.9777,-0.0222
191.119923552,99.0,98.9777,-0.0222
191.159923536,99.0,98.9778,-0.0221
191.19992352,99.0,98.9778,-0.0221
191.239923504,99.0,98.9779,-0.022
191.27992348799998,99.0,98.978,-0.0219
191.319923472,99.0,98.978,-0.0219
191.359923456,99.0,98.978,-0.0219
191.39992344,99.0,98.9781,-0.0218
191.439923424,99.0,98.9781,-0.0218
191.479923408,99.0,98.9781,-0.0218
191.519923392,99.0,98.9781,-0.0218
191.559923376,99.0,98.9782,-0.0217
191.59992336000002,99.0,98.9782,-0.0217
191.63992334399998,99.0,98.9782,-0.0216
191.679923328,99.0,98.9783,-0.0216
191.719923312,99.0,98.9783,-0.0216
191.759923296,99.0,98.9784,-0.0215
191.79992328,99.0,98.9784,-0.0215
191.839923264,99.0,98.9785,-0.0214
191.87992324799998,99.0,98.9785,-0.0214
191.919923232,99.0,98.9786,-0.0213
191.959923216,99.0,98.9787,-0.0212
191.9999232,99.0,98.9788,-0.0211
192.039923184,99.0,98.9789,-0.021
192.079923168,99.0,98.9789,-0.021
192.11992315199998,99.0,98.979,-0.0209
192.159923136,99.0,98.9791,-0.0208
192.19992312,99.0,98.9792,-0.0207
192.239923104,99.0,98.9792,-0.0207
192.27992308799998,99.0,98.9793,-0.0206
192.319923072,99.0,98.9794,-0.0205
192.35992305599999,99.0,98.9795,-0.0204
192.39992304,99.0,98.9796,-0.0203
192.439923024,99.0,98.9796,-0.0203
192.479923008,99.0,98.9797,-0.0202
192.519922992,99.0,98.9797,-0.0202
192.559922976,99.0,98.9797,-0.0202
192.59992296000001,99.0,98.9798,-0.0201
192.639922944,99.0,98.9798,-0.0201
192.679922928,99.0,98.9798,-0.02
192.719922912,99.0,98.9799,-0.02
192.759922896,99.0,98.9799,-0.02
192.79992288,99.0,98.9799,-0.02
192.83992286400002,99.0,98.98,-0.0199
192.87992284799998,99.0,98.98,-0.0199
192.919922832,99.0,98.98,-0.0199
192.959922816,99.0,98.9801,-0.0198
192.9999228,99.0,98.9801,-0.0198
193.039922784,99.0,98.9801,-0.0198
193.079922768,99.0,98.9801,-0.0198
193.11992275199998,99.0,98.9802,-0.0197
193.159922736,99.0,98.9802,-0.0197
193.19992272,99.0,98.9802,-0.0197
193.239922704,99.0,98.9802,-0.0196
193.279922688,99.0,98.9803,-0.0196
193.319922672,99.0,98.9803,-0.0196
193.35992265599998,99.0,98.9803,-0.0196
193.39992264,99.0,98.9803,-0.0196
193.43992262400002,99.0,98.9804,-0.0195
193.479922608,99.0,98.9804,-0.0195
193.519922592,99.0,98.9804,-0.0195
193.559922576,99.0,98.9805,-0.0194
193.59992256,99.0,98.9805,-0.0194
193.639922544,99.0,98.9805,-0.0194
193.67992252800002,99.0,98.9805,-0.0194
193.71992251199998,99.0,98.9805,-0.0194
193.759922496,99.0,98.9805,-0.0194
193.79992248,99.0,98.9806,-0.0193
193.839922464,99.0,98.9806,-0.0193
193.879922448,99.0,98.9806,-0.0193
193.919922432,99.0,98.9807,-0.0192
193.95992241599998,99.0,98.9807,-0.0192
193.9999224,99.0,98.9808,-0.0191
194.039922384,99.0,98.9808,-0.0191
194.079922368,99.0,98.9808,-0.0191
194.11992235199997,99.0,98.9809,-0.019
194.159922336,99.0,98.9809,-0.019
194.19992231999998,99.0,98.9809,-0.019
194.239922304,99.0,98.9809,-0.019
194.279922288,99.0,98.9809,-0.019
194.31992227199999,99.0,98.981,-0.0189
194.35992225599998,99.0,98.9809,-0.019
194.39992224,99.0,98.981,-0.0189
194.43992222400001,99.0,98.981,-0.0189
194.479922208,99.0,98.981,-0.0189
194.51992219200002,99.0,98.9811,-0.0188
194.559922176,99.0,98.9811,-0.0188
194.59992216,99.0,98.9811,-0.0188
194.639922144,99.0,98.9811,-0.0187
194.67992212800002,99.0,98.9812,-0.0187
194.719922112,99.0,98.9812,-0.0187
194.759922096,99.0,98.9812,-0.0186
194.79992208,99.0,98.9812,-0.0186
194.839922064,99.0,98.9812,-0.0186
194.879922048,99.0,98.9813,-0.0186
194.91992203200002,99.0,98.9814,-0.0185
194.95992201599998,99.0,98.9813,-0.0186
194.999922,99.0,98.9814,-0.0185
195.039921984,99.0,98.9814,-0.0185
195.079921968,99.0,98.9814,-0.0185
195.119921952,99.0,98.9814,-0.0185
195.159921936,99.0,98.9815,-0.0184
195.19992191999998,99.0,98.9814,-0.0185
195.239921904,99.0,98.9815,-0.0184
195.279921888,99.0,98.9815,-0.0184
195.319921872,99.0,98.9815,-0.0184
195.35992185599997,99.0,98.9815,-0.0184
195.39992184,99.0,98.9815,-0.0184
195.439921824,99.0,98.9815,-0.0184
195.479921808,99.0,98.9815,-0.0184
195.51992179200002,99.0,98.9816,-0.0183
195.55992177599998,99.0,98.9816,-0.0183
195.59992176,99.0,98.9815,-0.0184
195.639921744,99.0,98.9816,-0.0183
195.679921728,99.0,98.9816,-0.0183
195.719921712,99.0,98.9816,-0.0183
195.75992169600002,99.0,98.9817,-0.0182
195.79992167999998,99.0,98.9817,-0.0182
195.839921664,99.0,98.9818,-0.0181
195.879921648,99.0,98.9818,-0.0181
195.919921632,99.0,98.9818,-0.0181
195.959921616,99.0,98.9818,-0.0181
195.9999216,99.0,98.9818,-0.0181
196.03992158399998,99.0,98.9818,-0.0181
196.079921568,99.0,98.9818,-0.0181
196.119921552,99.0,98.9817,-0.0182
196.159921536,99.0,98.9818,-0.0181
196.19992151999998,99.0,98.9818,-0.0181
196.239921504,99.0,98.9817,-0.0182
196.27992148799999,99.0,98.9817,-0.0182
196.319921472,99.0,98.9817,-0.0182
196.359921456,99.0,98.9816,-0.0183
196.39992143999999,99.0,98.9816,-0.0183
196.439921424,99.0,98.9816,-0.0183
196.479921408,99.0,98.9816,-0.0183
196.51992139200001,99.0,98.9815,-0.0184
196.559921376,99.0,98.9815,-0.0184
196.59992136,99.0,98.9815,-0.0184
196.639921344,99.0,98.9814,-0.0185
196.679921328,99.0,98.9814,-0.0185
196.719921312,99.0,98.9814,-0.0185
196.75992129600002,99.0,98.9813,-0.0186
196.79992127999998,99.0,98.9813,-0.0186
196.839921264,99.0,98.9813,-0.0186
196.879921248,99.0,98.9813,-0.0186
196.919921232,99.0,98.9812,-0.0186
196.959921216,99.0,98.9812,-0.0187
196.99992120000002,99.0,98.9812,-0.0187
197.03992118399998,99.0,98.9811,-0.0187
197.079921168,99.0,98.9811,-0.0188
197.119921152,99.0,98.9811,-0.0188
197.159921136,99.0,98.981,-0.0189
197.19992112,99.0,98.981,-0.0189
197.239921104,99.0,98.981,-0.0189
197.27992108799998,99.0,98.981,-0.0189
197.319921072,99.0,98.981,-0.0189
197.359921056,99.0,98.9809,-0.019
197.39992104,99.0,98.9809,-0.019
197.439921024,99.0,98.9809,-0.019
197.479921008,99.0,98.9808,-0.0191
197.519920992,99.0,98.9808,-0.0191
197.559920976,99.0,98.9808,-0.0191
197.59992096000002,99.0,98.9808,-0.0191
197.63992094399998,99.0,98.9808,-0.0191
197.679920928,99.0,98.9807,-0.0192
197.719920912,99.0,98.9806,-0.0193
197.759920896,99.0,98.9806,-0.0193
197.79992088,99.0,98.9806,-0.0193
197.839920864,99.0,98.9806,-0.0193
197.87992084799998,99.0,98.9805,-0.0194
197.919920832,99.0,98.9804,-0.0195
197.959920816,99.0,98.9804,-0.0195
197.9999208,99.0,98.9803,-0.0195
198.03992078399997,99.0,98.9803,-0.0195
198.079920768,99.0,98.9803,-0.0196
198.11992075199998,99.0,98.9803,-0.0196
198.159920736,99.0,98.9803,-0.0196
198.19992072,99.0,98.9803,-0.0195
198.239920704,99.0,98.9803,-0.0195
198.27992068799998,99.0,98.9804,-0.0195
198.319920672,99.0,98.9803,-0.0196
198.35992065599999,99.0,98.9803,-0.0196
198.39992064,99.0,98.9803,-0.0196
198.43992062400002,99.0,98.9802,-0.0196
198.479920608,99.0,98.9802,-0.0197
198.519920592,99.0,98.9801,-0.0198
198.559920576,99.0,98.9801,-0.0198
198.59992056000002,99.0,98.9801,-0.0198
198.639920544,99.0,98.9801,-0.0198
198.679920528,99.0,98.9801,-0.0198
198.719920512,99.0,98.9801,-0.0198
198.759920496,99.0,98.98,-0.0199
198.79992048,99.0,98.98,-0.0199
198.83992046400002,99.0,98.9799,-0.02
198.87992044799998,99.0,98.9799,-0.02
198.919920432,99.0,98.9798,-0.02
198.959920416,99.0,98.9798,-0.0201
198.9999204,99.0,98.9798,-0.0201
199.039920384,99.0,98.9797,-0.0202
199.079920368,99.0,98.9797,-0.0202
199.11992035199998,99.0,98.9796,-0.0203
199.159920336,99.0,98.9796,-0.0203
199.19992032,99.0,98.9795,-0.0204
199.239920304,99.0,98.9795,-0.0204
199.27992028799997,99.0,98.9795,-0.0204
199.319920272,99.0,98.9795,-0.0204
199.35992025599998,99.0,98.9795,-0.0204
199.39992024,99.0,98.9794,-0.0205
199.43992022400002,99.0,98.9794,-0.0205
199.47992020799998,99.0,98.9794,-0.0205
199.519920192,99.0,98.9794,-0.0205
199.559920176,99.0,98.9793,-0.0205
199.59992016,99.0,98.9794,-0.0205
199.639920144,99.0,98.9794,-0.0205
199.67992012800002,99.0,98.9793,-0.0205
199.71992011199998,99.0,98.9794,-0.0205
199.759920096,99.0,98.9793,-0.0205
199.79992008,99.0,98.9793,-0.0206
199.839920064,99.0,98.9793,-0.0206
199.879920048,99.0,98.9793,-0.0206
199.919920032,99.0,98.9793,-0.0206
199.95992001599998,99.0,98.9792,-0.0207
199.99992,99.0,98.9792,-0.0207
200.039919984,99.0,98.9792,-0.0207
200.079919968,99.0,98.9791,-0.0208
200.11991995199998,99.0,98.9791,-0.0208
200.159919936,99.0,98.9791,-0.0208
200.19991991999999,99.0,98.979,-0.0209
200.239919904,99.0,98.9789,-0.021
200.279919888,99.0,98.9789,-0.021
200.31991987199999,99.0,98.9789,-0.021
200.35991985599998,99.0,98.9789,-0.021
200.39991984,99.0,98.9788,-0.0211
200.43991982400001,99.0,98.9788,-0.0211
200.479919808,99.0,98.9788,-0.0211
200.519919792,99.0,98.9787,-0.0212
200.559919776,99.0,98.9786,-0.0213
200.59991976,99.0,98.9786,-0.0213
200.639919744,99.0,98.9785,-0.0214
200.67991972800002,99.0,98.9785,-0.0214
200.71991971199998,99.0,98.9784,-0.0214
200.759919696,99.0,98.9784,-0.0215
200.79991968,99.0,98.9784,-0.0215
200.839919664,99.0,98.9783,-0.0216
200.879919648,99.0,98.9783,-0.0216
200.91991963200002,99.0,98.9782,-0.0217
200.95991961599998,99.0,98.9782,-0.0217
200.9999196,99.0,98.9781,-0.0218
201.039919584,99.0,98.9781,-0.0218
201.079919568,99.0,98.9781,-0.0218
201.119919552,99.0,98.9781,-0.0218
201.159919536,99.0,98.978,-0.0219
201.19991951999998,99.0,98.978,-0.0219
201.239919504,99.0,98.978,-0.0219
201.279919488,99.0,98.9779,-0.022
201.319919472,99.0,98.9778,-0.0221
201.359919456,99.0,98.9777,-0.0221
201.39991944,99.0,98.9777,-0.0222
201.439919424,99.0,98.9776,-0.0223
201.479919408,99.0,98.9775,-0.0224
201.51991939200002,99.0,98.9775,-0.0224
201.55991937599998,99.0,98.9774,-0.0225
201.59991936,99.0,98.9773,-0.0225
201.639919344,99.0,98.9773,-0.0226
201.679919328,99.0,98.9772,-0.0227
201.719919312,99.0,98.9773,-0.0226
201.759919296,99.0,98.9772,-0.0227
201.79991927999998,99.0,98.9772,-0.0227
201.839919264,99.0,98.9771,-0.0228
201.879919248,99.0,98.977,-0.0229
201.919919232,99.0,98.9769,-0.023
201.95991921599997,99.0,98.9769,-0.023
201.9999192,99.0,98.9769,-0.023
202.03991918399998,99.0,98.9768,-0.0231
202.079919168,99.0,98.9768,-0.0231
202.119919152,99.0,98.9767,-0.0232
202.159919136,99.0,98.9766,-0.0233
202.19991911999998,99.0,98.9766,-0.0233
202.239919104,99.0,98.9766,-0.0233
202.27991908799999,99.0,98.9765,-0.0234
202.319919072,99.0,98.9765,-0.0234
202.359919056,99.0,98.9765,-0.0234
202.39991904,99.0,98.9764,-0.0235
202.439919024,99.0,98.9764,-0.0235
202.479919008,99.0,98.9762,-0.0236
202.51991899200002,99.0,98.9762,-0.0237
202.559918976,99.0,98.9761,-0.0238
202.59991896,99.0,98.976,-0.0239
202.639918944,99.0,98.976,-0.0239
202.679918928,99.0,98.9759,-0.024
202.719918912,99.0,98.9758,-0.024
202.75991889600002,99.0,98.9758,-0.024
202.79991887999998,99.0,98.9757,-0.0242
202.839918864,99.0,98.9757,-0.0242
202.879918848,99.0,98.9756,-0.0243
202.919918832,99.0,98.9755,-0.0244
202.959918816,99.0,98.9755,-0.0244
202.9999188,99.0,98.9754,-0.0245
203.03991878399998,99.0,98.9754,-0.0245
203.079918768,99.0,98.9754,-0.0245
203.119918752,99.0,98.9753,-0.0246
203.159918736,99.0,98.9753,-0.0246
203.19991871999997,99.0,98.9752,-0.0247
203.239918704,99.0,98.9751,-0.0248
203.27991868799998,99.0,98.9751,-0.0248
203.319918672,99.0,98.975,-0.0248
203.359918656,99.0,98.975,-0.0249
203.39991864,99.0,98.975,-0.0249
203.439918624,99.0,98.975,-0.0249
203.479918608,99.0,98.975,-0.0249
203.519918592,99.0,98.9749,-0.025
203.559918576,99.0,98.9749,-0.025
203.59991856000002,99.0,98.9748,-0.0251
203.63991854399998,99.0,98.9747,-0.0252
203.679918528,99.0,98.9747,-0.0252
203.719918512,99.0,98.9746,-0.0253
203.759918496,99.0,98.9746,-0.0253
203.79991848,99.0,98.9746,-0.0253
203.839918464,99.0,98.9746,-0.0253
203.87991844799998,99.0,98.9745,-0.0254
203.919918432,99.0,98.9745,-0.0254
203.959918416,99.0,98.9745,-0.0254
203.9999184,99.0,98.9745,-0.0254
204.03991838399998,99.0,98.9744,-0.0255
204.079918368,99.0,98.9744,-0.0255
204.11991835199998,99.0,98.9744,-0.0254
204.159918336,99.0,98.9744,-0.0255
204.19991832,99.0,98.9744,-0.0255
204.23991830399999,99.0,98.9743,-0.0255
204.27991828799998,99.0,98.9743,-0.0256
204.319918272,99.0,98.9743,-0.0256
204.35991825600001,99.0,98.9742,-0.0257
204.39991824,99.0,98.9742,-0.0257
204.439918224,99.0,98.9742,-0.0257
204.479918208,99.0,98.9741,-0.0258
204.519918192,99.0,98.9742,-0.0257
204.559918176,99.0,98.9741,-0.0258
204.59991816000002,99.0,98.9741,-0.0258
204.639918144,99.0,98.9741,-0.0258
204.679918128,99.0,98.9741,-0.0258
204.719918112,99.0,98.9741,-0.0258
204.759918096,99.0,98.9741,-0.0258
204.79991808,99.0,98.9741,-0.0258
204.83991806400002,99.0,98.9741,-0.0258
204.87991804799998,99.0,98.9741,-0.0258
204.919918032,99.0,98.9741,-0.0258
204.959918016,99.0,98.9741,-0.0258
204.999918,99.0,98.974,-0.0259
205.039917984,99.0,98.974,-0.0259
205.079917968,99.0,98.974,-0.0259
205.11991795199998,99.0,98.974,-0.0259
205.159917936,99.0,98.974,-0.0259
205.19991792,99.0,98.9739,-0.026
205.239917904,99.0,98.9739,-0.026
205.27991788799997,99.0,98.9739,-0.026
205.319917872,99.0,98.9739,-0.026
205.359917856,99.0,98.974,-0.0259
205.39991784,99.0,98.974,-0.0259
205.43991782400002,99.0,98.974,-0.0259
205.47991780799998,99.0,98.974,-0.0259
205.519917792,99.0,98.974,-0.0259
205.559917776,99.0,98.974,-0.0259
205.59991776,99.0,98.974,-0.0259
205.639917744,99.0,98.974,-0.0259
205.679917728,99.0,98.9741,-0.0258
205.71991771199998,99.0,98.9741,-0.0258
205.759917696,99.0,98.9741,-0.0258
205.79991768,99.0,98.9741,-0.0258
205.839917664,99.0,98.9741,-0.0258
205.879917648,99.0,98.9742,-0.0257
205.919917632,99.0,98.9742,-0.0257
205.95991761599998,99.0,98.9741,-0.0258
205.9999176,99.0,98.9742,-0.0257
206.039917584,99.0,98.9742,-0.0256
206.079917568,99.0,98.9743,-0.0256
206.11991755199998,99.0,98.9743,-0.0256
206.159917536,99.0,98.9744,-0.0255
206.19991751999999,99.0,98.9744,-0.0255
206.239917504,99.0,98.9744,-0.0255
206.279917488,99.0,98.9744,-0.0254
206.319917472,99.0,98.9745,-0.0254
206.359917456,99.0,98.9746,-0.0253
206.39991744,99.0,98.9747,-0.0252
206.43991742400001,99.0,98.9747,-0.0252
206.479917408,99.0,98.9748,-0.0251
206.519917392,99.0,98.9748,-0.0251
206.559917376,99.0,98.9749,-0.025
206.59991736,99.0,98.9749,-0.025
206.639917344,99.0,98.975,-0.0249
206.67991732800002,99.0,98.975,-0.0249
206.71991731199998,99.0,98.975,-0.0248
206.759917296,99.0,98.9751,-0.0248
206.79991728,99.0,98.9751,-0.0247
206.839917264,99.0,98.9752,-0.0247
206.879917248,99.0,98.9752,-0.0247
206.919917232,99.0,98.9753,-0.0246
206.95991721599998,99.0,98.9753,-0.0245
206.9999172,99.0,98.9754,-0.0245
207.039917184,99.0,98.9755,-0.0244
207.079917168,99.0,98.9755,-0.0244
207.119917152,99.0,98.9755,-0.0244
207.159917136,99.0,98.9755,-0.0243
207.19991711999998,99.0,98.9756,-0.0243
207.239917104,99.0,98.9757,-0.0242
207.279917088,99.0,98.9757,-0.0242
207.319917072,99.0,98.9757,-0.0242
207.359917056,99.0,98.9758,-0.0241
207.39991704,99.0,98.9757,-0.0242
207.439917024,99.0,98.9758,-0.0241
207.479917008,99.0,98.9758,-0.0241
207.51991699200002,99.0,98.9758,-0.0241
207.55991697599998,99.0,98.9759,-0.024
207.59991696,99.0,98.9759,-0.0239
207.639916944,99.0,98.976,-0.0239
207.679916928,99.0,98.9761,-0.0238
207.719916912,99.0,98.9761,-0.0238
207.759916896,99.0,98.9762,-0.0237
207.79991687999998,99.0,98.9762,-0.0237
207.839916864,99.0,98.9762,-0.0236
207.879916848,99.0,98.9763,-0.0236
207.919916832,99.0,98.9763,-0.0236
207.95991681599997,99.0,98.9764,-0.0235
207.9999168,99.0,98.9764,-0.0235
208.03991678399998,99.0,98.9764,-0.0235
208.079916768,99.0,98.9765,-0.0234
208.119916752,99.0,98.9765,-0.0234
208.15991673599999,99.0,98.9765,-0.0234
208.19991671999998,99.0,98.9766,-0.0233
208.239916704,99.0,98.9766,-0.0233
208.279916688,99.0,98.9767,-0.0232
208.319916672,99.0,98.9767,-0.0232
208.35991665600002,99.0,98.9767,-0.0232
208.39991664,99.0,98.9767,-0.0232
208.439916624,99.0,98.9767,-0.0232
208.479916608,99.0,98.9768,-0.0231
208.51991659200002,99.0,98.9768,-0.0231
208.559916576,99.0,98.9768,-0.0231
208.59991656,99.0,98.9768,-0.023
208.639916544,99.0,98.9769,-0.023
208.679916528,99.0,98.9769,-0.023
208.719916512,99.0,98.9769,-0.023
208.75991649600002,99.0,98.9769,-0.023
208.79991647999998,99.0,98.9769,-0.023
208.839916464,99.0,98.9769,-0.023
208.879916448,99.0,98.9769,-0.023
208.919916432,99.0,98.977,-0.0229
208.959916416,99.0,98.977,-0.0229
208.9999164,99.0,98.977,-0.0228
209.03991638399998,99.0,98.9771,-0.0228
209.079916368,99.0,98.9771,-0.0228
209.119916352,99.0,98.9772,-0.0227
209.159916336,99.0,98.9773,-0.0226
209.19991631999997,99.0,98.9773,-0.0226
209.239916304,99.0,98.9773,-0.0226
209.27991628799998,99.0,98.9773,-0.0226
209.319916272,99.0,98.9774,-0.0225
209.35991625600002,99.0,98.9774,-0.0225
209.39991623999998,99.0,98.9774,-0.0225
209.439916224,99.0,98.9775,-0.0224
209.479916208,99.0,98.9775,-0.0224
209.519916192,99.0,98.9775,-0.0223
209.559916176,99.0,98.9776,-0.0223
209.59991616000002,99.0,98.9776,-0.0223
209.63991614399998,99.0,98.9776,-0.0223
209.679916128,99.0,98.9776,-0.0223
209.719916112,99.0,98.9776,-0.0223
209.759916096,99.0,98.9776,-0.0222
209.79991608,99.0,98.9776,-0.0222
209.839916064,99.0,98.9777,-0.0222
209.87991604799998,99.0,98.9777,-0.0222
209.919916032,99.0,98.9777,-0.0222
209.959916016,99.0,98.9778,-0.0221
209.999916,99.0,98.9778,-0.0221
210.03991598399998,99.0,98.9778,-0.0221
210.079915968,99.0,98.9778,-0.022
210.11991595199999,99.0,98.9779,-0.022
210.159915936,99.0,98.9779,-0.022
210.19991592,99.0,98.9779,-0.022
210.239915904,99.0,98.9779,-0.022
210.279915888,99.0,98.978,-0.0219
210.319915872,99.0,98.9779,-0.022
210.35991585600001,99.0,98.978,-0.0219
210.39991584,99.0,98.978,-0.0219
210.439915824,99.0,98.978,-0.0219
210.479915808,99.0,98.9781,-0.0218
210.519915792,99.0,98.9781,-0.0218
210.559915776,99.0,98.9781,-0.0218
210.59991576000002,99.0,98.9782,-0.0217
210.63991574399998,99.0,98.9782,-0.0217
210.679915728,99.0,98.9783,-0.0216
210.719915712,99.0,98.9783,-0.0216
210.759915696,99.0,98.9783,-0.0215
210.79991568,99.0,98.9784,-0.0215
210.83991566400002,99.0,98.9784,-0.0215
210.87991564799998,99.0,98.9784,-0.0215
210.919915632,99.0,98.9785,-0.0214
210.959915616,99.0,98.9785,-0.0214
210.9999156,99.0,98.9786,-0.0213
211.039915584,99.0,98.9786,-0.0213
211.079915568,99.0,98.9786,-0.0213
211.11991555199998,99.0,98.9786,-0.0212
211.159915536,99.0,98.9786,-0.0212
211.19991552,99.0,98.9788,-0.0211
211.239915504,99.0,98.9788,-0.0211
211.279915488,99.0,98.9788,-0.0211
211.319915472,99.0,98.9789,-0.021
211.359915456,99.0,98.9789,-0.021
211.39991544,99.0,98.9789,-0.021
211.43991542400002,99.0,98.9791,-0.0208
211.47991540799998,99.0,98.9791,-0.0208
211.519915392,99.0,98.9792,-0.0207
211.559915376,99.0,98.9792,-0.0207
211.59991536,99.0,98.9793,-0.0206
211.639915344,99.0,98.9794,-0.0205
211.679915328,99.0,98.9795,-0.0204
211.71991531199998,99.0,98.9795,-0.0204
211.759915296,99.0,98.9796,-0.0203
211.79991528,99.0,98.9796,-0.0203
211.839915264,99.0,98.9797,-0.0202
211.87991524799997,99.0,98.9798,-0.0201
211.919915232,99.0,98.9798,-0.0201
211.95991521599998,99.0,98.9799,-0.02
211.9999152,99.0,98.98,-0.0199
212.039915184,99.0,98.9801,-0.0198
212.079915168,99.0,98.9801,-0.0198
212.11991515199998,99.0,98.9802,-0.0197
212.159915136,99.0,98.9802,-0.0196
212.19991512,99.0,98.9802,-0.0196
212.239915104,99.0,98.9803,-0.0196
212.279915088,99.0,98.9803,-0.0195
212.319915072,99.0,98.9803,-0.0196
212.359915056,99.0,98.9804,-0.0195
212.39991504,99.0,98.9804,-0.0195
212.43991502400002,99.0,98.9804,-0.0195
212.479915008,99.0,98.9804,-0.0195
212.519914992,99.0,98.9804,-0.0195
212.559914976,99.0,98.9804,-0.0195
212.59991496,99.0,98.9805,-0.0194
212.639914944,99.0,98.9805,-0.0194
212.67991492800002,99.0,98.9805,-0.0194
212.71991491199998,99.0,98.9805,-0.0194
212.759914896,99.0,98.9805,-0.0194
212.79991488,99.0,98.9806,-0.0193
212.839914864,99.0,98.9806,-0.0193
212.879914848,99.0,98.9806,-0.0193
212.919914832,99.0,98.9807,-0.0192
212.95991481599998,99.0,98.9807,-0.0192
212.9999148,99.0,98.9807,-0.0192
213.039914784,99.0,98.9807,-0.0192
213.079914768,99.0,98.9807,-0.0192
213.11991475199997,99.0,98.9808,-0.0191
213.159914736,99.0,98.9808,-0.0191
213.19991471999998,99.0,98.9808,-0.0191
213.239914704,99.0,98.9808,-0.0191
213.27991468800002,99.0,98.9809,-0.019
213.319914672,99.0,98.9809,-0.019
213.359914656,99.0,98.9809,-0.019
213.39991464,99.0,98.981,-0.0189
213.439914624,99.0,98.981,-0.0189
213.479914608,99.0,98.981,-0.0189
213.51991459200002,99.0,98.9811,-0.0188
213.55991457599998,99.0,98.9811,-0.0188
213.59991456,99.0,98.9811,-0.0188
213.639914544,99.0,98.9812,-0.0187
213.679914528,99.0,98.9812,-0.0187
213.719914512,99.0,98.9812,-0.0187
213.759914496,99.0,98.9813,-0.0186
213.79991447999998,99.0,98.9813,-0.0186
213.839914464,99.0,98.9814,-0.0185
213.879914448,99.0,98.9813,-0.0186
213.919914432,99.0,98.9814,-0.0185
213.95991441599998,99.0,98.9814,-0.0185
213.9999144,99.0,98.9814,-0.0185
214.03991438399999,99.0,98.9814,-0.0185
214.079914368,99.0,98.9814,-0.0185
214.119914352,99.0,98.9815,-0.0184
214.15991433599999,99.0,98.9815,-0.0184
214.19991431999998,99.0,98.9815,-0.0184
214.239914304,99.0,98.9815,-0.0184
214.27991428800001,99.0,98.9815,-0.0184
214.319914272,99.0,98.9815,-0.0184
214.359914256,99.0,98.9815,-0.0184
214.39991424,99.0,98.9815,-0.0184
214.439914224,99.0,98.9815,-0.0184
214.479914208,99.0,98.9815,-0.0184
214.51991419200002,99.0,98.9815,-0.0184
214.559914176,99.0,98.9815,-0.0184
214.59991416,99.0,98.9815,-0.0184
214.639914144,99.0,98.9815,-0.0184
214.679914128,99.0,98.9815,-0.0184
214.719914112,99.0,98.9815,-0.0184
214.75991409600002,99.0,98.9815,-0.0184
214.79991407999998,99.0,98.9815,-0.0184
214.839914064,99.0,98.9814,-0.0185
214.879914048,99.0,98.9814,-0.0185
214.919914032,99.0,98.9814,-0.0185
214.959914016,99.0,98.9814,-0.0185
214.999914,99.0,98.9814,-0.0185
215.03991398399998,99.0,98.9814,-0.0185
215.079913968,99.0,98.9814,-0.0185
215.119913952,99.0,98.9814,-0.0185
215.159913936,99.0,98.9813,-0.0186
215.19991391999997,99.0,98.9813,-0.0186
215.239913904,99.0,98.9813,-0.0186
215.279913888,99.0,98.9813,-0.0186
215.319913872,99.0,98.9813,-0.0186
215.35991385600002,99.0,98.9813,-0.0186
215.39991383999998,99.0,98.9814,-0.0185
215.439913824,99.0,98.9813,-0.0186
215.479913808,99.0,98.9813,-0.0186
215.519913792,99.0,98.9813,-0.0186
215.559913776,99.0,98.9813,-0.0186
215.59991376,99.0,98.9813,-0.0186
215.63991374399998,99.0,98.9814,-0.0185
215.679913728,99.0,98.9814,-0.0185
215.719913712,99.0,98.9815,-0.0184
215.759913696,99.0,98.9814,-0.0185
215.79991368,99.0,98.9815,-0.0184
215.839913664,99.0,98.9815,-0.0184
215.87991364799998,99.0,98.9815,-0.0184
215.919913632,99.0,98.9815,-0.0184
215.959913616,99.0,98.9815,-0.0184
215.9999136,99.0,98.9815,-0.0184
216.03991358399998,99.0,98.9815,-0.0184
216.079913568,99.0,98.9815,-0.0184
216.11991355199999,99.0,98.9815,-0.0184
216.159913536,99.0,98.9815,-0.0184
216.19991352,99.0,98.9814,-0.0185
216.239913504,99.0,98.9814,-0.0185
216.279913488,99.0,98.9814,-0.0185
216.319913472,99.0,98.9814,-0.0185
216.35991345600002,99.0,98.9814,-0.0185
216.39991344,99.0,98.9814,-0.0185
216.439913424,99.0,98.9813,-0.0186
216.479913408,99.0,98.9813,-0.0186
216.519913392,99.0,98.9812,-0.0186
216.559913376,99.0,98.9812,-0.0186
216.59991336000002,99.0,98.9812,-0.0187
216.63991334399998,99.0,98.9811,-0.0188
216.679913328,99.0,98.9811,-0.0188
216.719913312,99.0,98.9811,-0.0188
216.759913296,99.0,98.9811,-0.0188
216.79991328,99.0,98.981,-0.0189
216.839913264,99.0,98.9811,-0.0188
216.87991324799998,99.0,98.981,-0.0189
216.919913232,99.0,98.981,-0.0189
216.959913216,99.0,98.981,-0.0189
216.9999132,99.0,98.9809,-0.019
217.039913184,99.0,98.9809,-0.019
217.079913168,99.0,98.9809,-0.019
217.11991315199998,99.0,98.9809,-0.019
217.159913136,99.0,98.9808,-0.0191
217.19991312,99.0,98.9808,-0.0191
217.239913104,99.0,98.9808,-0.0191
217.279913088,99.0,98.9808,-0.0191
217.319913072,99.0,98.9807,-0.0192
217.359913056,99.0,98.9807,-0.0192
217.39991304,99.0,98.9807,-0.0192
217.43991302400002,99.0,98.9807,-0.0192
217.47991300799998,99.0,98.9807,-0.0192
217.519912992,99.0,98.9807,-0.0192
217.559912976,99.0,98.9807,-0.0192
217.59991296,99.0,98.9807,-0.0192
217.639912944,99.0,98.9806,-0.0193
217.679912928,99.0,98.9806,-0.0193
217.71991291199998,99.0,98.9806,-0.0193
217.759912896,99.0,98.9806,-0.0193
217.79991288,99.0,98.9806,-0.0193
217.839912864,99.0,98.9805,-0.0194
217.87991284799998,99.0,98.9805,-0.0194
217.919912832,99.0,98.9805,-0.0194
217.95991281599999,99.0,98.9804,-0.0195
217.9999128,99.0,98.9805,-0.0194
218.039912784,99.0,98.9804,-0.0195
218.07991276799999,99.0,98.9804,-0.0195
218.11991275199998,99.0,98.9804,-0.0195
218.159912736,99.0,98.9803,-0.0196
218.19991272,99.0,98.9803,-0.0196
218.239912704,99.0,98.9803,-0.0196
218.27991268800002,99.0,98.9803,-0.0196
218.319912672,99.0,98.9803,-0.0196
218.359912656,99.0,98.9803,-0.0196
218.39991264,99.0,98.9803,-0.0196
218.43991262400002,99.0,98.9803,-0.0196
218.479912608,99.0,98.9802,-0.0196
218.519912592,99.0,98.9802,-0.0197
218.559912576,99.0,98.9802,-0.0197
218.59991256,99.0,98.9801,-0.0198
218.639912544,99.0,98.9802,-0.0197
218.67991252800002,99.0,98.9801,-0.0198
218.71991251199998,99.0,98.9801,-0.0198
218.759912496,99.0,98.9801,-0.0198
218.79991248,99.0,98.98,-0.0199
218.839912464,99.0,98.98,-0.0199
218.879912448,99.0,98.98,-0.0199
218.919912432,99.0,98.9799,-0.02
218.95991241599998,99.0,98.9799,-0.02
218.9999124,99.0,98.9798,-0.0201
219.039912384,99.0,98.9798,-0.0201
219.079912368,99.0,98.9798,-0.0201
219.11991235199997,99.0,98.9797,-0.0202
219.159912336,99.0,98.9797,-0.0202
219.19991231999998,99.0,98.9797,-0.0202
219.239912304,99.0,98.9796,-0.0203
219.27991228800002,99.0,98.9796,-0.0203
219.31991227199998,99.0,98.9795,-0.0204
219.359912256,99.0,98.9795,-0.0204
219.39991224,99.0,98.9795,-0.0204
219.439912224,99.0,98.9795,-0.0204
219.479912208,99.0,98.9794,-0.0205
219.51991219200002,99.0,98.9794,-0.0205
219.55991217599998,99.0,98.9794,-0.0205
219.59991216,99.0,98.9793,-0.0205
219.639912144,99.0,98.9793,-0.0205
219.679912128,99.0,98.9793,-0.0206
219.719912112,99.0,98.9793,-0.0206
219.759912096,99.0,98.9793,-0.0206
219.79991207999998,99.0,98.9793,-0.0206
219.839912064,99.0,98.9793,-0.0206
219.879912048,99.0,98.9793,-0.0206
219.919912032,99.0,98.9792,-0.0207
219.95991201599998,99.0,98.9792,-0.0207
219.999912,99.0,98.9792,-0.0207
220.03991198399999,99.0,98.9791,-0.0208
220.079911968,99.0,98.9791,-0.0208
220.119911952,99.0,98.979,-0.0209
220.159911936,99.0,98.979,-0.0209
220.19991191999998,99.0,98.979,-0.0209
220.239911904,99.0,98.9789,-0.021
220.27991188800002,99.0,98.9789,-0.021
220.319911872,99.0,98.9789,-0.021
220.359911856,99.0,98.9789,-0.021
220.39991184,99.0,98.9789,-0.021
220.439911824,99.0,98.9788,-0.0211
220.479911808,99.0,98.9788,-0.0211
220.51991179200002,99.0,98.9788,-0.0211
220.55991177599998,99.0,98.9787,-0.0212
220.59991176,99.0,98.9787,-0.0212
220.639911744,99.0,98.9786,-0.0213
220.679911728,99.0,98.9786,-0.0213
220.719911712,99.0,98.9786,-0.0213
220.75991169600002,99.0,98.9785,-0.0214
220.79991167999998,99.0,98.9785,-0.0214
220.839911664,99.0,98.9785,-0.0214
220.879911648,99.0,98.9784,-0.0215
220.919911632,99.0,98.9784,-0.0215
220.959911616,99.0,98.9783,-0.0216
220.9999116,99.0,98.9783,-0.0216
221.03991158399998,99.0,98.9783,-0.0216
221.079911568,99.0,98.9782,-0.0216
221.119911552,99.0,98.9782,-0.0217
221.159911536,99.0,98.9782,-0.0217
221.19991152,99.0,98.9781,-0.0218
221.239911504,99.0,98.9781,-0.0218
221.279911488,99.0,98.9781,-0.0218
221.319911472,99.0,98.978,-0.0219
221.35991145600002,99.0,98.978,-0.0219
221.39991143999998,99.0,98.978,-0.0219
221.439911424,99.0,98.978,-0.0219
221.479911408,99.0,98.9779,-0.022
221.519911392,99.0,98.9779,-0.022
221.559911376,99.0,98.9779,-0.022
221.59991136,99.0,98.9778,-0.0221
221.63991134399998,99.0,98.9778,-0.0221
221.679911328,99.0,98.9778,-0.0221
221.719911312,99.0,98.9778,-0.0221
221.759911296,99.0,98.9777,-0.0222
221.79991127999998,99.0,98.9777,-0.0222
221.839911264,99.0,98.9776,-0.0223
221.87991124799998,99.0,98.9776,-0.0223
221.919911232,99.0,98.9775,-0.0224
221.959911216,99.0,98.9775,-0.0223
221.9999112,99.0,98.9775,-0.0224
222.03991118399998,99.0,98.9774,-0.0225
222.079911168,99.0,98.9774,-0.0225
222.119911152,99.0,98.9773,-0.0226
222.159911136,99.0,98.9773,-0.0226
222.19991112,99.0,98.9774,-0.0225
222.239911104,99.0,98.9773,-0.0226
222.279911088,99.0,98.9773,-0.0226
222.319911072,99.0,98.9773,-0.0226
222.35991105600002,99.0,98.9772,-0.0227
222.39991104,99.0,98.9772,-0.0227
222.439911024,99.0,98.9772,-0.0227
222.479911008,99.0,98.9772,-0.0227
222.519910992,99.0,98.9772,-0.0227
222.559910976,99.0,98.9771,-0.0228
222.59991096000002,99.0,98.9771,-0.0228
222.63991094399998,99.0,98.977,-0.0229
222.679910928,99.0,98.977,-0.0228
222.719910912,99.0,98.977,-0.0228
222.759910896,99.0,98.977,-0.0229
222.79991088,99.0,98.977,-0.0229
222.839910864,99.0,98.9769,-0.023
222.87991084799998,99.0,98.9769,-0.023
222.919910832,99.0,98.9769,-0.023
222.959910816,99.0,98.9769,-0.023
222.9999108,99.0,98.9768,-0.0231
223.03991078399997,99.0,98.9768,-0.0231
223.079910768,99.0,98.9767,-0.0232
223.11991075199998,99.0,98.9768,-0.0231
223.159910736,99.0,98.9767,-0.0232
223.19991072,99.0,98.9767,-0.0232
223.23991070399998,99.0,98.9767,-0.0232
223.279910688,99.0,98.9766,-0.0232
223.319910672,99.0,98.9767,-0.0232
223.359910656,99.0,98.9766,-0.0233
223.39991064,99.0,98.9766,-0.0233
223.43991062400002,99.0,98.9766,-0.0233
223.47991060799998,99.0,98.9766,-0.0233
223.519910592,99.0,98.9766,-0.0233
223.559910576,99.0,98.9766,-0.0233
223.59991056,99.0,98.9766,-0.0233
223.639910544,99.0,98.9766,-0.0233
223.679910528,99.0,98.9766,-0.0233
223.71991051199998,99.0,98.9766,-0.0233
223.759910496,99.0,98.9766,-0.0233
223.79991048,99.0,98.9766,-0.0233
223.839910464,99.0,98.9766,-0.0233
223.87991044799998,99.0,98.9766,-0.0233
223.919910432,99.0,98.9766,-0.0233
223.95991041599999,99.0,98.9766,-0.0233
223.9999104,99.0,98.9766,-0.0233
224.039910384,99.0,98.9766,-0.0233
224.079910368,99.0,98.9766,-0.0233
224.11991035199998,99.0,98.9766,-0.0233
224.159910336,99.0,98.9767,-0.0232
224.19991032000001,99.0,98.9766,-0.0233
224.239910304,99.0,98.9766,-0.0233
224.279910288,99.0,98.9766,-0.0233
224.319910272,99.0,98.9766,-0.0232
224.359910256,99.0,98.9766,-0.0232
224.39991024,99.0,98.9766,-0.0232
224.43991022400002,99.0,98.9766,-0.0232
224.47991020799998,99.0,98.9767,-0.0232
224.519910192,99.0,98.9766,-0.0232
224.559910176,99.0,98.9766,-0.0232
224.59991016,99.0,98.9766,-0.0232
224.639910144,99.0,98.9766,-0.0233
224.67991012800002,99.0,98.9766,-0.0233
224.71991011199998,99.0,98.9766,-0.0233
224.759910096,99.0,98.9765,-0.0234
224.79991008,99.0,98.9766,-0.0233
224.839910064,99.0,98.9765,-0.0234
224.879910048,99.0,98.9765,-0.0234
224.919910032,99.0,98.9765,-0.0234
224.95991001599998,99.0,98.9765,-0.0234
224.99991,99.0,98.9766,-0.0233
225.039909984,99.0,98.9766,-0.0233
225.079909968,99.0,98.9766,-0.0232
225.11990995199997,99.0,98.9767,-0.0232
225.159909936,99.0,98.9766,-0.0233
225.19990992,99.0,98.9767,-0.0232
225.239909904,99.0,98.9767,-0.0232
225.27990988800002,99.0,98.9768,-0.0231
225.31990987199998,99.0,98.9768,-0.0231
225.359909856,99.0,98.9768,-0.0231
225.39990984,99.0,98.9768,-0.0231
225.439909824,99.0,98.9768,-0.0231
225.479909808,99.0,98.9768,-0.0231
225.519909792,99.0,98.9769,-0.023
225.55990977599998,99.0,98.9769,-0.023
225.59990976,99.0,98.9769,-0.023
225.639909744,99.0,98.9769,-0.023
225.679909728,99.0,98.9769,-0.023
225.71990971199997,99.0,98.9769,-0.023
225.759909696,99.0,98.9769,-0.023
225.79990967999998,99.0,98.9769,-0.023
225.839909664,99.0,98.977,-0.0229
225.879909648,99.0,98.977,-0.0229
225.919909632,99.0,98.977,-0.0229
225.95990961599998,99.0,98.977,-0.0228
225.9999096,99.0,98.9771,-0.0228
226.039909584,99.0,98.9772,-0.0227
226.079909568,99.0,98.9772,-0.0227
226.119909552,99.0,98.9773,-0.0226
226.159909536,99.0,98.9773,-0.0226
226.19990952,99.0,98.9773,-0.0226
226.239909504,99.0,98.9774,-0.0225
226.27990948800002,99.0,98.9775,-0.0224
226.319909472,99.0,98.9775,-0.0224
226.359909456,99.0,98.9775,-0.0224
226.39990944,99.0,98.9775,-0.0224
226.439909424,99.0,98.9776,-0.0223
226.479909408,99.0,98.9777,-0.0222
226.51990939200002,99.0,98.9777,-0.0222
226.55990937599998,99.0,98.9778,-0.0221
226.59990936,99.0,98.9778,-0.0221
226.639909344,99.0,98.9778,-0.0221
226.679909328,99.0,98.9779,-0.022
226.719909312,99.0,98.9779,-0.022
226.759909296,99.0,98.9779,-0.022
226.79990927999998,99.0,98.9779,-0.022
226.839909264,99.0,98.9779,-0.022
226.879909248,99.0,98.9779,-0.022
226.919909232,99.0,98.9779,-0.022
226.95990921599997,99.0,98.9779,-0.022
226.9999092,99.0,98.9779,-0.022
227.03990918399998,99.0,98.9779,-0.022
227.079909168,99.0,98.9779,-0.022
227.119909152,99.0,98.9779,-0.022
227.159909136,99.0,98.9779,-0.022
227.19990912,99.0,98.978,-0.0219
227.239909104,99.0,98.9779,-0.022
227.279909088,99.0,98.978,-0.0219
227.319909072,99.0,98.978,-0.0219
227.35990905600002,99.0,98.978,-0.0219
227.39990903999998,99.0,98.978,-0.0219
227.439909024,99.0,98.978,-0.0219
227.479909008,99.0,98.978,-0.0219
227.519908992,99.0,98.978,-0.0219
227.559908976,99.0,98.978,-0.0219
227.59990896,99.0,98.978,-0.0219
227.63990894399998,99.0,98.978,-0.0219
227.679908928,99.0,98.9781,-0.0218
227.719908912,99.0,98.9781,-0.0218
227.759908896,99.0,98.9781,-0.0218
227.79990887999998,99.0,98.9781,-0.0218
227.839908864,99.0,98.9781,-0.0218
227.87990884799999,99.0,98.9781,-0.0218
227.919908832,99.0,98.9781,-0.0218
227.959908816,99.0,98.9781,-0.0218
227.9999088,99.0,98.9782,-0.0217
228.03990878399998,99.0,98.9782,-0.0217
228.079908768,99.0,98.9782,-0.0217
228.119908752,99.0,98.9782,-0.0217
228.159908736,99.0,98.9782,-0.0217
228.19990872,99.0,98.9782,-0.0217
228.239908704,99.0,98.9782,-0.0217
228.279908688,99.0,98.9782,-0.0217
228.319908672,99.0,98.9782,-0.0216
228.35990865600002,99.0,98.9783,-0.0216
228.39990864,99.0,98.9782,-0.0217
228.439908624,99.0,98.9782,-0.0216
228.479908608,99.0,98.9782,-0.0216
228.519908592,99.0,98.9782,-0.0216
228.559908576,99.0,98.9783,-0.0216
228.59990856000002,99.0,98.9783,-0.0216
228.63990854399998,99.0,98.9783,-0.0215
228.679908528,99.0,98.9784,-0.0215
228.719908512,99.0,98.9783,-0.0216
228.759908496,99.0,98.9784,-0.0215
228.79990848,99.0,98.9784,-0.0215
228.839908464,99.0,98.9784,-0.0215
228.87990844799998,99.0,98.9784,-0.0215
228.919908432,99.0,98.9784,-0.0215
228.959908416,99.0,98.9785,-0.0214
228.9999084,99.0,98.9785,-0.0214
229.03990838399997,99.0,98.9785,-0.0214
229.079908368,99.0,98.9785,-0.0214
229.11990835199998,99.0,98.9785,-0.0214
229.159908336,99.0,98.9785,-0.0214
229.19990832000002,99.0,98.9785,-0.0214
229.23990830399998,99.0,98.9785,-0.0214
229.279908288,99.0,98.9785,-0.0214
229.319908272,99.0,98.9785,-0.0214
229.359908256,99.0,98.9785,-0.0214
229.39990824,99.0,98.9786,-0.0213
229.439908224,99.0,98.9785,-0.0214
229.47990820799998,99.0,98.9785,-0.0214
229.519908192,99.0,98.9785,-0.0214
229.559908176,99.0,98.9786,-0.0213
229.59990816,99.0,98.9786,-0.0212
229.639908144,99.0,98.9786,-0.0212
229.679908128,99.0,98.9786,-0.0213
229.71990811199998,99.0,98.9786,-0.0212
229.759908096,99.0,98.9786,-0.0213
229.79990808,99.0,98.9787,-0.0212
229.839908064,99.0,98.9786,-0.0212
229.87990804799998,99.0,98.9786,-0.0213
229.919908032,99.0,98.9787,-0.0212
229.95990801599999,99.0,98.9787,-0.0212
229.999908,99.0,98.9787,-0.0212
230.039907984,99.0,98.9788,-0.0211
230.079907968,99.0,98.9788,-0.0211
230.119907952,99.0,98.9788,-0.0211
230.159907936,99.0,98.9788,-0.0211
230.19990792000002,99.0,98.9788,-0.0211
230.239907904,99.0,98.9789,-0.021
230.279907888,99.0,98.9789,-0.021
230.319907872,99.0,98.9789,-0.021
230.359907856,99.0,98.979,-0.0209
230.39990784,99.0,98.979,-0.0209
230.43990782400002,99.0,98.979,-0.0209
230.47990780799998,99.0,98.979,-0.0209
230.519907792,99.0,98.9791,-0.0208
230.559907776,99.0,98.9791,-0.0208
230.59990776,99.0,98.9791,-0.0208
230.639907744,99.0,98.9791,-0.0208
230.679907728,99.0,98.9791,-0.0208
230.71990771199998,99.0,98.9792,-0.0207
230.759907696,99.0,98.9792,-0.0207
230.79990768,99.0,98.9793,-0.0206
230.839907664,99.0,98.9793,-0.0206
230.879907648,99.0,98.9793,-0.0206
230.919907632,99.0,98.9793,-0.0206
230.95990761599998,99.0,98.9794,-0.0205
230.9999076,99.0,98.9794,-0.0205
231.039907584,99.0,98.9795,-0.0204
231.079907568,99.0,98.9795,-0.0204
231.119907552,99.0,98.9795,-0.0204
231.159907536,99.0,98.9796,-0.0203
231.19990752,99.0,98.9796,-0.0203
231.239907504,99.0,98.9797,-0.0202
231.27990748800002,99.0,98.9797,-0.0202
231.31990747199998,99.0,98.9797,-0.0202
231.359907456,99.0,98.9798,-0.0201
231.39990744,99.0,98.9798,-0.0201
231.439907424,99.0,98.9798,-0.0201
231.479907408,99.0,98.9799,-0.02
231.519907392,99.0,98.9799,-0.02
231.55990737599998,99.0,98.9799,-0.02
231.59990736,99.0,98.98,-0.0199
231.639907344,99.0,98.98,-0.0199
231.679907328,99.0,98.9801,-0.0198
231.71990731199998,99.0,98.9801,-0.0198
231.759907296,99.0,98.9801,-0.0198
231.79990727999999,99.0,98.9802,-0.0197
231.839907264,99.0,98.9802,-0.0197
231.879907248,99.0,98.9802,-0.0197
231.91990723199999,99.0,98.9802,-0.0196
231.95990721599998,99.0,98.9802,-0.0196
231.9999072,99.0,98.9803,-0.0196
232.039907184,99.0,98.9803,-0.0196
232.079907168,99.0,98.9803,-0.0195
232.119907152,99.0,98.9804,-0.0195
232.159907136,99.0,98.9804,-0.0195
232.19990712,99.0,98.9805,-0.0194
232.239907104,99.0,98.9805,-0.0194
232.27990708800002,99.0,98.9806,-0.0193
232.319907072,99.0,98.9806,-0.0193
232.359907056,99.0,98.9806,-0.0193
232.39990704,99.0,98.9807,-0.0192
232.439907024,99.0,98.9807,-0.0192
232.479907008,99.0,98.9807,-0.0192
232.51990699200002,99.0,98.9807,-0.0192
232.55990697599998,99.0,98.9808,-0.0191
232.59990696,99.0,98.9808,-0.0191
232.639906944,99.0,98.9809,-0.019
232.679906928,99.0,98.9809,-0.019
232.719906912,99.0,98.9809,-0.019
232.759906896,99.0,98.981,-0.0189
232.79990687999998,99.0,98.9809,-0.019
232.839906864,99.0,98.981,-0.0189
232.879906848,99.0,98.981,-0.0189
232.919906832,99.0,98.981,-0.0189
232.95990681599997,99.0,98.9811,-0.0188
232.9999068,99.0,98.9811,-0.0188
233.03990678399998,99.0,98.9811,-0.0188
233.079906768,99.0,98.9811,-0.0188
233.11990675200002,99.0,98.9811,-0.0188
233.15990673599998,99.0,98.9811,-0.0188
233.19990672,99.0,98.9811,-0.0188
233.239906704,99.0,98.9811,-0.0187
233.279906688,99.0,98.9812,-0.0187
233.319906672,99.0,98.9812,-0.0187
233.35990665600002,99.0,98.9813,-0.0186
233.39990663999998,99.0,98.9813,-0.0186
233.439906624,99.0,98.9813,-0.0186
233.479906608,99.0,98.9813,-0.0186
233.519906592,99.0,98.9813,-0.0186
233.559906576,99.0,98.9813,-0.0186
233.59990656,99.0,98.9813,-0.0186
233.63990654399998,99.0,98.9813,-0.0186
233.679906528,99.0,98.9814,-0.0185
233.719906512,99.0,98.9814,-0.0185
233.759906496,99.0,98.9814,-0.0185
233.79990647999998,99.0,98.9815,-0.0184
233.839906464,99.0,98.9815,-0.0184
233.87990644799999,99.0,98.9815,-0.0184
233.919906432,99.0,98.9815,-0.0184
233.959906416,99.0,98.9815,-0.0184
233.9999064,99.0,98.9816,-0.0183
234.03990638399998,99.0,98.9815,-0.0184
234.079906368,99.0,98.9815,-0.0184
234.11990635200002,99.0,98.9815,-0.0184
234.159906336,99.0,98.9814,-0.0185
234.19990632,99.0,98.9815,-0.0184
234.239906304,99.0,98.9815,-0.0184
234.279906288,99.0,98.9815,-0.0184
234.319906272,99.0,98.9815,-0.0184
234.35990625600002,99.0,98.9815,-0.0184
234.39990623999998,99.0,98.9815,-0.0184
234.439906224,99.0,98.9814,-0.0185
234.479906208,99.0,98.9814,-0.0185
234.519906192,99.0,98.9814,-0.0185
234.559906176,99.0,98.9813,-0.0186
234.59990616000002,99.0,98.9813,-0.0186
234.63990614399998,99.0,98.9813,-0.0186
234.679906128,99.0,98.9812,-0.0187
234.719906112,99.0,98.9812,-0.0187
234.759906096,99.0,98.9811,-0.0187
234.79990608,99.0,98.9811,-0.0188
234.839906064,99.0,98.9811,-0.0188
234.87990604799998,99.0,98.981,-0.0189
234.919906032,99.0,98.981,-0.0189
234.959906016,99.0,98.981,-0.0189
234.999906,99.0,98.9809,-0.019
235.03990598399997,99.0,98.9809,-0.019
235.079905968,99.0,98.9809,-0.019
235.119905952,99.0,98.9809,-0.019
235.159905936,99.0,98.9809,-0.019
235.19990592000002,99.0,98.9809,-0.019
235.23990590399998,99.0,98.9809,-0.019
235.279905888,99.0,98.9808,-0.0191
235.319905872,99.0,98.9808,-0.0191
235.359905856,99.0,98.9808,-0.0191
235.39990584,99.0,98.9807,-0.0192
235.439905824,99.0,98.9807,-0.0192
235.47990580799998,99.0,98.9807,-0.0192
235.519905792,99.0,98.9806,-0.0193
235.559905776,99.0,98.9806,-0.0193
235.59990576,99.0,98.9805,-0.0194
235.63990574399998,99.0,98.9805,-0.0194
235.679905728,99.0,98.9805,-0.0194
235.71990571199998,99.0,98.9804,-0.0195
235.759905696,99.0,98.9804,-0.0195
235.79990568,99.0,98.9804,-0.0195
235.839905664,99.0,98.9803,-0.0196
235.87990564799998,99.0,98.9802,-0.0197
235.919905632,99.0,98.9801,-0.0198
235.959905616,99.0,98.9801,-0.0198
235.9999056,99.0,98.98,-0.0199
236.039905584,99.0,98.98,-0.0199
236.079905568,99.0,98.9799,-0.02
236.119905552,99.0,98.9799,-0.02
236.159905536,99.0,98.9798,-0.0201
236.19990552000002,99.0,98.9798,-0.0201
236.239905504,99.0,98.9797,-0.0202
236.279905488,99.0,98.9797,-0.0202
236.319905472,99.0,98.9797,-0.0202
236.359905456,99.0,98.9796,-0.0203
236.39990544,99.0,98.9796,-0.0203
236.43990542400002,99.0,98.9795,-0.0204
236.47990540799998,99.0,98.9795,-0.0204
236.519905392,99.0,98.9795,-0.0204
236.559905376,99.0,98.9794,-0.0205
236.59990536,99.0,98.9793,-0.0205
236.639905344,99.0,98.9793,-0.0206
236.679905328,99.0,98.9793,-0.0206
236.71990531199998,99.0,98.9793,-0.0206
236.759905296,99.0,98.9792,-0.0207
236.79990528,99.0,98.9793,-0.0206
236.839905264,99.0,98.9792,-0.0207
236.87990524799997,99.0,98.9792,-0.0207
236.919905232,99.0,98.9791,-0.0207
236.95990521599998,99.0,98.9791,-0.0208
236.9999052,99.0,98.9791,-0.0208
237.039905184,99.0,98.979,-0.0209
237.079905168,99.0,98.979,-0.0209
237.119905152,99.0,98.979,-0.0209
237.159905136,99.0,98.979,-0.0209
237.19990512,99.0,98.9789,-0.021
237.239905104,99.0,98.9789,-0.021
237.27990508800002,99.0,98.9789,-0.021
237.31990507199998,99.0,98.9789,-0.021
237.359905056,99.0,98.9789,-0.021
237.39990504,99.0,98.9789,-0.021
237.439905024,99.0,98.9789,-0.021
237.479905008,99.0,98.9789,-0.021
237.519904992,99.0,98.9789,-0.021
237.55990497599998,99.0,98.9789,-0.021
237.59990496,99.0,98.9789,-0.021
237.639904944,99.0,98.9789,-0.021
237.679904928,99.0,98.9789,-0.021
237.71990491199998,99.0,98.9789,-0.021
237.759904896,99.0,98.9789,-0.021
237.79990487999999,99.0,98.9789,-0.021
237.839904864,99.0,98.9789,-0.021
237.879904848,99.0,98.9789,-0.021
237.919904832,99.0,98.9789,-0.021
237.95990481599998,99.0,98.9789,-0.021
237.9999048,99.0,98.9789,-0.021
238.039904784,99.0,98.9789,-0.021
238.079904768,99.0,98.9789,-0.021
238.119904752,99.0,98.9789,-0.021
238.159904736,99.0,98.9789,-0.021
238.19990472,99.0,98.9789,-0.021
238.239904704,99.0,98.9789,-0.021
238.27990468800002,99.0,98.9788,-0.0211
238.319904672,99.0,98.9788,-0.0211
238.359904656,99.0,98.9788,-0.0211
238.39990464,99.0,98.9788,-0.0211
238.439904624,99.0,98.9788,-0.0211
238.479904608,99.0,98.9788,-0.0211
238.51990459200002,99.0,98.9788,-0.0211
238.55990457599998,99.0,98.9788,-0.0211
238.59990456,99.0,98.9788,-0.0211
238.639904544,99.0,98.9788,-0.0211
238.679904528,99.0,98.9788,-0.0211
238.719904512,99.0,98.9788,-0.0211
238.759904496,99.0,98.9788,-0.0211
238.79990447999998,99.0,98.9788,-0.0211
238.839904464,99.0,98.9788,-0.0211
238.879904448,99.0,98.9788,-0.0211
238.919904432,99.0,98.9788,-0.0211
238.95990441599997,99.0,98.9788,-0.0211
238.9999044,99.0,98.9789,-0.021
239.03990438399998,99.0,98.9789,-0.021
239.079904368,99.0,98.9789,-0.021
239.11990435200002,99.0,98.9789,-0.021
239.15990433599998,99.0,98.9789,-0.021
239.19990432,99.0,98.9789,-0.021
239.239904304,99.0,98.9789,-0.021
239.279904288,99.0,98.9789,-0.021
239.319904272,99.0,98.9789,-0.021
239.359904256,99.0,98.9789,-0.021
239.39990423999998,99.0,98.9789,-0.021
239.439904224,99.0,98.979,-0.0209
239.479904208,99.0,98.979,-0.0209
239.519904192,99.0,98.979,-0.0209
239.559904176,99.0,98.9791,-0.0208
239.59990416,99.0,98.9791,-0.0208
239.63990414399998,99.0,98.9791,-0.0208
239.679904128,99.0,98.9791,-0.0208
239.719904112,99.0,98.9791,-0.0208
239.759904096,99.0,98.9791,-0.0208
239.79990407999998,99.0,98.9791,-0.0208
239.839904064,99.0,98.9792,-0.0207
239.879904048,99.0,98.9791,-0.0207
239.919904032,99.0,98.9791,-0.0208
239.959904016,99.0,98.9791,-0.0208
239.999904,99.0,98.9791,-0.0208
240.03990398399998,99.0,98.9791,-0.0208
240.079903968,99.0,98.9791,-0.0208
240.11990395200002,99.0,98.979,-0.0209
240.159903936,99.0,98.979,-0.0209
240.19990392,99.0,98.979,-0.0209
240.239903904,99.0,98.979,-0.0209
240.279903888,99.0,98.979,-0.0209
240.319903872,99.0,98.9789,-0.021
240.35990385600002,99.0,98.979,-0.0209
240.39990383999998,99.0,98.979,-0.0209
240.439903824,99.0,98.9789,-0.021
240.479903808,99.0,98.9789,-0.021
240.519903792,99.0,98.9788,-0.0211
240.559903776,99.0,98.9788,-0.0211
240.59990376,99.0,98.9787,-0.0212
240.63990374399998,99.0,98.9787,-0.0212
240.679903728,99.0,98.9787,-0.0212
240.719903712,99.0,98.9786,-0.0212
240.759903696,99.0,98.9787,-0.0212
240.79990368,99.0,98.9787,-0.0212
240.839903664,99.0,98.9786,-0.0213
240.87990364799998,99.0,98.9786,-0.0212
240.919903632,99.0,98.9786,-0.0213
240.959903616,99.0,98.9786,-0.0213
240.9999036,99.0,98.9786,-0.0213
241.039903584,99.0,98.9786,-0.0213
241.079903568,99.0,98.9786,-0.0212
241.119903552,99.0,98.9786,-0.0213
241.159903536,99.0,98.9786,-0.0213
241.19990352000002,99.0,98.9786,-0.0213
241.23990350399998,99.0,98.9785,-0.0214
241.279903488,99.0,98.9785,-0.0214
241.319903472,99.0,98.9785,-0.0214
241.359903456,99.0,98.9784,-0.0215
241.39990344,99.0,98.9784,-0.0215
241.439903424,99.0,98.9784,-0.0215
241.47990340799998,99.0,98.9784,-0.0215
241.519903392,99.0,98.9784,-0.0215
241.559903376,99.0,98.9783,-0.0216
241.59990336,99.0,98.9783,-0.0216
241.63990334399998,99.0,98.9783,-0.0216
241.679903328,99.0,98.9782,-0.0217
241.71990331199999,99.0,98.9782,-0.0217
241.759903296,99.0,98.9782,-0.0217
241.79990328,99.0,98.9781,-0.0218
241.839903264,99.0,98.9782,-0.0217
241.87990324799998,99.0,98.9781,-0.0218
241.919903232,99.0,98.978,-0.0219
241.959903216,99.0,98.978,-0.0219
241.9999032,99.0,98.9779,-0.022
242.039903184,99.0,98.9779,-0.022
242.079903168,99.0,98.9779,-0.022
242.119903152,99.0,98.9778,-0.0221
242.159903136,99.0,98.9778,-0.0221
242.19990312000002,99.0,98.9777,-0.0222
242.239903104,99.0,98.9777,-0.0221
242.279903088,99.0,98.9777,-0.0222
242.319903072,99.0,98.9777,-0.0222
242.359903056,99.0,98.9777,-0.0222
242.39990304,99.0,98.9776,-0.0222
242.43990302400002,99.0,98.9776,-0.0223
242.47990300799998,99.0,98.9777,-0.0222
242.519902992,99.0,98.9777,-0.0222
242.559902976,99.0,98.9777,-0.0222
242.59990296,99.0,98.9777,-0.0222
242.639902944,99.0,98.9776,-0.0222
242.679902928,99.0,98.9777,-0.0222
242.71990291199998,99.0,98.9776,-0.0223
242.759902896,99.0,98.9776,-0.0223
242.79990288,99.0,98.9776,-0.0223
242.839902864,99.0,98.9775,-0.0224
242.87990284799997,99.0,98.9775,-0.0224
242.919902832,99.0,98.9775,-0.0224
242.95990281599998,99.0,98.9774,-0.0225
242.9999028,99.0,98.9775,-0.0224
243.039902784,99.0,98.9774,-0.0225
243.07990276799998,99.0,98.9774,-0.0225
243.119902752,99.0,98.9774,-0.0225
243.159902736,99.0,98.9773,-0.0225
243.19990272,99.0,98.9774,-0.0225
243.239902704,99.0,98.9774,-0.0225
243.27990268800002,99.0,98.9773,-0.0226
243.31990267199998,99.0,98.9774,-0.0225
243.359902656,99.0,98.9773,-0.0226
243.39990264,99.0,98.9773,-0.0226
243.439902624,99.0,98.9773,-0.0226
243.479902608,99.0,98.9774,-0.0225
243.519902592,99.0,98.9774,-0.0225
243.55990257599998,99.0,98.9774,-0.0225
243.59990256,99.0,98.9774,-0.0225
243.639902544,99.0,98.9773,-0.0225
243.679902528,99.0,98.9774,-0.0225
243.71990251199998,99.0,98.9774,-0.0225
243.759902496,99.0,98.9774,-0.0225
243.79990248,99.0,98.9775,-0.0224
243.839902464,99.0,98.9775,-0.0224
243.879902448,99.0,98.9774,-0.0225
243.919902432,99.0,98.9775,-0.0224
243.95990241599998,99.0,98.9774,-0.0225
243.9999024,99.0,98.9774,-0.0225
244.03990238400002,99.0,98.9774,-0.0225
244.079902368,99.0,98.9773,-0.0226
244.119902352,99.0,98.9774,-0.0225
244.159902336,99.0,98.9774,-0.0225
244.19990232,99.0,98.9773,-0.0225
244.239902304,99.0,98.9774,-0.0225
244.27990228800002,99.0,98.9773,-0.0226
244.31990227199998,99.0,98.9774,-0.0225
244.359902256,99.0,98.9774,-0.0225
244.39990224,99.0,98.9774,-0.0225
244.439902224,99.0,98.9775,-0.0224
244.479902208,99.0,98.9774,-0.0225
244.51990219200002,99.0,98.9775,-0.0224
244.55990217599998,99.0,98.9775,-0.0224
244.59990216,99.0,98.9775,-0.0224
244.639902144,99.0,98.9775,-0.0224
244.679902128,99.0,98.9775,-0.0223
244.719902112,99.0,98.9776,-0.0223
244.759902096,99.0,98.9776,-0.0223
244.79990207999998,99.0,98.9776,-0.0223
244.839902064,99.0,98.9776,-0.0223
244.879902048,99.0,98.9776,-0.0223
244.919902032,99.0,98.9776,-0.0223
244.95990201599997,99.0,98.9776,-0.0223
244.999902,99.0,98.9776,-0.0223
245.039901984,99.0,98.9776,-0.0223
245.079901968,99.0,98.9777,-0.0222
245.11990195200002,99.0,98.9778,-0.0221
245.15990193599998,99.0,98.9778,-0.0221
245.19990192,99.0,98.9778,-0.0221
245.239901904,99.0,98.9778,-0.0221
245.279901888,99.0,98.9779,-0.022
245.319901872,99.0,98.978,-0.0219
245.359901856,99.0,98.978,-0.0219
245.39990183999998,99.0,98.978,-0.0219
245.439901824,99.0,98.978,-0.0219
245.479901808,99.0,98.978,-0.0219
245.519901792,99.0,98.978,-0.0219
245.55990177599998,99.0,98.9781,-0.0218
245.59990176,99.0,98.9781,-0.0218
245.63990174399999,99.0,98.9781,-0.0218
245.679901728,99.0,98.9781,-0.0218
245.719901712,99.0,98.9781,-0.0218
245.759901696,99.0,98.9782,-0.0217
245.79990167999998,99.0,98.9782,-0.0217
245.839901664,99.0,98.9782,-0.0217
245.879901648,99.0,98.9782,-0.0217
245.919901632,99.0,98.9783,-0.0216
245.959901616,99.0,98.9783,-0.0216
245.9999016,99.0,98.9783,-0.0215
246.039901584,99.0,98.9784,-0.0215
246.079901568,99.0,98.9784,-0.0215
246.11990155200002,99.0,98.9785,-0.0214
246.159901536,99.0,98.9785,-0.0214
246.19990152,99.0,98.9785,-0.0214
246.239901504,99.0,98.9785,-0.0214
246.279901488,99.0,98.9785,-0.0214
246.319901472,99.0,98.9786,-0.0212
246.35990145600002,99.0,98.9787,-0.0212
246.39990143999998,99.0,98.9787,-0.0212
246.439901424,99.0,98.9788,-0.0211
246.479901408,99.0,98.9788,-0.0211
246.519901392,99.0,98.9788,-0.0211
246.559901376,99.0,98.9789,-0.021
246.59990136,99.0,98.9789,-0.021
246.63990134399998,99.0,98.979,-0.0209
246.679901328,99.0,98.979,-0.0209
246.719901312,99.0,98.979,-0.0209
246.759901296,99.0,98.979,-0.0209
246.79990127999997,99.0,98.979,-0.0209
246.839901264,99.0,98.9791,-0.0208
246.87990124799998,99.0,98.9791,-0.0208
246.919901232,99.0,98.9791,-0.0207
246.959901216,99.0,98.9792,-0.0207
246.99990119999998,99.0,98.9792,-0.0207
247.039901184,99.0,98.9792,-0.0207
247.079901168,99.0,98.9792,-0.0207
247.119901152,99.0,98.9792,-0.0207
247.159901136,99.0,98.9793,-0.0206
247.19990112000002,99.0,98.9793,-0.0206
247.23990110399998,99.0,98.9793,-0.0206
247.279901088,99.0,98.9794,-0.0205
247.319901072,99.0,98.9793,-0.0206
247.359901056,99.0,98.9794,-0.0205
247.39990104,99.0,98.9795,-0.0204
247.439901024,99.0,98.9794,-0.0205
247.47990100799998,99.0,98.9795,-0.0204
247.519900992,99.0,98.9795,-0.0204
247.559900976,99.0,98.9795,-0.0204
247.59990096,99.0,98.9796,-0.0203
247.63990094399998,99.0,98.9795,-0.0204
247.679900928,99.0,98.9796,-0.0203
247.71990091199999,99.0,98.9796,-0.0203
247.759900896,99.0,98.9796,-0.0203
247.79990088,99.0,98.9797,-0.0202
247.839900864,99.0,98.9797,-0.0202
247.87990084799998,99.0,98.9798,-0.0201
247.919900832,99.0,98.9798,-0.0201
247.959900816,99.0,98.9798,-0.0201
247.9999008,99.0,98.9798,-0.0201
248.039900784,99.0,98.9798,-0.0201
248.079900768,99.0,98.9798,-0.0201
248.119900752,99.0,98.9798,-0.0201
248.159900736,99.0,98.9798,-0.0201
248.19990072000002,99.0,98.9799,-0.02
248.23990070399998,99.0,98.9799,-0.02
248.279900688,99.0,98.9799,-0.02
248.319900672,99.0,98.9799,-0.02
248.359900656,99.0,98.9799,-0.02
248.39990064,99.0,98.98,-0.0199
248.43990062400002,99.0,98.98,-0.0199
248.47990060799998,99.0,98.98,-0.0199
248.519900592,99.0,98.98,-0.0199
248.559900576,99.0,98.98,-0.0199
248.59990056,99.0,98.98,-0.0199
248.639900544,99.0,98.98,-0.0199
248.679900528,99.0,98.98,-0.0199
248.71990051199998,99.0,98.9801,-0.0198
248.759900496,99.0,98.9801,-0.0198
248.79990048,99.0,98.98,-0.0199
248.839900464,99.0,98.98,-0.0199
248.87990044799997,99.0,98.98,-0.0199
248.919900432,99.0,98.9801,-0.0198
248.95990041599998,99.0,98.98,-0.0199
248.9999004,99.0,98.98,-0.0199
249.03990038400002,99.0,98.9801,-0.0198
249.07990036799998,99.0,98.98,-0.0199
249.119900352,99.0,98.9801,-0.0198
249.159900336,99.0,98.9801,-0.0198
249.19990032,99.0,98.9801,-0.0198
249.239900304,99.0,98.9801,-0.0198
249.279900288,99.0,98.9801,-0.0198
249.31990027199998,99.0,98.9801,-0.0198
249.359900256,99.0,98.9802,-0.0197
249.39990024,99.0,98.9801,-0.0198
249.439900224,99.0,98.9801,-0.0198
249.47990020799998,99.0,98.9801,-0.0198
249.519900192,99.0,98.9801,-0.0198
249.55990017599999,99.0,98.9801,-0.0198
249.59990016,99.0,98.9801,-0.0198
249.639900144,99.0,98.9801,-0.0198
249.679900128,99.0,98.9801,-0.0198
249.71990011199998,99.0,98.9801,-0.0198
249.759900096,99.0,98.9801,-0.0198
249.79990008,99.0,98.9801,-0.0198
249.839900064,99.0,98.9802,-0.0197
249.879900048,99.0,98.9802,-0.0196
249.919900032,99.0,98.9803,-0.0196
249.959900016,99.0,98.9803,-0.0196
249.9999,99.0,98.9803,-0.0195
250.03989998400002,99.0,98.9803,-0.0195
250.079899968,99.0,98.9804,-0.0195
250.11989995200003,99.0,98.9804,-0.0195
250.15989993600002,99.0,98.9804,-0.0195
250.19989992000004,99.0,98.9805,-0.0194
250.23989990399997,99.0,98.9805,-0.0194
250.279899888,99.0,98.9805,-0.0194
250.31989987199998,99.0,98.9805,-0.0194
250.359899856,99.0,98.9806,-0.0193
250.39989984,99.0,98.9807,-0.0192
250.439899824,99.0,98.9807,-0.0192
250.479899808,99.0,98.9807,-0.0192
250.51989979200002,99.0,98.9807,-0.0192
250.559899776,99.0,98.9808,-0.0191
250.59989976000003,99.0,98.9808,-0.0191
250.63989974399996,99.0,98.9808,-0.0191
250.67989972799998,99.0,98.9808,-0.0191
250.71989971199997,99.0,98.9808,-0.0191
250.759899696,99.0,98.9809,-0.019
250.79989967999998,99.0,98.981,-0.0189
250.839899664,99.0,98.981,-0.0189
250.879899648,99.0,98.981,-0.0189
250.919899632,99.0,98.9811,-0.0188
250.959899616,99.0,98.9811,-0.0188
250.99989960000002,99.0,98.9811,-0.0188
251.03989958399998,99.0,98.9812,-0.0187
251.07989956799997,99.0,98.9811,-0.0188
251.119899552,99.0,98.9812,-0.0187
251.15989953599998,99.0,98.9812,-0.0186
251.19989952,99.0,98.9813,-0.0186
251.239899504,99.0,98.9814,-0.0185
251.279899488,99.0,98.9814,-0.0185
251.319899472,99.0,98.9815,-0.0184
251.35989945600002,99.0,98.9815,-0.0184
251.39989944,99.0,98.9815,-0.0184
251.43989942400003,99.0,98.9816,-0.0183
251.47989940799997,99.0,98.9816,-0.0183
251.51989939199999,99.0,98.9816,-0.0183
251.55989937599998,99.0,98.9816,-0.0183
251.59989936,99.0,98.9816,-0.0183
251.63989934399999,99.0,98.9817,-0.0182
251.679899328,99.0,98.9817,-0.0182
251.719899312,99.0,98.9817,-0.0182
251.75989929600001,99.0,98.9818,-0.0181
251.79989928,99.0,98.9818,-0.0181
251.83989926400002,99.0,98.9818,-0.0181
251.87989924799996,99.0,98.9818,-0.018
251.91989923199998,99.0,98.9819,-0.018
251.959899216,99.0,98.9819,-0.018
251.9998992,99.0,98.982,-0.0179
252.039899184,99.0,98.982,-0.0179
252.079899168,99.0,98.9821,-0.0178
252.11989915200002,99.0,98.9821,-0.0177
252.159899136,99.0,98.9823,-0.0176
252.19989912000003,99.0,98.9823,-0.0176
252.23989910400002,99.0,98.9823,-0.0176
252.27989908799998,99.0,98.9824,-0.0175
252.31989907199997,99.0,98.9824,-0.0175
252.359899056,99.0,98.9824,-0.0175
252.39989903999998,99.0,98.9825,-0.0174
252.439899024,99.0,98.9825,-0.0174
252.479899008,99.0,98.9825,-0.0174
252.519898992,99.0,98.9825,-0.0174
252.559898976,99.0,98.9825,-0.0174
252.59989896000002,99.0,98.9826,-0.0173
252.639898944,99.0,98.9826,-0.0173
252.67989892800003,99.0,98.9827,-0.0172
252.71989891199996,99.0,98.9827,-0.0172
252.75989889599998,99.0,98.9827,-0.0171
252.79989887999997,99.0,98.9828,-0.0171
252.839898864,99.0,98.9828,-0.0171
252.87989884799998,99.0,98.9829,-0.017
252.919898832,99.0,98.9829,-0.017
252.95989881600002,99.0,98.9829,-0.017
252.9998988,99.0,98.9829,-0.017
253.03989878400003,99.0,98.9828,-0.0171
253.07989876800002,99.0,98.9828,-0.0171
253.11989875199998,99.0,98.9828,-0.0171
253.15989873599997,99.0,98.9828,-0.0171
253.19989872,99.0,98.9828,-0.0171
253.23989870399998,99.0,98.9828,-0.0171
253.279898688,99.0,98.9827,-0.0171
253.319898672,99.0,98.9828,-0.0171
253.359898656,99.0,98.9827,-0.0172
253.39989864,99.0,98.9827,-0.0172
253.43989862400002,99.0,98.9827,-0.0172
253.479898608,99.0,98.9827,-0.0172
253.51989859199998,99.0,98.9827,-0.0172
253.55989857599997,99.0,98.9827,-0.0172
253.59989855999999,99.0,98.9827,-0.0172
253.63989854399998,99.0,98.9827,-0.0172
253.679898528,99.0,98.9827,-0.0172
253.719898512,99.0,98.9827,-0.0172
253.759898496,99.0,98.9827,-0.0172
253.79989848,99.0,98.9826,-0.0173
253.83989846400002,99.0,98.9826,-0.0173
253.879898448,99.0,98.9827,-0.0172
253.91989843200002,99.0,98.9826,-0.0173
253.959898416,99.0,98.9826,-0.0173
253.99989839999998,99.0,98.9825,-0.0174
254.039898384,99.0,98.9825,-0.0174
254.079898368,99.0,98.9826,-0.0173
254.119898352,99.0,98.9825,-0.0174
254.159898336,99.0,98.9826,-0.0173
254.19989832000002,99.0,98.9825,-0.0174
254.239898304,99.0,98.9825,-0.0174
254.27989828800003,99.0,98.9825,-0.0174
254.31989827200002,99.0,98.9825,-0.0174
254.35989825599998,99.0,98.9825,-0.0174
254.39989823999997,99.0,98.9824,-0.0175
254.439898224,99.0,98.9824,-0.0175
254.47989820799998,99.0,98.9824,-0.0175
254.519898192,99.0,98.9824,-0.0175
254.559898176,99.0,98.9824,-0.0175
254.59989816,99.0,98.9824,-0.0175
254.639898144,99.0,98.9823,-0.0175
254.67989812800002,99.0,98.9824,-0.0175
254.719898112,99.0,98.9823,-0.0175
254.75989809599997,99.0,98.9824,-0.0175
254.79989807999996,99.0,98.9823,-0.0176
254.83989806399998,99.0,98.9823,-0.0176
254.87989804799997,99.0,98.9823,-0.0176
254.919898032,99.0,98.9823,-0.0176
254.959898016,99.0,98.9823,-0.0176
254.999898,99.0,98.9823,-0.0176
255.03989798400002,99.0,98.9823,-0.0176
255.079897968,99.0,98.9823,-0.0176
255.11989795200003,99.0,98.9823,-0.0176
255.15989793600002,99.0,98.9823,-0.0176
255.19989791999998,99.0,98.9823,-0.0176
255.23989790399997,99.0,98.9822,-0.0177
255.279897888,99.0,98.9822,-0.0177
255.31989787199998,99.0,98.9821,-0.0177
255.359897856,99.0,98.982,-0.0179
255.39989784,99.0,98.982,-0.0179
255.439897824,99.0,98.9819,-0.018
255.479897808,99.0,98.9819,-0.018
255.51989779200002,99.0,98.9819,-0.018
255.559897776,99.0,98.9818,-0.0181
255.59989775999998,99.0,98.9818,-0.0181
255.63989774399997,99.0,98.9818,-0.0181
255.679897728,99.0,98.9817,-0.0182
255.71989771199998,99.0,98.9818,-0.0181
255.759897696,99.0,98.9817,-0.0182
255.79989768,99.0,98.9817,-0.0182
255.839897664,99.0,98.9816,-0.0183
255.879897648,99.0,98.9816,-0.0183
255.91989763200002,99.0,98.9815,-0.0184
255.95989761600003,99.0,98.9815,-0.0184
255.99989759999997,99.0,98.9814,-0.0185
256.03989758399996,99.0,98.9814,-0.0185
256.079897568,99.0,98.9813,-0.0186
256.119897552,99.0,98.9813,-0.0186
256.159897536,99.0,98.9812,-0.0187
256.19989752,99.0,98.9812,-0.0187
256.239897504,99.0,98.9812,-0.0187
256.279897488,99.0,98.9811,-0.0188
256.31989747200004,99.0,98.9811,-0.0188
256.359897456,99.0,98.9811,-0.0188
256.39989744,99.0,98.9811,-0.0188
256.439897424,99.0,98.9811,-0.0188
256.479897408,99.0,98.981,-0.0189
256.51989739199996,99.0,98.981,-0.0189
256.559897376,99.0,98.9809,-0.019
256.59989736,99.0,98.9809,-0.019
256.639897344,99.0,98.9809,-0.019
256.679897328,99.0,98.9809,-0.019
256.719897312,99.0,98.9808,-0.0191
256.759897296,99.0,98.9808,-0.0191
256.79989728000004,99.0,98.9807,-0.0192
256.83989726399994,99.0,98.9806,-0.0193
256.87989724799996,99.0,98.9806,-0.0193
256.919897232,99.0,98.9805,-0.0194
256.959897216,99.0,98.9805,-0.0194
256.9998972,99.0,98.9804,-0.0195
257.039897184,99.0,98.9804,-0.0195
257.079897168,99.0,98.9804,-0.0195
257.119897152,99.0,98.9803,-0.0196
257.15989713600004,99.0,98.9802,-0.0197
257.19989712,99.0,98.9802,-0.0197
257.23989710399997,99.0,98.9802,-0.0197
257.279897088,99.0,98.9801,-0.0198
257.319897072,99.0,98.98,-0.0199
257.35989705599997,99.0,98.98,-0.0199
257.39989704,99.0,98.9799,-0.02
257.439897024,99.0,98.9799,-0.02
257.479897008,99.0,98.9799,-0.02
257.519896992,99.0,98.9798,-0.02
257.559896976,99.0,98.9798,-0.0201
257.59989696,99.0,98.9797,-0.0202
257.639896944,99.0,98.9796,-0.0203
257.67989692799995,99.0,98.9796,-0.0203
257.71989691199997,99.0,98.9796,-0.0203
257.759896896,99.0,98.9795,-0.0204
257.79989688,99.0,98.9795,-0.0204
257.83989686399997,99.0,98.9794,-0.0205
257.879896848,99.0,98.9793,-0.0206
257.919896832,99.0,98.9793,-0.0206
257.959896816,99.0,98.9792,-0.0207
257.99989680000004,99.0,98.9792,-0.0207
258.039896784,99.0,98.9791,-0.0208
258.07989676799997,99.0,98.9791,-0.0208
258.119896752,99.0,98.9791,-0.0208
258.159896736,99.0,98.9791,-0.0208
258.19989671999997,99.0,98.9791,-0.0208
258.239896704,99.0,98.979,-0.0209
258.279896688,99.0,98.979,-0.0209
258.319896672,99.0,98.9789,-0.021
258.359896656,99.0,98.9789,-0.021
258.39989664,99.0,98.9789,-0.021
258.439896624,99.0,98.9788,-0.0211
258.479896608,99.0,98.9788,-0.0211
258.51989659199995,99.0,98.9788,-0.0211
258.55989657599997,99.0,98.9788,-0.0211
258.59989656,99.0,98.9788,-0.0211
258.639896544,99.0,98.9788,-0.0211
258.679896528,99.0,98.9788,-0.0211
258.719896512,99.0,98.9788,-0.0211
258.759896496,99.0,98.9789,-0.021
258.79989648000003,99.0,98.9788,-0.0211
258.839896464,99.0,98.9788,-0.0211
258.87989644799995,99.0,98.9788,-0.0211
258.919896432,99.0,98.9788,-0.0211
258.959896416,99.0,98.9788,-0.0211
258.9998964,99.0,98.9787,-0.0212
259.039896384,99.0,98.9787,-0.0212
259.079896368,99.0,98.9787,-0.0211
259.119896352,99.0,98.9788,-0.0211
259.15989633600003,99.0,98.9788,-0.0211
259.19989632,99.0,98.9788,-0.0211
259.239896304,99.0,98.9788,-0.0211
259.27989628800003,99.0,98.9788,-0.0211
259.319896272,99.0,98.9788,-0.0211
259.35989625599996,99.0,98.9788,-0.0211
259.39989624,99.0,98.9788,-0.0211
259.439896224,99.0,98.9787,-0.0212
259.479896208,99.0,98.9787,-0.0212
259.519896192,99.0,98.9787,-0.0212
259.559896176,99.0,98.9787,-0.0212
259.59989616,99.0,98.9787,-0.0212
259.63989614400003,99.0,98.9787,-0.0212
259.679896128,99.0,98.9787,-0.0211
259.71989611199996,99.0,98.9788,-0.0211
259.759896096,99.0,98.9788,-0.0211
259.79989608,99.0,98.9788,-0.0211
259.83989606399996,99.0,98.9787,-0.0212
259.879896048,99.0,98.9787,-0.0212
259.919896032,99.0,98.9787,-0.0212
259.959896016,99.0,98.9787,-0.0212
259.99989600000004,99.0,98.9787,-0.0212
260.039895984,99.0,98.9787,-0.0212
260.079895968,99.0,98.9787,-0.0212
260.119895952,99.0,98.9788,-0.0211
260.159895936,99.0,98.9788,-0.0211
260.19989591999996,99.0,98.9788,-0.0211
260.239895904,99.0,98.9788,-0.0211
260.279895888,99.0,98.9788,-0.0211
260.319895872,99.0,98.9788,-0.0211
260.359895856,99.0,98.9788,-0.0211
260.39989584,99.0,98.9788,-0.0211
260.439895824,99.0,98.9788,-0.0211
260.47989580800004,99.0,98.9788,-0.0211
260.519895792,99.0,98.9788,-0.0211
260.55989577599996,99.0,98.9788,-0.0211
260.59989576,99.0,98.9788,-0.0211
260.639895744,99.0,98.9788,-0.0211
260.67989572799996,99.0,98.9788,-0.0211
260.719895712,99.0,98.9787,-0.0211
260.759895696,99.0,98.9787,-0.0212
260.79989568,99.0,98.9788,-0.0211
260.839895664,99.0,98.9788,-0.0211
260.879895648,99.0,98.9788,-0.0211
260.919895632,99.0,98.9788,-0.0211
260.959895616,99.0,98.9788,-0.0211
260.9998956,99.0,98.9788,-0.0211
261.03989558399996,99.0,98.9788,-0.0211
261.079895568,99.0,98.9788,-0.0211
261.119895552,99.0,98.9789,-0.021
261.159895536,99.0,98.9789,-0.021
261.19989552,99.0,98.9789,-0.021
261.239895504,99.0,98.979,-0.0209
261.279895488,99.0,98.9789,-0.021
261.31989547200004,99.0,98.979,-0.0209
261.35989545599995,99.0,98.979,-0.0209
261.39989543999997,99.0,98.979,-0.0209
261.439895424,99.0,98.979,-0.0209
261.479895408,99.0,98.979,-0.0209
261.51989539199997,99.0,98.979,-0.0209
261.559895376,99.0,98.979,-0.0209
261.59989536,99.0,98.979,-0.0209
261.639895344,99.0,98.979,-0.0209
261.679895328,99.0,98.979,-0.0209
261.719895312,99.0,98.979,-0.0209
261.759895296,99.0,98.9789,-0.021
261.79989528,99.0,98.9789,-0.021
261.839895264,99.0,98.9789,-0.021
261.87989524799997,99.0,98.9789,-0.021
261.919895232,99.0,98.9789,-0.021
261.959895216,99.0,98.9788,-0.0211
261.9998952,99.0,98.9788,-0.0211
262.039895184,99.0,98.9788,-0.0211
262.079895168,99.0,98.9788,-0.0211
262.119895152,99.0,98.9788,-0.0211
262.15989513600005,99.0,98.9788,-0.0211
262.19989511999995,99.0,98.9788,-0.0211
262.23989510399997,99.0,98.9788,-0.0211
262.279895088,99.0,98.9788,-0.0211
262.319895072,99.0,98.9787,-0.0212
262.35989505599997,99.0,98.9788,-0.0211
262.39989504,99.0,98.9788,-0.0211
262.439895024,99.0,98.9788,-0.0211
262.479895008,99.0,98.9788,-0.0211
262.519894992,99.0,98.9787,-0.0211
262.559894976,99.0,98.9788,-0.0211
262.59989496,99.0,98.9788,-0.0211
262.639894944,99.0,98.9788,-0.0211
262.67989492799995,99.0,98.9789,-0.021
262.719894912,99.0,98.9788,-0.0211
262.759894896,99.0,98.9789,-0.021
262.79989488,99.0,98.9789,-0.021
262.839894864,99.0,98.9789,-0.021
262.879894848,99.0,98.9789,-0.021
262.919894832,99.0,98.9789,-0.021
262.95989481600003,99.0,98.9789,-0.021
262.99989480000005,99.0,98.979,-0.0209
263.03989478399996,99.0,98.979,-0.0209
263.079894768,99.0,98.979,-0.0209
263.119894752,99.0,98.979,-0.0209
263.159894736,99.0,98.9791,-0.0208
263.19989472,99.0,98.9792,-0.0207
263.239894704,99.0,98.9792,-0.0207
263.279894688,99.0,98.9792,-0.0207
263.31989467200003,99.0,98.9793,-0.0206
263.359894656,99.0,98.9793,-0.0206
263.39989464,99.0,98.9793,-0.0206
263.439894624,99.0,98.9793,-0.0206
263.479894608,99.0,98.9793,-0.0206
263.51989459199996,99.0,98.9793,-0.0205
263.559894576,99.0,98.9794,-0.0205
263.59989456,99.0,98.9794,-0.0205
263.639894544,99.0,98.9795,-0.0204
263.679894528,99.0,98.9795,-0.0204
263.719894512,99.0,98.9796,-0.0203
263.759894496,99.0,98.9796,-0.0203
263.79989448000003,99.0,98.9797,-0.0202
263.839894464,99.0,98.9797,-0.0202
263.87989444799996,99.0,98.9798,-0.0201
263.919894432,99.0,98.9798,-0.0201
263.959894416,99.0,98.9799,-0.02
263.9998944,99.0,98.9799,-0.02
264.039894384,99.0,98.98,-0.0199
264.079894368,99.0,98.98,-0.0199
264.119894352,99.0,98.9801,-0.0198
264.15989433600004,99.0,98.9801,-0.0198
264.19989432,99.0,98.9802,-0.0197
264.239894304,99.0,98.9802,-0.0196
264.279894288,99.0,98.9803,-0.0196
264.319894272,99.0,98.9803,-0.0196
264.35989425599996,99.0,98.9803,-0.0196
264.39989424,99.0,98.9803,-0.0196
264.439894224,99.0,98.9803,-0.0196
264.479894208,99.0,98.9803,-0.0195
264.519894192,99.0,98.9804,-0.0195
264.559894176,99.0,98.9804,-0.0195
264.59989416,99.0,98.9804,-0.0195
264.63989414400004,99.0,98.9805,-0.0194
264.67989412799994,99.0,98.9805,-0.0194
264.71989411199996,99.0,98.9805,-0.0194
264.759894096,99.0,98.9805,-0.0194
264.79989408,99.0,98.9805,-0.0194
264.83989406399996,99.0,98.9805,-0.0194
264.879894048,99.0,98.9806,-0.0193
264.919894032,99.0,98.9806,-0.0193
264.959894016,99.0,98.9806,-0.0193
264.99989400000004,99.0,98.9807,-0.0192
265.039893984,99.0,98.9807,-0.0192
265.07989396799996,99.0,98.9808,-0.0191
265.119893952,99.0,98.9808,-0.0191
265.159893936,99.0,98.9809,-0.019
265.19989391999997,99.0,98.9809,-0.019
265.239893904,99.0,98.9809,-0.019
265.279893888,99.0,98.981,-0.0189
265.319893872,99.0,98.981,-0.0189
265.359893856,99.0,98.981,-0.0189
265.39989384,99.0,98.981,-0.0189
265.439893824,99.0,98.9811,-0.0188
265.47989380800004,99.0,98.9811,-0.0188
265.51989379199995,99.0,98.9812,-0.0187
265.55989377599997,99.0,98.9811,-0.0188
265.59989376,99.0,98.9811,-0.0188
265.639893744,99.0,98.9811,-0.0188
265.67989372799997,99.0,98.9811,-0.0187
265.719893712,99.0,98.9812,-0.0187
265.759893696,99.0,98.9812,-0.0187
265.79989368,99.0,98.9813,-0.0186
265.839893664,99.0,98.9813,-0.0186
265.879893648,99.0,98.9813,-0.0186
265.91989363199997,99.0,98.9814,-0.0185
265.959893616,99.0,98.9814,-0.0185
265.9998936,99.0,98.9815,-0.0184
266.03989358399997,99.0,98.9815,-0.0184
266.079893568,99.0,98.9815,-0.0184
266.119893552,99.0,98.9816,-0.0183
266.159893536,99.0,98.9816,-0.0183
266.19989352,99.0,98.9816,-0.0183
266.239893504,99.0,98.9817,-0.0182
266.279893488,99.0,98.9817,-0.0182
266.319893472,99.0,98.9817,-0.0182
266.35989345599995,99.0,98.9818,-0.0181
266.39989343999997,99.0,98.9818,-0.0181
266.439893424,99.0,98.9818,-0.0181
266.479893408,99.0,98.9818,-0.0181
266.519893392,99.0,98.9818,-0.018
266.559893376,99.0,98.9819,-0.018
266.59989336,99.0,98.9819,-0.018
266.63989334400003,99.0,98.982,-0.0179
266.679893328,99.0,98.982,-0.0179
266.719893312,99.0,98.982,-0.0179
266.759893296,99.0,98.982,-0.0178
266.79989328,99.0,98.982,-0.0178
266.839893264,99.0,98.9821,-0.0178
266.879893248,99.0,98.9821,-0.0178
266.919893232,99.0,98.9822,-0.0177
266.959893216,99.0,98.9822,-0.0177
266.99989320000003,99.0,98.9822,-0.0177
267.039893184,99.0,98.9823,-0.0176
267.079893168,99.0,98.9823,-0.0176
267.11989315200003,99.0,98.9823,-0.0176
267.159893136,99.0,98.9823,-0.0175
267.19989311999996,99.0,98.9824,-0.0175
267.239893104,99.0,98.9824,-0.0175
267.279893088,99.0,98.9824,-0.0175
267.319893072,99.0,98.9824,-0.0175
267.359893056,99.0,98.9824,-0.0175
267.39989304,99.0,98.9824,-0.0175
267.439893024,99.0,98.9825,-0.0174
267.47989300800003,99.0,98.9825,-0.0174
267.519892992,99.0,98.9825,-0.0174
267.55989297599996,99.0,98.9826,-0.0173
267.59989296,99.0,98.9827,-0.0172
267.639892944,99.0,98.9827,-0.0172
267.67989292799996,99.0,98.9827,-0.0172
267.719892912,99.0,98.9827,-0.0172
267.759892896,99.0,98.9827,-0.0172
267.79989288,99.0,98.9827,-0.0172
267.83989286400003,99.0,98.9827,-0.0172
267.879892848,99.0,98.9827,-0.0172
267.919892832,99.0,98.9827,-0.0172
267.95989281600004,99.0,98.9827,-0.0172
267.9998928,99.0,98.9827,-0.0172
268.03989278399996,99.0,98.9827,-0.0172
268.079892768,99.0,98.9827,-0.0172
268.119892752,99.0,98.9828,-0.0171
268.159892736,99.0,98.9827,-0.0171
268.19989272,99.0,98.9828,-0.0171
268.239892704,99.0,98.9828,-0.0171
268.279892688,99.0,98.9827,-0.0172
268.31989267200004,99.0,98.9827,-0.0171
268.359892656,99.0,98.9827,-0.0172
268.39989263999996,99.0,98.9826,-0.0173
268.439892624,99.0,98.9827,-0.0172
268.479892608,99.0,98.9826,-0.0173
268.51989259199996,99.0,98.9826,-0.0173
268.559892576,99.0,98.9826,-0.0173
268.59989256,99.0,98.9826,-0.0173
268.639892544,99.0,98.9826,-0.0173
268.679892528,99.0,98.9826,-0.0173
268.719892512,99.0,98.9825,-0.0174
268.759892496,99.0,98.9826,-0.0173
268.79989248,99.0,98.9826,-0.0173
268.839892464,99.0,98.9826,-0.0173
268.87989244799996,99.0,98.9826,-0.0173
268.919892432,99.0,98.9826,-0.0173
268.959892416,99.0,98.9827,-0.0172
268.9998924,99.0,98.9826,-0.0173
269.039892384,99.0,98.9826,-0.0173
269.079892368,99.0,98.9826,-0.0173
269.119892352,99.0,98.9825,-0.0174
269.15989233600004,99.0,98.9825,-0.0174
269.19989232,99.0,98.9825,-0.0174
269.23989230399997,99.0,98.9825,-0.0174
269.279892288,99.0,98.9825,-0.0174
269.319892272,99.0,98.9824,-0.0175
269.35989225599997,99.0,98.9824,-0.0175
269.39989224,99.0,98.9824,-0.0175
269.439892224,99.0,98.9824,-0.0175
269.479892208,99.0,98.9824,-0.0175
269.519892192,99.0,98.9823,-0.0175
269.559892176,99.0,98.9823,-0.0176
269.59989216,99.0,98.9823,-0.0176
269.639892144,99.0,98.9823,-0.0176
269.67989212799995,99.0,98.9823,-0.0176
269.71989211199997,99.0,98.9823,-0.0176
269.759892096,99.0,98.9823,-0.0176
269.79989208,99.0,98.9823,-0.0176
269.839892064,99.0,98.9823,-0.0176
269.879892048,99.0,98.9823,-0.0176
269.919892032,99.0,98.9823,-0.0176
269.959892016,99.0,98.9823,-0.0176
269.99989200000005,99.0,98.9823,-0.0176
270.03989198399995,99.0,98.9823,-0.0176
270.07989196799997,99.0,98.9823,-0.0176
270.119891952,99.0,98.9822,-0.0177
270.159891936,99.0,98.9821,-0.0177
270.19989191999997,99.0,98.9821,-0.0178
270.239891904,99.0,98.9821,-0.0178
270.279891888,99.0,98.982,-0.0179
270.319891872,99.0,98.982,-0.0179
270.359891856,99.0,98.982,-0.0179
270.39989184,99.0,98.982,-0.0179
270.43989182400003,99.0,98.982,-0.0179
270.479891808,99.0,98.982,-0.0179
270.51989179199995,99.0,98.9819,-0.018
270.559891776,99.0,98.9819,-0.018
270.59989176,99.0,98.9819,-0.018
270.639891744,99.0,98.9818,-0.0181
270.679891728,99.0,98.9817,-0.0182
270.719891712,99.0,98.9817,-0.0182
270.759891696,99.0,98.9817,-0.0182
270.79989168000003,99.0,98.9817,-0.0182
270.839891664,99.0,98.9817,-0.0182
270.87989164799995,99.0,98.9816,-0.0183
270.919891632,99.0,98.9816,-0.0182
270.959891616,99.0,98.9816,-0.0182
270.9998916,99.0,98.9817,-0.0182
271.039891584,99.0,98.9817,-0.0182
271.079891568,99.0,98.9817,-0.0182
271.119891552,99.0,98.9817,-0.0182
271.15989153600003,99.0,98.9817,-0.0182
271.19989152,99.0,98.9817,-0.0182
271.239891504,99.0,98.9817,-0.0182
271.279891488,99.0,98.9816,-0.0183
271.319891472,99.0,98.9816,-0.0183
271.35989145599996,99.0,98.9816,-0.0183
271.39989144,99.0,98.9816,-0.0183
271.439891424,99.0,98.9816,-0.0183
271.479891408,99.0,98.9816,-0.0183
271.519891392,99.0,98.9816,-0.0183
271.559891376,99.0,98.9817,-0.0182
271.59989136,99.0,98.9817,-0.0182
271.63989134400003,99.0,98.9817,-0.0182
271.679891328,99.0,98.9817,-0.0182
271.71989131199996,99.0,98.9816,-0.0182
271.759891296,99.0,98.9817,-0.0182
271.79989128,99.0,98.9817,-0.0182
271.839891264,99.0,98.9816,-0.0183
271.879891248,99.0,98.9817,-0.0182
271.919891232,99.0,98.9817,-0.0182
271.959891216,99.0,98.9816,-0.0183
271.99989120000004,99.0,98.9816,-0.0183
272.039891184,99.0,98.9816,-0.0183
272.079891168,99.0,98.9815,-0.0184
272.119891152,99.0,98.9815,-0.0184
272.159891136,99.0,98.9815,-0.0184
272.19989111999996,99.0,98.9814,-0.0185
272.239891104,99.0,98.9813,-0.0186
272.279891088,99.0,98.9813,-0.0186
272.319891072,99.0,98.9813,-0.0186
272.359891056,99.0,98.9813,-0.0186
272.39989104,99.0,98.9813,-0.0186
272.439891024,99.0,98.9813,-0.0186
272.47989100800004,99.0,98.9812,-0.0187
272.51989099199994,99.0,98.9812,-0.0187
272.55989097599996,99.0,98.9811,-0.0188
272.59989096,99.0,98.9811,-0.0188
272.639890944,99.0,98.9811,-0.0188
272.67989092799996,99.0,98.981,-0.0189
272.719890912,99.0,98.981,-0.0189
272.759890896,99.0,98.9809,-0.019
272.79989088,99.0,98.9809,-0.019
272.83989086400004,99.0,98.9808,-0.0191
272.879890848,99.0,98.9807,-0.0192
272.919890832,99.0,98.9807,-0.0192
272.959890816,99.0,98.9806,-0.0193
272.9998908,99.0,98.9805,-0.0194
273.03989078399997,99.0,98.9805,-0.0194
273.079890768,99.0,98.9804,-0.0195
273.119890752,99.0,98.9803,-0.0195
273.159890736,99.0,98.9803,-0.0196
273.19989072,99.0,98.9802,-0.0197
273.239890704,99.0,98.9802,-0.0197
273.279890688,99.0,98.9801,-0.0198
273.31989067200004,99.0,98.9801,-0.0198
273.35989065599995,99.0,98.9801,-0.0198
273.39989063999997,99.0,98.9801,-0.0198
273.439890624,99.0,98.9801,-0.0198
273.479890608,99.0,98.98,-0.0199
273.51989059199997,99.0,98.98,-0.0199
273.559890576,99.0,98.98,-0.0199
273.59989056,99.0,98.9799,-0.02
273.639890544,99.0,98.9798,-0.02
273.679890528,99.0,98.9798,-0.0201
273.719890512,99.0,98.9798,-0.0201
273.75989049599997,99.0,98.9798,-0.0201
273.79989048,99.0,98.9797,-0.0202
273.839890464,99.0,98.9797,-0.0202
273.87989044799997,99.0,98.9797,-0.0202
273.919890432,99.0,98.9797,-0.0202
273.959890416,99.0,98.9796,-0.0203
273.9998904,99.0,98.9796,-0.0203
274.039890384,99.0,98.9795,-0.0204
274.079890368,99.0,98.9795,-0.0204
274.119890352,99.0,98.9795,-0.0204
274.15989033600005,99.0,98.9795,-0.0204
274.19989031999995,99.0,98.9794,-0.0205
274.23989030399997,99.0,98.9793,-0.0206
274.279890288,99.0,98.9793,-0.0206
274.319890272,99.0,98.9792,-0.0207
274.35989025599997,99.0,98.9791,-0.0207
274.39989024,99.0,98.9791,-0.0208
274.439890224,99.0,98.9791,-0.0208
274.47989020800003,99.0,98.9791,-0.0208
274.519890192,99.0,98.979,-0.0209
274.559890176,99.0,98.979,-0.0209
274.59989016,99.0,98.979,-0.0209
274.639890144,99.0,98.9789,-0.021
274.67989012799995,99.0,98.9789,-0.021
274.719890112,99.0,98.9789,-0.021
274.759890096,99.0,98.9788,-0.0211
274.79989008,99.0,98.9787,-0.0211
274.83989006400003,99.0,98.9787,-0.0212
274.879890048,99.0,98.9787,-0.0212
274.919890032,99.0,98.9786,-0.0212
274.95989001600003,99.0,98.9786,-0.0213
274.99989,99.0,98.9786,-0.0213
275.03988998399996,99.0,98.9786,-0.0213
275.079889968,99.0,98.9785,-0.0214
275.119889952,99.0,98.9784,-0.0214
275.159889936,99.0,98.9785,-0.0214
275.19988992,99.0,98.9785,-0.0214
275.239889904,99.0,98.9785,-0.0214
275.279889888,99.0,98.9785,-0.0214
275.31988987200003,99.0,98.9785,-0.0214
275.359889856,99.0,98.9785,-0.0214
275.39988984,99.0,98.9785,-0.0214
275.439889824,99.0,98.9785,-0.0214
275.479889808,99.0,98.9785,-0.0214
275.51988979199996,99.0,98.9785,-0.0214
275.559889776,99.0,98.9785,-0.0214
275.59988976,99.0,98.9785,-0.0214
275.639889744,99.0,98.9785,-0.0214
275.679889728,99.0,98.9786,-0.0213
275.719889712,99.0,98.9786,-0.0213
275.759889696,99.0,98.9786,-0.0213
275.79988968000004,99.0,98.9786,-0.0213
275.839889664,99.0,98.9786,-0.0213
275.87988964799996,99.0,98.9786,-0.0213
275.919889632,99.0,98.9786,-0.0213
275.959889616,99.0,98.9786,-0.0213
275.9998896,99.0,98.9786,-0.0213
276.039889584,99.0,98.9786,-0.0212
276.079889568,99.0,98.9786,-0.0213
276.119889552,99.0,98.9786,-0.0212
276.15988953600004,99.0,98.9786,-0.0213
276.19988952,99.0,98.9786,-0.0212
276.23988950399996,99.0,98.9786,-0.0213
276.279889488,99.0,98.9786,-0.0213
276.319889472,99.0,98.9786,-0.0213
276.35988945599996,99.0,98.9785,-0.0214
276.39988944,99.0,98.9785,-0.0214
276.439889424,99.0,98.9785,-0.0214
276.479889408,99.0,98.9784,-0.0214
276.519889392,99.0,98.9785,-0.0214
276.559889376,99.0,98.9784,-0.0215
276.59988936,99.0,98.9784,-0.0215
276.63988934400004,99.0,98.9784,-0.0215
276.67988932799994,99.0,98.9784,-0.0215
276.71988931199996,99.0,98.9784,-0.0215
276.759889296,99.0,98.9783,-0.0215
276.79988928,99.0,98.9783,-0.0216
276.839889264,99.0,98.9784,-0.0215
276.879889248,99.0,98.9783,-0.0216
276.919889232,99.0,98.9783,-0.0216
276.959889216,99.0,98.9782,-0.0217
276.99988920000004,99.0,98.9782,-0.0217
277.039889184,99.0,98.9782,-0.0217
277.07988916799997,99.0,98.9782,-0.0217
277.119889152,99.0,98.9782,-0.0217
277.159889136,99.0,98.9782,-0.0217
277.19988911999997,99.0,98.9782,-0.0217
277.239889104,99.0,98.9782,-0.0217
277.279889088,99.0,98.9782,-0.0217
277.319889072,99.0,98.9781,-0.0218
277.359889056,99.0,98.9781,-0.0218
277.39988904,99.0,98.9781,-0.0218
277.439889024,99.0,98.9781,-0.0218
277.479889008,99.0,98.9781,-0.0218
277.51988899199995,99.0,98.9781,-0.0218
277.55988897599997,99.0,98.9781,-0.0218
277.59988896,99.0,98.9781,-0.0218
277.639888944,99.0,98.9781,-0.0218
277.67988892799997,99.0,98.9781,-0.0218
277.719888912,99.0,98.9781,-0.0218
277.759888896,99.0,98.9782,-0.0217
277.79988888,99.0,98.9782,-0.0217
277.83988886400005,99.0,98.9782,-0.0217
277.879888848,99.0,98.9782,-0.0217
277.91988883199997,99.0,98.9781,-0.0218
277.959888816,99.0,98.9782,-0.0217
277.9998888,99.0,98.9781,-0.0218
278.03988878399997,99.0,98.9781,-0.0218
278.079888768,99.0,98.9781,-0.0218
278.119888752,99.0,98.9781,-0.0218
278.159888736,99.0,98.9781,-0.0218
278.19988872,99.0,98.9781,-0.0218
278.239888704,99.0,98.9781,-0.0218
278.279888688,99.0,98.9782,-0.0217
278.319888672,99.0,98.9782,-0.0217
278.35988865599995,99.0,98.9782,-0.0217
278.39988864,99.0,98.9781,-0.0218
278.439888624,99.0,98.9781,-0.0218
278.479888608,99.0,98.9781,-0.0218
278.519888592,99.0,98.9781,-0.0218
278.559888576,99.0,98.9781,-0.0218
278.59988856,99.0,98.9781,-0.0218
278.63988854400003,99.0,98.9781,-0.0218
278.679888528,99.0,98.9781,-0.0218
278.71988851199995,99.0,98.9781,-0.0218
278.759888496,99.0,98.9781,-0.0218
278.79988848,99.0,98.9781,-0.0218
278.839888464,99.0,98.9781,-0.0218
278.879888448,99.0,98.9781,-0.0218
278.919888432,99.0,98.9781,-0.0218
278.959888416,99.0,98.9781,-0.0218
278.99988840000003,99.0,98.9781,-0.0218
279.039888384,99.0,98.9781,-0.0218
279.079888368,99.0,98.9781,-0.0218
279.11988835200003,99.0,98.9781,-0.0218
279.159888336,99.0,98.9781,-0.0218
279.19988831999996,99.0,98.9781,-0.0218
279.239888304,99.0,98.9782,-0.0217
279.279888288,99.0,98.9782,-0.0217
279.319888272,99.0,98.9782,-0.0217
279.359888256,99.0,98.9783,-0.0216
279.39988824,99.0,98.9783,-0.0216
279.439888224,99.0,98.9783,-0.0215
279.47988820800003,99.0,98.9784,-0.0215
279.519888192,99.0,98.9784,-0.0215
279.55988817599996,99.0,98.9784,-0.0215
279.59988816,99.0,98.9784,-0.0215
279.639888144,99.0,98.9784,-0.0215
279.67988812799996,99.0,98.9784,-0.0214
279.719888112,99.0,98.9784,-0.0215
279.759888096,99.0,98.9785,-0.0214
279.79988808,99.0,98.9785,-0.0214
279.83988806400004,99.0,98.9785,-0.0214
279.879888048,99.0,98.9785,-0.0214
279.919888032,99.0,98.9785,-0.0214
279.959888016,99.0,98.9785,-0.0214
279.999888,99.0,98.9785,-0.0214
280.03988798399996,99.0,98.9785,-0.0214
280.079887968,99.0,98.9785,-0.0214
280.119887952,99.0,98.9785,-0.0214
280.159887936,99.0,98.9786,-0.0213
280.19988792,99.0,98.9786,-0.0213
280.239887904,99.0,98.9786,-0.0213
280.279887888,99.0,98.9786,-0.0212
280.31988787200004,99.0,98.9786,-0.0213
280.359887856,99.0,98.9786,-0.0213
280.39988783999996,99.0,98.9786,-0.0213
280.439887824,99.0,98.9786,-0.0213
280.479887808,99.0,98.9786,-0.0213
280.51988779199996,99.0,98.9786,-0.0213
280.559887776,99.0,98.9786,-0.0213
280.59988776,99.0,98.9787,-0.0212
280.639887744,99.0,98.9786,-0.0212
280.679887728,99.0,98.9786,-0.0212
280.719887712,99.0,98.9787,-0.0211
280.759887696,99.0,98.9787,-0.0211
280.79988768,99.0,98.9788,-0.0211
280.839887664,99.0,98.9788,-0.0211
280.87988764799996,99.0,98.9788,-0.0211
280.919887632,99.0,98.9788,-0.0211
280.959887616,99.0,98.9788,-0.0211
280.9998876,99.0,98.9788,-0.0211
281.039887584,99.0,98.9788,-0.0211
281.079887568,99.0,98.9788,-0.0211
281.119887552,99.0,98.9789,-0.021
281.15988753600004,99.0,98.9789,-0.021
281.19988751999995,99.0,98.9789,-0.021
281.23988750399997,99.0,98.979,-0.0209
281.279887488,99.0,98.979,-0.0209
281.319887472,99.0,98.979,-0.0209
281.35988745599997,99.0,98.979,-0.0209
281.39988744,99.0,98.9791,-0.0208
281.439887424,99.0,98.9791,-0.0208
281.479887408,99.0,98.979,-0.0209
281.519887392,99.0,98.9791,-0.0208
281.559887376,99.0,98.9791,-0.0208
281.59988736,99.0,98.9791,-0.0208
281.639887344,99.0,98.9791,-0.0208
281.67988732799995,99.0,98.9791,-0.0208
281.71988731199997,99.0,98.9791,-0.0207
281.759887296,99.0,98.9792,-0.0207
281.79988728,99.0,98.9791,-0.0207
281.839887264,99.0,98.9791,-0.0207
281.879887248,99.0,98.9791,-0.0208
281.919887232,99.0,98.9791,-0.0208
281.959887216,99.0,98.9791,-0.0208
281.99988720000005,99.0,98.9791,-0.0208
282.03988718399995,99.0,98.9791,-0.0208
282.07988716799997,99.0,98.9791,-0.0208
282.119887152,99.0,98.9791,-0.0208
282.159887136,99.0,98.9791,-0.0208
282.19988711999997,99.0,98.979,-0.0209
282.239887104,99.0,98.9791,-0.0208
282.279887088,99.0,98.9791,-0.0208
282.31988707200003,99.0,98.9791,-0.0208
282.359887056,99.0,98.9791,-0.0208
282.39988704,99.0,98.9791,-0.0208
282.439887024,99.0,98.9791,-0.0208
282.479887008,99.0,98.9791,-0.0208
282.51988699199995,99.0,98.9791,-0.0208
282.559886976,99.0,98.9792,-0.0207
282.59988696,99.0,98.9792,-0.0207
282.639886944,99.0,98.9792,-0.0207
282.679886928,99.0,98.9792,-0.0207
282.719886912,99.0,98.9792,-0.0207
282.759886896,99.0,98.9792,-0.0207
282.79988688000003,99.0,98.9793,-0.0206
282.83988686400005,99.0,98.9793,-0.0206
282.87988684799996,99.0,98.9793,-0.0206
282.919886832,99.0,98.9793,-0.0206
282.959886816,99.0,98.9794,-0.0205
282.9998868,99.0,98.9794,-0.0205
283.039886784,99.0,98.9794,-0.0205
283.079886768,99.0,98.9794,-0.0205
283.119886752,99.0,98.9794,-0.0205
283.15988673600003,99.0,98.9794,-0.0205
283.19988672,99.0,98.9794,-0.0205
283.239886704,99.0,98.9794,-0.0205
283.279886688,99.0,98.9795,-0.0204
283.319886672,99.0,98.9795,-0.0204
283.35988665599996,99.0,98.9794,-0.0205
283.39988664,99.0,98.9795,-0.0204
283.439886624,99.0,98.9795,-0.0204
283.479886608,99.0,98.9795,-0.0204
283.519886592,99.0,98.9795,-0.0204
283.559886576,99.0,98.9795,-0.0204
283.59988656,99.0,98.9795,-0.0204
283.63988654400003,99.0,98.9795,-0.0204
283.679886528,99.0,98.9795,-0.0204
283.71988651199996,99.0,98.9796,-0.0203
283.759886496,99.0,98.9796,-0.0203
283.79988648,99.0,98.9795,-0.0203
283.839886464,99.0,98.9796,-0.0203
283.879886448,99.0,98.9795,-0.0204
283.919886432,99.0,98.9795,-0.0204
283.959886416,99.0,98.9795,-0.0204
283.99988640000004,99.0,98.9795,-0.0204
284.039886384,99.0,98.9795,-0.0203
284.079886368,99.0,98.9795,-0.0204
284.119886352,99.0,98.9795,-0.0204
284.159886336,99.0,98.9795,-0.0204
284.19988631999996,99.0,98.9795,-0.0204
284.239886304,99.0,98.9795,-0.0204
284.279886288,99.0,98.9795,-0.0204
284.319886272,99.0,98.9795,-0.0204
284.359886256,99.0,98.9795,-0.0203
284.39988624,99.0,98.9795,-0.0204
284.439886224,99.0,98.9795,-0.0204
284.47988620800004,99.0,98.9795,-0.0204
284.51988619199994,99.0,98.9795,-0.0204
284.55988617599996,99.0,98.9795,-0.0204
284.59988616,99.0,98.9794,-0.0205
284.639886144,99.0,98.9794,-0.0205
284.679886128,99.0,98.9795,-0.0204
284.719886112,99.0,98.9794,-0.0205
284.759886096,99.0,98.9794,-0.0205
284.79988608,99.0,98.9794,-0.0205
284.83988606400004,99.0,98.9794,-0.0205
284.879886048,99.0,98.9794,-0.0205
284.91988603199997,99.0,98.9794,-0.0205
284.959886016,99.0,98.9795,-0.0204
284.999886,99.0,98.9794,-0.0205
285.03988598399997,99.0,98.9795,-0.0204
285.079885968,99.0,98.9795,-0.0204
285.119885952,99.0,98.9794,-0.0205
285.159885936,99.0,98.9794,-0.0205
285.19988592,99.0,98.9794,-0.0205
285.239885904,99.0,98.9794,-0.0205
285.279885888,99.0,98.9794,-0.0205
285.31988587200004,99.0,98.9794,-0.0205
285.35988585599995,99.0,98.9795,-0.0204
285.39988583999997,99.0,98.9795,-0.0204
285.439885824,99.0,98.9795,-0.0204
285.479885808,99.0,98.9795,-0.0204
285.51988579199997,99.0,98.9795,-0.0204
285.559885776,99.0,98.9794,-0.0205
285.59988576,99.0,98.9794,-0.0205
285.639885744,99.0,98.9794,-0.0205
285.679885728,99.0,98.9794,-0.0205
285.719885712,99.0,98.9793,-0.0206
285.75988569599997,99.0,98.9793,-0.0206
285.79988568,99.0,98.9793,-0.0206
285.839885664,99.0,98.9792,-0.0207
285.87988564799997,99.0,98.9792,-0.0207
285.919885632,99.0,98.9793,-0.0206
285.959885616,99.0,98.9793,-0.0206
285.9998856,99.0,98.9793,-0.0206
286.039885584,99.0,98.9793,-0.0206
286.079885568,99.0,98.9793,-0.0206
286.119885552,99.0,98.9793,-0.0206
286.159885536,99.0,98.9793,-0.0206
286.19988551999995,99.0,98.9793,-0.0206
286.239885504,99.0,98.9793,-0.0206
286.279885488,99.0,98.9793,-0.0206
286.319885472,99.0,98.9794,-0.0205
286.359885456,99.0,98.9794,-0.0205
286.39988544,99.0,98.9795,-0.0204
286.439885424,99.0,98.9796,-0.0203
286.47988540800003,99.0,98.9796,-0.0203
286.519885392,99.0,98.9797,-0.0202
286.559885376,99.0,98.9797,-0.0202
286.59988536,99.0,98.9797,-0.0202
286.639885344,99.0,98.9798,-0.0201
286.679885328,99.0,98.9798,-0.0201
286.719885312,99.0,98.9799,-0.02
286.759885296,99.0,98.98,-0.0199
286.79988528,99.0,98.9799,-0.02
286.83988526400003,99.0,98.9799,-0.02
286.879885248,99.0,98.9799,-0.02
286.919885232,99.0,98.98,-0.0199
286.95988521600003,99.0,98.98,-0.0199
286.9998852,99.0,98.98,-0.0199
287.03988518399996,99.0,98.98,-0.0199
287.079885168,99.0,98.98,-0.0199
287.119885152,99.0,98.98,-0.0199
287.159885136,99.0,98.98,-0.0199
287.19988512,99.0,98.98,-0.0199
287.239885104,99.0,98.98,-0.0199
287.279885088,99.0,98.9801,-0.0198
287.31988507200003,99.0,98.9801,-0.0198
287.359885056,99.0,98.9801,-0.0198
287.39988503999996,99.0,98.9802,-0.0197
287.439885024,99.0,98.9802,-0.0197
287.479885008,99.0,98.9802,-0.0197
287.51988499199996,99.0,98.9801,-0.0198
287.559884976,99.0,98.9801,-0.0198
287.59988496,99.0,98.9801,-0.0198
287.639884944,99.0,98.9801,-0.0198
287.679884928,99.0,98.9802,-0.0197
287.719884912,99.0,98.9801,-0.0198
287.759884896,99.0,98.9801,-0.0198
287.79988488000004,99.0,98.9802,-0.0197
287.839884864,99.0,98.9802,-0.0197
287.87988484799996,99.0,98.9802,-0.0197
287.919884832,99.0,98.9802,-0.0197
287.959884816,99.0,98.9801,-0.0198
287.9998848,99.0,98.9802,-0.0197
288.039884784,99.0,98.9802,-0.0197
288.079884768,99.0,98.9802,-0.0197
288.119884752,99.0,98.9802,-0.0197
288.15988473600004,99.0,98.9801,-0.0198
288.19988472,99.0,98.9802,-0.0197
288.23988470399996,99.0,98.9802,-0.0197
288.279884688,99.0,98.9803,-0.0196
288.319884672,99.0,98.9803,-0.0196
288.35988465599996,99.0,98.9803,-0.0196
288.39988464,99.0,98.9803,-0.0196
288.439884624,99.0,98.9803,-0.0196
288.479884608,99.0,98.9803,-0.0196
288.519884592,99.0,98.9803,-0.0196
288.559884576,99.0,98.9802,-0.0196
288.59988456,99.0,98.9802,-0.0196
288.639884544,99.0,98.9802,-0.0197
288.679884528,99.0,98.9802,-0.0197
288.71988451199996,99.0,98.9802,-0.0197
288.759884496,99.0,98.9802,-0.0197
288.79988448,99.0,98.9802,-0.0197
288.839884464,99.0,98.9802,-0.0197
288.879884448,99.0,98.9801,-0.0198
288.919884432,99.0,98.9802,-0.0197
288.959884416,99.0,98.9802,-0.0197
288.99988440000004,99.0,98.9801,-0.0198
289.039884384,99.0,98.9801,-0.0198
289.07988436799997,99.0,98.9801,-0.0198
289.119884352,99.0,98.98,-0.0199
289.159884336,99.0,98.98,-0.0199
289.19988431999997,99.0,98.98,-0.0199
289.239884304,99.0,98.98,-0.0199
289.279884288,99.0,98.9799,-0.02
289.319884272,99.0,98.9799,-0.02
289.359884256,99.0,98.9799,-0.02
289.39988424,99.0,98.9798,-0.0201
289.439884224,99.0,98.9798,-0.0201
289.479884208,99.0,98.9798,-0.0201
289.51988419199995,99.0,98.9797,-0.0202
289.55988417599997,99.0,98.9797,-0.0202
289.59988416,99.0,98.9796,-0.0203
289.639884144,99.0,98.9795,-0.0203
289.679884128,99.0,98.9795,-0.0204
289.719884112,99.0,98.9794,-0.0205
289.759884096,99.0,98.9793,-0.0205
289.79988408,99.0,98.9793,-0.0206
289.83988406400005,99.0,98.9793,-0.0206
289.87988404799995,99.0,98.9793,-0.0206
289.91988403199997,99.0,98.9793,-0.0206
289.959884016,99.0,98.9792,-0.0207
289.999884,99.0,98.9792,-0.0207
290.03988398399997,99.0,98.9791,-0.0207
290.079883968,99.0,98.9792,-0.0207
290.119883952,99.0,98.9791,-0.0208
290.159883936,99.0,98.9791,-0.0208
290.19988392,99.0,98.9791,-0.0208
290.239883904,99.0,98.979,-0.0209
290.27988388800003,99.0,98.9791,-0.0208
290.319883872,99.0,98.9791,-0.0208
290.35988385599995,99.0,98.979,-0.0209
290.39988384,99.0,98.979,-0.0209
290.439883824,99.0,98.979,-0.0209
290.479883808,99.0,98.979,-0.0209
290.519883792,99.0,98.979,-0.0209
290.559883776,99.0,98.9789,-0.021
290.59988376,99.0,98.9789,-0.021
290.63988374400003,99.0,98.9789,-0.021
290.67988372800005,99.0,98.9788,-0.0211
290.71988371199996,99.0,98.9788,-0.0211
290.759883696,99.0,98.9788,-0.0211
290.79988368,99.0,98.9788,-0.0211
290.839883664,99.0,98.9788,-0.0211
290.879883648,99.0,98.9788,-0.0211
290.919883632,99.0,98.9788,-0.0211
290.959883616,99.0,98.9788,-0.0211
290.99988360000003,99.0,98.9788,-0.0211
291.039883584,99.0,98.9788,-0.0211
291.079883568,99.0,98.9787,-0.0211
291.119883552,99.0,98.9787,-0.0212
291.159883536,99.0,98.9787,-0.0212
291.19988351999996,99.0,98.9786,-0.0212
291.239883504,99.0,98.9786,-0.0212
291.279883488,99.0,98.9786,-0.0213
291.319883472,99.0,98.9786,-0.0213
291.359883456,99.0,98.9786,-0.0213
291.39988344,99.0,98.9786,-0.0213
291.439883424,99.0,98.9785,-0.0214
291.47988340800003,99.0,98.9785,-0.0214
291.519883392,99.0,98.9784,-0.0215
291.55988337599996,99.0,98.9784,-0.0215
291.59988336,99.0,98.9783,-0.0215
291.639883344,99.0,98.9784,-0.0215
291.679883328,99.0,98.9784,-0.0215
291.719883312,99.0,98.9783,-0.0215
291.759883296,99.0,98.9784,-0.0215
291.79988328,99.0,98.9784,-0.0215
291.83988326400004,99.0,98.9784,-0.0215
291.879883248,99.0,98.9784,-0.0215
291.919883232,99.0,98.9784,-0.0215
291.959883216,99.0,98.9784,-0.0215
291.9998832,99.0,98.9784,-0.0215
292.03988318399996,99.0,98.9784,-0.0215
292.079883168,99.0,98.9784,-0.0215
292.119883152,99.0,98.9784,-0.0215
292.159883136,99.0,98.9784,-0.0215
292.19988312,99.0,98.9784,-0.0215
292.239883104,99.0,98.9784,-0.0215
292.279883088,99.0,98.9785,-0.0214
292.31988307200004,99.0,98.9784,-0.0215
292.35988305599994,99.0,98.9784,-0.0215
292.39988303999996,99.0,98.9784,-0.0215
292.439883024,99.0,98.9784,-0.0215
292.479883008,99.0,98.9784,-0.0215
292.51988299199996,99.0,98.9784,-0.0215
292.559882976,99.0,98.9784,-0.0215
292.59988296,99.0,98.9784,-0.0215
292.639882944,99.0,98.9783,-0.0215
292.67988292800004,99.0,98.9784,-0.0215
292.719882912,99.0,98.9784,-0.0215
292.759882896,99.0,98.9784,-0.0215
292.79988288,99.0,98.9784,-0.0215
292.839882864,99.0,98.9783,-0.0216
292.87988284799997,99.0,98.9784,-0.0215
292.919882832,99.0,98.9784,-0.0215
292.959882816,99.0,98.9783,-0.0216
292.9998828,99.0,98.9783,-0.0215
293.039882784,99.0,98.9783,-0.0216
293.079882768,99.0,98.9783,-0.0216
293.119882752,99.0,98.9783,-0.0216
293.15988273600004,99.0,98.9782,-0.0216
293.19988271999995,99.0,98.9782,-0.0216
293.23988270399997,99.0,98.9782,-0.0217
293.279882688,99.0,98.9782,-0.0217
293.319882672,99.0,98.9782,-0.0217
293.35988265599997,99.0,98.9781,-0.0218
293.39988264,99.0,98.9781,-0.0218
293.439882624,99.0,98.9781,-0.0218
293.479882608,99.0,98.9781,-0.0218
293.519882592,99.0,98.9781,-0.0218
293.559882576,99.0,98.9781,-0.0218
293.59988255999997,99.0,98.9781,-0.0218
293.639882544,99.0,98.9781,-0.0218
293.679882528,99.0,98.978,-0.0219
293.71988251199997,99.0,98.978,-0.0219
293.759882496,99.0,98.978,-0.0219
293.79988248,99.0,98.978,-0.0219
293.839882464,99.0,98.978,-0.0219
293.879882448,99.0,98.9781,-0.0218
293.919882432,99.0,98.9781,-0.0218
293.959882416,99.0,98.9781,-0.0218
293.99988240000005,99.0,98.978,-0.0219
294.03988238399995,99.0,98.978,-0.0219
294.07988236799997,99.0,98.978,-0.0219
294.119882352,99.0,98.978,-0.0219
294.159882336,99.0,98.978,-0.0219
294.19988232,99.0,98.978,-0.0219
294.239882304,99.0,98.978,-0.0219
294.279882288,99.0,98.9779,-0.022
294.31988227200003,99.0,98.9779,-0.022
294.359882256,99.0,98.978,-0.0219
294.39988224,99.0,98.978,-0.0219
294.439882224,99.0,98.978,-0.0219
294.479882208,99.0,98.978,-0.0219
294.51988219199995,99.0,98.9779,-0.022
294.559882176,99.0,98.9779,-0.022
294.59988216,99.0,98.9779,-0.022
294.639882144,99.0,98.9779,-0.022
294.67988212800003,99.0,98.9778,-0.022
294.719882112,99.0,98.9778,-0.022
294.759882096,99.0,98.9779,-0.022
294.79988208000003,99.0,98.9779,-0.022
294.839882064,99.0,98.9778,-0.0221
294.87988204799996,99.0,98.9778,-0.0221
294.919882032,99.0,98.9777,-0.0222
294.959882016,99.0,98.9777,-0.0222
294.999882,99.0,98.9777,-0.0222
295.039881984,99.0,98.9777,-0.0222
295.079881968,99.0,98.9777,-0.0222
295.119881952,99.0,98.9777,-0.0222
295.15988193600003,99.0,98.9777,-0.0221
295.19988192,99.0,98.9777,-0.0221
295.239881904,99.0,98.9777,-0.0222
295.279881888,99.0,98.9777,-0.0222
295.319881872,99.0,98.9777,-0.0222
295.35988185599996,99.0,98.9776,-0.0223
295.39988184,99.0,98.9776,-0.0223
295.439881824,99.0,98.9776,-0.0223
295.479881808,99.0,98.9776,-0.0223
295.519881792,99.0,98.9776,-0.0223
295.559881776,99.0,98.9776,-0.0223
295.59988176,99.0,98.9776,-0.0223
295.63988174400004,99.0,98.9776,-0.0223
295.679881728,99.0,98.9775,-0.0223
295.71988171199996,99.0,98.9775,-0.0223
295.759881696,99.0,98.9775,-0.0223
295.79988168,99.0,98.9775,-0.0223
295.839881664,99.0,98.9776,-0.0223
295.879881648,99.0,98.9776,-0.0223
295.919881632,99.0,98.9776,-0.0223
295.959881616,99.0,98.9775,-0.0224
295.99988160000004,99.0,98.9775,-0.0224
296.039881584,99.0,98.9775,-0.0223
296.07988156799996,99.0,98.9775,-0.0224
296.119881552,99.0,98.9775,-0.0224
296.159881536,99.0,98.9775,-0.0224
296.19988151999996,99.0,98.9775,-0.0224
296.239881504,99.0,98.9775,-0.0224
296.279881488,99.0,98.9775,-0.0224
296.319881472,99.0,98.9774,-0.0225
296.359881456,99.0,98.9774,-0.0225
296.39988144,99.0,98.9775,-0.0224
296.439881424,99.0,98.9775,-0.0224
296.47988140800004,99.0,98.9775,-0.0224
296.51988139199995,99.0,98.9774,-0.0225
296.55988137599996,99.0,98.9775,-0.0224
296.59988136,99.0,98.9774,-0.0225
296.639881344,99.0,98.9774,-0.0225
296.679881328,99.0,98.9774,-0.0225
296.719881312,99.0,98.9774,-0.0225
296.759881296,99.0,98.9775,-0.0224
296.79988128,99.0,98.9775,-0.0224
296.83988126400004,99.0,98.9775,-0.0224
296.879881248,99.0,98.9775,-0.0224
296.91988123199997,99.0,98.9775,-0.0224
296.959881216,99.0,98.9775,-0.0224
296.9998812,99.0,98.9775,-0.0224
297.03988118399997,99.0,98.9774,-0.0225
297.079881168,99.0,98.9774,-0.0225
297.119881152,99.0,98.9774,-0.0225
297.159881136,99.0,98.9774,-0.0225
297.19988112,99.0,98.9774,-0.0225
297.239881104,99.0,98.9774,-0.0225
297.279881088,99.0,98.9774,-0.0225
297.319881072,99.0,98.9773,-0.0225
297.35988105599995,99.0,98.9774,-0.0225
297.39988103999997,99.0,98.9774,-0.0225
297.439881024,99.0,98.9773,-0.0226
297.479881008,99.0,98.9774,-0.0225
297.51988099199997,99.0,98.9774,-0.0225
297.559880976,99.0,98.9774,-0.0225
297.59988096,99.0,98.9774,-0.0225
297.639880944,99.0,98.9773,-0.0225
297.67988092800005,99.0,98.9774,-0.0225
297.719880912,99.0,98.9774,-0.0225
297.75988089599997,99.0,98.9773,-0.0226
297.79988088,99.0,98.9774,-0.0225
297.839880864,99.0,98.9773,-0.0226
297.87988084799997,99.0,98.9773,-0.0226
297.919880832,99.0,98.9773,-0.0225
297.959880816,99.0,98.9773,-0.0226
297.9998808,99.0,98.9774,-0.0225
298.039880784,99.0,98.9774,-0.0225
298.079880768,99.0,98.9774,-0.0225
298.11988075200003,99.0,98.9774,-0.0225
298.159880736,99.0,98.9774,-0.0225
298.19988071999995,99.0,98.9774,-0.0225
298.239880704,99.0,98.9774,-0.0225
298.279880688,99.0,98.9773,-0.0225
298.319880672,99.0,98.9773,-0.0226
298.359880656,99.0,98.9773,-0.0226
298.39988064,99.0,98.9773,-0.0226
298.439880624,99.0,98.9774,-0.0225
298.47988060800003,99.0,98.9774,-0.0225
298.519880592,99.0,98.9774,-0.0225
298.55988057599995,99.0,98.9774,-0.0225
298.59988056,99.0,98.9774,-0.0225
298.639880544,99.0,98.9775,-0.0224
298.679880528,99.0,98.9775,-0.0224
298.719880512,99.0,98.9775,-0.0224
298.759880496,99.0,98.9775,-0.0224
298.79988048,99.0,98.9775,-0.0224
298.83988046400003,99.0,98.9775,-0.0224
298.879880448,99.0,98.9775,-0.0223
298.919880432,99.0,98.9776,-0.0223
298.95988041600003,99.0,98.9776,-0.0223
298.9998804,99.0,98.9776,-0.0223
299.03988038399996,99.0,98.9776,-0.0223
299.079880368,99.0,98.9776,-0.0223
299.119880352,99.0,98.9776,-0.0223
299.159880336,99.0,98.9776,-0.0223
299.19988032,99.0,98.9776,-0.0223
299.239880304,99.0,98.9776,-0.0222
299.279880288,99.0,98.9777,-0.0222
299.31988027200003,99.0,98.9777,-0.0222
299.359880256,99.0,98.9777,-0.0222
299.39988023999996,99.0,98.9777,-0.0222
299.439880224,99.0,98.9777,-0.0222
299.479880208,99.0,98.9777,-0.0222
299.51988019199996,99.0,98.9778,-0.0221
299.559880176,99.0,98.9778,-0.0221
299.59988016,99.0,98.9778,-0.0221
299.639880144,99.0,98.9777,-0.0221
299.67988012800004,99.0,98.9778,-0.0221
299.719880112,99.0,98.9778,-0.0221
299.759880096,99.0,98.9778,-0.0221
299.79988008,99.0,98.9778,-0.022
299.839880064,99.0,98.9778,-0.022
299.87988004799996,99.0,98.9778,-0.0221
299.919880032,99.0,98.9778,-0.0221
299.959880016,99.0,98.9778,-0.0221
299.99988,99.0,98.9778,-0.0221
300.039879984,99.0,98.9778,-0.0221
300.079879968,99.0,98.9778,-0.0221
300.119879952,99.0,98.9777,-0.0222
300.15987993600004,99.0,98.9777,-0.0222
300.19987992,99.0,98.9778,-0.0221
300.23987990399996,99.0,98.9777,-0.0221
300.279879888,99.0,98.9777,-0.0222
300.319879872,99.0,98.9778,-0.0221
300.35987985599996,99.0,98.9778,-0.0221
300.39987984,99.0,98.9778,-0.0221
300.439879824,99.0,98.9778,-0.0221
300.479879808,99.0,98.9778,-0.0221
300.519879792,99.0,98.9778,-0.0221
300.559879776,99.0,98.9778,-0.0221
300.59987976,99.0,98.9778,-0.0221
300.639879744,99.0,98.9778,-0.0221
300.679879728,99.0,98.9778,-0.0221
300.71987971199997,99.0,98.9778,-0.0221
300.759879696,99.0,98.9778,-0.0221
300.79987968,99.0,98.9777,-0.0221
300.839879664,99.0,98.9778,-0.0221
300.879879648,99.0,98.9778,-0.0221
300.919879632,99.0,98.9778,-0.0221
300.959879616,99.0,98.9778,-0.0221
300.99987960000004,99.0,98.9778,-0.0221
301.03987958399995,99.0,98.9778,-0.0221
301.07987956799997,99.0,98.9778,-0.0221
301.119879552,99.0,98.9778,-0.0221
301.159879536,99.0,98.9778,-0.022
301.19987951999997,99.0,98.9778,-0.0221
301.239879504,99.0,98.9778,-0.0221
301.279879488,99.0,98.9778,-0.0221
301.319879472,99.0,98.9778,-0.0221
301.359879456,99.0,98.9778,-0.0221
301.39987944,99.0,98.9778,-0.0221
301.439879424,99.0,98.9778,-0.0221
301.479879408,99.0,98.9778,-0.0221
301.519879392,99.0,98.9779,-0.022
301.55987937599997,99.0,98.9779,-0.022
301.59987936,99.0,98.9779,-0.022
301.639879344,99.0,98.9779,-0.022
301.679879328,99.0,98.9779,-0.022
301.719879312,99.0,98.9779,-0.022
301.759879296,99.0,98.9778,-0.022
301.79987928,99.0,98.9779,-0.022
301.83987926400005,99.0,98.9779,-0.022
301.87987924799995,99.0,98.9779,-0.022
301.91987923199997,99.0,98.9779,-0.022
301.959879216,99.0,98.9779,-0.022
301.9998792,99.0,98.9779,-0.022
302.039879184,99.0,98.9779,-0.022
302.079879168,99.0,98.9779,-0.022
302.119879152,99.0,98.9778,-0.022
302.15987913600003,99.0,98.9778,-0.022
302.19987912,99.0,98.9779,-0.022
302.239879104,99.0,98.9779,-0.022
302.279879088,99.0,98.9779,-0.022
302.319879072,99.0,98.9779,-0.022
302.35987905599995,99.0,98.9778,-0.022
302.39987904,99.0,98.9779,-0.022
302.439879024,99.0,98.9778,-0.0221
302.479879008,99.0,98.9778,-0.0221
302.519878992,99.0,98.9778,-0.0221
302.559878976,99.0,98.9778,-0.0221
302.59987896,99.0,98.9778,-0.022
302.63987894400003,99.0,98.9778,-0.0221
302.67987892800005,99.0,98.9778,-0.0221
302.71987891199996,99.0,98.9778,-0.0221
302.759878896,99.0,98.9777,-0.0222
302.79987888,99.0,98.9777,-0.0222
302.839878864,99.0,98.9777,-0.0222
302.879878848,99.0,98.9777,-0.0222
302.919878832,99.0,98.9777,-0.0222
302.959878816,99.0,98.9777,-0.0222
302.99987880000003,99.0,98.9777,-0.0222
303.039878784,99.0,98.9778,-0.0221
303.079878768,99.0,98.9777,-0.0221
303.119878752,99.0,98.9778,-0.0221
303.159878736,99.0,98.9778,-0.022
303.19987871999996,99.0,98.9778,-0.022
303.239878704,99.0,98.9779,-0.022
303.279878688,99.0,98.9779,-0.022
303.319878672,99.0,98.978,-0.0219
303.359878656,99.0,98.978,-0.0219
303.39987864,99.0,98.978,-0.0219
303.439878624,99.0,98.9781,-0.0218
303.47987860800004,99.0,98.9781,-0.0218
303.519878592,99.0,98.9781,-0.0218
303.55987857599996,99.0,98.9781,-0.0218
303.59987856,99.0,98.9781,-0.0218
303.639878544,99.0,98.9781,-0.0218
303.679878528,99.0,98.9781,-0.0218
303.719878512,99.0,98.9781,-0.0218
303.759878496,99.0,98.9782,-0.0217
303.79987848,99.0,98.9782,-0.0217
303.83987846400004,99.0,98.9782,-0.0217
303.879878448,99.0,98.9782,-0.0217
303.919878432,99.0,98.9783,-0.0216
303.959878416,99.0,98.9783,-0.0216
303.9998784,99.0,98.9783,-0.0215
304.03987838399996,99.0,98.9783,-0.0215
304.079878368,99.0,98.9784,-0.0215
304.119878352,99.0,98.9784,-0.0215
304.159878336,99.0,98.9784,-0.0215
304.19987832,99.0,98.9785,-0.0214
304.239878304,99.0,98.9784,-0.0215
304.279878288,99.0,98.9785,-0.0214
304.31987827200004,99.0,98.9785,-0.0214
304.35987825599994,99.0,98.9785,-0.0214
304.39987823999996,99.0,98.9786,-0.0213
304.439878224,99.0,98.9786,-0.0213
304.479878208,99.0,98.9786,-0.0212
304.51987819199996,99.0,98.9787,-0.0212
304.559878176,99.0,98.9787,-0.0212
304.59987816,99.0,98.9788,-0.0211
304.639878144,99.0,98.9788,-0.0211
304.67987812800004,99.0,98.9788,-0.0211
304.719878112,99.0,98.9788,-0.0211
304.75987809599997,99.0,98.9787,-0.0212
304.79987808,99.0,98.9788,-0.0211
304.839878064,99.0,98.9787,-0.0212
304.87987804799997,99.0,98.9787,-0.0212
304.919878032,99.0,98.9788,-0.0211
304.959878016,99.0,98.9788,-0.0211
304.999878,99.0,98.9788,-0.0211
305.039877984,99.0,98.9788,-0.0211
305.079877968,99.0,98.9788,-0.0211
305.119877952,99.0,98.9788,-0.0211
305.159877936,99.0,98.9788,-0.0211
305.19987791999995,99.0,98.9788,-0.0211
305.23987790399997,99.0,98.9789,-0.021
305.279877888,99.0,98.9789,-0.021
305.319877872,99.0,98.9789,-0.021
305.35987785599997,99.0,98.9789,-0.021
305.39987784,99.0,98.9789,-0.021
305.439877824,99.0,98.9789,-0.021
305.479877808,99.0,98.9789,-0.021
305.519877792,99.0,98.979,-0.0209
305.559877776,99.0,98.979,-0.0209
305.59987775999997,99.0,98.979,-0.0209
305.639877744,99.0,98.9791,-0.0208
305.679877728,99.0,98.9791,-0.0208
305.71987771199997,99.0,98.9791,-0.0208
305.759877696,99.0,98.9791,-0.0208
305.79987768,99.0,98.9791,-0.0208
305.839877664,99.0,98.9792,-0.0207
305.879877648,99.0,98.9792,-0.0207
305.919877632,99.0,98.9793,-0.0206
305.959877616,99.0,98.9793,-0.0206
305.9998776,99.0,98.9794,-0.0205
306.03987758399995,99.0,98.9794,-0.0205
306.079877568,99.0,98.9795,-0.0204
306.119877552,99.0,98.9795,-0.0204
306.159877536,99.0,98.9795,-0.0204
306.19987752,99.0,98.9795,-0.0204
306.239877504,99.0,98.9795,-0.0204
306.279877488,99.0,98.9796,-0.0203
306.31987747200003,99.0,98.9795,-0.0203
306.359877456,99.0,98.9795,-0.0203
306.39987743999995,99.0,98.9796,-0.0203
306.439877424,99.0,98.9796,-0.0203
306.479877408,99.0,98.9796,-0.0203
306.519877392,99.0,98.9796,-0.0203
306.559877376,99.0,98.9796,-0.0203
306.59987736,99.0,98.9796,-0.0203
306.639877344,99.0,98.9796,-0.0203
306.67987732800003,99.0,98.9796,-0.0203
306.719877312,99.0,98.9797,-0.0202
306.759877296,99.0,98.9797,-0.0202
306.79987728000003,99.0,98.9797,-0.0202
306.839877264,99.0,98.9797,-0.0202
306.87987724799996,99.0,98.9798,-0.0201
306.919877232,99.0,98.9798,-0.0201
306.959877216,99.0,98.9799,-0.02
306.9998772,99.0,98.9799,-0.02
307.039877184,99.0,98.9799,-0.02
307.079877168,99.0,98.9799,-0.02
307.119877152,99.0,98.9799,-0.02
307.15987713600003,99.0,98.9799,-0.02
307.19987712,99.0,98.98,-0.0199
307.23987710399996,99.0,98.9799,-0.02
307.279877088,99.0,98.98,-0.0199
307.319877072,99.0,98.98,-0.0199
307.35987705599996,99.0,98.98,-0.0199
307.39987704,99.0,98.98,-0.0199
307.439877024,99.0,98.98,-0.0199
307.479877008,99.0,98.98,-0.0199
307.51987699200004,99.0,98.9801,-0.0198
307.559876976,99.0,98.9801,-0.0198
307.59987696,99.0,98.9801,-0.0198
307.639876944,99.0,98.9801,-0.0198
307.679876928,99.0,98.9801,-0.0198
307.71987691199996,99.0,98.9802,-0.0197
307.759876896,99.0,98.9802,-0.0197
307.79987688,99.0,98.9802,-0.0197
307.839876864,99.0,98.9802,-0.0197
307.879876848,99.0,98.9802,-0.0197
307.919876832,99.0,98.9802,-0.0196
307.959876816,99.0,98.9803,-0.0196
307.99987680000004,99.0,98.9803,-0.0196
308.039876784,99.0,98.9804,-0.0195
308.07987676799996,99.0,98.9804,-0.0195
308.119876752,99.0,98.9804,-0.0195
308.159876736,99.0,98.9805,-0.0194
308.19987671999996,99.0,98.9805,-0.0194
308.239876704,99.0,98.9805,-0.0194
308.279876688,99.0,98.9804,-0.0195
308.319876672,99.0,98.9805,-0.0194
308.359876656,99.0,98.9805,-0.0194
308.39987664,99.0,98.9805,-0.0194
308.439876624,99.0,98.9805,-0.0194
308.479876608,99.0,98.9805,-0.0194
308.519876592,99.0,98.9805,-0.0194
308.55987657599997,99.0,98.9805,-0.0194
308.59987656,99.0,98.9806,-0.0193
308.639876544,99.0,98.9806,-0.0193
308.679876528,99.0,98.9806,-0.0193
308.719876512,99.0,98.9806,-0.0193
308.759876496,99.0,98.9806,-0.0193
308.79987648,99.0,98.9806,-0.0193
308.83987646400004,99.0,98.9806,-0.0193
308.87987644799995,99.0,98.9806,-0.0193
308.91987643199997,99.0,98.9806,-0.0193
308.959876416,99.0,98.9806,-0.0193
308.9998764,99.0,98.9806,-0.0193
309.03987638399997,99.0,98.9806,-0.0193
309.079876368,99.0,98.9806,-0.0193
309.119876352,99.0,98.9806,-0.0193
309.159876336,99.0,98.9806,-0.0193
309.19987632,99.0,98.9806,-0.0193
309.239876304,99.0,98.9806,-0.0193
309.279876288,99.0,98.9806,-0.0193
309.319876272,99.0,98.9806,-0.0193
309.35987625599995,99.0,98.9806,-0.0193
309.39987623999997,99.0,98.9806,-0.0193
309.439876224,99.0,98.9806,-0.0193
309.479876208,99.0,98.9806,-0.0193
309.519876192,99.0,98.9807,-0.0192
309.559876176,99.0,98.9806,-0.0193
309.59987616,99.0,98.9806,-0.0193
309.639876144,99.0,98.9807,-0.0192
309.67987612800005,99.0,98.9806,-0.0193
309.71987611199995,99.0,98.9806,-0.0193
309.75987609599997,99.0,98.9806,-0.0193
309.79987608,99.0,98.9806,-0.0193
309.839876064,99.0,98.9806,-0.0193
309.87987604799997,99.0,98.9805,-0.0194
309.919876032,99.0,98.9805,-0.0194
309.959876016,99.0,98.9805,-0.0194
309.99987600000003,99.0,98.9805,-0.0194
310.039875984,99.0,98.9805,-0.0194
310.079875968,99.0,98.9804,-0.0195
310.119875952,99.0,98.9804,-0.0195
310.159875936,99.0,98.9804,-0.0195
310.19987591999995,99.0,98.9803,-0.0195
310.239875904,99.0,98.9804,-0.0195
310.279875888,99.0,98.9803,-0.0195
310.319875872,99.0,98.9803,-0.0195
310.359875856,99.0,98.9803,-0.0196
310.39987584,99.0,98.9803,-0.0196
310.439875824,99.0,98.9803,-0.0196
310.47987580800003,99.0,98.9803,-0.0196
310.519875792,99.0,98.9802,-0.0197
310.55987577599996,99.0,98.9802,-0.0197
310.59987576,99.0,98.9802,-0.0197
310.639875744,99.0,98.9802,-0.0197
310.679875728,99.0,98.9802,-0.0197
310.719875712,99.0,98.9802,-0.0197
310.759875696,99.0,98.9802,-0.0197
310.79987568,99.0,98.9801,-0.0198
310.83987566400003,99.0,98.9801,-0.0198
310.879875648,99.0,98.9801,-0.0198
310.919875632,99.0,98.9801,-0.0198
310.959875616,99.0,98.9801,-0.0198
310.9998756,99.0,98.98,-0.0199
311.03987558399996,99.0,98.98,-0.0199
311.079875568,99.0,98.98,-0.0199
311.119875552,99.0,98.98,-0.0199
311.159875536,99.0,98.98,-0.0199
311.19987552,99.0,98.98,-0.0199
311.239875504,99.0,98.9799,-0.02
311.279875488,99.0,98.9799,-0.02
311.31987547200004,99.0,98.9798,-0.0201
311.35987545599994,99.0,98.9798,-0.0201
311.39987543999996,99.0,98.9798,-0.0201
311.439875424,99.0,98.9797,-0.0202
311.479875408,99.0,98.9798,-0.0201
311.519875392,99.0,98.9797,-0.0202
311.559875376,99.0,98.9797,-0.0202
311.59987536,99.0,98.9797,-0.0202
311.639875344,99.0,98.9796,-0.0203
311.67987532800004,99.0,98.9796,-0.0203
311.719875312,99.0,98.9796,-0.0203
311.759875296,99.0,98.9795,-0.0203
311.79987528,99.0,98.9795,-0.0204
311.839875264,99.0,98.9795,-0.0204
311.87987524799996,99.0,98.9795,-0.0204
311.919875232,99.0,98.9795,-0.0204
311.959875216,99.0,98.9795,-0.0204
311.9998752,99.0,98.9795,-0.0204
312.039875184,99.0,98.9795,-0.0204
312.079875168,99.0,98.9795,-0.0204
312.119875152,99.0,98.9795,-0.0204
312.15987513600004,99.0,98.9795,-0.0204
312.19987511999994,99.0,98.9795,-0.0204
312.23987510399996,99.0,98.9795,-0.0204
312.279875088,99.0,98.9795,-0.0204
312.319875072,99.0,98.9795,-0.0204
312.35987505599996,99.0,98.9795,-0.0204
312.39987504,99.0,98.9795,-0.0204
312.439875024,99.0,98.9796,-0.0203
312.479875008,99.0,98.9795,-0.0204
312.51987499200004,99.0,98.9795,-0.0204
312.559874976,99.0,98.9795,-0.0204
312.59987495999997,99.0,98.9795,-0.0204
312.639874944,99.0,98.9795,-0.0204
312.679874928,99.0,98.9794,-0.0205
312.71987491199997,99.0,98.9794,-0.0205
312.759874896,99.0,98.9794,-0.0205
312.79987488,99.0,98.9794,-0.0205
312.839874864,99.0,98.9793,-0.0205
312.879874848,99.0,98.9793,-0.0206
312.919874832,99.0,98.9794,-0.0205
312.959874816,99.0,98.9794,-0.0205
312.99987480000004,99.0,98.9794,-0.0205
313.03987478399995,99.0,98.9794,-0.0205
313.07987476799997,99.0,98.9794,-0.0205
313.119874752,99.0,98.9794,-0.0205
313.159874736,99.0,98.9793,-0.0206
313.19987471999997,99.0,98.9793,-0.0206
313.239874704,99.0,98.9793,-0.0206
313.279874688,99.0,98.9793,-0.0206
313.319874672,99.0,98.9793,-0.0206
313.359874656,99.0,98.9793,-0.0206
313.39987464,99.0,98.9793,-0.0206
313.43987462399997,99.0,98.9793,-0.0206
313.479874608,99.0,98.9793,-0.0206
313.519874592,99.0,98.9793,-0.0206
313.55987457599997,99.0,98.9793,-0.0206
313.59987456,99.0,98.9792,-0.0207
313.639874544,99.0,98.9792,-0.0207
313.679874528,99.0,98.9793,-0.0206
313.719874512,99.0,98.9793,-0.0206
313.759874496,99.0,98.9793,-0.0206
313.79987448,99.0,98.9793,-0.0206
313.839874464,99.0,98.9792,-0.0207
313.87987444799995,99.0,98.9792,-0.0207
313.919874432,99.0,98.9791,-0.0207
313.959874416,99.0,98.9791,-0.0208
313.9998744,99.0,98.9791,-0.0208
314.039874384,99.0,98.979,-0.0209
314.079874368,99.0,98.979,-0.0209
314.119874352,99.0,98.9789,-0.021
314.15987433600003,99.0,98.9789,-0.021
314.19987432,99.0,98.9789,-0.021
314.239874304,99.0,98.9788,-0.0211
314.279874288,99.0,98.9788,-0.0211
314.319874272,99.0,98.9788,-0.0211
314.35987425599996,99.0,98.9787,-0.0211
314.39987424,99.0,98.9788,-0.0211
314.439874224,99.0,98.9787,-0.0212
314.479874208,99.0,98.9787,-0.0212
314.51987419200003,99.0,98.9787,-0.0212
314.559874176,99.0,98.9787,-0.0212
314.59987416,99.0,98.9787,-0.0212
314.63987414400003,99.0,98.9787,-0.0212
314.679874128,99.0,98.9787,-0.0212
314.71987411199996,99.0,98.9787,-0.0212
314.759874096,99.0,98.9786,-0.0212
314.79987408,99.0,98.9786,-0.0212
314.839874064,99.0,98.9787,-0.0212
314.879874048,99.0,98.9786,-0.0212
314.919874032,99.0,98.9786,-0.0212
314.959874016,99.0,98.9786,-0.0213
314.99987400000003,99.0,98.9786,-0.0213
315.039873984,99.0,98.9786,-0.0213
315.07987396799996,99.0,98.9785,-0.0214
315.119873952,99.0,98.9785,-0.0214
315.159873936,99.0,98.9784,-0.0215
315.19987391999996,99.0,98.9784,-0.0215
315.239873904,99.0,98.9784,-0.0215
315.279873888,99.0,98.9783,-0.0216
315.319873872,99.0,98.9783,-0.0216
315.359873856,99.0,98.9783,-0.0216
315.39987384,99.0,98.9782,-0.0217
315.439873824,99.0,98.9782,-0.0217
315.47987380800004,99.0,98.9781,-0.0218
315.519873792,99.0,98.978,-0.0219
315.55987377599996,99.0,98.978,-0.0219
315.59987376,99.0,98.9779,-0.022
315.639873744,99.0,98.9778,-0.0221
315.679873728,99.0,98.9777,-0.0221
315.719873712,99.0,98.9777,-0.0222
315.759873696,99.0,98.9777,-0.0222
315.79987368,99.0,98.9777,-0.0222
315.83987366400004,99.0,98.9777,-0.0222
315.879873648,99.0,98.9777,-0.0222
315.91987363199996,99.0,98.9776,-0.0223
315.959873616,99.0,98.9776,-0.0223
315.9998736,99.0,98.9776,-0.0223
316.03987358399996,99.0,98.9775,-0.0224
316.079873568,99.0,98.9775,-0.0224
316.119873552,99.0,98.9774,-0.0225
316.159873536,99.0,98.9774,-0.0225
316.19987352,99.0,98.9773,-0.0226
316.239873504,99.0,98.9773,-0.0226
316.279873488,99.0,98.9773,-0.0226
316.319873472,99.0,98.9772,-0.0227
316.35987345599995,99.0,98.9772,-0.0227
316.39987343999996,99.0,98.9771,-0.0228
316.439873424,99.0,98.977,-0.0228
316.479873408,99.0,98.977,-0.0229
316.519873392,99.0,98.9769,-0.023
316.559873376,99.0,98.9769,-0.023
316.59987336,99.0,98.9769,-0.023
316.639873344,99.0,98.9768,-0.0231
316.67987332800004,99.0,98.9767,-0.0232
316.719873312,99.0,98.9767,-0.0232
316.75987329599997,99.0,98.9766,-0.0233
316.79987328,99.0,98.9766,-0.0232
316.839873264,99.0,98.9766,-0.0233
316.87987324799997,99.0,98.9766,-0.0233
316.919873232,99.0,98.9766,-0.0233
316.959873216,99.0,98.9765,-0.0234
316.9998732,99.0,98.9765,-0.0234
317.039873184,99.0,98.9765,-0.0234
317.079873168,99.0,98.9765,-0.0234
317.119873152,99.0,98.9765,-0.0234
317.159873136,99.0,98.9765,-0.0234
317.19987311999995,99.0,98.9765,-0.0234
317.23987310399997,99.0,98.9765,-0.0234
317.279873088,99.0,98.9765,-0.0234
317.319873072,99.0,98.9766,-0.0233
317.35987305599997,99.0,98.9766,-0.0232
317.39987304,99.0,98.9766,-0.0232
317.439873024,99.0,98.9767,-0.0232
317.479873008,99.0,98.9766,-0.0232
317.51987299200005,99.0,98.9767,-0.0232
317.55987297599995,99.0,98.9767,-0.0232
317.59987295999997,99.0,98.9767,-0.0232
317.639872944,99.0,98.9767,-0.0232
317.679872928,99.0,98.9767,-0.0232
317.71987291199997,99.0,98.9767,-0.0232
317.759872896,99.0,98.9767,-0.0232
317.79987288,99.0,98.9767,-0.0232
317.83987286400003,99.0,98.9767,-0.0232
317.879872848,99.0,98.9767,-0.0232
317.919872832,99.0,98.9767,-0.0232
317.95987281600003,99.0,98.9767,-0.0232
317.9998728,99.0,98.9766,-0.0232
318.03987278399995,99.0,98.9766,-0.0232
318.079872768,99.0,98.9767,-0.0232
318.119872752,99.0,98.9766,-0.0232
318.159872736,99.0,98.9767,-0.0232
318.19987272,99.0,98.9766,-0.0233
318.239872704,99.0,98.9767,-0.0232
318.279872688,99.0,98.9767,-0.0232
318.31987267200003,99.0,98.9768,-0.0231
318.359872656,99.0,98.9768,-0.0231
318.39987263999996,99.0,98.9768,-0.0231
318.439872624,99.0,98.9769,-0.023
318.479872608,99.0,98.9769,-0.023
318.519872592,99.0,98.9769,-0.023
318.559872576,99.0,98.977,-0.0229
318.59987256,99.0,98.977,-0.0229
318.639872544,99.0,98.977,-0.0229
318.67987252800003,99.0,98.9771,-0.0228
318.719872512,99.0,98.9771,-0.0228
318.759872496,99.0,98.9771,-0.0228
318.79987248,99.0,98.9772,-0.0227
318.839872464,99.0,98.9772,-0.0227
318.87987244799996,99.0,98.9773,-0.0226
318.919872432,99.0,98.9773,-0.0226
318.959872416,99.0,98.9773,-0.0226
318.9998724,99.0,98.9773,-0.0226
319.039872384,99.0,98.9773,-0.0226
319.079872368,99.0,98.9773,-0.0226
319.119872352,99.0,98.9773,-0.0226
319.15987233600003,99.0,98.9773,-0.0226
319.19987232,99.0,98.9774,-0.0225
319.23987230399996,99.0,98.9774,-0.0225
319.279872288,99.0,98.9774,-0.0225
319.319872272,99.0,98.9774,-0.0225
319.35987225599996,99.0,98.9774,-0.0225
319.39987224,99.0,98.9775,-0.0224
319.439872224,99.0,98.9775,-0.0224
319.479872208,99.0,98.9775,-0.0224
319.51987219200004,99.0,98.9775,-0.0224
319.559872176,99.0,98.9775,-0.0224
319.59987216,99.0,98.9775,-0.0224
319.639872144,99.0,98.9776,-0.0223
319.679872128,99.0,98.9775,-0.0224
319.71987211199996,99.0,98.9776,-0.0223
319.759872096,99.0,98.9776,-0.0223
319.79987208,99.0,98.9776,-0.0223
319.839872064,99.0,98.9777,-0.0222
319.879872048,99.0,98.9777,-0.0222
319.919872032,99.0,98.9777,-0.0222
319.959872016,99.0,98.9778,-0.0221
319.99987200000004,99.0,98.9778,-0.0221
320.03987198399994,99.0,98.9778,-0.0221
320.07987196799996,99.0,98.9778,-0.0221
320.119871952,99.0,98.9778,-0.0221
320.159871936,99.0,98.9778,-0.0221
320.19987191999996,99.0,98.9778,-0.0221
320.239871904,99.0,98.9778,-0.0221
320.279871888,99.0,98.9778,-0.0221
320.319871872,99.0,98.9778,-0.0221
320.359871856,99.0,98.9779,-0.022
320.39987184,99.0,98.9778,-0.0221
320.439871824,99.0,98.9778,-0.0221
320.479871808,99.0,98.9778,-0.0221
320.519871792,99.0,98.9778,-0.0221
320.55987177599997,99.0,98.9777,-0.0221
320.59987176,99.0,98.9778,-0.0221
320.639871744,99.0,98.9778,-0.0221
320.679871728,99.0,98.9778,-0.0221
320.719871712,99.0,98.9778,-0.0221
320.759871696,99.0,98.9778,-0.0221
320.79987168,99.0,98.9778,-0.0221
320.83987166400004,99.0,98.9778,-0.0221
320.87987164799995,99.0,98.9778,-0.0221
320.91987163199997,99.0,98.9778,-0.0221
320.959871616,99.0,98.9778,-0.0221
320.9998716,99.0,98.9778,-0.0221
321.03987158399997,99.0,98.9777,-0.0222
321.079871568,99.0,98.9778,-0.0221
321.119871552,99.0,98.9778,-0.0221
321.159871536,99.0,98.9778,-0.0221
321.19987152,99.0,98.9778,-0.022
321.239871504,99.0,98.9778,-0.0221
321.27987148799997,99.0,98.9778,-0.0221
321.319871472,99.0,98.9778,-0.0221
321.35987145599995,99.0,98.9777,-0.0222
321.39987143999997,99.0,98.9777,-0.0221
321.439871424,99.0,98.9777,-0.0222
321.479871408,99.0,98.9777,-0.0222
321.519871392,99.0,98.9776,-0.0223
321.559871376,99.0,98.9776,-0.0223
321.59987136,99.0,98.9776,-0.0223
321.639871344,99.0,98.9775,-0.0224
321.67987132800005,99.0,98.9775,-0.0224
321.71987131199995,99.0,98.9775,-0.0224
321.759871296,99.0,98.9774,-0.0225
321.79987128,99.0,98.9773,-0.0225
321.839871264,99.0,98.9773,-0.0226
321.879871248,99.0,98.9772,-0.0227
321.919871232,99.0,98.9772,-0.0227
321.959871216,99.0,98.9772,-0.0227
321.99987120000003,99.0,98.9772,-0.0227
322.039871184,99.0,98.9772,-0.0227
322.079871168,99.0,98.9771,-0.0228
322.119871152,99.0,98.9771,-0.0228
322.159871136,99.0,98.977,-0.0228
322.19987111999995,99.0,98.977,-0.0229
322.239871104,99.0,98.977,-0.0228
322.279871088,99.0,98.977,-0.0229
322.319871072,99.0,98.977,-0.0228
322.359871056,99.0,98.9771,-0.0228
322.39987104,99.0,98.977,-0.0229
322.439871024,99.0,98.977,-0.0228
322.47987100800003,99.0,98.977,-0.0228
322.519870992,99.0,98.9771,-0.0228
322.55987097599996,99.0,98.9772,-0.0227
322.59987096,99.0,98.9772,-0.0227
322.639870944,99.0,98.9772,-0.0227
322.679870928,99.0,98.9772,-0.0227
322.719870912,99.0,98.9772,-0.0227
322.759870896,99.0,98.9772,-0.0227
322.79987088,99.0,98.9773,-0.0226
322.83987086400003,99.0,98.9773,-0.0226
322.879870848,99.0,98.9773,-0.0225
322.919870832,99.0,98.9774,-0.0225
322.959870816,99.0,98.9774,-0.0225
322.9998708,99.0,98.9774,-0.0225
323.03987078399996,99.0,98.9775,-0.0224
323.079870768,99.0,98.9775,-0.0224
323.119870752,99.0,98.9775,-0.0224
323.159870736,99.0,98.9775,-0.0224
323.19987072,99.0,98.9775,-0.0224
323.239870704,99.0,98.9775,-0.0224
323.279870688,99.0,98.9776,-0.0223
323.31987067200004,99.0,98.9776,-0.0223
323.359870656,99.0,98.9776,-0.0223
323.39987063999996,99.0,98.9776,-0.0222
323.439870624,99.0,98.9777,-0.0222
323.479870608,99.0,98.9777,-0.0222
323.519870592,99.0,98.9777,-0.0222
323.559870576,99.0,98.9777,-0.0222
323.59987056,99.0,98.9778,-0.0221
323.639870544,99.0,98.9778,-0.0221
323.67987052800004,99.0,98.9778,-0.0221
323.719870512,99.0,98.9778,-0.022
323.75987049599996,99.0,98.9779,-0.022
323.79987048,99.0,98.9779,-0.022
323.839870464,99.0,98.9779,-0.022
323.87987044799996,99.0,98.978,-0.0219
323.919870432,99.0,98.978,-0.0219
323.959870416,99.0,98.978,-0.0219
323.9998704,99.0,98.978,-0.0219
324.039870384,99.0,98.978,-0.0219
324.079870368,99.0,98.978,-0.0219
324.119870352,99.0,98.9781,-0.0218
324.15987033600004,99.0,98.9781,-0.0218
324.19987031999995,99.0,98.9781,-0.0218
324.23987030399996,99.0,98.9781,-0.0218
324.279870288,99.0,98.9781,-0.0218
324.319870272,99.0,98.9782,-0.0217
324.359870256,99.0,98.9781,-0.0218
324.39987024,99.0,98.9781,-0.0218
324.439870224,99.0,98.9782,-0.0217
324.479870208,99.0,98.9782,-0.0217
324.51987019200004,99.0,98.9783,-0.0216
324.559870176,99.0,98.9783,-0.0216
324.59987015999997,99.0,98.9784,-0.0215
324.639870144,99.0,98.9784,-0.0215
324.679870128,99.0,98.9784,-0.0215
324.71987011199997,99.0,98.9785,-0.0214
324.759870096,99.0,98.9786,-0.0213
324.79987008,99.0,98.9786,-0.0213
324.839870064,99.0,98.9787,-0.0212
324.879870048,99.0,98.9787,-0.0211
324.919870032,99.0,98.9788,-0.0211
324.959870016,99.0,98.9789,-0.021
324.99987,99.0,98.9789,-0.021
325.03986998399995,99.0,98.979,-0.0209
325.07986996799997,99.0,98.979,-0.0209
325.119869952,99.0,98.9791,-0.0208
325.159869936,99.0,98.9792,-0.0207
325.19986991999997,99.0,98.9792,-0.0207
325.239869904,99.0,98.9792,-0.0207
325.279869888,99.0,98.9793,-0.0206
325.319869872,99.0,98.9794,-0.0205
325.359869856,99.0,98.9795,-0.0204
325.39986984,99.0,98.9795,-0.0204
325.43986982399997,99.0,98.9795,-0.0204
325.479869808,99.0,98.9795,-0.0204
325.519869792,99.0,98.9796,-0.0203
325.55986977599997,99.0,98.9796,-0.0203
325.59986976,99.0,98.9797,-0.0202
325.639869744,99.0,98.9797,-0.0202
325.679869728,99.0,98.9798,-0.0201
325.719869712,99.0,98.9797,-0.0202
325.759869696,99.0,98.9798,-0.0201
325.79986968000003,99.0,98.9798,-0.0201
325.839869664,99.0,98.9798,-0.0201
325.87986964799995,99.0,98.9799,-0.02
325.919869632,99.0,98.9799,-0.02
325.959869616,99.0,98.98,-0.0199
325.9998696,99.0,98.9801,-0.0198
326.039869584,99.0,98.9801,-0.0198
326.079869568,99.0,98.9801,-0.0198
326.119869552,99.0,98.9801,-0.0198
326.15986953600003,99.0,98.9801,-0.0198
326.19986952,99.0,98.9802,-0.0197
326.23986950399996,99.0,98.9802,-0.0197
326.279869488,99.0,98.9802,-0.0196
326.319869472,99.0,98.9802,-0.0196
326.359869456,99.0,98.9802,-0.0196
326.39986944,99.0,98.9803,-0.0196
326.439869424,99.0,98.9804,-0.0195
326.479869408,99.0,98.9804,-0.0195
326.51986939200003,99.0,98.9805,-0.0194
326.559869376,99.0,98.9805,-0.0194
326.59986936,99.0,98.9805,-0.0194
326.63986934400003,99.0,98.9805,-0.0194
326.679869328,99.0,98.9806,-0.0193
326.71986931199996,99.0,98.9807,-0.0192
326.759869296,99.0,98.9807,-0.0192
326.79986928,99.0,98.9807,-0.0192
326.839869264,99.0,98.9807,-0.0192
326.879869248,99.0,98.9807,-0.0192
326.919869232,99.0,98.9807,-0.0192
326.959869216,99.0,98.9807,-0.0192
326.99986920000003,99.0,98.9807,-0.0192
327.039869184,99.0,98.9808,-0.0191
327.07986916799996,99.0,98.9808,-0.0191
327.119869152,99.0,98.9808,-0.0191
327.159869136,99.0,98.9808,-0.0191
327.19986911999996,99.0,98.9808,-0.0191
327.239869104,99.0,98.9809,-0.019
327.279869088,99.0,98.9809,-0.019
327.319869072,99.0,98.9809,-0.019
327.359869056,99.0,98.9809,-0.019
327.39986904,99.0,98.9809,-0.019
327.439869024,99.0,98.981,-0.0189
327.479869008,99.0,98.981,-0.0189
327.519868992,99.0,98.981,-0.0189
327.55986897599996,99.0,98.981,-0.0189
327.59986896,99.0,98.981,-0.0189
327.639868944,99.0,98.981,-0.0189
