t_ms,target_um,current_um,error_um
0.0,99.0,99.0055,0.0056
0.039999984,99.0,99.0056,0.0056
0.079999968,99.0,99.0056,0.0056
0.119999952,99.0,99.0057,0.0057
0.159999936,99.0,99.0057,0.0057
0.19999992,99.0,99.0057,0.0057
0.239999904,99.0,99.0057,0.0057
0.279999888,99.0,99.0057,0.0058
0.319999872,99.0,99.0058,0.0058
0.359999856,99.0,99.0058,0.0058
0.39999984,99.0,99.0059,0.0059
0.43999982400000004,99.0,99.0059,0.0059
0.479999808,99.0,99.0059,0.0059
0.519999792,99.0,99.0059,0.0059
0.559999776,99.0,99.0059,0.0059
0.59999976,99.0,99.0059,0.0059
0.639999744,99.0,99.0059,0.0059
0.679999728,99.0,99.0059,0.0059
0.719999712,99.0,99.0059,0.0059
0.759999696,99.0,99.0059,0.0059
0.79999968,99.0,99.0058,0.0058
0.8399996639999999,99.0,99.0059,0.0059
0.8799996480000001,99.0,99.0059,0.0059
0.919999632,99.0,99.0059,0.0059
0.959999616,99.0,99.0058,0.0059
0.9999995999999999,99.0,99.0059,0.0059
1.039999584,99.0,99.0059,0.0059
1.079999568,99.0,99.0059,0.0059
1.119999552,99.0,99.0059,0.0059
1.159999536,99.0,99.0059,0.0059
1.19999952,99.0,99.006,0.006
1.239999504,99.0,99.0059,0.006
1.279999488,99.0,99.006,0.006
1.319999472,99.0,99.0059,0.0059
1.359999456,99.0,99.0059,0.0059
1.39999944,99.0,99.0059,0.006
1.439999424,99.0,99.006,0.006
1.4799994079999998,99.0,99.006,0.006
1.519999392,99.0,99.006,0.006
1.5599993760000002,99.0,99.0059,0.006
1.59999936,99.0,99.0059,0.0059
1.639999344,99.0,99.0059,0.0059
1.6799993279999998,99.0,99.0058,0.0058
1.719999312,99.0,99.0058,0.0058
1.7599992960000002,99.0,99.0058,0.0058
1.79999928,99.0,99.0058,0.0058
1.839999264,99.0,99.0058,0.0058
1.8799992479999998,99.0,99.0058,0.0058
1.919999232,99.0,99.0058,0.0058
1.959999216,99.0,99.0058,0.0058
1.9999991999999998,99.0,99.0058,0.0058
2.039999184,99.0,99.0058,0.0058
2.079999168,99.0,99.0058,0.0058
2.1199991519999997,99.0,99.0059,0.0059
2.159999136,99.0,99.0059,0.0059
2.19999912,99.0,99.0059,0.0059
2.239999104,99.0,99.0058,0.0059
2.2799990880000003,99.0,99.0058,0.0058
2.319999072,99.0,99.0058,0.0058
2.359999056,99.0,99.0058,0.0058
2.39999904,99.0,99.0058,0.0058
2.439999024,99.0,99.0058,0.0058
2.479999008,99.0,99.0058,0.0058
2.5199989919999997,99.0,99.0058,0.0058
2.559998976,99.0,99.0058,0.0058
2.59999896,99.0,99.0058,0.0058
2.639998944,99.0,99.0058,0.0058
2.679998928,99.0,99.0058,0.0058
2.719998912,99.0,99.0057,0.0058
2.759998896,99.0,99.0057,0.0057
2.79999888,99.0,99.0057,0.0057
2.839998864,99.0,99.0057,0.0057
2.879998848,99.0,99.0057,0.0057
2.9199988319999997,99.0,99.0057,0.0057
2.9599988159999997,99.0,99.0057,0.0057
2.9999988,99.0,99.0057,0.0057
3.039998784,99.0,99.0057,0.0057
3.079998768,99.0,99.0057,0.0057
3.1199987520000003,99.0,99.0057,0.0057
3.159998736,99.0,99.0057,0.0057
3.19999872,99.0,99.0058,0.0058
3.239998704,99.0,99.0058,0.0058
3.279998688,99.0,99.0058,0.0058
3.319998672,99.0,99.0057,0.0057
3.3599986559999997,99.0,99.0057,0.0057
3.39999864,99.0,99.0057,0.0057
3.439998624,99.0,99.0057,0.0056
3.479998608,99.0,99.0057,0.0057
3.5199985920000003,99.0,99.0056,0.0056
3.559998576,99.0,99.0056,0.0056
3.59999856,99.0,99.0056,0.0056
3.6399985439999996,99.0,99.0056,0.0056
3.679998528,99.0,99.0056,0.0056
3.719998512,99.0,99.0056,0.0056
3.7599984959999997,99.0,99.0056,0.0056
3.79999848,99.0,99.0056,0.0056
3.839998464,99.0,99.0056,0.0056
3.879998448,99.0,99.0056,0.0056
3.919998432,99.0,99.0055,0.0055
3.9599984160000004,99.0,99.0056,0.0055
3.9999983999999995,99.0,99.0057,0.0056
4.0399983839999996,99.0,99.0056,0.0056
4.079998368,99.0,99.0056,0.0055
4.119998352,99.0,99.0055,0.0055
4.159998336,99.0,99.0055,0.0055
4.19999832,99.0,99.0055,0.0055
4.239998303999999,99.0,99.0055,0.0055
4.279998288,99.0,99.0055,0.0054
4.319998272,99.0,99.0055,0.0054
4.359998256,99.0,99.0054,0.0054
4.39999824,99.0,99.0054,0.0054
4.439998224,99.0,99.0054,0.0054
4.479998208,99.0,99.0054,0.0054
4.519998192,99.0,99.0054,0.0054
4.559998176000001,99.0,99.0054,0.0054
4.59999816,99.0,99.0054,0.0054
4.639998144,99.0,99.0054,0.0053
4.679998127999999,99.0,99.0053,0.0053
4.719998112,99.0,99.0054,0.0053
4.759998096,99.0001,99.0054,0.0053
4.79999808,99.0001,99.0054,0.0053
4.8399980639999995,99.0001,99.0054,0.0053
4.879998048,99.0001,99.0054,0.0053
4.919998032,99.0001,99.0054,0.0053
4.959998016,99.0001,99.0054,0.0052
4.999998000000001,99.0001,99.0054,0.0052
5.039997983999999,99.0001,99.0054,0.0053
5.079997968,99.0001,99.0054,0.0052
5.119997952,99.0001,99.0054,0.0052
5.159997936,99.0001,99.0054,0.0053
5.19999792,99.0001,99.0054,0.0053
5.239997904,99.0001,99.0054,0.0053
5.279997888,99.0001,99.0054,0.0053
5.319997872,99.0001,99.0054,0.0053
5.359997856,99.0001,99.0054,0.0053
5.39999784,99.0001,99.0054,0.0053
5.439997824,99.0001,99.0055,0.0054
5.479997807999999,99.0001,99.0055,0.0054
5.519997792,99.0001,99.0055,0.0054
5.559997776,99.0002,99.0055,0.0053
5.59999776,99.0002,99.0055,0.0053
5.6399977439999995,99.0002,99.0056,0.0053
5.679997728,99.0002,99.0055,0.0053
5.719997712,99.0002,99.0056,0.0053
5.759997696,99.0002,99.0056,0.0053
5.799997680000001,99.0002,99.0056,0.0053
5.839997663999999,99.0002,99.0057,0.0054
5.879997648,99.0002,99.0057,0.0054
5.919997631999999,99.0002,99.0057,0.0054
5.959997616,99.0002,99.0057,0.0054
5.9999976,99.0002,99.0057,0.0054
6.039997584,99.0002,99.0058,0.0055
6.079997568,99.0002,99.0058,0.0055
6.119997552,99.0002,99.0057,0.0055
6.159997536,99.0002,99.0057,0.0054
6.19999752,99.0002,99.0057,0.0054
6.239997504000001,99.0002,99.0057,0.0054
6.279997487999999,99.0002,99.0057,0.0054
6.319997472,99.0002,99.0057,0.0054
6.359997456,99.0004,99.0056,0.0052
6.39999744,99.0004,99.0055,0.0051
6.439997424,99.0004,99.0055,0.0051
6.479997408,99.0004,99.0055,0.005
6.519997392,99.0004,99.0055,0.0051
6.559997376,99.0004,99.0055,0.0051
6.59999736,99.0004,99.0055,0.0051
6.639997344,99.0004,99.0055,0.0051
6.679997328,99.0004,99.0054,0.005
6.719997311999999,99.0004,99.0055,0.005
6.759997296,99.0004,99.0054,0.005
6.79999728,99.0004,99.0054,0.0049
6.839997264,99.0004,99.0054,0.0049
6.879997248,99.0004,99.0053,0.0049
6.919997232,99.0004,99.0053,0.0049
6.959997216,99.0004,99.0053,0.0048
6.9999972,99.0004,99.0052,0.0048
7.039997184000001,99.0004,99.0052,0.0047
7.079997167999999,99.0004,99.0051,0.0047
7.119997152,99.0004,99.0051,0.0047
7.159997135999999,99.0007,99.0051,0.0044
7.19999712,99.0007,99.005,0.0043
7.239997104,99.0007,99.005,0.0043
7.279997087999999,99.0007,99.005,0.0043
7.319997072,99.0007,99.0051,0.0043
7.359997056,99.0007,99.005,0.0043
7.39999704,99.0007,99.005,0.0043
7.439997024,99.0007,99.005,0.0043
7.479997008,99.0007,99.005,0.0042
7.519996991999999,99.0007,99.005,0.0043
7.559996976,99.0007,99.005,0.0043
7.59999696,99.0007,99.005,0.0042
7.639996944,99.0007,99.005,0.0042
7.679996928,99.0007,99.005,0.0042
7.719996912,99.0007,99.005,0.0042
7.759996896,99.0007,99.0049,0.0042
7.79999688,99.0007,99.0049,0.0041
7.839996864,99.0007,99.0049,0.0041
7.879996848,99.0007,99.0049,0.0041
7.919996832000001,99.0007,99.0048,0.0041
7.959996816,99.001,99.0048,0.0037
7.999996799999999,99.001,99.0048,0.0037
8.039996784,99.001,99.0048,0.0037
8.079996767999999,99.001,99.0047,0.0037
8.119996751999999,99.001,99.0047,0.0036
8.159996736,99.001,99.0047,0.0037
8.19999672,99.001,99.0047,0.0036
8.239996704,99.001,99.0047,0.0036
8.279996688,99.001,99.0047,0.0036
8.319996672,99.001,99.0046,0.0036
8.359996656,99.001,99.0046,0.0035
8.39999664,99.001,99.0045,0.0035
8.439996623999999,99.001,99.0045,0.0034
8.479996607999999,99.001,99.0044,0.0033
8.519996592,99.001,99.0043,0.0032
8.559996576,99.001,99.0043,0.0032
8.59999656,99.001,99.0042,0.0032
8.639996544,99.001,99.0042,0.0031
8.679996528,99.001,99.0041,0.003
8.719996512,99.001,99.0041,0.003
8.759996496000001,99.0015,99.004,0.0024
8.79999648,99.0015,99.0039,0.0024
8.839996463999999,99.0015,99.0039,0.0023
8.879996448,99.0015,99.0039,0.0023
8.919996432,99.0015,99.0038,0.0023
8.959996416,99.0015,99.0037,0.0022
8.9999964,99.0015,99.0037,0.0021
9.039996384,99.0015,99.0036,0.0021
9.079996368,99.0015,99.0036,0.002
9.119996352000001,99.0015,99.0035,0.002
9.159996336,99.0015,99.0035,0.0019
9.19999632,99.0015,99.0034,0.0019
9.239996304,99.0015,99.0034,0.0019
9.279996288,99.0015,99.0033,0.0018
9.319996272,99.0015,99.0033,0.0018
9.359996255999999,99.0015,99.0033,0.0018
9.39999624,99.0015,99.0033,0.0017
9.439996224,99.0015,99.0032,0.0017
9.479996208,99.0015,99.0032,0.0017
9.519996192,99.0015,99.0032,0.0017
9.559996176,99.0021,99.0032,0.0011
9.59999616,99.0021,99.0032,0.0011
9.639996144,99.0021,99.0033,0.0012
9.679996127999999,99.0021,99.0032,0.0011
9.719996111999999,99.0021,99.0032,0.0011
9.759996096,99.0021,99.0032,0.0011
9.79999608,99.0021,99.0032,0.001
9.839996064,99.0021,99.0032,0.001
9.879996048,99.0021,99.0031,0.001
9.919996032,99.0021,99.0031,0.001
9.959996016,99.0021,99.0031,0.001
9.999996000000001,99.0021,99.0031,0.001
10.039995983999999,99.0021,99.0032,0.001
10.079995967999999,99.0021,99.0031,0.001
10.119995952,99.0021,99.0032,0.0011
10.159995936,99.0021,99.0032,0.0011
10.19999592,99.0021,99.0032,0.001
10.239995904,99.0021,99.0032,0.0011
10.279995888,99.0021,99.0032,0.0011
10.319995872,99.0021,99.0032,0.0011
10.359995856000001,99.0028,99.0032,0.0004
10.39999584,99.0028,99.0033,0.0005
10.439995824,99.0028,99.0033,0.0005
10.479995808,99.0028,99.0033,0.0005
10.519995792,99.0028,99.0033,0.0005
10.559995776,99.0028,99.0034,0.0005
10.599995759999999,99.0028,99.0034,0.0006
10.639995744,99.0028,99.0034,0.0006
10.679995728,99.0028,99.0034,0.0006
10.719995712,99.0028,99.0034,0.0006
10.759995696,99.0028,99.0035,0.0007
10.79999568,99.0028,99.0035,0.0007
10.839995664,99.0028,99.0035,0.0007
10.879995648,99.0028,99.0035,0.0007
10.919995632,99.0028,99.0035,0.0007
10.959995615999999,99.0028,99.0036,0.0008
10.9999956,99.0028,99.0035,0.0007
11.039995584,99.0028,99.0035,0.0007
11.079995568,99.0028,99.0035,0.0007
11.119995552,99.0028,99.0035,0.0007
11.159995536,99.0036,99.0035,-0.0001
11.19999552,99.0036,99.0035,-0.0
11.239995504000001,99.0036,99.0035,-0.0
11.279995487999999,99.0036,99.0036,-0.0
11.319995471999999,99.0036,99.0036,0.0
11.359995456,99.0036,99.0036,-0.0
11.39999544,99.0036,99.0035,-0.0
11.439995424,99.0036,99.0036,0.0
11.479995408,99.0036,99.0036,0.0
11.519995392,99.0036,99.0036,0.0
11.559995376,99.0036,99.0036,0.0
11.599995360000001,99.0036,99.0036,0.0
11.639995344,99.0036,99.0036,0.0
11.679995327999999,99.0036,99.0037,0.0
11.719995312,99.0036,99.0037,0.0001
11.759995296,99.0036,99.0037,0.0
11.79999528,99.0036,99.0037,0.0
11.839995263999999,99.0036,99.0037,0.0001
11.879995248,99.0036,99.0037,0.0001
11.919995232,99.0036,99.0038,0.0001
11.959995216,99.0046,99.0039,-0.0007
11.9999952,99.0046,99.0039,-0.0007
12.039995184,99.0046,99.0038,-0.0007
12.079995168,99.0046,99.0038,-0.0007
12.119995152,99.0046,99.0038,-0.0008
12.159995136,99.0046,99.0038,-0.0008
12.199995119999999,99.0046,99.0038,-0.0007
12.239995104,99.0046,99.0038,-0.0007
12.279995088,99.0046,99.0038,-0.0007
12.319995072,99.0046,99.0038,-0.0007
12.359995056,99.0046,99.0038,-0.0007
12.39999504,99.0046,99.0038,-0.0007
12.439995024,99.0046,99.0038,-0.0007
12.479995008000001,99.0046,99.0038,-0.0007
12.519994991999999,99.0046,99.0038,-0.0007
12.559994975999999,99.0046,99.0038,-0.0007
12.59999496,99.0046,99.0038,-0.0007
12.639994944,99.0046,99.0038,-0.0007
12.679994928,99.0046,99.0039,-0.0007
12.719994912,99.0046,99.0039,-0.0007
12.759994896,99.0057,99.0039,-0.0018
12.79999488,99.0057,99.0039,-0.0018
12.839994864000001,99.0057,99.0039,-0.0018
12.879994848,99.0057,99.0039,-0.0018
12.919994831999999,99.0057,99.0039,-0.0018
12.959994816,99.0057,99.0039,-0.0018
12.9999948,99.0057,99.0039,-0.0018
13.039994784,99.0057,99.0039,-0.0017
13.079994767999999,99.0057,99.004,-0.0017
13.119994752,99.0057,99.0039,-0.0017
13.159994736,99.0057,99.004,-0.0017
13.19999472,99.0057,99.004,-0.0017
13.239994704,99.0057,99.004,-0.0017
13.279994688,99.0057,99.004,-0.0017
13.319994671999998,99.0057,99.004,-0.0017
13.359994656,99.0057,99.004,-0.0017
13.39999464,99.0057,99.004,-0.0017
13.439994623999999,99.0057,99.004,-0.0017
13.479994608,99.0057,99.004,-0.0017
13.519994592,99.0057,99.004,-0.0017
13.559994576,99.007,99.004,-0.003
13.59999456,99.007,99.004,-0.003
13.639994544,99.007,99.004,-0.003
13.679994528,99.007,99.004,-0.003
13.719994512000001,99.007,99.0039,-0.0031
13.759994496,99.007,99.0039,-0.0031
13.799994479999999,99.007,99.0039,-0.0031
13.839994464,99.007,99.0039,-0.0031
13.879994448,99.007,99.0038,-0.0032
13.919994432,99.007,99.0038,-0.0032
13.959994416,99.007,99.0038,-0.0032
13.9999944,99.007,99.0038,-0.0032
14.039994384,99.007,99.0038,-0.0032
14.079994368000001,99.007,99.0038,-0.0032
14.119994352,99.007,99.0037,-0.0033
14.159994335999999,99.007,99.0037,-0.0033
14.19999432,99.007,99.0038,-0.0032
14.239994304,99.007,99.0038,-0.0032
14.279994288,99.007,99.0037,-0.0033
14.319994271999999,99.007,99.0038,-0.0032
14.359994256,99.0085,99.0038,-0.0047
14.39999424,99.0085,99.0038,-0.0047
14.439994224,99.0085,99.0038,-0.0047
14.479994208,99.0085,99.0038,-0.0047
14.519994192,99.0085,99.0038,-0.0047
14.559994175999998,99.0085,99.0038,-0.0047
14.59999416,99.0085,99.0039,-0.0046
14.639994144,99.0085,99.0039,-0.0046
14.679994127999999,99.0085,99.0038,-0.0047
14.719994112,99.0085,99.0039,-0.0046
14.759994096,99.0085,99.0039,-0.0046
14.79999408,99.0085,99.0039,-0.0046
14.839994064,99.0085,99.0039,-0.0046
14.879994048,99.0085,99.0039,-0.0046
14.919994032,99.0085,99.004,-0.0045
14.959994016,99.0085,99.004,-0.0045
14.999994,99.0085,99.004,-0.0045
15.039993983999999,99.0085,99.004,-0.0045
15.079993968,99.0085,99.004,-0.0045
15.119993952,99.0085,99.0039,-0.0046
15.159993936,99.0102,99.0039,-0.0063
15.19999392,99.0102,99.0039,-0.0063
15.239993904,99.0102,99.0039,-0.0063
15.279993888,99.0102,99.0039,-0.0063
15.319993872000001,99.0102,99.0039,-0.0063
15.359993856,99.0102,99.0039,-0.0063
15.399993839999999,99.0102,99.0039,-0.0063
15.439993824,99.0102,99.0039,-0.0063
15.479993808,99.0102,99.0039,-0.0063
15.519993792,99.0102,99.0039,-0.0062
15.559993775999999,99.0102,99.004,-0.0062
15.59999376,99.0102,99.004,-0.0062
15.639993743999998,99.0102,99.004,-0.0062
15.679993728,99.0102,99.004,-0.0062
15.719993711999999,99.0102,99.004,-0.0062
15.759993696,99.0102,99.004,-0.0062
15.799993679999998,99.0102,99.004,-0.0061
15.839993664000001,99.0102,99.004,-0.0061
15.879993648,99.0102,99.004,-0.0061
15.919993632,99.0102,99.004,-0.0062
15.959993616,99.0121,99.004,-0.0081
15.999993599999998,99.0121,99.004,-0.0081
16.039993584,99.0121,99.004,-0.0081
16.079993568,99.0121,99.004,-0.008
16.119993552,99.0121,99.004,-0.0081
16.159993535999998,99.0121,99.0041,-0.008
16.19999352,99.0121,99.0041,-0.008
16.239993503999997,99.0121,99.004,-0.008
16.279993488000002,99.0121,99.0041,-0.008
16.319993472,99.0121,99.0041,-0.008
16.359993456,99.0121,99.0041,-0.008
16.39999344,99.0121,99.0041,-0.008
16.439993423999997,99.0121,99.0041,-0.008
16.479993408,99.0121,99.0041,-0.0079
16.519993392,99.0121,99.0041,-0.0079
16.559993376,99.0121,99.0042,-0.0079
16.59999336,99.0121,99.0042,-0.0079
16.639993344,99.0121,99.0042,-0.0079
16.679993328,99.0121,99.0043,-0.0078
16.719993312,99.0121,99.0042,-0.0079
16.759993296,99.0142,99.0043,-0.0099
16.79999328,99.0142,99.0043,-0.0099
16.839993264,99.0142,99.0043,-0.0098
16.879993247999998,99.0142,99.0044,-0.0098
16.919993232,99.0142,99.0044,-0.0098
16.959993215999997,99.0142,99.0045,-0.0097
16.999993200000002,99.0142,99.0045,-0.0097
17.039993184,99.0142,99.0045,-0.0097
17.079993168,99.0142,99.0046,-0.0096
17.119993152,99.0142,99.0045,-0.0096
17.159993136,99.0142,99.0045,-0.0096
17.19999312,99.0142,99.0045,-0.0096
17.239993104,99.0142,99.0045,-0.0096
17.279993088,99.0142,99.0046,-0.0096
17.319993072,99.0142,99.0046,-0.0096
17.359993056,99.0142,99.0046,-0.0096
17.39999304,99.0142,99.0046,-0.0096
17.439993024,99.0142,99.0046,-0.0096
17.479993007999997,99.0142,99.0046,-0.0095
17.519992992000002,99.0142,99.0046,-0.0095
17.559992976,99.0166,99.0046,-0.0119
17.59999296,99.0166,99.0046,-0.0119
17.639992944,99.0166,99.0046,-0.0119
17.679992927999997,99.0166,99.0047,-0.0118
17.719992912,99.0166,99.0046,-0.0119
17.759992896,99.0166,99.0047,-0.0118
17.79999288,99.0166,99.0047,-0.0118
17.839992864,99.0166,99.0047,-0.0118
17.879992848,99.0166,99.0047,-0.0118
17.919992832,99.0166,99.0047,-0.0118
17.959992816,99.0166,99.0047,-0.0118
17.9999928,99.0166,99.0047,-0.0118
18.039992784,99.0166,99.0048,-0.0117
18.079992768,99.0166,99.0048,-0.0117
18.119992751999998,99.0166,99.0048,-0.0117
18.159992736,99.0166,99.0048,-0.0117
18.199992719999997,99.0166,99.0048,-0.0117
18.239992704000002,99.0166,99.0049,-0.0116
18.279992688,99.0166,99.0049,-0.0116
18.319992672,99.0166,99.0049,-0.0116
18.359992656,99.0191,99.005,-0.014
18.39999264,99.0191,99.0051,-0.014
18.439992624,99.0191,99.0051,-0.0139
18.479992608,99.0191,99.0052,-0.0138
18.519992592,99.0191,99.0053,-0.0138
18.559992576,99.0191,99.0053,-0.0137
18.59999256,99.0191,99.0054,-0.0137
18.639992544,99.0191,99.0054,-0.0136
18.679992528,99.0191,99.0055,-0.0135
18.719992511999997,99.0191,99.0055,-0.0135
18.759992496000002,99.0191,99.0055,-0.0135
18.79999248,99.0191,99.0056,-0.0135
18.839992464,99.0191,99.0055,-0.0135
18.879992448,99.0191,99.0056,-0.0134
18.919992431999997,99.0191,99.0057,-0.0134
18.959992416,99.0191,99.0057,-0.0134
18.9999924,99.0191,99.0057,-0.0133
19.039992384,99.0191,99.0057,-0.0133
19.079992368,99.0191,99.0058,-0.0133
19.119992352,99.0191,99.0058,-0.0132
19.159992336,99.0219,99.0059,-0.016
19.19999232,99.0219,99.0059,-0.0159
19.239992304,99.0219,99.0059,-0.016
19.279992288,99.0219,99.0059,-0.0159
19.319992272,99.0219,99.006,-0.0159
19.359992255999998,99.0219,99.006,-0.0159
19.39999224,99.0219,99.0061,-0.0158
19.439992223999997,99.0219,99.0061,-0.0158
19.479992208000002,99.0219,99.0061,-0.0157
19.519992192,99.0219,99.0062,-0.0157
19.559992176,99.0219,99.0062,-0.0157
19.59999216,99.0219,99.0062,-0.0156
19.639992144,99.0219,99.0063,-0.0156
19.679992128,99.0219,99.0063,-0.0155
19.719992112,99.0219,99.0064,-0.0155
19.759992096,99.0219,99.0064,-0.0154
19.79999208,99.0219,99.0065,-0.0154
19.839992064,99.0219,99.0065,-0.0154
19.879992048,99.0219,99.0065,-0.0153
19.919992032,99.0219,99.0066,-0.0153
19.959992015999998,99.025,99.0066,-0.0183
19.999992000000002,99.025,99.0067,-0.0182
20.039991984,99.025,99.0066,-0.0183
20.079991967999998,99.025,99.0066,-0.0183
20.119991952,99.025,99.0067,-0.0182
20.159991935999997,99.025,99.0067,-0.0182
20.19999192,99.025,99.0068,-0.0181
20.239991904,99.025,99.0068,-0.0181
20.279991888,99.025,99.0069,-0.018
20.319991872,99.025,99.0069,-0.018
20.359991856,99.025,99.007,-0.0179
20.39999184,99.025,99.007,-0.0179
20.439991824,99.025,99.0071,-0.0178
20.479991808,99.025,99.0071,-0.0178
20.519991792,99.025,99.0071,-0.0178
20.559991776,99.025,99.0071,-0.0178
20.599991759999998,99.025,99.0072,-0.0177
20.639991744,99.025,99.0072,-0.0177
20.679991727999997,99.025,99.0072,-0.0177
20.719991712000002,99.025,99.0073,-0.0177
20.759991696,99.0283,99.0073,-0.021
20.79999168,99.0283,99.0073,-0.0209
20.839991664,99.0283,99.0074,-0.0208
20.879991648,99.0283,99.0074,-0.0208
20.919991632,99.0283,99.0075,-0.0207
20.959991616,99.0283,99.0076,-0.0206
20.9999916,99.0283,99.0076,-0.0206
21.039991584,99.0283,99.0077,-0.0205
21.079991568,99.0283,99.0077,-0.0205
21.119991552,99.0283,99.0078,-0.0204
21.159991536,99.0283,99.0079,-0.0203
21.199991519999998,99.0283,99.0079,-0.0203
21.239991504000002,99.0283,99.008,-0.0202
21.279991488,99.0283,99.0081,-0.0201
21.319991471999998,99.0283,99.0082,-0.02
21.359991456,99.0283,99.0082,-0.02
21.399991439999997,99.0283,99.0083,-0.0199
21.439991424,99.0283,99.0084,-0.0198
21.479991408,99.0283,99.0084,-0.0198
21.519991392,99.0283,99.0085,-0.0197
21.559991376,99.0318,99.0085,-0.0232
21.59999136,99.0318,99.0086,-0.0232
21.639991344,99.0318,99.0086,-0.0231
21.679991328,99.0318,99.0087,-0.0231
21.719991312,99.0318,99.0087,-0.023
21.759991296,99.0318,99.0087,-0.023
21.79999128,99.0318,99.0088,-0.0229
21.839991264,99.0318,99.0089,-0.0229
21.879991248,99.0318,99.0089,-0.0229
21.919991231999997,99.0318,99.009,-0.0228
21.959991216000002,99.0318,99.009,-0.0228
21.9999912,99.0318,99.0091,-0.0227
22.039991184,99.0318,99.0092,-0.0226
22.079991168,99.0318,99.0093,-0.0225
22.119991151999997,99.0318,99.0093,-0.0224
22.159991136,99.0318,99.0093,-0.0224
22.19999112,99.0318,99.0094,-0.0224
22.239991104,99.0318,99.0094,-0.0223
22.279991088,99.0318,99.0095,-0.0223
22.319991072,99.0318,99.0096,-0.0222
22.359991056,99.0357,99.0096,-0.026
22.39999104,99.0357,99.0096,-0.026
22.439991023999998,99.0357,99.0098,-0.0259
22.479991008000002,99.0357,99.0098,-0.0259
22.519990992,99.0357,99.0098,-0.0258
22.559990975999998,99.0357,99.0099,-0.0257
22.59999096,99.0357,99.0099,-0.0258
22.639990943999997,99.0357,99.01,-0.0257
22.679990928,99.0357,99.01,-0.0257
22.719990912,99.0357,99.01,-0.0256
22.759990896,99.0357,99.0101,-0.0255
22.79999088,99.0357,99.0101,-0.0255
22.839990864,99.0357,99.0101,-0.0255
22.879990848,99.0357,99.0101,-0.0255
22.919990832,99.0357,99.0102,-0.0254
22.959990816,99.0357,99.0103,-0.0254
22.9999908,99.0357,99.0103,-0.0253
23.039990784,99.0357,99.0104,-0.0252
23.079990768,99.0357,99.0104,-0.0252
23.119990752,99.0357,99.0105,-0.0252
23.159990735999997,99.0398,99.0105,-0.0292
23.199990720000002,99.0398,99.0105,-0.0292
23.239990704,99.0398,99.0106,-0.0292
23.279990688,99.0398,99.0106,-0.0291
23.319990672,99.0398,99.0106,-0.0291
23.359990655999997,99.0398,99.0107,-0.0291
23.39999064,99.0398,99.0107,-0.0291
23.439990624,99.0398,99.0108,-0.0289
23.479990608,99.0398,99.0108,-0.0289
23.519990592,99.0398,99.0108,-0.0289
23.559990576,99.0398,99.0109,-0.0289
23.59999056,99.0398,99.0109,-0.0288
23.639990544,99.0398,99.011,-0.0288
23.679990527999998,99.0398,99.011,-0.0287
23.719990512000003,99.0398,99.0111,-0.0287
23.759990496,99.0398,99.0112,-0.0285
23.799990479999998,99.0398,99.0113,-0.0285
23.839990464,99.0398,99.0114,-0.0284
23.879990447999997,99.0398,99.0114,-0.0283
23.919990432,99.0398,99.0115,-0.0282
23.959990416,99.0442,99.0116,-0.0325
23.9999904,99.0442,99.0117,-0.0325
24.039990384,99.0442,99.0118,-0.0324
24.079990368,99.0442,99.0118,-0.0324
24.119990352,99.0442,99.0118,-0.0323
24.159990336,99.0442,99.0119,-0.0323
24.19999032,99.0442,99.0119,-0.0322
24.239990304,99.0442,99.012,-0.0322
24.279990288,99.0442,99.012,-0.0321
24.319990272,99.0442,99.012,-0.0321
24.359990256,99.0442,99.0121,-0.032
24.399990239999997,99.0442,99.0121,-0.032
24.439990224000002,99.0442,99.0122,-0.032
24.479990208,99.0442,99.0122,-0.032
24.519990192,99.0442,99.0123,-0.0319
24.559990176,99.0442,99.0123,-0.0318
24.599990159999997,99.0442,99.0123,-0.0318
24.639990144,99.0442,99.0125,-0.0317
24.679990128,99.0442,99.0125,-0.0316
24.719990112,99.0442,99.0126,-0.0315
24.759990096,99.0489,99.0127,-0.0362
24.79999008,99.0489,99.0127,-0.0362
24.839990064,99.0489,99.0127,-0.0361
24.879990048,99.0489,99.0128,-0.036
24.919990031999998,99.0489,99.0128,-0.036
24.959990016000003,99.0489,99.0129,-0.0359
24.99999,99.0489,99.0129,-0.0359
25.039989983999998,99.0489,99.013,-0.0358
25.079989968,99.0489,99.0131,-0.0358
25.119989951999997,99.0489,99.0131,-0.0357
25.159989936,99.0489,99.0132,-0.0356
25.19998992,99.0489,99.0133,-0.0356
25.239989904,99.0489,99.0134,-0.0355
25.279989888,99.0489,99.0134,-0.0354
25.319989872,99.0489,99.0135,-0.0353
25.359989856,99.0489,99.0136,-0.0352
25.399989839999996,99.0489,99.0137,-0.0351
25.439989824,99.0489,99.0138,-0.035
25.479989808,99.0489,99.0139,-0.0349
25.519989792,99.0489,99.014,-0.0348
25.559989776,99.0539,99.0141,-0.0397
25.59998976,99.0539,99.0142,-0.0397
25.639989743999998,99.0539,99.0143,-0.0395
25.679989728000002,99.0539,99.0144,-0.0394
25.719989712,99.0539,99.0145,-0.0394
25.759989696,99.0539,99.0145,-0.0393
25.79998968,99.0539,99.0147,-0.0391
25.839989663999997,99.0539,99.0148,-0.0391
25.879989648,99.0539,99.0149,-0.0389
25.919989632,99.0539,99.015,-0.0388
25.959989616,99.0539,99.0151,-0.0387
25.9999896,99.0539,99.0152,-0.0386
26.039989584,99.0539,99.0153,-0.0385
26.079989568,99.0539,99.0154,-0.0384
26.119989552,99.0539,99.0155,-0.0383
26.159989535999998,99.0539,99.0156,-0.0383
26.199989520000003,99.0539,99.0157,-0.0382
26.239989504,99.0539,99.0158,-0.0381
26.279989488,99.0539,99.0159,-0.0379
26.319989472,99.0539,99.016,-0.0378
26.359989455999997,99.0592,99.0162,-0.043
26.39998944,99.0592,99.0163,-0.0428
26.439989424,99.0592,99.0164,-0.0427
26.479989408,99.0592,99.0165,-0.0426
26.519989392,99.0592,99.0167,-0.0425
26.559989376,99.0592,99.0168,-0.0424
26.59998936,99.0592,99.0169,-0.0422
26.639989343999996,99.0592,99.017,-0.0421
26.679989328,99.0592,99.0171,-0.042
26.719989312,99.0592,99.0173,-0.0419
26.759989296,99.0592,99.0174,-0.0417
26.79998928,99.0592,99.0175,-0.0416
26.839989264,99.0592,99.0177,-0.0414
26.879989247999998,99.0592,99.0179,-0.0412
26.919989232000002,99.0592,99.018,-0.0411
26.959989216,99.0592,99.0181,-0.041
26.9999892,99.0592,99.0182,-0.0409
27.039989184,99.0592,99.0183,-0.0408
27.079989167999997,99.0592,99.0185,-0.0407
27.119989152,99.0592,99.0186,-0.0406
27.159989136,99.0648,99.0187,-0.046
27.19998912,99.0648,99.0188,-0.0459
27.239989104,99.0648,99.0189,-0.0458
27.279989088,99.0648,99.0191,-0.0457
27.319989072,99.0648,99.0192,-0.0456
27.359989056,99.0648,99.0193,-0.0455
27.399989039999998,99.0648,99.0193,-0.0454
27.439989024000003,99.0648,99.0194,-0.0453
27.479989008,99.0648,99.0195,-0.0452
27.519988992,99.0648,99.0196,-0.0452
27.559988976,99.0648,99.0197,-0.0451
27.599988959999997,99.0648,99.0198,-0.045
27.639988944,99.0648,99.0199,-0.0449
27.679988928,99.0648,99.02,-0.0448
27.719988912,99.0648,99.02,-0.0447
27.759988896,99.0648,99.0201,-0.0446
27.79998888,99.0648,99.0202,-0.0445
27.839988864,99.0648,99.0203,-0.0444
27.879988847999996,99.0648,99.0204,-0.0444
27.919988832,99.0648,99.0204,-0.0443
27.959988816,99.0707,99.0205,-0.0501
27.9999888,99.0707,99.0206,-0.05
28.039988784,99.0707,99.0207,-0.0499
28.079988768,99.0707,99.0208,-0.0498
28.119988751999998,99.0707,99.0209,-0.0497
28.159988736000003,99.0707,99.021,-0.0496
28.19998872,99.0707,99.021,-0.0496
28.239988704,99.0707,99.0211,-0.0495
28.279988688,99.0707,99.0212,-0.0494
28.319988671999997,99.0707,99.0213,-0.0493
28.359988656,99.0707,99.0214,-0.0492
28.39998864,99.0707,99.0215,-0.0492
28.439988624,99.0707,99.0215,-0.0491
28.479988608,99.0707,99.0216,-0.0491
28.519988592,99.0707,99.0216,-0.049
28.559988576,99.0707,99.0217,-0.0489
28.59998856,99.0707,99.0218,-0.0489
28.639988543999998,99.0707,99.0219,-0.0488
28.679988528,99.0707,99.022,-0.0487
28.719988512,99.0707,99.022,-0.0486
28.759988496,99.0769,99.0222,-0.0547
28.79998848,99.0769,99.0223,-0.0546
28.839988463999997,99.0769,99.0224,-0.0545
28.879988448,99.0769,99.0225,-0.0544
28.919988432,99.0769,99.0226,-0.0543
28.959988416,99.0769,99.0227,-0.0542
28.9999884,99.0769,99.0228,-0.0541
29.039988384,99.0769,99.0228,-0.054
29.079988368,99.0769,99.0229,-0.0539
29.119988351999996,99.0769,99.023,-0.0539
29.159988336,99.0769,99.0231,-0.0538
29.19998832,99.0769,99.0232,-0.0537
29.239988304,99.0769,99.0233,-0.0536
29.279988288,99.0769,99.0234,-0.0535
29.319988272,99.0769,99.0235,-0.0534
29.359988255999998,99.0769,99.0236,-0.0532
29.399988240000003,99.0769,99.0238,-0.0531
29.439988224,99.0769,99.0238,-0.053
29.479988208,99.0769,99.024,-0.0529
29.519988192,99.0769,99.024,-0.0529
29.559988175999997,99.0835,99.0241,-0.0593
29.59998816,99.0835,99.0242,-0.0592
29.639988144,99.0835,99.0243,-0.0591
29.679988128,99.0835,99.0244,-0.059
29.719988112,99.0835,99.0245,-0.0589
29.759988096,99.0835,99.0247,-0.0587
29.79998808,99.0835,99.0247,-0.0587
29.839988064,99.0835,99.0248,-0.0586
29.879988047999998,99.0835,99.0249,-0.0585
29.919988032,99.0835,99.025,-0.0585
29.959988016,99.0835,99.025,-0.0584
29.999988,99.0835,99.0251,-0.0583
30.039987984,99.0835,99.0252,-0.0582
30.079987967999998,99.0835,99.0253,-0.0582
30.119987952,99.0835,99.0254,-0.058
30.159987936,99.0835,99.0255,-0.058
30.19998792,99.0835,99.0255,-0.0579
30.239987904,99.0835,99.0257,-0.0578
30.279987888,99.0835,99.0257,-0.0577
30.319987872,99.0835,99.0258,-0.0576
30.359987855999996,99.0903,99.0259,-0.0644
30.39998784,99.0903,99.026,-0.0643
30.439987824,99.0903,99.0261,-0.0641
30.479987808,99.0903,99.0263,-0.064
30.519987792,99.0903,99.0264,-0.0639
30.559987776,99.0903,99.0266,-0.0637
30.599987759999998,99.0903,99.0267,-0.0636
30.639987744000003,99.0903,99.0268,-0.0635
30.679987728,99.0903,99.027,-0.0633
30.719987712,99.0903,99.0271,-0.0632
30.759987696,99.0903,99.0273,-0.063
30.799987679999997,99.0903,99.0274,-0.0629
30.839987664,99.0903,99.0276,-0.0627
30.879987648,99.0903,99.0277,-0.0626
30.919987632,99.0903,99.0278,-0.0624
30.959987616,99.0903,99.028,-0.0623
30.9999876,99.0903,99.0282,-0.0621
31.039987584,99.0903,99.0283,-0.062
31.079987568,99.0903,99.0285,-0.0618
31.119987551999998,99.0903,99.0286,-0.0617
31.159987536,99.0975,99.0288,-0.0687
31.19998752,99.0975,99.0289,-0.0685
31.239987504,99.0975,99.0291,-0.0684
31.279987487999996,99.0975,99.0293,-0.0682
31.319987472,99.0975,99.0293,-0.0681
31.359987456,99.0975,99.0295,-0.068
31.39998744,99.0975,99.0297,-0.0678
31.439987423999998,99.0975,99.0299,-0.0676
31.479987408000003,99.0975,99.03,-0.0675
31.519987392,99.0975,99.0302,-0.0673
31.559987376,99.0975,99.0303,-0.0672
31.599987359999997,99.0975,99.0305,-0.067
31.639987343999998,99.0975,99.0307,-0.0668
31.679987328000003,99.0975,99.0308,-0.0667
31.719987312,99.0975,99.031,-0.0665
31.759987296,99.0975,99.0311,-0.0664
31.799987279999996,99.0975,99.0313,-0.0662
31.839987264,99.0975,99.0315,-0.066
31.879987248000003,99.0975,99.0316,-0.0659
31.919987232,99.0975,99.0318,-0.0657
31.959987216,99.1051,99.032,-0.073
31.999987199999996,99.1051,99.0321,-0.0729
32.039987184000005,99.1051,99.0322,-0.0728
32.079987168,99.1051,99.0324,-0.0726
32.119987152,99.1051,99.0326,-0.0724
32.159987136,99.1051,99.0327,-0.0723
32.19998712,99.1051,99.0328,-0.0722
32.239987104,99.1051,99.0331,-0.0719
32.279987088,99.1051,99.0332,-0.0718
32.319987071999996,99.1051,99.0334,-0.0716
32.359987055999994,99.1051,99.0336,-0.0714
32.39998704,99.1051,99.0337,-0.0713
32.439987024,99.1051,99.0339,-0.0711
32.479987007999995,99.1051,99.0341,-0.0709
32.519986992,99.1051,99.0342,-0.0708
32.559986976000005,99.1051,99.0344,-0.0706
32.59998696,99.1051,99.0345,-0.0705
32.639986944,99.1051,99.0347,-0.0703
32.679986928,99.1051,99.0348,-0.0702
32.719986912,99.1051,99.035,-0.07
32.759986896,99.1129,99.0351,-0.0777
32.79998688,99.1129,99.0353,-0.0775
32.839986864,99.1129,99.0355,-0.0774
32.879986847999994,99.1129,99.0356,-0.0772
32.919986832,99.1129,99.0357,-0.0771
32.959986816,99.1129,99.0358,-0.077
32.9999868,99.1129,99.036,-0.0769
33.039986784,99.1129,99.0361,-0.0767
33.079986768000005,99.1129,99.0363,-0.0765
33.119986752,99.1129,99.0365,-0.0764
33.159986736,99.1129,99.0366,-0.0762
33.19998672,99.1129,99.0368,-0.0761
33.239986703999996,99.1129,99.0369,-0.0759
33.279986688,99.1129,99.0372,-0.0757
33.319986672,99.1129,99.0373,-0.0755
33.359986656,99.1129,99.0375,-0.0754
33.399986639999995,99.1129,99.0376,-0.0752
33.439986624,99.1129,99.0377,-0.0751
33.479986608000004,99.1129,99.038,-0.0749
33.519986592,99.1129,99.0381,-0.0747
33.559986576,99.1211,99.0383,-0.0827
33.59998656,99.1211,99.0385,-0.0825
33.639986544,99.1211,99.0386,-0.0824
33.679986528,99.1211,99.0387,-0.0823
33.719986512,99.1211,99.0389,-0.0821
33.759986495999996,99.1211,99.039,-0.082
33.79998648,99.1211,99.0392,-0.0819
33.839986464,99.1211,99.0393,-0.0817
33.879986448,99.1211,99.0395,-0.0816
33.919986431999995,99.1211,99.0396,-0.0814
33.959986416,99.1211,99.0398,-0.0812
33.999986400000004,99.1211,99.0399,-0.0811
34.039986384,99.1211,99.0401,-0.081
34.079986368,99.1211,99.0403,-0.0807
34.119986352,99.1211,99.0404,-0.0806
34.159986336,99.1211,99.0406,-0.0804
34.19998632,99.1211,99.0408,-0.0802
34.239986304,99.1211,99.0409,-0.0801
34.279986287999996,99.1211,99.0411,-0.0799
34.319986272,99.1211,99.0412,-0.0798
34.359986256,99.1296,99.0414,-0.0881
34.39998624,99.1296,99.0416,-0.0879
34.439986223999995,99.1296,99.0417,-0.0878
34.479986208,99.1296,99.0419,-0.0876
34.519986192000005,99.1296,99.042,-0.0875
34.559986176,99.1296,99.0422,-0.0873
34.59998616,99.1296,99.0424,-0.0871
34.639986144,99.1296,99.0426,-0.0869
34.679986128,99.1296,99.0428,-0.0867
34.719986112,99.1296,99.043,-0.0865
34.759986096,99.1296,99.0432,-0.0863
34.79998608,99.1296,99.0433,-0.0862
34.839986063999994,99.1296,99.0435,-0.086
34.879986048,99.1296,99.0437,-0.0858
34.919986032,99.1296,99.0439,-0.0856
34.959986015999995,99.1296,99.0441,-0.0854
34.999986,99.1296,99.0443,-0.0852
35.039985984000005,99.1296,99.0445,-0.085
35.079985968,99.1296,99.0447,-0.0848
35.119985952,99.1296,99.0448,-0.0847
35.159985936,99.1384,99.045,-0.0933
35.19998592,99.1384,99.0452,-0.0932
35.239985904,99.1384,99.0453,-0.093
35.279985888,99.1384,99.0455,-0.0928
35.319985872,99.1384,99.0457,-0.0926
35.359985855999994,99.1384,99.0459,-0.0924
35.39998584,99.1384,99.0461,-0.0923
35.439985824,99.1384,99.0462,-0.0921
35.479985808,99.1384,99.0464,-0.0919
35.519985792,99.1384,99.0466,-0.0917
35.559985776000005,99.1384,99.0468,-0.0916
35.59998576,99.1384,99.047,-0.0914
35.639985744,99.1384,99.0471,-0.0912
35.679985728,99.1384,99.0473,-0.091
35.719985711999996,99.1384,99.0475,-0.0909
35.759985696,99.1384,99.0476,-0.0907
35.79998568,99.1384,99.0478,-0.0905
35.839985664,99.1384,99.048,-0.0903
35.879985647999995,99.1384,99.0483,-0.0901
35.919985632,99.1384,99.0485,-0.0898
35.959985616,99.1475,99.0487,-0.0988
35.9999856,99.1475,99.0489,-0.0986
36.039985584,99.1475,99.0491,-0.0984
36.079985568,99.1475,99.0493,-0.0981
36.119985552,99.1475,99.0495,-0.098
36.159985536,99.1475,99.0498,-0.0977
36.19998552,99.1475,99.05,-0.0975
36.239985503999996,99.1475,99.0501,-0.0973
36.279985488,99.1475,99.0503,-0.0971
36.319985472,99.1475,99.0505,-0.0969
36.359985456,99.1475,99.0507,-0.0967
36.399985439999995,99.1475,99.051,-0.0965
36.439985424,99.1475,99.0512,-0.0963
36.479985408000005,99.1475,99.0514,-0.0961
36.519985392,99.1475,99.0516,-0.0959
36.559985376,99.1475,99.0518,-0.0957
36.59998536,99.1475,99.052,-0.0955
36.639985344,99.1475,99.0523,-0.0952
36.679985328,99.1475,99.0526,-0.0949
36.719985312,99.1475,99.0528,-0.0947
36.759985295999996,99.157,99.0529,-0.104
36.79998528,99.157,99.0532,-0.1037
36.839985264,99.157,99.0534,-0.1035
36.879985248,99.157,99.0537,-0.1033
36.919985231999995,99.157,99.0539,-0.103
36.959985216,99.157,99.0541,-0.1028
36.999985200000005,99.157,99.0544,-0.1026
37.039985184,99.157,99.0546,-0.1023
37.079985168,99.157,99.0549,-0.102
37.119985152,99.157,99.0552,-0.1018
37.159985136,99.157,99.0554,-0.1016
37.19998512,99.157,99.0557,-0.1013
37.239985104,99.157,99.0559,-0.101
37.279985088,99.157,99.0562,-0.1007
37.319985071999994,99.157,99.0564,-0.1005
37.359985056,99.157,99.0567,-0.1002
37.39998504,99.157,99.057,-0.1
37.439985023999995,99.157,99.0572,-0.0998
37.479985008,99.157,99.0575,-0.0995
37.519984992000005,99.157,99.0577,-0.0992
37.559984976,99.1668,99.058,-0.1088
37.59998496,99.1668,99.0582,-0.1085
37.639984944,99.1668,99.0585,-0.1083
37.679984928,99.1668,99.0588,-0.108
37.719984912,99.1668,99.059,-0.1077
37.759984896,99.1668,99.0593,-0.1075
37.79998488,99.1668,99.0596,-0.1072
37.839984863999995,99.1668,99.0598,-0.1069
37.879984848,99.1668,99.06,-0.1067
37.919984832,99.1668,99.0603,-0.1065
37.959984816,99.1668,99.0605,-0.1063
37.9999848,99.1668,99.0608,-0.106
38.039984784000005,99.1668,99.061,-0.1057
38.079984768,99.1668,99.0613,-0.1055
38.119984752,99.1668,99.0615,-0.1053
38.159984736,99.1668,99.0618,-0.105
38.199984719999996,99.1668,99.062,-0.1047
38.239984704,99.1668,99.0623,-0.1044
38.279984688,99.1668,99.0626,-0.1042
38.319984672,99.1668,99.0629,-0.1039
38.359984655999995,99.1769,99.0631,-0.1137
38.39998464,99.1769,99.0634,-0.1134
38.439984624000004,99.1769,99.0637,-0.1132
38.479984608,99.1769,99.064,-0.1129
38.519984592,99.1769,99.0642,-0.1126
38.559984576,99.1769,99.0645,-0.1124
38.59998456,99.1769,99.0648,-0.1121
38.639984544,99.1769,99.0651,-0.1118
38.679984528,99.1769,99.0654,-0.1115
38.719984511999996,99.1769,99.0656,-0.1113
38.759984496,99.1769,99.0659,-0.111
38.79998448,99.1769,99.0662,-0.1107
38.839984464,99.1769,99.0665,-0.1104
38.879984447999995,99.1769,99.0668,-0.1101
38.91998443199999,99.1769,99.0671,-0.1098
38.959984416000005,99.1769,99.0674,-0.1095
38.9999844,99.1769,99.0677,-0.1092
39.039984384,99.1769,99.0679,-0.1089
39.079984368,99.1769,99.0682,-0.1087
39.119984352,99.1769,99.0685,-0.1084
39.159984336,99.1874,99.0688,-0.1186
39.19998432,99.1874,99.0691,-0.1183
39.239984304,99.1874,99.0694,-0.118
39.279984288,99.1874,99.0696,-0.1177
39.319984272,99.1874,99.0699,-0.1174
39.359984256,99.1874,99.0702,-0.1171
39.399984239999995,99.1874,99.0705,-0.1168
39.439984224,99.1874,99.0708,-0.1165
39.479984208000005,99.1874,99.0711,-0.1162
39.519984192,99.1874,99.0714,-0.1159
39.559984176,99.1874,99.0717,-0.1156
39.59998416,99.1874,99.072,-0.1153
39.639984144,99.1874,99.0723,-0.115
39.679984128,99.1874,99.0726,-0.1147
39.719984112,99.1874,99.0729,-0.1145
39.759984096,99.1874,99.0731,-0.1142
39.799984079999994,99.1874,99.0734,-0.1139
39.839984064,99.1874,99.0737,-0.1136
39.879984048,99.1874,99.074,-0.1134
39.919984031999995,99.1874,99.0742,-0.1131
39.959984016,99.1981,99.0745,-0.1235
39.999984000000005,99.1981,99.0747,-0.1233
40.039983984,99.1981,99.075,-0.123
40.079983968,99.1981,99.0753,-0.1228
40.119983952,99.1981,99.0756,-0.1225
40.159983935999996,99.1981,99.0759,-0.1222
40.19998392,99.1981,99.0761,-0.1219
40.239983904,99.1981,99.0764,-0.1217
40.279983888,99.1981,99.0767,-0.1214
40.319983871999995,99.1981,99.077,-0.1211
40.359983856,99.1981,99.0773,-0.1208
40.39998384,99.1981,99.0776,-0.1205
40.439983824,99.1981,99.0778,-0.1202
40.479983808,99.1981,99.0781,-0.12
40.519983792000005,99.1981,99.0784,-0.1197
40.559983776,99.1981,99.0786,-0.1194
40.59998376,99.1981,99.0789,-0.1192
40.639983744,99.1981,99.0792,-0.1189
40.679983727999996,99.1981,99.0794,-0.1187
40.719983712,99.1981,99.0797,-0.1184
40.759983696,99.2092,99.0799,-0.1292
40.79998368,99.2092,99.0802,-0.1289
40.839983663999995,99.2092,99.0805,-0.1286
40.879983648,99.2092,99.0808,-0.1283
40.919983632,99.2092,99.0811,-0.1281
40.959983616,99.2092,99.0814,-0.1278
40.9999836,99.2092,99.0817,-0.1275
41.039983584,99.2092,99.0819,-0.1272
41.079983568,99.2092,99.0822,-0.1269
41.119983552,99.2092,99.0825,-0.1266
41.159983536,99.2092,99.0828,-0.1263
41.199983519999996,99.2092,99.0831,-0.126
41.239983504,99.2092,99.0834,-0.1257
41.279983488,99.2092,99.0837,-0.1254
41.319983472,99.2092,99.084,-0.1251
41.359983455999995,99.2092,99.0843,-0.1248
41.39998343999999,99.2092,99.0846,-0.1245
41.439983424000005,99.2092,99.0849,-0.1242
41.479983408,99.2092,99.0853,-0.1239
41.519983392,99.2092,99.0855,-0.1236
41.559983376,99.2206,99.0859,-0.1346
41.59998336,99.2206,99.0862,-0.1343
41.639983344,99.2206,99.0865,-0.134
41.679983328,99.2206,99.0869,-0.1336
41.719983312,99.2206,99.0872,-0.1333
41.759983296,99.2206,99.0875,-0.133
41.79998328,99.2206,99.0878,-0.1327
41.839983264,99.2206,99.0882,-0.1323
41.879983247999995,99.2206,99.0885,-0.132
41.919983232,99.2206,99.0888,-0.1317
41.959983216000005,99.2206,99.0892,-0.1314
41.9999832,99.2206,99.0895,-0.131
42.039983184,99.2206,99.0898,-0.1307
42.079983168,99.2206,99.0901,-0.1304
42.119983152,99.2206,99.0904,-0.1301
42.159983136,99.2206,99.0907,-0.1298
42.19998312,99.2206,99.0911,-0.1294
42.239983104,99.2206,99.0914,-0.1291
42.279983087999994,99.2206,99.0917,-0.1288
42.319983072,99.2206,99.092,-0.1285
42.359983056,99.2322,99.0923,-0.1398
42.399983039999995,99.2322,99.0927,-0.1395
42.439983024,99.2322,99.093,-0.1392
42.479983008000005,99.2322,99.0933,-0.1389
42.519982992,99.2322,99.0937,-0.1385
42.559982976,99.2322,99.094,-0.1382
42.59998296,99.2322,99.0944,-0.1378
42.639982943999996,99.2322,99.0948,-0.1374
42.679982928,99.2322,99.0951,-0.1371
42.719982912,99.2322,99.0955,-0.1367
42.759982896,99.2322,99.0958,-0.1363
42.799982879999995,99.2322,99.0962,-0.136
42.839982864,99.2322,99.0966,-0.1356
42.879982848,99.2322,99.0969,-0.1353
42.919982832,99.2322,99.0973,-0.1349
42.959982816,99.2322,99.0976,-0.1345
42.999982800000005,99.2322,99.098,-0.1342
43.039982784,99.2322,99.0983,-0.1338
43.079982768,99.2322,99.0987,-0.1335
43.119982752,99.2322,99.0991,-0.1331
43.159982735999996,99.2442,99.0994,-0.1447
43.19998272,99.2442,99.0998,-0.1443
43.239982704,99.2442,99.1002,-0.1439
43.279982688,99.2442,99.1006,-0.1435
43.319982671999995,99.2442,99.101,-0.1432
43.359982656,99.2442,99.1013,-0.1428
43.399982640000005,99.2442,99.1017,-0.1424
43.439982624,99.2442,99.1021,-0.1421
43.479982608,99.2442,99.1024,-0.1417
43.519982592,99.2442,99.1028,-0.1414
43.559982576,99.2442,99.1031,-0.141
43.59998256,99.2442,99.1035,-0.1407
43.639982544,99.2442,99.1038,-0.1403
43.679982528,99.2442,99.1042,-0.1399
43.719982512,99.2442,99.1046,-0.1395
43.759982496,99.2442,99.105,-0.1392
43.79998248,99.2442,99.1054,-0.1388
43.839982463999995,99.2442,99.1057,-0.1384
43.87998244799999,99.2442,99.1061,-0.138
43.919982432000005,99.2442,99.1066,-0.1376
43.959982416,99.2565,99.107,-0.1495
43.9999824,99.2565,99.1073,-0.1491
44.039982384,99.2565,99.1076,-0.1488
44.079982368,99.2565,99.108,-0.1484
44.119982352,99.2565,99.1084,-0.148
44.159982336,99.2565,99.1087,-0.1477
44.19998232,99.2565,99.1091,-0.1473
44.239982303999994,99.2565,99.1095,-0.1469
44.279982288,99.2565,99.1099,-0.1465
44.319982272,99.2565,99.1103,-0.1461
44.359982255999995,99.2565,99.1107,-0.1458
44.39998224,99.2565,99.1111,-0.1453
44.439982224000005,99.2565,99.1115,-0.1449
44.479982208,99.2565,99.1119,-0.1445
44.519982192,99.2565,99.1123,-0.1442
44.559982176,99.2565,99.1126,-0.1438
44.59998216,99.2565,99.113,-0.1434
44.639982144,99.2565,99.1133,-0.1431
44.679982128,99.2565,99.1136,-0.1428
44.719982112,99.2565,99.114,-0.1424
44.759982095999995,99.269,99.1143,-0.1547
44.79998208,99.269,99.1146,-0.1543
44.839982064,99.269,99.115,-0.154
44.879982047999995,99.269,99.1153,-0.1537
44.919982032,99.269,99.1157,-0.1533
44.959982016000005,99.269,99.116,-0.1529
44.999982,99.269,99.1164,-0.1526
45.039981984,99.269,99.1167,-0.1522
45.079981968,99.269,99.1171,-0.1519
45.119981951999996,99.269,99.1174,-0.1515
45.159981936,99.269,99.1177,-0.1512
45.19998192,99.269,99.1181,-0.1508
45.239981904,99.269,99.1185,-0.1505
45.279981887999995,99.269,99.1188,-0.1501
45.319981872,99.269,99.1192,-0.1497
45.359981856,99.269,99.1196,-0.1494
45.39998184,99.269,99.12,-0.149
45.439981824,99.269,99.1204,-0.1486
45.479981808,99.269,99.1208,-0.1482
45.519981792,99.269,99.1212,-0.1478
45.559981776,99.2818,99.1215,-0.1603
45.59998176,99.2818,99.1219,-0.1599
45.639981743999996,99.2818,99.1222,-0.1595
45.679981728,99.2818,99.1226,-0.1592
45.719981712,99.2818,99.123,-0.1588
45.759981696,99.2818,99.1234,-0.1584
45.799981679999995,99.2818,99.1238,-0.158
45.839981664,99.2818,99.1241,-0.1577
45.879981648,99.2818,99.1245,-0.1573
45.919981632,99.2818,99.1248,-0.157
45.959981616,99.2818,99.1252,-0.1565
45.9999816,99.2818,99.1256,-0.1562
46.039981584,99.2818,99.126,-0.1557
46.079981568,99.2818,99.1264,-0.1554
46.119981552,99.2818,99.1268,-0.155
46.159981536,99.2818,99.1271,-0.1547
46.19998152,99.2818,99.1275,-0.1543
46.239981504,99.2818,99.1279,-0.1539
46.279981488,99.2818,99.1283,-0.1535
46.319981471999995,99.2818,99.1287,-0.1531
46.35998145599999,99.2949,99.1291,-0.1658
46.399981440000005,99.2949,99.1295,-0.1654
46.439981424,99.2949,99.1299,-0.165
46.479981408,99.2949,99.1303,-0.1646
46.519981392,99.2949,99.1307,-0.1642
46.559981376,99.2949,99.1311,-0.1638
46.59998136,99.2949,99.1315,-0.1634
46.639981344,99.2949,99.1319,-0.1629
46.679981328,99.2949,99.1324,-0.1625
46.719981311999994,99.2949,99.1328,-0.1621
46.759981296,99.2949,99.1332,-0.1616
46.79998128,99.2949,99.1336,-0.1612
46.839981263999995,99.2949,99.1341,-0.1608
46.879981248,99.2949,99.1345,-0.1604
46.919981232000005,99.2949,99.1348,-0.16
46.959981216,99.2949,99.1352,-0.1596
46.9999812,99.2949,99.1356,-0.1592
47.039981184,99.2949,99.1361,-0.1587
47.079981168,99.2949,99.1366,-0.1583
47.119981152,99.2949,99.137,-0.1579
47.159981136,99.3083,99.1374,-0.1708
47.19998112,99.3083,99.1379,-0.1704
47.239981103999995,99.3083,99.1383,-0.1699
47.279981088,99.3083,99.1388,-0.1695
47.319981072,99.3083,99.1392,-0.1691
47.359981055999995,99.3083,99.1396,-0.1687
47.39998104,99.3083,99.1399,-0.1683
47.439981024000005,99.3083,99.1403,-0.1679
47.479981008,99.3083,99.1407,-0.1675
47.519980992,99.3083,99.1412,-0.1671
47.559980976,99.3083,99.1416,-0.1666
47.599980959999996,99.3083,99.142,-0.1662
47.639980944,99.3083,99.1425,-0.1658
47.679980928,99.3083,99.1429,-0.1654
47.719980912,99.3083,99.1433,-0.1649
47.759980895999995,99.3083,99.1437,-0.1645
47.79998088,99.3083,99.1441,-0.1641
47.839980864,99.3083,99.1446,-0.1637
47.879980848,99.3083,99.145,-0.1632
47.919980832,99.3083,99.1455,-0.1628
47.959980816,99.3219,99.146,-0.1759
47.9999808,99.3219,99.1464,-0.1754
48.039980784,99.3219,99.1469,-0.175
48.079980768,99.3219,99.1473,-0.1746
48.119980752,99.3219,99.1477,-0.1741
48.159980736,99.3219,99.1482,-0.1737
48.19998072,99.3219,99.1485,-0.1733
48.239980704,99.3219,99.1489,-0.1729
48.279980687999995,99.3219,99.1493,-0.1725
48.319980672,99.3219,99.1498,-0.1721
48.359980656000005,99.3219,99.1502,-0.1717
48.39998064,99.3219,99.1506,-0.1712
48.439980624,99.3219,99.1511,-0.1708
48.479980608,99.3219,99.1515,-0.1704
48.519980592,99.3219,99.1519,-0.1699
48.559980576,99.3219,99.1523,-0.1695
48.59998056,99.3219,99.1527,-0.1691
48.639980544,99.3219,99.1532,-0.1687
48.679980528,99.3219,99.1536,-0.1682
48.719980512,99.3219,99.1541,-0.1678
48.759980496,99.3358,99.1545,-0.1812
48.799980479999995,99.3358,99.1549,-0.1808
48.83998046399999,99.3358,99.1554,-0.1803
48.879980448000005,99.3358,99.1558,-0.1799
48.919980432,99.3358,99.1563,-0.1794
48.959980416,99.3358,99.1567,-0.179
48.9999804,99.3358,99.1572,-0.1786
49.039980384,99.3358,99.1576,-0.1781
49.079980368,99.3358,99.1581,-0.1777
49.119980352,99.3358,99.1585,-0.1772
49.159980336,99.3358,99.159,-0.1767
49.199980319999995,99.3358,99.1594,-0.1763
49.239980304,99.3358,99.1599,-0.1758
49.279980288,99.3358,99.1603,-0.1754
49.319980271999995,99.3358,99.1608,-0.1749
49.359980256,99.3358,99.1613,-0.1744
49.399980240000005,99.3358,99.1618,-0.174
49.439980224,99.3358,99.1622,-0.1735
49.479980208,99.3358,99.1626,-0.1731
49.519980192,99.3358,99.163,-0.1727
49.559980176,99.3499,99.1635,-0.1863
49.59998016,99.3499,99.164,-0.1859
49.639980144,99.3499,99.1644,-0.1854
49.679980128,99.3499,99.1649,-0.1849
49.719980111999995,99.3499,99.1654,-0.1845
49.759980096,99.3499,99.1659,-0.1839
49.79998008,99.3499,99.1663,-0.1835
49.839980063999995,99.3499,99.1668,-0.1831
49.879980048,99.3499,99.1672,-0.1826
49.919980032000005,99.3499,99.1677,-0.1821
49.959980016,99.3499,99.1682,-0.1816
49.99998,99.3499,99.1687,-0.1812
50.039979984,99.3499,99.1691,-0.1807
50.079979967999996,99.3499,99.1697,-0.1801
50.119979952,99.3499,99.1702,-0.1797
50.159979936,99.3499,99.1707,-0.1792
50.19997992,99.3499,99.1712,-0.1787
50.239979903999995,99.3499,99.1716,-0.1783
50.279979888,99.3499,99.1721,-0.1777
50.319979872,99.3499,99.1725,-0.1774
50.359979856,99.3642,99.173,-0.1912
50.39997984,99.3642,99.1734,-0.1907
50.439979824,99.3642,99.1739,-0.1903
50.479979808,99.3642,99.1744,-0.1898
50.519979792,99.3642,99.1748,-0.1893
50.559979776,99.3642,99.1753,-0.1888
50.59997976,99.3642,99.1758,-0.1883
50.639979744,99.3642,99.1763,-0.1879
50.679979728,99.3642,99.1768,-0.1873
50.719979712,99.3642,99.1773,-0.1869
50.759979695999995,99.3642,99.1778,-0.1863
50.79997967999999,99.3642,99.1783,-0.1858
50.839979664,99.3642,99.1788,-0.1854
50.879979648,99.3642,99.1793,-0.1848
50.919979632,99.3642,99.1798,-0.1844
50.959979616,99.3642,99.1804,-0.1838
50.9999796,99.3642,99.1809,-0.1833
51.039979584,99.3642,99.1814,-0.1828
51.079979568,99.3642,99.1819,-0.1823
51.119979552,99.3642,99.1824,-0.1818
51.159979536,99.3788,99.1829,-0.1958
51.19997952,99.3788,99.1834,-0.1953
51.239979504,99.3788,99.1839,-0.1948
51.279979487999995,99.3788,99.1845,-0.1942
51.31997947199999,99.3788,99.185,-0.1937
51.359979456000005,99.3788,99.1855,-0.1932
51.39997944,99.3788,99.1861,-0.1926
51.439979424,99.3788,99.1867,-0.1921
51.479979408,99.3788,99.1873,-0.1915
51.519979392,99.3788,99.1878,-0.1909
51.559979376,99.3788,99.1884,-0.1904
51.59997936,99.3788,99.1889,-0.1898
51.639979344,99.3788,99.1894,-0.1893
51.679979327999995,99.3788,99.19,-0.1888
51.719979312,99.3788,99.1905,-0.1882
51.759979296,99.3788,99.1911,-0.1877
51.799979279999995,99.3788,99.1917,-0.1871
51.839979264,99.3788,99.1922,-0.1866
51.879979248000005,99.3788,99.1927,-0.186
51.919979232,99.3788,99.1933,-0.1855
51.959979216,99.3936,99.1938,-0.1997
51.9999792,99.3936,99.1943,-0.1992
52.039979183999996,99.3936,99.1949,-0.1987
52.079979168,99.3936,99.1954,-0.1981
52.119979152,99.3936,99.1959,-0.1976
52.159979136,99.3936,99.1965,-0.197
52.199979119999995,99.3936,99.1971,-0.1965
52.239979104,99.3936,99.1976,-0.1959
52.279979088,99.3936,99.1981,-0.1954
52.319979071999995,99.3936,99.1986,-0.1949
52.359979056,99.3936,99.1992,-0.1943
52.399979040000005,99.3936,99.1998,-0.1938
52.439979024,99.3936,99.2002,-0.1933
52.479979008,99.3936,99.2008,-0.1927
52.519978992,99.3936,99.2014,-0.1921
52.559978976,99.3936,99.2018,-0.1917
52.59997896,99.3936,99.2024,-0.1911
52.639978944,99.3936,99.2029,-0.1906
52.679978928,99.3936,99.2035,-0.19
52.719978911999995,99.3936,99.204,-0.1895
52.759978896,99.4085,99.2045,-0.2039
52.79997888,99.4085,99.2051,-0.2034
52.839978864,99.4085,99.2057,-0.2028
52.879978848,99.4085,99.2062,-0.2023
52.919978832,99.4085,99.2067,-0.2018
52.959978816,99.4085,99.2071,-0.2014
52.9999788,99.4085,99.2077,-0.2008
53.039978784,99.4085,99.2082,-0.2003
53.079978768,99.4085,99.2087,-0.1998
53.119978752,99.4085,99.2092,-0.1993
53.159978736,99.4085,99.2097,-0.1988
53.19997872,99.4085,99.2102,-0.1983
53.239978703999995,99.4085,99.2107,-0.1978
53.27997868799999,99.4085,99.2112,-0.1973
53.319978672000005,99.4085,99.2117,-0.1968
53.359978656,99.4085,99.2122,-0.1963
53.39997864,99.4085,99.2127,-0.1958
53.439978624,99.4085,99.2132,-0.1953
53.479978608,99.4085,99.2137,-0.1948
53.519978592,99.4085,99.2143,-0.1942
53.559978576,99.4237,99.2148,-0.2089
53.59997856,99.4237,99.2153,-0.2083
53.639978544,99.4237,99.2159,-0.2078
53.679978528,99.4237,99.2164,-0.2073
53.719978512,99.4237,99.217,-0.2067
53.759978495999995,99.4237,99.2175,-0.2062
53.79997847999999,99.4237,99.2181,-0.2056
53.839978464000005,99.4237,99.2186,-0.2051
53.879978448,99.4237,99.2191,-0.2046
53.919978432,99.4237,99.2196,-0.204
53.959978416,99.4237,99.2201,-0.2035
53.9999784,99.4237,99.2207,-0.203
54.039978384,99.4237,99.2212,-0.2024
54.079978368,99.4237,99.2217,-0.2019
54.119978352,99.4237,99.2222,-0.2014
54.159978335999995,99.4237,99.2227,-0.2009
54.19997832,99.4237,99.2232,-0.2004
54.239978304,99.4237,99.2237,-0.1999
54.279978287999995,99.4237,99.2243,-0.1994
54.319978272,99.4237,99.2248,-0.1988
54.359978256000005,99.4391,99.2253,-0.2137
54.39997824,99.4391,99.2259,-0.2131
54.439978224,99.4391,99.2264,-0.2126
54.479978208,99.4391,99.227,-0.2121
54.519978191999996,99.4391,99.2275,-0.2115
54.559978176,99.4391,99.228,-0.211
54.59997816,99.4391,99.2285,-0.2105
54.639978144,99.4391,99.2291,-0.2099
54.679978127999995,99.4391,99.2296,-0.2094
54.719978112,99.4391,99.2301,-0.2089
54.759978096,99.4391,99.2306,-0.2084
54.799978079999995,99.4391,99.2312,-0.2078
54.839978064,99.4391,99.2318,-0.2072
54.879978048000005,99.4391,99.2324,-0.2066
54.919978032,99.4391,99.2329,-0.2061
54.959978016,99.4391,99.2334,-0.2056
54.999978,99.4391,99.234,-0.205
55.039977984,99.4391,99.2345,-0.2045
55.079977968,99.4391,99.2351,-0.2039
55.119977952,99.4391,99.2357,-0.2033
55.159977936,99.4546,99.2362,-0.2183
55.199977919999995,99.4546,99.2368,-0.2177
55.239977904,99.4546,99.2374,-0.2171
55.279977888,99.4546,99.238,-0.2165
55.319977872,99.4546,99.2386,-0.2159
55.359977856,99.4546,99.2392,-0.2153
55.39997784,99.4546,99.2398,-0.2148
55.439977824,99.4546,99.2403,-0.2142
55.479977808,99.4546,99.2409,-0.2137
55.519977792,99.4546,99.2414,-0.2131
55.559977776,99.4546,99.2419,-0.2126
55.59997776,99.4546,99.2425,-0.212
55.639977744,99.4546,99.2431,-0.2115
55.679977728,99.4546,99.2436,-0.2109
55.719977711999995,99.4546,99.2442,-0.2103
55.75997769599999,99.4546,99.2448,-0.2098
55.79997768,99.4546,99.2453,-0.2092
55.839977664,99.4546,99.2459,-0.2086
55.879977648,99.4546,99.2465,-0.2081
55.919977632,99.4546,99.2471,-0.2074
55.959977616,99.4703,99.2476,-0.2226
55.9999776,99.4703,99.2482,-0.222
56.039977584,99.4703,99.2488,-0.2214
56.079977568,99.4703,99.2494,-0.2209
56.119977551999995,99.4703,99.25,-0.2202
56.159977536,99.4703,99.2506,-0.2196
56.19997752,99.4703,99.2512,-0.219
56.239977503999995,99.4703,99.2518,-0.2184
56.27997748799999,99.4703,99.2524,-0.2178
56.319977472000005,99.4703,99.253,-0.2172
56.359977456,99.4703,99.2536,-0.2166
56.39997744,99.4703,99.2542,-0.216
56.439977424,99.4703,99.2549,-0.2154
56.479977408,99.4703,99.2555,-0.2148
56.519977392,99.4703,99.2561,-0.2141
56.559977376,99.4703,99.2567,-0.2135
56.59997736,99.4703,99.2573,-0.213
56.639977343999995,99.4703,99.2579,-0.2123
56.679977328,99.4703,99.2585,-0.2117
56.719977312,99.4703,99.2591,-0.2111
56.759977295999995,99.4861,99.2598,-0.2263
56.79997728,99.4861,99.2604,-0.2256
56.839977264000005,99.4861,99.261,-0.225
56.879977248,99.4861,99.2616,-0.2244
56.919977232,99.4861,99.2623,-0.2238
56.959977216,99.4861,99.2629,-0.2231
56.9999772,99.4861,99.2635,-0.2225
57.039977184,99.4861,99.2642,-0.2218
57.079977168,99.4861,99.2648,-0.2212
57.119977152,99.4861,99.2655,-0.2206
57.159977135999995,99.4861,99.2661,-0.2199
57.19997712,99.4861,99.2668,-0.2193
57.239977104,99.4861,99.2674,-0.2187
57.279977087999995,99.4861,99.268,-0.218
57.319977072,99.4861,99.2687,-0.2174
57.359977056,99.4861,99.2693,-0.2167
57.39997704,99.4861,99.27,-0.2161
57.439977024,99.4861,99.2706,-0.2154
57.479977008,99.4861,99.2712,-0.2148
57.519976992,99.4861,99.2719,-0.2141
57.559976976,99.5021,99.2726,-0.2294
57.59997696,99.5021,99.2732,-0.2288
57.639976944,99.5021,99.2739,-0.2281
57.679976927999995,99.5021,99.2745,-0.2275
57.719976912,99.5021,99.2751,-0.2269
57.759976896,99.5021,99.2758,-0.2262
57.79997688,99.5021,99.2764,-0.2256
57.839976864,99.5021,99.2771,-0.2249
57.879976848,99.5021,99.2777,-0.2243
57.919976832,99.5021,99.2784,-0.2236
57.959976816,99.5021,99.279,-0.223
57.9999768,99.5021,99.2796,-0.2224
58.039976784,99.5021,99.2803,-0.2217
58.079976768,99.5021,99.281,-0.221
58.119976752,99.5021,99.2816,-0.2204
58.159976736,99.5021,99.2823,-0.2197
58.199976719999995,99.5021,99.283,-0.219
58.23997670399999,99.5021,99.2837,-0.2183
58.279976688000005,99.5021,99.2843,-0.2177
58.319976672,99.5021,99.285,-0.217
58.359976656,99.5182,99.2856,-0.2325
58.39997664,99.5182,99.2863,-0.2318
58.439976624,99.5182,99.2869,-0.2312
58.479976608,99.5182,99.2875,-0.2306
58.519976592,99.5182,99.2881,-0.23
58.559976576,99.5182,99.2887,-0.2294
58.599976559999995,99.5182,99.2893,-0.2288
58.639976544,99.5182,99.29,-0.2281
58.679976528,99.5182,99.2906,-0.2275
58.719976511999995,99.5182,99.2913,-0.2268
58.75997649599999,99.5182,99.292,-0.2261
58.799976480000005,99.5182,99.2926,-0.2255
58.839976464,99.5182,99.2932,-0.2249
58.879976448,99.5182,99.2939,-0.2242
58.919976432,99.5182,99.2946,-0.2235
58.959976416,99.5182,99.2952,-0.2229
58.9999764,99.5182,99.2959,-0.2222
59.039976384,99.5182,99.2966,-0.2216
59.079976368,99.5182,99.2972,-0.2209
59.119976351999995,99.5182,99.2978,-0.2203
59.159976336,99.5344,99.2985,-0.2359
59.19997632,99.5344,99.2991,-0.2352
59.239976303999995,99.5344,99.2998,-0.2346
59.279976288,99.5344,99.3004,-0.2339
59.319976272000005,99.5344,99.3011,-0.2332
59.359976256,99.5344,99.3017,-0.2326
59.39997624,99.5344,99.3024,-0.2319
59.439976224,99.5344,99.303,-0.2313
59.479976208,99.5344,99.3037,-0.2306
59.519976192,99.5344,99.3043,-0.23
59.559976176,99.5344,99.305,-0.2293
59.59997616,99.5344,99.3056,-0.2287
59.639976143999995,99.5344,99.3062,-0.2281
59.679976128,99.5344,99.3069,-0.2274
59.719976112,99.5344,99.3075,-0.2268
59.759976095999995,99.5344,99.3082,-0.2261
59.79997608,99.5344,99.3089,-0.2254
59.839976064,99.5344,99.3095,-0.2248
59.879976048,99.5344,99.3102,-0.2241
59.919976032,99.5344,99.3108,-0.2235
59.959976016,99.5507,99.3115,-0.2392
59.999976,99.5507,99.312,-0.2386
60.039975984,99.5507,99.3127,-0.2379
60.079975968,99.5507,99.3134,-0.2372
60.119975952,99.5507,99.314,-0.2366
60.159975935999995,99.5507,99.3146,-0.236
60.19997592,99.5507,99.3153,-0.2353
60.239975904,99.5507,99.3159,-0.2347
60.279975888,99.5507,99.3166,-0.2341
60.319975872,99.5507,99.3172,-0.2334
60.359975856,99.5507,99.3178,-0.2328
60.39997584,99.5507,99.3185,-0.2321
60.439975824,99.5507,99.3191,-0.2315
60.479975808,99.5507,99.3198,-0.2308
60.519975792,99.5507,99.3205,-0.2302
60.559975776,99.5507,99.3211,-0.2295
60.59997576,99.5507,99.3218,-0.2289
60.639975744,99.5507,99.3224,-0.2282
60.679975727999995,99.5507,99.3231,-0.2276
60.71997571199999,99.5507,99.3237,-0.2269
60.759975696,99.5671,99.3244,-0.2427
60.79997568,99.5671,99.325,-0.242
60.839975664,99.5671,99.3256,-0.2414
60.879975648,99.5671,99.3263,-0.2407
60.919975632,99.5671,99.327,-0.2401
60.959975616,99.5671,99.3276,-0.2394
60.9999756,99.5671,99.3283,-0.2387
61.039975584,99.5671,99.329,-0.2381
61.079975567999995,99.5671,99.3296,-0.2374
61.119975552,99.5671,99.3302,-0.2368
61.159975536,99.5671,99.3309,-0.2361
61.199975519999995,99.5671,99.3315,-0.2355
61.23997550399999,99.5671,99.3322,-0.2349
61.279975488000005,99.5671,99.3328,-0.2342
61.319975472,99.5671,99.3334,-0.2336
61.359975456,99.5671,99.334,-0.233
61.39997544,99.5671,99.3346,-0.2324
61.439975424,99.5671,99.3352,-0.2318
61.479975408,99.5671,99.3358,-0.2312
61.519975392,99.5671,99.3364,-0.2306
61.559975376,99.5835,99.3371,-0.2464
61.599975359999995,99.5835,99.3377,-0.2458
61.639975344,99.5835,99.3384,-0.2451
61.679975328,99.5835,99.339,-0.2445
61.719975311999995,99.5835,99.3397,-0.2438
61.759975296,99.5835,99.3403,-0.2432
61.799975280000005,99.5835,99.341,-0.2425
61.839975264,99.5835,99.3417,-0.2418
61.879975248,99.5835,99.3423,-0.2412
61.919975232,99.5835,99.343,-0.2405
61.959975216,99.5835,99.3437,-0.2398
61.9999752,99.5835,99.3443,-0.2391
62.039975184,99.5835,99.345,-0.2385
62.079975168,99.5835,99.3457,-0.2378
62.119975151999995,99.5835,99.3463,-0.2372
62.159975136,99.5835,99.3469,-0.2366
62.19997512,99.5835,99.3476,-0.2359
62.239975103999996,99.5835,99.3482,-0.2352
62.279975088,99.5835,99.3489,-0.2346
62.319975072,99.5835,99.3496,-0.2339
62.359975056,99.6001,99.3502,-0.2498
62.39997504,99.6001,99.3509,-0.2491
62.439975024,99.6001,99.3516,-0.2484
62.479975008,99.6001,99.3522,-0.2478
62.519974992,99.6001,99.3529,-0.2471
62.55997497599999,99.6001,99.3536,-0.2464
62.59997496,99.6001,99.3543,-0.2458
62.639974944,99.6001,99.355,-0.2451
62.67997492799999,99.6001,99.3556,-0.2444
62.719974912,99.6001,99.3563,-0.2437
62.759974895999996,99.6001,99.357,-0.243
62.79997488,99.6001,99.3577,-0.2424
62.839974864000006,99.6001,99.3584,-0.2416
62.879974847999996,99.6001,99.3591,-0.241
62.919974832,99.6001,99.3597,-0.2403
62.959974816000006,99.6001,99.3604,-0.2396
62.9999748,99.6001,99.3611,-0.2389
63.039974784,99.6001,99.3618,-0.2382
63.07997476799999,99.6001,99.3625,-0.2375
63.119974752,99.6001,99.3632,-0.2368
63.159974736,99.6167,99.3639,-0.2527
63.19997471999999,99.6167,99.3646,-0.252
63.239974704000005,99.6167,99.3653,-0.2513
63.279974687999996,99.6167,99.366,-0.2506
63.319974672,99.6167,99.3668,-0.2499
63.359974656000006,99.6167,99.3675,-0.2492
63.399974639999996,99.6167,99.3682,-0.2485
63.439974624,99.6167,99.3689,-0.2477
63.479974608000006,99.6167,99.3696,-0.2471
63.519974592,99.6167,99.3703,-0.2463
63.559974576,99.6167,99.3709,-0.2457
63.59997455999999,99.6167,99.3716,-0.245
63.639974544,99.6167,99.3724,-0.2442
63.679974528,99.6167,99.373,-0.2436
63.71997451199999,99.6167,99.3737,-0.2429
63.759974496000005,99.6167,99.3745,-0.2421
63.799974479999996,99.6167,99.3752,-0.2414
63.839974464,99.6167,99.3759,-0.2407
63.879974448000006,99.6167,99.3766,-0.24
63.919974432,99.6167,99.3773,-0.2393
63.959974416,99.6333,99.3781,-0.2552
63.99997439999999,99.6333,99.3788,-0.2545
64.039974384,99.6333,99.3795,-0.2537
64.07997436800001,99.6333,99.3802,-0.253
64.119974352,99.6333,99.3809,-0.2523
64.159974336,99.6333,99.3816,-0.2516
64.19997432000001,99.6333,99.3824,-0.2509
64.239974304,99.6333,99.3831,-0.2501
64.279974288,99.6333,99.3838,-0.2494
64.319974272,99.6333,99.3846,-0.2487
64.359974256,99.6333,99.3853,-0.2479
64.39997424,99.6333,99.3861,-0.2472
64.439974224,99.6333,99.3868,-0.2465
64.479974208,99.6333,99.3875,-0.2457
64.51997419199999,99.6333,99.3883,-0.245
64.559974176,99.6333,99.389,-0.2442
64.59997416,99.6333,99.3897,-0.2435
64.63997414399999,99.6333,99.3905,-0.2427
64.679974128,99.6333,99.3912,-0.242
64.71997411199999,99.6333,99.392,-0.2412
64.759974096,99.65,99.3927,-0.2572
64.79997408,99.65,99.3935,-0.2564
64.83997406399999,99.65,99.3942,-0.2557
64.879974048,99.65,99.395,-0.2549
64.919974032,99.65,99.3957,-0.2542
64.95997401599999,99.65,99.3964,-0.2535
64.99997400000001,99.65,99.3971,-0.2528
65.039973984,99.65,99.3979,-0.252
65.079973968,99.65,99.3987,-0.2512
65.11997395200001,99.65,99.3994,-0.2505
65.159973936,99.65,99.4002,-0.2497
65.19997392,99.65,99.4009,-0.249
65.239973904,99.65,99.4017,-0.2482
65.279973888,99.65,99.4024,-0.2475
65.319973872,99.65,99.4032,-0.2467
65.359973856,99.65,99.4039,-0.246
65.39997384,99.65,99.4047,-0.2452
65.439973824,99.65,99.4054,-0.2445
65.479973808,99.65,99.4062,-0.2437
65.519973792,99.65,99.4069,-0.243
65.55997377599999,99.6666,99.4076,-0.259
65.59997376,99.6666,99.4083,-0.2582
65.639973744,99.6666,99.4091,-0.2575
65.679973728,99.6666,99.4098,-0.2567
65.719973712,99.6666,99.4106,-0.256
65.75997369599999,99.6666,99.4113,-0.2552
65.79997368,99.6666,99.4121,-0.2545
65.839973664,99.6666,99.4128,-0.2537
65.87997364799999,99.6666,99.4136,-0.253
65.919973632,99.6666,99.4144,-0.2522
65.959973616,99.6666,99.4151,-0.2514
65.9999736,99.6666,99.4159,-0.2507
66.03997358400001,99.6666,99.4166,-0.2499
66.079973568,99.6666,99.4174,-0.2491
66.119973552,99.6666,99.4182,-0.2484
66.15997353600001,99.6666,99.419,-0.2476
66.19997352,99.6666,99.4197,-0.2469
66.239973504,99.6666,99.4204,-0.2461
66.279973488,99.6666,99.4212,-0.2453
66.319973472,99.6666,99.422,-0.2446
66.359973456,99.6837,99.4227,-0.261
66.39997344,99.6837,99.4234,-0.2602
66.439973424,99.6837,99.4241,-0.2595
66.47997340799999,99.6837,99.4249,-0.2588
66.519973392,99.6837,99.4256,-0.2581
66.559973376,99.6837,99.4263,-0.2573
66.59997335999999,99.6837,99.4271,-0.2566
66.639973344,99.6837,99.4278,-0.2558
66.679973328,99.6837,99.4286,-0.255
66.719973312,99.6837,99.4293,-0.2543
66.759973296,99.6837,99.4301,-0.2535
66.79997327999999,99.6837,99.4309,-0.2528
66.839973264,99.6837,99.4316,-0.2521
66.879973248,99.6837,99.4323,-0.2513
66.91997323199999,99.6837,99.4331,-0.2506
66.95997321600001,99.6837,99.4338,-0.2499
66.9999732,99.6837,99.4345,-0.2491
67.039973184,99.6837,99.4352,-0.2484
67.07997316800001,99.6837,99.4359,-0.2477
67.119973152,99.6837,99.4367,-0.247
67.159973136,99.7008,99.4374,-0.2634
67.19997312,99.7008,99.4381,-0.2627
67.239973104,99.7008,99.4388,-0.262
67.279973088,99.7008,99.4395,-0.2612
67.319973072,99.7008,99.4403,-0.2604
67.359973056,99.7008,99.441,-0.2597
67.39997304,99.7008,99.4417,-0.259
67.439973024,99.7008,99.4424,-0.2583
67.479973008,99.7008,99.4432,-0.2575
67.51997299199999,99.7008,99.4439,-0.2568
67.559972976,99.7008,99.4447,-0.2561
67.59997296,99.7008,99.4454,-0.2554
67.639972944,99.7008,99.4461,-0.2546
67.679972928,99.7008,99.4468,-0.2539
67.71997291199999,99.7008,99.4476,-0.2532
67.759972896,99.7008,99.4483,-0.2525
67.79997288,99.7008,99.449,-0.2517
67.83997286399999,99.7008,99.4498,-0.251
67.879972848,99.7008,99.4505,-0.2503
67.919972832,99.7008,99.4512,-0.2495
67.959972816,99.7179,99.4519,-0.2659
67.99997280000001,99.7179,99.4526,-0.2652
68.039972784,99.7179,99.4533,-0.2645
68.079972768,99.7179,99.454,-0.2638
68.11997275200001,99.7179,99.4547,-0.2632
68.159972736,99.7179,99.4554,-0.2625
68.19997272,99.7179,99.4561,-0.2618
68.239972704,99.7179,99.4567,-0.2611
68.279972688,99.7179,99.4574,-0.2604
68.319972672,99.7179,99.4581,-0.2598
68.359972656,99.7179,99.4588,-0.2591
68.39997264,99.7179,99.4594,-0.2584
68.43997262399999,99.7179,99.4601,-0.2577
68.479972608,99.7179,99.4608,-0.257
68.519972592,99.7179,99.4615,-0.2563
68.55997257599999,99.7179,99.4622,-0.2556
68.59997256,99.7179,99.4629,-0.2549
68.639972544,99.7179,99.4637,-0.2542
68.679972528,99.7179,99.4644,-0.2534
68.719972512,99.7179,99.4651,-0.2527
68.75997249599999,99.735,99.4659,-0.269
68.79997248,99.735,99.4667,-0.2683
68.839972464,99.735,99.4674,-0.2676
68.87997244799999,99.735,99.4681,-0.2669
68.919972432,99.735,99.4688,-0.2661
68.959972416,99.735,99.4695,-0.2654
68.9999724,99.735,99.4702,-0.2647
69.03997238400001,99.735,99.4709,-0.264
69.079972368,99.735,99.4716,-0.2633
69.119972352,99.735,99.4722,-0.2627
69.15997233600001,99.735,99.473,-0.262
69.19997232,99.735,99.4737,-0.2613
69.239972304,99.735,99.4744,-0.2606
69.279972288,99.735,99.4751,-0.2599
69.319972272,99.735,99.4758,-0.2592
69.359972256,99.735,99.4765,-0.2584
69.39997224,99.735,99.4772,-0.2577
69.439972224,99.735,99.4779,-0.257
69.47997220799999,99.735,99.4786,-0.2563
69.519972192,99.735,99.4793,-0.2556
69.559972176,99.7521,99.4801,-0.2719
69.59997216,99.7521,99.4808,-0.2712
69.639972144,99.7521,99.4816,-0.2704
69.67997212799999,99.7521,99.4823,-0.2697
69.719972112,99.7521,99.4831,-0.269
69.759972096,99.7521,99.4838,-0.2682
69.79997207999999,99.7521,99.4845,-0.2675
69.839972064,99.7521,99.4853,-0.2668
69.879972048,99.7521,99.486,-0.266
69.91997203199999,99.7521,99.4867,-0.2653
69.95997201600001,99.7521,99.4875,-0.2646
69.999972,99.7521,99.4882,-0.2639
70.039971984,99.7521,99.489,-0.2631
70.07997196800001,99.7521,99.4897,-0.2623
70.119971952,99.7521,99.4904,-0.2616
70.159971936,99.7521,99.4912,-0.2608
70.19997192,99.7521,99.492,-0.2601
70.239971904,99.7521,99.4928,-0.2593
70.279971888,99.7521,99.4935,-0.2585
70.319971872,99.7521,99.4942,-0.2578
70.359971856,99.7692,99.495,-0.2741
70.39997184,99.7692,99.4958,-0.2733
70.439971824,99.7692,99.4966,-0.2725
70.479971808,99.7692,99.4973,-0.2718
70.51997179199999,99.7692,99.4981,-0.271
70.559971776,99.7692,99.4989,-0.2702
70.59997176,99.7692,99.4996,-0.2695
70.639971744,99.7692,99.5004,-0.2687
70.679971728,99.7692,99.5011,-0.268
70.71997171199999,99.7692,99.5019,-0.2672
70.759971696,99.7692,99.5027,-0.2664
70.79997168,99.7692,99.5034,-0.2657
70.83997166399999,99.7692,99.5042,-0.2649
70.879971648,99.7692,99.505,-0.2642
70.919971632,99.7692,99.5057,-0.2634
70.959971616,99.7692,99.5065,-0.2626
70.99997160000001,99.7692,99.5072,-0.2619
71.039971584,99.7692,99.508,-0.2611
71.079971568,99.7692,99.5088,-0.2604
71.11997155200001,99.7692,99.5095,-0.2596
71.159971536,99.7863,99.5103,-0.2759
71.19997152,99.7863,99.5111,-0.2751
71.239971504,99.7863,99.512,-0.2742
71.279971488,99.7863,99.5128,-0.2734
71.319971472,99.7863,99.5136,-0.2726
71.359971456,99.7863,99.5145,-0.2717
71.39997144,99.7863,99.5153,-0.2709
71.43997142399999,99.7863,99.5161,-0.2701
71.479971408,99.7863,99.5169,-0.2693
71.519971392,99.7863,99.5177,-0.2685
71.559971376,99.7863,99.5185,-0.2678
71.59997136,99.7863,99.5192,-0.267
71.639971344,99.7863,99.5201,-0.2661
71.679971328,99.7863,99.5208,-0.2654
71.719971312,99.7863,99.5216,-0.2646
71.75997129599999,99.7863,99.5225,-0.2637
71.79997128,99.7863,99.5233,-0.2629
71.839971264,99.7863,99.5241,-0.2622
71.87997124799999,99.7863,99.5248,-0.2614
71.919971232,99.7863,99.5256,-0.2606
71.959971216,99.8034,99.5264,-0.2769
71.9999712,99.8034,99.5272,-0.2761
72.03997118400001,99.8034,99.5279,-0.2754
72.079971168,99.8034,99.5288,-0.2745
72.119971152,99.8034,99.5295,-0.2738
72.159971136,99.8034,99.5304,-0.2729
72.19997112,99.8034,99.5312,-0.2721
72.239971104,99.8034,99.532,-0.2713
72.279971088,99.8034,99.5329,-0.2705
72.319971072,99.8034,99.5336,-0.2697
72.359971056,99.8034,99.5345,-0.2688
72.39997104,99.8034,99.5352,-0.2681
72.439971024,99.8034,99.536,-0.2673
72.47997100799999,99.8034,99.5368,-0.2665
72.519970992,99.8034,99.5376,-0.2657
72.559970976,99.8034,99.5384,-0.2649
72.59997096,99.8034,99.5392,-0.2641
72.639970944,99.8034,99.54,-0.2633
72.67997092799999,99.8034,99.5408,-0.2625
72.719970912,99.8034,99.5416,-0.2617
72.759970896,99.8205,99.5425,-0.2779
72.79997087999999,99.8205,99.5433,-0.2771
72.839970864,99.8205,99.544,-0.2764
72.879970848,99.8205,99.5448,-0.2756
72.919970832,99.8205,99.5456,-0.2748
72.95997081600001,99.8205,99.5464,-0.274
72.9999708,99.8205,99.5472,-0.2732
73.039970784,99.8205,99.5481,-0.2723
73.07997076800001,99.8205,99.5488,-0.2716
73.119970752,99.8205,99.5496,-0.2708
73.159970736,99.8205,99.5505,-0.2699
73.19997072,99.8205,99.5513,-0.2691
73.239970704,99.8205,99.5521,-0.2683
73.279970688,99.8205,99.5529,-0.2675
73.319970672,99.8205,99.5537,-0.2667
73.359970656,99.8205,99.5545,-0.2659
73.39997063999999,99.8205,99.5553,-0.2651
73.439970624,99.8205,99.5561,-0.2643
73.479970608,99.8205,99.5568,-0.2636
73.51997059199999,99.8205,99.5577,-0.2628
73.559970576,99.8375,99.5584,-0.2791
73.59997056,99.8375,99.5592,-0.2783
73.639970544,99.8375,99.56,-0.2775
73.679970528,99.8375,99.5608,-0.2767
73.71997051199999,99.8375,99.5616,-0.2759
73.759970496,99.8375,99.5624,-0.2751
73.79997048,99.8375,99.5632,-0.2743
73.83997046399999,99.8375,99.564,-0.2735
73.879970448,99.8375,99.5647,-0.2727
73.919970432,99.8375,99.5656,-0.2719
73.959970416,99.8375,99.5664,-0.2711
73.99997040000001,99.8375,99.5672,-0.2703
74.039970384,99.8375,99.568,-0.2695
74.079970368,99.8375,99.5688,-0.2687
74.11997035200001,99.8375,99.5696,-0.2679
74.159970336,99.8375,99.5704,-0.2671
74.19997032,99.8375,99.5712,-0.2663
74.239970304,99.8375,99.572,-0.2655
74.279970288,99.8375,99.5728,-0.2646
74.319970272,99.8375,99.5736,-0.2639
74.359970256,99.8546,99.5744,-0.2802
74.39997024,99.8546,99.5752,-0.2794
74.43997022399999,99.8546,99.576,-0.2786
74.479970208,99.8546,99.5768,-0.2778
74.519970192,99.8546,99.5776,-0.277
74.559970176,99.8546,99.5784,-0.2762
74.59997016,99.8546,99.5791,-0.2755
74.63997014399999,99.8546,99.5799,-0.2746
74.679970128,99.8546,99.5808,-0.2738
74.719970112,99.8546,99.5816,-0.273
74.75997009599999,99.8546,99.5824,-0.2722
74.79997008,99.8546,99.5832,-0.2714
74.839970064,99.8546,99.584,-0.2706
74.87997004799999,99.8546,99.5849,-0.2697
74.91997003200001,99.8546,99.5857,-0.2689
74.959970016,99.8546,99.5864,-0.2682
74.99997,99.8546,99.5873,-0.2673
75.03996998400001,99.8546,99.5881,-0.2665
75.079969968,99.8546,99.5889,-0.2657
75.119969952,99.8546,99.5897,-0.2649
75.159969936,99.8717,99.5905,-0.2812
75.19996992,99.8717,99.5913,-0.2804
75.239969904,99.8717,99.5921,-0.2796
75.279969888,99.8717,99.5929,-0.2788
75.319969872,99.8717,99.5937,-0.278
75.359969856,99.8717,99.5945,-0.2772
75.39996984,99.8717,99.5953,-0.2764
75.439969824,99.8717,99.5961,-0.2756
75.47996980799999,99.8717,99.5969,-0.2748
75.519969792,99.8717,99.5977,-0.274
75.559969776,99.8717,99.5985,-0.2732
75.59996976,99.8717,99.5993,-0.2724
75.639969744,99.8717,99.6002,-0.2715
75.67996972799999,99.8717,99.601,-0.2707
75.719969712,99.8717,99.6018,-0.2699
75.759969696,99.8717,99.6025,-0.2691
75.79996967999999,99.8717,99.6034,-0.2683
75.839969664,99.8717,99.6041,-0.2675
75.879969648,99.8717,99.6049,-0.2667
75.919969632,99.8717,99.6057,-0.266
75.95996961600001,99.8888,99.6066,-0.2822
75.9999696,99.8888,99.6074,-0.2814
76.039969584,99.8888,99.6082,-0.2806
76.07996956800001,99.8888,99.6091,-0.2797
76.119969552,99.8888,99.6098,-0.2789
76.159969536,99.8888,99.6107,-0.2781
76.19996952,99.8888,99.6115,-0.2773
76.239969504,99.8888,99.6123,-0.2765
76.279969488,99.8888,99.6131,-0.2757
76.319969472,99.8888,99.6139,-0.2749
76.359969456,99.8888,99.6147,-0.2741
76.39996943999999,99.8888,99.6155,-0.2733
76.439969424,99.8888,99.6163,-0.2725
76.479969408,99.8888,99.6172,-0.2716
76.519969392,99.8888,99.6179,-0.2708
76.559969376,99.8888,99.6188,-0.27
76.59996935999999,99.8888,99.6196,-0.2692
76.639969344,99.8888,99.6204,-0.2684
76.679969328,99.8888,99.6213,-0.2675
76.71996931199999,99.8888,99.6221,-0.2667
76.759969296,99.9059,99.6229,-0.2829
76.79996928,99.9059,99.6238,-0.2821
76.83996926399999,99.9059,99.6246,-0.2812
76.87996924800001,99.9059,99.6255,-0.2804
76.919969232,99.9059,99.6263,-0.2796
76.959969216,99.9059,99.6271,-0.2787
76.99996920000001,99.9059,99.628,-0.2779
77.039969184,99.9059,99.6288,-0.2771
77.079969168,99.9059,99.6296,-0.2762
77.119969152,99.9059,99.6304,-0.2754
77.159969136,99.9059,99.6313,-0.2746
77.19996912,99.9059,99.6321,-0.2737
77.239969104,99.9059,99.6329,-0.2729
77.279969088,99.9059,99.6338,-0.272
77.319969072,99.9059,99.6346,-0.2712
77.359969056,99.9059,99.6355,-0.2704
77.39996904,99.9059,99.6363,-0.2695
77.43996902399999,99.9059,99.6371,-0.2687
77.479969008,99.9059,99.638,-0.2679
77.519968992,99.9059,99.6389,-0.267
77.559968976,99.923,99.6397,-0.2833
77.59996896,99.923,99.6406,-0.2824
77.63996894399999,99.923,99.6413,-0.2816
77.679968928,99.923,99.6422,-0.2808
77.719968912,99.923,99.643,-0.28
77.75996889599999,99.923,99.6438,-0.2791
77.79996888,99.923,99.6447,-0.2783
77.83996886399999,99.923,99.6455,-0.2774
77.879968848,99.923,99.6464,-0.2765
77.91996883200001,99.923,99.6473,-0.2757
77.959968816,99.923,99.6481,-0.2749
77.9999688,99.923,99.649,-0.274
78.03996878400001,99.923,99.6498,-0.2731
78.079968768,99.923,99.6507,-0.2722
78.119968752,99.923,99.6516,-0.2714
78.159968736,99.923,99.6525,-0.2705
78.19996872,99.923,99.6533,-0.2697
78.239968704,99.923,99.6541,-0.2689
78.279968688,99.923,99.655,-0.268
78.319968672,99.923,99.6559,-0.2671
78.35996865599999,99.9401,99.6567,-0.2834
78.39996864,99.9401,99.6576,-0.2825
78.439968624,99.9401,99.6584,-0.2817
78.479968608,99.9401,99.6593,-0.2807
78.519968592,99.9401,99.6602,-0.2799
78.559968576,99.9401,99.661,-0.279
78.59996856,99.9401,99.6619,-0.2781
78.639968544,99.9401,99.6628,-0.2773
78.67996852799999,99.9401,99.6637,-0.2764
78.719968512,99.9401,99.6645,-0.2755
78.759968496,99.9401,99.6654,-0.2747
78.79996847999999,99.9401,99.6663,-0.2738
78.839968464,99.9401,99.6671,-0.2729
78.879968448,99.9401,99.668,-0.272
78.919968432,99.9401,99.6689,-0.2711
78.95996841600001,99.9401,99.6698,-0.2703
78.9999684,99.9401,99.6707,-0.2694
79.039968384,99.9401,99.6715,-0.2686
79.079968368,99.9401,99.6724,-0.2677
79.119968352,99.9401,99.6732,-0.2668
79.159968336,99.9572,99.6741,-0.2831
79.19996832,99.9572,99.675,-0.2822
79.239968304,99.9572,99.6758,-0.2814
79.279968288,99.9572,99.6766,-0.2805
79.319968272,99.9572,99.6775,-0.2797
79.359968256,99.9572,99.6784,-0.2788
79.39996823999999,99.9572,99.6792,-0.2779
79.439968224,99.9572,99.6801,-0.2771
79.479968208,99.9572,99.6809,-0.2762
79.519968192,99.9572,99.6818,-0.2753
79.559968176,99.9572,99.6827,-0.2745
79.59996815999999,99.9572,99.6836,-0.2736
79.639968144,99.9572,99.6844,-0.2727
79.679968128,99.9572,99.6853,-0.2719
79.71996811199999,99.9572,99.6862,-0.271
79.759968096,99.9572,99.687,-0.2701
79.79996808,99.9572,99.6879,-0.2693
79.83996806399999,99.9572,99.6887,-0.2684
79.87996804800001,99.9572,99.6896,-0.2676
79.919968032,99.9572,99.6905,-0.2667
79.959968016,99.9743,99.6913,-0.2829
79.99996800000001,99.9743,99.6922,-0.282
80.039967984,99.9743,99.6931,-0.2812
80.079967968,99.9743,99.6939,-0.2803
80.119967952,99.9743,99.6947,-0.2795
80.159967936,99.9743,99.6956,-0.2787
80.19996792,99.9743,99.6964,-0.2778
80.239967904,99.9743,99.6972,-0.277
80.279967888,99.9743,99.6981,-0.2762
80.31996787199999,99.9743,99.699,-0.2753
80.359967856,99.9743,99.6998,-0.2745
80.39996784,99.9743,99.7006,-0.2736
80.439967824,99.9743,99.7015,-0.2728
80.479967808,99.9743,99.7023,-0.2719
80.519967792,99.9743,99.7032,-0.2711
80.559967776,99.9743,99.704,-0.2702
80.59996776,99.9743,99.7049,-0.2694
80.63996774399999,99.9743,99.7058,-0.2685
80.679967728,99.9743,99.7066,-0.2676
80.719967712,99.9743,99.7074,-0.2668
80.75996769599999,99.9914,99.7083,-0.2831
80.79996768,99.9914,99.7091,-0.2822
80.839967664,99.9914,99.71,-0.2814
80.879967648,99.9914,99.7108,-0.2805
80.91996763200001,99.9914,99.7117,-0.2797
80.959967616,99.9914,99.7125,-0.2788
80.9999676,99.9914,99.7134,-0.278
81.03996758400001,99.9914,99.7142,-0.2771
81.079967568,99.9914,99.715,-0.2763
81.119967552,99.9914,99.7159,-0.2754
81.159967536,99.9914,99.7167,-0.2746
81.19996752,99.9914,99.7176,-0.2737
81.239967504,99.9914,99.7184,-0.2729
81.279967488,99.9914,99.7192,-0.2721
81.319967472,99.9914,99.7201,-0.2713
81.35996745599999,99.9914,99.7209,-0.2704
81.39996744,99.9914,99.7218,-0.2695
81.439967424,99.9914,99.7227,-0.2687
81.479967408,99.9914,99.7235,-0.2679
81.519967392,99.9914,99.7244,-0.267
81.55996737599999,100.0085,99.7252,-0.2833
81.59996736,100.0085,99.726,-0.2824
81.639967344,100.0085,99.7268,-0.2816
81.67996732799999,100.0085,99.7277,-0.2808
81.719967312,100.0085,99.7285,-0.2799
81.759967296,100.0085,99.7293,-0.2791
81.79996727999999,100.0085,99.7302,-0.2783
81.839967264,100.0085,99.7309,-0.2775
81.879967248,100.0085,99.7318,-0.2767
81.919967232,100.0085,99.7326,-0.2758
81.95996721600001,100.0085,99.7335,-0.275
81.9999672,100.0085,99.7343,-0.2741
82.039967184,100.0085,99.7352,-0.2733
82.079967168,100.0085,99.736,-0.2724
82.119967152,100.0085,99.7368,-0.2716
82.159967136,100.0085,99.7376,-0.2708
82.19996712,100.0085,99.7385,-0.27
82.239967104,100.0085,99.7393,-0.2691
82.279967088,100.0085,99.7402,-0.2683
82.319967072,100.0085,99.741,-0.2674
82.359967056,100.0256,99.7418,-0.2837
82.39996703999999,100.0256,99.7427,-0.2829
82.439967024,100.0256,99.7435,-0.282
82.479967008,100.0256,99.7444,-0.2811
82.519966992,100.0256,99.7453,-0.2803
82.559966976,100.0256,99.7461,-0.2795
82.59996695999999,100.0256,99.747,-0.2786
82.639966944,100.0256,99.7478,-0.2777
82.679966928,100.0256,99.7486,-0.2769
82.71996691199999,100.0256,99.7495,-0.276
82.759966896,100.0256,99.7503,-0.2752
82.79996687999999,100.0256,99.7511,-0.2744
82.839966864,100.0256,99.752,-0.2736
82.87996684800001,100.0256,99.7528,-0.2727
82.919966832,100.0256,99.7536,-0.2719
82.959966816,100.0256,99.7545,-0.2711
82.99996680000001,100.0256,99.7553,-0.2702
83.039966784,100.0256,99.7561,-0.2694
83.079966768,100.0256,99.757,-0.2686
83.119966752,100.0256,99.7578,-0.2677
83.159966736,100.0427,99.7586,-0.284
83.19996672,100.0427,99.7595,-0.2831
83.239966704,100.0427,99.7603,-0.2823
83.279966688,100.0427,99.7612,-0.2814
83.31996667199999,100.0427,99.7621,-0.2806
83.359966656,100.0427,99.7629,-0.2797
83.39996664,100.0427,99.7638,-0.2789
83.439966624,100.0427,99.7647,-0.278
83.479966608,100.0427,99.7655,-0.2771
83.519966592,100.0427,99.7664,-0.2763
83.559966576,100.0427,99.7672,-0.2754
83.59996656,100.0427,99.7681,-0.2746
83.63996654399999,100.0427,99.7689,-0.2737
83.679966528,100.0427,99.7697,-0.273
83.719966512,100.0427,99.7705,-0.2721
83.75996649599999,100.0427,99.7713,-0.2713
83.79996648,100.0427,99.7722,-0.2705
83.839966464,100.0427,99.773,-0.2696
83.879966448,100.0427,99.7738,-0.2688
83.91996643200001,100.0427,99.7747,-0.2679
83.959966416,100.0598,99.7756,-0.2842
83.9999664,100.0598,99.7764,-0.2833
84.039966384,100.0598,99.7773,-0.2824
84.079966368,100.0598,99.7782,-0.2815
84.119966352,100.0598,99.7791,-0.2806
84.159966336,100.0598,99.7799,-0.2798
84.19996632,100.0598,99.7808,-0.2789
84.239966304,100.0598,99.7817,-0.278
84.279966288,100.0598,99.7825,-0.2772
84.319966272,100.0598,99.7834,-0.2763
84.35996625599999,100.0598,99.7843,-0.2754
84.39996624,100.0598,99.7851,-0.2746
84.439966224,100.0598,99.786,-0.2738
84.479966208,100.0598,99.7868,-0.2729
84.519966192,100.0598,99.7877,-0.272
84.55996617599999,100.0598,99.7886,-0.2711
84.59996616,100.0598,99.7894,-0.2703
84.639966144,100.0598,99.7902,-0.2695
84.67996612799999,100.0598,99.7911,-0.2686
84.719966112,100.0598,99.7919,-0.2678
84.759966096,100.0769,99.7928,-0.284
84.79996607999999,100.0769,99.7937,-0.2832
84.83996606400001,100.0769,99.7946,-0.2823
84.879966048,100.0769,99.7954,-0.2814
84.919966032,100.0769,99.7963,-0.2805
84.95996601600001,100.0769,99.7972,-0.2796
84.999966,100.0769,99.798,-0.2788
85.039965984,100.0769,99.7989,-0.2779
85.079965968,100.0769,99.7997,-0.2771
85.119965952,100.0769,99.8006,-0.2762
85.159965936,100.0769,99.8014,-0.2754
85.19996592,100.0769,99.8022,-0.2746
85.239965904,100.0769,99.8031,-0.2737
85.27996588799999,100.0769,99.8039,-0.2729
85.319965872,100.0769,99.8048,-0.2721
85.359965856,100.0769,99.8056,-0.2712
85.39996584,100.0769,99.8065,-0.2703
85.439965824,100.0769,99.8073,-0.2695
85.479965808,100.0769,99.8082,-0.2686
85.519965792,100.0769,99.809,-0.2678
85.559965776,100.094,99.8099,-0.284
85.59996575999999,100.094,99.8107,-0.2832
85.639965744,100.094,99.8115,-0.2824
85.679965728,100.094,99.8123,-0.2816
85.71996571199999,100.094,99.8132,-0.2807
85.759965696,100.094,99.814,-0.2799
85.79996568,100.094,99.8148,-0.2791
85.839965664,100.094,99.8157,-0.2782
85.87996564800001,100.094,99.8165,-0.2774
85.919965632,100.094,99.8174,-0.2765
85.959965616,100.094,99.8183,-0.2756
85.99996560000001,100.094,99.8191,-0.2748
86.039965584,100.094,99.82,-0.2739
86.079965568,100.094,99.8208,-0.2731
86.119965552,100.094,99.8217,-0.2722
86.159965536,100.094,99.8225,-0.2714
86.19996552,100.094,99.8234,-0.2705
86.239965504,100.094,99.8242,-0.2697
86.279965488,100.094,99.825,-0.2689
86.31996547199999,100.094,99.8259,-0.268
86.359965456,100.111,99.8267,-0.2843
86.39996544,100.111,99.8275,-0.2835
86.439965424,100.111,99.8284,-0.2826
86.479965408,100.111,99.8292,-0.2818
86.51996539199999,100.111,99.83,-0.281
86.559965376,100.111,99.8309,-0.2801
86.59996536,100.111,99.8317,-0.2793
86.63996534399999,100.111,99.8325,-0.2785
86.679965328,100.111,99.8334,-0.2776
86.719965312,100.111,99.8342,-0.2768
86.75996529599999,100.111,99.8351,-0.2759
86.79996528000001,100.111,99.8359,-0.2751
86.839965264,100.111,99.8368,-0.2742
86.879965248,100.111,99.8377,-0.2733
86.91996523200001,100.111,99.8385,-0.2725
86.959965216,100.111,99.8394,-0.2716
86.9999652,100.111,99.8402,-0.2708
87.039965184,100.111,99.8411,-0.2699
87.079965168,100.111,99.8419,-0.2691
87.119965152,100.111,99.8427,-0.2683
87.159965136,100.1282,99.8436,-0.2845
87.19996512,100.1282,99.8444,-0.2837
87.239965104,100.1282,99.8452,-0.2829
87.279965088,100.1282,99.8459,-0.2822
87.319965072,100.1282,99.8468,-0.2813
87.359965056,100.1282,99.8477,-0.2804
87.39996504,100.1282,99.8485,-0.2796
87.439965024,100.1282,99.8493,-0.2788
87.479965008,100.1282,99.8501,-0.278
87.519964992,100.1282,99.8509,-0.2772
87.55996497599999,100.1282,99.8517,-0.2764
87.59996496,100.1282,99.8525,-0.2756
87.639964944,100.1282,99.8533,-0.2748
87.67996492799999,100.1282,99.8541,-0.274
87.719964912,100.1282,99.8548,-0.2733
87.75996489599999,100.1282,99.8557,-0.2724
87.79996488,100.1282,99.8565,-0.2716
87.83996486400001,100.1282,99.8573,-0.2708
87.879964848,100.1282,99.8581,-0.27
87.919964832,100.1282,99.8588,-0.2693
87.95996481600001,100.1452,99.8596,-0.2855
87.9999648,100.1452,99.8604,-0.2847
88.039964784,100.1452,99.8612,-0.284
88.079964768,100.1452,99.862,-0.2832
88.119964752,100.1452,99.8628,-0.2824
88.159964736,100.1452,99.8636,-0.2816
88.19996472,100.1452,99.8643,-0.2808
88.239964704,100.1452,99.8652,-0.28
88.27996468799999,100.1452,99.866,-0.2791
88.319964672,100.1452,99.8668,-0.2784
88.359964656,100.1452,99.8676,-0.2776
88.39996464,100.1452,99.8684,-0.2768
88.439964624,100.1452,99.8693,-0.2759
88.47996460799999,100.1452,99.8701,-0.2751
88.519964592,100.1452,99.8709,-0.2743
88.559964576,100.1452,99.8717,-0.2735
88.59996455999999,100.1452,99.8725,-0.2727
88.639964544,100.1452,99.8733,-0.2719
88.679964528,100.1452,99.8741,-0.2711
88.71996451199999,100.1452,99.8749,-0.2703
88.759964496,100.1623,99.8757,-0.2865
88.79996448,100.1623,99.8766,-0.2857
88.839964464,100.1623,99.8774,-0.2848
88.87996444800001,100.1623,99.8782,-0.284
88.919964432,100.1623,99.8791,-0.2832
88.959964416,100.1623,99.8799,-0.2823
88.9999644,100.1623,99.8808,-0.2815
89.039964384,100.1623,99.8816,-0.2807
89.079964368,100.1623,99.8825,-0.2798
89.119964352,100.1623,99.8833,-0.279
89.159964336,100.1623,99.8841,-0.2782
89.19996432,100.1623,99.8849,-0.2774
89.239964304,100.1623,99.8857,-0.2766
89.279964288,100.1623,99.8866,-0.2757
89.31996427199999,100.1623,99.8874,-0.2749
89.359964256,100.1623,99.8882,-0.2741
89.39996424,100.1623,99.8891,-0.2732
89.439964224,100.1623,99.8899,-0.2724
89.479964208,100.1623,99.8907,-0.2715
89.51996419199999,100.1623,99.8916,-0.2707
89.559964176,100.1794,99.8924,-0.287
89.59996416,100.1794,99.8932,-0.2862
89.63996414399999,100.1794,99.894,-0.2854
89.679964128,100.1794,99.8948,-0.2846
89.71996411199999,100.1794,99.8956,-0.2837
89.75996409599999,100.1794,99.8965,-0.2829
89.79996408000001,100.1794,99.8973,-0.2821
89.839964064,100.1794,99.8982,-0.2812
89.879964048,100.1794,99.899,-0.2803
89.91996403200001,100.1794,99.8999,-0.2795
89.959964016,100.1794,99.9007,-0.2787
89.999964,100.1794,99.9015,-0.2779
90.039963984,100.1794,99.9023,-0.2771
90.079963968,100.1794,99.903,-0.2763
90.119963952,100.1794,99.9039,-0.2755
90.159963936,100.1794,99.9047,-0.2747
90.19996392,100.1794,99.9055,-0.2739
90.23996390399999,100.1794,99.9063,-0.273
90.279963888,100.1794,99.9072,-0.2722
90.319963872,100.1794,99.908,-0.2714
90.359963856,100.1965,99.9088,-0.2876
90.39996384,100.1965,99.9097,-0.2868
90.439963824,100.1965,99.9105,-0.2859
90.479963808,100.1965,99.9113,-0.2851
90.519963792,100.1965,99.9121,-0.2844
90.55996377599999,100.1965,99.9129,-0.2836
90.59996376,100.1965,99.9137,-0.2828
90.639963744,100.1965,99.9145,-0.2819
90.67996372799999,100.1965,99.9153,-0.2811
90.719963712,100.1965,99.9161,-0.2803
90.759963696,100.1965,99.917,-0.2795
90.79996368,100.1965,99.9178,-0.2787
90.83996366400001,100.1965,99.9186,-0.2779
90.879963648,100.1965,99.9194,-0.277
90.919963632,100.1965,99.9203,-0.2762
90.959963616,100.1965,99.9211,-0.2754
90.9999636,100.1965,99.9219,-0.2746
91.039963584,100.1965,99.9227,-0.2737
91.079963568,100.1965,99.9236,-0.2729
91.119963552,100.1965,99.9244,-0.272
91.159963536,100.2136,99.9253,-0.2883
91.19996352,100.2136,99.9261,-0.2875
91.239963504,100.2136,99.9269,-0.2866
91.27996348799999,100.2136,99.9278,-0.2858
91.319963472,100.2136,99.9286,-0.285
91.359963456,100.2136,99.9294,-0.2841
91.39996344,100.2136,99.9303,-0.2833
91.439963424,100.2136,99.9311,-0.2825
91.47996340799999,100.2136,99.932,-0.2816
91.519963392,100.2136,99.9328,-0.2808
91.559963376,100.2136,99.9337,-0.2799
91.59996335999999,100.2136,99.9345,-0.2791
91.639963344,100.2136,99.9353,-0.2783
91.679963328,100.2136,99.9361,-0.2774
91.71996331199999,100.2136,99.9369,-0.2766
91.759963296,100.2136,99.9378,-0.2757
91.79996328,100.2136,99.9387,-0.2749
91.839963264,100.2136,99.9395,-0.2741
91.87996324800001,100.2136,99.9404,-0.2732
91.919963232,100.2136,99.9412,-0.2724
91.959963216,100.2307,99.9421,-0.2886
91.9999632,100.2307,99.9429,-0.2878
92.039963184,100.2307,99.9437,-0.287
92.079963168,100.2307,99.9445,-0.2861
92.119963152,100.2307,99.9453,-0.2854
92.159963136,100.2307,99.9461,-0.2846
92.19996311999999,100.2307,99.9469,-0.2838
92.239963104,100.2307,99.9477,-0.283
92.279963088,100.2307,99.9485,-0.2821
92.319963072,100.2307,99.9493,-0.2813
92.359963056,100.2307,99.9502,-0.2805
92.39996304,100.2307,99.951,-0.2797
92.439963024,100.2307,99.9517,-0.2789
92.479963008,100.2307,99.9526,-0.2781
92.51996299199999,100.2307,99.9533,-0.2773
92.559962976,100.2307,99.9541,-0.2766
92.59996296,100.2307,99.9549,-0.2757
92.63996294399999,100.2307,99.9557,-0.2749
92.679962928,100.2307,99.9566,-0.2741
92.71996291199999,100.2307,99.9574,-0.2733
92.759962896,100.2478,99.9582,-0.2895
92.79996288000001,100.2478,99.9591,-0.2887
92.839962864,100.2478,99.9599,-0.2878
92.879962848,100.2478,99.9608,-0.2869
92.91996283200001,100.2478,99.9616,-0.2861
92.959962816,100.2478,99.9625,-0.2853
92.9999628,100.2478,99.9632,-0.2845
93.039962784,100.2478,99.964,-0.2837
93.079962768,100.2478,99.9648,-0.2829
93.119962752,100.2478,99.9656,-0.2822
93.159962736,100.2478,99.9664,-0.2814
93.19996272,100.2478,99.9672,-0.2805
93.23996270399999,100.2478,99.968,-0.2797
93.279962688,100.2478,99.9689,-0.2789
93.319962672,100.2478,99.9697,-0.2781
93.359962656,100.2478,99.9705,-0.2772
93.39996264,100.2478,99.9713,-0.2764
93.43996262399999,100.2478,99.9721,-0.2756
93.479962608,100.2478,99.973,-0.2748
93.519962592,100.2478,99.9738,-0.274
93.55996257599999,100.2649,99.9746,-0.2902
93.59996256,100.2649,99.9754,-0.2894
93.639962544,100.2649,99.9762,-0.2886
93.67996252799999,100.2649,99.9771,-0.2877
93.719962512,100.2649,99.9779,-0.2869
93.759962496,100.2649,99.9788,-0.2861
93.79996248,100.2649,99.9797,-0.2852
93.83996246400001,100.2649,99.9804,-0.2844
93.879962448,100.2649,99.9813,-0.2835
93.919962432,100.2649,99.9822,-0.2827
93.959962416,100.2649,99.983,-0.2818
93.9999624,100.2649,99.9839,-0.2809
94.039962384,100.2649,99.9847,-0.2802
94.079962368,100.2649,99.9856,-0.2793
94.119962352,100.2649,99.9864,-0.2784
94.159962336,100.2649,99.9873,-0.2776
94.19996232,100.2649,99.9882,-0.2767
94.239962304,100.2649,99.989,-0.2758
94.279962288,100.2649,99.9899,-0.275
94.319962272,100.2649,99.9907,-0.2741
94.359962256,100.282,99.9916,-0.2904
94.39996224,100.282,99.9924,-0.2895
94.439962224,100.282,99.9932,-0.2887
94.47996220799999,100.282,99.9941,-0.2879
94.519962192,100.282,99.995,-0.287
94.559962176,100.282,99.9958,-0.2862
94.59996215999999,100.282,99.9966,-0.2853
94.639962144,100.282,99.9974,-0.2845
94.67996212799999,100.282,99.9983,-0.2837
94.71996211199999,100.282,99.9991,-0.2828
94.75996209600001,100.282,100.0,-0.282
94.79996208,100.282,100.0008,-0.2811
94.839962064,100.282,100.0017,-0.2803
94.87996204800001,100.282,100.0025,-0.2795
94.919962032,100.282,100.0033,-0.2786
94.959962016,100.282,100.0041,-0.2778
94.999962,100.282,100.005,-0.277
95.039961984,100.282,100.0058,-0.2762
95.079961968,100.282,100.0065,-0.2754
95.119961952,100.282,100.0075,-0.2745
95.159961936,100.2991,100.0082,-0.2908
95.19996191999999,100.2991,100.0091,-0.2899
95.239961904,100.2991,100.01,-0.2891
95.279961888,100.2991,100.0108,-0.2882
95.319961872,100.2991,100.0117,-0.2873
95.359961856,100.2991,100.0125,-0.2865
95.39996184,100.2991,100.0133,-0.2857
95.439961824,100.2991,100.0142,-0.2849
95.479961808,100.2991,100.0149,-0.2841
95.51996179199999,100.2991,100.0158,-0.2832
95.559961776,100.2991,100.0166,-0.2824
95.59996176,100.2991,100.0174,-0.2816
95.63996174399999,100.2991,100.0183,-0.2807
95.679961728,100.2991,100.0191,-0.2799
95.719961712,100.2991,100.02,-0.2791
95.759961696,100.2991,100.0208,-0.2782
95.79996168000001,100.2991,100.0216,-0.2774
95.839961664,100.2991,100.0225,-0.2766
95.879961648,100.2991,100.0233,-0.2758
95.919961632,100.2991,100.0241,-0.2749
95.959961616,100.3162,100.025,-0.2912
95.9999616,100.3162,100.0258,-0.2903
96.039961584,100.3162,100.0267,-0.2895
96.079961568,100.3162,100.0275,-0.2887
96.119961552,100.3162,100.0283,-0.2878
96.159961536,100.3162,100.0292,-0.287
96.19996152,100.3162,100.03,-0.2862
96.239961504,100.3162,100.0308,-0.2853
96.279961488,100.3162,100.0316,-0.2845
96.319961472,100.3162,100.0326,-0.2836
96.359961456,100.3162,100.0334,-0.2828
96.39996144,100.3162,100.0342,-0.2819
96.43996142399999,100.3162,100.0351,-0.2811
96.479961408,100.3162,100.0359,-0.2802
96.519961392,100.3162,100.0368,-0.2793
96.55996137599999,100.3162,100.0377,-0.2785
96.59996136,100.3162,100.0385,-0.2776
96.639961344,100.3162,100.0394,-0.2768
96.67996132799999,100.3162,100.0402,-0.276
96.71996131200001,100.3162,100.041,-0.2751
96.759961296,100.3333,100.0418,-0.2914
96.79996128,100.3333,100.0427,-0.2905
96.83996126400001,100.3333,100.0436,-0.2896
96.879961248,100.3333,100.0444,-0.2888
96.919961232,100.3333,100.0453,-0.2879
96.959961216,100.3333,100.0461,-0.2871
96.9999612,100.3333,100.047,-0.2862
97.039961184,100.3333,100.0479,-0.2853
97.079961168,100.3333,100.0487,-0.2845
97.119961152,100.3333,100.0496,-0.2836
97.15996113599999,100.3333,100.0505,-0.2828
97.19996112,100.3333,100.0513,-0.2819
97.239961104,100.3333,100.0522,-0.281
97.279961088,100.3333,100.053,-0.2802
97.319961072,100.3333,100.0539,-0.2793
97.359961056,100.3333,100.0548,-0.2785
97.39996104,100.3333,100.0556,-0.2776
97.439961024,100.3333,100.0565,-0.2767
97.47996100799999,100.3333,100.0573,-0.2759
97.519960992,100.3333,100.0582,-0.275
97.559960976,100.3499,100.0591,-0.2908
97.59996095999999,100.3499,100.0599,-0.29
97.639960944,100.3499,100.0609,-0.289
97.67996092799999,100.3499,100.0617,-0.2882
97.719960912,100.3499,100.0626,-0.2873
97.75996089600001,100.3499,100.0634,-0.2865
97.79996088,100.3499,100.0643,-0.2856
97.839960864,100.3499,100.0652,-0.2847
97.87996084800001,100.3499,100.066,-0.2839
97.919960832,100.3499,100.0668,-0.283
97.959960816,100.3499,100.0677,-0.2821
97.9999608,100.3499,100.0686,-0.2813
98.039960784,100.3499,100.0695,-0.2804
98.079960768,100.3499,100.0704,-0.2795
98.119960752,100.3499,100.0713,-0.2786
98.159960736,100.3499,100.0722,-0.2777
98.19996071999999,100.3499,100.073,-0.2769
98.239960704,100.3499,100.0739,-0.276
98.279960688,100.3499,100.0748,-0.2751
98.319960672,100.3499,100.0756,-0.2743
98.359960656,100.3666,100.0765,-0.2901
98.39996063999999,100.3666,100.0773,-0.2892
98.439960624,100.3666,100.0782,-0.2883
98.479960608,100.3666,100.0791,-0.2875
98.51996059199999,100.3666,100.0799,-0.2866
98.559960576,100.3666,100.0808,-0.2857
98.59996056,100.3666,100.0817,-0.2849
98.63996054399999,100.3666,100.0825,-0.284
98.679960528,100.3666,100.0834,-0.2831
98.719960512,100.3666,100.0843,-0.2823
98.759960496,100.3666,100.0852,-0.2814
98.79996048000001,100.3666,100.086,-0.2805
98.839960464,100.3666,100.0869,-0.2796
98.879960448,100.3666,100.0878,-0.2787
98.919960432,100.3666,100.0887,-0.2779
98.959960416,100.3666,100.0896,-0.277
98.9999604,100.3666,100.0904,-0.2761
99.039960384,100.3666,100.0913,-0.2752
99.079960368,100.3666,100.0922,-0.2743
99.119960352,100.3666,100.0931,-0.2735
99.159960336,100.3832,100.094,-0.2892
99.19996032,100.3832,100.0949,-0.2883
99.239960304,100.3832,100.0958,-0.2874
99.279960288,100.3832,100.0966,-0.2865
99.319960272,100.3832,100.0975,-0.2857
99.359960256,100.3832,100.0983,-0.2848
99.39996024,100.3832,100.0992,-0.2839
99.43996022399999,100.3832,100.1001,-0.2831
99.479960208,100.3832,100.101,-0.2822
99.519960192,100.3832,100.1018,-0.2814
99.55996017599999,100.3832,100.1027,-0.2805
99.59996016,100.3832,100.1035,-0.2796
99.63996014399999,100.3832,100.1044,-0.2787
99.67996012799999,100.3832,100.1053,-0.2779
99.71996011200001,100.3832,100.1061,-0.277
99.759960096,100.3832,100.1071,-0.2761
99.79996008,100.3832,100.1079,-0.2752
99.83996006400001,100.3832,100.1088,-0.2743
99.879960048,100.3832,100.1097,-0.2734
99.919960032,100.3832,100.1106,-0.2725
99.959960016,100.3998,100.1115,-0.2882
99.99996,100.3998,100.1124,-0.2874
100.039959984,100.3998,100.1133,-0.2865
100.079959968,100.3998,100.1141,-0.2856
100.119959952,100.3998,100.115,-0.2847
100.15995993599999,100.3998,100.1159,-0.2839
100.19995992,100.3998,100.1167,-0.283
100.239959904,100.3998,100.1175,-0.2822
100.279959888,100.3998,100.1184,-0.2813
100.319959872,100.3998,100.1193,-0.2805
100.35995985599999,100.3998,100.1201,-0.2796
100.39995984,100.3998,100.121,-0.2788
100.439959824,100.3998,100.1218,-0.2779
100.47995980799999,100.3998,100.1227,-0.2771
100.519959792,100.3998,100.1235,-0.2762
100.559959776,100.3998,100.1244,-0.2754
100.59995975999999,100.3998,100.1252,-0.2745
100.639959744,100.3998,100.126,-0.2737
100.679959728,100.3998,100.1269,-0.2729
100.719959712,100.3998,100.1277,-0.272
100.75995969600001,100.4163,100.1286,-0.2876
100.79995968,100.4163,100.1295,-0.2868
100.839959664,100.4163,100.1303,-0.286
100.879959648,100.4163,100.1313,-0.285
100.919959632,100.4163,100.1321,-0.2842
100.959959616,100.4163,100.1331,-0.2832
100.9999596,100.4163,100.1339,-0.2824
101.039959584,100.4163,100.1348,-0.2815
101.079959568,100.4163,100.1357,-0.2806
101.119959552,100.4163,100.1365,-0.2798
101.159959536,100.4163,100.1374,-0.2789
101.19995952,100.4163,100.1382,-0.2781
101.239959504,100.4163,100.139,-0.2773
101.279959488,100.4163,100.1399,-0.2764
101.319959472,100.4163,100.1407,-0.2755
101.359959456,100.4163,100.1416,-0.2747
101.39995943999999,100.4163,100.1425,-0.2738
101.439959424,100.4163,100.1433,-0.273
101.479959408,100.4163,100.1442,-0.2721
101.51995939199999,100.4163,100.1451,-0.2712
101.559959376,100.4328,100.146,-0.2868
101.59995935999999,100.4328,100.1468,-0.2859
101.63995934399999,100.4328,100.1477,-0.2851
101.679959328,100.4328,100.1485,-0.2842
101.719959312,100.4328,100.1494,-0.2834
101.759959296,100.4328,100.1503,-0.2825
101.79995928000001,100.4328,100.1512,-0.2816
101.839959264,100.4328,100.152,-0.2807
101.879959248,100.4328,100.1529,-0.2799
101.919959232,100.4328,100.1538,-0.279
101.959959216,100.4328,100.1547,-0.2781
101.9999592,100.4328,100.1556,-0.2772
102.039959184,100.4328,100.1565,-0.2763
102.079959168,100.4328,100.1574,-0.2754
102.11995915199999,100.4328,100.1583,-0.2745
102.159959136,100.4328,100.1591,-0.2736
102.19995912,100.4328,100.16,-0.2727
102.239959104,100.4328,100.1609,-0.2719
102.279959088,100.4328,100.1618,-0.271
102.319959072,100.4328,100.1626,-0.2701
102.359959056,100.4492,100.1635,-0.2857
102.39995904,100.4492,100.1643,-0.2848
102.43995902399999,100.4492,100.1652,-0.284
102.479959008,100.4492,100.1661,-0.2831
102.519958992,100.4492,100.167,-0.2822
102.55995897599999,100.4492,100.1678,-0.2813
102.59995896,100.4492,100.1687,-0.2805
102.63995894399999,100.4492,100.1696,-0.2796
102.679958928,100.4492,100.1705,-0.2787
102.71995891200001,100.4492,100.1714,-0.2778
102.759958896,100.4492,100.1723,-0.2769
102.79995888,100.4492,100.1732,-0.2759
102.839958864,100.4492,100.1741,-0.2751
102.879958848,100.4492,100.175,-0.2742
102.919958832,100.4492,100.1758,-0.2733
102.959958816,100.4492,100.1767,-0.2724
102.9999588,100.4492,100.1776,-0.2716
103.039958784,100.4492,100.1785,-0.2707
103.079958768,100.4492,100.1793,-0.2698
103.119958752,100.4492,100.1802,-0.269
103.159958736,100.4655,100.1811,-0.2844
103.19995872,100.4655,100.182,-0.2835
103.239958704,100.4655,100.1828,-0.2826
103.279958688,100.4655,100.1837,-0.2817
103.319958672,100.4655,100.1846,-0.2809
103.35995865599999,100.4655,100.1855,-0.28
103.39995864,100.4655,100.1864,-0.2791
103.439958624,100.4655,100.1873,-0.2782
103.47995860799999,100.4655,100.1882,-0.2773
103.519958592,100.4655,100.189,-0.2764
103.559958576,100.4655,100.19,-0.2755
103.59995855999999,100.4655,100.1909,-0.2746
103.639958544,100.4655,100.1918,-0.2737
103.679958528,100.4655,100.1927,-0.2727
103.719958512,100.4655,100.1936,-0.2719
103.75995849600001,100.4655,100.1945,-0.271
103.79995848,100.4655,100.1954,-0.2701
103.839958464,100.4655,100.1963,-0.2692
103.879958448,100.4655,100.1972,-0.2682
103.919958432,100.4655,100.1981,-0.2674
103.959958416,100.4817,100.199,-0.2827
103.9999584,100.4817,100.1998,-0.2818
104.039958384,100.4817,100.2007,-0.281
104.07995836799999,100.4817,100.2016,-0.2801
104.119958352,100.4817,100.2024,-0.2792
104.159958336,100.4817,100.2033,-0.2784
104.19995832,100.4817,100.2042,-0.2775
104.239958304,100.4817,100.2051,-0.2766
104.279958288,100.4817,100.2059,-0.2757
104.319958272,100.4817,100.2068,-0.2748
104.359958256,100.4817,100.2077,-0.2739
104.39995823999999,100.4817,100.2087,-0.273
104.439958224,100.4817,100.2096,-0.2721
104.479958208,100.4817,100.2105,-0.2712
104.51995819199999,100.4817,100.2113,-0.2703
104.559958176,100.4817,100.2122,-0.2694
104.59995815999999,100.4817,100.2131,-0.2685
104.63995814399999,100.4817,100.214,-0.2676
104.67995812800001,100.4817,100.215,-0.2667
104.719958112,100.4817,100.2158,-0.2659
104.759958096,100.4978,100.2167,-0.2811
104.79995808000001,100.4978,100.2176,-0.2801
104.839958064,100.4978,100.2185,-0.2792
104.879958048,100.4978,100.2194,-0.2784
104.919958032,100.4978,100.2203,-0.2775
104.959958016,100.4978,100.2211,-0.2766
104.999958,100.4978,100.2221,-0.2757
105.039957984,100.4978,100.223,-0.2748
105.079957968,100.4978,100.2239,-0.2738
105.119957952,100.4978,100.2248,-0.273
105.159957936,100.4978,100.2257,-0.2721
105.19995792,100.4978,100.2266,-0.2712
105.239957904,100.4978,100.2275,-0.2703
105.279957888,100.4978,100.2283,-0.2694
105.31995787199999,100.4978,100.2292,-0.2686
105.359957856,100.4978,100.2301,-0.2677
105.39995784,100.4978,100.231,-0.2668
105.43995782399999,100.4978,100.2319,-0.2659
105.479957808,100.4978,100.2328,-0.265
105.519957792,100.4978,100.2337,-0.264
105.55995777599999,100.5138,100.2346,-0.2791
105.59995776,100.5138,100.2355,-0.2782
105.639957744,100.5138,100.2365,-0.2773
105.679957728,100.5138,100.2374,-0.2764
105.71995771200001,100.5138,100.2383,-0.2755
105.759957696,100.5138,100.2392,-0.2745
105.79995768,100.5138,100.2401,-0.2736
105.839957664,100.5138,100.241,-0.2727
105.879957648,100.5138,100.242,-0.2718
105.919957632,100.5138,100.2428,-0.2709
105.959957616,100.5138,100.2438,-0.27
105.9999576,100.5138,100.2446,-0.2691
106.039957584,100.5138,100.2455,-0.2682
106.079957568,100.5138,100.2465,-0.2673
106.119957552,100.5138,100.2474,-0.2664
106.159957536,100.5138,100.2482,-0.2655
106.19995752,100.5138,100.2491,-0.2646
106.239957504,100.5138,100.25,-0.2637
106.279957488,100.5138,100.2509,-0.2628
106.319957472,100.5138,100.2518,-0.2619
106.35995745599999,100.5296,100.2527,-0.2768
106.39995744,100.5296,100.2536,-0.276
106.439957424,100.5296,100.2545,-0.2751
106.47995740799999,100.5296,100.2554,-0.2742
106.519957392,100.5296,100.2563,-0.2733
106.55995737599999,100.5296,100.2572,-0.2724
106.59995735999999,100.5296,100.2581,-0.2715
106.63995734400001,100.5296,100.259,-0.2706
106.679957328,100.5296,100.2598,-0.2697
106.719957312,100.5296,100.2607,-0.2689
106.75995729600001,100.5296,100.2615,-0.2681
106.79995728,100.5296,100.2624,-0.2672
106.839957264,100.5296,100.2632,-0.2663
106.879957248,100.5296,100.2641,-0.2655
106.919957232,100.5296,100.265,-0.2646
106.959957216,100.5296,100.2658,-0.2637
106.9999572,100.5296,100.2667,-0.2629
107.039957184,100.5296,100.2675,-0.262
107.07995716799999,100.5296,100.2684,-0.2611
107.119957152,100.5296,100.2693,-0.2602
107.159957136,100.5453,100.2702,-0.275
107.19995712,100.5453,100.2711,-0.2742
107.239957104,100.5453,100.272,-0.2733
107.279957088,100.5453,100.2728,-0.2724
107.319957072,100.5453,100.2737,-0.2716
107.359957056,100.5453,100.2745,-0.2707
107.39995703999999,100.5453,100.2754,-0.2698
107.439957024,100.5453,100.2762,-0.269
107.479957008,100.5453,100.2771,-0.2682
107.51995699199999,100.5453,100.278,-0.2673
107.559956976,100.5453,100.2788,-0.2664
107.59995695999999,100.5453,100.2797,-0.2656
107.639956944,100.5453,100.2805,-0.2647
107.67995692800001,100.5453,100.2814,-0.2639
107.719956912,100.5453,100.2822,-0.263
107.759956896,100.5453,100.283,-0.2622
107.79995688,100.5453,100.2839,-0.2614
107.839956864,100.5453,100.2848,-0.2605
107.879956848,100.5453,100.2856,-0.2596
107.919956832,100.5453,100.2865,-0.2588
107.959956816,100.5608,100.2873,-0.2735
107.9999568,100.5608,100.2881,-0.2727
108.039956784,100.5608,100.2889,-0.2718
108.079956768,100.5608,100.2898,-0.271
108.119956752,100.5608,100.2906,-0.2701
108.159956736,100.5608,100.2915,-0.2693
108.19995672,100.5608,100.2923,-0.2684
108.239956704,100.5608,100.2931,-0.2676
108.279956688,100.5608,100.294,-0.2668
108.31995667199999,100.5608,100.2948,-0.266
108.359956656,100.5608,100.2956,-0.2652
108.39995664,100.5608,100.2964,-0.2643
108.43995662399999,100.5608,100.2972,-0.2635
108.479956608,100.5608,100.2981,-0.2627
108.519956592,100.5608,100.2989,-0.2618
108.55995657599999,100.5608,100.2998,-0.261
108.59995656,100.5608,100.3006,-0.2602
108.639956544,100.5608,100.3014,-0.2594
108.679956528,100.5608,100.3022,-0.2586
108.71995651200001,100.5608,100.303,-0.2578
108.759956496,100.5762,100.3038,-0.2723
108.79995648,100.5762,100.3046,-0.2715
108.839956464,100.5762,100.3054,-0.2707
108.879956448,100.5762,100.3062,-0.2699
108.919956432,100.5762,100.307,-0.2691
108.959956416,100.5762,100.3078,-0.2683
108.9999564,100.5762,100.3086,-0.2675
109.03995638399999,100.5762,100.3094,-0.2668
109.079956368,100.5762,100.3102,-0.2659
109.119956352,100.5762,100.311,-0.2651
109.159956336,100.5762,100.3117,-0.2644
109.19995632,100.5762,100.3125,-0.2636
109.239956304,100.5762,100.3133,-0.2628
109.279956288,100.5762,100.3141,-0.262
109.319956272,100.5762,100.3149,-0.2612
109.35995625599999,100.5762,100.3157,-0.2604
109.39995624,100.5762,100.3166,-0.2596
109.439956224,100.5762,100.3174,-0.2588
109.47995620799999,100.5762,100.3182,-0.258
109.519956192,100.5762,100.3189,-0.2572
109.55995617599999,100.5913,100.3197,-0.2716
109.59995615999999,100.5913,100.3205,-0.2708
109.63995614400001,100.5913,100.3213,-0.27
109.679956128,100.5913,100.3221,-0.2692
109.719956112,100.5913,100.3229,-0.2684
109.75995609600001,100.5913,100.3237,-0.2676
109.79995608,100.5913,100.3245,-0.2668
109.839956064,100.5913,100.3253,-0.266
109.879956048,100.5913,100.3261,-0.2652
109.919956032,100.5913,100.327,-0.2643
109.959956016,100.5913,100.3278,-0.2635
109.999956,100.5913,100.3287,-0.2626
110.039955984,100.5913,100.3295,-0.2618
110.079955968,100.5913,100.3303,-0.261
110.119955952,100.5913,100.3311,-0.2602
110.159955936,100.5913,100.3319,-0.2594
110.19995592,100.5913,100.3327,-0.2586
110.239955904,100.5913,100.3335,-0.2577
110.27995588799999,100.5913,100.3343,-0.2569
110.319955872,100.5913,100.3351,-0.2561
110.359955856,100.6063,100.3359,-0.2703
110.39995583999999,100.6063,100.3367,-0.2695
110.439955824,100.6063,100.3375,-0.2687
110.479955808,100.6063,100.3383,-0.2679
110.51995579199999,100.6063,100.3392,-0.2671
110.559955776,100.6063,100.34,-0.2663
110.59995576,100.6063,100.3408,-0.2654
110.639955744,100.6063,100.3416,-0.2646
110.67995572800001,100.6063,100.3425,-0.2638
110.719955712,100.6063,100.3433,-0.263
110.759955696,100.6063,100.3441,-0.2621
110.79995568,100.6063,100.3449,-0.2613
110.839955664,100.6063,100.3458,-0.2605
110.879955648,100.6063,100.3466,-0.2597
110.919955632,100.6063,100.3475,-0.2588
110.959955616,100.6063,100.3483,-0.258
110.9999556,100.6063,100.3491,-0.2572
111.039955584,100.6063,100.3499,-0.2564
111.079955568,100.6063,100.3506,-0.2556
111.119955552,100.6063,100.3515,-0.2548
111.159955536,100.6211,100.3523,-0.2687
111.19995552,100.6211,100.3531,-0.2679
111.239955504,100.6211,100.354,-0.2671
111.279955488,100.6211,100.3547,-0.2663
111.31995547199999,100.6211,100.3556,-0.2655
111.359955456,100.6211,100.3564,-0.2647
111.39995544,100.6211,100.3572,-0.2639
111.43995542399999,100.6211,100.358,-0.263
111.479955408,100.6211,100.3588,-0.2623
111.51995539199999,100.6211,100.3596,-0.2614
111.55995537599999,100.6211,100.3604,-0.2606
111.59995536,100.6211,100.3613,-0.2598
111.639955344,100.6211,100.3621,-0.259
111.679955328,100.6211,100.3629,-0.2581
111.71995531200001,100.6211,100.3637,-0.2573
111.759955296,100.6211,100.3645,-0.2565
111.79995528,100.6211,100.3654,-0.2557
111.839955264,100.6211,100.3662,-0.2549
111.879955248,100.6211,100.367,-0.2541
111.919955232,100.6211,100.3678,-0.2533
111.959955216,100.6357,100.3685,-0.2671
111.9999552,100.6357,100.3694,-0.2662
112.039955184,100.6357,100.3702,-0.2654
112.079955168,100.6357,100.371,-0.2646
112.119955152,100.6357,100.3718,-0.2638
112.159955136,100.6357,100.3727,-0.263
112.19995512,100.6357,100.3735,-0.2621
112.23995510399999,100.6357,100.3743,-0.2613
112.279955088,100.6357,100.3751,-0.2605
112.319955072,100.6357,100.3759,-0.2597
112.35995505599999,100.6357,100.3767,-0.2589
112.39995504,100.6357,100.3775,-0.2581
112.439955024,100.6357,100.3784,-0.2572
112.47995500799999,100.6357,100.3792,-0.2564
112.519954992,100.6357,100.38,-0.2556
112.55995497599999,100.6357,100.3808,-0.2548
112.59995496,100.6357,100.3816,-0.254
112.63995494400001,100.6357,100.3824,-0.2532
112.679954928,100.6357,100.3832,-0.2524
112.719954912,100.6357,100.384,-0.2516
112.759954896,100.65,100.3848,-0.2651
112.79995488,100.65,100.3857,-0.2643
112.839954864,100.65,100.3865,-0.2635
112.879954848,100.65,100.3873,-0.2627
112.919954832,100.65,100.3881,-0.2619
112.959954816,100.65,100.3889,-0.2611
112.9999548,100.65,100.3896,-0.2603
113.039954784,100.65,100.3904,-0.2595
113.079954768,100.65,100.3912,-0.2587
113.119954752,100.65,100.392,-0.2579
113.159954736,100.65,100.3928,-0.2572
113.19995472,100.65,100.3935,-0.2564
113.239954704,100.65,100.3943,-0.2556
113.27995468799999,100.65,100.3951,-0.2548
113.319954672,100.65,100.396,-0.254
113.359954656,100.65,100.3967,-0.2532
113.39995463999999,100.65,100.3975,-0.2524
113.439954624,100.65,100.3983,-0.2516
113.47995460799999,100.65,100.3991,-0.2509
113.51995459199999,100.65,100.3999,-0.25
113.559954576,100.6641,100.4007,-0.2634
113.59995456,100.6641,100.4015,-0.2626
113.639954544,100.6641,100.4023,-0.2617
113.67995452800001,100.6641,100.4031,-0.2609
113.719954512,100.6641,100.404,-0.2601
113.759954496,100.6641,100.4047,-0.2593
113.79995448,100.6641,100.4055,-0.2585
113.839954464,100.6641,100.4064,-0.2577
113.879954448,100.6641,100.4071,-0.2569
113.919954432,100.6641,100.4079,-0.2561
113.959954416,100.6641,100.4087,-0.2553
113.9999544,100.6641,100.4095,-0.2545
114.039954384,100.6641,100.4103,-0.2537
114.079954368,100.6641,100.4111,-0.2529
114.119954352,100.6641,100.412,-0.2521
114.159954336,100.6641,100.4128,-0.2513
114.19995432,100.6641,100.4136,-0.2504
114.239954304,100.6641,100.4144,-0.2496
114.279954288,100.6641,100.4152,-0.2488
114.31995427199999,100.6641,100.4161,-0.248
114.359954256,100.678,100.4169,-0.261
114.39995424,100.678,100.4177,-0.2602
114.43995422399999,100.678,100.4185,-0.2595
114.479954208,100.678,100.4192,-0.2587
114.51995419199999,100.678,100.4201,-0.2579
114.55995417599999,100.678,100.4209,-0.257
114.59995416000001,100.678,100.4217,-0.2562
114.639954144,100.678,100.4225,-0.2554
114.679954128,100.678,100.4234,-0.2546
114.719954112,100.678,100.4242,-0.2537
114.759954096,100.678,100.425,-0.253
114.79995408,100.678,100.4257,-0.2522
114.839954064,100.678,100.4266,-0.2513
114.879954048,100.678,100.4273,-0.2506
114.919954032,100.678,100.4282,-0.2498
114.959954016,100.678,100.4289,-0.249
114.999954,100.678,100.4297,-0.2482
115.039953984,100.678,100.4306,-0.2473
115.079953968,100.678,100.4313,-0.2466
115.119953952,100.678,100.4322,-0.2457
115.159953936,100.6916,100.433,-0.2585
115.19995392,100.6916,100.4338,-0.2577
115.23995390399999,100.6916,100.4346,-0.2569
115.279953888,100.6916,100.4354,-0.2561
115.319953872,100.6916,100.4363,-0.2553
115.35995385599999,100.6916,100.437,-0.2545
115.39995384,100.6916,100.4379,-0.2537
115.439953824,100.6916,100.4387,-0.2528
115.47995380799999,100.6916,100.4395,-0.252
115.519953792,100.6916,100.4403,-0.2512
115.559953776,100.6916,100.4411,-0.2504
115.59995376,100.6916,100.4419,-0.2496
115.63995374400001,100.6916,100.4427,-0.2488
115.679953728,100.6916,100.4435,-0.2481
115.719953712,100.6916,100.4443,-0.2472
115.759953696,100.6916,100.4451,-0.2465
115.79995368,100.6916,100.4459,-0.2457
115.839953664,100.6916,100.4466,-0.2449
115.879953648,100.6916,100.4474,-0.2441
115.919953632,100.6916,100.4483,-0.2433
115.95995361599999,100.705,100.4491,-0.2559
115.9999536,100.705,100.4498,-0.2551
116.039953584,100.705,100.4506,-0.2543
116.079953568,100.705,100.4515,-0.2534
116.119953552,100.705,100.4523,-0.2526
116.159953536,100.705,100.4531,-0.2518
116.19995352,100.705,100.454,-0.2509
116.239953504,100.705,100.4548,-0.2501
116.27995348799999,100.705,100.4556,-0.2493
116.319953472,100.705,100.4564,-0.2485
116.359953456,100.705,100.4572,-0.2477
116.39995343999999,100.705,100.458,-0.2469
116.439953424,100.705,100.4588,-0.2461
116.47995340799999,100.705,100.4596,-0.2453
116.51995339199999,100.705,100.4604,-0.2445
116.55995337600001,100.705,100.4612,-0.2437
116.59995336,100.705,100.4621,-0.2428
116.639953344,100.705,100.4629,-0.242
116.67995332800001,100.705,100.4637,-0.2412
116.719953312,100.705,100.4646,-0.2403
116.759953296,100.7181,100.4654,-0.2526
116.79995328,100.7181,100.4662,-0.2518
116.839953264,100.7181,100.467,-0.251
116.879953248,100.7181,100.4678,-0.2502
116.919953232,100.7181,100.4686,-0.2494
116.959953216,100.7181,100.4693,-0.2487
116.9999532,100.7181,100.4701,-0.2479
117.039953184,100.7181,100.4709,-0.2471
117.079953168,100.7181,100.4718,-0.2462
117.119953152,100.7181,100.4726,-0.2454
117.159953136,100.7181,100.4734,-0.2446
117.19995311999999,100.7181,100.4741,-0.2439
117.239953104,100.7181,100.475,-0.2431
117.279953088,100.7181,100.4757,-0.2423
117.31995307199999,100.7181,100.4765,-0.2415
117.359953056,100.7181,100.4773,-0.2407
117.39995304,100.7181,100.478,-0.24
117.43995302399999,100.7181,100.4788,-0.2392
117.479953008,100.7181,100.4796,-0.2384
117.51995299199999,100.7181,100.4804,-0.2376
117.559952976,100.7309,100.4812,-0.2496
117.59995296000001,100.7309,100.482,-0.2489
117.639952944,100.7309,100.4828,-0.248
117.679952928,100.7309,100.4836,-0.2472
117.719952912,100.7309,100.4844,-0.2464
117.759952896,100.7309,100.4852,-0.2457
117.79995288,100.7309,100.486,-0.2449
117.839952864,100.7309,100.4868,-0.2441
117.879952848,100.7309,100.4876,-0.2433
117.919952832,100.7309,100.4884,-0.2425
117.959952816,100.7309,100.4892,-0.2417
117.9999528,100.7309,100.4899,-0.2409
118.039952784,100.7309,100.4907,-0.2401
118.079952768,100.7309,100.4915,-0.2393
118.119952752,100.7309,100.4923,-0.2385
118.159952736,100.7309,100.4931,-0.2377
118.19995272,100.7309,100.4939,-0.2369
118.23995270399999,100.7309,100.4946,-0.2362
118.279952688,100.7309,100.4954,-0.2354
118.319952672,100.7309,100.4962,-0.2347
118.35995265599999,100.7434,100.4969,-0.2464
118.39995264,100.7434,100.4977,-0.2456
118.43995262399999,100.7434,100.4985,-0.2449
118.47995260799999,100.7434,100.4993,-0.2441
118.519952592,100.7434,100.5,-0.2433
118.559952576,100.7434,100.5008,-0.2426
118.59995256,100.7434,100.5015,-0.2418
118.63995254400001,100.7434,100.5023,-0.2411
118.679952528,100.7434,100.503,-0.2403
118.719952512,100.7434,100.5038,-0.2396
118.759952496,100.7434,100.5046,-0.2387
118.79995248,100.7434,100.5053,-0.238
118.839952464,100.7434,100.5061,-0.2373
118.879952448,100.7434,100.5068,-0.2365
118.919952432,100.7434,100.5076,-0.2358
118.959952416,100.7434,100.5084,-0.235
118.9999524,100.7434,100.5091,-0.2342
119.039952384,100.7434,100.5099,-0.2335
119.079952368,100.7434,100.5107,-0.2327
119.119952352,100.7434,100.5114,-0.232
119.159952336,100.7557,100.5122,-0.2435
119.19995232,100.7557,100.5129,-0.2427
119.239952304,100.7557,100.5137,-0.2419
119.27995228799999,100.7557,100.5144,-0.2412
119.319952272,100.7557,100.5152,-0.2405
119.359952256,100.7557,100.5159,-0.2398
119.39995223999999,100.7557,100.5166,-0.2391
119.439952224,100.7557,100.5173,-0.2383
119.47995220799999,100.7557,100.518,-0.2376
119.51995219199999,100.7557,100.5188,-0.2368
119.55995217600001,100.7557,100.5196,-0.236
119.59995216,100.7557,100.5204,-0.2353
119.639952144,100.7557,100.5211,-0.2345
119.679952128,100.7557,100.5219,-0.2338
119.719952112,100.7557,100.5227,-0.233
119.759952096,100.7557,100.5234,-0.2322
119.79995208,100.7557,100.5241,-0.2315
119.839952064,100.7557,100.5249,-0.2307
119.879952048,100.7557,100.5256,-0.23
119.919952032,100.7557,100.5263,-0.2293
119.959952016,100.7677,100.5271,-0.2405
119.999952,100.7677,100.5278,-0.2398
120.039951984,100.7677,100.5286,-0.239
120.079951968,100.7677,100.5293,-0.2383
120.119951952,100.7677,100.5301,-0.2375
120.159951936,100.7677,100.5308,-0.2368
120.19995191999999,100.7677,100.5316,-0.236
120.239951904,100.7677,100.5323,-0.2353
120.279951888,100.7677,100.5331,-0.2345
120.31995187199999,100.7677,100.5338,-0.2338
120.359951856,100.7677,100.5345,-0.2331
120.39995184,100.7677,100.5352,-0.2323
120.43995182399999,100.7677,100.536,-0.2316
120.479951808,100.7677,100.5367,-0.2309
120.519951792,100.7677,100.5375,-0.2301
120.559951776,100.7677,100.5382,-0.2294
120.59995176000001,100.7677,100.539,-0.2286
120.639951744,100.7677,100.5397,-0.2279
120.679951728,100.7677,100.5404,-0.2272
120.719951712,100.7677,100.5412,-0.2264
120.759951696,100.7793,100.5419,-0.2373
120.79995168,100.7793,100.5427,-0.2366
120.839951664,100.7793,100.5434,-0.2358
120.879951648,100.7793,100.5441,-0.2351
120.919951632,100.7793,100.5449,-0.2343
120.959951616,100.7793,100.5457,-0.2336
120.9999516,100.7793,100.5464,-0.2329
121.039951584,100.7793,100.5471,-0.2322
121.079951568,100.7793,100.5478,-0.2314
121.119951552,100.7793,100.5486,-0.2307
121.159951536,100.7793,100.5494,-0.2299
121.19995152,100.7793,100.5501,-0.2292
121.23995150399999,100.7793,100.5508,-0.2284
121.279951488,100.7793,100.5515,-0.2277
121.319951472,100.7793,100.5523,-0.227
121.35995145599999,100.7793,100.5531,-0.2262
121.39995144,100.7793,100.5538,-0.2254
121.43995142399999,100.7793,100.5546,-0.2247
121.47995140799999,100.7793,100.5554,-0.2239
121.519951392,100.7793,100.5561,-0.2232
121.559951376,100.7907,100.5568,-0.2338
121.59995136,100.7907,100.5576,-0.2331
121.63995134400001,100.7907,100.5584,-0.2323
121.679951328,100.7907,100.5591,-0.2315
121.719951312,100.7907,100.5599,-0.2307
121.759951296,100.7907,100.5607,-0.2299
121.79995128,100.7907,100.5615,-0.2292
121.839951264,100.7907,100.5623,-0.2284
121.879951248,100.7907,100.563,-0.2276
121.919951232,100.7907,100.5638,-0.2269
121.959951216,100.7907,100.5645,-0.2261
121.9999512,100.7907,100.5653,-0.2253
122.039951184,100.7907,100.5662,-0.2245
122.079951168,100.7907,100.5669,-0.2237
122.119951152,100.7907,100.5677,-0.2229
122.15995113599999,100.7907,100.5685,-0.2221
122.19995112,100.7907,100.5693,-0.2214
122.239951104,100.7907,100.5701,-0.2206
122.27995108799999,100.7907,100.5708,-0.2198
122.319951072,100.7907,100.5716,-0.2191
122.359951056,100.8018,100.5723,-0.2294
122.39995103999999,100.8018,100.573,-0.2287
122.439951024,100.8018,100.5738,-0.2279
122.47995100799999,100.8018,100.5746,-0.2271
122.519950992,100.8018,100.5753,-0.2264
122.55995097600001,100.8018,100.5761,-0.2256
122.59995096,100.8018,100.5769,-0.2248
122.639950944,100.8018,100.5777,-0.224
122.679950928,100.8018,100.5785,-0.2232
122.719950912,100.8018,100.5792,-0.2225
122.759950896,100.8018,100.58,-0.2217
122.79995088,100.8018,100.5807,-0.221
122.839950864,100.8018,100.5814,-0.2203
122.879950848,100.8018,100.5822,-0.2195
122.919950832,100.8018,100.583,-0.2188
122.959950816,100.8018,100.5837,-0.218
122.9999508,100.8018,100.5845,-0.2172
123.039950784,100.8018,100.5852,-0.2165
123.079950768,100.8018,100.586,-0.2157
123.119950752,100.8018,100.5867,-0.215
123.159950736,100.8125,100.5875,-0.2249
123.19995071999999,100.8125,100.5883,-0.2242
123.239950704,100.8125,100.589,-0.2234
123.279950688,100.8125,100.5898,-0.2227
123.31995067199999,100.8125,100.5905,-0.222
123.359950656,100.8125,100.5913,-0.2212
123.39995063999999,100.8125,100.592,-0.2204
123.43995062399999,100.8125,100.5928,-0.2197
123.479950608,100.8125,100.5935,-0.2189
123.519950592,100.8125,100.5943,-0.2182
123.559950576,100.8125,100.5951,-0.2173
123.59995056000001,100.8125,100.5959,-0.2165
123.639950544,100.8125,100.5967,-0.2158
123.679950528,100.8125,100.5974,-0.2151
123.719950512,100.8125,100.5981,-0.2144
123.759950496,100.8125,100.5989,-0.2136
123.79995048,100.8125,100.5996,-0.2128
123.839950464,100.8125,100.6004,-0.212
123.879950448,100.8125,100.6012,-0.2113
123.919950432,100.8125,100.602,-0.2105
123.959950416,100.8229,100.6027,-0.2202
123.9999504,100.8229,100.6034,-0.2195
124.039950384,100.8229,100.6042,-0.2187
124.079950368,100.8229,100.6049,-0.218
124.11995035199999,100.8229,100.6056,-0.2173
124.159950336,100.8229,100.6064,-0.2165
124.19995032,100.8229,100.6071,-0.2158
124.23995030399999,100.8229,100.6079,-0.215
124.279950288,100.8229,100.6086,-0.2143
124.319950272,100.8229,100.6093,-0.2136
124.35995025599999,100.8229,100.61,-0.2129
124.39995024,100.8229,100.6108,-0.2121
124.43995022399999,100.8229,100.6116,-0.2114
124.47995020799999,100.8229,100.6123,-0.2106
124.51995019200001,100.8229,100.613,-0.2099
124.559950176,100.8229,100.6138,-0.2091
124.59995016,100.8229,100.6145,-0.2085
124.639950144,100.8229,100.6152,-0.2077
124.679950128,100.8229,100.6159,-0.207
124.719950112,100.8229,100.6166,-0.2063
124.759950096,100.8331,100.6174,-0.2156
124.79995008,100.8331,100.6181,-0.2149
124.839950064,100.8331,100.6188,-0.2142
124.879950048,100.8331,100.6195,-0.2135
124.919950032,100.8331,100.6203,-0.2128
124.959950016,100.8331,100.621,-0.212
124.99995,100.8331,100.6217,-0.2113
125.039949984,100.8331,100.6224,-0.2106
125.07994996800001,100.8331,100.6232,-0.2098
125.11994995199998,100.8331,100.6239,-0.2091
125.15994993599999,100.8331,100.6247,-0.2083
125.19994992,100.8331,100.6254,-0.2076
125.239949904,100.8331,100.6261,-0.2069
125.279949888,100.8331,100.6268,-0.2062
125.31994987199998,100.8331,100.6275,-0.2055
125.35994985599999,100.8331,100.6283,-0.2047
125.39994983999999,100.8331,100.6291,-0.2039
125.439949824,100.8331,100.6298,-0.2032
125.479949808,100.8331,100.6306,-0.2024
125.51994979199999,100.8331,100.6313,-0.2017
125.559949776,100.8429,100.6322,-0.2107
125.59994976,100.8429,100.6329,-0.2099
125.639949744,100.8429,100.6336,-0.2092
125.67994972800001,100.8429,100.6344,-0.2084
125.71994971200002,100.8429,100.6351,-0.2077
125.75994969599999,100.8429,100.6358,-0.207
125.79994968,100.8429,100.6366,-0.2062
125.839949664,100.8429,100.6373,-0.2055
125.87994964800001,100.8429,100.6381,-0.2047
125.91994963200001,100.8429,100.6388,-0.204
125.95994961599999,100.8429,100.6396,-0.2033
125.9999496,100.8429,100.6403,-0.2025
126.039949584,100.8429,100.641,-0.2018
126.079949568,100.8429,100.6418,-0.2011
126.11994955200001,100.8429,100.6424,-0.2004
126.15994953599998,100.8429,100.6432,-0.1997
126.19994951999999,100.8429,100.6439,-0.199
126.239949504,100.8429,100.6446,-0.1982
126.279949488,100.8429,100.6453,-0.1975
126.319949472,100.8429,100.646,-0.1968
126.35994945599998,100.8523,100.6467,-0.2056
126.39994943999999,100.8523,100.6474,-0.2049
126.43994942399999,100.8523,100.6481,-0.2042
126.47994940800001,100.8523,100.6489,-0.2034
126.51994939200002,100.8523,100.6496,-0.2027
126.55994937599999,100.8523,100.6503,-0.202
126.59994936,100.8523,100.651,-0.2013
126.639949344,100.8523,100.6517,-0.2006
126.679949328,100.8523,100.6524,-0.1999
126.71994931200001,100.8523,100.6531,-0.1992
126.75994929599999,100.8523,100.6537,-0.1986
126.79994927999999,100.8523,100.6544,-0.1979
126.839949264,100.8523,100.6551,-0.1972
126.879949248,100.8523,100.6558,-0.1965
126.91994923200001,100.8523,100.6566,-0.1957
126.95994921600001,100.8523,100.6573,-0.195
126.99994919999999,100.8523,100.658,-0.1943
127.039949184,100.8523,100.6586,-0.1937
127.079949168,100.8523,100.6593,-0.1929
127.119949152,100.8523,100.66,-0.1923
127.15994913600001,100.8615,100.6607,-0.2007
127.19994911999999,100.8615,100.6615,-0.2
127.23994910399999,100.8615,100.6621,-0.1994
127.279949088,100.8615,100.6628,-0.1986
127.319949072,100.8615,100.6634,-0.198
127.359949056,100.8615,100.6641,-0.1974
127.39994903999998,100.8615,100.6647,-0.1967
127.43994902399999,100.8615,100.6653,-0.1961
127.479949008,100.8615,100.6661,-0.1954
127.51994899200001,100.8615,100.6667,-0.1948
127.55994897600002,100.8615,100.6673,-0.1941
127.59994895999999,100.8615,100.668,-0.1934
127.639948944,100.8615,100.6686,-0.1928
127.679948928,100.8615,100.6693,-0.1921
127.719948912,100.8615,100.67,-0.1915
127.75994889600001,100.8615,100.6706,-0.1908
127.79994887999999,100.8615,100.6713,-0.1902
127.839948864,100.8615,100.6719,-0.1895
127.879948848,100.8615,100.6726,-0.1889
127.919948832,100.8615,100.6732,-0.1883
127.95994881600001,100.8703,100.6738,-0.1964
127.99994879999998,100.8703,100.6745,-0.1958
128.039948784,100.8703,100.6751,-0.1952
128.079948768,100.8703,100.6758,-0.1945
128.119948752,100.8703,100.6764,-0.1939
128.15994873600002,100.8703,100.677,-0.1932
128.19994872,100.8703,100.6777,-0.1926
128.239948704,100.8703,100.6783,-0.1919
128.279948688,100.8703,100.679,-0.1913
128.319948672,100.8703,100.6796,-0.1906
128.359948656,100.8703,100.6802,-0.19
128.39994864000002,100.8703,100.6809,-0.1894
128.43994862399998,100.8703,100.6815,-0.1887
128.479948608,100.8703,100.6822,-0.188
128.519948592,100.8703,100.6828,-0.1874
128.559948576,100.8703,100.6834,-0.1868
128.59994856,100.8703,100.6841,-0.1862
128.639948544,100.8703,100.6847,-0.1856
128.67994852799998,100.8703,100.6853,-0.1849
128.719948512,100.8703,100.6859,-0.1843
128.759948496,100.8788,100.6865,-0.1922
128.79994848,100.8788,100.6872,-0.1916
128.83994846399997,100.8788,100.6878,-0.191
128.879948448,100.8788,100.6884,-0.1903
128.91994843199998,100.8788,100.689,-0.1897
128.959948416,100.8788,100.6897,-0.1891
128.99994840000002,100.8788,100.6903,-0.1884
129.03994838399998,100.8788,100.6909,-0.1878
129.079948368,100.8788,100.6916,-0.1872
129.119948352,100.8788,100.6922,-0.1865
129.159948336,100.8788,100.6928,-0.1859
129.19994832,100.8788,100.6935,-0.1853
129.239948304,100.8788,100.6941,-0.1847
129.27994828799999,100.8788,100.6947,-0.184
129.319948272,100.8788,100.6954,-0.1834
129.359948256,100.8788,100.6961,-0.1827
129.39994824000001,100.8788,100.6967,-0.1821
129.43994822399998,100.8788,100.6973,-0.1814
129.479948208,100.8788,100.6979,-0.1808
129.519948192,100.8788,100.6986,-0.1802
129.559948176,100.887,100.6992,-0.1877
129.59994816,100.887,100.6999,-0.1871
129.63994814400002,100.887,100.7005,-0.1865
129.67994812799998,100.887,100.7011,-0.1859
129.719948112,100.887,100.7017,-0.1853
129.759948096,100.887,100.7023,-0.1847
129.79994808,100.887,100.7029,-0.184
129.839948064,100.887,100.7036,-0.1834
129.879948048,100.887,100.7042,-0.1827
129.91994803199998,100.887,100.7048,-0.1821
129.959948016,100.887,100.7054,-0.1815
129.99994800000002,100.887,100.706,-0.1809
130.039947984,100.887,100.7066,-0.1804
130.079947968,100.887,100.7072,-0.1798
130.119947952,100.887,100.7078,-0.1791
130.159947936,100.887,100.7084,-0.1785
130.19994792,100.887,100.7091,-0.1779
130.23994790400002,100.887,100.7097,-0.1773
130.27994788799998,100.887,100.7103,-0.1766
130.319947872,100.887,100.7109,-0.176
130.359947856,100.8948,100.7116,-0.1832
130.39994784,100.8948,100.7122,-0.1826
130.439947824,100.8948,100.7128,-0.1819
130.479947808,100.8948,100.7135,-0.1813
130.51994779199998,100.8948,100.7141,-0.1806
130.559947776,100.8948,100.7148,-0.18
130.59994776,100.8948,100.7155,-0.1793
130.639947744,100.8948,100.7161,-0.1786
130.67994772799997,100.8948,100.7168,-0.178
130.719947712,100.8948,100.7175,-0.1773
130.75994769599998,100.8948,100.7181,-0.1766
130.79994768,100.8948,100.7188,-0.176
130.839947664,100.8948,100.7195,-0.1753
130.879947648,100.8948,100.7201,-0.1747
130.919947632,100.8948,100.7208,-0.174
130.959947616,100.8948,100.7215,-0.1733
130.9999476,100.8948,100.7221,-0.1726
131.039947584,100.8948,100.7228,-0.172
131.07994756800002,100.8948,100.7235,-0.1713
131.11994755199999,100.8948,100.7241,-0.1707
131.159947536,100.9023,100.7248,-0.1775
131.19994752,100.9023,100.7254,-0.1768
131.239947504,100.9023,100.7261,-0.1762
131.279947488,100.9023,100.7267,-0.1756
131.319947472,100.9023,100.7273,-0.1749
131.359947456,100.9023,100.728,-0.1743
131.39994744,100.9023,100.7287,-0.1736
131.439947424,100.9023,100.7293,-0.173
131.47994740800002,100.9023,100.7299,-0.1724
131.51994739199998,100.9023,100.7305,-0.1718
131.559947376,100.9023,100.7311,-0.1711
131.59994736,100.9023,100.7318,-0.1705
131.639947344,100.9023,100.7324,-0.1699
131.679947328,100.9023,100.733,-0.1693
131.719947312,100.9023,100.7337,-0.1686
131.75994729599998,100.9023,100.7343,-0.168
131.79994728,100.9023,100.7349,-0.1674
131.839947264,100.9023,100.7355,-0.1668
131.879947248,100.9023,100.7361,-0.1662
131.919947232,100.9023,100.7367,-0.1656
131.959947216,100.9095,100.7373,-0.1722
131.9999472,100.9095,100.7379,-0.1716
132.039947184,100.9095,100.7385,-0.1709
132.07994716800002,100.9095,100.7392,-0.1703
132.119947152,100.9095,100.7398,-0.1697
132.159947136,100.9095,100.7403,-0.1691
132.19994712,100.9095,100.741,-0.1685
132.239947104,100.9095,100.7415,-0.1679
132.279947088,100.9095,100.7421,-0.1673
132.31994707200002,100.9095,100.7427,-0.1668
132.35994705599998,100.9095,100.7433,-0.1662
132.39994704,100.9095,100.7439,-0.1656
132.439947024,100.9095,100.7445,-0.165
132.479947008,100.9095,100.745,-0.1644
132.519946992,100.9095,100.7456,-0.1639
132.559946976,100.9095,100.7462,-0.1633
132.59994695999998,100.9095,100.7468,-0.1627
132.639946944,100.9095,100.7474,-0.1621
132.679946928,100.9095,100.7479,-0.1616
132.719946912,100.9095,100.7485,-0.161
132.75994689599997,100.9164,100.7491,-0.1673
132.79994688,100.9164,100.7496,-0.1668
132.83994686399998,100.9164,100.7501,-0.1662
132.879946848,100.9164,100.7507,-0.1656
132.919946832,100.9164,100.7513,-0.165
132.95994681599998,100.9164,100.7519,-0.1645
132.9999468,100.9164,100.7524,-0.1639
133.039946784,100.9164,100.753,-0.1634
133.079946768,100.9164,100.7535,-0.1628
133.119946752,100.9164,100.7541,-0.1622
133.159946736,100.9164,100.7547,-0.1616
133.19994671999999,100.9164,100.7553,-0.161
133.239946704,100.9164,100.7559,-0.1604
133.279946688,100.9164,100.7565,-0.1599
133.31994667200001,100.9164,100.7571,-0.1593
133.359946656,100.9164,100.7576,-0.1587
133.39994664,100.9164,100.7582,-0.1582
133.439946624,100.9164,100.7587,-0.1576
133.479946608,100.9164,100.7593,-0.1571
133.519946592,100.9164,100.7598,-0.1565
133.55994657600002,100.9229,100.7604,-0.1625
133.59994655999998,100.9229,100.7609,-0.162
133.639946544,100.9229,100.7615,-0.1614
133.679946528,100.9229,100.762,-0.1609
133.719946512,100.9229,100.7626,-0.1603
133.759946496,100.9229,100.7631,-0.1598
133.79994648,100.9229,100.7636,-0.1593
133.83994646399998,100.9229,100.7642,-0.1587
133.879946448,100.9229,100.7647,-0.1582
133.91994643200002,100.9229,100.7652,-0.1576
133.959946416,100.9229,100.7657,-0.1572
133.9999464,100.9229,100.7662,-0.1567
134.039946384,100.9229,100.7667,-0.1561
134.079946368,100.9229,100.7672,-0.1557
134.119946352,100.9229,100.7678,-0.1551
134.15994633600002,100.9229,100.7683,-0.1546
134.19994631999998,100.9229,100.7688,-0.1541
134.239946304,100.9229,100.7693,-0.1536
134.279946288,100.9229,100.7698,-0.1531
134.319946272,100.9229,100.7704,-0.1525
134.359946256,100.9292,100.7709,-0.1582
134.39994624,100.9292,100.7715,-0.1577
134.43994622399998,100.9292,100.772,-0.1571
134.479946208,100.9292,100.7725,-0.1566
134.519946192,100.9292,100.7731,-0.156
134.559946176,100.9292,100.7736,-0.1556
134.59994616,100.9292,100.7741,-0.1551
134.639946144,100.9292,100.7746,-0.1546
134.67994612799998,100.9292,100.775,-0.1541
134.719946112,100.9292,100.7756,-0.1535
134.759946096,100.9292,100.7761,-0.1531
134.79994608,100.9292,100.7766,-0.1525
134.83994606399997,100.9292,100.7771,-0.152
134.879946048,100.9292,100.7776,-0.1516
134.919946032,100.9292,100.7781,-0.151
134.959946016,100.9292,100.7786,-0.1505
134.99994600000002,100.9292,100.7791,-0.15
135.03994598399998,100.9292,100.7797,-0.1494
135.079945968,100.9292,100.7802,-0.149
135.119945952,100.9292,100.7808,-0.1484
135.159945936,100.9351,100.7813,-0.1538
135.19994592,100.9351,100.7818,-0.1532
135.239945904,100.9351,100.7823,-0.1527
135.279945888,100.9351,100.7828,-0.1523
135.319945872,100.9351,100.7833,-0.1517
135.359945856,100.9351,100.7838,-0.1512
135.39994584000002,100.9351,100.7843,-0.1508
135.43994582399998,100.9351,100.7848,-0.1502
135.479945808,100.9351,100.7853,-0.1498
135.519945792,100.9351,100.7857,-0.1493
135.559945776,100.9351,100.7862,-0.1488
135.59994576,100.9351,100.7867,-0.1483
135.639945744,100.9351,100.7872,-0.1478
135.67994572799998,100.9351,100.7877,-0.1473
135.719945712,100.9351,100.7882,-0.1468
135.759945696,100.9351,100.7887,-0.1463
135.79994568,100.9351,100.7892,-0.1459
135.839945664,100.9351,100.7898,-0.1453
135.879945648,100.9351,100.7902,-0.1448
135.919945632,100.9351,100.7908,-0.1442
135.959945616,100.9407,100.7913,-0.1493
135.99994560000002,100.9407,100.7918,-0.1488
136.039945584,100.9407,100.7924,-0.1483
136.079945568,100.9407,100.7929,-0.1478
136.119945552,100.9407,100.7934,-0.1472
136.159945536,100.9407,100.7939,-0.1467
136.19994552,100.9407,100.7945,-0.1462
136.23994550400002,100.9407,100.795,-0.1456
136.27994548799998,100.9407,100.7955,-0.1451
136.319945472,100.9407,100.7961,-0.1446
136.359945456,100.9407,100.7966,-0.144
136.39994544,100.9407,100.7971,-0.1435
136.439945424,100.9407,100.7977,-0.143
136.479945408,100.9407,100.7981,-0.1425
136.51994539199998,100.9407,100.7986,-0.142
136.559945376,100.9407,100.7992,-0.1415
136.59994536,100.9407,100.7997,-0.141
136.639945344,100.9407,100.8002,-0.1404
136.67994532799997,100.9407,100.8007,-0.1399
136.719945312,100.9407,100.8012,-0.1394
136.75994529599998,100.946,100.8017,-0.1442
136.79994528,100.946,100.8023,-0.1437
136.839945264,100.946,100.8028,-0.1431
136.87994524799998,100.946,100.8033,-0.1426
136.919945232,100.946,100.8038,-0.1421
136.959945216,100.946,100.8043,-0.1416
136.9999452,100.946,100.8049,-0.1411
137.039945184,100.946,100.8054,-0.1405
137.07994516800002,100.946,100.8059,-0.14
137.11994515199999,100.946,100.8064,-0.1395
137.159945136,100.946,100.807,-0.1389
137.19994512,100.946,100.8075,-0.1384
137.23994510400001,100.946,100.8081,-0.1378
137.279945088,100.946,100.8086,-0.1373
137.319945072,100.946,100.8092,-0.1368
137.359945056,100.946,100.8097,-0.1363
137.39994504,100.946,100.8102,-0.1357
137.439945024,100.946,100.8107,-0.1352
137.47994500800002,100.946,100.8113,-0.1347
137.51994499199998,100.946,100.8118,-0.1342
137.559944976,100.951,100.8123,-0.1386
137.59994496,100.951,100.8128,-0.1382
137.639944944,100.951,100.8133,-0.1376
137.679944928,100.951,100.8138,-0.1371
137.719944912,100.951,100.8143,-0.1366
137.75994489599998,100.951,100.8149,-0.1361
137.79994488,100.951,100.8154,-0.1355
137.839944864,100.951,100.816,-0.135
137.879944848,100.951,100.8165,-0.1345
137.919944832,100.951,100.817,-0.134
137.959944816,100.951,100.8175,-0.1334
137.9999448,100.951,100.818,-0.1329
138.039944784,100.951,100.8186,-0.1324
138.07994476800002,100.951,100.8191,-0.1318
138.11994475199998,100.951,100.8196,-0.1313
138.159944736,100.951,100.8202,-0.1308
138.19994472,100.951,100.8207,-0.1303
138.239944704,100.951,100.8212,-0.1297
138.279944688,100.951,100.8217,-0.1292
138.31994467200002,100.951,100.8222,-0.1287
138.35994465599998,100.9557,100.8227,-0.1329
138.39994464,100.9557,100.8232,-0.1324
138.439944624,100.9557,100.8237,-0.1319
138.479944608,100.9557,100.8242,-0.1314
138.519944592,100.9557,100.8247,-0.1309
138.559944576,100.9557,100.8252,-0.1304
138.59994455999998,100.9557,100.8257,-0.1299
138.639944544,100.9557,100.8262,-0.1295
138.679944528,100.9557,100.8267,-0.1289
138.719944512,100.9557,100.8272,-0.1284
138.75994449599997,100.9557,100.8278,-0.1279
138.79994448,100.9557,100.8283,-0.1274
138.83994446399998,100.9557,100.8288,-0.1269
138.879944448,100.9557,100.8293,-0.1263
138.91994443200002,100.9557,100.8298,-0.1258
138.95994441599998,100.9557,100.8303,-0.1253
138.9999444,100.9557,100.8308,-0.1248
139.039944384,100.9557,100.8313,-0.1243
139.079944368,100.9557,100.8318,-0.1238
139.119944352,100.9557,100.8323,-0.1234
139.159944336,100.9601,100.8328,-0.1273
139.19994432,100.9601,100.8332,-0.1268
139.239944304,100.9601,100.8337,-0.1263
139.279944288,100.9601,100.8342,-0.1258
139.31994427200001,100.9601,100.8346,-0.1254
139.35994425599998,100.9601,100.8351,-0.1249
139.39994424,100.9601,100.8355,-0.1245
139.439944224,100.9601,100.836,-0.1241
139.479944208,100.9601,100.8365,-0.1236
139.519944192,100.9601,100.8369,-0.1232
139.55994417600002,100.9601,100.8373,-0.1227
139.59994415999998,100.9601,100.8378,-0.1222
139.639944144,100.9601,100.8383,-0.1218
139.679944128,100.9601,100.8388,-0.1213
139.719944112,100.9601,100.8392,-0.1209
139.759944096,100.9601,100.8397,-0.1204
139.79994408,100.9601,100.8401,-0.1199
139.83994406399998,100.9601,100.8406,-0.1195
139.879944048,100.9601,100.841,-0.119
139.91994403200002,100.9601,100.8415,-0.1186
139.959944016,100.9642,100.842,-0.1222
139.999944,100.9642,100.8424,-0.1218
140.039943984,100.9642,100.8428,-0.1214
140.079943968,100.9642,100.8433,-0.1209
140.119943952,100.9642,100.8437,-0.1205
140.15994393600002,100.9642,100.8441,-0.12
140.19994391999998,100.9642,100.8446,-0.1196
140.239943904,100.9642,100.845,-0.1192
140.279943888,100.9642,100.8454,-0.1187
140.319943872,100.9642,100.8458,-0.1183
140.359943856,100.9642,100.8463,-0.1179
140.39994384,100.9642,100.8467,-0.1175
140.43994382399998,100.9642,100.8471,-0.117
140.479943808,100.9642,100.8476,-0.1166
140.519943792,100.9642,100.8479,-0.1162
140.559943776,100.9642,100.8484,-0.1157
140.59994375999997,100.9642,100.8488,-0.1153
140.639943744,100.9642,100.8492,-0.1149
140.67994372799998,100.9642,100.8497,-0.1144
140.719943712,100.9642,100.8501,-0.1141
140.759943696,100.9681,100.8505,-0.1175
140.79994368,100.9681,100.8509,-0.1171
140.83994366399997,100.9681,100.8512,-0.1167
140.879943648,100.9681,100.8517,-0.1163
140.919943632,100.9681,100.8521,-0.1159
140.959943616,100.9681,100.8525,-0.1155
140.99994360000002,100.9681,100.8529,-0.1151
141.03994358399999,100.9681,100.8533,-0.1147
141.079943568,100.9681,100.8538,-0.1142
141.119943552,100.9681,100.8542,-0.1138
141.15994353600001,100.9681,100.8546,-0.1134
141.19994352,100.9681,100.855,-0.113
141.239943504,100.9681,100.8554,-0.1126
141.279943488,100.9681,100.8558,-0.1122
141.319943472,100.9681,100.8562,-0.1118
141.359943456,100.9681,100.8566,-0.1114
141.39994344000002,100.9681,100.857,-0.111
141.43994342399998,100.9681,100.8574,-0.1106
141.479943408,100.9681,100.8578,-0.1102
141.519943392,100.9681,100.8581,-0.1099
141.559943376,100.9716,100.8586,-0.113
141.59994336,100.9716,100.859,-0.1126
141.639943344,100.9716,100.8594,-0.1121
141.67994332799998,100.9716,100.8599,-0.1117
141.719943312,100.9716,100.8603,-0.1112
141.759943296,100.9716,100.8608,-0.1108
141.79994328,100.9716,100.8612,-0.1103
141.839943264,100.9716,100.8616,-0.1099
141.879943248,100.9716,100.8621,-0.1095
141.919943232,100.9716,100.8625,-0.109
141.959943216,100.9716,100.8629,-0.1086
141.99994320000002,100.9716,100.8634,-0.1082
142.039943184,100.9716,100.8638,-0.1078
142.079943168,100.9716,100.8642,-0.1074
142.119943152,100.9716,100.8645,-0.107
142.159943136,100.9716,100.865,-0.1066
142.19994312,100.9716,100.8654,-0.1062
142.23994310400002,100.9716,100.8658,-0.1058
142.27994308799998,100.9716,100.8662,-0.1054
142.319943072,100.9716,100.8666,-0.105
142.359943056,100.9749,100.867,-0.1079
142.39994304,100.9749,100.8674,-0.1075
142.439943024,100.9749,100.8678,-0.107
142.479943008,100.9749,100.8683,-0.1066
142.51994299199998,100.9749,100.8688,-0.1061
142.559942976,100.9749,100.8692,-0.1057
142.59994296,100.9749,100.8696,-0.1052
142.639942944,100.9749,100.87,-0.1048
142.67994292799997,100.9749,100.8704,-0.1044
142.719942912,100.9749,100.8709,-0.104
142.75994289599998,100.9749,100.8713,-0.1035
142.79994288,100.9749,100.8717,-0.1031
142.839942864,100.9749,100.8721,-0.1027
142.87994284799998,100.9749,100.8725,-0.1023
142.919942832,100.9749,100.873,-0.1019
142.959942816,100.9749,100.8734,-0.1015
142.9999428,100.9749,100.8738,-0.1011
143.039942784,100.9749,100.8742,-0.1007
143.079942768,100.9749,100.8746,-0.1003
143.119942752,100.9749,100.875,-0.0999
143.159942736,100.978,100.8754,-0.1025
143.19994272,100.978,100.8758,-0.1021
143.23994270400001,100.978,100.8762,-0.1017
143.279942688,100.978,100.8767,-0.1013
143.319942672,100.978,100.8771,-0.1008
143.359942656,100.978,100.8775,-0.1004
143.39994264,100.978,100.8779,-0.1
143.439942624,100.978,100.8783,-0.0996
143.47994260800002,100.978,100.8787,-0.0992
143.51994259199998,100.978,100.879,-0.0989
143.559942576,100.978,100.8794,-0.0985
143.59994256,100.978,100.8798,-0.0981
143.639942544,100.978,100.8802,-0.0977
143.679942528,100.978,100.8805,-0.0974
143.719942512,100.978,100.881,-0.097
143.75994249599998,100.978,100.8813,-0.0966
143.79994248,100.978,100.8817,-0.0962
143.839942464,100.978,100.8821,-0.0958
143.879942448,100.978,100.8824,-0.0955
143.919942432,100.978,100.8828,-0.0951
143.959942416,100.9808,100.8832,-0.0975
143.9999424,100.9808,100.8837,-0.097
144.039942384,100.9808,100.8841,-0.0967
144.07994236800002,100.9808,100.8844,-0.0963
144.11994235199998,100.9808,100.8848,-0.0959
144.159942336,100.9808,100.8852,-0.0955
144.19994232,100.9808,100.8856,-0.0951
144.239942304,100.9808,100.886,-0.0947
144.279942288,100.9808,100.8863,-0.0944
144.319942272,100.9808,100.8867,-0.094
144.35994225599998,100.9808,100.887,-0.0937
144.39994224,100.9808,100.8874,-0.0933
144.439942224,100.9808,100.8878,-0.0929
144.479942208,100.9808,100.8882,-0.0926
144.519942192,100.9808,100.8885,-0.0922
144.559942176,100.9808,100.8889,-0.0919
144.59994215999998,100.9808,100.8892,-0.0915
144.639942144,100.9808,100.8896,-0.0911
144.679942128,100.9808,100.89,-0.0907
144.719942112,100.9808,100.8904,-0.0903
144.75994209599997,100.9833,100.8907,-0.0925
144.79994208,100.9833,100.8911,-0.0922
144.839942064,100.9833,100.8914,-0.0919
144.879942048,100.9833,100.8918,-0.0915
144.91994203200002,100.9833,100.8921,-0.0912
144.95994201599999,100.9833,100.8925,-0.0908
144.999942,100.9833,100.8928,-0.0904
145.039941984,100.9833,100.8932,-0.0901
145.079941968,100.9833,100.8935,-0.0897
145.119941952,100.9833,100.8939,-0.0894
145.159941936,100.9833,100.8943,-0.089
145.19994192,100.9833,100.8947,-0.0886
145.239941904,100.9833,100.895,-0.0883
145.279941888,100.9833,100.8954,-0.0879
145.31994187200002,100.9833,100.8958,-0.0875
145.35994185599998,100.9833,100.8961,-0.0872
145.39994184,100.9833,100.8965,-0.0868
145.439941824,100.9833,100.8968,-0.0864
145.479941808,100.9833,100.8972,-0.0861
145.519941792,100.9833,100.8976,-0.0856
145.559941776,100.9857,100.898,-0.0876
145.59994175999998,100.9857,100.8985,-0.0871
145.639941744,100.9857,100.8988,-0.0868
145.679941728,100.9857,100.8992,-0.0864
145.719941712,100.9857,100.8995,-0.0861
145.759941696,100.9857,100.8999,-0.0857
145.79994168,100.9857,100.9002,-0.0854
145.839941664,100.9857,100.9006,-0.085
145.879941648,100.9857,100.901,-0.0846
145.91994163200002,100.9857,100.9013,-0.0843
145.959941616,100.9857,100.9016,-0.084
145.9999416,100.9857,100.902,-0.0836
146.039941584,100.9857,100.9023,-0.0833
146.079941568,100.9857,100.9026,-0.083
146.119941552,100.9857,100.9031,-0.0826
146.15994153600002,100.9857,100.9034,-0.0822
146.19994151999998,100.9857,100.9037,-0.0819
146.239941504,100.9857,100.9041,-0.0815
146.279941488,100.9857,100.9044,-0.0812
146.319941472,100.9857,100.9047,-0.0809
146.359941456,100.9877,100.905,-0.0827
146.39994144,100.9877,100.9054,-0.0823
146.43994142399998,100.9877,100.9057,-0.082
146.479941408,100.9877,100.906,-0.0817
146.519941392,100.9877,100.9064,-0.0813
146.559941376,100.9877,100.9067,-0.081
146.59994135999997,100.9877,100.907,-0.0807
146.639941344,100.9877,100.9073,-0.0804
146.67994132799998,100.9877,100.9077,-0.0801
146.719941312,100.9877,100.9081,-0.0796
146.759941296,100.9877,100.9084,-0.0793
146.79994127999998,100.9877,100.9087,-0.079
146.839941264,100.9877,100.9091,-0.0786
146.879941248,100.9877,100.9094,-0.0783
146.919941232,100.9877,100.9098,-0.0779
146.959941216,100.9877,100.9101,-0.0776
146.99994120000002,100.9877,100.9105,-0.0772
147.03994118399999,100.9877,100.9108,-0.0769
147.079941168,100.9877,100.9112,-0.0765
147.119941152,100.9877,100.9116,-0.0761
147.15994113600001,100.9896,100.9119,-0.0777
147.19994112,100.9896,100.9122,-0.0774
147.239941104,100.9896,100.9125,-0.0771
147.279941088,100.9896,100.9128,-0.0768
147.319941072,100.9896,100.9131,-0.0765
147.359941056,100.9896,100.9134,-0.0762
147.39994104000002,100.9896,100.9137,-0.0759
147.43994102399998,100.9896,100.914,-0.0756
147.479941008,100.9896,100.9143,-0.0753
147.519940992,100.9896,100.9146,-0.075
147.559940976,100.9896,100.915,-0.0746
147.59994096,100.9896,100.9153,-0.0743
147.639940944,100.9896,100.9156,-0.074
147.67994092799998,100.9896,100.9159,-0.0737
147.719940912,100.9896,100.9162,-0.0734
147.759940896,100.9896,100.9165,-0.0731
147.79994088,100.9896,100.9168,-0.0728
147.839940864,100.9896,100.9171,-0.0725
147.879940848,100.9896,100.9173,-0.0723
147.919940832,100.9896,100.9176,-0.072
147.959940816,100.9913,100.9179,-0.0734
147.99994080000002,100.9913,100.9182,-0.0731
148.03994078399998,100.9913,100.9185,-0.0727
148.079940768,100.9913,100.9188,-0.0725
148.119940752,100.9913,100.9191,-0.0722
148.159940736,100.9913,100.9194,-0.0719
148.19994072,100.9913,100.9196,-0.0717
148.23994070400002,100.9913,100.92,-0.0713
148.27994068799998,100.9913,100.9202,-0.0711
148.319940672,100.9913,100.9205,-0.0708
148.359940656,100.9913,100.9207,-0.0705
148.39994064,100.9913,100.921,-0.0703
148.439940624,100.9913,100.9213,-0.0699
148.479940608,100.9913,100.9216,-0.0697
148.51994059199998,100.9913,100.9219,-0.0694
148.559940576,100.9913,100.9221,-0.0691
148.59994056,100.9913,100.9224,-0.0689
148.639940544,100.9913,100.9228,-0.0685
148.67994052799997,100.9913,100.923,-0.0683
148.719940512,100.9913,100.9232,-0.0681
148.75994049599998,100.9928,100.9235,-0.0693
148.79994048,100.9928,100.9237,-0.0691
148.83994046400002,100.9928,100.9239,-0.0688
148.87994044799999,100.9928,100.9241,-0.0686
148.919940432,100.9928,100.9244,-0.0683
148.959940416,100.9928,100.9247,-0.0681
148.9999404,100.9928,100.9249,-0.0679
149.039940384,100.9928,100.9252,-0.0676
149.079940368,100.9928,100.9254,-0.0673
149.119940352,100.9928,100.9257,-0.0671
149.159940336,100.9928,100.9259,-0.0668
149.19994032,100.9928,100.9262,-0.0666
149.23994030400002,100.9928,100.9265,-0.0663
149.27994028799998,100.9928,100.9268,-0.066
149.319940272,100.9928,100.927,-0.0658
149.359940256,100.9928,100.9273,-0.0654
149.39994024,100.9928,100.9276,-0.0652
149.439940224,100.9928,100.9279,-0.0649
149.47994020800002,100.9928,100.9282,-0.0646
149.51994019199998,100.9928,100.9284,-0.0643
149.559940176,100.9941,100.9288,-0.0653
149.59994016,100.9941,100.929,-0.0652
149.639940144,100.9941,100.9292,-0.0649
149.679940128,100.9941,100.9295,-0.0646
149.719940112,100.9941,100.9297,-0.0644
149.75994009599998,100.9941,100.93,-0.0641
149.79994008,100.9941,100.9302,-0.0639
149.83994006400002,100.9941,100.9305,-0.0636
149.879940048,100.9941,100.9308,-0.0633
149.919940032,100.9941,100.9311,-0.063
149.959940016,100.9941,100.9313,-0.0628
149.99994,100.9941,100.9316,-0.0625
150.039939984,100.9941,100.9319,-0.0622
150.07993996800002,100.9941,100.9321,-0.062
150.11993995199998,100.9941,100.9324,-0.0617
150.159939936,100.9941,100.9326,-0.0615
150.19993992,100.9941,100.9329,-0.0612
150.239939904,100.9941,100.9331,-0.061
150.279939888,100.9941,100.9334,-0.0607
150.319939872,100.9941,100.9336,-0.0605
150.35993985599998,100.9953,100.9339,-0.0614
150.39993984,100.9953,100.9341,-0.0611
150.439939824,100.9953,100.9344,-0.0608
150.479939808,100.9953,100.9347,-0.0605
150.51993979199997,100.9953,100.935,-0.0602
150.559939776,100.9953,100.9353,-0.06
150.59993975999998,100.9953,100.9356,-0.0597
150.639939744,100.9953,100.9358,-0.0594
150.679939728,100.9953,100.9361,-0.0592
150.719939712,100.9953,100.9364,-0.0589
150.759939696,100.9953,100.9366,-0.0586
150.79993968,100.9953,100.9369,-0.0584
150.839939664,100.9953,100.9372,-0.0581
150.879939648,100.9953,100.9375,-0.0578
150.91993963200002,100.9953,100.9377,-0.0575
150.95993961599999,100.9953,100.938,-0.0573
150.9999396,100.9953,100.9383,-0.057
151.039939584,100.9953,100.9385,-0.0567
151.07993956800001,100.9953,100.9388,-0.0565
151.119939552,100.9953,100.9391,-0.0562
151.159939536,100.9963,100.9393,-0.0569
151.19993952,100.9963,100.9396,-0.0566
151.239939504,100.9963,100.9398,-0.0564
151.279939488,100.9963,100.9401,-0.0562
151.31993947200002,100.9963,100.9403,-0.0559
151.35993945599998,100.9963,100.9406,-0.0557
151.39993944,100.9963,100.9408,-0.0554
151.439939424,100.9963,100.9411,-0.0551
151.479939408,100.9963,100.9414,-0.0549
151.519939392,100.9963,100.9416,-0.0546
151.559939376,100.9963,100.9418,-0.0544
151.59993935999998,100.9963,100.9421,-0.0541
151.639939344,100.9963,100.9423,-0.0539
151.679939328,100.9963,100.9426,-0.0537
151.719939312,100.9963,100.9428,-0.0534
151.759939296,100.9963,100.9431,-0.0532
151.79993928,100.9963,100.9433,-0.053
151.839939264,100.9963,100.9435,-0.0527
151.879939248,100.9963,100.9438,-0.0525
151.91993923200002,100.9963,100.9441,-0.0522
151.959939216,100.9971,100.9443,-0.0528
151.9999392,100.9971,100.9446,-0.0525
152.039939184,100.9971,100.9448,-0.0523
152.079939168,100.9971,100.945,-0.052
152.119939152,100.9971,100.9453,-0.0518
152.15993913600002,100.9971,100.9456,-0.0515
152.19993911999998,100.9971,100.9458,-0.0513
152.239939104,100.9971,100.946,-0.051
152.279939088,100.9971,100.9463,-0.0508
152.319939072,100.9971,100.9465,-0.0505
152.359939056,100.9971,100.9468,-0.0503
152.39993904,100.9971,100.947,-0.05
152.43993902399998,100.9971,100.9473,-0.0498
152.479939008,100.9971,100.9475,-0.0496
152.519938992,100.9971,100.9477,-0.0493
152.559938976,100.9971,100.948,-0.0491
152.59993895999997,100.9971,100.9482,-0.0489
152.639938944,100.9971,100.9484,-0.0487
152.67993892799998,100.9971,100.9486,-0.0485
152.719938912,100.9971,100.9488,-0.0482
152.759938896,100.9978,100.9491,-0.0487
152.79993887999998,100.9978,100.9493,-0.0485
152.839938864,100.9978,100.9495,-0.0482
152.879938848,100.9978,100.9498,-0.048
152.919938832,100.9978,100.95,-0.0478
152.959938816,100.9978,100.9502,-0.0476
152.9999388,100.9978,100.9504,-0.0473
153.039938784,100.9978,100.9506,-0.0471
153.079938768,100.9978,100.9509,-0.0468
153.119938752,100.9978,100.9511,-0.0466
153.15993873600002,100.9978,100.9514,-0.0464
153.19993871999998,100.9978,100.9516,-0.0462
153.239938704,100.9978,100.9518,-0.046
153.279938688,100.9978,100.952,-0.0458
153.319938672,100.9978,100.9522,-0.0456
153.359938656,100.9978,100.9524,-0.0454
153.39993864000002,100.9978,100.9526,-0.0452
153.43993862399998,100.9978,100.9527,-0.045
153.479938608,100.9978,100.953,-0.0448
153.519938592,100.9978,100.9531,-0.0446
153.559938576,100.9984,100.9533,-0.045
153.59993856,100.9984,100.9535,-0.0448
153.639938544,100.9984,100.9537,-0.0446
153.67993852799998,100.9984,100.9539,-0.0444
153.719938512,100.9984,100.9541,-0.0443
153.75993849600002,100.9984,100.9543,-0.044
153.79993848,100.9984,100.9545,-0.0438
153.839938464,100.9984,100.9547,-0.0436
153.879938448,100.9984,100.9549,-0.0434
153.919938432,100.9984,100.9551,-0.0433
153.959938416,100.9984,100.9552,-0.0431
153.99993840000002,100.9984,100.9554,-0.0429
154.03993838399998,100.9984,100.9556,-0.0427
154.079938368,100.9984,100.9558,-0.0425
154.119938352,100.9984,100.956,-0.0423
154.159938336,100.9984,100.9562,-0.0421
154.19993832,100.9984,100.9564,-0.0419
154.239938304,100.9984,100.9566,-0.0418
154.27993828799998,100.9984,100.9568,-0.0416
154.319938272,100.9984,100.957,-0.0414
154.359938256,100.9988,100.9572,-0.0416
154.39993824,100.9988,100.9573,-0.0415
154.43993822399997,100.9988,100.9575,-0.0412
154.479938208,100.9988,100.9577,-0.041
154.51993819199998,100.9988,100.9579,-0.0409
154.559938176,100.9988,100.9581,-0.0407
154.59993816,100.9988,100.9583,-0.0405
154.639938144,100.9988,100.9584,-0.0403
154.67993812799997,100.9988,100.9587,-0.0401
154.719938112,100.9988,100.9589,-0.0399
154.759938096,100.9988,100.9591,-0.0397
154.79993808,100.9988,100.9592,-0.0396
154.83993806400002,100.9988,100.9594,-0.0394
154.87993804799999,100.9988,100.9596,-0.0392
154.919938032,100.9988,100.9598,-0.039
154.959938016,100.9988,100.96,-0.0388
154.99993800000001,100.9988,100.9601,-0.0387
155.039937984,100.9988,100.9603,-0.0385
155.079937968,100.9988,100.9605,-0.0383
155.119937952,100.9988,100.9606,-0.0382
155.159937936,100.9992,100.9608,-0.0383
155.19993792,100.9992,100.961,-0.0382
155.23993790400002,100.9992,100.9611,-0.038
155.27993788799998,100.9992,100.9613,-0.0378
155.319937872,100.9992,100.9615,-0.0377
155.359937856,100.9992,100.9616,-0.0376
155.39993784,100.9992,100.9618,-0.0374
155.439937824,100.9992,100.962,-0.0372
155.479937808,100.9992,100.9621,-0.0371
155.51993779199998,100.9992,100.9622,-0.037
155.559937776,100.9992,100.9624,-0.0368
155.59993776,100.9992,100.9625,-0.0366
155.639937744,100.9992,100.9627,-0.0364
155.67993772799997,100.9992,100.9629,-0.0363
155.719937712,100.9992,100.9631,-0.0361
155.759937696,100.9992,100.9632,-0.0359
155.79993768,100.9992,100.9635,-0.0357
155.83993766400002,100.9992,100.9636,-0.0355
155.879937648,100.9992,100.9638,-0.0353
155.919937632,100.9992,100.964,-0.0351
155.959937616,100.9995,100.9642,-0.0352
155.9999376,100.9995,100.9644,-0.0351
156.039937584,100.9995,100.9645,-0.0349
156.07993756800002,100.9995,100.9647,-0.0347
156.11993755199998,100.9995,100.9649,-0.0345
156.159937536,100.9995,100.9651,-0.0344
156.19993752,100.9995,100.9653,-0.0342
156.239937504,100.9995,100.9655,-0.0339
156.279937488,100.9995,100.9656,-0.0338
156.319937472,100.9995,100.9658,-0.0336
156.35993745599998,100.9995,100.966,-0.0334
156.39993744,100.9995,100.9661,-0.0333
156.439937424,100.9995,100.9663,-0.0331
156.479937408,100.9995,100.9665,-0.0329
156.51993739199997,100.9995,100.9667,-0.0327
156.559937376,100.9995,100.967,-0.0325
156.59993735999998,100.9995,100.9672,-0.0322
156.639937344,100.9995,100.9674,-0.032
156.679937328,100.9995,100.9676,-0.0318
156.71993731199998,100.9995,100.9678,-0.0316
156.759937296,100.9997,100.968,-0.0316
156.79993728,100.9997,100.9681,-0.0315
156.839937264,100.9997,100.9683,-0.0313
156.879937248,100.9997,100.9684,-0.0312
156.919937232,100.9997,100.9686,-0.031
156.959937216,100.9997,100.9688,-0.0308
156.9999372,100.9997,100.969,-0.0306
157.039937184,100.9997,100.9692,-0.0304
157.07993716800001,100.9997,100.9694,-0.0302
157.119937152,100.9997,100.9696,-0.03
157.159937136,100.9997,100.9698,-0.0298
157.19993712,100.9997,100.97,-0.0296
157.239937104,100.9997,100.9702,-0.0295
157.279937088,100.9997,100.9704,-0.0292
157.31993707200002,100.9997,100.9706,-0.0291
157.35993705599998,100.9997,100.9707,-0.0289
157.39993704,100.9997,100.9709,-0.0287
157.439937024,100.9997,100.9711,-0.0285
157.479937008,100.9997,100.9713,-0.0283
157.519936992,100.9997,100.9714,-0.0282
157.559936976,100.9998,100.9716,-0.0281
157.59993695999998,100.9998,100.9718,-0.028
157.639936944,100.9998,100.972,-0.0278
157.679936928,100.9998,100.9722,-0.0276
157.719936912,100.9998,100.9723,-0.0274
157.759936896,100.9998,100.9725,-0.0272
157.79993688,100.9998,100.9727,-0.027
157.839936864,100.9998,100.9729,-0.0269
157.879936848,100.9998,100.9731,-0.0267
157.91993683200002,100.9998,100.9733,-0.0265
157.95993681599998,100.9998,100.9735,-0.0262
157.9999368,100.9998,100.9737,-0.026
158.039936784,100.9998,100.9739,-0.0258
158.079936768,100.9998,100.9741,-0.0257
158.119936752,100.9998,100.9743,-0.0254
158.159936736,100.9998,100.9745,-0.0252
158.19993671999998,100.9998,100.9747,-0.025
158.239936704,100.9998,100.9749,-0.0249
158.279936688,100.9998,100.9751,-0.0247
158.319936672,100.9998,100.9752,-0.0245
158.359936656,100.9999,100.9754,-0.0244
158.39993664,100.9999,100.9756,-0.0243
158.43993662399998,100.9999,100.9758,-0.0241
158.479936608,100.9999,100.976,-0.0238
158.519936592,100.9999,100.9761,-0.0237
158.559936576,100.9999,100.9763,-0.0235
158.59993655999997,100.9999,100.9765,-0.0233
158.639936544,100.9999,100.9767,-0.0231
158.67993652799998,100.9999,100.9769,-0.0229
158.719936512,100.9999,100.9771,-0.0227
158.75993649600002,100.9999,100.9773,-0.0225
158.79993647999999,100.9999,100.9775,-0.0223
158.839936464,100.9999,100.9776,-0.0222
158.879936448,100.9999,100.9778,-0.022
158.91993643200001,100.9999,100.9779,-0.0219
158.959936416,100.9999,100.978,-0.0218
158.9999364,100.9999,100.9781,-0.0217
159.039936384,100.9999,100.9783,-0.0216
159.079936368,100.9999,100.9784,-0.0214
159.119936352,100.9999,100.9786,-0.0213
159.15993633600002,100.9999,100.9788,-0.0211
159.19993631999998,100.9999,100.979,-0.0209
159.239936304,100.9999,100.9791,-0.0208
159.279936288,100.9999,100.9793,-0.0206
159.319936272,100.9999,100.9794,-0.0205
159.359936256,100.9999,100.9795,-0.0203
159.39993624,100.9999,100.9797,-0.0202
159.43993622399998,100.9999,100.9798,-0.0201
159.479936208,100.9999,100.9799,-0.0199
159.519936192,100.9999,100.9801,-0.0198
159.559936176,100.9999,100.9802,-0.0197
159.59993616,100.9999,100.9803,-0.0195
159.639936144,100.9999,100.9805,-0.0194
159.67993612799998,100.9999,100.9807,-0.0192
159.719936112,100.9999,100.9808,-0.0191
159.75993609600002,100.9999,100.9809,-0.019
159.79993608,100.9999,100.981,-0.0189
159.839936064,100.9999,100.9811,-0.0188
159.879936048,100.9999,100.9813,-0.0186
159.919936032,100.9999,100.9814,-0.0185
159.959936016,100.9999,100.9815,-0.0184
159.99993600000002,100.9999,100.9817,-0.0182
160.03993598399998,100.9999,100.9818,-0.0181
160.079935968,100.9999,100.982,-0.0179
160.119935952,100.9999,100.9821,-0.0177
160.159935936,100.9999,100.9823,-0.0176
160.19993592,100.9999,100.9824,-0.0175
160.239935904,100.9999,100.9825,-0.0174
160.27993588799998,100.9999,100.9826,-0.0173
160.319935872,100.9999,100.9826,-0.0173
160.359935856,100.9999,100.9827,-0.0171
160.39993584,100.9999,100.9828,-0.0171
160.43993582399997,100.9999,100.9829,-0.017
160.479935808,100.9999,100.983,-0.0169
160.51993579199998,100.9999,100.9831,-0.0168
160.559935776,100.9999,100.9832,-0.0167
160.59993576,100.9999,100.9833,-0.0166
160.63993574399998,100.9999,100.9834,-0.0165
160.67993572799998,100.9999,100.9835,-0.0164
160.719935712,100.9999,100.9836,-0.0162
160.759935696,101.0,100.9837,-0.0161
160.79993568,101.0,100.9839,-0.016
160.83993566400002,101.0,100.984,-0.0159
160.879935648,101.0,100.9841,-0.0158
160.919935632,101.0,100.9842,-0.0157
160.959935616,101.0,100.9843,-0.0156
160.99993560000001,101.0,100.9845,-0.0154
161.039935584,101.0,100.9845,-0.0154
161.079935568,101.0,100.9846,-0.0153
161.119935552,101.0,100.9847,-0.0152
161.159935536,101.0,100.9848,-0.0151
161.19993552,101.0,100.9849,-0.015
161.23993550400002,101.0,100.9849,-0.015
161.27993548799998,101.0,100.9851,-0.0148
161.319935472,101.0,100.9851,-0.0148
161.359935456,101.0,100.9852,-0.0147
161.39993544,101.0,100.9853,-0.0146
161.439935424,101.0,100.9854,-0.0145
161.479935408,101.0,100.9855,-0.0144
161.51993539199998,101.0,100.9856,-0.0143
161.559935376,101.0,100.9857,-0.0142
161.59993536,101.0,100.9858,-0.0141
161.639935344,101.0,100.9859,-0.014
161.679935328,101.0,100.986,-0.0139
161.719935312,101.0,100.9861,-0.0138
161.759935296,101.0,100.9862,-0.0137
161.79993528,101.0,100.9863,-0.0136
161.83993526400002,101.0,100.9863,-0.0136
161.87993524799998,101.0,100.9864,-0.0135
161.919935232,101.0,100.9865,-0.0134
161.959935216,101.0,100.9866,-0.0133
161.9999352,101.0,100.9867,-0.0131
162.039935184,101.0,100.9868,-0.013
162.07993516800002,101.0,100.987,-0.0129
162.11993515199998,101.0,100.9871,-0.0128
162.159935136,101.0,100.9872,-0.0127
162.19993512,101.0,100.9873,-0.0125
162.239935104,101.0,100.9874,-0.0125
162.279935088,101.0,100.9875,-0.0124
162.319935072,101.0,100.9876,-0.0123
162.35993505599998,100.9999,100.9876,-0.0122
162.39993504,100.9999,100.9877,-0.0121
162.439935024,100.9999,100.9878,-0.0121
162.479935008,100.9999,100.9879,-0.012
162.51993499199997,100.9999,100.988,-0.0119
162.559934976,100.9999,100.9881,-0.0118
162.59993495999998,100.9999,100.9882,-0.0117
162.639934944,100.9999,100.9883,-0.0116
162.679934928,100.9999,100.9884,-0.0115
162.71993491199999,100.9999,100.9885,-0.0114
162.759934896,100.9999,100.9886,-0.0113
162.79993488,100.9999,100.9887,-0.0112
162.839934864,100.9999,100.9887,-0.0112
162.879934848,100.9999,100.9888,-0.011
162.919934832,100.9999,100.9889,-0.011
162.959934816,100.9999,100.989,-0.0109
162.9999348,100.9999,100.9891,-0.0107
163.039934784,100.9999,100.9892,-0.0106
163.07993476800002,100.9999,100.9893,-0.0106
163.11993475199998,100.9999,100.9895,-0.0104
163.159934736,100.9999,100.9895,-0.0103
163.19993472,100.9999,100.9897,-0.0102
163.239934704,100.9999,100.9898,-0.0101
163.279934688,100.9999,100.9899,-0.01
163.31993467200002,100.9999,100.99,-0.0099
163.35993465599998,100.9999,100.99,-0.0098
163.39993464,100.9999,100.9902,-0.0097
163.439934624,100.9999,100.9903,-0.0096
163.479934608,100.9999,100.9904,-0.0095
163.519934592,100.9999,100.9905,-0.0094
163.559934576,100.9999,100.9906,-0.0093
163.59993455999998,100.9999,100.9907,-0.0091
163.639934544,100.9999,100.9909,-0.009
163.679934528,100.9999,100.991,-0.0089
163.719934512,100.9999,100.9911,-0.0088
163.759934496,100.9999,100.9912,-0.0086
163.79993448,100.9999,100.9914,-0.0085
163.839934464,100.9999,100.9915,-0.0084
163.879934448,100.9999,100.9916,-0.0083
163.91993443200002,100.9999,100.9917,-0.0082
163.95993441599998,100.9999,100.9918,-0.008
163.9999344,100.9999,100.992,-0.0079
164.039934384,100.9999,100.9921,-0.0078
164.079934368,100.9999,100.9921,-0.0077
164.119934352,100.9999,100.9923,-0.0076
164.159934336,100.9999,100.9923,-0.0075
164.19993431999998,100.9999,100.9924,-0.0074
164.239934304,100.9999,100.9925,-0.0073
164.279934288,100.9999,100.9926,-0.0072
164.319934272,100.9999,100.9927,-0.0072
164.35993425599997,100.9999,100.9928,-0.0071
164.39993424,100.9999,100.9928,-0.007
164.43993422399998,100.9999,100.9929,-0.0069
164.479934208,100.9999,100.993,-0.0069
164.519934192,100.9999,100.9931,-0.0067
164.559934176,100.9999,100.9932,-0.0066
164.59993415999998,100.9999,100.9933,-0.0065
164.639934144,100.9999,100.9934,-0.0065
164.679934128,100.9999,100.9935,-0.0064
164.719934112,100.9999,100.9935,-0.0063
164.75993409600002,100.9998,100.9936,-0.0061
164.79993407999999,100.9998,100.9937,-0.0061
164.839934064,100.9998,100.9938,-0.006
164.879934048,100.9998,100.9939,-0.0059
164.91993403200001,100.9998,100.9939,-0.0058
164.959934016,100.9998,100.994,-0.0057
164.999934,100.9998,100.9942,-0.0056
165.039933984,100.9998,100.9943,-0.0055
165.079933968,100.9998,100.9943,-0.0054
165.119933952,100.9998,100.9944,-0.0053
165.15993393600002,100.9998,100.9945,-0.0052
165.19993391999998,100.9998,100.9946,-0.0051
165.239933904,100.9998,100.9947,-0.005
165.279933888,100.9998,100.9948,-0.005
165.319933872,100.9998,100.9949,-0.0049
165.359933856,100.9998,100.995,-0.0048
165.39993384,100.9998,100.9951,-0.0046
165.43993382399998,100.9998,100.9952,-0.0046
165.479933808,100.9998,100.9953,-0.0045
165.519933792,100.9998,100.9954,-0.0043
165.559933776,100.9997,100.9956,-0.0041
165.59993375999997,100.9997,100.9957,-0.0039
165.639933744,100.9997,100.9958,-0.0038
165.679933728,100.9997,100.9959,-0.0037
165.719933712,100.9997,100.996,-0.0037
165.75993369600002,100.9997,100.996,-0.0036
165.79993368,100.9997,100.9961,-0.0035
165.839933664,100.9997,100.9962,-0.0034
165.879933648,100.9997,100.9963,-0.0033
165.919933632,100.9997,100.9963,-0.0033
165.959933616,100.9997,100.9964,-0.0032
165.99993360000002,100.9997,100.9965,-0.0031
166.03993358399998,100.9997,100.9965,-0.0031
166.079933568,100.9997,100.9966,-0.0031
166.119933552,100.9997,100.9966,-0.003
166.159933536,100.9997,100.9967,-0.0029
166.19993352,100.9997,100.9967,-0.0029
166.239933504,100.9997,100.9968,-0.0028
166.27993348799998,100.9997,100.9969,-0.0028
166.319933472,100.9997,100.9969,-0.0027
166.359933456,100.9995,100.997,-0.0024
166.39993344,100.9995,100.9971,-0.0024
166.43993342399997,100.9995,100.9971,-0.0023
166.479933408,100.9995,100.9971,-0.0023
166.51993339199998,100.9995,100.9972,-0.0023
166.559933376,100.9995,100.9972,-0.0022
166.59993336,100.9995,100.9972,-0.0022
166.63993334399999,100.9995,100.9973,-0.0021
166.679933328,100.9995,100.9973,-0.0021
166.719933312,100.9995,100.9974,-0.002
166.759933296,100.9995,100.9974,-0.002
166.79993328,100.9995,100.9975,-0.002
166.839933264,100.9995,100.9975,-0.0019
166.879933248,100.9995,100.9975,-0.0019
166.919933232,100.9995,100.9975,-0.0019
166.959933216,100.9995,100.9975,-0.0019
166.99993320000002,100.9995,100.9976,-0.0018
167.039933184,100.9995,100.9976,-0.0018
167.079933168,100.9995,100.9977,-0.0018
167.119933152,100.9995,100.9977,-0.0017
167.159933136,100.9992,100.9977,-0.0014
167.19993312,100.9992,100.9977,-0.0014
167.23993310400002,100.9992,100.9978,-0.0014
167.27993308799998,100.9992,100.9978,-0.0013
167.319933072,100.9992,100.9979,-0.0013
167.359933056,100.9992,100.9979,-0.0012
167.39993304,100.9992,100.9979,-0.0012
167.439933024,100.9992,100.998,-0.0012
167.479933008,100.9992,100.9981,-0.0011
167.51993299199998,100.9992,100.9981,-0.001
167.559932976,100.9992,100.9982,-0.001
167.59993296,100.9992,100.9982,-0.0009
167.639932944,100.9992,100.9983,-0.0009
167.679932928,100.9992,100.9983,-0.0008
167.719932912,100.9992,100.9984,-0.0008
167.759932896,100.9992,100.9983,-0.0008
167.79993288,100.9992,100.9983,-0.0008
167.83993286400002,100.9992,100.9984,-0.0008
167.87993284799998,100.9992,100.9984,-0.0008
167.919932832,100.9992,100.9984,-0.0008
167.959932816,100.9988,100.9984,-0.0003
167.9999328,100.9988,100.9985,-0.0003
168.039932784,100.9988,100.9985,-0.0003
168.079932768,100.9988,100.9985,-0.0003
168.11993275199998,100.9988,100.9986,-0.0002
168.159932736,100.9988,100.9985,-0.0003
168.19993272,100.9988,100.9985,-0.0003
168.239932704,100.9988,100.9986,-0.0002
168.279932688,100.9988,100.9986,-0.0002
168.319932672,100.9988,100.9986,-0.0002
168.35993265599998,100.9988,100.9986,-0.0002
168.39993264,100.9988,100.9986,-0.0002
168.439932624,100.9988,100.9986,-0.0002
168.479932608,100.9988,100.9986,-0.0002
168.51993259199998,100.9988,100.9987,-0.0001
168.559932576,100.9988,100.9987,-0.0001
168.59993255999998,100.9988,100.9987,-0.0001
168.639932544,100.9988,100.9987,-0.0001
168.67993252800002,100.9988,100.9987,-0.0
168.71993251199999,100.9988,100.9987,-0.0
168.759932496,100.9984,100.9988,0.0003
168.79993248,100.9984,100.9988,0.0003
168.83993246400001,100.9984,100.9987,0.0003
168.879932448,100.9984,100.9987,0.0003
168.919932432,100.9984,100.9988,0.0004
168.959932416,100.9984,100.9988,0.0004
168.9999324,100.9984,100.9989,0.0004
169.039932384,100.9984,100.9989,0.0004
169.07993236800002,100.9984,100.9989,0.0004
169.11993235199998,100.9984,100.9989,0.0005
169.159932336,100.9984,100.9989,0.0005
169.19993232,100.9984,100.999,0.0005
169.239932304,100.9984,100.999,0.0006
169.279932288,100.9984,100.9991,0.0006
169.319932272,100.9984,100.9992,0.0007
169.35993225599998,100.9984,100.9992,0.0008
169.39993224,100.9984,100.9992,0.0008
169.439932224,100.9984,100.9993,0.0008
169.479932208,100.9984,100.9993,0.0008
169.519932192,100.9984,100.9993,0.0008
169.559932176,100.9978,100.9993,0.0014
169.59993215999998,100.9978,100.9993,0.0014
169.639932144,100.9978,100.9994,0.0015
169.67993212800002,100.9978,100.9994,0.0015
169.719932112,100.9978,100.9995,0.0016
169.759932096,100.9978,100.9995,0.0016
169.79993208,100.9978,100.9996,0.0017
169.839932064,100.9978,100.9997,0.0018
169.879932048,100.9978,100.9997,0.0018
169.91993203200002,100.9978,100.9998,0.0019
169.95993201599998,100.9978,100.9998,0.0019
169.999932,100.9978,100.9998,0.0019
170.039931984,100.9978,100.9999,0.002
170.079931968,100.9978,100.9999,0.002
170.119931952,100.9978,101.0,0.0021
170.159931936,100.9978,101.0,0.0021
170.19993191999998,100.9978,101.0,0.0021
170.239931904,100.9978,101.0001,0.0023
170.279931888,100.9978,101.0002,0.0023
170.319931872,100.9978,101.0002,0.0023
170.35993185599997,100.9971,101.0002,0.0031
170.39993184,100.9971,101.0002,0.0031
170.43993182399998,100.9971,101.0003,0.0032
170.479931808,100.9971,101.0003,0.0032
170.519931792,100.9971,101.0004,0.0032
170.55993177599998,100.9971,101.0004,0.0033
170.59993176,100.9971,101.0005,0.0033
170.639931744,100.9971,101.0005,0.0034
170.679931728,100.9971,101.0005,0.0034
170.719931712,100.9971,101.0006,0.0035
170.75993169600002,100.9971,101.0006,0.0035
170.79993168,100.9971,101.0006,0.0035
170.839931664,100.9971,101.0007,0.0036
170.879931648,100.9971,101.0007,0.0036
170.91993163200002,100.9971,101.0008,0.0036
170.959931616,100.9971,101.0009,0.0037
170.9999316,100.9971,101.0009,0.0038
171.039931584,100.9971,101.001,0.0038
171.079931568,100.9971,101.001,0.0038
171.119931552,100.9971,101.0011,0.0039
171.15993153600002,100.9963,101.0011,0.0048
171.19993151999998,100.9963,101.0011,0.0048
171.239931504,100.9963,101.0012,0.0049
171.279931488,100.9963,101.0012,0.0049
171.319931472,100.9963,101.0013,0.005
171.359931456,100.9963,101.0014,0.005
171.39993144,100.9963,101.0014,0.0051
171.43993142399998,100.9963,101.0015,0.0051
171.479931408,100.9963,101.0015,0.0052
171.519931392,100.9963,101.0016,0.0052
171.559931376,100.9963,101.0016,0.0052
171.59993136,100.9963,101.0016,0.0053
171.639931344,100.9963,101.0017,0.0053
171.679931328,100.9963,101.0017,0.0053
171.719931312,100.9963,101.0017,0.0054
171.75993129600002,100.9963,101.0017,0.0054
171.79993127999998,100.9963,101.0017,0.0054
171.839931264,100.9963,101.0018,0.0055
171.879931248,100.9963,101.0018,0.0055
171.919931232,100.9963,101.0018,0.0055
171.959931216,100.9953,101.0018,0.0065
171.99993120000002,100.9953,101.0018,0.0065
172.03993118399998,100.9953,101.0019,0.0065
172.079931168,100.9953,101.0018,0.0065
172.119931152,100.9953,101.0018,0.0065
172.159931136,100.9953,101.0019,0.0065
172.19993112,100.9953,101.0019,0.0065
172.239931104,100.9953,101.0019,0.0066
172.27993108799998,100.9953,101.002,0.0066
172.319931072,100.9953,101.002,0.0066
172.359931056,100.9953,101.002,0.0066
172.39993104,100.9953,101.002,0.0066
172.43993102399997,100.9953,101.002,0.0066
172.479931008,100.9953,101.002,0.0066
172.51993099199998,100.9953,101.0019,0.0066
172.559930976,100.9953,101.0019,0.0066
172.59993096,100.9953,101.002,0.0066
172.63993094399999,100.9953,101.0019,0.0066
172.679930928,100.9953,101.0018,0.0065
172.719930912,100.9953,101.0019,0.0065
172.75993089600001,100.9941,101.0019,0.0077
172.79993088,100.9941,101.0019,0.0077
172.839930864,100.9941,101.0019,0.0077
172.879930848,100.9941,101.0019,0.0077
172.919930832,100.9941,101.0019,0.0077
172.959930816,100.9941,101.0018,0.0077
172.99993080000002,100.9941,101.0018,0.0076
173.03993078399998,100.9941,101.0018,0.0076
173.079930768,100.9941,101.0018,0.0076
173.119930752,100.9941,101.0018,0.0076
173.159930736,100.9941,101.0018,0.0076
173.19993072,100.9941,101.0018,0.0076
173.23993070400002,100.9941,101.0019,0.0077
173.27993068799998,100.9941,101.0018,0.0077
173.319930672,100.9941,101.0019,0.0077
173.359930656,100.9941,101.0019,0.0077
173.39993064,100.9941,101.0019,0.0077
173.439930624,100.9941,101.0019,0.0077
173.479930608,100.9941,101.0019,0.0077
173.51993059199998,100.9941,101.0019,0.0077
173.559930576,100.9928,101.0019,0.009
173.59993056000002,100.9928,101.0019,0.009
173.639930544,100.9928,101.0019,0.009
173.679930528,100.9928,101.0019,0.009
173.719930512,100.9928,101.0019,0.009
173.759930496,100.9928,101.002,0.0091
173.79993048,100.9928,101.002,0.0091
173.83993046400002,100.9928,101.002,0.0091
173.87993044799998,100.9928,101.002,0.0091
173.919930432,100.9928,101.002,0.0091
173.959930416,100.9928,101.002,0.0091
173.9999304,100.9928,101.002,0.0091
174.039930384,100.9928,101.002,0.0091
174.079930368,100.9928,101.0019,0.0091
174.11993035199998,100.9928,101.0019,0.009
174.159930336,100.9928,101.0019,0.009
174.19993032,100.9928,101.0019,0.009
174.239930304,100.9928,101.0019,0.009
174.27993028799997,100.9928,101.0019,0.0091
174.319930272,100.9928,101.002,0.0091
174.35993025599998,100.9913,101.002,0.0106
174.39993024,100.9913,101.002,0.0106
174.439930224,100.9913,101.002,0.0106
174.479930208,100.9913,101.002,0.0106
174.51993019199998,100.9913,101.002,0.0106
174.559930176,100.9913,101.002,0.0106
174.59993016,100.9913,101.0019,0.0105
174.639930144,100.9913,101.0019,0.0105
174.67993012800002,100.9913,101.0018,0.0104
174.719930112,100.9913,101.0018,0.0104
174.759930096,100.9913,101.0018,0.0104
174.79993008,100.9913,101.0018,0.0104
174.83993006400001,100.9913,101.0018,0.0104
174.879930048,100.9913,101.0018,0.0104
174.919930032,100.9913,101.0018,0.0104
174.959930016,100.9913,101.0017,0.0103
174.99993,100.9913,101.0017,0.0103
175.039929984,100.9913,101.0017,0.0103
175.07992996800002,100.9913,101.0016,0.0103
175.11992995199998,100.9913,101.0016,0.0102
175.159929936,100.9896,101.0016,0.0119
175.19992992,100.9896,101.0016,0.0119
175.239929904,100.9896,101.0016,0.0119
175.279929888,100.9896,101.0017,0.012
175.319929872,100.9896,101.0016,0.0119
175.35992985599998,100.9896,101.0016,0.0119
175.39992984,100.9896,101.0016,0.0119
175.439929824,100.9896,101.0016,0.0119
175.479929808,100.9896,101.0016,0.0119
175.51992979199997,100.9896,101.0016,0.0119
175.559929776,100.9896,101.0015,0.0118
175.59992976,100.9896,101.0015,0.0118
175.639929744,100.9896,101.0015,0.0118
175.67992972800002,100.9896,101.0015,0.0118
175.71992971199998,100.9896,101.0015,0.0118
175.759929696,100.9896,101.0015,0.0118
175.79992968,100.9896,101.0014,0.0117
175.839929664,100.9896,101.0014,0.0117
175.879929648,100.9896,101.0015,0.0118
175.91992963200002,100.9896,101.0015,0.0118
175.95992961599998,100.9877,101.0014,0.0136
175.9999296,100.9877,101.0015,0.0137
176.039929584,100.9877,101.0014,0.0136
176.079929568,100.9877,101.0014,0.0136
176.119929552,100.9877,101.0015,0.0137
176.159929536,100.9877,101.0015,0.0137
176.19992951999998,100.9877,101.0015,0.0137
176.239929504,100.9877,101.0015,0.0137
176.279929488,100.9877,101.0015,0.0137
176.319929472,100.9877,101.0015,0.0137
176.35992945599997,100.9877,101.0015,0.0137
176.39992944,100.9877,101.0015,0.0137
176.43992942399998,100.9877,101.0015,0.0137
176.479929408,100.9877,101.0015,0.0137
176.519929392,100.9877,101.0015,0.0137
176.55992937599999,100.9877,101.0014,0.0136
176.59992936,100.9877,101.0014,0.0136
176.639929344,100.9877,101.0014,0.0136
176.67992932800001,100.9877,101.0014,0.0136
176.719929312,100.9877,101.0014,0.0136
176.759929296,100.9857,101.0014,0.0157
176.79992928,100.9857,101.0014,0.0157
176.839929264,100.9857,101.0014,0.0157
176.879929248,100.9857,101.0014,0.0157
176.91992923200002,100.9857,101.0014,0.0157
176.95992921599998,100.9857,101.0013,0.0156
176.9999292,100.9857,101.0012,0.0155
177.039929184,100.9857,101.0012,0.0155
177.079929168,100.9857,101.0012,0.0155
177.119929152,100.9857,101.0012,0.0155
177.15992913600002,100.9857,101.0012,0.0155
177.19992911999998,100.9857,101.0012,0.0155
177.239929104,100.9857,101.0012,0.0155
177.279929088,100.9857,101.0012,0.0155
177.319929072,100.9857,101.0012,0.0155
177.359929056,100.9857,101.0012,0.0155
177.39992904,100.9857,101.0012,0.0155
177.43992902399998,100.9857,101.0012,0.0155
177.479929008,100.9857,101.0012,0.0155
177.519928992,100.9857,101.0011,0.0154
177.559928976,100.9833,101.0011,0.0178
177.59992896,100.9833,101.0011,0.0178
177.639928944,100.9833,101.0011,0.0178
177.679928928,100.9833,101.0011,0.0178
177.719928912,100.9833,101.0011,0.0177
177.75992889600002,100.9833,101.0011,0.0177
177.79992887999998,100.9833,101.0011,0.0178
177.839928864,100.9833,101.0011,0.0178
177.879928848,100.9833,101.0011,0.0178
177.919928832,100.9833,101.0012,0.0178
177.959928816,100.9833,101.0011,0.0178
177.9999288,100.9833,101.0012,0.0178
178.03992878399998,100.9833,101.0012,0.0178
178.079928768,100.9833,101.0011,0.0178
178.119928752,100.9833,101.0012,0.0178
178.159928736,100.9833,101.0012,0.0178
178.19992871999997,100.9833,101.0012,0.0178
178.239928704,100.9833,101.0012,0.0178
178.27992868799998,100.9833,101.0012,0.0178
178.319928672,100.9833,101.0012,0.0178
178.359928656,100.9808,101.0012,0.0204
178.39992864,100.9808,101.0012,0.0204
178.43992862399998,100.9808,101.0011,0.0203
178.479928608,100.9808,101.0011,0.0203
178.51992859199999,100.9808,101.0011,0.0203
178.559928576,100.9808,101.0011,0.0202
178.59992856000002,100.9808,101.0011,0.0203
178.63992854399999,100.9808,101.0011,0.0203
178.679928528,100.9808,101.0011,0.0203
178.719928512,100.9808,101.0011,0.0203
178.75992849600001,100.9808,101.0011,0.0203
178.79992848,100.9808,101.0011,0.0203
178.839928464,100.9808,101.0011,0.0203
178.879928448,100.9808,101.0011,0.0203
178.919928432,100.9808,101.0011,0.0203
178.959928416,100.9808,101.0011,0.0203
178.99992840000002,100.9808,101.0011,0.0203
179.03992838399998,100.9808,101.0011,0.0203
179.079928368,100.9808,101.0011,0.0203
179.119928352,100.9808,101.001,0.0202
179.159928336,100.978,101.001,0.023
179.19992832,100.978,101.001,0.023
179.239928304,100.978,101.001,0.023
179.27992828799998,100.978,101.001,0.023
179.319928272,100.978,101.0009,0.0229
179.359928256,100.978,101.0009,0.0229
179.39992824,100.978,101.0009,0.0228
179.43992822399997,100.978,101.0008,0.0228
179.479928208,100.978,101.0008,0.0228
179.51992819199998,100.978,101.0007,0.0227
179.559928176,100.978,101.0007,0.0227
179.59992816000002,100.978,101.0007,0.0227
179.639928144,100.978,101.0007,0.0227
179.679928128,100.978,101.0006,0.0226
179.719928112,100.978,101.0006,0.0226
179.759928096,100.978,101.0006,0.0226
179.79992808,100.978,101.0006,0.0226
179.83992806400002,100.978,101.0006,0.0225
179.87992804799998,100.978,101.0006,0.0225
179.919928032,100.978,101.0005,0.0225
179.959928016,100.9749,101.0005,0.0255
179.999928,100.9749,101.0003,0.0254
180.039927984,100.9749,101.0003,0.0253
180.079927968,100.9749,101.0003,0.0253
180.11992795199998,100.9749,101.0002,0.0253
180.159927936,100.9749,101.0002,0.0253
180.19992792,100.9749,101.0002,0.0252
180.239927904,100.9749,101.0002,0.0252
180.27992788799997,100.9749,101.0002,0.0252
180.319927872,100.9749,101.0001,0.0251
180.35992785599998,100.9749,101.0001,0.0251
180.39992784,100.9749,101.0,0.025
180.439927824,100.9749,101.0,0.025
180.47992780799999,100.9749,101.0,0.025
180.51992779199998,100.9749,101.0,0.025
180.559927776,100.9749,101.0,0.025
180.59992776,100.9749,100.9999,0.0249
180.639927744,100.9749,100.9999,0.0249
180.679927728,100.9749,100.9998,0.0249
180.719927712,100.9749,100.9998,0.0248
180.759927696,100.9716,100.9997,0.0281
180.79992768,100.9716,100.9997,0.028
180.83992766400002,100.9716,100.9997,0.028
180.879927648,100.9716,100.9996,0.028
180.919927632,100.9716,100.9996,0.0279
180.959927616,100.9716,100.9996,0.0279
180.9999276,100.9716,100.9995,0.0278
181.039927584,100.9716,100.9995,0.0278
181.07992756800002,100.9716,100.9994,0.0278
181.11992755199998,100.9716,100.9993,0.0277
181.159927536,100.9716,100.9993,0.0277
181.19992752,100.9716,100.9993,0.0276
181.239927504,100.9716,100.9992,0.0276
181.279927488,100.9716,100.9992,0.0276
181.319927472,100.9716,100.9992,0.0275
181.35992745599998,100.9716,100.9991,0.0275
181.39992744,100.9716,100.9991,0.0274
181.439927424,100.9716,100.999,0.0273
181.479927408,100.9716,100.999,0.0273
181.519927392,100.9716,100.999,0.0273
181.559927376,100.9681,100.999,0.0309
181.59992736,100.9681,100.9989,0.0308
181.639927344,100.9681,100.999,0.0309
181.67992732800002,100.9681,100.9989,0.0308
181.71992731199998,100.9681,100.9989,0.0308
181.759927296,100.9681,100.9989,0.0308
181.79992728,100.9681,100.9988,0.0307
181.839927264,100.9681,100.9988,0.0307
181.879927248,100.9681,100.9987,0.0306
181.919927232,100.9681,100.9987,0.0306
181.95992721599998,100.9681,100.9986,0.0306
181.9999272,100.9681,100.9986,0.0305
182.039927184,100.9681,100.9986,0.0305
182.079927168,100.9681,100.9986,0.0305
182.119927152,100.9681,100.9986,0.0305
182.159927136,100.9681,100.9986,0.0305
182.19992711999998,100.9681,100.9985,0.0304
182.239927104,100.9681,100.9985,0.0304
182.279927088,100.9681,100.9985,0.0304
182.319927072,100.9681,100.9985,0.0304
182.35992705599998,100.9642,100.9985,0.0342
182.39992704,100.9642,100.9984,0.0341
182.43992702399999,100.9642,100.9984,0.0341
182.479927008,100.9642,100.9984,0.0341
182.519926992,100.9642,100.9984,0.0341
182.55992697599999,100.9642,100.9984,0.0341
182.59992696,100.9642,100.9984,0.0341
182.639926944,100.9642,100.9983,0.0341
182.67992692800001,100.9642,100.9983,0.0341
182.719926912,100.9642,100.9983,0.034
182.759926896,100.9642,100.9983,0.034
182.79992688,100.9642,100.9982,0.034
182.839926864,100.9642,100.9982,0.0339
182.879926848,100.9642,100.9982,0.034
182.91992683200002,100.9642,100.9982,0.0339
182.95992681599998,100.9642,100.9981,0.0339
182.9999268,100.9642,100.9981,0.0339
183.039926784,100.9642,100.9981,0.0339
183.079926768,100.9642,100.9981,0.0339
183.119926752,100.9642,100.9981,0.0339
183.159926736,100.9601,100.9981,0.038
183.19992671999998,100.9601,100.9982,0.038
183.239926704,100.9601,100.9982,0.038
183.279926688,100.9601,100.9982,0.0381
183.319926672,100.9601,100.9982,0.0381
183.359926656,100.9601,100.9982,0.038
183.39992664,100.9601,100.9981,0.038
183.43992662399998,100.9601,100.9981,0.0379
183.479926608,100.9601,100.9981,0.0379
183.519926592,100.9601,100.9981,0.0379
183.559926576,100.9601,100.9981,0.0379
183.59992656,100.9601,100.998,0.0379
183.639926544,100.9601,100.998,0.0379
183.679926528,100.9601,100.9979,0.0378
183.719926512,100.9601,100.9979,0.0378
183.75992649600002,100.9601,100.9979,0.0378
183.79992647999998,100.9601,100.9979,0.0378
183.839926464,100.9601,100.9979,0.0377
183.879926448,100.9601,100.9979,0.0377
183.919926432,100.9601,100.9978,0.0377
183.959926416,100.9557,100.9978,0.0421
183.9999264,100.9557,100.9978,0.042
184.03992638399998,100.9557,100.9977,0.042
184.079926368,100.9557,100.9977,0.042
184.119926352,100.9557,100.9977,0.0419
184.159926336,100.9557,100.9976,0.0419
184.19992631999997,100.9557,100.9976,0.0419
184.239926304,100.9557,100.9975,0.0418
184.27992628799998,100.9557,100.9975,0.0418
184.319926272,100.9557,100.9975,0.0418
184.359926256,100.9557,100.9975,0.0418
184.39992623999999,100.9557,100.9975,0.0417
184.43992622399998,100.9557,100.9974,0.0417
184.479926208,100.9557,100.9974,0.0417
184.519926192,100.9557,100.9974,0.0417
184.559926176,100.9557,100.9974,0.0416
184.59992616000002,100.9557,100.9973,0.0416
184.639926144,100.9557,100.9973,0.0416
184.679926128,100.9557,100.9973,0.0415
184.719926112,100.9557,100.9972,0.0415
184.75992609600002,100.951,100.9972,0.0461
184.79992608,100.951,100.9971,0.0461
184.839926064,100.951,100.997,0.046
184.879926048,100.951,100.997,0.046
184.919926032,100.951,100.997,0.0459
184.959926016,100.951,100.997,0.0459
184.99992600000002,100.951,100.9969,0.0459
185.03992598399998,100.951,100.9968,0.0458
185.079925968,100.951,100.9968,0.0458
185.119925952,100.951,100.9968,0.0458
185.159925936,100.951,100.9968,0.0457
185.19992592,100.951,100.9967,0.0456
185.239925904,100.951,100.9966,0.0456
185.27992588799998,100.951,100.9965,0.0455
185.319925872,100.951,100.9965,0.0454
185.359925856,100.951,100.9964,0.0454
185.39992584,100.951,100.9964,0.0453
185.43992582399997,100.951,100.9963,0.0453
185.479925808,100.951,100.9963,0.0453
185.519925792,100.951,100.9963,0.0452
185.559925776,100.946,100.9962,0.0502
185.59992576000002,100.946,100.9962,0.0502
185.63992574399998,100.946,100.9962,0.0501
185.679925728,100.946,100.9961,0.0501
185.719925712,100.946,100.9961,0.05
185.759925696,100.946,100.996,0.05
185.79992568,100.946,100.9959,0.0499
185.83992566400002,100.946,100.9959,0.0499
185.87992564799998,100.946,100.9959,0.0498
185.919925632,100.946,100.9958,0.0497
185.959925616,100.946,100.9957,0.0497
185.9999256,100.946,100.9957,0.0496
186.039925584,100.946,100.9956,0.0495
186.079925568,100.946,100.9955,0.0494
186.11992555199998,100.946,100.9954,0.0494
186.159925536,100.946,100.9954,0.0493
186.19992552,100.946,100.9953,0.0493
186.239925504,100.946,100.9952,0.0492
186.27992548799998,100.946,100.9952,0.0491
186.319925472,100.946,100.9951,0.049
186.35992545599998,100.9407,100.995,0.0542
186.39992544,100.9407,100.9949,0.0541
186.439925424,100.9407,100.9948,0.054
186.47992540799999,100.9407,100.9947,0.054
186.519925392,100.9407,100.9946,0.0539
186.559925376,100.9407,100.9946,0.0539
186.59992536000001,100.9407,100.9945,0.0538
186.639925344,100.9407,100.9945,0.0538
186.679925328,100.9407,100.9944,0.0537
186.719925312,100.9407,100.9944,0.0536
186.759925296,100.9407,100.9943,0.0536
186.79992528,100.9407,100.9942,0.0535
186.83992526400002,100.9407,100.9941,0.0534
186.87992524799998,100.9407,100.9941,0.0533
186.919925232,100.9407,100.994,0.0532
186.959925216,100.9407,100.9939,0.0532
186.9999252,100.9407,100.9938,0.0531
187.039925184,100.9407,100.9938,0.0531
187.07992516800002,100.9407,100.9937,0.053
187.11992515199998,100.9407,100.9936,0.0529
187.159925136,100.9351,100.9936,0.0584
187.19992512,100.9351,100.9935,0.0584
187.239925104,100.9351,100.9934,0.0583
187.279925088,100.9351,100.9934,0.0582
187.319925072,100.9351,100.9933,0.0581
187.35992505599998,100.9351,100.9932,0.058
187.39992504,100.9351,100.9931,0.058
187.439925024,100.9351,100.993,0.0579
187.479925008,100.9351,100.9929,0.0578
187.519924992,100.9351,100.9929,0.0577
187.559924976,100.9351,100.9928,0.0576
187.59992496,100.9351,100.9927,0.0575
187.639924944,100.9351,100.9925,0.0574
187.67992492800002,100.9351,100.9924,0.0573
187.71992491199998,100.9351,100.9923,0.0571
187.759924896,100.9351,100.9922,0.057
187.79992488,100.9351,100.9921,0.0569
187.839924864,100.9351,100.9919,0.0568
187.879924848,100.9351,100.9918,0.0567
187.919924832,100.9351,100.9917,0.0565
187.95992481599998,100.9292,100.9916,0.0623
187.9999248,100.9292,100.9915,0.0622
188.039924784,100.9292,100.9914,0.0621
188.079924768,100.9292,100.9913,0.062
188.11992475199997,100.9292,100.9911,0.0619
188.159924736,100.9292,100.991,0.0618
188.19992471999998,100.9292,100.9909,0.0617
188.239924704,100.9292,100.9908,0.0616
188.279924688,100.9292,100.9907,0.0615
188.319924672,100.9292,100.9906,0.0614
188.35992465599998,100.9292,100.9906,0.0613
188.39992464,100.9292,100.9905,0.0612
188.43992462399999,100.9292,100.9904,0.0611
188.479924608,100.9292,100.9903,0.0611
188.51992459200002,100.9292,100.9902,0.0609
188.559924576,100.9292,100.9901,0.0608
188.59992456,100.9292,100.99,0.0607
188.639924544,100.9292,100.9898,0.0606
188.67992452800002,100.9292,100.9897,0.0605
188.719924512,100.9292,100.9896,0.0604
188.759924496,100.9229,100.9895,0.0665
188.79992448,100.9229,100.9893,0.0663
188.839924464,100.9229,100.9892,0.0662
188.879924448,100.9229,100.9891,0.0661
188.91992443200002,100.9229,100.9889,0.0659
188.95992441599998,100.9229,100.9888,0.0658
188.9999244,100.9229,100.9886,0.0656
189.039924384,100.9229,100.9885,0.0655
189.079924368,100.9229,100.9884,0.0654
189.119924352,100.9229,100.9883,0.0653
189.159924336,100.9229,100.9882,0.0652
189.19992431999998,100.9229,100.9881,0.0651
189.239924304,100.9229,100.988,0.065
189.279924288,100.9229,100.9879,0.0649
189.319924272,100.9229,100.9877,0.0647
189.35992425599997,100.9229,100.9876,0.0646
189.39992424,100.9229,100.9876,0.0646
189.43992422399998,100.9229,100.9874,0.0644
189.479924208,100.9229,100.9873,0.0643
189.51992419200002,100.9229,100.9872,0.0642
189.559924176,100.9164,100.9871,0.0707
189.59992416,100.9164,100.987,0.0706
189.639924144,100.9164,100.9869,0.0704
189.679924128,100.9164,100.9868,0.0703
189.719924112,100.9164,100.9866,0.0702
189.75992409600002,100.9164,100.9865,0.07
189.79992407999998,100.9164,100.9864,0.07
189.839924064,100.9164,100.9863,0.0698
189.879924048,100.9164,100.9862,0.0697
189.919924032,100.9164,100.9861,0.0696
189.959924016,100.9164,100.9859,0.0694
189.999924,100.9164,100.9858,0.0694
190.03992398399998,100.9164,100.9857,0.0692
190.079923968,100.9164,100.9856,0.0691
190.119923952,100.9164,100.9855,0.069
190.159923936,100.9164,100.9853,0.0689
190.19992391999997,100.9164,100.9852,0.0688
190.239923904,100.9164,100.985,0.0686
190.27992388799998,100.9164,100.9849,0.0684
190.319923872,100.9164,100.9847,0.0683
190.359923856,100.9095,100.9845,0.075
190.39992383999999,100.9095,100.9844,0.0748
190.439923824,100.9095,100.9843,0.0747
190.479923808,100.9095,100.9842,0.0746
190.51992379200001,100.9095,100.9841,0.0745
190.559923776,100.9095,100.9839,0.0743
190.59992376,100.9095,100.9838,0.0742
190.639923744,100.9095,100.9837,0.0741
190.679923728,100.9095,100.9835,0.0739
190.719923712,100.9095,100.9833,0.0738
190.75992369600002,100.9095,100.9832,0.0736
190.79992368,100.9095,100.9831,0.0735
190.839923664,100.9095,100.9829,0.0733
190.879923648,100.9095,100.9828,0.0732
190.919923632,100.9095,100.9827,0.0731
190.959923616,100.9095,100.9826,0.073
190.99992360000002,100.9095,100.9825,0.0729
191.03992358399998,100.9095,100.9823,0.0727
191.079923568,100.9095,100.9822,0.0726
191.119923552,100.9095,100.9821,0.0725
191.159923536,100.9023,100.9819,0.0795
191.19992352,100.9023,100.9817,0.0794
191.239923504,100.9023,100.9816,0.0792
191.27992348799998,100.9023,100.9814,0.079
191.319923472,100.9023,100.9813,0.0789
191.359923456,100.9023,100.9812,0.0788
191.39992344,100.9023,100.9811,0.0787
191.439923424,100.9023,100.9809,0.0785
191.479923408,100.9023,100.9807,0.0783
191.519923392,100.9023,100.9805,0.0781
191.559923376,100.9023,100.9803,0.0779
191.59992336000002,100.9023,100.9802,0.0778
191.63992334399998,100.9023,100.98,0.0776
191.679923328,100.9023,100.9798,0.0774
191.719923312,100.9023,100.9796,0.0773
191.759923296,100.9023,100.9795,0.0771
191.79992328,100.9023,100.9793,0.0769
191.839923264,100.9023,100.9791,0.0767
191.87992324799998,100.9023,100.979,0.0766
191.919923232,100.9023,100.9788,0.0765
191.959923216,100.8948,100.9787,0.0838
191.9999232,100.8948,100.9785,0.0837
192.039923184,100.8948,100.9783,0.0835
192.079923168,100.8948,100.9782,0.0833
192.11992315199998,100.8948,100.9781,0.0832
192.159923136,100.8948,100.9779,0.0831
192.19992312,100.8948,100.9778,0.0829
192.239923104,100.8948,100.9776,0.0827
192.27992308799998,100.8948,100.9774,0.0825
192.319923072,100.8948,100.9773,0.0824
192.35992305599999,100.8948,100.977,0.0822
192.39992304,100.8948,100.9769,0.082
192.439923024,100.8948,100.9767,0.0818
192.479923008,100.8948,100.9765,0.0816
192.519922992,100.8948,100.9764,0.0815
192.559922976,100.8948,100.9762,0.0813
192.59992296000001,100.8948,100.9759,0.0811
192.639922944,100.8948,100.9757,0.0808
192.679922928,100.8948,100.9755,0.0806
192.719922912,100.8948,100.9753,0.0805
192.759922896,100.887,100.9751,0.0881
192.79992288,100.887,100.9749,0.0878
192.83992286400002,100.887,100.9747,0.0877
192.87992284799998,100.887,100.9745,0.0875
192.919922832,100.887,100.9743,0.0873
192.959922816,100.887,100.9741,0.0871
192.9999228,100.887,100.974,0.0869
193.039922784,100.887,100.9738,0.0868
193.079922768,100.887,100.9735,0.0865
193.11992275199998,100.887,100.9733,0.0863
193.159922736,100.887,100.9731,0.0861
193.19992272,100.887,100.9729,0.0858
193.239922704,100.887,100.9727,0.0857
193.279922688,100.887,100.9725,0.0854
193.319922672,100.887,100.9722,0.0852
193.35992265599998,100.887,100.972,0.085
193.39992264,100.887,100.9718,0.0847
193.43992262400002,100.887,100.9716,0.0846
193.479922608,100.887,100.9714,0.0844
193.519922592,100.887,100.9712,0.0842
193.559922576,100.8788,100.971,0.0922
193.59992256,100.8788,100.9708,0.092
193.639922544,100.8788,100.9707,0.0918
193.67992252800002,100.8788,100.9704,0.0916
193.71992251199998,100.8788,100.9702,0.0914
193.759922496,100.8788,100.97,0.0912
193.79992248,100.8788,100.9697,0.0909
193.839922464,100.8788,100.9695,0.0907
193.879922448,100.8788,100.9693,0.0904
193.919922432,100.8788,100.9691,0.0903
193.95992241599998,100.8788,100.9689,0.0901
193.9999224,100.8788,100.9687,0.0899
194.039922384,100.8788,100.9685,0.0897
194.079922368,100.8788,100.9682,0.0894
194.11992235199997,100.8788,100.9681,0.0892
194.159922336,100.8788,100.9678,0.089
194.19992231999998,100.8788,100.9676,0.0888
194.239922304,100.8788,100.9675,0.0887
194.279922288,100.8788,100.9673,0.0884
194.31992227199999,100.8788,100.9671,0.0882
194.35992225599998,100.8703,100.9669,0.0966
194.39992224,100.8703,100.9668,0.0964
194.43992222400001,100.8703,100.9666,0.0962
194.479922208,100.8703,100.9664,0.096
194.51992219200002,100.8703,100.9662,0.0958
194.559922176,100.8703,100.966,0.0956
194.59992216,100.8703,100.9658,0.0954
194.639922144,100.8703,100.9656,0.0953
194.67992212800002,100.8703,100.9654,0.0951
194.719922112,100.8703,100.9652,0.0949
194.759922096,100.8703,100.965,0.0947
194.79992208,100.8703,100.9648,0.0944
194.839922064,100.8703,100.9646,0.0942
194.879922048,100.8703,100.9644,0.094
194.91992203200002,100.8703,100.9642,0.0938
194.95992201599998,100.8703,100.964,0.0936
194.999922,100.8703,100.9638,0.0934
195.039921984,100.8703,100.9636,0.0932
195.079921968,100.8703,100.9633,0.0929
195.119921952,100.8703,100.9631,0.0927
195.159921936,100.8615,100.9629,0.1013
195.19992191999998,100.8615,100.9626,0.101
195.239921904,100.8615,100.9624,0.1009
195.279921888,100.8615,100.9622,0.1007
195.319921872,100.8615,100.9619,0.1004
195.35992185599997,100.8615,100.9617,0.1002
195.39992184,100.8615,100.9615,0.0999
195.439921824,100.8615,100.9613,0.0997
195.479921808,100.8615,100.961,0.0995
195.51992179200002,100.8615,100.9608,0.0993
195.55992177599998,100.8615,100.9606,0.099
195.59992176,100.8615,100.9603,0.0987
195.639921744,100.8615,100.96,0.0985
195.679921728,100.8615,100.9598,0.0983
195.719921712,100.8615,100.9595,0.098
195.75992169600002,100.8615,100.9593,0.0978
195.79992167999998,100.8615,100.9591,0.0976
195.839921664,100.8615,100.9589,0.0973
195.879921648,100.8615,100.9587,0.0971
195.919921632,100.8615,100.9584,0.0969
195.959921616,100.8523,100.9582,0.1058
195.9999216,100.8523,100.958,0.1056
196.03992158399998,100.8523,100.9578,0.1054
196.079921568,100.8523,100.9575,0.1051
196.119921552,100.8523,100.9573,0.1049
196.159921536,100.8523,100.9571,0.1047
196.19992151999998,100.8523,100.9568,0.1044
196.239921504,100.8523,100.9566,0.1042
196.27992148799999,100.8523,100.9564,0.104
196.319921472,100.8523,100.9561,0.1037
196.359921456,100.8523,100.9559,0.1035
196.39992143999999,100.8523,100.9556,0.1033
196.439921424,100.8523,100.9554,0.103
196.479921408,100.8523,100.9552,0.1028
196.51992139200001,100.8523,100.9549,0.1025
196.559921376,100.8523,100.9547,0.1024
196.59992136,100.8523,100.9545,0.1021
196.639921344,100.8523,100.9542,0.1019
196.679921328,100.8523,100.954,0.1016
196.719921312,100.8523,100.9537,0.1013
196.75992129600002,100.8429,100.9535,0.1106
196.79992127999998,100.8429,100.9532,0.1103
196.839921264,100.8429,100.9529,0.11
196.879921248,100.8429,100.9527,0.1098
196.919921232,100.8429,100.9524,0.1095
196.959921216,100.8429,100.9522,0.1093
196.99992120000002,100.8429,100.952,0.1091
197.03992118399998,100.8429,100.9518,0.1088
197.079921168,100.8429,100.9516,0.1086
197.119921152,100.8429,100.9513,0.1084
197.159921136,100.8429,100.951,0.1081
197.19992112,100.8429,100.9507,0.1078
197.239921104,100.8429,100.9505,0.1076
197.27992108799998,100.8429,100.9503,0.1074
197.319921072,100.8429,100.95,0.1071
197.359921056,100.8429,100.9498,0.1069
197.39992104,100.8429,100.9495,0.1066
197.439921024,100.8429,100.9493,0.1064
197.479921008,100.8429,100.9491,0.1061
197.519920992,100.8429,100.9488,0.1058
197.559920976,100.8331,100.9486,0.1154
197.59992096000002,100.8331,100.9483,0.1152
197.63992094399998,100.8331,100.9481,0.1149
197.679920928,100.8331,100.9478,0.1147
197.719920912,100.8331,100.9475,0.1144
197.759920896,100.8331,100.9473,0.1142
197.79992088,100.8331,100.947,0.1139
197.839920864,100.8331,100.9468,0.1137
197.87992084799998,100.8331,100.9466,0.1135
197.919920832,100.8331,100.9463,0.1132
197.959920816,100.8331,100.9461,0.113
197.9999208,100.8331,100.9459,0.1128
198.03992078399997,100.8331,100.9456,0.1125
198.079920768,100.8331,100.9454,0.1123
198.11992075199998,100.8331,100.9451,0.112
198.159920736,100.8331,100.9449,0.1118
198.19992072,100.8331,100.9447,0.1116
198.239920704,100.8331,100.9445,0.1113
198.27992068799998,100.8331,100.9443,0.1111
198.319920672,100.8331,100.944,0.1109
198.35992065599999,100.8229,100.9438,0.1208
198.39992064,100.8229,100.9436,0.1206
198.43992062400002,100.8229,100.9433,0.1203
198.479920608,100.8229,100.9431,0.1201
198.519920592,100.8229,100.9428,0.1198
198.559920576,100.8229,100.9426,0.1196
198.59992056000002,100.8229,100.9423,0.1193
198.639920544,100.8229,100.9421,0.1191
198.679920528,100.8229,100.9419,0.1189
198.719920512,100.8229,100.9416,0.1186
198.759920496,100.8229,100.9414,0.1184
198.79992048,100.8229,100.9412,0.1182
198.83992046400002,100.8229,100.9409,0.1179
198.87992044799998,100.8229,100.9407,0.1177
198.919920432,100.8229,100.9404,0.1175
198.959920416,100.8229,100.9402,0.1172
198.9999204,100.8229,100.9399,0.1169
199.039920384,100.8229,100.9397,0.1167
199.079920368,100.8229,100.9394,0.1164
199.11992035199998,100.8229,100.9392,0.1162
199.159920336,100.8125,100.9389,0.1263
199.19992032,100.8125,100.9386,0.1261
199.239920304,100.8125,100.9383,0.1258
199.27992028799997,100.8125,100.9381,0.1255
199.319920272,100.8125,100.9378,0.1253
199.35992025599998,100.8125,100.9375,0.125
199.39992024,100.8125,100.9373,0.1247
199.43992022400002,100.8125,100.9369,0.1244
199.47992020799998,100.8125,100.9367,0.1241
199.519920192,100.8125,100.9365,0.1239
199.559920176,100.8125,100.9362,0.1237
199.59992016,100.8125,100.936,0.1234
199.639920144,100.8125,100.9357,0.1231
199.67992012800002,100.8125,100.9355,0.1229
199.71992011199998,100.8125,100.9352,0.1226
199.759920096,100.8125,100.9349,0.1223
199.79992008,100.8125,100.9346,0.122
199.839920064,100.8125,100.9343,0.1218
199.879920048,100.8125,100.934,0.1215
199.919920032,100.8125,100.9337,0.1212
199.95992001599998,100.8018,100.9335,0.1317
199.99992,100.8018,100.9332,0.1314
200.039919984,100.8018,100.9329,0.1311
200.079919968,100.8018,100.9327,0.1308
200.11991995199998,100.8018,100.9324,0.1306
200.159919936,100.8018,100.9321,0.1302
200.19991991999999,100.8018,100.9318,0.1299
200.239919904,100.8018,100.9315,0.1297
200.279919888,100.8018,100.9312,0.1294
200.31991987199999,100.8018,100.9309,0.1291
200.35991985599998,100.8018,100.9306,0.1288
200.39991984,100.8018,100.9303,0.1285
200.43991982400001,100.8018,100.9301,0.1283
200.479919808,100.8018,100.9298,0.128
200.519919792,100.8018,100.9295,0.1277
200.559919776,100.8018,100.9291,0.1273
200.59991976,100.8018,100.9288,0.127
200.639919744,100.8018,100.9285,0.1267
200.67991972800002,100.8018,100.9282,0.1264
200.71991971199998,100.8018,100.9279,0.1261
200.759919696,100.7907,100.9275,0.1368
200.79991968,100.7907,100.9272,0.1365
200.839919664,100.7907,100.9269,0.1361
200.879919648,100.7907,100.9266,0.1359
200.91991963200002,100.7907,100.9263,0.1355
200.95991961599998,100.7907,100.926,0.1352
200.9999196,100.7907,100.9256,0.1349
201.039919584,100.7907,100.9252,0.1345
201.079919568,100.7907,100.925,0.1342
201.119919552,100.7907,100.9246,0.1339
201.159919536,100.7907,100.9243,0.1336
201.19991951999998,100.7907,100.924,0.1333
201.239919504,100.7907,100.9237,0.1329
201.279919488,100.7907,100.9233,0.1326
201.319919472,100.7907,100.923,0.1323
201.359919456,100.7907,100.9226,0.1319
201.39991944,100.7907,100.9224,0.1316
201.439919424,100.7907,100.922,0.1313
201.479919408,100.7907,100.9217,0.1309
201.51991939200002,100.7907,100.9214,0.1306
201.55991937599998,100.7793,100.921,0.1417
201.59991936,100.7793,100.9207,0.1413
201.639919344,100.7793,100.9204,0.141
201.679919328,100.7793,100.9201,0.1407
201.719919312,100.7793,100.9198,0.1404
201.759919296,100.7793,100.9194,0.14
201.79991927999998,100.7793,100.919,0.1397
201.839919264,100.7793,100.9187,0.1393
201.879919248,100.7793,100.9184,0.139
201.919919232,100.7793,100.9181,0.1387
201.95991921599997,100.7793,100.9178,0.1384
201.9999192,100.7793,100.9175,0.1381
202.03991918399998,100.7793,100.9171,0.1378
202.079919168,100.7793,100.9168,0.1374
202.119919152,100.7793,100.9165,0.1371
202.159919136,100.7793,100.9162,0.1368
202.19991911999998,100.7793,100.9159,0.1365
202.239919104,100.7793,100.9155,0.1362
202.27991908799999,100.7793,100.9152,0.1359
202.319919072,100.7793,100.915,0.1356
202.359919056,100.7677,100.9147,0.147
202.39991904,100.7677,100.9143,0.1466
202.439919024,100.7677,100.9141,0.1464
202.479919008,100.7677,100.9137,0.146
202.51991899200002,100.7677,100.9135,0.1458
202.559918976,100.7677,100.9132,0.1455
202.59991896,100.7677,100.9129,0.1452
202.639918944,100.7677,100.9126,0.1449
202.679918928,100.7677,100.9123,0.1446
202.719918912,100.7677,100.9119,0.1442
202.75991889600002,100.7677,100.9116,0.1439
202.79991887999998,100.7677,100.9112,0.1436
202.839918864,100.7677,100.9109,0.1432
202.879918848,100.7677,100.9106,0.1429
202.919918832,100.7677,100.9103,0.1426
202.959918816,100.7677,100.91,0.1423
202.9999188,100.7677,100.9097,0.142
203.03991878399998,100.7677,100.9094,0.1417
203.079918768,100.7677,100.9091,0.1414
203.119918752,100.7677,100.9088,0.1411
203.159918736,100.7557,100.9085,0.1528
203.19991871999997,100.7557,100.9082,0.1525
203.239918704,100.7557,100.9079,0.1521
203.27991868799998,100.7557,100.9076,0.1518
203.319918672,100.7557,100.9073,0.1515
203.359918656,100.7557,100.9069,0.1512
203.39991864,100.7557,100.9066,0.1509
203.439918624,100.7557,100.9064,0.1506
203.479918608,100.7557,100.906,0.1503
203.519918592,100.7557,100.9057,0.15
203.559918576,100.7557,100.9054,0.1496
203.59991856000002,100.7557,100.905,0.1493
203.63991854399998,100.7557,100.9047,0.149
203.679918528,100.7557,100.9044,0.1486
203.719918512,100.7557,100.9041,0.1484
203.759918496,100.7557,100.9038,0.1481
203.79991848,100.7557,100.9035,0.1478
203.839918464,100.7557,100.9032,0.1475
203.87991844799998,100.7557,100.9029,0.1472
203.919918432,100.7557,100.9026,0.1469
203.959918416,100.7434,100.9023,0.1588
203.9999184,100.7434,100.902,0.1585
204.03991838399998,100.7434,100.9017,0.1582
204.079918368,100.7434,100.9013,0.1578
204.11991835199998,100.7434,100.901,0.1575
204.159918336,100.7434,100.9006,0.1572
204.19991832,100.7434,100.9003,0.1568
204.23991830399999,100.7434,100.9,0.1565
204.27991828799998,100.7434,100.8996,0.1562
204.319918272,100.7434,100.8993,0.1559
204.35991825600001,100.7434,100.899,0.1555
204.39991824,100.7434,100.8986,0.1552
204.439918224,100.7434,100.8983,0.1548
204.479918208,100.7434,100.8979,0.1544
204.519918192,100.7434,100.8976,0.1541
204.559918176,100.7434,100.8973,0.1538
204.59991816000002,100.7434,100.8969,0.1534
204.639918144,100.7434,100.8966,0.1531
204.679918128,100.7434,100.8962,0.1527
204.719918112,100.7434,100.8958,0.1524
204.759918096,100.7309,100.8954,0.1645
204.79991808,100.7309,100.8951,0.1641
204.83991806400002,100.7309,100.8947,0.1638
204.87991804799998,100.7309,100.8943,0.1634
204.919918032,100.7309,100.894,0.1631
204.959918016,100.7309,100.8936,0.1627
204.999918,100.7309,100.8933,0.1623
205.039917984,100.7309,100.8929,0.162
205.079917968,100.7309,100.8925,0.1616
205.11991795199998,100.7309,100.8923,0.1613
205.159917936,100.7309,100.8919,0.161
205.19991792,100.7309,100.8915,0.1606
205.239917904,100.7309,100.8912,0.1603
205.27991788799997,100.7309,100.8909,0.1599
205.319917872,100.7309,100.8905,0.1596
205.359917856,100.7309,100.8901,0.1592
205.39991784,100.7309,100.8897,0.1588
205.43991782400002,100.7309,100.8894,0.1585
205.47991780799998,100.7309,100.889,0.1581
205.519917792,100.7309,100.8886,0.1577
205.559917776,100.7181,100.8883,0.1702
205.59991776,100.7181,100.8879,0.1698
205.639917744,100.7181,100.8875,0.1694
205.679917728,100.7181,100.8871,0.169
205.71991771199998,100.7181,100.8867,0.1686
205.759917696,100.7181,100.8863,0.1682
205.79991768,100.7181,100.8859,0.1678
205.839917664,100.7181,100.8855,0.1674
205.879917648,100.7181,100.8851,0.167
205.919917632,100.7181,100.8848,0.1667
205.95991761599998,100.7181,100.8844,0.1663
205.9999176,100.7181,100.884,0.1659
206.039917584,100.7181,100.8836,0.1656
206.079917568,100.7181,100.8832,0.1651
206.11991755199998,100.7181,100.8829,0.1648
206.159917536,100.7181,100.8825,0.1644
206.19991751999999,100.7181,100.8821,0.164
206.239917504,100.7181,100.8816,0.1635
206.279917488,100.7181,100.8812,0.1631
206.319917472,100.7181,100.8808,0.1627
206.359917456,100.705,100.8805,0.1755
206.39991744,100.705,100.8801,0.1751
206.43991742400001,100.705,100.8797,0.1747
206.479917408,100.705,100.8793,0.1743
206.519917392,100.705,100.8789,0.1739
206.559917376,100.705,100.8785,0.1735
206.59991736,100.705,100.878,0.173
206.639917344,100.705,100.8776,0.1726
206.67991732800002,100.705,100.8772,0.1722
206.71991731199998,100.705,100.8768,0.1718
206.759917296,100.705,100.8764,0.1714
206.79991728,100.705,100.876,0.171
206.839917264,100.705,100.8756,0.1706
206.879917248,100.705,100.8751,0.1701
206.919917232,100.705,100.8747,0.1697
206.95991721599998,100.705,100.8743,0.1693
206.9999172,100.705,100.8738,0.1688
207.039917184,100.705,100.8734,0.1684
207.079917168,100.705,100.873,0.168
207.119917152,100.705,100.8726,0.1676
207.159917136,100.6916,100.8721,0.1805
207.19991711999998,100.6916,100.8717,0.18
207.239917104,100.6916,100.8712,0.1796
207.279917088,100.6916,100.8708,0.1791
207.319917072,100.6916,100.8703,0.1787
207.359917056,100.6916,100.8699,0.1782
207.39991704,100.6916,100.8694,0.1777
207.439917024,100.6916,100.869,0.1773
207.479917008,100.6916,100.8685,0.1768
207.51991699200002,100.6916,100.868,0.1764
207.55991697599998,100.6916,100.8676,0.1759
207.59991696,100.6916,100.8671,0.1754
207.639916944,100.6916,100.8666,0.175
207.679916928,100.6916,100.8662,0.1746
207.719916912,100.6916,100.8657,0.1741
207.759916896,100.6916,100.8653,0.1737
207.79991687999998,100.6916,100.8648,0.1732
207.839916864,100.6916,100.8644,0.1727
207.879916848,100.6916,100.8639,0.1723
207.919916832,100.6916,100.8634,0.1718
207.95991681599997,100.678,100.863,0.185
207.9999168,100.678,100.8626,0.1846
208.03991678399998,100.678,100.8621,0.1841
208.079916768,100.678,100.8617,0.1837
208.119916752,100.678,100.8612,0.1832
208.15991673599999,100.678,100.8608,0.1828
208.19991671999998,100.678,100.8604,0.1823
208.239916704,100.678,100.8599,0.1818
208.279916688,100.678,100.8594,0.1814
208.319916672,100.678,100.8589,0.1809
208.35991665600002,100.678,100.8584,0.1804
208.39991664,100.678,100.8579,0.1799
208.439916624,100.678,100.8574,0.1794
208.479916608,100.678,100.857,0.179
208.51991659200002,100.678,100.8565,0.1785
208.559916576,100.678,100.8561,0.1781
208.59991656,100.678,100.8556,0.1776
208.639916544,100.678,100.8552,0.1772
208.679916528,100.678,100.8547,0.1766
208.719916512,100.678,100.8542,0.1762
208.75991649600002,100.6641,100.8537,0.1896
208.79991647999998,100.6641,100.8532,0.1891
208.839916464,100.6641,100.8528,0.1886
208.879916448,100.6641,100.8524,0.1882
208.919916432,100.6641,100.8519,0.1878
208.959916416,100.6641,100.8515,0.1873
208.9999164,100.6641,100.851,0.1869
209.03991638399998,100.6641,100.8505,0.1864
209.079916368,100.6641,100.8501,0.186
209.119916352,100.6641,100.8497,0.1855
209.159916336,100.6641,100.8492,0.1851
209.19991631999997,100.6641,100.8488,0.1846
209.239916304,100.6641,100.8483,0.1842
209.27991628799998,100.6641,100.8479,0.1837
209.319916272,100.6641,100.8474,0.1833
209.35991625600002,100.6641,100.8469,0.1828
209.39991623999998,100.6641,100.8465,0.1824
209.439916224,100.6641,100.8461,0.1819
209.479916208,100.6641,100.8456,0.1815
209.519916192,100.6641,100.8452,0.181
209.559916176,100.65,100.8447,0.1947
209.59991616000002,100.65,100.8443,0.1942
209.63991614399998,100.65,100.8438,0.1938
209.679916128,100.65,100.8434,0.1933
209.719916112,100.65,100.843,0.1929
209.759916096,100.65,100.8425,0.1925
209.79991608,100.65,100.8421,0.1921
209.839916064,100.65,100.8417,0.1917
209.87991604799998,100.65,100.8413,0.1912
209.919916032,100.65,100.8408,0.1908
209.959916016,100.65,100.8404,0.1904
209.999916,100.65,100.8399,0.1899
210.03991598399998,100.65,100.8395,0.1895
210.079915968,100.65,100.839,0.189
210.11991595199999,100.65,100.8386,0.1886
210.159915936,100.65,100.8382,0.1881
210.19991592,100.65,100.8377,0.1877
210.239915904,100.65,100.8373,0.1873
210.279915888,100.65,100.8369,0.1868
210.319915872,100.65,100.8364,0.1864
210.35991585600001,100.6357,100.836,0.2003
210.39991584,100.6357,100.8356,0.1999
210.439915824,100.6357,100.8352,0.1995
210.479915808,100.6357,100.8347,0.199
210.519915792,100.6357,100.8343,0.1986
210.559915776,100.6357,100.8339,0.1982
210.59991576000002,100.6357,100.8336,0.1978
210.63991574399998,100.6357,100.8331,0.1974
210.679915728,100.6357,100.8327,0.197
210.719915712,100.6357,100.8323,0.1966
210.759915696,100.6357,100.8319,0.1962
210.79991568,100.6357,100.8314,0.1957
210.83991566400002,100.6357,100.831,0.1953
210.87991564799998,100.6357,100.8306,0.1949
210.919915632,100.6357,100.8302,0.1945
210.959915616,100.6357,100.8298,0.1941
210.9999156,100.6357,100.8293,0.1936
211.039915584,100.6357,100.8289,0.1932
211.079915568,100.6357,100.8285,0.1928
211.11991555199998,100.6357,100.8281,0.1924
211.159915536,100.6211,100.8277,0.2065
211.19991552,100.6211,100.8272,0.2061
211.239915504,100.6211,100.8268,0.2056
211.279915488,100.6211,100.8263,0.2052
211.319915472,100.6211,100.8258,0.2047
211.359915456,100.6211,100.8254,0.2043
211.39991544,100.6211,100.8249,0.2038
211.43991542400002,100.6211,100.8245,0.2034
211.47991540799998,100.6211,100.824,0.2029
211.519915392,100.6211,100.8236,0.2024
211.559915376,100.6211,100.8231,0.202
211.59991536,100.6211,100.8227,0.2015
211.639915344,100.6211,100.8223,0.2012
211.679915328,100.6211,100.8218,0.2007
211.71991531199998,100.6211,100.8213,0.2002
211.759915296,100.6211,100.8208,0.1997
211.79991528,100.6211,100.8203,0.1992
211.839915264,100.6211,100.8198,0.1987
211.87991524799997,100.6211,100.8194,0.1983
211.919915232,100.6211,100.8189,0.1978
211.95991521599998,100.6063,100.8184,0.212
211.9999152,100.6063,100.8179,0.2115
212.039915184,100.6063,100.8174,0.211
212.079915168,100.6063,100.8168,0.2105
212.11991515199998,100.6063,100.8163,0.21
212.159915136,100.6063,100.8158,0.2095
212.19991512,100.6063,100.8154,0.209
212.239915104,100.6063,100.8148,0.2085
212.279915088,100.6063,100.8143,0.208
212.319915072,100.6063,100.8138,0.2075
212.359915056,100.6063,100.8133,0.2069
212.39991504,100.6063,100.8128,0.2064
212.43991502400002,100.6063,100.8123,0.2059
212.479915008,100.6063,100.8117,0.2054
212.519914992,100.6063,100.8112,0.2049
212.559914976,100.6063,100.8107,0.2043
212.59991496,100.6063,100.8102,0.2038
212.639914944,100.6063,100.8096,0.2033
212.67991492800002,100.6063,100.8091,0.2027
212.71991491199998,100.6063,100.8085,0.2022
212.759914896,100.5913,100.808,0.2166
212.79991488,100.5913,100.8075,0.2161
212.839914864,100.5913,100.8069,0.2155
212.879914848,100.5913,100.8064,0.215
212.919914832,100.5913,100.8058,0.2144
212.95991481599998,100.5913,100.8053,0.2139
212.9999148,100.5913,100.8048,0.2134
213.039914784,100.5913,100.8042,0.2128
213.079914768,100.5913,100.8037,0.2123
213.11991475199997,100.5913,100.8031,0.2118
213.159914736,100.5913,100.8026,0.2112
213.19991471999998,100.5913,100.8021,0.2107
213.239914704,100.5913,100.8015,0.2101
213.27991468800002,100.5913,100.801,0.2096
213.319914672,100.5913,100.8004,0.2091
213.359914656,100.5913,100.7999,0.2085
213.39991464,100.5913,100.7993,0.208
213.439914624,100.5913,100.7988,0.2074
213.479914608,100.5913,100.7982,0.2068
213.51991459200002,100.5913,100.7976,0.2062
213.55991457599998,100.5762,100.7971,0.2209
213.59991456,100.5762,100.7965,0.2203
213.639914544,100.5762,100.7959,0.2197
213.679914528,100.5762,100.7954,0.2192
213.719914512,100.5762,100.7948,0.2186
213.759914496,100.5762,100.7942,0.218
213.79991447999998,100.5762,100.7936,0.2174
213.839914464,100.5762,100.7931,0.2169
213.879914448,100.5762,100.7926,0.2163
213.919914432,100.5762,100.792,0.2157
213.95991441599998,100.5762,100.7914,0.2152
213.9999144,100.5762,100.7908,0.2146
214.03991438399999,100.5762,100.7902,0.214
214.079914368,100.5762,100.7896,0.2134
214.119914352,100.5762,100.789,0.2128
214.15991433599999,100.5762,100.7884,0.2122
214.19991431999998,100.5762,100.7878,0.2116
214.239914304,100.5762,100.7873,0.2111
214.27991428800001,100.5762,100.7867,0.2105
214.319914272,100.5762,100.7861,0.2099
214.359914256,100.5608,100.7855,0.2246
214.39991424,100.5608,100.7849,0.224
214.439914224,100.5608,100.7843,0.2234
214.479914208,100.5608,100.7836,0.2228
214.51991419200002,100.5608,100.783,0.2222
214.559914176,100.5608,100.7825,0.2216
214.59991416,100.5608,100.7818,0.221
214.639914144,100.5608,100.7812,0.2204
214.679914128,100.5608,100.7807,0.2198
214.719914112,100.5608,100.7801,0.2192
214.75991409600002,100.5608,100.7795,0.2186
214.79991407999998,100.5608,100.7788,0.218
214.839914064,100.5608,100.7782,0.2173
214.879914048,100.5608,100.7776,0.2167
214.919914032,100.5608,100.777,0.2161
214.959914016,100.5608,100.7764,0.2155
214.999914,100.5608,100.7758,0.2149
215.03991398399998,100.5608,100.7751,0.2143
215.079913968,100.5608,100.7745,0.2136
215.119913952,100.5608,100.7739,0.213
215.159913936,100.5453,100.7733,0.228
215.19991391999997,100.5453,100.7727,0.2273
215.239913904,100.5453,100.772,0.2267
215.279913888,100.5453,100.7714,0.2261
215.319913872,100.5453,100.7708,0.2255
215.35991385600002,100.5453,100.7702,0.2248
215.39991383999998,100.5453,100.7695,0.2241
215.439913824,100.5453,100.7688,0.2235
215.479913808,100.5453,100.7682,0.2228
215.519913792,100.5453,100.7676,0.2222
215.559913776,100.5453,100.767,0.2216
215.59991376,100.5453,100.7663,0.2209
215.63991374399998,100.5453,100.7656,0.2202
215.679913728,100.5453,100.765,0.2196
215.719913712,100.5453,100.7643,0.2189
215.759913696,100.5453,100.7637,0.2183
215.79991368,100.5453,100.763,0.2177
215.839913664,100.5453,100.7624,0.2171
215.87991364799998,100.5453,100.7618,0.2165
215.919913632,100.5453,100.7611,0.2158
215.959913616,100.5296,100.7605,0.2308
215.9999136,100.5296,100.7598,0.2302
216.03991358399998,100.5296,100.7592,0.2296
216.079913568,100.5296,100.7586,0.2289
216.11991355199999,100.5296,100.7579,0.2283
216.159913536,100.5296,100.7573,0.2277
216.19991352,100.5296,100.7567,0.227
216.239913504,100.5296,100.756,0.2263
216.279913488,100.5296,100.7553,0.2257
216.319913472,100.5296,100.7547,0.225
216.35991345600002,100.5296,100.754,0.2243
216.39991344,100.5296,100.7533,0.2237
216.439913424,100.5296,100.7527,0.223
216.479913408,100.5296,100.752,0.2224
216.519913392,100.5296,100.7513,0.2217
216.559913376,100.5296,100.7507,0.2211
216.59991336000002,100.5296,100.7501,0.2204
216.63991334399998,100.5296,100.7494,0.2198
216.679913328,100.5296,100.7488,0.2192
216.719913312,100.5296,100.7482,0.2185
216.759913296,100.5138,100.7475,0.2337
216.79991328,100.5138,100.7469,0.2331
216.839913264,100.5138,100.7463,0.2324
216.87991324799998,100.5138,100.7457,0.2318
216.919913232,100.5138,100.745,0.2312
216.959913216,100.5138,100.7444,0.2305
216.9999132,100.5138,100.7437,0.2299
217.039913184,100.5138,100.743,0.2292
217.079913168,100.5138,100.7424,0.2286
217.11991315199998,100.5138,100.7418,0.2279
217.159913136,100.5138,100.7411,0.2273
217.19991312,100.5138,100.7405,0.2266
217.239913104,100.5138,100.7398,0.226
217.279913088,100.5138,100.7392,0.2254
217.319913072,100.5138,100.7386,0.2248
217.359913056,100.5138,100.738,0.2242
217.39991304,100.5138,100.7373,0.2235
217.43991302400002,100.5138,100.7367,0.2228
217.47991300799998,100.5138,100.7361,0.2223
217.519912992,100.5138,100.7355,0.2217
217.559912976,100.4978,100.7349,0.237
217.59991296,100.4978,100.7343,0.2364
217.639912944,100.4978,100.7337,0.2358
217.679912928,100.4978,100.7331,0.2352
217.71991291199998,100.4978,100.7325,0.2346
217.759912896,100.4978,100.7318,0.234
217.79991288,100.4978,100.7312,0.2333
217.839912864,100.4978,100.7306,0.2327
217.87991284799998,100.4978,100.73,0.2321
217.919912832,100.4978,100.7294,0.2315
217.95991281599999,100.4978,100.7287,0.2309
217.9999128,100.4978,100.7281,0.2302
218.039912784,100.4978,100.7275,0.2296
218.07991276799999,100.4978,100.7269,0.229
218.11991275199998,100.4978,100.7262,0.2284
218.159912736,100.4978,100.7256,0.2277
218.19991272,100.4978,100.7249,0.2271
218.239912704,100.4978,100.7243,0.2265
218.27991268800002,100.4978,100.7237,0.2259
218.319912672,100.4978,100.7231,0.2252
218.359912656,100.4817,100.7224,0.2406
218.39991264,100.4817,100.7218,0.24
218.43991262400002,100.4817,100.7212,0.2395
218.479912608,100.4817,100.7206,0.2388
218.519912592,100.4817,100.7199,0.2381
218.559912576,100.4817,100.7193,0.2375
218.59991256,100.4817,100.7187,0.2369
218.639912544,100.4817,100.7181,0.2363
218.67991252800002,100.4817,100.7175,0.2357
218.71991251199998,100.4817,100.7168,0.235
218.759912496,100.4817,100.7162,0.2344
218.79991248,100.4817,100.7156,0.2338
218.839912464,100.4817,100.7149,0.2332
218.879912448,100.4817,100.7143,0.2326
218.919912432,100.4817,100.7137,0.2319
218.95991241599998,100.4817,100.7131,0.2313
218.9999124,100.4817,100.7125,0.2307
219.039912384,100.4817,100.7118,0.23
219.079912368,100.4817,100.7111,0.2294
219.11991235199997,100.4817,100.7105,0.2287
219.159912336,100.4655,100.7098,0.2443
219.19991231999998,100.4655,100.7092,0.2436
219.239912304,100.4655,100.7085,0.2429
219.27991228800002,100.4655,100.7078,0.2423
219.31991227199998,100.4655,100.7072,0.2416
219.359912256,100.4655,100.7065,0.2409
219.39991224,100.4655,100.7058,0.2403
219.439912224,100.4655,100.7052,0.2396
219.479912208,100.4655,100.7045,0.2389
219.51991219200002,100.4655,100.7039,0.2383
219.55991217599998,100.4655,100.7032,0.2377
219.59991216,100.4655,100.7026,0.237
219.639912144,100.4655,100.702,0.2364
219.679912128,100.4655,100.7013,0.2357
219.719912112,100.4655,100.7006,0.2351
219.759912096,100.4655,100.7,0.2344
219.79991207999998,100.4655,100.6994,0.2338
219.839912064,100.4655,100.6987,0.2331
219.879912048,100.4655,100.698,0.2324
219.919912032,100.4655,100.6973,0.2318
219.95991201599998,100.4492,100.6966,0.2474
219.999912,100.4492,100.696,0.2467
220.03991198399999,100.4492,100.6952,0.246
220.079911968,100.4492,100.6945,0.2453
220.119911952,100.4492,100.6939,0.2446
220.159911936,100.4492,100.6932,0.2439
220.19991191999998,100.4492,100.6925,0.2433
220.239911904,100.4492,100.6918,0.2426
220.27991188800002,100.4492,100.6911,0.2419
220.319911872,100.4492,100.6905,0.2412
220.359911856,100.4492,100.6898,0.2405
220.39991184,100.4492,100.6892,0.2399
220.439911824,100.4492,100.6885,0.2392
220.479911808,100.4492,100.6877,0.2385
220.51991179200002,100.4492,100.687,0.2378
220.55991177599998,100.4492,100.6863,0.237
220.59991176,100.4492,100.6857,0.2364
220.639911744,100.4492,100.685,0.2357
220.679911728,100.4492,100.6843,0.235
220.719911712,100.4492,100.6836,0.2344
220.75991169600002,100.4328,100.6829,0.25
220.79991167999998,100.4328,100.6822,0.2493
220.839911664,100.4328,100.6815,0.2486
220.879911648,100.4328,100.6808,0.248
220.919911632,100.4328,100.6801,0.2473
220.959911616,100.4328,100.6794,0.2466
220.9999116,100.4328,100.6787,0.2459
221.03991158399998,100.4328,100.678,0.2451
221.079911568,100.4328,100.6773,0.2445
221.119911552,100.4328,100.6766,0.2438
221.159911536,100.4328,100.6759,0.2431
221.19991152,100.4328,100.6753,0.2424
221.239911504,100.4328,100.6746,0.2417
221.279911488,100.4328,100.6739,0.241
221.319911472,100.4328,100.6732,0.2404
221.35991145600002,100.4328,100.6725,0.2397
221.39991143999998,100.4328,100.6719,0.2391
221.439911424,100.4328,100.6713,0.2384
221.479911408,100.4328,100.6706,0.2378
221.519911392,100.4328,100.67,0.2371
221.559911376,100.4163,100.6693,0.253
221.59991136,100.4163,100.6687,0.2523
221.63991134399998,100.4163,100.668,0.2516
221.679911328,100.4163,100.6673,0.2509
221.719911312,100.4163,100.6667,0.2503
221.759911296,100.4163,100.666,0.2496
221.79991127999998,100.4163,100.6653,0.2489
221.839911264,100.4163,100.6647,0.2483
221.87991124799998,100.4163,100.664,0.2476
221.919911232,100.4163,100.6634,0.247
221.959911216,100.4163,100.6627,0.2463
221.9999112,100.4163,100.662,0.2456
222.03991118399998,100.4163,100.6614,0.245
222.079911168,100.4163,100.6606,0.2443
222.119911152,100.4163,100.66,0.2436
222.159911136,100.4163,100.6593,0.2429
222.19991112,100.4163,100.6586,0.2423
222.239911104,100.4163,100.658,0.2416
222.279911088,100.4163,100.6574,0.241
222.319911072,100.4163,100.6568,0.2404
222.35991105600002,100.3998,100.6561,0.2563
222.39991104,100.3998,100.6554,0.2556
222.439911024,100.3998,100.6548,0.2549
222.479911008,100.3998,100.6541,0.2542
222.519910992,100.3998,100.6535,0.2536
222.559910976,100.3998,100.6528,0.2529
222.59991096000002,100.3998,100.6521,0.2523
222.63991094399998,100.3998,100.6515,0.2516
222.679910928,100.3998,100.6508,0.2509
222.719910912,100.3998,100.6501,0.2502
222.759910896,100.3998,100.6494,0.2495
222.79991088,100.3998,100.6487,0.2489
222.839910864,100.3998,100.648,0.2482
222.87991084799998,100.3998,100.6473,0.2475
222.919910832,100.3998,100.6467,0.2469
222.959910816,100.3998,100.646,0.2462
222.9999108,100.3998,100.6453,0.2454
223.03991078399997,100.3998,100.6446,0.2448
223.079910768,100.3998,100.644,0.2441
223.11991075199998,100.3998,100.6433,0.2434
223.159910736,100.3832,100.6426,0.2593
223.19991072,100.3832,100.6418,0.2586
223.23991070399998,100.3832,100.6412,0.258
223.279910688,100.3832,100.6405,0.2572
223.319910672,100.3832,100.6398,0.2565
223.359910656,100.3832,100.6391,0.2558
223.39991064,100.3832,100.6384,0.2552
223.43991062400002,100.3832,100.6378,0.2545
223.47991060799998,100.3832,100.6371,0.2538
223.519910592,100.3832,100.6364,0.2531
223.559910576,100.3832,100.6357,0.2525
223.59991056,100.3832,100.635,0.2518
223.639910544,100.3832,100.6344,0.2511
223.679910528,100.3832,100.6336,0.2504
223.71991051199998,100.3832,100.633,0.2498
223.759910496,100.3832,100.6323,0.2491
223.79991048,100.3832,100.6316,0.2483
223.839910464,100.3832,100.6309,0.2477
223.87991044799998,100.3832,100.6302,0.2469
223.919910432,100.3832,100.6295,0.2462
223.95991041599999,100.3666,100.6288,0.2622
223.9999104,100.3666,100.6281,0.2615
224.039910384,100.3666,100.6274,0.2608
224.079910368,100.3666,100.6267,0.26
224.11991035199998,100.3666,100.626,0.2594
224.159910336,100.3666,100.6253,0.2587
224.19991032000001,100.3666,100.6246,0.2579
224.239910304,100.3666,100.6239,0.2573
224.279910288,100.3666,100.6232,0.2565
224.319910272,100.3666,100.6225,0.2558
224.359910256,100.3666,100.6218,0.2551
224.39991024,100.3666,100.621,0.2544
224.43991022400002,100.3666,100.6203,0.2537
224.47991020799998,100.3666,100.6196,0.2529
224.519910192,100.3666,100.6189,0.2522
224.559910176,100.3666,100.6182,0.2515
224.59991016,100.3666,100.6174,0.2507
224.639910144,100.3666,100.6166,0.25
224.67991012800002,100.3666,100.6159,0.2492
224.71991011199998,100.3666,100.6151,0.2485
224.759910096,100.3499,100.6144,0.2644
224.79991008,100.3499,100.6136,0.2636
224.839910064,100.3499,100.6129,0.2629
224.879910048,100.3499,100.6122,0.2622
224.919910032,100.3499,100.6114,0.2615
224.95991001599998,100.3499,100.6107,0.2607
224.99991,100.3499,100.61,0.26
225.039909984,100.3499,100.6092,0.2593
225.079909968,100.3499,100.6085,0.2585
225.11990995199997,100.3499,100.6077,0.2578
225.159909936,100.3499,100.6071,0.2571
225.19990992,100.3499,100.6063,0.2563
225.239909904,100.3499,100.6056,0.2556
225.27990988800002,100.3499,100.6049,0.2549
225.31990987199998,100.3499,100.6042,0.2543
225.359909856,100.3499,100.6035,0.2535
225.39990984,100.3499,100.6028,0.2528
225.439909824,100.3499,100.602,0.2521
225.479909808,100.3499,100.6013,0.2513
225.519909792,100.3499,100.6006,0.2506
225.55990977599998,100.3333,100.5999,0.2665
225.59990976,100.3333,100.5991,0.2658
225.639909744,100.3333,100.5984,0.2651
225.679909728,100.3333,100.5977,0.2644
225.71990971199997,100.3333,100.5969,0.2636
225.759909696,100.3333,100.5963,0.2629
225.79990967999998,100.3333,100.5955,0.2622
225.839909664,100.3333,100.5948,0.2614
225.879909648,100.3333,100.5941,0.2607
225.919909632,100.3333,100.5933,0.26
225.95990961599998,100.3333,100.5926,0.2593
225.9999096,100.3333,100.5918,0.2585
226.039909584,100.3333,100.5911,0.2578
226.079909568,100.3333,100.5904,0.2571
226.119909552,100.3333,100.5896,0.2563
226.159909536,100.3333,100.5889,0.2556
226.19990952,100.3333,100.5881,0.2548
226.239909504,100.3333,100.5874,0.2541
226.27990948800002,100.3333,100.5867,0.2534
226.319909472,100.3333,100.5859,0.2526
226.359909456,100.3162,100.5852,0.269
226.39990944,100.3162,100.5845,0.2683
226.439909424,100.3162,100.5838,0.2675
226.479909408,100.3162,100.5831,0.2669
226.51990939200002,100.3162,100.5824,0.2661
226.55990937599998,100.3162,100.5817,0.2655
226.59990936,100.3162,100.581,0.2648
226.639909344,100.3162,100.5802,0.264
226.679909328,100.3162,100.5795,0.2633
226.719909312,100.3162,100.5788,0.2626
226.759909296,100.3162,100.5781,0.2618
226.79990927999998,100.3162,100.5773,0.2611
226.839909264,100.3162,100.5766,0.2604
226.879909248,100.3162,100.5759,0.2597
226.919909232,100.3162,100.5752,0.2589
226.95990921599997,100.3162,100.5744,0.2582
226.9999092,100.3162,100.5737,0.2574
227.03990918399998,100.3162,100.5729,0.2567
227.079909168,100.3162,100.5723,0.256
227.119909152,100.3162,100.5715,0.2553
227.159909136,100.2991,100.5708,0.2716
227.19990912,100.2991,100.57,0.2709
227.239909104,100.2991,100.5692,0.2701
227.279909088,100.2991,100.5686,0.2694
227.319909072,100.2991,100.5678,0.2686
227.35990905600002,100.2991,100.567,0.2678
227.39990903999998,100.2991,100.5663,0.2671
227.439909024,100.2991,100.5654,0.2663
227.479909008,100.2991,100.5647,0.2656
227.519908992,100.2991,100.564,0.2648
227.559908976,100.2991,100.5632,0.2641
227.59990896,100.2991,100.5625,0.2634
227.63990894399998,100.2991,100.5617,0.2626
227.679908928,100.2991,100.561,0.2619
227.719908912,100.2991,100.5602,0.2611
227.759908896,100.2991,100.5595,0.2604
227.79990887999998,100.2991,100.5588,0.2597
227.839908864,100.2991,100.558,0.2589
227.87990884799999,100.2991,100.5573,0.2582
227.919908832,100.2991,100.5565,0.2574
227.959908816,100.282,100.5558,0.2738
227.9999088,100.282,100.5551,0.2731
228.03990878399998,100.282,100.5543,0.2723
228.079908768,100.282,100.5536,0.2716
228.119908752,100.282,100.5529,0.2708
228.159908736,100.282,100.5521,0.2701
228.19990872,100.282,100.5514,0.2693
228.239908704,100.282,100.5506,0.2685
228.279908688,100.282,100.5498,0.2678
228.319908672,100.282,100.549,0.267
228.35990865600002,100.282,100.5482,0.2662
228.39990864,100.282,100.5475,0.2654
228.439908624,100.282,100.5466,0.2646
228.479908608,100.282,100.5459,0.2639
228.519908592,100.282,100.5451,0.2631
228.559908576,100.282,100.5444,0.2623
228.59990856000002,100.282,100.5436,0.2616
228.63990854399998,100.282,100.5428,0.2608
228.679908528,100.282,100.5421,0.26
228.719908512,100.282,100.5413,0.2592
228.759908496,100.2649,100.5404,0.2755
228.79990848,100.2649,100.5397,0.2748
228.839908464,100.2649,100.5389,0.2739
228.87990844799998,100.2649,100.5381,0.2732
228.919908432,100.2649,100.5373,0.2724
228.959908416,100.2649,100.5366,0.2716
228.9999084,100.2649,100.5358,0.2709
229.03990838399997,100.2649,100.535,0.2701
229.079908368,100.2649,100.5343,0.2693
229.11990835199998,100.2649,100.5335,0.2685
229.159908336,100.2649,100.5327,0.2677
229.19990832000002,100.2649,100.5319,0.267
229.23990830399998,100.2649,100.5311,0.2662
229.279908288,100.2649,100.5304,0.2654
229.319908272,100.2649,100.5296,0.2647
229.359908256,100.2649,100.5288,0.2639
229.39990824,100.2649,100.5281,0.2631
229.439908224,100.2649,100.5272,0.2623
229.47990820799998,100.2649,100.5265,0.2615
229.519908192,100.2649,100.5257,0.2608
229.559908176,100.2478,100.5249,0.2771
229.59990816,100.2478,100.5242,0.2763
229.639908144,100.2478,100.5234,0.2755
229.679908128,100.2478,100.5226,0.2748
229.71990811199998,100.2478,100.5219,0.274
229.759908096,100.2478,100.5211,0.2732
229.79990808,100.2478,100.5203,0.2724
229.839908064,100.2478,100.5195,0.2716
229.87990804799998,100.2478,100.5187,0.2708
229.919908032,100.2478,100.5179,0.2701
229.95990801599999,100.2478,100.5171,0.2692
229.999908,100.2478,100.5163,0.2685
230.039907984,100.2478,100.5155,0.2677
230.079907968,100.2478,100.5148,0.2669
230.119907952,100.2478,100.514,0.2661
230.159907936,100.2478,100.5132,0.2653
230.19990792000002,100.2478,100.5124,0.2646
230.239907904,100.2478,100.5116,0.2638
230.279907888,100.2478,100.5108,0.263
230.319907872,100.2478,100.5101,0.2622
230.359907856,100.2307,100.5093,0.2785
230.39990784,100.2307,100.5085,0.2777
230.43990782400002,100.2307,100.5077,0.277
230.47990780799998,100.2307,100.5069,0.2762
230.519907792,100.2307,100.5062,0.2754
230.559907776,100.2307,100.5054,0.2747
230.59990776,100.2307,100.5047,0.2739
230.639907744,100.2307,100.5039,0.2732
230.679907728,100.2307,100.5031,0.2723
230.71990771199998,100.2307,100.5023,0.2716
230.759907696,100.2307,100.5015,0.2708
230.79990768,100.2307,100.5008,0.2701
230.839907664,100.2307,100.5,0.2693
230.879907648,100.2307,100.4993,0.2685
230.919907632,100.2307,100.4985,0.2677
230.95990761599998,100.2307,100.4977,0.2669
230.9999076,100.2307,100.4968,0.2661
231.039907584,100.2307,100.4961,0.2653
231.079907568,100.2307,100.4953,0.2645
231.119907552,100.2307,100.4946,0.2638
231.159907536,100.2136,100.4937,0.2801
231.19990752,100.2136,100.4929,0.2793
231.239907504,100.2136,100.4921,0.2785
231.27990748800002,100.2136,100.4913,0.2777
231.31990747199998,100.2136,100.4906,0.2769
231.359907456,100.2136,100.4898,0.2761
231.39990744,100.2136,100.4891,0.2754
231.439907424,100.2136,100.4883,0.2746
231.479907408,100.2136,100.4875,0.2738
231.519907392,100.2136,100.4867,0.273
231.55990737599998,100.2136,100.4859,0.2723
231.59990736,100.2136,100.4852,0.2715
231.639907344,100.2136,100.4844,0.2707
231.679907328,100.2136,100.4836,0.2699
231.71990731199998,100.2136,100.4828,0.2691
231.759907296,100.2136,100.482,0.2683
231.79990727999999,100.2136,100.4812,0.2676
231.839907264,100.2136,100.4804,0.2668
231.879907248,100.2136,100.4796,0.266
231.91990723199999,100.2136,100.4789,0.2652
231.95990721599998,100.1965,100.4781,0.2815
231.9999072,100.1965,100.4773,0.2807
232.039907184,100.1965,100.4765,0.2799
232.079907168,100.1965,100.4757,0.2791
232.119907152,100.1965,100.4749,0.2783
232.159907136,100.1965,100.4741,0.2775
232.19990712,100.1965,100.4733,0.2767
232.239907104,100.1965,100.4725,0.276
232.27990708800002,100.1965,100.4717,0.2752
232.319907072,100.1965,100.471,0.2744
232.359907056,100.1965,100.4702,0.2736
232.39990704,100.1965,100.4694,0.2728
232.439907024,100.1965,100.4686,0.272
232.479907008,100.1965,100.4678,0.2712
232.51990699200002,100.1965,100.467,0.2704
232.55990697599998,100.1965,100.4662,0.2696
232.59990696,100.1965,100.4654,0.2688
232.639906944,100.1965,100.4646,0.2681
232.679906928,100.1965,100.4638,0.2672
232.719906912,100.1965,100.463,0.2664
232.759906896,100.1794,100.4621,0.2827
232.79990687999998,100.1794,100.4613,0.2818
232.839906864,100.1794,100.4605,0.281
232.879906848,100.1794,100.4597,0.2802
232.919906832,100.1794,100.4588,0.2794
232.95990681599997,100.1794,100.458,0.2785
232.9999068,100.1794,100.4572,0.2777
233.03990678399998,100.1794,100.4564,0.2769
233.079906768,100.1794,100.4556,0.2761
233.11990675200002,100.1794,100.4548,0.2753
233.15990673599998,100.1794,100.4539,0.2745
233.19990672,100.1794,100.4531,0.2736
233.239906704,100.1794,100.4523,0.2728
233.279906688,100.1794,100.4514,0.272
233.319906672,100.1794,100.4506,0.2712
233.35990665600002,100.1794,100.4498,0.2703
233.39990663999998,100.1794,100.449,0.2695
233.439906624,100.1794,100.4482,0.2687
233.479906608,100.1794,100.4473,0.2678
233.519906592,100.1794,100.4465,0.267
233.559906576,100.1623,100.4457,0.2833
233.59990656,100.1623,100.4448,0.2824
233.63990654399998,100.1623,100.444,0.2816
233.679906528,100.1623,100.4432,0.2808
233.719906512,100.1623,100.4423,0.28
233.759906496,100.1623,100.4415,0.2791
233.79990647999998,100.1623,100.4407,0.2783
233.839906464,100.1623,100.4398,0.2775
233.87990644799999,100.1623,100.439,0.2767
233.919906432,100.1623,100.4382,0.2758
233.959906416,100.1623,100.4374,0.275
233.9999064,100.1623,100.4365,0.2741
234.03990638399998,100.1623,100.4357,0.2733
234.079906368,100.1623,100.4349,0.2725
234.11990635200002,100.1623,100.4341,0.2717
234.159906336,100.1623,100.4333,0.2709
234.19990632,100.1623,100.4324,0.27
234.239906304,100.1623,100.4316,0.2692
234.279906288,100.1623,100.4307,0.2683
234.319906272,100.1623,100.4299,0.2675
234.35990625600002,100.1452,100.4291,0.2838
234.39990623999998,100.1452,100.4282,0.283
234.439906224,100.1452,100.4275,0.2822
234.479906208,100.1452,100.4266,0.2813
234.519906192,100.1452,100.4258,0.2805
234.559906176,100.1452,100.425,0.2797
234.59990616000002,100.1452,100.4241,0.2788
234.63990614399998,100.1452,100.4233,0.278
234.679906128,100.1452,100.4225,0.2772
234.719906112,100.1452,100.4217,0.2764
234.759906096,100.1452,100.4209,0.2756
234.79990608,100.1452,100.42,0.2748
234.839906064,100.1452,100.4192,0.274
234.87990604799998,100.1452,100.4184,0.2731
234.919906032,100.1452,100.4176,0.2723
234.959906016,100.1452,100.4167,0.2714
234.999906,100.1452,100.4158,0.2706
235.03990598399997,100.1452,100.415,0.2698
235.079905968,100.1452,100.4142,0.2689
235.119905952,100.1452,100.4134,0.2681
235.159905936,100.1282,100.4126,0.2844
235.19990592000002,100.1282,100.4118,0.2836
235.23990590399998,100.1282,100.4111,0.2829
235.279905888,100.1282,100.4102,0.282
235.319905872,100.1282,100.4094,0.2812
235.359905856,100.1282,100.4086,0.2804
235.39990584,100.1282,100.4078,0.2796
235.439905824,100.1282,100.407,0.2788
235.47990580799998,100.1282,100.4062,0.278
235.519905792,100.1282,100.4053,0.2771
235.559905776,100.1282,100.4045,0.2763
235.59990576,100.1282,100.4037,0.2755
235.63990574399998,100.1282,100.4029,0.2747
235.679905728,100.1282,100.4021,0.2739
235.71990571199998,100.1282,100.4013,0.2731
235.759905696,100.1282,100.4005,0.2723
235.79990568,100.1282,100.3997,0.2715
235.839905664,100.1282,100.3989,0.2707
235.87990564799998,100.1282,100.3981,0.2699
235.919905632,100.1282,100.3973,0.2691
235.959905616,100.111,100.3965,0.2854
235.9999056,100.111,100.3957,0.2846
236.039905584,100.111,100.3949,0.2838
236.079905568,100.111,100.3941,0.2831
236.119905552,100.111,100.3934,0.2823
236.159905536,100.111,100.3926,0.2815
236.19990552000002,100.111,100.3918,0.2807
236.239905504,100.111,100.391,0.2799
236.279905488,100.111,100.3902,0.2791
236.319905472,100.111,100.3894,0.2783
236.359905456,100.111,100.3887,0.2776
236.39990544,100.111,100.3879,0.2768
236.43990542400002,100.111,100.3871,0.276
236.47990540799998,100.111,100.3863,0.2752
236.519905392,100.111,100.3855,0.2744
236.559905376,100.111,100.3848,0.2737
236.59990536,100.111,100.384,0.2729
236.639905344,100.111,100.3833,0.2722
236.679905328,100.111,100.3825,0.2714
236.71990531199998,100.111,100.3817,0.2706
236.759905296,100.094,100.381,0.287
236.79990528,100.094,100.3802,0.2862
236.839905264,100.094,100.3794,0.2854
236.87990524799997,100.094,100.3786,0.2846
236.919905232,100.094,100.3778,0.2838
236.95990521599998,100.094,100.3771,0.2831
236.9999052,100.094,100.3763,0.2822
237.039905184,100.094,100.3755,0.2815
237.079905168,100.094,100.3747,0.2807
237.119905152,100.094,100.3739,0.2799
237.159905136,100.094,100.3732,0.2792
237.19990512,100.094,100.3724,0.2784
237.239905104,100.094,100.3716,0.2776
237.27990508800002,100.094,100.3708,0.2768
237.31990507199998,100.094,100.3701,0.2761
237.359905056,100.094,100.3693,0.2753
237.39990504,100.094,100.3686,0.2745
237.439905024,100.094,100.3678,0.2738
237.479905008,100.094,100.367,0.273
237.519904992,100.094,100.3662,0.2722
237.55990497599998,100.0769,100.3655,0.2886
237.59990496,100.0769,100.3647,0.2878
237.639904944,100.0769,100.3639,0.287
237.679904928,100.0769,100.3632,0.2863
237.71990491199998,100.0769,100.3624,0.2855
237.759904896,100.0769,100.3616,0.2847
237.79990487999999,100.0769,100.3608,0.2839
237.839904864,100.0769,100.3601,0.2832
237.879904848,100.0769,100.3593,0.2824
237.919904832,100.0769,100.3585,0.2816
237.95990481599998,100.0769,100.3577,0.2808
237.9999048,100.0769,100.357,0.28
238.039904784,100.0769,100.3562,0.2793
238.079904768,100.0769,100.3554,0.2785
238.119904752,100.0769,100.3546,0.2777
238.159904736,100.0769,100.3538,0.2769
238.19990472,100.0769,100.3531,0.2762
238.239904704,100.0769,100.3523,0.2754
238.27990468800002,100.0769,100.3515,0.2745
238.319904672,100.0769,100.3507,0.2738
238.359904656,100.0598,100.3498,0.29
238.39990464,100.0598,100.349,0.2892
238.439904624,100.0598,100.3482,0.2884
238.479904608,100.0598,100.3474,0.2876
238.51990459200002,100.0598,100.3466,0.2868
238.55990457599998,100.0598,100.3458,0.286
238.59990456,100.0598,100.3451,0.2852
238.639904544,100.0598,100.3443,0.2845
238.679904528,100.0598,100.3435,0.2837
238.719904512,100.0598,100.3427,0.2829
238.759904496,100.0598,100.3419,0.2821
238.79990447999998,100.0598,100.3411,0.2813
238.839904464,100.0598,100.3404,0.2806
238.879904448,100.0598,100.3396,0.2798
238.919904432,100.0598,100.3388,0.279
238.95990441599997,100.0598,100.338,0.2782
238.9999044,100.0598,100.3372,0.2774
239.03990438399998,100.0598,100.3364,0.2766
239.079904368,100.0598,100.3356,0.2758
239.11990435200002,100.0598,100.3348,0.275
239.15990433599998,100.0427,100.334,0.2913
239.19990432,100.0427,100.3332,0.2905
239.239904304,100.0427,100.3324,0.2897
239.279904288,100.0427,100.3316,0.2888
239.319904272,100.0427,100.3307,0.288
239.359904256,100.0427,100.3299,0.2872
239.39990423999998,100.0427,100.3291,0.2864
239.439904224,100.0427,100.3283,0.2856
239.479904208,100.0427,100.3275,0.2847
239.519904192,100.0427,100.3267,0.284
239.559904176,100.0427,100.3259,0.2832
239.59990416,100.0427,100.3251,0.2823
239.63990414399998,100.0427,100.3242,0.2815
239.679904128,100.0427,100.3234,0.2807
239.719904112,100.0427,100.3226,0.2799
239.759904096,100.0427,100.3218,0.279
239.79990407999998,100.0427,100.321,0.2782
239.839904064,100.0427,100.3201,0.2774
239.879904048,100.0427,100.3193,0.2766
239.919904032,100.0427,100.3185,0.2757
239.959904016,100.0256,100.3176,0.292
239.999904,100.0256,100.3168,0.2912
240.03990398399998,100.0256,100.316,0.2904
240.079903968,100.0256,100.3152,0.2896
240.11990395200002,100.0256,100.3144,0.2888
240.159903936,100.0256,100.3136,0.288
240.19990392,100.0256,100.3128,0.2872
240.239903904,100.0256,100.312,0.2864
240.279903888,100.0256,100.3112,0.2856
240.319903872,100.0256,100.3104,0.2848
240.35990385600002,100.0256,100.3096,0.284
240.39990383999998,100.0256,100.3088,0.2831
240.439903824,100.0256,100.3079,0.2823
240.479903808,100.0256,100.3071,0.2815
240.519903792,100.0256,100.3063,0.2807
240.559903776,100.0256,100.3055,0.2799
240.59990376,100.0256,100.3048,0.2791
240.63990374399998,100.0256,100.304,0.2783
240.679903728,100.0256,100.3032,0.2775
240.719903712,100.0256,100.3023,0.2767
240.759903696,100.0085,100.3016,0.293
240.79990368,100.0085,100.3008,0.2922
240.839903664,100.0085,100.2999,0.2914
240.87990364799998,100.0085,100.2991,0.2906
240.919903632,100.0085,100.2983,0.2898
240.959903616,100.0085,100.2975,0.289
240.9999036,100.0085,100.2967,0.2882
241.039903584,100.0085,100.296,0.2874
241.079903568,100.0085,100.2952,0.2866
241.119903552,100.0085,100.2943,0.2858
241.159903536,100.0085,100.2936,0.285
241.19990352000002,100.0085,100.2927,0.2842
241.23990350399998,100.0085,100.2919,0.2834
241.279903488,100.0085,100.2911,0.2826
241.319903472,100.0085,100.2903,0.2818
241.359903456,100.0085,100.2896,0.281
241.39990344,100.0085,100.2887,0.2802
241.439903424,100.0085,100.2879,0.2794
241.47990340799998,100.0085,100.2871,0.2786
241.519903392,100.0085,100.2863,0.2778
241.559903376,99.9914,100.2855,0.2941
241.59990336,99.9914,100.2847,0.2933
241.63990334399998,99.9914,100.284,0.2925
241.679903328,99.9914,100.2832,0.2917
241.71990331199999,99.9914,100.2824,0.2909
241.759903296,99.9914,100.2816,0.2901
241.79990328,99.9914,100.2808,0.2894
241.839903264,99.9914,100.28,0.2885
241.87990324799998,99.9914,100.2791,0.2877
241.919903232,99.9914,100.2783,0.2869
241.959903216,99.9914,100.2775,0.286
241.9999032,99.9914,100.2766,0.2852
242.039903184,99.9914,100.2758,0.2844
242.079903168,99.9914,100.275,0.2836
242.119903152,99.9914,100.2742,0.2827
242.159903136,99.9914,100.2734,0.282
242.19990312000002,99.9914,100.2726,0.2812
242.239903104,99.9914,100.2718,0.2803
242.279903088,99.9914,100.271,0.2795
242.319903072,99.9914,100.2702,0.2787
242.359903056,99.9743,100.2694,0.295
242.39990304,99.9743,100.2686,0.2942
242.43990302400002,99.9743,100.2678,0.2934
242.47990300799998,99.9743,100.2669,0.2926
242.519902992,99.9743,100.2661,0.2918
242.559902976,99.9743,100.2652,0.2909
242.59990296,99.9743,100.2644,0.2901
242.639902944,99.9743,100.2636,0.2893
242.679902928,99.9743,100.2628,0.2884
242.71990291199998,99.9743,100.262,0.2876
242.759902896,99.9743,100.2611,0.2868
242.79990288,99.9743,100.2603,0.2859
242.839902864,99.9743,100.2595,0.2851
242.87990284799997,99.9743,100.2586,0.2843
242.919902832,99.9743,100.2578,0.2835
242.95990281599998,99.9743,100.257,0.2826
242.9999028,99.9743,100.2561,0.2818
243.039902784,99.9743,100.2553,0.281
243.07990276799998,99.9743,100.2545,0.2801
243.119902752,99.9743,100.2537,0.2793
243.159902736,99.9572,100.2529,0.2956
243.19990272,99.9572,100.2521,0.2948
243.239902704,99.9572,100.2512,0.294
243.27990268800002,99.9572,100.2503,0.2931
243.31990267199998,99.9572,100.2496,0.2923
243.359902656,99.9572,100.2487,0.2915
243.39990264,99.9572,100.2479,0.2907
243.439902624,99.9572,100.2471,0.2898
243.479902608,99.9572,100.2462,0.289
243.519902592,99.9572,100.2454,0.2881
243.55990257599998,99.9572,100.2445,0.2873
243.59990256,99.9572,100.2437,0.2865
243.639902544,99.9572,100.2429,0.2857
243.679902528,99.9572,100.2421,0.2848
243.71990251199998,99.9572,100.2412,0.284
243.759902496,99.9572,100.2404,0.2831
243.79990248,99.9572,100.2395,0.2823
243.839902464,99.9572,100.2387,0.2814
243.879902448,99.9572,100.2378,0.2806
243.919902432,99.9572,100.237,0.2797
243.95990241599998,99.9401,100.2361,0.296
243.9999024,99.9401,100.2353,0.2951
244.03990238400002,99.9401,100.2345,0.2943
244.079902368,99.9401,100.2336,0.2935
244.119902352,99.9401,100.2328,0.2926
244.159902336,99.9401,100.232,0.2918
244.19990232,99.9401,100.2311,0.2909
244.239902304,99.9401,100.2302,0.2901
244.27990228800002,99.9401,100.2294,0.2893
244.31990227199998,99.9401,100.2286,0.2884
244.359902256,99.9401,100.2278,0.2876
244.39990224,99.9401,100.2269,0.2867
244.439902224,99.9401,100.226,0.2859
244.479902208,99.9401,100.2252,0.285
244.51990219200002,99.9401,100.2243,0.2842
244.55990217599998,99.9401,100.2234,0.2833
244.59990216,99.9401,100.2226,0.2824
244.639902144,99.9401,100.2218,0.2816
244.679902128,99.9401,100.2209,0.2807
244.719902112,99.9401,100.2201,0.2799
244.759902096,99.923,100.2192,0.2962
244.79990207999998,99.923,100.2184,0.2953
244.839902064,99.923,100.2175,0.2945
244.879902048,99.923,100.2167,0.2936
244.919902032,99.923,100.2158,0.2928
244.95990201599997,99.923,100.215,0.2919
244.999902,99.923,100.2141,0.291
245.039901984,99.923,100.2133,0.2902
245.079901968,99.923,100.2124,0.2894
245.11990195200002,99.923,100.2116,0.2886
245.15990193599998,99.923,100.2108,0.2878
245.19990192,99.923,100.21,0.2869
245.239901904,99.923,100.2092,0.2861
245.279901888,99.923,100.2083,0.2853
245.319901872,99.923,100.2075,0.2845
245.359901856,99.923,100.2067,0.2836
245.39990183999998,99.923,100.2058,0.2827
245.439901824,99.923,100.205,0.2819
245.479901808,99.923,100.2042,0.2811
245.519901792,99.923,100.2033,0.2802
245.55990177599998,99.9059,100.2024,0.2965
245.59990176,99.9059,100.2016,0.2956
245.63990174399999,99.9059,100.2008,0.2948
245.679901728,99.9059,100.1999,0.2939
245.719901712,99.9059,100.1991,0.2931
245.759901696,99.9059,100.1983,0.2923
245.79990167999998,99.9059,100.1974,0.2914
245.839901664,99.9059,100.1966,0.2906
245.879901648,99.9059,100.1957,0.2898
245.919901632,99.9059,100.1949,0.2889
245.959901616,99.9059,100.194,0.2881
245.9999016,99.9059,100.1932,0.2872
246.039901584,99.9059,100.1924,0.2864
246.079901568,99.9059,100.1916,0.2856
246.11990155200002,99.9059,100.1907,0.2847
246.159901536,99.9059,100.1898,0.2839
246.19990152,99.9059,100.1889,0.283
246.239901504,99.9059,100.1881,0.2821
246.279901488,99.9059,100.1873,0.2813
246.319901472,99.9059,100.1864,0.2804
246.35990145600002,99.8888,100.1855,0.2966
246.39990143999998,99.8888,100.1846,0.2957
246.439901424,99.8888,100.1837,0.2948
246.479901408,99.8888,100.1829,0.294
246.519901392,99.8888,100.182,0.2932
246.559901376,99.8888,100.1812,0.2923
246.59990136,99.8888,100.1803,0.2914
246.63990134399998,99.8888,100.1795,0.2906
246.679901328,99.8888,100.1786,0.2897
246.719901312,99.8888,100.1777,0.2888
246.759901296,99.8888,100.1769,0.288
246.79990127999997,99.8888,100.176,0.2871
246.839901264,99.8888,100.1751,0.2862
246.87990124799998,99.8888,100.1743,0.2854
246.919901232,99.8888,100.1734,0.2845
246.959901216,99.8888,100.1725,0.2836
246.99990119999998,99.8888,100.1716,0.2827
247.039901184,99.8888,100.1707,0.2818
247.079901168,99.8888,100.1699,0.281
247.119901152,99.8888,100.169,0.2801
247.159901136,99.8717,100.1681,0.2963
247.19990112000002,99.8717,100.1672,0.2954
247.23990110399998,99.8717,100.1663,0.2945
247.279901088,99.8717,100.1654,0.2936
247.319901072,99.8717,100.1645,0.2928
247.359901056,99.8717,100.1637,0.2919
247.39990104,99.8717,100.1629,0.2911
247.439901024,99.8717,100.162,0.2902
247.47990100799998,99.8717,100.1611,0.2893
247.519900992,99.8717,100.1602,0.2884
247.559900976,99.8717,100.1593,0.2875
247.59990096,99.8717,100.1584,0.2867
247.63990094399998,99.8717,100.1576,0.2858
247.679900928,99.8717,100.1567,0.2849
247.71990091199999,99.8717,100.1559,0.2841
247.759900896,99.8717,100.1551,0.2833
247.79990088,99.8717,100.1542,0.2824
247.839900864,99.8717,100.1533,0.2815
247.87990084799998,99.8717,100.1525,0.2807
247.919900832,99.8717,100.1516,0.2798
247.959900816,99.8546,100.1507,0.296
247.9999008,99.8546,100.1498,0.2951
248.039900784,99.8546,100.1489,0.2942
248.079900768,99.8546,100.1481,0.2934
248.119900752,99.8546,100.1472,0.2925
248.159900736,99.8546,100.1463,0.2916
248.19990072000002,99.8546,100.1454,0.2908
248.23990070399998,99.8546,100.1446,0.2899
248.279900688,99.8546,100.1438,0.2891
248.319900672,99.8546,100.1429,0.2882
248.359900656,99.8546,100.142,0.2873
248.39990064,99.8546,100.141,0.2863
248.43990062400002,99.8546,100.1401,0.2854
248.47990060799998,99.8546,100.1392,0.2845
248.519900592,99.8546,100.1383,0.2836
248.559900576,99.8546,100.1374,0.2827
248.59990056,99.8546,100.1366,0.2819
248.639900544,99.8546,100.1357,0.281
248.679900528,99.8546,100.1348,0.2801
248.71990051199998,99.8546,100.134,0.2793
248.759900496,99.8375,100.1331,0.2955
248.79990048,99.8375,100.1322,0.2946
248.839900464,99.8375,100.1313,0.2937
248.87990044799997,99.8375,100.1304,0.2929
248.919900432,99.8375,100.1296,0.292
248.95990041599998,99.8375,100.1287,0.2911
248.9999004,99.8375,100.1278,0.2902
249.03990038400002,99.8375,100.1269,0.2893
249.07990036799998,99.8375,100.1261,0.2885
249.119900352,99.8375,100.1251,0.2875
249.159900336,99.8375,100.1243,0.2867
249.19990032,99.8375,100.1234,0.2858
249.239900304,99.8375,100.1225,0.2849
249.279900288,99.8375,100.1216,0.284
249.31990027199998,99.8375,100.1207,0.2832
249.359900256,99.8375,100.1199,0.2823
249.39990024,99.8375,100.1191,0.2815
249.439900224,99.8375,100.1182,0.2806
249.47990020799998,99.8375,100.1174,0.2798
249.519900192,99.8375,100.1165,0.2789
249.55990017599999,99.8205,100.1157,0.2952
249.59990016,99.8205,100.1149,0.2944
249.639900144,99.8205,100.114,0.2935
249.679900128,99.8205,100.1131,0.2926
249.71990011199998,99.8205,100.1123,0.2917
249.759900096,99.8205,100.1114,0.2909
249.79990008,99.8205,100.1106,0.2901
249.839900064,99.8205,100.1097,0.2892
249.879900048,99.8205,100.1089,0.2884
249.919900032,99.8205,100.108,0.2875
249.959900016,99.8205,100.1071,0.2866
249.9999,99.8205,100.1063,0.2858
250.03989998400002,99.8205,100.1055,0.285
250.079899968,99.8205,100.1046,0.2841
250.11989995200003,99.8205,100.1038,0.2833
250.15989993600002,99.8205,100.1029,0.2824
250.19989992000004,99.8205,100.1021,0.2816
250.23989990399997,99.8205,100.1012,0.2807
250.279899888,99.8205,100.1004,0.2799
250.31989987199998,99.8205,100.0996,0.2791
250.359899856,99.8034,100.0987,0.2953
250.39989984,99.8034,100.0979,0.2945
250.439899824,99.8034,100.097,0.2936
250.479899808,99.8034,100.0962,0.2928
250.51989979200002,99.8034,100.0954,0.2919
250.559899776,99.8034,100.0945,0.291
250.59989976000003,99.8034,100.0936,0.2902
250.63989974399996,99.8034,100.0927,0.2893
250.67989972799998,99.8034,100.0918,0.2884
250.71989971199997,99.8034,100.091,0.2876
250.759899696,99.8034,100.0902,0.2867
250.79989967999998,99.8034,100.0893,0.2859
250.839899664,99.8034,100.0884,0.285
250.879899648,99.8034,100.0876,0.2842
250.919899632,99.8034,100.0867,0.2833
250.959899616,99.8034,100.0859,0.2825
250.99989960000002,99.8034,100.0851,0.2817
251.03989958399998,99.8034,100.0842,0.2808
251.07989956799997,99.8034,100.0833,0.2799
251.119899552,99.8034,100.0825,0.2791
251.15989953599998,99.7863,100.0816,0.2953
251.19989952,99.7863,100.0808,0.2945
251.239899504,99.7863,100.0799,0.2936
251.279899488,99.7863,100.0791,0.2927
251.319899472,99.7863,100.0782,0.2919
251.35989945600002,99.7863,100.0773,0.291
251.39989944,99.7863,100.0765,0.2902
251.43989942400003,99.7863,100.0756,0.2893
251.47989940799997,99.7863,100.0748,0.2885
251.51989939199999,99.7863,100.074,0.2877
251.55989937599998,99.7863,100.0732,0.2869
251.59989936,99.7863,100.0724,0.2861
251.63989934399999,99.7863,100.0715,0.2852
251.679899328,99.7863,100.0707,0.2844
251.719899312,99.7863,100.0699,0.2836
251.75989929600001,99.7863,100.0691,0.2827
251.79989928,99.7863,100.0682,0.2819
251.83989926400002,99.7863,100.0673,0.281
251.87989924799996,99.7863,100.0665,0.2802
251.91989923199998,99.7863,100.0657,0.2793
251.959899216,99.7692,100.0648,0.2956
251.9998992,99.7692,100.064,0.2948
252.039899184,99.7692,100.0632,0.294
252.079899168,99.7692,100.0623,0.2931
252.11989915200002,99.7692,100.0615,0.2923
252.159899136,99.7692,100.0607,0.2914
252.19989912000003,99.7692,100.0598,0.2906
252.23989910400002,99.7692,100.059,0.2898
252.27989908799998,99.7692,100.0582,0.289
252.31989907199997,99.7692,100.0574,0.2882
252.359899056,99.7692,100.0565,0.2873
252.39989903999998,99.7692,100.0557,0.2864
252.439899024,99.7692,100.0548,0.2856
252.479899008,99.7692,100.054,0.2848
252.519898992,99.7692,100.0532,0.2839
252.559898976,99.7692,100.0523,0.2831
252.59989896000002,99.7692,100.0514,0.2822
252.639898944,99.7692,100.0506,0.2814
252.67989892800003,99.7692,100.0497,0.2805
252.71989891199996,99.7692,100.0488,0.2796
252.75989889599998,99.7521,100.0479,0.2958
252.79989887999997,99.7521,100.0471,0.295
252.839898864,99.7521,100.0462,0.2941
252.87989884799998,99.7521,100.0454,0.2932
252.919898832,99.7521,100.0445,0.2924
252.95989881600002,99.7521,100.0436,0.2914
252.9998988,99.7521,100.0427,0.2905
253.03989878400003,99.7521,100.0418,0.2896
253.07989876800002,99.7521,100.0409,0.2888
253.11989875199998,99.7521,100.04,0.2879
253.15989873599997,99.7521,100.0391,0.287
253.19989872,99.7521,100.0383,0.2861
253.23989870399998,99.7521,100.0374,0.2853
253.279898688,99.7521,100.0365,0.2844
253.319898672,99.7521,100.0357,0.2835
253.359898656,99.7521,100.0347,0.2826
253.39989864,99.7521,100.0339,0.2817
253.43989862400002,99.7521,100.033,0.2809
253.479898608,99.7521,100.0321,0.28
253.51989859199998,99.7521,100.0312,0.2791
253.55989857599997,99.735,100.0303,0.2953
253.59989855999999,99.735,100.0295,0.2944
253.63989854399998,99.735,100.0286,0.2936
253.679898528,99.735,100.0277,0.2927
253.719898512,99.735,100.0268,0.2918
253.759898496,99.735,100.0259,0.2909
253.79989848,99.735,100.025,0.29
253.83989846400002,99.735,100.0242,0.2891
253.879898448,99.735,100.0232,0.2882
253.91989843200002,99.735,100.0224,0.2874
253.959898416,99.735,100.0215,0.2865
253.99989839999998,99.735,100.0207,0.2856
254.039898384,99.735,100.0198,0.2848
254.079898368,99.735,100.0189,0.2839
254.119898352,99.735,100.018,0.283
254.159898336,99.735,100.0171,0.282
254.19989832000002,99.735,100.0162,0.2812
254.239898304,99.735,100.0153,0.2803
254.27989828800003,99.735,100.0144,0.2794
254.31989827200002,99.735,100.0135,0.2785
254.35989825599998,99.7179,100.0126,0.2947
254.39989823999997,99.7179,100.0117,0.2938
254.439898224,99.7179,100.0108,0.2929
254.47989820799998,99.7179,100.01,0.292
254.519898192,99.7179,100.0091,0.2912
254.559898176,99.7179,100.0082,0.2902
254.59989816,99.7179,100.0073,0.2893
254.639898144,99.7179,100.0064,0.2884
254.67989812800002,99.7179,100.0054,0.2875
254.719898112,99.7179,100.0045,0.2866
254.75989809599997,99.7179,100.0036,0.2856
254.79989807999996,99.7179,100.0026,0.2847
254.83989806399998,99.7179,100.0018,0.2838
254.87989804799997,99.7179,100.0008,0.2829
254.919898032,99.7179,100.0,0.282
254.959898016,99.7179,99.999,0.2811
254.999898,99.7179,99.9981,0.2802
255.03989798400002,99.7179,99.9973,0.2793
255.079897968,99.7179,99.9963,0.2784
255.11989795200003,99.7179,99.9954,0.2775
255.15989793600002,99.7008,99.9945,0.2937
255.19989791999998,99.7008,99.9936,0.2928
255.23989790399997,99.7008,99.9927,0.2918
255.279897888,99.7008,99.9917,0.2909
255.31989787199998,99.7008,99.9909,0.29
255.359897856,99.7008,99.9899,0.2891
255.39989784,99.7008,99.989,0.2882
255.439897824,99.7008,99.9881,0.2873
255.479897808,99.7008,99.9872,0.2863
255.51989779200002,99.7008,99.9863,0.2854
255.559897776,99.7008,99.9854,0.2845
255.59989775999998,99.7008,99.9845,0.2836
255.63989774399997,99.7008,99.9836,0.2828
255.679897728,99.7008,99.9827,0.2818
255.71989771199998,99.7008,99.9818,0.281
255.759897696,99.7008,99.9809,0.2801
255.79989768,99.7008,99.98,0.2792
255.839897664,99.7008,99.9792,0.2783
255.879897648,99.7008,99.9783,0.2774
255.91989763200002,99.7008,99.9774,0.2766
255.95989761600003,99.6837,99.9766,0.2928
255.99989759999997,99.6837,99.9757,0.2919
256.03989758399996,99.6837,99.9748,0.2911
256.079897568,99.6837,99.974,0.2902
256.119897552,99.6837,99.9731,0.2894
256.159897536,99.6837,99.9722,0.2885
256.19989752,99.6837,99.9714,0.2877
256.239897504,99.6837,99.9706,0.2869
256.279897488,99.6837,99.9697,0.2859
256.31989747200004,99.6837,99.9689,0.2851
256.359897456,99.6837,99.968,0.2843
256.39989744,99.6837,99.9672,0.2834
256.439897424,99.6837,99.9663,0.2826
256.479897408,99.6837,99.9655,0.2817
256.51989739199996,99.6837,99.9646,0.2809
256.559897376,99.6837,99.9638,0.28
256.59989736,99.6837,99.9629,0.2792
256.639897344,99.6837,99.9621,0.2783
256.679897328,99.6837,99.9612,0.2774
256.719897312,99.6837,99.9603,0.2766
256.759897296,99.6666,99.9595,0.2928
256.79989728000004,99.6666,99.9586,0.292
256.83989726399994,99.6666,99.9577,0.2911
256.87989724799996,99.6666,99.9568,0.2902
256.919897232,99.6666,99.956,0.2893
256.959897216,99.6666,99.9551,0.2885
256.9998972,99.6666,99.9542,0.2876
257.039897184,99.6666,99.9534,0.2868
257.079897168,99.6666,99.9525,0.2859
257.119897152,99.6666,99.9517,0.285
257.15989713600004,99.6666,99.9508,0.2842
257.19989712,99.6666,99.9499,0.2832
257.23989710399997,99.6666,99.9491,0.2824
257.279897088,99.6666,99.9482,0.2816
257.319897072,99.6666,99.9474,0.2807
257.35989705599997,99.6666,99.9466,0.2799
257.39989704,99.6666,99.9457,0.2791
257.439897024,99.6666,99.9449,0.2782
257.479897008,99.6666,99.9441,0.2774
257.519896992,99.6666,99.9432,0.2766
257.559896976,99.65,99.9425,0.2925
257.59989696,99.65,99.9416,0.2916
257.639896944,99.65,99.9407,0.2907
257.67989692799995,99.65,99.9399,0.2899
257.71989691199997,99.65,99.939,0.289
257.759896896,99.65,99.9382,0.2882
257.79989688,99.65,99.9373,0.2873
257.83989686399997,99.65,99.9365,0.2865
257.879896848,99.65,99.9357,0.2857
257.919896832,99.65,99.9348,0.2848
257.959896816,99.65,99.934,0.284
257.99989680000004,99.65,99.9331,0.2831
258.039896784,99.65,99.9323,0.2824
258.07989676799997,99.65,99.9315,0.2815
258.119896752,99.65,99.9306,0.2806
258.159896736,99.65,99.9298,0.2798
258.19989671999997,99.65,99.9289,0.2789
258.239896704,99.65,99.9281,0.2781
258.279896688,99.65,99.9272,0.2772
258.319896672,99.65,99.9264,0.2764
258.359896656,99.6333,99.9255,0.2922
258.39989664,99.6333,99.9247,0.2914
258.439896624,99.6333,99.9239,0.2906
258.479896608,99.6333,99.923,0.2897
258.51989659199995,99.6333,99.9222,0.2888
258.55989657599997,99.6333,99.9214,0.2881
258.59989656,99.6333,99.9205,0.2872
258.639896544,99.6333,99.9197,0.2864
258.679896528,99.6333,99.9189,0.2856
258.719896512,99.6333,99.9181,0.2847
258.759896496,99.6333,99.9173,0.2839
258.79989648000003,99.6333,99.9164,0.2831
258.839896464,99.6333,99.9156,0.2822
258.87989644799995,99.6333,99.9148,0.2814
258.919896432,99.6333,99.9139,0.2805
258.959896416,99.6333,99.913,0.2797
258.9998964,99.6333,99.9122,0.2788
259.039896384,99.6333,99.9113,0.278
259.079896368,99.6333,99.9104,0.2771
259.119896352,99.6333,99.9096,0.2763
259.15989633600003,99.6167,99.9087,0.292
259.19989632,99.6167,99.9078,0.2911
259.239896304,99.6167,99.907,0.2903
259.27989628800003,99.6167,99.9061,0.2894
259.319896272,99.6167,99.9053,0.2886
259.35989625599996,99.6167,99.9044,0.2877
259.39989624,99.6167,99.9035,0.2868
259.439896224,99.6167,99.9027,0.286
259.479896208,99.6167,99.9019,0.2852
259.519896192,99.6167,99.901,0.2843
259.559896176,99.6167,99.9001,0.2834
259.59989616,99.6167,99.8992,0.2825
259.63989614400003,99.6167,99.8984,0.2817
259.679896128,99.6167,99.8975,0.2808
259.71989611199996,99.6167,99.8966,0.2799
259.759896096,99.6167,99.8958,0.2791
259.79989608,99.6167,99.8949,0.2782
259.83989606399996,99.6167,99.894,0.2773
259.879896048,99.6167,99.8931,0.2764
259.919896032,99.6167,99.8922,0.2755
259.959896016,99.6001,99.8914,0.2913
259.99989600000004,99.6001,99.8905,0.2904
260.039895984,99.6001,99.8897,0.2895
260.079895968,99.6001,99.8889,0.2887
260.119895952,99.6001,99.888,0.2879
260.159895936,99.6001,99.8872,0.2871
260.19989591999996,99.6001,99.8864,0.2863
260.239895904,99.6001,99.8855,0.2853
260.279895888,99.6001,99.8847,0.2845
260.319895872,99.6001,99.8838,0.2836
260.359895856,99.6001,99.8829,0.2828
260.39989584,99.6001,99.8821,0.282
260.439895824,99.6001,99.8812,0.2811
260.47989580800004,99.6001,99.8804,0.2802
260.519895792,99.6001,99.8795,0.2794
260.55989577599996,99.6001,99.8786,0.2785
260.59989576,99.6001,99.8777,0.2776
260.639895744,99.6001,99.8769,0.2768
260.67989572799996,99.6001,99.876,0.2759
260.719895712,99.6001,99.8751,0.275
260.759895696,99.5835,99.8743,0.2907
260.79989568,99.5835,99.8734,0.2899
260.839895664,99.5835,99.8726,0.289
260.879895648,99.5835,99.8717,0.2881
260.919895632,99.5835,99.8708,0.2873
260.959895616,99.5835,99.87,0.2864
260.9998956,99.5835,99.8691,0.2855
261.03989558399996,99.5835,99.8683,0.2847
261.079895568,99.5835,99.8674,0.2838
261.119895552,99.5835,99.8666,0.283
261.159895536,99.5835,99.8657,0.2821
261.19989552,99.5835,99.8649,0.2813
261.239895504,99.5835,99.864,0.2804
261.279895488,99.5835,99.8631,0.2795
261.31989547200004,99.5835,99.8622,0.2786
261.35989545599995,99.5835,99.8613,0.2778
261.39989543999997,99.5835,99.8605,0.2769
261.439895424,99.5835,99.8597,0.2761
261.479895408,99.5835,99.8589,0.2753
261.51989539199997,99.5835,99.858,0.2744
261.559895376,99.5671,99.8571,0.29
261.59989536,99.5671,99.8562,0.2891
261.639895344,99.5671,99.8553,0.2882
261.679895328,99.5671,99.8545,0.2874
261.719895312,99.5671,99.8537,0.2865
261.759895296,99.5671,99.8528,0.2857
261.79989528,99.5671,99.852,0.2849
261.839895264,99.5671,99.8511,0.284
261.87989524799997,99.5671,99.8503,0.2832
261.919895232,99.5671,99.8495,0.2824
261.959895216,99.5671,99.8486,0.2815
261.9998952,99.5671,99.8478,0.2807
262.039895184,99.5671,99.8469,0.2798
262.079895168,99.5671,99.8461,0.2789
262.119895152,99.5671,99.8452,0.2781
262.15989513600005,99.5671,99.8444,0.2773
262.19989511999995,99.5671,99.8436,0.2765
262.23989510399997,99.5671,99.8427,0.2756
262.279895088,99.5671,99.8419,0.2748
262.319895072,99.5671,99.841,0.2739
262.35989505599997,99.5507,99.8402,0.2894
262.39989504,99.5507,99.8394,0.2886
262.439895024,99.5507,99.8385,0.2877
262.479895008,99.5507,99.8376,0.2869
262.519894992,99.5507,99.8368,0.2861
262.559894976,99.5507,99.836,0.2853
262.59989496,99.5507,99.8352,0.2845
262.639894944,99.5507,99.8344,0.2836
262.67989492799995,99.5507,99.8336,0.2829
262.719894912,99.5507,99.8328,0.282
262.759894896,99.5507,99.8319,0.2812
262.79989488,99.5507,99.8312,0.2805
262.839894864,99.5507,99.8303,0.2796
262.879894848,99.5507,99.8295,0.2787
262.919894832,99.5507,99.8286,0.2779
262.95989481600003,99.5507,99.8278,0.2771
262.99989480000005,99.5507,99.827,0.2763
263.03989478399996,99.5507,99.8262,0.2755
263.079894768,99.5507,99.8255,0.2747
263.119894752,99.5507,99.8247,0.2739
263.159894736,99.5344,99.8238,0.2894
263.19989472,99.5344,99.8231,0.2886
263.239894704,99.5344,99.8222,0.2878
263.279894688,99.5344,99.8214,0.2869
263.31989467200003,99.5344,99.8205,0.2861
263.359894656,99.5344,99.8197,0.2853
263.39989464,99.5344,99.8189,0.2845
263.439894624,99.5344,99.818,0.2836
263.479894608,99.5344,99.8172,0.2828
263.51989459199996,99.5344,99.8164,0.282
263.559894576,99.5344,99.8156,0.2811
263.59989456,99.5344,99.8147,0.2803
263.639894544,99.5344,99.8139,0.2795
263.679894528,99.5344,99.8131,0.2786
263.719894512,99.5344,99.8123,0.2778
263.759894496,99.5344,99.8114,0.277
263.79989448000003,99.5344,99.8106,0.2762
263.839894464,99.5344,99.8097,0.2753
263.87989444799996,99.5344,99.8089,0.2745
263.919894432,99.5344,99.8081,0.2737
263.959894416,99.5182,99.8072,0.289
263.9998944,99.5182,99.8064,0.2882
264.039894384,99.5182,99.8056,0.2874
264.079894368,99.5182,99.8048,0.2866
264.119894352,99.5182,99.804,0.2858
264.15989433600004,99.5182,99.8032,0.285
264.19989432,99.5182,99.8024,0.2842
264.239894304,99.5182,99.8016,0.2834
264.279894288,99.5182,99.8008,0.2826
264.319894272,99.5182,99.8,0.2817
264.35989425599996,99.5182,99.7991,0.2809
264.39989424,99.5182,99.7983,0.2801
264.439894224,99.5182,99.7975,0.2793
264.479894208,99.5182,99.7966,0.2784
264.519894192,99.5182,99.7959,0.2777
264.559894176,99.5182,99.795,0.2768
264.59989416,99.5182,99.7943,0.2761
264.63989414400004,99.5182,99.7935,0.2753
264.67989412799994,99.5182,99.7927,0.2745
264.71989411199996,99.5182,99.7919,0.2737
264.759894096,99.5021,99.7911,0.289
264.79989408,99.5021,99.7903,0.2882
264.83989406399996,99.5021,99.7895,0.2874
264.879894048,99.5021,99.7886,0.2865
264.919894032,99.5021,99.7879,0.2858
264.959894016,99.5021,99.787,0.2849
264.99989400000004,99.5021,99.7862,0.2841
265.039893984,99.5021,99.7854,0.2832
265.07989396799996,99.5021,99.7845,0.2824
265.119893952,99.5021,99.7837,0.2816
265.159893936,99.5021,99.7829,0.2808
265.19989391999997,99.5021,99.7821,0.28
265.239893904,99.5021,99.7813,0.2792
265.279893888,99.5021,99.7804,0.2783
265.319893872,99.5021,99.7796,0.2775
265.359893856,99.5021,99.7788,0.2767
265.39989384,99.5021,99.778,0.2759
265.439893824,99.5021,99.7772,0.2751
265.47989380800004,99.5021,99.7763,0.2742
265.51989379199995,99.5021,99.7756,0.2735
265.55989377599997,99.4861,99.7747,0.2886
265.59989376,99.4861,99.7739,0.2877
265.639893744,99.4861,99.7731,0.2869
265.67989372799997,99.4861,99.7723,0.2861
265.719893712,99.4861,99.7714,0.2853
265.759893696,99.4861,99.7706,0.2844
265.79989368,99.4861,99.7697,0.2835
265.839893664,99.4861,99.7689,0.2827
265.879893648,99.4861,99.768,0.2818
265.91989363199997,99.4861,99.7671,0.281
265.959893616,99.4861,99.7663,0.2801
265.9998936,99.4861,99.7655,0.2793
266.03989358399997,99.4861,99.7647,0.2785
266.079893568,99.4861,99.7639,0.2777
266.119893552,99.4861,99.7631,0.2769
266.159893536,99.4861,99.7622,0.2761
266.19989352,99.4861,99.7613,0.2752
266.239893504,99.4861,99.7605,0.2744
266.279893488,99.4861,99.7596,0.2735
266.319893472,99.4861,99.7588,0.2727
266.35989345599995,99.4703,99.758,0.2877
266.39989343999997,99.4703,99.7571,0.2868
266.439893424,99.4703,99.7563,0.286
266.479893408,99.4703,99.7554,0.2851
266.519893392,99.4703,99.7546,0.2843
266.559893376,99.4703,99.7538,0.2834
266.59989336,99.4703,99.7529,0.2826
266.63989334400003,99.4703,99.7521,0.2818
266.679893328,99.4703,99.7513,0.281
266.719893312,99.4703,99.7504,0.2801
266.759893296,99.4703,99.7496,0.2793
266.79989328,99.4703,99.7488,0.2784
266.839893264,99.4703,99.7479,0.2776
266.879893248,99.4703,99.7471,0.2768
266.919893232,99.4703,99.7462,0.2759
266.959893216,99.4703,99.7454,0.2751
266.99989320000003,99.4703,99.7445,0.2742
267.039893184,99.4703,99.7437,0.2734
267.079893168,99.4703,99.7428,0.2725
267.11989315200003,99.4703,99.742,0.2716
267.159893136,99.4546,99.7411,0.2865
267.19989311999996,99.4546,99.7403,0.2857
267.239893104,99.4546,99.7395,0.2848
267.279893088,99.4546,99.7386,0.2839
267.319893072,99.4546,99.7377,0.2831
267.359893056,99.4546,99.7369,0.2823
267.39989304,99.4546,99.736,0.2814
267.439893024,99.4546,99.7352,0.2805
267.47989300800003,99.4546,99.7343,0.2797
267.519892992,99.4546,99.7335,0.2788
267.55989297599996,99.4546,99.7327,0.278
267.59989296,99.4546,99.7318,0.2771
267.639892944,99.4546,99.731,0.2763
267.67989292799996,99.4546,99.7301,0.2755
267.719892912,99.4546,99.7293,0.2746
267.759892896,99.4546,99.7284,0.2738
267.79989288,99.4546,99.7275,0.2729
267.83989286400003,99.4546,99.7267,0.2721
267.879892848,99.4546,99.7258,0.2712
267.919892832,99.4546,99.725,0.2703
267.95989281600004,99.4391,99.7242,0.2851
267.9998928,99.4391,99.7233,0.2842
268.03989278399996,99.4391,99.7224,0.2833
268.079892768,99.4391,99.7216,0.2825
268.119892752,99.4391,99.7208,0.2817
268.159892736,99.4391,99.72,0.2809
268.19989272,99.4391,99.7191,0.28
268.239892704,99.4391,99.7183,0.2792
268.279892688,99.4391,99.7174,0.2783
268.31989267200004,99.4391,99.7166,0.2775
268.359892656,99.4391,99.7157,0.2766
268.39989263999996,99.4391,99.7149,0.2758
268.439892624,99.4391,99.714,0.2749
268.479892608,99.4391,99.7132,0.2741
268.51989259199996,99.4391,99.7124,0.2733
268.559892576,99.4391,99.7115,0.2724
268.59989256,99.4391,99.7107,0.2716
268.639892544,99.4391,99.7099,0.2708
268.679892528,99.4391,99.7091,0.27
268.719892512,99.4391,99.7082,0.2691
268.759892496,99.4237,99.7074,0.2837
268.79989248,99.4237,99.7066,0.2828
268.839892464,99.4237,99.7057,0.282
268.87989244799996,99.4237,99.7049,0.2811
268.919892432,99.4237,99.7041,0.2803
268.959892416,99.4237,99.7033,0.2795
268.9998924,99.4237,99.7024,0.2786
269.039892384,99.4237,99.7016,0.2778
269.079892368,99.4237,99.7007,0.277
269.119892352,99.4237,99.6999,0.2761
269.15989233600004,99.4237,99.6991,0.2753
269.19989232,99.4237,99.6983,0.2745
269.23989230399997,99.4237,99.6974,0.2737
269.279892288,99.4237,99.6965,0.2728
269.319892272,99.4237,99.6957,0.272
269.35989225599997,99.4237,99.6949,0.2712
269.39989224,99.4237,99.6941,0.2703
269.439892224,99.4237,99.6933,0.2695
269.479892208,99.4237,99.6924,0.2687
269.519892192,99.4237,99.6916,0.2678
269.559892176,99.4085,99.6907,0.2822
269.59989216,99.4085,99.69,0.2814
269.639892144,99.4085,99.6891,0.2805
269.67989212799995,99.4085,99.6883,0.2797
269.71989211199997,99.4085,99.6875,0.2789
269.759892096,99.4085,99.6866,0.2781
269.79989208,99.4085,99.6858,0.2772
269.839892064,99.4085,99.6851,0.2765
269.879892048,99.4085,99.6842,0.2756
269.919892032,99.4085,99.6834,0.2748
269.959892016,99.4085,99.6826,0.274
269.99989200000005,99.4085,99.6817,0.2731
270.03989198399995,99.4085,99.6809,0.2723
270.07989196799997,99.4085,99.6801,0.2715
270.119891952,99.4085,99.6793,0.2707
270.159891936,99.4085,99.6785,0.2699
270.19989191999997,99.4085,99.6777,0.2691
270.239891904,99.4085,99.6769,0.2683
270.279891888,99.4085,99.6761,0.2675
270.319891872,99.4085,99.6753,0.2667
270.359891856,99.3936,99.6745,0.2809
270.39989184,99.3936,99.6737,0.2801
270.43989182400003,99.3936,99.6729,0.2793
270.479891808,99.3936,99.672,0.2784
270.51989179199995,99.3936,99.6712,0.2776
270.559891776,99.3936,99.6704,0.2768
270.59989176,99.3936,99.6696,0.276
270.639891744,99.3936,99.6688,0.2752
270.679891728,99.3936,99.668,0.2744
270.719891712,99.3936,99.6671,0.2735
270.759891696,99.3936,99.6663,0.2727
270.79989168000003,99.3936,99.6655,0.2719
270.839891664,99.3936,99.6647,0.2711
270.87989164799995,99.3936,99.6639,0.2703
270.919891632,99.3936,99.6631,0.2695
270.959891616,99.3936,99.6623,0.2687
270.9998916,99.3936,99.6614,0.2678
271.039891584,99.3936,99.6606,0.267
271.079891568,99.3936,99.6598,0.2662
271.119891552,99.3936,99.659,0.2654
271.15989153600003,99.3788,99.6581,0.2793
271.19989152,99.3788,99.6573,0.2785
271.239891504,99.3788,99.6565,0.2777
271.279891488,99.3788,99.6557,0.2769
271.319891472,99.3788,99.6549,0.276
271.35989145599996,99.3788,99.6541,0.2752
271.39989144,99.3788,99.6532,0.2744
271.439891424,99.3788,99.6524,0.2736
271.479891408,99.3788,99.6516,0.2728
271.519891392,99.3788,99.6508,0.2719
271.559891376,99.3788,99.65,0.2711
271.59989136,99.3788,99.6491,0.2703
271.63989134400003,99.3788,99.6483,0.2694
271.679891328,99.3788,99.6475,0.2686
271.71989131199996,99.3788,99.6466,0.2678
271.759891296,99.3788,99.6458,0.267
271.79989128,99.3788,99.645,0.2661
271.839891264,99.3788,99.6441,0.2653
271.879891248,99.3788,99.6433,0.2645
271.919891232,99.3788,99.6424,0.2636
271.959891216,99.3642,99.6416,0.2773
271.99989120000004,99.3642,99.6407,0.2765
272.039891184,99.3642,99.6399,0.2757
272.079891168,99.3642,99.6391,0.2748
272.119891152,99.3642,99.6382,0.2739
272.159891136,99.3642,99.6373,0.2731
272.19989111999996,99.3642,99.6365,0.2723
272.239891104,99.3642,99.6357,0.2714
272.279891088,99.3642,99.6349,0.2706
272.319891072,99.3642,99.6341,0.2698
272.359891056,99.3642,99.6332,0.2689
272.39989104,99.3642,99.6324,0.2681
272.439891024,99.3642,99.6315,0.2672
272.47989100800004,99.3642,99.6307,0.2664
272.51989099199994,99.3642,99.6299,0.2656
272.55989097599996,99.3642,99.629,0.2648
272.59989096,99.3642,99.6282,0.2639
272.639890944,99.3642,99.6273,0.2631
272.67989092799996,99.3642,99.6265,0.2622
272.719890912,99.3642,99.6257,0.2614
272.759890896,99.3499,99.6249,0.275
272.79989088,99.3499,99.6241,0.2741
272.83989086400004,99.3499,99.6232,0.2733
272.879890848,99.3499,99.6225,0.2725
272.919890832,99.3499,99.6216,0.2717
272.959890816,99.3499,99.6208,0.2708
272.9998908,99.3499,99.6199,0.27
273.03989078399997,99.3499,99.6191,0.2692
273.079890768,99.3499,99.6183,0.2684
273.119890752,99.3499,99.6175,0.2675
273.159890736,99.3499,99.6166,0.2667
273.19989072,99.3499,99.6158,0.2659
273.239890704,99.3499,99.615,0.2651
273.279890688,99.3499,99.6142,0.2642
273.31989067200004,99.3499,99.6133,0.2634
273.35989065599995,99.3499,99.6125,0.2625
273.39989063999997,99.3499,99.6116,0.2617
273.439890624,99.3499,99.6108,0.2608
273.479890608,99.3499,99.6099,0.26
273.51989059199997,99.3499,99.6091,0.2592
273.559890576,99.3358,99.6083,0.2725
273.59989056,99.3358,99.6075,0.2716
273.639890544,99.3358,99.6066,0.2708
273.679890528,99.3358,99.6058,0.27
273.719890512,99.3358,99.605,0.2691
273.75989049599997,99.3358,99.6042,0.2683
273.79989048,99.3358,99.6033,0.2675
273.839890464,99.3358,99.6025,0.2666
273.87989044799997,99.3358,99.6016,0.2658
273.919890432,99.3358,99.6008,0.265
273.959890416,99.3358,99.6,0.2642
273.9998904,99.3358,99.5992,0.2633
274.039890384,99.3358,99.5984,0.2625
274.079890368,99.3358,99.5975,0.2617
274.119890352,99.3358,99.5967,0.2609
274.15989033600005,99.3358,99.5959,0.2601
274.19989031999995,99.3358,99.595,0.2592
274.23989030399997,99.3358,99.5942,0.2583
274.279890288,99.3358,99.5934,0.2575
274.319890272,99.3358,99.5925,0.2567
274.35989025599997,99.3219,99.5917,0.2697
274.39989024,99.3219,99.5909,0.2689
274.439890224,99.3219,99.59,0.2681
274.47989020800003,99.3219,99.5892,0.2672
274.519890192,99.3219,99.5884,0.2664
274.559890176,99.3219,99.5875,0.2656
274.59989016,99.3219,99.5867,0.2647
274.639890144,99.3219,99.5858,0.2639
274.67989012799995,99.3219,99.585,0.2631
274.719890112,99.3219,99.5842,0.2622
274.759890096,99.3219,99.5834,0.2614
274.79989008,99.3219,99.5825,0.2606
274.83989006400003,99.3219,99.5817,0.2598
274.879890048,99.3219,99.5809,0.259
274.919890032,99.3219,99.5801,0.2581
274.95989001600003,99.3219,99.5792,0.2573
274.99989,99.3219,99.5784,0.2564
275.03988998399996,99.3219,99.5775,0.2556
275.079889968,99.3219,99.5767,0.2548
275.119889952,99.3219,99.5759,0.2539
275.159889936,99.3083,99.5751,0.2668
275.19988992,99.3083,99.5743,0.266
275.239889904,99.3083,99.5735,0.2652
275.279889888,99.3083,99.5727,0.2644
275.31988987200003,99.3083,99.5719,0.2635
275.359889856,99.3083,99.5711,0.2627
275.39988984,99.3083,99.5703,0.2619
275.439889824,99.3083,99.5694,0.261
275.479889808,99.3083,99.5686,0.2602
275.51988979199996,99.3083,99.5677,0.2594
275.559889776,99.3083,99.5669,0.2586
275.59988976,99.3083,99.5661,0.2577
275.639889744,99.3083,99.5653,0.2569
275.679889728,99.3083,99.5644,0.2561
275.719889712,99.3083,99.5636,0.2552
275.759889696,99.3083,99.5628,0.2545
275.79988968000004,99.3083,99.562,0.2537
275.839889664,99.3083,99.5612,0.2528
275.87988964799996,99.3083,99.5604,0.252
275.919889632,99.3083,99.5595,0.2512
275.959889616,99.2949,99.5586,0.2637
275.9998896,99.2949,99.5578,0.2629
276.039889584,99.2949,99.557,0.262
276.079889568,99.2949,99.5562,0.2612
276.119889552,99.2949,99.5554,0.2604
276.15988953600004,99.2949,99.5546,0.2596
276.19988952,99.2949,99.5538,0.2588
276.23988950399996,99.2949,99.5529,0.258
276.279889488,99.2949,99.5521,0.2572
276.319889472,99.2949,99.5513,0.2563
276.35988945599996,99.2949,99.5505,0.2555
276.39988944,99.2949,99.5496,0.2546
276.439889424,99.2949,99.5488,0.2538
276.479889408,99.2949,99.548,0.253
276.519889392,99.2949,99.5472,0.2523
276.559889376,99.2949,99.5464,0.2515
276.59988936,99.2949,99.5456,0.2507
276.63988934400004,99.2949,99.5448,0.2498
276.67988932799994,99.2949,99.544,0.249
276.71988931199996,99.2949,99.5432,0.2482
276.759889296,99.2818,99.5423,0.2604
276.79988928,99.2818,99.5415,0.2596
276.839889264,99.2818,99.5407,0.2588
276.879889248,99.2818,99.5399,0.258
276.919889232,99.2818,99.5391,0.2572
276.959889216,99.2818,99.5382,0.2563
276.99988920000004,99.2818,99.5375,0.2556
277.039889184,99.2818,99.5366,0.2548
277.07988916799997,99.2818,99.5359,0.254
277.119889152,99.2818,99.5351,0.2532
277.159889136,99.2818,99.5342,0.2524
277.19988911999997,99.2818,99.5335,0.2516
277.239889104,99.2818,99.5327,0.2508
277.279889088,99.2818,99.5319,0.25
277.319889072,99.2818,99.531,0.2492
277.359889056,99.2818,99.5302,0.2484
277.39988904,99.2818,99.5295,0.2476
277.439889024,99.2818,99.5286,0.2468
277.479889008,99.2818,99.5279,0.246
277.51988899199995,99.2818,99.527,0.2452
277.55988897599997,99.269,99.5262,0.2572
277.59988896,99.269,99.5254,0.2564
277.639888944,99.269,99.5246,0.2556
277.67988892799997,99.269,99.5239,0.2548
277.719888912,99.269,99.523,0.254
277.759888896,99.269,99.5223,0.2532
277.79988888,99.269,99.5215,0.2524
277.83988886400005,99.269,99.5207,0.2516
277.879888848,99.269,99.5199,0.2508
277.91988883199997,99.269,99.5191,0.25
277.959888816,99.269,99.5182,0.2491
277.9998888,99.269,99.5174,0.2484
278.03988878399997,99.269,99.5166,0.2475
278.079888768,99.269,99.5158,0.2467
278.119888752,99.269,99.5149,0.2459
278.159888736,99.269,99.5141,0.2451
278.19988872,99.269,99.5133,0.2442
278.239888704,99.269,99.5124,0.2434
278.279888688,99.269,99.5116,0.2426
278.319888672,99.269,99.5108,0.2418
278.35988865599995,99.2565,99.5099,0.2534
278.39988864,99.2565,99.5091,0.2526
278.439888624,99.2565,99.5082,0.2517
278.479888608,99.2565,99.5074,0.2509
278.519888592,99.2565,99.5066,0.2501
278.559888576,99.2565,99.5058,0.2493
278.59988856,99.2565,99.505,0.2485
278.63988854400003,99.2565,99.5042,0.2477
278.679888528,99.2565,99.5034,0.2469
278.71988851199995,99.2565,99.5025,0.246
278.759888496,99.2565,99.5017,0.2452
278.79988848,99.2565,99.5009,0.2444
278.839888464,99.2565,99.5001,0.2436
278.879888448,99.2565,99.4993,0.2428
278.919888432,99.2565,99.4985,0.242
278.959888416,99.2565,99.4977,0.2412
278.99988840000003,99.2565,99.4969,0.2404
279.039888384,99.2565,99.4961,0.2396
279.079888368,99.2565,99.4954,0.2389
279.11988835200003,99.2565,99.4945,0.238
279.159888336,99.2442,99.4937,0.2495
279.19988831999996,99.2442,99.4929,0.2487
279.239888304,99.2442,99.4921,0.2478
279.279888288,99.2442,99.4912,0.247
279.319888272,99.2442,99.4904,0.2462
279.359888256,99.2442,99.4896,0.2453
279.39988824,99.2442,99.4888,0.2445
279.439888224,99.2442,99.4879,0.2437
279.47988820800003,99.2442,99.4871,0.2429
279.519888192,99.2442,99.4863,0.2421
279.55988817599996,99.2442,99.4855,0.2412
279.59988816,99.2442,99.4847,0.2405
279.639888144,99.2442,99.4839,0.2397
279.67988812799996,99.2442,99.4831,0.2388
279.719888112,99.2442,99.4822,0.238
279.759888096,99.2442,99.4814,0.2371
279.79988808,99.2442,99.4806,0.2363
279.83988806400004,99.2442,99.4798,0.2355
279.879888048,99.2442,99.479,0.2347
279.919888032,99.2442,99.4781,0.2339
279.959888016,99.2322,99.4773,0.245
279.999888,99.2322,99.4765,0.2442
280.03988798399996,99.2322,99.4757,0.2434
280.079887968,99.2322,99.4749,0.2427
280.119887952,99.2322,99.4742,0.2419
280.159887936,99.2322,99.4733,0.2411
280.19988792,99.2322,99.4726,0.2403
280.239887904,99.2322,99.4717,0.2395
280.279887888,99.2322,99.4709,0.2387
280.31988787200004,99.2322,99.4701,0.2378
280.359887856,99.2322,99.4693,0.237
280.39988783999996,99.2322,99.4686,0.2363
280.439887824,99.2322,99.4677,0.2355
280.479887808,99.2322,99.4669,0.2346
280.51988779199996,99.2322,99.4661,0.2338
280.559887776,99.2322,99.4653,0.233
280.59988776,99.2322,99.4645,0.2322
280.639887744,99.2322,99.4638,0.2315
280.679887728,99.2322,99.463,0.2307
280.719887712,99.2322,99.4622,0.2299
280.759887696,99.2206,99.4614,0.2408
280.79988768,99.2206,99.4606,0.24
280.839887664,99.2206,99.4598,0.2392
280.87988764799996,99.2206,99.459,0.2384
280.919887632,99.2206,99.4583,0.2377
280.959887616,99.2206,99.4574,0.2368
280.9998876,99.2206,99.4567,0.2361
281.039887584,99.2206,99.4559,0.2353
281.079887568,99.2206,99.4551,0.2345
281.119887552,99.2206,99.4544,0.2338
281.15988753600004,99.2206,99.4537,0.2331
281.19988751999995,99.2206,99.4529,0.2323
281.23988750399997,99.2206,99.4522,0.2316
281.279887488,99.2206,99.4514,0.2308
281.319887472,99.2206,99.4507,0.2301
281.35988745599997,99.2206,99.45,0.2294
281.39988744,99.2206,99.4492,0.2286
281.439887424,99.2206,99.4485,0.2279
281.479887408,99.2206,99.4478,0.2272
281.519887392,99.2206,99.447,0.2264
281.559887376,99.2092,99.4463,0.2371
281.59988736,99.2092,99.4457,0.2364
281.639887344,99.2092,99.4449,0.2357
281.67988732799995,99.2092,99.4442,0.235
281.71988731199997,99.2092,99.4435,0.2342
281.759887296,99.2092,99.4427,0.2334
281.79988728,99.2092,99.442,0.2327
281.839887264,99.2092,99.4412,0.232
281.879887248,99.2092,99.4405,0.2313
281.919887232,99.2092,99.4398,0.2306
281.959887216,99.2092,99.439,0.2298
281.99988720000005,99.2092,99.4383,0.2291
282.03988718399995,99.2092,99.4376,0.2283
282.07988716799997,99.2092,99.4368,0.2276
282.119887152,99.2092,99.4361,0.2269
282.159887136,99.2092,99.4354,0.2261
282.19988711999997,99.2092,99.4346,0.2254
282.239887104,99.2092,99.4339,0.2247
282.279887088,99.2092,99.4332,0.2239
282.31988707200003,99.2092,99.4325,0.2232
282.359887056,99.1981,99.4317,0.2335
282.39988704,99.1981,99.431,0.2328
282.439887024,99.1981,99.4303,0.2321
282.479887008,99.1981,99.4296,0.2315
282.51988699199995,99.1981,99.4289,0.2308
282.559886976,99.1981,99.4282,0.2301
282.59988696,99.1981,99.4276,0.2294
282.639886944,99.1981,99.4269,0.2287
282.679886928,99.1981,99.4262,0.228
282.719886912,99.1981,99.4255,0.2274
282.759886896,99.1981,99.4248,0.2267
282.79988688000003,99.1981,99.4241,0.226
282.83988686400005,99.1981,99.4234,0.2252
282.87988684799996,99.1981,99.4228,0.2246
282.919886832,99.1981,99.4221,0.2239
282.959886816,99.1981,99.4214,0.2232
282.9998868,99.1981,99.4207,0.2226
283.039886784,99.1981,99.42,0.2218
283.079886768,99.1981,99.4193,0.2211
283.119886752,99.1981,99.4186,0.2205
283.15988673600003,99.1874,99.4179,0.2305
283.19988672,99.1874,99.4173,0.2298
283.239886704,99.1874,99.4166,0.2292
283.279886688,99.1874,99.4158,0.2284
283.319886672,99.1874,99.4151,0.2277
283.35988665599996,99.1874,99.4144,0.227
283.39988664,99.1874,99.4138,0.2264
283.439886624,99.1874,99.4131,0.2257
283.479886608,99.1874,99.4124,0.225
283.519886592,99.1874,99.4117,0.2243
283.559886576,99.1874,99.4111,0.2237
283.59988656,99.1874,99.4104,0.223
283.63988654400003,99.1874,99.4097,0.2222
283.679886528,99.1874,99.409,0.2216
283.71988651199996,99.1874,99.4083,0.2209
283.759886496,99.1874,99.4076,0.2202
283.79988648,99.1874,99.4069,0.2195
283.839886464,99.1874,99.4062,0.2188
283.879886448,99.1874,99.4056,0.2181
283.919886432,99.1874,99.4049,0.2174
283.959886416,99.1769,99.4042,0.2272
283.99988640000004,99.1769,99.4036,0.2266
284.039886384,99.1769,99.4029,0.2259
284.079886368,99.1769,99.4022,0.2252
284.119886352,99.1769,99.4015,0.2245
284.159886336,99.1769,99.4008,0.2238
284.19988631999996,99.1769,99.4001,0.2232
284.239886304,99.1769,99.3995,0.2225
284.279886288,99.1769,99.3988,0.2218
284.319886272,99.1769,99.398,0.2211
284.359886256,99.1769,99.3973,0.2203
284.39988624,99.1769,99.3966,0.2196
284.439886224,99.1769,99.3959,0.2189
284.47988620800004,99.1769,99.3952,0.2182
284.51988619199994,99.1769,99.3946,0.2176
284.55988617599996,99.1769,99.3938,0.2169
284.59988616,99.1769,99.3932,0.2162
284.639886144,99.1769,99.3925,0.2155
284.679886128,99.1769,99.3918,0.2148
284.719886112,99.1769,99.3911,0.2141
284.759886096,99.1668,99.3904,0.2235
284.79988608,99.1668,99.3897,0.2229
284.83988606400004,99.1668,99.3891,0.2222
284.879886048,99.1668,99.3884,0.2215
284.91988603199997,99.1668,99.3877,0.2209
284.959886016,99.1668,99.387,0.2202
284.999886,99.1668,99.3864,0.2195
285.03988598399997,99.1668,99.3857,0.2188
285.079885968,99.1668,99.385,0.2182
285.119885952,99.1668,99.3844,0.2175
285.159885936,99.1668,99.3837,0.2168
285.19988592,99.1668,99.3831,0.2162
285.239885904,99.1668,99.3824,0.2155
285.279885888,99.1668,99.3817,0.2148
285.31988587200004,99.1668,99.381,0.2142
285.35988585599995,99.1668,99.3803,0.2135
285.39988583999997,99.1668,99.3796,0.2128
285.439885824,99.1668,99.3789,0.2121
285.479885808,99.1668,99.3782,0.2114
285.51988579199997,99.1668,99.3776,0.2107
285.559885776,99.157,99.3769,0.2198
285.59988576,99.157,99.3762,0.2192
285.639885744,99.157,99.3755,0.2184
285.679885728,99.157,99.3748,0.2177
285.719885712,99.157,99.3741,0.217
285.75988569599997,99.157,99.3734,0.2163
285.79988568,99.157,99.3727,0.2156
285.839885664,99.157,99.372,0.215
285.87988564799997,99.157,99.3713,0.2143
285.919885632,99.157,99.3707,0.2136
285.959885616,99.157,99.37,0.2129
285.9998856,99.157,99.3692,0.2122
286.039885584,99.157,99.3685,0.2115
286.079885568,99.157,99.3678,0.2108
286.119885552,99.157,99.3672,0.2102
286.159885536,99.157,99.3665,0.2094
286.19988551999995,99.157,99.3658,0.2088
286.239885504,99.157,99.3652,0.2081
286.279885488,99.157,99.3645,0.2074
286.319885472,99.157,99.3638,0.2068
286.359885456,99.1475,99.3632,0.2156
286.39988544,99.1475,99.3625,0.215
286.439885424,99.1475,99.3619,0.2143
286.47988540800003,99.1475,99.3612,0.2136
286.519885392,99.1475,99.3606,0.213
286.559885376,99.1475,99.3599,0.2123
286.59988536,99.1475,99.3592,0.2116
286.639885344,99.1475,99.3585,0.2109
286.679885328,99.1475,99.3578,0.2102
286.719885312,99.1475,99.3572,0.2096
286.759885296,99.1475,99.3565,0.2089
286.79988528,99.1475,99.3558,0.2082
286.83988526400003,99.1475,99.3551,0.2076
286.879885248,99.1475,99.3544,0.2068
286.919885232,99.1475,99.3537,0.2061
286.95988521600003,99.1475,99.353,0.2055
286.9998852,99.1475,99.3524,0.2048
287.03988518399996,99.1475,99.3517,0.2041
287.079885168,99.1475,99.351,0.2034
287.119885152,99.1475,99.3504,0.2028
287.159885136,99.1384,99.3497,0.2113
287.19988512,99.1384,99.349,0.2106
287.239885104,99.1384,99.3483,0.2099
287.279885088,99.1384,99.3477,0.2092
287.31988507200003,99.1384,99.347,0.2085
287.359885056,99.1384,99.3463,0.2078
287.39988503999996,99.1384,99.3455,0.2071
287.439885024,99.1384,99.3449,0.2064
287.479885008,99.1384,99.3442,0.2057
287.51988499199996,99.1384,99.3435,0.2051
287.559884976,99.1384,99.3428,0.2044
287.59988496,99.1384,99.3422,0.2038
287.639884944,99.1384,99.3415,0.2031
287.679884928,99.1384,99.3408,0.2024
287.719884912,99.1384,99.3402,0.2018
287.759884896,99.1384,99.3395,0.2011
287.79988488000004,99.1384,99.3389,0.2005
287.839884864,99.1384,99.3383,0.1998
287.87988484799996,99.1384,99.3376,0.1992
287.919884832,99.1384,99.337,0.1986
287.959884816,99.1296,99.3363,0.2067
287.9998848,99.1296,99.3357,0.206
288.039884784,99.1296,99.335,0.2054
288.079884768,99.1296,99.3343,0.2047
288.119884752,99.1296,99.3337,0.2041
288.15988473600004,99.1296,99.3331,0.2034
288.19988472,99.1296,99.3324,0.2028
288.23988470399996,99.1296,99.3318,0.2022
288.279884688,99.1296,99.3311,0.2015
288.319884672,99.1296,99.3304,0.2008
288.35988465599996,99.1296,99.3298,0.2002
288.39988464,99.1296,99.3291,0.1995
288.439884624,99.1296,99.3285,0.1989
288.479884608,99.1296,99.3278,0.1982
288.519884592,99.1296,99.3272,0.1976
288.559884576,99.1296,99.3267,0.197
288.59988456,99.1296,99.326,0.1964
288.639884544,99.1296,99.3254,0.1958
288.679884528,99.1296,99.3248,0.1952
288.71988451199996,99.1296,99.3241,0.1945
288.759884496,99.1211,99.3235,0.2024
288.79988448,99.1211,99.3228,0.2017
288.839884464,99.1211,99.3222,0.2011
288.879884448,99.1211,99.3216,0.2005
288.919884432,99.1211,99.321,0.1999
288.959884416,99.1211,99.3203,0.1992
288.99988440000004,99.1211,99.3197,0.1986
289.039884384,99.1211,99.319,0.1979
289.07988436799997,99.1211,99.3184,0.1972
289.119884352,99.1211,99.3177,0.1966
289.159884336,99.1211,99.317,0.1959
289.19988431999997,99.1211,99.3164,0.1953
289.239884304,99.1211,99.3158,0.1947
289.279884288,99.1211,99.3151,0.194
289.319884272,99.1211,99.3145,0.1933
289.359884256,99.1211,99.3138,0.1927
289.39988424,99.1211,99.3132,0.1921
289.439884224,99.1211,99.3126,0.1915
289.479884208,99.1211,99.3119,0.1908
289.51988419199995,99.1211,99.3113,0.1901
289.55988417599997,99.1129,99.3107,0.1977
289.59988416,99.1129,99.31,0.197
289.639884144,99.1129,99.3093,0.1964
289.679884128,99.1129,99.3087,0.1957
289.719884112,99.1129,99.3081,0.1951
289.759884096,99.1129,99.3075,0.1945
289.79988408,99.1129,99.3068,0.1939
289.83988406400005,99.1129,99.3062,0.1932
289.87988404799995,99.1129,99.3056,0.1926
289.91988403199997,99.1129,99.3049,0.1919
289.959884016,99.1129,99.3043,0.1913
289.999884,99.1129,99.3036,0.1907
290.03988398399997,99.1129,99.303,0.1901
290.079883968,99.1129,99.3024,0.1895
290.119883952,99.1129,99.3018,0.1889
290.159883936,99.1129,99.3013,0.1883
290.19988392,99.1129,99.3006,0.1877
290.239883904,99.1129,99.3,0.1871
290.27988388800003,99.1129,99.2994,0.1865
290.319883872,99.1129,99.2987,0.1858
290.35988385599995,99.1051,99.2982,0.1931
290.39988384,99.1051,99.2975,0.1924
290.439883824,99.1051,99.2969,0.1918
290.479883808,99.1051,99.2963,0.1912
290.519883792,99.1051,99.2957,0.1906
290.559883776,99.1051,99.2951,0.19
290.59988376,99.1051,99.2945,0.1894
290.63988374400003,99.1051,99.294,0.1889
290.67988372800005,99.1051,99.2933,0.1882
290.71988371199996,99.1051,99.2927,0.1876
290.759883696,99.1051,99.2921,0.187
290.79988368,99.1051,99.2915,0.1864
290.839883664,99.1051,99.291,0.1859
290.879883648,99.1051,99.2904,0.1853
290.919883632,99.1051,99.2897,0.1846
290.959883616,99.1051,99.2891,0.184
290.99988360000003,99.1051,99.2885,0.1834
291.039883584,99.1051,99.2879,0.1828
291.079883568,99.1051,99.2873,0.1822
291.119883552,99.1051,99.2867,0.1816
291.159883536,99.0975,99.2861,0.1885
291.19988351999996,99.0975,99.2854,0.1879
291.239883504,99.0975,99.2848,0.1872
291.279883488,99.0975,99.2842,0.1866
291.319883472,99.0975,99.2836,0.186
291.359883456,99.0975,99.2829,0.1853
291.39988344,99.0975,99.2823,0.1847
291.439883424,99.0975,99.2816,0.184
291.47988340800003,99.0975,99.281,0.1834
291.519883392,99.0975,99.2804,0.1828
291.55988337599996,99.0975,99.2798,0.1822
291.59988336,99.0975,99.2791,0.1816
291.639883344,99.0975,99.2785,0.1809
291.679883328,99.0975,99.2779,0.1804
291.719883312,99.0975,99.2773,0.1797
291.759883296,99.0975,99.2766,0.179
291.79988328,99.0975,99.276,0.1784
291.83988326400004,99.0975,99.2753,0.1778
291.879883248,99.0975,99.2748,0.1772
291.919883232,99.0975,99.2741,0.1766
291.959883216,99.0903,99.2735,0.1831
291.9998832,99.0903,99.2729,0.1825
292.03988318399996,99.0903,99.2723,0.1819
292.079883168,99.0903,99.2717,0.1813
292.119883152,99.0903,99.2711,0.1807
292.159883136,99.0903,99.2705,0.1801
292.19988312,99.0903,99.2698,0.1794
292.239883104,99.0903,99.2692,0.1789
292.279883088,99.0903,99.2686,0.1783
292.31988307200004,99.0903,99.268,0.1776
292.35988305599994,99.0903,99.2674,0.177
292.39988303999996,99.0903,99.2668,0.1764
292.439883024,99.0903,99.2662,0.1758
292.479883008,99.0903,99.2656,0.1752
292.51988299199996,99.0903,99.265,0.1746
292.559882976,99.0903,99.2644,0.174
292.59988296,99.0903,99.2638,0.1734
292.639882944,99.0903,99.2631,0.1727
292.67988292800004,99.0903,99.2625,0.1721
292.719882912,99.0903,99.2619,0.1715
292.759882896,99.0835,99.2613,0.1777
292.79988288,99.0835,99.2606,0.1771
292.839882864,99.0835,99.26,0.1765
292.87988284799997,99.0835,99.2595,0.1759
292.919882832,99.0835,99.2588,0.1753
292.959882816,99.0835,99.2582,0.1747
292.9998828,99.0835,99.2576,0.1741
293.039882784,99.0835,99.257,0.1734
293.079882768,99.0835,99.2563,0.1728
293.119882752,99.0835,99.2557,0.1722
293.15988273600004,99.0835,99.2551,0.1716
293.19988271999995,99.0835,99.2545,0.1709
293.23988270399997,99.0835,99.2538,0.1703
293.279882688,99.0835,99.2532,0.1697
293.319882672,99.0835,99.2526,0.169
293.35988265599997,99.0835,99.2519,0.1684
293.39988264,99.0835,99.2513,0.1678
293.439882624,99.0835,99.2507,0.1671
293.479882608,99.0835,99.2501,0.1666
293.519882592,99.0835,99.2494,0.1659
293.559882576,99.0769,99.2488,0.1719
293.59988255999997,99.0769,99.2482,0.1713
293.639882544,99.0769,99.2476,0.1706
293.679882528,99.0769,99.247,0.17
293.71988251199997,99.0769,99.2464,0.1694
293.759882496,99.0769,99.2457,0.1688
293.79988248,99.0769,99.2452,0.1682
293.839882464,99.0769,99.2446,0.1676
293.879882448,99.0769,99.244,0.167
293.919882432,99.0769,99.2434,0.1664
293.959882416,99.0769,99.2428,0.1658
293.99988240000005,99.0769,99.2422,0.1652
294.03988238399995,99.0769,99.2416,0.1646
294.07988236799997,99.0769,99.241,0.164
294.119882352,99.0769,99.2404,0.1634
294.159882336,99.0769,99.2398,0.1628
294.19988232,99.0769,99.2392,0.1622
294.239882304,99.0769,99.2385,0.1616
294.279882288,99.0769,99.238,0.161
294.31988227200003,99.0769,99.2373,0.1603
294.359882256,99.0707,99.2367,0.166
294.39988224,99.0707,99.2361,0.1654
294.439882224,99.0707,99.2356,0.1648
294.479882208,99.0707,99.235,0.1642
294.51988219199995,99.0707,99.2344,0.1636
294.559882176,99.0707,99.2337,0.163
294.59988216,99.0707,99.2332,0.1624
294.639882144,99.0707,99.2326,0.1618
294.67988212800003,99.0707,99.232,0.1612
294.719882112,99.0707,99.2315,0.1607
294.759882096,99.0707,99.2309,0.1601
294.79988208000003,99.0707,99.2303,0.1596
294.839882064,99.0707,99.2297,0.159
294.87988204799996,99.0707,99.2291,0.1584
294.919882032,99.0707,99.2285,0.1578
294.959882016,99.0707,99.2279,0.1572
294.999882,99.0707,99.2273,0.1566
295.039881984,99.0707,99.2267,0.156
295.079881968,99.0707,99.2261,0.1554
295.119881952,99.0707,99.2256,0.1548
295.15988193600003,99.0648,99.225,0.1602
295.19988192,99.0648,99.2245,0.1596
295.239881904,99.0648,99.2238,0.159
295.279881888,99.0648,99.2233,0.1585
295.319881872,99.0648,99.2227,0.1579
295.35988185599996,99.0648,99.2221,0.1573
295.39988184,99.0648,99.2216,0.1567
295.439881824,99.0648,99.2209,0.1561
295.479881808,99.0648,99.2204,0.1556
295.519881792,99.0648,99.2198,0.155
295.559881776,99.0648,99.2192,0.1544
295.59988176,99.0648,99.2187,0.1539
295.63988174400004,99.0648,99.2181,0.1533
295.679881728,99.0648,99.2176,0.1528
295.71988171199996,99.0648,99.217,0.1522
295.759881696,99.0648,99.2165,0.1516
295.79988168,99.0648,99.2159,0.1511
295.839881664,99.0648,99.2153,0.1505
295.879881648,99.0648,99.2148,0.15
295.919881632,99.0648,99.2143,0.1494
295.959881616,99.0592,99.2137,0.1545
295.99988160000004,99.0592,99.2132,0.154
296.039881584,99.0592,99.2127,0.1534
296.07988156799996,99.0592,99.2121,0.1529
296.119881552,99.0592,99.2116,0.1523
296.159881536,99.0592,99.211,0.1518
296.19988151999996,99.0592,99.2105,0.1512
296.239881504,99.0592,99.2099,0.1507
296.279881488,99.0592,99.2094,0.1502
296.319881472,99.0592,99.2089,0.1497
296.359881456,99.0592,99.2084,0.1492
296.39988144,99.0592,99.2079,0.1486
296.439881424,99.0592,99.2073,0.1481
296.47988140800004,99.0592,99.2068,0.1476
296.51988139199995,99.0592,99.2063,0.1471
296.55988137599996,99.0592,99.2058,0.1465
296.59988136,99.0592,99.2052,0.146
296.639881344,99.0592,99.2047,0.1455
296.679881328,99.0592,99.2042,0.1449
296.719881312,99.0592,99.2037,0.1444
296.759881296,99.0539,99.2031,0.1492
296.79988128,99.0539,99.2026,0.1487
296.83988126400004,99.0539,99.2021,0.1482
296.879881248,99.0539,99.2015,0.1476
296.91988123199997,99.0539,99.201,0.1471
296.959881216,99.0539,99.2005,0.1466
296.9998812,99.0539,99.2,0.1461
297.03988118399997,99.0539,99.1995,0.1455
297.079881168,99.0539,99.199,0.145
297.119881152,99.0539,99.1984,0.1445
297.159881136,99.0539,99.1979,0.1439
297.19988112,99.0539,99.1973,0.1434
297.239881104,99.0539,99.1968,0.1429
297.279881088,99.0539,99.1963,0.1424
297.319881072,99.0539,99.1958,0.1419
297.35988105599995,99.0539,99.1953,0.1413
297.39988103999997,99.0539,99.1948,0.1408
297.439881024,99.0539,99.1943,0.1403
297.479881008,99.0539,99.1937,0.1398
297.51988099199997,99.0539,99.1932,0.1393
297.559880976,99.0489,99.1927,0.1438
297.59988096,99.0489,99.1922,0.1433
297.639880944,99.0489,99.1917,0.1428
297.67988092800005,99.0489,99.1912,0.1423
297.719880912,99.0489,99.1907,0.1418
297.75988089599997,99.0489,99.1902,0.1413
297.79988088,99.0489,99.1897,0.1408
297.839880864,99.0489,99.1892,0.1403
297.87988084799997,99.0489,99.1887,0.1397
297.919880832,99.0489,99.1882,0.1392
297.959880816,99.0489,99.1876,0.1387
297.9998808,99.0489,99.1872,0.1382
298.039880784,99.0489,99.1867,0.1378
298.079880768,99.0489,99.1862,0.1372
298.11988075200003,99.0489,99.1857,0.1368
298.159880736,99.0489,99.1852,0.1362
298.19988071999995,99.0489,99.1848,0.1358
298.239880704,99.0489,99.1843,0.1353
298.279880688,99.0489,99.1837,0.1348
298.319880672,99.0489,99.1832,0.1343
298.359880656,99.0442,99.1827,0.1384
298.39988064,99.0442,99.1821,0.1379
298.439880624,99.0442,99.1816,0.1374
298.47988060800003,99.0442,99.1811,0.1368
298.519880592,99.0442,99.1806,0.1363
298.55988057599995,99.0442,99.1801,0.1358
298.59988056,99.0442,99.1796,0.1353
298.639880544,99.0442,99.1791,0.1349
298.679880528,99.0442,99.1786,0.1343
298.719880512,99.0442,99.1781,0.1339
298.759880496,99.0442,99.1777,0.1334
298.79988048,99.0442,99.1772,0.1329
298.83988046400003,99.0442,99.1767,0.1325
298.879880448,99.0442,99.1762,0.1319
298.919880432,99.0442,99.1757,0.1315
298.95988041600003,99.0442,99.1752,0.131
298.9998804,99.0442,99.1748,0.1305
299.03988038399996,99.0442,99.1743,0.1301
299.079880368,99.0442,99.1738,0.1296
299.119880352,99.0442,99.1734,0.1291
299.159880336,99.0398,99.1729,0.1331
299.19988032,99.0398,99.1724,0.1326
299.239880304,99.0398,99.172,0.1321
299.279880288,99.0398,99.1715,0.1316
299.31988027200003,99.0398,99.171,0.1312
299.359880256,99.0398,99.1705,0.1307
299.39988023999996,99.0398,99.17,0.1302
299.439880224,99.0398,99.1696,0.1298
299.479880208,99.0398,99.1691,0.1293
299.51988019199996,99.0398,99.1687,0.1288
299.559880176,99.0398,99.1682,0.1284
299.59988016,99.0398,99.1678,0.1279
299.639880144,99.0398,99.1673,0.1275
299.67988012800004,99.0398,99.1668,0.127
299.719880112,99.0398,99.1663,0.1265
299.759880096,99.0398,99.1659,0.126
299.79988008,99.0398,99.1654,0.1256
299.839880064,99.0398,99.165,0.1252
299.87988004799996,99.0398,99.1645,0.1247
299.919880032,99.0398,99.1641,0.1242
299.959880016,99.0357,99.1636,0.1279
299.99988,99.0357,99.1631,0.1274
300.039879984,99.0357,99.1627,0.1269
300.079879968,99.0357,99.1622,0.1265
300.119879952,99.0357,99.1617,0.126
300.15987993600004,99.0357,99.1613,0.1256
300.19987992,99.0357,99.1608,0.1251
300.23987990399996,99.0357,99.1603,0.1246
300.279879888,99.0357,99.1598,0.1241
300.319879872,99.0357,99.1594,0.1237
300.35987985599996,99.0357,99.1589,0.1232
300.39987984,99.0357,99.1585,0.1227
300.439879824,99.0357,99.158,0.1223
300.479879808,99.0357,99.1575,0.1218
300.519879792,99.0357,99.1571,0.1214
300.559879776,99.0357,99.1567,0.121
300.59987976,99.0357,99.1562,0.1205
300.639879744,99.0357,99.1558,0.1201
300.679879728,99.0357,99.1553,0.1196
300.71987971199997,99.0357,99.1549,0.1192
300.759879696,99.0318,99.1545,0.1226
300.79987968,99.0318,99.154,0.1221
300.839879664,99.0318,99.1536,0.1217
300.879879648,99.0318,99.1531,0.1212
300.919879632,99.0318,99.1527,0.1208
300.959879616,99.0318,99.1522,0.1204
300.99987960000004,99.0318,99.1518,0.12
301.03987958399995,99.0318,99.1514,0.1195
301.07987956799997,99.0318,99.151,0.1191
301.119879552,99.0318,99.1505,0.1187
301.159879536,99.0318,99.1501,0.1182
301.19987951999997,99.0318,99.1497,0.1178
301.239879504,99.0318,99.1492,0.1173
301.279879488,99.0318,99.1487,0.1169
301.319879472,99.0318,99.1483,0.1164
301.359879456,99.0318,99.1479,0.116
301.39987944,99.0318,99.1475,0.1156
301.439879424,99.0318,99.1471,0.1152
301.479879408,99.0318,99.1467,0.1148
301.519879392,99.0318,99.1463,0.1144
301.55987937599997,99.0283,99.1459,0.1176
301.59987936,99.0283,99.1455,0.1172
301.639879344,99.0283,99.1451,0.1168
301.679879328,99.0283,99.1447,0.1164
301.719879312,99.0283,99.1443,0.116
301.759879296,99.0283,99.144,0.1157
301.79987928,99.0283,99.1436,0.1153
301.83987926400005,99.0283,99.1432,0.1149
301.87987924799995,99.0283,99.1428,0.1145
301.91987923199997,99.0283,99.1424,0.1141
301.959879216,99.0283,99.142,0.1137
301.9998792,99.0283,99.1416,0.1133
302.039879184,99.0283,99.1412,0.1129
302.079879168,99.0283,99.1408,0.1125
302.119879152,99.0283,99.1404,0.1121
302.15987913600003,99.0283,99.14,0.1117
302.19987912,99.0283,99.1396,0.1113
302.239879104,99.0283,99.1392,0.1109
302.279879088,99.0283,99.1387,0.1104
302.319879072,99.0283,99.1383,0.11
302.35987905599995,99.025,99.1378,0.1128
302.39987904,99.025,99.1375,0.1125
302.439879024,99.025,99.137,0.112
302.479879008,99.025,99.1366,0.1116
302.519878992,99.025,99.1362,0.1112
302.559878976,99.025,99.1358,0.1108
302.59987896,99.025,99.1354,0.1104
302.63987894400003,99.025,99.135,0.11
302.67987892800005,99.025,99.1346,0.1096
302.71987891199996,99.025,99.1342,0.1091
302.759878896,99.025,99.1337,0.1087
302.79987888,99.025,99.1333,0.1083
302.839878864,99.025,99.133,0.108
302.879878848,99.025,99.1326,0.1075
302.919878832,99.025,99.1322,0.1072
302.959878816,99.025,99.1318,0.1068
302.99987880000003,99.025,99.1314,0.1064
303.039878784,99.025,99.131,0.106
303.079878768,99.025,99.1306,0.1056
303.119878752,99.025,99.1303,0.1053
303.159878736,99.0219,99.1299,0.1079
303.19987871999996,99.0219,99.1295,0.1075
303.239878704,99.0219,99.1291,0.1072
303.279878688,99.0219,99.1288,0.1068
303.319878672,99.0219,99.1284,0.1065
303.359878656,99.0219,99.1281,0.1061
303.39987864,99.0219,99.1277,0.1057
303.439878624,99.0219,99.1273,0.1054
303.47987860800004,99.0219,99.127,0.105
303.519878592,99.0219,99.1266,0.1047
303.55987857599996,99.0219,99.1263,0.1043
303.59987856,99.0219,99.1259,0.104
303.639878544,99.0219,99.1256,0.1036
303.679878528,99.0219,99.1252,0.1033
303.719878512,99.0219,99.1248,0.1028
303.759878496,99.0219,99.1245,0.1025
303.79987848,99.0219,99.1241,0.1021
303.83987846400004,99.0219,99.1237,0.1018
303.879878448,99.0219,99.1234,0.1014
303.919878432,99.0219,99.123,0.101
303.959878416,99.0191,99.1227,0.1035
303.9998784,99.0191,99.1223,0.1031
304.03987838399996,99.0191,99.1219,0.1028
304.079878368,99.0191,99.1216,0.1024
304.119878352,99.0191,99.1212,0.102
304.159878336,99.0191,99.1209,0.1017
304.19987832,99.0191,99.1205,0.1013
304.239878304,99.0191,99.1201,0.101
304.279878288,99.0191,99.1198,0.1006
304.31987827200004,99.0191,99.1194,0.1002
304.35987825599994,99.0191,99.1191,0.0999
304.39987823999996,99.0191,99.1187,0.0995
304.439878224,99.0191,99.1184,0.0992
304.479878208,99.0191,99.118,0.0989
304.51987819199996,99.0191,99.1177,0.0985
304.559878176,99.0191,99.1173,0.0982
304.59987816,99.0191,99.117,0.0978
304.639878144,99.0191,99.1166,0.0975
304.67987812800004,99.0191,99.1163,0.0971
304.719878112,99.0191,99.1159,0.0968
304.75987809599997,99.0166,99.1156,0.099
304.79987808,99.0166,99.1153,0.0987
304.839878064,99.0166,99.115,0.0984
304.87987804799997,99.0166,99.1146,0.098
304.919878032,99.0166,99.1143,0.0977
304.959878016,99.0166,99.114,0.0974
304.999878,99.0166,99.1136,0.097
305.039877984,99.0166,99.1133,0.0967
305.079877968,99.0166,99.113,0.0964
305.119877952,99.0166,99.1126,0.096
305.159877936,99.0166,99.1123,0.0957
305.19987791999995,99.0166,99.112,0.0954
305.23987790399997,99.0166,99.1117,0.0951
305.279877888,99.0166,99.1114,0.0948
305.319877872,99.0166,99.1111,0.0945
305.35987785599997,99.0166,99.1107,0.0941
305.39987784,99.0166,99.1104,0.0938
305.439877824,99.0166,99.11,0.0934
305.479877808,99.0166,99.1097,0.0931
305.519877792,99.0166,99.1094,0.0928
305.559877776,99.0142,99.1091,0.0948
305.59987775999997,99.0142,99.1088,0.0945
305.639877744,99.0142,99.1085,0.0942
305.679877728,99.0142,99.1081,0.0939
305.71987771199997,99.0142,99.1078,0.0936
305.759877696,99.0142,99.1076,0.0933
305.79987768,99.0142,99.1072,0.0929
305.839877664,99.0142,99.1069,0.0926
305.879877648,99.0142,99.1065,0.0923
305.919877632,99.0142,99.1062,0.0919
305.959877616,99.0142,99.1059,0.0917
305.9998776,99.0142,99.1056,0.0914
306.03987758399995,99.0142,99.1053,0.091
306.079877568,99.0142,99.105,0.0907
306.119877552,99.0142,99.1047,0.0904
306.159877536,99.0142,99.1044,0.0901
306.19987752,99.0142,99.1041,0.0898
306.239877504,99.0142,99.1037,0.0894
306.279877488,99.0142,99.1034,0.0891
306.31987747200003,99.0142,99.103,0.0887
306.359877456,99.0121,99.1027,0.0905
306.39987743999995,99.0121,99.1024,0.0902
306.439877424,99.0121,99.102,0.0899
306.479877408,99.0121,99.1017,0.0896
306.519877392,99.0121,99.1014,0.0892
306.559877376,99.0121,99.1011,0.0889
306.59987736,99.0121,99.1007,0.0886
306.639877344,99.0121,99.1004,0.0882
306.67987732800003,99.0121,99.1001,0.0879
306.719877312,99.0121,99.0997,0.0876
306.759877296,99.0121,99.0994,0.0872
306.79987728000003,99.0121,99.0991,0.0869
306.839877264,99.0121,99.0988,0.0866
306.87987724799996,99.0121,99.0984,0.0863
306.919877232,99.0121,99.0981,0.0859
306.959877216,99.0121,99.0978,0.0856
306.9998772,99.0121,99.0975,0.0853
307.039877184,99.0121,99.0971,0.0849
307.079877168,99.0121,99.0968,0.0846
307.119877152,99.0121,99.0965,0.0843
307.15987713600003,99.0102,99.0961,0.0859
307.19987712,99.0102,99.0958,0.0856
307.23987710399996,99.0102,99.0955,0.0852
307.279877088,99.0102,99.0952,0.0849
307.319877072,99.0102,99.0948,0.0846
307.35987705599996,99.0102,99.0945,0.0842
307.39987704,99.0102,99.0942,0.0839
307.439877024,99.0102,99.0938,0.0836
307.479877008,99.0102,99.0935,0.0832
307.51987699200004,99.0102,99.0932,0.0829
307.559876976,99.0102,99.0929,0.0826
307.59987696,99.0102,99.0925,0.0822
307.639876944,99.0102,99.0922,0.0819
307.679876928,99.0102,99.0919,0.0816
307.71987691199996,99.0102,99.0916,0.0813
307.759876896,99.0102,99.0912,0.081
307.79987688,99.0102,99.0909,0.0806
307.839876864,99.0102,99.0906,0.0803
307.879876848,99.0102,99.0903,0.08
307.919876832,99.0102,99.09,0.0797
307.959876816,99.0085,99.0896,0.081
307.99987680000004,99.0085,99.0893,0.0807
308.039876784,99.0085,99.0889,0.0803
308.07987676799996,99.0085,99.0886,0.08
308.119876752,99.0085,99.0883,0.0797
308.159876736,99.0085,99.088,0.0794
308.19987671999996,99.0085,99.0876,0.079
308.239876704,99.0085,99.0873,0.0787
308.279876688,99.0085,99.087,0.0784
308.319876672,99.0085,99.0866,0.078
308.359876656,99.0085,99.0863,0.0778
308.39987664,99.0085,99.086,0.0775
308.439876624,99.0085,99.0857,0.0771
308.479876608,99.0085,99.0854,0.0768
308.519876592,99.0085,99.085,0.0764
308.55987657599997,99.0085,99.0848,0.0762
308.59987656,99.0085,99.0845,0.0759
308.639876544,99.0085,99.0842,0.0756
308.679876528,99.0085,99.0839,0.0754
308.719876512,99.0085,99.0837,0.0751
308.759876496,99.007,99.0834,0.0763
308.79987648,99.007,99.0831,0.076
308.83987646400004,99.007,99.0828,0.0757
308.87987644799995,99.007,99.0825,0.0755
308.91987643199997,99.007,99.0822,0.0751
308.959876416,99.007,99.0819,0.0748
308.9998764,99.007,99.0816,0.0745
309.03987638399997,99.007,99.0813,0.0742
309.079876368,99.007,99.081,0.0739
309.119876352,99.007,99.0807,0.0736
309.159876336,99.007,99.0804,0.0733
309.19987632,99.007,99.0801,0.073
309.239876304,99.007,99.0798,0.0727
309.279876288,99.007,99.0795,0.0724
309.319876272,99.007,99.0792,0.0721
309.35987625599995,99.007,99.0789,0.0718
309.39987623999997,99.007,99.0786,0.0715
309.439876224,99.007,99.0782,0.0711
309.479876208,99.007,99.078,0.0709
309.519876192,99.007,99.0777,0.0706
309.559876176,99.0057,99.0774,0.0716
309.59987616,99.0057,99.0771,0.0713
309.639876144,99.0057,99.0768,0.071
309.67987612800005,99.0057,99.0766,0.0708
309.71987611199995,99.0057,99.0762,0.0704
309.75987609599997,99.0057,99.076,0.0702
309.79987608,99.0057,99.0757,0.0699
309.839876064,99.0057,99.0754,0.0696
309.87987604799997,99.0057,99.0751,0.0694
309.919876032,99.0057,99.0749,0.0691
309.959876016,99.0057,99.0746,0.0688
309.99987600000003,99.0057,99.0743,0.0685
310.039875984,99.0057,99.074,0.0682
310.079875968,99.0057,99.0737,0.0679
310.119875952,99.0057,99.0734,0.0677
310.159875936,99.0057,99.0732,0.0674
310.19987591999995,99.0057,99.0729,0.0671
310.239875904,99.0057,99.0726,0.0669
310.279875888,99.0057,99.0723,0.0666
310.319875872,99.0057,99.072,0.0662
310.359875856,99.0046,99.0718,0.0671
310.39987584,99.0046,99.0715,0.0669
310.439875824,99.0046,99.0712,0.0666
310.47987580800003,99.0046,99.071,0.0664
310.519875792,99.0046,99.0707,0.0661
310.55987577599996,99.0046,99.0704,0.0658
310.59987576,99.0046,99.0702,0.0655
310.639875744,99.0046,99.0699,0.0653
310.679875728,99.0046,99.0697,0.0651
310.719875712,99.0046,99.0694,0.0648
310.759875696,99.0046,99.0691,0.0645
310.79987568,99.0046,99.0688,0.0642
310.83987566400003,99.0046,99.0686,0.0639
310.879875648,99.0046,99.0683,0.0637
310.919875632,99.0046,99.068,0.0634
310.959875616,99.0046,99.0678,0.0631
310.9998756,99.0046,99.0675,0.0629
311.03987558399996,99.0046,99.0672,0.0626
311.079875568,99.0046,99.067,0.0624
311.119875552,99.0046,99.0668,0.0621
311.159875536,99.0036,99.0665,0.0629
311.19987552,99.0036,99.0663,0.0626
311.239875504,99.0036,99.066,0.0623
311.279875488,99.0036,99.0657,0.0621
311.31987547200004,99.0036,99.0655,0.0618
311.35987545599994,99.0036,99.0652,0.0615
311.39987543999996,99.0036,99.0649,0.0613
311.439875424,99.0036,99.0646,0.061
311.479875408,99.0036,99.0644,0.0607
311.519875392,99.0036,99.0641,0.0604
311.559875376,99.0036,99.0638,0.0602
311.59987536,99.0036,99.0635,0.0599
311.639875344,99.0036,99.0633,0.0597
311.67987532800004,99.0036,99.0631,0.0594
311.719875312,99.0036,99.0628,0.0592
311.759875296,99.0036,99.0625,0.0589
311.79987528,99.0036,99.0623,0.0586
311.839875264,99.0036,99.062,0.0583
311.87987524799996,99.0036,99.0617,0.0581
311.919875232,99.0036,99.0614,0.0578
311.959875216,99.0028,99.0611,0.0583
311.9998752,99.0028,99.0609,0.0581
312.039875184,99.0028,99.0606,0.0578
312.079875168,99.0028,99.0603,0.0575
312.119875152,99.0028,99.0601,0.0573
312.15987513600004,99.0028,99.0599,0.057
312.19987511999994,99.0028,99.0596,0.0568
312.23987510399996,99.0028,99.0595,0.0566
312.279875088,99.0028,99.0592,0.0564
312.319875072,99.0028,99.0589,0.0561
312.35987505599996,99.0028,99.0587,0.0559
312.39987504,99.0028,99.0585,0.0557
312.439875024,99.0028,99.0583,0.0554
312.479875008,99.0028,99.0581,0.0552
312.51987499200004,99.0028,99.0578,0.055
312.559874976,99.0028,99.0576,0.0548
312.59987495999997,99.0028,99.0573,0.0545
312.639874944,99.0028,99.0571,0.0543
312.679874928,99.0028,99.057,0.0541
312.71987491199997,99.0028,99.0567,0.0539
312.759874896,99.0021,99.0565,0.0544
312.79987488,99.0021,99.0563,0.0542
312.839874864,99.0021,99.0561,0.054
312.879874848,99.0021,99.0559,0.0538
312.919874832,99.0021,99.0557,0.0535
312.959874816,99.0021,99.0554,0.0533
312.99987480000004,99.0021,99.0552,0.0531
313.03987478399995,99.0021,99.055,0.0529
313.07987476799997,99.0021,99.0548,0.0527
313.119874752,99.0021,99.0545,0.0524
313.159874736,99.0021,99.0543,0.0522
313.19987471999997,99.0021,99.0541,0.052
313.239874704,99.0021,99.0539,0.0518
313.279874688,99.0021,99.0537,0.0516
313.319874672,99.0021,99.0535,0.0514
313.359874656,99.0021,99.0533,0.0512
313.39987464,99.0021,99.0531,0.051
313.43987462399997,99.0021,99.0529,0.0507
313.479874608,99.0021,99.0527,0.0505
313.519874592,99.0021,99.0525,0.0503
313.55987457599997,99.0015,99.0523,0.0507
313.59987456,99.0015,99.052,0.0505
313.639874544,99.0015,99.0517,0.0502
313.679874528,99.0015,99.0516,0.05
313.719874512,99.0015,99.0514,0.0498
313.759874496,99.0015,99.0512,0.0496
313.79987448,99.0015,99.051,0.0494
313.839874464,99.0015,99.0508,0.0492
313.87987444799995,99.0015,99.0506,0.0491
313.919874432,99.0015,99.0504,0.0489
313.959874416,99.0015,99.0502,0.0487
313.9998744,99.0015,99.0501,0.0485
314.039874384,99.0015,99.0499,0.0484
314.079874368,99.0015,99.0497,0.0482
314.119874352,99.0015,99.0495,0.048
314.15987433600003,99.0015,99.0493,0.0477
314.19987432,99.0015,99.0491,0.0475
314.239874304,99.0015,99.0489,0.0473
314.279874288,99.0015,99.0487,0.0472
314.319874272,99.0015,99.0485,0.047
314.35987425599996,99.001,99.0484,0.0473
314.39987424,99.001,99.0482,0.0471
314.439874224,99.001,99.048,0.0469
314.479874208,99.001,99.0478,0.0467
314.51987419200003,99.001,99.0476,0.0466
314.559874176,99.001,99.0475,0.0464
314.59987416,99.001,99.0474,0.0463
314.63987414400003,99.001,99.0472,0.0461
314.679874128,99.001,99.047,0.0459
314.71987411199996,99.001,99.0469,0.0458
314.759874096,99.001,99.0467,0.0456
314.79987408,99.001,99.0465,0.0455
314.839874064,99.001,99.0463,0.0453
314.879874048,99.001,99.0461,0.0451
314.919874032,99.001,99.046,0.0449
314.959874016,99.001,99.0458,0.0447
314.99987400000003,99.001,99.0456,0.0445
315.039873984,99.001,99.0454,0.0443
315.07987396799996,99.001,99.0452,0.0441
315.119873952,99.001,99.045,0.0439
315.159873936,99.0007,99.0448,0.0441
315.19987391999996,99.0007,99.0447,0.0439
315.239873904,99.0007,99.0445,0.0437
315.279873888,99.0007,99.0443,0.0436
315.319873872,99.0007,99.0441,0.0434
315.359873856,99.0007,99.0439,0.0432
315.39987384,99.0007,99.0437,0.043
315.439873824,99.0007,99.0435,0.0428
315.47987380800004,99.0007,99.0433,0.0426
315.519873792,99.0007,99.0431,0.0424
315.55987377599996,99.0007,99.0429,0.0422
315.59987376,99.0007,99.0428,0.042
315.639873744,99.0007,99.0426,0.0419
315.679873728,99.0007,99.0424,0.0417
315.719873712,99.0007,99.0422,0.0415
315.759873696,99.0007,99.042,0.0413
315.79987368,99.0007,99.0418,0.0411
315.83987366400004,99.0007,99.0417,0.041
315.879873648,99.0007,99.0415,0.0408
315.91987363199996,99.0007,99.0413,0.0406
315.959873616,99.0004,99.0411,0.0407
315.9998736,99.0004,99.0409,0.0405
316.03987358399996,99.0004,99.0407,0.0403
316.079873568,99.0004,99.0405,0.0401
316.119873552,99.0004,99.0403,0.0398
316.159873536,99.0004,99.0401,0.0396
316.19987352,99.0004,99.0399,0.0395
316.239873504,99.0004,99.0397,0.0393
316.279873488,99.0004,99.0395,0.0391
316.319873472,99.0004,99.0394,0.0389
316.35987345599995,99.0004,99.0392,0.0387
316.39987343999996,99.0004,99.039,0.0386
316.439873424,99.0004,99.0388,0.0384
316.479873408,99.0004,99.0387,0.0382
316.519873392,99.0004,99.0384,0.038
316.559873376,99.0004,99.0382,0.0378
316.59987336,99.0004,99.038,0.0376
316.639873344,99.0004,99.0379,0.0374
316.67987332800004,99.0004,99.0377,0.0373
316.719873312,99.0004,99.0375,0.0371
316.75987329599997,99.0002,99.0373,0.0371
316.79987328,99.0002,99.0372,0.0369
316.839873264,99.0002,99.0371,0.0368
316.87987324799997,99.0002,99.0369,0.0366
316.919873232,99.0002,99.0367,0.0364
316.959873216,99.0002,99.0365,0.0363
316.9998732,99.0002,99.0364,0.0361
317.039873184,99.0002,99.0362,0.0359
317.079873168,99.0002,99.036,0.0358
317.119873152,99.0002,99.0358,0.0356
317.159873136,99.0002,99.0357,0.0354
317.19987311999995,99.0002,99.0355,0.0352
317.23987310399997,99.0002,99.0353,0.0351
317.279873088,99.0002,99.0351,0.0349
317.319873072,99.0002,99.035,0.0347
317.35987305599997,99.0002,99.0348,0.0345
317.39987304,99.0002,99.0346,0.0344
317.439873024,99.0002,99.0344,0.0341
317.479873008,99.0002,99.0342,0.0339
317.51987299200005,99.0002,99.034,0.0337
317.55987297599995,99.0001,99.0338,0.0337
317.59987295999997,99.0001,99.0336,0.0335
317.639872944,99.0001,99.0334,0.0333
317.679872928,99.0001,99.0333,0.0332
317.71987291199997,99.0001,99.0331,0.033
317.759872896,99.0001,99.0329,0.0328
317.79987288,99.0001,99.0327,0.0326
317.83987286400003,99.0001,99.0325,0.0324
317.879872848,99.0001,99.0324,0.0322
317.919872832,99.0001,99.0321,0.032
317.95987281600003,99.0001,99.032,0.0318
317.9998728,99.0001,99.0318,0.0317
318.03987278399995,99.0001,99.0316,0.0314
318.079872768,99.0001,99.0314,0.0313
318.119872752,99.0001,99.0313,0.0311
318.159872736,99.0001,99.0311,0.031
318.19987272,99.0001,99.031,0.0309
318.239872704,99.0001,99.0308,0.0307
318.279872688,99.0001,99.0306,0.0305
318.31987267200003,99.0001,99.0305,0.0304
318.359872656,99.0,99.0303,0.0303
318.39987263999996,99.0,99.0302,0.0301
318.439872624,99.0,99.03,0.0299
318.479872608,99.0,99.0298,0.0298
318.519872592,99.0,99.0297,0.0297
318.559872576,99.0,99.0296,0.0295
318.59987256,99.0,99.0295,0.0294
318.639872544,99.0,99.0293,0.0293
318.67987252800003,99.0,99.0292,0.0291
318.719872512,99.0,99.029,0.0289
318.759872496,99.0,99.0288,0.0288
318.79987248,99.0,99.0287,0.0286
318.839872464,99.0,99.0285,0.0285
318.87987244799996,99.0,99.0284,0.0283
318.919872432,99.0,99.0282,0.0282
318.959872416,99.0,99.0281,0.0281
318.9998724,99.0,99.028,0.028
319.039872384,99.0,99.0278,0.0278
319.079872368,99.0,99.0277,0.0277
319.119872352,99.0,99.0276,0.0275
319.15987233600003,99.0,99.0275,0.0275
319.19987232,99.0,99.0273,0.0273
319.23987230399996,99.0,99.0272,0.0272
319.279872288,99.0,99.0271,0.0271
319.319872272,99.0,99.0271,0.0271
319.35987225599996,99.0,99.0269,0.0269
319.39987224,99.0,99.0268,0.0268
319.439872224,99.0,99.0267,0.0267
319.479872208,99.0,99.0266,0.0266
319.51987219200004,99.0,99.0265,0.0265
319.559872176,99.0,99.0263,0.0263
319.59987216,99.0,99.0262,0.0262
319.639872144,99.0,99.0261,0.0261
319.679872128,99.0,99.026,0.026
319.71987211199996,99.0,99.0259,0.0259
319.759872096,99.0,99.0258,0.0258
319.79987208,99.0,99.0257,0.0257
319.839872064,99.0,99.0256,0.0256
319.879872048,99.0,99.0254,0.0254
319.919872032,99.0,99.0253,0.0253
319.959872016,99.0,99.0252,0.0252
319.99987200000004,99.0,99.0252,0.0252
320.03987198399994,99.0,99.025,0.025
320.07987196799996,99.0,99.0249,0.0249
320.119871952,99.0,99.0248,0.0248
320.159871936,99.0,99.0247,0.0247
320.19987191999996,99.0,99.0245,0.0246
320.239871904,99.0,99.0244,0.0244
320.279871888,99.0,99.0243,0.0243
320.319871872,99.0,99.0242,0.0243
320.359871856,99.0,99.0241,0.0241
320.39987184,99.0,99.024,0.024
320.439871824,99.0,99.0239,0.0239
320.479871808,99.0,99.0238,0.0238
320.519871792,99.0,99.0238,0.0238
320.55987177599997,99.0,99.0237,0.0237
320.59987176,99.0,99.0236,0.0236
320.639871744,99.0,99.0235,0.0235
320.679871728,99.0,99.0235,0.0235
320.719871712,99.0,99.0234,0.0234
320.759871696,99.0,99.0233,0.0233
320.79987168,99.0,99.0232,0.0233
320.83987166400004,99.0,99.0232,0.0232
320.87987164799995,99.0,99.0231,0.0231
320.91987163199997,99.0,99.023,0.023
320.959871616,99.0,99.0229,0.023
320.9998716,99.0,99.0229,0.0229
321.03987158399997,99.0,99.0228,0.0228
321.079871568,99.0,99.0227,0.0227
321.119871552,99.0,99.0226,0.0226
321.159871536,99.0,99.0225,0.0226
321.19987152,99.0,99.0225,0.0225
321.239871504,99.0,99.0224,0.0224
321.27987148799997,99.0,99.0223,0.0224
321.319871472,99.0,99.0223,0.0223
321.35987145599995,99.0,99.0222,0.0222
321.39987143999997,99.0,99.0221,0.0221
321.439871424,99.0,99.022,0.022
321.479871408,99.0,99.0219,0.0219
321.519871392,99.0,99.0219,0.0219
321.559871376,99.0,99.0218,0.0218
321.59987136,99.0,99.0217,0.0217
321.639871344,99.0,99.0217,0.0217
321.67987132800005,99.0,99.0216,0.0216
321.71987131199995,99.0,99.0214,0.0214
321.759871296,99.0,99.0213,0.0213
321.79987128,99.0,99.0212,0.0213
321.839871264,99.0,99.0211,0.0212
321.879871248,99.0,99.021,0.0211
321.919871232,99.0,99.021,0.021
321.959871216,99.0,99.0209,0.0209
321.99987120000003,99.0,99.0208,0.0208
322.039871184,99.0,99.0207,0.0207
322.079871168,99.0,99.0206,0.0206
322.119871152,99.0,99.0205,0.0205
322.159871136,99.0,99.0204,0.0204
322.19987111999995,99.0,99.0203,0.0203
322.239871104,99.0,99.0202,0.0202
322.279871088,99.0,99.0201,0.0201
322.319871072,99.0,99.0201,0.0201
322.359871056,99.0,99.02,0.02
322.39987104,99.0,99.0199,0.0199
322.439871024,99.0,99.0198,0.0198
322.47987100800003,99.0,99.0196,0.0196
322.519870992,99.0,99.0196,0.0196
322.55987097599996,99.0,99.0194,0.0194
322.59987096,99.0,99.0193,0.0193
322.639870944,99.0,99.0192,0.0192
322.679870928,99.0,99.0191,0.0191
322.719870912,99.0,99.019,0.019
322.759870896,99.0,99.0189,0.0189
322.79987088,99.0,99.0187,0.0187
322.83987086400003,99.0,99.0187,0.0187
322.879870848,99.0,99.0186,0.0186
322.919870832,99.0,99.0185,0.0185
322.959870816,99.0,99.0184,0.0184
322.9998708,99.0,99.0183,0.0183
323.03987078399996,99.0,99.0182,0.0182
323.079870768,99.0,99.0181,0.0181
323.119870752,99.0,99.0181,0.0181
323.159870736,99.0,99.018,0.018
323.19987072,99.0,99.0178,0.0178
323.239870704,99.0,99.0178,0.0178
323.279870688,99.0,99.0177,0.0177
323.31987067200004,99.0,99.0177,0.0177
323.359870656,99.0,99.0175,0.0176
323.39987063999996,99.0,99.0174,0.0175
323.439870624,99.0,99.0174,0.0174
323.479870608,99.0,99.0173,0.0173
323.519870592,99.0,99.0172,0.0172
323.559870576,99.0,99.0171,0.0171
323.59987056,99.0,99.017,0.0171
323.639870544,99.0,99.017,0.017
323.67987052800004,99.0,99.0168,0.0169
323.719870512,99.0,99.0168,0.0168
323.75987049599996,99.0,99.0167,0.0167
323.79987048,99.0,99.0166,0.0166
323.839870464,99.0,99.0165,0.0165
323.87987044799996,99.0,99.0163,0.0164
323.919870432,99.0,99.0163,0.0164
323.959870416,99.0,99.0162,0.0162
323.9998704,99.0,99.0162,0.0162
324.039870384,99.0,99.0161,0.0161
324.079870368,99.0,99.016,0.016
324.119870352,99.0,99.0159,0.0159
324.15987033600004,99.0,99.0159,0.0159
324.19987031999995,99.0,99.0158,0.0158
324.23987030399996,99.0,99.0158,0.0158
324.279870288,99.0,99.0157,0.0157
324.319870272,99.0,99.0156,0.0157
324.359870256,99.0,99.0155,0.0155
324.39987024,99.0,99.0154,0.0154
324.439870224,99.0,99.0153,0.0153
324.479870208,99.0,99.0152,0.0152
324.51987019200004,99.0,99.0152,0.0152
324.559870176,99.0,99.0151,0.0151
324.59987015999997,99.0,99.015,0.015
324.639870144,99.0,99.015,0.015
324.679870128,99.0,99.0149,0.0149
324.71987011199997,99.0,99.0149,0.0149
324.759870096,99.0,99.0148,0.0148
324.79987008,99.0,99.0147,0.0148
324.839870064,99.0,99.0147,0.0147
324.879870048,99.0,99.0146,0.0146
324.919870032,99.0,99.0146,0.0146
324.959870016,99.0,99.0146,0.0146
324.99987,99.0,99.0145,0.0145
325.03986998399995,99.0,99.0145,0.0145
325.07986996799997,99.0,99.0144,0.0144
325.119869952,99.0,99.0144,0.0144
325.159869936,99.0,99.0143,0.0143
325.19986991999997,99.0,99.0143,0.0143
325.239869904,99.0,99.0143,0.0143
325.279869888,99.0,99.0142,0.0142
325.319869872,99.0,99.0141,0.0141
325.359869856,99.0,99.014,0.014
325.39986984,99.0,99.0139,0.014
325.43986982399997,99.0,99.0139,0.0139
325.479869808,99.0,99.0138,0.0138
325.519869792,99.0,99.0137,0.0137
325.55986977599997,99.0,99.0136,0.0136
325.59986976,99.0,99.0135,0.0135
325.639869744,99.0,99.0134,0.0134
325.679869728,99.0,99.0133,0.0133
325.719869712,99.0,99.0132,0.0132
325.759869696,99.0,99.0131,0.0131
325.79986968000003,99.0,99.013,0.013
325.839869664,99.0,99.013,0.013
325.87986964799995,99.0,99.0129,0.013
325.919869632,99.0,99.0129,0.0129
325.959869616,99.0,99.0128,0.0128
325.9998696,99.0,99.0127,0.0127
326.039869584,99.0,99.0126,0.0126
326.079869568,99.0,99.0125,0.0125
326.119869552,99.0,99.0125,0.0125
326.15986953600003,99.0,99.0124,0.0124
326.19986952,99.0,99.0123,0.0123
326.23986950399996,99.0,99.0122,0.0122
326.279869488,99.0,99.0121,0.0121
326.319869472,99.0,99.012,0.012
326.359869456,99.0,99.0119,0.0119
326.39986944,99.0,99.0118,0.0118
326.439869424,99.0,99.0117,0.0117
326.479869408,99.0,99.0116,0.0116
326.51986939200003,99.0,99.0115,0.0115
326.559869376,99.0,99.0114,0.0114
326.59986936,99.0,99.0113,0.0114
326.63986934400003,99.0,99.0113,0.0113
326.679869328,99.0,99.0112,0.0112
326.71986931199996,99.0,99.011,0.011
326.759869296,99.0,99.0109,0.0109
326.79986928,99.0,99.0108,0.0108
326.839869264,99.0,99.0107,0.0107
326.879869248,99.0,99.0106,0.0106
326.919869232,99.0,99.0105,0.0105
326.959869216,99.0,99.0104,0.0104
326.99986920000003,99.0,99.0104,0.0104
327.039869184,99.0,99.0103,0.0103
327.07986916799996,99.0,99.0102,0.0102
327.119869152,99.0,99.0101,0.0101
327.159869136,99.0,99.01,0.01
327.19986911999996,99.0,99.0099,0.0099
327.239869104,99.0,99.0098,0.0098
327.279869088,99.0,99.0096,0.0097
327.319869072,99.0,99.0095,0.0095
327.359869056,99.0,99.0094,0.0094
327.39986904,99.0,99.0093,0.0093
327.439869024,99.0,99.0091,0.0091
327.479869008,99.0,99.009,0.009
327.519868992,99.0,99.0089,0.0089
327.55986897599996,99.0,99.0088,0.0088
327.59986896,99.0,99.0087,0.0088
327.639868944,99.0,99.0087,0.0087
