t_ms,target_um,current_um,error_um
0.0,99.0,98.9845,-0.0153
0.039999984,99.0,98.9845,-0.0153
0.079999968,99.0,98.9845,-0.0154
0.119999952,99.0,98.9845,-0.0154
0.159999936,99.0,98.9845,-0.0154
0.19999992,99.0,98.9844,-0.0155
0.239999904,99.0,98.9843,-0.0156
0.279999888,99.0,98.9843,-0.0156
0.319999872,99.0,98.9843,-0.0156
0.359999856,99.0,98.9843,-0.0156
0.39999984,99.0,98.9842,-0.0157
0.43999982400000004,99.0,98.9842,-0.0157
0.479999808,99.0,98.9842,-0.0157
0.519999792,99.0,98.9841,-0.0158
0.559999776,99.0,98.9841,-0.0158
0.59999976,99.0,98.9841,-0.0158
0.639999744,99.0,98.984,-0.0158
0.679999728,99.0,98.984,-0.0158
0.719999712,99.0,98.984,-0.0159
0.759999696,99.0,98.984,-0.0159
0.79999968,99.0,98.9839,-0.0159
0.8399996639999999,99.0,98.9839,-0.016
0.8799996480000001,99.0,98.9839,-0.016
0.919999632,99.0,98.9838,-0.0161
0.959999616,99.0,98.9838,-0.0161
0.9999995999999999,99.0,98.9838,-0.0161
1.039999584,99.0,98.9838,-0.0161
1.079999568,99.0,98.9837,-0.0161
1.119999552,99.0,98.9837,-0.0162
1.159999536,99.0,98.9837,-0.0162
1.19999952,99.0,98.9837,-0.0162
1.239999504,99.0,98.9837,-0.0162
1.279999488,99.0,98.9837,-0.0162
1.319999472,99.0,98.9837,-0.0162
1.359999456,99.0,98.9836,-0.0162
1.39999944,99.0,98.9836,-0.0162
1.439999424,99.0,98.9836,-0.0163
1.4799994079999998,99.0,98.9837,-0.0162
1.519999392,99.0,98.9837,-0.0161
1.5599993760000002,99.0,98.9837,-0.0162
1.59999936,99.0,98.9837,-0.0162
1.639999344,99.0,98.9836,-0.0163
1.6799993279999998,99.0,98.9837,-0.0162
1.719999312,99.0,98.9837,-0.0162
1.7599992960000002,99.0,98.9838,-0.0161
1.79999928,99.0,98.9839,-0.016
1.839999264,99.0,98.9839,-0.016
1.8799992479999998,99.0,98.984,-0.0159
1.919999232,99.0,98.984,-0.0159
1.959999216,99.0,98.984,-0.0159
1.9999991999999998,99.0,98.9841,-0.0158
2.039999184,99.0,98.9841,-0.0158
2.079999168,99.0,98.9841,-0.0158
2.1199991519999997,99.0,98.9841,-0.0158
2.159999136,99.0,98.9841,-0.0158
2.19999912,99.0,98.9841,-0.0158
2.239999104,99.0,98.9842,-0.0157
2.2799990880000003,99.0,98.9842,-0.0157
2.319999072,99.0,98.9842,-0.0157
2.359999056,99.01,98.9843,-0.0257
2.39999904,99.01,98.9843,-0.0257
2.439999024,99.01,98.9843,-0.0256
2.479999008,99.01,98.9843,-0.0257
2.5199989919999997,99.01,98.9843,-0.0257
2.559998976,99.01,98.9843,-0.0257
2.59999896,99.01,98.9843,-0.0257
2.639998944,99.01,98.9843,-0.0256
2.679998928,99.01,98.9843,-0.0256
2.719998912,99.01,98.9843,-0.0256
2.759998896,99.01,98.9843,-0.0256
2.79999888,99.01,98.9843,-0.0256
2.839998864,99.01,98.9844,-0.0255
2.879998848,99.01,98.9844,-0.0255
2.9199988319999997,99.01,98.9844,-0.0255
2.9599988159999997,99.01,98.9844,-0.0255
2.9999988,99.01,98.9845,-0.0255
3.039998784,99.01,98.9845,-0.0254
3.079998768,99.01,98.9846,-0.0253
3.1199987520000003,99.01,98.9847,-0.0253
3.159998736,99.02,98.9847,-0.0353
3.19999872,99.02,98.9847,-0.0352
3.239998704,99.02,98.9848,-0.0352
3.279998688,99.02,98.9848,-0.0352
3.319998672,99.02,98.9849,-0.0351
3.3599986559999997,99.02,98.9849,-0.0351
3.39999864,99.02,98.9849,-0.035
3.439998624,99.02,98.985,-0.035
3.479998608,99.02,98.985,-0.035
3.5199985920000003,99.02,98.9851,-0.0349
3.559998576,99.02,98.9851,-0.0349
3.59999856,99.02,98.9851,-0.0349
3.6399985439999996,99.02,98.9851,-0.0349
3.679998528,99.02,98.9851,-0.0349
3.719998512,99.02,98.9852,-0.0348
3.7599984959999997,99.02,98.9851,-0.0349
3.79999848,99.02,98.9852,-0.0348
3.839998464,99.02,98.9852,-0.0348
3.879998448,99.02,98.9852,-0.0348
3.919998432,99.02,98.9852,-0.0348
3.9599984160000004,99.0301,98.9852,-0.0448
3.9999983999999995,99.0301,98.9852,-0.0448
4.0399983839999996,99.0301,98.9853,-0.0447
4.079998368,99.0301,98.9853,-0.0448
4.119998352,99.0301,98.9852,-0.0448
4.159998336,99.0301,98.9853,-0.0448
4.19999832,99.0301,98.9853,-0.0447
4.239998303999999,99.0301,98.9853,-0.0447
4.279998288,99.0301,98.9854,-0.0446
4.319998272,99.0301,98.9854,-0.0446
4.359998256,99.0301,98.9855,-0.0446
4.39999824,99.0301,98.9854,-0.0446
4.439998224,99.0301,98.9855,-0.0446
4.479998208,99.0301,98.9855,-0.0446
4.519998192,99.0301,98.9855,-0.0445
4.559998176000001,99.0301,98.9856,-0.0445
4.59999816,99.0301,98.9856,-0.0445
4.639998144,99.0301,98.9856,-0.0444
4.679998127999999,99.0301,98.9856,-0.0444
4.719998112,99.0301,98.9856,-0.0445
4.759998096,99.0401,98.9856,-0.0545
4.79999808,99.0401,98.9856,-0.0545
4.8399980639999995,99.0401,98.9857,-0.0544
4.879998048,99.0401,98.9857,-0.0544
4.919998032,99.0401,98.9856,-0.0544
4.959998016,99.0401,98.9857,-0.0544
4.999998000000001,99.0401,98.9856,-0.0544
5.039997983999999,99.0401,98.9856,-0.0544
5.079997968,99.0401,98.9857,-0.0544
5.119997952,99.0401,98.9857,-0.0544
5.159997936,99.0401,98.9857,-0.0544
5.19999792,99.0401,98.9857,-0.0544
5.239997904,99.0401,98.9856,-0.0545
5.279997888,99.0401,98.9857,-0.0544
5.319997872,99.0401,98.9856,-0.0545
5.359997856,99.0401,98.9856,-0.0545
5.39999784,99.0401,98.9856,-0.0545
5.439997824,99.0401,98.9855,-0.0546
5.479997807999999,99.0401,98.9855,-0.0546
5.519997792,99.0401,98.9855,-0.0546
5.559997776,99.0502,98.9855,-0.0647
5.59999776,99.0502,98.9855,-0.0647
5.6399977439999995,99.0502,98.9854,-0.0647
5.679997728,99.0502,98.9855,-0.0647
5.719997712,99.0502,98.9855,-0.0647
5.759997696,99.0502,98.9855,-0.0647
5.799997680000001,99.0502,98.9855,-0.0646
5.839997663999999,99.0502,98.9856,-0.0646
5.879997648,99.0502,98.9855,-0.0646
5.919997631999999,99.0502,98.9855,-0.0646
5.959997616,99.0502,98.9855,-0.0646
5.9999976,99.0502,98.9855,-0.0646
6.039997584,99.0502,98.9855,-0.0646
6.079997568,99.0502,98.9855,-0.0646
6.119997552,99.0502,98.9856,-0.0646
6.159997536,99.0502,98.9856,-0.0646
6.19999752,99.0502,98.9856,-0.0646
6.239997504000001,99.0502,98.9856,-0.0645
6.279997487999999,99.0502,98.9856,-0.0645
6.319997472,99.0502,98.9856,-0.0646
6.359997456,99.0602,98.9856,-0.0746
6.39999744,99.0602,98.9856,-0.0746
6.439997424,99.0602,98.9856,-0.0746
6.479997408,99.0602,98.9855,-0.0747
6.519997392,99.0602,98.9856,-0.0746
6.559997376,99.0602,98.9856,-0.0746
6.59999736,99.0602,98.9855,-0.0747
6.639997344,99.0602,98.9855,-0.0747
6.679997328,99.0602,98.9855,-0.0747
6.719997311999999,99.0602,98.9855,-0.0747
6.759997296,99.0602,98.9855,-0.0747
6.79999728,99.0602,98.9855,-0.0747
6.839997264,99.0602,98.9855,-0.0747
6.879997248,99.0602,98.9856,-0.0746
6.919997232,99.0602,98.9856,-0.0746
6.959997216,99.0602,98.9857,-0.0745
6.9999972,99.0602,98.9856,-0.0746
7.039997184000001,99.0602,98.9857,-0.0745
7.079997167999999,99.0602,98.9857,-0.0745
7.119997152,99.0602,98.9857,-0.0744
7.159997135999999,99.0703,98.9858,-0.0844
7.19999712,99.0703,98.9858,-0.0844
7.239997104,99.0703,98.9859,-0.0844
7.279997087999999,99.0703,98.9859,-0.0843
7.319997072,99.0703,98.9859,-0.0843
7.359997056,99.0703,98.986,-0.0843
7.39999704,99.0703,98.986,-0.0842
7.439997024,99.0703,98.986,-0.0842
7.479997008,99.0703,98.9861,-0.0841
7.519996991999999,99.0703,98.9861,-0.0841
7.559996976,99.0703,98.9862,-0.0841
7.59999696,99.0703,98.9862,-0.084
7.639996944,99.0703,98.9863,-0.084
7.679996928,99.0703,98.9863,-0.084
7.719996912,99.0703,98.9863,-0.0839
7.759996896,99.0703,98.9864,-0.0839
7.79999688,99.0703,98.9864,-0.0838
7.839996864,99.0703,98.9865,-0.0838
7.879996848,99.0703,98.9866,-0.0837
7.919996832000001,99.0703,98.9866,-0.0836
7.959996816,99.0803,98.9867,-0.0936
7.999996799999999,99.0803,98.9867,-0.0936
8.039996784,99.0803,98.9867,-0.0936
8.079996767999999,99.0803,98.9868,-0.0935
8.119996751999999,99.0803,98.9869,-0.0934
8.159996736,99.0803,98.9869,-0.0933
8.19999672,99.0803,98.987,-0.0933
8.239996704,99.0803,98.9871,-0.0932
8.279996688,99.0803,98.9871,-0.0932
8.319996672,99.0803,98.9872,-0.0931
8.359996656,99.0803,98.9873,-0.093
8.39999664,99.0803,98.9873,-0.0929
8.439996623999999,99.0803,98.9874,-0.0929
8.479996607999999,99.0803,98.9875,-0.0928
8.519996592,99.0803,98.9876,-0.0927
8.559996576,99.0803,98.9876,-0.0927
8.59999656,99.0803,98.9877,-0.0925
8.639996544,99.0803,98.9879,-0.0924
8.679996528,99.0803,98.9879,-0.0923
8.719996512,99.0803,98.9881,-0.0922
8.759996496000001,99.0904,98.9881,-0.1022
8.79999648,99.0904,98.9882,-0.1021
8.839996463999999,99.0904,98.9883,-0.102
8.879996448,99.0904,98.9884,-0.102
8.919996432,99.0904,98.9885,-0.1019
8.959996416,99.0904,98.9886,-0.1018
8.9999964,99.0904,98.9887,-0.1017
9.039996384,99.0904,98.9887,-0.1016
9.079996368,99.0904,98.9888,-0.1016
9.119996352000001,99.0904,98.9889,-0.1014
9.159996336,99.0904,98.989,-0.1014
9.19999632,99.0904,98.9891,-0.1013
9.239996304,99.0904,98.9892,-0.1012
9.279996288,99.0904,98.9892,-0.1011
9.319996272,99.0904,98.9894,-0.101
9.359996255999999,99.0904,98.9895,-0.1009
9.39999624,99.0904,98.9896,-0.1008
9.439996224,99.0904,98.9897,-0.1007
9.479996208,99.0904,98.9898,-0.1006
9.519996192,99.0904,98.9899,-0.1004
9.559996176,99.1004,98.9901,-0.1103
9.59999616,99.1004,98.9902,-0.1102
9.639996144,99.1004,98.9903,-0.11
9.679996127999999,99.1004,98.9905,-0.1099
9.719996111999999,99.1004,98.9906,-0.1098
9.759996096,99.1004,98.9907,-0.1096
9.79999608,99.1004,98.9909,-0.1095
9.839996064,99.1004,98.991,-0.1093
9.879996048,99.1004,98.9912,-0.1092
9.919996032,99.1004,98.9913,-0.1091
9.959996016,99.1004,98.9915,-0.1089
9.999996000000001,99.1004,98.9916,-0.1088
10.039995983999999,99.1004,98.9917,-0.1086
10.079995967999999,99.1004,98.9919,-0.1085
10.119995952,99.1004,98.992,-0.1084
10.159995936,99.1004,98.9921,-0.1083
10.19999592,99.1004,98.9923,-0.1081
10.239995904,99.1004,98.9924,-0.108
10.279995888,99.1004,98.9926,-0.1078
10.319995872,99.1004,98.9927,-0.1077
10.359995856000001,99.1105,98.9929,-0.1175
10.39999584,99.1105,98.993,-0.1174
10.439995824,99.1105,98.9932,-0.1173
10.479995808,99.1105,98.9934,-0.1171
10.519995792,99.1105,98.9935,-0.1169
10.559995776,99.1105,98.9937,-0.1167
10.599995759999999,99.1105,98.9939,-0.1166
10.639995744,99.1105,98.994,-0.1165
10.679995728,99.1105,98.9941,-0.1163
10.719995712,99.1105,98.9943,-0.1161
10.759995696,99.1105,98.9945,-0.1159
10.79999568,99.1105,98.9947,-0.1157
10.839995664,99.1105,98.9949,-0.1156
10.879995648,99.1105,98.9951,-0.1153
10.919995632,99.1105,98.9953,-0.1151
10.959995615999999,99.1105,98.9955,-0.115
10.9999956,99.1105,98.9957,-0.1148
11.039995584,99.1105,98.9958,-0.1146
11.079995568,99.1105,98.996,-0.1145
11.119995552,99.1105,98.9962,-0.1142
11.159995536,99.1205,98.9964,-0.1241
11.19999552,99.1205,98.9966,-0.1239
11.239995504000001,99.1205,98.9968,-0.1237
11.279995487999999,99.1205,98.997,-0.1235
11.319995471999999,99.1205,98.9972,-0.1233
11.359995456,99.1205,98.9973,-0.1232
11.39999544,99.1205,98.9975,-0.123
11.439995424,99.1205,98.9977,-0.1227
11.479995408,99.1205,98.9979,-0.1226
11.519995392,99.1205,98.9981,-0.1224
11.559995376,99.1205,98.9983,-0.1222
11.599995360000001,99.1205,98.9985,-0.122
11.639995344,99.1205,98.9987,-0.1218
11.679995327999999,99.1205,98.9989,-0.1216
11.719995312,99.1205,98.9991,-0.1213
11.759995296,99.1205,98.9993,-0.1212
11.79999528,99.1205,98.9995,-0.121
11.839995263999999,99.1205,98.9997,-0.1208
11.879995248,99.1205,98.9999,-0.1206
11.919995232,99.1205,99.0001,-0.1204
11.959995216,99.1306,99.0003,-0.1302
11.9999952,99.1306,99.0005,-0.13
12.039995184,99.1306,99.0007,-0.1298
12.079995168,99.1306,99.0009,-0.1296
12.119995152,99.1306,99.0011,-0.1295
12.159995136,99.1306,99.0013,-0.1292
12.199995119999999,99.1306,99.0015,-0.1291
12.239995104,99.1306,99.0017,-0.1288
12.279995088,99.1306,99.002,-0.1286
12.319995072,99.1306,99.0021,-0.1284
12.359995056,99.1306,99.0024,-0.1281
12.39999504,99.1306,99.0026,-0.1279
12.439995024,99.1306,99.0029,-0.1277
12.479995008000001,99.1306,99.0031,-0.1274
12.519994991999999,99.1306,99.0032,-0.1273
12.559994975999999,99.1306,99.0035,-0.1271
12.59999496,99.1306,99.0037,-0.1268
12.639994944,99.1306,99.0039,-0.1266
12.679994928,99.1306,99.0041,-0.1264
12.719994912,99.1306,99.0043,-0.1263
12.759994896,99.1406,99.0045,-0.1361
12.79999488,99.1406,99.0047,-0.1359
12.839994864000001,99.1406,99.0049,-0.1357
12.879994848,99.1406,99.0051,-0.1355
12.919994831999999,99.1406,99.0053,-0.1353
12.959994816,99.1406,99.0055,-0.1351
12.9999948,99.1406,99.0058,-0.1348
13.039994784,99.1406,99.006,-0.1346
13.079994767999999,99.1406,99.0062,-0.1344
13.119994752,99.1406,99.0065,-0.1341
13.159994736,99.1406,99.0066,-0.134
13.19999472,99.1406,99.0068,-0.1337
13.239994704,99.1406,99.0071,-0.1335
13.279994688,99.1406,99.0073,-0.1333
13.319994671999998,99.1406,99.0075,-0.133
13.359994656,99.1406,99.0078,-0.1328
13.39999464,99.1406,99.0081,-0.1325
13.439994623999999,99.1406,99.0083,-0.1323
13.479994608,99.1406,99.0085,-0.1321
13.519994592,99.1406,99.0088,-0.1318
13.559994576,99.1507,99.009,-0.1417
13.59999456,99.1507,99.0093,-0.1414
13.639994544,99.1507,99.0095,-0.1411
13.679994528,99.1507,99.0097,-0.1409
13.719994512000001,99.1507,99.01,-0.1407
13.759994496,99.1507,99.0102,-0.1404
13.799994479999999,99.1507,99.0104,-0.1402
13.839994464,99.1507,99.0107,-0.14
13.879994448,99.1507,99.0109,-0.1397
13.919994432,99.1507,99.0112,-0.1395
13.959994416,99.1507,99.0114,-0.1393
13.9999944,99.1507,99.0116,-0.139
14.039994384,99.1507,99.0119,-0.1387
14.079994368000001,99.1507,99.0121,-0.1385
14.119994352,99.1507,99.0123,-0.1383
14.159994335999999,99.1507,99.0126,-0.1381
14.19999432,99.1507,99.0128,-0.1378
14.239994304,99.1507,99.0131,-0.1376
14.279994288,99.1507,99.0133,-0.1374
14.319994271999999,99.1507,99.0135,-0.1371
14.359994256,99.1607,99.0138,-0.1469
14.39999424,99.1607,99.014,-0.1467
14.439994224,99.1607,99.0143,-0.1464
14.479994208,99.1607,99.0145,-0.1462
14.519994192,99.1607,99.0148,-0.1459
14.559994175999998,99.1607,99.0151,-0.1456
14.59999416,99.1607,99.0153,-0.1454
14.639994144,99.1607,99.0155,-0.1452
14.679994127999999,99.1607,99.0157,-0.1449
14.719994112,99.1607,99.016,-0.1447
14.759994096,99.1607,99.0163,-0.1444
14.79999408,99.1607,99.0165,-0.1442
14.839994064,99.1607,99.0168,-0.1439
14.879994048,99.1607,99.0171,-0.1436
14.919994032,99.1607,99.0173,-0.1433
14.959994016,99.1607,99.0177,-0.143
14.999994,99.1607,99.0179,-0.1428
15.039993983999999,99.1607,99.0182,-0.1425
15.079993968,99.1607,99.0184,-0.1423
15.119993952,99.1607,99.0187,-0.142
15.159993936,99.1708,99.019,-0.1518
15.19999392,99.1708,99.0193,-0.1515
15.239993904,99.1708,99.0195,-0.1512
15.279993888,99.1708,99.0198,-0.1509
15.319993872000001,99.1708,99.0201,-0.1507
15.359993856,99.1708,99.0203,-0.1504
15.399993839999999,99.1708,99.0207,-0.1501
15.439993824,99.1708,99.0209,-0.1498
15.479993808,99.1708,99.0212,-0.1495
15.519993792,99.1708,99.0215,-0.1493
15.559993775999999,99.1708,99.0218,-0.149
15.59999376,99.1708,99.0221,-0.1487
15.639993743999998,99.1708,99.0223,-0.1484
15.679993728,99.1708,99.0226,-0.1481
15.719993711999999,99.1708,99.0229,-0.1478
15.759993696,99.1708,99.0232,-0.1475
15.799993679999998,99.1708,99.0235,-0.1472
15.839993664000001,99.1708,99.0238,-0.147
15.879993648,99.1708,99.0241,-0.1466
15.919993632,99.1708,99.0245,-0.1463
15.959993616,99.1808,99.0247,-0.1561
15.999993599999998,99.1808,99.025,-0.1558
16.039993584,99.1808,99.0253,-0.1555
16.079993568,99.1808,99.0257,-0.1551
16.119993552,99.1808,99.026,-0.1548
16.159993535999998,99.1808,99.0262,-0.1545
16.19999352,99.1808,99.0265,-0.1543
16.239993503999997,99.1808,99.0268,-0.154
16.279993488000002,99.1808,99.0271,-0.1537
16.319993472,99.1808,99.0275,-0.1533
16.359993456,99.1808,99.0278,-0.153
16.39999344,99.1808,99.0281,-0.1527
16.439993423999997,99.1808,99.0284,-0.1524
16.479993408,99.1808,99.0288,-0.152
16.519993392,99.1808,99.0291,-0.1517
16.559993376,99.1808,99.0294,-0.1514
16.59999336,99.1808,99.0297,-0.1511
16.639993344,99.1808,99.03,-0.1508
16.679993328,99.1808,99.0303,-0.1505
16.719993312,99.1808,99.0306,-0.1502
16.759993296,99.1909,99.0309,-0.1599
16.79999328,99.1909,99.0312,-0.1596
16.839993264,99.1909,99.0316,-0.1593
16.879993247999998,99.1909,99.0319,-0.159
16.919993232,99.1909,99.0322,-0.1587
16.959993215999997,99.1909,99.0326,-0.1583
16.999993200000002,99.1909,99.0329,-0.158
17.039993184,99.1909,99.0332,-0.1576
17.079993168,99.1909,99.0336,-0.1573
17.119993152,99.1909,99.0338,-0.157
17.159993136,99.1909,99.0342,-0.1567
17.19999312,99.1909,99.0345,-0.1564
17.239993104,99.1909,99.0348,-0.1561
17.279993088,99.1909,99.0351,-0.1557
17.319993072,99.1909,99.0354,-0.1554
17.359993056,99.1909,99.0358,-0.155
17.39999304,99.1909,99.0361,-0.1547
17.439993024,99.1909,99.0364,-0.1545
17.479993007999997,99.1909,99.0368,-0.1541
17.519992992000002,99.1909,99.037,-0.1538
17.559992976,99.2009,99.0374,-0.1635
17.59999296,99.2009,99.0377,-0.1632
17.639992944,99.2009,99.038,-0.1629
17.679992927999997,99.2009,99.0384,-0.1625
17.719992912,99.2009,99.0387,-0.1622
17.759992896,99.2009,99.039,-0.1619
17.79999288,99.2009,99.0393,-0.1616
17.839992864,99.2009,99.0397,-0.1612
17.879992848,99.2009,99.04,-0.1609
17.919992832,99.2009,99.0404,-0.1605
17.959992816,99.2009,99.0407,-0.1602
17.9999928,99.2009,99.041,-0.1599
18.039992784,99.2009,99.0413,-0.1596
18.079992768,99.2009,99.0417,-0.1592
18.119992751999998,99.2009,99.042,-0.1589
18.159992736,99.2009,99.0423,-0.1586
18.199992719999997,99.2009,99.0427,-0.1582
18.239992704000002,99.2009,99.043,-0.1579
18.279992688,99.2009,99.0433,-0.1576
18.319992672,99.2009,99.0437,-0.1572
18.359992656,99.211,99.044,-0.1669
18.39999264,99.211,99.0444,-0.1666
18.439992624,99.211,99.0447,-0.1662
18.479992608,99.211,99.0451,-0.1658
18.519992592,99.211,99.0455,-0.1654
18.559992576,99.211,99.0459,-0.1651
18.59999256,99.211,99.0462,-0.1647
18.639992544,99.211,99.0466,-0.1644
18.679992528,99.211,99.0468,-0.1641
18.719992511999997,99.211,99.0472,-0.1637
18.759992496000002,99.211,99.0476,-0.1634
18.79999248,99.211,99.0479,-0.163
18.839992464,99.211,99.0483,-0.1627
18.879992448,99.211,99.0486,-0.1623
18.919992431999997,99.211,99.049,-0.162
18.959992416,99.211,99.0493,-0.1616
18.9999924,99.211,99.0497,-0.1613
19.039992384,99.211,99.0501,-0.1608
19.079992368,99.211,99.0504,-0.1605
19.119992352,99.211,99.0507,-0.1602
19.159992336,99.221,99.0511,-0.1699
19.19999232,99.221,99.0515,-0.1695
19.239992304,99.221,99.0518,-0.1692
19.279992288,99.221,99.0521,-0.1689
19.319992272,99.221,99.0525,-0.1684
19.359992255999998,99.221,99.0529,-0.1681
19.39999224,99.221,99.0533,-0.1677
19.439992223999997,99.221,99.0537,-0.1673
19.479992208000002,99.221,99.054,-0.167
19.519992192,99.221,99.0544,-0.1666
19.559992176,99.221,99.0548,-0.1662
19.59999216,99.221,99.0552,-0.1658
19.639992144,99.221,99.0555,-0.1655
19.679992128,99.221,99.0558,-0.1652
19.719992112,99.221,99.0561,-0.1648
19.759992096,99.221,99.0566,-0.1644
19.79999208,99.221,99.0569,-0.1641
19.839992064,99.221,99.0573,-0.1637
19.879992048,99.221,99.0577,-0.1633
19.919992032,99.221,99.058,-0.163
19.959992015999998,99.2311,99.0584,-0.1726
19.999992000000002,99.2311,99.0588,-0.1723
20.039991984,99.2311,99.0592,-0.1719
20.079991967999998,99.2311,99.0595,-0.1715
20.119991952,99.2311,99.0599,-0.1712
20.159991935999997,99.2311,99.0603,-0.1708
20.19999192,99.2311,99.0607,-0.1704
20.239991904,99.2311,99.061,-0.17
20.279991888,99.2311,99.0615,-0.1696
20.319991872,99.2311,99.0618,-0.1692
20.359991856,99.2311,99.0622,-0.1688
20.39999184,99.2311,99.0626,-0.1684
20.439991824,99.2311,99.0629,-0.1681
20.479991808,99.2311,99.0633,-0.1677
20.519991792,99.2311,99.0637,-0.1673
20.559991776,99.2311,99.0641,-0.167
20.599991759999998,99.2311,99.0645,-0.1666
20.639991744,99.2311,99.0649,-0.1661
20.679991727999997,99.2311,99.0653,-0.1657
20.719991712000002,99.2311,99.0657,-0.1653
20.759991696,99.2411,99.0661,-0.175
20.79999168,99.2411,99.0665,-0.1746
20.839991664,99.2411,99.0668,-0.1743
20.879991648,99.2411,99.0672,-0.1739
20.919991632,99.2411,99.0676,-0.1735
20.959991616,99.2411,99.068,-0.1731
20.9999916,99.2411,99.0684,-0.1726
21.039991584,99.2411,99.0688,-0.1723
21.079991568,99.2411,99.0692,-0.1719
21.119991552,99.2411,99.0696,-0.1715
21.159991536,99.2411,99.07,-0.1711
21.199991519999998,99.2411,99.0704,-0.1707
21.239991504000002,99.2411,99.0709,-0.1702
21.279991488,99.2411,99.0713,-0.1698
21.319991471999998,99.2411,99.0717,-0.1694
21.359991456,99.2411,99.0721,-0.169
21.399991439999997,99.2411,99.0726,-0.1685
21.439991424,99.2411,99.073,-0.1681
21.479991408,99.2411,99.0734,-0.1677
21.519991392,99.2411,99.0738,-0.1673
21.559991376,99.2512,99.0742,-0.1769
21.59999136,99.2512,99.0746,-0.1766
21.639991344,99.2512,99.0751,-0.1761
21.679991328,99.2512,99.0755,-0.1757
21.719991312,99.2512,99.0758,-0.1753
21.759991296,99.2512,99.0763,-0.1749
21.79999128,99.2512,99.0767,-0.1745
21.839991264,99.2512,99.0771,-0.174
21.879991248,99.2512,99.0776,-0.1736
21.919991231999997,99.2512,99.078,-0.1731
21.959991216000002,99.2512,99.0785,-0.1727
21.9999912,99.2512,99.0789,-0.1722
22.039991184,99.2512,99.0793,-0.1718
22.079991168,99.2512,99.0798,-0.1714
22.119991151999997,99.2512,99.0802,-0.171
22.159991136,99.2512,99.0806,-0.1705
22.19999112,99.2512,99.0811,-0.1701
22.239991104,99.2512,99.0814,-0.1697
22.279991088,99.2512,99.0819,-0.1692
22.319991072,99.2512,99.0824,-0.1688
22.359991056,99.2612,99.0828,-0.1784
22.39999104,99.2612,99.0833,-0.1779
22.439991023999998,99.2612,99.0837,-0.1775
22.479991008000002,99.2612,99.0842,-0.177
22.519990992,99.2612,99.0845,-0.1767
22.559990975999998,99.2612,99.085,-0.1762
22.59999096,99.2612,99.0854,-0.1758
22.639990943999997,99.2612,99.0858,-0.1754
22.679990928,99.2612,99.0862,-0.175
22.719990912,99.2612,99.0867,-0.1745
22.759990896,99.2612,99.0871,-0.174
22.79999088,99.2612,99.0877,-0.1735
22.839990864,99.2612,99.0881,-0.1731
22.879990848,99.2612,99.0886,-0.1726
22.919990832,99.2612,99.0891,-0.1721
22.959990816,99.2612,99.0895,-0.1717
22.9999908,99.2612,99.09,-0.1712
23.039990784,99.2612,99.0904,-0.1708
23.079990768,99.2612,99.0909,-0.1703
23.119990752,99.2612,99.0914,-0.1698
23.159990735999997,99.2713,99.0919,-0.1794
23.199990720000002,99.2713,99.0924,-0.1788
23.239990704,99.2713,99.0929,-0.1784
23.279990688,99.2713,99.0934,-0.1779
23.319990672,99.2713,99.0938,-0.1774
23.359990655999997,99.2713,99.0943,-0.177
23.39999064,99.2713,99.0947,-0.1765
23.439990624,99.2713,99.0952,-0.176
23.479990608,99.2713,99.0956,-0.1756
23.519990592,99.2713,99.0961,-0.1751
23.559990576,99.2713,99.0965,-0.1747
23.59999056,99.2713,99.097,-0.1742
23.639990544,99.2713,99.0975,-0.1737
23.679990527999998,99.2713,99.0979,-0.1733
23.719990512000003,99.2713,99.0984,-0.1729
23.759990496,99.2713,99.0988,-0.1724
23.799990479999998,99.2713,99.0993,-0.1719
23.839990464,99.2713,99.0998,-0.1715
23.879990447999997,99.2713,99.1001,-0.1711
23.919990432,99.2713,99.1006,-0.1706
23.959990416,99.2813,99.1011,-0.1802
23.9999904,99.2813,99.1016,-0.1797
24.039990384,99.2813,99.102,-0.1792
24.079990368,99.2813,99.1025,-0.1788
24.119990352,99.2813,99.1029,-0.1783
24.159990336,99.2813,99.1034,-0.1779
24.19999032,99.2813,99.1038,-0.1775
24.239990304,99.2813,99.1043,-0.177
24.279990288,99.2813,99.1048,-0.1765
24.319990272,99.2813,99.1052,-0.1761
24.359990256,99.2813,99.1057,-0.1756
24.399990239999997,99.2813,99.1061,-0.1752
24.439990224000002,99.2813,99.1065,-0.1748
24.479990208,99.2813,99.107,-0.1743
24.519990192,99.2813,99.1074,-0.1739
24.559990176,99.2813,99.1079,-0.1734
24.599990159999997,99.2813,99.1083,-0.173
24.639990144,99.2813,99.1087,-0.1726
24.679990128,99.2813,99.1092,-0.1721
24.719990112,99.2813,99.1097,-0.1716
24.759990096,99.2914,99.1102,-0.1812
24.79999008,99.2914,99.1106,-0.1807
24.839990064,99.2914,99.111,-0.1803
24.879990048,99.2914,99.1115,-0.1798
24.919990031999998,99.2914,99.1119,-0.1794
24.959990016000003,99.2914,99.1124,-0.179
24.99999,99.2914,99.1129,-0.1785
25.039989983999998,99.2914,99.1133,-0.1781
25.079989968,99.2914,99.1138,-0.1776
25.119989951999997,99.2914,99.1142,-0.1771
25.159989936,99.2914,99.1146,-0.1767
25.19998992,99.2914,99.1151,-0.1762
25.239989904,99.2914,99.1155,-0.1758
25.279989888,99.2914,99.116,-0.1754
25.319989872,99.2914,99.1164,-0.1749
25.359989856,99.2914,99.1168,-0.1745
25.399989839999996,99.2914,99.1172,-0.1741
25.439989824,99.2914,99.1177,-0.1737
25.479989808,99.2914,99.1181,-0.1732
25.519989792,99.2914,99.1186,-0.1727
25.559989776,99.3014,99.119,-0.1824
25.59998976,99.3014,99.1195,-0.1819
25.639989743999998,99.3014,99.12,-0.1814
25.679989728000002,99.3014,99.1204,-0.181
25.719989712,99.3014,99.1209,-0.1805
25.759989696,99.3014,99.1213,-0.1801
25.79998968,99.3014,99.1217,-0.1797
25.839989663999997,99.3014,99.1221,-0.1792
25.879989648,99.3014,99.1226,-0.1788
25.919989632,99.3014,99.123,-0.1784
25.959989616,99.3014,99.1234,-0.178
25.9999896,99.3014,99.1238,-0.1776
26.039989584,99.3014,99.1242,-0.1772
26.079989568,99.3014,99.1246,-0.1768
26.119989552,99.3014,99.125,-0.1764
26.159989535999998,99.3014,99.1255,-0.1759
26.199989520000003,99.3014,99.1258,-0.1756
26.239989504,99.3014,99.1262,-0.1752
26.279989488,99.3014,99.1266,-0.1748
26.319989472,99.3014,99.127,-0.1744
26.359989455999997,99.3115,99.1274,-0.1841
26.39998944,99.3115,99.1277,-0.1837
26.439989424,99.3115,99.1282,-0.1833
26.479989408,99.3115,99.1286,-0.1828
26.519989392,99.3115,99.129,-0.1824
26.559989376,99.3115,99.1294,-0.182
26.59998936,99.3115,99.1298,-0.1816
26.639989343999996,99.3115,99.1302,-0.1812
26.679989328,99.3115,99.1307,-0.1807
26.719989312,99.3115,99.1311,-0.1804
26.759989296,99.3115,99.1316,-0.1799
26.79998928,99.3115,99.132,-0.1794
26.839989264,99.3115,99.1324,-0.179
26.879989247999998,99.3115,99.1329,-0.1785
26.919989232000002,99.3115,99.1333,-0.1781
26.959989216,99.3115,99.1338,-0.1777
26.9999892,99.3115,99.1342,-0.1772
27.039989184,99.3115,99.1346,-0.1768
27.079989167999997,99.3115,99.1351,-0.1763
27.119989152,99.3115,99.1356,-0.1759
27.159989136,99.3215,99.136,-0.1855
27.19998912,99.3215,99.1365,-0.185
27.239989104,99.3215,99.137,-0.1845
27.279989088,99.3215,99.1374,-0.1841
27.319989072,99.3215,99.1379,-0.1836
27.359989056,99.3215,99.1384,-0.1831
27.399989039999998,99.3215,99.1388,-0.1826
27.439989024000003,99.3215,99.1393,-0.1822
27.479989008,99.3215,99.1398,-0.1817
27.519988992,99.3215,99.1402,-0.1813
27.559988976,99.3215,99.1406,-0.1809
27.599988959999997,99.3215,99.1412,-0.1803
27.639988944,99.3215,99.1416,-0.1799
27.679988928,99.3215,99.142,-0.1794
27.719988912,99.3215,99.1426,-0.1789
27.759988896,99.3215,99.143,-0.1785
27.79998888,99.3215,99.1434,-0.1781
27.839988864,99.3215,99.1439,-0.1776
27.879988847999996,99.3215,99.1444,-0.1771
27.919988832,99.3215,99.1448,-0.1766
27.959988816,99.3316,99.1453,-0.1863
27.9999888,99.3316,99.1457,-0.1859
28.039988784,99.3316,99.1461,-0.1855
28.079988768,99.3316,99.1465,-0.185
28.119988751999998,99.3316,99.147,-0.1845
28.159988736000003,99.3316,99.1475,-0.1841
28.19998872,99.3316,99.1479,-0.1837
28.239988704,99.3316,99.1484,-0.1832
28.279988688,99.3316,99.1488,-0.1828
28.319988671999997,99.3316,99.1492,-0.1823
28.359988656,99.3316,99.1497,-0.1819
28.39998864,99.3316,99.1501,-0.1814
28.439988624,99.3316,99.1506,-0.181
28.479988608,99.3316,99.151,-0.1805
28.519988592,99.3316,99.1515,-0.1801
28.559988576,99.3316,99.152,-0.1795
28.59998856,99.3316,99.1525,-0.1791
28.639988543999998,99.3316,99.1529,-0.1786
28.679988528,99.3316,99.1534,-0.1782
28.719988512,99.3316,99.1538,-0.1778
28.759988496,99.3416,99.1542,-0.1874
28.79998848,99.3416,99.1547,-0.1869
28.839988463999997,99.3416,99.1551,-0.1865
28.879988448,99.3416,99.1557,-0.1859
28.919988432,99.3416,99.1561,-0.1855
28.959988416,99.3416,99.1566,-0.185
28.9999884,99.3416,99.1572,-0.1844
29.039988384,99.3416,99.1576,-0.184
29.079988368,99.3416,99.1581,-0.1835
29.119988351999996,99.3416,99.1586,-0.183
29.159988336,99.3416,99.159,-0.1826
29.19998832,99.3416,99.1595,-0.1821
29.239988304,99.3416,99.1599,-0.1817
29.279988288,99.3416,99.1604,-0.1812
29.319988272,99.3416,99.1608,-0.1808
29.359988255999998,99.3416,99.1613,-0.1803
29.399988240000003,99.3416,99.1618,-0.1798
29.439988224,99.3416,99.1623,-0.1793
29.479988208,99.3416,99.1628,-0.1788
29.519988192,99.3416,99.1633,-0.1783
29.559988175999997,99.3517,99.1637,-0.1879
29.59998816,99.3517,99.1642,-0.1874
29.639988144,99.3517,99.1646,-0.187
29.679988128,99.3517,99.1651,-0.1866
29.719988112,99.3517,99.1656,-0.1861
29.759988096,99.3517,99.166,-0.1856
29.79998808,99.3517,99.1665,-0.1852
29.839988064,99.3517,99.167,-0.1847
29.879988047999998,99.3517,99.1674,-0.1842
29.919988032,99.3517,99.1679,-0.1837
29.959988016,99.3517,99.1683,-0.1833
29.999988,99.3517,99.1688,-0.1828
30.039987984,99.3517,99.1692,-0.1824
30.079987967999998,99.3517,99.1697,-0.182
30.119987952,99.3517,99.1702,-0.1815
30.159987936,99.3517,99.1706,-0.181
30.19998792,99.3517,99.1711,-0.1806
30.239987904,99.3517,99.1715,-0.1801
30.279987888,99.3517,99.172,-0.1797
30.319987872,99.3517,99.1724,-0.1792
30.359987855999996,99.3617,99.1729,-0.1888
30.39998784,99.3617,99.1733,-0.1884
30.439987824,99.3617,99.1737,-0.188
30.479987808,99.3617,99.1742,-0.1875
30.519987792,99.3617,99.1747,-0.187
30.559987776,99.3617,99.1751,-0.1866
30.599987759999998,99.3617,99.1756,-0.1861
30.639987744000003,99.3617,99.1761,-0.1856
30.679987728,99.3617,99.1765,-0.1852
30.719987712,99.3617,99.177,-0.1848
30.759987696,99.3617,99.1775,-0.1842
30.799987679999997,99.3617,99.1779,-0.1838
30.839987664,99.3617,99.1784,-0.1833
30.879987648,99.3617,99.1789,-0.1828
30.919987632,99.3617,99.1793,-0.1824
30.959987616,99.3617,99.1799,-0.1818
30.9999876,99.3617,99.1803,-0.1814
31.039987584,99.3617,99.1808,-0.1809
31.079987568,99.3617,99.1813,-0.1804
31.119987551999998,99.3617,99.1817,-0.18
31.159987536,99.3718,99.1822,-0.1896
31.19998752,99.3718,99.1827,-0.1891
31.239987504,99.3718,99.1832,-0.1886
31.279987487999996,99.3718,99.1836,-0.1881
31.319987472,99.3718,99.1841,-0.1876
31.359987456,99.3718,99.1846,-0.1872
31.39998744,99.3718,99.185,-0.1867
31.439987423999998,99.3718,99.1855,-0.1862
31.479987408000003,99.3718,99.186,-0.1857
31.519987392,99.3718,99.1864,-0.1853
31.559987376,99.3718,99.1869,-0.1848
31.599987359999997,99.3718,99.1874,-0.1843
31.639987343999998,99.3718,99.1878,-0.1839
31.679987328000003,99.3718,99.1883,-0.1834
31.719987312,99.3718,99.1888,-0.183
31.759987296,99.3718,99.1893,-0.1825
31.799987279999996,99.3718,99.1898,-0.182
31.839987264,99.3718,99.1903,-0.1815
31.879987248000003,99.3718,99.1907,-0.181
31.919987232,99.3718,99.1912,-0.1805
31.959987216,99.3818,99.1916,-0.1902
31.999987199999996,99.3818,99.1922,-0.1896
32.039987184000005,99.3818,99.1926,-0.1892
32.079987168,99.3818,99.1931,-0.1887
32.119987152,99.3818,99.1936,-0.1882
32.159987136,99.3818,99.194,-0.1878
32.19998712,99.3818,99.1945,-0.1873
32.239987104,99.3818,99.195,-0.1868
32.279987088,99.3818,99.1955,-0.1863
32.319987071999996,99.3818,99.196,-0.1858
32.359987055999994,99.3818,99.1965,-0.1853
32.39998704,99.3818,99.197,-0.1848
32.439987024,99.3818,99.1975,-0.1843
32.479987007999995,99.3818,99.198,-0.1838
32.519986992,99.3818,99.1985,-0.1833
32.559986976000005,99.3818,99.199,-0.1828
32.59998696,99.3818,99.1995,-0.1823
32.639986944,99.3818,99.2,-0.1818
32.679986928,99.3818,99.2004,-0.1813
32.719986912,99.3818,99.2009,-0.1809
32.759986896,99.3919,99.2014,-0.1904
32.79998688,99.3919,99.2018,-0.19
32.839986864,99.3919,99.2023,-0.1895
32.879986847999994,99.3919,99.2028,-0.189
32.919986832,99.3919,99.2033,-0.1885
32.959986816,99.3919,99.2038,-0.188
32.9999868,99.3919,99.2043,-0.1876
33.039986784,99.3919,99.2047,-0.1871
33.079986768000005,99.3919,99.2052,-0.1866
33.119986752,99.3919,99.2057,-0.1862
33.159986736,99.3919,99.2062,-0.1857
33.19998672,99.3919,99.2066,-0.1852
33.239986703999996,99.3919,99.2071,-0.1847
33.279986688,99.3919,99.2077,-0.1841
33.319986672,99.3919,99.2081,-0.1837
33.359986656,99.3919,99.2087,-0.1832
33.399986639999995,99.3919,99.2092,-0.1826
33.439986624,99.3919,99.2097,-0.1821
33.479986608000004,99.3919,99.2103,-0.1816
33.519986592,99.3919,99.2108,-0.1811
33.559986576,99.402,99.2113,-0.1906
33.59998656,99.402,99.2118,-0.1901
33.639986544,99.402,99.2122,-0.1897
33.679986528,99.402,99.2128,-0.1891
33.719986512,99.402,99.2132,-0.1887
33.759986495999996,99.402,99.2137,-0.1882
33.79998648,99.402,99.2142,-0.1877
33.839986464,99.402,99.2147,-0.1872
33.879986448,99.402,99.2152,-0.1867
33.919986431999995,99.402,99.2157,-0.1862
33.959986416,99.402,99.2161,-0.1858
33.999986400000004,99.402,99.2166,-0.1853
34.039986384,99.402,99.2171,-0.1848
34.079986368,99.402,99.2176,-0.1843
34.119986352,99.402,99.2181,-0.1838
34.159986336,99.402,99.2185,-0.1834
34.19998632,99.402,99.219,-0.1829
34.239986304,99.402,99.2196,-0.1823
34.279986287999996,99.402,99.22,-0.1819
34.319986272,99.402,99.2206,-0.1813
34.359986256,99.412,99.221,-0.1909
34.39998624,99.412,99.2215,-0.1904
34.439986223999995,99.412,99.2221,-0.1899
34.479986208,99.412,99.2225,-0.1894
34.519986192000005,99.412,99.223,-0.1889
34.559986176,99.412,99.2235,-0.1885
34.59998616,99.412,99.224,-0.188
34.639986144,99.412,99.2245,-0.1874
34.679986128,99.412,99.225,-0.187
34.719986112,99.412,99.2256,-0.1864
34.759986096,99.412,99.2261,-0.1859
34.79998608,99.412,99.2266,-0.1853
34.839986063999994,99.412,99.2271,-0.1848
34.879986048,99.412,99.2276,-0.1843
34.919986032,99.412,99.2281,-0.1838
34.959986015999995,99.412,99.2286,-0.1833
34.999986,99.412,99.2291,-0.1828
35.039985984000005,99.412,99.2297,-0.1823
35.079985968,99.412,99.2302,-0.1818
35.119985952,99.412,99.2306,-0.1813
35.159985936,99.422,99.2312,-0.1908
35.19998592,99.422,99.2316,-0.1903
35.239985904,99.422,99.2322,-0.1898
35.279985888,99.422,99.2327,-0.1893
35.319985872,99.422,99.2332,-0.1888
35.359985855999994,99.422,99.2337,-0.1883
35.39998584,99.422,99.2341,-0.1879
35.439985824,99.422,99.2346,-0.1874
35.479985808,99.422,99.2351,-0.1869
35.519985792,99.422,99.2356,-0.1864
35.559985776000005,99.422,99.2363,-0.1857
35.59998576,99.422,99.2368,-0.1852
35.639985744,99.422,99.2373,-0.1847
35.679985728,99.422,99.2379,-0.1841
35.719985711999996,99.422,99.2384,-0.1836
35.759985696,99.422,99.2389,-0.1831
35.79998568,99.422,99.2394,-0.1826
35.839985664,99.422,99.24,-0.182
35.879985647999995,99.422,99.2405,-0.1815
35.919985632,99.422,99.241,-0.181
35.959985616,99.4321,99.2416,-0.1905
35.9999856,99.4321,99.2421,-0.19
36.039985584,99.4321,99.2426,-0.1894
36.079985568,99.4321,99.2432,-0.1889
36.119985552,99.4321,99.2437,-0.1883
36.159985536,99.4321,99.2443,-0.1877
36.19998552,99.4321,99.2449,-0.1872
36.239985503999996,99.4321,99.2454,-0.1867
36.279985488,99.4321,99.2459,-0.1862
36.319985472,99.4321,99.2464,-0.1856
36.359985456,99.4321,99.247,-0.1851
36.399985439999995,99.4321,99.2475,-0.1845
36.439985424,99.4321,99.248,-0.184
36.479985408000005,99.4321,99.2485,-0.1835
36.519985392,99.4321,99.2491,-0.1829
36.559985376,99.4321,99.2496,-0.1824
36.59998536,99.4321,99.2501,-0.1819
36.639985344,99.4321,99.2507,-0.1813
36.679985328,99.4321,99.2512,-0.1808
36.719985312,99.4321,99.2518,-0.1803
36.759985295999996,99.4421,99.2523,-0.1898
36.79998528,99.4421,99.2529,-0.1892
36.839985264,99.4421,99.2535,-0.1886
36.879985248,99.4421,99.254,-0.1881
36.919985231999995,99.4421,99.2546,-0.1875
36.959985216,99.4421,99.2551,-0.187
36.999985200000005,99.4421,99.2557,-0.1864
37.039985184,99.4421,99.2562,-0.1859
37.079985168,99.4421,99.2567,-0.1854
37.119985152,99.4421,99.2573,-0.1848
37.159985136,99.4421,99.2579,-0.1842
37.19998512,99.4421,99.2584,-0.1837
37.239985104,99.4421,99.2589,-0.1832
37.279985088,99.4421,99.2595,-0.1826
37.319985071999994,99.4421,99.26,-0.1821
37.359985056,99.4421,99.2606,-0.1815
37.39998504,99.4421,99.2611,-0.181
37.439985023999995,99.4421,99.2616,-0.1805
37.479985008,99.4421,99.2622,-0.1799
37.519984992000005,99.4421,99.2627,-0.1794
37.559984976,99.4522,99.2632,-0.1889
37.59998496,99.4522,99.2638,-0.1884
37.639984944,99.4522,99.2643,-0.1879
37.679984928,99.4522,99.2648,-0.1873
37.719984912,99.4522,99.2653,-0.1868
37.759984896,99.4522,99.2659,-0.1863
37.79998488,99.4522,99.2664,-0.1857
37.839984863999995,99.4522,99.2669,-0.1852
37.879984848,99.4522,99.2675,-0.1847
37.919984832,99.4522,99.268,-0.1842
37.959984816,99.4522,99.2685,-0.1837
37.9999848,99.4522,99.269,-0.1831
38.039984784000005,99.4522,99.2695,-0.1826
38.079984768,99.4522,99.2701,-0.1821
38.119984752,99.4522,99.2706,-0.1816
38.159984736,99.4522,99.2711,-0.181
38.199984719999996,99.4522,99.2716,-0.1806
38.239984704,99.4522,99.2721,-0.18
38.279984688,99.4522,99.2727,-0.1795
38.319984672,99.4522,99.2732,-0.179
38.359984655999995,99.4623,99.2737,-0.1885
38.39998464,99.4623,99.2743,-0.1879
38.439984624000004,99.4623,99.2747,-0.1875
38.479984608,99.4623,99.2752,-0.1869
38.519984592,99.4623,99.2758,-0.1864
38.559984576,99.4623,99.2762,-0.186
38.59998456,99.4623,99.2768,-0.1854
38.639984544,99.4623,99.2773,-0.1849
38.679984528,99.4623,99.2778,-0.1844
38.719984511999996,99.4623,99.2784,-0.1838
38.759984496,99.4623,99.2788,-0.1834
38.79998448,99.4623,99.2794,-0.1828
38.839984464,99.4623,99.2798,-0.1824
38.879984447999995,99.4623,99.2803,-0.1819
38.91998443199999,99.4623,99.2808,-0.1814
38.959984416000005,99.4623,99.2813,-0.1809
38.9999844,99.4623,99.2818,-0.1804
39.039984384,99.4623,99.2823,-0.1799
39.079984368,99.4623,99.2827,-0.1795
39.119984352,99.4623,99.2833,-0.1789
39.159984336,99.4723,99.2837,-0.1885
39.19998432,99.4723,99.2843,-0.188
39.239984304,99.4723,99.2848,-0.1874
39.279984288,99.4723,99.2853,-0.1869
39.319984272,99.4723,99.2858,-0.1864
39.359984256,99.4723,99.2863,-0.1859
39.399984239999995,99.4723,99.2868,-0.1854
39.439984224,99.4723,99.2874,-0.1849
39.479984208000005,99.4723,99.2879,-0.1843
39.519984192,99.4723,99.2884,-0.1838
39.559984176,99.4723,99.2889,-0.1833
39.59998416,99.4723,99.2894,-0.1828
39.639984144,99.4723,99.29,-0.1823
39.679984128,99.4723,99.2905,-0.1818
39.719984112,99.4723,99.2909,-0.1813
39.759984096,99.4723,99.2915,-0.1808
39.799984079999994,99.4723,99.2919,-0.1803
39.839984064,99.4723,99.2924,-0.1799
39.879984048,99.4723,99.2929,-0.1794
39.919984031999995,99.4723,99.2933,-0.1789
39.959984016,99.4823,99.2938,-0.1885
39.999984000000005,99.4823,99.2943,-0.188
40.039983984,99.4823,99.2948,-0.1875
40.079983968,99.4823,99.2953,-0.187
40.119983952,99.4823,99.2957,-0.1866
40.159983935999996,99.4823,99.2962,-0.1861
40.19998392,99.4823,99.2967,-0.1856
40.239983904,99.4823,99.2972,-0.1851
40.279983888,99.4823,99.2977,-0.1846
40.319983871999995,99.4823,99.2982,-0.1841
40.359983856,99.4823,99.2987,-0.1836
40.39998384,99.4823,99.2992,-0.1831
40.439983824,99.4823,99.2997,-0.1826
40.479983808,99.4823,99.3002,-0.1821
40.519983792000005,99.4823,99.3007,-0.1816
40.559983776,99.4823,99.3012,-0.1811
40.59998376,99.4823,99.3017,-0.1806
40.639983744,99.4823,99.3022,-0.1801
40.679983727999996,99.4823,99.3027,-0.1796
40.719983712,99.4823,99.3033,-0.179
40.759983696,99.4924,99.3037,-0.1886
40.79998368,99.4924,99.3043,-0.1881
40.839983663999995,99.4924,99.3048,-0.1876
40.879983648,99.4924,99.3053,-0.1871
40.919983632,99.4924,99.3058,-0.1865
40.959983616,99.4924,99.3063,-0.1861
40.9999836,99.4924,99.3068,-0.1855
41.039983584,99.4924,99.3073,-0.185
41.079983568,99.4924,99.3078,-0.1846
41.119983552,99.4924,99.3083,-0.184
41.159983536,99.4924,99.3088,-0.1835
41.199983519999996,99.4924,99.3093,-0.183
41.239983504,99.4924,99.3099,-0.1825
41.279983488,99.4924,99.3104,-0.182
41.319983472,99.4924,99.3109,-0.1814
41.359983455999995,99.4924,99.3115,-0.1809
41.39998343999999,99.4924,99.312,-0.1804
41.439983424000005,99.4924,99.3125,-0.1798
41.479983408,99.4924,99.313,-0.1793
41.519983392,99.4924,99.3136,-0.1787
41.559983376,99.5025,99.3141,-0.1883
41.59998336,99.5025,99.3146,-0.1878
41.639983344,99.5025,99.3151,-0.1873
41.679983328,99.5025,99.3157,-0.1867
41.719983312,99.5025,99.3162,-0.1862
41.759983296,99.5025,99.3168,-0.1856
41.79998328,99.5025,99.3173,-0.1851
41.839983264,99.5025,99.3179,-0.1845
41.879983247999995,99.5025,99.3184,-0.184
41.919983232,99.5025,99.3188,-0.1836
41.959983216000005,99.5025,99.3194,-0.183
41.9999832,99.5025,99.3199,-0.1825
42.039983184,99.5025,99.3204,-0.182
42.079983168,99.5025,99.3209,-0.1815
42.119983152,99.5025,99.3214,-0.181
42.159983136,99.5025,99.3219,-0.1805
42.19998312,99.5025,99.3224,-0.18
42.239983104,99.5025,99.3229,-0.1795
42.279983087999994,99.5025,99.3235,-0.1789
42.319983072,99.5025,99.324,-0.1785
42.359983056,99.5125,99.3245,-0.1879
42.399983039999995,99.5125,99.325,-0.1875
42.439983024,99.5125,99.3255,-0.1869
42.479983008000005,99.5125,99.326,-0.1865
42.519982992,99.5125,99.3265,-0.186
42.559982976,99.5125,99.327,-0.1855
42.59998296,99.5125,99.3275,-0.185
42.639982943999996,99.5125,99.3279,-0.1845
42.679982928,99.5125,99.3284,-0.1841
42.719982912,99.5125,99.3289,-0.1836
42.759982896,99.5125,99.3294,-0.1831
42.799982879999995,99.5125,99.3299,-0.1826
42.839982864,99.5125,99.3304,-0.1821
42.879982848,99.5125,99.3309,-0.1816
42.919982832,99.5125,99.3314,-0.1811
42.959982816,99.5125,99.3319,-0.1806
42.999982800000005,99.5125,99.3324,-0.1801
43.039982784,99.5125,99.3329,-0.1796
43.079982768,99.5125,99.3334,-0.1791
43.119982752,99.5125,99.3339,-0.1786
43.159982735999996,99.5225,99.3344,-0.1881
43.19998272,99.5225,99.3349,-0.1876
43.239982704,99.5225,99.3354,-0.1871
43.279982688,99.5225,99.3359,-0.1866
43.319982671999995,99.5225,99.3364,-0.1861
43.359982656,99.5225,99.337,-0.1855
43.399982640000005,99.5225,99.3375,-0.185
43.439982624,99.5225,99.338,-0.1845
43.479982608,99.5225,99.3385,-0.184
43.519982592,99.5225,99.339,-0.1835
43.559982576,99.5225,99.3394,-0.1831
43.59998256,99.5225,99.34,-0.1825
43.639982544,99.5225,99.3405,-0.182
43.679982528,99.5225,99.341,-0.1815
43.719982512,99.5225,99.3416,-0.1809
43.759982496,99.5225,99.342,-0.1805
43.79998248,99.5225,99.3425,-0.18
43.839982463999995,99.5225,99.343,-0.1795
43.87998244799999,99.5225,99.3434,-0.1791
43.919982432000005,99.5225,99.3439,-0.1786
43.959982416,99.5326,99.3444,-0.1882
43.9999824,99.5326,99.3448,-0.1877
44.039982384,99.5326,99.3453,-0.1872
44.079982368,99.5326,99.3458,-0.1867
44.119982352,99.5326,99.3463,-0.1863
44.159982336,99.5326,99.3468,-0.1857
44.19998232,99.5326,99.3473,-0.1852
44.239982303999994,99.5326,99.3478,-0.1847
44.279982288,99.5326,99.3483,-0.1842
44.319982272,99.5326,99.3488,-0.1838
44.359982255999995,99.5326,99.3492,-0.1833
44.39998224,99.5326,99.3497,-0.1828
44.439982224000005,99.5326,99.3502,-0.1824
44.479982208,99.5326,99.3507,-0.1819
44.519982192,99.5326,99.3511,-0.1815
44.559982176,99.5326,99.3516,-0.181
44.59998216,99.5326,99.352,-0.1806
44.639982144,99.5326,99.3524,-0.1802
44.679982128,99.5326,99.3529,-0.1797
44.719982112,99.5326,99.3533,-0.1792
44.759982095999995,99.5427,99.3538,-0.1888
44.79998208,99.5427,99.3543,-0.1883
44.839982064,99.5427,99.3548,-0.1878
44.879982047999995,99.5427,99.3552,-0.1874
44.919982032,99.5427,99.3557,-0.1869
44.959982016000005,99.5427,99.3562,-0.1864
44.999982,99.5427,99.3567,-0.1859
45.039981984,99.5427,99.3572,-0.1854
45.079981968,99.5427,99.3576,-0.185
45.119981951999996,99.5427,99.3582,-0.1844
45.159981936,99.5427,99.3586,-0.184
45.19998192,99.5427,99.3591,-0.1835
45.239981904,99.5427,99.3596,-0.183
45.279981887999995,99.5427,99.3601,-0.1825
45.319981872,99.5427,99.3606,-0.182
45.359981856,99.5427,99.3611,-0.1815
45.39998184,99.5427,99.3616,-0.181
45.439981824,99.5427,99.3621,-0.1805
45.479981808,99.5427,99.3625,-0.1801
45.519981792,99.5427,99.3631,-0.1795
45.559981776,99.5527,99.3635,-0.1891
45.59998176,99.5527,99.364,-0.1886
45.639981743999996,99.5527,99.3645,-0.1881
45.679981728,99.5527,99.365,-0.1877
45.719981712,99.5527,99.3655,-0.1872
45.759981696,99.5527,99.366,-0.1867
45.799981679999995,99.5527,99.3665,-0.1862
45.839981664,99.5527,99.367,-0.1856
45.879981648,99.5527,99.3675,-0.1852
45.919981632,99.5527,99.368,-0.1847
45.959981616,99.5527,99.3685,-0.1842
45.9999816,99.5527,99.369,-0.1837
46.039981584,99.5527,99.3695,-0.1832
46.079981568,99.5527,99.37,-0.1827
46.119981552,99.5527,99.3704,-0.1822
46.159981536,99.5527,99.3709,-0.1817
46.19998152,99.5527,99.3715,-0.1812
46.239981504,99.5527,99.3719,-0.1807
46.279981488,99.5527,99.3724,-0.1802
46.319981471999995,99.5527,99.3729,-0.1798
46.35998145599999,99.5627,99.3734,-0.1893
46.399981440000005,99.5627,99.3738,-0.1889
46.439981424,99.5627,99.3743,-0.1884
46.479981408,99.5627,99.3748,-0.1879
46.519981392,99.5627,99.3752,-0.1875
46.559981376,99.5627,99.3757,-0.187
46.59998136,99.5627,99.3762,-0.1865
46.639981344,99.5627,99.3766,-0.1861
46.679981328,99.5627,99.3772,-0.1855
46.719981311999994,99.5627,99.3776,-0.1851
46.759981296,99.5627,99.3781,-0.1846
46.79998128,99.5627,99.3786,-0.1842
46.839981263999995,99.5627,99.379,-0.1837
46.879981248,99.5627,99.3795,-0.1833
46.919981232000005,99.5627,99.3799,-0.1828
46.959981216,99.5627,99.3803,-0.1824
46.9999812,99.5627,99.3809,-0.1819
47.039981184,99.5627,99.3814,-0.1814
47.079981168,99.5627,99.3818,-0.1809
47.119981152,99.5627,99.3823,-0.1804
47.159981136,99.5728,99.3827,-0.19
47.19998112,99.5728,99.3832,-0.1895
47.239981103999995,99.5728,99.3837,-0.189
47.279981088,99.5728,99.3842,-0.1885
47.319981072,99.5728,99.3847,-0.1881
47.359981055999995,99.5728,99.3851,-0.1877
47.39998104,99.5728,99.3856,-0.1872
47.439981024000005,99.5728,99.386,-0.1867
47.479981008,99.5728,99.3865,-0.1863
47.519980992,99.5728,99.387,-0.1857
47.559980976,99.5728,99.3875,-0.1853
47.599980959999996,99.5728,99.388,-0.1848
47.639980944,99.5728,99.3885,-0.1843
47.679980928,99.5728,99.3889,-0.1838
47.719980912,99.5728,99.3894,-0.1833
47.759980895999995,99.5728,99.3899,-0.1828
47.79998088,99.5728,99.3904,-0.1823
47.839980864,99.5728,99.3909,-0.1818
47.879980848,99.5728,99.3914,-0.1814
47.919980832,99.5728,99.3919,-0.1809
47.959980816,99.5828,99.3924,-0.1904
47.9999808,99.5828,99.3928,-0.19
48.039980784,99.5828,99.3933,-0.1895
48.079980768,99.5828,99.3938,-0.189
48.119980752,99.5828,99.3942,-0.1886
48.159980736,99.5828,99.3947,-0.1881
48.19998072,99.5828,99.3951,-0.1877
48.239980704,99.5828,99.3956,-0.1872
48.279980687999995,99.5828,99.3961,-0.1867
48.319980672,99.5828,99.3965,-0.1863
48.359980656000005,99.5828,99.397,-0.1858
48.39998064,99.5828,99.3975,-0.1853
48.439980624,99.5828,99.398,-0.1848
48.479980608,99.5828,99.3984,-0.1844
48.519980592,99.5828,99.3989,-0.1839
48.559980576,99.5828,99.3994,-0.1834
48.59998056,99.5828,99.3999,-0.1829
48.639980544,99.5828,99.4004,-0.1824
48.679980528,99.5828,99.401,-0.1818
48.719980512,99.5828,99.4014,-0.1814
48.759980496,99.5929,99.4019,-0.1909
48.799980479999995,99.5929,99.4024,-0.1904
48.83998046399999,99.5929,99.4029,-0.1899
48.879980448000005,99.5929,99.4034,-0.1895
48.919980432,99.5929,99.4038,-0.189
48.959980416,99.5929,99.4043,-0.1885
48.9999804,99.5929,99.4048,-0.188
49.039980384,99.5929,99.4053,-0.1876
49.079980368,99.5929,99.4058,-0.1871
49.119980352,99.5929,99.4063,-0.1865
49.159980336,99.5929,99.4068,-0.1861
49.199980319999995,99.5929,99.4073,-0.1856
49.239980304,99.5929,99.4078,-0.1851
49.279980288,99.5929,99.4083,-0.1846
49.319980271999995,99.5929,99.4088,-0.1841
49.359980256,99.5929,99.4092,-0.1836
49.399980240000005,99.5929,99.4097,-0.1831
49.439980224,99.5929,99.4102,-0.1826
49.479980208,99.5929,99.4107,-0.1821
49.519980192,99.5929,99.4113,-0.1816
49.559980176,99.603,99.4118,-0.1912
49.59998016,99.603,99.4123,-0.1906
49.639980144,99.603,99.4128,-0.1901
49.679980128,99.603,99.4133,-0.1896
49.719980111999995,99.603,99.4138,-0.1891
49.759980096,99.603,99.4143,-0.1886
49.79998008,99.603,99.4148,-0.1882
49.839980063999995,99.603,99.4153,-0.1876
49.879980048,99.603,99.4157,-0.1872
49.919980032000005,99.603,99.4162,-0.1867
49.959980016,99.603,99.4167,-0.1862
49.99998,99.603,99.4172,-0.1857
50.039979984,99.603,99.4178,-0.1851
50.079979967999996,99.603,99.4183,-0.1846
50.119979952,99.603,99.4188,-0.1841
50.159979936,99.603,99.4193,-0.1836
50.19997992,99.603,99.4198,-0.1831
50.239979903999995,99.603,99.4203,-0.1826
50.279979888,99.603,99.4208,-0.1821
50.319979872,99.603,99.4213,-0.1816
50.359979856,99.613,99.4218,-0.1911
50.39997984,99.613,99.4223,-0.1907
50.439979824,99.613,99.4228,-0.1902
50.479979808,99.613,99.4232,-0.1897
50.519979792,99.613,99.4237,-0.1892
50.559979776,99.613,99.4242,-0.1887
50.59997976,99.613,99.4248,-0.1882
50.639979744,99.613,99.4253,-0.1877
50.679979728,99.613,99.4258,-0.1871
50.719979712,99.613,99.4263,-0.1866
50.759979695999995,99.613,99.4269,-0.1861
50.79997967999999,99.613,99.4273,-0.1856
50.839979664,99.613,99.4278,-0.1851
50.879979648,99.613,99.4284,-0.1846
50.919979632,99.613,99.4289,-0.1841
50.959979616,99.613,99.4293,-0.1836
50.9999796,99.613,99.4298,-0.1831
51.039979584,99.613,99.4303,-0.1826
51.079979568,99.613,99.4309,-0.182
51.119979552,99.613,99.4314,-0.1816
51.159979536,99.6231,99.4319,-0.1911
51.19997952,99.6231,99.4324,-0.1906
51.239979504,99.6231,99.4329,-0.1901
51.279979487999995,99.6231,99.4335,-0.1895
51.31997947199999,99.6231,99.434,-0.189
51.359979456000005,99.6231,99.4345,-0.1885
51.39997944,99.6231,99.435,-0.188
51.439979424,99.6231,99.4355,-0.1875
51.479979408,99.6231,99.436,-0.187
51.519979392,99.6231,99.4365,-0.1865
51.559979376,99.6231,99.437,-0.186
51.59997936,99.6231,99.4375,-0.1855
51.639979344,99.6231,99.4381,-0.1849
51.679979327999995,99.6231,99.4386,-0.1844
51.719979312,99.6231,99.4391,-0.1839
51.759979296,99.6231,99.4396,-0.1834
51.799979279999995,99.6231,99.4401,-0.1829
51.839979264,99.6231,99.4405,-0.1825
51.879979248000005,99.6231,99.441,-0.182
51.919979232,99.6231,99.4415,-0.1815
51.959979216,99.6331,99.442,-0.191
51.9999792,99.6331,99.4425,-0.1905
52.039979183999996,99.6331,99.443,-0.19
52.079979168,99.6331,99.4435,-0.1895
52.119979152,99.6331,99.4441,-0.189
52.159979136,99.6331,99.4446,-0.1885
52.199979119999995,99.6331,99.4451,-0.188
52.239979104,99.6331,99.4456,-0.1875
52.279979088,99.6331,99.446,-0.187
52.319979071999995,99.6331,99.4465,-0.1865
52.359979056,99.6331,99.447,-0.186
52.399979040000005,99.6331,99.4475,-0.1856
52.439979024,99.6331,99.448,-0.185
52.479979008,99.6331,99.4485,-0.1846
52.519978992,99.6331,99.449,-0.1841
52.559978976,99.6331,99.4495,-0.1836
52.59997896,99.6331,99.4499,-0.1831
52.639978944,99.6331,99.4505,-0.1826
52.679978928,99.6331,99.451,-0.1821
52.719978911999995,99.6331,99.4515,-0.1816
52.759978896,99.6432,99.452,-0.1911
52.79997888,99.6432,99.4524,-0.1907
52.839978864,99.6432,99.4529,-0.1902
52.879978848,99.6432,99.4534,-0.1897
52.919978832,99.6432,99.4539,-0.1892
52.959978816,99.6432,99.4544,-0.1887
52.9999788,99.6432,99.4548,-0.1883
53.039978784,99.6432,99.4553,-0.1878
53.079978768,99.6432,99.4558,-0.1873
53.119978752,99.6432,99.4563,-0.1868
53.159978736,99.6432,99.4568,-0.1863
53.19997872,99.6432,99.4573,-0.1859
53.239978703999995,99.6432,99.4577,-0.1854
53.27997868799999,99.6432,99.4582,-0.1849
53.319978672000005,99.6432,99.4587,-0.1844
53.359978656,99.6432,99.4592,-0.1839
53.39997864,99.6432,99.4597,-0.1834
53.439978624,99.6432,99.4602,-0.1829
53.479978608,99.6432,99.4607,-0.1824
53.519978592,99.6432,99.4612,-0.1819
53.559978576,99.6532,99.4617,-0.1914
53.59997856,99.6532,99.4623,-0.1909
53.639978544,99.6532,99.4628,-0.1903
53.679978528,99.6532,99.4634,-0.1897
53.719978512,99.6532,99.464,-0.1892
53.759978495999995,99.6532,99.4644,-0.1887
53.79997847999999,99.6532,99.465,-0.1882
53.839978464000005,99.6532,99.4654,-0.1877
53.879978448,99.6532,99.466,-0.1872
53.919978432,99.6532,99.4664,-0.1867
53.959978416,99.6532,99.4669,-0.1863
53.9999784,99.6532,99.4674,-0.1857
54.039978384,99.6532,99.4679,-0.1852
54.079978368,99.6532,99.4685,-0.1847
54.119978352,99.6532,99.469,-0.1841
54.159978335999995,99.6532,99.4695,-0.1837
54.19997832,99.6532,99.4701,-0.1831
54.239978304,99.6532,99.4706,-0.1826
54.279978287999995,99.6532,99.4711,-0.1821
54.319978272,99.6532,99.4716,-0.1815
54.359978256000005,99.6633,99.4721,-0.1911
54.39997824,99.6633,99.4726,-0.1906
54.439978224,99.6633,99.4731,-0.1901
54.479978208,99.6633,99.4736,-0.1896
54.519978191999996,99.6633,99.4741,-0.1891
54.559978176,99.6633,99.4746,-0.1886
54.59997816,99.6633,99.4751,-0.1881
54.639978144,99.6633,99.4757,-0.1875
54.679978127999995,99.6633,99.4762,-0.187
54.719978112,99.6633,99.4767,-0.1865
54.759978096,99.6633,99.4772,-0.186
54.799978079999995,99.6633,99.4777,-0.1855
54.839978064,99.6633,99.4782,-0.185
54.879978048000005,99.6633,99.4787,-0.1845
54.919978032,99.6633,99.4792,-0.184
54.959978016,99.6633,99.4798,-0.1834
54.999978,99.6633,99.4803,-0.1829
55.039977984,99.6633,99.4808,-0.1824
55.079977968,99.6633,99.4813,-0.1819
55.119977952,99.6633,99.4818,-0.1814
55.159977936,99.6733,99.4822,-0.191
55.199977919999995,99.6733,99.4827,-0.1905
55.239977904,99.6733,99.4833,-0.19
55.279977888,99.6733,99.4838,-0.1895
55.319977872,99.6733,99.4843,-0.189
55.359977856,99.6733,99.4848,-0.1885
55.39997784,99.6733,99.4854,-0.1879
55.439977824,99.6733,99.4859,-0.1874
55.479977808,99.6733,99.4865,-0.1868
55.519977792,99.6733,99.487,-0.1863
55.559977776,99.6733,99.4875,-0.1858
55.59997776,99.6733,99.488,-0.1853
55.639977744,99.6733,99.4885,-0.1848
55.679977728,99.6733,99.4891,-0.1842
55.719977711999995,99.6733,99.4896,-0.1837
55.75997769599999,99.6733,99.4901,-0.1831
55.79997768,99.6733,99.4907,-0.1826
55.839977664,99.6733,99.4912,-0.1821
55.879977648,99.6733,99.4917,-0.1816
55.919977632,99.6733,99.4923,-0.181
55.959977616,99.6834,99.4927,-0.1906
55.9999776,99.6834,99.4933,-0.19
56.039977584,99.6834,99.4939,-0.1894
56.079977568,99.6834,99.4944,-0.1889
56.119977551999995,99.6834,99.4949,-0.1884
56.159977536,99.6834,99.4954,-0.1879
56.19997752,99.6834,99.496,-0.1873
56.239977503999995,99.6834,99.4965,-0.1868
56.27997748799999,99.6834,99.4971,-0.1862
56.319977472000005,99.6834,99.4976,-0.1857
56.359977456,99.6834,99.4982,-0.1851
56.39997744,99.6834,99.4987,-0.1846
56.439977424,99.6834,99.4992,-0.1841
56.479977408,99.6834,99.4997,-0.1836
56.519977392,99.6834,99.5002,-0.1831
56.559977376,99.6834,99.5008,-0.1825
56.59997736,99.6834,99.5012,-0.1821
56.639977343999995,99.6834,99.5018,-0.1815
56.679977328,99.6834,99.5023,-0.181
56.719977312,99.6834,99.5028,-0.1805
56.759977295999995,99.6934,99.5034,-0.19
56.79997728,99.6934,99.5039,-0.1895
56.839977264000005,99.6934,99.5044,-0.189
56.879977248,99.6934,99.5048,-0.1885
56.919977232,99.6934,99.5053,-0.188
56.959977216,99.6934,99.5059,-0.1874
56.9999772,99.6934,99.5064,-0.187
57.039977184,99.6934,99.5069,-0.1865
57.079977168,99.6934,99.5074,-0.186
57.119977152,99.6934,99.5079,-0.1855
57.159977135999995,99.6934,99.5084,-0.1849
57.19997712,99.6934,99.509,-0.1844
57.239977104,99.6934,99.5095,-0.1839
57.279977087999995,99.6934,99.51,-0.1833
57.319977072,99.6934,99.5105,-0.1829
57.359977056,99.6934,99.511,-0.1823
57.39997704,99.6934,99.5115,-0.1819
57.439977024,99.6934,99.512,-0.1814
57.479977008,99.6934,99.5126,-0.1808
57.519976992,99.6934,99.513,-0.1803
57.559976976,99.7035,99.5135,-0.1899
57.59997696,99.7035,99.5141,-0.1893
57.639976944,99.7035,99.5146,-0.1888
57.679976927999995,99.7035,99.5151,-0.1883
57.719976912,99.7035,99.5156,-0.1878
57.759976896,99.7035,99.5161,-0.1873
57.79997688,99.7035,99.5166,-0.1868
57.839976864,99.7035,99.5171,-0.1863
57.879976848,99.7035,99.5177,-0.1857
57.919976832,99.7035,99.5182,-0.1852
57.959976816,99.7035,99.5186,-0.1848
57.9999768,99.7035,99.5191,-0.1843
58.039976784,99.7035,99.5196,-0.1838
58.079976768,99.7035,99.5202,-0.1832
58.119976752,99.7035,99.5207,-0.1827
58.159976736,99.7035,99.5212,-0.1822
58.199976719999995,99.7035,99.5217,-0.1817
58.23997670399999,99.7035,99.5223,-0.1811
58.279976688000005,99.7035,99.5228,-0.1806
58.319976672,99.7035,99.5233,-0.1801
58.359976656,99.7135,99.5239,-0.1896
58.39997664,99.7135,99.5244,-0.1891
58.439976624,99.7135,99.5249,-0.1886
58.479976608,99.7135,99.5254,-0.188
58.519976592,99.7135,99.5259,-0.1875
58.559976576,99.7135,99.5264,-0.187
58.599976559999995,99.7135,99.5269,-0.1865
58.639976544,99.7135,99.5275,-0.186
58.679976528,99.7135,99.5279,-0.1855
58.719976511999995,99.7135,99.5284,-0.1851
58.75997649599999,99.7135,99.5289,-0.1845
58.799976480000005,99.7135,99.5294,-0.184
58.839976464,99.7135,99.53,-0.1835
58.879976448,99.7135,99.5305,-0.183
58.919976432,99.7135,99.5309,-0.1825
58.959976416,99.7135,99.5314,-0.182
58.9999764,99.7135,99.5319,-0.1815
59.039976384,99.7135,99.5325,-0.181
59.079976368,99.7135,99.533,-0.1805
59.119976351999995,99.7135,99.5335,-0.18
59.159976336,99.7236,99.534,-0.1895
59.19997632,99.7236,99.5345,-0.189
59.239976303999995,99.7236,99.5351,-0.1884
59.279976288,99.7236,99.5356,-0.1879
59.319976272000005,99.7236,99.5361,-0.1874
59.359976256,99.7236,99.5366,-0.1869
59.39997624,99.7236,99.5371,-0.1864
59.439976224,99.7236,99.5376,-0.1859
59.479976208,99.7236,99.5382,-0.1854
59.519976192,99.7236,99.5387,-0.1848
59.559976176,99.7236,99.5392,-0.1843
59.59997616,99.7236,99.5398,-0.1838
59.639976143999995,99.7236,99.5403,-0.1832
59.679976128,99.7236,99.5408,-0.1827
59.719976112,99.7236,99.5414,-0.1821
59.759976095999995,99.7236,99.5419,-0.1816
59.79997608,99.7236,99.5424,-0.1811
59.839976064,99.7236,99.543,-0.1805
59.879976048,99.7236,99.5435,-0.18
59.919976032,99.7236,99.544,-0.1796
59.959976016,99.7336,99.5445,-0.1891
59.999976,99.7336,99.545,-0.1886
60.039975984,99.7336,99.5455,-0.1881
60.079975968,99.7336,99.546,-0.1876
60.119975952,99.7336,99.5465,-0.1871
60.159975935999995,99.7336,99.547,-0.1866
60.19997592,99.7336,99.5475,-0.186
60.239975904,99.7336,99.548,-0.1855
60.279975888,99.7336,99.5486,-0.185
60.319975872,99.7336,99.5491,-0.1845
60.359975856,99.7336,99.5496,-0.184
60.39997584,99.7336,99.5501,-0.1834
60.439975824,99.7336,99.5506,-0.1829
60.479975808,99.7336,99.5512,-0.1824
60.519975792,99.7336,99.5517,-0.1819
60.559975776,99.7336,99.5522,-0.1814
60.59997576,99.7336,99.5527,-0.1809
60.639975744,99.7336,99.5532,-0.1803
60.679975727999995,99.7336,99.5537,-0.1798
60.71997571199999,99.7336,99.5542,-0.1793
60.759975696,99.7437,99.5548,-0.1889
60.79997568,99.7437,99.5553,-0.1883
60.839975664,99.7437,99.5558,-0.1878
60.879975648,99.7437,99.5563,-0.1873
60.919975632,99.7437,99.5568,-0.1868
60.959975616,99.7437,99.5573,-0.1863
60.9999756,99.7437,99.5578,-0.1858
61.039975584,99.7437,99.5583,-0.1853
61.079975567999995,99.7437,99.5588,-0.1848
61.119975552,99.7437,99.5594,-0.1842
61.159975536,99.7437,99.5599,-0.1837
61.199975519999995,99.7437,99.5604,-0.1832
61.23997550399999,99.7437,99.5609,-0.1827
61.279975488000005,99.7437,99.5614,-0.1822
61.319975472,99.7437,99.5619,-0.1817
61.359975456,99.7437,99.5624,-0.1812
61.39997544,99.7437,99.5629,-0.1807
61.439975424,99.7437,99.5634,-0.1802
61.479975408,99.7437,99.5639,-0.1797
61.519975392,99.7437,99.5645,-0.1791
61.559975376,99.7537,99.565,-0.1887
61.599975359999995,99.7537,99.5655,-0.1882
61.639975344,99.7537,99.566,-0.1876
61.679975328,99.7537,99.5665,-0.1871
61.719975311999995,99.7537,99.567,-0.1866
61.759975296,99.7537,99.5676,-0.1861
61.799975280000005,99.7537,99.568,-0.1856
61.839975264,99.7537,99.5686,-0.1851
61.879975248,99.7537,99.5691,-0.1846
61.919975232,99.7537,99.5697,-0.184
61.959975216,99.7537,99.5702,-0.1834
61.9999752,99.7537,99.5707,-0.183
62.039975184,99.7537,99.5712,-0.1825
62.079975168,99.7537,99.5717,-0.1819
62.119975151999995,99.7537,99.5722,-0.1815
62.159975136,99.7537,99.5727,-0.1809
62.19997512,99.7537,99.5732,-0.1804
62.239975103999996,99.7537,99.5737,-0.1799
62.279975088,99.7537,99.5742,-0.1794
62.319975072,99.7537,99.5747,-0.179
62.359975056,99.7638,99.5752,-0.1885
62.39997504,99.7638,99.5757,-0.188
62.439975024,99.7638,99.5761,-0.1876
62.479975008,99.7638,99.5767,-0.187
62.519974992,99.7638,99.5772,-0.1865
62.55997497599999,99.7638,99.5777,-0.186
62.59997496,99.7638,99.5782,-0.1855
62.639974944,99.7638,99.5787,-0.185
62.67997492799999,99.7638,99.5792,-0.1845
62.719974912,99.7638,99.5797,-0.184
62.759974895999996,99.7638,99.5801,-0.1836
62.79997488,99.7638,99.5806,-0.1831
62.839974864000006,99.7638,99.5811,-0.1827
62.879974847999996,99.7638,99.5816,-0.1821
62.919974832,99.7638,99.582,-0.1817
62.959974816000006,99.7638,99.5825,-0.1812
62.9999748,99.7638,99.583,-0.1807
63.039974784,99.7638,99.5835,-0.1802
63.07997476799999,99.7638,99.584,-0.1797
63.119974752,99.7638,99.5846,-0.1791
63.159974736,99.7738,99.5851,-0.1887
63.19997471999999,99.7738,99.5856,-0.1882
63.239974704000005,99.7738,99.5861,-0.1876
63.279974687999996,99.7738,99.5866,-0.1871
63.319974672,99.7738,99.5872,-0.1866
63.359974656000006,99.7738,99.5877,-0.1861
63.399974639999996,99.7738,99.5882,-0.1856
63.439974624,99.7738,99.5887,-0.185
63.479974608000006,99.7738,99.5892,-0.1846
63.519974592,99.7738,99.5897,-0.1841
63.559974576,99.7738,99.5902,-0.1836
63.59997455999999,99.7738,99.5907,-0.1831
63.639974544,99.7738,99.5912,-0.1826
63.679974528,99.7738,99.5916,-0.1821
63.71997451199999,99.7738,99.5921,-0.1817
63.759974496000005,99.7738,99.5926,-0.1812
63.799974479999996,99.7738,99.593,-0.1808
63.839974464,99.7738,99.5935,-0.1802
63.879974448000006,99.7738,99.594,-0.1798
63.919974432,99.7738,99.5945,-0.1793
63.959974416,99.7839,99.595,-0.1888
63.99997439999999,99.7839,99.5954,-0.1884
64.039974384,99.7839,99.5959,-0.1879
64.07997436800001,99.7839,99.5964,-0.1874
64.119974352,99.7839,99.5968,-0.1869
64.159974336,99.7839,99.5974,-0.1864
64.19997432000001,99.7839,99.5978,-0.186
64.239974304,99.7839,99.5983,-0.1855
64.279974288,99.7839,99.5988,-0.185
64.319974272,99.7839,99.5992,-0.1846
64.359974256,99.7839,99.5997,-0.1841
64.39997424,99.7839,99.6002,-0.1836
64.439974224,99.7839,99.6007,-0.1832
64.479974208,99.7839,99.6011,-0.1827
64.51997419199999,99.7839,99.6016,-0.1822
64.559974176,99.7839,99.6021,-0.1817
64.59997416,99.7839,99.6025,-0.1813
64.63997414399999,99.7839,99.603,-0.1808
64.679974128,99.7839,99.6035,-0.1803
64.71997411199999,99.7839,99.6039,-0.1799
64.759974096,99.7939,99.6043,-0.1895
64.79997408,99.7939,99.6048,-0.189
64.83997406399999,99.7939,99.6053,-0.1886
64.879974048,99.7939,99.6058,-0.1881
64.919974032,99.7939,99.6062,-0.1876
64.95997401599999,99.7939,99.6067,-0.1872
64.99997400000001,99.7939,99.6072,-0.1867
65.039973984,99.7939,99.6076,-0.1863
65.079973968,99.7939,99.6081,-0.1858
65.11997395200001,99.7939,99.6085,-0.1853
65.159973936,99.7939,99.6089,-0.1849
65.19997392,99.7939,99.6095,-0.1844
65.239973904,99.7939,99.6099,-0.184
65.279973888,99.7939,99.6104,-0.1835
65.319973872,99.7939,99.6109,-0.1829
65.359973856,99.7939,99.6114,-0.1825
65.39997384,99.7939,99.6119,-0.182
65.439973824,99.7939,99.6124,-0.1815
65.479973808,99.7939,99.6128,-0.181
65.519973792,99.7939,99.6133,-0.1805
65.55997377599999,99.804,99.6138,-0.1901
65.59997376,99.804,99.6142,-0.1897
65.639973744,99.804,99.6147,-0.1892
65.679973728,99.804,99.6152,-0.1887
65.719973712,99.804,99.6157,-0.1882
65.75997369599999,99.804,99.6161,-0.1878
65.79997368,99.804,99.6165,-0.1874
65.839973664,99.804,99.617,-0.1869
65.87997364799999,99.804,99.6175,-0.1864
65.919973632,99.804,99.6179,-0.186
65.959973616,99.804,99.6185,-0.1855
65.9999736,99.804,99.6189,-0.185
66.03997358400001,99.804,99.6194,-0.1845
66.079973568,99.804,99.6198,-0.1841
66.119973552,99.804,99.6203,-0.1836
66.15997353600001,99.804,99.6208,-0.1831
66.19997352,99.804,99.6213,-0.1826
66.239973504,99.804,99.6218,-0.1821
66.279973488,99.804,99.6222,-0.1817
66.319973472,99.804,99.6227,-0.1813
66.359973456,99.814,99.6232,-0.1908
66.39997344,99.814,99.6236,-0.1903
66.439973424,99.814,99.6241,-0.1899
66.47997340799999,99.814,99.6246,-0.1894
66.519973392,99.814,99.625,-0.189
66.559973376,99.814,99.6254,-0.1885
66.59997335999999,99.814,99.6259,-0.188
66.639973344,99.814,99.6264,-0.1876
66.679973328,99.814,99.6269,-0.1871
66.719973312,99.814,99.6273,-0.1866
66.759973296,99.814,99.6278,-0.1861
66.79997327999999,99.814,99.6283,-0.1856
66.839973264,99.814,99.6287,-0.1852
66.879973248,99.814,99.6293,-0.1847
66.91997323199999,99.814,99.6298,-0.1842
66.95997321600001,99.814,99.6303,-0.1837
66.9999732,99.814,99.6308,-0.1831
67.039973184,99.814,99.6313,-0.1827
67.07997316800001,99.814,99.6318,-0.1822
67.119973152,99.814,99.6323,-0.1816
67.159973136,99.8241,99.6328,-0.1912
67.19997312,99.8241,99.6333,-0.1907
67.239973104,99.8241,99.6337,-0.1903
67.279973088,99.8241,99.6343,-0.1898
67.319973072,99.8241,99.6348,-0.1892
67.359973056,99.8241,99.6353,-0.1887
67.39997304,99.8241,99.6357,-0.1883
67.439973024,99.8241,99.6363,-0.1877
67.479973008,99.8241,99.6367,-0.1873
67.51997299199999,99.8241,99.6373,-0.1867
67.559972976,99.8241,99.6377,-0.1863
67.59997296,99.8241,99.6383,-0.1857
67.639972944,99.8241,99.6388,-0.1852
67.679972928,99.8241,99.6392,-0.1848
67.71997291199999,99.8241,99.6398,-0.1842
67.759972896,99.8241,99.6402,-0.1838
67.79997288,99.8241,99.6408,-0.1833
67.83997286399999,99.8241,99.6413,-0.1827
67.879972848,99.8241,99.6418,-0.1822
67.919972832,99.8241,99.6423,-0.1817
67.959972816,99.8341,99.6428,-0.1912
67.99997280000001,99.8341,99.6433,-0.1907
68.039972784,99.8341,99.6438,-0.1902
68.079972768,99.8341,99.6443,-0.1898
68.11997275200001,99.8341,99.6448,-0.1893
68.159972736,99.8341,99.6453,-0.1888
68.19997272,99.8341,99.6458,-0.1883
68.239972704,99.8341,99.6463,-0.1877
68.279972688,99.8341,99.6468,-0.1872
68.319972672,99.8341,99.6473,-0.1868
68.359972656,99.8341,99.6478,-0.1862
68.39997264,99.8341,99.6483,-0.1858
68.43997262399999,99.8341,99.6488,-0.1853
68.479972608,99.8341,99.6493,-0.1848
68.519972592,99.8341,99.6498,-0.1843
68.55997257599999,99.8341,99.6503,-0.1838
68.59997256,99.8341,99.6508,-0.1833
68.639972544,99.8341,99.6513,-0.1828
68.679972528,99.8341,99.6518,-0.1822
68.719972512,99.8341,99.6523,-0.1817
68.75997249599999,99.8442,99.6528,-0.1913
68.79997248,99.8442,99.6533,-0.1908
68.839972464,99.8442,99.6537,-0.1904
68.87997244799999,99.8442,99.6543,-0.1899
68.919972432,99.8442,99.6547,-0.1894
68.959972416,99.8442,99.6552,-0.1889
68.9999724,99.8442,99.6558,-0.1883
69.03997238400001,99.8442,99.6563,-0.1878
69.079972368,99.8442,99.6568,-0.1873
69.119972352,99.8442,99.6573,-0.1868
69.15997233600001,99.8442,99.6578,-0.1863
69.19997232,99.8442,99.6584,-0.1857
69.239972304,99.8442,99.6589,-0.1853
69.279972288,99.8442,99.6594,-0.1847
69.319972272,99.8442,99.6599,-0.1842
69.359972256,99.8442,99.6604,-0.1837
69.39997224,99.8442,99.6609,-0.1832
69.439972224,99.8442,99.6614,-0.1827
69.47997220799999,99.8442,99.6619,-0.1822
69.519972192,99.8442,99.6624,-0.1817
69.559972176,99.8542,99.6629,-0.1912
69.59997216,99.8542,99.6634,-0.1907
69.639972144,99.8542,99.6639,-0.1902
69.67997212799999,99.8542,99.6644,-0.1897
69.719972112,99.8542,99.665,-0.1892
69.759972096,99.8542,99.6654,-0.1887
69.79997207999999,99.8542,99.666,-0.1882
69.839972064,99.8542,99.6665,-0.1877
69.879972048,99.8542,99.667,-0.1872
69.91997203199999,99.8542,99.6676,-0.1866
69.95997201600001,99.8542,99.6681,-0.1861
69.999972,99.8542,99.6686,-0.1855
70.039971984,99.8542,99.6692,-0.185
70.07997196800001,99.8542,99.6697,-0.1845
70.119971952,99.8542,99.6702,-0.1839
70.159971936,99.8542,99.6707,-0.1834
70.19997192,99.8542,99.6713,-0.1829
70.239971904,99.8542,99.6718,-0.1824
70.279971888,99.8542,99.6722,-0.1819
70.319971872,99.8542,99.6727,-0.1814
70.359971856,99.8643,99.6733,-0.1909
70.39997184,99.8643,99.6738,-0.1904
70.439971824,99.8643,99.6743,-0.1899
70.479971808,99.8643,99.6748,-0.1894
70.51997179199999,99.8643,99.6753,-0.1889
70.559971776,99.8643,99.6758,-0.1884
70.59997176,99.8643,99.6764,-0.1878
70.639971744,99.8643,99.677,-0.1873
70.679971728,99.8643,99.6775,-0.1867
70.71997171199999,99.8643,99.678,-0.1862
70.759971696,99.8643,99.6786,-0.1856
70.79997168,99.8643,99.6791,-0.1851
70.83997166399999,99.8643,99.6796,-0.1846
70.879971648,99.8643,99.6802,-0.184
70.919971632,99.8643,99.6807,-0.1835
70.959971616,99.8643,99.6812,-0.183
70.99997160000001,99.8643,99.6817,-0.1825
71.039971584,99.8643,99.6823,-0.1819
71.079971568,99.8643,99.6828,-0.1814
71.11997155200001,99.8643,99.6833,-0.1809
71.159971536,99.8743,99.6838,-0.1905
71.19997152,99.8743,99.6844,-0.1899
71.239971504,99.8743,99.6849,-0.1894
71.279971488,99.8743,99.6854,-0.1888
71.319971472,99.8743,99.686,-0.1883
71.359971456,99.8743,99.6865,-0.1878
71.39997144,99.8743,99.6871,-0.1872
71.43997142399999,99.8743,99.6875,-0.1867
71.479971408,99.8743,99.688,-0.1862
71.519971392,99.8743,99.6886,-0.1857
71.559971376,99.8743,99.6891,-0.1852
71.59997136,99.8743,99.6896,-0.1846
71.639971344,99.8743,99.6902,-0.1841
71.679971328,99.8743,99.6907,-0.1835
71.719971312,99.8743,99.6913,-0.183
71.75997129599999,99.8743,99.6918,-0.1825
71.79997128,99.8743,99.6923,-0.182
71.839971264,99.8743,99.6928,-0.1815
71.87997124799999,99.8743,99.6933,-0.181
71.919971232,99.8743,99.6939,-0.1804
71.959971216,99.8843,99.6944,-0.1899
71.9999712,99.8843,99.6949,-0.1894
72.03997118400001,99.8843,99.6954,-0.1889
72.079971168,99.8843,99.696,-0.1883
72.119971152,99.8843,99.6965,-0.1878
72.159971136,99.8843,99.6971,-0.1872
72.19997112,99.8843,99.6976,-0.1867
72.239971104,99.8843,99.6981,-0.1862
72.279971088,99.8843,99.6986,-0.1858
72.319971072,99.8843,99.6991,-0.1852
72.359971056,99.8843,99.6996,-0.1847
72.39997104,99.8843,99.7001,-0.1842
72.439971024,99.8843,99.7007,-0.1836
72.47997100799999,99.8843,99.7012,-0.1831
72.519970992,99.8843,99.7016,-0.1827
72.559970976,99.8843,99.7022,-0.1821
72.59997096,99.8843,99.7027,-0.1816
72.639970944,99.8843,99.7032,-0.1811
72.67997092799999,99.8843,99.7038,-0.1806
72.719970912,99.8843,99.7043,-0.18
72.759970896,99.8944,99.7048,-0.1895
72.79997087999999,99.8944,99.7053,-0.189
72.839970864,99.8944,99.7059,-0.1884
72.879970848,99.8944,99.7064,-0.1879
72.919970832,99.8944,99.7069,-0.1874
72.95997081600001,99.8944,99.7075,-0.1869
72.9999708,99.8944,99.7079,-0.1864
73.039970784,99.8944,99.7084,-0.1859
73.07997076800001,99.8944,99.709,-0.1854
73.119970752,99.8944,99.7094,-0.1849
73.159970736,99.8944,99.7099,-0.1845
73.19997072,99.8944,99.7103,-0.184
73.239970704,99.8944,99.7108,-0.1835
73.279970688,99.8944,99.7114,-0.183
73.319970672,99.8944,99.7118,-0.1825
73.359970656,99.8944,99.7123,-0.182
73.39997063999999,99.8944,99.7128,-0.1815
73.439970624,99.8944,99.7133,-0.1811
73.479970608,99.8944,99.7138,-0.1805
73.51997059199999,99.8944,99.7143,-0.1801
73.559970576,99.9045,99.7148,-0.1896
73.59997056,99.9045,99.7153,-0.1891
73.639970544,99.9045,99.7158,-0.1886
73.679970528,99.9045,99.7164,-0.188
73.71997051199999,99.9045,99.7169,-0.1875
73.759970496,99.9045,99.7174,-0.187
73.79997048,99.9045,99.7179,-0.1865
73.83997046399999,99.9045,99.7183,-0.1861
73.879970448,99.9045,99.7188,-0.1856
73.919970432,99.9045,99.7193,-0.1851
73.959970416,99.9045,99.7198,-0.1846
73.99997040000001,99.9045,99.7203,-0.1841
74.039970384,99.9045,99.7208,-0.1836
74.079970368,99.9045,99.7213,-0.1831
74.11997035200001,99.9045,99.7218,-0.1826
74.159970336,99.9045,99.7223,-0.1821
74.19997032,99.9045,99.7228,-0.1816
74.239970304,99.9045,99.7233,-0.1811
74.279970288,99.9045,99.7238,-0.1806
74.319970272,99.9045,99.7243,-0.1801
74.359970256,99.9145,99.7248,-0.1897
74.39997024,99.9145,99.7253,-0.1892
74.43997022399999,99.9145,99.7258,-0.1886
74.479970208,99.9145,99.7263,-0.1882
74.519970192,99.9145,99.7268,-0.1876
74.559970176,99.9145,99.7273,-0.1871
74.59997016,99.9145,99.7278,-0.1866
74.63997014399999,99.9145,99.7284,-0.1861
74.679970128,99.9145,99.7289,-0.1856
74.719970112,99.9145,99.7295,-0.185
74.75997009599999,99.9145,99.73,-0.1845
74.79997008,99.9145,99.7304,-0.184
74.839970064,99.9145,99.731,-0.1835
74.87997004799999,99.9145,99.7315,-0.183
74.91997003200001,99.9145,99.732,-0.1824
74.959970016,99.9145,99.7325,-0.1819
74.99997,99.9145,99.733,-0.1814
75.03996998400001,99.9145,99.7336,-0.1809
75.079969968,99.9145,99.7341,-0.1804
75.119969952,99.9145,99.7345,-0.1799
75.159969936,99.9246,99.7351,-0.1894
75.19996992,99.9246,99.7356,-0.1889
75.239969904,99.9246,99.7362,-0.1884
75.279969888,99.9246,99.7367,-0.1878
75.319969872,99.9246,99.7372,-0.1873
75.359969856,99.9246,99.7377,-0.1868
75.39996984,99.9246,99.7383,-0.1862
75.439969824,99.9246,99.7388,-0.1857
75.47996980799999,99.9246,99.7393,-0.1852
75.519969792,99.9246,99.7398,-0.1847
75.559969776,99.9246,99.7404,-0.1841
75.59996976,99.9246,99.7409,-0.1836
75.639969744,99.9246,99.7415,-0.183
75.67996972799999,99.9246,99.742,-0.1825
75.719969712,99.9246,99.7426,-0.182
75.759969696,99.9246,99.743,-0.1815
75.79996967999999,99.9246,99.7436,-0.1809
75.839969664,99.9246,99.7441,-0.1804
75.879969648,99.9246,99.7446,-0.1799
75.919969632,99.9246,99.7452,-0.1793
75.95996961600001,99.9346,99.7457,-0.1889
75.9999696,99.9346,99.7463,-0.1883
76.039969584,99.9346,99.7468,-0.1878
76.07996956800001,99.9346,99.7473,-0.1872
76.119969552,99.9346,99.7479,-0.1867
76.159969536,99.9346,99.7484,-0.1861
76.19996952,99.9346,99.749,-0.1855
76.239969504,99.9346,99.7496,-0.185
76.279969488,99.9346,99.7501,-0.1845
76.319969472,99.9346,99.7507,-0.1839
76.359969456,99.9346,99.7512,-0.1833
76.39996943999999,99.9346,99.7518,-0.1827
76.439969424,99.9346,99.7524,-0.1822
76.479969408,99.9346,99.7529,-0.1817
76.519969392,99.9346,99.7535,-0.1811
76.559969376,99.9346,99.754,-0.1805
76.59996935999999,99.9346,99.7546,-0.18
76.639969344,99.9346,99.7551,-0.1794
76.679969328,99.9346,99.7557,-0.1789
76.71996931199999,99.9346,99.7563,-0.1783
76.759969296,99.9447,99.7568,-0.1878
76.79996928,99.9447,99.7573,-0.1873
76.83996926399999,99.9447,99.7579,-0.1867
76.87996924800001,99.9447,99.7584,-0.1862
76.919969232,99.9447,99.7589,-0.1857
76.959969216,99.9447,99.7595,-0.1852
76.99996920000001,99.9447,99.7599,-0.1847
77.039969184,99.9447,99.7605,-0.1841
77.079969168,99.9447,99.761,-0.1836
77.119969152,99.9447,99.7616,-0.1831
77.159969136,99.9447,99.7621,-0.1825
77.19996912,99.9447,99.7626,-0.182
77.239969104,99.9447,99.7632,-0.1814
77.279969088,99.9447,99.7637,-0.1809
77.319969072,99.9447,99.7642,-0.1804
77.359969056,99.9447,99.7648,-0.1799
77.39996904,99.9447,99.7652,-0.1794
77.43996902399999,99.9447,99.7658,-0.1788
77.479969008,99.9447,99.7664,-0.1782
77.519968992,99.9447,99.7669,-0.1777
77.559968976,99.9547,99.7675,-0.1872
77.59996896,99.9547,99.768,-0.1866
77.63996894399999,99.9547,99.7686,-0.1861
77.679968928,99.9547,99.7691,-0.1855
77.719968912,99.9547,99.7696,-0.1851
77.75996889599999,99.9547,99.7701,-0.1845
77.79996888,99.9547,99.7706,-0.184
77.83996886399999,99.9547,99.7711,-0.1835
77.879968848,99.9547,99.7716,-0.183
77.91996883200001,99.9547,99.7722,-0.1825
77.959968816,99.9547,99.7727,-0.182
77.9999688,99.9547,99.7732,-0.1814
78.03996878400001,99.9547,99.7737,-0.1809
78.079968768,99.9547,99.7743,-0.1804
78.119968752,99.9547,99.7747,-0.1799
78.159968736,99.9547,99.7752,-0.1794
78.19996872,99.9547,99.7758,-0.1789
78.239968704,99.9547,99.7762,-0.1784
78.279968688,99.9547,99.7768,-0.1778
78.319968672,99.9547,99.7774,-0.1773
78.35996865599999,99.9648,99.7778,-0.1869
78.39996864,99.9648,99.7784,-0.1863
78.439968624,99.9648,99.7789,-0.1858
78.479968608,99.9648,99.7795,-0.1853
78.519968592,99.9648,99.78,-0.1847
78.559968576,99.9648,99.7804,-0.1843
78.59996856,99.9648,99.7809,-0.1838
78.639968544,99.9648,99.7814,-0.1833
78.67996852799999,99.9648,99.7819,-0.1828
78.719968512,99.9648,99.7825,-0.1823
78.759968496,99.9648,99.7829,-0.1818
78.79996847999999,99.9648,99.7834,-0.1813
78.839968464,99.9648,99.7839,-0.1808
78.879968448,99.9648,99.7844,-0.1803
78.919968432,99.9648,99.785,-0.1798
78.95996841600001,99.9648,99.7854,-0.1793
78.9999684,99.9648,99.7859,-0.1788
79.039968384,99.9648,99.7865,-0.1782
79.079968368,99.9648,99.787,-0.1777
79.119968352,99.9648,99.7875,-0.1772
79.159968336,99.9748,99.788,-0.1868
79.19996832,99.9748,99.7884,-0.1864
79.239968304,99.9748,99.7889,-0.1859
79.279968288,99.9748,99.7893,-0.1854
79.319968272,99.9748,99.7899,-0.1849
79.359968256,99.9748,99.7903,-0.1844
79.39996823999999,99.9748,99.7908,-0.184
79.439968224,99.9748,99.7913,-0.1834
79.479968208,99.9748,99.7918,-0.1829
79.519968192,99.9748,99.7923,-0.1825
79.559968176,99.9748,99.7928,-0.1819
79.59996815999999,99.9748,99.7933,-0.1815
79.639968144,99.9748,99.7938,-0.181
79.679968128,99.9748,99.7943,-0.1805
79.71996811199999,99.9748,99.7948,-0.18
79.759968096,99.9748,99.7953,-0.1795
79.79996808,99.9748,99.7957,-0.179
79.83996806399999,99.9748,99.7963,-0.1785
79.87996804800001,99.9748,99.7968,-0.178
79.919968032,99.9748,99.7972,-0.1775
79.959968016,99.9849,99.7978,-0.187
79.99996800000001,99.9849,99.7983,-0.1865
80.039967984,99.9849,99.7988,-0.186
80.079967968,99.9849,99.7993,-0.1855
80.119967952,99.9849,99.7998,-0.185
80.159967936,99.9849,99.8003,-0.1845
80.19996792,99.9849,99.8009,-0.1839
80.239967904,99.9849,99.8014,-0.1834
80.279967888,99.9849,99.8019,-0.1829
80.31996787199999,99.9849,99.8024,-0.1824
80.359967856,99.9849,99.8029,-0.1819
80.39996784,99.9849,99.8035,-0.1813
80.439967824,99.9849,99.804,-0.1808
80.479967808,99.9849,99.8045,-0.1803
80.519967792,99.9849,99.805,-0.1798
80.559967776,99.9849,99.8055,-0.1793
80.59996776,99.9849,99.8061,-0.1787
80.63996774399999,99.9849,99.8066,-0.1783
80.679967728,99.9849,99.807,-0.1778
80.719967712,99.9849,99.8076,-0.1773
80.75996769599999,99.9949,99.808,-0.1868
80.79996768,99.9949,99.8085,-0.1864
80.839967664,99.9949,99.809,-0.1859
80.879967648,99.9949,99.8094,-0.1854
80.91996763200001,99.9949,99.81,-0.1849
80.959967616,99.9949,99.8105,-0.1844
80.9999676,99.9949,99.811,-0.1839
81.03996758400001,99.9949,99.8116,-0.1833
81.079967568,99.9949,99.812,-0.1829
81.119967552,99.9949,99.8125,-0.1824
81.159967536,99.9949,99.813,-0.1819
81.19996752,99.9949,99.8134,-0.1814
81.239967504,99.9949,99.814,-0.1809
81.279967488,99.9949,99.8145,-0.1804
81.319967472,99.9949,99.8149,-0.1799
81.35996745599999,99.9949,99.8155,-0.1794
81.39996744,99.9949,99.816,-0.1789
81.439967424,99.9949,99.8165,-0.1784
81.479967408,99.9949,99.817,-0.1779
81.519967392,99.9949,99.8175,-0.1774
81.55996737599999,100.005,99.818,-0.1869
81.59996736,100.005,99.8185,-0.1864
81.639967344,100.005,99.819,-0.186
81.67996732799999,100.005,99.8194,-0.1855
81.719967312,100.005,99.8199,-0.185
81.759967296,100.005,99.8204,-0.1845
81.79996727999999,100.005,99.8209,-0.184
81.839967264,100.005,99.8214,-0.1835
81.879967248,100.005,99.822,-0.183
81.919967232,100.005,99.8224,-0.1825
81.95996721600001,100.005,99.8229,-0.182
81.9999672,100.005,99.8234,-0.1815
82.039967184,100.005,99.8239,-0.181
82.079967168,100.005,99.8244,-0.1805
82.119967152,100.005,99.8248,-0.1801
82.159967136,100.005,99.8254,-0.1795
82.19996712,100.005,99.8259,-0.179
82.239967104,100.005,99.8263,-0.1786
82.279967088,100.005,99.8268,-0.1781
82.319967072,100.005,99.8273,-0.1776
82.359967056,100.015,99.8277,-0.1872
82.39996703999999,100.015,99.8283,-0.1867
82.439967024,100.015,99.8287,-0.1862
82.479967008,100.015,99.8292,-0.1857
82.519966992,100.015,99.8297,-0.1852
82.559966976,100.015,99.8302,-0.1848
82.59996695999999,100.015,99.8307,-0.1843
82.639966944,100.015,99.8312,-0.1838
82.679966928,100.015,99.8316,-0.1833
82.71996691199999,100.015,99.8322,-0.1828
82.759966896,100.015,99.8326,-0.1823
82.79996687999999,100.015,99.8332,-0.1818
82.839966864,100.015,99.8336,-0.1813
82.87996684800001,100.015,99.8341,-0.1808
82.919966832,100.015,99.8346,-0.1804
82.959966816,100.015,99.835,-0.1799
82.99996680000001,100.015,99.8355,-0.1794
83.039966784,100.015,99.836,-0.1789
83.079966768,100.015,99.8365,-0.1785
83.119966752,100.015,99.837,-0.178
83.159966736,100.0251,99.8375,-0.1876
83.19996672,100.0251,99.8379,-0.1871
83.239966704,100.0251,99.8384,-0.1866
83.279966688,100.0251,99.8389,-0.1861
83.31996667199999,100.0251,99.8394,-0.1857
83.359966656,100.0251,99.8398,-0.1852
83.39996664,100.0251,99.8403,-0.1848
83.439966624,100.0251,99.8407,-0.1843
83.479966608,100.0251,99.8412,-0.1838
83.519966592,100.0251,99.8416,-0.1834
83.559966576,100.0251,99.8422,-0.1829
83.59996656,100.0251,99.8426,-0.1825
83.63996654399999,100.0251,99.843,-0.182
83.679966528,100.0251,99.8435,-0.1815
83.719966512,100.0251,99.844,-0.181
83.75996649599999,100.0251,99.8445,-0.1805
83.79996648,100.0251,99.845,-0.18
83.839966464,100.0251,99.8454,-0.1796
83.879966448,100.0251,99.8459,-0.1791
83.91996643200001,100.0251,99.8463,-0.1787
83.959966416,100.0351,99.8468,-0.1883
83.9999664,100.0351,99.8473,-0.1878
84.039966384,100.0351,99.8477,-0.1873
84.079966368,100.0351,99.8483,-0.1868
84.119966352,100.0351,99.8487,-0.1864
84.159966336,100.0351,99.8492,-0.1859
84.19996632,100.0351,99.8497,-0.1854
84.239966304,100.0351,99.8501,-0.185
84.279966288,100.0351,99.8506,-0.1844
84.319966272,100.0351,99.8511,-0.184
84.35996625599999,100.0351,99.8516,-0.1835
84.39996624,100.0351,99.8521,-0.183
84.439966224,100.0351,99.8525,-0.1825
84.479966208,100.0351,99.853,-0.182
84.519966192,100.0351,99.8535,-0.1815
84.55996617599999,100.0351,99.854,-0.1811
84.59996616,100.0351,99.8545,-0.1806
84.639966144,100.0351,99.855,-0.1801
84.67996612799999,100.0351,99.8554,-0.1796
84.719966112,100.0351,99.8559,-0.1791
84.759966096,100.0452,99.8564,-0.1887
84.79996607999999,100.0452,99.8569,-0.1882
84.83996606400001,100.0452,99.8574,-0.1877
84.879966048,100.0452,99.8579,-0.1872
84.919966032,100.0452,99.8584,-0.1867
84.95996601600001,100.0452,99.8589,-0.1863
84.999966,100.0452,99.8594,-0.1857
85.039965984,100.0452,99.8599,-0.1852
85.079965968,100.0452,99.8603,-0.1848
85.119965952,100.0452,99.8609,-0.1842
85.159965936,100.0452,99.8614,-0.1837
85.19996592,100.0452,99.8619,-0.1832
85.239965904,100.0452,99.8624,-0.1827
85.27996588799999,100.0452,99.8629,-0.1822
85.319965872,100.0452,99.8634,-0.1817
85.359965856,100.0452,99.8639,-0.1812
85.39996584,100.0452,99.8643,-0.1808
85.439965824,100.0452,99.8649,-0.1802
85.479965808,100.0452,99.8653,-0.1798
85.519965792,100.0452,99.8659,-0.1792
85.559965776,100.0552,99.8664,-0.1888
85.59996575999999,100.0552,99.8669,-0.1882
85.639965744,100.0552,99.8675,-0.1877
85.679965728,100.0552,99.868,-0.1872
85.71996571199999,100.0552,99.8685,-0.1867
85.759965696,100.0552,99.869,-0.1862
85.79996568,100.0552,99.8694,-0.1858
85.839965664,100.0552,99.8699,-0.1853
85.87996564800001,100.0552,99.8704,-0.1847
85.919965632,100.0552,99.8709,-0.1843
85.959965616,100.0552,99.8714,-0.1838
85.99996560000001,100.0552,99.8719,-0.1833
86.039965584,100.0552,99.8723,-0.1828
86.079965568,100.0552,99.8729,-0.1823
86.119965552,100.0552,99.8733,-0.1818
86.159965536,100.0552,99.8738,-0.1813
86.19996552,100.0552,99.8743,-0.1808
86.239965504,100.0552,99.8748,-0.1804
86.279965488,100.0552,99.8753,-0.1799
86.31996547199999,100.0552,99.8758,-0.1794
86.359965456,100.0653,99.8762,-0.189
86.39996544,100.0653,99.8768,-0.1884
86.439965424,100.0653,99.8772,-0.188
86.479965408,100.0653,99.8778,-0.1874
86.51996539199999,100.0653,99.8783,-0.1869
86.559965376,100.0653,99.8788,-0.1864
86.59996536,100.0653,99.8793,-0.1859
86.63996534399999,100.0653,99.8798,-0.1854
86.679965328,100.0653,99.8803,-0.1849
86.719965312,100.0653,99.8809,-0.1843
86.75996529599999,100.0653,99.8813,-0.1839
86.79996528000001,100.0653,99.8819,-0.1833
86.839965264,100.0653,99.8824,-0.1828
86.879965248,100.0653,99.8829,-0.1824
86.91996523200001,100.0653,99.8833,-0.1819
86.959965216,100.0653,99.8838,-0.1814
86.9999652,100.0653,99.8842,-0.181
87.039965184,100.0653,99.8848,-0.1804
87.079965168,100.0653,99.8853,-0.1799
87.119965152,100.0653,99.8858,-0.1794
87.159965136,100.0753,99.8863,-0.1889
87.19996512,100.0753,99.8868,-0.1884
87.239965104,100.0753,99.8873,-0.1879
87.279965088,100.0753,99.8878,-0.1875
87.319965072,100.0753,99.8884,-0.1869
87.359965056,100.0753,99.8889,-0.1864
87.39996504,100.0753,99.8893,-0.186
87.439965024,100.0753,99.8898,-0.1854
87.479965008,100.0753,99.8903,-0.185
87.519964992,100.0753,99.8908,-0.1844
87.55996497599999,100.0753,99.8914,-0.1839
87.59996496,100.0753,99.8918,-0.1834
87.639964944,100.0753,99.8923,-0.1829
87.67996492799999,100.0753,99.8929,-0.1824
87.719964912,100.0753,99.8934,-0.1819
87.75996489599999,100.0753,99.8939,-0.1813
87.79996488,100.0753,99.8944,-0.1809
87.83996486400001,100.0753,99.8949,-0.1803
87.879964848,100.0753,99.8954,-0.1799
87.919964832,100.0753,99.8959,-0.1794
87.95996481600001,100.0854,99.8964,-0.1889
87.9999648,100.0854,99.8969,-0.1884
88.039964784,100.0854,99.8974,-0.1879
88.079964768,100.0854,99.8979,-0.1874
88.119964752,100.0854,99.8984,-0.187
88.159964736,100.0854,99.8989,-0.1865
88.19996472,100.0854,99.8994,-0.186
88.239964704,100.0854,99.8998,-0.1855
88.27996468799999,100.0854,99.9003,-0.185
88.319964672,100.0854,99.9008,-0.1845
88.359964656,100.0854,99.9013,-0.184
88.39996464,100.0854,99.9018,-0.1835
88.439964624,100.0854,99.9023,-0.183
88.47996460799999,100.0854,99.9028,-0.1825
88.519964592,100.0854,99.9033,-0.182
88.559964576,100.0854,99.9038,-0.1816
88.59996455999999,100.0854,99.9043,-0.181
88.639964544,100.0854,99.9048,-0.1805
88.679964528,100.0854,99.9054,-0.18
88.71996451199999,100.0854,99.9059,-0.1794
88.759964496,100.0954,99.9064,-0.189
88.79996448,100.0954,99.9069,-0.1885
88.839964464,100.0954,99.9074,-0.188
88.87996444800001,100.0954,99.9079,-0.1875
88.919964432,100.0954,99.9084,-0.1869
88.959964416,100.0954,99.9089,-0.1865
88.9999644,100.0954,99.9095,-0.1859
89.039964384,100.0954,99.9099,-0.1854
89.079964368,100.0954,99.9104,-0.1849
89.119964352,100.0954,99.911,-0.1844
89.159964336,100.0954,99.9115,-0.1839
89.19996432,100.0954,99.912,-0.1834
89.239964304,100.0954,99.9125,-0.1829
89.279964288,100.0954,99.913,-0.1823
89.31996427199999,100.0954,99.9136,-0.1818
89.359964256,100.0954,99.9141,-0.1813
89.39996424,100.0954,99.9146,-0.1808
89.439964224,100.0954,99.9151,-0.1803
89.479964208,100.0954,99.9156,-0.1798
89.51996419199999,100.0954,99.9161,-0.1793
89.559964176,100.1055,99.9166,-0.1888
89.59996416,100.1055,99.9171,-0.1883
89.63996414399999,100.1055,99.9176,-0.1878
89.679964128,100.1055,99.9181,-0.1873
89.71996411199999,100.1055,99.9186,-0.1868
89.75996409599999,100.1055,99.9191,-0.1863
89.79996408000001,100.1055,99.9196,-0.1858
89.839964064,100.1055,99.9201,-0.1853
89.879964048,100.1055,99.9206,-0.1848
89.91996403200001,100.1055,99.9211,-0.1843
89.959964016,100.1055,99.9216,-0.1838
89.999964,100.1055,99.9221,-0.1834
90.039963984,100.1055,99.9226,-0.1828
90.079963968,100.1055,99.9231,-0.1823
90.119963952,100.1055,99.9237,-0.1818
90.159963936,100.1055,99.9242,-0.1812
90.19996392,100.1055,99.9247,-0.1807
90.23996390399999,100.1055,99.9252,-0.1802
90.279963888,100.1055,99.9258,-0.1797
90.319963872,100.1055,99.9262,-0.1792
90.359963856,100.1155,99.9268,-0.1887
90.39996384,100.1155,99.9273,-0.1882
90.439963824,100.1155,99.9278,-0.1876
90.479963808,100.1155,99.9284,-0.1871
90.519963792,100.1155,99.9289,-0.1866
90.55996377599999,100.1155,99.9294,-0.1861
90.59996376,100.1155,99.93,-0.1855
90.639963744,100.1155,99.9305,-0.185
90.67996372799999,100.1155,99.931,-0.1844
90.719963712,100.1155,99.9315,-0.184
90.759963696,100.1155,99.932,-0.1834
90.79996368,100.1155,99.9325,-0.1829
90.83996366400001,100.1155,99.933,-0.1824
90.879963648,100.1155,99.9336,-0.1819
90.919963632,100.1155,99.9341,-0.1814
90.959963616,100.1155,99.9346,-0.1809
90.9999636,100.1155,99.9351,-0.1804
91.039963584,100.1155,99.9355,-0.1799
91.079963568,100.1155,99.9361,-0.1794
91.119963552,100.1155,99.9366,-0.1789
91.159963536,100.1256,99.9372,-0.1884
91.19996352,100.1256,99.9377,-0.1878
91.239963504,100.1256,99.9382,-0.1873
91.27996348799999,100.1256,99.9387,-0.1868
91.319963472,100.1256,99.9393,-0.1862
91.359963456,100.1256,99.9398,-0.1857
91.39996344,100.1256,99.9403,-0.1852
91.439963424,100.1256,99.9408,-0.1847
91.47996340799999,100.1256,99.9413,-0.1842
91.519963392,100.1256,99.9418,-0.1837
91.559963376,100.1256,99.9423,-0.1832
91.59996335999999,100.1256,99.9429,-0.1826
91.639963344,100.1256,99.9434,-0.1821
91.679963328,100.1256,99.9439,-0.1816
91.71996331199999,100.1256,99.9444,-0.1811
91.759963296,100.1256,99.9449,-0.1806
91.79996328,100.1256,99.9454,-0.1801
91.839963264,100.1256,99.9459,-0.1796
91.87996324800001,100.1256,99.9464,-0.1791
91.919963232,100.1256,99.9469,-0.1786
91.959963216,100.1356,99.9474,-0.1881
91.9999632,100.1356,99.9479,-0.1876
92.039963184,100.1356,99.9485,-0.1871
92.079963168,100.1356,99.9489,-0.1866
92.119963152,100.1356,99.9494,-0.1861
92.159963136,100.1356,99.95,-0.1856
92.19996311999999,100.1356,99.9505,-0.1851
92.239963104,100.1356,99.951,-0.1845
92.279963088,100.1356,99.9515,-0.184
92.319963072,100.1356,99.952,-0.1836
92.359963056,100.1356,99.9525,-0.183
92.39996304,100.1356,99.953,-0.1826
92.439963024,100.1356,99.9535,-0.182
92.479963008,100.1356,99.954,-0.1815
92.51996299199999,100.1356,99.9545,-0.1811
92.559962976,100.1356,99.9551,-0.1805
92.59996296,100.1356,99.9555,-0.18
92.63996294399999,100.1356,99.9561,-0.1795
92.679962928,100.1356,99.9566,-0.179
92.71996291199999,100.1356,99.9571,-0.1785
92.759962896,100.1457,99.9576,-0.188
92.79996288000001,100.1457,99.958,-0.1876
92.839962864,100.1457,99.9586,-0.1871
92.879962848,100.1457,99.9591,-0.1865
92.91996283200001,100.1457,99.9596,-0.186
92.959962816,100.1457,99.9601,-0.1855
92.9999628,100.1457,99.9606,-0.185
93.039962784,100.1457,99.9611,-0.1845
93.079962768,100.1457,99.9616,-0.184
93.119962752,100.1457,99.9621,-0.1835
93.159962736,100.1457,99.9626,-0.1831
93.19996272,100.1457,99.9631,-0.1826
93.23996270399999,100.1457,99.9635,-0.1821
93.279962688,100.1457,99.964,-0.1816
93.319962672,100.1457,99.9645,-0.1812
93.359962656,100.1457,99.965,-0.1807
93.39996264,100.1457,99.9654,-0.1802
93.43996262399999,100.1457,99.9659,-0.1797
93.479962608,100.1457,99.9664,-0.1792
93.519962592,100.1457,99.9669,-0.1787
93.55996257599999,100.1557,99.9674,-0.1883
93.59996256,100.1557,99.9678,-0.1878
93.639962544,100.1557,99.9683,-0.1874
93.67996252799999,100.1557,99.9687,-0.1869
93.719962512,100.1557,99.9692,-0.1865
93.759962496,100.1557,99.9697,-0.186
93.79996248,100.1557,99.9702,-0.1855
93.83996246400001,100.1557,99.9707,-0.185
93.879962448,100.1557,99.9711,-0.1845
93.919962432,100.1557,99.9717,-0.184
93.959962416,100.1557,99.9721,-0.1836
93.9999624,100.1557,99.9726,-0.183
94.039962384,100.1557,99.9731,-0.1825
94.079962368,100.1557,99.9736,-0.1821
94.119962352,100.1557,99.9741,-0.1816
94.159962336,100.1557,99.9745,-0.1811
94.19996232,100.1557,99.9751,-0.1806
94.239962304,100.1557,99.9756,-0.1801
94.279962288,100.1557,99.976,-0.1796
94.319962272,100.1557,99.9765,-0.1792
94.359962256,100.1658,99.977,-0.1887
94.39996224,100.1658,99.9775,-0.1882
94.439962224,100.1658,99.978,-0.1877
94.47996220799999,100.1658,99.9785,-0.1873
94.519962192,100.1658,99.9789,-0.1868
94.559962176,100.1658,99.9794,-0.1863
94.59996215999999,100.1658,99.9799,-0.1858
94.639962144,100.1658,99.9805,-0.1853
94.67996212799999,100.1658,99.9809,-0.1848
94.71996211199999,100.1658,99.9814,-0.1843
94.75996209600001,100.1658,99.9819,-0.1838
94.79996208,100.1658,99.9824,-0.1833
94.839962064,100.1658,99.9829,-0.1828
94.87996204800001,100.1658,99.9834,-0.1823
94.919962032,100.1658,99.9839,-0.1818
94.959962016,100.1658,99.9845,-0.1813
94.999962,100.1658,99.9849,-0.1808
95.039961984,100.1658,99.9854,-0.1803
95.079961968,100.1658,99.9859,-0.1798
95.119961952,100.1658,99.9864,-0.1793
95.159961936,100.1758,99.9869,-0.1889
95.19996191999999,100.1758,99.9873,-0.1884
95.239961904,100.1758,99.9878,-0.1879
95.279961888,100.1758,99.9883,-0.1874
95.319961872,100.1758,99.9888,-0.187
95.359961856,100.1758,99.9894,-0.1864
95.39996184,100.1758,99.9898,-0.1859
95.439961824,100.1758,99.9903,-0.1854
95.479961808,100.1758,99.9909,-0.1848
95.51996179199999,100.1758,99.9914,-0.1844
95.559961776,100.1758,99.9919,-0.1838
95.59996176,100.1758,99.9925,-0.1833
95.63996174399999,100.1758,99.993,-0.1828
95.679961728,100.1758,99.9935,-0.1823
95.719961712,100.1758,99.9941,-0.1817
95.759961696,100.1758,99.9946,-0.1811
95.79996168000001,100.1758,99.9952,-0.1806
95.839961664,100.1758,99.9957,-0.1801
95.879961648,100.1758,99.9963,-0.1795
95.919961632,100.1758,99.9968,-0.179
95.959961616,100.1859,99.9973,-0.1885
95.9999616,100.1859,99.9978,-0.188
96.039961584,100.1859,99.9984,-0.1875
96.079961568,100.1859,99.9989,-0.1869
96.119961552,100.1859,99.9994,-0.1864
96.159961536,100.1859,99.9999,-0.1859
96.19996152,100.1859,100.0004,-0.1854
96.239961504,100.1859,100.001,-0.1848
96.279961488,100.1859,100.0015,-0.1843
96.319961472,100.1859,100.0021,-0.1837
96.359961456,100.1859,100.0026,-0.1832
96.39996144,100.1859,100.0031,-0.1827
96.43996142399999,100.1859,100.0036,-0.1822
96.479961408,100.1859,100.0042,-0.1816
96.519961392,100.1859,100.0047,-0.1811
96.55996137599999,100.1859,100.0052,-0.1806
96.59996136,100.1859,100.0058,-0.18
96.639961344,100.1859,100.0063,-0.1795
96.67996132799999,100.1859,100.0068,-0.179
96.71996131200001,100.1859,100.0073,-0.1785
96.759961296,100.1959,100.0078,-0.188
96.79996128,100.1959,100.0083,-0.1875
96.83996126400001,100.1959,100.0089,-0.187
96.879961248,100.1959,100.0095,-0.1864
96.919961232,100.1959,100.01,-0.1859
96.959961216,100.1959,100.0105,-0.1853
96.9999612,100.1959,100.0111,-0.1848
97.039961184,100.1959,100.0116,-0.1843
97.079961168,100.1959,100.0121,-0.1838
97.119961152,100.1959,100.0126,-0.1833
97.15996113599999,100.1959,100.0131,-0.1827
97.19996112,100.1959,100.0136,-0.1822
97.239961104,100.1959,100.0142,-0.1817
97.279961088,100.1959,100.0147,-0.1812
97.319961072,100.1959,100.0153,-0.1806
97.359961056,100.1959,100.0158,-0.18
97.39996104,100.1959,100.0163,-0.1795
97.439961024,100.1959,100.0169,-0.179
97.47996100799999,100.1959,100.0174,-0.1784
97.519960992,100.1959,100.0179,-0.1779
97.559960976,100.206,100.0185,-0.1874
97.59996095999999,100.206,100.019,-0.1869
97.639960944,100.206,100.0195,-0.1864
97.67996092799999,100.206,100.0201,-0.1858
97.719960912,100.206,100.0206,-0.1853
97.75996089600001,100.206,100.0211,-0.1848
97.79996088,100.206,100.0216,-0.1843
97.839960864,100.206,100.022,-0.1839
97.87996084800001,100.206,100.0226,-0.1833
97.919960832,100.206,100.0231,-0.1828
97.959960816,100.206,100.0236,-0.1823
97.9999608,100.206,100.0241,-0.1818
98.039960784,100.206,100.0246,-0.1813
98.079960768,100.206,100.0251,-0.1808
98.119960752,100.206,100.0256,-0.1803
98.159960736,100.206,100.0261,-0.1799
98.19996071999999,100.206,100.0266,-0.1793
98.239960704,100.206,100.0271,-0.1788
98.279960688,100.206,100.0276,-0.1783
98.319960672,100.206,100.0281,-0.1779
98.359960656,100.216,100.0286,-0.1874
98.39996063999999,100.216,100.0291,-0.1868
98.439960624,100.216,100.0296,-0.1864
98.479960608,100.216,100.0302,-0.1858
98.51996059199999,100.216,100.0307,-0.1853
98.559960576,100.216,100.0311,-0.1849
98.59996056,100.216,100.0316,-0.1843
98.63996054399999,100.216,100.0321,-0.1839
98.679960528,100.216,100.0325,-0.1834
98.719960512,100.216,100.0331,-0.1829
98.759960496,100.216,100.0336,-0.1824
98.79996048000001,100.216,100.0341,-0.1819
98.839960464,100.216,100.0346,-0.1814
98.879960448,100.216,100.035,-0.181
98.919960432,100.216,100.0355,-0.1805
98.959960416,100.216,100.0359,-0.18
98.9999604,100.216,100.0364,-0.1795
99.039960384,100.216,100.0369,-0.1791
99.079960368,100.216,100.0373,-0.1787
99.119960352,100.216,100.0378,-0.1781
99.159960336,100.2261,100.0383,-0.1877
99.19996032,100.2261,100.0388,-0.1872
99.239960304,100.2261,100.0393,-0.1867
99.279960288,100.2261,100.0397,-0.1863
99.319960272,100.2261,100.0402,-0.1858
99.359960256,100.2261,100.0407,-0.1853
99.39996024,100.2261,100.0411,-0.1849
99.43996022399999,100.2261,100.0416,-0.1844
99.479960208,100.2261,100.0421,-0.184
99.519960192,100.2261,100.0426,-0.1835
99.55996017599999,100.2261,100.0431,-0.183
99.59996016,100.2261,100.0435,-0.1825
99.63996014399999,100.2261,100.044,-0.182
99.67996012799999,100.2261,100.0445,-0.1816
99.71996011200001,100.2261,100.045,-0.1811
99.759960096,100.2261,100.0455,-0.1805
99.79996008,100.2261,100.0459,-0.1801
99.83996006400001,100.2261,100.0464,-0.1796
99.879960048,100.2261,100.0469,-0.1791
99.919960032,100.2261,100.0474,-0.1786
99.959960016,100.2361,100.0479,-0.1882
99.99996,100.2361,100.0484,-0.1877
100.039959984,100.2361,100.0489,-0.1872
100.079959968,100.2361,100.0494,-0.1866
100.119959952,100.2361,100.0499,-0.1862
100.15995993599999,100.2361,100.0504,-0.1857
100.19995992,100.2361,100.0509,-0.1852
100.239959904,100.2361,100.0514,-0.1847
100.279959888,100.2361,100.0519,-0.1841
100.319959872,100.2361,100.0524,-0.1837
100.35995985599999,100.2361,100.0529,-0.1832
100.39995984,100.2361,100.0534,-0.1827
100.439959824,100.2361,100.0538,-0.1822
100.47995980799999,100.2361,100.0543,-0.1817
100.519959792,100.2361,100.0548,-0.1813
100.559959776,100.2361,100.0553,-0.1808
100.59995975999999,100.2361,100.0558,-0.1803
100.639959744,100.2361,100.0562,-0.1798
100.679959728,100.2361,100.0567,-0.1793
100.719959712,100.2361,100.0573,-0.1788
100.75995969600001,100.2462,100.0577,-0.1884
100.79995968,100.2462,100.0582,-0.1879
100.839959664,100.2462,100.0587,-0.1875
100.879959648,100.2462,100.0592,-0.1869
100.919959632,100.2462,100.0597,-0.1864
100.959959616,100.2462,100.0602,-0.186
100.9999596,100.2462,100.0607,-0.1854
101.039959584,100.2462,100.0612,-0.1849
101.079959568,100.2462,100.0617,-0.1844
101.119959552,100.2462,100.0622,-0.1839
101.159959536,100.2462,100.0627,-0.1834
101.19995952,100.2462,100.0632,-0.1829
101.239959504,100.2462,100.0637,-0.1824
101.279959488,100.2462,100.0642,-0.1819
101.319959472,100.2462,100.0647,-0.1814
101.359959456,100.2462,100.0652,-0.1809
101.39995943999999,100.2462,100.0657,-0.1805
101.439959424,100.2462,100.0662,-0.18
101.479959408,100.2462,100.0666,-0.1795
101.51995939199999,100.2462,100.0672,-0.179
101.559959376,100.2562,100.0677,-0.1885
101.59995935999999,100.2562,100.0682,-0.188
101.63995934399999,100.2562,100.0687,-0.1875
101.679959328,100.2562,100.0692,-0.187
101.719959312,100.2562,100.0697,-0.1865
101.759959296,100.2562,100.0702,-0.1859
101.79995928000001,100.2562,100.0707,-0.1855
101.839959264,100.2562,100.0712,-0.1849
101.879959248,100.2562,100.0717,-0.1845
101.919959232,100.2562,100.0722,-0.184
101.959959216,100.2562,100.0727,-0.1835
101.9999592,100.2562,100.0731,-0.1831
102.039959184,100.2562,100.0736,-0.1825
102.079959168,100.2562,100.0741,-0.1821
102.11995915199999,100.2562,100.0746,-0.1816
102.159959136,100.2562,100.0751,-0.1811
102.19995912,100.2562,100.0755,-0.1807
102.239959104,100.2562,100.076,-0.1801
102.279959088,100.2562,100.0765,-0.1796
102.319959072,100.2562,100.077,-0.1792
102.359959056,100.2663,100.0775,-0.1887
102.39995904,100.2663,100.078,-0.1882
102.43995902399999,100.2663,100.0785,-0.1877
102.479959008,100.2663,100.0791,-0.1872
102.519958992,100.2663,100.0795,-0.1867
102.55995897599999,100.2663,100.08,-0.1862
102.59995896,100.2663,100.0805,-0.1857
102.63995894399999,100.2663,100.081,-0.1852
102.679958928,100.2663,100.0815,-0.1847
102.71995891200001,100.2663,100.082,-0.1842
102.759958896,100.2663,100.0825,-0.1837
102.79995888,100.2663,100.0831,-0.1832
102.839958864,100.2663,100.0836,-0.1826
102.879958848,100.2663,100.0841,-0.1821
102.919958832,100.2663,100.0846,-0.1816
102.959958816,100.2663,100.0851,-0.1812
102.9999588,100.2663,100.0856,-0.1806
103.039958784,100.2663,100.0861,-0.1802
103.079958768,100.2663,100.0866,-0.1796
103.119958752,100.2663,100.0871,-0.1791
103.159958736,100.2763,100.0876,-0.1887
103.19995872,100.2763,100.0881,-0.1882
103.239958704,100.2763,100.0886,-0.1877
103.279958688,100.2763,100.0891,-0.1872
103.319958672,100.2763,100.0896,-0.1867
103.35995865599999,100.2763,100.09,-0.1862
103.39995864,100.2763,100.0906,-0.1857
103.439958624,100.2763,100.091,-0.1853
103.47995860799999,100.2763,100.0915,-0.1848
103.519958592,100.2763,100.092,-0.1842
103.559958576,100.2763,100.0925,-0.1838
103.59995855999999,100.2763,100.093,-0.1833
103.639958544,100.2763,100.0935,-0.1828
103.679958528,100.2763,100.094,-0.1823
103.719958512,100.2763,100.0945,-0.1817
103.75995849600001,100.2763,100.095,-0.1813
103.79995848,100.2763,100.0955,-0.1808
103.839958464,100.2763,100.096,-0.1803
103.879958448,100.2763,100.0965,-0.1798
103.919958432,100.2763,100.0969,-0.1793
103.959958416,100.2864,100.0974,-0.1889
103.9999584,100.2864,100.0979,-0.1884
104.039958384,100.2864,100.0984,-0.1879
104.07995836799999,100.2864,100.0989,-0.1875
104.119958352,100.2864,100.0994,-0.187
104.159958336,100.2864,100.0999,-0.1864
104.19995832,100.2864,100.1003,-0.186
104.239958304,100.2864,100.1009,-0.1854
104.279958288,100.2864,100.1014,-0.1849
104.319958272,100.2864,100.1019,-0.1844
104.359958256,100.2864,100.1023,-0.184
104.39995823999999,100.2864,100.1028,-0.1835
104.439958224,100.2864,100.1033,-0.183
104.479958208,100.2864,100.1038,-0.1826
104.51995819199999,100.2864,100.1042,-0.1821
104.559958176,100.2864,100.1047,-0.1816
104.59995815999999,100.2864,100.1052,-0.1811
104.63995814399999,100.2864,100.1057,-0.1806
104.67995812800001,100.2864,100.1062,-0.1801
104.719958112,100.2864,100.1067,-0.1796
104.759958096,100.2964,100.1072,-0.1891
104.79995808000001,100.2964,100.1077,-0.1887
104.839958064,100.2964,100.1082,-0.1882
104.879958048,100.2964,100.1086,-0.1877
104.919958032,100.2964,100.1091,-0.1872
104.959958016,100.2964,100.1096,-0.1867
104.999958,100.2964,100.1101,-0.1862
105.039957984,100.2964,100.1106,-0.1857
105.079957968,100.2964,100.1112,-0.1852
105.119957952,100.2964,100.1116,-0.1847
105.159957936,100.2964,100.1121,-0.1843
105.19995792,100.2964,100.1127,-0.1837
105.239957904,100.2964,100.1131,-0.1832
105.279957888,100.2964,100.1137,-0.1827
105.31995787199999,100.2964,100.1142,-0.1822
105.359957856,100.2964,100.1147,-0.1817
105.39995784,100.2964,100.1152,-0.1811
105.43995782399999,100.2964,100.1157,-0.1807
105.479957808,100.2964,100.1162,-0.1801
105.519957792,100.2964,100.1167,-0.1796
105.55995777599999,100.3065,100.1172,-0.1892
105.59995776,100.3065,100.1177,-0.1887
105.639957744,100.3065,100.1182,-0.1882
105.679957728,100.3065,100.1187,-0.1877
105.71995771200001,100.3065,100.1192,-0.1872
105.759957696,100.3065,100.1197,-0.1867
105.79995768,100.3065,100.1202,-0.1862
105.839957664,100.3065,100.1207,-0.1857
105.879957648,100.3065,100.1212,-0.1852
105.919957632,100.3065,100.1217,-0.1847
105.959957616,100.3065,100.1221,-0.1843
105.9999576,100.3065,100.1225,-0.1839
106.039957584,100.3065,100.123,-0.1834
106.079957568,100.3065,100.1235,-0.1829
106.119957552,100.3065,100.1241,-0.1823
106.159957536,100.3065,100.1245,-0.1819
106.19995752,100.3065,100.125,-0.1814
106.239957504,100.3065,100.1256,-0.1809
106.279957488,100.3065,100.126,-0.1804
106.319957472,100.3065,100.1265,-0.1799
106.35995745599999,100.3165,100.127,-0.1895
106.39995744,100.3165,100.1275,-0.189
106.439957424,100.3165,100.128,-0.1884
106.47995740799999,100.3165,100.1285,-0.188
106.519957392,100.3165,100.129,-0.1875
106.55995737599999,100.3165,100.1294,-0.187
106.59995735999999,100.3165,100.1299,-0.1866
106.63995734400001,100.3165,100.1304,-0.186
106.679957328,100.3165,100.1309,-0.1856
106.719957312,100.3165,100.1314,-0.1851
106.75995729600001,100.3165,100.1319,-0.1845
106.79995728,100.3165,100.1324,-0.1841
106.839957264,100.3165,100.133,-0.1835
106.879957248,100.3165,100.1335,-0.183
106.919957232,100.3165,100.134,-0.1825
106.959957216,100.3165,100.1345,-0.182
106.9999572,100.3165,100.135,-0.1815
107.039957184,100.3165,100.1355,-0.181
107.07995716799999,100.3165,100.1359,-0.1805
107.119957152,100.3165,100.1365,-0.18
107.159957136,100.3266,100.137,-0.1895
107.19995712,100.3266,100.1375,-0.189
107.239957104,100.3266,100.1379,-0.1886
107.279957088,100.3266,100.1385,-0.188
107.319957072,100.3266,100.139,-0.1876
107.359957056,100.3266,100.1395,-0.1871
107.39995703999999,100.3266,100.14,-0.1865
107.439957024,100.3266,100.1404,-0.1861
107.479957008,100.3266,100.1409,-0.1856
107.51995699199999,100.3266,100.1414,-0.1851
107.559956976,100.3266,100.1419,-0.1846
107.59995695999999,100.3266,100.1424,-0.1841
107.639956944,100.3266,100.1429,-0.1836
107.67995692800001,100.3266,100.1434,-0.1831
107.719956912,100.3266,100.144,-0.1825
107.759956896,100.3266,100.1445,-0.182
107.79995688,100.3266,100.1451,-0.1814
107.839956864,100.3266,100.1456,-0.1809
107.879956848,100.3266,100.1461,-0.1805
107.919956832,100.3266,100.1466,-0.1799
107.959956816,100.3366,100.1471,-0.1895
107.9999568,100.3366,100.1476,-0.189
108.039956784,100.3366,100.1482,-0.1884
108.079956768,100.3366,100.1487,-0.1879
108.119956752,100.3366,100.1492,-0.1874
108.159956736,100.3366,100.1497,-0.1869
108.19995672,100.3366,100.1502,-0.1864
108.239956704,100.3366,100.1507,-0.1859
108.279956688,100.3366,100.1512,-0.1854
108.31995667199999,100.3366,100.1517,-0.1848
108.359956656,100.3366,100.1522,-0.1843
108.39995664,100.3366,100.1527,-0.1838
108.43995662399999,100.3366,100.1533,-0.1833
108.479956608,100.3366,100.1538,-0.1827
108.519956592,100.3366,100.1543,-0.1822
108.55995657599999,100.3366,100.1548,-0.1817
108.59995656,100.3366,100.1553,-0.1813
108.639956544,100.3366,100.1558,-0.1808
108.679956528,100.3366,100.1563,-0.1803
108.71995651200001,100.3366,100.1568,-0.1798
108.759956496,100.3467,100.1573,-0.1893
108.79995648,100.3467,100.1578,-0.1888
108.839956464,100.3467,100.1584,-0.1882
108.879956448,100.3467,100.1589,-0.1877
108.919956432,100.3467,100.1594,-0.1872
108.959956416,100.3467,100.16,-0.1866
108.9999564,100.3467,100.1605,-0.1861
109.03995638399999,100.3467,100.161,-0.1856
109.079956368,100.3467,100.1616,-0.1851
109.119956352,100.3467,100.1621,-0.1846
109.159956336,100.3467,100.1627,-0.1839
109.19995632,100.3467,100.1632,-0.1834
109.239956304,100.3467,100.1637,-0.1829
109.279956288,100.3467,100.1642,-0.1824
109.319956272,100.3467,100.1647,-0.1819
109.35995625599999,100.3467,100.1652,-0.1814
109.39995624,100.3467,100.1658,-0.1809
109.439956224,100.3467,100.1663,-0.1803
109.47995620799999,100.3467,100.1668,-0.1798
109.519956192,100.3467,100.1673,-0.1793
109.55995617599999,100.3567,100.1678,-0.1889
109.59995615999999,100.3567,100.1683,-0.1884
109.63995614400001,100.3567,100.1688,-0.1879
109.679956128,100.3567,100.1693,-0.1873
109.719956112,100.3567,100.1699,-0.1868
109.75995609600001,100.3567,100.1704,-0.1862
109.79995608,100.3567,100.171,-0.1857
109.839956064,100.3567,100.1715,-0.1852
109.879956048,100.3567,100.172,-0.1847
109.919956032,100.3567,100.1726,-0.1841
109.959956016,100.3567,100.1731,-0.1836
109.999956,100.3567,100.1737,-0.183
110.039955984,100.3567,100.1742,-0.1825
110.079955968,100.3567,100.1747,-0.182
110.119955952,100.3567,100.1752,-0.1815
110.159955936,100.3567,100.1757,-0.181
110.19995592,100.3567,100.1762,-0.1805
110.239955904,100.3567,100.1767,-0.1799
110.27995588799999,100.3567,100.1773,-0.1794
110.319955872,100.3567,100.1778,-0.1789
110.359955856,100.3668,100.1783,-0.1884
110.39995583999999,100.3668,100.1788,-0.1879
110.439955824,100.3668,100.1794,-0.1873
110.479955808,100.3668,100.1799,-0.1868
110.51995579199999,100.3668,100.1804,-0.1863
110.559955776,100.3668,100.181,-0.1858
110.59995576,100.3668,100.1814,-0.1853
110.639955744,100.3668,100.182,-0.1847
110.67995572800001,100.3668,100.1826,-0.1841
110.719955712,100.3668,100.1831,-0.1836
110.759955696,100.3668,100.1837,-0.1831
110.79995568,100.3668,100.1842,-0.1825
110.839955664,100.3668,100.1847,-0.182
110.879955648,100.3668,100.1853,-0.1815
110.919955632,100.3668,100.1857,-0.181
110.959955616,100.3668,100.1863,-0.1804
110.9999556,100.3668,100.1868,-0.1799
111.039955584,100.3668,100.1873,-0.1794
111.079955568,100.3668,100.1878,-0.1789
111.119955552,100.3668,100.1883,-0.1784
111.159955536,100.3768,100.1889,-0.1879
111.19995552,100.3768,100.1894,-0.1874
111.239955504,100.3768,100.1899,-0.1869
111.279955488,100.3768,100.1904,-0.1864
111.31995547199999,100.3768,100.1909,-0.1859
111.359955456,100.3768,100.1915,-0.1853
111.39995544,100.3768,100.192,-0.1848
111.43995542399999,100.3768,100.1925,-0.1842
111.479955408,100.3768,100.1931,-0.1837
111.51995539199999,100.3768,100.1936,-0.1832
111.55995537599999,100.3768,100.1941,-0.1826
111.59995536,100.3768,100.1947,-0.1821
111.639955344,100.3768,100.1952,-0.1816
111.679955328,100.3768,100.1957,-0.1811
111.71995531200001,100.3768,100.1962,-0.1805
111.759955296,100.3768,100.1968,-0.18
111.79995528,100.3768,100.1973,-0.1794
111.839955264,100.3768,100.1978,-0.1789
111.879955248,100.3768,100.1984,-0.1784
111.919955232,100.3768,100.1989,-0.1779
111.959955216,100.3869,100.1993,-0.1875
111.9999552,100.3869,100.1999,-0.187
112.039955184,100.3869,100.2004,-0.1865
112.079955168,100.3869,100.2009,-0.1859
112.119955152,100.3869,100.2014,-0.1854
112.159955136,100.3869,100.2019,-0.1849
112.19995512,100.3869,100.2024,-0.1844
112.23995510399999,100.3869,100.2029,-0.1839
112.279955088,100.3869,100.2034,-0.1834
112.319955072,100.3869,100.2039,-0.1829
112.35995505599999,100.3869,100.2044,-0.1824
112.39995504,100.3869,100.2049,-0.1819
112.439955024,100.3869,100.2055,-0.1814
112.47995500799999,100.3869,100.206,-0.1808
112.519954992,100.3869,100.2066,-0.1803
112.55995497599999,100.3869,100.2071,-0.1798
112.59995496,100.3869,100.2076,-0.1792
112.63995494400001,100.3869,100.2081,-0.1787
112.679954928,100.3869,100.2086,-0.1782
112.719954912,100.3869,100.2091,-0.1777
112.759954896,100.3969,100.2097,-0.1872
112.79995488,100.3969,100.2102,-0.1866
112.839954864,100.3969,100.2108,-0.1861
112.879954848,100.3969,100.2113,-0.1856
112.919954832,100.3969,100.2118,-0.1851
112.959954816,100.3969,100.2123,-0.1846
112.9999548,100.3969,100.2128,-0.1841
113.039954784,100.3969,100.2133,-0.1836
113.079954768,100.3969,100.2138,-0.183
113.119954752,100.3969,100.2143,-0.1826
113.159954736,100.3969,100.2148,-0.1821
113.19995472,100.3969,100.2152,-0.1816
113.239954704,100.3969,100.2157,-0.1811
113.27995468799999,100.3969,100.2163,-0.1806
113.319954672,100.3969,100.2168,-0.1801
113.359954656,100.3969,100.2173,-0.1795
113.39995463999999,100.3969,100.2178,-0.1791
113.439954624,100.3969,100.2183,-0.1786
113.47995460799999,100.3969,100.2188,-0.178
113.51995459199999,100.3969,100.2193,-0.1775
113.559954576,100.407,100.2199,-0.187
113.59995456,100.407,100.2205,-0.1864
113.639954544,100.407,100.221,-0.1859
113.67995452800001,100.407,100.2215,-0.1854
113.719954512,100.407,100.222,-0.1849
113.759954496,100.407,100.2226,-0.1844
113.79995448,100.407,100.2231,-0.1838
113.839954464,100.407,100.2236,-0.1833
113.879954448,100.407,100.2241,-0.1828
113.919954432,100.407,100.2247,-0.1822
113.959954416,100.407,100.2252,-0.1817
113.9999544,100.407,100.2258,-0.1812
114.039954384,100.407,100.2263,-0.1807
114.079954368,100.407,100.2268,-0.1802
114.119954352,100.407,100.2273,-0.1796
114.159954336,100.407,100.2278,-0.1791
114.19995432,100.407,100.2284,-0.1786
114.239954304,100.407,100.2289,-0.178
114.279954288,100.407,100.2294,-0.1775
114.31995427199999,100.407,100.23,-0.177
114.359954256,100.417,100.2305,-0.1865
114.39995424,100.417,100.231,-0.186
114.43995422399999,100.417,100.2316,-0.1854
114.479954208,100.417,100.2321,-0.1849
114.51995419199999,100.417,100.2326,-0.1844
114.55995417599999,100.417,100.2331,-0.1839
114.59995416000001,100.417,100.2336,-0.1834
114.639954144,100.417,100.2342,-0.1828
114.679954128,100.417,100.2346,-0.1823
114.719954112,100.417,100.2352,-0.1818
114.759954096,100.417,100.2357,-0.1813
114.79995408,100.417,100.2361,-0.1808
114.839954064,100.417,100.2367,-0.1803
114.879954048,100.417,100.2372,-0.1798
114.919954032,100.417,100.2377,-0.1792
114.959954016,100.417,100.2383,-0.1787
114.999954,100.417,100.2388,-0.1782
115.039953984,100.417,100.2394,-0.1776
115.079953968,100.417,100.2398,-0.1771
115.119953952,100.417,100.2404,-0.1766
115.159953936,100.4271,100.241,-0.186
115.19995392,100.4271,100.2416,-0.1855
115.23995390399999,100.4271,100.2422,-0.1848
115.279953888,100.4271,100.2427,-0.1843
115.319953872,100.4271,100.2432,-0.1838
115.35995385599999,100.4271,100.2438,-0.1832
115.39995384,100.4271,100.2443,-0.1827
115.439953824,100.4271,100.2449,-0.1822
115.47995380799999,100.4271,100.2454,-0.1816
115.519953792,100.4271,100.246,-0.1811
115.559953776,100.4271,100.2465,-0.1805
115.59995376,100.4271,100.247,-0.18
115.63995374400001,100.4271,100.2476,-0.1794
115.679953728,100.4271,100.2481,-0.1789
115.719953712,100.4271,100.2486,-0.1784
115.759953696,100.4271,100.2492,-0.1778
115.79995368,100.4271,100.2497,-0.1773
115.839953664,100.4271,100.2502,-0.1768
115.879953648,100.4271,100.2508,-0.1762
115.919953632,100.4271,100.2513,-0.1757
115.95995361599999,100.4371,100.2518,-0.1852
115.9999536,100.4371,100.2524,-0.1847
116.039953584,100.4371,100.2529,-0.1842
116.079953568,100.4371,100.2534,-0.1836
116.119953552,100.4371,100.254,-0.1831
116.159953536,100.4371,100.2545,-0.1825
116.19995352,100.4371,100.2551,-0.182
116.239953504,100.4371,100.2556,-0.1815
116.27995348799999,100.4371,100.2561,-0.181
116.319953472,100.4371,100.2566,-0.1804
116.359953456,100.4371,100.2572,-0.1799
116.39995343999999,100.4371,100.2577,-0.1793
116.439953424,100.4371,100.2582,-0.1789
116.47995340799999,100.4371,100.2588,-0.1783
116.51995339199999,100.4371,100.2593,-0.1778
116.55995337600001,100.4371,100.2598,-0.1773
116.59995336,100.4371,100.2603,-0.1767
116.639953344,100.4371,100.2609,-0.1762
116.67995332800001,100.4371,100.2614,-0.1757
116.719953312,100.4371,100.2619,-0.1752
116.759953296,100.4472,100.2623,-0.1848
116.79995328,100.4472,100.2628,-0.1843
116.839953264,100.4472,100.2634,-0.1838
116.879953248,100.4472,100.2639,-0.1832
116.919953232,100.4472,100.2645,-0.1826
116.959953216,100.4472,100.2649,-0.1822
116.9999532,100.4472,100.2655,-0.1817
117.039953184,100.4472,100.266,-0.1811
117.079953168,100.4472,100.2665,-0.1807
117.119953152,100.4472,100.267,-0.1801
117.159953136,100.4472,100.2675,-0.1797
117.19995311999999,100.4472,100.268,-0.1792
117.239953104,100.4472,100.2685,-0.1786
117.279953088,100.4472,100.269,-0.1781
117.31995307199999,100.4472,100.2695,-0.1776
117.359953056,100.4472,100.2701,-0.1771
117.39995304,100.4472,100.2705,-0.1766
117.43995302399999,100.4472,100.2711,-0.1761
117.479953008,100.4472,100.2716,-0.1755
117.51995299199999,100.4472,100.2721,-0.175
117.559952976,100.4572,100.2727,-0.1845
117.59995296000001,100.4572,100.2731,-0.1841
117.639952944,100.4572,100.2736,-0.1835
117.679952928,100.4572,100.2741,-0.1831
117.719952912,100.4572,100.2746,-0.1826
117.759952896,100.4572,100.2751,-0.1821
117.79995288,100.4572,100.2756,-0.1816
117.839952864,100.4572,100.2761,-0.181
117.879952848,100.4572,100.2766,-0.1805
117.919952832,100.4572,100.2771,-0.1801
117.959952816,100.4572,100.2776,-0.1795
117.9999528,100.4572,100.2782,-0.179
118.039952784,100.4572,100.2786,-0.1785
118.079952768,100.4572,100.2791,-0.178
118.119952752,100.4572,100.2796,-0.1775
118.159952736,100.4572,100.2802,-0.177
118.19995272,100.4572,100.2807,-0.1765
118.23995270399999,100.4572,100.2812,-0.176
118.279952688,100.4572,100.2817,-0.1755
118.319952672,100.4572,100.2822,-0.175
118.35995265599999,100.4673,100.2827,-0.1845
118.39995264,100.4673,100.2832,-0.184
118.43995262399999,100.4673,100.2836,-0.1836
118.47995260799999,100.4673,100.2842,-0.183
118.519952592,100.4673,100.2847,-0.1825
118.559952576,100.4673,100.2852,-0.182
118.59995256,100.4673,100.2857,-0.1815
118.63995254400001,100.4673,100.2862,-0.181
118.679952528,100.4673,100.2867,-0.1805
118.719952512,100.4673,100.2872,-0.18
118.759952496,100.4673,100.2877,-0.1795
118.79995248,100.4673,100.2883,-0.179
118.839952464,100.4673,100.2887,-0.1785
118.879952448,100.4673,100.2892,-0.178
118.919952432,100.4673,100.2897,-0.1775
118.959952416,100.4673,100.2902,-0.177
118.9999524,100.4673,100.2907,-0.1765
119.039952384,100.4673,100.2912,-0.176
119.079952368,100.4673,100.2917,-0.1755
119.119952352,100.4673,100.2922,-0.175
119.159952336,100.4773,100.2927,-0.1846
119.19995232,100.4773,100.2932,-0.1841
119.239952304,100.4773,100.2937,-0.1835
119.27995228799999,100.4773,100.2943,-0.183
119.319952272,100.4773,100.2948,-0.1825
119.359952256,100.4773,100.2952,-0.182
119.39995223999999,100.4773,100.2957,-0.1815
119.439952224,100.4773,100.2963,-0.181
119.47995220799999,100.4773,100.2968,-0.1804
119.51995219199999,100.4773,100.2974,-0.1799
119.55995217600001,100.4773,100.2979,-0.1794
119.59995216,100.4773,100.2984,-0.1789
119.639952144,100.4773,100.2989,-0.1784
119.679952128,100.4773,100.2993,-0.1779
119.719952112,100.4773,100.2999,-0.1774
119.759952096,100.4773,100.3004,-0.1769
119.79995208,100.4773,100.3009,-0.1764
119.839952064,100.4773,100.3014,-0.1759
119.879952048,100.4773,100.3019,-0.1754
119.919952032,100.4773,100.3023,-0.1749
119.959952016,100.4874,100.3029,-0.1845
119.999952,100.4874,100.3033,-0.184
120.039951984,100.4874,100.3038,-0.1835
120.079951968,100.4874,100.3043,-0.183
120.119951952,100.4874,100.3048,-0.1826
120.159951936,100.4874,100.3053,-0.182
120.19995191999999,100.4874,100.3058,-0.1816
120.239951904,100.4874,100.3062,-0.1811
120.279951888,100.4874,100.3067,-0.1806
120.31995187199999,100.4874,100.3072,-0.1801
120.359951856,100.4874,100.3077,-0.1796
120.39995184,100.4874,100.3082,-0.1791
120.43995182399999,100.4874,100.3086,-0.1787
120.479951808,100.4874,100.3091,-0.1782
120.519951792,100.4874,100.3096,-0.1777
120.559951776,100.4874,100.3101,-0.1772
120.59995176000001,100.4874,100.3106,-0.1768
120.639951744,100.4874,100.311,-0.1763
120.679951728,100.4874,100.3115,-0.1758
120.719951712,100.4874,100.3119,-0.1754
120.759951696,100.4974,100.3124,-0.185
120.79995168,100.4974,100.3129,-0.1845
120.839951664,100.4974,100.3134,-0.184
120.879951648,100.4974,100.3139,-0.1835
120.919951632,100.4974,100.3143,-0.1831
120.959951616,100.4974,100.3148,-0.1826
120.9999516,100.4974,100.3153,-0.1821
121.039951584,100.4974,100.3157,-0.1817
121.079951568,100.4974,100.3161,-0.1812
121.119951552,100.4974,100.3166,-0.1808
121.159951536,100.4974,100.3171,-0.1803
121.19995152,100.4974,100.3176,-0.1798
121.23995150399999,100.4974,100.3181,-0.1793
121.279951488,100.4974,100.3186,-0.1788
121.319951472,100.4974,100.3191,-0.1783
121.35995145599999,100.4974,100.3195,-0.1779
121.39995144,100.4974,100.32,-0.1774
121.43995142399999,100.4974,100.3204,-0.1769
121.47995140799999,100.4974,100.3209,-0.1764
121.519951392,100.4974,100.3214,-0.1759
121.559951376,100.5075,100.3219,-0.1856
121.59995136,100.5075,100.3223,-0.1851
121.63995134400001,100.5075,100.3228,-0.1846
121.679951328,100.5075,100.3233,-0.1842
121.719951312,100.5075,100.3237,-0.1837
121.759951296,100.5075,100.3242,-0.1832
121.79995128,100.5075,100.3246,-0.1828
121.839951264,100.5075,100.3251,-0.1823
121.879951248,100.5075,100.3255,-0.1819
121.919951232,100.5075,100.326,-0.1814
121.959951216,100.5075,100.3265,-0.1809
121.9999512,100.5075,100.3269,-0.1805
122.039951184,100.5075,100.3274,-0.18
122.079951168,100.5075,100.3279,-0.1795
122.119951152,100.5075,100.3284,-0.179
122.15995113599999,100.5075,100.3289,-0.1785
122.19995112,100.5075,100.3294,-0.1781
122.239951104,100.5075,100.3299,-0.1775
122.27995108799999,100.5075,100.3304,-0.177
122.319951072,100.5075,100.3309,-0.1766
122.359951056,100.5175,100.3313,-0.1861
122.39995103999999,100.5175,100.3318,-0.1856
122.439951024,100.5175,100.3323,-0.1852
122.47995100799999,100.5175,100.3328,-0.1847
122.519950992,100.5175,100.3333,-0.1842
122.55995097600001,100.5175,100.3338,-0.1837
122.59995096,100.5175,100.3342,-0.1832
122.639950944,100.5175,100.3347,-0.1828
122.679950928,100.5175,100.3352,-0.1823
122.719950912,100.5175,100.3357,-0.1818
122.759950896,100.5175,100.3362,-0.1813
122.79995088,100.5175,100.3367,-0.1808
122.839950864,100.5175,100.3372,-0.1803
122.879950848,100.5175,100.3378,-0.1797
122.919950832,100.5175,100.3383,-0.1792
122.959950816,100.5175,100.3388,-0.1787
122.9999508,100.5175,100.3393,-0.1782
123.039950784,100.5175,100.3398,-0.1777
123.079950768,100.5175,100.3403,-0.1772
123.119950752,100.5175,100.3408,-0.1767
123.159950736,100.5276,100.3414,-0.1862
123.19995071999999,100.5276,100.3419,-0.1856
123.239950704,100.5276,100.3424,-0.1851
123.279950688,100.5276,100.3429,-0.1847
123.31995067199999,100.5276,100.3434,-0.1842
123.359950656,100.5276,100.3439,-0.1836
123.39995063999999,100.5276,100.3444,-0.1831
123.43995062399999,100.5276,100.345,-0.1825
123.479950608,100.5276,100.3455,-0.182
123.519950592,100.5276,100.346,-0.1815
123.559950576,100.5276,100.3465,-0.181
123.59995056000001,100.5276,100.347,-0.1805
123.639950544,100.5276,100.3475,-0.18
123.679950528,100.5276,100.348,-0.1795
123.719950512,100.5276,100.3486,-0.1789
123.759950496,100.5276,100.3491,-0.1784
123.79995048,100.5276,100.3496,-0.1779
123.839950464,100.5276,100.3502,-0.1774
123.879950448,100.5276,100.3507,-0.1768
123.919950432,100.5276,100.3512,-0.1763
123.959950416,100.5376,100.3518,-0.1858
123.9999504,100.5376,100.3522,-0.1853
124.039950384,100.5376,100.3528,-0.1848
124.079950368,100.5376,100.3534,-0.1842
124.11995035199999,100.5376,100.3539,-0.1837
124.159950336,100.5376,100.3545,-0.1831
124.19995032,100.5376,100.355,-0.1826
124.23995030399999,100.5376,100.3555,-0.182
124.279950288,100.5376,100.3561,-0.1815
124.319950272,100.5376,100.3566,-0.181
124.35995025599999,100.5376,100.3572,-0.1804
124.39995024,100.5376,100.3577,-0.1799
124.43995022399999,100.5376,100.3582,-0.1794
124.47995020799999,100.5376,100.3587,-0.1788
124.51995019200001,100.5376,100.3592,-0.1784
124.559950176,100.5376,100.3597,-0.1778
124.59995016,100.5376,100.3602,-0.1773
124.639950144,100.5376,100.3607,-0.1768
124.679950128,100.5376,100.3613,-0.1763
124.719950112,100.5376,100.3618,-0.1758
124.759950096,100.5477,100.3623,-0.1853
124.79995008,100.5477,100.3628,-0.1848
124.839950064,100.5477,100.3632,-0.1844
124.879950048,100.5477,100.3638,-0.1838
124.919950032,100.5477,100.3643,-0.1833
124.959950016,100.5477,100.3648,-0.1828
124.99995,100.5477,100.3654,-0.1822
125.039949984,100.5477,100.3659,-0.1817
125.07994996800001,100.5477,100.3664,-0.1812
125.11994995199998,100.5477,100.3669,-0.1807
125.15994993599999,100.5477,100.3674,-0.1802
125.19994992,100.5477,100.3679,-0.1797
125.239949904,100.5477,100.3685,-0.1792
125.279949888,100.5477,100.3689,-0.1787
125.31994987199998,100.5477,100.3694,-0.1782
125.35994985599999,100.5477,100.3699,-0.1777
125.39994983999999,100.5477,100.3704,-0.1772
125.439949824,100.5477,100.3709,-0.1767
125.479949808,100.5477,100.3714,-0.1762
125.51994979199999,100.5477,100.3719,-0.1757
125.559949776,100.5577,100.3724,-0.1853
125.59994976,100.5577,100.3729,-0.1848
125.639949744,100.5577,100.3734,-0.1843
125.67994972800001,100.5577,100.3738,-0.1838
125.71994971200002,100.5577,100.3744,-0.1833
125.75994969599999,100.5577,100.3749,-0.1828
125.79994968,100.5577,100.3753,-0.1824
125.839949664,100.5577,100.3758,-0.1819
125.87994964800001,100.5577,100.3762,-0.1814
125.91994963200001,100.5577,100.3767,-0.181
125.95994961599999,100.5577,100.3772,-0.1805
125.9999496,100.5577,100.3777,-0.18
126.039949584,100.5577,100.3782,-0.1795
126.079949568,100.5577,100.3787,-0.179
126.11994955200001,100.5577,100.3792,-0.1785
126.15994953599998,100.5577,100.3797,-0.178
126.19994951999999,100.5577,100.3802,-0.1775
126.239949504,100.5577,100.3807,-0.177
126.279949488,100.5577,100.3812,-0.1764
126.319949472,100.5577,100.3817,-0.176
126.35994945599998,100.5678,100.3822,-0.1856
126.39994943999999,100.5678,100.3827,-0.1851
126.43994942399999,100.5678,100.3832,-0.1846
126.47994940800001,100.5678,100.3837,-0.184
126.51994939200002,100.5678,100.3841,-0.1836
126.55994937599999,100.5678,100.3846,-0.1831
126.59994936,100.5678,100.3851,-0.1826
126.639949344,100.5678,100.3855,-0.1822
126.679949328,100.5678,100.386,-0.1817
126.71994931200001,100.5678,100.3865,-0.1812
126.75994929599999,100.5678,100.387,-0.1808
126.79994927999999,100.5678,100.3875,-0.1803
126.839949264,100.5678,100.3879,-0.1798
126.879949248,100.5678,100.3884,-0.1793
126.91994923200001,100.5678,100.3889,-0.1788
126.95994921600001,100.5678,100.3893,-0.1784
126.99994919999999,100.5678,100.3898,-0.1779
127.039949184,100.5678,100.3903,-0.1774
127.079949168,100.5678,100.3908,-0.1769
127.119949152,100.5678,100.3913,-0.1764
127.15994913600001,100.5778,100.3918,-0.186
127.19994911999999,100.5778,100.3923,-0.1855
127.23994910399999,100.5778,100.3928,-0.185
127.279949088,100.5778,100.3933,-0.1845
127.319949072,100.5778,100.3938,-0.184
127.359949056,100.5778,100.3943,-0.1835
127.39994903999998,100.5778,100.3948,-0.1829
127.43994902399999,100.5778,100.3953,-0.1824
127.479949008,100.5778,100.3958,-0.1819
127.51994899200001,100.5778,100.3963,-0.1814
127.55994897600002,100.5778,100.3968,-0.181
127.59994895999999,100.5778,100.3973,-0.1805
127.639948944,100.5778,100.3978,-0.1799
127.679948928,100.5778,100.3983,-0.1794
127.719948912,100.5778,100.3989,-0.1789
127.75994889600001,100.5778,100.3994,-0.1784
127.79994887999999,100.5778,100.3999,-0.1779
127.839948864,100.5778,100.4004,-0.1774
127.879948848,100.5778,100.4009,-0.1769
127.919948832,100.5778,100.4014,-0.1764
127.95994881600001,100.5879,100.4019,-0.1859
127.99994879999998,100.5879,100.4024,-0.1854
128.039948784,100.5879,100.403,-0.1848
128.079948768,100.5879,100.4035,-0.1843
128.119948752,100.5879,100.404,-0.1838
128.15994873600002,100.5879,100.4045,-0.1833
128.19994872,100.5879,100.405,-0.1828
128.239948704,100.5879,100.4056,-0.1823
128.279948688,100.5879,100.4061,-0.1817
128.319948672,100.5879,100.4066,-0.1812
128.359948656,100.5879,100.4072,-0.1807
128.39994864000002,100.5879,100.4076,-0.1802
128.43994862399998,100.5879,100.4081,-0.1797
128.479948608,100.5879,100.4087,-0.1791
128.519948592,100.5879,100.4092,-0.1787
128.559948576,100.5879,100.4097,-0.1781
128.59994856,100.5879,100.4102,-0.1776
128.639948544,100.5879,100.4107,-0.1771
128.67994852799998,100.5879,100.4112,-0.1766
128.719948512,100.5879,100.4117,-0.1761
128.759948496,100.5979,100.4123,-0.1856
128.79994848,100.5979,100.4128,-0.1851
128.83994846399997,100.5979,100.4132,-0.1846
128.879948448,100.5979,100.4137,-0.1841
128.91994843199998,100.5979,100.4142,-0.1837
128.959948416,100.5979,100.4147,-0.1832
128.99994840000002,100.5979,100.4152,-0.1827
129.03994838399998,100.5979,100.4157,-0.1822
129.079948368,100.5979,100.4162,-0.1817
129.119948352,100.5979,100.4167,-0.1812
129.159948336,100.5979,100.4172,-0.1807
129.19994832,100.5979,100.4178,-0.1801
129.239948304,100.5979,100.4182,-0.1796
129.27994828799999,100.5979,100.4188,-0.1791
129.319948272,100.5979,100.4193,-0.1786
129.359948256,100.5979,100.4197,-0.1781
129.39994824000001,100.5979,100.4203,-0.1776
129.43994822399998,100.5979,100.4208,-0.1771
129.479948208,100.5979,100.4213,-0.1766
129.519948192,100.5979,100.4218,-0.1761
129.559948176,100.608,100.4223,-0.1856
129.59994816,100.608,100.4228,-0.1851
129.63994814400002,100.608,100.4234,-0.1846
129.67994812799998,100.608,100.4239,-0.184
129.719948112,100.608,100.4245,-0.1835
129.759948096,100.608,100.425,-0.1829
129.79994808,100.608,100.4255,-0.1824
129.839948064,100.608,100.4261,-0.1818
129.879948048,100.608,100.4266,-0.1813
129.91994803199998,100.608,100.4271,-0.1808
129.959948016,100.608,100.4276,-0.1803
129.99994800000002,100.608,100.4282,-0.1798
130.039947984,100.608,100.4287,-0.1792
130.079947968,100.608,100.4292,-0.1787
130.119947952,100.608,100.4297,-0.1782
130.159947936,100.608,100.4303,-0.1777
130.19994792,100.608,100.4307,-0.1772
130.23994790400002,100.608,100.4313,-0.1767
130.27994788799998,100.608,100.4317,-0.1762
130.319947872,100.608,100.4322,-0.1757
130.359947856,100.618,100.4327,-0.1852
130.39994784,100.618,100.4333,-0.1847
130.439947824,100.618,100.4337,-0.1842
130.479947808,100.618,100.4343,-0.1837
130.51994779199998,100.618,100.4348,-0.1832
130.559947776,100.618,100.4353,-0.1827
130.59994776,100.618,100.4358,-0.1821
130.639947744,100.618,100.4364,-0.1816
130.67994772799997,100.618,100.437,-0.181
130.719947712,100.618,100.4375,-0.1805
130.75994769599998,100.618,100.438,-0.18
130.79994768,100.618,100.4386,-0.1794
130.839947664,100.618,100.439,-0.179
130.879947648,100.618,100.4395,-0.1784
130.919947632,100.618,100.4401,-0.1779
130.959947616,100.618,100.4406,-0.1774
130.9999476,100.618,100.4411,-0.1769
131.039947584,100.618,100.4416,-0.1764
131.07994756800002,100.618,100.4421,-0.1758
131.11994755199999,100.618,100.4427,-0.1753
131.159947536,100.6281,100.4432,-0.1849
131.19994752,100.6281,100.4437,-0.1843
131.239947504,100.6281,100.4443,-0.1838
131.279947488,100.6281,100.4448,-0.1833
131.319947472,100.6281,100.4453,-0.1827
131.359947456,100.6281,100.4458,-0.1823
131.39994744,100.6281,100.4463,-0.1817
131.439947424,100.6281,100.4468,-0.1812
131.47994740800002,100.6281,100.4473,-0.1807
131.51994739199998,100.6281,100.4479,-0.1802
131.559947376,100.6281,100.4483,-0.1797
131.59994736,100.6281,100.4489,-0.1791
131.639947344,100.6281,100.4495,-0.1786
131.679947328,100.6281,100.45,-0.1781
131.719947312,100.6281,100.4505,-0.1775
131.75994729599998,100.6281,100.451,-0.177
131.79994728,100.6281,100.4515,-0.1765
131.839947264,100.6281,100.452,-0.176
131.879947248,100.6281,100.4525,-0.1755
131.919947232,100.6281,100.4531,-0.175
131.959947216,100.6381,100.4536,-0.1845
131.9999472,100.6381,100.4541,-0.184
132.039947184,100.6381,100.4546,-0.1834
132.07994716800002,100.6381,100.4551,-0.183
132.119947152,100.6381,100.4557,-0.1824
132.159947136,100.6381,100.4562,-0.1819
132.19994712,100.6381,100.4567,-0.1813
132.239947104,100.6381,100.4573,-0.1808
132.279947088,100.6381,100.4578,-0.1803
132.31994707200002,100.6381,100.4583,-0.1798
132.35994705599998,100.6381,100.4588,-0.1792
132.39994704,100.6381,100.4593,-0.1788
132.439947024,100.6381,100.4598,-0.1783
132.479947008,100.6381,100.4603,-0.1778
132.519946992,100.6381,100.4608,-0.1773
132.559946976,100.6381,100.4613,-0.1768
132.59994695999998,100.6381,100.4618,-0.1763
132.639946944,100.6381,100.4623,-0.1758
132.679946928,100.6381,100.4628,-0.1753
132.719946912,100.6381,100.4632,-0.1748
132.75994689599997,100.6482,100.4638,-0.1844
132.79994688,100.6482,100.4642,-0.1839
132.83994686399998,100.6482,100.4647,-0.1835
132.879946848,100.6482,100.4652,-0.183
132.919946832,100.6482,100.4656,-0.1825
132.95994681599998,100.6482,100.4661,-0.1821
132.9999468,100.6482,100.4666,-0.1816
133.039946784,100.6482,100.467,-0.1811
133.079946768,100.6482,100.4675,-0.1807
133.119946752,100.6482,100.468,-0.1802
133.159946736,100.6482,100.4684,-0.1797
133.19994671999999,100.6482,100.469,-0.1792
133.239946704,100.6482,100.4694,-0.1787
133.279946688,100.6482,100.4699,-0.1782
133.31994667200001,100.6482,100.4704,-0.1777
133.359946656,100.6482,100.4709,-0.1773
133.39994664,100.6482,100.4714,-0.1767
133.439946624,100.6482,100.4719,-0.1762
133.479946608,100.6482,100.4724,-0.1758
133.519946592,100.6482,100.4729,-0.1752
133.55994657600002,100.6582,100.4734,-0.1848
133.59994655999998,100.6582,100.4739,-0.1843
133.639946544,100.6582,100.4744,-0.1838
133.679946528,100.6582,100.4748,-0.1834
133.719946512,100.6582,100.4753,-0.1829
133.759946496,100.6582,100.4757,-0.1825
133.79994648,100.6582,100.4761,-0.1821
133.83994646399998,100.6582,100.4766,-0.1816
133.879946448,100.6582,100.477,-0.1812
133.91994643200002,100.6582,100.4774,-0.1808
133.959946416,100.6582,100.4779,-0.1803
133.9999464,100.6582,100.4783,-0.1799
134.039946384,100.6582,100.4788,-0.1794
134.079946368,100.6582,100.4792,-0.179
134.119946352,100.6582,100.4797,-0.1785
134.15994633600002,100.6582,100.4801,-0.1781
134.19994631999998,100.6582,100.4806,-0.1776
134.239946304,100.6582,100.4811,-0.1771
134.279946288,100.6582,100.4816,-0.1766
134.319946272,100.6582,100.482,-0.1762
134.359946256,100.6683,100.4825,-0.1857
134.39994624,100.6683,100.4829,-0.1853
134.43994622399998,100.6683,100.4834,-0.1848
134.479946208,100.6683,100.4839,-0.1843
134.519946192,100.6683,100.4843,-0.1839
134.559946176,100.6683,100.4848,-0.1834
134.59994616,100.6683,100.4852,-0.183
134.639946144,100.6683,100.4857,-0.1826
134.67994612799998,100.6683,100.4861,-0.1821
134.719946112,100.6683,100.4866,-0.1816
134.759946096,100.6683,100.4871,-0.1811
134.79994608,100.6683,100.4876,-0.1807
134.83994606399997,100.6683,100.488,-0.1802
134.879946048,100.6683,100.4885,-0.1797
134.919946032,100.6683,100.4889,-0.1793
134.959946016,100.6683,100.4894,-0.1788
134.99994600000002,100.6683,100.4899,-0.1783
135.03994598399998,100.6683,100.4903,-0.1779
135.079945968,100.6683,100.4909,-0.1773
135.119945952,100.6683,100.4913,-0.1769
135.159945936,100.6783,100.4918,-0.1865
135.19994592,100.6783,100.4923,-0.1859
135.239945904,100.6783,100.4928,-0.1855
135.279945888,100.6783,100.4934,-0.1849
135.319945872,100.6783,100.4939,-0.1844
135.359945856,100.6783,100.4944,-0.1839
135.39994584000002,100.6783,100.4949,-0.1834
135.43994582399998,100.6783,100.4953,-0.1829
135.479945808,100.6783,100.4958,-0.1825
135.519945792,100.6783,100.4963,-0.182
135.559945776,100.6783,100.4968,-0.1815
135.59994576,100.6783,100.4973,-0.181
135.639945744,100.6783,100.4978,-0.1804
135.67994572799998,100.6783,100.4983,-0.18
135.719945712,100.6783,100.4988,-0.1794
135.759945696,100.6783,100.4993,-0.179
135.79994568,100.6783,100.4998,-0.1785
135.839945664,100.6783,100.5003,-0.178
135.879945648,100.6783,100.5008,-0.1775
135.919945632,100.6783,100.5013,-0.1769
135.959945616,100.6884,100.5018,-0.1865
135.99994560000002,100.6884,100.5023,-0.186
136.039945584,100.6884,100.5029,-0.1855
136.079945568,100.6884,100.5033,-0.185
136.119945552,100.6884,100.5039,-0.1844
136.159945536,100.6884,100.5044,-0.1839
136.19994552,100.6884,100.5049,-0.1834
136.23994550400002,100.6884,100.5054,-0.1829
136.27994548799998,100.6884,100.506,-0.1824
136.319945472,100.6884,100.5065,-0.1818
136.359945456,100.6884,100.5071,-0.1812
136.39994544,100.6884,100.5076,-0.1807
136.439945424,100.6884,100.5081,-0.1802
136.479945408,100.6884,100.5087,-0.1797
136.51994539199998,100.6884,100.5092,-0.1791
136.559945376,100.6884,100.5098,-0.1785
136.59994536,100.6884,100.5103,-0.1781
136.639945344,100.6884,100.5108,-0.1775
136.67994532799997,100.6884,100.5114,-0.1769
136.719945312,100.6884,100.5119,-0.1765
136.75994529599998,100.6984,100.5125,-0.1859
136.79994528,100.6984,100.5129,-0.1855
136.839945264,100.6984,100.5135,-0.1849
136.87994524799998,100.6984,100.514,-0.1843
136.919945232,100.6984,100.5145,-0.1838
136.959945216,100.6984,100.5151,-0.1833
136.9999452,100.6984,100.5156,-0.1828
137.039945184,100.6984,100.5162,-0.1822
137.07994516800002,100.6984,100.5167,-0.1817
137.11994515199999,100.6984,100.5172,-0.1812
137.159945136,100.6984,100.5177,-0.1806
137.19994512,100.6984,100.5183,-0.1801
137.23994510400001,100.6984,100.5188,-0.1796
137.279945088,100.6984,100.5194,-0.179
137.319945072,100.6984,100.5199,-0.1785
137.359945056,100.6984,100.5204,-0.178
137.39994504,100.6984,100.5209,-0.1774
137.439945024,100.6984,100.5214,-0.177
137.47994500800002,100.6984,100.522,-0.1764
137.51994499199998,100.6984,100.5225,-0.1759
137.559944976,100.7085,100.523,-0.1855
137.59994496,100.7085,100.5236,-0.1849
137.639944944,100.7085,100.524,-0.1844
137.679944928,100.7085,100.5246,-0.1839
137.719944912,100.7085,100.5251,-0.1833
137.75994489599998,100.7085,100.5256,-0.1828
137.79994488,100.7085,100.5262,-0.1823
137.839944864,100.7085,100.5267,-0.1818
137.879944848,100.7085,100.5272,-0.1813
137.919944832,100.7085,100.5277,-0.1808
137.959944816,100.7085,100.5282,-0.1803
137.9999448,100.7085,100.5287,-0.1798
138.039944784,100.7085,100.5292,-0.1793
138.07994476800002,100.7085,100.5297,-0.1788
138.11994475199998,100.7085,100.5302,-0.1782
138.159944736,100.7085,100.5307,-0.1778
138.19994472,100.7085,100.5311,-0.1773
138.239944704,100.7085,100.5316,-0.1768
138.279944688,100.7085,100.5321,-0.1763
138.31994467200002,100.7085,100.5327,-0.1758
138.35994465599998,100.7185,100.5331,-0.1854
138.39994464,100.7185,100.5336,-0.1849
138.439944624,100.7185,100.5341,-0.1844
138.479944608,100.7185,100.5345,-0.184
138.519944592,100.7185,100.535,-0.1835
138.559944576,100.7185,100.5355,-0.183
138.59994455999998,100.7185,100.5359,-0.1826
138.639944544,100.7185,100.5365,-0.182
138.679944528,100.7185,100.5369,-0.1816
138.719944512,100.7185,100.5374,-0.1811
138.75994449599997,100.7185,100.5379,-0.1806
138.79994448,100.7185,100.5384,-0.1801
138.83994446399998,100.7185,100.5389,-0.1796
138.879944448,100.7185,100.5394,-0.1791
138.91994443200002,100.7185,100.5399,-0.1786
138.95994441599998,100.7185,100.5404,-0.1781
138.9999444,100.7185,100.5409,-0.1776
139.039944384,100.7185,100.5414,-0.1771
139.079944368,100.7185,100.5419,-0.1766
139.119944352,100.7185,100.5423,-0.1762
139.159944336,100.7286,100.5428,-0.1857
139.19994432,100.7286,100.5433,-0.1852
139.239944304,100.7286,100.5438,-0.1847
139.279944288,100.7286,100.5443,-0.1842
139.31994427200001,100.7286,100.5448,-0.1838
139.35994425599998,100.7286,100.5452,-0.1833
139.39994424,100.7286,100.5457,-0.1828
139.439944224,100.7286,100.5462,-0.1823
139.479944208,100.7286,100.5466,-0.1819
139.519944192,100.7286,100.5471,-0.1814
139.55994417600002,100.7286,100.5476,-0.1809
139.59994415999998,100.7286,100.5481,-0.1804
139.639944144,100.7286,100.5486,-0.18
139.679944128,100.7286,100.549,-0.1795
139.719944112,100.7286,100.5495,-0.179
139.759944096,100.7286,100.55,-0.1786
139.79994408,100.7286,100.5504,-0.1781
139.83994406399998,100.7286,100.5509,-0.1776
139.879944048,100.7286,100.5514,-0.1772
139.91994403200002,100.7286,100.5519,-0.1767
139.959944016,100.7386,100.5523,-0.1863
139.999944,100.7386,100.5528,-0.1857
140.039943984,100.7386,100.5533,-0.1852
140.079943968,100.7386,100.5538,-0.1848
140.119943952,100.7386,100.5544,-0.1842
140.15994393600002,100.7386,100.5549,-0.1837
140.19994391999998,100.7386,100.5554,-0.1832
140.239943904,100.7386,100.5559,-0.1827
140.279943888,100.7386,100.5564,-0.1822
140.319943872,100.7386,100.5569,-0.1817
140.359943856,100.7386,100.5574,-0.1812
140.39994384,100.7386,100.5579,-0.1807
140.43994382399998,100.7386,100.5585,-0.1801
140.479943808,100.7386,100.5589,-0.1797
140.519943792,100.7386,100.5594,-0.1791
140.559943776,100.7386,100.5599,-0.1786
140.59994375999997,100.7386,100.5604,-0.1782
140.639943744,100.7386,100.561,-0.1776
140.67994372799998,100.7386,100.5614,-0.1772
140.719943712,100.7386,100.5619,-0.1767
140.759943696,100.7487,100.5623,-0.1863
140.79994368,100.7487,100.5628,-0.1858
140.83994366399997,100.7487,100.5633,-0.1853
140.879943648,100.7487,100.5638,-0.1848
140.919943632,100.7487,100.5643,-0.1843
140.959943616,100.7487,100.5648,-0.1838
140.99994360000002,100.7487,100.5653,-0.1833
141.03994358399999,100.7487,100.5658,-0.1828
141.079943568,100.7487,100.5663,-0.1823
141.119943552,100.7487,100.5668,-0.1818
141.15994353600001,100.7487,100.5673,-0.1813
141.19994352,100.7487,100.5678,-0.1808
141.239943504,100.7487,100.5683,-0.1803
141.279943488,100.7487,100.5688,-0.1798
141.319943472,100.7487,100.5694,-0.1793
141.359943456,100.7487,100.57,-0.1787
141.39994344000002,100.7487,100.5705,-0.1782
141.43994342399998,100.7487,100.5711,-0.1776
141.479943408,100.7487,100.5716,-0.177
141.519943392,100.7487,100.5721,-0.1766
141.559943376,100.7587,100.5727,-0.186
141.59994336,100.7587,100.5732,-0.1855
141.639943344,100.7587,100.5737,-0.185
141.67994332799998,100.7587,100.5743,-0.1844
141.719943312,100.7587,100.5748,-0.1839
141.759943296,100.7587,100.5753,-0.1834
141.79994328,100.7587,100.5759,-0.1828
141.839943264,100.7587,100.5764,-0.1823
141.879943248,100.7587,100.5769,-0.1818
141.919943232,100.7587,100.5775,-0.1812
141.959943216,100.7587,100.578,-0.1807
141.99994320000002,100.7587,100.5786,-0.1801
142.039943184,100.7587,100.5791,-0.1796
142.079943168,100.7587,100.5796,-0.1791
142.119943152,100.7587,100.5801,-0.1786
142.159943136,100.7587,100.5806,-0.1781
142.19994312,100.7587,100.5811,-0.1776
142.23994310400002,100.7587,100.5816,-0.177
142.27994308799998,100.7587,100.5822,-0.1765
142.319943072,100.7587,100.5827,-0.1759
142.359943056,100.7688,100.5832,-0.1855
142.39994304,100.7688,100.5838,-0.1849
142.439943024,100.7688,100.5843,-0.1844
142.479943008,100.7688,100.5849,-0.1838
142.51994299199998,100.7688,100.5854,-0.1833
142.559942976,100.7688,100.5859,-0.1828
142.59994296,100.7688,100.5865,-0.1823
142.639942944,100.7688,100.587,-0.1817
142.67994292799997,100.7688,100.5875,-0.1812
142.719942912,100.7688,100.588,-0.1807
142.75994289599998,100.7688,100.5885,-0.1802
142.79994288,100.7688,100.589,-0.1797
142.839942864,100.7688,100.5896,-0.1792
142.87994284799998,100.7688,100.5901,-0.1786
142.919942832,100.7688,100.5906,-0.1781
142.959942816,100.7688,100.5911,-0.1776
142.9999428,100.7688,100.5916,-0.1771
143.039942784,100.7688,100.5921,-0.1766
143.079942768,100.7688,100.5926,-0.1761
143.119942752,100.7688,100.5932,-0.1756
143.159942736,100.7788,100.5937,-0.1851
143.19994272,100.7788,100.5941,-0.1846
143.23994270400001,100.7788,100.5947,-0.1841
143.279942688,100.7788,100.5951,-0.1836
143.319942672,100.7788,100.5956,-0.1832
143.359942656,100.7788,100.5961,-0.1827
143.39994264,100.7788,100.5966,-0.1822
143.439942624,100.7788,100.5971,-0.1817
143.47994260800002,100.7788,100.5976,-0.1812
143.51994259199998,100.7788,100.5981,-0.1807
143.559942576,100.7788,100.5986,-0.1802
143.59994256,100.7788,100.5992,-0.1796
143.639942544,100.7788,100.5997,-0.1791
143.679942528,100.7788,100.6002,-0.1786
143.719942512,100.7788,100.6007,-0.178
143.75994249599998,100.7788,100.6012,-0.1775
143.79994248,100.7788,100.6018,-0.177
143.839942464,100.7788,100.6023,-0.1765
143.879942448,100.7788,100.6028,-0.176
143.919942432,100.7788,100.6033,-0.1754
143.959942416,100.7889,100.6039,-0.1849
143.9999424,100.7889,100.6045,-0.1844
144.039942384,100.7889,100.6049,-0.1839
144.07994236800002,100.7889,100.6055,-0.1834
144.11994235199998,100.7889,100.606,-0.1829
144.159942336,100.7889,100.6065,-0.1824
144.19994232,100.7889,100.607,-0.1818
144.239942304,100.7889,100.6075,-0.1813
144.279942288,100.7889,100.608,-0.1808
144.319942272,100.7889,100.6085,-0.1803
144.35994225599998,100.7889,100.609,-0.1798
144.39994224,100.7889,100.6095,-0.1793
144.439942224,100.7889,100.61,-0.1788
144.479942208,100.7889,100.6106,-0.1783
144.519942192,100.7889,100.611,-0.1778
144.559942176,100.7889,100.6115,-0.1773
144.59994215999998,100.7889,100.612,-0.1768
144.639942144,100.7889,100.6125,-0.1763
144.679942128,100.7889,100.613,-0.1758
144.719942112,100.7889,100.6135,-0.1753
144.75994209599997,100.7989,100.614,-0.1849
144.79994208,100.7989,100.6145,-0.1844
144.839942064,100.7989,100.615,-0.1839
144.879942048,100.7989,100.6155,-0.1834
144.91994203200002,100.7989,100.616,-0.1828
144.95994201599999,100.7989,100.6165,-0.1824
144.999942,100.7989,100.617,-0.1819
145.039941984,100.7989,100.6175,-0.1814
145.079941968,100.7989,100.618,-0.1809
145.119941952,100.7989,100.6185,-0.1803
145.159941936,100.7989,100.619,-0.1799
145.19994192,100.7989,100.6195,-0.1794
145.239941904,100.7989,100.62,-0.1789
145.279941888,100.7989,100.6205,-0.1784
145.31994187200002,100.7989,100.621,-0.1779
145.35994185599998,100.7989,100.6215,-0.1774
145.39994184,100.7989,100.622,-0.1769
145.439941824,100.7989,100.6225,-0.1764
145.479941808,100.7989,100.623,-0.1759
145.519941792,100.7989,100.6235,-0.1753
145.559941776,100.809,100.6241,-0.1849
145.59994175999998,100.809,100.6246,-0.1844
145.639941744,100.809,100.6251,-0.1838
145.679941728,100.809,100.6257,-0.1833
145.719941712,100.809,100.6261,-0.1828
145.759941696,100.809,100.6267,-0.1822
145.79994168,100.809,100.6272,-0.1817
145.839941664,100.809,100.6277,-0.1812
145.879941648,100.809,100.6282,-0.1807
145.91994163200002,100.809,100.6287,-0.1802
145.959941616,100.809,100.6293,-0.1797
145.9999416,100.809,100.6298,-0.1791
146.039941584,100.809,100.6303,-0.1786
146.079941568,100.809,100.6308,-0.1781
146.119941552,100.809,100.6313,-0.1776
146.15994153600002,100.809,100.6318,-0.1771
146.19994151999998,100.809,100.6324,-0.1766
146.239941504,100.809,100.6329,-0.1761
146.279941488,100.809,100.6335,-0.1755
146.319941472,100.809,100.634,-0.175
146.359941456,100.819,100.6345,-0.1845
146.39994144,100.819,100.635,-0.1839
146.43994142399998,100.819,100.6355,-0.1834
146.479941408,100.819,100.6361,-0.1829
146.519941392,100.819,100.6366,-0.1823
146.559941376,100.819,100.6371,-0.1819
146.59994135999997,100.819,100.6377,-0.1813
146.639941344,100.819,100.6381,-0.1808
146.67994132799998,100.819,100.6386,-0.1803
146.719941312,100.819,100.6392,-0.1798
146.759941296,100.819,100.6396,-0.1793
146.79994127999998,100.819,100.6401,-0.1789
146.839941264,100.819,100.6406,-0.1784
146.879941248,100.819,100.6411,-0.1779
146.919941232,100.819,100.6416,-0.1774
146.959941216,100.819,100.6421,-0.1769
146.99994120000002,100.819,100.6426,-0.1764
147.03994118399999,100.819,100.6431,-0.1759
147.079941168,100.819,100.6436,-0.1754
147.119941152,100.819,100.6441,-0.1749
147.15994113600001,100.8291,100.6446,-0.1845
147.19994112,100.8291,100.6451,-0.1839
147.239941104,100.8291,100.6456,-0.1835
147.279941088,100.8291,100.6461,-0.183
147.319941072,100.8291,100.6466,-0.1824
147.359941056,100.8291,100.6471,-0.1819
147.39994104000002,100.8291,100.6476,-0.1815
147.43994102399998,100.8291,100.6481,-0.1809
147.479941008,100.8291,100.6486,-0.1805
147.519940992,100.8291,100.6491,-0.1799
147.559940976,100.8291,100.6496,-0.1794
147.59994096,100.8291,100.6501,-0.1789
147.639940944,100.8291,100.6507,-0.1784
147.67994092799998,100.8291,100.6511,-0.1779
147.719940912,100.8291,100.6517,-0.1774
147.759940896,100.8291,100.6522,-0.1768
147.79994088,100.8291,100.6527,-0.1764
147.839940864,100.8291,100.6532,-0.1758
147.879940848,100.8291,100.6537,-0.1754
147.919940832,100.8291,100.6541,-0.1749
147.959940816,100.8391,100.6546,-0.1844
147.99994080000002,100.8391,100.6551,-0.184
148.03994078399998,100.8391,100.6556,-0.1835
148.079940768,100.8391,100.6561,-0.1829
148.119940752,100.8391,100.6566,-0.1824
148.159940736,100.8391,100.6572,-0.1819
148.19994072,100.8391,100.6577,-0.1814
148.23994070400002,100.8391,100.6582,-0.1809
148.27994068799998,100.8391,100.6587,-0.1804
148.319940672,100.8391,100.6591,-0.18
148.359940656,100.8391,100.6596,-0.1794
148.39994064,100.8391,100.6601,-0.179
148.439940624,100.8391,100.6606,-0.1785
148.479940608,100.8391,100.6612,-0.1779
148.51994059199998,100.8391,100.6617,-0.1774
148.559940576,100.8391,100.6622,-0.1769
148.59994056,100.8391,100.6627,-0.1764
148.639940544,100.8391,100.6632,-0.1759
148.67994052799997,100.8391,100.6637,-0.1754
148.719940512,100.8391,100.6642,-0.1749
148.75994049599998,100.8492,100.6646,-0.1845
148.79994048,100.8492,100.6651,-0.184
148.83994046400002,100.8492,100.6656,-0.1835
148.87994044799999,100.8492,100.6661,-0.1831
148.919940432,100.8492,100.6666,-0.1825
148.959940416,100.8492,100.6671,-0.1821
148.9999404,100.8492,100.6676,-0.1816
149.039940384,100.8492,100.6681,-0.1811
149.079940368,100.8492,100.6686,-0.1805
149.119940352,100.8492,100.6692,-0.18
149.159940336,100.8492,100.6697,-0.1794
149.19994032,100.8492,100.6702,-0.1789
149.23994030400002,100.8492,100.6708,-0.1784
149.27994028799998,100.8492,100.6713,-0.1778
149.319940272,100.8492,100.6718,-0.1773
149.359940256,100.8492,100.6723,-0.1768
149.39994024,100.8492,100.6729,-0.1763
149.439940224,100.8492,100.6734,-0.1758
149.47994020800002,100.8492,100.6738,-0.1753
149.51994019199998,100.8492,100.6744,-0.1748
149.559940176,100.8592,100.6749,-0.1843
149.59994016,100.8592,100.6754,-0.1838
149.639940144,100.8592,100.6759,-0.1833
149.679940128,100.8592,100.6764,-0.1828
149.719940112,100.8592,100.6769,-0.1823
149.75994009599998,100.8592,100.6774,-0.1817
149.79994008,100.8592,100.678,-0.1812
149.83994006400002,100.8592,100.6785,-0.1807
149.879940048,100.8592,100.6791,-0.1801
149.919940032,100.8592,100.6796,-0.1796
149.959940016,100.8592,100.6802,-0.179
149.99994,100.8592,100.6807,-0.1784
150.039939984,100.8592,100.6813,-0.1779
150.07993996800002,100.8592,100.6818,-0.1774
150.11993995199998,100.8592,100.6823,-0.1769
150.159939936,100.8592,100.6829,-0.1763
150.19993992,100.8592,100.6835,-0.1757
150.239939904,100.8592,100.684,-0.1751
150.279939888,100.8592,100.6846,-0.1746
150.319939872,100.8592,100.6852,-0.174
150.35993985599998,100.8693,100.6857,-0.1835
150.39993984,100.8693,100.6863,-0.183
150.439939824,100.8693,100.6867,-0.1825
150.479939808,100.8693,100.6873,-0.1819
150.51993979199997,100.8693,100.6879,-0.1814
150.559939776,100.8693,100.6884,-0.1808
150.59993975999998,100.8693,100.689,-0.1802
150.639939744,100.8693,100.6895,-0.1797
150.679939728,100.8693,100.6902,-0.1791
150.719939712,100.8693,100.6907,-0.1786
150.759939696,100.8693,100.6912,-0.178
150.79993968,100.8693,100.6918,-0.1774
150.839939664,100.8693,100.6924,-0.1769
150.879939648,100.8693,100.6929,-0.1763
150.91993963200002,100.8693,100.6935,-0.1757
150.95993961599999,100.8693,100.694,-0.1752
150.9999396,100.8693,100.6946,-0.1746
151.039939584,100.8693,100.6951,-0.1741
151.07993956800001,100.8693,100.6957,-0.1736
151.119939552,100.8693,100.6963,-0.173
151.159939536,100.8793,100.6968,-0.1825
151.19993952,100.8793,100.6973,-0.1819
151.239939504,100.8793,100.6979,-0.1814
151.279939488,100.8793,100.6984,-0.1809
151.31993947200002,100.8793,100.699,-0.1803
151.35993945599998,100.8793,100.6995,-0.1798
151.39993944,100.8793,100.7,-0.1792
151.439939424,100.8793,100.7006,-0.1787
151.479939408,100.8793,100.7011,-0.1782
151.519939392,100.8793,100.7017,-0.1776
151.559939376,100.8793,100.7022,-0.1771
151.59993935999998,100.8793,100.7027,-0.1765
151.639939344,100.8793,100.7033,-0.176
151.679939328,100.8793,100.7038,-0.1754
151.719939312,100.8793,100.7043,-0.1749
151.759939296,100.8793,100.7049,-0.1744
151.79993928,100.8793,100.7054,-0.1739
151.839939264,100.8793,100.7059,-0.1734
151.879939248,100.8793,100.7064,-0.1729
151.91993923200002,100.8793,100.7069,-0.1724
151.959939216,100.8894,100.7074,-0.1819
151.9999392,100.8894,100.708,-0.1814
152.039939184,100.8894,100.7085,-0.1809
152.079939168,100.8894,100.7091,-0.1803
152.119939152,100.8894,100.7095,-0.1798
152.15993913600002,100.8894,100.7101,-0.1793
152.19993911999998,100.8894,100.7106,-0.1787
152.239939104,100.8894,100.7111,-0.1782
152.279939088,100.8894,100.7116,-0.1777
152.319939072,100.8894,100.7121,-0.1773
152.359939056,100.8894,100.7126,-0.1767
152.39993904,100.8894,100.7131,-0.1762
152.43993902399998,100.8894,100.7136,-0.1757
152.479939008,100.8894,100.7141,-0.1753
152.519938992,100.8894,100.7146,-0.1748
152.559938976,100.8894,100.7151,-0.1742
152.59993895999997,100.8894,100.7156,-0.1737
152.639938944,100.8894,100.7161,-0.1732
152.67993892799998,100.8894,100.7167,-0.1726
152.719938912,100.8894,100.7172,-0.1721
152.759938896,100.8994,100.7177,-0.1817
152.79993887999998,100.8994,100.7183,-0.1811
152.839938864,100.8994,100.7188,-0.1806
152.879938848,100.8994,100.7193,-0.1801
152.919938832,100.8994,100.7198,-0.1796
152.959938816,100.8994,100.7202,-0.1792
152.9999388,100.8994,100.7207,-0.1787
153.039938784,100.8994,100.7212,-0.1782
153.079938768,100.8994,100.7216,-0.1778
153.119938752,100.8994,100.7221,-0.1772
153.15993873600002,100.8994,100.7225,-0.1768
153.19993871999998,100.8994,100.723,-0.1764
153.239938704,100.8994,100.7235,-0.1759
153.279938688,100.8994,100.7239,-0.1754
153.319938672,100.8994,100.7245,-0.1749
153.359938656,100.8994,100.7249,-0.1745
153.39993864000002,100.8994,100.7253,-0.1741
153.43993862399998,100.8994,100.7258,-0.1736
153.479938608,100.8994,100.7263,-0.1731
153.519938592,100.8994,100.7267,-0.1726
153.559938576,100.9095,100.7273,-0.1822
153.59993856,100.9095,100.7277,-0.1817
153.639938544,100.9095,100.7283,-0.1811
153.67993852799998,100.9095,100.7288,-0.1807
153.719938512,100.9095,100.7293,-0.1801
153.75993849600002,100.9095,100.7298,-0.1796
153.79993848,100.9095,100.7303,-0.1791
153.839938464,100.9095,100.7308,-0.1787
153.879938448,100.9095,100.7312,-0.1782
153.919938432,100.9095,100.7317,-0.1778
153.959938416,100.9095,100.7322,-0.1773
153.99993840000002,100.9095,100.7326,-0.1768
154.03993838399998,100.9095,100.7331,-0.1763
154.079938368,100.9095,100.7336,-0.1758
154.119938352,100.9095,100.7341,-0.1753
154.159938336,100.9095,100.7346,-0.1748
154.19993832,100.9095,100.7351,-0.1743
154.239938304,100.9095,100.7356,-0.1738
154.27993828799998,100.9095,100.7361,-0.1733
154.319938272,100.9095,100.7366,-0.1728
154.359938256,100.9195,100.7371,-0.1824
154.39993824,100.9195,100.7376,-0.1819
154.43993822399997,100.9195,100.7381,-0.1814
154.479938208,100.9195,100.7386,-0.1809
154.51993819199998,100.9195,100.7391,-0.1804
154.559938176,100.9195,100.7396,-0.1798
154.59993816,100.9195,100.7402,-0.1793
154.639938144,100.9195,100.7406,-0.1789
154.67993812799997,100.9195,100.7412,-0.1783
154.719938112,100.9195,100.7416,-0.1778
154.759938096,100.9195,100.7422,-0.1773
154.79993808,100.9195,100.7427,-0.1768
154.83993806400002,100.9195,100.7432,-0.1763
154.87993804799999,100.9195,100.7437,-0.1758
154.919938032,100.9195,100.7442,-0.1753
154.959938016,100.9195,100.7447,-0.1748
154.99993800000001,100.9195,100.7452,-0.1743
155.039937984,100.9195,100.7457,-0.1738
155.079937968,100.9195,100.7462,-0.1733
155.119937952,100.9195,100.7468,-0.1727
155.159937936,100.9296,100.7473,-0.1822
155.19993792,100.9296,100.7478,-0.1817
155.23993790400002,100.9296,100.7483,-0.1813
155.27993788799998,100.9296,100.7488,-0.1808
155.319937872,100.9296,100.7493,-0.1803
155.359937856,100.9296,100.7498,-0.1798
155.39993784,100.9296,100.7503,-0.1792
155.439937824,100.9296,100.7508,-0.1787
155.479937808,100.9296,100.7513,-0.1782
155.51993779199998,100.9296,100.7519,-0.1777
155.559937776,100.9296,100.7523,-0.1772
155.59993776,100.9296,100.7528,-0.1767
155.639937744,100.9296,100.7534,-0.1762
155.67993772799997,100.9296,100.7539,-0.1756
155.719937712,100.9296,100.7545,-0.1751
155.759937696,100.9296,100.755,-0.1746
155.79993768,100.9296,100.7555,-0.1741
155.83993766400002,100.9296,100.756,-0.1735
155.879937648,100.9296,100.7565,-0.1731
155.919937632,100.9296,100.757,-0.1725
155.959937616,100.9396,100.7575,-0.1821
155.9999376,100.9396,100.758,-0.1816
156.039937584,100.9396,100.7586,-0.181
156.07993756800002,100.9396,100.759,-0.1806
156.11993755199998,100.9396,100.7596,-0.18
156.159937536,100.9396,100.7601,-0.1795
156.19993752,100.9396,100.7606,-0.179
156.239937504,100.9396,100.7611,-0.1784
156.279937488,100.9396,100.7617,-0.1779
156.319937472,100.9396,100.7622,-0.1774
156.35993745599998,100.9396,100.7628,-0.1768
156.39993744,100.9396,100.7633,-0.1763
156.439937424,100.9396,100.7638,-0.1758
156.479937408,100.9396,100.7644,-0.1752
156.51993739199997,100.9396,100.7648,-0.1747
156.559937376,100.9396,100.7654,-0.1742
156.59993735999998,100.9396,100.7659,-0.1737
156.639937344,100.9396,100.7663,-0.1732
156.679937328,100.9396,100.7669,-0.1727
156.71993731199998,100.9396,100.7673,-0.1722
156.759937296,100.9497,100.7678,-0.1818
156.79993728,100.9497,100.7683,-0.1813
156.839937264,100.9497,100.7688,-0.1809
156.879937248,100.9497,100.7693,-0.1803
156.919937232,100.9497,100.7698,-0.1798
156.959937216,100.9497,100.7703,-0.1794
156.9999372,100.9497,100.7708,-0.1789
157.039937184,100.9497,100.7713,-0.1784
157.07993716800001,100.9497,100.7718,-0.1779
157.119937152,100.9497,100.7723,-0.1774
157.159937136,100.9497,100.7727,-0.1769
157.19993712,100.9497,100.7733,-0.1764
157.239937104,100.9497,100.7737,-0.1759
157.279937088,100.9497,100.7742,-0.1755
157.31993707200002,100.9497,100.7747,-0.175
157.35993705599998,100.9497,100.7751,-0.1745
157.39993704,100.9497,100.7756,-0.1741
157.439937024,100.9497,100.7761,-0.1736
157.479937008,100.9497,100.7766,-0.1731
157.519936992,100.9497,100.7771,-0.1726
157.559936976,100.9597,100.7775,-0.1821
157.59993695999998,100.9597,100.7781,-0.1816
157.639936944,100.9597,100.7786,-0.1811
157.679936928,100.9597,100.779,-0.1807
157.719936912,100.9597,100.7795,-0.1802
157.759936896,100.9597,100.7799,-0.1798
157.79993688,100.9597,100.7804,-0.1793
157.839936864,100.9597,100.7809,-0.1787
157.879936848,100.9597,100.7814,-0.1783
157.91993683200002,100.9597,100.7819,-0.1778
157.95993681599998,100.9597,100.7824,-0.1773
157.9999368,100.9597,100.7828,-0.1768
158.039936784,100.9597,100.7834,-0.1763
158.079936768,100.9597,100.7839,-0.1758
158.119936752,100.9597,100.7844,-0.1753
158.159936736,100.9597,100.7849,-0.1748
158.19993671999998,100.9597,100.7853,-0.1743
158.239936704,100.9597,100.7859,-0.1738
158.279936688,100.9597,100.7864,-0.1733
158.319936672,100.9597,100.7869,-0.1728
158.359936656,100.9698,100.7875,-0.1823
158.39993664,100.9698,100.7879,-0.1818
158.43993662399998,100.9698,100.7885,-0.1813
158.479936608,100.9698,100.789,-0.1807
158.519936592,100.9698,100.7895,-0.1802
158.559936576,100.9698,100.7901,-0.1797
158.59993655999997,100.9698,100.7905,-0.1792
158.639936544,100.9698,100.7911,-0.1787
158.67993652799998,100.9698,100.7916,-0.1781
158.719936512,100.9698,100.7921,-0.1776
158.75993649600002,100.9698,100.7927,-0.1771
158.79993647999999,100.9698,100.7931,-0.1766
158.839936464,100.9698,100.7936,-0.1761
158.879936448,100.9698,100.7942,-0.1756
158.91993643200001,100.9698,100.7947,-0.1751
158.959936416,100.9698,100.7952,-0.1746
158.9999364,100.9698,100.7957,-0.1741
159.039936384,100.9698,100.7961,-0.1736
159.079936368,100.9698,100.7966,-0.1731
159.119936352,100.9698,100.7971,-0.1727
159.15993633600002,100.9798,100.7975,-0.1823
159.19993631999998,100.9798,100.798,-0.1818
159.239936304,100.9798,100.7985,-0.1813
159.279936288,100.9798,100.799,-0.1808
159.319936272,100.9798,100.7995,-0.1803
159.359936256,100.9798,100.8,-0.1798
159.39993624,100.9798,100.8005,-0.1793
159.43993622399998,100.9798,100.801,-0.1788
159.479936208,100.9798,100.8015,-0.1782
159.519936192,100.9798,100.8021,-0.1777
159.559936176,100.9798,100.8025,-0.1773
159.59993616,100.9798,100.803,-0.1768
159.639936144,100.9798,100.8035,-0.1763
159.67993612799998,100.9798,100.804,-0.1757
159.719936112,100.9798,100.8046,-0.1752
159.75993609600002,100.9798,100.8051,-0.1747
159.79993608,100.9798,100.8055,-0.1742
159.839936064,100.9798,100.8061,-0.1737
159.879936048,100.9798,100.8066,-0.1732
159.919936032,100.9798,100.8071,-0.1726
159.959936016,100.9899,100.8077,-0.1822
159.99993600000002,100.9899,100.8082,-0.1817
160.03993598399998,100.9899,100.8087,-0.1811
160.079935968,100.9899,100.8092,-0.1806
160.119935952,100.9899,100.8097,-0.1801
160.159935936,100.9899,100.8102,-0.1797
160.19993592,100.9899,100.8107,-0.1792
160.239935904,100.9899,100.8112,-0.1786
160.27993588799998,100.9899,100.8117,-0.1782
160.319935872,100.9899,100.8122,-0.1777
160.359935856,100.9899,100.8127,-0.1771
160.39993584,100.9899,100.8132,-0.1766
160.43993582399997,100.9899,100.8137,-0.1761
160.479935808,100.9899,100.8142,-0.1756
160.51993579199998,100.9899,100.8147,-0.1752
160.559935776,100.9899,100.8152,-0.1746
160.59993576,100.9899,100.8157,-0.1741
160.63993574399998,100.9899,100.8162,-0.1736
160.67993572799998,100.9899,100.8167,-0.1731
160.719935712,100.9899,100.8172,-0.1727
160.759935696,100.9999,100.8177,-0.1822
160.79993568,100.9999,100.8182,-0.1817
160.83993566400002,100.9999,100.8186,-0.1812
160.879935648,100.9999,100.8192,-0.1807
160.919935632,100.9999,100.8196,-0.1803
160.959935616,100.9999,100.8202,-0.1797
160.99993560000001,100.9999,100.8207,-0.1792
161.039935584,100.9999,100.8211,-0.1787
161.079935568,100.9999,100.8217,-0.1782
161.119935552,100.9999,100.8222,-0.1777
161.159935536,100.9999,100.8227,-0.1772
161.19993552,100.9999,100.8232,-0.1767
161.23993550400002,100.9999,100.8237,-0.1762
161.27993548799998,100.9999,100.8242,-0.1757
161.319935472,100.9999,100.8247,-0.1752
161.359935456,100.9999,100.8251,-0.1748
161.39993544,100.9999,100.8257,-0.1742
161.439935424,100.9999,100.8261,-0.1737
161.479935408,100.9999,100.8266,-0.1732
161.51993539199998,100.9999,100.8271,-0.1728
161.559935376,101.0,100.8276,-0.1723
161.59993536,101.0,100.8281,-0.1718
161.639935344,101.0,100.8286,-0.1713
161.679935328,101.0,100.8291,-0.1708
161.719935312,101.0,100.8296,-0.1703
161.759935296,101.0,100.83,-0.1699
161.79993528,101.0,100.8305,-0.1694
161.83993526400002,101.0,100.831,-0.1689
161.87993524799998,101.0,100.8314,-0.1685
161.919935232,101.0,100.832,-0.1679
161.959935216,101.0,100.8325,-0.1674
161.9999352,101.0,100.833,-0.1669
162.039935184,101.0,100.8336,-0.1663
162.07993516800002,101.0,100.834,-0.1659
162.11993515199998,101.0,100.8345,-0.1654
162.159935136,101.0,100.835,-0.1649
162.19993512,101.0,100.8355,-0.1644
162.239935104,101.0,100.836,-0.1639
162.279935088,101.0,100.8365,-0.1633
162.319935072,101.0,100.8371,-0.1628
162.35993505599998,100.9899,100.8377,-0.1522
162.39993504,100.9899,100.8382,-0.1517
162.439935024,100.9899,100.8387,-0.1511
162.479935008,100.9899,100.8392,-0.1506
162.51993499199997,100.9899,100.8398,-0.1501
162.559934976,100.9899,100.8403,-0.1495
162.59993495999998,100.9899,100.8408,-0.149
162.639934944,100.9899,100.8413,-0.1485
162.679934928,100.9899,100.8418,-0.148
162.71993491199999,100.9899,100.8423,-0.1475
162.759934896,100.9899,100.8429,-0.147
162.79993488,100.9899,100.8433,-0.1465
162.839934864,100.9899,100.8439,-0.146
162.879934848,100.9899,100.8444,-0.1455
162.919934832,100.9899,100.8449,-0.1449
162.959934816,100.9899,100.8455,-0.1444
162.9999348,100.9899,100.846,-0.1438
163.039934784,100.9899,100.8466,-0.1433
163.07993476800002,100.9899,100.8471,-0.1427
163.11993475199998,100.9899,100.8476,-0.1422
163.159934736,100.9798,100.8482,-0.1316
163.19993472,100.9798,100.8487,-0.1311
163.239934704,100.9798,100.8492,-0.1306
163.279934688,100.9798,100.8498,-0.13
163.31993467200002,100.9798,100.8503,-0.1295
163.35993465599998,100.9798,100.8508,-0.129
163.39993464,100.9798,100.8514,-0.1284
163.439934624,100.9798,100.8519,-0.1279
163.479934608,100.9798,100.8524,-0.1274
163.519934592,100.9798,100.853,-0.1268
163.559934576,100.9798,100.8535,-0.1263
163.59993455999998,100.9798,100.8541,-0.1257
163.639934544,100.9798,100.8545,-0.1252
163.679934528,100.9798,100.8551,-0.1247
163.719934512,100.9798,100.8556,-0.1241
163.759934496,100.9798,100.8561,-0.1236
163.79993448,100.9798,100.8567,-0.1231
163.839934464,100.9798,100.8571,-0.1226
163.879934448,100.9798,100.8577,-0.1221
163.91993443200002,100.9798,100.8582,-0.1216
163.95993441599998,100.9698,100.8587,-0.111
163.9999344,100.9698,100.8592,-0.1105
164.039934384,100.9698,100.8598,-0.11
164.079934368,100.9698,100.8603,-0.1095
164.119934352,100.9698,100.8608,-0.1089
164.159934336,100.9698,100.8613,-0.1084
164.19993431999998,100.9698,100.8619,-0.1079
164.239934304,100.9698,100.8624,-0.1074
164.279934288,100.9698,100.8629,-0.1069
164.319934272,100.9698,100.8634,-0.1063
164.35993425599997,100.9698,100.8639,-0.1059
164.39993424,100.9698,100.8644,-0.1053
164.43993422399998,100.9698,100.8649,-0.1048
164.479934208,100.9698,100.8654,-0.1043
164.519934192,100.9698,100.8659,-0.1038
164.559934176,100.9698,100.8664,-0.1033
164.59993415999998,100.9698,100.8669,-0.1028
164.639934144,100.9698,100.8674,-0.1023
164.679934128,100.9698,100.8679,-0.1019
164.719934112,100.9698,100.8683,-0.1014
164.75993409600002,100.9597,100.8688,-0.0909
164.79993407999999,100.9597,100.8692,-0.0905
164.839934064,100.9597,100.8697,-0.09
164.879934048,100.9597,100.8701,-0.0895
164.91993403200001,100.9597,100.8706,-0.0891
164.959934016,100.9597,100.8711,-0.0886
164.999934,100.9597,100.8715,-0.0882
165.039933984,100.9597,100.872,-0.0877
165.079933968,100.9597,100.8725,-0.0872
165.119933952,100.9597,100.873,-0.0867
165.15993393600002,100.9597,100.8734,-0.0862
165.19993391999998,100.9597,100.8739,-0.0858
165.239933904,100.9597,100.8743,-0.0854
165.279933888,100.9597,100.8748,-0.0849
165.319933872,100.9597,100.8752,-0.0845
165.359933856,100.9597,100.8757,-0.084
165.39993384,100.9597,100.8761,-0.0836
165.43993382399998,100.9597,100.8765,-0.0832
165.479933808,100.9597,100.877,-0.0827
165.519933792,100.9597,100.8775,-0.0822
165.559933776,100.9497,100.8779,-0.0718
165.59993375999997,100.9497,100.8783,-0.0713
165.639933744,100.9497,100.8788,-0.0709
165.679933728,100.9497,100.8792,-0.0704
165.719933712,100.9497,100.8796,-0.07
165.75993369600002,100.9497,100.8801,-0.0695
165.79993368,100.9497,100.8806,-0.0691
165.839933664,100.9497,100.881,-0.0686
165.879933648,100.9497,100.8814,-0.0682
165.919933632,100.9497,100.8819,-0.0678
165.959933616,100.9497,100.8823,-0.0674
165.99993360000002,100.9497,100.8827,-0.0669
166.03993358399998,100.9497,100.8832,-0.0665
166.079933568,100.9497,100.8836,-0.0661
166.119933552,100.9497,100.884,-0.0656
166.159933536,100.9497,100.8844,-0.0652
166.19993352,100.9497,100.8848,-0.0649
166.239933504,100.9497,100.8852,-0.0645
166.27993348799998,100.9497,100.8856,-0.0641
166.319933472,100.9497,100.886,-0.0636
166.359933456,100.9396,100.8865,-0.0531
166.39993344,100.9396,100.8868,-0.0528
166.43993342399997,100.9396,100.8872,-0.0523
166.479933408,100.9396,100.8876,-0.0519
166.51993339199998,100.9396,100.8881,-0.0515
166.559933376,100.9396,100.8885,-0.0511
166.59993336,100.9396,100.8888,-0.0508
166.63993334399999,100.9396,100.8892,-0.0504
166.679933328,100.9396,100.8896,-0.05
166.719933312,100.9396,100.89,-0.0496
166.759933296,100.9396,100.8905,-0.0491
166.79993328,100.9396,100.8908,-0.0487
166.839933264,100.9396,100.8913,-0.0483
166.879933248,100.9396,100.8917,-0.0479
166.919933232,100.9396,100.892,-0.0476
166.959933216,100.9396,100.8924,-0.0471
166.99993320000002,100.9396,100.8928,-0.0467
167.039933184,100.9396,100.8932,-0.0463
167.079933168,100.9396,100.8937,-0.0459
167.119933152,100.9396,100.894,-0.0456
167.159933136,100.9296,100.8944,-0.0351
167.19993312,100.9296,100.8948,-0.0347
167.23993310400002,100.9296,100.8952,-0.0343
167.27993308799998,100.9296,100.8956,-0.0339
167.319933072,100.9296,100.896,-0.0335
167.359933056,100.9296,100.8963,-0.0332
167.39993304,100.9296,100.8967,-0.0328
167.439933024,100.9296,100.897,-0.0325
167.479933008,100.9296,100.8974,-0.0321
167.51993299199998,100.9296,100.8977,-0.0318
167.559932976,100.9296,100.8981,-0.0315
167.59993296,100.9296,100.8984,-0.0311
167.639932944,100.9296,100.8988,-0.0308
167.679932928,100.9296,100.8991,-0.0304
167.719932912,100.9296,100.8995,-0.03
167.759932896,100.9296,100.8998,-0.0297
167.79993288,100.9296,100.9002,-0.0293
167.83993286400002,100.9296,100.9005,-0.029
167.87993284799998,100.9296,100.9008,-0.0287
167.919932832,100.9296,100.9012,-0.0283
167.959932816,100.9195,100.9016,-0.0179
167.9999328,100.9195,100.902,-0.0175
168.039932784,100.9195,100.9023,-0.0172
168.079932768,100.9195,100.9026,-0.0169
168.11993275199998,100.9195,100.903,-0.0165
168.159932736,100.9195,100.9033,-0.0162
168.19993272,100.9195,100.9037,-0.0158
168.239932704,100.9195,100.904,-0.0155
168.279932688,100.9195,100.9042,-0.0152
168.319932672,100.9195,100.9046,-0.0149
168.35993265599998,100.9195,100.9049,-0.0146
168.39993264,100.9195,100.9052,-0.0143
168.439932624,100.9195,100.9055,-0.0139
168.479932608,100.9195,100.9058,-0.0137
168.51993259199998,100.9195,100.9061,-0.0134
168.559932576,100.9195,100.9064,-0.0131
168.59993255999998,100.9195,100.9066,-0.0128
168.639932544,100.9195,100.9069,-0.0126
168.67993252800002,100.9195,100.9072,-0.0123
168.71993251199999,100.9195,100.9074,-0.0121
168.759932496,100.9095,100.9076,-0.0018
168.79993248,100.9095,100.9079,-0.0016
168.83993246400001,100.9095,100.9081,-0.0013
168.879932448,100.9095,100.9084,-0.001
168.919932432,100.9095,100.9086,-0.0009
168.959932416,100.9095,100.9088,-0.0006
168.9999324,100.9095,100.909,-0.0004
169.039932384,100.9095,100.9092,-0.0002
169.07993236800002,100.9095,100.9095,-0.0
169.11993235199998,100.9095,100.9097,0.0001
169.159932336,100.9095,100.9099,0.0004
169.19993232,100.9095,100.9101,0.0006
169.239932304,100.9095,100.9103,0.0008
169.279932288,100.9095,100.9105,0.001
169.319932272,100.9095,100.9107,0.0012
169.35993225599998,100.9095,100.9109,0.0013
169.39993224,100.9095,100.9112,0.0016
169.439932224,100.9095,100.9113,0.0018
169.479932208,100.9095,100.9115,0.002
169.519932192,100.9095,100.9117,0.0022
169.559932176,100.8994,100.9118,0.0123
169.59993215999998,100.8994,100.912,0.0126
169.639932144,100.8994,100.9122,0.0127
169.67993212800002,100.8994,100.9124,0.0129
169.719932112,100.8994,100.9125,0.013
169.759932096,100.8994,100.9127,0.0132
169.79993208,100.8994,100.9129,0.0134
169.839932064,100.8994,100.9131,0.0136
169.879932048,100.8994,100.9132,0.0137
169.91993203200002,100.8994,100.9134,0.0139
169.95993201599998,100.8994,100.9135,0.014
169.999932,100.8994,100.9136,0.0142
170.039931984,100.8994,100.9138,0.0143
170.079931968,100.8994,100.9139,0.0144
170.119931952,100.8994,100.9141,0.0146
170.159931936,100.8994,100.9143,0.0148
170.19993191999998,100.8994,100.9144,0.0149
170.239931904,100.8994,100.9146,0.0151
170.279931888,100.8994,100.9147,0.0152
170.319931872,100.8994,100.9148,0.0154
170.35993185599997,100.8894,100.915,0.0256
170.39993184,100.8894,100.9151,0.0257
170.43993182399998,100.8894,100.9152,0.0258
170.479931808,100.8894,100.9153,0.0259
170.519931792,100.8894,100.9154,0.026
170.55993177599998,100.8894,100.9156,0.0261
170.59993176,100.8894,100.9157,0.0263
170.639931744,100.8894,100.9158,0.0264
170.679931728,100.8894,100.916,0.0266
170.719931712,100.8894,100.9161,0.0267
170.75993169600002,100.8894,100.9163,0.0268
170.79993168,100.8894,100.9164,0.0269
170.839931664,100.8894,100.9165,0.027
170.879931648,100.8894,100.9166,0.0272
170.91993163200002,100.8894,100.9167,0.0272
170.959931616,100.8894,100.9168,0.0273
170.9999316,100.8894,100.9169,0.0274
171.039931584,100.8894,100.917,0.0275
171.079931568,100.8894,100.9171,0.0276
171.119931552,100.8894,100.9171,0.0277
171.15993153600002,100.8793,100.9172,0.0378
171.19993151999998,100.8793,100.9172,0.0379
171.239931504,100.8793,100.9173,0.0379
171.279931488,100.8793,100.9174,0.038
171.319931472,100.8793,100.9175,0.0381
171.359931456,100.8793,100.9176,0.0382
171.39993144,100.8793,100.9176,0.0383
171.43993142399998,100.8793,100.9177,0.0383
171.479931408,100.8793,100.9178,0.0384
171.519931392,100.8793,100.9178,0.0384
171.559931376,100.8793,100.9178,0.0384
171.59993136,100.8793,100.9178,0.0385
171.639931344,100.8793,100.9179,0.0385
171.679931328,100.8793,100.9179,0.0386
171.719931312,100.8793,100.918,0.0386
171.75993129600002,100.8793,100.9181,0.0387
171.79993127999998,100.8793,100.9182,0.0388
171.839931264,100.8793,100.9183,0.0389
171.879931248,100.8793,100.9183,0.0389
171.919931232,100.8793,100.9184,0.039
171.959931216,100.8693,100.9184,0.0491
171.99993120000002,100.8693,100.9185,0.0492
172.03993118399998,100.8693,100.9185,0.0492
172.079931168,100.8693,100.9186,0.0492
172.119931152,100.8693,100.9186,0.0493
172.159931136,100.8693,100.9186,0.0493
172.19993112,100.8693,100.9186,0.0493
172.239931104,100.8693,100.9186,0.0493
172.27993108799998,100.8693,100.9186,0.0493
172.319931072,100.8693,100.9187,0.0493
172.359931056,100.8693,100.9187,0.0493
172.39993104,100.8693,100.9187,0.0493
172.43993102399997,100.8693,100.9187,0.0494
172.479931008,100.8693,100.9187,0.0493
172.51993099199998,100.8693,100.9187,0.0493
172.559930976,100.8693,100.9187,0.0493
172.59993096,100.8693,100.9186,0.0493
172.63993094399999,100.8693,100.9186,0.0493
172.679930928,100.8693,100.9185,0.0492
172.719930912,100.8693,100.9185,0.0492
172.75993089600001,100.8592,100.9185,0.0592
172.79993088,100.8592,100.9184,0.0592
172.839930864,100.8592,100.9184,0.0591
172.879930848,100.8592,100.9184,0.0591
172.919930832,100.8592,100.9183,0.059
172.959930816,100.8592,100.9183,0.059
172.99993080000002,100.8592,100.9182,0.059
173.03993078399998,100.8592,100.9182,0.0589
173.079930768,100.8592,100.9181,0.0589
173.119930752,100.8592,100.9181,0.0588
173.159930736,100.8592,100.918,0.0587
173.19993072,100.8592,100.9179,0.0586
173.23993070400002,100.8592,100.9179,0.0586
173.27993068799998,100.8592,100.9178,0.0585
173.319930672,100.8592,100.9177,0.0584
173.359930656,100.8592,100.9176,0.0583
173.39993064,100.8592,100.9174,0.0582
173.439930624,100.8592,100.9173,0.058
173.479930608,100.8592,100.9172,0.0579
173.51993059199998,100.8592,100.9171,0.0578
173.559930576,100.8492,100.917,0.0677
173.59993056000002,100.8492,100.9168,0.0676
173.639930544,100.8492,100.9168,0.0676
173.679930528,100.8492,100.9167,0.0674
173.719930512,100.8492,100.9166,0.0673
173.759930496,100.8492,100.9165,0.0672
173.79993048,100.8492,100.9163,0.0671
173.83993046400002,100.8492,100.9162,0.0669
173.87993044799998,100.8492,100.9161,0.0668
173.919930432,100.8492,100.9159,0.0667
173.959930416,100.8492,100.9158,0.0666
173.9999304,100.8492,100.9157,0.0665
174.039930384,100.8492,100.9156,0.0664
174.079930368,100.8492,100.9155,0.0662
174.11993035199998,100.8492,100.9153,0.0661
174.159930336,100.8492,100.9153,0.066
174.19993032,100.8492,100.9151,0.0659
174.239930304,100.8492,100.915,0.0658
174.27993028799997,100.8492,100.9149,0.0657
174.319930272,100.8492,100.9148,0.0656
174.35993025599998,100.8391,100.9147,0.0755
174.39993024,100.8391,100.9146,0.0754
174.439930224,100.8391,100.9144,0.0752
174.479930208,100.8391,100.9143,0.0751
174.51993019199998,100.8391,100.9141,0.0749
174.559930176,100.8391,100.914,0.0748
174.59993016,100.8391,100.9138,0.0746
174.639930144,100.8391,100.9136,0.0745
174.67993012800002,100.8391,100.9135,0.0744
174.719930112,100.8391,100.9134,0.0742
174.759930096,100.8391,100.9132,0.074
174.79993008,100.8391,100.9131,0.0739
174.83993006400001,100.8391,100.9129,0.0737
174.879930048,100.8391,100.9127,0.0736
174.919930032,100.8391,100.9126,0.0734
174.959930016,100.8391,100.9124,0.0732
174.99993,100.8391,100.9122,0.073
175.039929984,100.8391,100.9121,0.0729
175.07992996800002,100.8391,100.9119,0.0727
175.11992995199998,100.8391,100.9118,0.0726
175.159929936,100.8291,100.9116,0.0825
175.19992992,100.8291,100.9115,0.0823
175.239929904,100.8291,100.9113,0.0822
175.279929888,100.8291,100.9111,0.082
175.319929872,100.8291,100.911,0.0819
175.35992985599998,100.8291,100.9108,0.0817
175.39992984,100.8291,100.9107,0.0815
175.439929824,100.8291,100.9105,0.0814
175.479929808,100.8291,100.9103,0.0812
175.51992979199997,100.8291,100.9101,0.081
175.559929776,100.8291,100.91,0.0808
175.59992976,100.8291,100.9098,0.0806
175.639929744,100.8291,100.9096,0.0805
175.67992972800002,100.8291,100.9095,0.0803
175.71992971199998,100.8291,100.9093,0.0802
175.759929696,100.8291,100.9092,0.08
175.79992968,100.8291,100.909,0.0798
175.839929664,100.8291,100.9088,0.0797
175.879929648,100.8291,100.9086,0.0795
175.91992963200002,100.8291,100.9085,0.0793
175.95992961599998,100.819,100.9084,0.0893
175.9999296,100.819,100.9082,0.0891
176.039929584,100.819,100.908,0.0889
176.079929568,100.819,100.9079,0.0888
176.119929552,100.819,100.9076,0.0886
176.159929536,100.819,100.9075,0.0884
176.19992951999998,100.819,100.9073,0.0882
176.239929504,100.819,100.9072,0.0881
176.279929488,100.819,100.907,0.0879
176.319929472,100.819,100.9068,0.0877
176.35992945599997,100.819,100.9066,0.0875
176.39992944,100.819,100.9065,0.0874
176.43992942399998,100.819,100.9063,0.0872
176.479929408,100.819,100.9061,0.087
176.519929392,100.819,100.906,0.0869
176.55992937599999,100.819,100.9058,0.0867
176.59992936,100.819,100.9057,0.0866
176.639929344,100.819,100.9055,0.0864
176.67992932800001,100.819,100.9053,0.0862
176.719929312,100.819,100.9051,0.086
176.759929296,100.809,100.9049,0.0958
176.79992928,100.809,100.9047,0.0957
176.839929264,100.809,100.9045,0.0954
176.879929248,100.809,100.9042,0.0952
176.91992923200002,100.809,100.9041,0.095
176.95992921599998,100.809,100.9038,0.0948
176.9999292,100.809,100.9036,0.0946
177.039929184,100.809,100.9034,0.0944
177.079929168,100.809,100.9032,0.0941
177.119929152,100.809,100.903,0.0939
177.15992913600002,100.809,100.9027,0.0937
177.19992911999998,100.809,100.9025,0.0934
177.239929104,100.809,100.9022,0.0932
177.279929088,100.809,100.9019,0.0929
177.319929072,100.809,100.9017,0.0927
177.359929056,100.809,100.9014,0.0924
177.39992904,100.809,100.9012,0.0922
177.43992902399998,100.809,100.901,0.092
177.479929008,100.809,100.9007,0.0917
177.519928992,100.809,100.9005,0.0914
177.559928976,100.7989,100.9002,0.1012
177.59992896,100.7989,100.9,0.101
177.639928944,100.7989,100.8997,0.1007
177.679928928,100.7989,100.8994,0.1005
177.719928912,100.7989,100.8992,0.1002
177.75992889600002,100.7989,100.899,0.1
177.79992887999998,100.7989,100.8987,0.0998
177.839928864,100.7989,100.8985,0.0996
177.879928848,100.7989,100.8983,0.0993
177.919928832,100.7989,100.898,0.0991
177.959928816,100.7989,100.8979,0.0989
177.9999288,100.7989,100.8976,0.0986
178.03992878399998,100.7989,100.8973,0.0984
178.079928768,100.7989,100.8971,0.0981
178.119928752,100.7989,100.8969,0.0979
178.159928736,100.7989,100.8966,0.0977
178.19992871999997,100.7989,100.8964,0.0974
178.239928704,100.7989,100.8961,0.0971
178.27992868799998,100.7989,100.8958,0.0968
178.319928672,100.7989,100.8956,0.0966
178.359928656,100.7889,100.8953,0.1064
178.39992864,100.7889,100.895,0.1061
178.43992862399998,100.7889,100.8948,0.1058
178.479928608,100.7889,100.8944,0.1055
178.51992859199999,100.7889,100.8941,0.1052
178.559928576,100.7889,100.8939,0.1049
178.59992856000002,100.7889,100.8936,0.1047
178.63992854399999,100.7889,100.8933,0.1044
178.679928528,100.7889,100.8931,0.1042
178.719928512,100.7889,100.8929,0.1039
178.75992849600001,100.7889,100.8926,0.1037
178.79992848,100.7889,100.8923,0.1034
178.839928464,100.7889,100.892,0.1031
178.879928448,100.7889,100.8917,0.1028
178.919928432,100.7889,100.8915,0.1025
178.959928416,100.7889,100.8912,0.1022
178.99992840000002,100.7889,100.8909,0.1019
179.03992838399998,100.7889,100.8906,0.1017
179.079928368,100.7889,100.8903,0.1014
179.119928352,100.7889,100.89,0.1011
179.159928336,100.7788,100.8897,0.1108
179.19992832,100.7788,100.8894,0.1105
179.239928304,100.7788,100.8891,0.1102
179.27992828799998,100.7788,100.8888,0.1099
179.319928272,100.7788,100.8885,0.1096
179.359928256,100.7788,100.8882,0.1093
179.39992824,100.7788,100.8879,0.109
179.43992822399997,100.7788,100.8876,0.1087
179.479928208,100.7788,100.8873,0.1084
179.51992819199998,100.7788,100.887,0.1081
179.559928176,100.7788,100.8867,0.1078
179.59992816000002,100.7788,100.8863,0.1075
179.639928144,100.7788,100.8861,0.1072
179.679928128,100.7788,100.8857,0.1068
179.719928112,100.7788,100.8854,0.1065
179.759928096,100.7788,100.8851,0.1062
179.79992808,100.7788,100.8848,0.1059
179.83992806400002,100.7788,100.8845,0.1056
179.87992804799998,100.7788,100.8842,0.1053
179.919928032,100.7788,100.8839,0.1051
179.959928016,100.7688,100.8836,0.1148
179.999928,100.7688,100.8833,0.1145
180.039927984,100.7688,100.883,0.1142
180.079927968,100.7688,100.8828,0.114
180.11992795199998,100.7688,100.8825,0.1137
180.159927936,100.7688,100.8823,0.1134
180.19992792,100.7688,100.882,0.1132
180.239927904,100.7688,100.8817,0.1129
180.27992788799997,100.7688,100.8814,0.1126
180.319927872,100.7688,100.8811,0.1123
180.35992785599998,100.7688,100.8808,0.112
180.39992784,100.7688,100.8805,0.1117
180.439927824,100.7688,100.8802,0.1114
180.47992780799999,100.7688,100.88,0.1111
180.51992779199998,100.7688,100.8797,0.1108
180.559927776,100.7688,100.8794,0.1106
180.59992776,100.7688,100.8791,0.1103
180.639927744,100.7688,100.8788,0.1099
180.679927728,100.7688,100.8785,0.1096
180.719927712,100.7688,100.8782,0.1093
180.759927696,100.7587,100.8779,0.1191
180.79992768,100.7587,100.8776,0.1188
180.83992766400002,100.7587,100.8773,0.1185
180.879927648,100.7587,100.877,0.1182
180.919927632,100.7587,100.8766,0.1179
180.959927616,100.7587,100.8764,0.1176
180.9999276,100.7587,100.876,0.1172
181.039927584,100.7587,100.8757,0.1169
181.07992756800002,100.7587,100.8753,0.1166
181.11992755199998,100.7587,100.875,0.1162
181.159927536,100.7587,100.8747,0.1159
181.19992752,100.7587,100.8743,0.1156
181.239927504,100.7587,100.874,0.1152
181.279927488,100.7587,100.8738,0.115
181.319927472,100.7587,100.8734,0.1146
181.35992745599998,100.7587,100.8731,0.1143
181.39992744,100.7587,100.8727,0.1139
181.439927424,100.7587,100.8724,0.1136
181.479927408,100.7587,100.8721,0.1133
181.519927392,100.7587,100.8718,0.113
181.559927376,100.7487,100.8714,0.1227
181.59992736,100.7487,100.8711,0.1224
181.639927344,100.7487,100.8708,0.122
181.67992732800002,100.7487,100.8705,0.1218
181.71992731199998,100.7487,100.8702,0.1215
181.759927296,100.7487,100.8699,0.1211
181.79992728,100.7487,100.8696,0.1209
181.839927264,100.7487,100.8693,0.1205
181.879927248,100.7487,100.869,0.1202
181.919927232,100.7487,100.8687,0.1199
181.95992721599998,100.7487,100.8683,0.1196
181.9999272,100.7487,100.868,0.1193
182.039927184,100.7487,100.8677,0.1189
182.079927168,100.7487,100.8674,0.1186
182.119927152,100.7487,100.8671,0.1184
182.159927136,100.7487,100.8668,0.118
182.19992711999998,100.7487,100.8665,0.1177
182.239927104,100.7487,100.8662,0.1174
182.279927088,100.7487,100.8658,0.1171
182.319927072,100.7487,100.8655,0.1168
182.35992705599998,100.7386,100.8652,0.1265
182.39992704,100.7386,100.8649,0.1262
182.43992702399999,100.7386,100.8645,0.1259
182.479927008,100.7386,100.8642,0.1255
182.519926992,100.7386,100.8639,0.1252
182.55992697599999,100.7386,100.8636,0.1249
182.59992696,100.7386,100.8632,0.1246
182.639926944,100.7386,100.8629,0.1242
182.67992692800001,100.7386,100.8626,0.1239
182.719926912,100.7386,100.8623,0.1236
182.759926896,100.7386,100.8619,0.1232
182.79992688,100.7386,100.8616,0.123
182.839926864,100.7386,100.8613,0.1227
182.879926848,100.7386,100.861,0.1223
182.91992683200002,100.7386,100.8606,0.1219
182.95992681599998,100.7386,100.8603,0.1216
182.9999268,100.7386,100.86,0.1213
183.039926784,100.7386,100.8597,0.121
183.079926768,100.7386,100.8593,0.1206
183.119926752,100.7386,100.859,0.1203
183.159926736,100.7286,100.8587,0.1301
183.19992671999998,100.7286,100.8584,0.1298
183.239926704,100.7286,100.8581,0.1294
183.279926688,100.7286,100.8577,0.1291
183.319926672,100.7286,100.8574,0.1287
183.359926656,100.7286,100.8571,0.1284
183.39992664,100.7286,100.8567,0.1281
183.43992662399998,100.7286,100.8564,0.1277
183.479926608,100.7286,100.8561,0.1274
183.519926592,100.7286,100.8558,0.1271
183.559926576,100.7286,100.8555,0.1268
183.59992656,100.7286,100.8551,0.1264
183.639926544,100.7286,100.8548,0.1261
183.679926528,100.7286,100.8545,0.1258
183.719926512,100.7286,100.8541,0.1255
183.75992649600002,100.7286,100.8537,0.1251
183.79992647999998,100.7286,100.8534,0.1247
183.839926464,100.7286,100.853,0.1244
183.879926448,100.7286,100.8527,0.1241
183.919926432,100.7286,100.8523,0.1237
183.959926416,100.7185,100.852,0.1334
183.9999264,100.7185,100.8516,0.133
184.03992638399998,100.7185,100.8512,0.1327
184.079926368,100.7185,100.8509,0.1323
184.119926352,100.7185,100.8505,0.132
184.159926336,100.7185,100.8502,0.1316
184.19992631999997,100.7185,100.8498,0.1312
184.239926304,100.7185,100.8495,0.1309
184.27992628799998,100.7185,100.8491,0.1306
184.319926272,100.7185,100.8488,0.1302
184.359926256,100.7185,100.8484,0.1298
184.39992623999999,100.7185,100.8481,0.1295
184.43992622399998,100.7185,100.8477,0.1291
184.479926208,100.7185,100.8473,0.1288
184.519926192,100.7185,100.847,0.1284
184.559926176,100.7185,100.8467,0.1281
184.59992616000002,100.7185,100.8463,0.1277
184.639926144,100.7185,100.8459,0.1273
184.679926128,100.7185,100.8456,0.127
184.719926112,100.7185,100.8452,0.1266
184.75992609600002,100.7085,100.8448,0.1363
184.79992608,100.7085,100.8445,0.1359
184.839926064,100.7085,100.8441,0.1356
184.879926048,100.7085,100.8437,0.1352
184.919926032,100.7085,100.8434,0.1348
184.959926016,100.7085,100.8429,0.1344
184.99992600000002,100.7085,100.8426,0.134
185.03992598399998,100.7085,100.8422,0.1337
185.079925968,100.7085,100.8418,0.1332
185.119925952,100.7085,100.8414,0.1329
185.159925936,100.7085,100.841,0.1324
185.19992592,100.7085,100.8406,0.132
185.239925904,100.7085,100.8402,0.1317
185.27992588799998,100.7085,100.8398,0.1312
185.319925872,100.7085,100.8394,0.1308
185.359925856,100.7085,100.839,0.1304
185.39992584,100.7085,100.8385,0.13
185.43992582399997,100.7085,100.8381,0.1296
185.479925808,100.7085,100.8377,0.1292
185.519925792,100.7085,100.8373,0.1288
185.559925776,100.6984,100.837,0.1385
185.59992576000002,100.6984,100.8365,0.138
185.63992574399998,100.6984,100.8361,0.1377
185.679925728,100.6984,100.8357,0.1372
185.719925712,100.6984,100.8353,0.1369
185.759925696,100.6984,100.835,0.1365
185.79992568,100.6984,100.8345,0.1361
185.83992566400002,100.6984,100.8341,0.1357
185.87992564799998,100.6984,100.8338,0.1353
185.919925632,100.6984,100.8334,0.1349
185.959925616,100.6984,100.833,0.1345
185.9999256,100.6984,100.8325,0.134
186.039925584,100.6984,100.8321,0.1336
186.079925568,100.6984,100.8317,0.1332
186.11992555199998,100.6984,100.8313,0.1328
186.159925536,100.6984,100.8308,0.1324
186.19992552,100.6984,100.8304,0.1319
186.239925504,100.6984,100.83,0.1315
186.27992548799998,100.6984,100.8296,0.1311
186.319925472,100.6984,100.8291,0.1307
186.35992545599998,100.6884,100.8287,0.1403
186.39992544,100.6884,100.8283,0.1399
186.439925424,100.6884,100.8279,0.1394
186.47992540799999,100.6884,100.8275,0.139
186.519925392,100.6884,100.827,0.1385
186.559925376,100.6884,100.8265,0.1381
186.59992536000001,100.6884,100.8261,0.1377
186.639925344,100.6884,100.8257,0.1372
186.679925328,100.6884,100.8253,0.1369
186.719925312,100.6884,100.8248,0.1364
186.759925296,100.6884,100.8244,0.136
186.79992528,100.6884,100.824,0.1356
186.83992526400002,100.6884,100.8236,0.1351
186.87992524799998,100.6884,100.8232,0.1347
186.919925232,100.6884,100.8228,0.1343
186.959925216,100.6884,100.8223,0.1339
186.9999252,100.6884,100.822,0.1335
187.039925184,100.6884,100.8215,0.1331
187.07992516800002,100.6884,100.8211,0.1327
187.11992515199998,100.6884,100.8207,0.1323
187.159925136,100.6783,100.8203,0.1419
187.19992512,100.6783,100.8199,0.1416
187.239925104,100.6783,100.8195,0.1411
187.279925088,100.6783,100.8191,0.1408
187.319925072,100.6783,100.8188,0.1404
187.35992505599998,100.6783,100.8184,0.14
187.39992504,100.6783,100.818,0.1396
187.439925024,100.6783,100.8176,0.1392
187.479925008,100.6783,100.8171,0.1388
187.519924992,100.6783,100.8168,0.1384
187.559924976,100.6783,100.8163,0.138
187.59992496,100.6783,100.8159,0.1375
187.639924944,100.6783,100.8155,0.1371
187.67992492800002,100.6783,100.815,0.1366
187.71992491199998,100.6783,100.8146,0.1362
187.759924896,100.6783,100.8141,0.1357
187.79992488,100.6783,100.8137,0.1353
187.839924864,100.6783,100.8133,0.1349
187.879924848,100.6783,100.8128,0.1345
187.919924832,100.6783,100.8124,0.134
187.95992481599998,100.6683,100.812,0.1436
187.9999248,100.6683,100.8115,0.1432
188.039924784,100.6683,100.8111,0.1427
188.079924768,100.6683,100.8106,0.1423
188.11992475199997,100.6683,100.8102,0.1419
188.159924736,100.6683,100.8098,0.1415
188.19992471999998,100.6683,100.8094,0.141
188.239924704,100.6683,100.8089,0.1406
188.279924688,100.6683,100.8085,0.1402
188.319924672,100.6683,100.8081,0.1398
188.35992465599998,100.6683,100.8077,0.1394
188.39992464,100.6683,100.8073,0.139
188.43992462399999,100.6683,100.8069,0.1386
188.479924608,100.6683,100.8065,0.1382
188.51992459200002,100.6683,100.8061,0.1378
188.559924576,100.6683,100.8057,0.1374
188.59992456,100.6683,100.8053,0.137
188.639924544,100.6683,100.8049,0.1366
188.67992452800002,100.6683,100.8045,0.1362
188.719924512,100.6683,100.8041,0.1357
188.759924496,100.6582,100.8037,0.1454
188.79992448,100.6582,100.8032,0.145
188.839924464,100.6582,100.8028,0.1445
188.879924448,100.6582,100.8025,0.1442
188.91992443200002,100.6582,100.802,0.1437
188.95992441599998,100.6582,100.8016,0.1433
188.9999244,100.6582,100.8012,0.1429
189.039924384,100.6582,100.8007,0.1425
189.079924368,100.6582,100.8003,0.1421
189.119924352,100.6582,100.7999,0.1417
189.159924336,100.6582,100.7995,0.1412
189.19992431999998,100.6582,100.7992,0.1409
189.239924304,100.6582,100.7987,0.1404
189.279924288,100.6582,100.7983,0.1401
189.319924272,100.6582,100.7979,0.1397
189.35992425599997,100.6582,100.7975,0.1392
189.39992424,100.6582,100.7971,0.1389
189.43992422399998,100.6582,100.7967,0.1385
189.479924208,100.6582,100.7963,0.1381
189.51992419200002,100.6582,100.796,0.1377
189.559924176,100.6482,100.7955,0.1473
189.59992416,100.6482,100.7951,0.1469
189.639924144,100.6482,100.7947,0.1464
189.679924128,100.6482,100.7942,0.146
189.719924112,100.6482,100.7939,0.1456
189.75992409600002,100.6482,100.7934,0.1452
189.79992407999998,100.6482,100.793,0.1448
189.839924064,100.6482,100.7926,0.1444
189.879924048,100.6482,100.7921,0.1439
189.919924032,100.6482,100.7917,0.1435
189.959924016,100.6482,100.7912,0.143
189.999924,100.6482,100.7908,0.1426
190.03992398399998,100.6482,100.7904,0.1422
190.079923968,100.6482,100.7899,0.1417
190.119923952,100.6482,100.7895,0.1413
190.159923936,100.6482,100.7891,0.1409
190.19992391999997,100.6482,100.7886,0.1404
190.239923904,100.6482,100.7882,0.14
190.27992388799998,100.6482,100.7877,0.1395
190.319923872,100.6482,100.7873,0.1391
190.359923856,100.6381,100.7869,0.1487
190.39992383999999,100.6381,100.7865,0.1483
190.439923824,100.6381,100.7861,0.1479
190.479923808,100.6381,100.7856,0.1475
190.51992379200001,100.6381,100.7852,0.147
190.559923776,100.6381,100.7848,0.1466
190.59992376,100.6381,100.7843,0.1462
190.639923744,100.6381,100.7839,0.1457
190.679923728,100.6381,100.7835,0.1453
190.719923712,100.6381,100.783,0.1448
190.75992369600002,100.6381,100.7826,0.1445
190.79992368,100.6381,100.7822,0.1441
190.839923664,100.6381,100.7818,0.1436
190.879923648,100.6381,100.7814,0.1432
190.919923632,100.6381,100.781,0.1428
190.959923616,100.6381,100.7806,0.1424
190.99992360000002,100.6381,100.7802,0.142
191.03992358399998,100.6381,100.7797,0.1416
191.079923568,100.6381,100.7793,0.1412
191.119923552,100.6381,100.7789,0.1408
191.159923536,100.6281,100.7785,0.1504
191.19992352,100.6281,100.7781,0.1499
191.239923504,100.6281,100.7776,0.1495
191.27992348799998,100.6281,100.7772,0.1491
191.319923472,100.6281,100.7768,0.1486
191.359923456,100.6281,100.7763,0.1482
191.39992344,100.6281,100.7759,0.1478
191.439923424,100.6281,100.7755,0.1473
191.479923408,100.6281,100.775,0.1469
191.519923392,100.6281,100.7746,0.1465
191.559923376,100.6281,100.7741,0.146
191.59992336000002,100.6281,100.7737,0.1456
191.63992334399998,100.6281,100.7733,0.1451
191.679923328,100.6281,100.7728,0.1447
191.719923312,100.6281,100.7724,0.1443
191.759923296,100.6281,100.7719,0.1438
191.79992328,100.6281,100.7715,0.1433
191.839923264,100.6281,100.771,0.1429
191.87992324799998,100.6281,100.7705,0.1424
191.919923232,100.6281,100.7701,0.142
191.959923216,100.618,100.7696,0.1516
191.9999232,100.618,100.7692,0.1511
192.039923184,100.618,100.7688,0.1507
192.079923168,100.618,100.7683,0.1502
192.11992315199998,100.618,100.7679,0.1498
192.159923136,100.618,100.7674,0.1493
192.19992312,100.618,100.767,0.1489
192.239923104,100.618,100.7666,0.1485
192.27992308799998,100.618,100.7661,0.1481
192.319923072,100.618,100.7657,0.1476
192.35992305599999,100.618,100.7653,0.1472
192.39992304,100.618,100.7648,0.1467
192.439923024,100.618,100.7643,0.1463
192.479923008,100.618,100.7639,0.1458
192.519922992,100.618,100.7634,0.1453
192.559922976,100.618,100.7629,0.1449
192.59992296000001,100.618,100.7625,0.1444
192.639922944,100.618,100.762,0.1439
192.679922928,100.618,100.7614,0.1434
192.719922912,100.618,100.761,0.1429
192.759922896,100.608,100.7605,0.1525
192.79992288,100.608,100.76,0.152
192.83992286400002,100.608,100.7595,0.1515
192.87992284799998,100.608,100.7591,0.151
192.919922832,100.608,100.7586,0.1505
192.959922816,100.608,100.7581,0.1501
192.9999228,100.608,100.7576,0.1496
193.039922784,100.608,100.7571,0.1491
193.079922768,100.608,100.7567,0.1486
193.11992275199998,100.608,100.7561,0.1481
193.159922736,100.608,100.7557,0.1476
193.19992272,100.608,100.7552,0.1472
193.239922704,100.608,100.7547,0.1467
193.279922688,100.608,100.7543,0.1462
193.319922672,100.608,100.7537,0.1457
193.35992265599998,100.608,100.7532,0.1452
193.39992264,100.608,100.7527,0.1447
193.43992262400002,100.608,100.7522,0.1442
193.479922608,100.608,100.7518,0.1438
193.519922592,100.608,100.7513,0.1433
193.559922576,100.5979,100.7508,0.1528
193.59992256,100.5979,100.7503,0.1523
193.639922544,100.5979,100.7498,0.1518
193.67992252800002,100.5979,100.7493,0.1513
193.71992251199998,100.5979,100.7488,0.1508
193.759922496,100.5979,100.7483,0.1503
193.79992248,100.5979,100.7478,0.1498
193.839922464,100.5979,100.7473,0.1493
193.879922448,100.5979,100.7467,0.1487
193.919922432,100.5979,100.7463,0.1483
193.95992241599998,100.5979,100.7458,0.1478
193.9999224,100.5979,100.7453,0.1473
194.039922384,100.5979,100.7448,0.1468
194.079922368,100.5979,100.7443,0.1463
194.11992235199997,100.5979,100.7439,0.1459
194.159922336,100.5979,100.7434,0.1454
194.19992231999998,100.5979,100.7429,0.1449
194.239922304,100.5979,100.7424,0.1445
194.279922288,100.5979,100.7419,0.1439
194.31992227199999,100.5979,100.7414,0.1434
194.35992225599998,100.5879,100.7409,0.153
194.39992224,100.5879,100.7404,0.1525
194.43992222400001,100.5879,100.74,0.152
194.479922208,100.5879,100.7395,0.1516
194.51992219200002,100.5879,100.739,0.1511
194.559922176,100.5879,100.7386,0.1506
194.59992216,100.5879,100.7381,0.1501
194.639922144,100.5879,100.7376,0.1496
194.67992212800002,100.5879,100.7371,0.1491
194.719922112,100.5879,100.7366,0.1486
194.759922096,100.5879,100.7361,0.1482
194.79992208,100.5879,100.7356,0.1477
194.839922064,100.5879,100.7351,0.1472
194.879922048,100.5879,100.7347,0.1467
194.91992203200002,100.5879,100.7341,0.1462
194.95992201599998,100.5879,100.7336,0.1457
194.999922,100.5879,100.7331,0.1452
195.039921984,100.5879,100.7326,0.1446
195.079921968,100.5879,100.7321,0.1442
195.119921952,100.5879,100.7315,0.1436
195.159921936,100.5778,100.7311,0.1532
195.19992191999998,100.5778,100.7305,0.1527
195.239921904,100.5778,100.73,0.1521
195.279921888,100.5778,100.7295,0.1516
195.319921872,100.5778,100.7289,0.1511
195.35992185599997,100.5778,100.7284,0.1505
195.39992184,100.5778,100.7279,0.15
195.439921824,100.5778,100.7273,0.1495
195.479921808,100.5778,100.7268,0.149
195.51992179200002,100.5778,100.7262,0.1484
195.55992177599998,100.5778,100.7257,0.1479
195.59992176,100.5778,100.7252,0.1474
195.639921744,100.5778,100.7247,0.1468
195.679921728,100.5778,100.7242,0.1463
195.719921712,100.5778,100.7237,0.1458
195.75992169600002,100.5778,100.7232,0.1453
195.79992167999998,100.5778,100.7227,0.1448
195.839921664,100.5778,100.7222,0.1443
195.879921648,100.5778,100.7217,0.1438
195.919921632,100.5778,100.7212,0.1433
195.959921616,100.5678,100.7207,0.1528
195.9999216,100.5678,100.7202,0.1524
196.03992158399998,100.5678,100.7198,0.1519
196.079921568,100.5678,100.7192,0.1514
196.119921552,100.5678,100.7188,0.1509
196.159921536,100.5678,100.7183,0.1504
196.19992151999998,100.5678,100.7177,0.1499
196.239921504,100.5678,100.7173,0.1494
196.27992148799999,100.5678,100.7168,0.1489
196.319921472,100.5678,100.7163,0.1485
196.359921456,100.5678,100.7158,0.148
196.39992143999999,100.5678,100.7153,0.1475
196.439921424,100.5678,100.7148,0.147
196.479921408,100.5678,100.7144,0.1465
196.51992139200001,100.5678,100.7139,0.1461
196.559921376,100.5678,100.7134,0.1456
196.59992136,100.5678,100.7129,0.1451
196.639921344,100.5678,100.7125,0.1447
196.679921328,100.5678,100.712,0.1442
196.719921312,100.5678,100.7115,0.1437
196.75992129600002,100.5577,100.7111,0.1533
196.79992127999998,100.5577,100.7106,0.1528
196.839921264,100.5577,100.7101,0.1523
196.879921248,100.5577,100.7096,0.1518
196.919921232,100.5577,100.7091,0.1513
196.959921216,100.5577,100.7087,0.1509
196.99992120000002,100.5577,100.7081,0.1504
197.03992118399998,100.5577,100.7077,0.1499
197.079921168,100.5577,100.7072,0.1494
197.119921152,100.5577,100.7067,0.1489
197.159921136,100.5577,100.7062,0.1484
197.19992112,100.5577,100.7057,0.1479
197.239921104,100.5577,100.7052,0.1474
197.27992108799998,100.5577,100.7047,0.1469
197.319921072,100.5577,100.7042,0.1464
197.359921056,100.5577,100.7036,0.1459
197.39992104,100.5577,100.7031,0.1454
197.439921024,100.5577,100.7026,0.1448
197.479921008,100.5577,100.7021,0.1443
197.519920992,100.5577,100.7016,0.1438
197.559920976,100.5477,100.7011,0.1534
197.59992096000002,100.5477,100.7007,0.153
197.63992094399998,100.5477,100.7002,0.1524
197.679920928,100.5477,100.6997,0.1519
197.719920912,100.5477,100.6991,0.1514
197.759920896,100.5477,100.6986,0.1509
197.79992088,100.5477,100.6982,0.1504
197.839920864,100.5477,100.6976,0.1499
197.87992084799998,100.5477,100.6971,0.1494
197.919920832,100.5477,100.6966,0.1489
197.959920816,100.5477,100.6961,0.1484
197.9999208,100.5477,100.6957,0.1479
198.03992078399997,100.5477,100.6951,0.1474
198.079920768,100.5477,100.6946,0.1469
198.11992075199998,100.5477,100.6942,0.1464
198.159920736,100.5477,100.6936,0.1459
198.19992072,100.5477,100.6932,0.1455
198.239920704,100.5477,100.6928,0.145
198.27992068799998,100.5477,100.6923,0.1445
198.319920672,100.5477,100.6918,0.1441
198.35992065599999,100.5376,100.6913,0.1536
198.39992064,100.5376,100.6909,0.1532
198.43992062400002,100.5376,100.6904,0.1528
198.479920608,100.5376,100.69,0.1523
198.519920592,100.5376,100.6895,0.1519
198.559920576,100.5376,100.689,0.1514
198.59992056000002,100.5376,100.6885,0.1509
198.639920544,100.5376,100.6881,0.1504
198.679920528,100.5376,100.6876,0.1499
198.719920512,100.5376,100.6872,0.1495
198.759920496,100.5376,100.6867,0.149
198.79992048,100.5376,100.6862,0.1486
198.83992046400002,100.5376,100.6858,0.1481
198.87992044799998,100.5376,100.6853,0.1476
198.919920432,100.5376,100.6848,0.1471
198.959920416,100.5376,100.6843,0.1466
198.9999204,100.5376,100.6838,0.1462
199.039920384,100.5376,100.6834,0.1458
199.079920368,100.5376,100.683,0.1453
199.11992035199998,100.5376,100.6825,0.1449
199.159920336,100.5276,100.6821,0.1544
199.19992032,100.5276,100.6816,0.1539
199.239920304,100.5276,100.6811,0.1535
199.27992028799997,100.5276,100.6806,0.153
199.319920272,100.5276,100.6802,0.1525
199.35992025599998,100.5276,100.6797,0.1521
199.39992024,100.5276,100.6792,0.1516
199.43992022400002,100.5276,100.6787,0.1511
199.47992020799998,100.5276,100.6783,0.1507
199.519920192,100.5276,100.6778,0.1502
199.559920176,100.5276,100.6773,0.1497
199.59992016,100.5276,100.6768,0.1492
199.639920144,100.5276,100.6763,0.1487
199.67992012800002,100.5276,100.6759,0.1483
199.71992011199998,100.5276,100.6754,0.1477
199.759920096,100.5276,100.6749,0.1473
199.79992008,100.5276,100.6744,0.1468
199.839920064,100.5276,100.6739,0.1463
199.879920048,100.5276,100.6735,0.1459
199.919920032,100.5276,100.673,0.1454
199.95992001599998,100.5175,100.6725,0.1549
199.99992,100.5175,100.672,0.1544
200.039919984,100.5175,100.6715,0.1539
200.079919968,100.5175,100.671,0.1534
200.11991995199998,100.5175,100.6705,0.1529
200.159919936,100.5175,100.67,0.1524
200.19991991999999,100.5175,100.6695,0.152
200.239919904,100.5175,100.6691,0.1515
200.279919888,100.5175,100.6686,0.151
200.31991987199999,100.5175,100.6681,0.1505
200.35991985599998,100.5175,100.6676,0.15
200.39991984,100.5175,100.6671,0.1495
200.43991982400001,100.5175,100.6666,0.149
200.479919808,100.5175,100.6661,0.1485
200.519919792,100.5175,100.6656,0.148
200.559919776,100.5175,100.6651,0.1475
200.59991976,100.5175,100.6646,0.1471
200.639919744,100.5175,100.6641,0.1466
200.67991972800002,100.5175,100.6637,0.1461
200.71991971199998,100.5175,100.6632,0.1456
200.759919696,100.5075,100.6627,0.1552
200.79991968,100.5075,100.6622,0.1546
200.839919664,100.5075,100.6617,0.1542
200.879919648,100.5075,100.6612,0.1537
200.91991963200002,100.5075,100.6607,0.1532
200.95991961599998,100.5075,100.6602,0.1527
200.9999196,100.5075,100.6597,0.1521
201.039919584,100.5075,100.6592,0.1517
201.079919568,100.5075,100.6587,0.1512
201.119919552,100.5075,100.6583,0.1507
201.159919536,100.5075,100.6577,0.1502
201.19991951999998,100.5075,100.6572,0.1497
201.239919504,100.5075,100.6567,0.1492
201.279919488,100.5075,100.6562,0.1487
201.319919472,100.5075,100.6557,0.1482
201.359919456,100.5075,100.6553,0.1478
201.39991944,100.5075,100.6548,0.1472
201.439919424,100.5075,100.6543,0.1467
201.479919408,100.5075,100.6538,0.1463
201.51991939200002,100.5075,100.6533,0.1458
201.55991937599998,100.4974,100.6529,0.1554
201.59991936,100.4974,100.6524,0.1549
201.639919344,100.4974,100.6519,0.1545
201.679919328,100.4974,100.6514,0.154
201.719919312,100.4974,100.6509,0.1534
201.759919296,100.4974,100.6504,0.153
201.79991927999998,100.4974,100.65,0.1525
201.839919264,100.4974,100.6495,0.152
201.879919248,100.4974,100.649,0.1516
201.919919232,100.4974,100.6485,0.151
201.95991921599997,100.4974,100.648,0.1506
201.9999192,100.4974,100.6475,0.1501
202.03991918399998,100.4974,100.647,0.1496
202.079919168,100.4974,100.6466,0.1491
202.119919152,100.4974,100.6461,0.1486
202.159919136,100.4974,100.6456,0.1481
202.19991911999998,100.4974,100.6452,0.1477
202.239919104,100.4974,100.6446,0.1472
202.27991908799999,100.4974,100.6442,0.1467
202.319919072,100.4974,100.6437,0.1462
202.359919056,100.4874,100.6432,0.1558
202.39991904,100.4874,100.6427,0.1553
202.439919024,100.4874,100.6422,0.1548
202.479919008,100.4874,100.6418,0.1544
202.51991899200002,100.4874,100.6413,0.1539
202.559918976,100.4874,100.6408,0.1534
202.59991896,100.4874,100.6403,0.1529
202.639918944,100.4874,100.6398,0.1524
202.679918928,100.4874,100.6393,0.1519
202.719918912,100.4874,100.6389,0.1514
202.75991889600002,100.4874,100.6384,0.1509
202.79991887999998,100.4874,100.6379,0.1505
202.839918864,100.4874,100.6374,0.15
202.879918848,100.4874,100.6369,0.1495
202.919918832,100.4874,100.6365,0.149
202.959918816,100.4874,100.6359,0.1485
202.9999188,100.4874,100.6354,0.148
203.03991878399998,100.4874,100.6349,0.1475
203.079918768,100.4874,100.6344,0.1469
203.119918752,100.4874,100.6339,0.1465
203.159918736,100.4773,100.6334,0.1561
203.19991871999997,100.4773,100.633,0.1556
203.239918704,100.4773,100.6326,0.1552
203.27991868799998,100.4773,100.6321,0.1547
203.319918672,100.4773,100.6316,0.1543
203.359918656,100.4773,100.6312,0.1538
203.39991864,100.4773,100.6307,0.1533
203.439918624,100.4773,100.6302,0.1529
203.479918608,100.4773,100.6298,0.1524
203.519918592,100.4773,100.6293,0.1519
203.559918576,100.4773,100.6288,0.1515
203.59991856000002,100.4773,100.6283,0.1509
203.63991854399998,100.4773,100.6278,0.1505
203.679918528,100.4773,100.6274,0.15
203.719918512,100.4773,100.6268,0.1495
203.759918496,100.4773,100.6264,0.149
203.79991848,100.4773,100.6259,0.1486
203.839918464,100.4773,100.6254,0.1481
203.87991844799998,100.4773,100.625,0.1476
203.919918432,100.4773,100.6245,0.1471
203.959918416,100.4673,100.6241,0.1567
203.9999184,100.4673,100.6236,0.1562
204.03991838399998,100.4673,100.6231,0.1557
204.079918368,100.4673,100.6226,0.1553
204.11991835199998,100.4673,100.6221,0.1548
204.159918336,100.4673,100.6216,0.1543
204.19991832,100.4673,100.6211,0.1538
204.23991830399999,100.4673,100.6206,0.1533
204.27991828799998,100.4673,100.6202,0.1528
204.319918272,100.4673,100.6197,0.1523
204.35991825600001,100.4673,100.6192,0.1519
204.39991824,100.4673,100.6188,0.1514
204.439918224,100.4673,100.6183,0.151
204.479918208,100.4673,100.6178,0.1505
204.519918192,100.4673,100.6174,0.15
204.559918176,100.4673,100.6168,0.1495
204.59991816000002,100.4673,100.6164,0.149
204.639918144,100.4673,100.6159,0.1485
204.679918128,100.4673,100.6153,0.148
204.719918112,100.4673,100.6148,0.1475
204.759918096,100.4572,100.6143,0.157
204.79991808,100.4572,100.6138,0.1565
204.83991806400002,100.4572,100.6133,0.156
204.87991804799998,100.4572,100.6128,0.1555
204.919918032,100.4572,100.6123,0.1551
204.959918016,100.4572,100.6118,0.1546
204.999918,100.4572,100.6113,0.154
205.039917984,100.4572,100.6108,0.1536
205.079917968,100.4572,100.6103,0.1531
205.11991795199998,100.4572,100.6098,0.1526
205.159917936,100.4572,100.6093,0.1521
205.19991792,100.4572,100.6088,0.1515
205.239917904,100.4572,100.6083,0.151
205.27991788799997,100.4572,100.6077,0.1505
205.319917872,100.4572,100.6072,0.15
205.359917856,100.4572,100.6067,0.1495
205.39991784,100.4572,100.6062,0.1489
205.43991782400002,100.4572,100.6057,0.1484
205.47991780799998,100.4572,100.6051,0.1479
205.519917792,100.4572,100.6046,0.1473
205.559917776,100.4472,100.6041,0.1568
205.59991776,100.4472,100.6035,0.1563
205.639917744,100.4472,100.603,0.1557
205.679917728,100.4472,100.6024,0.1552
205.71991771199998,100.4472,100.6019,0.1547
205.759917696,100.4472,100.6014,0.1542
205.79991768,100.4472,100.6009,0.1537
205.839917664,100.4472,100.6004,0.1532
205.879917648,100.4472,100.5999,0.1527
205.919917632,100.4472,100.5993,0.1521
205.95991761599998,100.4472,100.5989,0.1516
205.9999176,100.4472,100.5983,0.1511
206.039917584,100.4472,100.5978,0.1506
206.079917568,100.4472,100.5973,0.1501
206.11991755199998,100.4472,100.5968,0.1496
206.159917536,100.4472,100.5963,0.1491
206.19991751999999,100.4472,100.5958,0.1486
206.239917504,100.4472,100.5953,0.1481
206.279917488,100.4472,100.5949,0.1476
206.319917472,100.4472,100.5943,0.1471
206.359917456,100.4371,100.5939,0.1567
206.39991744,100.4371,100.5934,0.1562
206.43991742400001,100.4371,100.5928,0.1556
206.479917408,100.4371,100.5923,0.1551
206.519917392,100.4371,100.5918,0.1546
206.559917376,100.4371,100.5912,0.154
206.59991736,100.4371,100.5907,0.1535
206.639917344,100.4371,100.5902,0.153
206.67991732800002,100.4371,100.5896,0.1525
206.71991731199998,100.4371,100.5891,0.152
206.759917296,100.4371,100.5886,0.1514
206.79991728,100.4371,100.5881,0.1509
206.839917264,100.4371,100.5876,0.1504
206.879917248,100.4371,100.5871,0.1499
206.919917232,100.4371,100.5866,0.1494
206.95991721599998,100.4371,100.5861,0.1489
206.9999172,100.4371,100.5855,0.1484
207.039917184,100.4371,100.5851,0.1479
207.079917168,100.4371,100.5845,0.1473
207.119917152,100.4371,100.584,0.1468
207.159917136,100.4271,100.5835,0.1564
207.19991711999998,100.4271,100.583,0.1558
207.239917104,100.4271,100.5825,0.1554
207.279917088,100.4271,100.582,0.1549
207.319917072,100.4271,100.5816,0.1544
207.359917056,100.4271,100.5811,0.1539
207.39991704,100.4271,100.5806,0.1534
207.439917024,100.4271,100.5801,0.153
207.479917008,100.4271,100.5796,0.1524
207.51991699200002,100.4271,100.5791,0.152
207.55991697599998,100.4271,100.5786,0.1515
207.59991696,100.4271,100.5781,0.151
207.639916944,100.4271,100.5776,0.1505
207.679916928,100.4271,100.5771,0.15
207.719916912,100.4271,100.5766,0.1495
207.759916896,100.4271,100.5762,0.1491
207.79991687999998,100.4271,100.5756,0.1485
207.839916864,100.4271,100.5752,0.148
207.879916848,100.4271,100.5747,0.1476
207.919916832,100.4271,100.5742,0.1471
207.95991681599997,100.417,100.5737,0.1567
207.9999168,100.417,100.5732,0.1561
208.03991678399998,100.417,100.5727,0.1556
208.079916768,100.417,100.5723,0.1552
208.119916752,100.417,100.5717,0.1546
208.15991673599999,100.417,100.5712,0.1541
208.19991671999998,100.417,100.5707,0.1536
208.239916704,100.417,100.5702,0.1531
208.279916688,100.417,100.5697,0.1526
208.319916672,100.417,100.5692,0.1521
208.35991665600002,100.417,100.5686,0.1516
208.39991664,100.417,100.5682,0.1511
208.439916624,100.417,100.5677,0.1506
208.479916608,100.417,100.5672,0.1501
208.51991659200002,100.417,100.5667,0.1496
208.559916576,100.417,100.5662,0.1491
208.59991656,100.417,100.5657,0.1486
208.639916544,100.417,100.5652,0.1481
208.679916528,100.417,100.5647,0.1476
208.719916512,100.417,100.5643,0.1472
208.75991649600002,100.407,100.5637,0.1567
208.79991647999998,100.407,100.5633,0.1563
208.839916464,100.407,100.5628,0.1557
208.879916448,100.407,100.5623,0.1553
208.919916432,100.407,100.5618,0.1548
208.959916416,100.407,100.5613,0.1542
208.9999164,100.407,100.5608,0.1538
209.03991638399998,100.407,100.5603,0.1533
209.079916368,100.407,100.5598,0.1528
209.119916352,100.407,100.5593,0.1523
209.159916336,100.407,100.5588,0.1518
209.19991631999997,100.407,100.5583,0.1512
209.239916304,100.407,100.5578,0.1508
209.27991628799998,100.407,100.5572,0.1502
209.319916272,100.407,100.5567,0.1497
209.35991625600002,100.407,100.5562,0.1492
209.39991623999998,100.407,100.5557,0.1487
209.439916224,100.407,100.5553,0.1483
209.479916208,100.407,100.5547,0.1477
209.519916192,100.407,100.5543,0.1472
209.559916176,100.3969,100.5538,0.1568
209.59991616000002,100.3969,100.5532,0.1562
209.63991614399998,100.3969,100.5527,0.1558
209.679916128,100.3969,100.5522,0.1553
209.719916112,100.3969,100.5517,0.1548
209.759916096,100.3969,100.5512,0.1543
209.79991608,100.3969,100.5507,0.1537
209.839916064,100.3969,100.5502,0.1532
209.87991604799998,100.3969,100.5497,0.1527
209.919916032,100.3969,100.5492,0.1522
209.959916016,100.3969,100.5487,0.1518
209.999916,100.3969,100.5482,0.1512
210.03991598399998,100.3969,100.5477,0.1507
210.079915968,100.3969,100.5472,0.1503
210.11991595199999,100.3969,100.5467,0.1497
210.159915936,100.3969,100.5462,0.1492
210.19991592,100.3969,100.5457,0.1487
210.239915904,100.3969,100.5452,0.1482
210.279915888,100.3969,100.5447,0.1477
210.319915872,100.3969,100.5441,0.1472
210.35991585600001,100.3869,100.5437,0.1567
210.39991584,100.3869,100.5432,0.1562
210.439915824,100.3869,100.5426,0.1557
210.479915808,100.3869,100.5422,0.1552
210.519915792,100.3869,100.5416,0.1547
210.559915776,100.3869,100.5411,0.1542
210.59991576000002,100.3869,100.5406,0.1537
210.63991574399998,100.3869,100.5401,0.1532
210.679915728,100.3869,100.5396,0.1527
210.719915712,100.3869,100.5391,0.1522
210.759915696,100.3869,100.5386,0.1516
210.79991568,100.3869,100.5381,0.1512
210.83991566400002,100.3869,100.5376,0.1506
210.87991564799998,100.3869,100.5371,0.1501
210.919915632,100.3869,100.5366,0.1496
210.959915616,100.3869,100.5361,0.1491
210.9999156,100.3869,100.5356,0.1486
211.039915584,100.3869,100.5351,0.1481
211.079915568,100.3869,100.5346,0.1476
211.11991555199998,100.3869,100.5341,0.1472
211.159915536,100.3768,100.5336,0.1567
211.19991552,100.3768,100.5331,0.1562
211.239915504,100.3768,100.5326,0.1557
211.279915488,100.3768,100.532,0.1551
211.319915472,100.3768,100.5315,0.1547
211.359915456,100.3768,100.531,0.1541
211.39991544,100.3768,100.5305,0.1536
211.43991542400002,100.3768,100.53,0.1532
211.47991540799998,100.3768,100.5295,0.1526
211.519915392,100.3768,100.529,0.1522
211.559915376,100.3768,100.5285,0.1517
211.59991536,100.3768,100.528,0.1511
211.639915344,100.3768,100.5276,0.1507
211.679915328,100.3768,100.5271,0.1502
211.71991531199998,100.3768,100.5266,0.1497
211.759915296,100.3768,100.5261,0.1492
211.79991528,100.3768,100.5256,0.1487
211.839915264,100.3768,100.5251,0.1483
211.87991524799997,100.3768,100.5246,0.1478
211.919915232,100.3768,100.5241,0.1473
211.95991521599998,100.3668,100.5237,0.1568
211.9999152,100.3668,100.5231,0.1563
212.039915184,100.3668,100.5227,0.1558
212.079915168,100.3668,100.5221,0.1553
212.11991515199998,100.3668,100.5216,0.1548
212.159915136,100.3668,100.5212,0.1543
212.19991512,100.3668,100.5206,0.1538
212.239915104,100.3668,100.5201,0.1533
212.279915088,100.3668,100.5196,0.1528
212.319915072,100.3668,100.5191,0.1522
212.359915056,100.3668,100.5186,0.1518
212.39991504,100.3668,100.5181,0.1513
212.43991502400002,100.3668,100.5176,0.1508
212.479915008,100.3668,100.5171,0.1503
212.519914992,100.3668,100.5166,0.1498
212.559914976,100.3668,100.5161,0.1493
212.59991496,100.3668,100.5156,0.1488
212.639914944,100.3668,100.5151,0.1482
212.67991492800002,100.3668,100.5146,0.1478
212.71991491199998,100.3668,100.514,0.1472
212.759914896,100.3567,100.5135,0.1567
212.79991488,100.3567,100.513,0.1562
212.839914864,100.3567,100.5124,0.1557
212.879914848,100.3567,100.5119,0.1551
212.919914832,100.3567,100.5114,0.1546
212.95991481599998,100.3567,100.5108,0.154
212.9999148,100.3567,100.5103,0.1535
213.039914784,100.3567,100.5098,0.153
213.079914768,100.3567,100.5092,0.1525
213.11991475199997,100.3567,100.5087,0.1519
213.159914736,100.3567,100.5082,0.1514
213.19991471999998,100.3567,100.5076,0.1508
213.239914704,100.3567,100.5071,0.1503
213.27991468800002,100.3567,100.5065,0.1498
213.319914672,100.3567,100.5061,0.1493
213.359914656,100.3567,100.5055,0.1488
213.39991464,100.3567,100.5049,0.1482
213.439914624,100.3567,100.5044,0.1476
213.479914608,100.3567,100.5038,0.1471
213.51991459200002,100.3567,100.5033,0.1466
213.55991457599998,100.3467,100.5028,0.1561
213.59991456,100.3467,100.5023,0.1556
213.639914544,100.3467,100.5018,0.155
213.679914528,100.3467,100.5012,0.1545
213.719914512,100.3467,100.5007,0.154
213.759914496,100.3467,100.5002,0.1535
213.79991447999998,100.3467,100.4997,0.153
213.839914464,100.3467,100.4992,0.1524
213.879914448,100.3467,100.4986,0.1519
213.919914432,100.3467,100.4981,0.1514
213.95991441599998,100.3467,100.4976,0.1509
213.9999144,100.3467,100.4971,0.1504
214.03991438399999,100.3467,100.4965,0.1498
214.079914368,100.3467,100.496,0.1493
214.119914352,100.3467,100.4954,0.1487
214.15991433599999,100.3467,100.4949,0.1481
214.19991431999998,100.3467,100.4943,0.1476
214.239914304,100.3467,100.4937,0.147
214.27991428800001,100.3467,100.4932,0.1465
214.319914272,100.3467,100.4926,0.1459
214.359914256,100.3366,100.4921,0.1554
214.39991424,100.3366,100.4916,0.1549
214.439914224,100.3366,100.491,0.1544
214.479914208,100.3366,100.4906,0.1539
214.51991419200002,100.3366,100.4901,0.1534
214.559914176,100.3366,100.4895,0.1529
214.59991416,100.3366,100.489,0.1523
214.639914144,100.3366,100.4884,0.1517
214.679914128,100.3366,100.4879,0.1512
214.719914112,100.3366,100.4874,0.1507
214.75991409600002,100.3366,100.4869,0.1502
214.79991407999998,100.3366,100.4864,0.1498
214.839914064,100.3366,100.4859,0.1492
214.879914048,100.3366,100.4853,0.1487
214.919914032,100.3366,100.4849,0.1482
214.959914016,100.3366,100.4843,0.1476
214.999914,100.3366,100.4838,0.1471
215.03991398399998,100.3366,100.4832,0.1465
215.079913968,100.3366,100.4827,0.146
215.119913952,100.3366,100.4821,0.1455
215.159913936,100.3266,100.4816,0.155
215.19991391999997,100.3266,100.4811,0.1545
215.239913904,100.3266,100.4806,0.154
215.279913888,100.3266,100.48,0.1534
215.319913872,100.3266,100.4795,0.1529
215.35991385600002,100.3266,100.479,0.1524
215.39991383999998,100.3266,100.4785,0.1519
215.439913824,100.3266,100.478,0.1514
215.479913808,100.3266,100.4774,0.1508
215.519913792,100.3266,100.477,0.1503
215.559913776,100.3266,100.4765,0.1498
215.59991376,100.3266,100.4759,0.1493
215.63991374399998,100.3266,100.4754,0.1488
215.679913728,100.3266,100.4749,0.1483
215.719913712,100.3266,100.4744,0.1477
215.759913696,100.3266,100.4738,0.1472
215.79991368,100.3266,100.4733,0.1467
215.839913664,100.3266,100.4728,0.1462
215.87991364799998,100.3266,100.4723,0.1456
215.919913632,100.3266,100.4717,0.1451
215.959913616,100.3165,100.4712,0.1547
215.9999136,100.3165,100.4707,0.1541
216.03991358399998,100.3165,100.4702,0.1536
216.079913568,100.3165,100.4697,0.1531
216.11991355199999,100.3165,100.4692,0.1526
216.159913536,100.3165,100.4687,0.1521
216.19991352,100.3165,100.4682,0.1516
216.239913504,100.3165,100.4676,0.1511
216.279913488,100.3165,100.4672,0.1506
216.319913472,100.3165,100.4666,0.1501
216.35991345600002,100.3165,100.4661,0.1496
216.39991344,100.3165,100.4656,0.1491
216.439913424,100.3165,100.4651,0.1485
216.479913408,100.3165,100.4646,0.1481
216.519913392,100.3165,100.4641,0.1475
216.559913376,100.3165,100.4636,0.147
216.59991336000002,100.3165,100.4632,0.1466
216.63991334399998,100.3165,100.4627,0.1461
216.679913328,100.3165,100.4622,0.1456
216.719913312,100.3165,100.4617,0.1452
216.759913296,100.3065,100.4612,0.1547
216.79991328,100.3065,100.4608,0.1542
216.839913264,100.3065,100.4602,0.1537
216.87991324799998,100.3065,100.4598,0.1532
216.919913232,100.3065,100.4592,0.1527
216.959913216,100.3065,100.4587,0.1521
216.9999132,100.3065,100.4582,0.1517
217.039913184,100.3065,100.4577,0.1511
217.079913168,100.3065,100.4571,0.1506
217.11991315199998,100.3065,100.4566,0.1501
217.159913136,100.3065,100.4561,0.1496
217.19991312,100.3065,100.4556,0.1491
217.239913104,100.3065,100.4552,0.1486
217.279913088,100.3065,100.4546,0.1481
217.319913072,100.3065,100.4542,0.1477
217.359913056,100.3065,100.4537,0.1472
217.39991304,100.3065,100.4532,0.1466
217.43991302400002,100.3065,100.4527,0.1462
217.47991300799998,100.3065,100.4521,0.1456
217.519912992,100.3065,100.4516,0.1451
217.559912976,100.2964,100.4511,0.1546
217.59991296,100.2964,100.4506,0.1541
217.639912944,100.2964,100.4501,0.1536
217.679912928,100.2964,100.4495,0.1531
217.71991291199998,100.2964,100.449,0.1526
217.759912896,100.2964,100.4486,0.1521
217.79991288,100.2964,100.448,0.1516
217.839912864,100.2964,100.4476,0.1511
217.87991284799998,100.2964,100.447,0.1506
217.919912832,100.2964,100.4465,0.15
217.95991281599999,100.2964,100.4459,0.1494
217.9999128,100.2964,100.4454,0.1489
218.039912784,100.2964,100.4449,0.1484
218.07991276799999,100.2964,100.4443,0.1479
218.11991275199998,100.2964,100.4438,0.1473
218.159912736,100.2964,100.4433,0.1469
218.19991272,100.2964,100.4428,0.1464
218.239912704,100.2964,100.4423,0.1458
218.27991268800002,100.2964,100.4418,0.1453
218.319912672,100.2964,100.4413,0.1448
218.359912656,100.2864,100.4408,0.1543
218.39991264,100.2864,100.4402,0.1538
218.43991262400002,100.2864,100.4397,0.1533
218.479912608,100.2864,100.4393,0.1528
218.519912592,100.2864,100.4388,0.1523
218.559912576,100.2864,100.4382,0.1518
218.59991256,100.2864,100.4377,0.1513
218.639912544,100.2864,100.4372,0.1508
218.67991252800002,100.2864,100.4367,0.1503
218.71991251199998,100.2864,100.4362,0.1498
218.759912496,100.2864,100.4357,0.1492
218.79991248,100.2864,100.4351,0.1487
218.839912464,100.2864,100.4346,0.1482
218.879912448,100.2864,100.4341,0.1477
218.919912432,100.2864,100.4336,0.1472
218.95991241599998,100.2864,100.4332,0.1467
218.9999124,100.2864,100.4326,0.1462
219.039912384,100.2864,100.4321,0.1457
219.079912368,100.2864,100.4316,0.1451
219.11991235199997,100.2864,100.4311,0.1447
219.159912336,100.2763,100.4306,0.1542
219.19991231999998,100.2763,100.4301,0.1537
219.239912304,100.2763,100.4296,0.1532
219.27991228800002,100.2763,100.429,0.1527
219.31991227199998,100.2763,100.4285,0.1522
219.359912256,100.2763,100.4281,0.1517
219.39991224,100.2763,100.4276,0.1512
219.439912224,100.2763,100.4271,0.1507
219.479912208,100.2763,100.4266,0.1502
219.51991219200002,100.2763,100.4261,0.1497
219.55991217599998,100.2763,100.4256,0.1492
219.59991216,100.2763,100.4251,0.1487
219.639912144,100.2763,100.4246,0.1482
219.679912128,100.2763,100.4241,0.1477
219.719912112,100.2763,100.4235,0.1472
219.759912096,100.2763,100.423,0.1467
219.79991207999998,100.2763,100.4225,0.1461
219.839912064,100.2763,100.422,0.1456
219.879912048,100.2763,100.4214,0.1451
219.919912032,100.2763,100.4209,0.1445
219.95991201599998,100.2663,100.4203,0.154
219.999912,100.2663,100.4198,0.1535
220.03991198399999,100.2663,100.4192,0.1529
220.079911968,100.2663,100.4187,0.1524
220.119911952,100.2663,100.4182,0.1519
220.159911936,100.2663,100.4177,0.1513
220.19991191999998,100.2663,100.4171,0.1508
220.239911904,100.2663,100.4166,0.1503
220.27991188800002,100.2663,100.4161,0.1498
220.319911872,100.2663,100.4156,0.1493
220.359911856,100.2663,100.4151,0.1488
220.39991184,100.2663,100.4146,0.1483
220.439911824,100.2663,100.414,0.1477
220.479911808,100.2663,100.4135,0.1472
220.51991179200002,100.2663,100.413,0.1467
220.55991177599998,100.2663,100.4125,0.1462
220.59991176,100.2663,100.412,0.1457
220.639911744,100.2663,100.4115,0.1452
220.679911728,100.2663,100.411,0.1446
220.719911712,100.2663,100.4105,0.1442
220.75991169600002,100.2562,100.41,0.1537
220.79991167999998,100.2562,100.4095,0.1532
220.839911664,100.2562,100.409,0.1527
220.879911648,100.2562,100.4084,0.1521
220.919911632,100.2562,100.4079,0.1516
220.959911616,100.2562,100.4074,0.1511
220.9999116,100.2562,100.4069,0.1506
221.03991158399998,100.2562,100.4063,0.1501
221.079911568,100.2562,100.4058,0.1496
221.119911552,100.2562,100.4054,0.1491
221.159911536,100.2562,100.4048,0.1486
221.19991152,100.2562,100.4043,0.1481
221.239911504,100.2562,100.4039,0.1476
221.279911488,100.2562,100.4033,0.1471
221.319911472,100.2562,100.4028,0.1465
221.35991145600002,100.2562,100.4023,0.1461
221.39991143999998,100.2562,100.4018,0.1455
221.439911424,100.2562,100.4014,0.1451
221.479911408,100.2562,100.4008,0.1446
221.519911392,100.2562,100.4003,0.1441
221.559911376,100.2462,100.3998,0.1536
221.59991136,100.2462,100.3992,0.153
221.63991134399998,100.2462,100.3988,0.1526
221.679911328,100.2462,100.3982,0.152
221.719911312,100.2462,100.3976,0.1514
221.759911296,100.2462,100.3972,0.1509
221.79991127999998,100.2462,100.3966,0.1504
221.839911264,100.2462,100.3961,0.1499
221.87991124799998,100.2462,100.3956,0.1494
221.919911232,100.2462,100.3951,0.1489
221.959911216,100.2462,100.3946,0.1484
221.9999112,100.2462,100.3941,0.1479
222.03991118399998,100.2462,100.3936,0.1473
222.079911168,100.2462,100.3931,0.1468
222.119911152,100.2462,100.3925,0.1463
222.159911136,100.2462,100.392,0.1458
222.19991112,100.2462,100.3915,0.1453
222.239911104,100.2462,100.391,0.1448
222.279911088,100.2462,100.3905,0.1443
222.319911072,100.2462,100.39,0.1438
222.35991105600002,100.2361,100.3895,0.1533
222.39991104,100.2361,100.389,0.1528
222.439911024,100.2361,100.3885,0.1523
222.479911008,100.2361,100.388,0.1519
222.519910992,100.2361,100.3875,0.1513
222.559910976,100.2361,100.387,0.1508
222.59991096000002,100.2361,100.3865,0.1503
222.63991094399998,100.2361,100.3859,0.1498
222.679910928,100.2361,100.3854,0.1493
222.719910912,100.2361,100.385,0.1488
222.759910896,100.2361,100.3844,0.1483
222.79991088,100.2361,100.3839,0.1478
222.839910864,100.2361,100.3834,0.1473
222.87991084799998,100.2361,100.3829,0.1468
222.919910832,100.2361,100.3825,0.1463
222.959910816,100.2361,100.382,0.1458
222.9999108,100.2361,100.3815,0.1454
223.03991078399997,100.2361,100.3811,0.1449
223.079910768,100.2361,100.3806,0.1444
223.11991075199998,100.2361,100.3801,0.1439
223.159910736,100.2261,100.3796,0.1535
223.19991072,100.2261,100.3792,0.1531
223.23991070399998,100.2261,100.3787,0.1526
223.279910688,100.2261,100.3782,0.1521
223.319910672,100.2261,100.3778,0.1517
223.359910656,100.2261,100.3773,0.1512
223.39991064,100.2261,100.3768,0.1506
223.43991062400002,100.2261,100.3763,0.1502
223.47991060799998,100.2261,100.3758,0.1497
223.519910592,100.2261,100.3753,0.1492
223.559910576,100.2261,100.3748,0.1487
223.59991056,100.2261,100.3743,0.1482
223.639910544,100.2261,100.3739,0.1478
223.679910528,100.2261,100.3734,0.1473
223.71991051199998,100.2261,100.3728,0.1467
223.759910496,100.2261,100.3723,0.1462
223.79991048,100.2261,100.3718,0.1456
223.839910464,100.2261,100.3713,0.1452
223.87991044799998,100.2261,100.3708,0.1447
223.919910432,100.2261,100.3704,0.1442
223.95991041599999,100.216,100.3698,0.1538
223.9999104,100.216,100.3693,0.1533
224.039910384,100.216,100.3689,0.1528
224.079910368,100.216,100.3684,0.1523
224.11991035199998,100.216,100.3678,0.1518
224.159910336,100.216,100.3674,0.1513
224.19991032000001,100.216,100.3668,0.1508
224.239910304,100.216,100.3663,0.1503
224.279910288,100.216,100.3658,0.1498
224.319910272,100.216,100.3653,0.1492
224.359910256,100.216,100.3648,0.1488
224.39991024,100.216,100.3643,0.1482
224.43991022400002,100.216,100.3638,0.1477
224.47991020799998,100.216,100.3633,0.1472
224.519910192,100.216,100.3627,0.1467
224.559910176,100.216,100.3622,0.1462
224.59991016,100.216,100.3617,0.1456
224.639910144,100.216,100.3612,0.1451
224.67991012800002,100.216,100.3607,0.1446
224.71991011199998,100.216,100.3602,0.1441
224.759910096,100.206,100.3597,0.1537
224.79991008,100.206,100.3592,0.1532
224.839910064,100.206,100.3587,0.1527
224.879910048,100.206,100.3582,0.1522
224.919910032,100.206,100.3577,0.1517
224.95991001599998,100.206,100.3573,0.1512
224.99991,100.206,100.3568,0.1508
225.039909984,100.206,100.3563,0.1502
225.079909968,100.206,100.3558,0.1498
225.11990995199997,100.206,100.3553,0.1493
225.159909936,100.206,100.3548,0.1487
225.19990992,100.206,100.3543,0.1482
225.239909904,100.206,100.3538,0.1478
225.27990988800002,100.206,100.3532,0.1472
225.31990987199998,100.206,100.3527,0.1467
225.359909856,100.206,100.3522,0.1462
225.39990984,100.206,100.3518,0.1457
225.439909824,100.206,100.3512,0.1452
225.479909808,100.206,100.3507,0.1446
225.519909792,100.206,100.3502,0.1442
225.55990977599998,100.1959,100.3496,0.1537
225.59990976,100.1959,100.3491,0.1532
225.639909744,100.1959,100.3486,0.1526
225.679909728,100.1959,100.3481,0.1521
225.71990971199997,100.1959,100.3476,0.1517
225.759909696,100.1959,100.3471,0.1511
225.79990967999998,100.1959,100.3466,0.1506
225.839909664,100.1959,100.3461,0.1501
225.879909648,100.1959,100.3455,0.1496
225.919909632,100.1959,100.345,0.1491
225.95990961599998,100.1959,100.3445,0.1485
225.9999096,100.1959,100.344,0.148
226.039909584,100.1959,100.3435,0.1475
226.079909568,100.1959,100.343,0.147
226.119909552,100.1959,100.3425,0.1465
226.159909536,100.1959,100.3419,0.146
226.19990952,100.1959,100.3414,0.1454
226.239909504,100.1959,100.3409,0.1449
226.27990948800002,100.1959,100.3403,0.1444
226.319909472,100.1959,100.3398,0.1438
226.359909456,100.1859,100.3393,0.1534
226.39990944,100.1859,100.3387,0.1528
226.439909424,100.1859,100.3382,0.1523
226.479909408,100.1859,100.3377,0.1517
226.51990939200002,100.1859,100.3371,0.1512
226.55990937599998,100.1859,100.3366,0.1507
226.59990936,100.1859,100.336,0.1501
226.639909344,100.1859,100.3355,0.1496
226.679909328,100.1859,100.3349,0.149
226.719909312,100.1859,100.3344,0.1485
226.759909296,100.1859,100.3338,0.1479
226.79990927999998,100.1859,100.3332,0.1473
226.839909264,100.1859,100.3327,0.1468
226.879909248,100.1859,100.3322,0.1463
226.919909232,100.1859,100.3317,0.1458
226.95990921599997,100.1859,100.3312,0.1453
226.9999092,100.1859,100.3307,0.1447
227.03990918399998,100.1859,100.3301,0.1442
227.079909168,100.1859,100.3296,0.1437
227.119909152,100.1859,100.329,0.1431
227.159909136,100.1758,100.3284,0.1526
227.19990912,100.1758,100.3279,0.152
227.239909104,100.1758,100.3273,0.1514
227.279909088,100.1758,100.3268,0.1509
227.319909072,100.1758,100.3263,0.1504
227.35990905600002,100.1758,100.3258,0.1499
227.39990903999998,100.1758,100.3252,0.1494
227.439909024,100.1758,100.3247,0.1488
227.479909008,100.1758,100.3242,0.1484
227.519908992,100.1758,100.3237,0.1479
227.559908976,100.1758,100.3232,0.1473
227.59990896,100.1758,100.3227,0.1468
227.63990894399998,100.1758,100.3222,0.1463
227.679908928,100.1758,100.3217,0.1458
227.719908912,100.1758,100.3212,0.1453
227.759908896,100.1758,100.3206,0.1447
227.79990887999998,100.1758,100.3201,0.1443
227.839908864,100.1758,100.3196,0.1437
227.87990884799999,100.1758,100.319,0.1431
227.919908832,100.1758,100.3185,0.1427
227.959908816,100.1658,100.318,0.1522
227.9999088,100.1658,100.3175,0.1517
228.03990878399998,100.1658,100.317,0.1511
228.079908768,100.1658,100.3164,0.1506
228.119908752,100.1658,100.3159,0.1501
228.159908736,100.1658,100.3154,0.1496
228.19990872,100.1658,100.3148,0.149
228.239908704,100.1658,100.3143,0.1485
228.279908688,100.1658,100.3138,0.148
228.319908672,100.1658,100.3133,0.1474
228.35990865600002,100.1658,100.3127,0.1469
228.39990864,100.1658,100.3122,0.1464
228.439908624,100.1658,100.3117,0.1459
228.479908608,100.1658,100.3112,0.1454
228.519908592,100.1658,100.3106,0.1448
228.559908576,100.1658,100.3101,0.1443
228.59990856000002,100.1658,100.3095,0.1437
228.63990854399998,100.1658,100.3091,0.1433
228.679908528,100.1658,100.3086,0.1428
228.719908512,100.1658,100.3081,0.1423
228.759908496,100.1557,100.3076,0.1518
228.79990848,100.1557,100.307,0.1513
228.839908464,100.1557,100.3065,0.1508
228.87990844799998,100.1557,100.306,0.1502
228.919908432,100.1557,100.3055,0.1497
228.959908416,100.1557,100.305,0.1493
228.9999084,100.1557,100.3045,0.1487
229.03990838399997,100.1557,100.304,0.1482
229.079908368,100.1557,100.3035,0.1477
229.11990835199998,100.1557,100.303,0.1472
229.159908336,100.1557,100.3025,0.1467
229.19990832000002,100.1557,100.302,0.1462
229.23990830399998,100.1557,100.3015,0.1457
229.279908288,100.1557,100.301,0.1452
229.319908272,100.1557,100.3004,0.1446
229.359908256,100.1557,100.2999,0.1441
229.39990824,100.1557,100.2994,0.1436
229.439908224,100.1557,100.2989,0.1431
229.47990820799998,100.1557,100.2983,0.1426
229.519908192,100.1557,100.2978,0.1421
229.559908176,100.1457,100.2974,0.1517
229.59990816,100.1457,100.2969,0.1512
229.639908144,100.1457,100.2964,0.1507
229.679908128,100.1457,100.296,0.1502
229.71990811199998,100.1457,100.2955,0.1498
229.759908096,100.1457,100.295,0.1492
229.79990808,100.1457,100.2945,0.1488
229.839908064,100.1457,100.294,0.1483
229.87990804799998,100.1457,100.2935,0.1478
229.919908032,100.1457,100.2931,0.1473
229.95990801599999,100.1457,100.2925,0.1468
229.999908,100.1457,100.2921,0.1464
230.039907984,100.1457,100.2916,0.1458
230.079907968,100.1457,100.2911,0.1454
230.119907952,100.1457,100.2906,0.1448
230.159907936,100.1457,100.29,0.1443
230.19990792000002,100.1457,100.2896,0.1439
230.239907904,100.1457,100.2891,0.1434
230.279907888,100.1457,100.2886,0.1429
230.319907872,100.1457,100.2882,0.1425
230.359907856,100.1356,100.2877,0.152
230.39990784,100.1356,100.2872,0.1516
230.43990782400002,100.1356,100.2868,0.1511
230.47990780799998,100.1356,100.2863,0.1506
230.519907792,100.1356,100.2858,0.1501
230.559907776,100.1356,100.2853,0.1497
230.59990776,100.1356,100.2849,0.1492
230.639907744,100.1356,100.2845,0.1488
230.679907728,100.1356,100.284,0.1483
230.71990771199998,100.1356,100.2835,0.1479
230.759907696,100.1356,100.283,0.1474
230.79990768,100.1356,100.2825,0.1469
230.839907664,100.1356,100.2821,0.1464
230.879907648,100.1356,100.2815,0.1459
230.919907632,100.1356,100.2811,0.1454
230.95990761599998,100.1356,100.2806,0.145
230.9999076,100.1356,100.2801,0.1445
231.039907584,100.1356,100.2797,0.1441
231.079907568,100.1356,100.2793,0.1436
231.119907552,100.1356,100.2788,0.1431
231.159907536,100.1256,100.2783,0.1527
231.19990752,100.1256,100.2778,0.1522
231.239907504,100.1256,100.2774,0.1517
231.27990748800002,100.1256,100.2769,0.1513
231.31990747199998,100.1256,100.2764,0.1508
231.359907456,100.1256,100.276,0.1503
231.39990744,100.1256,100.2755,0.1499
231.439907424,100.1256,100.275,0.1494
231.479907408,100.1256,100.2745,0.1489
231.519907392,100.1256,100.274,0.1484
231.55990737599998,100.1256,100.2735,0.1479
231.59990736,100.1256,100.273,0.1474
231.639907344,100.1256,100.2726,0.1469
231.679907328,100.1256,100.2721,0.1465
231.71990731199998,100.1256,100.2716,0.1459
231.759907296,100.1256,100.2711,0.1455
231.79990727999999,100.1256,100.2707,0.145
231.839907264,100.1256,100.2701,0.1445
231.879907248,100.1256,100.2697,0.144
231.91990723199999,100.1256,100.2691,0.1435
231.95990721599998,100.1155,100.2686,0.1531
231.9999072,100.1155,100.2682,0.1526
232.039907184,100.1155,100.2676,0.1521
232.079907168,100.1155,100.2671,0.1516
232.119907152,100.1155,100.2666,0.1511
232.159907136,100.1155,100.2661,0.1506
232.19990712,100.1155,100.2657,0.1501
232.239907104,100.1155,100.2652,0.1496
232.27990708800002,100.1155,100.2647,0.1492
232.319907072,100.1155,100.2643,0.1487
232.359907056,100.1155,100.2637,0.1482
232.39990704,100.1155,100.2633,0.1477
232.439907024,100.1155,100.2627,0.1472
232.479907008,100.1155,100.2622,0.1467
232.51990699200002,100.1155,100.2618,0.1462
232.55990697599998,100.1155,100.2613,0.1457
232.59990696,100.1155,100.2608,0.1453
232.639906944,100.1155,100.2603,0.1447
232.679906928,100.1155,100.2598,0.1442
232.719906912,100.1155,100.2593,0.1438
232.759906896,100.1055,100.2588,0.1533
232.79990687999998,100.1055,100.2583,0.1528
232.839906864,100.1055,100.2578,0.1523
232.879906848,100.1055,100.2572,0.1517
232.919906832,100.1055,100.2567,0.1511
232.95990681599997,100.1055,100.2562,0.1507
232.9999068,100.1055,100.2556,0.1501
233.03990678399998,100.1055,100.2551,0.1496
233.079906768,100.1055,100.2546,0.1491
233.11990675200002,100.1055,100.2541,0.1486
233.15990673599998,100.1055,100.2536,0.1481
233.19990672,100.1055,100.2531,0.1476
233.239906704,100.1055,100.2526,0.1471
233.279906688,100.1055,100.2521,0.1466
233.319906672,100.1055,100.2516,0.1461
233.35990665600002,100.1055,100.2511,0.1456
233.39990663999998,100.1055,100.2506,0.1451
233.439906624,100.1055,100.2501,0.1445
233.479906608,100.1055,100.2496,0.1441
233.519906592,100.1055,100.2491,0.1436
233.559906576,100.0954,100.2486,0.1531
233.59990656,100.0954,100.2481,0.1526
233.63990654399998,100.0954,100.2476,0.1521
233.679906528,100.0954,100.2471,0.1517
233.719906512,100.0954,100.2466,0.1511
233.759906496,100.0954,100.2461,0.1506
233.79990647999998,100.0954,100.2455,0.1501
233.839906464,100.0954,100.245,0.1496
233.87990644799999,100.0954,100.2445,0.1491
233.919906432,100.0954,100.244,0.1485
233.959906416,100.0954,100.2436,0.1481
233.9999064,100.0954,100.2431,0.1476
234.03990638399998,100.0954,100.2425,0.1471
234.079906368,100.0954,100.2421,0.1466
234.11990635200002,100.0954,100.2415,0.1461
234.159906336,100.0954,100.241,0.1455
234.19990632,100.0954,100.2406,0.1451
234.239906304,100.0954,100.2401,0.1446
234.279906288,100.0954,100.2396,0.1441
234.319906272,100.0954,100.239,0.1436
234.35990625600002,100.0854,100.2385,0.1531
234.39990623999998,100.0854,100.238,0.1526
234.439906224,100.0854,100.2375,0.1521
234.479906208,100.0854,100.237,0.1516
234.519906192,100.0854,100.2365,0.1511
234.559906176,100.0854,100.236,0.1506
234.59990616000002,100.0854,100.2355,0.1501
234.63990614399998,100.0854,100.235,0.1495
234.679906128,100.0854,100.2345,0.1491
234.719906112,100.0854,100.234,0.1486
234.759906096,100.0854,100.2335,0.1481
234.79990608,100.0854,100.2331,0.1477
234.839906064,100.0854,100.2326,0.1472
234.87990604799998,100.0854,100.2321,0.1467
234.919906032,100.0854,100.2316,0.1462
234.959906016,100.0854,100.2312,0.1457
234.999906,100.0854,100.2306,0.1452
235.03990598399997,100.0854,100.2302,0.1448
235.079905968,100.0854,100.2296,0.1442
235.119905952,100.0854,100.2292,0.1437
235.159905936,100.0753,100.2287,0.1533
235.19990592000002,100.0753,100.2282,0.1528
235.23990590399998,100.0753,100.2277,0.1524
235.279905888,100.0753,100.2272,0.1519
235.319905872,100.0753,100.2267,0.1514
235.359905856,100.0753,100.2262,0.1509
235.39990584,100.0753,100.2257,0.1503
235.439905824,100.0753,100.2252,0.1498
235.47990580799998,100.0753,100.2246,0.1493
235.519905792,100.0753,100.2241,0.1488
235.559905776,100.0753,100.2236,0.1483
235.59990576,100.0753,100.2231,0.1478
235.63990574399998,100.0753,100.2226,0.1473
235.679905728,100.0753,100.2222,0.1468
235.71990571199998,100.0753,100.2216,0.1463
235.759905696,100.0753,100.2212,0.1458
235.79990568,100.0753,100.2206,0.1453
235.839905664,100.0753,100.2201,0.1448
235.87990564799998,100.0753,100.2197,0.1443
235.919905632,100.0753,100.2192,0.1438
235.959905616,100.0653,100.2187,0.1534
235.9999056,100.0653,100.2182,0.1528
236.039905584,100.0653,100.2177,0.1523
236.079905568,100.0653,100.2172,0.1519
236.119905552,100.0653,100.2167,0.1514
236.159905536,100.0653,100.2163,0.151
236.19990552000002,100.0653,100.2158,0.1505
236.239905504,100.0653,100.2153,0.15
236.279905488,100.0653,100.2148,0.1495
236.319905472,100.0653,100.2144,0.1491
236.359905456,100.0653,100.2139,0.1485
236.39990544,100.0653,100.2134,0.1481
236.43990542400002,100.0653,100.2129,0.1476
236.47990540799998,100.0653,100.2124,0.1471
236.519905392,100.0653,100.212,0.1467
236.559905376,100.0653,100.2115,0.1461
236.59990536,100.0653,100.211,0.1457
236.639905344,100.0653,100.2104,0.1451
236.679905328,100.0653,100.21,0.1446
236.71990531199998,100.0653,100.2095,0.1442
236.759905296,100.0552,100.209,0.1537
236.79990528,100.0552,100.2085,0.1532
236.839905264,100.0552,100.208,0.1527
236.87990524799997,100.0552,100.2075,0.1522
236.919905232,100.0552,100.207,0.1517
236.95990521599998,100.0552,100.2065,0.1512
236.9999052,100.0552,100.206,0.1508
237.039905184,100.0552,100.2055,0.1502
237.079905168,100.0552,100.205,0.1497
237.119905152,100.0552,100.2045,0.1492
237.159905136,100.0552,100.2039,0.1486
237.19990512,100.0552,100.2034,0.1481
237.239905104,100.0552,100.2029,0.1477
237.27990508800002,100.0552,100.2024,0.1471
237.31990507199998,100.0552,100.2019,0.1467
237.359905056,100.0552,100.2014,0.1462
237.39990504,100.0552,100.2009,0.1456
237.439905024,100.0552,100.2003,0.1451
237.479905008,100.0552,100.1998,0.1445
237.519904992,100.0552,100.1993,0.144
237.55990497599998,100.0452,100.1987,0.1535
237.59990496,100.0452,100.1982,0.153
237.639904944,100.0452,100.1977,0.1525
237.679904928,100.0452,100.1972,0.152
237.71990491199998,100.0452,100.1967,0.1515
237.759904896,100.0452,100.1962,0.151
237.79990487999999,100.0452,100.1957,0.1505
237.839904864,100.0452,100.1952,0.15
237.879904848,100.0452,100.1947,0.1495
237.919904832,100.0452,100.1941,0.1489
237.95990481599998,100.0452,100.1936,0.1484
237.9999048,100.0452,100.1931,0.1478
238.039904784,100.0452,100.1925,0.1473
238.079904768,100.0452,100.1921,0.1468
238.119904752,100.0452,100.1915,0.1463
238.159904736,100.0452,100.191,0.1458
238.19990472,100.0452,100.1905,0.1453
238.239904704,100.0452,100.1899,0.1447
238.27990468800002,100.0452,100.1894,0.1442
238.319904672,100.0452,100.1889,0.1437
238.359904656,100.0351,100.1884,0.1532
238.39990464,100.0351,100.1879,0.1527
238.439904624,100.0351,100.1873,0.1521
238.479904608,100.0351,100.1868,0.1516
238.51990459200002,100.0351,100.1862,0.1511
238.55990457599998,100.0351,100.1857,0.1506
238.59990456,100.0351,100.1852,0.15
238.639904544,100.0351,100.1846,0.1495
238.679904528,100.0351,100.1841,0.149
238.719904512,100.0351,100.1836,0.1484
238.759904496,100.0351,100.1831,0.1479
238.79990447999998,100.0351,100.1825,0.1474
238.839904464,100.0351,100.182,0.1468
238.879904448,100.0351,100.1814,0.1463
238.919904432,100.0351,100.1809,0.1458
238.95990441599997,100.0351,100.1804,0.1452
238.9999044,100.0351,100.1799,0.1447
239.03990438399998,100.0351,100.1793,0.1442
239.079904368,100.0351,100.1788,0.1436
239.11990435200002,100.0351,100.1783,0.1431
239.15990433599998,100.0251,100.1777,0.1526
239.19990432,100.0251,100.1771,0.152
239.239904304,100.0251,100.1766,0.1515
239.279904288,100.0251,100.176,0.1509
239.319904272,100.0251,100.1755,0.1504
239.359904256,100.0251,100.175,0.1498
239.39990423999998,100.0251,100.1745,0.1493
239.439904224,100.0251,100.174,0.1488
239.479904208,100.0251,100.1734,0.1483
239.519904192,100.0251,100.1728,0.1477
239.559904176,100.0251,100.1723,0.1472
239.59990416,100.0251,100.1718,0.1466
239.63990414399998,100.0251,100.1713,0.1462
239.679904128,100.0251,100.1707,0.1456
239.719904112,100.0251,100.1702,0.1451
239.759904096,100.0251,100.1697,0.1445
239.79990407999998,100.0251,100.1691,0.144
239.839904064,100.0251,100.1686,0.1435
239.879904048,100.0251,100.1681,0.143
239.919904032,100.0251,100.1676,0.1425
239.959904016,100.015,100.1671,0.152
239.999904,100.015,100.1665,0.1515
240.03990398399998,100.015,100.166,0.1509
240.079903968,100.015,100.1655,0.1504
240.11990395200002,100.015,100.165,0.1499
240.159903936,100.015,100.1645,0.1494
240.19990392,100.015,100.1639,0.1489
240.239903904,100.015,100.1634,0.1484
240.279903888,100.015,100.163,0.1479
240.319903872,100.015,100.1625,0.1474
240.35990385600002,100.015,100.162,0.1469
240.39990383999998,100.015,100.1614,0.1464
240.439903824,100.015,100.1608,0.1458
240.479903808,100.015,100.1604,0.1453
240.519903792,100.015,100.1598,0.1448
240.559903776,100.015,100.1593,0.1442
240.59990376,100.015,100.1588,0.1438
240.63990374399998,100.015,100.1583,0.1432
240.679903728,100.015,100.1578,0.1427
240.719903712,100.015,100.1572,0.1422
240.759903696,100.005,100.1567,0.1517
240.79990368,100.005,100.1562,0.1512
240.839903664,100.005,100.1557,0.1507
240.87990364799998,100.005,100.1552,0.1502
240.919903632,100.005,100.1547,0.1497
240.959903616,100.005,100.1541,0.1491
240.9999036,100.005,100.1536,0.1486
241.039903584,100.005,100.1531,0.1481
241.079903568,100.005,100.1526,0.1476
241.119903552,100.005,100.1521,0.1471
241.159903536,100.005,100.1515,0.1465
241.19990352000002,100.005,100.1511,0.146
241.23990350399998,100.005,100.1505,0.1455
241.279903488,100.005,100.15,0.145
241.319903472,100.005,100.1495,0.1445
241.359903456,100.005,100.149,0.144
241.39990344,100.005,100.1486,0.1436
241.439903424,100.005,100.1481,0.1431
241.47990340799998,100.005,100.1476,0.1426
241.519903392,100.005,100.1472,0.1422
241.559903376,99.9949,100.1467,0.1517
241.59990336,99.9949,100.1461,0.1512
241.63990334399998,99.9949,100.1457,0.1508
241.679903328,99.9949,100.1452,0.1503
241.71990331199999,99.9949,100.1448,0.1498
241.759903296,99.9949,100.1443,0.1493
241.79990328,99.9949,100.1438,0.1488
241.839903264,99.9949,100.1433,0.1484
241.87990324799998,99.9949,100.1428,0.1479
241.919903232,99.9949,100.1424,0.1474
241.959903216,99.9949,100.1419,0.147
241.9999032,99.9949,100.1415,0.1465
242.039903184,99.9949,100.141,0.146
242.079903168,99.9949,100.1405,0.1456
242.119903152,99.9949,100.14,0.1451
242.159903136,99.9949,100.1396,0.1446
242.19990312000002,99.9949,100.1391,0.1441
242.239903104,99.9949,100.1386,0.1437
242.279903088,99.9949,100.1382,0.1432
242.319903072,99.9949,100.1377,0.1427
242.359903056,99.9849,100.1373,0.1523
242.39990304,99.9849,100.1368,0.1519
242.43990302400002,99.9849,100.1363,0.1514
242.47990300799998,99.9849,100.1358,0.1509
242.519902992,99.9849,100.1353,0.1504
242.559902976,99.9849,100.1349,0.15
242.59990296,99.9849,100.1344,0.1495
242.639902944,99.9849,100.1339,0.149
242.679902928,99.9849,100.1335,0.1486
242.71990291199998,99.9849,100.133,0.1481
242.759902896,99.9849,100.1325,0.1476
242.79990288,99.9849,100.132,0.1471
242.839902864,99.9849,100.1315,0.1466
242.87990284799997,99.9849,100.1311,0.1462
242.919902832,99.9849,100.1306,0.1457
242.95990281599998,99.9849,100.1301,0.1452
242.9999028,99.9849,100.1297,0.1447
243.039902784,99.9849,100.1292,0.1442
243.07990276799998,99.9849,100.1287,0.1437
243.119902752,99.9849,100.1282,0.1432
243.159902736,99.9748,100.1277,0.1528
243.19990272,99.9748,100.1272,0.1523
243.239902704,99.9748,100.1266,0.1518
243.27990268800002,99.9748,100.1261,0.1513
243.31990267199998,99.9748,100.1257,0.1508
243.359902656,99.9748,100.1252,0.1503
243.39990264,99.9748,100.1247,0.1498
243.439902624,99.9748,100.1242,0.1493
243.479902608,99.9748,100.1237,0.1488
243.519902592,99.9748,100.1232,0.1483
243.55990257599998,99.9748,100.1227,0.1478
243.59990256,99.9748,100.1222,0.1474
243.639902544,99.9748,100.1218,0.1469
243.679902528,99.9748,100.1212,0.1464
243.71990251199998,99.9748,100.1207,0.1459
243.759902496,99.9748,100.1202,0.1454
243.79990248,99.9748,100.1198,0.1449
243.839902464,99.9748,100.1193,0.1444
243.879902448,99.9748,100.1187,0.1439
243.919902432,99.9748,100.1183,0.1434
243.95990241599998,99.9648,100.1178,0.153
243.9999024,99.9648,100.1173,0.1525
244.03990238400002,99.9648,100.1168,0.152
244.079902368,99.9648,100.1163,0.1515
244.119902352,99.9648,100.1158,0.151
244.159902336,99.9648,100.1153,0.1505
244.19990232,99.9648,100.1148,0.15
244.239902304,99.9648,100.1143,0.1495
244.27990228800002,99.9648,100.1138,0.149
244.31990227199998,99.9648,100.1133,0.1485
244.359902256,99.9648,100.1129,0.1481
244.39990224,99.9648,100.1124,0.1476
244.439902224,99.9648,100.1119,0.1471
244.479902208,99.9648,100.1114,0.1466
244.51990219200002,99.9648,100.1109,0.146
244.55990217599998,99.9648,100.1104,0.1456
244.59990216,99.9648,100.1098,0.145
244.639902144,99.9648,100.1093,0.1445
244.679902128,99.9648,100.1088,0.144
244.719902112,99.9648,100.1082,0.1434
244.759902096,99.9547,100.1078,0.153
244.79990207999998,99.9547,100.1072,0.1525
244.839902064,99.9547,100.1067,0.1519
244.879902048,99.9547,100.1062,0.1515
244.919902032,99.9547,100.1057,0.1509
244.95990201599997,99.9547,100.1052,0.1505
244.999902,99.9547,100.1047,0.15
245.039901984,99.9547,100.1042,0.1495
245.079901968,99.9547,100.1038,0.149
245.11990195200002,99.9547,100.1032,0.1485
245.15990193599998,99.9547,100.1028,0.148
245.19990192,99.9547,100.1023,0.1475
245.239901904,99.9547,100.1017,0.147
245.279901888,99.9547,100.1013,0.1465
245.319901872,99.9547,100.1007,0.146
245.359901856,99.9547,100.1002,0.1455
245.39990183999998,99.9547,100.0997,0.145
245.439901824,99.9547,100.0992,0.1444
245.479901808,99.9547,100.0987,0.1439
245.519901792,99.9547,100.0982,0.1434
245.55990177599998,99.9447,100.0977,0.153
245.59990176,99.9447,100.0972,0.1525
245.63990174399999,99.9447,100.0967,0.152
245.679901728,99.9447,100.0962,0.1515
245.719901712,99.9447,100.0958,0.1511
245.759901696,99.9447,100.0953,0.1506
245.79990167999998,99.9447,100.0948,0.1501
245.839901664,99.9447,100.0943,0.1496
245.879901648,99.9447,100.0938,0.1491
245.919901632,99.9447,100.0933,0.1486
245.959901616,99.9447,100.0927,0.148
245.9999016,99.9447,100.0923,0.1476
246.039901584,99.9447,100.0918,0.1471
246.079901568,99.9447,100.0913,0.1465
246.11990155200002,99.9447,100.0908,0.1461
246.159901536,99.9447,100.0902,0.1455
246.19990152,99.9447,100.0898,0.145
246.239901504,99.9447,100.0892,0.1445
246.279901488,99.9447,100.0887,0.144
246.319901472,99.9447,100.0882,0.1435
246.35990145600002,99.9346,100.0877,0.153
246.39990143999998,99.9346,100.0872,0.1525
246.439901424,99.9346,100.0868,0.1521
246.479901408,99.9346,100.0862,0.1516
246.519901392,99.9346,100.0857,0.1511
246.559901376,99.9346,100.0852,0.1505
246.59990136,99.9346,100.0847,0.15
246.63990134399998,99.9346,100.0842,0.1495
246.679901328,99.9346,100.0837,0.149
246.719901312,99.9346,100.0832,0.1485
246.759901296,99.9346,100.0827,0.148
246.79990127999997,99.9346,100.0821,0.1474
246.839901264,99.9346,100.0816,0.1469
246.87990124799998,99.9346,100.0811,0.1465
246.919901232,99.9346,100.0806,0.1459
246.959901216,99.9346,100.0801,0.1455
246.99990119999998,99.9346,100.0796,0.1449
247.039901184,99.9346,100.0791,0.1444
247.079901168,99.9346,100.0786,0.1439
247.119901152,99.9346,100.0781,0.1435
247.159901136,99.9246,100.0777,0.1531
247.19990112000002,99.9246,100.0772,0.1526
247.23990110399998,99.9246,100.0767,0.1521
247.279901088,99.9246,100.0761,0.1515
247.319901072,99.9246,100.0757,0.1511
247.359901056,99.9246,100.0752,0.1506
247.39990104,99.9246,100.0747,0.1501
247.439901024,99.9246,100.0742,0.1496
247.47990100799998,99.9246,100.0737,0.1491
247.519900992,99.9246,100.0732,0.1485
247.559900976,99.9246,100.0727,0.148
247.59990096,99.9246,100.0721,0.1475
247.63990094399998,99.9246,100.0716,0.147
247.679900928,99.9246,100.0712,0.1465
247.71990091199999,99.9246,100.0707,0.146
247.759900896,99.9246,100.0701,0.1455
247.79990088,99.9246,100.0697,0.1451
247.839900864,99.9246,100.0692,0.1445
247.87990084799998,99.9246,100.0687,0.144
247.919900832,99.9246,100.0682,0.1436
247.959900816,99.9145,100.0676,0.1531
247.9999008,99.9145,100.0672,0.1526
248.039900784,99.9145,100.0667,0.1521
248.079900768,99.9145,100.0662,0.1516
248.119900752,99.9145,100.0657,0.1512
248.159900736,99.9145,100.0652,0.1507
248.19990072000002,99.9145,100.0647,0.1502
248.23990070399998,99.9145,100.0642,0.1496
248.279900688,99.9145,100.0637,0.1492
248.319900672,99.9145,100.0633,0.1487
248.359900656,99.9145,100.0627,0.1482
248.39990064,99.9145,100.0623,0.1477
248.43990062400002,99.9145,100.0618,0.1472
248.47990060799998,99.9145,100.0613,0.1467
248.519900592,99.9145,100.0608,0.1463
248.559900576,99.9145,100.0603,0.1458
248.59990056,99.9145,100.0598,0.1453
248.639900544,99.9145,100.0593,0.1448
248.679900528,99.9145,100.0588,0.1443
248.71990051199998,99.9145,100.0584,0.1438
248.759900496,99.9045,100.0578,0.1533
248.79990048,99.9045,100.0573,0.1528
248.839900464,99.9045,100.0568,0.1523
248.87990044799997,99.9045,100.0563,0.1517
248.919900432,99.9045,100.0557,0.1512
248.95990041599998,99.9045,100.0552,0.1507
248.9999004,99.9045,100.0547,0.1502
249.03990038400002,99.9045,100.0543,0.1498
249.07990036799998,99.9045,100.0537,0.1492
249.119900352,99.9045,100.0532,0.1487
249.159900336,99.9045,100.0528,0.1483
249.19990032,99.9045,100.0523,0.1478
249.239900304,99.9045,100.0518,0.1473
249.279900288,99.9045,100.0513,0.1468
249.31990027199998,99.9045,100.0508,0.1463
249.359900256,99.9045,100.0503,0.1458
249.39990024,99.9045,100.0498,0.1453
249.439900224,99.9045,100.0493,0.1448
249.47990020799998,99.9045,100.0489,0.1444
249.519900192,99.9045,100.0483,0.1438
249.55990017599999,99.8944,100.0479,0.1534
249.59990016,99.8944,100.0473,0.1529
249.639900144,99.8944,100.0468,0.1524
249.679900128,99.8944,100.0464,0.1519
249.71990011199998,99.8944,100.0459,0.1514
249.759900096,99.8944,100.0454,0.151
249.79990008,99.8944,100.0449,0.1505
249.839900064,99.8944,100.0445,0.15
249.879900048,99.8944,100.044,0.1495
249.919900032,99.8944,100.0435,0.149
249.959900016,99.8944,100.043,0.1486
249.9999,99.8944,100.0426,0.1481
250.03989998400002,99.8944,100.0421,0.1476
250.079899968,99.8944,100.0416,0.1472
250.11989995200003,99.8944,100.0412,0.1467
250.15989993600002,99.8944,100.0407,0.1462
250.19989992000004,99.8944,100.0402,0.1457
250.23989990399997,99.8944,100.0397,0.1452
250.279899888,99.8944,100.0392,0.1448
250.31989987199998,99.8944,100.0387,0.1442
250.359899856,99.8843,100.0382,0.1538
250.39989984,99.8843,100.0377,0.1533
250.439899824,99.8843,100.0372,0.1528
250.479899808,99.8843,100.0367,0.1523
250.51989979200002,99.8843,100.0362,0.1518
250.559899776,99.8843,100.0358,0.1514
250.59989976000003,99.8843,100.0353,0.1509
250.63989974399996,99.8843,100.0348,0.1504
250.67989972799998,99.8843,100.0343,0.15
250.71989971199997,99.8843,100.0339,0.1495
250.759899696,99.8843,100.0334,0.149
250.79989967999998,99.8843,100.033,0.1486
250.839899664,99.8843,100.0325,0.1481
250.879899648,99.8843,100.032,0.1476
250.919899632,99.8843,100.0316,0.1472
250.959899616,99.8843,100.0311,0.1467
250.99989960000002,99.8843,100.0306,0.1462
251.03989958399998,99.8843,100.0301,0.1457
251.07989956799997,99.8843,100.0296,0.1452
251.119899552,99.8843,100.0291,0.1447
251.15989953599998,99.8743,100.0286,0.1543
251.19989952,99.8743,100.0281,0.1538
251.239899504,99.8743,100.0277,0.1533
251.279899488,99.8743,100.0271,0.1528
251.319899472,99.8743,100.0266,0.1523
251.35989945600002,99.8743,100.0261,0.1518
251.39989944,99.8743,100.0256,0.1512
251.43989942400003,99.8743,100.0251,0.1508
251.47989940799997,99.8743,100.0246,0.1502
251.51989939199999,99.8743,100.024,0.1497
251.55989937599998,99.8743,100.0235,0.1492
251.59989936,99.8743,100.023,0.1486
251.63989934399999,99.8743,100.0225,0.1481
251.679899328,99.8743,100.0219,0.1476
251.719899312,99.8743,100.0214,0.1471
251.75989929600001,99.8743,100.0209,0.1466
251.79989928,99.8743,100.0204,0.146
251.83989926400002,99.8743,100.0199,0.1456
251.87989924799996,99.8743,100.0194,0.145
251.91989923199998,99.8743,100.0189,0.1445
251.959899216,99.8643,100.0184,0.1541
251.9998992,99.8643,100.0179,0.1536
252.039899184,99.8643,100.0173,0.153
252.079899168,99.8643,100.0168,0.1525
252.11989915200002,99.8643,100.0163,0.152
252.159899136,99.8643,100.0157,0.1514
252.19989912000003,99.8643,100.0152,0.1509
252.23989910400002,99.8643,100.0147,0.1503
252.27989908799998,99.8643,100.0142,0.1499
252.31989907199997,99.8643,100.0136,0.1493
252.359899056,99.8643,100.0132,0.1489
252.39989903999998,99.8643,100.0127,0.1483
252.439899024,99.8643,100.0121,0.1478
252.479899008,99.8643,100.0116,0.1473
252.519898992,99.8643,100.0111,0.1468
252.559898976,99.8643,100.0105,0.1462
252.59989896000002,99.8643,100.01,0.1457
252.639898944,99.8643,100.0095,0.1451
252.67989892800003,99.8643,100.0089,0.1446
252.71989891199996,99.8643,100.0084,0.1441
252.75989889599998,99.8542,100.0079,0.1536
252.79989887999997,99.8542,100.0074,0.1531
252.839898864,99.8542,100.0068,0.1525
252.87989884799998,99.8542,100.0063,0.152
252.919898832,99.8542,100.0057,0.1515
252.95989881600002,99.8542,100.0052,0.151
252.9998988,99.8542,100.0047,0.1504
253.03989878400003,99.8542,100.0041,0.1499
253.07989876800002,99.8542,100.0036,0.1493
253.11989875199998,99.8542,100.003,0.1488
253.15989873599997,99.8542,100.0025,0.1482
253.19989872,99.8542,100.0019,0.1476
253.23989870399998,99.8542,100.0014,0.1471
253.279898688,99.8542,100.0008,0.1465
253.319898672,99.8542,100.0002,0.146
253.359898656,99.8542,99.9997,0.1454
253.39989864,99.8542,99.9991,0.1449
253.43989862400002,99.8542,99.9986,0.1444
253.479898608,99.8542,99.9981,0.1438
253.51989859199998,99.8542,99.9976,0.1433
253.55989857599997,99.8442,99.997,0.1528
253.59989855999999,99.8442,99.9965,0.1523
253.63989854399998,99.8442,99.996,0.1517
253.679898528,99.8442,99.9954,0.1512
253.719898512,99.8442,99.9948,0.1506
253.759898496,99.8442,99.9943,0.1501
253.79989848,99.8442,99.9938,0.1495
253.83989846400002,99.8442,99.9932,0.149
253.879898448,99.8442,99.9927,0.1485
253.91989843200002,99.8442,99.9921,0.1479
253.959898416,99.8442,99.9916,0.1474
253.99989839999998,99.8442,99.991,0.1468
254.039898384,99.8442,99.9905,0.1463
254.079898368,99.8442,99.99,0.1458
254.119898352,99.8442,99.9894,0.1452
254.159898336,99.8442,99.9889,0.1447
254.19989832000002,99.8442,99.9883,0.1441
254.239898304,99.8442,99.9878,0.1436
254.27989828800003,99.8442,99.9874,0.1432
254.31989827200002,99.8442,99.9868,0.1426
254.35989825599998,99.8341,99.9863,0.1521
254.39989823999997,99.8341,99.9858,0.1516
254.439898224,99.8341,99.9852,0.1511
254.47989820799998,99.8341,99.9847,0.1505
254.519898192,99.8341,99.9841,0.15
254.559898176,99.8341,99.9836,0.1494
254.59989816,99.8341,99.9831,0.1489
254.639898144,99.8341,99.9826,0.1484
254.67989812800002,99.8341,99.9821,0.1479
254.719898112,99.8341,99.9816,0.1474
254.75989809599997,99.8341,99.981,0.1469
254.79989807999996,99.8341,99.9805,0.1464
254.83989806399998,99.8341,99.98,0.1458
254.87989804799997,99.8341,99.9794,0.1453
254.919898032,99.8341,99.9789,0.1448
254.959898016,99.8341,99.9784,0.1442
254.999898,99.8341,99.9779,0.1437
255.03989798400002,99.8341,99.9773,0.1432
255.079897968,99.8341,99.9768,0.1427
255.11989795200003,99.8341,99.9763,0.1422
255.15989793600002,99.8241,99.9758,0.1517
255.19989791999998,99.8241,99.9753,0.1512
255.23989790399997,99.8241,99.9748,0.1507
255.279897888,99.8241,99.9743,0.1501
255.31989787199998,99.8241,99.9738,0.1497
255.359897856,99.8241,99.9733,0.1492
255.39989784,99.8241,99.9728,0.1487
255.439897824,99.8241,99.9724,0.1483
255.479897808,99.8241,99.9719,0.1478
255.51989779200002,99.8241,99.9714,0.1473
255.559897776,99.8241,99.9708,0.1467
255.59989775999998,99.8241,99.9703,0.1462
255.63989774399997,99.8241,99.9698,0.1457
255.679897728,99.8241,99.9693,0.1452
255.71989771199998,99.8241,99.9688,0.1447
255.759897696,99.8241,99.9683,0.1442
255.79989768,99.8241,99.9678,0.1436
255.839897664,99.8241,99.9673,0.1432
255.879897648,99.8241,99.9668,0.1427
255.91989763200002,99.8241,99.9663,0.1422
255.95989761600003,99.814,99.9659,0.1518
255.99989759999997,99.814,99.9653,0.1513
256.03989758399996,99.814,99.9648,0.1508
256.079897568,99.814,99.9644,0.1503
256.119897552,99.814,99.9638,0.1498
256.159897536,99.814,99.9633,0.1493
256.19989752,99.814,99.9628,0.1487
256.239897504,99.814,99.9623,0.1482
256.279897488,99.814,99.9618,0.1478
256.31989747200004,99.814,99.9614,0.1473
256.359897456,99.814,99.9609,0.1469
256.39989744,99.814,99.9604,0.1464
256.439897424,99.814,99.9599,0.1458
256.479897408,99.814,99.9594,0.1454
256.51989739199996,99.814,99.9589,0.1449
256.559897376,99.814,99.9585,0.1444
256.59989736,99.814,99.958,0.1439
256.639897344,99.814,99.9575,0.1434
256.679897328,99.814,99.957,0.1429
256.719897312,99.814,99.9565,0.1425
256.759897296,99.804,99.956,0.152
256.79989728000004,99.804,99.9555,0.1515
256.83989726399994,99.804,99.955,0.151
256.87989724799996,99.804,99.9545,0.1505
256.919897232,99.804,99.954,0.15
256.959897216,99.804,99.9535,0.1495
256.9998972,99.804,99.953,0.149
257.039897184,99.804,99.9525,0.1485
257.079897168,99.804,99.952,0.148
257.119897152,99.804,99.9515,0.1475
257.15989713600004,99.804,99.9509,0.1469
257.19989712,99.804,99.9505,0.1464
257.23989710399997,99.804,99.95,0.1459
257.279897088,99.804,99.9494,0.1454
257.319897072,99.804,99.9489,0.1449
257.35989705599997,99.804,99.9484,0.1444
257.39989704,99.804,99.9479,0.1439
257.439897024,99.804,99.9474,0.1434
257.479897008,99.804,99.9468,0.1428
257.519896992,99.804,99.9464,0.1423
257.559896976,99.7939,99.9458,0.1519
257.59989696,99.7939,99.9453,0.1513
257.639896944,99.7939,99.9448,0.1509
257.67989692799995,99.7939,99.9443,0.1503
257.71989691199997,99.7939,99.9438,0.1498
257.759896896,99.7939,99.9433,0.1493
257.79989688,99.7939,99.9428,0.1488
257.83989686399997,99.7939,99.9423,0.1483
257.879896848,99.7939,99.9418,0.1478
257.919896832,99.7939,99.9413,0.1473
257.959896816,99.7939,99.9408,0.1468
257.99989680000004,99.7939,99.9402,0.1463
258.039896784,99.7939,99.9398,0.1458
258.07989676799997,99.7939,99.9392,0.1453
258.119896752,99.7939,99.9387,0.1448
258.159896736,99.7939,99.9383,0.1443
258.19989671999997,99.7939,99.9377,0.1438
258.239896704,99.7939,99.9372,0.1433
258.279896688,99.7939,99.9367,0.1427
258.319896672,99.7939,99.9361,0.1422
258.359896656,99.7839,99.9357,0.1518
258.39989664,99.7839,99.9351,0.1512
258.439896624,99.7839,99.9347,0.1508
258.479896608,99.7839,99.9342,0.1503
258.51989659199995,99.7839,99.9336,0.1497
258.55989657599997,99.7839,99.9331,0.1492
258.59989656,99.7839,99.9326,0.1487
258.639896544,99.7839,99.932,0.1481
258.679896528,99.7839,99.9316,0.1477
258.719896512,99.7839,99.9311,0.1472
258.759896496,99.7839,99.9305,0.1466
258.79989648000003,99.7839,99.9301,0.1462
258.839896464,99.7839,99.9295,0.1456
258.87989644799995,99.7839,99.9291,0.1452
258.919896432,99.7839,99.9286,0.1446
258.959896416,99.7839,99.928,0.1441
258.9998964,99.7839,99.9276,0.1436
259.039896384,99.7839,99.927,0.1431
259.079896368,99.7839,99.9265,0.1426
259.119896352,99.7839,99.926,0.1421
259.15989633600003,99.7738,99.9254,0.1516
259.19989632,99.7738,99.925,0.1511
259.239896304,99.7738,99.9245,0.1506
259.27989628800003,99.7738,99.9239,0.1501
259.319896272,99.7738,99.9234,0.1496
259.35989625599996,99.7738,99.9229,0.1491
259.39989624,99.7738,99.9225,0.1487
259.439896224,99.7738,99.922,0.1482
259.479896208,99.7738,99.9214,0.1476
259.519896192,99.7738,99.9209,0.1471
259.559896176,99.7738,99.9205,0.1466
259.59989616,99.7738,99.92,0.1461
259.63989614400003,99.7738,99.9195,0.1457
259.679896128,99.7738,99.919,0.1452
259.71989611199996,99.7738,99.9185,0.1447
259.759896096,99.7738,99.918,0.1441
259.79989608,99.7738,99.9175,0.1436
259.83989606399996,99.7738,99.917,0.1432
259.879896048,99.7738,99.9165,0.1426
259.919896032,99.7738,99.916,0.1421
259.959896016,99.7638,99.9155,0.1517
259.99989600000004,99.7638,99.915,0.1512
260.039895984,99.7638,99.9145,0.1507
260.079895968,99.7638,99.914,0.1501
260.119895952,99.7638,99.9134,0.1496
260.159895936,99.7638,99.9129,0.1491
260.19989591999996,99.7638,99.9124,0.1486
260.239895904,99.7638,99.9119,0.1481
260.279895888,99.7638,99.9114,0.1476
260.319895872,99.7638,99.9109,0.1471
260.359895856,99.7638,99.9104,0.1466
260.39989584,99.7638,99.9098,0.146
260.439895824,99.7638,99.9093,0.1455
260.47989580800004,99.7638,99.9088,0.145
260.519895792,99.7638,99.9083,0.1445
260.55989577599996,99.7638,99.9078,0.144
260.59989576,99.7638,99.9073,0.1435
260.639895744,99.7638,99.9068,0.143
260.67989572799996,99.7638,99.9064,0.1426
260.719895712,99.7638,99.9058,0.142
260.759895696,99.7537,99.9053,0.1516
260.79989568,99.7537,99.9048,0.1511
260.839895664,99.7537,99.9043,0.1505
260.879895648,99.7537,99.9038,0.15
260.919895632,99.7537,99.9032,0.1495
260.959895616,99.7537,99.9027,0.149
260.9998956,99.7537,99.9022,0.1484
261.03989558399996,99.7537,99.9016,0.1479
261.079895568,99.7537,99.9011,0.1474
261.119895552,99.7537,99.9006,0.1469
261.159895536,99.7537,99.9001,0.1463
261.19989552,99.7537,99.8996,0.1459
261.239895504,99.7537,99.8991,0.1453
261.279895488,99.7537,99.8986,0.1449
261.31989547200004,99.7537,99.8981,0.1444
261.35989545599995,99.7537,99.8976,0.1438
261.39989543999997,99.7537,99.8971,0.1433
261.439895424,99.7537,99.8966,0.1428
261.479895408,99.7537,99.8961,0.1423
261.51989539199997,99.7537,99.8955,0.1418
261.559895376,99.7437,99.895,0.1513
261.59989536,99.7437,99.8945,0.1508
261.639895344,99.7437,99.894,0.1503
261.679895328,99.7437,99.8935,0.1498
261.719895312,99.7437,99.893,0.1493
261.759895296,99.7437,99.8925,0.1488
261.79989528,99.7437,99.892,0.1483
261.839895264,99.7437,99.8915,0.1478
261.87989524799997,99.7437,99.8909,0.1472
261.919895232,99.7437,99.8904,0.1467
261.959895216,99.7437,99.89,0.1463
261.9998952,99.7437,99.8895,0.1458
262.039895184,99.7437,99.889,0.1452
262.079895168,99.7437,99.8884,0.1447
262.119895152,99.7437,99.888,0.1443
262.15989513600005,99.7437,99.8875,0.1437
262.19989511999995,99.7437,99.8869,0.1432
262.23989510399997,99.7437,99.8864,0.1427
262.279895088,99.7437,99.8859,0.1422
262.319895072,99.7437,99.8853,0.1416
262.35989505599997,99.7336,99.8848,0.1512
262.39989504,99.7336,99.8843,0.1506
262.439895024,99.7336,99.8838,0.1502
262.479895008,99.7336,99.8833,0.1496
262.519894992,99.7336,99.8828,0.1491
262.559894976,99.7336,99.8822,0.1486
262.59989496,99.7336,99.8817,0.148
262.639894944,99.7336,99.8812,0.1475
262.67989492799995,99.7336,99.8807,0.147
262.719894912,99.7336,99.8801,0.1465
262.759894896,99.7336,99.8796,0.146
262.79989488,99.7336,99.8791,0.1454
262.839894864,99.7336,99.8786,0.1449
262.879894848,99.7336,99.8781,0.1444
262.919894832,99.7336,99.8775,0.1439
262.95989481600003,99.7336,99.8771,0.1434
262.99989480000005,99.7336,99.8765,0.1429
263.03989478399996,99.7336,99.876,0.1423
263.079894768,99.7336,99.8755,0.1418
263.119894752,99.7336,99.875,0.1413
263.159894736,99.7236,99.8745,0.1509
263.19989472,99.7236,99.874,0.1504
263.239894704,99.7236,99.8735,0.1499
263.279894688,99.7236,99.8731,0.1494
263.31989467200003,99.7236,99.8725,0.1489
263.359894656,99.7236,99.8721,0.1485
263.39989464,99.7236,99.8716,0.148
263.439894624,99.7236,99.871,0.1474
263.479894608,99.7236,99.8705,0.1469
263.51989459199996,99.7236,99.87,0.1464
263.559894576,99.7236,99.8695,0.1459
263.59989456,99.7236,99.869,0.1454
263.639894544,99.7236,99.8685,0.1449
263.679894528,99.7236,99.868,0.1444
263.719894512,99.7236,99.8675,0.1439
263.759894496,99.7236,99.867,0.1433
263.79989448000003,99.7236,99.8664,0.1428
263.839894464,99.7236,99.8659,0.1423
263.87989444799996,99.7236,99.8654,0.1418
263.919894432,99.7236,99.8648,0.1412
263.959894416,99.7135,99.8643,0.1508
263.9998944,99.7135,99.8638,0.1503
264.039894384,99.7135,99.8633,0.1497
264.079894368,99.7135,99.8628,0.1493
264.119894352,99.7135,99.8623,0.1488
264.15989433600004,99.7135,99.8618,0.1483
264.19989432,99.7135,99.8614,0.1478
264.239894304,99.7135,99.8608,0.1473
264.279894288,99.7135,99.8603,0.1467
264.319894272,99.7135,99.8598,0.1462
264.35989425599996,99.7135,99.8592,0.1457
264.39989424,99.7135,99.8587,0.1452
264.439894224,99.7135,99.8582,0.1446
264.479894208,99.7135,99.8576,0.1441
264.519894192,99.7135,99.8571,0.1435
264.559894176,99.7135,99.8566,0.143
264.59989416,99.7135,99.8561,0.1425
264.63989414400004,99.7135,99.8556,0.142
264.67989412799994,99.7135,99.8551,0.1415
264.71989411199996,99.7135,99.8546,0.141
264.759894096,99.7035,99.8541,0.1506
264.79989408,99.7035,99.8535,0.15
264.83989406399996,99.7035,99.853,0.1495
264.879894048,99.7035,99.8524,0.1489
264.919894032,99.7035,99.8519,0.1484
264.959894016,99.7035,99.8514,0.1479
264.99989400000004,99.7035,99.8508,0.1473
265.039893984,99.7035,99.8503,0.1468
265.07989396799996,99.7035,99.8498,0.1463
265.119893952,99.7035,99.8493,0.1457
265.159893936,99.7035,99.8487,0.1452
265.19989391999997,99.7035,99.8482,0.1446
265.239893904,99.7035,99.8476,0.1441
265.279893888,99.7035,99.847,0.1435
265.319893872,99.7035,99.8465,0.143
265.359893856,99.7035,99.846,0.1425
265.39989384,99.7035,99.8455,0.142
265.439893824,99.7035,99.845,0.1415
265.47989380800004,99.7035,99.8445,0.141
265.51989379199995,99.7035,99.844,0.1405
265.55989377599997,99.6934,99.8436,0.1501
265.59989376,99.6934,99.843,0.1496
265.639893744,99.6934,99.8425,0.149
265.67989372799997,99.6934,99.8419,0.1485
265.719893712,99.6934,99.8414,0.1479
265.759893696,99.6934,99.8409,0.1475
265.79989368,99.6934,99.8404,0.1469
265.839893664,99.6934,99.8399,0.1464
265.879893648,99.6934,99.8394,0.1459
265.91989363199997,99.6934,99.8389,0.1454
265.959893616,99.6934,99.8383,0.1449
265.9998936,99.6934,99.8378,0.1443
266.03989358399997,99.6934,99.8373,0.1438
266.079893568,99.6934,99.8368,0.1433
266.119893552,99.6934,99.8363,0.1428
266.159893536,99.6934,99.8357,0.1423
266.19989352,99.6934,99.8353,0.1418
266.239893504,99.6934,99.8348,0.1413
266.279893488,99.6934,99.8343,0.1408
266.319893472,99.6934,99.8337,0.1403
266.35989345599995,99.6834,99.8332,0.1498
266.39989343999997,99.6834,99.8327,0.1493
266.439893424,99.6834,99.8322,0.1488
266.479893408,99.6834,99.8317,0.1483
266.519893392,99.6834,99.8312,0.1478
266.559893376,99.6834,99.8306,0.1472
266.59989336,99.6834,99.8302,0.1468
266.63989334400003,99.6834,99.8297,0.1463
266.679893328,99.6834,99.8292,0.1458
266.719893312,99.6834,99.8287,0.1453
266.759893296,99.6834,99.8282,0.1447
266.79989328,99.6834,99.8276,0.1442
266.839893264,99.6834,99.8272,0.1438
266.879893248,99.6834,99.8267,0.1433
266.919893232,99.6834,99.8262,0.1428
266.959893216,99.6834,99.8257,0.1423
266.99989320000003,99.6834,99.8252,0.1418
267.039893184,99.6834,99.8247,0.1413
267.079893168,99.6834,99.8242,0.1408
267.11989315200003,99.6834,99.8237,0.1403
267.159893136,99.6733,99.8232,0.1498
267.19989311999996,99.6733,99.8227,0.1493
267.239893104,99.6733,99.8222,0.1488
267.279893088,99.6733,99.8217,0.1483
267.319893072,99.6733,99.8212,0.1478
267.359893056,99.6733,99.8207,0.1473
267.39989304,99.6733,99.8202,0.1468
267.439893024,99.6733,99.8197,0.1463
267.47989300800003,99.6733,99.8192,0.1459
267.519892992,99.6733,99.8187,0.1454
267.55989297599996,99.6733,99.8183,0.1449
267.59989296,99.6733,99.8178,0.1444
267.639892944,99.6733,99.8173,0.144
267.67989292799996,99.6733,99.8168,0.1434
267.719892912,99.6733,99.8163,0.143
267.759892896,99.6733,99.8158,0.1425
267.79989288,99.6733,99.8154,0.142
267.83989286400003,99.6733,99.8149,0.1415
267.879892848,99.6733,99.8144,0.141
267.919892832,99.6733,99.8139,0.1406
267.95989281600004,99.6633,99.8134,0.1501
267.9998928,99.6633,99.8129,0.1496
268.03989278399996,99.6633,99.8125,0.1492
268.079892768,99.6633,99.812,0.1487
268.119892752,99.6633,99.8116,0.1482
268.159892736,99.6633,99.8111,0.1478
268.19989272,99.6633,99.8106,0.1473
268.239892704,99.6633,99.8101,0.1468
268.279892688,99.6633,99.8096,0.1463
268.31989267200004,99.6633,99.8092,0.1459
268.359892656,99.6633,99.8087,0.1454
268.39989263999996,99.6633,99.8083,0.145
268.439892624,99.6633,99.8078,0.1445
268.479892608,99.6633,99.8073,0.144
268.51989259199996,99.6633,99.8068,0.1435
268.559892576,99.6633,99.8063,0.143
268.59989256,99.6633,99.8058,0.1425
268.639892544,99.6633,99.8053,0.142
268.679892528,99.6633,99.8049,0.1416
268.719892512,99.6633,99.8043,0.141
268.759892496,99.6532,99.8039,0.1506
268.79989248,99.6532,99.8034,0.1501
268.839892464,99.6532,99.8029,0.1496
268.87989244799996,99.6532,99.8024,0.1492
268.919892432,99.6532,99.802,0.1487
268.959892416,99.6532,99.8015,0.1482
268.9998924,99.6532,99.801,0.1478
269.039892384,99.6532,99.8005,0.1473
269.079892368,99.6532,99.8,0.1468
269.119892352,99.6532,99.7996,0.1463
269.15989233600004,99.6532,99.7991,0.1458
269.19989232,99.6532,99.7986,0.1454
269.23989230399997,99.6532,99.7981,0.1448
269.279892288,99.6532,99.7976,0.1444
269.319892272,99.6532,99.7972,0.1439
269.35989225599997,99.6532,99.7966,0.1434
269.39989224,99.6532,99.7961,0.1429
269.439892224,99.6532,99.7957,0.1424
269.479892208,99.6532,99.7951,0.1419
269.519892192,99.6532,99.7947,0.1414
269.559892176,99.6432,99.7942,0.151
269.59989216,99.6432,99.7937,0.1505
269.639892144,99.6432,99.7932,0.15
269.67989212799995,99.6432,99.7926,0.1494
269.71989211199997,99.6432,99.7922,0.149
269.759892096,99.6432,99.7917,0.1485
269.79989208,99.6432,99.7912,0.148
269.839892064,99.6432,99.7907,0.1475
269.879892048,99.6432,99.7902,0.147
269.919892032,99.6432,99.7897,0.1465
269.959892016,99.6432,99.7892,0.146
269.99989200000005,99.6432,99.7887,0.1455
270.03989198399995,99.6432,99.7882,0.145
270.07989196799997,99.6432,99.7877,0.1445
270.119891952,99.6432,99.7872,0.144
270.159891936,99.6432,99.7867,0.1435
270.19989191999997,99.6432,99.7862,0.143
270.239891904,99.6432,99.7857,0.1425
270.279891888,99.6432,99.7852,0.142
270.319891872,99.6432,99.7847,0.1415
270.359891856,99.6331,99.7842,0.1511
270.39989184,99.6331,99.7837,0.1506
270.43989182400003,99.6331,99.7832,0.1501
270.479891808,99.6331,99.7828,0.1496
270.51989179199995,99.6331,99.7823,0.1492
270.559891776,99.6331,99.7818,0.1487
270.59989176,99.6331,99.7813,0.1482
270.639891744,99.6331,99.7808,0.1477
270.679891728,99.6331,99.7804,0.1472
270.719891712,99.6331,99.7798,0.1467
270.759891696,99.6331,99.7793,0.1462
270.79989168000003,99.6331,99.7788,0.1456
270.839891664,99.6331,99.7783,0.1452
270.87989164799995,99.6331,99.7779,0.1447
270.919891632,99.6331,99.7774,0.1442
270.959891616,99.6331,99.7769,0.1437
270.9998916,99.6331,99.7764,0.1432
271.039891584,99.6331,99.7759,0.1427
271.079891568,99.6331,99.7754,0.1422
271.119891552,99.6331,99.7749,0.1417
271.15989153600003,99.6231,99.7744,0.1513
271.19989152,99.6231,99.7739,0.1508
271.239891504,99.6231,99.7734,0.1503
271.279891488,99.6231,99.7729,0.1498
271.319891472,99.6231,99.7724,0.1492
271.35989145599996,99.6231,99.7719,0.1488
271.39989144,99.6231,99.7714,0.1483
271.439891424,99.6231,99.7708,0.1477
271.479891408,99.6231,99.7704,0.1473
271.519891392,99.6231,99.7698,0.1467
271.559891376,99.6231,99.7693,0.1462
271.59989136,99.6231,99.7688,0.1457
271.63989134400003,99.6231,99.7682,0.1451
271.679891328,99.6231,99.7677,0.1446
271.71989131199996,99.6231,99.7672,0.1441
271.759891296,99.6231,99.7667,0.1436
271.79989128,99.6231,99.7662,0.1431
271.839891264,99.6231,99.7657,0.1426
271.879891248,99.6231,99.7652,0.1421
271.919891232,99.6231,99.7647,0.1416
271.959891216,99.613,99.7642,0.1511
271.99989120000004,99.613,99.7637,0.1506
272.039891184,99.613,99.7632,0.1502
272.079891168,99.613,99.7627,0.1497
272.119891152,99.613,99.7623,0.1492
272.159891136,99.613,99.7618,0.1487
272.19989111999996,99.613,99.7612,0.1482
272.239891104,99.613,99.7607,0.1477
272.279891088,99.613,99.7602,0.1471
272.319891072,99.613,99.7597,0.1466
272.359891056,99.613,99.7592,0.1461
272.39989104,99.613,99.7586,0.1456
272.439891024,99.613,99.7581,0.1451
272.47989100800004,99.613,99.7576,0.1445
272.51989099199994,99.613,99.757,0.144
272.55989097599996,99.613,99.7566,0.1435
272.59989096,99.613,99.7561,0.143
272.639890944,99.613,99.7555,0.1425
272.67989092799996,99.613,99.755,0.142
272.719890912,99.613,99.7545,0.1414
272.759890896,99.603,99.754,0.151
272.79989088,99.603,99.7534,0.1504
272.83989086400004,99.603,99.7529,0.1499
272.879890848,99.603,99.7524,0.1494
272.919890832,99.603,99.7519,0.1489
272.959890816,99.603,99.7514,0.1484
272.9998908,99.603,99.7509,0.1479
273.03989078399997,99.603,99.7503,0.1473
273.079890768,99.603,99.7499,0.1469
273.119890752,99.603,99.7493,0.1463
273.159890736,99.603,99.7488,0.1458
273.19989072,99.603,99.7483,0.1453
273.239890704,99.603,99.7477,0.1447
273.279890688,99.603,99.7472,0.1442
273.31989067200004,99.603,99.7467,0.1437
273.35989065599995,99.603,99.7461,0.1431
273.39989063999997,99.603,99.7456,0.1426
273.439890624,99.603,99.7451,0.1421
273.479890608,99.603,99.7446,0.1416
273.51989059199997,99.603,99.7441,0.1411
273.559890576,99.5929,99.7436,0.1507
273.59989056,99.5929,99.7431,0.1502
273.639890544,99.5929,99.7427,0.1497
273.679890528,99.5929,99.7421,0.1491
273.719890512,99.5929,99.7415,0.1486
273.75989049599997,99.5929,99.741,0.1481
273.79989048,99.5929,99.7405,0.1476
273.839890464,99.5929,99.74,0.147
273.87989044799997,99.5929,99.7395,0.1465
273.919890432,99.5929,99.739,0.146
273.959890416,99.5929,99.7385,0.1455
273.9998904,99.5929,99.738,0.1451
274.039890384,99.5929,99.7375,0.1446
274.079890368,99.5929,99.737,0.144
274.119890352,99.5929,99.7365,0.1435
274.15989033600005,99.5929,99.7359,0.143
274.19989031999995,99.5929,99.7354,0.1425
274.23989030399997,99.5929,99.7349,0.1419
274.279890288,99.5929,99.7343,0.1414
274.319890272,99.5929,99.7338,0.1409
274.35989025599997,99.5828,99.7333,0.1504
274.39989024,99.5828,99.7328,0.1499
274.439890224,99.5828,99.7323,0.1494
274.47989020800003,99.5828,99.7317,0.1488
274.519890192,99.5828,99.7312,0.1483
274.559890176,99.5828,99.7307,0.1478
274.59989016,99.5828,99.7302,0.1473
274.639890144,99.5828,99.7297,0.1468
274.67989012799995,99.5828,99.7291,0.1462
274.719890112,99.5828,99.7286,0.1457
274.759890096,99.5828,99.7281,0.1452
274.79989008,99.5828,99.7275,0.1446
274.83989006400003,99.5828,99.7271,0.1442
274.879890048,99.5828,99.7266,0.1437
274.919890032,99.5828,99.7261,0.1432
274.95989001600003,99.5828,99.7256,0.1427
274.99989,99.5828,99.725,0.1421
275.03988998399996,99.5828,99.7245,0.1416
275.079889968,99.5828,99.724,0.1411
275.119889952,99.5828,99.7235,0.1406
275.159889936,99.5728,99.723,0.1501
275.19988992,99.5728,99.7224,0.1496
275.239889904,99.5728,99.7218,0.149
275.279889888,99.5728,99.7213,0.1485
275.31988987200003,99.5728,99.7207,0.1479
275.359889856,99.5728,99.7202,0.1474
275.39988984,99.5728,99.7198,0.1469
275.439889824,99.5728,99.7193,0.1464
275.479889808,99.5728,99.7188,0.146
275.51988979199996,99.5728,99.7183,0.1455
275.559889776,99.5728,99.7178,0.145
275.59988976,99.5728,99.7174,0.1445
275.639889744,99.5728,99.7168,0.144
275.679889728,99.5728,99.7164,0.1435
275.719889712,99.5728,99.7159,0.143
275.759889696,99.5728,99.7153,0.1425
275.79988968000004,99.5728,99.7148,0.142
275.839889664,99.5728,99.7143,0.1414
275.87988964799996,99.5728,99.7138,0.1409
275.919889632,99.5728,99.7133,0.1405
275.959889616,99.5627,99.7128,0.15
275.9998896,99.5627,99.7124,0.1496
276.039889584,99.5627,99.7119,0.1491
276.079889568,99.5627,99.7113,0.1485
276.119889552,99.5627,99.7109,0.1481
276.15988953600004,99.5627,99.7104,0.1476
276.19988952,99.5627,99.7099,0.1471
276.23988950399996,99.5627,99.7094,0.1466
276.279889488,99.5627,99.7089,0.1461
276.319889472,99.5627,99.7085,0.1457
276.35988945599996,99.5627,99.708,0.1452
276.39988944,99.5627,99.7075,0.1447
276.439889424,99.5627,99.707,0.1442
276.479889408,99.5627,99.7065,0.1437
276.519889392,99.5627,99.706,0.1432
276.559889376,99.5627,99.7056,0.1428
276.59988936,99.5627,99.7051,0.1423
276.63988934400004,99.5627,99.7046,0.1418
276.67988932799994,99.5627,99.7041,0.1412
276.71988931199996,99.5627,99.7035,0.1407
276.759889296,99.5527,99.7031,0.1503
276.79988928,99.5527,99.7025,0.1498
276.839889264,99.5527,99.702,0.1493
276.879889248,99.5527,99.7016,0.1488
276.919889232,99.5527,99.701,0.1483
276.959889216,99.5527,99.7005,0.1478
276.99988920000004,99.5527,99.7,0.1473
277.039889184,99.5527,99.6995,0.1468
277.07988916799997,99.5527,99.6991,0.1463
277.119889152,99.5527,99.6986,0.1458
277.159889136,99.5527,99.6981,0.1453
277.19988911999997,99.5527,99.6976,0.1448
277.239889104,99.5527,99.697,0.1442
277.279889088,99.5527,99.6965,0.1438
277.319889072,99.5527,99.696,0.1432
277.359889056,99.5527,99.6955,0.1427
277.39988904,99.5527,99.695,0.1423
277.439889024,99.5527,99.6945,0.1418
277.479889008,99.5527,99.694,0.1413
277.51988899199995,99.5527,99.6935,0.1408
277.55988897599997,99.5427,99.6929,0.1502
277.59988896,99.5427,99.6925,0.1498
277.639888944,99.5427,99.692,0.1493
277.67988892799997,99.5427,99.6915,0.1488
277.719888912,99.5427,99.691,0.1483
277.759888896,99.5427,99.6905,0.1478
277.79988888,99.5427,99.69,0.1473
277.83988886400005,99.5427,99.6895,0.1468
277.879888848,99.5427,99.689,0.1463
277.91988883199997,99.5427,99.6885,0.1458
277.959888816,99.5427,99.6879,0.1452
277.9998888,99.5427,99.6875,0.1447
278.03988878399997,99.5427,99.6869,0.1442
278.079888768,99.5427,99.6864,0.1437
278.119888752,99.5427,99.686,0.1433
278.159888736,99.5427,99.6854,0.1427
278.19988872,99.5427,99.6849,0.1422
278.239888704,99.5427,99.6845,0.1418
278.279888688,99.5427,99.6839,0.1412
278.319888672,99.5427,99.6834,0.1407
278.35988865599995,99.5326,99.6829,0.1502
278.39988864,99.5326,99.6823,0.1497
278.439888624,99.5326,99.6818,0.1492
278.479888608,99.5326,99.6813,0.1487
278.519888592,99.5326,99.6808,0.1482
278.559888576,99.5326,99.6804,0.1477
278.59988856,99.5326,99.6798,0.1471
278.63988854400003,99.5326,99.6793,0.1466
278.679888528,99.5326,99.6787,0.1461
278.71988851199995,99.5326,99.6782,0.1455
278.759888496,99.5326,99.6777,0.145
278.79988848,99.5326,99.6772,0.1445
278.839888464,99.5326,99.6767,0.144
278.879888448,99.5326,99.6762,0.1435
278.919888432,99.5326,99.6757,0.143
278.959888416,99.5326,99.6752,0.1425
278.99988840000003,99.5326,99.6747,0.142
279.039888384,99.5326,99.6741,0.1415
279.079888368,99.5326,99.6737,0.141
279.11988835200003,99.5326,99.6731,0.1404
279.159888336,99.5225,99.6726,0.15
279.19988831999996,99.5225,99.6721,0.1495
279.239888304,99.5225,99.6715,0.1489
279.279888288,99.5225,99.6711,0.1485
279.319888272,99.5225,99.6705,0.1479
279.359888256,99.5225,99.67,0.1474
279.39988824,99.5225,99.6694,0.1468
279.439888224,99.5225,99.6689,0.1463
279.47988820800003,99.5225,99.6684,0.1458
279.519888192,99.5225,99.6679,0.1453
279.55988817599996,99.5225,99.6674,0.1448
279.59988816,99.5225,99.667,0.1444
279.639888144,99.5225,99.6664,0.1438
279.67988812799996,99.5225,99.6659,0.1434
279.719888112,99.5225,99.6654,0.1428
279.759888096,99.5225,99.6648,0.1422
279.79988808,99.5225,99.6643,0.1417
279.83988806400004,99.5225,99.6638,0.1412
279.879888048,99.5225,99.6633,0.1407
279.919888032,99.5225,99.6628,0.1402
279.959888016,99.5125,99.6622,0.1497
279.999888,99.5125,99.6617,0.1492
280.03988798399996,99.5125,99.6612,0.1487
280.079887968,99.5125,99.6607,0.1481
280.119887952,99.5125,99.6602,0.1477
280.159887936,99.5125,99.6597,0.1472
280.19988792,99.5125,99.6592,0.1467
280.239887904,99.5125,99.6587,0.1462
280.279887888,99.5125,99.6582,0.1456
280.31988787200004,99.5125,99.6576,0.1451
280.359887856,99.5125,99.6571,0.1445
280.39988783999996,99.5125,99.6566,0.1441
280.439887824,99.5125,99.6561,0.1436
280.479887808,99.5125,99.6556,0.1431
280.51988779199996,99.5125,99.6552,0.1426
280.559887776,99.5125,99.6547,0.1421
280.59988776,99.5125,99.6542,0.1416
280.639887744,99.5125,99.6537,0.1411
280.679887728,99.5125,99.6531,0.1406
280.719887712,99.5125,99.6526,0.1401
280.759887696,99.5025,99.6521,0.1496
280.79988768,99.5025,99.6516,0.1491
280.839887664,99.5025,99.6511,0.1486
280.87988764799996,99.5025,99.6506,0.1481
280.919887632,99.5025,99.65,0.1475
280.959887616,99.5025,99.6495,0.147
280.9998876,99.5025,99.649,0.1465
281.039887584,99.5025,99.6485,0.146
281.079887568,99.5025,99.648,0.1455
281.119887552,99.5025,99.6475,0.145
281.15988753600004,99.5025,99.6471,0.1446
281.19988751999995,99.5025,99.6466,0.144
281.23988750399997,99.5025,99.646,0.1435
281.279887488,99.5025,99.6456,0.1431
281.319887472,99.5025,99.645,0.1425
281.35988745599997,99.5025,99.6445,0.142
281.39988744,99.5025,99.644,0.1415
281.439887424,99.5025,99.6435,0.141
281.479887408,99.5025,99.6431,0.1406
281.519887392,99.5025,99.6426,0.1401
281.559887376,99.4924,99.6421,0.1497
281.59988736,99.4924,99.6417,0.1493
281.639887344,99.4924,99.6413,0.1488
281.67988732799995,99.4924,99.6408,0.1483
281.71988731199997,99.4924,99.6403,0.1478
281.759887296,99.4924,99.6398,0.1473
281.79988728,99.4924,99.6393,0.1468
281.839887264,99.4924,99.6388,0.1463
281.879887248,99.4924,99.6383,0.1458
281.919887232,99.4924,99.6378,0.1454
281.959887216,99.4924,99.6373,0.1448
281.99988720000005,99.4924,99.6368,0.1444
282.03988718399995,99.4924,99.6363,0.1438
282.07988716799997,99.4924,99.6357,0.1433
282.119887152,99.4924,99.6353,0.1428
282.159887136,99.4924,99.6348,0.1423
282.19988711999997,99.4924,99.6343,0.1419
282.239887104,99.4924,99.6338,0.1414
282.279887088,99.4924,99.6333,0.1408
282.31988707200003,99.4924,99.6328,0.1404
282.359887056,99.4823,99.6323,0.1499
282.39988704,99.4823,99.6319,0.1495
282.439887024,99.4823,99.6314,0.149
282.479887008,99.4823,99.6309,0.1485
282.51988699199995,99.4823,99.6304,0.148
282.559886976,99.4823,99.63,0.1476
282.59988696,99.4823,99.6295,0.1471
282.639886944,99.4823,99.6291,0.1467
282.679886928,99.4823,99.6285,0.1461
282.719886912,99.4823,99.628,0.1456
282.759886896,99.4823,99.6276,0.1452
282.79988688000003,99.4823,99.627,0.1446
282.83988686400005,99.4823,99.6266,0.1442
282.87988684799996,99.4823,99.6261,0.1437
282.919886832,99.4823,99.6256,0.1432
282.959886816,99.4823,99.6252,0.1428
282.9998868,99.4823,99.6247,0.1423
283.039886784,99.4823,99.6243,0.1419
283.079886768,99.4823,99.6238,0.1414
283.119886752,99.4823,99.6233,0.1409
283.15988673600003,99.4723,99.6229,0.1505
283.19988672,99.4723,99.6224,0.15
283.239886704,99.4723,99.622,0.1496
283.279886688,99.4723,99.6215,0.1491
283.319886672,99.4723,99.6209,0.1486
283.35988665599996,99.4723,99.6205,0.1481
283.39988664,99.4723,99.6199,0.1476
283.439886624,99.4723,99.6194,0.147
283.479886608,99.4723,99.6189,0.1466
283.519886592,99.4723,99.6184,0.146
283.559886576,99.4723,99.6179,0.1456
283.59988656,99.4723,99.6174,0.145
283.63988654400003,99.4723,99.6169,0.1445
283.679886528,99.4723,99.6163,0.144
283.71988651199996,99.4723,99.6158,0.1435
283.759886496,99.4723,99.6153,0.143
283.79988648,99.4723,99.6148,0.1424
283.839886464,99.4723,99.6143,0.1419
283.879886448,99.4723,99.6138,0.1415
283.919886432,99.4723,99.6133,0.1409
283.959886416,99.4623,99.6128,0.1505
283.99988640000004,99.4623,99.6123,0.15
284.039886384,99.4623,99.6118,0.1495
284.079886368,99.4623,99.6113,0.149
284.119886352,99.4623,99.6107,0.1484
284.159886336,99.4623,99.6102,0.148
284.19988631999996,99.4623,99.6098,0.1474
284.239886304,99.4623,99.6093,0.147
284.279886288,99.4623,99.6088,0.1465
284.319886272,99.4623,99.6083,0.146
284.359886256,99.4623,99.6078,0.1455
284.39988624,99.4623,99.6073,0.145
284.439886224,99.4623,99.6068,0.1445
284.47988620800004,99.4623,99.6063,0.144
284.51988619199994,99.4623,99.6059,0.1436
284.55988617599996,99.4623,99.6053,0.143
284.59988616,99.4623,99.6048,0.1425
284.639886144,99.4623,99.6043,0.142
284.679886128,99.4623,99.6037,0.1414
284.719886112,99.4623,99.6033,0.141
284.759886096,99.4522,99.6027,0.1505
284.79988608,99.4522,99.6022,0.1499
284.83988606400004,99.4522,99.6016,0.1494
284.879886048,99.4522,99.6011,0.1489
284.91988603199997,99.4522,99.6006,0.1483
284.959886016,99.4522,99.6001,0.1478
284.999886,99.4522,99.5996,0.1473
285.03988598399997,99.4522,99.5991,0.1468
285.079885968,99.4522,99.5986,0.1463
285.119885952,99.4522,99.5981,0.1458
285.159885936,99.4522,99.5975,0.1453
285.19988592,99.4522,99.597,0.1448
285.239885904,99.4522,99.5965,0.1443
285.279885888,99.4522,99.596,0.1437
285.31988587200004,99.4522,99.5955,0.1432
285.35988585599995,99.4522,99.595,0.1427
285.39988583999997,99.4522,99.5944,0.1422
285.439885824,99.4522,99.594,0.1417
285.479885808,99.4522,99.5935,0.1412
285.51988579199997,99.4522,99.5929,0.1407
285.559885776,99.4421,99.5924,0.1502
285.59988576,99.4421,99.5919,0.1497
285.639885744,99.4421,99.5914,0.1492
285.679885728,99.4421,99.5909,0.1487
285.719885712,99.4421,99.5903,0.1481
285.75988569599997,99.4421,99.5898,0.1476
285.79988568,99.4421,99.5893,0.1471
285.839885664,99.4421,99.5887,0.1465
285.87988564799997,99.4421,99.5882,0.146
285.919885632,99.4421,99.5877,0.1455
285.959885616,99.4421,99.5872,0.145
285.9998856,99.4421,99.5866,0.1444
286.039885584,99.4421,99.5861,0.1439
286.079885568,99.4421,99.5856,0.1434
286.119885552,99.4421,99.585,0.1428
286.159885536,99.4421,99.5845,0.1422
286.19988551999995,99.4421,99.5839,0.1417
286.239885504,99.4421,99.5834,0.1412
286.279885488,99.4421,99.5829,0.1407
286.319885472,99.4421,99.5823,0.1401
286.359885456,99.4321,99.5818,0.1497
286.39988544,99.4321,99.5813,0.1492
286.439885424,99.4321,99.5807,0.1485
286.47988540800003,99.4321,99.5802,0.1481
286.519885392,99.4321,99.5797,0.1476
286.559885376,99.4321,99.5792,0.147
286.59988536,99.4321,99.5787,0.1466
286.639885344,99.4321,99.5782,0.146
286.679885328,99.4321,99.5777,0.1456
286.719885312,99.4321,99.5772,0.1451
286.759885296,99.4321,99.5767,0.1446
286.79988528,99.4321,99.5762,0.1441
286.83988526400003,99.4321,99.5757,0.1435
286.879885248,99.4321,99.5752,0.1431
286.919885232,99.4321,99.5747,0.1425
286.95988521600003,99.4321,99.5741,0.142
286.9998852,99.4321,99.5736,0.1415
287.03988518399996,99.4321,99.5731,0.1409
287.079885168,99.4321,99.5726,0.1404
287.119885152,99.4321,99.5721,0.1399
287.159885136,99.422,99.5716,0.1495
287.19988512,99.422,99.5711,0.149
287.239885104,99.422,99.5706,0.1485
287.279885088,99.422,99.5701,0.148
287.31988507200003,99.422,99.5697,0.1476
287.359885056,99.422,99.5692,0.1471
287.39988503999996,99.422,99.5687,0.1466
287.439885024,99.422,99.5682,0.1461
287.479885008,99.422,99.5677,0.1456
287.51988499199996,99.422,99.5672,0.1451
287.559884976,99.422,99.5667,0.1446
287.59988496,99.422,99.5662,0.1441
287.639884944,99.422,99.5657,0.1436
287.679884928,99.422,99.5652,0.1431
287.719884912,99.422,99.5647,0.1426
287.759884896,99.422,99.5642,0.1421
287.79988488000004,99.422,99.5637,0.1416
287.839884864,99.422,99.5632,0.1411
287.87988484799996,99.422,99.5627,0.1406
287.919884832,99.422,99.5622,0.1401
287.959884816,99.412,99.5617,0.1497
287.9998848,99.412,99.5612,0.1492
288.039884784,99.412,99.5607,0.1487
288.079884768,99.412,99.5602,0.1481
288.119884752,99.412,99.5597,0.1477
288.15988473600004,99.412,99.5592,0.1472
288.19988472,99.412,99.5587,0.1467
288.23988470399996,99.412,99.5582,0.1462
288.279884688,99.412,99.5577,0.1456
288.319884672,99.412,99.5572,0.1451
288.35988465599996,99.412,99.5567,0.1447
288.39988464,99.412,99.5561,0.1441
288.439884624,99.412,99.5557,0.1436
288.479884608,99.412,99.5552,0.1431
288.519884592,99.412,99.5546,0.1426
288.559884576,99.412,99.5542,0.1421
288.59988456,99.412,99.5536,0.1416
288.639884544,99.412,99.5531,0.1411
288.679884528,99.412,99.5526,0.1406
288.71988451199996,99.412,99.5521,0.1401
288.759884496,99.402,99.5516,0.1496
288.79988448,99.402,99.5511,0.1491
288.839884464,99.402,99.5506,0.1486
288.879884448,99.402,99.5501,0.1481
288.919884432,99.402,99.5497,0.1477
288.959884416,99.402,99.5492,0.1472
288.99988440000004,99.402,99.5487,0.1467
289.039884384,99.402,99.5481,0.1461
289.07988436799997,99.402,99.5476,0.1456
289.119884352,99.402,99.5471,0.1451
289.159884336,99.402,99.5467,0.1447
289.19988431999997,99.402,99.5462,0.1442
289.239884304,99.402,99.5457,0.1437
289.279884288,99.402,99.5452,0.1432
289.319884272,99.402,99.5447,0.1427
289.359884256,99.402,99.5442,0.1422
289.39988424,99.402,99.5437,0.1417
289.439884224,99.402,99.5432,0.1412
289.479884208,99.402,99.5426,0.1406
289.51988419199995,99.402,99.5421,0.1401
289.55988417599997,99.3919,99.5416,0.1496
289.59988416,99.3919,99.5411,0.1491
289.639884144,99.3919,99.5406,0.1487
289.679884128,99.3919,99.5401,0.1481
289.719884112,99.3919,99.5395,0.1476
289.759884096,99.3919,99.539,0.1471
289.79988408,99.3919,99.5386,0.1466
289.83988406400005,99.3919,99.5381,0.1461
289.87988404799995,99.3919,99.5376,0.1456
289.91988403199997,99.3919,99.5371,0.1451
289.959884016,99.3919,99.5366,0.1446
289.999884,99.3919,99.5361,0.1441
290.03988398399997,99.3919,99.5356,0.1437
290.079883968,99.3919,99.5351,0.1432
290.119883952,99.3919,99.5346,0.1427
290.159883936,99.3919,99.5342,0.1422
290.19988392,99.3919,99.5336,0.1417
290.239883904,99.3919,99.5332,0.1413
290.27988388800003,99.3919,99.5327,0.1407
290.319883872,99.3919,99.5322,0.1402
290.35988385599995,99.3818,99.5317,0.1498
290.39988384,99.3818,99.5312,0.1493
290.439883824,99.3818,99.5307,0.1488
290.479883808,99.3818,99.5303,0.1484
290.519883792,99.3818,99.5298,0.1479
290.559883776,99.3818,99.5293,0.1474
290.59988376,99.3818,99.5288,0.1469
290.63988374400003,99.3818,99.5283,0.1464
290.67988372800005,99.3818,99.5279,0.146
290.71988371199996,99.3818,99.5274,0.1455
290.759883696,99.3818,99.527,0.1451
290.79988368,99.3818,99.5265,0.1446
290.839883664,99.3818,99.526,0.1441
290.879883648,99.3818,99.5255,0.1436
290.919883632,99.3818,99.525,0.1431
290.959883616,99.3818,99.5246,0.1427
290.99988360000003,99.3818,99.5241,0.1422
291.039883584,99.3818,99.5236,0.1418
291.079883568,99.3818,99.5232,0.1413
291.119883552,99.3818,99.5227,0.1408
291.159883536,99.3718,99.5222,0.1504
291.19988351999996,99.3718,99.5218,0.1499
291.239883504,99.3718,99.5213,0.1495
291.279883488,99.3718,99.5209,0.149
291.319883472,99.3718,99.5204,0.1485
291.359883456,99.3718,99.5199,0.1481
291.39988344,99.3718,99.5194,0.1476
291.439883424,99.3718,99.5189,0.1471
291.47988340800003,99.3718,99.5185,0.1467
291.519883392,99.3718,99.518,0.1462
291.55988337599996,99.3718,99.5175,0.1457
291.59988336,99.3718,99.5171,0.1452
291.639883344,99.3718,99.5166,0.1448
291.679883328,99.3718,99.5161,0.1443
291.719883312,99.3718,99.5157,0.1438
291.759883296,99.3718,99.5152,0.1433
291.79988328,99.3718,99.5147,0.1428
291.83988326400004,99.3718,99.5142,0.1424
291.879883248,99.3718,99.5137,0.1418
291.919883232,99.3718,99.5132,0.1414
291.959883216,99.3617,99.5127,0.1509
291.9998832,99.3617,99.5122,0.1504
292.03988318399996,99.3617,99.5118,0.15
292.079883168,99.3617,99.5113,0.1495
292.119883152,99.3617,99.5108,0.149
292.159883136,99.3617,99.5103,0.1485
292.19988312,99.3617,99.5098,0.148
292.239883104,99.3617,99.5093,0.1475
292.279883088,99.3617,99.5088,0.147
292.31988307200004,99.3617,99.5083,0.1465
292.35988305599994,99.3617,99.5079,0.1461
292.39988303999996,99.3617,99.5074,0.1456
292.439883024,99.3617,99.5069,0.1451
292.479883008,99.3617,99.5064,0.1446
292.51988299199996,99.3617,99.5058,0.144
292.559882976,99.3617,99.5054,0.1436
292.59988296,99.3617,99.5049,0.1431
292.639882944,99.3617,99.5044,0.1426
292.67988292800004,99.3617,99.5039,0.1421
292.719882912,99.3617,99.5034,0.1416
292.759882896,99.3517,99.5029,0.1512
292.79988288,99.3517,99.5025,0.1507
292.839882864,99.3517,99.502,0.1502
292.87988284799997,99.3517,99.5015,0.1498
292.919882832,99.3517,99.5011,0.1493
292.959882816,99.3517,99.5005,0.1488
292.9998828,99.3517,99.5,0.1483
293.039882784,99.3517,99.4995,0.1478
293.079882768,99.3517,99.499,0.1473
293.119882752,99.3517,99.4985,0.1468
293.15988273600004,99.3517,99.498,0.1463
293.19988271999995,99.3517,99.4975,0.1457
293.23988270399997,99.3517,99.497,0.1452
293.279882688,99.3517,99.4965,0.1447
293.319882672,99.3517,99.496,0.1443
293.35988265599997,99.3517,99.4955,0.1438
293.39988264,99.3517,99.4951,0.1433
293.439882624,99.3517,99.4946,0.1428
293.479882608,99.3517,99.4941,0.1423
293.519882592,99.3517,99.4936,0.1419
293.559882576,99.3416,99.4931,0.1514
293.59988255999997,99.3416,99.4926,0.1509
293.639882544,99.3416,99.4921,0.1504
293.679882528,99.3416,99.4916,0.1499
293.71988251199997,99.3416,99.491,0.1493
293.759882496,99.3416,99.4905,0.1488
293.79988248,99.3416,99.49,0.1483
293.839882464,99.3416,99.4895,0.1478
293.879882448,99.3416,99.4889,0.1472
293.919882432,99.3416,99.4884,0.1467
293.959882416,99.3416,99.4879,0.1462
293.99988240000005,99.3416,99.4873,0.1456
294.03988238399995,99.3416,99.4868,0.1451
294.07988236799997,99.3416,99.4863,0.1446
294.119882352,99.3416,99.4858,0.1441
294.159882336,99.3416,99.4853,0.1436
294.19988232,99.3416,99.4847,0.143
294.239882304,99.3416,99.4842,0.1425
294.279882288,99.3416,99.4837,0.142
294.31988227200003,99.3416,99.4832,0.1415
294.359882256,99.3316,99.4827,0.151
294.39988224,99.3316,99.4821,0.1505
294.439882224,99.3316,99.4816,0.15
294.479882208,99.3316,99.4811,0.1495
294.51988219199995,99.3316,99.4806,0.1489
294.559882176,99.3316,99.4801,0.1484
294.59988216,99.3316,99.4796,0.148
294.639882144,99.3316,99.4791,0.1475
294.67988212800003,99.3316,99.4786,0.147
294.719882112,99.3316,99.4781,0.1465
294.759882096,99.3316,99.4777,0.146
294.79988208000003,99.3316,99.4772,0.1456
294.839882064,99.3316,99.4767,0.1451
294.87988204799996,99.3316,99.4763,0.1446
294.919882032,99.3316,99.4757,0.1441
294.959882016,99.3316,99.4752,0.1436
294.999882,99.3316,99.4747,0.1431
295.039881984,99.3316,99.4742,0.1426
295.079881968,99.3316,99.4737,0.1421
295.119881952,99.3316,99.4732,0.1416
295.15988193600003,99.3215,99.4727,0.1511
295.19988192,99.3215,99.4722,0.1506
295.239881904,99.3215,99.4717,0.1501
295.279881888,99.3215,99.4712,0.1496
295.319881872,99.3215,99.4707,0.1491
295.35988185599996,99.3215,99.4701,0.1485
295.39988184,99.3215,99.4696,0.148
295.439881824,99.3215,99.4691,0.1475
295.479881808,99.3215,99.4686,0.147
295.519881792,99.3215,99.4681,0.1465
295.559881776,99.3215,99.4676,0.146
295.59988176,99.3215,99.4671,0.1455
295.63988174400004,99.3215,99.4666,0.145
295.679881728,99.3215,99.4661,0.1445
295.71988171199996,99.3215,99.4657,0.1441
295.759881696,99.3215,99.4651,0.1436
295.79988168,99.3215,99.4646,0.143
295.839881664,99.3215,99.4642,0.1426
295.879881648,99.3215,99.4637,0.1421
295.919881632,99.3215,99.4632,0.1416
295.959881616,99.3115,99.4627,0.1511
295.99988160000004,99.3115,99.4622,0.1506
296.039881584,99.3115,99.4617,0.1501
296.07988156799996,99.3115,99.4612,0.1497
296.119881552,99.3115,99.4607,0.1492
296.159881536,99.3115,99.4603,0.1487
296.19988151999996,99.3115,99.4597,0.1482
296.239881504,99.3115,99.4592,0.1477
296.279881488,99.3115,99.4587,0.1472
296.319881472,99.3115,99.4582,0.1467
296.359881456,99.3115,99.4578,0.1462
296.39988144,99.3115,99.4573,0.1458
296.439881424,99.3115,99.4568,0.1453
296.47988140800004,99.3115,99.4564,0.1448
296.51988139199995,99.3115,99.4558,0.1443
296.55988137599996,99.3115,99.4554,0.1438
296.59988136,99.3115,99.4549,0.1434
296.639881344,99.3115,99.4544,0.1428
296.679881328,99.3115,99.454,0.1424
296.719881312,99.3115,99.4534,0.1419
296.759881296,99.3014,99.4529,0.1514
296.79988128,99.3014,99.4525,0.151
296.83988126400004,99.3014,99.4519,0.1504
296.879881248,99.3014,99.4514,0.1499
296.91988123199997,99.3014,99.451,0.1495
296.959881216,99.3014,99.4504,0.1489
296.9998812,99.3014,99.45,0.1485
297.03988118399997,99.3014,99.4495,0.148
297.079881168,99.3014,99.4489,0.1474
297.119881152,99.3014,99.4484,0.1469
297.159881136,99.3014,99.4479,0.1464
297.19988112,99.3014,99.4474,0.1459
297.239881104,99.3014,99.4469,0.1454
297.279881088,99.3014,99.4463,0.1448
297.319881072,99.3014,99.4458,0.1443
297.35988105599995,99.3014,99.4453,0.1438
297.39988103999997,99.3014,99.4448,0.1433
297.439881024,99.3014,99.4443,0.1428
297.479881008,99.3014,99.4437,0.1423
297.51988099199997,99.3014,99.4433,0.1418
297.559880976,99.2914,99.4427,0.1513
297.59988096,99.2914,99.4422,0.1508
297.639880944,99.2914,99.4417,0.1503
297.67988092800005,99.2914,99.4411,0.1497
297.719880912,99.2914,99.4407,0.1492
297.75988089599997,99.2914,99.4401,0.1487
297.79988088,99.2914,99.4396,0.1481
297.839880864,99.2914,99.439,0.1476
297.87988084799997,99.2914,99.4384,0.147
297.919880832,99.2914,99.4379,0.1464
297.959880816,99.2914,99.4373,0.1459
297.9998808,99.2914,99.4367,0.1453
298.039880784,99.2914,99.4362,0.1448
298.079880768,99.2914,99.4357,0.1442
298.11988075200003,99.2914,99.4352,0.1437
298.159880736,99.2914,99.4347,0.1432
298.19988071999995,99.2914,99.4341,0.1427
298.239880704,99.2914,99.4336,0.1422
298.279880688,99.2914,99.4331,0.1417
298.319880672,99.2914,99.4326,0.1411
298.359880656,99.2813,99.4321,0.1507
298.39988064,99.2813,99.4315,0.1501
298.439880624,99.2813,99.431,0.1496
298.47988060800003,99.2813,99.4305,0.1491
298.519880592,99.2813,99.43,0.1486
298.55988057599995,99.2813,99.4295,0.1481
298.59988056,99.2813,99.429,0.1476
298.639880544,99.2813,99.4284,0.147
298.679880528,99.2813,99.428,0.1466
298.719880512,99.2813,99.4275,0.1461
298.759880496,99.2813,99.4269,0.1455
298.79988048,99.2813,99.4264,0.145
298.83988046400003,99.2813,99.4258,0.1444
298.879880448,99.2813,99.4253,0.1439
298.919880432,99.2813,99.4248,0.1434
298.95988041600003,99.2813,99.4242,0.1429
298.9998804,99.2813,99.4238,0.1424
299.03988038399996,99.2813,99.4232,0.1418
299.079880368,99.2813,99.4227,0.1413
299.119880352,99.2813,99.4222,0.1408
299.159880336,99.2713,99.4216,0.1502
299.19988032,99.2713,99.4211,0.1497
299.239880304,99.2713,99.4205,0.1492
299.279880288,99.2713,99.42,0.1486
299.31988027200003,99.2713,99.4195,0.1482
299.359880256,99.2713,99.4189,0.1476
299.39988023999996,99.2713,99.4184,0.1471
299.439880224,99.2713,99.418,0.1466
299.479880208,99.2713,99.4174,0.1461
299.51988019199996,99.2713,99.4169,0.1456
299.559880176,99.2713,99.4164,0.145
299.59988016,99.2713,99.4158,0.1445
299.639880144,99.2713,99.4153,0.1439
299.67988012800004,99.2713,99.4147,0.1434
299.719880112,99.2713,99.4142,0.1429
299.759880096,99.2713,99.4137,0.1423
299.79988008,99.2713,99.4131,0.1418
299.839880064,99.2713,99.4126,0.1412
299.87988004799996,99.2713,99.412,0.1407
299.919880032,99.2713,99.4115,0.1401
299.959880016,99.2612,99.411,0.1497
299.99988,99.2612,99.4104,0.1492
300.039879984,99.2612,99.41,0.1487
300.079879968,99.2612,99.4094,0.1481
300.119879952,99.2612,99.4089,0.1476
300.15987993600004,99.2612,99.4084,0.1471
300.19987992,99.2612,99.4079,0.1466
300.23987990399996,99.2612,99.4074,0.1461
300.279879888,99.2612,99.4069,0.1456
300.319879872,99.2612,99.4063,0.145
300.35987985599996,99.2612,99.4058,0.1445
300.39987984,99.2612,99.4052,0.1439
300.439879824,99.2612,99.4047,0.1435
300.479879808,99.2612,99.4042,0.1429
300.519879792,99.2612,99.4037,0.1424
300.559879776,99.2612,99.4032,0.1419
300.59987976,99.2612,99.4026,0.1413
300.639879744,99.2612,99.4021,0.1408
300.679879728,99.2612,99.4016,0.1403
300.71987971199997,99.2612,99.401,0.1398
300.759879696,99.2512,99.4005,0.1493
300.79987968,99.2512,99.4,0.1488
300.839879664,99.2512,99.3994,0.1482
300.879879648,99.2512,99.399,0.1477
300.919879632,99.2512,99.3984,0.1472
300.959879616,99.2512,99.3979,0.1466
300.99987960000004,99.2512,99.3973,0.1461
301.03987958399995,99.2512,99.3968,0.1455
301.07987956799997,99.2512,99.3963,0.1451
301.119879552,99.2512,99.3958,0.1445
301.159879536,99.2512,99.3952,0.144
301.19987951999997,99.2512,99.3947,0.1435
301.239879504,99.2512,99.3941,0.1429
301.279879488,99.2512,99.3937,0.1424
301.319879472,99.2512,99.3932,0.1419
301.359879456,99.2512,99.3926,0.1414
301.39987944,99.2512,99.3922,0.1409
301.439879424,99.2512,99.3916,0.1404
301.479879408,99.2512,99.3911,0.1398
301.519879392,99.2512,99.3906,0.1393
301.55987937599997,99.2411,99.39,0.1489
301.59987936,99.2411,99.3895,0.1483
301.639879344,99.2411,99.389,0.1478
301.679879328,99.2411,99.3885,0.1473
301.719879312,99.2411,99.388,0.1468
301.759879296,99.2411,99.3875,0.1463
301.79987928,99.2411,99.3869,0.1457
301.83987926400005,99.2411,99.3864,0.1452
301.87987924799995,99.2411,99.3859,0.1447
301.91987923199997,99.2411,99.3853,0.1441
301.959879216,99.2411,99.3848,0.1436
301.9998792,99.2411,99.3842,0.143
302.039879184,99.2411,99.3837,0.1425
302.079879168,99.2411,99.3832,0.142
302.119879152,99.2411,99.3827,0.1415
302.15987913600003,99.2411,99.3822,0.141
302.19987912,99.2411,99.3816,0.1404
302.239879104,99.2411,99.3812,0.14
302.279879088,99.2411,99.3807,0.1395
302.319879072,99.2411,99.3801,0.1389
302.35987905599995,99.2311,99.3796,0.1484
302.39987904,99.2311,99.3791,0.1479
302.439879024,99.2311,99.3786,0.1474
302.479879008,99.2311,99.3781,0.1469
302.519878992,99.2311,99.3775,0.1464
302.559878976,99.2311,99.377,0.1459
302.59987896,99.2311,99.3765,0.1453
302.63987894400003,99.2311,99.376,0.1448
302.67987892800005,99.2311,99.3754,0.1443
302.71987891199996,99.2311,99.375,0.1438
302.759878896,99.2311,99.3745,0.1433
302.79987888,99.2311,99.374,0.1429
302.839878864,99.2311,99.3735,0.1424
302.879878848,99.2311,99.373,0.1418
302.919878832,99.2311,99.3724,0.1413
302.959878816,99.2311,99.3719,0.1408
302.99987880000003,99.2311,99.3714,0.1403
303.039878784,99.2311,99.3709,0.1397
303.079878768,99.2311,99.3704,0.1392
303.119878752,99.2311,99.3698,0.1387
303.159878736,99.221,99.3693,0.1482
303.19987871999996,99.221,99.3688,0.1477
303.239878704,99.221,99.3683,0.1472
303.279878688,99.221,99.3678,0.1468
303.319878672,99.221,99.3673,0.1462
303.359878656,99.221,99.3668,0.1457
303.39987864,99.221,99.3663,0.1452
303.439878624,99.221,99.3657,0.1446
303.47987860800004,99.221,99.3652,0.1442
303.519878592,99.221,99.3647,0.1436
303.55987857599996,99.221,99.3642,0.1431
303.59987856,99.221,99.3638,0.1427
303.639878544,99.221,99.3632,0.1421
303.679878528,99.221,99.3627,0.1416
303.719878512,99.221,99.3623,0.1412
303.759878496,99.221,99.3618,0.1407
303.79987848,99.221,99.3613,0.1402
303.83987846400004,99.221,99.3608,0.1397
303.879878448,99.221,99.3603,0.1392
303.919878432,99.221,99.3598,0.1388
303.959878416,99.211,99.3594,0.1483
303.9998784,99.211,99.3589,0.1478
304.03987838399996,99.211,99.3583,0.1473
304.079878368,99.211,99.3578,0.1468
304.119878352,99.211,99.3573,0.1463
304.159878336,99.211,99.3568,0.1457
304.19987832,99.211,99.3563,0.1453
304.239878304,99.211,99.3558,0.1448
304.279878288,99.211,99.3553,0.1443
304.31987827200004,99.211,99.3548,0.1437
304.35987825599994,99.211,99.3543,0.1433
304.39987823999996,99.211,99.3538,0.1428
304.439878224,99.211,99.3533,0.1423
304.479878208,99.211,99.3528,0.1418
304.51987819199996,99.211,99.3523,0.1413
304.559878176,99.211,99.3518,0.1407
304.59987816,99.211,99.3512,0.1402
304.639878144,99.211,99.3507,0.1397
304.67987812800004,99.211,99.3502,0.1391
304.719878112,99.211,99.3497,0.1387
304.75987809599997,99.2009,99.3491,0.1481
304.79987808,99.2009,99.3486,0.1476
304.839878064,99.2009,99.3481,0.1471
304.87987804799997,99.2009,99.3476,0.1466
304.919878032,99.2009,99.347,0.1461
304.959878016,99.2009,99.3465,0.1455
304.999878,99.2009,99.346,0.145
305.039877984,99.2009,99.3454,0.1444
305.079877968,99.2009,99.3449,0.1439
305.119877952,99.2009,99.3444,0.1434
305.159877936,99.2009,99.3439,0.1429
305.19987791999995,99.2009,99.3434,0.1424
305.23987790399997,99.2009,99.3429,0.1419
305.279877888,99.2009,99.3424,0.1414
305.319877872,99.2009,99.3418,0.1408
305.35987785599997,99.2009,99.3413,0.1403
305.39987784,99.2009,99.3408,0.1398
305.439877824,99.2009,99.3403,0.1393
305.479877808,99.2009,99.3397,0.1387
305.519877792,99.2009,99.3392,0.1382
305.559877776,99.1909,99.3387,0.1478
305.59987775999997,99.1909,99.3382,0.1472
305.639877744,99.1909,99.3377,0.1467
305.679877728,99.1909,99.3371,0.1462
305.71987771199997,99.1909,99.3366,0.1456
305.759877696,99.1909,99.3361,0.1452
305.79987768,99.1909,99.3356,0.1447
305.839877664,99.1909,99.3351,0.1441
305.879877648,99.1909,99.3345,0.1436
305.919877632,99.1909,99.3339,0.143
305.959877616,99.1909,99.3334,0.1425
305.9998776,99.1909,99.3329,0.142
306.03987758399995,99.1909,99.3323,0.1414
306.079877568,99.1909,99.3318,0.1409
306.119877552,99.1909,99.3313,0.1404
306.159877536,99.1909,99.3308,0.1399
306.19987752,99.1909,99.3303,0.1394
306.239877504,99.1909,99.3298,0.1389
306.279877488,99.1909,99.3293,0.1383
306.31987747200003,99.1909,99.3288,0.1378
306.359877456,99.1808,99.3282,0.1473
306.39987743999995,99.1808,99.3277,0.1468
306.439877424,99.1808,99.3272,0.1463
306.479877408,99.1808,99.3266,0.1457
306.519877392,99.1808,99.3262,0.1453
306.559877376,99.1808,99.3256,0.1448
306.59987736,99.1808,99.3251,0.1443
306.639877344,99.1808,99.3246,0.1437
306.67987732800003,99.1808,99.3241,0.1432
306.719877312,99.1808,99.3236,0.1427
306.759877296,99.1808,99.323,0.1421
306.79987728000003,99.1808,99.3225,0.1416
306.839877264,99.1808,99.322,0.1411
306.87987724799996,99.1808,99.3215,0.1406
306.919877232,99.1808,99.3209,0.14
306.959877216,99.1808,99.3204,0.1395
306.9998772,99.1808,99.3199,0.139
307.039877184,99.1808,99.3194,0.1385
307.079877168,99.1808,99.3189,0.138
307.119877152,99.1808,99.3184,0.1375
307.15987713600003,99.1708,99.3178,0.147
307.19987712,99.1708,99.3173,0.1464
307.23987710399996,99.1708,99.3168,0.146
307.279877088,99.1708,99.3163,0.1455
307.319877072,99.1708,99.3159,0.145
307.35987705599996,99.1708,99.3154,0.1445
307.39987704,99.1708,99.3149,0.144
307.439877024,99.1708,99.3144,0.1436
307.479877008,99.1708,99.3139,0.143
307.51987699200004,99.1708,99.3134,0.1425
307.559876976,99.1708,99.3129,0.142
307.59987696,99.1708,99.3123,0.1415
307.639876944,99.1708,99.3119,0.141
307.679876928,99.1708,99.3114,0.1405
307.71987691199996,99.1708,99.3109,0.14
307.759876896,99.1708,99.3104,0.1396
307.79987688,99.1708,99.3099,0.139
307.839876864,99.1708,99.3094,0.1386
307.879876848,99.1708,99.3089,0.1381
307.919876832,99.1708,99.3084,0.1376
307.959876816,99.1607,99.308,0.1472
307.99987680000004,99.1607,99.3075,0.1467
308.039876784,99.1607,99.3071,0.1463
308.07987676799996,99.1607,99.3066,0.1458
308.119876752,99.1607,99.3061,0.1454
308.159876736,99.1607,99.3057,0.1449
308.19987671999996,99.1607,99.3052,0.1444
308.239876704,99.1607,99.3047,0.144
308.279876688,99.1607,99.3043,0.1435
308.319876672,99.1607,99.3038,0.143
308.359876656,99.1607,99.3033,0.1426
308.39987664,99.1607,99.3029,0.1421
308.439876624,99.1607,99.3024,0.1416
308.479876608,99.1607,99.302,0.1412
308.519876592,99.1607,99.3015,0.1407
308.55987657599997,99.1607,99.3011,0.1403
308.59987656,99.1607,99.3007,0.1399
308.639876544,99.1607,99.3002,0.1394
308.679876528,99.1607,99.2997,0.1389
308.719876512,99.1607,99.2992,0.1384
308.759876496,99.1507,99.2987,0.148
308.79987648,99.1507,99.2983,0.1476
308.83987646400004,99.1507,99.2978,0.1471
308.87987644799995,99.1507,99.2973,0.1466
308.91987643199997,99.1507,99.2969,0.1461
308.959876416,99.1507,99.2964,0.1456
308.9998764,99.1507,99.2959,0.1452
309.03987638399997,99.1507,99.2954,0.1447
309.079876368,99.1507,99.295,0.1443
309.119876352,99.1507,99.2945,0.1438
309.159876336,99.1507,99.2941,0.1433
309.19987632,99.1507,99.2936,0.1428
309.239876304,99.1507,99.2931,0.1423
309.279876288,99.1507,99.2926,0.1419
309.319876272,99.1507,99.2922,0.1414
309.35987625599995,99.1507,99.2917,0.141
309.39987623999997,99.1507,99.2912,0.1405
309.439876224,99.1507,99.2908,0.1401
309.479876208,99.1507,99.2903,0.1396
309.519876192,99.1507,99.2899,0.1391
309.559876176,99.1406,99.2894,0.1487
309.59987616,99.1406,99.2889,0.1483
309.639876144,99.1406,99.2885,0.1478
309.67987612800005,99.1406,99.288,0.1473
309.71987611199995,99.1406,99.2875,0.1468
309.75987609599997,99.1406,99.2871,0.1464
309.79987608,99.1406,99.2866,0.1459
309.839876064,99.1406,99.2861,0.1454
309.87987604799997,99.1406,99.2857,0.145
309.919876032,99.1406,99.2852,0.1445
309.959876016,99.1406,99.2848,0.1441
309.99987600000003,99.1406,99.2843,0.1436
310.039875984,99.1406,99.2838,0.1431
310.079875968,99.1406,99.2834,0.1427
310.119875952,99.1406,99.2829,0.1422
310.159875936,99.1406,99.2824,0.1417
310.19987591999995,99.1406,99.2819,0.1412
310.239875904,99.1406,99.2814,0.1407
310.279875888,99.1406,99.2809,0.1402
310.319875872,99.1406,99.2804,0.1397
310.359875856,99.1306,99.28,0.1493
310.39987584,99.1306,99.2795,0.1489
310.439875824,99.1306,99.2791,0.1484
310.47987580800003,99.1306,99.2786,0.148
310.519875792,99.1306,99.2781,0.1475
310.55987577599996,99.1306,99.2777,0.147
310.59987576,99.1306,99.2772,0.1466
310.639875744,99.1306,99.2767,0.1461
310.679875728,99.1306,99.2763,0.1457
310.719875712,99.1306,99.2759,0.1452
310.759875696,99.1306,99.2754,0.1448
310.79987568,99.1306,99.275,0.1443
310.83987566400003,99.1306,99.2745,0.1438
310.879875648,99.1306,99.2741,0.1434
310.919875632,99.1306,99.2736,0.143
310.959875616,99.1306,99.2731,0.1425
310.9998756,99.1306,99.2727,0.1421
311.03987558399996,99.1306,99.2723,0.1416
311.079875568,99.1306,99.2718,0.1411
311.119875552,99.1306,99.2713,0.1407
311.159875536,99.1205,99.2708,0.1502
311.19987552,99.1205,99.2704,0.1498
311.239875504,99.1205,99.2699,0.1493
311.279875488,99.1205,99.2694,0.1488
311.31987547200004,99.1205,99.269,0.1484
311.35987545599994,99.1205,99.2685,0.1479
311.39987543999996,99.1205,99.268,0.1474
311.439875424,99.1205,99.2675,0.1469
311.479875408,99.1205,99.2671,0.1465
311.519875392,99.1205,99.2666,0.146
311.559875376,99.1205,99.2661,0.1455
311.59987536,99.1205,99.2656,0.145
311.639875344,99.1205,99.2651,0.1445
311.67987532800004,99.1205,99.2646,0.144
311.719875312,99.1205,99.2641,0.1435
311.759875296,99.1205,99.2636,0.1431
311.79987528,99.1205,99.2631,0.1426
311.839875264,99.1205,99.2627,0.1421
311.87987524799996,99.1205,99.2622,0.1416
311.919875232,99.1205,99.2617,0.1411
311.959875216,99.1105,99.2612,0.1507
311.9998752,99.1105,99.2607,0.1502
312.039875184,99.1105,99.2602,0.1497
312.079875168,99.1105,99.2597,0.1492
312.119875152,99.1105,99.2593,0.1487
312.15987513600004,99.1105,99.2588,0.1482
312.19987511999994,99.1105,99.2583,0.1477
312.23987510399996,99.1105,99.2578,0.1473
312.279875088,99.1105,99.2573,0.1468
312.319875072,99.1105,99.2568,0.1463
312.35987505599996,99.1105,99.2564,0.1458
312.39987504,99.1105,99.2559,0.1453
312.439875024,99.1105,99.2554,0.1449
312.479875008,99.1105,99.255,0.1444
312.51987499200004,99.1105,99.2544,0.1439
312.559874976,99.1105,99.2539,0.1434
312.59987495999997,99.1105,99.2534,0.1429
312.639874944,99.1105,99.2529,0.1424
312.679874928,99.1105,99.2524,0.1418
312.71987491199997,99.1105,99.2519,0.1413
312.759874896,99.1004,99.2514,0.1509
312.79987488,99.1004,99.2509,0.1504
312.839874864,99.1004,99.2504,0.1499
312.879874848,99.1004,99.2499,0.1494
312.919874832,99.1004,99.2494,0.1489
312.959874816,99.1004,99.2489,0.1484
312.99987480000004,99.1004,99.2484,0.148
313.03987478399995,99.1004,99.2479,0.1474
313.07987476799997,99.1004,99.2474,0.1469
313.119874752,99.1004,99.247,0.1465
313.159874736,99.1004,99.2464,0.1459
313.19987471999997,99.1004,99.246,0.1455
313.239874704,99.1004,99.2455,0.145
313.279874688,99.1004,99.2449,0.1444
313.319874672,99.1004,99.2445,0.144
313.359874656,99.1004,99.244,0.1435
313.39987464,99.1004,99.2435,0.143
313.43987462399997,99.1004,99.243,0.1425
313.479874608,99.1004,99.2425,0.142
313.519874592,99.1004,99.242,0.1415
313.55987457599997,99.0904,99.2415,0.1511
313.59987456,99.0904,99.241,0.1506
313.639874544,99.0904,99.2405,0.1501
313.679874528,99.0904,99.24,0.1495
313.719874512,99.0904,99.2395,0.1491
313.759874496,99.0904,99.239,0.1486
313.79987448,99.0904,99.2385,0.148
313.839874464,99.0904,99.238,0.1475
313.87987444799995,99.0904,99.2374,0.147
313.919874432,99.0904,99.2369,0.1465
313.959874416,99.0904,99.2364,0.146
313.9998744,99.0904,99.2359,0.1455
314.039874384,99.0904,99.2355,0.145
314.079874368,99.0904,99.2349,0.1445
314.119874352,99.0904,99.2343,0.1439
314.15987433600003,99.0904,99.2338,0.1434
314.19987432,99.0904,99.2332,0.1428
314.239874304,99.0904,99.2328,0.1423
314.279874288,99.0904,99.2323,0.1418
314.319874272,99.0904,99.2317,0.1413
314.35987425599996,99.0803,99.2313,0.1509
314.39987424,99.0803,99.2308,0.1504
314.439874224,99.0803,99.2302,0.1498
314.479874208,99.0803,99.2297,0.1493
314.51987419200003,99.0803,99.2291,0.1487
314.559874176,99.0803,99.2286,0.1482
314.59987416,99.0803,99.2281,0.1477
314.63987414400003,99.0803,99.2275,0.1472
314.679874128,99.0803,99.227,0.1466
314.71987411199996,99.0803,99.2265,0.1461
314.759874096,99.0803,99.226,0.1456
314.79987408,99.0803,99.2255,0.1451
314.839874064,99.0803,99.2249,0.1445
314.879874048,99.0803,99.2245,0.1441
314.919874032,99.0803,99.2239,0.1436
314.959874016,99.0803,99.2234,0.143
314.99987400000003,99.0803,99.2229,0.1425
315.039873984,99.0803,99.2223,0.1419
315.07987396799996,99.0803,99.2218,0.1414
315.119873952,99.0803,99.2213,0.1409
315.159873936,99.0703,99.2208,0.1504
315.19987391999996,99.0703,99.2203,0.1499
315.239873904,99.0703,99.2197,0.1494
315.279873888,99.0703,99.2193,0.1489
315.319873872,99.0703,99.2188,0.1484
315.359873856,99.0703,99.2182,0.1479
315.39987384,99.0703,99.2177,0.1473
315.439873824,99.0703,99.2171,0.1468
315.47987380800004,99.0703,99.2166,0.1462
315.519873792,99.0703,99.2161,0.1457
315.55987377599996,99.0703,99.2155,0.1452
315.59987376,99.0703,99.215,0.1447
315.639873744,99.0703,99.2145,0.1441
315.679873728,99.0703,99.2139,0.1436
315.719873712,99.0703,99.2134,0.143
315.759873696,99.0703,99.2129,0.1426
315.79987368,99.0703,99.2124,0.1421
315.83987366400004,99.0703,99.2119,0.1415
315.879873648,99.0703,99.2114,0.141
315.91987363199996,99.0703,99.2109,0.1405
315.959873616,99.0602,99.2104,0.1501
315.9998736,99.0602,99.2098,0.1495
316.03987358399996,99.0602,99.2093,0.1491
316.079873568,99.0602,99.2088,0.1485
316.119873552,99.0602,99.2083,0.148
316.159873536,99.0602,99.2078,0.1475
316.19987352,99.0602,99.2072,0.1469
316.239873504,99.0602,99.2067,0.1464
316.279873488,99.0602,99.2062,0.1459
316.319873472,99.0602,99.2057,0.1454
316.35987345599995,99.0602,99.2051,0.1448
316.39987343999996,99.0602,99.2046,0.1443
316.439873424,99.0602,99.2041,0.1438
316.479873408,99.0602,99.2036,0.1433
316.519873392,99.0602,99.203,0.1427
316.559873376,99.0602,99.2025,0.1422
316.59987336,99.0602,99.202,0.1417
316.639873344,99.0602,99.2014,0.1411
316.67987332800004,99.0602,99.2009,0.1406
316.719873312,99.0602,99.2004,0.1401
316.75987329599997,99.0502,99.1999,0.1496
316.79987328,99.0502,99.1993,0.1491
316.839873264,99.0502,99.1988,0.1486
316.87987324799997,99.0502,99.1983,0.1481
316.919873232,99.0502,99.1977,0.1475
316.959873216,99.0502,99.1972,0.1469
316.9998732,99.0502,99.1966,0.1464
317.039873184,99.0502,99.1961,0.1458
317.079873168,99.0502,99.1955,0.1453
317.119873152,99.0502,99.195,0.1447
317.159873136,99.0502,99.1944,0.1442
317.19987311999995,99.0502,99.1939,0.1436
317.23987310399997,99.0502,99.1933,0.143
317.279873088,99.0502,99.1928,0.1425
317.319873072,99.0502,99.1922,0.142
317.35987305599997,99.0502,99.1917,0.1415
317.39987304,99.0502,99.1912,0.141
317.439873024,99.0502,99.1907,0.1404
317.479873008,99.0502,99.1901,0.1399
317.51987299200005,99.0502,99.1896,0.1394
317.55987297599995,99.0401,99.189,0.1488
317.59987295999997,99.0401,99.1885,0.1483
317.639872944,99.0401,99.188,0.1478
317.679872928,99.0401,99.1875,0.1473
317.71987291199997,99.0401,99.187,0.1468
317.759872896,99.0401,99.1864,0.1462
317.79987288,99.0401,99.1859,0.1457
317.83987286400003,99.0401,99.1854,0.1452
317.879872848,99.0401,99.1848,0.1447
317.919872832,99.0401,99.1844,0.1442
317.95987281600003,99.0401,99.1838,0.1436
317.9998728,99.0401,99.1832,0.1431
318.03987278399995,99.0401,99.1827,0.1425
318.079872768,99.0401,99.1822,0.142
318.119872752,99.0401,99.1817,0.1415
318.159872736,99.0401,99.1812,0.141
318.19987272,99.0401,99.1807,0.1405
318.239872704,99.0401,99.1802,0.14
318.279872688,99.0401,99.1796,0.1394
318.31987267200003,99.0401,99.1791,0.1389
318.359872656,99.0301,99.1785,0.1484
318.39987263999996,99.0301,99.1779,0.1478
318.439872624,99.0301,99.1775,0.1473
318.479872608,99.0301,99.1769,0.1467
318.519872592,99.0301,99.1763,0.1462
318.559872576,99.0301,99.1758,0.1457
318.59987256,99.0301,99.1753,0.1452
318.639872544,99.0301,99.1748,0.1447
318.67987252800003,99.0301,99.1743,0.1442
318.719872512,99.0301,99.1738,0.1437
318.759872496,99.0301,99.1734,0.1433
318.79987248,99.0301,99.1729,0.1427
318.839872464,99.0301,99.1724,0.1423
318.87987244799996,99.0301,99.1719,0.1418
318.919872432,99.0301,99.1714,0.1412
318.959872416,99.0301,99.1708,0.1407
318.9998724,99.0301,99.1703,0.1402
319.039872384,99.0301,99.1698,0.1397
319.079872368,99.0301,99.1693,0.1391
319.119872352,99.0301,99.1687,0.1386
319.15987233600003,99.02,99.1682,0.1481
319.19987232,99.02,99.1677,0.1476
319.23987230399996,99.02,99.1671,0.147
319.279872288,99.02,99.1666,0.1466
319.319872272,99.02,99.1661,0.146
319.35987225599996,99.02,99.1655,0.1455
319.39987224,99.02,99.165,0.1449
319.439872224,99.02,99.1645,0.1444
319.479872208,99.02,99.164,0.1439
319.51987219200004,99.02,99.1634,0.1433
319.559872176,99.02,99.1629,0.1428
319.59987216,99.02,99.1624,0.1423
319.639872144,99.02,99.1618,0.1418
319.679872128,99.02,99.1613,0.1412
319.71987211199996,99.02,99.1608,0.1407
319.759872096,99.02,99.1603,0.1402
319.79987208,99.02,99.1598,0.1397
319.839872064,99.02,99.1593,0.1392
319.879872048,99.02,99.1587,0.1387
319.919872032,99.02,99.1582,0.1381
319.959872016,99.01,99.1577,0.1476
319.99987200000004,99.01,99.1572,0.1471
320.03987198399994,99.01,99.1566,0.1466
320.07987196799996,99.01,99.1561,0.1461
320.119871952,99.01,99.1556,0.1456
320.159871936,99.01,99.1551,0.1451
320.19987191999996,99.01,99.1546,0.1446
320.239871904,99.01,99.1541,0.1441
320.279871888,99.01,99.1536,0.1436
320.319871872,99.01,99.1531,0.1431
320.359871856,99.01,99.1525,0.1425
320.39987184,99.01,99.152,0.142
320.439871824,99.01,99.1515,0.1415
320.479871808,99.01,99.151,0.141
320.519871792,99.01,99.1505,0.1405
320.55987177599997,99.01,99.15,0.1399
320.59987176,99.01,99.1494,0.1394
320.639871744,99.01,99.1489,0.1389
320.679871728,99.01,99.1483,0.1383
320.719871712,99.01,99.1478,0.1378
320.759871696,99.01,99.1472,0.1372
320.79987168,99.01,99.1467,0.1367
320.83987166400004,99.01,99.1462,0.1361
320.87987164799995,99.01,99.1456,0.1356
320.91987163199997,99.01,99.1451,0.1351
320.959871616,99.01,99.1446,0.1346
320.9998716,99.01,99.1441,0.134
321.03987158399997,99.01,99.1435,0.1335
321.079871568,99.01,99.143,0.1329
321.119871552,99.01,99.1425,0.1324
321.159871536,99.01,99.1419,0.1319
321.19987152,99.01,99.1415,0.1314
321.239871504,99.01,99.141,0.131
321.27987148799997,99.01,99.1405,0.1305
321.319871472,99.01,99.14,0.1299
321.35987145599995,99.01,99.1394,0.1294
321.39987143999997,99.01,99.1389,0.1289
321.439871424,99.01,99.1384,0.1284
321.479871408,99.01,99.1379,0.1278
321.519871392,99.01,99.1374,0.1274
321.559871376,99.01,99.1369,0.1269
321.59987136,99.01,99.1364,0.1264
321.639871344,99.01,99.1359,0.1259
321.67987132800005,99.01,99.1355,0.1254
321.71987131199995,99.01,99.135,0.1249
321.759871296,99.01,99.1344,0.1244
321.79987128,99.01,99.1339,0.1239
321.839871264,99.01,99.1334,0.1233
321.879871248,99.01,99.1329,0.1228
321.919871232,99.01,99.1323,0.1223
321.959871216,99.01,99.1318,0.1218
321.99987120000003,99.01,99.1313,0.1213
322.039871184,99.01,99.1307,0.1207
322.079871168,99.01,99.1302,0.1202
322.119871152,99.01,99.1298,0.1197
322.159871136,99.01,99.1292,0.1192
322.19987111999995,99.01,99.1287,0.1187
322.239871104,99.01,99.1282,0.1181
322.279871088,99.01,99.1277,0.1177
322.319871072,99.01,99.1272,0.1172
322.359871056,99.01,99.1267,0.1167
322.39987104,99.01,99.1263,0.1162
322.439871024,99.01,99.1258,0.1157
322.47987100800003,99.01,99.1253,0.1153
322.519870992,99.01,99.1248,0.1148
322.55987097599996,99.01,99.1243,0.1143
322.59987096,99.01,99.1239,0.1138
322.639870944,99.01,99.1233,0.1133
322.679870928,99.01,99.1229,0.1129
322.719870912,99.01,99.1224,0.1124
322.759870896,99.01,99.1219,0.1119
322.79987088,99.01,99.1215,0.1114
322.83987086400003,99.01,99.1209,0.1109
322.879870848,99.01,99.1204,0.1104
322.919870832,99.01,99.12,0.1099
322.959870816,99.01,99.1195,0.1094
322.9998708,99.01,99.119,0.109
323.03987078399996,99.01,99.1186,0.1085
323.079870768,99.01,99.1181,0.1081
323.119870752,99.01,99.1177,0.1076
323.159870736,99.01,99.1172,0.1072
323.19987072,99.01,99.1168,0.1067
323.239870704,99.01,99.1163,0.1062
323.279870688,99.01,99.1158,0.1058
323.31987067200004,99.01,99.1154,0.1053
323.359870656,99.01,99.1149,0.1049
323.39987063999996,99.01,99.1144,0.1044
323.439870624,99.01,99.114,0.1039
323.479870608,99.01,99.1135,0.1034
323.519870592,99.01,99.1131,0.103
323.559870576,99.01,99.1126,0.1026
323.59987056,99.01,99.1122,0.1021
323.639870544,99.01,99.1117,0.1017
323.67987052800004,99.01,99.1112,0.1011
323.719870512,99.01,99.1107,0.1006
323.75987049599996,99.01,99.1102,0.1002
323.79987048,99.01,99.1098,0.0997
323.839870464,99.01,99.1094,0.0993
323.87987044799996,99.01,99.1089,0.0989
323.919870432,99.01,99.1085,0.0985
323.959870416,99.01,99.1081,0.098
323.9998704,99.01,99.1076,0.0976
324.039870384,99.01,99.1072,0.0972
324.079870368,99.01,99.1068,0.0967
324.119870352,99.01,99.1063,0.0963
324.15987033600004,99.01,99.1059,0.0958
324.19987031999995,99.01,99.1054,0.0954
324.23987030399996,99.01,99.105,0.0949
324.279870288,99.01,99.1045,0.0945
324.319870272,99.01,99.1041,0.0941
324.359870256,99.01,99.1037,0.0936
324.39987024,99.01,99.1032,0.0931
324.439870224,99.01,99.1027,0.0927
324.479870208,99.01,99.1023,0.0923
324.51987019200004,99.01,99.1018,0.0918
324.559870176,99.01,99.1014,0.0914
324.59987015999997,99.01,99.1009,0.0908
324.639870144,99.01,99.1004,0.0904
324.679870128,99.01,99.1,0.09
324.71987011199997,99.01,99.0995,0.0895
324.759870096,99.01,99.0991,0.089
324.79987008,99.01,99.0987,0.0886
324.839870064,99.01,99.0982,0.0881
324.879870048,99.01,99.0978,0.0877
324.919870032,99.01,99.0973,0.0873
324.959870016,99.01,99.0969,0.0869
324.99987,99.01,99.0965,0.0865
325.03986998399995,99.01,99.0961,0.086
325.07986996799997,99.01,99.0957,0.0856
325.119869952,99.01,99.0953,0.0852
325.159869936,99.01,99.0948,0.0848
325.19986991999997,99.01,99.0944,0.0843
325.239869904,99.01,99.094,0.0839
325.279869888,99.01,99.0935,0.0835
325.319869872,99.01,99.093,0.083
325.359869856,99.01,99.0926,0.0826
325.39986984,99.01,99.0922,0.0821
325.43986982399997,99.01,99.0917,0.0817
325.479869808,99.01,99.0913,0.0813
325.519869792,99.01,99.0909,0.0808
325.55986977599997,99.01,99.0903,0.0803
325.59986976,99.01,99.0899,0.0799
325.639869744,99.01,99.0894,0.0794
325.679869728,99.01,99.089,0.079
325.719869712,99.01,99.0886,0.0786
325.759869696,99.01,99.0882,0.0781
325.79986968000003,99.01,99.0878,0.0777
325.839869664,99.01,99.0874,0.0773
325.87986964799995,99.01,99.0869,0.0768
325.919869632,99.01,99.0865,0.0764
325.959869616,99.01,99.086,0.076
325.9998696,99.01,99.0856,0.0755
326.039869584,99.01,99.0852,0.0751
326.079869568,99.01,99.0847,0.0747
326.119869552,99.01,99.0843,0.0743
326.15986953600003,99.01,99.0839,0.0739
326.19986952,99.01,99.0835,0.0734
326.23986950399996,99.01,99.0831,0.073
326.279869488,99.01,99.0826,0.0725
326.319869472,99.01,99.0821,0.0721
326.359869456,99.01,99.0817,0.0717
326.39986944,99.01,99.0813,0.0712
326.439869424,99.01,99.0809,0.0708
326.479869408,99.01,99.0804,0.0704
326.51986939200003,99.01,99.08,0.0699
326.559869376,99.01,99.0795,0.0695
326.59986936,99.01,99.0791,0.0691
326.63986934400003,99.01,99.0787,0.0687
326.679869328,99.01,99.0784,0.0683
326.71986931199996,99.01,99.078,0.0679
326.759869296,99.01,99.0776,0.0675
326.79986928,99.01,99.0772,0.0671
326.839869264,99.01,99.0768,0.0668
326.879869248,99.01,99.0765,0.0665
326.919869232,99.01,99.0761,0.0661
326.959869216,99.01,99.0757,0.0657
326.99986920000003,99.01,99.0753,0.0653
327.039869184,99.01,99.0749,0.0648
327.07986916799996,99.01,99.0745,0.0645
327.119869152,99.01,99.0741,0.064
327.159869136,99.01,99.0737,0.0637
327.19986911999996,99.01,99.0733,0.0633
327.239869104,99.01,99.0729,0.0629
327.279869088,99.01,99.0726,0.0625
327.319869072,99.01,99.0722,0.0621
327.359869056,99.01,99.0718,0.0618
327.39986904,99.01,99.0714,0.0614
327.439869024,99.01,99.0711,0.061
327.479869008,99.01,99.0707,0.0607
327.519868992,99.01,99.0703,0.0603
327.55986897599996,99.01,99.07,0.0599
327.59986896,99.01,99.0696,0.0596
327.639868944,99.01,99.0692,0.0592
