t_ms,target_um,current_um,error_um
0.0,99.0,98.9996,-0.0003
0.9999995999999999,99.0,98.9994,-0.0005
1.9999991999999998,99.0,98.9996,-0.0003
2.9999987999999997,99.0,98.9999,-0.0
3.9999983999999995,99.0,99.0003,0.0003
4.999998,99.0,99.0002,0.0002
5.9999975999999995,99.0,99.0005,0.0005
6.999997199999999,99.0,99.0003,0.0003
7.999996799999999,99.0,99.0006,0.0006
8.999996399999999,99.0,99.0009,0.0009
9.999996,99.0,99.0019,0.0019
10.9999956,99.0,99.0022,0.0023
11.999995199999999,99.0,99.0021,0.0021
12.999994799999998,99.0,99.0013,0.0013
13.999994399999999,99.0,99.0006,0.0006
14.999994,99.0,99.0005,0.0005
15.999993599999998,99.0,99.0,0.0
16.9999932,99.0,98.9993,-0.0006
17.999992799999998,99.0,98.9985,-0.0014
18.9999924,99.0,98.9984,-0.0015
19.999992,99.0,98.9986,-0.0013
20.999991599999998,99.0,98.9986,-0.0013
21.9999912,99.0,98.9985,-0.0014
22.9999908,99.0,98.9989,-0.001
23.999990399999998,99.0,99.0,0.0
24.999989999999997,99.0,99.0,0.0
25.999989599999996,99.0,98.9991,-0.0008
26.999989199999998,99.0,98.9989,-0.001
27.999988799999997,99.0,99.0,0.0
28.999988399999996,99.0,99.0017,0.0017
29.999988,99.0,99.0026,0.0026
30.999987599999997,99.0,99.0029,0.0029
31.999987199999996,99.0,99.0034,0.0034
32.9999868,99.0,99.0036,0.0036
33.9999864,99.0,99.0027,0.0027
34.999986,99.0,99.0018,0.0018
35.999985599999995,99.0,99.0012,0.0012
36.9999852,99.0,99.0015,0.0015
37.9999848,99.0,99.0008,0.0008
38.999984399999995,99.0,98.9994,-0.0005
39.999984,99.0,98.9991,-0.0008
40.9999836,99.0,98.9989,-0.001
41.999983199999996,99.0,98.9992,-0.0007
42.9999828,99.0,98.9984,-0.0015
43.9999824,99.0,98.9982,-0.0017
44.999981999999996,99.0,98.9985,-0.0014
45.9999816,99.0,98.9992,-0.0007
46.99998119999999,99.0,98.9993,-0.0005
47.999980799999996,99.0,98.9991,-0.0008
48.9999804,99.0,98.9992,-0.0007
49.999979999999994,101.0,98.9998,-2.0001
50.999979599999996,101.0,99.0025,-1.9974
51.99997919999999,101.0,99.015,-1.9849
52.999978799999994,101.0,99.05,-1.9499
53.999978399999996,101.0,99.1159,-1.884
54.99997799999999,101.0,99.2137,-1.7862
55.999977599999994,101.0,99.3375,-1.6624
56.9999772,101.0,99.4797,-1.5202
57.99997679999999,101.0,99.6293,-1.3705
58.999976399999994,101.0,99.7732,-1.2267
59.999976,101.0,99.9051,-1.0948
60.99997559999999,101.0,100.0246,-0.9753
61.999975199999994,101.0,100.1343,-0.8656
62.9999748,101.0,100.2341,-0.7658
63.99997439999999,101.0,100.3231,-0.6768
64.999974,101.0,100.4026,-0.5973
65.9999736,101.0,100.4732,-0.5267
66.9999732,101.0,100.5358,-0.4641
67.9999728,101.0,100.5909,-0.409
68.9999724,101.0,100.6405,-0.3594
69.999972,101.0,100.6852,-0.3147
70.9999716,101.0,100.7247,-0.2752
71.99997119999999,101.0,100.7588,-0.2411
72.9999708,101.0,100.7893,-0.2106
73.9999704,101.0,100.8175,-0.1824
74.99996999999999,101.0,100.8426,-0.1573
75.9999696,101.0,100.8638,-0.1361
76.9999692,101.0,100.8824,-0.1175
77.99996879999999,101.0,100.9001,-0.0998
78.9999684,101.0,100.9167,-0.0832
79.999968,101.0,100.9309,-0.069
80.99996759999999,101.0,100.9428,-0.0571
81.9999672,101.0,100.9537,-0.0462
82.9999668,101.0,100.9648,-0.0351
83.99996639999999,101.0,100.9753,-0.0245
84.999966,101.0,100.9838,-0.0161
85.9999656,101.0,100.9912,-0.0087
86.99996519999999,101.0,100.9987,-0.0012
87.9999648,101.0,101.0063,0.0064
88.9999644,101.0,101.013,0.013
89.99996399999999,101.0,101.0179,0.0179
90.99996359999999,101.0,101.0227,0.0227
91.9999632,101.0,101.0277,0.0277
92.99996279999999,101.0,101.0319,0.0319
93.99996239999999,101.0,101.0347,0.0347
94.999962,101.0,101.0368,0.0368
95.99996159999999,101.0,101.0388,0.0389
96.99996119999999,101.0,101.0411,0.0411
97.9999608,101.0,101.0423,0.0423
98.99996039999999,101.0,101.0432,0.0432
99.99995999999999,101.0,101.0446,0.0446
100.9999596,101.0,101.0468,0.0468
101.99995919999999,101.0,101.0492,0.0492
102.99995879999999,101.0,101.0507,0.0507
103.99995839999998,101.0,101.0519,0.0519
104.99995799999999,101.0,101.0526,0.0526
105.99995759999999,101.0,101.0529,0.0529
106.99995719999998,101.0,101.0525,0.0525
107.99995679999999,101.0,101.0519,0.0519
108.99995639999999,101.0,101.052,0.052
109.99995599999998,101.0,101.0528,0.0528
110.99995559999999,101.0,101.0536,0.0536
111.99995519999999,101.0,101.0539,0.0539
112.99995479999998,101.0,101.053,0.053
113.9999544,101.0,101.0521,0.0521
114.99995399999999,101.0,101.0514,0.0514
115.99995359999998,101.0,101.0511,0.0512
116.9999532,101.0,101.05,0.05
117.99995279999999,101.0,101.048,0.048
118.99995239999998,101.0,101.0458,0.0458
119.999952,101.0,101.0453,0.0453
120.99995159999999,101.0,101.0452,0.0452
121.99995119999998,101.0,101.0442,0.0442
122.99995079999998,101.0,101.0425,0.0426
123.99995039999999,101.0,101.0418,0.0418
124.99994999999998,101.0,101.042,0.042
125.9999496,101.0,101.0418,0.0418
126.99994919999999,101.0,101.0399,0.0399
127.99994879999998,101.0,101.038,0.038
128.9999484,101.0,101.0372,0.0372
129.999948,101.0,101.0368,0.0368
130.99994759999998,101.0,101.036,0.0361
131.9999472,101.0,101.0349,0.0349
132.9999468,101.0,101.034,0.034
133.9999464,101.0,101.0332,0.0332
134.999946,101.0,101.0322,0.0322
135.9999456,101.0,101.0308,0.0308
136.99994519999998,101.0,101.0297,0.0297
137.9999448,101.0,101.0292,0.0292
138.9999444,101.0,101.0285,0.0285
139.999944,101.0,101.0273,0.0273
140.9999436,101.0,101.0258,0.0258
141.9999432,101.0,101.0243,0.0243
142.99994279999999,101.0,101.0238,0.0238
143.99994239999998,101.0,101.0232,0.0232
144.999942,101.0,101.0216,0.0216
145.9999416,101.0,101.0196,0.0196
146.9999412,101.0,101.0182,0.0182
147.9999408,101.0,101.0176,0.0176
148.99994039999999,101.0,101.0178,0.0178
149.99993999999998,101.0,101.0178,0.0178
150.9999396,101.0,101.0175,0.0175
151.9999392,101.0,101.0176,0.0176
152.9999388,101.0,101.018,0.018
153.9999384,101.0,101.0177,0.0177
154.999938,101.0,101.0173,0.0173
155.99993759999998,101.0,101.0164,0.0164
156.9999372,101.0,101.0157,0.0157
157.9999368,101.0,101.0143,0.0143
158.9999364,101.0,101.0131,0.0131
159.999936,101.0,101.0119,0.0119
160.9999356,101.0,101.0111,0.0111
161.99993519999998,101.0,101.0105,0.0105
162.99993479999998,101.0,101.0101,0.0101
163.9999344,101.0,101.01,0.01
164.999934,101.0,101.0099,0.0099
165.9999336,101.0,101.0093,0.0094
166.9999332,101.0,101.0087,0.0087
167.99993279999998,101.0,101.0084,0.0085
168.99993239999998,101.0,101.0087,0.0087
169.999932,101.0,101.0091,0.0091
170.9999316,101.0,101.009,0.009
171.9999312,101.0,101.0087,0.0087
172.9999308,101.0,101.0082,0.0082
173.99993039999998,101.0,101.0075,0.0075
174.99992999999998,101.0,101.0068,0.0068
175.9999296,101.0,101.0066,0.0066
176.9999292,101.0,101.0065,0.0065
177.9999288,101.0,101.0064,0.0064
178.9999284,101.0,101.0062,0.0062
179.99992799999998,101.0,101.0054,0.0055
180.99992759999998,101.0,101.0046,0.0046
181.99992719999997,101.0,101.0039,0.0039
182.9999268,101.0,101.0042,0.0042
183.9999264,101.0,101.0052,0.0052
184.999926,101.0,101.0053,0.0053
185.99992559999998,101.0,101.0045,0.0045
186.99992519999998,101.0,101.0036,0.0036
187.99992479999997,101.0,101.0033,0.0033
188.9999244,101.0,101.0033,0.0033
189.999924,101.0,101.0032,0.0033
190.9999236,101.0,101.0032,0.0032
191.99992319999998,101.0,101.0028,0.0029
192.99992279999998,101.0,101.0023,0.0023
193.99992239999997,101.0,101.002,0.002
194.99992199999997,101.0,101.0022,0.0023
195.9999216,101.0,101.003,0.003
196.9999212,101.0,101.0033,0.0034
197.99992079999998,101.0,101.0032,0.0033
198.99992039999998,101.0,101.0026,0.0026
199.99991999999997,101.0,101.0022,0.0022
200.99991959999997,101.0,101.0022,0.0022
201.9999192,101.0,101.0023,0.0023
202.9999188,101.0,101.0024,0.0024
203.99991839999998,101.0,101.003,0.003
204.99991799999998,101.0,101.0035,0.0035
205.99991759999997,101.0,101.0031,0.0031
206.99991719999997,101.0,101.0022,0.0022
207.99991679999997,101.0,101.0015,0.0015
208.9999164,101.0,101.0017,0.0017
209.99991599999998,101.0,101.0022,0.0023
210.99991559999998,101.0,101.0023,0.0023
211.99991519999998,101.0,101.0019,0.0019
212.99991479999997,101.0,101.0013,0.0014
213.99991439999997,101.0,101.0017,0.0017
214.999914,101.0,101.002,0.002
215.99991359999999,101.0,101.0025,0.0025
216.99991319999998,101.0,101.0026,0.0026
217.99991279999998,101.0,101.0031,0.0031
218.99991239999997,101.0,101.003,0.003
219.99991199999997,101.0,101.0023,0.0023
220.9999116,101.0,101.0011,0.0011
221.99991119999999,101.0,101.0003,0.0003
222.99991079999998,101.0,100.9993,-0.0006
223.99991039999998,101.0,100.999,-0.0009
224.99990999999997,101.0,100.9989,-0.0009
225.99990959999997,101.0,100.9988,-0.0011
226.99990919999996,101.0,100.9987,-0.0012
227.9999088,101.0,100.9986,-0.0013
228.99990839999998,101.0,100.9987,-0.0012
229.99990799999998,101.0,100.9988,-0.0011
230.99990759999997,101.0,100.9989,-0.001
231.99990719999997,101.0,100.9991,-0.0008
232.99990679999996,101.0,100.9992,-0.0006
233.9999064,101.0,100.9988,-0.001
234.99990599999998,101.0,100.9992,-0.0007
235.99990559999998,101.0,100.9995,-0.0004
236.99990519999997,101.0,100.9999,-0.0
237.99990479999997,101.0,100.9996,-0.0003
238.99990439999996,101.0,100.999,-0.0009
239.999904,101.0,100.9988,-0.0011
240.99990359999998,101.0,100.9983,-0.0016
241.99990319999998,101.0,100.9984,-0.0015
242.99990279999997,101.0,100.9986,-0.0013
243.99990239999997,101.0,100.9997,-0.0002
244.99990199999996,101.0,101.0,0.0
245.99990159999996,101.0,100.9999,-0.0
246.99990119999998,101.0,100.9995,-0.0004
247.99990079999998,101.0,100.9999,-0.0
248.99990039999997,101.0,101.0007,0.0007
249.99989999999997,101.0,101.0009,0.0009
250.99989959999996,101.0,101.0008,0.0008
251.9998992,101.0,101.0007,0.0007
252.99989879999995,101.0,101.0007,0.0007
253.99989839999998,101.0,101.0007,0.0007
254.99989799999994,101.0,101.0007,0.0007
255.99989759999997,101.0,101.001,0.001
256.9998972,101.0,101.001,0.001
257.9998968,101.0,101.0006,0.0006
258.9998964,101.0,101.0001,0.0001
259.999896,101.0,101.0,0.0
260.9998956,101.0,101.0,0.0
261.99989519999997,101.0,100.9998,-0.0001
262.9998948,101.0,100.9996,-0.0003
263.9998944,101.0,100.9998,-0.0001
264.999894,101.0,101.0,0.0
265.9998936,101.0,100.9994,-0.0005
266.9998932,101.0,100.9986,-0.0013
267.9998928,101.0,100.9986,-0.0013
268.9998924,101.0,100.9991,-0.0007
269.999892,101.0,100.9999,-0.0
270.9998916,101.0,100.9997,-0.0002
271.9998912,101.0,100.9997,-0.0002
272.9998908,101.0,100.9993,-0.0006
273.99989039999997,101.0,100.9992,-0.0007
274.99989,101.0,100.9994,-0.0005
275.9998896,101.0,101.0,0.0
276.9998892,101.0,101.0005,0.0005
277.9998888,101.0,101.0005,0.0005
278.9998884,101.0,101.0003,0.0003
279.999888,101.0,101.0005,0.0006
280.99988759999997,101.0,101.0007,0.0007
281.9998872,101.0,101.0008,0.0008
282.9998868,101.0,101.0003,0.0003
283.9998864,101.0,101.0004,0.0004
284.999886,101.0,101.0003,0.0004
285.99988559999997,101.0,101.0,0.0
286.9998852,101.0,100.9999,-0.0
287.99988479999996,101.0,101.0001,0.0001
288.9998844,101.0,101.0006,0.0006
289.999884,101.0,101.0008,0.0008
290.9998836,101.0,101.0007,0.0007
291.9998832,101.0,101.0007,0.0007
292.99988279999997,101.0,101.0009,0.0009
293.9998824,101.0,101.0012,0.0012
294.999882,101.0,101.0017,0.0017
295.9998816,101.0,101.0021,0.0021
296.9998812,101.0,101.0021,0.0021
297.99988079999997,101.0,101.0019,0.0019
298.9998804,101.0,101.0015,0.0015
299.99987999999996,101.0,101.0012,0.0012
300.9998796,101.0,101.0011,0.0012
301.9998792,101.0,101.001,0.001
302.9998788,101.0,101.0009,0.0009
303.9998784,101.0,101.0012,0.0012
304.99987799999997,101.0,101.0011,0.0011
305.9998776,101.0,101.0007,0.0007
306.99987719999996,101.0,100.9998,-0.0001
307.9998768,101.0,100.9994,-0.0005
308.9998764,101.0,100.9993,-0.0006
309.999876,101.0,100.9995,-0.0004
310.9998756,101.0,100.9991,-0.0008
311.99987519999996,101.0,100.9989,-0.001
312.9998748,101.0,100.9984,-0.0015
313.9998744,101.0,100.9989,-0.001
314.999874,101.0,100.9991,-0.0008
315.9998736,101.0,100.9993,-0.0006
316.99987319999997,101.0,100.9993,-0.0006
317.9998728,101.0,100.9993,-0.0006
318.99987239999996,101.0,100.9993,-0.0006
319.999872,101.0,100.9995,-0.0004
320.9998716,101.0,100.9994,-0.0005
321.9998712,101.0,100.9998,-0.0001
322.9998708,101.0,100.9998,-0.0001
323.99987039999996,101.0,101.0001,0.0001
324.99987,101.0,101.0001,0.0001
325.99986959999995,101.0,100.9996,-0.0003
326.9998692,101.0,100.9993,-0.0006
327.9998688,101.0,100.999,-0.0009
328.99986839999997,101.0,100.9994,-0.0005
329.999868,101.0,101.0,0.0
330.99986759999996,101.0,101.0004,0.0004
331.9998672,101.0,101.0009,0.0009
332.9998668,101.0,101.0011,0.0012
333.9998664,101.0,101.0011,0.0011
334.999866,101.0,101.0013,0.0013
335.99986559999996,101.0,101.001,0.001
336.9998652,101.0,101.0011,0.0011
337.99986479999995,101.0,101.0009,0.0009
338.9998644,101.0,101.001,0.001
339.999864,101.0,101.0008,0.0009
340.99986359999997,101.0,101.0008,0.0008
341.9998632,101.0,101.0008,0.0008
342.99986279999996,101.0,101.0009,0.0009
343.9998624,101.0,101.0014,0.0014
344.99986199999995,101.0,101.0014,0.0014
345.9998616,101.0,101.001,0.001
346.9998612,101.0,101.0005,0.0005
347.99986079999996,101.0,101.0002,0.0003
348.9998604,101.0,101.0004,0.0004
349.99985999999996,101.0,101.0006,0.0006
350.9998596,101.0,101.0008,0.0008
351.9998592,101.0,101.0012,0.0012
352.99985879999997,101.0,101.0009,0.0009
353.9998584,101.0,101.0003,0.0003
354.99985799999996,101.0,100.9998,-0.0001
355.9998576,101.0,101.0001,0.0001
356.99985719999995,101.0,101.0004,0.0004
357.9998568,101.0,101.0,0.0
358.9998564,101.0,100.9991,-0.0008
359.99985599999997,101.0,100.9981,-0.0018
360.9998556,101.0,100.9981,-0.0018
361.99985519999996,101.0,100.9979,-0.002
362.9998548,101.0,100.9986,-0.0013
363.99985439999995,101.0,100.9991,-0.0008
364.99985399999997,101.0,100.9997,-0.0002
365.9998536,101.0,100.9995,-0.0004
366.99985319999996,101.0,100.9995,-0.0003
367.9998528,101.0,100.9997,-0.0002
368.99985239999995,101.0,101.0003,0.0003
369.999852,101.0,101.0013,0.0013
370.99985159999994,101.0,101.0015,0.0015
371.99985119999997,101.0,101.0014,0.0014
372.9998508,101.0,101.0007,0.0007
373.99985039999996,101.0,101.0001,0.0001
374.99985,101.0,100.9999,-0.0
375.99984959999995,101.0,101.0001,0.0001
376.99984919999997,101.0,100.9999,0.0
377.9998488,101.0,100.9995,-0.0004
378.99984839999996,101.0,100.9988,-0.0011
379.999848,101.0,100.9982,-0.0017
380.99984759999995,101.0,100.9979,-0.002
381.9998472,101.0,100.9983,-0.0016
382.99984679999994,101.0,100.9992,-0.0007
383.99984639999997,101.0,101.0003,0.0003
384.999846,101.0,101.001,0.001
385.99984559999996,101.0,101.001,0.001
386.9998452,101.0,101.0007,0.0007
387.99984479999995,101.0,101.0003,0.0003
388.9998444,101.0,101.0006,0.0006
389.99984399999994,101.0,101.0006,0.0006
390.99984359999996,101.0,101.0006,0.0006
391.9998432,101.0,101.0004,0.0004
392.99984279999995,101.0,101.0,0.0
393.9998424,101.0,100.9989,-0.001
394.99984199999994,101.0,100.9978,-0.0021
395.99984159999997,101.0,100.9972,-0.0027
396.9998412,101.0,100.9971,-0.0027
397.99984079999996,101.0,100.9973,-0.0026
398.9998404,101.0,100.9969,-0.003
399.99983999999995,101.0,100.9967,-0.0032
400.9998396,101.0,100.997,-0.0029
401.99983919999994,101.0,100.9976,-0.0023
402.99983879999996,101.0,100.9984,-0.0015
403.9998384,101.0,100.9992,-0.0007
404.99983799999995,101.0,100.9998,-0.0001
405.9998376,101.0,101.0,0.0
406.99983719999994,101.0,101.0002,0.0003
407.99983679999997,101.0,101.0005,0.0005
408.99983639999994,101.0,101.0011,0.0011
409.99983599999996,101.0,101.0013,0.0013
410.9998356,101.0,101.0016,0.0016
411.99983519999995,101.0,101.0017,0.0017
412.9998348,101.0,101.0016,0.0016
413.99983439999994,101.0,101.001,0.001
414.99983399999996,101.0,101.0004,0.0004
415.99983359999993,101.0,100.9999,-0.0
416.99983319999996,101.0,100.9997,-0.0002
417.9998328,101.0,100.9993,-0.0006
418.99983239999995,101.0,100.999,-0.0009
419.99983199999997,101.0,100.9989,-0.001
420.99983159999994,101.0,100.9994,-0.0005
421.99983119999996,101.0,100.9999,-0.0
422.9998308,101.0,101.0005,0.0005
423.99983039999995,101.0,101.0014,0.0014
424.99983,101.0,101.0017,0.0017
425.99982959999994,101.0,101.002,0.002
426.99982919999997,101.0,101.0018,0.0018
427.99982879999993,101.0,101.0017,0.0017
428.99982839999996,101.0,101.0015,0.0015
429.999828,101.0,101.0011,0.0011
430.99982759999995,101.0,101.0001,0.0001
431.99982719999997,101.0,100.9991,-0.0008
432.99982679999994,101.0,100.9984,-0.0015
433.99982639999996,101.0,100.9981,-0.0018
434.9998259999999,101.0,100.9978,-0.0021
435.99982559999995,101.0,100.9981,-0.0018
436.9998252,101.0,100.9983,-0.0016
437.99982479999994,101.0,100.9985,-0.0014
438.99982439999997,101.0,100.9979,-0.002
439.99982399999993,101.0,100.9979,-0.002
440.99982359999996,101.0,100.9983,-0.0015
441.9998232,101.0,100.9994,-0.0005
442.99982279999995,101.0,100.9994,-0.0005
443.99982239999997,101.0,100.9996,-0.0003
444.99982199999994,101.0,100.9998,-0.0001
445.99982159999996,101.0,101.0005,0.0005
446.99982119999993,101.0,101.0011,0.0011
447.99982079999995,101.0,101.0013,0.0013
448.9998204,101.0,101.0014,0.0014
449.99981999999994,101.0,101.0016,0.0016
450.99981959999997,101.0,101.0021,0.0021
451.99981919999993,101.0,101.0021,0.0021
452.99981879999996,101.0,101.002,0.002
453.9998183999999,101.0,101.0011,0.0012
454.99981799999995,101.0,101.0005,0.0005
455.9998176,101.0,101.0002,0.0002
456.99981719999994,101.0,101.0001,0.0001
457.99981679999996,101.0,101.0,0.0
458.99981639999993,101.0,100.9999,-0.0
459.99981599999995,101.0,101.0,0.0
460.9998156,101.0,101.0003,0.0003
461.99981519999994,101.0,101.0004,0.0004
462.99981479999997,101.0,101.0004,0.0005
463.99981439999993,101.0,101.0007,0.0007
464.99981399999996,101.0,101.0009,0.0009
465.9998135999999,101.0,101.0007,0.0007
466.99981319999995,101.0,101.0004,0.0004
467.9998128,101.0,101.0005,0.0005
468.99981239999994,101.0,101.0008,0.0009
469.99981199999996,101.0,101.0006,0.0006
470.99981159999993,101.0,101.0001,0.0001
471.99981119999995,101.0,101.0001,0.0001
472.9998107999999,101.0,101.0007,0.0008
473.99981039999994,101.0,101.0013,0.0014
474.99980999999997,101.0,101.0013,0.0013
475.99980959999994,101.0,101.0009,0.0009
476.99980919999996,101.0,101.0003,0.0003
477.9998087999999,101.0,100.9993,-0.0006
478.99980839999995,101.0,100.9982,-0.0017
479.999808,101.0,100.9974,-0.0025
480.99980759999994,101.0,100.9972,-0.0026
481.99980719999996,101.0,100.9971,-0.0028
482.99980679999993,101.0,100.9973,-0.0026
483.99980639999995,101.0,100.9978,-0.0021
484.9998059999999,101.0,100.9988,-0.0011
485.99980559999995,101.0,100.9991,-0.0008
486.99980519999997,101.0,100.9995,-0.0004
487.99980479999994,101.0,100.9995,-0.0004
488.99980439999996,101.0,101.0002,0.0002
489.9998039999999,101.0,101.0008,0.0008
490.99980359999995,101.0,101.0014,0.0014
491.9998031999999,101.0,101.0019,0.0019
492.99980279999994,101.0,101.0016,0.0016
493.99980239999996,101.0,101.0009,0.0009
494.99980199999993,101.0,101.0,0.0
495.99980159999996,101.0,100.9998,-0.0001
496.9998011999999,101.0,101.0,0.0
497.99980079999995,101.0,100.9999,-0.0
498.9998003999999,101.0,100.999,-0.0009
499.99979999999994,101.0,100.9987,-0.0011
500.99979959999996,101.0,100.999,-0.0009
501.9997991999999,101.0,100.9996,-0.0002
502.9997987999999,101.0,101.0002,0.0002
503.9997984,101.0,101.0011,0.0012
504.99979799999994,101.0,101.002,0.0021
505.9997975999999,101.0,101.0025,0.0026
506.9997972,101.0,101.0024,0.0024
507.99979679999996,101.0,101.0024,0.0024
508.9997963999999,101.0,101.0029,0.0029
509.9997959999999,101.0,101.0033,0.0033
510.99979559999997,101.0,101.0035,0.0035
511.99979519999994,101.0,101.0033,0.0033
512.9997947999999,101.0,101.0033,0.0033
513.9997944,101.0,101.0031,0.0031
514.999794,101.0,101.003,0.003
515.9997936,101.0,101.0025,0.0025
516.9997931999999,101.0,101.002,0.002
517.9997928,101.0,101.001,0.001
518.9997923999999,101.0,100.9998,-0.0001
519.999792,101.0,100.9984,-0.0015
520.9997916,101.0,100.9981,-0.0018
521.9997912,101.0,100.9983,-0.0016
522.9997907999999,101.0,100.9987,-0.0012
523.9997903999999,101.0,100.9993,-0.0006
524.99979,101.0,100.9992,-0.0006
525.9997896,101.0,100.9995,-0.0004
526.9997891999999,101.0,100.9995,-0.0004
527.9997888,101.0,101.0,0.0
528.9997883999999,101.0,101.0013,0.0013
529.999788,101.0,101.0022,0.0022
530.9997875999999,101.0,101.0026,0.0026
531.9997872,101.0,101.0028,0.0028
532.9997867999999,101.0,101.0028,0.0028
533.9997864,101.0,101.0024,0.0024
534.999786,101.0,101.0019,0.0019
535.9997856,101.0,101.0014,0.0014
536.9997851999999,101.0,101.0011,0.0011
537.9997848,101.0,101.0005,0.0005
538.9997844,101.0,100.9995,-0.0004
539.999784,101.0,100.9991,-0.0008
540.9997835999999,101.0,100.9988,-0.0011
541.9997832,101.0,100.9993,-0.0006
542.9997827999999,101.0,101.0,0.0001
543.9997824,101.0,101.0012,0.0013
544.999782,101.0,101.0015,0.0015
545.9997816,101.0,101.0018,0.0018
546.9997811999999,101.0,101.0017,0.0017
547.9997807999999,101.0,101.0023,0.0023
548.9997804,101.0,101.0026,0.0026
549.99978,101.0,101.0027,0.0027
550.9997795999999,101.0,101.0024,0.0024
551.9997792,101.0,101.0022,0.0022
552.9997788,101.0,101.0017,0.0017
553.9997784,101.0,101.0008,0.0009
554.9997779999999,101.0,101.0002,0.0002
555.9997776,101.0,100.9998,-0.0001
556.9997771999999,101.0,100.9993,-0.0006
557.9997768,101.0,100.9986,-0.0013
558.9997764,101.0,100.9979,-0.002
559.999776,101.0,100.998,-0.0019
560.9997755999999,101.0,100.9982,-0.0016
561.9997751999999,101.0,100.9985,-0.0014
562.9997748,101.0,100.9989,-0.001
563.9997744,101.0,100.9994,-0.0005
564.9997739999999,101.0,100.9996,-0.0002
565.9997736,101.0,100.9999,-0.0
566.9997731999999,101.0,101.0002,0.0002
567.9997728,101.0,101.0008,0.0009
568.9997723999999,101.0,101.0015,0.0015
569.999772,101.0,101.0015,0.0015
570.9997715999999,101.0,101.0014,0.0014
571.9997711999999,101.0,101.0011,0.0011
572.9997708,101.0,101.0013,0.0013
573.9997704,101.0,101.0011,0.0011
574.9997699999999,101.0,101.0005,0.0006
575.9997695999999,101.0,100.9998,-0.0001
576.9997692,101.0,100.999,-0.0009
577.9997688,101.0,100.9986,-0.0013
578.9997683999999,101.0,100.9981,-0.0018
579.999768,101.0,100.9975,-0.0024
580.9997675999999,101.0,100.9974,-0.0025
581.9997672,101.0,100.9973,-0.0026
582.9997668,101.0,100.9977,-0.0022
583.9997664,101.0,100.9987,-0.0012
584.9997659999999,101.0,100.9994,-0.0005
585.9997655999999,101.0,100.9993,-0.0006
586.9997652,101.0,100.9995,-0.0004
587.9997648,101.0,101.0,0.0
588.9997643999999,101.0,101.0014,0.0014
589.999764,101.0,101.0026,0.0026
590.9997635999999,101.0,101.0033,0.0033
591.9997632,101.0,101.0032,0.0033
592.9997627999999,101.0,101.0028,0.0028
593.9997624,101.0,101.0021,0.0021
594.9997619999999,101.0,101.0013,0.0013
595.9997615999999,101.0,101.0007,0.0007
596.9997612,101.0,101.0003,0.0003
597.9997608,101.0,101.0,0.0
598.9997603999999,101.0,100.9995,-0.0004
599.9997599999999,101.0,100.9989,-0.001
600.9997596,101.0,100.9985,-0.0014
601.9997592,101.0,100.9984,-0.0015
602.9997587999999,101.0,100.9979,-0.002
603.9997584,101.0,100.9981,-0.0018
604.9997579999999,101.0,100.9985,-0.0014
605.9997576,101.0,100.999,-0.0009
606.9997571999999,101.0,100.9992,-0.0007
607.9997568,101.0,100.9994,-0.0005
608.9997563999999,101.0,101.0001,0.0001
609.9997559999999,101.0,101.001,0.001
610.9997556,101.0,101.0017,0.0017
611.9997552,101.0,101.0019,0.0019
612.9997547999999,101.0,101.0017,0.0017
613.9997543999999,101.0,101.0014,0.0015
614.9997539999999,101.0,101.0012,0.0012
615.9997536,101.0,101.0016,0.0017
616.9997531999999,101.0,101.0014,0.0014
617.9997528,101.0,101.0012,0.0012
618.9997523999999,101.0,101.0002,0.0002
619.999752,101.0,100.9994,-0.0005
620.9997516,101.0,100.9988,-0.0011
621.9997512,101.0,100.9983,-0.0016
622.9997507999999,101.0,100.9984,-0.0015
623.9997503999999,101.0,100.9988,-0.0011
624.99975,101.0,100.9991,-0.0008
625.9997496,101.0,100.9993,-0.0006
626.9997491999999,101.0,100.9989,-0.0009
627.9997488,101.0,100.9995,-0.0004
628.9997483999999,101.0,101.0002,0.0002
629.999748,101.0,101.0009,0.0009
630.9997475999999,101.0,101.0009,0.0009
631.9997472,101.0,101.0008,0.0008
632.9997467999999,101.0,101.001,0.001
633.9997463999999,101.0,101.0012,0.0012
634.999746,101.0,101.0013,0.0013
635.9997456,101.0,101.0011,0.0011
636.9997451999999,101.0,101.0008,0.0008
637.9997447999999,101.0,101.0001,0.0001
638.9997443999999,101.0,100.9994,-0.0005
639.999744,101.0,100.9992,-0.0007
640.9997435999999,101.0,100.9985,-0.0014
641.9997432,101.0,100.9979,-0.002
642.9997427999999,101.0,100.9972,-0.0027
643.9997424,101.0,100.9976,-0.0023
644.9997419999999,101.0,100.9978,-0.0021
645.9997416,101.0,100.9974,-0.0025
646.9997411999999,101.0,100.9971,-0.0027
647.9997407999999,101.0,100.998,-0.0019
648.9997404,101.0,100.9994,-0.0005
649.99974,101.0,101.0007,0.0007
650.9997395999999,101.0,101.0008,0.0009
651.9997391999999,101.0,101.0013,0.0013
652.9997387999999,101.0,101.0016,0.0016
653.9997384,101.0,101.0022,0.0022
654.9997379999999,101.0,101.0025,0.0025
655.9997376,101.0,101.0028,0.0028
656.9997371999999,101.0,101.0027,0.0027
657.9997367999999,101.0,101.0019,0.0019
658.9997363999998,101.0,101.0009,0.0009
659.999736,101.0,101.0,0.0
660.9997355999999,101.0,100.9992,-0.0007
661.9997351999999,101.0,100.9987,-0.0012
662.9997347999999,101.0,100.9981,-0.0018
663.9997344,101.0,100.9978,-0.0021
664.9997339999999,101.0,100.998,-0.0019
665.9997336,101.0,100.9978,-0.0021
666.9997331999999,101.0,100.9981,-0.0018
667.9997328,101.0,100.9988,-0.0011
668.9997323999999,101.0,101.0001,0.0001
669.999732,101.0,101.0015,0.0015
670.9997315999999,101.0,101.0021,0.0021
671.9997311999999,101.0,101.0025,0.0025
672.9997308,101.0,101.0023,0.0023
673.9997304,101.0,101.0016,0.0016
674.9997299999999,101.0,101.0008,0.0008
675.9997295999999,101.0,101.0004,0.0004
676.9997291999999,101.0,101.0002,0.0002
677.9997288,101.0,100.9996,-0.0002
678.9997283999999,101.0,100.9986,-0.0013
679.999728,101.0,100.9977,-0.0022
680.9997275999999,101.0,100.9976,-0.0023
681.9997271999999,101.0,100.9976,-0.0023
682.9997267999998,101.0,100.9972,-0.0027
683.9997264,101.0,100.9973,-0.0026
684.9997259999999,101.0,100.9976,-0.0023
685.9997255999999,101.0,100.9978,-0.0021
686.9997252,101.0,100.9976,-0.0023
687.9997248,101.0,100.9973,-0.0026
688.9997243999999,101.0,100.9987,-0.0012
689.9997239999999,101.0,100.9998,-0.0001
690.9997235999999,101.0,101.0012,0.0012
691.9997232,101.0,101.0015,0.0015
692.9997227999999,101.0,101.0014,0.0014
693.9997224,101.0,101.0011,0.0011
694.9997219999999,101.0,101.0012,0.0012
695.9997215999999,101.0,101.0017,0.0017
696.9997211999998,101.0,101.0016,0.0016
697.9997208,101.0,101.0014,0.0014
698.9997203999999,101.0,101.0008,0.0008
699.9997199999999,101.0,101.0005,0.0005
700.9997195999999,101.0,100.9998,-0.0001
701.9997192,101.0,100.9989,-0.001
702.9997187999999,101.0,100.9981,-0.0018
703.9997184,101.0,100.9979,-0.0019
704.9997179999999,101.0,100.9979,-0.002
705.9997175999999,101.0,100.998,-0.0019
706.9997171999998,101.0,100.9977,-0.0022
707.9997168,101.0,100.9982,-0.0017
708.9997163999999,101.0,100.9994,-0.0005
709.9997159999999,101.0,101.0004,0.0004
710.9997156,101.0,101.0012,0.0012
711.9997152,101.0,101.0018,0.0018
712.9997147999999,101.0,101.0025,0.0025
713.9997143999999,101.0,101.0031,0.0031
714.9997139999999,101.0,101.0034,0.0034
715.9997136,101.0,101.0034,0.0034
716.9997131999999,101.0,101.0028,0.0028
717.9997128,101.0,101.0018,0.0018
718.9997123999999,101.0,101.0001,0.0001
719.9997119999999,101.0,100.9988,-0.0011
720.9997115999998,101.0,100.9979,-0.002
721.9997112,101.0,100.9973,-0.0026
722.9997107999999,101.0,100.9963,-0.0035
723.9997103999999,101.0,100.9961,-0.0038
724.9997099999999,101.0,100.9958,-0.0041
725.9997096,101.0,100.9961,-0.0038
726.9997091999999,101.0,100.9962,-0.0037
727.9997087999999,101.0,100.997,-0.0029
728.9997083999999,101.0,100.9984,-0.0015
729.9997079999999,101.0,100.9999,-0.0
730.9997075999999,101.0,101.0013,0.0013
731.9997072,101.0,101.002,0.002
732.9997067999999,101.0,101.0022,0.0022
733.9997063999999,101.0,101.0021,0.0021
734.9997059999998,101.0,101.0022,0.0022
735.9997056,101.0,101.0027,0.0027
736.9997051999999,101.0,101.0023,0.0023
737.9997047999999,101.0,101.0017,0.0017
738.9997043999999,101.0,101.0008,0.0008
739.999704,101.0,101.0,0.0
740.9997035999999,101.0,100.9999,-0.0
741.9997031999999,101.0,100.9997,-0.0002
742.9997027999999,101.0,100.9996,-0.0002
743.9997023999999,101.0,101.0,0.0
744.9997019999998,101.0,101.0002,0.0002
745.9997016,101.0,101.0002,0.0002
746.9997011999999,101.0,100.9998,-0.0001
747.9997007999999,101.0,100.9998,-0.0
748.9997003999999,101.0,101.0004,0.0005
749.9997,101.0,101.0013,0.0013
750.9996995999999,101.0,101.0019,0.0019
751.9996991999999,101.0,101.0021,0.0021
752.9996987999999,101.0,101.0022,0.0022
753.9996983999999,101.0,101.0022,0.0022
754.9996979999999,101.0,101.0021,0.0021
755.9996976,101.0,101.0022,0.0022
756.9996971999999,101.0,101.002,0.002
757.9996967999999,101.0,101.0012,0.0012
758.9996963999998,101.0,101.0002,0.0002
759.999696,101.0,100.9993,-0.0006
760.9996955999999,101.0,100.9987,-0.0011
761.9996951999999,101.0,100.9981,-0.0018
762.9996947999999,101.0,100.9973,-0.0026
763.9996944,101.0,100.9967,-0.0032
764.9996939999999,101.0,100.9961,-0.0038
765.9996935999999,101.0,100.9953,-0.0046
766.9996931999999,101.0,100.9949,-0.005
767.9996927999999,101.0,100.9954,-0.0045
768.9996923999998,101.0,100.9971,-0.0028
769.999692,101.0,100.9985,-0.0014
770.9996915999999,101.0,100.9996,-0.0003
771.9996911999999,101.0,101.0,0.0
772.9996907999998,101.0,101.0007,0.0007
773.9996904,101.0,101.0013,0.0013
774.9996899999999,101.0,101.002,0.002
775.9996895999999,101.0,101.0026,0.0026
776.9996891999999,101.0,101.0023,0.0023
777.9996888,101.0,101.0015,0.0015
778.9996883999999,101.0,101.0,0.0
779.9996879999999,101.0,100.9992,-0.0007
780.9996875999999,101.0,100.9982,-0.0017
781.9996871999999,101.0,100.9974,-0.0025
782.9996867999998,101.0,100.9966,-0.0033
783.9996864,101.0,100.9964,-0.0035
784.9996859999999,101.0,100.9966,-0.0033
785.9996855999999,101.0,100.9968,-0.0031
786.9996851999998,101.0,100.997,-0.0029
787.9996848,101.0,100.9976,-0.0023
788.9996843999999,101.0,100.9984,-0.0015
789.9996839999999,101.0,100.9993,-0.0006
790.9996835999999,101.0,100.9996,-0.0003
791.9996831999999,101.0,101.0004,0.0004
792.9996827999998,101.0,101.0012,0.0012
793.9996824,101.0,101.0019,0.0019
794.9996819999999,101.0,101.0022,0.0022
795.9996815999999,101.0,101.0026,0.0026
796.9996811999998,101.0,101.0032,0.0033
797.9996808,101.0,101.0029,0.0029
798.9996803999999,101.0,101.0023,0.0024
799.9996799999999,101.0,101.0018,0.0018
800.9996795999999,101.0,101.0011,0.0011
801.9996792,101.0,100.9996,-0.0002
802.9996787999999,101.0,100.9985,-0.0014
803.9996783999999,101.0,100.9979,-0.002
804.9996779999999,101.0,100.9978,-0.0021
805.9996775999999,101.0,100.9978,-0.0021
806.9996771999998,101.0,100.9971,-0.0028
807.9996768,101.0,100.997,-0.0028
808.9996763999999,101.0,100.9972,-0.0027
809.9996759999999,101.0,100.9979,-0.002
810.9996755999998,101.0,100.9986,-0.0013
811.9996752,101.0,100.9999,-0.0
812.9996747999999,101.0,101.0007,0.0007
813.9996743999999,101.0,101.0011,0.0012
814.9996739999999,101.0,101.0011,0.0011
815.9996735999999,101.0,101.0014,0.0014
816.9996731999998,101.0,101.0012,0.0012
817.9996727999999,101.0,101.0008,0.0008
818.9996723999999,101.0,101.0,0.0
819.9996719999999,101.0,100.9996,-0.0003
820.9996715999998,101.0,100.9995,-0.0004
821.9996712,101.0,100.9994,-0.0005
822.9996707999999,101.0,100.999,-0.0009
823.9996703999999,101.0,100.9993,-0.0006
824.9996699999998,101.0,100.9989,-0.001
825.9996696,101.0,100.9985,-0.0014
826.9996691999999,101.0,100.998,-0.0019
827.9996687999999,101.0,100.9981,-0.0018
828.9996683999999,101.0,100.9993,-0.0006
829.9996679999999,101.0,101.0003,0.0003
830.9996675999998,101.0,101.0016,0.0016
831.9996671999999,101.0,101.0024,0.0024
832.9996667999999,101.0,101.003,0.003
833.9996663999999,101.0,101.0029,0.0029
834.9996659999998,101.0,101.0034,0.0034
835.9996656,101.0,101.0041,0.0041
836.9996651999999,101.0,101.0047,0.0047
837.9996647999999,101.0,101.0043,0.0043
838.9996643999999,101.0,101.0032,0.0033
839.9996639999999,101.0,101.0021,0.0021
840.9996635999998,101.0,101.001,0.001
841.9996631999999,101.0,101.0,0.0
842.9996627999999,101.0,100.9997,-0.0002
843.9996623999999,101.0,100.9995,-0.0004
844.9996619999998,101.0,100.9991,-0.0008
845.9996616,101.0,100.9981,-0.0018
846.9996611999999,101.0,100.9976,-0.0023
847.9996607999999,101.0,100.998,-0.0018
848.9996603999998,101.0,100.9988,-0.0011
849.99966,101.0,100.9995,-0.0003
850.9996595999999,101.0,101.0001,0.0001
851.9996591999999,101.0,101.0007,0.0008
852.9996587999999,101.0,101.0015,0.0015
853.9996583999999,101.0,101.0022,0.0022
854.9996579999998,101.0,101.0029,0.0029
855.9996575999999,101.0,101.0037,0.0037
856.9996571999999,101.0,101.0037,0.0037
857.9996567999999,101.0,101.0033,0.0034
858.9996563999998,101.0,101.0024,0.0024
859.999656,101.0,101.0018,0.0018
860.9996555999999,101.0,101.001,0.001
861.9996551999999,101.0,101.0007,0.0007
862.9996547999998,101.0,101.0003,0.0003
863.9996543999999,101.0,101.0,0.0001
864.9996539999999,101.0,100.9992,-0.0007
865.9996535999999,101.0,100.9981,-0.0018
866.9996531999999,101.0,100.9981,-0.0018
867.9996527999999,101.0,100.9982,-0.0016
868.9996523999998,101.0,100.9987,-0.0012
869.9996519999999,101.0,100.9994,-0.0005
870.9996515999999,101.0,101.0,0.0001
871.9996511999999,101.0,101.0012,0.0012
872.9996507999998,101.0,101.0021,0.0021
873.9996504,101.0,101.0029,0.0029
874.9996499999999,101.0,101.0033,0.0033
875.9996495999999,101.0,101.0037,0.0037
876.9996491999999,101.0,101.0036,0.0036
877.9996487999999,101.0,101.0032,0.0032
878.9996483999998,101.0,101.0028,0.0028
879.9996479999999,101.0,101.0026,0.0026
880.9996475999999,101.0,101.0022,0.0023
881.9996471999999,101.0,101.0015,0.0015
882.9996467999998,101.0,101.0006,0.0006
883.9996464,101.0,101.0001,0.0001
884.9996459999999,101.0,100.9988,-0.001
885.9996455999999,101.0,100.9979,-0.002
886.9996451999998,101.0,100.9969,-0.003
887.9996447999999,101.0,100.997,-0.0029
888.9996443999999,101.0,100.9976,-0.0023
889.9996439999999,101.0,100.9983,-0.0016
890.9996435999999,101.0,100.9991,-0.0008
891.9996431999999,101.0,100.9995,-0.0004
892.9996427999998,101.0,100.9996,-0.0003
893.9996423999999,101.0,100.9996,-0.0003
894.9996419999999,101.0,101.0,0.0
895.9996415999999,101.0,101.0006,0.0006
896.9996411999998,101.0,101.0012,0.0012
897.9996408,101.0,101.0009,0.0009
898.9996403999999,101.0,101.0004,0.0004
899.9996399999999,101.0,101.0001,0.0001
900.9996395999998,101.0,100.9997,-0.0001
901.9996391999999,101.0,100.9996,-0.0003
902.9996387999998,101.0,100.9995,-0.0004
903.9996383999999,101.0,100.9994,-0.0005
904.9996379999999,101.0,100.9992,-0.0006
905.9996375999999,101.0,100.9986,-0.0012
906.9996371999998,101.0,100.9982,-0.0017
907.9996367999998,101.0,100.9982,-0.0017
908.9996363999999,101.0,100.9985,-0.0014
909.9996359999999,101.0,100.9989,-0.001
910.9996355999998,101.0,100.9996,-0.0003
911.9996352,101.0,101.0002,0.0002
912.9996347999999,101.0,101.0011,0.0011
913.9996343999999,101.0,101.0014,0.0015
914.9996339999998,101.0,101.0022,0.0022
915.9996335999999,101.0,101.0027,0.0027
916.9996331999998,101.0,101.0032,0.0032
917.9996327999999,101.0,101.0031,0.0031
918.9996323999999,101.0,101.0027,0.0028
919.9996319999999,101.0,101.0023,0.0023
920.9996315999998,101.0,101.002,0.002
921.9996312,101.0,101.0013,0.0014
922.9996307999999,101.0,101.0002,0.0002
923.9996303999999,101.0,100.9997,-0.0002
924.9996299999998,101.0,100.9992,-0.0007
925.9996295999999,101.0,100.9984,-0.0015
926.9996291999998,101.0,100.9974,-0.0025
927.9996287999999,101.0,100.9967,-0.0032
928.9996283999999,101.0,100.9969,-0.003
929.9996279999999,101.0,100.9973,-0.0026
930.9996275999998,101.0,100.9979,-0.002
931.9996271999998,101.0,100.998,-0.0019
932.9996267999999,101.0,100.9981,-0.0018
933.9996263999999,101.0,100.9981,-0.0018
934.9996259999998,101.0,100.9992,-0.0007
935.9996256,101.0,101.0008,0.0008
936.9996251999999,101.0,101.0021,0.0021
937.9996247999999,101.0,101.0025,0.0025
938.9996243999998,101.0,101.0027,0.0027
939.9996239999999,101.0,101.0026,0.0026
940.9996235999998,101.0,101.0025,0.0026
941.9996231999999,101.0,101.0018,0.0018
942.9996227999999,101.0,101.0014,0.0014
943.9996223999999,101.0,101.001,0.001
944.9996219999998,101.0,101.0002,0.0002
945.9996215999998,101.0,100.9987,-0.0011
946.9996211999999,101.0,100.9972,-0.0026
947.9996207999999,101.0,100.9964,-0.0035
948.9996203999998,101.0,100.9962,-0.0037
949.9996199999999,101.0,100.9961,-0.0038
950.9996195999998,101.0,100.9969,-0.003
951.9996191999999,101.0,100.9977,-0.0022
952.9996187999998,101.0,100.9989,-0.001
953.9996183999999,101.0,101.0001,0.0001
954.9996179999998,101.0,101.001,0.001
955.9996175999999,101.0,101.002,0.002
956.9996171999999,101.0,101.0021,0.0021
957.9996167999999,101.0,101.0025,0.0025
958.9996163999999,101.0,101.0031,0.0031
959.999616,101.0,101.004,0.004
960.9996155999999,101.0,101.0042,0.0042
961.9996151999999,101.0,101.0035,0.0035
962.9996147999999,101.0,101.0025,0.0025
963.9996143999999,101.0,101.002,0.002
964.9996139999998,101.0,101.0011,0.0011
965.9996135999999,101.0,100.9999,-0.0
966.9996131999999,101.0,100.9981,-0.0018
967.9996127999999,101.0,100.9971,-0.0028
968.9996123999999,101.0,100.997,-0.0029
969.9996119999998,101.0,100.9968,-0.003
970.9996116,101.0,100.9967,-0.0032
971.9996111999999,101.0,100.9969,-0.003
972.9996107999999,101.0,100.9974,-0.0025
973.9996103999999,101.0,100.9985,-0.0014
974.99961,101.0,100.9995,-0.0003
975.9996095999999,101.0,101.0009,0.0009
976.9996091999999,101.0,101.0022,0.0023
977.9996087999999,101.0,101.0036,0.0036
978.9996083999999,101.0,101.0039,0.0039
979.9996079999999,101.0,101.0042,0.0042
980.9996076,101.0,101.0039,0.0039
981.9996071999999,101.0,101.0033,0.0033
982.9996067999999,101.0,101.0023,0.0023
983.9996063999998,101.0,101.0014,0.0014
984.999606,101.0,101.0003,0.0003
985.9996055999999,101.0,100.9995,-0.0004
986.9996051999999,101.0,100.9987,-0.0011
987.9996047999999,101.0,100.9985,-0.0014
988.9996044,101.0,100.9983,-0.0016
989.9996039999999,101.0,100.9985,-0.0014
990.9996035999999,101.0,100.9987,-0.0012
991.9996031999999,101.0,100.9993,-0.0006
992.9996027999999,101.0,100.9999,-0.0
993.9996023999998,101.0,101.0008,0.0008
994.999602,101.0,101.0017,0.0017
995.9996015999999,101.0,101.0027,0.0027
996.9996011999999,101.0,101.0038,0.0038
997.9996007999998,101.0,101.0042,0.0042
998.9996004,101.0,101.0041,0.0042
999.9995999999999,101.0,101.0035,0.0035
1000.9995995999999,101.0,101.0033,0.0033
1001.9995991999999,101.0,101.003,0.003
1002.9995987999998,101.0,101.0027,0.0027
1003.9995983999999,101.0,101.0025,0.0025
1004.999598,101.0,101.0014,0.0015
1005.9995975999998,101.0,100.9998,-0.0001
1006.9995971999999,101.0,100.9984,-0.0014
1007.9995968,101.0,100.9976,-0.0023
1008.9995963999999,101.0,100.9977,-0.0022
1009.9995959999999,101.0,100.9974,-0.0025
1010.9995956,101.0,100.9973,-0.0026
1011.9995951999998,101.0,100.9977,-0.0021
1012.9995948,101.0,100.9985,-0.0014
1013.9995944,101.0,100.9995,-0.0004
1014.9995939999999,101.0,101.0004,0.0004
1015.9995935999999,101.0,101.0013,0.0013
1016.9995931999998,101.0,101.0014,0.0015
1017.9995927999998,101.0,101.0016,0.0017
1018.9995924,101.0,101.0011,0.0011
1019.9995919999998,101.0,101.001,0.001
1020.9995915999999,101.0,101.0007,0.0007
1021.9995911999999,101.0,101.0005,0.0005
1022.9995907999999,101.0,101.0001,0.0001
1023.9995903999999,101.0,100.9998,-0.0001
1024.99959,101.0,100.9994,-0.0005
1025.9995895999998,101.0,100.9986,-0.0012
1026.9995892,101.0,100.9978,-0.0021
1027.9995888,101.0,100.9972,-0.0027
1028.9995883999998,101.0,100.9976,-0.0023
1029.999588,101.0,100.9978,-0.0021
1030.9995876,101.0,100.9982,-0.0017
1031.9995872,101.0,100.9981,-0.0018
1032.9995867999999,101.0,100.9986,-0.0013
1033.9995863999998,101.0,100.9988,-0.0011
1034.999586,101.0,100.9992,-0.0006
1035.9995856,101.0,101.0,0.0
1036.9995851999997,101.0,101.0006,0.0006
1037.9995847999999,101.0,101.0012,0.0012
1038.9995844,101.0,101.0015,0.0015
1039.999584,101.0,101.0019,0.0019
1040.9995835999998,101.0,101.0017,0.0017
1041.9995832,101.0,101.0012,0.0012
1042.9995827999999,101.0,101.001,0.001
1043.9995824,101.0,101.0009,0.0009
1044.999582,101.0,101.0005,0.0005
1045.9995815999998,101.0,100.9998,-0.0
1046.9995812,101.0,100.9991,-0.0008
1047.9995807999999,101.0,100.9984,-0.0015
1048.9995803999998,101.0,100.9982,-0.0017
1049.99958,101.0,100.9981,-0.0018
1050.9995795999998,101.0,100.9986,-0.0013
1051.9995792,101.0,100.999,-0.0009
1052.9995787999999,101.0,100.9989,-0.0009
1053.9995783999998,101.0,100.9985,-0.0014
1054.999578,101.0,100.9984,-0.0014
1055.9995776,101.0,100.9993,-0.0006
1056.9995771999997,101.0,101.0002,0.0002
1057.9995767999999,101.0,101.0005,0.0005
1058.9995764,101.0,101.0004,0.0005
1059.999576,101.0,101.0001,0.0001
1060.9995755999998,101.0,101.0002,0.0002
1061.9995751999998,101.0,100.9998,-0.0001
1062.9995748,101.0,100.9995,-0.0004
1063.9995744,101.0,100.9996,-0.0003
1064.9995739999997,101.0,100.9996,-0.0003
1065.9995735999998,101.0,100.9994,-0.0005
1066.9995732,101.0,100.9987,-0.0012
1067.9995728,101.0,100.9983,-0.0016
1068.9995723999998,101.0,100.9982,-0.0017
1069.999572,101.0,100.9984,-0.0015
1070.9995715999999,101.0,100.9982,-0.0016
1071.9995712,101.0,100.9983,-0.0016
1072.9995708,101.0,100.9986,-0.0013
1073.9995703999998,101.0,100.9987,-0.0011
1074.99957,101.0,100.9989,-0.0009
1075.9995696,101.0,100.9997,-0.0002
1076.9995691999998,101.0,101.0007,0.0007
1077.9995688,101.0,101.0018,0.0018
1078.9995683999998,101.0,101.0023,0.0023
1079.999568,101.0,101.0028,0.0028
1080.9995675999999,101.0,101.0025,0.0025
1081.9995671999998,101.0,101.0027,0.0027
1082.9995668,101.0,101.0031,0.0031
1083.9995664,101.0,101.0035,0.0035
1084.9995659999997,101.0,101.003,0.003
1085.9995655999999,101.0,101.0017,0.0017
1086.9995652,101.0,100.9999,-0.0
1087.9995648,101.0,100.9992,-0.0006
1088.9995643999998,101.0,100.9986,-0.0013
1089.999564,101.0,100.9981,-0.0018
1090.9995635999999,101.0,100.9975,-0.0024
1091.9995632,101.0,100.9973,-0.0026
1092.9995627999997,101.0,100.9976,-0.0023
1093.9995623999998,101.0,100.998,-0.0019
1094.999562,101.0,100.9982,-0.0017
1095.9995615999999,101.0,100.9987,-0.0012
1096.9995611999998,101.0,100.9991,-0.0008
1097.9995608,101.0,100.9996,-0.0002
1098.9995603999998,101.0,101.0,0.0001
1099.99956,101.0,101.0006,0.0006
1100.9995595999999,101.0,101.0009,0.0009
1101.9995591999998,101.0,101.0008,0.0009
1102.9995588,101.0,101.0004,0.0004
1103.9995584,101.0,101.0003,0.0003
1104.9995579999998,101.0,100.9999,0.0
1105.9995576,101.0,100.9989,-0.001
1106.9995571999998,101.0,100.9975,-0.0024
1107.9995568,101.0,100.9966,-0.0033
1108.9995563999998,101.0,100.9967,-0.0032
1109.9995559999998,101.0,100.9966,-0.0033
1110.9995556,101.0,100.9966,-0.0033
1111.9995552,101.0,100.9969,-0.003
1112.9995547999997,101.0,100.9974,-0.0025
1113.9995543999999,101.0,100.998,-0.0019
1114.999554,101.0,100.9987,-0.0012
1115.9995536,101.0,100.9994,-0.0005
1116.9995531999998,101.0,101.0004,0.0004
1117.9995528,101.0,101.0014,0.0014
1118.9995523999999,101.0,101.0018,0.0018
1119.999552,101.0,101.0023,0.0023
1120.9995516,101.0,101.0024,0.0024
1121.9995511999998,101.0,101.0023,0.0023
1122.9995508,101.0,101.002,0.002
1123.9995503999999,101.0,101.0021,0.0021
1124.9995499999998,101.0,101.0017,0.0017
1125.9995496,101.0,101.0004,0.0004
1126.9995491999998,101.0,100.9992,-0.0007
1127.9995488,101.0,100.9986,-0.0013
1128.9995483999999,101.0,100.9984,-0.0015
1129.9995479999998,101.0,100.9981,-0.0018
1130.9995476,101.0,100.9973,-0.0026
1131.9995472,101.0,100.9966,-0.0033
1132.9995467999997,101.0,100.9964,-0.0035
1133.9995463999999,101.0,100.996,-0.0038
1134.999546,101.0,100.9968,-0.0031
1135.9995456,101.0,100.9979,-0.002
1136.9995451999998,101.0,100.9994,-0.0005
1137.9995447999997,101.0,101.0001,0.0001
1138.9995443999999,101.0,101.0,0.0
1139.999544,101.0,100.9998,-0.0001
1140.9995435999997,101.0,100.9996,-0.0003
1141.9995431999998,101.0,100.9994,-0.0005
1142.9995428,101.0,100.9989,-0.0009
1143.9995423999999,101.0,100.9985,-0.0014
1144.9995419999998,101.0,100.9981,-0.0018
1145.9995416,101.0,100.9984,-0.0015
1146.9995411999998,101.0,100.9983,-0.0016
1147.9995408,101.0,100.9981,-0.0018
1148.9995404,101.0,100.9978,-0.0021
1149.9995399999998,101.0,100.9982,-0.0017
1150.9995396,101.0,100.9985,-0.0014
1151.9995391999998,101.0,100.9991,-0.0008
1152.9995387999998,101.0,100.9992,-0.0007
1153.9995384,101.0,100.9996,-0.0002
1154.9995379999998,101.0,101.0007,0.0007
1155.9995376,101.0,101.0018,0.0018
1156.9995371999998,101.0,101.0033,0.0033
1157.9995367999998,101.0,101.0038,0.0038
1158.9995364,101.0,101.0038,0.0038
1159.999536,101.0,101.0033,0.0033
1160.9995355999997,101.0,101.0026,0.0026
1161.9995351999999,101.0,101.0021,0.0021
1162.9995348,101.0,101.0018,0.0018
1163.9995344,101.0,101.0021,0.0021
1164.9995339999998,101.0,101.002,0.002
1165.9995336,101.0,101.0017,0.0017
1166.9995331999999,101.0,101.0007,0.0007
1167.9995328,101.0,101.0001,0.0001
1168.9995323999997,101.0,100.9999,-0.0
1169.9995319999998,101.0,100.9997,-0.0002
1170.9995316,101.0,100.9998,-0.0
1171.9995311999999,101.0,101.0002,0.0002
1172.9995307999998,101.0,101.0,0.0
1173.9995304,101.0,100.9999,-0.0
1174.9995299999998,101.0,100.9997,-0.0002
1175.9995296,101.0,101.0002,0.0002
1176.9995291999999,101.0,101.0005,0.0005
1177.9995287999998,101.0,101.0007,0.0007
1178.9995284,101.0,101.0005,0.0005
1179.999528,101.0,101.0004,0.0005
1180.9995275999997,101.0,101.0004,0.0004
1181.9995271999999,101.0,101.0006,0.0006
1182.9995267999998,101.0,101.0007,0.0007
1183.9995264,101.0,101.0011,0.0011
1184.9995259999998,101.0,101.0009,0.0009
1185.9995255999997,101.0,101.0006,0.0006
1186.9995251999999,101.0,101.0001,0.0001
1187.9995248,101.0,100.9998,-0.0
1188.9995243999997,101.0,100.9996,-0.0003
1189.9995239999998,101.0,100.9991,-0.0008
1190.9995236,101.0,100.9992,-0.0007
1191.9995231999999,101.0,100.9994,-0.0005
1192.9995227999998,101.0,100.9999,-0.0
1193.9995224,101.0,101.0001,0.0001
1194.9995219999998,101.0,101.0003,0.0003
1195.9995216,101.0,101.0008,0.0008
1196.9995212,101.0,101.0012,0.0012
1197.9995207999998,101.0,101.0013,0.0013
1198.9995204,101.0,101.0011,0.0011
1199.9995199999998,101.0,101.0011,0.0011
1200.9995195999998,101.0,101.0018,0.0018
1201.9995192,101.0,101.0028,0.0028
1202.9995187999998,101.0,101.0034,0.0034
1203.9995184,101.0,101.0032,0.0032
1204.9995179999999,101.0,101.0027,0.0027
1205.9995175999998,101.0,101.002,0.0021
1206.9995172,101.0,101.0017,0.0017
1207.9995168,101.0,101.001,0.001
1208.9995163999997,101.0,101.0005,0.0005
1209.9995159999999,101.0,100.9996,-0.0003
1210.9995156,101.0,100.9993,-0.0006
1211.9995152,101.0,100.9989,-0.001
1212.9995147999998,101.0,100.9989,-0.001
1213.9995143999997,101.0,100.9991,-0.0008
1214.9995139999999,101.0,100.9993,-0.0006
1215.9995136,101.0,100.9997,-0.0002
1216.9995131999997,101.0,100.9995,-0.0004
1217.9995127999998,101.0,100.9996,-0.0003
1218.9995124,101.0,100.9994,-0.0005
1219.9995119999999,101.0,100.9992,-0.0007
1220.9995115999998,101.0,100.9995,-0.0003
1221.9995112,101.0,100.9994,-0.0005
1222.9995107999998,101.0,100.9996,-0.0003
1223.9995104,101.0,100.9994,-0.0005
1224.9995099999999,101.0,100.9993,-0.0006
1225.9995095999998,101.0,100.9989,-0.0009
1226.9995092,101.0,100.9988,-0.0011
1227.9995087999998,101.0,100.9989,-0.001
1228.9995083999997,101.0,100.9987,-0.0012
1229.9995079999999,101.0,100.9982,-0.0017
1230.9995075999998,101.0,100.998,-0.0019
1231.9995072,101.0,100.9981,-0.0018
1232.9995067999998,101.0,100.9985,-0.0014
1233.9995063999997,101.0,100.9986,-0.0012
1234.9995059999999,101.0,100.999,-0.0009
1235.9995056,101.0,100.9991,-0.0007
1236.9995051999997,101.0,100.9994,-0.0005
1237.9995047999998,101.0,100.9998,-0.0001
1238.9995044,101.0,101.0004,0.0004
1239.999504,101.0,101.0013,0.0013
1240.9995035999998,101.0,101.0016,0.0017
1241.9995032,101.0,101.0018,0.0018
1242.9995027999998,101.0,101.0014,0.0014
1243.9995024,101.0,101.0017,0.0017
1244.9995019999997,101.0,101.0015,0.0015
1245.9995015999998,101.0,101.0007,0.0008
1246.9995012,101.0,100.9998,-0.0001
1247.9995007999999,101.0,100.9992,-0.0007
1248.9995003999998,101.0,100.9993,-0.0006
1249.9995,101.0,100.9993,-0.0006
1250.9994995999998,101.0,100.9992,-0.0007
1251.9994992,101.0,100.9991,-0.0008
1252.9994987999999,101.0,100.9994,-0.0005
1253.9994983999998,101.0,100.9997,-0.0002
1254.999498,101.0,100.9997,-0.0002
1255.9994976,101.0,100.9996,-0.0002
1256.9994971999997,101.0,100.9996,-0.0003
1257.9994967999999,101.0,100.9996,-0.0003
1258.9994963999998,101.0,100.999,-0.0009
1259.999496,101.0,100.999,-0.0009
1260.9994955999998,101.0,100.9992,-0.0007
1261.9994951999997,101.0,100.9997,-0.0002
1262.9994947999999,101.0,101.0,0.0
1263.9994944,101.0,101.0006,0.0006
1264.9994939999997,101.0,101.0009,0.0009
1265.9994935999998,101.0,101.0005,0.0005
1266.9994932,101.0,100.9996,-0.0003
1267.9994927999999,101.0,100.9991,-0.0008
1268.9994923999998,101.0,100.9991,-0.0008
1269.999492,101.0,100.9997,-0.0002
1270.9994915999998,101.0,100.9997,-0.0002
1271.9994912,101.0,100.9996,-0.0003
1272.9994907999996,101.0,100.9993,-0.0006
1273.9994903999998,101.0,100.9995,-0.0004
1274.99949,101.0,100.9997,-0.0002
1275.9994895999998,101.0,101.0004,0.0004
1276.9994891999997,101.0,101.0008,0.0008
1277.9994887999999,101.0,101.0011,0.0011
1278.9994883999998,101.0,101.001,0.001
1279.999488,101.0,101.0013,0.0013
1280.9994875999998,101.0,101.0016,0.0016
1281.9994871999997,101.0,101.0016,0.0016
1282.9994867999999,101.0,101.0017,0.0017
1283.9994864,101.0,101.0017,0.0017
1284.9994859999997,101.0,101.0017,0.0017
1285.9994855999998,101.0,101.0014,0.0014
1286.9994852,101.0,101.0011,0.0011
1287.9994848,101.0,101.0009,0.0009
1288.9994843999998,101.0,101.0007,0.0007
1289.9994839999997,101.0,101.0005,0.0005
1290.9994835999998,101.0,101.0,0.0
1291.9994832,101.0,100.9995,-0.0003
1292.9994827999997,101.0,100.9989,-0.001
1293.9994823999998,101.0,100.9981,-0.0018
1294.999482,101.0,100.9981,-0.0018
1295.9994815999999,101.0,100.9984,-0.0015
1296.9994811999998,101.0,100.9992,-0.0007
1297.9994808,101.0,100.9997,-0.0001
1298.9994803999998,101.0,100.9998,-0.0001
1299.99948,101.0,101.0,0.0
1300.9994795999999,101.0,101.0003,0.0003
1301.9994791999998,101.0,101.0006,0.0006
1302.9994788,101.0,101.001,0.001
1303.9994783999998,101.0,101.0015,0.0015
1304.9994779999997,101.0,101.0018,0.0018
1305.9994775999999,101.0,101.0012,0.0012
1306.9994771999998,101.0,101.0005,0.0005
1307.9994768,101.0,101.0002,0.0002
1308.9994763999998,101.0,101.0007,0.0007
1309.9994759999997,101.0,101.0008,0.0008
1310.9994755999999,101.0,101.0005,0.0005
1311.9994752,101.0,101.0,0.0
1312.9994747999997,101.0,100.9995,-0.0004
1313.9994743999998,101.0,100.9995,-0.0004
1314.999474,101.0,101.0,0.0
1315.9994735999999,101.0,101.0009,0.0009
1316.9994731999998,101.0,101.0012,0.0012
1317.9994727999997,101.0,101.0012,0.0012
1318.9994723999998,101.0,101.0012,0.0012
1319.999472,101.0,101.0012,0.0012
1320.9994715999997,101.0,101.0013,0.0013
1321.9994711999998,101.0,101.0009,0.0009
1322.9994708,101.0,101.001,0.001
1323.9994703999998,101.0,101.0011,0.0012
1324.9994699999997,101.0,101.0014,0.0014
1325.9994695999999,101.0,101.0012,0.0012
1326.9994691999998,101.0,101.0006,0.0006
1327.9994688,101.0,101.0003,0.0003
1328.9994683999998,101.0,101.0002,0.0003
1329.9994679999998,101.0,100.9998,-0.0001
1330.9994676,101.0,100.9993,-0.0006
1331.9994672,101.0,100.9988,-0.001
1332.9994667999997,101.0,100.9988,-0.0011
1333.9994663999998,101.0,100.9986,-0.0012
1334.9994659999998,101.0,100.9986,-0.0013
1335.9994656,101.0,100.9986,-0.0013
1336.9994651999998,101.0,100.9982,-0.0017
1337.9994647999997,101.0,100.9977,-0.0021
1338.9994643999999,101.0,100.9975,-0.0024
1339.999464,101.0,100.9986,-0.0013
1340.9994635999997,101.0,100.9999,-0.0
1341.9994631999998,101.0,101.0008,0.0008
1342.9994628,101.0,101.0011,0.0011
1343.9994623999999,101.0,101.0012,0.0012
1344.9994619999998,101.0,101.0011,0.0011
1345.9994616,101.0,101.0009,0.0009
1346.9994611999998,101.0,101.0007,0.0007
1347.9994608,101.0,101.0006,0.0006
1348.9994603999996,101.0,101.0007,0.0007
1349.9994599999998,101.0,101.0004,0.0004
1350.9994596,101.0,101.0002,0.0002
1351.9994591999998,101.0,100.9998,-0.0001
1352.9994587999997,101.0,100.9998,-0.0001
1353.9994583999999,101.0,100.9998,-0.0001
1354.9994579999998,101.0,100.9998,-0.0001
1355.9994576,101.0,101.0001,0.0001
1356.9994571999998,101.0,101.0002,0.0002
1357.9994567999997,101.0,101.0004,0.0004
1358.9994563999999,101.0,101.0006,0.0006
1359.999456,101.0,101.001,0.001
1360.9994555999997,101.0,101.0011,0.0012
1361.9994551999998,101.0,101.0014,0.0014
1362.9994547999997,101.0,101.0016,0.0016
1363.9994543999999,101.0,101.0017,0.0017
1364.9994539999998,101.0,101.0011,0.0011
1365.9994535999997,101.0,101.0003,0.0003
1366.9994531999998,101.0,101.0003,0.0003
1367.9994528,101.0,101.0005,0.0005
1368.9994523999997,101.0,101.0007,0.0007
1369.9994519999998,101.0,101.0003,0.0004
1370.9994516,101.0,100.9996,-0.0003
1371.9994511999998,101.0,100.9994,-0.0005
1372.9994507999997,101.0,100.9992,-0.0007
1373.9994504,101.0,100.9991,-0.0008
1374.9994499999998,101.0,100.9993,-0.0006
1375.9994496,101.0,100.9996,-0.0003
1376.9994491999998,101.0,100.9999,-0.0
1377.9994487999998,101.0,100.9999,-0.0
1378.9994484,101.0,100.9998,-0.0001
1379.9994479999998,101.0,100.9995,-0.0004
1380.9994475999997,101.0,100.9992,-0.0007
1381.9994471999998,101.0,100.9989,-0.001
1382.9994467999998,101.0,100.9991,-0.0008
1383.9994464,101.0,100.9994,-0.0005
1384.9994459999998,101.0,100.9993,-0.0006
1385.9994455999997,101.0,100.999,-0.0009
1386.9994451999999,101.0,100.9982,-0.0017
1387.9994448,101.0,100.9977,-0.0022
1388.9994443999997,101.0,100.9971,-0.0028
1389.9994439999998,101.0,100.9966,-0.0033
1390.9994436,101.0,100.9963,-0.0036
1391.9994431999999,101.0,100.9961,-0.0038
1392.9994427999998,101.0,100.9963,-0.0036
1393.9994423999997,101.0,100.9967,-0.0032
1394.9994419999998,101.0,100.9972,-0.0027
1395.9994416,101.0,100.9976,-0.0023
1396.9994411999996,101.0,100.9983,-0.0016
1397.9994407999998,101.0,100.9989,-0.001
1398.9994404,101.0,100.9992,-0.0007
1399.9994399999998,101.0,100.9994,-0.0005
1400.9994395999997,101.0,100.9998,-0.0001
1401.9994391999999,101.0,101.0001,0.0001
1402.9994387999998,101.0,101.0006,0.0006
1403.9994384,101.0,101.001,0.001
1404.9994379999998,101.0,101.0008,0.0008
1405.9994375999997,101.0,100.9999,-0.0
1406.9994371999999,101.0,100.9989,-0.001
1407.9994368,101.0,100.9984,-0.0015
1408.9994363999997,101.0,100.9986,-0.0013
1409.9994359999998,101.0,100.9988,-0.0011
1410.9994355999997,101.0,100.9992,-0.0007
1411.9994351999999,101.0,100.9992,-0.0006
1412.9994347999998,101.0,100.9998,-0.0001
1413.9994343999997,101.0,101.0,0.0
1414.9994339999998,101.0,100.9996,-0.0002
1415.9994336,101.0,100.9994,-0.0005
1416.9994331999997,101.0,100.9991,-0.0007
1417.9994327999998,101.0,100.9993,-0.0006
1418.9994324,101.0,100.9994,-0.0005
1419.9994319999998,101.0,101.0,0.0
1420.9994315999998,101.0,101.0008,0.0008
1421.9994312,101.0,101.0013,0.0013
1422.9994307999998,101.0,101.0014,0.0014
1423.9994304,101.0,101.0015,0.0015
1424.9994299999998,101.0,101.0013,0.0013
1425.9994295999998,101.0,101.0008,0.0008
1426.9994292,101.0,101.0,0.0
1427.9994287999998,101.0,100.9996,-0.0003
1428.9994283999997,101.0,100.9999,0.0
1429.9994279999999,101.0,101.0002,0.0002
1430.9994275999998,101.0,101.0003,0.0003
1431.9994272,101.0,101.0006,0.0006
1432.9994267999998,101.0,101.0005,0.0005
1433.9994263999997,101.0,101.0003,0.0003
1434.9994259999999,101.0,101.0,0.0
1435.9994256,101.0,100.9998,-0.0001
1436.9994251999997,101.0,101.0,0.0
1437.9994247999998,101.0,100.9999,-0.0
1438.9994243999997,101.0,101.0001,0.0001
1439.9994239999999,101.0,101.0,0.0
1440.9994235999998,101.0,101.0,0.0
1441.9994231999997,101.0,100.9997,-0.0002
1442.9994227999998,101.0,100.9997,-0.0002
1443.9994224,101.0,101.0,0.0001
1444.9994219999999,101.0,100.9998,-0.0001
1445.9994215999998,101.0,100.9993,-0.0006
1446.9994212,101.0,100.9986,-0.0013
1447.9994207999998,101.0,100.9984,-0.0015
1448.9994204,101.0,100.999,-0.0009
1449.9994199999999,101.0,100.9995,-0.0004
1450.9994195999998,101.0,100.9996,-0.0003
1451.9994192,101.0,100.9996,-0.0002
1452.9994187999998,101.0,100.9998,-0.0001
1453.9994183999997,101.0,101.0003,0.0003
1454.9994179999999,101.0,101.0011,0.0011
1455.9994175999998,101.0,101.0018,0.0019
1456.9994172,101.0,101.0024,0.0024
1457.9994167999998,101.0,101.0025,0.0026
1458.9994163999997,101.0,101.0024,0.0024
1459.9994159999999,101.0,101.0019,0.0019
1460.9994155999998,101.0,101.0015,0.0015
1461.9994151999997,101.0,101.0006,0.0006
1462.9994147999998,101.0,100.9998,-0.0001
1463.9994144,101.0,100.9994,-0.0005
1464.999414,101.0,100.9986,-0.0013
1465.9994135999998,101.0,100.9979,-0.002
1466.9994132,101.0,100.997,-0.0029
1467.9994127999998,101.0,100.9972,-0.0027
1468.9994124,101.0,100.9981,-0.0018
1469.9994119999997,101.0,100.9989,-0.001
1470.9994115999998,101.0,100.9992,-0.0007
1471.9994112,101.0,100.9994,-0.0005
1472.9994107999999,101.0,100.9997,-0.0002
1473.9994103999998,101.0,101.0002,0.0002
1474.99941,101.0,101.0007,0.0007
1475.9994095999998,101.0,101.0007,0.0007
1476.9994092,101.0,101.0004,0.0004
1477.9994087999999,101.0,101.0001,0.0001
1478.9994083999998,101.0,100.9999,-0.0
1479.999408,101.0,100.9998,-0.0001
1480.9994076,101.0,100.9997,-0.0002
1481.9994071999997,101.0,100.9994,-0.0005
1482.9994067999999,101.0,100.9989,-0.001
1483.9994063999998,101.0,100.9986,-0.0013
1484.999406,101.0,100.9987,-0.0011
1485.9994055999998,101.0,100.9988,-0.001
1486.9994051999997,101.0,100.9991,-0.0008
1487.9994047999999,101.0,100.9993,-0.0006
1488.9994044,101.0,100.9997,-0.0002
1489.9994039999997,101.0,100.9999,-0.0
1490.9994035999998,101.0,101.0005,0.0005
1491.9994032,101.0,101.0012,0.0012
1492.9994027999999,101.0,101.0018,0.0018
1493.9994023999998,101.0,101.0024,0.0024
1494.999402,101.0,101.0031,0.0031
1495.9994015999998,101.0,101.0034,0.0034
1496.9994012,101.0,101.0038,0.0038
1497.9994007999999,101.0,101.0035,0.0035
1498.9994003999998,101.0,101.0029,0.0029
1499.9994,101.0,101.0021,0.0021
1500.9993995999998,101.0,101.0015,0.0015
1501.9993991999997,101.0,101.0011,0.0011
1502.9993987999999,101.0,101.0009,0.0009
1503.9993983999998,101.0,101.0008,0.0008
1504.999398,101.0,101.0007,0.0007
1505.9993975999998,101.0,100.9995,-0.0004
1506.9993971999997,101.0,100.9989,-0.001
1507.9993967999999,101.0,100.9986,-0.0012
1508.9993964,101.0,100.9991,-0.0008
1509.9993959999997,101.0,100.9993,-0.0006
1510.9993955999998,101.0,100.9996,-0.0003
1511.9993952,101.0,101.0003,0.0003
1512.9993948,101.0,101.0009,0.0009
1513.9993943999998,101.0,101.0013,0.0014
1514.9993939999997,101.0,101.0013,0.0013
1515.9993935999998,101.0,101.0012,0.0012
1516.9993932,101.0,101.0009,0.0009
1517.9993927999997,101.0,101.0009,0.0009
1518.9993923999998,101.0,101.0008,0.0009
1519.999392,101.0,101.001,0.001
1520.9993915999999,101.0,101.0013,0.0013
1521.9993911999998,101.0,101.0009,0.0009
1522.9993908,101.0,101.0007,0.0007
1523.9993903999998,101.0,101.0005,0.0005
1524.99939,101.0,101.0007,0.0007
1525.9993895999999,101.0,101.0004,0.0005
1526.9993891999998,101.0,101.0001,0.0001
1527.9993888,101.0,100.9998,-0.0001
1528.9993883999998,101.0,101.0004,0.0004
1529.9993879999997,101.0,101.0006,0.0006
1530.9993875999999,101.0,101.0009,0.0009
1531.9993871999998,101.0,101.0009,0.0009
1532.9993868,101.0,101.0011,0.0011
1533.9993863999998,101.0,101.0011,0.0012
1534.9993859999997,101.0,101.0014,0.0014
1535.9993855999999,101.0,101.0016,0.0016
1536.9993852,101.0,101.0018,0.0019
1537.9993847999997,101.0,101.0014,0.0015
1538.9993843999998,101.0,101.0009,0.0009
1539.999384,101.0,101.001,0.001
1540.9993835999999,101.0,101.0016,0.0017
1541.9993831999998,101.0,101.0025,0.0025
1542.9993828,101.0,101.0029,0.0029
1543.9993823999998,101.0,101.003,0.003
1544.999382,101.0,101.0027,0.0027
1545.9993815999997,101.0,101.0018,0.0019
1546.9993811999998,101.0,101.0008,0.0008
1547.9993808,101.0,101.0001,0.0001
1548.9993803999998,101.0,101.0,0.0
1549.9993799999997,101.0,100.9998,-0.0001
1550.9993795999999,101.0,100.9993,-0.0006
1551.9993791999998,101.0,100.9988,-0.001
1552.9993788,101.0,100.9983,-0.0016
1553.9993783999998,101.0,100.9983,-0.0016
1554.9993779999998,101.0,100.9983,-0.0016
1555.9993776,101.0,100.9983,-0.0016
1556.9993772,101.0,100.9983,-0.0016
1557.9993767999997,101.0,100.9981,-0.0018
1558.9993763999998,101.0,100.9979,-0.002
1559.9993759999998,101.0,100.9981,-0.0018
1560.9993756,101.0,100.9988,-0.0011
1561.9993751999998,101.0,100.9998,-0.0001
1562.9993747999997,101.0,101.0004,0.0004
1563.9993743999999,101.0,101.0006,0.0006
1564.999374,101.0,101.0006,0.0006
1565.9993735999997,101.0,101.0005,0.0006
1566.9993731999998,101.0,101.0001,0.0001
1567.9993728,101.0,101.0001,0.0001
1568.9993723999999,101.0,101.0009,0.0009
1569.9993719999998,101.0,101.0012,0.0012
1570.9993716,101.0,101.0009,0.0009
1571.9993711999998,101.0,101.0003,0.0003
1572.9993708,101.0,101.0004,0.0005
1573.9993703999996,101.0,101.0007,0.0007
1574.9993699999998,101.0,101.0011,0.0011
1575.9993696,101.0,101.0017,0.0017
1576.9993691999998,101.0,101.0022,0.0023
1577.9993687999997,101.0,101.0025,0.0025
1578.9993683999999,101.0,101.0017,0.0017
1579.9993679999998,101.0,101.0016,0.0016
1580.9993676,101.0,101.0018,0.0018
1581.9993671999998,101.0,101.0023,0.0023
1582.9993667999997,101.0,101.0025,0.0025
1583.9993663999999,101.0,101.0022,0.0022
1584.999366,101.0,101.0017,0.0017
1585.9993655999997,101.0,101.001,0.001
1586.9993651999998,101.0,100.9999,-0.0
1587.9993648,101.0,100.9993,-0.0006
1588.9993643999999,101.0,100.9991,-0.0008
1589.9993639999998,101.0,100.9999,-0.0
1590.9993635999997,101.0,101.0,0.0
1591.9993631999998,101.0,101.0003,0.0003
1592.9993628,101.0,101.0,0.0
1593.9993623999997,101.0,101.0001,0.0001
1594.9993619999998,101.0,101.0002,0.0002
1595.9993616,101.0,101.0004,0.0004
1596.9993611999998,101.0,101.0006,0.0006
1597.9993607999997,101.0,101.0006,0.0006
1598.9993604,101.0,101.0009,0.0009
1599.9993599999998,101.0,101.001,0.001
1600.9993596,101.0,101.0012,0.0012
1601.9993591999998,101.0,101.0011,0.0011
1602.9993587999998,101.0,101.0011,0.0011
1603.9993584,101.0,101.0011,0.0011
1604.9993579999998,101.0,101.0005,0.0006
1605.9993575999997,101.0,100.9997,-0.0001
1606.9993571999998,101.0,100.9988,-0.0011
1607.9993567999998,101.0,100.9988,-0.0011
1608.9993564,101.0,100.999,-0.0009
1609.9993559999998,101.0,100.9992,-0.0007
1610.9993555999997,101.0,100.9991,-0.0007
1611.9993551999999,101.0,100.9995,-0.0004
1612.9993548,101.0,100.9999,-0.0
1613.9993543999997,101.0,101.0,0.0
1614.9993539999998,101.0,101.0008,0.0008
1615.9993536,101.0,101.0017,0.0017
1616.9993531999999,101.0,101.0023,0.0023
1617.9993527999998,101.0,101.002,0.002
1618.9993523999997,101.0,101.0015,0.0015
1619.9993519999998,101.0,101.0015,0.0015
1620.9993516,101.0,101.0015,0.0015
1621.9993511999996,101.0,101.0012,0.0012
1622.9993507999998,101.0,101.0008,0.0008
1623.9993504,101.0,101.0002,0.0002
1624.9993499999998,101.0,100.9995,-0.0003
1625.9993495999997,101.0,100.9988,-0.0011
1626.9993491999999,101.0,100.998,-0.0019
1627.9993487999998,101.0,100.9981,-0.0018
1628.9993484,101.0,100.9981,-0.0018
1629.9993479999998,101.0,100.9982,-0.0017
1630.9993475999997,101.0,100.9979,-0.002
1631.9993471999999,101.0,100.9975,-0.0024
1632.9993468,101.0,100.9973,-0.0026
1633.9993463999997,101.0,100.9974,-0.0025
1634.9993459999998,101.0,100.9978,-0.0021
1635.9993455999997,101.0,100.9983,-0.0015
1636.9993451999999,101.0,100.9986,-0.0013
1637.9993447999998,101.0,100.9987,-0.0012
1638.9993443999997,101.0,100.9985,-0.0014
1639.9993439999998,101.0,100.9984,-0.0015
1640.9993436,101.0,100.9988,-0.0011
1641.9993431999997,101.0,100.9991,-0.0008
1642.9993427999998,101.0,100.9998,-0.0001
1643.9993424,101.0,100.9997,-0.0002
1644.9993419999998,101.0,100.9992,-0.0006
1645.9993415999998,101.0,100.9985,-0.0014
1646.9993412,101.0,100.9977,-0.0021
1647.9993407999998,101.0,100.9975,-0.0024
1648.9993404,101.0,100.9975,-0.0024
1649.9993399999996,101.0,100.9977,-0.0022
1650.9993395999998,101.0,100.9983,-0.0016
1651.9993392,101.0,100.9986,-0.0013
1652.9993387999998,101.0,100.9985,-0.0014
1653.9993383999997,101.0,100.9988,-0.0011
1654.9993379999999,101.0,100.9995,-0.0004
1655.9993375999998,101.0,101.0005,0.0005
1656.9993372,101.0,101.0008,0.0009
1657.9993367999998,101.0,101.0007,0.0008
1658.9993363999997,101.0,101.0007,0.0007
1659.9993359999999,101.0,101.0013,0.0013
1660.9993356,101.0,101.0019,0.0019
1661.9993351999997,101.0,101.0025,0.0025
1662.9993347999998,101.0,101.0026,0.0026
1663.9993343999997,101.0,101.0031,0.0031
1664.9993339999999,101.0,101.0027,0.0027
1665.9993335999998,101.0,101.002,0.002
1666.9993331999997,101.0,101.0008,0.0009
1667.9993327999998,101.0,101.0003,0.0004
1668.9993324,101.0,101.0005,0.0005
1669.9993319999996,101.0,101.0001,0.0001
1670.9993315999998,101.0,100.9995,-0.0004
1671.9993312,101.0,100.9991,-0.0008
1672.9993307999998,101.0,100.9989,-0.001
1673.9993303999997,101.0,100.9988,-0.001
1674.9993299999999,101.0,100.9989,-0.001
1675.9993295999998,101.0,100.9988,-0.0011
1676.9993292,101.0,100.999,-0.0009
1677.9993287999998,101.0,100.999,-0.0009
1678.9993283999997,101.0,100.9992,-0.0006
1679.9993279999999,101.0,100.9996,-0.0003
1680.9993275999998,101.0,101.0002,0.0002
1681.9993271999997,101.0,101.0004,0.0004
1682.9993267999998,101.0,101.0004,0.0005
1683.9993263999997,101.0,101.0007,0.0007
1684.9993259999999,101.0,101.0008,0.0008
1685.9993255999998,101.0,101.0006,0.0007
1686.9993251999997,101.0,101.0003,0.0003
1687.9993247999998,101.0,100.9996,-0.0003
1688.9993244,101.0,100.9993,-0.0006
1689.9993239999997,101.0,100.9986,-0.0012
1690.9993235999998,101.0,100.9983,-0.0016
1691.9993232,101.0,100.9981,-0.0018
1692.9993227999998,101.0,100.9982,-0.0017
1693.9993223999998,101.0,100.9985,-0.0014
1694.9993219999997,101.0,100.9992,-0.0007
1695.9993215999998,101.0,100.9998,-0.0001
1696.9993212,101.0,101.0002,0.0002
1697.9993207999996,101.0,101.0003,0.0003
1698.9993203999998,101.0,101.0006,0.0006
1699.99932,101.0,101.0015,0.0015
1700.9993195999998,101.0,101.0023,0.0023
1701.9993191999997,101.0,101.0026,0.0026
1702.9993187999999,101.0,101.0028,0.0028
1703.9993183999998,101.0,101.0026,0.0027
1704.999318,101.0,101.0022,0.0022
1705.9993175999998,101.0,101.0009,0.0009
1706.9993171999997,101.0,100.9998,-0.0001
1707.9993167999999,101.0,100.9994,-0.0005
1708.9993164,101.0,100.9994,-0.0005
1709.9993159999997,101.0,100.9993,-0.0006
1710.9993155999998,101.0,100.9988,-0.0011
1711.9993151999997,101.0,100.9982,-0.0017
1712.9993147999999,101.0,100.9979,-0.002
1713.9993143999998,101.0,100.9978,-0.0021
1714.9993139999997,101.0,100.9982,-0.0017
1715.9993135999998,101.0,100.9989,-0.001
1716.9993132,101.0,100.9998,-0.0001
1717.9993127999996,101.0,100.9998,-0.0
1718.9993123999998,101.0,101.0,0.0
1719.999312,101.0,100.9998,-0.0001
1720.9993115999998,101.0,101.0002,0.0002
1721.9993111999997,101.0,101.0005,0.0005
1722.9993107999999,101.0,101.0006,0.0006
1723.9993103999998,101.0,101.0011,0.0011
1724.99931,101.0,101.0016,0.0016
1725.9993095999996,101.0,101.0013,0.0013
1726.9993091999997,101.0,101.0005,0.0005
1727.9993087999999,101.0,100.9998,-0.0
1728.9993083999998,101.0,100.9996,-0.0003
1729.9993079999997,101.0,100.9994,-0.0005
1730.9993075999998,101.0,100.9993,-0.0006
1731.9993071999997,101.0,100.9992,-0.0007
1732.9993067999999,101.0,100.9995,-0.0004
1733.9993063999998,101.0,101.0002,0.0002
1734.9993059999997,101.0,101.0009,0.0009
1735.9993055999998,101.0,101.0014,0.0014
1736.9993052,101.0,101.0018,0.0018
1737.9993047999997,101.0,101.0015,0.0015
1738.9993043999998,101.0,101.0012,0.0012
1739.9993039999997,101.0,101.0011,0.0012
1740.9993035999998,101.0,101.0014,0.0014
1741.9993031999998,101.0,101.0017,0.0018
1742.9993027999997,101.0,101.0024,0.0024
1743.9993023999998,101.0,101.0031,0.0031
1744.999302,101.0,101.0031,0.0031
1745.9993015999996,101.0,101.0021,0.0021
1746.9993011999998,101.0,101.0008,0.0008
1747.9993008,101.0,101.0002,0.0002
1748.9993003999998,101.0,100.9999,-0.0
1749.9992999999997,101.0,100.9992,-0.0007
1750.9992995999999,101.0,100.9981,-0.0018
1751.9992991999998,101.0,100.9975,-0.0024
1752.9992988,101.0,100.9975,-0.0024
1753.9992983999998,101.0,100.9979,-0.002
1754.9992979999997,101.0,100.9984,-0.0015
1755.9992975999999,101.0,100.9991,-0.0008
1756.9992971999998,101.0,100.9992,-0.0007
1757.9992967999997,101.0,100.9993,-0.0006
1758.9992963999998,101.0,100.9992,-0.0007
1759.9992959999997,101.0,100.9998,-0.0001
1760.9992955999999,101.0,101.0004,0.0004
1761.9992951999998,101.0,101.0008,0.0008
1762.9992947999997,101.0,101.0012,0.0012
1763.9992943999998,101.0,101.002,0.002
1764.999294,101.0,101.0025,0.0025
1765.9992935999996,101.0,101.0023,0.0023
1766.9992931999998,101.0,101.0012,0.0012
1767.9992928,101.0,101.0001,0.0001
1768.9992923999998,101.0,100.9996,-0.0003
1769.9992919999997,101.0,100.9988,-0.0011
1770.9992915999997,101.0,100.9981,-0.0018
1771.9992911999998,101.0,100.9974,-0.0025
1772.9992908,101.0,100.9971,-0.0027
1773.9992903999996,101.0,100.9975,-0.0024
1774.9992899999997,101.0,100.9983,-0.0016
1775.9992895999999,101.0,100.9995,-0.0004
1776.9992891999998,101.0,101.0008,0.0009
1777.9992887999997,101.0,101.0016,0.0016
1778.9992883999998,101.0,101.0022,0.0022
1779.9992879999998,101.0,101.0025,0.0025
1780.9992876,101.0,101.0029,0.0029
1781.9992871999998,101.0,101.0029,0.0029
1782.9992867999997,101.0,101.003,0.003
1783.9992863999998,101.0,101.0036,0.0036
1784.9992859999998,101.0,101.0033,0.0033
1785.9992855999997,101.0,101.0025,0.0025
1786.9992851999998,101.0,101.0015,0.0015
1787.9992847999997,101.0,101.0008,0.0009
1788.9992843999999,101.0,101.0005,0.0005
1789.9992839999998,101.0,101.0,0.0
1790.9992835999997,101.0,100.9999,-0.0
1791.9992831999998,101.0,100.9996,-0.0003
1792.9992828,101.0,100.9991,-0.0008
1793.9992823999996,101.0,100.9984,-0.0015
1794.9992819999998,101.0,100.9987,-0.0011
1795.9992816,101.0,100.9992,-0.0007
1796.9992811999998,101.0,100.9997,-0.0002
1797.9992807999997,101.0,101.0002,0.0002
1798.9992803999999,101.0,101.0008,0.0008
1799.9992799999998,101.0,101.0022,0.0022
1800.9992796,101.0,101.003,0.003
1801.9992791999996,101.0,101.003,0.003
1802.9992787999997,101.0,101.003,0.003
1803.9992783999999,101.0,101.0029,0.0029
1804.9992779999998,101.0,101.003,0.0031
1805.9992775999997,101.0,101.0027,0.0027
1806.9992771999998,101.0,101.0018,0.0018
1807.9992767999997,101.0,101.0014,0.0014
1808.9992763999999,101.0,101.0008,0.0008
1809.9992759999998,101.0,101.0005,0.0005
1810.9992755999997,101.0,101.0,0.0
1811.9992751999998,101.0,100.9995,-0.0004
1812.9992748,101.0,100.9992,-0.0007
1813.9992743999996,101.0,100.9987,-0.0012
1814.9992739999998,101.0,100.9986,-0.0013
1815.9992735999997,101.0,100.9991,-0.0008
1816.9992731999998,101.0,100.9999,-0.0
1817.9992727999997,101.0,101.0005,0.0005
1818.9992723999997,101.0,101.0008,0.0008
1819.9992719999998,101.0,101.0012,0.0012
1820.9992716,101.0,101.0022,0.0022
1821.9992711999996,101.0,101.003,0.003
1822.9992707999997,101.0,101.0034,0.0034
1823.9992704,101.0,101.0035,0.0035
1824.9992699999998,101.0,101.0033,0.0033
1825.9992695999997,101.0,101.0026,0.0026
1826.9992691999998,101.0,101.0019,0.0019
1827.9992687999998,101.0,101.0009,0.0009
1828.9992684,101.0,101.0007,0.0007
1829.9992679999996,101.0,101.0,0.0
1830.9992675999997,101.0,100.9997,-0.0002
1831.9992671999998,101.0,100.9992,-0.0007
1832.9992667999998,101.0,100.9986,-0.0013
1833.9992663999997,101.0,100.9981,-0.0018
1834.9992659999998,101.0,100.9982,-0.0017
1835.9992655999997,101.0,100.9984,-0.0015
1836.9992651999999,101.0,100.9989,-0.001
1837.9992647999998,101.0,100.9993,-0.0006
1838.9992643999997,101.0,100.9999,-0.0
1839.9992639999998,101.0,101.0006,0.0006
1840.9992636,101.0,101.0012,0.0012
1841.9992631999996,101.0,101.0013,0.0013
1842.9992627999998,101.0,101.0017,0.0017
1843.9992624,101.0,101.0019,0.0019
1844.9992619999998,101.0,101.0022,0.0022
1845.9992615999997,101.0,101.0017,0.0017
1846.9992611999996,101.0,101.0008,0.0008
1847.9992607999998,101.0,101.0002,0.0002
1848.9992604,101.0,100.9998,-0.0001
1849.9992599999996,101.0,100.9998,-0.0001
1850.9992595999997,101.0,100.9994,-0.0005
1851.9992591999999,101.0,100.9991,-0.0008
1852.9992587999998,101.0,100.9981,-0.0018
1853.9992583999997,101.0,100.9975,-0.0024
1854.9992579999998,101.0,100.9974,-0.0025
1855.9992575999997,101.0,100.9982,-0.0016
1856.9992571999999,101.0,100.9989,-0.0009
1857.9992567999998,101.0,100.9994,-0.0005
1858.9992563999997,101.0,100.9996,-0.0003
1859.9992559999998,101.0,101.0,0.0
1860.9992555999997,101.0,101.0007,0.0007
1861.9992551999997,101.0,101.0009,0.0009
1862.9992547999998,101.0,101.0011,0.0012
1863.9992543999997,101.0,101.0018,0.0018
1864.9992539999998,101.0,101.0024,0.0024
1865.9992535999997,101.0,101.0022,0.0022
1866.9992531999997,101.0,101.0014,0.0014
1867.9992527999998,101.0,101.0006,0.0006
1868.9992524,101.0,100.9998,-0.0001
1869.9992519999996,101.0,100.9992,-0.0007
1870.9992515999998,101.0,100.9982,-0.0017
1871.9992512,101.0,100.9976,-0.0023
1872.9992507999998,101.0,100.9973,-0.0026
1873.9992503999997,101.0,100.9972,-0.0027
1874.9992499999996,101.0,100.9974,-0.0025
1875.9992495999998,101.0,100.9981,-0.0018
1876.9992492,101.0,100.9984,-0.0015
1877.9992487999996,101.0,100.9988,-0.001
1878.9992483999997,101.0,100.9992,-0.0007
1879.9992479999999,101.0,101.0,0.0
1880.9992475999998,101.0,101.001,0.001
1881.9992471999997,101.0,101.0017,0.0017
1882.9992467999998,101.0,101.0022,0.0022
1883.9992463999997,101.0,101.0027,0.0027
1884.9992459999999,101.0,101.0029,0.0029
1885.9992455999998,101.0,101.0027,0.0027
1886.9992451999997,101.0,101.0019,0.0019
1887.9992447999998,101.0,101.0011,0.0011
1888.9992444,101.0,101.0002,0.0002
1889.9992439999996,101.0,100.9997,-0.0002
1890.9992435999998,101.0,100.9987,-0.0012
1891.9992431999997,101.0,100.9983,-0.0016
1892.9992427999998,101.0,100.9973,-0.0026
1893.9992423999997,101.0,100.997,-0.0029
1894.9992419999996,101.0,100.9967,-0.0032
1895.9992415999998,101.0,100.9974,-0.0025
1896.9992412,101.0,100.9978,-0.0021
1897.9992407999996,101.0,100.9988,-0.0011
1898.9992403999997,101.0,100.9998,-0.0001
1899.9992399999999,101.0,101.0008,0.0009
1900.9992395999998,101.0,101.0014,0.0014
1901.9992391999997,101.0,101.0017,0.0018
1902.9992387999998,101.0,101.0022,0.0023
1903.9992383999997,101.0,101.0033,0.0033
1904.9992379999999,101.0,101.0035,0.0035
1905.9992375999996,101.0,101.003,0.003
1906.9992371999997,101.0,101.002,0.002
1907.9992367999998,101.0,101.0008,0.0009
1908.9992363999997,101.0,100.9999,-0.0
1909.9992359999997,101.0,100.9992,-0.0007
1910.9992355999998,101.0,100.9987,-0.0012
1911.9992351999997,101.0,100.9981,-0.0018
1912.9992347999998,101.0,100.9977,-0.0022
1913.9992343999998,101.0,100.9972,-0.0027
1914.9992339999997,101.0,100.997,-0.0029
1915.9992335999998,101.0,100.9968,-0.003
1916.9992332,101.0,100.9973,-0.0026
1917.9992327999998,101.0,100.9974,-0.0025
1918.9992323999998,101.0,100.998,-0.0019
1919.999232,101.0,100.9986,-0.0013
1920.9992315999998,101.0,100.9996,-0.0003
1921.9992311999997,101.0,101.0007,0.0007
1922.9992307999996,101.0,101.0015,0.0015
1923.9992303999998,101.0,101.0023,0.0023
1924.99923,101.0,101.0024,0.0024
1925.9992295999998,101.0,101.0021,0.0021
1926.9992291999997,101.0,101.0013,0.0014
1927.9992287999999,101.0,101.0006,0.0006
1928.9992283999998,101.0,101.0,0.0001
1929.9992279999997,101.0,100.999,-0.0009
1930.9992275999998,101.0,100.998,-0.0019
1931.9992271999997,101.0,100.9974,-0.0025
1932.9992267999999,101.0,100.9971,-0.0028
1933.9992263999998,101.0,100.9971,-0.0028
1934.9992259999997,101.0,100.9972,-0.0026
1935.9992255999998,101.0,100.9976,-0.0023
1936.9992251999997,101.0,100.998,-0.0019
1937.9992247999999,101.0,100.9985,-0.0014
1938.9992243999998,101.0,100.9992,-0.0007
1939.9992239999997,101.0,101.0,0.0
1940.9992235999998,101.0,101.001,0.001
1941.9992232,101.0,101.0014,0.0014
1942.9992227999996,101.0,101.0021,0.0021
1943.9992223999998,101.0,101.003,0.003
1944.999222,101.0,101.0034,0.0034
1945.9992215999998,101.0,101.0031,0.0031
1946.9992211999997,101.0,101.0026,0.0026
1947.9992207999999,101.0,101.002,0.002
1948.9992203999998,101.0,101.0016,0.0016
1949.99922,101.0,101.0008,0.0008
1950.9992195999996,101.0,100.9998,-0.0001
1951.9992191999997,101.0,100.9989,-0.001
1952.9992187999999,101.0,100.9984,-0.0015
1953.9992183999998,101.0,100.9981,-0.0018
1954.9992179999997,101.0,100.9979,-0.0019
1955.9992175999998,101.0,100.9982,-0.0017
1956.9992171999997,101.0,100.9983,-0.0016
1957.9992167999999,101.0,100.9989,-0.001
1958.9992163999998,101.0,100.9991,-0.0007
1959.9992159999997,101.0,100.9993,-0.0006
1960.9992155999998,101.0,100.9992,-0.0007
1961.9992152,101.0,100.9991,-0.0008
1962.9992147999997,101.0,101.0,0.0
1963.9992143999998,101.0,101.0009,0.0009
1964.999214,101.0,101.0015,0.0015
1965.9992135999998,101.0,101.0012,0.0012
1966.9992131999998,101.0,101.0005,0.0005
1967.9992127999997,101.0,101.0003,0.0003
1968.9992123999998,101.0,101.0004,0.0004
1969.999212,101.0,101.0003,0.0003
1970.9992115999996,101.0,100.9997,-0.0002
1971.9992111999998,101.0,100.9992,-0.0007
1972.9992108,101.0,100.9987,-0.0012
1973.9992103999998,101.0,100.9987,-0.0012
1974.9992099999997,101.0,100.9989,-0.001
1975.9992095999999,101.0,100.9994,-0.0005
1976.9992091999998,101.0,100.9991,-0.0008
1977.9992088,101.0,100.9988,-0.0011
1978.9992083999998,101.0,100.999,-0.0009
1979.9992079999997,101.0,100.9997,-0.0002
1980.9992075999999,101.0,101.0009,0.0009
1981.9992071999998,101.0,101.0015,0.0015
1982.9992067999997,101.0,101.002,0.0021
1983.9992063999998,101.0,101.0029,0.0029
1984.9992059999997,101.0,101.0034,0.0034
1985.9992055999999,101.0,101.0032,0.0032
1986.9992051999998,101.0,101.0026,0.0026
1987.9992047999997,101.0,101.0023,0.0023
1988.9992043999998,101.0,101.0021,0.0021
1989.999204,101.0,101.0017,0.0017
1990.9992035999996,101.0,101.0009,0.0009
1991.9992031999998,101.0,100.9999,0.0
1992.9992028,101.0,100.9991,-0.0008
1993.9992023999998,101.0,100.998,-0.0019
1994.9992019999997,101.0,100.9973,-0.0026
1995.9992015999997,101.0,100.9973,-0.0026
1996.9992011999998,101.0,100.9979,-0.0019
1997.9992008,101.0,100.9986,-0.0013
1998.9992003999996,101.0,100.999,-0.0009
1999.9991999999997,101.0,100.9989,-0.001
2000.9991995999999,101.0,100.9996,-0.0003
2001.9991991999998,101.0,101.0003,0.0003
2002.9991987999995,101.0,101.0011,0.0011
2003.9991983999998,101.0,101.0015,0.0015
2004.9991979999998,101.0,101.0017,0.0017
2005.9991975999997,101.0,101.0021,0.0021
2006.9991971999998,101.0,101.0019,0.0019
2007.9991967999997,101.0,101.0017,0.0017
2008.9991963999996,101.0,101.0013,0.0014
2009.999196,101.0,101.0006,0.0006
2010.9991955999997,101.0,101.0,0.0
2011.9991951999996,101.0,100.999,-0.0009
2012.9991948,101.0,100.9982,-0.0017
2013.9991943999999,101.0,100.9973,-0.0026
2014.9991939999995,101.0,100.9965,-0.0034
2015.9991936,101.0,100.9961,-0.0038
2016.9991931999998,101.0,100.9966,-0.0033
2017.9991927999997,101.0,100.9968,-0.0031
2018.9991923999999,101.0,100.9978,-0.0021
2019.9991919999998,101.0,100.9982,-0.0017
2020.9991915999997,101.0,100.9993,-0.0006
2021.9991912,101.0,100.9997,-0.0002
2022.9991907999997,101.0,101.0007,0.0007
2023.9991903999996,101.0,101.0015,0.0015
2024.99919,101.0,101.0023,0.0023
2025.9991896,101.0,101.0021,0.0021
2026.9991891999996,101.0,101.0016,0.0016
2027.9991888,101.0,101.0011,0.0011
2028.9991883999999,101.0,101.0012,0.0013
2029.9991879999998,101.0,101.0009,0.0009
2030.9991876,101.0,101.0002,0.0002
2031.9991871999998,101.0,100.9989,-0.001
2032.9991867999997,101.0,100.9977,-0.0022
2033.9991863999996,101.0,100.997,-0.0029
2034.9991859999998,101.0,100.997,-0.0029
2035.9991855999997,101.0,100.9976,-0.0023
2036.9991851999996,101.0,100.9975,-0.0024
2037.9991848,101.0,100.9976,-0.0023
2038.9991843999996,101.0,100.9976,-0.0023
2039.9991839999996,101.0,100.9982,-0.0017
2040.9991836,101.0,100.9988,-0.0011
2041.9991831999998,101.0,100.9997,-0.0001
2042.9991827999995,101.0,101.0005,0.0005
2043.9991823999999,101.0,101.0011,0.0011
2044.9991819999998,101.0,101.0009,0.0009
2045.9991815999997,101.0,101.0005,0.0005
2046.9991811999998,101.0,101.0,0.0
2047.9991807999997,101.0,101.0,0.0
2048.9991803999997,101.0,100.9998,-0.0001
2049.99918,101.0,100.9994,-0.0005
2050.9991796,101.0,100.9988,-0.0011
2051.9991791999996,101.0,100.9982,-0.0017
2052.9991787999998,101.0,100.9975,-0.0023
2053.9991784,101.0,100.9969,-0.003
2054.9991779999996,101.0,100.997,-0.0029
2055.9991776,101.0,100.9975,-0.0024
2056.9991772,101.0,100.998,-0.0019
2057.9991767999995,101.0,100.9983,-0.0016
2058.9991764,101.0,100.9987,-0.0011
2059.999176,101.0,100.9991,-0.0008
2060.9991755999995,101.0,101.0,0.0
2061.9991752,101.0,101.0008,0.0008
2062.9991747999998,101.0,101.0019,0.0019
2063.9991744,101.0,101.0027,0.0027
2064.9991739999996,101.0,101.0027,0.0027
2065.9991735999997,101.0,101.0019,0.0019
2066.9991732,101.0,101.0012,0.0012
2067.9991727999995,101.0,101.001,0.001
2068.9991723999997,101.0,101.0013,0.0014
2069.999172,101.0,101.0012,0.0012
2070.9991715999995,101.0,101.001,0.001
2071.9991712,101.0,101.0002,0.0002
2072.9991708,101.0,100.9996,-0.0002
2073.9991703999995,101.0,100.9991,-0.0008
2074.99917,101.0,100.999,-0.0009
2075.9991695999997,101.0,100.9991,-0.0007
2076.9991691999994,101.0,100.9992,-0.0007
2077.9991688,101.0,100.9993,-0.0006
2078.9991683999997,101.0,100.9988,-0.0011
2079.999168,101.0,100.9989,-0.001
2080.9991676,101.0,100.9991,-0.0008
2081.9991671999996,101.0,100.9995,-0.0004
2082.9991668,101.0,100.9996,-0.0003
2083.9991664,101.0,100.9998,-0.0001
2084.9991659999996,101.0,101.0001,0.0001
2085.9991655999997,101.0,101.0007,0.0007
2086.9991652,101.0,101.0011,0.0012
2087.9991648,101.0,101.0019,0.0019
2088.9991643999997,101.0,101.0021,0.0021
2089.999164,101.0,101.0018,0.0018
2090.9991636,101.0,101.0016,0.0016
2091.9991631999997,101.0,101.0012,0.0012
2092.9991628,101.0,101.001,0.001
2093.9991624,101.0,101.0003,0.0003
2094.9991619999996,101.0,100.9998,-0.0001
2095.9991615999998,101.0,100.9991,-0.0007
2096.9991612,101.0,100.9986,-0.0013
2097.9991607999996,101.0,100.9981,-0.0018
2098.9991603999997,101.0,100.9976,-0.0023
2099.99916,101.0,100.9973,-0.0026
2100.9991595999995,101.0,100.9976,-0.0023
2101.9991591999997,101.0,100.9979,-0.002
2102.9991588,101.0,100.9988,-0.0011
2103.9991584,101.0,100.9999,-0.0
2104.9991579999996,101.0,101.0011,0.0011
2105.9991575999998,101.0,101.002,0.002
2106.9991572,101.0,101.0025,0.0025
2107.9991567999996,101.0,101.0029,0.0029
2108.9991563999997,101.0,101.0032,0.0032
2109.999156,101.0,101.0028,0.0028
2110.9991555999995,101.0,101.0023,0.0023
2111.9991552,101.0,101.0017,0.0017
2112.9991548,101.0,101.0013,0.0013
2113.9991543999995,101.0,101.0005,0.0005
2114.999154,101.0,101.0002,0.0002
2115.9991535999998,101.0,101.0003,0.0003
2116.9991531999995,101.0,100.9999,-0.0
2117.9991528,101.0,100.9996,-0.0003
2118.9991523999997,101.0,100.9993,-0.0006
2119.999152,101.0,100.9996,-0.0003
2120.9991516,101.0,100.9998,-0.0001
2121.9991511999997,101.0,101.0001,0.0001
2122.9991508,101.0,101.0002,0.0002
2123.9991503999995,101.0,101.0009,0.0009
2124.9991499999996,101.0,101.0014,0.0014
2125.9991496,101.0,101.0012,0.0012
2126.9991491999995,101.0,101.0012,0.0012
2127.9991488,101.0,101.0011,0.0011
2128.9991483999997,101.0,101.0012,0.0012
2129.9991479999994,101.0,101.0008,0.0008
2130.9991476,101.0,101.0005,0.0005
2131.9991471999997,101.0,101.0001,0.0001
2132.9991467999994,101.0,100.9993,-0.0006
2133.9991464,101.0,100.9985,-0.0014
2134.9991459999997,101.0,100.9982,-0.0017
2135.9991456,101.0,100.9982,-0.0017
2136.9991452,101.0,100.9983,-0.0016
2137.9991447999996,101.0,100.9975,-0.0024
2138.9991443999998,101.0,100.9966,-0.0033
2139.999144,101.0,100.9963,-0.0035
2140.9991435999996,101.0,100.9968,-0.0031
2141.9991431999997,101.0,100.9979,-0.0019
2142.9991428,101.0,100.9988,-0.001
2143.9991424,101.0,101.0001,0.0001
2144.9991419999997,101.0,101.0008,0.0008
2145.9991416,101.0,101.0013,0.0013
2146.9991412,101.0,101.0011,0.0011
2147.9991407999996,101.0,101.001,0.001
2148.9991403999998,101.0,101.0013,0.0013
2149.99914,101.0,101.0012,0.0012
2150.9991395999996,101.0,101.0016,0.0016
2151.9991392,101.0,101.0016,0.0016
2152.9991388,101.0,101.0014,0.0014
2153.9991383999995,101.0,101.0011,0.0011
2154.9991379999997,101.0,101.0012,0.0012
2155.9991376,101.0,101.0014,0.0014
2156.9991371999995,101.0,101.0014,0.0014
2157.9991367999996,101.0,101.0008,0.0009
2158.9991363999998,101.0,101.0,0.0
2159.999136,101.0,100.9997,-0.0002
2160.9991355999996,101.0,100.9995,-0.0004
2161.9991351999997,101.0,100.9995,-0.0004
2162.9991348,101.0,100.9997,-0.0002
2163.9991343999995,101.0,101.0002,0.0002
2164.9991339999997,101.0,101.0007,0.0007
2165.9991336,101.0,101.0011,0.0012
2166.9991331999995,101.0,101.001,0.001
2167.9991328,101.0,101.0015,0.0015
2168.9991324,101.0,101.0021,0.0021
2169.9991319999995,101.0,101.0025,0.0025
2170.9991316,101.0,101.0023,0.0023
2171.9991311999997,101.0,101.0018,0.0018
2172.9991307999994,101.0,101.0014,0.0015
2173.9991304,101.0,101.0008,0.0009
2174.9991299999997,101.0,101.0004,0.0004
2175.9991296,101.0,100.9999,-0.0
2176.9991292,101.0,100.9997,-0.0002
2177.9991287999997,101.0,100.9993,-0.0006
2178.9991284,101.0,100.9987,-0.0012
2179.999128,101.0,100.9984,-0.0015
2180.9991275999996,101.0,100.9985,-0.0014
2181.9991271999997,101.0,100.9986,-0.0013
2182.9991268,101.0,100.999,-0.0009
2183.9991264,101.0,100.9996,-0.0003
2184.9991259999997,101.0,101.0007,0.0007
2185.9991255999994,101.0,101.0012,0.0012
2186.9991252,101.0,101.0015,0.0015
2187.9991247999997,101.0,101.0017,0.0017
2188.9991243999993,101.0,101.0026,0.0026
2189.999124,101.0,101.003,0.003
2190.9991235999996,101.0,101.0025,0.0026
2191.9991231999998,101.0,101.0018,0.0019
2192.9991228,101.0,101.001,0.001
2193.9991223999996,101.0,101.0003,0.0003
2194.9991219999997,101.0,100.9997,-0.0002
2195.9991216,101.0,100.9998,-0.0001
2196.9991211999995,101.0,100.9997,-0.0002
2197.9991207999997,101.0,100.9994,-0.0005
2198.9991204,101.0,100.999,-0.0009
2199.99912,101.0,100.9988,-0.0011
2200.9991195999996,101.0,100.9986,-0.0012
2201.9991191999998,101.0,100.9987,-0.0012
2202.9991188,101.0,100.9984,-0.0015
2203.9991183999996,101.0,100.9989,-0.001
2204.9991179999997,101.0,100.9997,-0.0002
2205.9991176,101.0,101.0002,0.0002
2206.9991171999995,101.0,101.0001,0.0001
2207.9991168,101.0,100.9999,-0.0
2208.9991164,101.0,100.9999,-0.0
2209.9991159999995,101.0,100.9999,-0.0
2210.9991156,101.0,100.9998,-0.0001
2211.9991152,101.0,100.9992,-0.0007
2212.9991147999995,101.0,100.999,-0.0009
2213.9991143999996,101.0,100.9988,-0.0011
2214.9991139999997,101.0,100.9992,-0.0007
2215.9991136,101.0,100.9994,-0.0005
2216.9991131999996,101.0,100.9996,-0.0002
2217.9991127999997,101.0,100.9995,-0.0004
2218.9991124,101.0,100.999,-0.0009
2219.9991119999995,101.0,100.9988,-0.0011
2220.9991115999997,101.0,100.9988,-0.001
2221.9991112,101.0,100.9997,-0.0001
2222.9991107999995,101.0,101.0001,0.0001
2223.9991104,101.0,101.0005,0.0005
2224.9991099999997,101.0,101.0002,0.0002
2225.9991095999994,101.0,100.9995,-0.0004
2226.9991092,101.0,100.9989,-0.001
2227.9991087999997,101.0,100.999,-0.0009
2228.9991083999994,101.0,100.9995,-0.0004
2229.999108,101.0,101.0006,0.0006
2230.9991075999997,101.0,101.0011,0.0011
2231.9991072,101.0,101.001,0.001
2232.9991068,101.0,101.0006,0.0006
2233.9991063999996,101.0,101.0,0.0
2234.9991059999998,101.0,100.9996,-0.0002
2235.9991056,101.0,100.9994,-0.0005
2236.9991051999996,101.0,100.9994,-0.0005
2237.9991047999997,101.0,100.9994,-0.0005
2238.9991044,101.0,100.9993,-0.0006
2239.999104,101.0,100.9995,-0.0003
2240.9991035999997,101.0,101.0,0.0
2241.9991032,101.0,101.0004,0.0004
2242.9991028,101.0,101.0003,0.0003
2243.9991023999996,101.0,101.0005,0.0005
2244.9991019999993,101.0,101.0003,0.0004
2245.9991016,101.0,101.0002,0.0002
2246.9991011999996,101.0,101.0003,0.0003
2247.9991007999997,101.0,101.0011,0.0011
2248.9991004,101.0,101.0025,0.0025
2249.9990999999995,101.0,101.0032,0.0032
2250.9990995999997,101.0,101.0027,0.0027
2251.9990992,101.0,101.002,0.002
2252.9990987999995,101.0,101.0012,0.0012
2253.9990983999996,101.0,101.0008,0.0008
2254.999098,101.0,101.0001,0.0001
2255.9990976,101.0,101.0,0.0
2256.9990971999996,101.0,100.9999,-0.0
2257.9990967999997,101.0,100.9997,-0.0002
2258.9990964,101.0,100.9993,-0.0006
2259.9990959999996,101.0,100.9987,-0.0012
2260.9990955999997,101.0,100.9988,-0.0011
2261.9990952,101.0,100.9987,-0.0012
2262.9990947999995,101.0,100.9992,-0.0007
2263.9990944,101.0,100.9996,-0.0002
2264.999094,101.0,101.0,0.0
2265.9990935999995,101.0,101.0001,0.0001
2266.9990932,101.0,101.0006,0.0006
2267.9990927999997,101.0,101.0013,0.0013
2268.9990923999994,101.0,101.0019,0.0019
2269.999092,101.0,101.0022,0.0023
2270.9990915999997,101.0,101.0025,0.0025
2271.9990912,101.0,101.0023,0.0023
2272.9990908,101.0,101.002,0.002
2273.9990903999997,101.0,101.0016,0.0017
2274.99909,101.0,101.0015,0.0015
2275.9990895999995,101.0,101.0016,0.0016
2276.9990891999996,101.0,101.0014,0.0014
2277.9990887999998,101.0,101.0006,0.0007
2278.9990883999994,101.0,100.9997,-0.0002
2279.999088,101.0,100.9989,-0.001
2280.9990875999997,101.0,100.9989,-0.001
2281.9990871999994,101.0,100.999,-0.0009
2282.9990868,101.0,100.9992,-0.0007
2283.9990863999997,101.0,100.9993,-0.0006
2284.9990859999994,101.0,100.9995,-0.0004
2285.9990856,101.0,100.9996,-0.0003
2286.9990851999996,101.0,100.9993,-0.0006
2287.9990847999998,101.0,100.9994,-0.0005
2288.9990844,101.0,100.9999,0.0
2289.9990839999996,101.0,101.0006,0.0006
2290.9990835999997,101.0,101.0008,0.0008
2291.9990832,101.0,101.0006,0.0006
2292.9990827999995,101.0,101.0006,0.0006
2293.9990823999997,101.0,101.0003,0.0004
2294.999082,101.0,101.0002,0.0002
2295.9990816,101.0,100.9999,-0.0
2296.9990811999996,101.0,100.9994,-0.0005
2297.9990808,101.0,100.9988,-0.0011
2298.9990804,101.0,100.9981,-0.0018
2299.9990799999996,101.0,100.9977,-0.0022
2300.9990795999997,101.0,100.998,-0.0019
2301.9990792,101.0,100.9985,-0.0014
2302.9990787999996,101.0,100.9994,-0.0005
2303.9990783999997,101.0,101.0002,0.0002
2304.999078,101.0,101.0008,0.0008
2305.9990775999995,101.0,101.0007,0.0007
2306.9990771999996,101.0,101.0009,0.0009
2307.9990768,101.0,101.0011,0.0012
2308.9990763999995,101.0,101.0018,0.0018
2309.9990759999996,101.0,101.0018,0.0019
2310.9990755999997,101.0,101.002,0.002
2311.9990752,101.0,101.0016,0.0016
2312.9990747999996,101.0,101.0013,0.0013
2313.9990743999997,101.0,101.0002,0.0002
2314.999074,101.0,100.9993,-0.0005
2315.9990735999995,101.0,100.9988,-0.0011
2316.9990731999997,101.0,100.9986,-0.0013
2317.9990728,101.0,100.9982,-0.0017
2318.9990723999995,101.0,100.9979,-0.0019
2319.999072,101.0,100.9979,-0.002
2320.9990715999998,101.0,100.9982,-0.0017
2321.9990711999994,101.0,100.9988,-0.0011
2322.9990708,101.0,100.9995,-0.0004
2323.9990703999997,101.0,101.0002,0.0002
2324.9990699999994,101.0,101.0005,0.0006
2325.9990696,101.0,101.0008,0.0008
2326.9990691999997,101.0,101.0008,0.0008
2327.9990688,101.0,101.0011,0.0011
2328.9990684,101.0,101.0012,0.0012
2329.9990679999996,101.0,101.001,0.001
2330.9990675999998,101.0,101.0008,0.0009
2331.9990672,101.0,101.0008,0.0008
2332.9990667999996,101.0,101.0007,0.0007
2333.9990663999997,101.0,101.0003,0.0003
2334.9990659999994,101.0,100.9995,-0.0004
2335.9990656,101.0,100.9994,-0.0005
2336.9990651999997,101.0,100.9991,-0.0008
2337.9990647999994,101.0,100.999,-0.0009
2338.9990644,101.0,100.9985,-0.0014
2339.9990639999996,101.0,100.9983,-0.0016
2340.9990635999993,101.0,100.9986,-0.0013
2341.9990632,101.0,100.9992,-0.0007
2342.9990627999996,101.0,100.9993,-0.0005
2343.9990623999997,101.0,100.9999,-0.0
2344.999062,101.0,100.9996,-0.0003
2345.9990615999995,101.0,100.9993,-0.0006
2346.9990611999997,101.0,100.9984,-0.0015
2347.9990608,101.0,100.9989,-0.001
2348.9990603999995,101.0,100.9998,-0.0001
2349.9990599999996,101.0,101.0006,0.0006
2350.9990596,101.0,101.0006,0.0007
2351.9990592,101.0,101.0003,0.0004
2352.9990587999996,101.0,100.9998,-0.0001
2353.9990583999997,101.0,100.9994,-0.0005
2354.999058,101.0,100.9995,-0.0004
2355.9990575999996,101.0,100.9999,-0.0
2356.9990571999997,101.0,101.0,0.0001
2357.9990568,101.0,100.9995,-0.0004
2358.9990563999995,101.0,100.999,-0.0009
2359.999056,101.0,100.9992,-0.0007
2360.9990556,101.0,100.9999,-0.0
2361.9990551999995,101.0,101.0002,0.0002
2362.9990548,101.0,101.0,0.0
2363.9990543999997,101.0,101.0002,0.0003
2364.9990539999994,101.0,101.0004,0.0004
2365.9990535999996,101.0,101.0003,0.0003
2366.9990531999997,101.0,100.9997,-0.0002
2367.9990528,101.0,100.9994,-0.0005
2368.9990523999995,101.0,100.9998,-0.0
2369.9990519999997,101.0,101.0003,0.0003
2370.9990516,101.0,101.0006,0.0006
2371.9990511999995,101.0,101.0007,0.0007
2372.9990507999996,101.0,101.0007,0.0008
2373.9990503999998,101.0,101.0004,0.0004
2374.9990499999994,101.0,101.0,0.0
2375.9990496,101.0,100.9995,-0.0004
2376.9990491999997,101.0,100.9998,-0.0001
2377.9990487999994,101.0,101.0,0.0
2378.9990484,101.0,101.0,0.0
2379.9990479999997,101.0,100.9998,-0.0001
2380.9990475999994,101.0,100.9999,-0.0
2381.9990472,101.0,101.0005,0.0005
2382.9990467999996,101.0,101.0013,0.0013
2383.9990463999998,101.0,101.0021,0.0021
2384.999046,101.0,101.0022,0.0022
2385.9990455999996,101.0,101.0021,0.0021
2386.9990451999997,101.0,101.0018,0.0018
2387.9990448,101.0,101.0018,0.0018
2388.9990443999995,101.0,101.0023,0.0023
2389.9990439999997,101.0,101.0025,0.0025
2390.9990436,101.0,101.0025,0.0025
2391.9990432,101.0,101.0019,0.0019
2392.9990427999996,101.0,101.0012,0.0012
2393.9990424,101.0,101.0004,0.0004
2394.999042,101.0,101.0005,0.0005
2395.9990415999996,101.0,101.0004,0.0004
2396.9990411999997,101.0,101.0003,0.0003
2397.9990408,101.0,101.0001,0.0001
2398.9990403999996,101.0,101.0001,0.0001
2399.9990399999997,101.0,101.0006,0.0006
2400.9990396,101.0,101.0007,0.0007
2401.9990391999995,101.0,101.0006,0.0006
2402.9990387999997,101.0,101.0006,0.0006
2403.9990384,101.0,101.0009,0.0009
2404.999038,101.0,101.0009,0.0009
2405.9990375999996,101.0,101.0001,0.0001
2406.9990371999997,101.0,100.9994,-0.0005
2407.9990368,101.0,100.9991,-0.0008
2408.9990363999996,101.0,100.9995,-0.0004
2409.9990359999997,101.0,100.9998,-0.0001
2410.9990356,101.0,100.9996,-0.0002
2411.9990351999995,101.0,100.9994,-0.0005
2412.9990347999997,101.0,100.9992,-0.0007
2413.9990344,101.0,100.9991,-0.0008
2414.9990339999995,101.0,100.9991,-0.0008
2415.9990336,101.0,100.9993,-0.0006
2416.9990331999998,101.0,100.9994,-0.0005
2417.9990327999994,101.0,100.9996,-0.0003
2418.9990324,101.0,100.9995,-0.0003
2419.9990319999997,101.0,100.9999,-0.0
2420.9990316,101.0,101.0001,0.0001
2421.9990312,101.0,101.0006,0.0006
2422.9990307999997,101.0,101.0009,0.0009
2423.9990304,101.0,101.0016,0.0016
2424.9990299999995,101.0,101.0016,0.0016
2425.9990295999996,101.0,101.0012,0.0012
2426.9990291999998,101.0,101.0002,0.0002
2427.9990287999995,101.0,100.9999,-0.0
2428.9990283999996,101.0,101.0005,0.0005
2429.9990279999997,101.0,101.0013,0.0013
2430.9990275999994,101.0,101.0019,0.0019
2431.9990272,101.0,101.0016,0.0016
2432.9990267999997,101.0,101.001,0.001
2433.9990263999994,101.0,101.0003,0.0003
2434.999026,101.0,101.0002,0.0002
2435.9990255999996,101.0,101.0003,0.0004
2436.9990252,101.0,101.0004,0.0004
2437.9990248,101.0,101.0003,0.0003
2438.9990243999996,101.0,100.9998,-0.0
2439.9990239999997,101.0,100.9998,-0.0001
2440.9990236,101.0,101.0,0.0
2441.9990231999996,101.0,101.0002,0.0002
2442.9990227999997,101.0,101.0004,0.0004
2443.9990224,101.0,101.0003,0.0003
2444.999022,101.0,101.0001,0.0001
2445.9990215999997,101.0,101.0,0.0
2446.9990212,101.0,101.0001,0.0001
2447.9990208,101.0,101.0003,0.0003
2448.9990203999996,101.0,101.0007,0.0007
2449.9990199999997,101.0,101.001,0.001
2450.9990196,101.0,101.001,0.001
2451.9990191999996,101.0,101.001,0.001
2452.9990188,101.0,101.0008,0.0008
2453.9990184,101.0,101.0009,0.0009
2454.9990179999995,101.0,101.0009,0.0009
2455.9990175999997,101.0,101.0005,0.0005
2456.9990172,101.0,100.9999,0.0
2457.9990167999995,101.0,100.9991,-0.0008
2458.9990163999996,101.0,100.999,-0.0009
2459.9990159999998,101.0,100.9994,-0.0005
2460.9990156,101.0,101.0003,0.0004
2461.9990151999996,101.0,101.0012,0.0012
2462.9990147999997,101.0,101.0015,0.0015
2463.9990144,101.0,101.0022,0.0022
2464.9990139999995,101.0,101.0023,0.0023
2465.9990135999997,101.0,101.0018,0.0018
2466.9990132,101.0,101.0014,0.0014
2467.9990127999995,101.0,101.0012,0.0012
2468.9990124,101.0,101.0016,0.0016
2469.9990119999998,101.0,101.0017,0.0017
2470.9990115999994,101.0,101.002,0.002
2471.9990112,101.0,101.0018,0.0018
2472.9990107999997,101.0,101.0014,0.0014
2473.9990103999994,101.0,101.0009,0.0009
2474.99901,101.0,101.0006,0.0006
2475.9990095999997,101.0,101.0004,0.0004
2476.9990092,101.0,101.0,0.0
2477.9990088,101.0,100.9995,-0.0004
2478.9990083999996,101.0,100.999,-0.0009
2479.999008,101.0,100.9991,-0.0008
2480.9990076,101.0,100.9998,-0.0001
2481.9990071999996,101.0,101.0002,0.0002
2482.9990067999997,101.0,101.0005,0.0005
2483.9990064,101.0,101.0005,0.0005
2484.999006,101.0,101.0008,0.0008
2485.9990055999997,101.0,101.0006,0.0006
2486.9990051999994,101.0,101.0006,0.0006
2487.9990048,101.0,101.0007,0.0007
2488.9990043999996,101.0,101.0009,0.0009
2489.9990039999993,101.0,101.0008,0.0008
2490.9990036,101.0,101.0006,0.0006
2491.9990031999996,101.0,101.0004,0.0005
2492.9990027999997,101.0,101.0001,0.0001
2493.9990024,101.0,100.9992,-0.0007
2494.9990019999996,101.0,100.9985,-0.0014
2495.9990015999997,101.0,100.9984,-0.0015
2496.9990012,101.0,100.9989,-0.001
2497.9990007999995,101.0,100.9997,-0.0002
2498.9990003999997,101.0,100.9997,-0.0001
2499.999,101.0,100.9996,-0.0003
2500.9989996,101.0,100.9995,-0.0004
2501.9989991999996,101.0,100.9997,-0.0002
2502.9989987999998,101.0,101.0,0.0
2503.9989984,101.0,101.0008,0.0008
2504.9989979999996,101.0,101.001,0.001
2505.9989975999997,101.0,101.0011,0.0011
2506.9989972,101.0,101.0013,0.0013
2507.9989967999995,101.0,101.0014,0.0014
2508.9989964,101.0,101.0018,0.0018
2509.998996,101.0,101.0015,0.0015
2510.9989955999995,101.0,101.0007,0.0007
2511.9989952,101.0,101.0,0.0
2512.9989947999998,101.0,100.9996,-0.0003
2513.9989943999994,101.0,100.9999,-0.0
2514.9989939999996,101.0,101.0004,0.0004
2515.9989935999997,101.0,101.0009,0.0009
2516.9989932,101.0,101.0007,0.0008
2517.9989927999995,101.0,101.0005,0.0005
2518.9989923999997,101.0,101.0002,0.0002
2519.998992,101.0,101.0001,0.0001
2520.9989915999995,101.0,101.0,0.0001
2521.9989911999996,101.0,101.0007,0.0007
2522.9989908,101.0,101.001,0.001
2523.9989903999995,101.0,101.002,0.002
2524.99899,101.0,101.002,0.002
2525.9989895999997,101.0,101.0022,0.0022
2526.9989891999994,101.0,101.0019,0.0019
2527.9989888,101.0,101.0018,0.0018
2528.9989883999997,101.0,101.0014,0.0014
2529.9989879999994,101.0,101.0007,0.0007
2530.9989876,101.0,101.0,0.0
2531.9989871999996,101.0,100.9993,-0.0006
2532.9989868,101.0,100.9987,-0.0012
2533.9989864,101.0,100.9984,-0.0015
2534.9989859999996,101.0,100.9982,-0.0017
2535.9989855999997,101.0,100.9987,-0.0012
2536.9989852,101.0,100.999,-0.0009
2537.9989847999996,101.0,100.9997,-0.0002
2538.9989843999997,101.0,100.9998,-0.0
2539.998984,101.0,101.0005,0.0005
2540.9989836,101.0,101.0008,0.0008
2541.9989831999997,101.0,101.0008,0.0008
2542.9989828,101.0,101.0008,0.0009
2543.9989824,101.0,101.0012,0.0012
2544.9989819999996,101.0,101.0015,0.0015
2545.9989815999993,101.0,101.0008,0.0008
2546.9989812,101.0,101.0001,0.0001
2547.9989807999996,101.0,100.9998,-0.0001
2548.9989803999997,101.0,101.0007,0.0007
2549.99898,101.0,101.0015,0.0015
2550.9989795999995,101.0,101.0014,0.0014
2551.9989791999997,101.0,101.001,0.001
2552.9989788,101.0,101.0003,0.0003
2553.9989783999995,101.0,100.9994,-0.0005
2554.9989779999996,101.0,100.9986,-0.0013
2555.9989775999998,101.0,100.9983,-0.0016
2556.9989772,101.0,100.9986,-0.0013
2557.9989767999996,101.0,100.9988,-0.0011
2558.9989763999997,101.0,100.9992,-0.0007
2559.998976,101.0,100.9995,-0.0003
2560.9989755999995,101.0,101.0002,0.0002
2561.9989751999997,101.0,100.9998,-0.0001
2562.9989748,101.0,100.9997,-0.0002
2563.9989743999995,101.0,101.0001,0.0001
2564.998974,101.0,101.0007,0.0007
2565.9989735999998,101.0,101.001,0.001
2566.9989731999995,101.0,101.0009,0.0009
2567.9989728,101.0,101.0008,0.0008
2568.9989723999997,101.0,101.0008,0.0008
2569.9989719999994,101.0,101.0007,0.0008
2570.9989716,101.0,101.0004,0.0004
2571.9989711999997,101.0,100.9999,-0.0
2572.9989708,101.0,100.9992,-0.0007
2573.9989704,101.0,100.9985,-0.0014
2574.9989699999996,101.0,100.9982,-0.0017
2575.9989696,101.0,100.9987,-0.0012
2576.9989691999995,101.0,100.9991,-0.0008
2577.9989687999996,101.0,100.9988,-0.0011
2578.9989683999997,101.0,100.9983,-0.0016
2579.9989679999994,101.0,100.9983,-0.0016
2580.9989676,101.0,100.9989,-0.001
2581.9989671999997,101.0,100.9993,-0.0006
2582.9989667999994,101.0,100.999,-0.0009
2583.9989664,101.0,100.9996,-0.0003
2584.9989659999997,101.0,100.9999,-0.0
2585.9989655999993,101.0,101.0006,0.0006
2586.9989652,101.0,101.0007,0.0007
2587.9989647999996,101.0,101.001,0.001
2588.9989643999997,101.0,101.0017,0.0017
2589.998964,101.0,101.0019,0.0019
2590.9989635999996,101.0,101.0013,0.0013
2591.9989631999997,101.0,101.0008,0.0008
2592.9989628,101.0,101.0002,0.0002
2593.9989623999995,101.0,100.9997,-0.0002
2594.9989619999997,101.0,100.999,-0.0009
2595.9989616,101.0,100.9986,-0.0013
2596.9989612,101.0,100.9984,-0.0015
2597.9989607999996,101.0,100.9985,-0.0014
2598.9989603999998,101.0,100.9981,-0.0018
2599.99896,101.0,100.998,-0.0019
2600.9989595999996,101.0,100.9981,-0.0018
2601.9989591999997,101.0,100.9989,-0.001
2602.9989588,101.0,100.9998,-0.0001
2603.9989583999995,101.0,101.0004,0.0005
2604.998958,101.0,101.001,0.001
2605.9989576,101.0,101.0008,0.0009
2606.9989571999995,101.0,101.0009,0.0009
2607.9989567999996,101.0,101.0012,0.0012
2608.9989563999998,101.0,101.0017,0.0017
2609.9989559999995,101.0,101.0018,0.0018
2610.9989555999996,101.0,101.0015,0.0015
2611.9989551999997,101.0,101.001,0.001
2612.9989548,101.0,101.001,0.001
2613.9989543999995,101.0,101.0005,0.0006
2614.9989539999997,101.0,100.9999,-0.0
2615.9989536,101.0,100.9994,-0.0005
2616.9989531999995,101.0,100.9988,-0.0011
2617.9989527999996,101.0,100.9984,-0.0015
2618.9989524,101.0,100.9979,-0.002
2619.9989519999995,101.0,100.9981,-0.0018
2620.9989516,101.0,100.999,-0.0009
2621.9989511999997,101.0,100.9998,-0.0001
2622.9989507999994,101.0,101.0004,0.0004
2623.9989504,101.0,101.0011,0.0011
2624.9989499999997,101.0,101.0016,0.0017
2625.9989495999994,101.0,101.0017,0.0017
2626.9989492,101.0,101.0016,0.0017
2627.9989487999997,101.0,101.0017,0.0017
2628.9989484,101.0,101.002,0.0021
2629.998948,101.0,101.002,0.002
2630.9989475999996,101.0,101.0013,0.0014
2631.9989471999997,101.0,101.0007,0.0007
2632.9989468,101.0,101.0003,0.0004
2633.9989463999996,101.0,100.9996,-0.0002
2634.9989459999997,101.0,100.9987,-0.0011
2635.9989455999994,101.0,100.9979,-0.002
2636.9989452,101.0,100.9975,-0.0024
2637.9989447999997,101.0,100.997,-0.0029
2638.9989443999993,101.0,100.9967,-0.0032
2639.998944,101.0,100.9969,-0.003
2640.9989435999996,101.0,100.9977,-0.0022
2641.9989431999993,101.0,100.9981,-0.0018
2642.9989428,101.0,100.9986,-0.0012
2643.9989423999996,101.0,100.9996,-0.0003
2644.9989419999997,101.0,101.0009,0.0009
2645.9989416,101.0,101.0015,0.0015
2646.9989411999995,101.0,101.0014,0.0014
2647.9989407999997,101.0,101.0013,0.0013
2648.9989404,101.0,101.0019,0.0019
2649.9989399999995,101.0,101.0023,0.0023
2650.9989395999996,101.0,101.0024,0.0024
2651.9989391999998,101.0,101.002,0.002
2652.9989388,101.0,101.0014,0.0014
2653.9989383999996,101.0,101.0001,0.0001
2654.9989379999997,101.0,100.9987,-0.0011
2655.9989376,101.0,100.9976,-0.0023
2656.9989371999995,101.0,100.9969,-0.003
2657.9989367999997,101.0,100.9964,-0.0035
2658.9989364,101.0,100.9961,-0.0038
2659.9989359999995,101.0,100.9959,-0.004
2660.9989356,101.0,100.9967,-0.0031
2661.9989352,101.0,100.9976,-0.0023
2662.9989347999995,101.0,100.9981,-0.0018
2663.9989344,101.0,100.9988,-0.001
2664.9989339999997,101.0,100.9989,-0.001
2665.9989335999994,101.0,100.9993,-0.0006
2666.9989331999996,101.0,100.9989,-0.001
2667.9989327999997,101.0,100.9996,-0.0002
2668.9989324,101.0,101.0006,0.0006
2669.9989319999995,101.0,101.0012,0.0012
2670.9989315999997,101.0,101.001,0.001
2671.9989312,101.0,101.0002,0.0002
2672.9989307999995,101.0,101.0,0.0
2673.9989303999996,101.0,100.9996,-0.0003
2674.9989299999997,101.0,100.9991,-0.0008
2675.9989295999994,101.0,100.9992,-0.0007
2676.9989292,101.0,100.9993,-0.0006
2677.9989287999997,101.0,100.9994,-0.0005
2678.9989283999994,101.0,100.9987,-0.0011
2679.998928,101.0,100.9987,-0.0012
2680.9989275999997,101.0,100.9989,-0.001
2681.9989271999993,101.0,100.9994,-0.0005
2682.9989268,101.0,100.9999,-0.0
2683.9989263999996,101.0,100.9999,-0.0
2684.9989259999998,101.0,101.0001,0.0001
2685.9989256,101.0,101.0003,0.0003
2686.9989251999996,101.0,101.001,0.001
2687.9989247999997,101.0,101.0016,0.0016
2688.9989244,101.0,101.0019,0.0019
2689.9989239999995,101.0,101.0018,0.0019
2690.9989235999997,101.0,101.0017,0.0017
2691.9989232,101.0,101.0012,0.0013
2692.9989228,101.0,101.001,0.001
2693.9989223999996,101.0,101.0012,0.0012
2694.9989219999998,101.0,101.001,0.001
2695.9989216,101.0,101.0005,0.0005
2696.9989211999996,101.0,100.9995,-0.0004
2697.9989207999993,101.0,100.9988,-0.001
2698.9989204,101.0,100.9983,-0.0016
2699.9989199999995,101.0,100.9981,-0.0018
2700.9989195999997,101.0,100.9977,-0.0022
2701.9989192,101.0,100.9985,-0.0014
2702.9989187999995,101.0,100.9992,-0.0006
2703.9989183999996,101.0,101.0009,0.0009
2704.998918,101.0,101.0015,0.0015
2705.9989175999995,101.0,101.0014,0.0014
2706.9989171999996,101.0,101.0015,0.0015
2707.9989167999997,101.0,101.0016,0.0016
2708.9989164,101.0,101.0026,0.0027
2709.9989159999996,101.0,101.003,0.003
2710.9989155999997,101.0,101.0029,0.0029
2711.9989152,101.0,101.0021,0.0021
2712.9989147999995,101.0,101.0011,0.0011
2713.9989143999996,101.0,101.0003,0.0003
2714.998914,101.0,100.9998,-0.0001
2715.9989135999995,101.0,100.9996,-0.0002
2716.9989132,101.0,100.9996,-0.0003
2717.9989127999997,101.0,100.9993,-0.0005
2718.9989123999994,101.0,100.999,-0.0009
2719.998912,101.0,100.9985,-0.0014
2720.9989115999997,101.0,100.9987,-0.0012
2721.9989111999994,101.0,100.999,-0.0009
2722.9989108,101.0,100.9994,-0.0005
2723.9989103999997,101.0,100.9998,-0.0001
2724.99891,101.0,100.9998,-0.0001
2725.9989095999995,101.0,100.9999,-0.0
2726.9989091999996,101.0,101.0,0.0
2727.9989087999998,101.0,101.0002,0.0002
2728.9989083999994,101.0,101.0003,0.0003
2729.9989079999996,101.0,101.0005,0.0005
2730.9989075999997,101.0,101.0005,0.0005
2731.9989071999994,101.0,101.001,0.001
2732.9989068,101.0,101.0005,0.0005
2733.9989063999997,101.0,100.9997,-0.0002
2734.9989059999994,101.0,100.9989,-0.001
2735.9989056,101.0,100.9984,-0.0015
2736.9989051999996,101.0,100.9987,-0.0012
2737.9989047999993,101.0,100.9985,-0.0014
2738.9989044,101.0,100.9977,-0.0021
2739.9989039999996,101.0,100.9971,-0.0028
2740.9989035999997,101.0,100.997,-0.0029
2741.9989032,101.0,100.9975,-0.0024
2742.9989027999995,101.0,100.9985,-0.0014
2743.9989023999997,101.0,100.9996,-0.0003
2744.998902,101.0,101.0001,0.0001
2745.9989015999995,101.0,101.0003,0.0003
2746.9989011999996,101.0,101.0007,0.0007
2747.9989008,101.0,101.0011,0.0012
2748.9989004,101.0,101.0017,0.0017
2749.9988999999996,101.0,101.0018,0.0018
2750.9988995999997,101.0,101.0018,0.0018
2751.9988992,101.0,101.0021,0.0021
2752.9988987999996,101.0,101.0019,0.0019
2753.9988983999997,101.0,101.0018,0.0018
2754.998898,101.0,101.0011,0.0011
2755.9988975999995,101.0,101.0008,0.0008
2756.9988971999996,101.0,101.0002,0.0002
2757.9988968,101.0,100.9993,-0.0006
2758.9988963999995,101.0,100.9986,-0.0013
2759.9988959999996,101.0,100.9985,-0.0014
2760.9988955999997,101.0,100.9983,-0.0016
2761.9988951999994,101.0,100.9982,-0.0017
2762.9988947999996,101.0,100.9978,-0.002
2763.9988943999997,101.0,100.9985,-0.0014
2764.998894,101.0,100.9993,-0.0006
2765.9988935999995,101.0,100.9993,-0.0006
2766.9988931999997,101.0,100.9989,-0.001
2767.9988928,101.0,100.9988,-0.0011
2768.9988923999995,101.0,100.9992,-0.0007
2769.9988919999996,101.0,100.9998,-0.0001
2770.9988915999998,101.0,100.9998,-0.0001
2771.9988911999994,101.0,100.9995,-0.0004
2772.9988908,101.0,100.9992,-0.0007
2773.9988903999997,101.0,100.9988,-0.001
2774.9988899999994,101.0,100.9979,-0.002
2775.9988896,101.0,100.9972,-0.0027
2776.9988891999997,101.0,100.9963,-0.0036
2777.9988887999993,101.0,100.9961,-0.0038
2778.9988884,101.0,100.9957,-0.0042
2779.9988879999996,101.0,100.996,-0.0039
2780.9988875999998,101.0,100.997,-0.0029
2781.9988872,101.0,100.9977,-0.0022
2782.9988867999996,101.0,100.9985,-0.0014
2783.9988863999997,101.0,100.9988,-0.0011
2784.998886,101.0,100.9993,-0.0006
2785.9988855999995,101.0,100.9997,-0.0002
2786.9988851999997,101.0,101.0004,0.0004
2787.9988847999994,101.0,101.0014,0.0014
2788.9988844,101.0,101.0023,0.0024
2789.9988839999996,101.0,101.0028,0.0028
2790.9988835999993,101.0,101.0028,0.0028
2791.9988832,101.0,101.0026,0.0026
2792.9988827999996,101.0,101.0024,0.0024
2793.9988823999993,101.0,101.0017,0.0017
2794.998882,101.0,101.0008,0.0009
2795.9988815999995,101.0,101.0001,0.0001
2796.9988811999997,101.0,100.9994,-0.0005
2797.9988808,101.0,100.9989,-0.001
2798.9988803999995,101.0,100.9983,-0.0016
2799.9988799999996,101.0,100.9979,-0.002
2800.9988796,101.0,100.9976,-0.0022
2801.9988791999995,101.0,100.9969,-0.003
2802.9988787999996,101.0,100.9967,-0.0032
2803.9988783999997,101.0,100.9974,-0.0025
2804.998878,101.0,100.9984,-0.0015
2805.9988775999996,101.0,100.9993,-0.0005
2806.9988771999997,101.0,100.9996,-0.0002
2807.9988768,101.0,100.9999,-0.0
2808.9988763999995,101.0,101.0001,0.0001
2809.9988759999997,101.0,101.0002,0.0002
2810.9988756,101.0,101.0,0.0001
2811.9988751999995,101.0,101.0001,0.0001
2812.9988748,101.0,101.0,0.0
2813.9988743999997,101.0,100.9996,-0.0003
2814.9988739999994,101.0,100.9987,-0.0011
2815.9988736,101.0,100.9983,-0.0016
2816.9988731999997,101.0,100.9977,-0.0021
2817.9988727999994,101.0,100.9976,-0.0023
2818.9988723999995,101.0,100.9974,-0.0025
2819.9988719999997,101.0,100.997,-0.0029
2820.9988716,101.0,100.9976,-0.0023
2821.9988711999995,101.0,100.9981,-0.0018
2822.9988707999996,101.0,100.9988,-0.0011
2823.9988703999998,101.0,100.9996,-0.0003
2824.9988699999994,101.0,101.0002,0.0002
2825.9988695999996,101.0,101.0008,0.0008
2826.9988691999997,101.0,101.0011,0.0011
2827.9988687999994,101.0,101.0012,0.0012
2828.9988684,101.0,101.002,0.002
2829.9988679999997,101.0,101.0023,0.0023
2830.9988675999994,101.0,101.0026,0.0026
2831.9988672,101.0,101.0025,0.0025
2832.9988667999996,101.0,101.0022,0.0022
2833.9988663999993,101.0,101.0021,0.0021
2834.998866,101.0,101.0019,0.0019
2835.9988655999996,101.0,101.0017,0.0017
2836.9988651999997,101.0,101.0013,0.0013
2837.9988648,101.0,101.0007,0.0007
2838.9988643999995,101.0,100.9998,-0.0001
2839.9988639999997,101.0,100.9989,-0.001
2840.9988636,101.0,100.9986,-0.0013
2841.9988631999995,101.0,100.9984,-0.0015
2842.9988627999996,101.0,100.9987,-0.0011
2843.9988624,101.0,100.9996,-0.0003
2844.998862,101.0,101.0004,0.0004
2845.9988615999996,101.0,101.0003,0.0003
2846.9988611999993,101.0,101.0,0.0
2847.9988608,101.0,101.0002,0.0002
2848.9988603999996,101.0,101.0008,0.0009
2849.9988599999997,101.0,101.0007,0.0007
2850.9988596,101.0,101.0002,0.0002
2851.9988591999995,101.0,100.9997,-0.0002
2852.9988587999997,101.0,101.0001,0.0001
2853.9988584,101.0,101.0002,0.0002
2854.9988579999995,101.0,101.0004,0.0004
2855.9988575999996,101.0,101.0008,0.0008
2856.9988571999997,101.0,101.0004,0.0004
2857.9988567999994,101.0,100.9992,-0.0007
2858.9988563999996,101.0,100.9982,-0.0017
2859.9988559999997,101.0,100.9977,-0.0022
2860.9988556,101.0,100.9983,-0.0016
2861.9988551999995,101.0,100.9981,-0.0018
2862.9988547999997,101.0,100.9983,-0.0015
2863.9988544,101.0,100.9986,-0.0013
2864.9988539999995,101.0,100.999,-0.0009
2865.9988535999996,101.0,100.9991,-0.0008
2866.9988531999998,101.0,100.999,-0.0009
2867.9988527999994,101.0,100.9994,-0.0005
2868.9988524,101.0,101.0005,0.0005
2869.9988519999997,101.0,101.001,0.001
2870.9988515999994,101.0,101.0021,0.0021
2871.9988512,101.0,101.0026,0.0026
2872.9988507999997,101.0,101.0025,0.0025
2873.9988503999994,101.0,101.0023,0.0024
2874.99885,101.0,101.0021,0.0021
2875.9988495999996,101.0,101.0022,0.0023
2876.9988491999998,101.0,101.0019,0.0019
2877.9988487999995,101.0,101.0008,0.0008
2878.9988483999996,101.0,100.9995,-0.0004
2879.9988479999997,101.0,100.9988,-0.0011
2880.9988475999994,101.0,100.9988,-0.001
2881.9988471999995,101.0,100.9993,-0.0005
2882.9988467999997,101.0,100.9996,-0.0003
2883.9988463999994,101.0,101.0,0.0
2884.998846,101.0,100.9998,-0.0001
2885.9988455999996,101.0,100.9994,-0.0005
2886.9988451999993,101.0,100.9993,-0.0006
2887.9988448,101.0,100.9997,-0.0002
2888.9988443999996,101.0,101.001,0.001
2889.9988439999997,101.0,101.0017,0.0018
2890.9988436,101.0,101.0021,0.0021
2891.9988431999996,101.0,101.0021,0.0021
2892.9988427999997,101.0,101.0024,0.0024
2893.9988424,101.0,101.0031,0.0031
2894.9988419999995,101.0,101.0033,0.0033
2895.9988415999997,101.0,101.0032,0.0032
2896.9988412,101.0,101.0025,0.0025
2897.9988408,101.0,101.0013,0.0014
2898.9988403999996,101.0,101.0003,0.0003
2899.9988399999997,101.0,100.9996,-0.0003
2900.9988396,101.0,100.9991,-0.0008
2901.9988391999996,101.0,100.9989,-0.001
2902.9988387999997,101.0,100.9987,-0.0012
2903.9988384,101.0,100.9991,-0.0008
2904.9988379999995,101.0,100.9997,-0.0002
2905.9988375999997,101.0,101.0003,0.0003
2906.9988372,101.0,101.001,0.001
2907.9988367999995,101.0,101.0012,0.0012
2908.9988363999996,101.0,101.0016,0.0016
2909.9988359999998,101.0,101.0022,0.0022
2910.9988355999994,101.0,101.003,0.003
2911.9988351999996,101.0,101.0035,0.0035
2912.9988347999997,101.0,101.0039,0.0039
2913.9988344,101.0,101.0041,0.0041
2914.9988339999995,101.0,101.0041,0.0041
2915.9988335999997,101.0,101.0033,0.0033
2916.9988332,101.0,101.0021,0.0021
2917.9988327999995,101.0,101.0008,0.0008
2918.9988323999996,101.0,100.9999,-0.0
2919.9988319999998,101.0,100.9993,-0.0006
2920.9988315999994,101.0,100.9989,-0.001
2921.9988311999996,101.0,100.9985,-0.0014
2922.9988307999997,101.0,100.9984,-0.0014
2923.9988303999994,101.0,100.9984,-0.0014
2924.99883,101.0,100.9988,-0.0011
2925.9988295999997,101.0,100.999,-0.0009
2926.9988291999994,101.0,100.9994,-0.0005
2927.9988288,101.0,101.0003,0.0003
2928.9988283999996,101.0,101.0006,0.0006
2929.998828,101.0,101.001,0.001
2930.9988276,101.0,101.0008,0.0008
2931.9988271999996,101.0,101.0012,0.0012
2932.9988267999997,101.0,101.0015,0.0015
2933.9988264,101.0,101.0012,0.0013
2934.9988259999996,101.0,101.0009,0.0009
2935.9988255999997,101.0,101.0009,0.0009
2936.9988251999994,101.0,101.0008,0.0008
2937.9988248,101.0,101.0005,0.0005
2938.9988243999996,101.0,100.9992,-0.0007
2939.9988239999993,101.0,100.9983,-0.0016
2940.9988236,101.0,100.9972,-0.0026
2941.9988231999996,101.0,100.997,-0.0029
2942.9988227999993,101.0,100.9969,-0.003
2943.9988224,101.0,100.9974,-0.0025
2944.9988219999996,101.0,100.9985,-0.0014
2945.9988215999997,101.0,100.9989,-0.001
2946.9988212,101.0,100.9997,-0.0001
2947.9988207999995,101.0,101.0006,0.0006
2948.9988203999997,101.0,101.002,0.002
2949.99882,101.0,101.0032,0.0032
2950.9988195999995,101.0,101.0035,0.0035
2951.9988191999996,101.0,101.0035,0.0035
2952.9988187999998,101.0,101.0033,0.0033
2953.9988184,101.0,101.0027,0.0027
2954.9988179999996,101.0,101.0021,0.0021
2955.9988175999997,101.0,101.0016,0.0016
2956.9988172,101.0,101.0009,0.0009
2957.9988167999995,101.0,101.0008,0.0008
2958.9988163999997,101.0,100.9998,-0.0001
2959.998816,101.0,100.999,-0.0009
2960.9988155999995,101.0,100.998,-0.0019
2961.9988152,101.0,100.9972,-0.0027
2962.9988147999998,101.0,100.9969,-0.003
2963.9988143999994,101.0,100.9969,-0.003
2964.998814,101.0,100.9973,-0.0026
2965.9988135999997,101.0,100.9981,-0.0018
2966.9988131999994,101.0,100.9986,-0.0013
2967.9988127999995,101.0,100.999,-0.0009
2968.9988123999997,101.0,100.9994,-0.0005
2969.998812,101.0,100.9997,-0.0002
2970.9988115999995,101.0,101.0,0.0
2971.9988111999996,101.0,100.9998,-0.0001
2972.9988108,101.0,100.9995,-0.0004
2973.9988103999995,101.0,100.9994,-0.0005
2974.9988099999996,101.0,100.9994,-0.0005
2975.9988095999997,101.0,100.9994,-0.0005
2976.9988091999994,101.0,100.9991,-0.0008
2977.9988088,101.0,100.9985,-0.0014
2978.9988083999997,101.0,100.9979,-0.0019
2979.9988079999994,101.0,100.9975,-0.0024
2980.9988076,101.0,100.997,-0.0029
2981.9988071999996,101.0,100.9966,-0.0033
2982.9988067999993,101.0,100.9963,-0.0036
2983.9988064,101.0,100.997,-0.0029
2984.9988059999996,101.0,100.9975,-0.0024
2985.9988055999997,101.0,100.9976,-0.0023
2986.9988052,101.0,100.9977,-0.0022
2987.9988047999996,101.0,100.9986,-0.0013
2988.9988043999997,101.0,100.9996,-0.0002
2989.998804,101.0,101.0007,0.0008
2990.9988035999995,101.0,101.0007,0.0007
2991.9988031999997,101.0,101.0011,0.0012
2992.9988028,101.0,101.0018,0.0018
2993.9988024,101.0,101.003,0.003
2994.9988019999996,101.0,101.0033,0.0034
2995.9988015999998,101.0,101.0032,0.0032
2996.9988012,101.0,101.0024,0.0024
2997.9988007999996,101.0,101.0012,0.0012
2998.9988003999993,101.0,101.0,0.0
2999.9988,101.0,100.9991,-0.0008
3000.9987995999995,101.0,100.9983,-0.0016
3001.9987991999997,101.0,100.9976,-0.0022
3002.9987988,101.0,100.9967,-0.0031
3003.9987983999995,101.0,100.9964,-0.0034
3004.9987979999996,101.0,100.9968,-0.0031
3005.9987975999998,101.0,100.9967,-0.0031
3006.9987971999994,101.0,100.997,-0.0029
3007.9987967999996,101.0,100.997,-0.0028
3008.9987963999997,101.0,100.9983,-0.0016
3009.998796,101.0,100.9995,-0.0003
3010.9987955999995,101.0,101.0009,0.0009
3011.9987951999997,101.0,101.002,0.002
3012.9987948,101.0,101.0025,0.0026
3013.9987943999995,101.0,101.0028,0.0028
3014.9987939999996,101.0,101.0029,0.0029
3015.9987935999998,101.0,101.0031,0.0031
3016.9987931999995,101.0,101.0025,0.0025
3017.9987928,101.0,101.0016,0.0016
3018.9987923999997,101.0,101.0003,0.0003
3019.9987919999994,101.0,100.9996,-0.0003
3020.9987916,101.0,100.9988,-0.001
3021.9987911999997,101.0,100.9981,-0.0018
3022.9987907999994,101.0,100.9972,-0.0027
3023.9987904,101.0,100.9969,-0.003
3024.9987899999996,101.0,100.9972,-0.0027
3025.9987896,101.0,100.9971,-0.0028
3026.9987891999995,101.0,100.9969,-0.003
3027.9987887999996,101.0,100.9972,-0.0027
3028.9987883999997,101.0,100.9983,-0.0015
3029.9987879999994,101.0,100.9998,-0.0001
3030.9987875999996,101.0,101.0006,0.0006
3031.9987871999997,101.0,101.0008,0.0008
3032.9987867999994,101.0,101.001,0.001
3033.9987864,101.0,101.0007,0.0008
3034.9987859999997,101.0,101.0005,0.0005
3035.9987855999993,101.0,101.0003,0.0003
3036.9987852,101.0,101.0,0.0001
3037.9987847999996,101.0,100.9999,-0.0
3038.9987843999993,101.0,100.9996,-0.0003
3039.998784,101.0,100.9993,-0.0006
3040.9987835999996,101.0,100.9991,-0.0008
3041.9987831999997,101.0,100.999,-0.0009
3042.9987828,101.0,100.9988,-0.0011
3043.9987823999995,101.0,100.9988,-0.0011
3044.9987819999997,101.0,100.9991,-0.0008
3045.9987816,101.0,100.9994,-0.0005
3046.9987811999995,101.0,100.9998,-0.0001
3047.9987807999996,101.0,101.0003,0.0003
3048.9987803999998,101.0,101.0007,0.0007
3049.99878,101.0,101.0016,0.0016
3050.9987795999996,101.0,101.0026,0.0026
3051.9987791999997,101.0,101.0038,0.0038
3052.9987788,101.0,101.0042,0.0042
3053.9987783999995,101.0,101.0035,0.0035
3054.9987779999997,101.0,101.0029,0.0029
3055.9987776,101.0,101.0027,0.0027
3056.9987771999995,101.0,101.0025,0.0025
3057.9987767999996,101.0,101.0011,0.0011
3058.9987763999998,101.0,100.9993,-0.0006
3059.9987759999995,101.0,100.9976,-0.0023
3060.9987755999996,101.0,100.9968,-0.0031
3061.9987751999997,101.0,100.9965,-0.0034
3062.9987747999994,101.0,100.9966,-0.0033
3063.9987743999995,101.0,100.9968,-0.0031
3064.9987739999997,101.0,100.9969,-0.003
3065.9987736,101.0,100.9968,-0.0031
3066.9987731999995,101.0,100.9966,-0.0033
3067.9987727999996,101.0,100.997,-0.0029
3068.9987724,101.0,100.9979,-0.002
3069.9987719999995,101.0,100.9989,-0.001
3070.9987715999996,101.0,101.0,0.0
3071.9987711999997,101.0,101.0003,0.0003
3072.9987707999994,101.0,101.0005,0.0005
3073.9987704,101.0,101.0001,0.0001
3074.9987699999997,101.0,100.9999,-0.0
3075.9987695999994,101.0,100.9997,-0.0002
3076.9987692,101.0,100.9995,-0.0003
3077.9987687999997,101.0,100.9987,-0.0011
3078.9987683999993,101.0,100.9981,-0.0018
3079.998768,101.0,100.9977,-0.0022
3080.9987675999996,101.0,100.9975,-0.0023
3081.9987671999997,101.0,100.9977,-0.0021
3082.9987668,101.0,100.9974,-0.0025
3083.9987663999996,101.0,100.9974,-0.0025
3084.9987659999997,101.0,100.9971,-0.0028
3085.9987656,101.0,100.9969,-0.003
3086.9987651999995,101.0,100.997,-0.0029
3087.9987647999997,101.0,100.9976,-0.0023
3088.9987643999993,101.0,100.9986,-0.0013
3089.998764,101.0,100.9996,-0.0003
3090.9987635999996,101.0,101.0002,0.0003
3091.9987631999993,101.0,101.0007,0.0007
3092.9987628,101.0,101.001,0.001
3093.9987623999996,101.0,101.0012,0.0012
3094.9987619999993,101.0,101.0013,0.0013
3095.9987616,101.0,101.0015,0.0015
3096.9987611999995,101.0,101.0009,0.0009
3097.9987607999997,101.0,101.0001,0.0001
3098.9987604,101.0,100.9993,-0.0006
3099.9987599999995,101.0,100.9992,-0.0007
3100.9987595999996,101.0,100.9991,-0.0008
3101.9987591999998,101.0,100.9982,-0.0016
3102.9987587999995,101.0,100.9977,-0.0022
3103.9987583999996,101.0,100.9979,-0.002
3104.9987579999997,101.0,100.9986,-0.0013
3105.9987576,101.0,100.9985,-0.0014
3106.9987571999995,101.0,100.9982,-0.0017
3107.9987567999997,101.0,100.9981,-0.0018
3108.9987564,101.0,100.9985,-0.0014
3109.9987559999995,101.0,100.9988,-0.001
3110.9987555999996,101.0,100.9992,-0.0007
3111.9987552,101.0,100.9998,-0.0001
3112.9987547999995,101.0,101.0005,0.0005
3113.9987544,101.0,101.0012,0.0012
3114.9987539999997,101.0,101.0017,0.0018
3115.9987535999994,101.0,101.0022,0.0022
3116.9987532,101.0,101.0022,0.0022
3117.9987527999997,101.0,101.0018,0.0018
3118.9987523999994,101.0,101.0008,0.0008
3119.9987519999995,101.0,101.0008,0.0008
3120.9987515999997,101.0,101.0003,0.0004
3121.9987512,101.0,101.0007,0.0007
3122.9987507999995,101.0,101.0005,0.0005
3123.9987503999996,101.0,101.001,0.001
3124.9987499999997,101.0,101.0007,0.0007
3125.9987495999994,101.0,101.0002,0.0002
3126.9987491999996,101.0,100.9997,-0.0002
3127.9987487999997,101.0,100.9998,-0.0001
3128.9987483999994,101.0,101.0007,0.0007
3129.998748,101.0,101.0008,0.0008
3130.9987475999997,101.0,101.0006,0.0006
3131.9987471999993,101.0,101.0006,0.0006
3132.9987468,101.0,101.0014,0.0014
3133.9987463999996,101.0,101.002,0.002
3134.9987459999993,101.0,101.0021,0.0021
3135.9987456,101.0,101.002,0.002
3136.9987451999996,101.0,101.002,0.002
3137.9987447999997,101.0,101.0019,0.0019
3138.9987444,101.0,101.001,0.001
3139.9987439999995,101.0,101.0004,0.0004
3140.9987435999997,101.0,101.0001,0.0001
3141.9987432,101.0,101.0001,0.0001
3142.9987427999995,101.0,100.9999,-0.0
3143.9987423999996,101.0,100.9998,-0.0
3144.9987419999998,101.0,100.9994,-0.0005
3145.9987416,101.0,100.9992,-0.0007
3146.9987411999996,101.0,100.9987,-0.0012
3147.9987407999993,101.0,100.9987,-0.0012
3148.9987404,101.0,100.9991,-0.0008
3149.9987399999995,101.0,100.9996,-0.0003
3150.998739599999,101.0,101.0001,0.0001
3151.9987392,101.0,101.0004,0.0004
3152.9987387999995,101.0,101.0005,0.0005
3153.9987383999996,101.0,101.0006,0.0006
3154.998738,101.0,101.0015,0.0015
3155.9987375999995,101.0,101.0027,0.0028
3156.9987371999996,101.0,101.0032,0.0032
3157.9987367999997,101.0,101.0026,0.0026
3158.9987363999994,101.0,101.0014,0.0014
3159.9987359999996,101.0,101.0005,0.0005
3160.9987355999997,101.0,101.0004,0.0004
3161.9987352,101.0,101.0008,0.0008
3162.9987347999995,101.0,101.0012,0.0012
3163.9987343999996,101.0,101.0019,0.0019
3164.998734,101.0,101.0017,0.0017
3165.9987335999995,101.0,101.001,0.001
3166.9987331999996,101.0,101.0008,0.0008
3167.9987327999997,101.0,101.0009,0.0009
3168.9987323999994,101.0,101.0012,0.0012
3169.998732,101.0,101.0012,0.0012
3170.9987315999997,101.0,101.0013,0.0014
3171.9987311999994,101.0,101.0015,0.0015
3172.9987308,101.0,101.0018,0.0018
3173.9987303999997,101.0,101.0019,0.0019
3174.9987299999993,101.0,101.0024,0.0024
3175.9987296,101.0,101.0029,0.0029
3176.9987291999996,101.0,101.003,0.003
3177.9987287999998,101.0,101.0026,0.0026
3178.9987283999994,101.0,101.0023,0.0023
3179.9987279999996,101.0,101.0022,0.0022
3180.9987275999997,101.0,101.0016,0.0017
3181.9987271999994,101.0,101.0006,0.0006
3182.9987267999995,101.0,100.9998,-0.0001
3183.9987263999997,101.0,100.9994,-0.0005
3184.9987259999994,101.0,100.9992,-0.0007
3185.9987256,101.0,100.998,-0.0018
3186.9987251999996,101.0,100.9969,-0.003
3187.9987247999993,101.0,100.9962,-0.0037
3188.9987244,101.0,100.9964,-0.0035
3189.9987239999996,101.0,100.9969,-0.003
3190.9987235999993,101.0,100.9977,-0.0022
3191.9987232,101.0,100.9986,-0.0013
3192.9987227999995,101.0,101.0001,0.0001
3193.9987223999997,101.0,101.0012,0.0012
3194.998722,101.0,101.0023,0.0023
3195.9987215999995,101.0,101.0031,0.0031
3196.9987211999996,101.0,101.0036,0.0037
3197.9987208,101.0,101.0037,0.0037
3198.9987203999995,101.0,101.0034,0.0034
3199.9987199999996,101.0,101.0025,0.0025
3200.9987195999997,101.0,101.0016,0.0016
3201.9987192,101.0,101.0001,0.0001
3202.9987187999996,101.0,100.9989,-0.0009
3203.9987183999997,101.0,100.9984,-0.0015
3204.998718,101.0,100.9979,-0.002
3205.9987175999995,101.0,100.9975,-0.0024
3206.9987171999996,101.0,100.9973,-0.0026
3207.9987168,101.0,100.9972,-0.0027
3208.9987163999995,101.0,100.9978,-0.0021
3209.9987159999996,101.0,100.9982,-0.0016
3210.9987155999997,101.0,100.999,-0.0009
3211.9987151999994,101.0,100.9995,-0.0004
3212.9987147999996,101.0,100.9998,-0.0001
3213.9987143999997,101.0,101.0002,0.0002
3214.9987139999994,101.0,101.0011,0.0011
3215.9987135999995,101.0,101.0022,0.0022
3216.9987131999997,101.0,101.0025,0.0025
3217.9987128,101.0,101.002,0.0021
3218.9987123999995,101.0,101.0012,0.0012
3219.9987119999996,101.0,101.0011,0.0011
3220.9987115999998,101.0,101.0008,0.0008
3221.9987111999994,101.0,101.0006,0.0006
3222.9987107999996,101.0,101.0,0.0001
3223.9987103999997,101.0,101.0002,0.0002
3224.9987099999994,101.0,101.0,0.0
3225.9987096,101.0,100.9995,-0.0004
3226.9987091999997,101.0,100.9988,-0.0011
3227.9987087999993,101.0,100.9984,-0.0015
3228.9987084,101.0,100.9988,-0.001
3229.9987079999996,101.0,100.9991,-0.0007
3230.9987075999993,101.0,100.9995,-0.0004
3231.9987072,101.0,100.9999,0.0
3232.9987067999996,101.0,101.0008,0.0008
3233.9987063999997,101.0,101.0012,0.0013
3234.998706,101.0,101.0017,0.0017
3235.9987055999995,101.0,101.0025,0.0025
3236.9987051999997,101.0,101.0031,0.0031
3237.9987047999994,101.0,101.0032,0.0032
3238.9987043999995,101.0,101.0021,0.0021
3239.9987039999996,101.0,101.0011,0.0011
3240.9987035999993,101.0,101.0006,0.0006
3241.9987032,101.0,101.0004,0.0005
3242.9987027999996,101.0,101.0002,0.0002
3243.9987023999993,101.0,100.9996,-0.0003
3244.998702,101.0,100.999,-0.0009
3245.9987015999995,101.0,100.9986,-0.0013
3246.9987011999992,101.0,100.9985,-0.0014
3247.9987008,101.0,100.9986,-0.0013
3248.9987003999995,101.0,100.9997,-0.0002
3249.9986999999996,101.0,101.0006,0.0006
3250.9986996,101.0,101.0012,0.0012
3251.9986991999995,101.0,101.0013,0.0013
3252.9986987999996,101.0,101.0012,0.0012
3253.9986983999997,101.0,101.0015,0.0015
3254.9986979999994,101.0,101.0025,0.0025
3255.9986975999996,101.0,101.0028,0.0029
3256.9986971999997,101.0,101.0025,0.0025
3257.9986968,101.0,101.0017,0.0017
3258.9986963999995,101.0,101.0012,0.0012
3259.9986959999997,101.0,101.0008,0.0008
3260.9986956,101.0,101.0006,0.0006
3261.9986951999995,101.0,101.0,0.0
3262.9986947999996,101.0,100.9998,-0.0001
3263.9986943999997,101.0,100.9995,-0.0004
3264.9986939999994,101.0,100.9992,-0.0007
3265.9986936,101.0,100.9988,-0.0011
3266.9986931999997,101.0,100.9981,-0.0018
3267.9986927999994,101.0,100.9986,-0.0012
3268.9986923999995,101.0,100.9995,-0.0004
3269.9986919999997,101.0,101.0006,0.0006
3270.9986915999993,101.0,101.0008,0.0008
3271.9986911999995,101.0,101.0007,0.0007
3272.9986907999996,101.0,101.0005,0.0005
3273.9986903999998,101.0,101.0006,0.0006
3274.9986899999994,101.0,101.0007,0.0008
3275.9986895999996,101.0,101.0012,0.0012
3276.9986891999997,101.0,101.0017,0.0017
3277.9986887999994,101.0,101.0022,0.0022
3278.9986883999995,101.0,101.0015,0.0015
3279.9986879999997,101.0,101.0007,0.0007
3280.9986875999994,101.0,100.9999,-0.0
3281.9986872,101.0,100.9996,-0.0002
3282.9986867999996,101.0,100.9996,-0.0003
3283.9986863999993,101.0,100.9998,-0.0001
3284.998686,101.0,100.9994,-0.0005
3285.9986855999996,101.0,100.9992,-0.0007
3286.9986851999993,101.0,100.999,-0.0009
3287.9986848,101.0,100.999,-0.0009
3288.9986843999995,101.0,100.9991,-0.0008
3289.9986839999997,101.0,100.9994,-0.0005
3290.9986836,101.0,101.0,0.0001
3291.9986831999995,101.0,101.0006,0.0006
3292.9986827999996,101.0,101.0008,0.0008
3293.9986824,101.0,101.0003,0.0003
3294.9986819999995,101.0,101.0001,0.0001
3295.9986815999996,101.0,101.0001,0.0001
3296.9986811999997,101.0,101.0003,0.0003
3297.9986808,101.0,101.0003,0.0003
3298.9986803999996,101.0,101.0003,0.0003
3299.9986799999992,101.0,101.0008,0.0008
3300.9986796,101.0,101.0008,0.0008
3301.9986791999995,101.0,101.0006,0.0006
3302.998678799999,101.0,101.0005,0.0005
3303.9986784,101.0,101.0007,0.0007
3304.9986779999995,101.0,101.001,0.001
3305.9986775999996,101.0,101.0005,0.0005
3306.9986771999997,101.0,101.0005,0.0005
3307.9986767999994,101.0,101.0012,0.0012
3308.9986763999996,101.0,101.0019,0.0019
3309.9986759999997,101.0,101.002,0.002
3310.9986755999994,101.0,101.0019,0.0019
3311.9986751999995,101.0,101.0026,0.0026
3312.9986747999997,101.0,101.0033,0.0033
3313.9986744,101.0,101.0027,0.0027
3314.9986739999995,101.0,101.0017,0.0017
3315.9986735999996,101.0,101.0014,0.0014
3316.9986731999998,101.0,101.0015,0.0015
3317.9986727999994,101.0,101.0012,0.0012
3318.9986723999996,101.0,101.0,0.0
3319.9986719999997,101.0,100.9996,-0.0003
3320.9986715999994,101.0,101.0,0.0
3321.9986712,101.0,101.0003,0.0003
3322.9986707999997,101.0,100.9998,-0.0001
3323.9986703999994,101.0,100.9995,-0.0004
3324.99867,101.0,100.9994,-0.0005
3325.9986695999996,101.0,100.9991,-0.0008
3326.9986691999993,101.0,100.9977,-0.0022
3327.9986687999995,101.0,100.997,-0.0028
3328.9986683999996,101.0,100.9976,-0.0023
3329.9986679999997,101.0,100.9987,-0.0012
3330.9986675999994,101.0,100.9988,-0.001
3331.9986671999995,101.0,100.9989,-0.001
3332.9986667999997,101.0,100.9993,-0.0006
3333.9986663999994,101.0,101.0001,0.0001
3334.9986659999995,101.0,101.0004,0.0004
3335.9986655999996,101.0,101.0004,0.0004
3336.9986651999993,101.0,101.0008,0.0008
3337.9986648,101.0,101.0018,0.0018
3338.9986643999996,101.0,101.002,0.002
3339.9986639999993,101.0,101.0017,0.0017
3340.9986636,101.0,101.0006,0.0006
3341.9986631999996,101.0,101.0003,0.0003
3342.9986627999997,101.0,100.9996,-0.0003
3343.9986624,101.0,100.9996,-0.0003
3344.9986619999995,101.0,100.9992,-0.0007
3345.9986615999997,101.0,100.9992,-0.0007
3346.9986612,101.0,100.9994,-0.0005
3347.9986607999995,101.0,100.9991,-0.0008
3348.9986603999996,101.0,100.9989,-0.001
3349.9986599999997,101.0,100.9988,-0.0011
3350.9986595999994,101.0,100.9993,-0.0006
3351.9986591999996,101.0,100.9997,-0.0002
3352.9986587999997,101.0,100.9995,-0.0004
3353.9986584,101.0,100.9989,-0.001
3354.9986579999995,101.0,100.9992,-0.0007
3355.9986575999997,101.0,101.0003,0.0003
3356.9986572,101.0,101.0008,0.0008
3357.9986567999995,101.0,101.0003,0.0003
3358.9986563999996,101.0,100.9996,-0.0003
3359.9986559999998,101.0,100.9998,-0.0
3360.9986555999994,101.0,101.0,0.0
3361.9986551999996,101.0,101.0,0.0
3362.9986547999997,101.0,101.0001,0.0001
3363.9986543999994,101.0,101.0011,0.0011
3364.9986539999995,101.0,101.0017,0.0017
3365.9986535999997,101.0,101.0008,0.0008
3366.9986531999994,101.0,100.9992,-0.0006
3367.9986527999995,101.0,100.9989,-0.001
3368.9986523999996,101.0,100.9998,-0.0001
3369.9986519999998,101.0,101.0007,0.0007
3370.9986515999994,101.0,101.0006,0.0006
3371.9986511999996,101.0,101.0005,0.0005
3372.9986507999997,101.0,101.0006,0.0007
3373.9986503999994,101.0,101.0007,0.0007
3374.9986499999995,101.0,101.0003,0.0004
3375.9986495999997,101.0,101.0004,0.0004
3376.9986491999994,101.0,101.0009,0.0009
3377.9986488,101.0,101.0016,0.0016
3378.9986483999996,101.0,101.0013,0.0013
3379.9986479999993,101.0,101.0007,0.0007
3380.9986476,101.0,101.0005,0.0005
3381.9986471999996,101.0,101.0006,0.0006
3382.9986467999997,101.0,101.0004,0.0004
3383.9986464,101.0,101.0003,0.0003
3384.9986459999996,101.0,101.0,0.0
3385.9986455999997,101.0,101.0,0.0
3386.9986452,101.0,100.9997,-0.0002
3387.9986447999995,101.0,100.999,-0.0009
3388.9986443999996,101.0,100.999,-0.0009
3389.9986439999993,101.0,100.9994,-0.0005
3390.9986436,101.0,101.0002,0.0003
3391.9986431999996,101.0,101.0002,0.0002
3392.9986427999993,101.0,100.9995,-0.0004
3393.9986424,101.0,100.9985,-0.0014
3394.9986419999996,101.0,100.9984,-0.0015
3395.9986415999992,101.0,100.9986,-0.0013
3396.9986412,101.0,100.9985,-0.0014
3397.9986407999995,101.0,100.9981,-0.0018
3398.9986403999997,101.0,100.9981,-0.0018
3399.99864,101.0,100.9985,-0.0014
3400.9986395999995,101.0,100.9987,-0.0011
3401.9986391999996,101.0,100.9985,-0.0014
3402.9986387999998,101.0,100.9989,-0.001
3403.9986383999994,101.0,100.9995,-0.0004
3404.9986379999996,101.0,101.0,0.0001
3405.9986375999997,101.0,100.9995,-0.0004
3406.9986372,101.0,100.9988,-0.001
3407.9986367999995,101.0,100.9986,-0.0013
3408.9986363999997,101.0,100.9991,-0.0008
3409.998636,101.0,100.9993,-0.0006
3410.9986355999995,101.0,100.9992,-0.0007
3411.9986351999996,101.0,100.9992,-0.0007
3412.9986347999998,101.0,100.9995,-0.0004
3413.9986343999994,101.0,101.0,0.0
3414.9986339999996,101.0,100.9997,-0.0002
3415.9986335999997,101.0,101.0,0.0
3416.9986331999994,101.0,101.0005,0.0005
3417.9986328,101.0,101.0011,0.0011
3418.9986323999997,101.0,101.0012,0.0013
3419.9986319999994,101.0,101.0016,0.0016
3420.9986315999995,101.0,101.0025,0.0025
3421.9986311999996,101.0,101.0027,0.0027
3422.9986308,101.0,101.0024,0.0024
3423.9986303999995,101.0,101.0011,0.0011
3424.9986299999996,101.0,101.0005,0.0005
3425.9986295999997,101.0,100.9998,-0.0001
3426.9986291999994,101.0,100.9993,-0.0006
3427.9986287999996,101.0,100.9991,-0.0008
3428.9986283999997,101.0,100.9991,-0.0008
3429.9986279999994,101.0,100.9994,-0.0005
3430.9986276,101.0,100.9991,-0.0008
3431.9986271999996,101.0,100.999,-0.0009
3432.9986267999993,101.0,100.999,-0.0009
3433.9986264,101.0,100.9992,-0.0007
3434.9986259999996,101.0,100.9992,-0.0007
3435.9986255999993,101.0,100.9995,-0.0004
3436.9986252,101.0,100.9995,-0.0004
3437.9986247999996,101.0,101.0001,0.0001
3438.9986243999997,101.0,101.0002,0.0002
3439.998624,101.0,101.0005,0.0005
3440.9986235999995,101.0,101.0003,0.0004
3441.9986231999997,101.0,101.0002,0.0002
3442.9986228,101.0,101.0002,0.0002
3443.9986223999995,101.0,101.0007,0.0007
3444.9986219999996,101.0,101.0007,0.0007
3445.9986215999998,101.0,101.0002,0.0003
3446.9986212,101.0,100.9996,-0.0003
3447.9986207999996,101.0,100.9992,-0.0007
3448.9986203999993,101.0,100.9991,-0.0008
3449.99862,101.0,100.9996,-0.0003
3450.9986195999995,101.0,101.0,0.0
3451.998619199999,101.0,101.0002,0.0002
3452.9986188,101.0,101.0002,0.0002
3453.9986183999995,101.0,100.9999,-0.0
3454.9986179999996,101.0,101.0004,0.0004
3455.9986175999998,101.0,101.001,0.001
3456.9986171999994,101.0,101.0015,0.0015
3457.9986167999996,101.0,101.0014,0.0015
3458.9986163999997,101.0,101.0018,0.0018
3459.9986159999994,101.0,101.002,0.002
3460.9986155999995,101.0,101.0019,0.0019
3461.9986151999997,101.0,101.0013,0.0013
3462.9986148,101.0,101.0009,0.0009
3463.9986143999995,101.0,101.0014,0.0014
3464.9986139999996,101.0,101.0013,0.0013
3465.9986135999998,101.0,101.0009,0.0009
3466.9986131999995,101.0,101.0002,0.0002
3467.9986127999996,101.0,101.0002,0.0002
3468.9986123999997,101.0,101.0005,0.0005
3469.9986119999994,101.0,101.0001,0.0001
3470.9986116,101.0,100.9998,-0.0001
3471.9986111999997,101.0,100.9995,-0.0004
3472.9986107999994,101.0,101.0002,0.0002
3473.9986104,101.0,101.0007,0.0007
3474.9986099999996,101.0,101.0014,0.0014
3475.9986095999993,101.0,101.0013,0.0013
3476.9986092,101.0,101.0018,0.0018
3477.9986087999996,101.0,101.0015,0.0015
3478.9986083999997,101.0,101.0013,0.0013
3479.9986079999994,101.0,101.0012,0.0012
3480.9986075999996,101.0,101.0013,0.0013
3481.9986071999997,101.0,101.0017,0.0017
3482.9986067999994,101.0,101.002,0.002
3483.9986063999995,101.0,101.0022,0.0022
3484.9986059999997,101.0,101.002,0.002
3485.9986055999993,101.0,101.0011,0.0012
3486.9986052,101.0,101.0002,0.0002
3487.9986047999996,101.0,100.9998,-0.0001
3488.9986043999993,101.0,101.0002,0.0002
3489.998604,101.0,101.0008,0.0009
3490.9986035999996,101.0,101.0011,0.0011
3491.9986031999993,101.0,101.0014,0.0014
3492.9986028,101.0,101.0016,0.0016
3493.9986023999995,101.0,101.0013,0.0013
3494.9986019999997,101.0,101.0016,0.0016
3495.9986016,101.0,101.0022,0.0022
3496.9986011999995,101.0,101.0026,0.0026
3497.9986007999996,101.0,101.0023,0.0024
3498.9986003999998,101.0,101.0014,0.0014
3499.9985999999994,101.0,101.0014,0.0015
3500.9985995999996,101.0,101.0014,0.0014
3501.9985991999997,101.0,101.0011,0.0011
3502.9985988,101.0,101.0005,0.0005
3503.9985983999995,101.0,101.0002,0.0002
3504.9985979999997,101.0,101.0,0.0
3505.9985976,101.0,100.9995,-0.0004
3506.9985971999995,101.0,100.9991,-0.0007
3507.9985967999996,101.0,100.999,-0.0009
3508.9985963999998,101.0,100.9994,-0.0005
3509.9985959999995,101.0,100.9999,-0.0
3510.9985955999996,101.0,101.0005,0.0005
3511.9985951999997,101.0,101.0009,0.0009
3512.9985947999994,101.0,101.0013,0.0013
3513.9985943999995,101.0,101.0014,0.0014
3514.9985939999997,101.0,101.0017,0.0017
3515.9985935999994,101.0,101.0018,0.0018
3516.9985931999995,101.0,101.0015,0.0015
3517.9985927999996,101.0,101.001,0.001
3518.9985924,101.0,101.0004,0.0004
3519.9985919999995,101.0,101.0003,0.0003
3520.9985915999996,101.0,101.0002,0.0002
3521.9985911999997,101.0,100.9998,-0.0001
3522.9985907999994,101.0,100.9992,-0.0007
3523.9985903999996,101.0,100.9992,-0.0007
3524.9985899999997,101.0,100.9989,-0.001
3525.9985895999994,101.0,100.9985,-0.0014
3526.9985892,101.0,100.998,-0.0018
3527.9985887999997,101.0,100.9981,-0.0018
3528.9985883999993,101.0,100.9988,-0.0011
3529.998588,101.0,100.9994,-0.0005
3530.9985875999996,101.0,100.9999,-0.0
3531.9985871999993,101.0,101.0003,0.0003
3532.9985868,101.0,101.0008,0.0008
3533.9985863999996,101.0,101.001,0.001
3534.9985859999997,101.0,101.0009,0.0009
3535.9985856,101.0,101.0011,0.0011
3536.9985851999995,101.0,101.0012,0.0013
3537.9985847999997,101.0,101.0012,0.0012
3538.9985843999993,101.0,101.0005,0.0006
3539.9985839999995,101.0,101.0,0.0
3540.9985835999996,101.0,100.9999,-0.0
3541.9985831999993,101.0,100.9996,-0.0003
3542.9985828,101.0,100.9998,-0.0001
3543.9985823999996,101.0,101.0002,0.0002
3544.9985819999993,101.0,101.0006,0.0006
3545.9985816,101.0,101.0003,0.0003
3546.9985811999995,101.0,100.9998,-0.0001
3547.998580799999,101.0,100.9994,-0.0005
3548.9985804,101.0,100.9998,-0.0001
3549.9985799999995,101.0,101.0001,0.0001
3550.9985795999996,101.0,101.0003,0.0003
3551.9985791999998,101.0,101.0003,0.0003
3552.9985787999994,101.0,101.0001,0.0001
3553.9985783999996,101.0,100.9998,-0.0
3554.9985779999997,101.0,100.9998,-0.0001
3555.9985775999994,101.0,100.9995,-0.0003
3556.9985771999995,101.0,100.9995,-0.0004
3557.9985767999997,101.0,100.999,-0.0009
3558.9985764,101.0,100.9983,-0.0016
3559.9985759999995,101.0,100.9979,-0.002
3560.9985755999996,101.0,100.998,-0.0018
3561.9985752,101.0,100.9981,-0.0018
3562.9985747999995,101.0,100.998,-0.0019
3563.9985743999996,101.0,100.9986,-0.0013
3564.9985739999997,101.0,100.9987,-0.0012
3565.9985735999994,101.0,100.9992,-0.0007
3566.9985732,101.0,100.9989,-0.001
3567.9985727999997,101.0,100.9991,-0.0008
3568.9985723999994,101.0,100.9992,-0.0006
3569.9985719999995,101.0,100.9997,-0.0002
3570.9985715999997,101.0,100.9999,-0.0
3571.9985711999993,101.0,101.0003,0.0003
3572.9985707999995,101.0,101.0002,0.0002
3573.9985703999996,101.0,100.9999,-0.0
3574.9985699999997,101.0,100.9998,-0.0001
3575.9985695999994,101.0,101.0004,0.0004
3576.9985691999996,101.0,101.0006,0.0006
3577.9985687999997,101.0,101.0002,0.0002
3578.9985683999994,101.0,100.9996,-0.0003
3579.9985679999995,101.0,100.9994,-0.0005
3580.9985675999997,101.0,100.9993,-0.0006
3581.9985671999993,101.0,100.9993,-0.0006
3582.9985668,101.0,100.9994,-0.0005
3583.9985663999996,101.0,101.0,0.0
3584.9985659999993,101.0,101.0005,0.0005
3585.9985656,101.0,101.0006,0.0006
3586.9985651999996,101.0,101.0003,0.0004
3587.9985647999993,101.0,101.0007,0.0007
3588.9985644,101.0,101.0011,0.0011
3589.9985639999995,101.0,101.0014,0.0014
3590.9985635999997,101.0,101.0014,0.0014
3591.9985632,101.0,101.0012,0.0012
3592.9985627999995,101.0,101.0008,0.0008
3593.9985623999996,101.0,101.0,0.0
3594.9985619999998,101.0,100.9995,-0.0004
3595.9985615999994,101.0,100.9989,-0.001
3596.9985611999996,101.0,100.9987,-0.0012
3597.9985607999997,101.0,100.9983,-0.0016
3598.9985604,101.0,100.9978,-0.0021
3599.9985599999995,101.0,100.9975,-0.0024
3600.998559599999,101.0,100.9972,-0.0027
3601.9985592,101.0,100.9968,-0.0031
3602.9985587999995,101.0,100.9964,-0.0035
3603.998558399999,101.0,100.9964,-0.0035
3604.998558,101.0,100.9966,-0.0033
3605.9985575999995,101.0,100.9966,-0.0033
3606.9985571999996,101.0,100.9966,-0.0033
3607.9985567999997,101.0,100.9965,-0.0034
3608.9985563999994,101.0,100.9971,-0.0028
3609.9985559999996,101.0,100.9976,-0.0023
3610.9985555999997,101.0,100.9981,-0.0018
3611.9985551999994,101.0,100.9986,-0.0012
3612.9985547999995,101.0,100.999,-0.0009
3613.9985543999996,101.0,100.9995,-0.0004
3614.998554,101.0,101.0002,0.0002
3615.9985535999995,101.0,101.0011,0.0011
3616.9985531999996,101.0,101.0019,0.0019
3617.9985527999997,101.0,101.0017,0.0017
3618.9985523999994,101.0,101.0009,0.0009
3619.9985519999996,101.0,101.0002,0.0002
3620.9985515999997,101.0,101.0001,0.0001
3621.9985511999994,101.0,101.0004,0.0004
3622.9985508,101.0,101.0006,0.0006
3623.9985503999997,101.0,101.0009,0.0009
3624.9985499999993,101.0,101.0011,0.0011
3625.9985496,101.0,101.0008,0.0008
3626.9985491999996,101.0,101.0009,0.0009
3627.9985487999993,101.0,101.001,0.001
3628.9985484,101.0,101.0016,0.0017
3629.9985479999996,101.0,101.0018,0.0019
3630.9985475999997,101.0,101.0016,0.0016
3631.9985471999994,101.0,101.0014,0.0014
3632.9985467999995,101.0,101.0008,0.0008
3633.9985463999997,101.0,101.0007,0.0008
3634.9985459999994,101.0,101.0012,0.0012
3635.9985455999995,101.0,101.0016,0.0016
3636.9985451999996,101.0,101.0017,0.0017
3637.9985447999993,101.0,101.0014,0.0014
3638.9985444,101.0,101.0007,0.0007
3639.9985439999996,101.0,101.0003,0.0003
3640.9985435999993,101.0,101.0001,0.0001
3641.9985432,101.0,100.9996,-0.0002
3642.9985427999995,101.0,100.9993,-0.0006
3643.998542399999,101.0,100.9993,-0.0006
3644.998542,101.0,100.9993,-0.0006
3645.9985415999995,101.0,100.9988,-0.001
3646.9985411999996,101.0,100.9985,-0.0014
3647.9985408,101.0,100.9981,-0.0018
3648.9985403999995,101.0,100.9984,-0.0015
3649.9985399999996,101.0,100.9986,-0.0013
3650.9985395999997,101.0,100.9992,-0.0007
3651.9985391999994,101.0,101.0002,0.0002
3652.9985387999996,101.0,101.001,0.001
3653.9985383999997,101.0,101.0017,0.0018
3654.998538,101.0,101.0024,0.0024
3655.9985375999995,101.0,101.0035,0.0035
3656.9985371999996,101.0,101.0037,0.0037
3657.9985368,101.0,101.0037,0.0037
3658.9985363999995,101.0,101.0031,0.0031
3659.998535999999,101.0,101.0026,0.0027
3660.9985355999997,101.0,101.0026,0.0026
3661.9985351999994,101.0,101.0023,0.0023
3662.9985347999996,101.0,101.002,0.002
3663.9985343999997,101.0,101.0013,0.0013
3664.9985339999994,101.0,101.0007,0.0007
3665.9985335999995,101.0,100.9997,-0.0002
3666.9985331999997,101.0,100.9992,-0.0007
3667.9985327999993,101.0,100.9991,-0.0008
3668.9985323999995,101.0,100.9998,-0.0
3669.9985319999996,101.0,101.0005,0.0006
3670.9985315999998,101.0,101.0009,0.0009
3671.9985311999994,101.0,101.0011,0.0011
3672.9985307999996,101.0,101.0012,0.0012
3673.9985303999997,101.0,101.0012,0.0012
3674.9985299999994,101.0,101.0012,0.0012
3675.9985295999995,101.0,101.0014,0.0014
3676.9985291999997,101.0,101.0014,0.0014
3677.9985287999993,101.0,101.0013,0.0014
3678.9985284,101.0,101.001,0.001
3679.9985279999996,101.0,101.0004,0.0004
3680.9985275999993,101.0,100.9997,-0.0002
3681.9985272,101.0,100.9989,-0.001
3682.9985267999996,101.0,100.9987,-0.0012
3683.9985263999993,101.0,100.9988,-0.0011
3684.998526,101.0,100.9986,-0.0013
3685.9985255999995,101.0,100.9981,-0.0018
3686.9985251999997,101.0,100.9975,-0.0024
3687.9985248,101.0,100.9977,-0.0022
3688.9985243999995,101.0,100.998,-0.0019
3689.9985239999996,101.0,100.9984,-0.0015
3690.9985235999993,101.0,100.9986,-0.0013
3691.9985231999995,101.0,100.9995,-0.0004
3692.9985227999996,101.0,101.0002,0.0002
3693.9985223999993,101.0,101.001,0.001
3694.998522,101.0,101.0013,0.0013
3695.9985215999995,101.0,101.002,0.002
3696.9985211999992,101.0,101.0023,0.0023
3697.9985208,101.0,101.0025,0.0025
3698.9985203999995,101.0,101.0016,0.0016
3699.998519999999,101.0,101.0011,0.0011
3700.9985196,101.0,101.0005,0.0005
3701.9985191999995,101.0,101.0,0.0
3702.9985187999996,101.0,100.9992,-0.0007
3703.9985183999997,101.0,100.9988,-0.0011
3704.9985179999994,101.0,100.9986,-0.0013
3705.9985175999996,101.0,100.9985,-0.0014
3706.9985171999997,101.0,100.998,-0.0019
3707.9985167999994,101.0,100.9982,-0.0017
3708.9985163999995,101.0,100.9987,-0.0012
3709.9985159999997,101.0,100.999,-0.0009
3710.9985156,101.0,100.9992,-0.0007
3711.9985151999995,101.0,100.9995,-0.0004
3712.9985147999996,101.0,101.0002,0.0002
3713.9985143999997,101.0,101.0008,0.0008
3714.9985139999994,101.0,101.0013,0.0013
3715.9985135999996,101.0,101.0016,0.0016
3716.9985131999997,101.0,101.0019,0.0019
3717.9985127999994,101.0,101.0016,0.0016
3718.9985124,101.0,101.0011,0.0011
3719.9985119999997,101.0,101.0003,0.0004
3720.9985115999993,101.0,100.9997,-0.0002
3721.9985111999995,101.0,100.9993,-0.0006
3722.9985107999996,101.0,100.999,-0.0009
3723.9985103999993,101.0,100.9988,-0.0011
3724.9985099999994,101.0,100.9981,-0.0018
3725.9985095999996,101.0,100.9973,-0.0026
3726.9985091999997,101.0,100.9967,-0.0032
3727.9985087999994,101.0,100.9967,-0.0032
3728.9985083999995,101.0,100.9973,-0.0026
3729.9985079999997,101.0,100.9983,-0.0016
3730.9985075999994,101.0,100.9987,-0.0011
3731.9985071999995,101.0,100.9992,-0.0007
3732.9985067999996,101.0,100.9997,-0.0002
3733.9985063999993,101.0,101.0001,0.0001
3734.998506,101.0,101.0009,0.0009
3735.9985055999996,101.0,101.0018,0.0018
3736.9985051999993,101.0,101.0023,0.0023
3737.9985048,101.0,101.0028,0.0028
3738.9985043999995,101.0,101.0025,0.0025
3739.9985039999992,101.0,101.0019,0.0019
3740.9985036,101.0,101.0009,0.0009
3741.9985031999995,101.0,100.9999,-0.0
3742.9985027999996,101.0,100.9991,-0.0008
3743.9985024,101.0,100.9988,-0.0011
3744.9985019999995,101.0,100.9981,-0.0018
3745.9985015999996,101.0,100.9972,-0.0027
3746.9985011999997,101.0,100.9965,-0.0034
3747.9985007999994,101.0,100.9961,-0.0038
3748.9985003999996,101.0,100.9964,-0.0035
3749.9984999999992,101.0,100.997,-0.0029
3750.9984996,101.0,100.9982,-0.0017
3751.9984991999995,101.0,100.9992,-0.0007
3752.998498799999,101.0,100.9997,-0.0002
3753.9984984,101.0,101.0002,0.0002
3754.9984979999995,101.0,101.0007,0.0008
3755.998497599999,101.0,101.0016,0.0016
3756.9984971999997,101.0,101.0024,0.0024
3757.9984967999994,101.0,101.0027,0.0027
3758.9984963999996,101.0,101.0027,0.0027
3759.9984959999997,101.0,101.0022,0.0022
3760.9984955999994,101.0,101.0019,0.0019
3761.9984951999995,101.0,101.0015,0.0015
3762.9984947999997,101.0,101.0006,0.0006
3763.9984943999993,101.0,100.9996,-0.0002
3764.9984939999995,101.0,100.9985,-0.0014
3765.9984935999996,101.0,100.9978,-0.0021
3766.9984931999998,101.0,100.9971,-0.0028
3767.9984927999994,101.0,100.997,-0.0029
3768.9984923999996,101.0,100.9971,-0.0027
3769.9984919999997,101.0,100.9974,-0.0025
3770.9984915999994,101.0,100.9977,-0.0022
3771.9984911999995,101.0,100.9981,-0.0018
3772.9984907999997,101.0,100.9981,-0.0018
3773.9984903999994,101.0,100.9984,-0.0015
3774.99849,101.0,100.999,-0.0009
3775.9984895999996,101.0,100.9999,-0.0
3776.9984891999993,101.0,101.0005,0.0005
3777.9984888,101.0,101.0002,0.0002
3778.9984883999996,101.0,101.0003,0.0003
3779.9984879999993,101.0,101.0005,0.0005
3780.9984875999994,101.0,101.001,0.001
3781.9984871999995,101.0,101.0009,0.0009
3782.9984867999997,101.0,101.0002,0.0002
3783.9984863999994,101.0,100.9998,-0.0
3784.9984859999995,101.0,100.9993,-0.0006
3785.9984855999996,101.0,100.9983,-0.0016
3786.9984851999993,101.0,100.9972,-0.0027
3787.9984847999995,101.0,100.9968,-0.0031
3788.9984843999996,101.0,100.9972,-0.0027
3789.9984839999993,101.0,100.9977,-0.0022
3790.9984836,101.0,100.998,-0.0019
3791.9984831999996,101.0,100.9986,-0.0012
3792.9984827999992,101.0,100.9995,-0.0004
3793.9984824,101.0,101.0004,0.0004
3794.9984819999995,101.0,101.0009,0.0009
3795.998481599999,101.0,101.0016,0.0016
3796.9984812,101.0,101.0024,0.0024
3797.9984807999995,101.0,101.0029,0.0029
3798.9984803999996,101.0,101.0028,0.0028
3799.9984799999997,101.0,101.0025,0.0025
3800.9984795999994,101.0,101.0023,0.0023
3801.9984791999996,101.0,101.0024,0.0024
3802.9984787999997,101.0,101.0018,0.0018
3803.9984783999994,101.0,101.0012,0.0012
3804.9984779999995,101.0,101.0001,0.0001
3805.9984775999997,101.0,100.9988,-0.001
3806.9984772,101.0,100.9979,-0.002
3807.9984767999995,101.0,100.9973,-0.0026
3808.9984763999996,101.0,100.9974,-0.0025
3809.9984759999998,101.0,100.9975,-0.0024
3810.9984755999994,101.0,100.9981,-0.0018
3811.998475199999,101.0,100.9984,-0.0015
3812.9984747999997,101.0,100.999,-0.0009
3813.9984743999994,101.0,100.9993,-0.0006
3814.9984739999995,101.0,101.0002,0.0002
3815.9984735999997,101.0,101.0012,0.0012
3816.9984731999994,101.0,101.0019,0.0019
3817.9984727999995,101.0,101.0022,0.0022
3818.9984723999996,101.0,101.0024,0.0024
3819.9984719999993,101.0,101.0028,0.0028
3820.9984715999994,101.0,101.003,0.0031
3821.9984711999996,101.0,101.0026,0.0026
3822.9984707999997,101.0,101.0018,0.0018
3823.9984703999994,101.0,101.001,0.001
3824.9984699999995,101.0,100.9999,-0.0
3825.9984695999997,101.0,100.9988,-0.001
3826.9984691999994,101.0,100.9979,-0.002
3827.9984687999995,101.0,100.9971,-0.0027
3828.9984683999996,101.0,100.9973,-0.0026
3829.9984679999993,101.0,100.9976,-0.0023
3830.9984676,101.0,100.9983,-0.0016
3831.9984671999996,101.0,100.9988,-0.0011
3832.9984667999993,101.0,100.9995,-0.0004
3833.9984664,101.0,101.0004,0.0004
3834.9984659999996,101.0,101.0016,0.0016
3835.9984655999997,101.0,101.0026,0.0026
3836.9984652,101.0,101.0031,0.0031
3837.9984647999995,101.0,101.0028,0.0028
3838.9984643999996,101.0,101.0025,0.0025
3839.998464,101.0,101.0023,0.0023
3840.9984635999995,101.0,101.002,0.002
3841.9984631999996,101.0,101.0012,0.0012
3842.9984627999993,101.0,101.0003,0.0003
3843.9984623999994,101.0,100.9994,-0.0005
3844.9984619999996,101.0,100.9983,-0.0016
3845.9984615999992,101.0,100.9972,-0.0027
3846.9984612,101.0,100.9961,-0.0038
3847.9984607999995,101.0,100.9956,-0.0043
3848.998460399999,101.0,100.9961,-0.0038
3849.99846,101.0,100.9966,-0.0033
3850.9984595999995,101.0,100.9981,-0.0018
3851.9984591999996,101.0,100.999,-0.0009
3852.9984587999998,101.0,101.0001,0.0001
3853.9984583999994,101.0,101.0009,0.0009
3854.9984579999996,101.0,101.0019,0.0019
3855.9984575999997,101.0,101.0031,0.0031
3856.9984571999994,101.0,101.0037,0.0037
3857.9984567999995,101.0,101.004,0.004
3858.9984563999997,101.0,101.0034,0.0035
3859.9984559999994,101.0,101.0027,0.0027
3860.9984555999995,101.0,101.002,0.0021
3861.9984551999996,101.0,101.0017,0.0017
3862.9984547999998,101.0,101.0013,0.0013
3863.9984543999994,101.0,101.0008,0.0008
3864.9984539999996,101.0,100.9998,-0.0001
3865.9984535999997,101.0,100.9995,-0.0004
3866.9984531999994,101.0,100.9993,-0.0006
3867.9984527999995,101.0,100.9995,-0.0004
3868.9984523999997,101.0,100.9998,-0.0001
3869.9984519999994,101.0,101.0001,0.0001
3870.9984515999995,101.0,101.0003,0.0003
3871.9984511999996,101.0,101.0008,0.0008
3872.9984507999993,101.0,101.0014,0.0014
3873.9984503999995,101.0,101.0022,0.0022
3874.9984499999996,101.0,101.0029,0.0029
3875.9984495999997,101.0,101.0037,0.0037
3876.9984491999994,101.0,101.0043,0.0043
3877.9984487999996,101.0,101.0041,0.0042
3878.9984483999997,101.0,101.0035,0.0035
3879.9984479999994,101.0,101.0028,0.0028
3880.9984475999995,101.0,101.002,0.002
3881.9984471999996,101.0,101.0009,0.0009
3882.9984467999993,101.0,100.9999,-0.0
3883.9984464,101.0,100.9993,-0.0006
3884.9984459999996,101.0,100.999,-0.0009
3885.9984455999993,101.0,100.9982,-0.0017
3886.9984452,101.0,100.9973,-0.0026
3887.9984447999996,101.0,100.997,-0.0029
3888.9984443999992,101.0,100.9975,-0.0024
3889.998444,101.0,100.998,-0.0019
3890.9984435999995,101.0,100.9982,-0.0017
3891.9984431999997,101.0,100.9985,-0.0014
3892.9984428,101.0,100.999,-0.0009
3893.9984423999995,101.0,100.9993,-0.0006
3894.9984419999996,101.0,100.9997,-0.0002
3895.9984415999998,101.0,101.0001,0.0001
3896.9984411999994,101.0,101.0004,0.0004
3897.9984407999996,101.0,101.0009,0.0009
3898.9984403999997,101.0,101.0007,0.0007
3899.99844,101.0,101.0003,0.0003
3900.9984395999995,101.0,101.0,0.0
3901.998439199999,101.0,101.0001,0.0001
3902.9984388,101.0,101.0002,0.0002
3903.9984383999995,101.0,101.0002,0.0003
3904.998437999999,101.0,100.9998,-0.0001
3905.9984375999998,101.0,100.9988,-0.0011
3906.9984371999994,101.0,100.9986,-0.0013
3907.9984367999996,101.0,100.9985,-0.0014
3908.9984363999997,101.0,100.9989,-0.001
3909.9984359999994,101.0,100.999,-0.0009
3910.9984355999995,101.0,100.9992,-0.0007
3911.9984351999997,101.0,101.0,0.0
3912.9984347999994,101.0,101.0003,0.0004
3913.9984343999995,101.0,101.0006,0.0006
3914.9984339999996,101.0,101.0002,0.0002
3915.9984335999998,101.0,101.0004,0.0004
3916.9984331999995,101.0,101.0003,0.0003
3917.9984327999996,101.0,101.0003,0.0003
3918.9984323999997,101.0,101.0005,0.0005
3919.9984319999994,101.0,101.0011,0.0011
3920.9984315999995,101.0,101.0017,0.0017
3921.9984311999997,101.0,101.0017,0.0017
3922.9984307999994,101.0,101.0011,0.0011
3923.9984304,101.0,101.0011,0.0011
3924.9984299999996,101.0,101.0006,0.0006
3925.9984295999993,101.0,100.9998,-0.0001
3926.9984292,101.0,100.9987,-0.0012
3927.9984287999996,101.0,100.9982,-0.0017
3928.9984283999993,101.0,100.9981,-0.0018
3929.998428,101.0,100.998,-0.0019
3930.9984275999996,101.0,100.9976,-0.0023
3931.9984271999997,101.0,100.9978,-0.002
3932.9984267999994,101.0,100.998,-0.0019
3933.9984263999995,101.0,100.9985,-0.0014
3934.9984259999997,101.0,100.9988,-0.001
3935.9984255999993,101.0,100.9991,-0.0008
3936.9984251999995,101.0,100.9999,-0.0
3937.9984247999996,101.0,101.0008,0.0008
3938.9984243999993,101.0,101.0019,0.0019
3939.998424,101.0,101.0026,0.0026
3940.9984235999996,101.0,101.0029,0.0029
3941.9984231999993,101.0,101.003,0.003
3942.9984228,101.0,101.0033,0.0033
3943.9984223999995,101.0,101.0035,0.0035
3944.998421999999,101.0,101.0032,0.0032
3945.9984216,101.0,101.0023,0.0023
3946.9984211999995,101.0,101.0016,0.0016
3947.9984207999996,101.0,101.0009,0.0009
3948.9984203999998,101.0,101.0006,0.0006
3949.9984199999994,101.0,101.0002,0.0002
3950.9984195999996,101.0,100.9999,-0.0
3951.9984191999997,101.0,100.9996,-0.0002
3952.9984187999994,101.0,100.9996,-0.0003
3953.9984183999995,101.0,100.9995,-0.0004
3954.9984179999997,101.0,100.9995,-0.0004
3955.9984176,101.0,101.0001,0.0001
3956.9984171999995,101.0,101.0008,0.0008
3957.9984167999996,101.0,101.0015,0.0015
3958.9984163999998,101.0,101.0016,0.0016
3959.9984159999995,101.0,101.0018,0.0018
3960.998415599999,101.0,101.0018,0.0018
3961.9984151999997,101.0,101.0016,0.0016
3962.9984147999994,101.0,101.0007,0.0007
3963.9984143999995,101.0,101.0004,0.0004
3964.9984139999997,101.0,101.0002,0.0002
3965.9984135999994,101.0,100.9999,-0.0
3966.9984131999995,101.0,100.9987,-0.0012
3967.9984127999996,101.0,100.9979,-0.002
3968.9984123999993,101.0,100.9975,-0.0024
3969.9984119999995,101.0,100.9972,-0.0027
3970.9984115999996,101.0,100.997,-0.0029
3971.9984111999997,101.0,100.997,-0.0029
3972.9984107999994,101.0,100.9975,-0.0024
3973.9984103999996,101.0,100.9982,-0.0017
3974.9984099999997,101.0,100.9987,-0.0012
3975.9984095999994,101.0,100.9993,-0.0006
3976.9984091999995,101.0,101.0001,0.0001
3977.9984087999997,101.0,101.0012,0.0012
3978.9984083999993,101.0,101.0018,0.0018
3979.998408,101.0,101.0022,0.0022
3980.9984075999996,101.0,101.0019,0.0019
3981.9984071999993,101.0,101.0021,0.0021
3982.9984068,101.0,101.0018,0.0018
3983.9984063999996,101.0,101.0022,0.0022
3984.9984059999992,101.0,101.0016,0.0016
3985.9984056,101.0,101.0015,0.0015
3986.9984051999995,101.0,101.0007,0.0007
3987.9984047999997,101.0,101.0005,0.0005
3988.9984044,101.0,101.0004,0.0004
3989.9984039999995,101.0,101.0006,0.0006
3990.9984035999996,101.0,101.0007,0.0007
3991.9984031999993,101.0,101.0005,0.0005
3992.9984027999994,101.0,101.0002,0.0002
3993.9984023999996,101.0,101.0002,0.0002
3994.9984019999993,101.0,101.0005,0.0005
3995.9984016,101.0,101.0011,0.0011
3996.9984011999995,101.0,101.0016,0.0016
3997.998400799999,101.0,101.0017,0.0017
3998.9984004,101.0,101.0014,0.0014
3999.9983999999995,101.0,101.0007,0.0008
4000.998399599999,101.0,101.0001,0.0001
4001.9983991999998,101.0,100.9996,-0.0002
4002.9983988,101.0,100.9995,-0.0004
4003.9983983999996,101.0,100.9997,-0.0002
4004.9983979999997,101.0,100.9994,-0.0005
4005.998397599999,101.0,100.9988,-0.0011
4006.9983971999995,101.0,100.9982,-0.0017
4007.9983967999997,101.0,100.998,-0.0019
4008.998396399999,101.0,100.9984,-0.0015
4009.9983959999995,101.0,100.9985,-0.0014
4010.9983955999996,101.0,100.9985,-0.0014
4011.9983951999993,101.0,100.9986,-0.0013
4012.9983947999995,101.0,100.9987,-0.0012
4013.9983943999996,101.0,100.9988,-0.001
4014.9983939999993,101.0,100.9991,-0.0008
4015.9983935999994,101.0,100.9994,-0.0005
4016.9983931999996,101.0,100.9999,-0.0
4017.9983927999992,101.0,101.0,0.0
4018.9983923999994,101.0,101.0003,0.0003
4019.998392,101.0,101.0007,0.0007
4020.998391599999,101.0,101.0013,0.0014
4021.9983911999993,101.0,101.0018,0.0018
4022.9983908,101.0,101.0019,0.0019
4023.998390399999,101.0,101.0024,0.0024
4024.9983899999993,101.0,101.0023,0.0023
4025.9983896,101.0,101.0017,0.0017
4026.998389199999,101.0,101.0006,0.0006
4027.9983887999997,101.0,100.9996,-0.0003
4028.9983884,101.0,100.9995,-0.0004
4029.998387999999,101.0,100.9994,-0.0005
4030.9983875999997,101.0,100.9993,-0.0006
4031.9983872,101.0,100.9987,-0.0012
4032.998386799999,101.0,100.9986,-0.0013
4033.9983863999996,101.0,100.9983,-0.0016
4034.9983859999998,101.0,100.9988,-0.0011
4035.9983855999994,101.0,100.9996,-0.0003
4036.9983851999996,101.0,101.0005,0.0005
4037.9983847999997,101.0,101.0014,0.0014
4038.9983843999994,101.0,101.0017,0.0017
4039.9983839999995,101.0,101.0021,0.0021
4040.9983835999997,101.0,101.0027,0.0027
4041.9983831999994,101.0,101.0038,0.0038
4042.9983827999995,101.0,101.0042,0.0042
4043.9983824,101.0,101.0042,0.0042
4044.9983819999993,101.0,101.0036,0.0036
4045.9983815999994,101.0,101.0027,0.0027
4046.9983812,101.0,101.0016,0.0016
4047.9983807999993,101.0,101.0005,0.0005
4048.9983803999994,101.0,100.9998,-0.0001
4049.99838,101.0,100.9992,-0.0007
4050.998379599999,101.0,100.9987,-0.0012
4051.9983792,101.0,100.9981,-0.0018
4052.9983788,101.0,100.9978,-0.0021
4053.998378399999,101.0,100.9974,-0.0025
4054.998378,101.0,100.9973,-0.0026
4055.9983776,101.0,100.9981,-0.0018
4056.998377199999,101.0,100.9988,-0.001
4057.9983767999997,101.0,101.0,0.0
4058.9983764,101.0,101.0005,0.0005
4059.9983759999996,101.0,101.0013,0.0013
4060.9983755999997,101.0,101.0017,0.0017
4061.9983752,101.0,101.0023,0.0023
4062.9983747999995,101.0,101.0027,0.0027
4063.9983743999996,101.0,101.0032,0.0032
4064.998374,101.0,101.0031,0.0031
4065.9983735999995,101.0,101.0024,0.0024
4066.9983731999996,101.0,101.0018,0.0018
4067.9983727999993,101.0,101.0011,0.0012
4068.9983723999994,101.0,101.0008,0.0008
4069.9983719999996,101.0,101.0004,0.0004
4070.9983715999992,101.0,101.0,0.0
4071.9983711999994,101.0,100.9993,-0.0006
4072.9983707999995,101.0,100.9988,-0.0011
4073.998370399999,101.0,100.9988,-0.0011
4074.9983699999993,101.0,100.9992,-0.0007
4075.9983696,101.0,100.9996,-0.0003
4076.998369199999,101.0,100.9998,-0.0001
4077.9983687999993,101.0,101.0,0.0
4078.9983684,101.0,101.0001,0.0001
4079.998367999999,101.0,101.0004,0.0004
4080.9983675999993,101.0,101.001,0.001
4081.9983672,101.0,101.0013,0.0013
4082.998366799999,101.0,101.0012,0.0012
4083.9983663999997,101.0,101.0011,0.0011
4084.998366,101.0,101.0013,0.0013
4085.998365599999,101.0,101.0012,0.0012
4086.9983651999996,101.0,101.0007,0.0007
4087.9983647999998,101.0,101.0002,0.0002
4088.998364399999,101.0,100.9997,-0.0002
4089.9983639999996,101.0,100.9993,-0.0006
4090.9983635999997,101.0,100.9984,-0.0015
4091.9983631999994,101.0,100.9979,-0.002
4092.9983627999995,101.0,100.9977,-0.0022
4093.9983623999997,101.0,100.9977,-0.0022
4094.9983619999994,101.0,100.998,-0.0019
4095.9983615999995,101.0,100.9982,-0.0016
4096.9983612,101.0,100.9986,-0.0013
4097.998360799999,101.0,100.9989,-0.001
4098.9983604,101.0,100.9991,-0.0007
4099.99836,101.0,100.9996,-0.0002
4100.998359599999,101.0,101.0003,0.0003
4101.9983592,101.0,101.0004,0.0004
4102.9983588,101.0,101.0006,0.0006
4103.998358399999,101.0,101.0008,0.0008
4104.998358,101.0,101.0008,0.0008
4105.9983575999995,101.0,101.0,0.0
4106.998357199999,101.0,100.9988,-0.0011
4107.9983568,101.0,100.9983,-0.0016
4108.9983563999995,101.0,100.9977,-0.0022
4109.998355999999,101.0,100.9975,-0.0024
4110.9983556,101.0,100.9967,-0.0032
4111.9983552,101.0,100.9963,-0.0035
4112.998354799999,101.0,100.9964,-0.0035
4113.9983544,101.0,100.9963,-0.0036
4114.998354,101.0,100.997,-0.0029
4115.998353599999,101.0,100.9983,-0.0016
4116.9983532,101.0,100.9991,-0.0007
4117.9983528,101.0,100.9996,-0.0002
4118.998352399999,101.0,100.9996,-0.0003
4119.998352,101.0,101.0006,0.0006
4120.9983516,101.0,101.0018,0.0018
4121.998351199999,101.0,101.0027,0.0027
4122.9983508,101.0,101.0027,0.0028
4123.9983504,101.0,101.0023,0.0023
4124.998349999999,101.0,101.0017,0.0017
4125.9983495999995,101.0,101.001,0.001
4126.998349199999,101.0,101.0004,0.0005
4127.9983488,101.0,100.9995,-0.0004
4128.9983483999995,101.0,100.9991,-0.0008
4129.998347999999,101.0,100.9983,-0.0016
4130.9983476,101.0,100.9974,-0.0025
4131.998347199999,101.0,100.9965,-0.0034
4132.998346799999,101.0,100.9963,-0.0036
4133.9983464,101.0,100.9966,-0.0033
4134.998345999999,101.0,100.9974,-0.0025
4135.998345599999,101.0,100.9977,-0.0022
4136.9983452,101.0,100.9981,-0.0018
4137.998344799999,101.0,100.9984,-0.0015
4138.998344399999,101.0,100.9986,-0.0013
4139.998344,101.0,100.9988,-0.0011
4140.998343599999,101.0,100.9993,-0.0006
4141.998343199999,101.0,100.9997,-0.0002
4142.9983428,101.0,101.0005,0.0005
4143.9983424,101.0,101.0009,0.0009
4144.998341999999,101.0,101.0009,0.0009
4145.9983416,101.0,101.0005,0.0005
4146.9983412,101.0,101.0004,0.0004
4147.998340799999,101.0,101.0007,0.0007
4148.9983403999995,101.0,101.0007,0.0007
4149.99834,101.0,101.0007,0.0007
4150.998339599999,101.0,101.0004,0.0004
4151.9983391999995,101.0,101.0,0.0
4152.9983388,101.0,100.9993,-0.0006
4153.998338399999,101.0,100.9984,-0.0015
4154.998337999999,101.0,100.9986,-0.0012
4155.9983376,101.0,100.9987,-0.0012
4156.998337199999,101.0,100.999,-0.0009
4157.998336799999,101.0,100.9987,-0.0012
4158.9983364,101.0,100.9989,-0.001
4159.998336,101.0,100.9994,-0.0005
4160.998335599999,101.0,101.0002,0.0002
4161.9983352,101.0,101.0013,0.0013
4162.9983348,101.0,101.0026,0.0026
4163.998334399999,101.0,101.0038,0.0038
4164.998334,101.0,101.0045,0.0045
4165.9983336,101.0,101.0039,0.0039
4166.998333199999,101.0,101.0031,0.0031
4167.9983328,101.0,101.002,0.002
4168.9983323999995,101.0,101.001,0.001
4169.998331999999,101.0,101.0,0.0
4170.9983316,101.0,100.999,-0.0009
4171.9983311999995,101.0,100.9984,-0.0015
4172.998330799999,101.0,100.998,-0.0019
4173.9983304,101.0,100.9977,-0.0022
4174.998329999999,101.0,100.9976,-0.0023
4175.9983296,101.0,100.9978,-0.0021
4176.9983292,101.0,100.9981,-0.0018
4177.998328799999,101.0,100.9983,-0.0016
4178.9983284,101.0,100.9982,-0.0017
4179.998328,101.0,100.9986,-0.0013
4180.998327599999,101.0,100.9992,-0.0007
4181.9983272,101.0,100.9999,-0.0
4182.9983268,101.0,101.0003,0.0003
4183.998326399999,101.0,101.0008,0.0009
4184.998326,101.0,101.0011,0.0012
4185.9983256,101.0,101.0012,0.0013
4186.998325199999,101.0,101.0006,0.0006
4187.9983248,101.0,101.0003,0.0003
4188.998324399999,101.0,100.9996,-0.0003
4189.998323999999,101.0,100.999,-0.0009
4190.9983236,101.0,100.9981,-0.0018
4191.9983231999995,101.0,100.9982,-0.0017
4192.998322799999,101.0,100.9979,-0.002
4193.9983224,101.0,100.9981,-0.0018
4194.9983219999995,101.0,100.998,-0.0019
4195.998321599999,101.0,100.9984,-0.0015
4196.9983212,101.0,100.9993,-0.0006
4197.998320799999,101.0,100.9999,-0.0
4198.998320399999,101.0,101.0004,0.0004
4199.99832,101.0,101.0006,0.0006
4200.998319599999,101.0,101.0011,0.0011
4201.998319199999,101.0,101.0013,0.0013
4202.9983188,101.0,101.0016,0.0016
4203.998318399999,101.0,101.0016,0.0017
4204.998317999999,101.0,101.0014,0.0014
4205.9983176,101.0,101.0006,0.0006
4206.998317199999,101.0,100.9999,-0.0
4207.9983168,101.0,100.9997,-0.0002
4208.9983164,101.0,100.9998,-0.0001
4209.998315999999,101.0,100.9993,-0.0006
4210.9983156,101.0,100.9985,-0.0014
4211.9983151999995,101.0,100.9976,-0.0023
4212.998314799999,101.0,100.997,-0.0029
4213.9983144,101.0,100.9965,-0.0034
4214.9983139999995,101.0,100.9968,-0.0031
4215.998313599999,101.0,100.997,-0.0029
4216.9983132,101.0,100.9976,-0.0023
4217.998312799999,101.0,100.9981,-0.0018
4218.998312399999,101.0,100.9987,-0.0012
4219.998312,101.0,100.9996,-0.0003
4220.998311599999,101.0,101.0003,0.0003
4221.998311199999,101.0,101.001,0.001
4222.9983108,101.0,101.0012,0.0012
4223.9983104,101.0,101.0012,0.0012
4224.998309999999,101.0,101.001,0.001
4225.9983096,101.0,101.0004,0.0004
4226.9983092,101.0,100.9999,-0.0
4227.998308799999,101.0,100.9998,-0.0001
4228.9983084,101.0,101.0001,0.0001
4229.998308,101.0,100.9998,-0.0001
4230.998307599999,101.0,100.9992,-0.0006
4231.9983071999995,101.0,100.9989,-0.001
4232.9983068,101.0,100.9988,-0.0011
4233.998306399999,101.0,100.9985,-0.0014
4234.9983059999995,101.0,100.9984,-0.0015
4235.9983056,101.0,100.9984,-0.0015
4236.998305199999,101.0,100.9989,-0.001
4237.9983047999995,101.0,100.999,-0.0009
4238.9983044,101.0,100.9991,-0.0008
4239.998304,101.0,100.9996,-0.0003
4240.998303599999,101.0,101.0001,0.0001
4241.9983032,101.0,101.001,0.001
4242.9983028,101.0,101.0018,0.0018
4243.998302399999,101.0,101.0026,0.0027
4244.998302,101.0,101.0034,0.0034
4245.9983016,101.0,101.0033,0.0033
4246.998301199999,101.0,101.0026,0.0026
4247.998300799999,101.0,101.0021,0.0021
4248.9983004,101.0,101.0017,0.0017
4249.998299999999,101.0,101.0016,0.0016
4250.998299599999,101.0,101.001,0.001
4251.9982992,101.0,101.0004,0.0004
4252.998298799999,101.0,100.9995,-0.0004
4253.998298399999,101.0,100.9984,-0.0015
4254.9982979999995,101.0,100.9979,-0.002
4255.9982976,101.0,100.9979,-0.0019
4256.998297199999,101.0,100.9982,-0.0017
4257.9982967999995,101.0,100.9983,-0.0016
4258.9982964,101.0,100.9985,-0.0014
4259.998295999999,101.0,100.9991,-0.0008
4260.998295599999,101.0,101.0001,0.0001
4261.9982952,101.0,101.0007,0.0007
4262.998294799999,101.0,101.0015,0.0015
4263.998294399999,101.0,101.0025,0.0025
4264.998294,101.0,101.0032,0.0033
4265.998293599999,101.0,101.0034,0.0034
4266.998293199999,101.0,101.003,0.003
4267.9982928,101.0,101.0029,0.0029
4268.9982924,101.0,101.0029,0.0029
4269.998291999999,101.0,101.003,0.003
4270.9982916,101.0,101.0023,0.0023
4271.9982912,101.0,101.0014,0.0014
4272.998290799999,101.0,101.0003,0.0003
4273.9982904,101.0,100.9998,-0.0
4274.9982899999995,101.0,100.9996,-0.0003
4275.998289599999,101.0,100.9995,-0.0004
4276.9982892,101.0,100.9994,-0.0005
4277.9982887999995,101.0,100.9994,-0.0005
4278.998288399999,101.0,100.9993,-0.0006
4279.998288,101.0,100.9996,-0.0003
4280.9982875999995,101.0,101.0005,0.0005
4281.998287199999,101.0,101.0015,0.0015
4282.9982868,101.0,101.0021,0.0021
4283.998286399999,101.0,101.0027,0.0027
4284.998285999999,101.0,101.0031,0.0031
4285.9982856,101.0,101.0031,0.0031
4286.998285199999,101.0,101.0026,0.0026
4287.9982848,101.0,101.002,0.002
4288.9982844,101.0,101.0019,0.0019
4289.998283999999,101.0,101.0017,0.0017
4290.9982836,101.0,101.0009,0.0009
4291.9982832,101.0,100.9999,-0.0
4292.998282799999,101.0,100.9994,-0.0005
4293.9982824,101.0,100.9992,-0.0007
4294.998282,101.0,100.9991,-0.0008
4295.998281599999,101.0,100.9987,-0.0012
4296.9982812,101.0,100.9986,-0.0013
4297.9982807999995,101.0,100.9987,-0.0012
4298.998280399999,101.0,100.9992,-0.0007
4299.99828,101.0,100.9997,-0.0001
4300.9982795999995,101.0,101.0003,0.0003
4301.998279199999,101.0,101.0008,0.0009
4302.9982788,101.0,101.0017,0.0017
4303.9982784,101.0,101.0022,0.0022
4304.998277999999,101.0,101.0022,0.0022
4305.9982776,101.0,101.0017,0.0017
4306.998277199999,101.0,101.0012,0.0012
4307.998276799999,101.0,101.0005,0.0005
4308.9982764,101.0,100.9996,-0.0003
4309.998275999999,101.0,100.9989,-0.0009
4310.998275599999,101.0,100.999,-0.0009
4311.9982752,101.0,100.9994,-0.0005
4312.998274799999,101.0,100.9992,-0.0006
4313.998274399999,101.0,100.9988,-0.0011
4314.998274,101.0,100.9987,-0.0012
4315.998273599999,101.0,100.999,-0.0009
4316.998273199999,101.0,100.9991,-0.0008
4317.9982727999995,101.0,100.9991,-0.0008
4318.998272399999,101.0,100.9995,-0.0004
4319.998272,101.0,101.0002,0.0002
4320.9982715999995,101.0,101.0008,0.0008
4321.998271199999,101.0,101.0013,0.0013
4322.9982708,101.0,101.0021,0.0021
4323.9982703999995,101.0,101.0026,0.0026
4324.998269999999,101.0,101.0026,0.0026
4325.9982696,101.0,101.002,0.002
4326.998269199999,101.0,101.0012,0.0012
4327.998268799999,101.0,101.0008,0.0008
4328.9982684,101.0,101.0011,0.0012
4329.998267999999,101.0,101.0014,0.0014
4330.998267599999,101.0,101.001,0.001
4331.9982672,101.0,101.0,0.0
4332.998266799999,101.0,100.9995,-0.0003
4333.998266399999,101.0,100.9995,-0.0004
4334.998266,101.0,101.0002,0.0002
4335.9982656,101.0,101.001,0.001
4336.998265199999,101.0,101.0013,0.0013
4337.9982648,101.0,101.0013,0.0013
4338.9982644,101.0,101.001,0.001
4339.998263999999,101.0,101.0007,0.0008
4340.9982635999995,101.0,101.0008,0.0008
4341.9982632,101.0,101.0005,0.0005
4342.998262799999,101.0,101.0007,0.0007
4343.9982623999995,101.0,101.0008,0.0008
4344.998262,101.0,101.0011,0.0011
4345.998261599999,101.0,101.001,0.001
4346.998261199999,101.0,101.0004,0.0004
4347.9982608,101.0,100.9998,-0.0001
4348.9982604,101.0,100.9995,-0.0004
4349.998259999999,101.0,100.9998,-0.0001
4350.9982596,101.0,100.9999,-0.0
4351.9982592,101.0,100.9997,-0.0001
4352.998258799999,101.0,100.9994,-0.0005
4353.9982584,101.0,100.9994,-0.0005
4354.998258,101.0,100.9994,-0.0005
4355.998257599999,101.0,100.9999,-0.0
4356.9982572,101.0,101.0,0.0
4357.9982568,101.0,101.0004,0.0004
4358.998256399999,101.0,101.0,0.0
4359.998256,101.0,101.0002,0.0002
4360.9982555999995,101.0,101.0001,0.0001
4361.998255199999,101.0,101.0007,0.0007
4362.9982548,101.0,101.0012,0.0012
4363.9982543999995,101.0,101.0019,0.0019
4364.998254,101.0,101.0023,0.0024
4365.9982536,101.0,101.0023,0.0023
4366.998253199999,101.0,101.0018,0.0018
4367.9982528,101.0,101.0014,0.0014
4368.998252399999,101.0,101.0015,0.0015
4369.998251999999,101.0,101.0016,0.0016
4370.9982516,101.0,101.0011,0.0011
4371.998251199999,101.0,101.0001,0.0001
4372.998250799999,101.0,100.9992,-0.0007
4373.9982504,101.0,100.9983,-0.0016
4374.998249999999,101.0,100.9979,-0.002
4375.998249599999,101.0,100.9981,-0.0018
4376.9982492,101.0,100.9983,-0.0016
4377.998248799999,101.0,100.9985,-0.0014
4378.998248399999,101.0,100.9983,-0.0016
4379.998248,101.0,100.9986,-0.0013
4380.9982476,101.0,100.9991,-0.0008
4381.998247199999,101.0,100.9999,-0.0
4382.9982468,101.0,101.0005,0.0005
4383.9982463999995,101.0,101.0009,0.0009
4384.998245999999,101.0,101.0009,0.0009
4385.9982456,101.0,101.0006,0.0006
4386.9982451999995,101.0,100.9999,-0.0
4387.998244799999,101.0,100.9997,-0.0002
4388.9982444,101.0,100.9999,0.0
4389.998243999999,101.0,100.9999,-0.0
4390.998243599999,101.0,100.9998,-0.0001
4391.9982432,101.0,100.9992,-0.0007
4392.998242799999,101.0,100.9987,-0.0012
4393.998242399999,101.0,100.9984,-0.0015
4394.998242,101.0,100.9985,-0.0014
4395.998241599999,101.0,100.9989,-0.001
4396.9982412,101.0,100.999,-0.0009
4397.9982408,101.0,100.9992,-0.0007
4398.998240399999,101.0,100.9996,-0.0002
4399.99824,101.0,101.0002,0.0002
4400.9982396,101.0,101.0009,0.0009
4401.998239199999,101.0,101.0015,0.0015
4402.9982388,101.0,101.0019,0.0019
4403.9982383999995,101.0,101.0023,0.0023
4404.998237999999,101.0,101.0022,0.0022
4405.9982376,101.0,101.0019,0.0019
4406.9982371999995,101.0,101.0014,0.0014
4407.998236799999,101.0,101.001,0.001
4408.9982364,101.0,101.0004,0.0004
4409.998235999999,101.0,100.9999,-0.0
4410.998235599999,101.0,100.9994,-0.0005
4411.9982352,101.0,100.9991,-0.0008
4412.998234799999,101.0,100.9988,-0.0011
4413.998234399999,101.0,100.9985,-0.0014
4414.998234,101.0,100.9985,-0.0014
4415.9982336,101.0,100.9991,-0.0008
4416.998233199999,101.0,100.9994,-0.0005
4417.9982328,101.0,100.9992,-0.0007
4418.9982324,101.0,100.999,-0.0009
4419.998231999999,101.0,100.9991,-0.0008
4420.9982316,101.0,100.9996,-0.0003
4421.9982312,101.0,100.9995,-0.0004
4422.998230799999,101.0,100.9997,-0.0002
4423.9982304,101.0,100.9997,-0.0002
4424.99823,101.0,100.9998,-0.0001
4425.998229599999,101.0,100.9993,-0.0006
4426.9982291999995,101.0,100.9988,-0.0011
4427.998228799999,101.0,100.9987,-0.0012
4428.9982284,101.0,100.9986,-0.0013
4429.9982279999995,101.0,100.9986,-0.0012
4430.998227599999,101.0,100.9986,-0.0013
4431.9982272,101.0,100.9989,-0.001
4432.998226799999,101.0,100.9991,-0.0008
4433.998226399999,101.0,100.9994,-0.0005
4434.998226,101.0,100.9998,-0.0001
4435.998225599999,101.0,101.0004,0.0004
4436.998225199999,101.0,101.001,0.001
4437.9982248,101.0,101.001,0.001
4438.998224399999,101.0,101.0011,0.0011
4439.998223999999,101.0,101.0013,0.0013
4440.9982236,101.0,101.0015,0.0015
4441.998223199999,101.0,101.0017,0.0017
4442.998222799999,101.0,101.002,0.002
4443.9982224,101.0,101.0025,0.0025
4444.998222,101.0,101.0024,0.0024
4445.998221599999,101.0,101.0014,0.0014
4446.9982211999995,101.0,101.0,0.0
4447.9982208,101.0,100.9995,-0.0003
4448.998220399999,101.0,100.9995,-0.0004
4449.9982199999995,101.0,100.9998,-0.0001
4450.9982196,101.0,100.9992,-0.0007
4451.998219199999,101.0,100.9991,-0.0008
4452.998218799999,101.0,100.9986,-0.0013
4453.9982184,101.0,100.9984,-0.0015
4454.998217999999,101.0,100.999,-0.0009
4455.998217599999,101.0,100.9994,-0.0005
4456.9982172,101.0,100.9998,-0.0
4457.998216799999,101.0,100.9999,0.0
4458.998216399999,101.0,100.9998,-0.0001
4459.998216,101.0,100.9998,-0.0001
4460.9982156,101.0,100.9999,-0.0
4461.998215199999,101.0,100.9999,-0.0
4462.9982148,101.0,101.0001,0.0001
4463.9982144,101.0,101.0003,0.0003
4464.998213999999,101.0,101.0,0.0001
4465.9982136,101.0,100.999,-0.0009
4466.9982132,101.0,100.9984,-0.0015
4467.998212799999,101.0,100.9981,-0.0018
4468.9982124,101.0,100.9986,-0.0013
4469.9982119999995,101.0,100.9988,-0.0011
4470.998211599999,101.0,100.999,-0.0009
4471.9982112,101.0,100.9988,-0.0011
4472.9982107999995,101.0,100.999,-0.0009
4473.998210399999,101.0,100.999,-0.0009
4474.99821,101.0,100.9995,-0.0004
4475.998209599999,101.0,101.0,0.0
4476.9982092,101.0,101.0004,0.0004
4477.9982088,101.0,101.0006,0.0006
4478.998208399999,101.0,101.0006,0.0006
4479.998208,101.0,101.0003,0.0003
4480.9982076,101.0,101.0004,0.0004
4481.998207199999,101.0,101.0005,0.0005
4482.9982068,101.0,101.0012,0.0012
4483.9982064,101.0,101.0023,0.0023
4484.998205999999,101.0,101.0029,0.0029
4485.9982056,101.0,101.0027,0.0027
4486.9982052,101.0,101.0024,0.0024
4487.998204799999,101.0,101.0022,0.0023
4488.9982044,101.0,101.0022,0.0022
4489.998203999999,101.0,101.0025,0.0025
4490.998203599999,101.0,101.0028,0.0028
4491.9982032,101.0,101.0027,0.0028
4492.9982027999995,101.0,101.0026,0.0026
4493.998202399999,101.0,101.0021,0.0021
4494.998202,101.0,101.002,0.002
4495.998201599999,101.0,101.0024,0.0024
4496.998201199999,101.0,101.0024,0.0024
4497.9982008,101.0,101.0022,0.0022
4498.998200399999,101.0,101.0018,0.0018
4499.998199999999,101.0,101.0013,0.0013
4500.9981996,101.0,101.0012,0.0012
4501.998199199999,101.0,101.0007,0.0007
4502.998198799999,101.0,101.0002,0.0002
4503.9981984,101.0,101.0004,0.0004
4504.998197999999,101.0,101.0006,0.0006
4505.998197599999,101.0,101.0006,0.0006
4506.9981972,101.0,101.0001,0.0001
4507.998196799999,101.0,101.0006,0.0006
4508.9981964,101.0,101.0008,0.0008
4509.998196,101.0,101.0009,0.0009
4510.998195599999,101.0,101.0006,0.0006
4511.9981952,101.0,101.0004,0.0004
4512.9981947999995,101.0,101.0007,0.0007
4513.998194399999,101.0,101.0002,0.0002
4514.998194,101.0,100.9997,-0.0002
4515.9981935999995,101.0,100.9992,-0.0007
4516.998193199999,101.0,100.9993,-0.0006
4517.9981928,101.0,100.9992,-0.0007
4518.998192399999,101.0,100.9986,-0.0013
4519.998191999999,101.0,100.998,-0.0019
4520.9981916,101.0,100.998,-0.0019
4521.998191199999,101.0,100.9982,-0.0017
4522.998190799999,101.0,100.9985,-0.0014
4523.9981904,101.0,100.9992,-0.0007
4524.99819,101.0,100.9997,-0.0002
4525.998189599999,101.0,101.0001,0.0001
4526.9981892,101.0,101.0005,0.0005
4527.9981888,101.0,101.0014,0.0014
4528.998188399999,101.0,101.0016,0.0016
4529.998188,101.0,101.0014,0.0015
4530.9981876,101.0,101.0007,0.0007
4531.998187199999,101.0,101.0,0.0
4532.9981867999995,101.0,100.9996,-0.0003
4533.9981864,101.0,100.9988,-0.0011
4534.998185999999,101.0,100.9989,-0.0009
4535.9981855999995,101.0,100.9987,-0.0012
4536.9981852,101.0,100.9988,-0.0011
4537.998184799999,101.0,100.9984,-0.0015
4538.998184399999,101.0,100.9977,-0.0022
4539.998184,101.0,100.9978,-0.0021
4540.9981836,101.0,100.9982,-0.0017
4541.998183199999,101.0,100.9991,-0.0008
4542.9981828,101.0,101.0,0.0
4543.9981824,101.0,101.0003,0.0003
4544.998181999999,101.0,101.0003,0.0003
4545.9981816,101.0,100.9998,-0.0001
4546.9981812,101.0,100.9998,-0.0001
4547.998180799999,101.0,100.9999,-0.0
4548.998180399999,101.0,101.0,0.0
4549.99818,101.0,100.9998,-0.0001
4550.998179599999,101.0,100.9998,-0.0001
4551.998179199999,101.0,100.9996,-0.0003
4552.9981788,101.0,100.999,-0.0009
4553.998178399999,101.0,100.9982,-0.0017
4554.998177999999,101.0,100.9978,-0.0021
4555.9981775999995,101.0,100.998,-0.0019
4556.9981772,101.0,100.9987,-0.0012
4557.998176799999,101.0,100.999,-0.0009
4558.9981763999995,101.0,100.9991,-0.0007
4559.998176,101.0,100.9991,-0.0008
4560.998175599999,101.0,100.9998,-0.0001
4561.998175199999,101.0,101.0001,0.0001
4562.9981748,101.0,101.0006,0.0006
4563.998174399999,101.0,101.0015,0.0015
4564.998173999999,101.0,101.0018,0.0018
4565.9981736,101.0,101.0015,0.0015
4566.998173199999,101.0,101.0006,0.0006
4567.998172799999,101.0,100.9999,-0.0
4568.9981724,101.0,101.0,0.0
4569.998171999999,101.0,100.9998,-0.0001
4570.998171599999,101.0,100.9997,-0.0002
4571.9981712,101.0,100.9989,-0.001
4572.9981708,101.0,100.9985,-0.0014
4573.998170399999,101.0,100.9981,-0.0018
4574.99817,101.0,100.9984,-0.0015
4575.9981695999995,101.0,100.9992,-0.0007
4576.998169199999,101.0,100.9998,-0.0001
4577.9981688,101.0,100.9997,-0.0002
4578.9981683999995,101.0,100.9996,-0.0003
4579.998167999999,101.0,100.9996,-0.0003
4580.9981676,101.0,101.0002,0.0002
4581.998167199999,101.0,101.0007,0.0007
4582.998166799999,101.0,101.0009,0.0009
4583.9981664,101.0,101.0012,0.0012
4584.998165999999,101.0,101.0011,0.0012
4585.998165599999,101.0,101.0007,0.0007
4586.9981652,101.0,101.0,0.0
4587.998164799999,101.0,100.9992,-0.0007
4588.9981644,101.0,100.999,-0.0009
4589.998164,101.0,100.9992,-0.0007
4590.998163599999,101.0,100.999,-0.0009
4591.9981632,101.0,100.9983,-0.0016
4592.9981628,101.0,100.9979,-0.002
4593.998162399999,101.0,100.9979,-0.002
4594.998162,101.0,100.9984,-0.0014
4595.9981616,101.0,100.9989,-0.001
4596.998161199999,101.0,100.9993,-0.0006
4597.9981608,101.0,100.9993,-0.0005
4598.9981603999995,101.0,100.9994,-0.0005
4599.998159999999,101.0,100.9997,-0.0002
4600.9981596,101.0,101.0,0.0001
4601.9981591999995,101.0,101.0004,0.0004
4602.998158799999,101.0,101.0003,0.0003
4603.9981584,101.0,101.0001,0.0001
4604.998158,101.0,100.9997,-0.0001
4605.998157599999,101.0,100.999,-0.0009
4606.9981572,101.0,100.9987,-0.0012
4607.998156799999,101.0,100.9987,-0.0012
4608.998156399999,101.0,100.999,-0.0009
4609.998156,101.0,100.9991,-0.0008
4610.998155599999,101.0,100.9986,-0.0013
4611.998155199999,101.0,100.9984,-0.0015
4612.9981548,101.0,100.9988,-0.0011
4613.998154399999,101.0,100.9992,-0.0007
4614.998153999999,101.0,100.9997,-0.0002
4615.9981536,101.0,100.9999,-0.0
4616.998153199999,101.0,101.0001,0.0001
4617.998152799999,101.0,101.0,0.0
4618.9981523999995,101.0,100.9998,-0.0001
4619.998151999999,101.0,100.9998,-0.0001
4620.9981516,101.0,101.0004,0.0004
4621.9981511999995,101.0,101.001,0.001
4622.998150799999,101.0,101.0013,0.0013
4623.9981504,101.0,101.0014,0.0014
4624.998149999999,101.0,101.001,0.001
4625.998149599999,101.0,101.0006,0.0006
4626.9981492,101.0,101.0,0.0
4627.998148799999,101.0,100.9996,-0.0003
4628.998148399999,101.0,100.9993,-0.0005
4629.998148,101.0,100.9997,-0.0002
4630.998147599999,101.0,100.9998,-0.0001
4631.998147199999,101.0,100.9997,-0.0002
4632.9981468,101.0,100.9993,-0.0006
4633.998146399999,101.0,100.9993,-0.0006
4634.998145999999,101.0,100.9997,-0.0002
4635.9981456,101.0,101.0007,0.0007
4636.9981452,101.0,101.0011,0.0011
4637.998144799999,101.0,101.0014,0.0015
4638.9981444,101.0,101.0013,0.0013
4639.998144,101.0,101.0015,0.0015
4640.998143599999,101.0,101.0017,0.0017
4641.9981431999995,101.0,101.0017,0.0017
4642.9981428,101.0,101.0016,0.0016
4643.998142399999,101.0,101.0017,0.0017
4644.9981419999995,101.0,101.0016,0.0016
4645.9981416,101.0,101.0012,0.0012
4646.998141199999,101.0,101.0003,0.0003
4647.998140799999,101.0,100.9998,-0.0001
4648.9981404,101.0,100.9997,-0.0002
4649.998139999999,101.0,100.9996,-0.0003
4650.998139599999,101.0,100.9994,-0.0005
4651.9981392,101.0,100.9993,-0.0006
4652.9981388,101.0,100.9998,-0.0
4653.998138399999,101.0,100.9999,-0.0
4654.998138,101.0,101.0004,0.0004
4655.9981376,101.0,101.0007,0.0008
4656.998137199999,101.0,101.0016,0.0016
4657.9981368,101.0,101.0018,0.0018
4658.9981364,101.0,101.0015,0.0015
4659.998135999999,101.0,101.0004,0.0004
4660.9981356,101.0,101.0,0.0
4661.9981351999995,101.0,100.9995,-0.0004
4662.998134799999,101.0,100.9995,-0.0003
4663.9981344,101.0,100.9998,-0.0001
4664.9981339999995,101.0,101.0,0.0
4665.998133599999,101.0,100.9997,-0.0002
4666.9981332,101.0,100.9996,-0.0003
4667.998132799999,101.0,100.9994,-0.0005
4668.9981324,101.0,100.9994,-0.0005
4669.998131999999,101.0,100.9991,-0.0007
4670.998131599999,101.0,100.9991,-0.0008
4671.9981312,101.0,100.9992,-0.0007
4672.998130799999,101.0,100.9993,-0.0006
4673.998130399999,101.0,100.9988,-0.001
4674.99813,101.0,100.9986,-0.0013
4675.998129599999,101.0,100.9986,-0.0013
4676.998129199999,101.0,100.9986,-0.0013
4677.9981288,101.0,100.9983,-0.0016
4678.998128399999,101.0,100.9984,-0.0015
4679.998127999999,101.0,100.9989,-0.001
4680.9981276,101.0,100.9995,-0.0004
4681.998127199999,101.0,100.9998,-0.0001
4682.998126799999,101.0,101.0001,0.0001
4683.9981264,101.0,101.0013,0.0013
4684.9981259999995,101.0,101.0017,0.0017
4685.998125599999,101.0,101.0019,0.0019
4686.9981252,101.0,101.0015,0.0015
4687.9981247999995,101.0,101.0011,0.0011
4688.998124399999,101.0,101.0011,0.0011
4689.998124,101.0,101.0012,0.0012
4690.998123599999,101.0,101.0014,0.0014
4691.998123199999,101.0,101.0008,0.0008
4692.9981228,101.0,101.0004,0.0005
4693.998122399999,101.0,101.0001,0.0001
4694.998121999999,101.0,100.9998,-0.0001
4695.9981216,101.0,100.9998,-0.0001
4696.998121199999,101.0,100.9993,-0.0006
4697.998120799999,101.0,100.9994,-0.0005
4698.9981204,101.0,100.9992,-0.0006
4699.998119999999,101.0,100.9991,-0.0008
4700.9981196,101.0,100.9995,-0.0004
4701.9981192,101.0,100.9999,-0.0
4702.998118799999,101.0,101.0007,0.0007
4703.9981184,101.0,101.0013,0.0013
4704.9981179999995,101.0,101.0014,0.0014
4705.998117599999,101.0,101.0011,0.0011
4706.9981172,101.0,101.0011,0.0011
4707.9981167999995,101.0,101.0009,0.0009
4708.998116399999,101.0,101.001,0.001
4709.998116,101.0,101.0007,0.0007
4710.998115599999,101.0,101.0002,0.0002
4711.998115199999,101.0,100.9997,-0.0001
4712.9981148,101.0,100.9992,-0.0007
4713.998114399999,101.0,100.9989,-0.001
4714.998113999999,101.0,100.9988,-0.0011
4715.9981136,101.0,100.9988,-0.0011
4716.9981132,101.0,100.999,-0.0009
4717.998112799999,101.0,100.9993,-0.0006
4718.9981124,101.0,100.9995,-0.0004
4719.998112,101.0,100.9996,-0.0003
4720.998111599999,101.0,100.9999,-0.0
4721.9981112,101.0,101.0001,0.0001
4722.9981108,101.0,101.0004,0.0004
4723.998110399999,101.0,101.0009,0.0009
4724.9981099999995,101.0,101.0013,0.0013
4725.9981096,101.0,101.001,0.001
4726.998109199999,101.0,100.9999,-0.0
4727.9981087999995,101.0,100.9992,-0.0007
4728.998108399999,101.0,100.9993,-0.0006
4729.998107999999,101.0,100.9997,-0.0002
4730.9981075999995,101.0,100.9997,-0.0002
4731.998107199999,101.0,100.9992,-0.0007
4732.9981068,101.0,100.9987,-0.0012
4733.998106399999,101.0,100.9986,-0.0013
4734.998105999999,101.0,100.9983,-0.0016
4735.9981056,101.0,100.998,-0.0019
4736.998105199999,101.0,100.998,-0.0019
4737.998104799999,101.0,100.9986,-0.0013
4738.9981044,101.0,100.9993,-0.0006
4739.998103999999,101.0,100.9995,-0.0004
4740.998103599999,101.0,101.0,0.0
4741.9981032,101.0,101.0004,0.0004
4742.998102799999,101.0,101.0008,0.0009
4743.998102399999,101.0,101.0015,0.0015
4744.998102,101.0,101.0019,0.0019
4745.998101599999,101.0,101.0019,0.0019
4746.998101199999,101.0,101.0014,0.0015
4747.9981007999995,101.0,101.0007,0.0007
4748.9981004,101.0,101.0003,0.0003
4749.998099999999,101.0,100.9995,-0.0004
4750.9980995999995,101.0,100.9989,-0.001
4751.9980992,101.0,100.9983,-0.0016
4752.998098799999,101.0,100.9978,-0.002
4753.998098399999,101.0,100.9976,-0.0023
4754.998098,101.0,100.9978,-0.0021
4755.998097599999,101.0,100.9984,-0.0015
4756.998097199999,101.0,100.9991,-0.0008
4757.9980968,101.0,100.9992,-0.0007
4758.998096399999,101.0,100.9992,-0.0007
4759.998095999999,101.0,100.9993,-0.0006
4760.9980956,101.0,100.9997,-0.0002
4761.998095199999,101.0,101.0002,0.0002
4762.998094799999,101.0,101.0002,0.0002
4763.9980944,101.0,101.0003,0.0003
4764.998094,101.0,101.0008,0.0008
4765.998093599999,101.0,101.0011,0.0011
4766.9980932,101.0,101.001,0.001
4767.9980927999995,101.0,101.0008,0.0008
4768.998092399999,101.0,101.0007,0.0007
4769.998092,101.0,101.0005,0.0005
4770.9980915999995,101.0,100.9998,-0.0001
4771.998091199999,101.0,100.9988,-0.0011
4772.9980908,101.0,100.9984,-0.0015
4773.9980903999995,101.0,100.9981,-0.0018
4774.998089999999,101.0,100.9984,-0.0015
4775.9980896,101.0,100.9988,-0.0011
4776.998089199999,101.0,100.9989,-0.001
4777.998088799999,101.0,100.9988,-0.0011
4778.9980884,101.0,100.9982,-0.0017
4779.998087999999,101.0,100.9983,-0.0016
4780.9980876,101.0,100.9986,-0.0013
4781.9980872,101.0,100.9994,-0.0005
4782.998086799999,101.0,100.9999,-0.0
4783.9980864,101.0,101.0009,0.0009
4784.998086,101.0,101.0014,0.0014
4785.998085599999,101.0,101.0016,0.0017
4786.9980852,101.0,101.0014,0.0014
4787.9980848,101.0,101.0011,0.0011
4788.998084399999,101.0,101.0008,0.0009
4789.998084,101.0,101.0006,0.0007
4790.998083599999,101.0,101.0002,0.0002
4791.998083199999,101.0,100.9998,-0.0001
4792.9980828,101.0,100.9992,-0.0007
4793.9980823999995,101.0,100.9983,-0.0016
4794.998081999999,101.0,100.9978,-0.0021
4795.9980816,101.0,100.9977,-0.0022
4796.998081199999,101.0,100.9979,-0.002
4797.998080799999,101.0,100.9981,-0.0018
4798.9980804,101.0,100.9982,-0.0016
4799.998079999999,101.0,100.9986,-0.0013
4800.998079599999,101.0,100.9991,-0.0008
4801.9980792,101.0,100.9994,-0.0005
4802.998078799999,101.0,100.9997,-0.0002
4803.998078399999,101.0,101.0006,0.0006
4804.998078,101.0,101.0014,0.0014
4805.998077599999,101.0,101.0018,0.0018
4806.998077199999,101.0,101.0013,0.0013
4807.9980768,101.0,101.0007,0.0007
4808.998076399999,101.0,101.0005,0.0005
4809.998076,101.0,101.0007,0.0007
4810.9980755999995,101.0,101.0007,0.0007
4811.998075199999,101.0,101.0004,0.0004
4812.9980748,101.0,100.9995,-0.0004
4813.9980743999995,101.0,100.9983,-0.0016
4814.998073999999,101.0,100.9973,-0.0026
4815.9980736,101.0,100.9971,-0.0028
4816.998073199999,101.0,100.9969,-0.003
4817.998072799999,101.0,100.9969,-0.003
4818.9980724,101.0,100.9967,-0.0032
4819.998071999999,101.0,100.9968,-0.0031
4820.998071599999,101.0,100.9975,-0.0023
4821.9980712,101.0,100.9983,-0.0016
4822.998070799999,101.0,100.9994,-0.0005
4823.998070399999,101.0,101.0007,0.0007
4824.99807,101.0,101.0017,0.0017
4825.998069599999,101.0,101.0021,0.0021
4826.998069199999,101.0,101.0022,0.0023
4827.9980688,101.0,101.0024,0.0024
4828.9980684,101.0,101.0025,0.0025
4829.998067999999,101.0,101.0025,0.0025
4830.9980676,101.0,101.0022,0.0022
4831.9980672,101.0,101.002,0.002
4832.998066799999,101.0,101.0014,0.0014
4833.9980663999995,101.0,101.0005,0.0006
4834.998066,101.0,101.0001,0.0001
4835.998065599999,101.0,101.0001,0.0001
4836.9980651999995,101.0,101.0001,0.0001
4837.9980648,101.0,100.9998,-0.0001
4838.998064399999,101.0,100.9996,-0.0003
4839.998063999999,101.0,100.9996,-0.0003
4840.9980636,101.0,100.9999,-0.0
4841.9980632,101.0,101.0008,0.0008
4842.998062799999,101.0,101.0018,0.0018
4843.9980624,101.0,101.0027,0.0027
4844.998062,101.0,101.0025,0.0025
4845.998061599999,101.0,101.002,0.002
4846.9980612,101.0,101.0018,0.0018
4847.9980608,101.0,101.0022,0.0022
4848.998060399999,101.0,101.003,0.003
4849.998059999999,101.0,101.0032,0.0032
4850.9980596,101.0,101.0029,0.0029
4851.998059199999,101.0,101.0021,0.0021
4852.998058799999,101.0,101.0013,0.0013
4853.9980583999995,101.0,101.0,0.0
4854.998057999999,101.0,100.9991,-0.0008
4855.998057599999,101.0,100.9986,-0.0013
4856.9980571999995,101.0,100.9982,-0.0016
4857.998056799999,101.0,100.998,-0.0018
4858.998056399999,101.0,100.9978,-0.0021
4859.998055999999,101.0,100.9979,-0.002
4860.9980556,101.0,100.9985,-0.0014
4861.998055199999,101.0,100.9992,-0.0007
4862.998054799999,101.0,100.9995,-0.0004
4863.9980544,101.0,101.0004,0.0004
4864.998053999999,101.0,101.0011,0.0011
4865.998053599999,101.0,101.0016,0.0016
4866.9980532,101.0,101.0014,0.0015
4867.998052799999,101.0,101.0013,0.0013
4868.998052399999,101.0,101.0014,0.0014
4869.998052,101.0,101.0014,0.0014
4870.998051599999,101.0,101.001,0.001
4871.998051199999,101.0,101.0001,0.0001
4872.9980508,101.0,100.9996,-0.0003
4873.9980504,101.0,100.9989,-0.001
4874.998049999999,101.0,100.9985,-0.0014
4875.9980496,101.0,100.9979,-0.0019
4876.9980491999995,101.0,100.9977,-0.0022
4877.998048799999,101.0,100.9974,-0.0025
4878.9980484,101.0,100.9976,-0.0023
4879.9980479999995,101.0,100.9979,-0.002
4880.998047599999,101.0,100.9984,-0.0014
4881.9980472,101.0,100.9992,-0.0007
4882.998046799999,101.0,101.0002,0.0002
4883.998046399999,101.0,101.0016,0.0016
4884.998046,101.0,101.0026,0.0026
4885.998045599999,101.0,101.0034,0.0034
4886.998045199999,101.0,101.0035,0.0035
4887.9980448,101.0,101.0034,0.0034
4888.998044399999,101.0,101.0029,0.0029
4889.998044,101.0,101.002,0.002
4890.9980436,101.0,101.0013,0.0013
4891.998043199999,101.0,101.0006,0.0006
4892.9980428,101.0,100.9999,-0.0
4893.9980424,101.0,100.999,-0.0009
4894.998041999999,101.0,100.9984,-0.0015
4895.9980416,101.0,100.998,-0.0019
4896.9980411999995,101.0,100.9977,-0.0022
4897.998040799999,101.0,100.9974,-0.0025
4898.9980404,101.0,100.9972,-0.0027
4899.9980399999995,101.0,100.9978,-0.0021
4900.998039599999,101.0,100.9988,-0.001
4901.9980392,101.0,101.0,0.0
4902.998038799999,101.0,101.0014,0.0014
4903.998038399999,101.0,101.0025,0.0025
4904.998038,101.0,101.0032,0.0032
4905.9980376,101.0,101.003,0.003
4906.998037199999,101.0,101.0024,0.0024
4907.9980368,101.0,101.002,0.002
4908.9980364,101.0,101.0021,0.0021
4909.998035999999,101.0,101.002,0.002
4910.9980356,101.0,101.0016,0.0016
4911.998035199999,101.0,101.0011,0.0011
4912.998034799999,101.0,101.0003,0.0003
4913.9980344,101.0,101.0,0.0
4914.998033999999,101.0,100.9998,-0.0001
4915.998033599999,101.0,100.9993,-0.0006
4916.9980332,101.0,100.9991,-0.0008
4917.998032799999,101.0,100.9989,-0.001
4918.998032399999,101.0,100.9994,-0.0005
4919.9980319999995,101.0,101.0002,0.0003
4920.998031599999,101.0,101.0014,0.0014
4921.9980312,101.0,101.0023,0.0023
4922.9980307999995,101.0,101.0031,0.0031
4923.998030399999,101.0,101.0035,0.0035
4924.99803,101.0,101.0033,0.0033
4925.998029599999,101.0,101.0027,0.0027
4926.998029199999,101.0,101.0023,0.0023
4927.9980288,101.0,101.002,0.002
4928.998028399999,101.0,101.0019,0.0019
4929.998027999999,101.0,101.002,0.002
4930.9980276,101.0,101.0016,0.0016
4931.998027199999,101.0,101.0014,0.0014
4932.998026799999,101.0,101.0003,0.0003
4933.9980264,101.0,100.9992,-0.0007
4934.998025999999,101.0,100.9984,-0.0015
4935.998025599999,101.0,100.9983,-0.0016
4936.9980252,101.0,100.9984,-0.0015
4937.9980248,101.0,100.9986,-0.0013
4938.998024399999,101.0,100.9984,-0.0014
4939.9980239999995,101.0,100.9988,-0.0011
4940.9980236,101.0,100.9995,-0.0004
4941.998023199999,101.0,101.0006,0.0006
4942.9980227999995,101.0,101.0013,0.0013
4943.9980224,101.0,101.002,0.002
4944.998021999999,101.0,101.0019,0.0019
4945.998021599999,101.0,101.0017,0.0017
4946.9980212,101.0,101.0014,0.0015
4947.998020799999,101.0,101.0012,0.0012
4948.998020399999,101.0,101.0011,0.0011
4949.99802,101.0,101.0005,0.0005
4950.998019599999,101.0,100.9999,-0.0
4951.998019199999,101.0,100.9992,-0.0007
4952.9980188,101.0,100.9988,-0.001
4953.9980184,101.0,100.9984,-0.0015
4954.998017999999,101.0,100.998,-0.0018
4955.9980176,101.0,100.9978,-0.0021
4956.9980172,101.0,100.9972,-0.0027
4957.998016799999,101.0,100.9973,-0.0026
4958.9980164,101.0,100.9973,-0.0026
4959.998016,101.0,100.9976,-0.0023
4960.998015599999,101.0,100.9979,-0.002
4961.9980152,101.0,100.9983,-0.0016
4962.9980147999995,101.0,100.999,-0.0009
4963.998014399999,101.0,100.9997,-0.0001
4964.998014,101.0,101.0006,0.0006
4965.9980135999995,101.0,101.0006,0.0006
4966.998013199999,101.0,101.0008,0.0009
4967.9980128,101.0,101.001,0.001
4968.998012399999,101.0,101.0018,0.0018
4969.998012,101.0,101.0021,0.0021
4970.998011599999,101.0,101.0019,0.0019
4971.998011199999,101.0,101.0016,0.0016
4972.9980108,101.0,101.0009,0.0009
4973.998010399999,101.0,101.0001,0.0001
4974.998009999999,101.0,100.999,-0.0009
4975.9980096,101.0,100.9984,-0.0015
4976.998009199999,101.0,100.9984,-0.0015
4977.998008799999,101.0,100.9981,-0.0018
4978.9980084,101.0,100.9978,-0.0021
4979.998007999999,101.0,100.9975,-0.0024
4980.998007599999,101.0,100.9984,-0.0015
4981.9980072,101.0,100.9991,-0.0007
4982.998006799999,101.0,101.0,0.0
4983.998006399999,101.0,101.001,0.001
4984.998006,101.0,101.0017,0.0017
4985.9980055999995,101.0,101.0024,0.0024
4986.998005199999,101.0,101.0029,0.0029
4987.9980048,101.0,101.003,0.003
4988.998004399999,101.0,101.003,0.003
4989.998003999999,101.0,101.0026,0.0026
4990.9980036,101.0,101.0021,0.0021
4991.998003199999,101.0,101.0018,0.0018
4992.998002799999,101.0,101.0012,0.0012
4993.9980024,101.0,101.0005,0.0006
4994.998001999999,101.0,100.9995,-0.0004
4995.998001599999,101.0,100.999,-0.0009
4996.9980012,101.0,100.9981,-0.0018
4997.998000799999,101.0,100.9975,-0.0024
4998.998000399999,101.0,100.9969,-0.003
4999.998,101.0,100.9969,-0.003
5000.997999599999,101.0,100.9971,-0.0027
5001.9979992,101.0,100.9974,-0.0025
5002.9979988,101.0,100.9981,-0.0018
5003.997998399999,101.0,100.9993,-0.0006
5004.997998,101.0,101.0002,0.0002
5005.9979975999995,101.0,101.0009,0.0009
5006.997997199999,101.0,101.0008,0.0009
5007.9979968,101.0,101.0014,0.0015
5008.9979963999995,101.0,101.002,0.002
5009.997995999999,101.0,101.0025,0.0025
5010.9979956,101.0,101.0027,0.0027
5011.997995199999,101.0,101.0022,0.0023
5012.997994799999,101.0,101.0012,0.0013
5013.9979944,101.0,101.0003,0.0003
5014.997993999999,101.0,100.9993,-0.0006
5015.997993599999,101.0,100.999,-0.0009
5016.9979932,101.0,100.9986,-0.0013
5017.9979928,101.0,100.9985,-0.0014
5018.997992399999,101.0,100.9983,-0.0016
5019.997992,101.0,100.9983,-0.0016
5020.9979916,101.0,100.9986,-0.0012
5021.997991199999,101.0,100.9991,-0.0007
5022.9979908,101.0,100.9998,-0.0001
5023.9979904,101.0,101.0005,0.0005
5024.997989999999,101.0,101.0016,0.0016
5025.9979895999995,101.0,101.0026,0.0026
5026.9979892,101.0,101.0034,0.0034
5027.997988799999,101.0,101.0039,0.0039
5028.9979883999995,101.0,101.004,0.004
5029.997987999999,101.0,101.0042,0.0042
5030.997987599999,101.0,101.0036,0.0036
5031.997987199999,101.0,101.0027,0.0027
5032.997986799999,101.0,101.0011,0.0011
5033.9979864,101.0,100.9994,-0.0005
5034.997985999999,101.0,100.9978,-0.0021
5035.997985599999,101.0,100.9966,-0.0033
5036.9979852,101.0,100.9959,-0.004
5037.997984799999,101.0,100.9954,-0.0045
5038.997984399999,101.0,100.9951,-0.0048
5039.997984,101.0,100.9952,-0.0047
5040.997983599999,101.0,100.9955,-0.0044
5041.997983199999,101.0,100.9963,-0.0036
5042.9979828,101.0,100.9976,-0.0023
5043.997982399999,101.0,100.999,-0.0009
5044.997981999999,101.0,101.0003,0.0003
5045.9979816,101.0,101.001,0.001
5046.997981199999,101.0,101.0022,0.0022
5047.997980799999,101.0,101.0032,0.0032
5048.9979803999995,101.0,101.0042,0.0042
5049.99798,101.0,101.0044,0.0044
5050.997979599999,101.0,101.004,0.004
5051.9979791999995,101.0,101.0033,0.0033
5052.9979788,101.0,101.0025,0.0025
5053.997978399999,101.0,101.0015,0.0015
5054.997977999999,101.0,101.0006,0.0006
5055.9979776,101.0,101.0001,0.0001
5056.997977199999,101.0,100.9995,-0.0004
5057.997976799999,101.0,100.9986,-0.0013
5058.9979764,101.0,100.9977,-0.0022
5059.997975999999,101.0,100.9976,-0.0023
5060.997975599999,101.0,100.998,-0.0018
5061.9979752,101.0,100.9989,-0.001
5062.997974799999,101.0,101.0,0.0
5063.997974399999,101.0,101.0015,0.0015
5064.997974,101.0,101.0025,0.0025
5065.9979736,101.0,101.0026,0.0026
5066.997973199999,101.0,101.0025,0.0025
5067.9979728,101.0,101.0027,0.0028
5068.9979723999995,101.0,101.0031,0.0031
5069.997971999999,101.0,101.003,0.003
5070.9979716,101.0,101.0023,0.0023
5071.9979711999995,101.0,101.0015,0.0015
5072.997970799999,101.0,101.0012,0.0012
5073.9979704,101.0,101.0004,0.0004
5074.997969999999,101.0,100.9995,-0.0004
5075.997969599999,101.0,100.9986,-0.0013
5076.9979692,101.0,100.9977,-0.0022
5077.997968799999,101.0,100.9971,-0.0027
5078.997968399999,101.0,100.9966,-0.0033
5079.997968,101.0,100.9966,-0.0033
5080.997967599999,101.0,100.997,-0.0029
5081.9979672,101.0,100.9973,-0.0026
5082.9979668,101.0,100.9979,-0.002
5083.997966399999,101.0,100.9987,-0.0012
5084.997966,101.0,100.9992,-0.0007
5085.9979656,101.0,100.9995,-0.0004
5086.997965199999,101.0,100.9996,-0.0003
5087.9979648,101.0,100.9993,-0.0006
5088.9979644,101.0,100.9994,-0.0005
5089.997963999999,101.0,100.9999,-0.0
5090.9979636,101.0,101.0005,0.0005
5091.997963199999,101.0,101.0009,0.0009
5092.997962799999,101.0,101.0007,0.0007
5093.9979624,101.0,100.9999,-0.0
5094.997961999999,101.0,100.9991,-0.0008
5095.997961599999,101.0,100.9985,-0.0014
5096.9979612,101.0,100.9985,-0.0014
5097.997960799999,101.0,100.9983,-0.0016
5098.997960399999,101.0,100.9979,-0.002
5099.99796,101.0,100.9978,-0.0021
5100.997959599999,101.0,100.9978,-0.0021
5101.997959199999,101.0,100.9984,-0.0015
5102.9979588,101.0,100.9991,-0.0008
5103.997958399999,101.0,101.0001,0.0001
5104.997957999999,101.0,101.0012,0.0012
5105.9979576,101.0,101.0017,0.0017
5106.997957199999,101.0,101.0019,0.0019
5107.997956799999,101.0,101.0024,0.0024
5108.9979564,101.0,101.0027,0.0027
5109.997955999999,101.0,101.0036,0.0036
5110.997955599999,101.0,101.0039,0.0039
5111.9979551999995,101.0,101.004,0.004
5112.997954799999,101.0,101.0036,0.0036
5113.9979544,101.0,101.0027,0.0027
5114.9979539999995,101.0,101.0017,0.0017
5115.997953599999,101.0,101.0009,0.0009
5116.9979532,101.0,101.0004,0.0004
5117.997952799999,101.0,100.9996,-0.0003
5118.997952399999,101.0,100.9992,-0.0006
5119.997952,101.0,100.9986,-0.0013
5120.997951599999,101.0,100.9985,-0.0014
5121.997951199999,101.0,100.9984,-0.0015
5122.9979508,101.0,100.9988,-0.0011
5123.997950399999,101.0,100.9995,-0.0003
5124.997949999999,101.0,101.0,0.0
5125.9979496,101.0,101.0002,0.0002
5126.997949199999,101.0,101.0004,0.0004
5127.997948799999,101.0,101.0008,0.0008
5128.9979484,101.0,101.0016,0.0016
5129.997948,101.0,101.0026,0.0026
5130.997947599999,101.0,101.0029,0.0029
5131.9979471999995,101.0,101.0024,0.0024
5132.9979468,101.0,101.0015,0.0015
5133.997946399999,101.0,101.0003,0.0003
5134.9979459999995,101.0,100.9997,-0.0002
5135.9979456,101.0,100.999,-0.0009
5136.997945199999,101.0,100.9985,-0.0014
5137.9979447999995,101.0,100.9975,-0.0024
5138.9979444,101.0,100.9969,-0.003
5139.997943999999,101.0,100.9965,-0.0034
5140.997943599999,101.0,100.9969,-0.003
5141.9979432,101.0,100.9977,-0.0022
5142.997942799999,101.0,100.9984,-0.0015
5143.997942399999,101.0,100.9997,-0.0002
5144.997942,101.0,101.0009,0.0009
5145.9979416,101.0,101.0017,0.0018
5146.997941199999,101.0,101.0021,0.0021
5147.9979408,101.0,101.0023,0.0023
5148.9979404,101.0,101.0027,0.0027
5149.997939999999,101.0,101.0036,0.0036
5150.997939599999,101.0,101.004,0.004
5151.9979392,101.0,101.004,0.004
5152.997938799999,101.0,101.0033,0.0033
5153.997938399999,101.0,101.0025,0.0025
5154.9979379999995,101.0,101.0016,0.0016
5155.997937599999,101.0,101.0008,0.0008
5156.997937199999,101.0,101.0002,0.0003
5157.9979367999995,101.0,100.9997,-0.0002
5158.997936399999,101.0,100.9995,-0.0004
5159.997935999999,101.0,100.9992,-0.0007
5160.997935599999,101.0,100.9995,-0.0004
5161.9979352,101.0,100.9999,-0.0
5162.997934799999,101.0,101.0002,0.0002
5163.997934399999,101.0,101.0006,0.0006
5164.997934,101.0,101.0006,0.0006
5165.997933599999,101.0,101.0005,0.0005
5166.997933199999,101.0,101.0003,0.0003
5167.9979328,101.0,101.0009,0.0009
5168.997932399999,101.0,101.0019,0.0019
5169.997931999999,101.0,101.0027,0.0028
5170.9979316,101.0,101.003,0.0031
5171.997931199999,101.0,101.0026,0.0027
5172.997930799999,101.0,101.0021,0.0021
5173.9979304,101.0,101.0011,0.0011
5174.997929999999,101.0,101.0004,0.0005
5175.997929599999,101.0,101.0004,0.0004
5176.9979292,101.0,101.0002,0.0002
5177.9979287999995,101.0,100.9996,-0.0003
5178.997928399999,101.0,100.999,-0.0009
5179.997928,101.0,100.9986,-0.0013
5180.9979275999995,101.0,100.9989,-0.001
5181.997927199999,101.0,100.9989,-0.001
5182.9979268,101.0,100.9988,-0.0011
5183.997926399999,101.0,100.9987,-0.0012
5184.997925999999,101.0,100.9989,-0.001
5185.9979256,101.0,100.9991,-0.0007
5186.997925199999,101.0,100.9998,-0.0
5187.997924799999,101.0,101.0005,0.0005
5188.9979244,101.0,101.0014,0.0014
5189.997923999999,101.0,101.0021,0.0021
5190.997923599999,101.0,101.0021,0.0021
5191.9979232,101.0,101.0022,0.0022
5192.997922799999,101.0,101.0019,0.0019
5193.9979224,101.0,101.0014,0.0014
5194.997922,101.0,101.0008,0.0008
5195.997921599999,101.0,101.0003,0.0003
5196.9979212,101.0,101.0001,0.0001
5197.9979207999995,101.0,100.9994,-0.0005
5198.997920399999,101.0,100.9984,-0.0015
5199.99792,101.0,100.9978,-0.002
5200.9979195999995,101.0,100.9981,-0.0018
5201.997919199999,101.0,100.9983,-0.0015
5202.9979188,101.0,100.9988,-0.0011
5203.997918399999,101.0,100.9996,-0.0003
5204.997917999999,101.0,101.0004,0.0004
5205.9979176,101.0,101.0007,0.0007
5206.997917199999,101.0,101.0006,0.0006
5207.997916799999,101.0,101.0014,0.0014
5208.9979164,101.0,101.0021,0.0021
5209.997916,101.0,101.0028,0.0029
5210.997915599999,101.0,101.0026,0.0026
5211.9979152,101.0,101.0024,0.0024
5212.997914799999,101.0,101.0019,0.0019
5213.997914399999,101.0,101.0017,0.0017
5214.997914,101.0,101.001,0.001
5215.997913599999,101.0,101.0006,0.0007
5216.997913199999,101.0,101.0001,0.0001
5217.9979127999995,101.0,100.9995,-0.0004
5218.997912399999,101.0,100.9988,-0.0011
5219.997911999999,101.0,100.9984,-0.0015
5220.9979115999995,101.0,100.9986,-0.0012
5221.997911199999,101.0,100.9988,-0.0011
5222.997910799999,101.0,100.9986,-0.0013
5223.9979103999995,101.0,100.9988,-0.0011
5224.997909999999,101.0,100.999,-0.0009
5225.9979096,101.0,100.9992,-0.0007
5226.997909199999,101.0,100.9995,-0.0004
5227.997908799999,101.0,100.9999,-0.0
5228.9979084,101.0,101.0005,0.0005
5229.997907999999,101.0,101.0012,0.0012
5230.997907599999,101.0,101.0012,0.0012
5231.9979072,101.0,101.0016,0.0016
5232.997906799999,101.0,101.0017,0.0018
5233.997906399999,101.0,101.0019,0.0019
5234.997906,101.0,101.0016,0.0016
5235.997905599999,101.0,101.0017,0.0017
5236.997905199999,101.0,101.0015,0.0015
5237.9979048,101.0,101.0009,0.0009
5238.997904399999,101.0,101.0001,0.0001
5239.997903999999,101.0,100.9995,-0.0004
5240.9979035999995,101.0,100.9995,-0.0004
5241.9979032,101.0,100.9994,-0.0005
5242.997902799999,101.0,100.9993,-0.0006
5243.9979023999995,101.0,100.9997,-0.0002
5244.997902,101.0,101.0,0.0
5245.997901599999,101.0,101.0,0.0
5246.997901199999,101.0,100.9997,-0.0002
5247.9979008,101.0,100.9997,-0.0002
5248.997900399999,101.0,101.0003,0.0003
5249.997899999999,101.0,101.0015,0.0015
5250.9978996,101.0,101.0024,0.0024
5251.997899199999,101.0,101.0032,0.0032
5252.997898799999,101.0,101.004,0.004
5253.9978984,101.0,101.004,0.004
5254.997898,101.0,101.0035,0.0035
5255.997897599999,101.0,101.0028,0.0028
5256.9978972,101.0,101.0021,0.0021
5257.9978968,101.0,101.0012,0.0012
5258.997896399999,101.0,101.0001,0.0001
5259.997896,101.0,100.9989,-0.001
5260.9978955999995,101.0,100.9978,-0.0021
5261.997895199999,101.0,100.9971,-0.0028
5262.9978948,101.0,100.9967,-0.0032
5263.9978943999995,101.0,100.997,-0.0029
5264.997893999999,101.0,100.9975,-0.0024
5265.9978936,101.0,100.9977,-0.0022
5266.997893199999,101.0,100.9976,-0.0023
5267.997892799999,101.0,100.9981,-0.0018
5268.9978924,101.0,100.9988,-0.0011
5269.997891999999,101.0,100.9998,-0.0001
5270.997891599999,101.0,101.0008,0.0008
5271.997891199999,101.0,101.0019,0.0019
5272.997890799999,101.0,101.0025,0.0025
5273.9978904,101.0,101.0025,0.0025
5274.997889999999,101.0,101.0023,0.0023
5275.997889599999,101.0,101.0023,0.0023
5276.9978892,101.0,101.0019,0.0019
5277.997888799999,101.0,101.0012,0.0012
5278.997888399999,101.0,101.0006,0.0006
5279.997888,101.0,100.9995,-0.0004
5280.997887599999,101.0,100.9992,-0.0007
5281.997887199999,101.0,100.9982,-0.0017
5282.9978868,101.0,100.9984,-0.0015
5283.997886399999,101.0,100.9984,-0.0015
5284.997885999999,101.0,100.999,-0.0009
5285.9978856,101.0,100.9992,-0.0007
5286.9978851999995,101.0,100.9991,-0.0008
5287.997884799999,101.0,100.9994,-0.0005
5288.9978844,101.0,101.0,0.0
5289.997883999999,101.0,101.0011,0.0011
5290.997883599999,101.0,101.0013,0.0013
5291.9978832,101.0,101.0018,0.0018
5292.997882799999,101.0,101.0017,0.0017
5293.997882399999,101.0,101.0014,0.0014
5294.997882,101.0,101.0011,0.0011
5295.997881599999,101.0,101.0005,0.0005
5296.997881199999,101.0,100.9999,-0.0
5297.9978808,101.0,100.9987,-0.0011
5298.997880399999,101.0,100.9976,-0.0023
5299.997879999999,101.0,100.9969,-0.003
5300.9978796,101.0,100.9967,-0.0031
5301.997879199999,101.0,100.997,-0.0029
5302.997878799999,101.0,100.997,-0.0028
5303.9978783999995,101.0,100.9978,-0.0021
5304.997877999999,101.0,100.9979,-0.0019
5305.9978776,101.0,100.9979,-0.002
5306.9978771999995,101.0,100.998,-0.0019
5307.997876799999,101.0,100.9987,-0.0012
5308.9978764,101.0,100.9997,-0.0002
5309.997875999999,101.0,101.0007,0.0007
5310.997875599999,101.0,101.0011,0.0012
5311.9978752,101.0,101.0015,0.0015
5312.997874799999,101.0,101.0017,0.0017
5313.997874399999,101.0,101.0014,0.0014
5314.997874,101.0,101.0012,0.0012
5315.997873599999,101.0,101.0013,0.0013
5316.997873199999,101.0,101.001,0.001
5317.9978728,101.0,101.0005,0.0005
5318.997872399999,101.0,100.9996,-0.0003
5319.997871999999,101.0,100.9993,-0.0006
5320.9978716,101.0,100.9991,-0.0008
5321.9978712,101.0,100.9989,-0.001
5322.997870799999,101.0,100.9984,-0.0014
5323.9978704,101.0,100.9985,-0.0014
5324.99787,101.0,100.9987,-0.0012
5325.997869599999,101.0,100.999,-0.0009
5326.9978691999995,101.0,100.9986,-0.0013
5327.9978688,101.0,100.999,-0.0009
5328.997868399999,101.0,100.9994,-0.0005
5329.9978679999995,101.0,100.9998,-0.0001
5330.997867599999,101.0,100.9998,-0.0001
5331.997867199999,101.0,101.0002,0.0002
5332.997866799999,101.0,101.0007,0.0007
5333.997866399999,101.0,101.0011,0.0011
5334.997866,101.0,101.0013,0.0013
5335.997865599999,101.0,101.0011,0.0011
5336.997865199999,101.0,101.0007,0.0007
5337.9978648,101.0,100.9999,0.0
5338.997864399999,101.0,100.9995,-0.0004
5339.997863999999,101.0,100.999,-0.0009
5340.9978636,101.0,100.9988,-0.0011
5341.997863199999,101.0,100.9984,-0.0015
5342.997862799999,101.0,100.9982,-0.0017
5343.9978624,101.0,100.9983,-0.0015
5344.997861999999,101.0,100.9983,-0.0016
5345.997861599999,101.0,100.9983,-0.0016
5346.9978611999995,101.0,100.9982,-0.0017
5347.997860799999,101.0,100.9986,-0.0013
5348.997860399999,101.0,100.9993,-0.0006
5349.9978599999995,101.0,101.0,0.0
5350.9978596,101.0,101.0005,0.0005
5351.997859199999,101.0,101.0004,0.0004
5352.997858799999,101.0,101.0003,0.0003
5353.9978584,101.0,101.0002,0.0002
5354.997857999999,101.0,101.0005,0.0005
5355.997857599999,101.0,101.001,0.001
5356.9978572,101.0,101.0014,0.0014
5357.997856799999,101.0,101.0017,0.0017
5358.997856399999,101.0,101.002,0.002
5359.997856,101.0,101.0018,0.0018
5360.997855599999,101.0,101.0011,0.0011
5361.997855199999,101.0,101.0004,0.0004
5362.9978548,101.0,100.9999,-0.0
5363.997854399999,101.0,101.0,0.0
5364.997853999999,101.0,101.0001,0.0001
5365.9978536,101.0,100.9998,-0.0001
5366.9978532,101.0,100.9992,-0.0007
5367.997852799999,101.0,100.999,-0.0009
5368.9978524,101.0,100.9998,-0.0001
5369.9978519999995,101.0,101.0006,0.0006
5370.997851599999,101.0,101.0014,0.0014
5371.9978512,101.0,101.0017,0.0017
5372.9978507999995,101.0,101.0023,0.0023
5373.997850399999,101.0,101.0028,0.0028
5374.99785,101.0,101.0033,0.0033
5375.997849599999,101.0,101.003,0.003
5376.997849199999,101.0,101.0027,0.0027
5377.9978488,101.0,101.0022,0.0022
5378.997848399999,101.0,101.0019,0.0019
5379.997847999999,101.0,101.002,0.002
5380.9978476,101.0,101.0017,0.0017
5381.997847199999,101.0,101.0015,0.0015
5382.9978468,101.0,101.0009,0.0009
5383.9978464,101.0,101.0006,0.0006
5384.997845999999,101.0,101.0004,0.0004
5385.9978456,101.0,101.0001,0.0001
5386.9978452,101.0,100.9997,-0.0002
5387.997844799999,101.0,100.9998,-0.0001
5388.9978444,101.0,101.0,0.0
5389.9978439999995,101.0,101.0007,0.0007
5390.997843599999,101.0,101.0007,0.0007
5391.9978432,101.0,101.0013,0.0013
5392.997842799999,101.0,101.0017,0.0017
5393.997842399999,101.0,101.0021,0.0021
5394.997842,101.0,101.0024,0.0024
5395.9978415999985,101.0,101.0026,0.0026
5396.997841199999,101.0,101.003,0.003
5397.9978408,101.0,101.0022,0.0022
5398.997840399999,101.0,101.001,0.001
5399.997839999999,101.0,100.9999,-0.0
5400.9978396,101.0,100.9996,-0.0003
5401.997839199999,101.0,100.9991,-0.0008
5402.997838799999,101.0,100.9986,-0.0013
5403.9978384,101.0,100.9985,-0.0014
5404.997837999999,101.0,100.9983,-0.0016
5405.997837599999,101.0,100.9984,-0.0015
5406.9978372,101.0,100.9984,-0.0015
5407.997836799999,101.0,100.9989,-0.001
5408.997836399999,101.0,100.9996,-0.0003
5409.997836,101.0,101.0003,0.0004
5410.997835599999,101.0,101.0007,0.0007
5411.997835199999,101.0,101.0007,0.0007
5412.9978347999995,101.0,101.0006,0.0006
5413.997834399999,101.0,101.0006,0.0007
5414.997834,101.0,101.0005,0.0005
5415.9978335999995,101.0,101.0006,0.0006
5416.997833199999,101.0,101.0008,0.0009
5417.9978328,101.0,101.0002,0.0002
5418.997832399999,101.0,100.9999,-0.0
5419.997831999999,101.0,100.9993,-0.0006
5420.9978316,101.0,100.9992,-0.0007
5421.997831199999,101.0,100.9989,-0.001
5422.997830799999,101.0,100.9989,-0.001
5423.9978304,101.0,100.9992,-0.0007
5424.997829999999,101.0,100.9991,-0.0008
5425.997829599999,101.0,100.9985,-0.0014
5426.9978292,101.0,100.9977,-0.0022
5427.997828799999,101.0,100.9978,-0.0021
5428.997828399999,101.0,100.9985,-0.0014
5429.997828,101.0,100.9996,-0.0003
5430.9978276,101.0,101.0001,0.0001
5431.997827199999,101.0,101.0008,0.0008
5432.9978267999995,101.0,101.0013,0.0013
5433.9978264,101.0,101.0018,0.0018
5434.997825999999,101.0,101.0022,0.0022
5435.9978255999995,101.0,101.0027,0.0027
5436.9978252,101.0,101.0028,0.0028
5437.997824799999,101.0,101.0026,0.0026
5438.997824399999,101.0,101.0016,0.0017
5439.997824,101.0,101.0005,0.0005
5440.997823599999,101.0,100.9995,-0.0004
5441.997823199999,101.0,100.9994,-0.0005
5442.9978228,101.0,100.9993,-0.0006
5443.997822399999,101.0,100.9995,-0.0004
5444.997821999999,101.0,100.9997,-0.0002
5445.9978216,101.0,100.9996,-0.0003
5446.9978212,101.0,100.9993,-0.0005
5447.997820799999,101.0,100.999,-0.0009
5448.9978204,101.0,100.9994,-0.0005
5449.99782,101.0,101.0001,0.0001
5450.997819599999,101.0,101.0006,0.0006
5451.997819199999,101.0,101.0013,0.0013
5452.9978188,101.0,101.0018,0.0018
5453.997818399999,101.0,101.0026,0.0026
5454.997817999999,101.0,101.003,0.003
5455.9978175999995,101.0,101.0032,0.0032
5456.997817199999,101.0,101.003,0.003
5457.997816799999,101.0,101.0023,0.0023
5458.9978163999995,101.0,101.0014,0.0015
5459.997815999999,101.0,101.0005,0.0005
5460.997815599999,101.0,101.0003,0.0003
5461.997815199999,101.0,100.9997,-0.0001
5462.9978148,101.0,100.9994,-0.0005
5463.997814399999,101.0,100.9993,-0.0006
5464.997813999999,101.0,100.9991,-0.0008
5465.9978136,101.0,100.9991,-0.0008
5466.997813199999,101.0,100.9991,-0.0007
5467.997812799999,101.0,100.9992,-0.0007
5468.9978124,101.0,100.9995,-0.0004
5469.997811999999,101.0,100.9997,-0.0002
5470.997811599999,101.0,101.0,0.0
5471.9978112,101.0,101.0003,0.0003
5472.997810799999,101.0,101.0003,0.0004
5473.997810399999,101.0,101.0006,0.0006
5474.99781,101.0,101.0007,0.0008
5475.997809599999,101.0,101.0009,0.0009
5476.997809199999,101.0,101.0006,0.0006
5477.9978088,101.0,101.0003,0.0003
5478.9978083999995,101.0,100.9997,-0.0002
5479.997807999999,101.0,100.9997,-0.0002
5480.9978076,101.0,101.0001,0.0001
5481.997807199999,101.0,101.0003,0.0003
5482.997806799999,101.0,101.0004,0.0005
5483.9978064,101.0,101.0004,0.0005
5484.997805999999,101.0,101.0004,0.0004
5485.997805599999,101.0,100.9999,-0.0
5486.9978052,101.0,100.9998,-0.0001
5487.997804799999,101.0,100.9994,-0.0005
5488.997804399999,101.0,100.9997,-0.0002
5489.997804,101.0,100.9994,-0.0005
5490.997803599999,101.0,100.9995,-0.0004
5491.997803199999,101.0,100.9998,-0.0001
5492.9978028,101.0,101.0003,0.0003
5493.997802399999,101.0,101.0004,0.0004
5494.997802,101.0,101.0002,0.0003
5495.9978016,101.0,101.0005,0.0005
5496.997801199999,101.0,101.0006,0.0006
5497.9978008,101.0,101.0007,0.0007
5498.9978003999995,101.0,101.0001,0.0001
5499.997799999999,101.0,100.9998,-0.0001
5500.9977996,101.0,100.9998,-0.0001
5501.9977991999995,101.0,100.9999,-0.0
5502.997798799999,101.0,100.9996,-0.0003
5503.9977984,101.0,100.9999,-0.0
5504.997797999999,101.0,101.0002,0.0002
5505.997797599999,101.0,101.0006,0.0006
5506.9977972,101.0,101.0005,0.0005
5507.997796799999,101.0,101.0007,0.0007
5508.997796399999,101.0,101.0011,0.0011
5509.997796,101.0,101.0019,0.0019
5510.9977956,101.0,101.0016,0.0016
5511.997795199999,101.0,101.0009,0.0009
5512.9977948,101.0,101.0006,0.0006
5513.997794399999,101.0,101.0007,0.0007
5514.997793999999,101.0,101.0008,0.0008
5515.9977936,101.0,101.0005,0.0005
5516.997793199999,101.0,100.9999,0.0
5517.997792799999,101.0,100.9997,-0.0002
5518.9977923999995,101.0,100.9996,-0.0003
5519.997791999999,101.0,100.9995,-0.0003
5520.997791599999,101.0,100.9995,-0.0004
5521.9977911999995,101.0,100.9994,-0.0005
5522.997790799999,101.0,100.9994,-0.0005
5523.997790399999,101.0,101.0001,0.0001
5524.997789999999,101.0,101.0008,0.0008
5525.997789599999,101.0,101.001,0.001
5526.9977892,101.0,101.0003,0.0003
5527.997788799999,101.0,100.9998,-0.0001
5528.997788399999,101.0,100.9997,-0.0002
5529.997788,101.0,101.0003,0.0003
5530.997787599999,101.0,101.0004,0.0004
5531.997787199999,101.0,101.0,0.0
5532.9977868,101.0,100.9999,-0.0
5533.997786399999,101.0,100.9996,-0.0002
5534.997785999999,101.0,101.0002,0.0002
5535.9977856,101.0,101.0005,0.0005
5536.997785199999,101.0,101.0006,0.0006
5537.997784799999,101.0,101.0007,0.0007
5538.9977844,101.0,101.0002,0.0003
5539.997783999999,101.0,100.9998,-0.0001
5540.997783599999,101.0,101.0,0.0
5541.9977831999995,101.0,101.0003,0.0004
5542.9977828,101.0,101.0008,0.0008
5543.997782399999,101.0,101.0004,0.0005
5544.9977819999995,101.0,100.9998,-0.0001
5545.9977816,101.0,100.9986,-0.0013
5546.997781199999,101.0,100.998,-0.0019
5547.997780799999,101.0,100.9977,-0.0022
5548.9977804,101.0,100.9974,-0.0025
5549.997779999999,101.0,100.9973,-0.0026
5550.997779599999,101.0,100.9973,-0.0026
5551.9977792,101.0,100.9976,-0.0022
5552.997778799999,101.0,100.9981,-0.0018
5553.997778399999,101.0,100.9985,-0.0014
5554.997778,101.0,100.999,-0.0009
5555.997777599999,101.0,100.9996,-0.0003
5556.997777199999,101.0,101.0001,0.0001
5557.9977768,101.0,101.0002,0.0002
5558.9977764,101.0,100.9999,-0.0
5559.997775999999,101.0,100.9997,-0.0002
5560.9977756,101.0,100.9997,-0.0002
5561.9977751999995,101.0,100.9998,-0.0
5562.997774799999,101.0,100.9998,-0.0001
5563.9977744,101.0,100.9996,-0.0003
5564.9977739999995,101.0,100.9993,-0.0006
5565.997773599999,101.0,100.9986,-0.0013
5566.9977732,101.0,100.9985,-0.0014
5567.997772799999,101.0,100.9985,-0.0014
5568.997772399999,101.0,100.9989,-0.001
5569.997772,101.0,101.0,0.0
5570.997771599999,101.0,101.0004,0.0004
5571.997771199999,101.0,101.0011,0.0011
5572.997770799999,101.0,101.0015,0.0015
5573.997770399999,101.0,101.0019,0.0019
5574.99777,101.0,101.0023,0.0023
5575.997769599999,101.0,101.0026,0.0027
5576.997769199999,101.0,101.0028,0.0028
5577.9977688,101.0,101.0027,0.0027
5578.997768399999,101.0,101.0021,0.0021
5579.997767999999,101.0,101.0011,0.0011
5580.9977676,101.0,101.0005,0.0005
5581.997767199999,101.0,100.9998,-0.0001
5582.997766799999,101.0,101.0,0.0
5583.9977664,101.0,101.0,0.0
5584.997765999999,101.0,100.9997,-0.0002
5585.997765599999,101.0,100.999,-0.0009
5586.9977652,101.0,100.9983,-0.0015
5587.997764799999,101.0,100.9985,-0.0014
5588.997764399999,101.0,100.9992,-0.0007
5589.997764,101.0,101.0003,0.0003
5590.997763599999,101.0,101.0008,0.0008
5591.997763199999,101.0,101.0007,0.0008
5592.9977628,101.0,101.0004,0.0004
5593.997762399999,101.0,101.0003,0.0004
5594.997761999999,101.0,100.9998,-0.0001
5595.9977616,101.0,100.9998,-0.0001
5596.997761199999,101.0,100.9996,-0.0003
5597.997760799999,101.0,100.9996,-0.0003
5598.9977604,101.0,100.9993,-0.0006
5599.997759999999,101.0,100.999,-0.0009
5600.997759599999,101.0,100.9989,-0.001
5601.9977592,101.0,100.9986,-0.0012
5602.997758799999,101.0,100.9985,-0.0014
5603.997758399999,101.0,100.9989,-0.001
5604.9977579999995,101.0,100.9995,-0.0004
5605.997757599999,101.0,101.0003,0.0003
5606.9977572,101.0,101.0,0.0001
5607.9977567999995,101.0,100.9998,-0.0001
5608.997756399999,101.0,100.9996,-0.0002
5609.997756,101.0,100.9997,-0.0001
5610.997755599999,101.0,101.0001,0.0001
5611.997755199999,101.0,101.0005,0.0005
5612.9977548,101.0,101.0011,0.0011
5613.997754399999,101.0,101.0008,0.0008
5614.997753999999,101.0,101.0001,0.0001
5615.9977536,101.0,100.9998,-0.0001
5616.997753199999,101.0,100.9999,-0.0
5617.997752799999,101.0,101.0002,0.0002
5618.9977524,101.0,100.9999,-0.0
5619.997751999999,101.0,100.9991,-0.0008
5620.997751599999,101.0,100.9986,-0.0013
5621.9977512,101.0,100.9986,-0.0013
5622.9977508,101.0,100.9985,-0.0014
5623.997750399999,101.0,100.9987,-0.0012
5624.9977499999995,101.0,100.9993,-0.0006
5625.9977496,101.0,101.0,0.0
5626.997749199999,101.0,101.0004,0.0004
5627.9977487999995,101.0,101.0002,0.0003
5628.9977484,101.0,101.0003,0.0003
5629.997747999999,101.0,101.001,0.001
5630.9977475999995,101.0,101.001,0.001
5631.9977472,101.0,101.0011,0.0012
5632.997746799999,101.0,101.001,0.001
5633.997746399999,101.0,101.0009,0.0009
5634.997745999999,101.0,101.0013,0.0013
5635.997745599999,101.0,101.0013,0.0013
5636.997745199999,101.0,101.001,0.001
5637.997744799999,101.0,101.0003,0.0004
5638.9977444,101.0,100.9995,-0.0004
5639.997743999999,101.0,100.9991,-0.0007
5640.997743599999,101.0,100.9983,-0.0016
5641.9977432,101.0,100.9979,-0.0019
5642.997742799999,101.0,100.9978,-0.0021
5643.997742399999,101.0,100.999,-0.0009
5644.997742,101.0,101.0004,0.0004
5645.997741599999,101.0,101.0013,0.0013
5646.997741199999,101.0,101.0017,0.0017
5647.9977407999995,101.0,101.0021,0.0021
5648.997740399999,101.0,101.0027,0.0027
5649.997739999999,101.0,101.0034,0.0034
5650.9977395999995,101.0,101.0031,0.0031
5651.997739199999,101.0,101.0024,0.0024
5652.997738799999,101.0,101.0011,0.0011
5653.997738399999,101.0,101.0002,0.0002
5654.997738,101.0,100.9999,-0.0
5655.997737599999,101.0,101.0002,0.0002
5656.997737199999,101.0,101.0,0.0
5657.9977368,101.0,100.9998,-0.0
5658.997736399999,101.0,100.9993,-0.0006
5659.997735999999,101.0,100.999,-0.0009
5660.9977356,101.0,100.999,-0.0009
5661.997735199999,101.0,100.999,-0.0009
5662.997734799999,101.0,100.9992,-0.0007
5663.9977344,101.0,100.9999,-0.0
5664.997733999999,101.0,101.0005,0.0005
5665.997733599999,101.0,101.001,0.001
5666.9977332,101.0,101.0013,0.0014
5667.997732799999,101.0,101.0014,0.0014
5668.997732399999,101.0,101.0018,0.0018
5669.997732,101.0,101.0017,0.0017
5670.9977315999995,101.0,101.0018,0.0018
5671.997731199999,101.0,101.0016,0.0016
5672.9977308,101.0,101.0015,0.0015
5673.997730399999,101.0,101.0008,0.0008
5674.997729999999,101.0,101.0002,0.0002
5675.9977296,101.0,100.9996,-0.0002
5676.997729199999,101.0,100.9995,-0.0004
5677.997728799999,101.0,100.9993,-0.0006
5678.9977284,101.0,100.9987,-0.0011
5679.997727999999,101.0,100.9985,-0.0014
5680.997727599999,101.0,100.9984,-0.0015
5681.9977272,101.0,100.999,-0.0009
5682.997726799999,101.0,100.9996,-0.0003
5683.997726399999,101.0,101.0,0.0
5684.997726,101.0,100.9999,-0.0
5685.997725599999,101.0,100.999,-0.0009
5686.9977252,101.0,100.9983,-0.0016
5687.9977248,101.0,100.9984,-0.0015
5688.997724399999,101.0,100.999,-0.0009
5689.997724,101.0,101.0,0.0
5690.9977235999995,101.0,100.9998,-0.0001
5691.997723199999,101.0,100.9997,-0.0002
5692.9977228,101.0,100.9993,-0.0006
5693.997722399999,101.0,100.9988,-0.0011
5694.997721999999,101.0,100.9986,-0.0013
5695.9977216,101.0,100.9986,-0.0013
5696.9977211999985,101.0,100.9988,-0.0011
5697.997720799999,101.0,100.999,-0.0009
5698.9977204,101.0,100.9987,-0.0011
5699.997719999999,101.0,100.9984,-0.0015
5700.997719599999,101.0,100.9981,-0.0018
5701.9977192,101.0,100.9977,-0.0022
5702.997718799999,101.0,100.9977,-0.0022
5703.997718399999,101.0,100.9983,-0.0016
5704.997718,101.0,100.9989,-0.001
5705.997717599999,101.0,100.9992,-0.0006
5706.997717199999,101.0,100.9992,-0.0006
5707.9977168,101.0,100.9995,-0.0004
5708.997716399999,101.0,100.9998,-0.0001
5709.997715999999,101.0,100.9999,-0.0
5710.9977155999995,101.0,101.0003,0.0003
5711.997715199999,101.0,101.0003,0.0003
5712.997714799999,101.0,101.0005,0.0005
5713.9977143999995,101.0,101.0001,0.0001
5714.997713999999,101.0,101.0002,0.0002
5715.997713599999,101.0,100.9998,-0.0001
5716.997713199999,101.0,100.9994,-0.0005
5717.997712799999,101.0,100.9985,-0.0014
5718.9977124,101.0,100.9976,-0.0023
5719.997711999999,101.0,100.997,-0.0029
5720.997711599999,101.0,100.9968,-0.0031
5721.9977112,101.0,100.9969,-0.003
5722.997710799999,101.0,100.9971,-0.0028
5723.997710399999,101.0,100.9977,-0.0022
5724.99771,101.0,100.9979,-0.002
5725.997709599999,101.0,100.9984,-0.0014
5726.997709199999,101.0,100.9986,-0.0013
5727.9977088,101.0,100.9985,-0.0014
5728.997708399999,101.0,100.9987,-0.0012
5729.997707999999,101.0,100.9993,-0.0006
5730.9977076,101.0,101.0,0.0001
5731.997707199999,101.0,101.0006,0.0006
5732.997706799999,101.0,101.0006,0.0006
5733.9977063999995,101.0,101.0007,0.0007
5734.997706,101.0,101.0007,0.0007
5735.997705599999,101.0,101.0011,0.0011
5736.9977051999995,101.0,101.0008,0.0009
5737.9977048,101.0,101.0001,0.0001
5738.997704399999,101.0,100.9994,-0.0005
5739.997703999999,101.0,100.9987,-0.0012
5740.9977036,101.0,100.9986,-0.0013
5741.997703199999,101.0,100.9983,-0.0016
5742.997702799999,101.0,100.9981,-0.0018
5743.9977024,101.0,100.9984,-0.0015
5744.997701999999,101.0,100.9987,-0.0012
5745.997701599999,101.0,100.9992,-0.0007
5746.9977012,101.0,100.9992,-0.0007
5747.997700799999,101.0,100.9997,-0.0002
5748.997700399999,101.0,101.0004,0.0004
5749.9977,101.0,101.001,0.001
5750.9976996,101.0,101.0014,0.0014
5751.997699199999,101.0,101.0014,0.0014
5752.997698799999,101.0,101.0018,0.0018
5753.9976983999995,101.0,101.0018,0.0018
5754.997697999999,101.0,101.0017,0.0017
5755.997697599999,101.0,101.0017,0.0017
5756.9976971999995,101.0,101.0017,0.0017
5757.997696799999,101.0,101.0013,0.0013
5758.997696399999,101.0,101.0009,0.0009
5759.997695999999,101.0,101.0,0.0
5760.997695599999,101.0,100.9999,-0.0
5761.997695199999,101.0,100.9996,-0.0003
5762.997694799999,101.0,100.9998,-0.0001
5763.997694399999,101.0,100.9999,-0.0
5764.997693999999,101.0,101.0007,0.0007
5765.997693599999,101.0,101.0012,0.0012
5766.9976932,101.0,101.0017,0.0017
5767.997692799999,101.0,101.0017,0.0017
5768.997692399999,101.0,101.0022,0.0022
5769.997692,101.0,101.0026,0.0026
5770.997691599999,101.0,101.0032,0.0032
5771.997691199999,101.0,101.0025,0.0025
5772.9976908,101.0,101.0021,0.0021
5773.997690399999,101.0,101.0013,0.0013
5774.997689999999,101.0,101.001,0.001
5775.9976896,101.0,101.001,0.001
5776.997689199999,101.0,101.001,0.001
5777.997688799999,101.0,101.0007,0.0007
5778.9976884,101.0,101.0,0.0
5779.9976879999995,101.0,100.9992,-0.0007
5780.997687599999,101.0,100.999,-0.0009
5781.9976872,101.0,100.9991,-0.0008
5782.997686799999,101.0,100.9995,-0.0004
5783.997686399999,101.0,100.9997,-0.0002
5784.997686,101.0,100.9998,-0.0001
5785.997685599999,101.0,100.9999,-0.0
5786.997685199999,101.0,100.9996,-0.0003
5787.9976848,101.0,100.9995,-0.0004
5788.997684399999,101.0,100.9993,-0.0006
5789.997683999999,101.0,100.9995,-0.0004
5790.9976836,101.0,100.9998,-0.0001
5791.997683199999,101.0,101.0,0.0
5792.997682799999,101.0,100.9998,-0.0001
5793.9976824,101.0,100.9998,-0.0001
5794.997681999999,101.0,100.9999,0.0
5795.9976816,101.0,101.0007,0.0007
5796.9976811999995,101.0,101.0012,0.0012
5797.997680799999,101.0,101.0006,0.0007
5798.9976804,101.0,100.9995,-0.0004
5799.9976799999995,101.0,100.9989,-0.001
5800.997679599999,101.0,100.9991,-0.0008
5801.9976792,101.0,100.9994,-0.0005
5802.997678799999,101.0,100.9994,-0.0005
5803.997678399999,101.0,100.9999,-0.0
5804.997678,101.0,101.0002,0.0002
5805.997677599999,101.0,100.9999,-0.0
5806.997677199999,101.0,100.9993,-0.0006
5807.9976768,101.0,100.9992,-0.0007
5808.997676399999,101.0,100.9996,-0.0002
5809.997675999999,101.0,101.0003,0.0003
5810.9976756,101.0,101.0007,0.0007
5811.997675199999,101.0,101.0008,0.0009
5812.997674799999,101.0,101.001,0.001
5813.9976744,101.0,101.0007,0.0007
5814.997673999999,101.0,101.0004,0.0004
5815.997673599999,101.0,101.0009,0.0009
5816.9976732,101.0,101.0006,0.0006
5817.997672799999,101.0,101.0005,0.0005
5818.997672399999,101.0,101.0,0.0
5819.9976719999995,101.0,100.9998,-0.0001
5820.997671599999,101.0,100.9998,-0.0001
5821.997671199999,101.0,100.9993,-0.0006
5822.9976707999995,101.0,100.9989,-0.001
5823.997670399999,101.0,100.9989,-0.001
5824.997669999999,101.0,100.9991,-0.0008
5825.997669599999,101.0,100.9992,-0.0007
5826.997669199999,101.0,100.9993,-0.0006
5827.9976688,101.0,100.9997,-0.0001
5828.997668399999,101.0,101.0001,0.0001
5829.997667999999,101.0,101.0006,0.0006
5830.9976676,101.0,101.0006,0.0006
5831.997667199999,101.0,101.001,0.001
5832.997666799999,101.0,101.0008,0.0009
5833.9976664,101.0,101.0007,0.0007
5834.997665999999,101.0,101.0002,0.0002
5835.997665599999,101.0,101.0002,0.0002
5836.9976652,101.0,101.0003,0.0004
5837.997664799999,101.0,101.0003,0.0003
5838.997664399999,101.0,101.0,0.0
5839.9976639999995,101.0,100.9994,-0.0005
5840.997663599999,101.0,100.9986,-0.0013
5841.997663199999,101.0,100.9977,-0.0022
5842.9976627999995,101.0,100.9972,-0.0026
5843.997662399999,101.0,100.9973,-0.0026
5844.997661999999,101.0,100.9973,-0.0026
5845.997661599999,101.0,100.9969,-0.003
5846.9976612,101.0,100.997,-0.0029
5847.997660799999,101.0,100.9974,-0.0025
5848.997660399999,101.0,100.9983,-0.0016
5849.99766,101.0,100.9986,-0.0012
5850.997659599999,101.0,100.999,-0.0009
5851.997659199999,101.0,100.9994,-0.0005
5852.9976588,101.0,101.0,0.0
5853.997658399999,101.0,101.0,0.0
5854.997657999999,101.0,101.0001,0.0001
5855.9976576,101.0,101.0,0.0
5856.997657199999,101.0,101.0004,0.0004
5857.997656799999,101.0,101.0006,0.0006
5858.9976564,101.0,101.0007,0.0007
5859.997656,101.0,101.0002,0.0002
5860.997655599999,101.0,100.9999,-0.0
5861.9976552,101.0,100.9995,-0.0004
5862.9976547999995,101.0,100.9994,-0.0005
5863.997654399999,101.0,100.9998,-0.0001
5864.997654,101.0,101.0003,0.0004
5865.9976535999995,101.0,101.0004,0.0004
5866.997653199999,101.0,100.9998,-0.0001
5867.9976528,101.0,100.9996,-0.0003
5868.997652399999,101.0,100.9997,-0.0002
5869.997651999999,101.0,101.0003,0.0003
5870.9976516,101.0,101.0006,0.0006
5871.997651199999,101.0,101.0008,0.0008
5872.997650799999,101.0,101.0007,0.0007
5873.997650399999,101.0,101.0008,0.0008
5874.997649999999,101.0,101.0006,0.0006
5875.9976496,101.0,101.001,0.001
5876.997649199999,101.0,101.0011,0.0011
5877.997648799999,101.0,101.0007,0.0007
5878.9976484,101.0,101.0005,0.0005
5879.997647999999,101.0,101.0001,0.0001
5880.997647599999,101.0,100.9999,-0.0
5881.9976472,101.0,100.9993,-0.0006
5882.997646799999,101.0,100.9988,-0.0011
5883.997646399999,101.0,100.9989,-0.001
5884.997646,101.0,100.999,-0.0009
5885.997645599999,101.0,100.9991,-0.0008
5886.997645199999,101.0,100.9995,-0.0004
5887.9976448,101.0,100.9998,-0.0001
5888.9976443999985,101.0,101.0002,0.0002
5889.997643999999,101.0,101.0004,0.0004
5890.9976436,101.0,101.0003,0.0003
5891.997643199999,101.0,101.0006,0.0006
5892.997642799999,101.0,101.0009,0.0009
5893.9976424,101.0,101.0011,0.0011
5894.997641999999,101.0,101.0012,0.0013
5895.997641599999,101.0,101.0013,0.0013
5896.9976412,101.0,101.0016,0.0016
5897.997640799999,101.0,101.0016,0.0016
5898.997640399999,101.0,101.0016,0.0016
5899.99764,101.0,101.0011,0.0011
5900.997639599999,101.0,101.0013,0.0013
5901.997639199999,101.0,101.0013,0.0013
5902.9976388,101.0,101.0009,0.0009
5903.997638399999,101.0,101.0011,0.0011
5904.997637999999,101.0,101.0012,0.0012
5905.9976375999995,101.0,101.001,0.001
5906.997637199999,101.0,101.0003,0.0003
5907.9976368,101.0,101.0002,0.0002
5908.9976363999995,101.0,101.001,0.001
5909.997635999999,101.0,101.0017,0.0017
5910.9976356,101.0,101.0016,0.0016
5911.997635199999,101.0,101.0017,0.0017
5912.997634799999,101.0,101.0018,0.0018
5913.9976344,101.0,101.0021,0.0021
5914.997633999999,101.0,101.002,0.002
5915.997633599999,101.0,101.0022,0.0022
5916.9976332,101.0,101.0025,0.0025
5917.997632799999,101.0,101.0026,0.0026
5918.997632399999,101.0,101.0021,0.0021
5919.997632,101.0,101.0016,0.0016
5920.997631599999,101.0,101.0011,0.0011
5921.997631199999,101.0,101.0005,0.0005
5922.9976308,101.0,100.9992,-0.0007
5923.9976304,101.0,100.9986,-0.0013
5924.997629999999,101.0,100.9975,-0.0024
5925.9976295999995,101.0,100.997,-0.0029
5926.9976292,101.0,100.996,-0.0039
5927.997628799999,101.0,100.9959,-0.004
5928.9976283999995,101.0,100.9963,-0.0036
5929.997628,101.0,100.9976,-0.0023
5930.997627599999,101.0,100.9985,-0.0014
5931.997627199999,101.0,100.9992,-0.0007
5932.9976268,101.0,100.9999,0.0
5933.997626399999,101.0,101.001,0.001
5934.997625999999,101.0,101.0021,0.0021
5935.997625599999,101.0,101.003,0.003
5936.997625199999,101.0,101.0031,0.0031
5937.997624799999,101.0,101.0025,0.0025
5938.997624399999,101.0,101.0016,0.0016
5939.997624,101.0,101.0009,0.0009
5940.997623599999,101.0,101.0003,0.0003
5941.997623199999,101.0,101.0,0.0
5942.9976228,101.0,100.9996,-0.0003
5943.997622399999,101.0,100.9993,-0.0006
5944.997621999999,101.0,100.9991,-0.0008
5945.9976216,101.0,100.9983,-0.0016
5946.997621199999,101.0,100.9971,-0.0028
5947.997620799999,101.0,100.9966,-0.0033
5948.9976203999995,101.0,100.997,-0.0029
5949.997619999999,101.0,100.998,-0.0019
5950.997619599999,101.0,100.999,-0.0009
5951.9976191999995,101.0,101.0,0.0001
5952.997618799999,101.0,101.001,0.001
5953.997618399999,101.0,101.0018,0.0018
5954.997617999999,101.0,101.0022,0.0022
5955.9976176,101.0,101.0029,0.0029
5956.997617199999,101.0,101.0027,0.0027
5957.997616799999,101.0,101.0025,0.0025
5958.9976164,101.0,101.0019,0.0019
5959.997615999999,101.0,101.0011,0.0011
5960.997615599999,101.0,101.0006,0.0006
5961.9976152,101.0,100.9998,-0.0
5962.997614799999,101.0,100.9995,-0.0004
5963.997614399999,101.0,100.9991,-0.0008
5964.997614,101.0,100.999,-0.0009
5965.997613599999,101.0,100.999,-0.0009
5966.997613199999,101.0,100.9988,-0.0011
5967.9976128,101.0,100.9992,-0.0007
5968.997612399999,101.0,100.9999,-0.0
5969.997611999999,101.0,101.0011,0.0011
5970.9976116,101.0,101.0016,0.0016
5971.9976111999995,101.0,101.0022,0.0023
5972.997610799999,101.0,101.0022,0.0022
5973.9976104,101.0,101.0026,0.0026
5974.997609999999,101.0,101.0028,0.0028
5975.997609599999,101.0,101.0034,0.0034
5976.9976092,101.0,101.0039,0.0039
5977.997608799999,101.0,101.0038,0.0038
5978.997608399999,101.0,101.0035,0.0035
5979.997608,101.0,101.0028,0.0028
5980.997607599999,101.0,101.0022,0.0022
5981.997607199999,101.0,101.0015,0.0015
5982.9976068,101.0,101.0004,0.0004
5983.997606399999,101.0,101.0,0.0
5984.997605999999,101.0,100.9996,-0.0003
5985.9976056,101.0,100.9992,-0.0007
5986.997605199999,101.0,100.9985,-0.0014
5987.9976048,101.0,100.9983,-0.0016
5988.9976044,101.0,100.9991,-0.0008
5989.997603999999,101.0,101.0004,0.0004
5990.9976036,101.0,101.0008,0.0008
5991.9976031999995,101.0,101.0014,0.0014
5992.997602799999,101.0,101.0015,0.0015
5993.9976024,101.0,101.002,0.002
5994.997601999999,101.0,101.0023,0.0023
5995.997601599999,101.0,101.0029,0.0029
5996.9976012,101.0,101.0031,0.0031
5997.9976007999985,101.0,101.0033,0.0034
5998.997600399999,101.0,101.0033,0.0033
5999.9976,101.0,101.003,0.003
6000.9975995999985,101.0,101.0022,0.0022
6001.997599199999,101.0,101.0012,0.0012
6002.9975988,101.0,101.0001,0.0001
6003.997598399999,101.0,100.9999,-0.0
6004.997597999999,101.0,100.9993,-0.0006
6005.9975976,101.0,100.999,-0.0009
6006.997597199999,101.0,100.9986,-0.0013
6007.997596799999,101.0,100.9988,-0.0011
6008.9975964,101.0,100.999,-0.0009
6009.997595999999,101.0,101.0,0.0
6010.997595599999,101.0,101.0005,0.0005
6011.9975951999995,101.0,101.0005,0.0005
6012.997594799999,101.0,101.0005,0.0005
6013.997594399999,101.0,101.0006,0.0006
6014.9975939999995,101.0,101.0011,0.0011
6015.997593599999,101.0,101.0013,0.0013
6016.997593199999,101.0,101.0013,0.0013
6017.997592799999,101.0,101.0014,0.0014
6018.997592399999,101.0,101.0018,0.0018
6019.997592,101.0,101.0017,0.0017
6020.997591599999,101.0,101.0019,0.0019
6021.997591199999,101.0,101.0015,0.0015
6022.9975908,101.0,101.0011,0.0012
6023.997590399999,101.0,101.001,0.001
6024.997589999999,101.0,101.0005,0.0006
6025.9975896,101.0,101.0001,0.0001
6026.997589199999,101.0,100.9995,-0.0004
6027.997588799999,101.0,100.9987,-0.0012
6028.9975884,101.0,100.9985,-0.0014
6029.997587999999,101.0,100.9987,-0.0012
6030.997587599999,101.0,100.9994,-0.0005
6031.9975871999995,101.0,100.9996,-0.0002
6032.997586799999,101.0,101.0001,0.0001
6033.997586399999,101.0,101.0001,0.0001
6034.9975859999995,101.0,101.0008,0.0008
6035.9975856,101.0,101.0011,0.0012
6036.997585199999,101.0,101.0016,0.0016
6037.9975847999995,101.0,101.002,0.002
6038.9975844,101.0,101.0014,0.0014
6039.997583999999,101.0,101.0012,0.0012
6040.997583599999,101.0,101.0009,0.0009
6041.9975832,101.0,101.0012,0.0012
6042.997582799999,101.0,101.001,0.001
6043.997582399999,101.0,101.0011,0.0011
6044.997582,101.0,101.0002,0.0002
6045.997581599999,101.0,100.9994,-0.0005
6046.997581199999,101.0,100.9982,-0.0017
6047.9975808,101.0,100.9978,-0.002
6048.997580399999,101.0,100.9978,-0.0021
6049.997579999999,101.0,100.9977,-0.0022
6050.9975796,101.0,100.9979,-0.002
6051.9975792,101.0,100.9982,-0.0016
6052.997578799999,101.0,100.9987,-0.0012
6053.997578399999,101.0,100.9986,-0.0013
6054.9975779999995,101.0,100.9991,-0.0007
6055.997577599999,101.0,100.9999,-0.0
6056.997577199999,101.0,101.0009,0.0009
6057.9975767999995,101.0,101.0011,0.0011
6058.997576399999,101.0,101.0008,0.0008
6059.997575999999,101.0,100.9999,-0.0
6060.997575599999,101.0,100.9997,-0.0002
6061.997575199999,101.0,100.9995,-0.0003
6062.997574799999,101.0,100.9995,-0.0004
6063.997574399999,101.0,100.9992,-0.0007
6064.997573999999,101.0,100.9987,-0.0012
6065.997573599999,101.0,100.9979,-0.0019
6066.997573199999,101.0,100.9971,-0.0028
6067.9975728,101.0,100.997,-0.0029
6068.997572399999,101.0,100.9971,-0.0028
6069.997571999999,101.0,100.998,-0.0019
6070.9975716,101.0,100.9988,-0.0011
6071.997571199999,101.0,100.9998,-0.0001
6072.997570799999,101.0,101.0008,0.0008
6073.9975704,101.0,101.0013,0.0013
6074.997569999999,101.0,101.0017,0.0018
6075.997569599999,101.0,101.002,0.002
6076.9975692,101.0,101.002,0.002
6077.997568799999,101.0,101.0017,0.0017
6078.997568399999,101.0,101.001,0.001
6079.997568,101.0,101.0003,0.0003
6080.997567599999,101.0,101.0002,0.0002
6081.997567199999,101.0,101.0001,0.0001
6082.9975668,101.0,100.9997,-0.0002
6083.997566399999,101.0,100.9993,-0.0006
6084.997565999999,101.0,100.9985,-0.0014
6085.9975656,101.0,100.9978,-0.0021
6086.997565199999,101.0,100.9969,-0.003
6087.997564799999,101.0,100.9967,-0.0032
6088.9975644,101.0,100.9967,-0.0032
6089.997563999999,101.0,100.997,-0.0029
6090.997563599999,101.0,100.9969,-0.003
6091.9975632,101.0,100.997,-0.0028
6092.997562799999,101.0,100.9976,-0.0023
6093.997562399999,101.0,100.9981,-0.0018
6094.997562,101.0,100.999,-0.0009
6095.997561599999,101.0,100.9996,-0.0003
6096.997561199999,101.0,101.0004,0.0004
6097.9975607999995,101.0,101.0009,0.0009
6098.997560399999,101.0,101.0013,0.0013
6099.99756,101.0,101.0013,0.0013
6100.9975595999995,101.0,101.0013,0.0013
6101.997559199999,101.0,101.0011,0.0011
6102.9975588,101.0,101.0009,0.0009
6103.997558399999,101.0,101.0007,0.0007
6104.997557999999,101.0,101.0006,0.0006
6105.9975576,101.0,100.9998,-0.0001
6106.997557199999,101.0,100.9993,-0.0006
6107.997556799999,101.0,100.9986,-0.0012
6108.9975564,101.0,100.9989,-0.001
6109.997555999999,101.0,100.9989,-0.001
6110.997555599999,101.0,100.9994,-0.0005
6111.9975552,101.0,101.0,0.0
6112.997554799999,101.0,101.001,0.001
6113.997554399999,101.0,101.0016,0.0016
6114.997554,101.0,101.0023,0.0023
6115.997553599999,101.0,101.0035,0.0035
6116.997553199999,101.0,101.004,0.004
6117.9975527999995,101.0,101.0043,0.0043
6118.997552399999,101.0,101.0043,0.0043
6119.997551999999,101.0,101.0043,0.0043
6120.9975515999995,101.0,101.0039,0.0039
6121.997551199999,101.0,101.0029,0.0029
6122.997550799999,101.0,101.0017,0.0017
6123.997550399999,101.0,101.0007,0.0007
6124.997549999999,101.0,100.9996,-0.0003
6125.997549599999,101.0,100.9983,-0.0015
6126.997549199999,101.0,100.997,-0.0029
6127.997548799999,101.0,100.9963,-0.0036
6128.997548399999,101.0,100.996,-0.0039
6129.997547999999,101.0,100.9965,-0.0034
6130.997547599999,101.0,100.9967,-0.0032
6131.9975472,101.0,100.9969,-0.003
6132.997546799999,101.0,100.9974,-0.0025
6133.997546399999,101.0,100.9979,-0.0019
6134.997546,101.0,100.9991,-0.0008
6135.997545599999,101.0,101.0006,0.0006
6136.997545199999,101.0,101.0018,0.0018
6137.9975448,101.0,101.0026,0.0026
6138.997544399999,101.0,101.0026,0.0026
6139.997543999999,101.0,101.0027,0.0027
6140.9975435999995,101.0,101.0026,0.0026
6141.997543199999,101.0,101.0022,0.0022
6142.997542799999,101.0,101.0015,0.0015
6143.9975423999995,101.0,101.0008,0.0008
6144.997541999999,101.0,100.9998,-0.0001
6145.997541599999,101.0,100.9989,-0.001
6146.997541199999,101.0,100.9977,-0.0022
6147.9975408,101.0,100.9969,-0.003
6148.997540399999,101.0,100.9966,-0.0033
6149.997539999999,101.0,100.9976,-0.0023
6150.9975396,101.0,100.9984,-0.0014
6151.997539199999,101.0,100.9993,-0.0006
6152.997538799999,101.0,100.9996,-0.0003
6153.9975384,101.0,100.9999,0.0
6154.997537999999,101.0,101.0007,0.0007
6155.997537599999,101.0,101.0016,0.0016
6156.9975372,101.0,101.0023,0.0023
6157.997536799999,101.0,101.0026,0.0026
6158.997536399999,101.0,101.0028,0.0028
6159.997536,101.0,101.0026,0.0026
6160.997535599999,101.0,101.0025,0.0025
6161.997535199999,101.0,101.0022,0.0022
6162.9975348,101.0,101.0013,0.0013
6163.9975343999995,101.0,101.0009,0.0009
6164.997533999999,101.0,101.0,0.0
6165.9975336,101.0,100.9993,-0.0006
6166.997533199999,101.0,100.9982,-0.0017
6167.997532799999,101.0,100.9971,-0.0028
6168.9975324,101.0,100.9965,-0.0034
6169.997531999999,101.0,100.9967,-0.0032
6170.997531599999,101.0,100.997,-0.0029
6171.9975312,101.0,100.9978,-0.0021
6172.997530799999,101.0,100.9986,-0.0012
6173.997530399999,101.0,100.9995,-0.0004
6174.997529999999,101.0,101.0006,0.0006
6175.997529599999,101.0,101.002,0.0021
6176.997529199999,101.0,101.0034,0.0034
6177.997528799999,101.0,101.0044,0.0045
6178.997528399999,101.0,101.0046,0.0046
6179.997528,101.0,101.0043,0.0044
6180.997527599999,101.0,101.0037,0.0037
6181.997527199999,101.0,101.0031,0.0031
6182.9975268,101.0,101.0022,0.0022
6183.997526399999,101.0,101.001,0.001
6184.997525999999,101.0,101.0003,0.0004
6185.9975256,101.0,100.9992,-0.0007
6186.997525199999,101.0,100.9982,-0.0017
6187.997524799999,101.0,100.997,-0.0029
6188.9975244,101.0,100.9965,-0.0034
6189.9975239999985,101.0,100.9968,-0.0031
6190.997523599999,101.0,100.9971,-0.0028
6191.9975232,101.0,100.9975,-0.0024
6192.9975227999985,101.0,100.9979,-0.002
6193.997522399999,101.0,100.9983,-0.0016
6194.997522,101.0,100.9993,-0.0006
6195.997521599999,101.0,101.0006,0.0006
6196.997521199999,101.0,101.0022,0.0022
6197.9975208,101.0,101.0031,0.0031
6198.997520399999,101.0,101.003,0.003
6199.997519999999,101.0,101.0024,0.0024
6200.9975196,101.0,101.0021,0.0021
6201.997519199999,101.0,101.002,0.002
6202.997518799999,101.0,101.0015,0.0015
6203.9975183999995,101.0,101.001,0.001
6204.997517999999,101.0,101.0003,0.0003
6205.997517599999,101.0,100.9993,-0.0005
6206.9975171999995,101.0,100.998,-0.0019
6207.997516799999,101.0,100.9973,-0.0026
6208.997516399999,101.0,100.9968,-0.0031
6209.997515999999,101.0,100.9974,-0.0025
6210.997515599999,101.0,100.9983,-0.0016
6211.9975152,101.0,100.9993,-0.0006
6212.997514799999,101.0,100.9995,-0.0004
6213.997514399999,101.0,100.9998,-0.0001
6214.997514,101.0,101.0002,0.0002
6215.997513599999,101.0,101.0017,0.0017
6216.997513199999,101.0,101.0026,0.0026
6217.9975128,101.0,101.0032,0.0032
6218.997512399999,101.0,101.0033,0.0033
6219.997511999999,101.0,101.0031,0.0031
6220.9975116,101.0,101.0027,0.0027
6221.997511199999,101.0,101.0021,0.0021
6222.997510799999,101.0,101.0011,0.0012
6223.9975104,101.0,101.0008,0.0008
6224.997509999999,101.0,100.9999,-0.0
6225.997509599999,101.0,100.999,-0.0009
6226.9975091999995,101.0,100.9976,-0.0023
6227.9975088,101.0,100.9973,-0.0026
6228.997508399999,101.0,100.9972,-0.0026
6229.9975079999995,101.0,100.9977,-0.0022
6230.9975076,101.0,100.9978,-0.0021
6231.997507199999,101.0,100.9983,-0.0016
6232.997506799999,101.0,100.9989,-0.001
6233.9975064,101.0,100.9995,-0.0003
6234.997505999999,101.0,101.0004,0.0005
6235.997505599999,101.0,101.002,0.002
6236.997505199999,101.0,101.0029,0.0029
6237.997504799999,101.0,101.0031,0.0031
6238.997504399999,101.0,101.0026,0.0026
6239.997503999999,101.0,101.0023,0.0023
6240.9975036,101.0,101.0027,0.0027
6241.997503199999,101.0,101.0026,0.0026
6242.997502799999,101.0,101.002,0.002
6243.9975024,101.0,101.0014,0.0014
6244.997501999999,101.0,101.0008,0.0008
6245.997501599999,101.0,101.0002,0.0002
6246.9975011999995,101.0,100.9993,-0.0006
6247.997500799999,101.0,100.9982,-0.0017
6248.997500399999,101.0,100.9975,-0.0023
6249.9974999999995,101.0,100.9978,-0.0021
6250.997499599999,101.0,100.9987,-0.0012
6251.997499199999,101.0,100.9995,-0.0004
6252.997498799999,101.0,100.9998,-0.0001
6253.997498399999,101.0,101.0,0.0
6254.997497999999,101.0,101.0,0.0
6255.997497599999,101.0,101.0005,0.0006
6256.997497199999,101.0,101.0011,0.0012
6257.997496799999,101.0,101.0018,0.0018
6258.997496399999,101.0,101.0019,0.0019
6259.997496,101.0,101.0018,0.0018
6260.997495599999,101.0,101.0014,0.0014
6261.997495199999,101.0,101.0009,0.0009
6262.9974948,101.0,101.0004,0.0004
6263.997494399999,101.0,101.0003,0.0003
6264.997493999999,101.0,100.9999,-0.0
6265.9974936,101.0,100.9988,-0.001
6266.997493199999,101.0,100.9981,-0.0018
6267.997492799999,101.0,100.9975,-0.0024
6268.9974924,101.0,100.9977,-0.0022
6269.997491999999,101.0,100.9981,-0.0018
6270.997491599999,101.0,100.9983,-0.0016
6271.9974912,101.0,100.9984,-0.0015
6272.9974907999995,101.0,100.9986,-0.0013
6273.997490399999,101.0,100.9993,-0.0006
6274.99749,101.0,101.0001,0.0001
6275.997489599999,101.0,101.001,0.001
6276.997489199999,101.0,101.0015,0.0015
6277.9974888,101.0,101.0018,0.0019
6278.997488399999,101.0,101.0014,0.0015
6279.997487999999,101.0,101.0017,0.0017
6280.9974876,101.0,101.0018,0.0018
6281.997487199999,101.0,101.0025,0.0025
6282.997486799999,101.0,101.0021,0.0021
6283.9974864,101.0,101.002,0.002
6284.997485999999,101.0,101.0015,0.0015
6285.997485599999,101.0,101.0016,0.0016
6286.9974852,101.0,101.0013,0.0013
6287.997484799999,101.0,101.0008,0.0008
6288.997484399999,101.0,101.0007,0.0007
6289.9974839999995,101.0,100.9998,-0.0001
6290.997483599999,101.0,100.9989,-0.0009
6291.9974832,101.0,100.9982,-0.0017
6292.9974827999995,101.0,100.998,-0.0019
6293.997482399999,101.0,100.998,-0.0019
6294.997482,101.0,100.9986,-0.0013
6295.9974815999985,101.0,100.9997,-0.0002
6296.997481199999,101.0,101.0007,0.0007
6297.9974808,101.0,101.001,0.001
6298.9974803999985,101.0,101.0012,0.0012
6299.997479999999,101.0,101.0011,0.0012
6300.9974796,101.0,101.0014,0.0014
6301.997479199998,101.0,101.0017,0.0017
6302.997478799999,101.0,101.0016,0.0016
6303.9974784,101.0,101.0017,0.0017
6304.997477999999,101.0,101.0014,0.0014
6305.997477599999,101.0,101.0009,0.0009
6306.9974772,101.0,100.9998,-0.0001
6307.997476799999,101.0,100.999,-0.0009
6308.997476399999,101.0,100.9982,-0.0017
6309.997476,101.0,100.9973,-0.0026
6310.997475599999,101.0,100.9967,-0.0032
6311.997475199999,101.0,100.9964,-0.0035
6312.9974747999995,101.0,100.997,-0.0029
6313.997474399999,101.0,100.9975,-0.0023
6314.997473999999,101.0,100.9986,-0.0013
6315.9974735999995,101.0,100.9999,-0.0
6316.997473199999,101.0,101.0014,0.0015
6317.997472799999,101.0,101.0023,0.0023
6318.997472399999,101.0,101.0022,0.0022
6319.997471999999,101.0,101.0019,0.0019
6320.9974716,101.0,101.0017,0.0017
6321.997471199999,101.0,101.0021,0.0021
6322.997470799999,101.0,101.002,0.002
6323.9974704,101.0,101.002,0.002
6324.997469999999,101.0,101.0013,0.0013
6325.997469599999,101.0,101.0002,0.0002
6326.9974692,101.0,100.9991,-0.0008
6327.997468799999,101.0,100.9983,-0.0016
6328.997468399999,101.0,100.998,-0.0019
6329.997468,101.0,100.9974,-0.0025
6330.997467599999,101.0,100.9969,-0.003
6331.997467199999,101.0,100.9964,-0.0035
6332.9974667999995,101.0,100.9962,-0.0037
6333.997466399999,101.0,100.9966,-0.0033
6334.997465999999,101.0,100.9975,-0.0024
6335.9974655999995,101.0,100.9986,-0.0013
6336.9974652,101.0,100.9994,-0.0005
6337.997464799999,101.0,100.9999,0.0
6338.997464399999,101.0,101.0004,0.0004
6339.997464,101.0,101.0006,0.0006
6340.997463599999,101.0,101.0005,0.0005
6341.997463199999,101.0,101.0007,0.0007
6342.9974628,101.0,101.0003,0.0003
6343.997462399999,101.0,101.0,0.0
6344.997461999999,101.0,100.9989,-0.001
6345.9974616,101.0,100.9981,-0.0018
6346.997461199999,101.0,100.9974,-0.0025
6347.997460799999,101.0,100.9968,-0.003
6348.9974604,101.0,100.9963,-0.0036
6349.997459999999,101.0,100.9961,-0.0038
6350.997459599999,101.0,100.9961,-0.0038
6351.9974592,101.0,100.9968,-0.0031
6352.9974588,101.0,100.9976,-0.0023
6353.997458399999,101.0,100.9982,-0.0017
6354.997457999999,101.0,100.9989,-0.001
6355.9974575999995,101.0,100.9995,-0.0004
6356.997457199999,101.0,101.0004,0.0004
6357.997456799999,101.0,101.0009,0.0009
6358.9974563999995,101.0,101.0009,0.0009
6359.997455999999,101.0,101.0008,0.0008
6360.997455599999,101.0,101.0009,0.0009
6361.997455199999,101.0,101.0014,0.0014
6362.997454799999,101.0,101.0007,0.0007
6363.997454399999,101.0,101.0003,0.0004
6364.997453999999,101.0,100.9997,-0.0002
6365.997453599999,101.0,100.999,-0.0009
6366.997453199999,101.0,100.9982,-0.0017
6367.997452799999,101.0,100.9975,-0.0024
6368.9974524,101.0,100.9977,-0.0022
6369.997451999999,101.0,100.9982,-0.0017
6370.997451599999,101.0,100.9985,-0.0014
6371.9974512,101.0,100.9984,-0.0015
6372.997450799999,101.0,100.9985,-0.0014
6373.997450399999,101.0,100.9984,-0.0015
6374.99745,101.0,100.9989,-0.001
6375.997449599999,101.0,100.9993,-0.0006
6376.997449199999,101.0,101.0004,0.0004
6377.9974488,101.0,101.0007,0.0007
6378.997448399999,101.0,101.0006,0.0006
6379.997447999999,101.0,100.9996,-0.0003
6380.9974476,101.0,100.999,-0.0009
6381.9974471999985,101.0,100.999,-0.0009
6382.997446799999,101.0,100.999,-0.0009
6383.9974464,101.0,101.0,0.0
6384.997445999999,101.0,101.0001,0.0001
6385.997445599999,101.0,101.0001,0.0001
6386.9974452,101.0,100.999,-0.0009
6387.997444799999,101.0,100.9983,-0.0016
6388.997444399999,101.0,100.9983,-0.0016
6389.997444,101.0,100.9988,-0.001
6390.997443599999,101.0,100.9994,-0.0005
6391.997443199999,101.0,100.9998,-0.0001
6392.9974428,101.0,101.0003,0.0003
6393.997442399999,101.0,101.0004,0.0005
6394.997441999999,101.0,101.0007,0.0007
6395.9974416,101.0,101.0013,0.0013
6396.997441199999,101.0,101.0018,0.0019
6397.997440799999,101.0,101.0021,0.0021
6398.9974403999995,101.0,101.002,0.0021
6399.997439999999,101.0,101.0021,0.0021
6400.9974396,101.0,101.0024,0.0024
6401.9974391999995,101.0,101.0022,0.0022
6402.997438799999,101.0,101.0018,0.0018
6403.9974384,101.0,101.0026,0.0026
6404.997437999999,101.0,101.0026,0.0026
6405.997437599999,101.0,101.0021,0.0021
6406.9974372,101.0,101.0007,0.0007
6407.997436799999,101.0,100.9999,-0.0
6408.997436399999,101.0,100.9999,-0.0
6409.997436,101.0,101.0002,0.0002
6410.997435599999,101.0,101.0002,0.0002
6411.997435199999,101.0,101.0004,0.0004
6412.9974348,101.0,101.0006,0.0006
6413.997434399999,101.0,101.0008,0.0009
6414.997433999999,101.0,101.001,0.001
6415.9974336,101.0,101.0013,0.0013
6416.997433199999,101.0,101.0014,0.0014
6417.997432799999,101.0,101.001,0.001
6418.9974323999995,101.0,101.0005,0.0005
6419.997431999999,101.0,101.0002,0.0002
6420.997431599999,101.0,101.0008,0.0008
6421.9974311999995,101.0,101.0011,0.0011
6422.997430799999,101.0,101.0014,0.0014
6423.997430399999,101.0,101.0017,0.0017
6424.997429999999,101.0,101.0016,0.0016
6425.997429599999,101.0,101.001,0.001
6426.997429199999,101.0,101.0006,0.0006
6427.997428799999,101.0,100.9999,-0.0
6428.997428399999,101.0,100.9996,-0.0003
6429.997427999999,101.0,100.9997,-0.0002
6430.997427599999,101.0,100.9998,-0.0001
6431.997427199999,101.0,101.0002,0.0002
6432.9974268,101.0,101.0006,0.0006
6433.997426399999,101.0,101.0005,0.0005
6434.997425999999,101.0,101.001,0.001
6435.9974256,101.0,101.0011,0.0011
6436.997425199999,101.0,101.0018,0.0018
6437.997424799999,101.0,101.0015,0.0015
6438.9974243999995,101.0,101.0012,0.0012
6439.997423999999,101.0,101.001,0.001
6440.997423599999,101.0,101.0015,0.0015
6441.9974231999995,101.0,101.0017,0.0017
6442.997422799999,101.0,101.0019,0.0019
6443.997422399999,101.0,101.002,0.002
6444.9974219999995,101.0,101.002,0.002
6445.997421599999,101.0,101.0017,0.0017
6446.997421199999,101.0,101.0007,0.0007
6447.997420799999,101.0,100.9997,-0.0002
6448.9974204,101.0,100.9989,-0.001
6449.997419999999,101.0,100.9989,-0.001
6450.997419599999,101.0,100.9986,-0.0013
6451.9974192,101.0,100.9983,-0.0016
6452.997418799999,101.0,100.9977,-0.0022
6453.997418399999,101.0,100.997,-0.0029
6454.997418,101.0,100.997,-0.0029
6455.997417599999,101.0,100.997,-0.0029
6456.997417199999,101.0,100.9976,-0.0023
6457.9974168,101.0,100.9977,-0.0022
6458.997416399999,101.0,100.9982,-0.0017
6459.997415999999,101.0,100.9985,-0.0014
6460.9974156,101.0,100.9993,-0.0005
6461.997415199999,101.0,100.9999,-0.0
6462.997414799999,101.0,101.0005,0.0005
6463.9974144,101.0,101.0013,0.0013
6464.9974139999995,101.0,101.0017,0.0017
6465.997413599999,101.0,101.0009,0.0009
6466.9974132,101.0,101.0,0.0
6467.997412799999,101.0,100.9991,-0.0008
6468.997412399999,101.0,100.9989,-0.001
6469.997412,101.0,100.9988,-0.0011
6470.997411599999,101.0,100.9985,-0.0014
6471.997411199999,101.0,100.9985,-0.0014
6472.9974108,101.0,100.9981,-0.0018
6473.997410399999,101.0,100.9976,-0.0022
6474.997409999999,101.0,100.9969,-0.003
6475.997409599999,101.0,100.997,-0.0029
6476.997409199999,101.0,100.9974,-0.0025
6477.997408799999,101.0,100.9976,-0.0023
6478.997408399999,101.0,100.9979,-0.002
6479.997407999999,101.0,100.9981,-0.0018
6480.9974076,101.0,100.9988,-0.0011
6481.997407199999,101.0,100.9994,-0.0005
6482.997406799999,101.0,101.0004,0.0004
6483.9974064,101.0,101.0012,0.0012
6484.997405999999,101.0,101.0017,0.0017
6485.997405599999,101.0,101.0015,0.0015
6486.9974052,101.0,101.0011,0.0011
6487.997404799999,101.0,101.0013,0.0013
6488.997404399999,101.0,101.0017,0.0017
6489.997404,101.0,101.0022,0.0022
6490.9974035999985,101.0,101.0022,0.0022
6491.997403199999,101.0,101.002,0.002
6492.9974028,101.0,101.0018,0.0018
6493.9974023999985,101.0,101.0014,0.0014
6494.997401999999,101.0,101.001,0.001
6495.9974016,101.0,101.0011,0.0011
6496.997401199999,101.0,101.0013,0.0013
6497.997400799999,101.0,101.0015,0.0015
6498.9974004,101.0,101.0014,0.0014
6499.997399999999,101.0,101.0013,0.0013
6500.997399599999,101.0,101.0013,0.0013
6501.9973992,101.0,101.001,0.001
6502.997398799999,101.0,101.0012,0.0012
6503.997398399999,101.0,101.0022,0.0023
6504.9973979999995,101.0,101.0028,0.0028
6505.997397599999,101.0,101.0022,0.0022
6506.997397199999,101.0,101.0011,0.0011
6507.9973967999995,101.0,101.0,0.0001
6508.997396399999,101.0,100.9998,-0.0001
6509.997395999999,101.0,100.9999,-0.0
6510.997395599999,101.0,100.9996,-0.0003
6511.997395199999,101.0,100.9993,-0.0006
6512.9973948,101.0,100.999,-0.0009
6513.997394399999,101.0,100.9992,-0.0007
6514.997393999999,101.0,100.9994,-0.0005
6515.9973936,101.0,100.9995,-0.0004
6516.997393199999,101.0,100.9991,-0.0008
6517.997392799999,101.0,100.9988,-0.0011
6518.9973924,101.0,100.9989,-0.0009
6519.997391999999,101.0,100.9993,-0.0006
6520.997391599999,101.0,100.9995,-0.0004
6521.9973912,101.0,100.9996,-0.0002
6522.997390799999,101.0,101.0,0.0
6523.997390399999,101.0,101.0009,0.0009
6524.9973899999995,101.0,101.0016,0.0016
6525.997389599999,101.0,101.0012,0.0012
6526.997389199999,101.0,101.0004,0.0004
6527.9973887999995,101.0,100.9998,-0.0
6528.9973884,101.0,100.9998,-0.0001
6529.997387999999,101.0,101.0004,0.0004
6530.9973875999995,101.0,101.001,0.001
6531.9973872,101.0,101.0017,0.0017
6532.997386799999,101.0,101.0024,0.0024
6533.997386399999,101.0,101.0023,0.0023
6534.997386,101.0,101.0022,0.0022
6535.997385599999,101.0,101.0025,0.0025
6536.997385199999,101.0,101.0024,0.0024
6537.997384799999,101.0,101.0023,0.0024
6538.997384399999,101.0,101.0018,0.0018
6539.997383999999,101.0,101.0019,0.0019
6540.997383599999,101.0,101.0021,0.0021
6541.997383199999,101.0,101.0023,0.0023
6542.997382799999,101.0,101.0019,0.0019
6543.997382399999,101.0,101.0018,0.0019
6544.997382,101.0,101.0015,0.0015
6545.997381599999,101.0,101.0011,0.0012
6546.997381199999,101.0,101.0003,0.0004
6547.9973807999995,101.0,101.0002,0.0002
6548.997380399999,101.0,101.0001,0.0001
6549.997379999999,101.0,101.0006,0.0006
6550.9973795999995,101.0,101.0004,0.0004
6551.997379199999,101.0,100.9999,-0.0
6552.997378799999,101.0,100.9994,-0.0005
6553.997378399999,101.0,100.9987,-0.0012
6554.997377999999,101.0,100.9984,-0.0015
6555.997377599999,101.0,100.9984,-0.0015
6556.997377199999,101.0,100.9986,-0.0013
6557.997376799999,101.0,100.999,-0.0009
6558.997376399999,101.0,100.9989,-0.001
6559.997375999999,101.0,100.999,-0.0009
6560.9973756,101.0,100.9991,-0.0008
6561.997375199999,101.0,100.9996,-0.0002
6562.997374799999,101.0,100.9998,-0.0001
6563.9973744,101.0,101.0003,0.0004
6564.997373999999,101.0,101.0006,0.0006
6565.997373599999,101.0,101.0006,0.0006
6566.9973732,101.0,101.0006,0.0006
6567.997372799999,101.0,101.0008,0.0008
6568.997372399999,101.0,101.0008,0.0008
6569.997372,101.0,101.0012,0.0012
6570.997371599999,101.0,101.0016,0.0016
6571.997371199999,101.0,101.0019,0.0019
6572.9973708,101.0,101.0017,0.0017
6573.9973703999985,101.0,101.0009,0.0009
6574.997369999999,101.0,101.0002,0.0002
6575.9973696,101.0,101.0002,0.0003
6576.997369199999,101.0,101.0002,0.0002
6577.997368799999,101.0,100.9999,-0.0
6578.9973684,101.0,100.9993,-0.0006
6579.997367999999,101.0,100.9988,-0.0011
6580.997367599999,101.0,100.9985,-0.0014
6581.9973672,101.0,100.9979,-0.0019
6582.997366799999,101.0,100.9978,-0.0021
6583.997366399999,101.0,100.9989,-0.001
6584.997366,101.0,101.0,0.0
6585.997365599999,101.0,101.0003,0.0003
6586.997365199999,101.0,101.0,0.0
6587.9973648,101.0,101.0001,0.0001
6588.997364399999,101.0,101.0006,0.0006
6589.997363999999,101.0,101.0007,0.0007
6590.9973635999995,101.0,101.0005,0.0005
6591.997363199999,101.0,101.0005,0.0005
6592.9973628,101.0,101.0,0.0
6593.9973623999995,101.0,100.9994,-0.0005
6594.997361999999,101.0,100.9986,-0.0013
6595.9973616,101.0,100.9987,-0.0012
6596.9973611999985,101.0,100.9987,-0.0011
6597.997360799999,101.0,100.9986,-0.0013
6598.9973604,101.0,100.998,-0.0019
6599.9973599999985,101.0,100.9983,-0.0016
6600.997359599999,101.0,100.9991,-0.0008
6601.9973592,101.0,100.9998,-0.0001
6602.997358799998,101.0,101.0003,0.0003
6603.997358399999,101.0,101.0004,0.0005
6604.997358,101.0,101.0011,0.0011
6605.997357599998,101.0,101.0015,0.0015
6606.997357199999,101.0,101.0015,0.0015
6607.9973568,101.0,101.0012,0.0012
6608.997356399999,101.0,101.0013,0.0013
6609.997355999999,101.0,101.0018,0.0018
6610.9973555999995,101.0,101.0022,0.0022
6611.997355199999,101.0,101.0021,0.0021
6612.997354799999,101.0,101.0019,0.0019
6613.9973543999995,101.0,101.0011,0.0011
6614.997353999999,101.0,101.0005,0.0006
6615.997353599999,101.0,101.0,0.0
6616.997353199999,101.0,101.0,0.0
6617.997352799999,101.0,101.0006,0.0006
6618.997352399999,101.0,101.0008,0.0009
6619.997351999999,101.0,101.0006,0.0007
6620.997351599999,101.0,101.0009,0.0009
6621.997351199999,101.0,101.0015,0.0015
6622.997350799999,101.0,101.0016,0.0017
6623.997350399999,101.0,101.0018,0.0018
6624.99735,101.0,101.0016,0.0016
6625.997349599999,101.0,101.0017,0.0017
6626.997349199999,101.0,101.001,0.001
6627.9973488,101.0,101.0001,0.0001
6628.997348399999,101.0,100.9995,-0.0004
6629.997347999999,101.0,100.9998,-0.0001
6630.9973476,101.0,101.0002,0.0002
6631.997347199999,101.0,101.0002,0.0002
6632.997346799999,101.0,100.9995,-0.0004
6633.9973463999995,101.0,100.9988,-0.0011
6634.997345999999,101.0,100.9987,-0.0012
6635.997345599999,101.0,100.999,-0.0009
6636.9973451999995,101.0,100.9993,-0.0005
6637.997344799999,101.0,100.9996,-0.0002
6638.997344399999,101.0,101.0002,0.0002
6639.997343999999,101.0,101.0003,0.0003
6640.9973436,101.0,101.0003,0.0003
6641.997343199999,101.0,101.0003,0.0003
6642.997342799999,101.0,101.001,0.001
6643.9973424,101.0,101.0021,0.0021
6644.997341999999,101.0,101.0025,0.0025
6645.997341599999,101.0,101.0021,0.0021
6646.9973412,101.0,101.0015,0.0015
6647.997340799999,101.0,101.0011,0.0011
6648.997340399999,101.0,101.0006,0.0006
6649.99734,101.0,101.0004,0.0004
6650.997339599999,101.0,100.9998,-0.0001
6651.997339199999,101.0,100.9995,-0.0003
6652.9973388,101.0,100.9989,-0.001
6653.997338399999,101.0,100.9987,-0.0012
6654.997337999999,101.0,100.9988,-0.0011
6655.997337599999,101.0,100.9997,-0.0001
6656.9973371999995,101.0,101.0001,0.0001
6657.997336799999,101.0,101.0002,0.0002
6658.997336399999,101.0,100.9997,-0.0002
6659.997335999999,101.0,100.9996,-0.0002
6660.997335599999,101.0,100.9998,-0.0001
6661.997335199999,101.0,101.0,0.0
6662.997334799999,101.0,101.0,0.0001
6663.997334399999,101.0,101.0006,0.0006
6664.997333999999,101.0,101.0005,0.0005
6665.997333599999,101.0,101.0,0.0
6666.997333199999,101.0,100.9993,-0.0006
6667.997332799999,101.0,100.999,-0.0009
6668.997332399999,101.0,100.999,-0.0009
6669.997331999999,101.0,100.9991,-0.0008
6670.997331599999,101.0,100.9985,-0.0014
6671.997331199999,101.0,100.9988,-0.001
6672.9973308,101.0,100.9987,-0.0011
6673.997330399999,101.0,100.9986,-0.0013
6674.997329999999,101.0,100.9984,-0.0015
6675.9973296,101.0,100.9987,-0.0012
6676.997329199999,101.0,100.9987,-0.0012
6677.997328799999,101.0,100.9989,-0.001
6678.9973284,101.0,100.9992,-0.0007
6679.997327999999,101.0,101.0001,0.0001
6680.997327599999,101.0,101.0015,0.0015
6681.9973272,101.0,101.002,0.002
6682.9973267999985,101.0,101.0019,0.0019
6683.997326399999,101.0,101.0019,0.0019
6684.997326,101.0,101.0018,0.0018
6685.997325599999,101.0,101.0012,0.0012
6686.997325199999,101.0,101.0002,0.0002
6687.9973248,101.0,100.9997,-0.0002
6688.997324399999,101.0,101.0,0.0
6689.997323999999,101.0,101.0004,0.0004
6690.9973236,101.0,101.0003,0.0004
6691.997323199999,101.0,101.0004,0.0004
6692.997322799999,101.0,101.0006,0.0006
6693.9973224,101.0,101.0009,0.0009
6694.997321999999,101.0,101.0008,0.0008
6695.997321599999,101.0,101.001,0.001
6696.9973211999995,101.0,101.0012,0.0012
6697.997320799999,101.0,101.0016,0.0016
6698.997320399999,101.0,101.0016,0.0016
6699.9973199999995,101.0,101.0017,0.0017
6700.997319599999,101.0,101.002,0.0021
6701.997319199999,101.0,101.0026,0.0026
6702.997318799999,101.0,101.0027,0.0027
6703.997318399999,101.0,101.0023,0.0023
6704.997318,101.0,101.0015,0.0015
6705.997317599999,101.0,101.0011,0.0011
6706.997317199999,101.0,101.0006,0.0006
6707.9973168,101.0,101.0002,0.0002
6708.997316399999,101.0,101.0002,0.0002
6709.997315999999,101.0,101.0002,0.0002
6710.9973156,101.0,101.0001,0.0001
6711.997315199999,101.0,100.9998,-0.0
6712.997314799999,101.0,100.9995,-0.0004
6713.9973144,101.0,100.9997,-0.0002
6714.997313999999,101.0,101.0005,0.0005
6715.997313599999,101.0,101.0009,0.0009
6716.9973132,101.0,101.0012,0.0012
6717.997312799999,101.0,101.001,0.001
6718.997312399999,101.0,101.0006,0.0006
6719.9973119999995,101.0,101.0003,0.0003
6720.997311599999,101.0,101.0,0.0
6721.997311199999,101.0,101.0001,0.0001
6722.9973107999995,101.0,100.9999,-0.0
6723.997310399999,101.0,101.0,0.0
6724.997309999999,101.0,100.9998,-0.0001
6725.997309599999,101.0,100.9996,-0.0003
6726.997309199999,101.0,100.9991,-0.0008
6727.997308799999,101.0,100.999,-0.0009
6728.997308399999,101.0,100.9995,-0.0004
6729.997307999999,101.0,101.0004,0.0005
6730.997307599999,101.0,101.0006,0.0007
6731.997307199999,101.0,101.0006,0.0006
6732.997306799999,101.0,101.0003,0.0003
6733.997306399999,101.0,101.0003,0.0003
6734.997305999999,101.0,101.0,0.0
6735.997305599999,101.0,100.9999,-0.0
6736.9973052,101.0,100.9999,-0.0
6737.997304799999,101.0,101.0,0.0
6738.997304399999,101.0,101.0003,0.0003
6739.9973039999995,101.0,101.0003,0.0004
6740.997303599999,101.0,101.0002,0.0002
6741.997303199999,101.0,101.0002,0.0002
6742.9973027999995,101.0,100.9999,-0.0
6743.997302399999,101.0,101.0,0.0001
6744.997301999999,101.0,101.0,0.0
6745.997301599999,101.0,101.0,0.0
6746.997301199999,101.0,100.9992,-0.0007
6747.997300799999,101.0,100.9988,-0.0011
6748.997300399999,101.0,100.9982,-0.0017
6749.997299999999,101.0,100.9987,-0.0012
6750.997299599999,101.0,100.9992,-0.0007
6751.997299199999,101.0,100.9997,-0.0002
6752.9972988,101.0,101.0001,0.0001
6753.997298399999,101.0,101.0004,0.0004
6754.997297999999,101.0,101.0007,0.0007
6755.9972976,101.0,101.0006,0.0006
6756.997297199999,101.0,101.0004,0.0004
6757.997296799999,101.0,101.0007,0.0007
6758.9972964,101.0,101.001,0.001
6759.997295999999,101.0,101.0009,0.0009
6760.997295599999,101.0,101.0005,0.0005
6761.9972952,101.0,101.0003,0.0004
6762.997294799999,101.0,101.0007,0.0007
6763.997294399999,101.0,101.0012,0.0012
6764.997294,101.0,101.0014,0.0015
6765.9972935999995,101.0,101.0013,0.0013
6766.997293199999,101.0,101.0007,0.0007
6767.9972928,101.0,101.0003,0.0003
6768.997292399999,101.0,100.9996,-0.0002
6769.997291999999,101.0,100.9994,-0.0005
6770.9972916,101.0,100.9991,-0.0008
6771.997291199999,101.0,100.999,-0.0009
6772.997290799999,101.0,100.9989,-0.0009
6773.9972904,101.0,100.9989,-0.001
6774.997289999999,101.0,100.9991,-0.0008
6775.997289599999,101.0,100.9993,-0.0006
6776.997289199999,101.0,100.9994,-0.0005
6777.997288799999,101.0,100.9994,-0.0005
6778.997288399999,101.0,100.9997,-0.0002
6779.997287999999,101.0,101.0003,0.0003
6780.997287599999,101.0,101.0011,0.0011
6781.9972872,101.0,101.0014,0.0014
6782.997286799999,101.0,101.0013,0.0013
6783.997286399999,101.0,101.0015,0.0015
6784.997286,101.0,101.0015,0.0015
6785.997285599999,101.0,101.0012,0.0012
6786.997285199999,101.0,101.0006,0.0006
6787.9972848,101.0,100.9995,-0.0004
6788.9972843999985,101.0,100.9991,-0.0008
6789.997283999999,101.0,100.9984,-0.0015
6790.9972836,101.0,100.9978,-0.0021
6791.9972831999985,101.0,100.9975,-0.0024
6792.997282799999,101.0,100.9974,-0.0025
6793.9972824,101.0,100.9977,-0.0021
6794.997281999998,101.0,100.9982,-0.0017
6795.997281599999,101.0,100.9986,-0.0013
6796.9972812,101.0,100.9992,-0.0007
6797.997280799999,101.0,100.9999,-0.0
6798.997280399999,101.0,101.0009,0.0009
6799.99728,101.0,101.0016,0.0016
6800.997279599999,101.0,101.0026,0.0026
6801.997279199999,101.0,101.0036,0.0036
6802.9972788,101.0,101.0043,0.0043
6803.997278399999,101.0,101.0049,0.0049
6804.997277999999,101.0,101.0044,0.0044
6805.9972775999995,101.0,101.0034,0.0034
6806.997277199999,101.0,101.002,0.002
6807.997276799999,101.0,101.001,0.001
6808.9972763999995,101.0,101.0003,0.0004
6809.997275999999,101.0,100.9999,-0.0
6810.997275599999,101.0,100.9996,-0.0002
6811.997275199999,101.0,100.9997,-0.0001
6812.997274799999,101.0,100.9997,-0.0002
6813.9972744,101.0,100.9994,-0.0005
6814.997273999999,101.0,100.9991,-0.0008
6815.997273599999,101.0,100.9995,-0.0004
6816.9972732,101.0,101.0004,0.0004
6817.997272799999,101.0,101.0008,0.0008
6818.997272399999,101.0,101.0011,0.0011
6819.997272,101.0,101.0015,0.0015
6820.997271599999,101.0,101.0024,0.0024
6821.997271199999,101.0,101.0028,0.0028
6822.9972708,101.0,101.0024,0.0024
6823.997270399999,101.0,101.002,0.002
6824.997269999999,101.0,101.0017,0.0018
6825.9972695999995,101.0,101.001,0.001
6826.997269199999,101.0,101.0001,0.0001
6827.997268799999,101.0,100.999,-0.0009
6828.9972683999995,101.0,100.9987,-0.0011
6829.997267999999,101.0,100.999,-0.0009
6830.997267599999,101.0,100.9988,-0.0011
6831.997267199999,101.0,100.9984,-0.0015
6832.9972668,101.0,100.9985,-0.0014
6833.997266399999,101.0,100.9982,-0.0017
6834.997265999999,101.0,100.9983,-0.0016
6835.9972656,101.0,100.9985,-0.0014
6836.997265199999,101.0,100.9993,-0.0006
6837.997264799999,101.0,101.0006,0.0006
6838.997264399999,101.0,101.0018,0.0018
6839.997263999999,101.0,101.0023,0.0023
6840.997263599999,101.0,101.0027,0.0027
6841.997263199999,101.0,101.003,0.003
6842.997262799999,101.0,101.0032,0.0032
6843.997262399999,101.0,101.0035,0.0035
6844.997261999999,101.0,101.0031,0.0031
6845.9972616,101.0,101.002,0.002
6846.997261199999,101.0,101.0004,0.0004
6847.997260799999,101.0,100.9994,-0.0005
6848.9972603999995,101.0,100.9989,-0.001
6849.997259999999,101.0,100.9984,-0.0015
6850.997259599999,101.0,100.9981,-0.0018
6851.9972591999995,101.0,100.9979,-0.002
6852.997258799999,101.0,100.9979,-0.002
6853.997258399999,101.0,100.9979,-0.002
6854.997257999999,101.0,100.9985,-0.0014
6855.997257599999,101.0,100.9998,-0.0001
6856.997257199999,101.0,101.001,0.001
6857.997256799999,101.0,101.0013,0.0013
6858.997256399999,101.0,101.0013,0.0013
6859.997255999999,101.0,101.0015,0.0015
6860.997255599999,101.0,101.0017,0.0018
6861.9972552,101.0,101.0016,0.0016
6862.997254799999,101.0,101.0011,0.0011
6863.997254399999,101.0,101.0011,0.0011
6864.997254,101.0,101.0009,0.0009
6865.997253599999,101.0,101.0,0.0
6866.997253199999,101.0,100.9987,-0.0011
6867.9972528,101.0,100.9978,-0.0021
6868.997252399999,101.0,100.9974,-0.0025
6869.997251999999,101.0,100.9975,-0.0024
6870.9972516,101.0,100.9967,-0.0032
6871.997251199999,101.0,100.9963,-0.0035
6872.997250799999,101.0,100.996,-0.0039
6873.9972504,101.0,100.9963,-0.0035
6874.9972499999985,101.0,100.9968,-0.0031
6875.997249599999,101.0,100.9976,-0.0023
6876.9972492,101.0,100.9985,-0.0014
6877.997248799999,101.0,100.9992,-0.0007
6878.997248399999,101.0,100.9998,-0.0
6879.997248,101.0,101.0003,0.0003
6880.997247599999,101.0,101.0008,0.0009
6881.997247199999,101.0,101.0013,0.0013
6882.9972468,101.0,101.0016,0.0016
6883.997246399999,101.0,101.0022,0.0022
6884.997245999999,101.0,101.0021,0.0021
6885.9972456,101.0,101.0017,0.0017
6886.997245199999,101.0,101.0007,0.0008
6887.997244799999,101.0,101.0002,0.0002
6888.9972443999995,101.0,100.9998,-0.0001
6889.997243999999,101.0,100.9992,-0.0007
6890.997243599999,101.0,100.9984,-0.0015
6891.9972431999995,101.0,100.9982,-0.0017
6892.997242799999,101.0,100.9983,-0.0016
6893.9972424,101.0,100.9985,-0.0014
6894.9972419999995,101.0,100.9988,-0.001
6895.997241599999,101.0,100.9997,-0.0002
6896.9972412,101.0,101.0001,0.0001
6897.9972407999985,101.0,101.0005,0.0006
6898.997240399999,101.0,101.0004,0.0004
6899.99724,101.0,101.0007,0.0007
6900.9972395999985,101.0,101.0011,0.0011
6901.997239199999,101.0,101.0012,0.0012
6902.9972388,101.0,101.0013,0.0013
6903.997238399998,101.0,101.0017,0.0017
6904.997237999999,101.0,101.0021,0.0021
6905.9972376,101.0,101.0015,0.0015
6906.997237199998,101.0,101.0,0.0
6907.997236799999,101.0,100.9984,-0.0015
6908.9972364,101.0,100.9975,-0.0024
6909.997235999999,101.0,100.9974,-0.0025
6910.997235599999,101.0,100.9974,-0.0025
6911.9972351999995,101.0,100.9974,-0.0025
6912.997234799999,101.0,100.9974,-0.0025
6913.997234399999,101.0,100.9974,-0.0025
6914.9972339999995,101.0,100.9977,-0.0022
6915.997233599999,101.0,100.9987,-0.0012
6916.997233199999,101.0,100.9997,-0.0002
6917.997232799999,101.0,101.0003,0.0003
6918.997232399999,101.0,101.0007,0.0007
6919.997231999999,101.0,101.0006,0.0006
6920.997231599999,101.0,101.0013,0.0013
6921.997231199999,101.0,101.0016,0.0016
6922.997230799999,101.0,101.002,0.002
6923.997230399999,101.0,101.0021,0.0021
6924.997229999999,101.0,101.0021,0.0021
6925.9972296,101.0,101.0018,0.0018
6926.997229199999,101.0,101.001,0.001
6927.997228799999,101.0,101.0006,0.0006
6928.9972284,101.0,101.0002,0.0002
6929.997227999999,101.0,100.9999,-0.0
6930.997227599999,101.0,100.9989,-0.0009
6931.9972271999995,101.0,100.9978,-0.0021
6932.997226799999,101.0,100.997,-0.0029
6933.997226399999,101.0,100.9968,-0.003
6934.9972259999995,101.0,100.9969,-0.003
6935.997225599999,101.0,100.9979,-0.002
6936.997225199999,101.0,100.9986,-0.0013
6937.9972247999995,101.0,100.9995,-0.0004
6938.997224399999,101.0,100.9999,-0.0
6939.997223999999,101.0,101.0005,0.0005
6940.997223599999,101.0,101.0012,0.0013
6941.9972232,101.0,101.0017,0.0017
6942.997222799999,101.0,101.0015,0.0015
6943.997222399999,101.0,101.0016,0.0016
6944.997222,101.0,101.0014,0.0014
6945.997221599999,101.0,101.0014,0.0015
6946.997221199999,101.0,101.0004,0.0004
6947.9972208,101.0,100.9995,-0.0004
6948.997220399999,101.0,100.9988,-0.0011
6949.997219999999,101.0,100.9986,-0.0013
6950.9972196,101.0,100.998,-0.0018
6951.997219199999,101.0,100.9975,-0.0023
6952.997218799999,101.0,100.9975,-0.0024
6953.9972184,101.0,100.9976,-0.0023
6954.997217999999,101.0,100.998,-0.0019
6955.997217599999,101.0,100.999,-0.0009
6956.9972172,101.0,101.0003,0.0003
6957.9972167999995,101.0,101.0012,0.0012
6958.997216399999,101.0,101.0011,0.0012
6959.997215999999,101.0,101.0008,0.0009
6960.997215599999,101.0,101.0011,0.0011
6961.997215199999,101.0,101.0013,0.0013
6962.997214799999,101.0,101.0014,0.0014
6963.997214399999,101.0,101.0011,0.0011
6964.997213999999,101.0,101.0014,0.0014
6965.997213599999,101.0,101.001,0.001
6966.997213199999,101.0,101.0002,0.0002
6967.997212799999,101.0,100.9987,-0.0012
6968.997212399999,101.0,100.998,-0.0019
6969.997211999999,101.0,100.9979,-0.002
6970.997211599999,101.0,100.9974,-0.0025
6971.997211199999,101.0,100.9966,-0.0033
6972.997210799999,101.0,100.9966,-0.0033
6973.9972104,101.0,100.997,-0.0029
6974.997209999999,101.0,100.998,-0.0019
6975.997209599999,101.0,100.9987,-0.0011
6976.9972092,101.0,100.9997,-0.0002
6977.997208799999,101.0,101.0002,0.0002
6978.997208399999,101.0,101.0008,0.0008
6979.997208,101.0,101.0014,0.0014
6980.997207599999,101.0,101.0021,0.0021
6981.997207199999,101.0,101.0023,0.0024
6982.9972068,101.0,101.0025,0.0025
6983.9972063999985,101.0,101.0027,0.0028
6984.997205999999,101.0,101.0031,0.0031
6985.9972056,101.0,101.0029,0.0029
6986.9972051999985,101.0,101.0021,0.0021
6987.997204799999,101.0,101.0011,0.0011
6988.9972044,101.0,101.0,0.0
6989.997203999999,101.0,100.999,-0.0009
6990.997203599999,101.0,100.9983,-0.0016
6991.9972032,101.0,100.9982,-0.0017
6992.997202799999,101.0,100.998,-0.0018
6993.997202399999,101.0,100.9981,-0.0018
6994.997202,101.0,100.9981,-0.0018
6995.997201599999,101.0,100.9984,-0.0015
6996.997201199999,101.0,100.9992,-0.0007
6997.9972007999995,101.0,101.0002,0.0002
6998.997200399999,101.0,101.0015,0.0015
6999.997199999999,101.0,101.0022,0.0022
7000.9971995999995,101.0,101.0029,0.0029
7001.997199199999,101.0,101.0028,0.0028
7002.997198799999,101.0,101.0029,0.0029
7003.997198399999,101.0,101.0029,0.0029
7004.997197999999,101.0,101.0033,0.0033
7005.9971976,101.0,101.0038,0.0038
7006.997197199999,101.0,101.0033,0.0033
7007.997196799999,101.0,101.0026,0.0026
7008.9971964,101.0,101.0015,0.0015
7009.997195999999,101.0,101.0007,0.0007
7010.997195599999,101.0,101.0,0.0
7011.9971952,101.0,100.9993,-0.0006
7012.997194799999,101.0,100.9984,-0.0014
7013.997194399999,101.0,100.9981,-0.0018
7014.997194,101.0,100.9984,-0.0015
7015.997193599999,101.0,100.9992,-0.0006
7016.997193199999,101.0,101.0,0.0
7017.9971927999995,101.0,101.0007,0.0007
7018.997192399998,101.0,101.0009,0.0009
7019.997191999999,101.0,101.001,0.001
7020.9971915999995,101.0,101.0014,0.0014
7021.997191199999,101.0,101.0016,0.0016
7022.997190799999,101.0,101.0019,0.0019
7023.997190399999,101.0,101.0021,0.0021
7024.997189999999,101.0,101.0024,0.0024
7025.997189599999,101.0,101.0029,0.0029
7026.997189199999,101.0,101.0026,0.0026
7027.997188799999,101.0,101.0018,0.0018
7028.997188399999,101.0,101.0011,0.0011
7029.997187999999,101.0,101.0012,0.0012
7030.997187599999,101.0,101.0012,0.0012
7031.997187199999,101.0,101.0008,0.0008
7032.997186799999,101.0,101.0002,0.0002
7033.997186399999,101.0,101.0,0.0
7034.997185999999,101.0,101.0003,0.0003
7035.997185599999,101.0,101.0006,0.0006
7036.997185199999,101.0,101.0008,0.0008
7037.9971848,101.0,101.0005,0.0005
7038.997184399999,101.0,101.0006,0.0006
7039.997183999999,101.0,101.0004,0.0005
7040.9971835999995,101.0,101.0011,0.0011
7041.997183199999,101.0,101.0016,0.0016
7042.997182799999,101.0,101.002,0.002
7043.9971823999995,101.0,101.0022,0.0022
7044.997181999999,101.0,101.0017,0.0018
7045.997181599999,101.0,101.0013,0.0013
7046.997181199999,101.0,101.0002,0.0002
7047.997180799999,101.0,100.9996,-0.0003
7048.997180399999,101.0,100.9991,-0.0008
7049.997179999999,101.0,100.9991,-0.0008
7050.997179599999,101.0,100.9986,-0.0013
7051.997179199999,101.0,100.9981,-0.0018
7052.997178799999,101.0,100.9977,-0.0022
7053.9971784,101.0,100.9978,-0.0021
7054.997177999999,101.0,100.998,-0.0019
7055.997177599999,101.0,100.9985,-0.0014
7056.9971772,101.0,100.9989,-0.001
7057.997176799999,101.0,100.9992,-0.0006
7058.997176399999,101.0,101.0001,0.0001
7059.997176,101.0,101.0006,0.0006
7060.997175599999,101.0,101.0016,0.0016
7061.997175199999,101.0,101.0023,0.0023
7062.9971748,101.0,101.0033,0.0033
7063.997174399999,101.0,101.0039,0.0039
7064.997173999999,101.0,101.0039,0.0039
7065.9971736,101.0,101.0033,0.0033
7066.9971731999985,101.0,101.0022,0.0023
7067.997172799999,101.0,101.0014,0.0014
7068.9971724,101.0,101.0006,0.0006
7069.997171999999,101.0,100.9998,-0.0001
7070.997171599999,101.0,100.999,-0.0009
7071.9971712,101.0,100.9982,-0.0017
7072.997170799999,101.0,100.9977,-0.0022
7073.997170399999,101.0,100.9968,-0.0031
7074.99717,101.0,100.9968,-0.003
7075.997169599999,101.0,100.9968,-0.0031
7076.997169199999,101.0,100.9975,-0.0023
7077.997168799999,101.0,100.9977,-0.0021
7078.997168399999,101.0,100.9977,-0.0022
7079.997167999999,101.0,100.9978,-0.0021
7080.997167599999,101.0,100.9985,-0.0014
7081.997167199999,101.0,100.9991,-0.0008
7082.997166799999,101.0,100.9996,-0.0002
7083.997166399999,101.0,101.0004,0.0004
7084.997165999999,101.0,101.0008,0.0008
7085.9971656,101.0,101.0009,0.0009
7086.997165199999,101.0,100.9997,-0.0002
7087.997164799999,101.0,100.9991,-0.0008
7088.9971644,101.0,100.9988,-0.001
7089.9971639999985,101.0,100.9987,-0.0011
7090.997163599999,101.0,100.9982,-0.0017
7091.9971632,101.0,100.9972,-0.0027
7092.9971627999985,101.0,100.9969,-0.003
7093.997162399999,101.0,100.9961,-0.0038
7094.997162,101.0,100.996,-0.0039
7095.997161599998,101.0,100.9966,-0.0033
7096.997161199999,101.0,100.9979,-0.002
7097.9971608,101.0,100.9988,-0.0011
7098.997160399998,101.0,100.9998,-0.0
7099.997159999999,101.0,101.001,0.001
7100.9971596,101.0,101.0019,0.0019
7101.997159199999,101.0,101.0025,0.0025
7102.997158799999,101.0,101.0025,0.0025
7103.9971583999995,101.0,101.0028,0.0028
7104.997157999999,101.0,101.0027,0.0027
7105.997157599999,101.0,101.0021,0.0021
7106.9971571999995,101.0,101.001,0.001
7107.997156799999,101.0,101.0002,0.0002
7108.997156399999,101.0,100.9996,-0.0003
7109.997155999999,101.0,100.9993,-0.0006
7110.997155599999,101.0,100.9984,-0.0015
7111.997155199999,101.0,100.9981,-0.0018
7112.997154799999,101.0,100.9977,-0.0022
7113.997154399999,101.0,100.9975,-0.0024
7114.997153999999,101.0,100.9976,-0.0023
7115.997153599999,101.0,100.9977,-0.0022
7116.997153199999,101.0,100.9988,-0.0011
7117.9971528,101.0,100.9993,-0.0006
7118.997152399999,101.0,100.9999,-0.0
7119.997151999999,101.0,101.0001,0.0001
7120.9971516,101.0,101.0006,0.0006
7121.997151199999,101.0,101.0011,0.0011
7122.997150799999,101.0,101.0012,0.0012
7123.9971504,101.0,101.0012,0.0013
7124.997149999999,101.0,101.001,0.001
7125.997149599999,101.0,101.0007,0.0007
7126.9971491999995,101.0,101.0,0.0
7127.997148799999,101.0,100.9996,-0.0003
7128.997148399999,101.0,100.9992,-0.0007
7129.9971479999995,101.0,100.9989,-0.001
7130.997147599999,101.0,100.9986,-0.0013
7131.997147199999,101.0,100.9983,-0.0016
7132.997146799999,101.0,100.9984,-0.0015
7133.9971464,101.0,100.9982,-0.0017
7134.997145999999,101.0,100.998,-0.0019
7135.997145599999,101.0,100.9984,-0.0015
7136.9971452,101.0,100.9989,-0.001
7137.997144799999,101.0,100.9992,-0.0007
7138.997144399999,101.0,100.9993,-0.0006
7139.997143999999,101.0,100.9999,-0.0
7140.997143599999,101.0,101.0007,0.0007
7141.997143199999,101.0,101.0016,0.0016
7142.997142799999,101.0,101.0022,0.0022
7143.997142399999,101.0,101.0027,0.0027
7144.997141999999,101.0,101.0032,0.0032
7145.997141599999,101.0,101.0033,0.0033
7146.997141199999,101.0,101.0028,0.0028
7147.997140799999,101.0,101.0022,0.0022
7148.997140399999,101.0,101.0015,0.0015
7149.9971399999995,101.0,101.0008,0.0008
7150.997139599999,101.0,100.9996,-0.0003
7151.997139199999,101.0,100.9986,-0.0013
7152.997138799999,101.0,100.9981,-0.0018
7153.997138399999,101.0,100.9974,-0.0025
7154.997137999999,101.0,100.9976,-0.0023
7155.997137599999,101.0,100.9973,-0.0026
7156.997137199999,101.0,100.9977,-0.0022
7157.997136799999,101.0,100.998,-0.0019
7158.997136399999,101.0,100.9984,-0.0015
7159.997135999999,101.0,100.9989,-0.001
7160.997135599999,101.0,100.9997,-0.0002
7161.997135199999,101.0,101.0005,0.0005
7162.997134799999,101.0,101.0013,0.0013
7163.997134399999,101.0,101.0018,0.0018
7164.997133999999,101.0,101.0024,0.0024
7165.9971336,101.0,101.0026,0.0026
7166.997133199999,101.0,101.0024,0.0024
7167.997132799999,101.0,101.0023,0.0023
7168.9971324,101.0,101.0018,0.0018
7169.997131999999,101.0,101.002,0.002
7170.997131599999,101.0,101.0016,0.0016
7171.9971312,101.0,101.0012,0.0012
7172.997130799999,101.0,101.0008,0.0008
7173.997130399999,101.0,101.0001,0.0001
7174.99713,101.0,100.9997,-0.0002
7175.9971295999985,101.0,100.9997,-0.0001
7176.997129199999,101.0,101.0001,0.0001
7177.9971288,101.0,101.0002,0.0003
7178.9971283999985,101.0,101.0006,0.0006
7179.997127999999,101.0,101.0008,0.0008
7180.9971276,101.0,101.0011,0.0011
7181.997127199999,101.0,101.001,0.001
7182.997126799999,101.0,101.0009,0.0009
7183.9971264,101.0,101.0014,0.0014
7184.997125999999,101.0,101.0019,0.0019
7185.997125599999,101.0,101.002,0.002
7186.9971252,101.0,101.002,0.0021
7187.997124799999,101.0,101.0018,0.0018
7188.997124399999,101.0,101.002,0.002
7189.9971239999995,101.0,101.0018,0.0018
7190.997123599999,101.0,101.0016,0.0016
7191.997123199999,101.0,101.0014,0.0014
7192.9971227999995,101.0,101.001,0.001
7193.997122399999,101.0,101.0003,0.0003
7194.997121999999,101.0,100.9997,-0.0002
7195.997121599999,101.0,101.0,0.0
7196.997121199999,101.0,101.0006,0.0006
7197.9971208,101.0,101.0009,0.0009
7198.9971203999985,101.0,101.0005,0.0005
7199.997119999999,101.0,100.9997,-0.0002
7200.9971196,101.0,100.9994,-0.0005
7201.997119199998,101.0,100.9994,-0.0005
7202.997118799999,101.0,100.9997,-0.0001
7203.9971184,101.0,101.0001,0.0001
7204.997117999998,101.0,101.0007,0.0007
7205.997117599999,101.0,101.0014,0.0014
7206.9971172,101.0,101.0019,0.0019
7207.997116799998,101.0,101.0021,0.0021
7208.997116399999,101.0,101.0019,0.0019
7209.997116,101.0,101.002,0.0021
7210.997115599999,101.0,101.0021,0.0021
7211.997115199999,101.0,101.002,0.002
7212.9971147999995,101.0,101.0012,0.0012
7213.997114399999,101.0,101.0007,0.0007
7214.997113999999,101.0,101.0001,0.0001
7215.9971135999995,101.0,100.9997,-0.0002
7216.997113199999,101.0,100.9993,-0.0006
7217.997112799999,101.0,100.9986,-0.0013
7218.997112399999,101.0,100.9981,-0.0018
7219.997111999999,101.0,100.9973,-0.0026
7220.997111599999,101.0,100.9969,-0.003
7221.997111199999,101.0,100.9968,-0.0031
7222.997110799999,101.0,100.9971,-0.0028
7223.997110399999,101.0,100.9982,-0.0017
7224.997109999999,101.0,100.9991,-0.0008
7225.997109599999,101.0,100.9997,-0.0002
7226.9971092,101.0,100.9999,-0.0
7227.997108799999,101.0,101.0007,0.0007
7228.997108399999,101.0,101.0018,0.0019
7229.997108,101.0,101.0029,0.0029
7230.997107599999,101.0,101.0028,0.0028
7231.997107199999,101.0,101.0019,0.0019
7232.9971067999995,101.0,101.0008,0.0008
7233.997106399999,101.0,100.9996,-0.0002
7234.997105999999,101.0,100.9988,-0.0011
7235.9971055999995,101.0,100.9979,-0.002
7236.997105199999,101.0,100.9972,-0.0027
7237.997104799999,101.0,100.9964,-0.0035
7238.997104399999,101.0,100.9957,-0.0041
7239.997103999999,101.0,100.9954,-0.0045
7240.997103599999,101.0,100.9958,-0.0041
7241.997103199999,101.0,100.9961,-0.0038
7242.997102799999,101.0,100.9968,-0.0031
7243.997102399999,101.0,100.9977,-0.0022
7244.997101999999,101.0,100.9989,-0.001
7245.9971016,101.0,101.0,0.0
7246.997101199999,101.0,101.0004,0.0004
7247.997100799999,101.0,101.0008,0.0008
7248.9971004,101.0,101.0009,0.0009
7249.997099999999,101.0,101.0014,0.0014
7250.997099599999,101.0,101.0018,0.0018
7251.9970992,101.0,101.0019,0.0019
7252.997098799999,101.0,101.0012,0.0012
7253.997098399999,101.0,101.0001,0.0001
7254.997098,101.0,100.9986,-0.0013
7255.997097599999,101.0,100.9974,-0.0025
7256.997097199999,101.0,100.9967,-0.0031
7257.9970968,101.0,100.9964,-0.0035
7258.9970963999995,101.0,100.9958,-0.0041
7259.997095999999,101.0,100.9952,-0.0046
7260.997095599999,101.0,100.9951,-0.0048
7261.997095199999,101.0,100.9959,-0.004
7262.997094799999,101.0,100.9966,-0.0033
7263.997094399999,101.0,100.998,-0.0019
7264.997093999999,101.0,100.9992,-0.0007
7265.997093599999,101.0,101.0001,0.0001
7266.997093199999,101.0,101.0002,0.0002
7267.997092799999,101.0,101.0004,0.0004
7268.997092399999,101.0,101.001,0.001
7269.997091999999,101.0,101.0018,0.0018
7270.997091599999,101.0,101.0021,0.0021
7271.997091199999,101.0,101.0021,0.0021
7272.997090799999,101.0,101.0017,0.0018
7273.997090399999,101.0,101.0012,0.0013
7274.997089999999,101.0,101.0004,0.0004
7275.997089599999,101.0,100.9995,-0.0004
7276.997089199999,101.0,100.9988,-0.0011
7277.9970888,101.0,100.9982,-0.0017
7278.997088399999,101.0,100.9978,-0.0021
7279.997087999999,101.0,100.9978,-0.0021
7280.9970876,101.0,100.9981,-0.0018
7281.9970871999985,101.0,100.9984,-0.0014
7282.997086799999,101.0,100.9989,-0.001
7283.9970864,101.0,101.0002,0.0002
7284.9970859999985,101.0,101.0016,0.0016
7285.997085599999,101.0,101.0024,0.0024
7286.9970852,101.0,101.0025,0.0025
7287.997084799998,101.0,101.0022,0.0022
7288.997084399999,101.0,101.002,0.002
7289.997084,101.0,101.002,0.002
7290.997083599999,101.0,101.0015,0.0015
7291.997083199999,101.0,101.001,0.001
7292.9970828,101.0,100.9999,-0.0
7293.997082399999,101.0,100.9984,-0.0015
7294.997081999999,101.0,100.9971,-0.0027
7295.9970816,101.0,100.9969,-0.003
7296.997081199999,101.0,100.9971,-0.0028
7297.997080799999,101.0,100.9973,-0.0026
7298.9970803999995,101.0,100.9971,-0.0028
7299.997079999999,101.0,100.9969,-0.003
7300.997079599999,101.0,100.9973,-0.0026
7301.9970791999995,101.0,100.9976,-0.0022
7302.997078799999,101.0,100.9985,-0.0014
7303.997078399999,101.0,100.9995,-0.0003
7304.997077999999,101.0,101.0006,0.0006
7305.997077599999,101.0,101.0011,0.0011
7306.9970772,101.0,101.0012,0.0012
7307.997076799999,101.0,101.0015,0.0015
7308.997076399999,101.0,101.0017,0.0017
7309.997076,101.0,101.0022,0.0023
7310.997075599999,101.0,101.0022,0.0022
7311.997075199999,101.0,101.002,0.002
7312.9970748,101.0,101.0013,0.0013
7313.997074399999,101.0,101.0004,0.0004
7314.997073999999,101.0,100.9995,-0.0004
7315.9970736,101.0,100.9989,-0.001
7316.997073199999,101.0,100.9987,-0.0012
7317.997072799999,101.0,100.9987,-0.0012
7318.9970723999995,101.0,100.9986,-0.0013
7319.997071999998,101.0,100.9983,-0.0016
7320.997071599999,101.0,100.9984,-0.0015
7321.9970711999995,101.0,100.9988,-0.001
7322.997070799999,101.0,100.9996,-0.0003
7323.997070399999,101.0,101.0008,0.0009
7324.997069999999,101.0,101.0019,0.0019
7325.997069599999,101.0,101.0027,0.0027
7326.997069199999,101.0,101.003,0.003
7327.997068799999,101.0,101.003,0.0031
7328.997068399999,101.0,101.0029,0.0029
7329.997067999999,101.0,101.0032,0.0032
7330.997067599999,101.0,101.0026,0.0026
7331.997067199999,101.0,101.0026,0.0026
7332.997066799999,101.0,101.0022,0.0022
7333.997066399999,101.0,101.0015,0.0015
7334.997065999999,101.0,101.0008,0.0008
7335.997065599999,101.0,101.0002,0.0002
7336.997065199999,101.0,100.9997,-0.0002
7337.997064799999,101.0,100.9993,-0.0006
7338.9970643999995,101.0,100.9991,-0.0008
7339.997063999999,101.0,100.9992,-0.0007
7340.997063599999,101.0,100.9998,-0.0001
7341.9970631999995,101.0,101.0003,0.0003
7342.997062799999,101.0,101.0005,0.0005
7343.997062399999,101.0,101.0009,0.0009
7344.9970619999995,101.0,101.0014,0.0014
7345.997061599999,101.0,101.0018,0.0018
7346.997061199999,101.0,101.0021,0.0021
7347.997060799999,101.0,101.0018,0.0019
7348.997060399999,101.0,101.0021,0.0021
7349.997059999999,101.0,101.0027,0.0027
7350.997059599999,101.0,101.0029,0.0029
7351.997059199999,101.0,101.0028,0.0028
7352.997058799999,101.0,101.0024,0.0024
7353.997058399999,101.0,101.0022,0.0022
7354.997058,101.0,101.0016,0.0016
7355.997057599999,101.0,101.0008,0.0008
7356.997057199999,101.0,101.0001,0.0001
7357.9970568,101.0,100.9995,-0.0004
7358.997056399999,101.0,100.9987,-0.0011
7359.997055999999,101.0,100.9981,-0.0018
7360.9970556,101.0,100.9977,-0.0022
7361.997055199999,101.0,100.9981,-0.0018
7362.997054799999,101.0,100.9984,-0.0015
7363.9970544,101.0,100.9993,-0.0006
7364.997053999999,101.0,101.0004,0.0004
7365.997053599999,101.0,101.0015,0.0015
7366.9970532,101.0,101.0018,0.0018
7367.9970527999985,101.0,101.002,0.002
7368.997052399999,101.0,101.0026,0.0026
7369.997052,101.0,101.0035,0.0035
7370.997051599999,101.0,101.0035,0.0035
7371.997051199999,101.0,101.0033,0.0033
7372.9970508,101.0,101.0027,0.0027
7373.997050399999,101.0,101.0022,0.0022
7374.997049999999,101.0,101.0014,0.0014
7375.9970496,101.0,101.0006,0.0006
7376.997049199999,101.0,100.9998,-0.0
7377.997048799999,101.0,100.9988,-0.0011
7378.997048399999,101.0,100.998,-0.0019
7379.997047999999,101.0,100.9974,-0.0025
7380.997047599999,101.0,100.9976,-0.0023
7381.997047199999,101.0,100.9981,-0.0018
7382.997046799999,101.0,100.9982,-0.0017
7383.997046399999,101.0,100.9985,-0.0014
7384.997045999999,101.0,100.9991,-0.0008
7385.997045599999,101.0,100.9998,-0.0001
7386.9970452,101.0,101.0004,0.0004
7387.997044799999,101.0,101.0009,0.0009
7388.997044399999,101.0,101.0016,0.0016
7389.997044,101.0,101.0023,0.0024
7390.9970435999985,101.0,101.0028,0.0028
7391.997043199999,101.0,101.0029,0.0029
7392.9970428,101.0,101.0024,0.0024
7393.9970423999985,101.0,101.0014,0.0014
7394.997041999999,101.0,101.0004,0.0004
7395.9970416,101.0,100.9995,-0.0004
7396.997041199998,101.0,100.9986,-0.0013
7397.997040799999,101.0,100.9977,-0.0021
7398.9970404,101.0,100.9976,-0.0023
7399.997039999998,101.0,100.9972,-0.0026
7400.997039599999,101.0,100.9969,-0.003
7401.9970392,101.0,100.9964,-0.0035
7402.997038799999,101.0,100.9965,-0.0034
7403.997038399999,101.0,100.9975,-0.0024
7404.9970379999995,101.0,100.9988,-0.0011
7405.997037599999,101.0,101.0001,0.0001
7406.997037199999,101.0,101.0006,0.0006
7407.9970367999995,101.0,101.0009,0.0009
7408.997036399999,101.0,101.0011,0.0011
7409.997035999999,101.0,101.0016,0.0016
7410.997035599999,101.0,101.0018,0.0018
7411.997035199999,101.0,101.0014,0.0015
7412.997034799999,101.0,101.0008,0.0009
7413.997034399999,101.0,101.0002,0.0002
7414.997033999999,101.0,101.0001,0.0001
7415.997033599999,101.0,100.9997,-0.0002
7416.997033199999,101.0,100.9992,-0.0006
7417.997032799999,101.0,100.9986,-0.0013
7418.9970324,101.0,100.9979,-0.002
7419.997031999999,101.0,100.9975,-0.0024
7420.997031599999,101.0,100.9971,-0.0028
7421.9970312,101.0,100.9967,-0.0032
7422.997030799999,101.0,100.9967,-0.0032
7423.997030399999,101.0,100.9976,-0.0023
7424.9970299999995,101.0,100.9989,-0.001
7425.997029599999,101.0,100.9994,-0.0005
7426.997029199999,101.0,100.9998,-0.0001
7427.9970287999995,101.0,101.0,0.0001
7428.997028399999,101.0,101.0008,0.0008
7429.997027999999,101.0,101.0016,0.0016
7430.9970275999995,101.0,101.0018,0.0018
7431.997027199999,101.0,101.0021,0.0021
7432.997026799999,101.0,101.0017,0.0017
7433.997026399999,101.0,101.0014,0.0014
7434.997026,101.0,101.0008,0.0008
7435.997025599999,101.0,101.0006,0.0006
7436.997025199999,101.0,101.0008,0.0008
7437.9970248,101.0,101.0006,0.0006
7438.997024399999,101.0,100.9999,-0.0
7439.997023999999,101.0,100.9989,-0.001
7440.997023599999,101.0,100.9987,-0.0012
7441.997023199999,101.0,100.9984,-0.0015
7442.997022799999,101.0,100.9985,-0.0014
7443.997022399999,101.0,100.9984,-0.0015
7444.997021999999,101.0,100.9988,-0.001
7445.997021599999,101.0,100.999,-0.0009
7446.997021199999,101.0,100.9989,-0.001
7447.997020799999,101.0,100.999,-0.0009
7448.997020399999,101.0,100.9992,-0.0007
7449.997019999999,101.0,101.0,0.0
7450.9970195999995,101.0,101.0004,0.0005
7451.997019199999,101.0,101.0009,0.0009
7452.997018799999,101.0,101.0011,0.0011
7453.997018399999,101.0,101.0005,0.0005
7454.997017999999,101.0,101.0003,0.0003
7455.997017599999,101.0,100.9998,-0.0001
7456.997017199999,101.0,100.9997,-0.0002
7457.997016799999,101.0,100.9994,-0.0005
7458.997016399999,101.0,100.9994,-0.0005
7459.997015999999,101.0,100.9998,-0.0001
7460.997015599999,101.0,101.0003,0.0004
7461.997015199999,101.0,101.0008,0.0008
7462.997014799999,101.0,101.0009,0.0009
7463.997014399999,101.0,101.0011,0.0011
7464.997013999999,101.0,101.0016,0.0016
7465.997013599999,101.0,101.0019,0.0019
7466.9970132,101.0,101.002,0.0021
7467.997012799999,101.0,101.0025,0.0025
7468.997012399999,101.0,101.0027,0.0027
7469.997012,101.0,101.0031,0.0031
7470.997011599999,101.0,101.0027,0.0027
7471.997011199999,101.0,101.0024,0.0024
7472.9970108,101.0,101.0021,0.0021
7473.9970103999985,101.0,101.002,0.0021
7474.997009999999,101.0,101.0021,0.0021
7475.9970096,101.0,101.002,0.002
7476.9970091999985,101.0,101.0014,0.0014
7477.997008799999,101.0,101.0005,0.0005
7478.9970084,101.0,100.9994,-0.0005
7479.9970079999985,101.0,100.9984,-0.0015
7480.997007599999,101.0,100.9985,-0.0014
7481.9970072,101.0,100.9985,-0.0014
7482.997006799999,101.0,100.9989,-0.001
7483.997006399999,101.0,100.9994,-0.0005
7484.997006,101.0,101.0,0.0
7485.997005599999,101.0,101.0007,0.0007
7486.997005199999,101.0,101.0008,0.0008
7487.9970048,101.0,101.001,0.001
7488.997004399999,101.0,101.0017,0.0017
7489.997003999999,101.0,101.0025,0.0025
7490.9970035999995,101.0,101.0025,0.0025
7491.997003199999,101.0,101.0017,0.0017
7492.997002799999,101.0,101.0008,0.0008
7493.9970023999995,101.0,101.0001,0.0001
7494.997001999999,101.0,100.9993,-0.0006
7495.997001599999,101.0,100.9986,-0.0013
7496.997001199999,101.0,100.9979,-0.002
7497.997000799999,101.0,100.9974,-0.0025
7498.9970004,101.0,100.9975,-0.0024
7499.9969999999985,101.0,100.9977,-0.0022
7500.996999599999,101.0,100.9978,-0.0021
7501.9969992,101.0,100.9981,-0.0018
7502.996998799998,101.0,100.9981,-0.0018
7503.996998399999,101.0,100.9988,-0.0011
7504.996998,101.0,100.9994,-0.0005
7505.996997599998,101.0,100.9998,-0.0001
7506.996997199999,101.0,101.0001,0.0001
7507.9969968,101.0,101.0002,0.0002
7508.996996399998,101.0,101.0006,0.0006
7509.996995999999,101.0,101.0011,0.0011
7510.9969955999995,101.0,101.0011,0.0011
7511.996995199998,101.0,101.0012,0.0012
7512.996994799999,101.0,101.0008,0.0008
7513.9969943999995,101.0,100.9999,-0.0
7514.996993999999,101.0,100.9994,-0.0005
7515.996993599999,101.0,100.9988,-0.001
7516.996993199999,101.0,100.9987,-0.0012
7517.996992799999,101.0,100.999,-0.0009
7518.996992399999,101.0,100.9991,-0.0008
7519.996991999999,101.0,100.999,-0.0009
7520.996991599999,101.0,100.9989,-0.001
7521.996991199999,101.0,100.999,-0.0009
7522.996990799999,101.0,100.9992,-0.0007
7523.996990399999,101.0,100.9999,0.0
7524.996989999999,101.0,101.0007,0.0007
7525.996989599999,101.0,101.0012,0.0012
7526.996989199999,101.0,101.0011,0.0011
7527.996988799999,101.0,101.0006,0.0006
7528.996988399999,101.0,101.0009,0.0009
7529.996987999999,101.0,101.0016,0.0016
7530.9969876,101.0,101.0017,0.0017
7531.996987199999,101.0,101.0009,0.0009
7532.996986799999,101.0,101.0002,0.0002
7533.9969863999995,101.0,100.9995,-0.0004
7534.996985999999,101.0,100.9989,-0.001
7535.996985599999,101.0,100.9987,-0.0012
7536.9969851999995,101.0,100.9981,-0.0018
7537.996984799999,101.0,100.9982,-0.0017
7538.996984399999,101.0,100.9978,-0.0021
7539.996983999999,101.0,100.9979,-0.002
7540.996983599999,101.0,100.9978,-0.0021
7541.996983199999,101.0,100.998,-0.0019
7542.996982799999,101.0,100.9986,-0.0013
7543.996982399999,101.0,100.9989,-0.001
7544.996981999999,101.0,100.9992,-0.0007
7545.996981599999,101.0,100.9991,-0.0008
7546.9969812,101.0,100.9985,-0.0014
7547.996980799999,101.0,100.9979,-0.002
7548.996980399999,101.0,100.9977,-0.0022
7549.99698,101.0,100.9981,-0.0018
7550.996979599999,101.0,100.998,-0.0019
7551.996979199999,101.0,100.9976,-0.0023
7552.9969788,101.0,100.9974,-0.0025
7553.996978399999,101.0,100.997,-0.0029
7554.996977999999,101.0,100.9973,-0.0026
7555.9969776,101.0,100.9979,-0.0019
7556.996977199999,101.0,100.9991,-0.0008
7557.996976799999,101.0,100.9996,-0.0003
7558.9969764,101.0,100.9998,-0.0001
7559.9969759999985,101.0,100.9998,-0.0001
7560.996975599999,101.0,101.0002,0.0002
7561.996975199999,101.0,101.0006,0.0006
7562.996974799999,101.0,101.0008,0.0008
7563.996974399999,101.0,101.0014,0.0014
7564.996973999999,101.0,101.0019,0.0019
7565.996973599999,101.0,101.0017,0.0017
7566.996973199999,101.0,101.0013,0.0013
7567.996972799999,101.0,101.0011,0.0011
7568.996972399999,101.0,101.0017,0.0017
7569.996971999999,101.0,101.0023,0.0023
7570.996971599999,101.0,101.0019,0.0019
7571.996971199999,101.0,101.0014,0.0014
7572.996970799999,101.0,101.001,0.001
7573.996970399999,101.0,101.0011,0.0011
7574.996969999999,101.0,101.0014,0.0014
7575.996969599999,101.0,101.0014,0.0014
7576.996969199999,101.0,101.0015,0.0015
7577.996968799999,101.0,101.0012,0.0012
7578.9969684,101.0,101.0009,0.0009
7579.996967999999,101.0,101.0002,0.0002
7580.996967599999,101.0,101.0001,0.0001
7581.9969672,101.0,101.0002,0.0002
7582.9969667999985,101.0,101.0002,0.0002
7583.996966399999,101.0,101.0005,0.0005
7584.996966,101.0,101.0004,0.0004
7585.9969655999985,101.0,101.0005,0.0005
7586.996965199999,101.0,101.0001,0.0001
7587.9969648,101.0,100.9994,-0.0005
7588.996964399998,101.0,100.9994,-0.0005
7589.996963999999,101.0,100.9998,-0.0001
7590.9969636,101.0,101.0002,0.0002
7591.996963199998,101.0,101.0007,0.0007
7592.996962799999,101.0,101.0009,0.0009
7593.9969624,101.0,101.0012,0.0012
7594.996961999999,101.0,101.0012,0.0012
7595.996961599999,101.0,101.0015,0.0015
7596.9969611999995,101.0,101.0016,0.0017
7597.996960799999,101.0,101.0016,0.0017
7598.996960399999,101.0,101.0012,0.0012
7599.9969599999995,101.0,101.0005,0.0005
7600.996959599999,101.0,101.0002,0.0003
7601.996959199999,101.0,101.0005,0.0005
7602.996958799999,101.0,101.0006,0.0006
7603.996958399999,101.0,101.0005,0.0005
7604.996957999999,101.0,101.0005,0.0005
7605.996957599999,101.0,101.0005,0.0005
7606.996957199999,101.0,101.0001,0.0001
7607.996956799999,101.0,100.9996,-0.0002
7608.996956399999,101.0,100.999,-0.0009
7609.996955999999,101.0,100.9994,-0.0005
7610.9969556,101.0,100.9992,-0.0007
7611.996955199999,101.0,100.9994,-0.0005
7612.996954799999,101.0,100.9989,-0.0009
7613.9969544,101.0,100.9992,-0.0007
7614.996953999999,101.0,100.9997,-0.0002
7615.996953599999,101.0,101.0007,0.0007
7616.9969532,101.0,101.0018,0.0018
7617.996952799999,101.0,101.0025,0.0025
7618.996952399999,101.0,101.0023,0.0023
7619.9969519999995,101.0,101.0016,0.0016
7620.996951599998,101.0,101.0013,0.0013
7621.996951199999,101.0,101.0014,0.0014
7622.9969507999995,101.0,101.0018,0.0018
7623.996950399998,101.0,101.0018,0.0018
7624.996949999999,101.0,101.0014,0.0014
7625.996949599999,101.0,101.0006,0.0006
7626.996949199999,101.0,100.9994,-0.0005
7627.996948799999,101.0,100.9989,-0.001
7628.996948399999,101.0,100.9987,-0.0011
7629.996947999999,101.0,100.9991,-0.0008
7630.996947599999,101.0,100.999,-0.0009
7631.996947199999,101.0,100.9988,-0.001
7632.996946799999,101.0,100.9994,-0.0005
7633.996946399999,101.0,100.9999,-0.0
7634.996945999999,101.0,101.0007,0.0007
7635.996945599999,101.0,101.0011,0.0011
7636.996945199999,101.0,101.0015,0.0015
7637.996944799999,101.0,101.0013,0.0013
7638.996944399999,101.0,101.0009,0.0009
7639.996943999999,101.0,101.0003,0.0003
7640.996943599999,101.0,100.9999,0.0
7641.996943199999,101.0,100.9993,-0.0006
7642.9969427999995,101.0,100.9988,-0.001
7643.996942399999,101.0,100.9989,-0.001
7644.996941999999,101.0,100.9988,-0.0011
7645.996941599999,101.0,100.9989,-0.001
7646.996941199999,101.0,100.9985,-0.0014
7647.996940799999,101.0,100.9988,-0.0011
7648.996940399999,101.0,100.9992,-0.0007
7649.996939999999,101.0,101.0002,0.0002
7650.996939599999,101.0,101.0006,0.0006
7651.996939199999,101.0,101.001,0.001
7652.996938799999,101.0,101.0011,0.0011
7653.996938399999,101.0,101.0007,0.0007
7654.996937999999,101.0,101.0006,0.0006
7655.996937599999,101.0,101.0011,0.0011
7656.996937199999,101.0,101.0017,0.0017
7657.996936799999,101.0,101.0018,0.0018
7658.9969364,101.0,101.0011,0.0012
7659.996935999999,101.0,101.0003,0.0003
7660.996935599999,101.0,101.0,0.0
7661.9969352,101.0,101.0,0.0
7662.996934799999,101.0,101.0002,0.0002
7663.996934399999,101.0,101.0004,0.0004
7664.996934,101.0,101.0003,0.0003
7665.996933599999,101.0,101.0,0.0
7666.996933199999,101.0,100.9996,-0.0002
7667.9969328,101.0,100.9997,-0.0001
7668.9969323999985,101.0,101.0002,0.0002
7669.996931999999,101.0,101.0007,0.0007
7670.9969316,101.0,101.0011,0.0011
7671.996931199999,101.0,101.0013,0.0013
7672.996930799999,101.0,101.0017,0.0017
7673.9969304,101.0,101.0017,0.0017
7674.996929999999,101.0,101.0014,0.0014
7675.996929599999,101.0,101.0011,0.0012
7676.9969292,101.0,101.0009,0.0009
7677.996928799999,101.0,101.0003,0.0003
7678.996928399999,101.0,100.9995,-0.0004
7679.996928,101.0,100.999,-0.0009
7680.996927599999,101.0,100.9989,-0.001
7681.996927199999,101.0,100.9987,-0.0012
7682.996926799999,101.0,100.9986,-0.0013
7683.996926399999,101.0,100.9988,-0.0011
7684.996925999999,101.0,100.9993,-0.0006
7685.996925599999,101.0,100.9995,-0.0004
7686.996925199999,101.0,100.9988,-0.001
7687.996924799999,101.0,100.9982,-0.0017
7688.9969243999985,101.0,100.9984,-0.0015
7689.996923999999,101.0,100.9989,-0.001
7690.9969236,101.0,100.9997,-0.0001
7691.9969231999985,101.0,101.0006,0.0006
7692.996922799999,101.0,101.0014,0.0014
7693.9969224,101.0,101.0015,0.0015
7694.996921999998,101.0,101.0014,0.0015
7695.996921599999,101.0,101.0015,0.0015
7696.9969212,101.0,101.0018,0.0018
7697.996920799998,101.0,101.0017,0.0017
7698.996920399999,101.0,101.0009,0.0009
7699.99692,101.0,101.0003,0.0003
7700.996919599998,101.0,101.0,0.0
7701.996919199999,101.0,101.0001,0.0001
7702.9969188,101.0,101.0001,0.0001
7703.996918399999,101.0,101.0005,0.0005
7704.996917999999,101.0,101.0011,0.0011
7705.9969175999995,101.0,101.0019,0.0019
7706.996917199999,101.0,101.0021,0.0021
7707.996916799999,101.0,101.0021,0.0021
7708.9969163999995,101.0,101.0021,0.0021
7709.996915999999,101.0,101.0025,0.0025
7710.996915599999,101.0,101.0026,0.0026
7711.996915199999,101.0,101.0025,0.0025
7712.996914799999,101.0,101.002,0.002
7713.996914399999,101.0,101.0014,0.0014
7714.996913999999,101.0,101.0006,0.0006
7715.996913599999,101.0,101.0007,0.0007
7716.996913199999,101.0,101.0007,0.0007
7717.996912799999,101.0,101.0008,0.0008
7718.996912399999,101.0,101.0005,0.0005
7719.996911999999,101.0,101.0001,0.0001
7720.996911599999,101.0,101.0001,0.0001
7721.996911199999,101.0,101.0006,0.0006
7722.9969108,101.0,101.0007,0.0007
7723.996910399999,101.0,101.0005,0.0005
7724.996909999999,101.0,101.0003,0.0003
7725.9969095999995,101.0,101.0002,0.0002
7726.996909199999,101.0,100.9997,-0.0002
7727.996908799999,101.0,100.9991,-0.0007
7728.9969083999995,101.0,100.9989,-0.001
7729.996907999999,101.0,100.9995,-0.0004
7730.996907599999,101.0,100.9998,-0.0001
7731.996907199999,101.0,100.9997,-0.0002
7732.996906799999,101.0,100.9996,-0.0003
7733.996906399999,101.0,100.9995,-0.0004
7734.996905999999,101.0,100.9993,-0.0006
7735.996905599999,101.0,100.9994,-0.0005
7736.996905199999,101.0,100.9997,-0.0002
7737.996904799999,101.0,101.0,0.0
7738.9969044,101.0,101.0001,0.0001
7739.996903999999,101.0,101.0,0.0
7740.996903599999,101.0,101.0004,0.0004
7741.996903199999,101.0,101.0004,0.0004
7742.996902799999,101.0,101.0002,0.0002
7743.996902399999,101.0,101.0003,0.0004
7744.996901999999,101.0,101.0009,0.0009
7745.996901599999,101.0,101.0013,0.0013
7746.996901199999,101.0,101.0014,0.0014
7747.996900799999,101.0,101.0012,0.0012
7748.996900399999,101.0,101.0011,0.0011
7749.996899999999,101.0,101.0011,0.0011
7750.996899599999,101.0,101.0011,0.0011
7751.9968991999995,101.0,101.0013,0.0013
7752.996898799999,101.0,101.0013,0.0013
7753.996898399999,101.0,101.0011,0.0011
7754.996897999999,101.0,101.0003,0.0003
7755.996897599999,101.0,101.0001,0.0001
7756.996897199999,101.0,101.0002,0.0002
7757.996896799999,101.0,101.0005,0.0005
7758.996896399999,101.0,101.0004,0.0004
7759.996895999999,101.0,101.0003,0.0004
7760.996895599999,101.0,101.0006,0.0006
7761.996895199999,101.0,101.0009,0.0009
7762.996894799999,101.0,101.0009,0.0009
7763.996894399999,101.0,101.0013,0.0013
7764.996893999999,101.0,101.0013,0.0013
7765.996893599999,101.0,101.0011,0.0011
7766.996893199999,101.0,101.0002,0.0002
7767.9968928,101.0,100.9997,-0.0002
7768.996892399999,101.0,101.0,0.0
7769.996891999999,101.0,101.0006,0.0006
7770.9968916,101.0,101.0009,0.0009
7771.996891199999,101.0,101.0009,0.0009
7772.996890799999,101.0,101.0007,0.0007
7773.9968904,101.0,101.0006,0.0006
7774.9968899999985,101.0,101.0003,0.0004
7775.996889599999,101.0,101.0006,0.0006
7776.9968892,101.0,101.0013,0.0013
7777.9968887999985,101.0,101.0014,0.0014
7778.996888399999,101.0,101.0013,0.0013
7779.996888,101.0,101.001,0.001
7780.996887599998,101.0,101.0013,0.0013
7781.996887199999,101.0,101.0014,0.0014
7782.9968868,101.0,101.0011,0.0011
7783.996886399999,101.0,101.0005,0.0005
7784.996885999999,101.0,101.0001,0.0001
7785.9968856,101.0,101.0002,0.0002
7786.996885199999,101.0,100.9996,-0.0003
7787.996884799999,101.0,100.9993,-0.0006
7788.9968843999995,101.0,100.9992,-0.0007
7789.996883999999,101.0,100.9998,-0.0001
7790.996883599999,101.0,101.0003,0.0003
7791.9968831999995,101.0,101.0007,0.0007
7792.996882799999,101.0,101.0005,0.0006
7793.996882399999,101.0,100.9998,-0.0001
7794.9968819999995,101.0,100.9992,-0.0007
7795.996881599999,101.0,100.9991,-0.0008
7796.996881199999,101.0,100.9998,-0.0001
7797.996880799999,101.0,101.0001,0.0001
7798.996880399999,101.0,100.9998,-0.0001
7799.99688,101.0,100.9997,-0.0002
7800.9968795999985,101.0,100.9998,-0.0001
7801.996879199999,101.0,100.9999,0.0
7802.9968788,101.0,100.9998,-0.0001
7803.996878399998,101.0,100.9997,-0.0002
7804.996877999999,101.0,100.9996,-0.0002
7805.9968776,101.0,100.9997,-0.0002
7806.996877199998,101.0,100.9995,-0.0004
7807.996876799999,101.0,100.9993,-0.0006
7808.9968764,101.0,100.9998,-0.0001
7809.996875999998,101.0,101.0004,0.0005
7810.996875599999,101.0,101.001,0.001
7811.9968751999995,101.0,101.0014,0.0014
7812.996874799998,101.0,101.0018,0.0019
7813.996874399999,101.0,101.0023,0.0023
7814.9968739999995,101.0,101.0025,0.0025
7815.996873599999,101.0,101.0023,0.0023
7816.996873199999,101.0,101.002,0.002
7817.996872799999,101.0,101.0015,0.0015
7818.996872399999,101.0,101.001,0.001
7819.996871999999,101.0,101.0005,0.0005
7820.996871599999,101.0,101.0005,0.0006
7821.996871199999,101.0,101.0002,0.0003
7822.996870799999,101.0,101.0004,0.0004
7823.996870399999,101.0,100.9999,-0.0
7824.996869999999,101.0,101.0003,0.0004
7825.996869599999,101.0,101.0006,0.0006
7826.996869199999,101.0,101.0011,0.0011
7827.996868799999,101.0,101.001,0.001
7828.996868399999,101.0,101.001,0.001
7829.996867999999,101.0,101.0014,0.0014
7830.996867599999,101.0,101.0016,0.0017
7831.9968671999995,101.0,101.0017,0.0017
7832.996866799999,101.0,101.0018,0.0019
7833.996866399999,101.0,101.002,0.002
7834.9968659999995,101.0,101.0023,0.0023
7835.996865599999,101.0,101.002,0.002
7836.996865199999,101.0,101.0019,0.0019
7837.9968647999995,101.0,101.0015,0.0015
7838.996864399999,101.0,101.0014,0.0014
7839.996863999999,101.0,101.001,0.001
7840.996863599999,101.0,101.0007,0.0007
7841.996863199999,101.0,101.0004,0.0004
7842.996862799999,101.0,101.0003,0.0003
7843.996862399999,101.0,101.0002,0.0002
7844.996861999999,101.0,101.0004,0.0004
7845.996861599999,101.0,101.0002,0.0002
7846.996861199999,101.0,100.9993,-0.0006
7847.9968608,101.0,100.9988,-0.0011
7848.996860399999,101.0,100.9985,-0.0014
7849.996859999999,101.0,100.9991,-0.0008
7850.9968596,101.0,100.9995,-0.0004
7851.996859199999,101.0,101.0001,0.0001
7852.996858799999,101.0,101.0003,0.0003
7853.9968584,101.0,100.9997,-0.0002
7854.996857999999,101.0,100.9989,-0.001
7855.996857599999,101.0,100.9985,-0.0014
7856.9968572,101.0,100.9989,-0.001
7857.996856799999,101.0,100.9992,-0.0006
7858.996856399999,101.0,100.9985,-0.0014
7859.996856,101.0,100.9982,-0.0017
7860.9968555999985,101.0,100.9983,-0.0016
7861.996855199999,101.0,100.9986,-0.0013
7862.996854799999,101.0,100.9987,-0.0012
7863.996854399999,101.0,100.9991,-0.0007
7864.996853999999,101.0,101.0,0.0
7865.996853599999,101.0,101.0007,0.0007
7866.996853199999,101.0,101.0006,0.0006
7867.996852799999,101.0,101.0005,0.0005
7868.996852399999,101.0,101.001,0.001
7869.996851999999,101.0,101.0017,0.0017
7870.996851599999,101.0,101.0018,0.0018
7871.996851199999,101.0,101.0017,0.0017
7872.996850799999,101.0,101.0012,0.0012
7873.996850399999,101.0,101.0011,0.0012
7874.996849999999,101.0,101.0008,0.0008
7875.996849599999,101.0,101.0008,0.0008
7876.996849199999,101.0,101.0005,0.0005
7877.996848799999,101.0,101.0,0.0
7878.996848399999,101.0,100.9995,-0.0004
7879.996848,101.0,100.9989,-0.0009
7880.996847599999,101.0,100.9992,-0.0007
7881.996847199999,101.0,100.9995,-0.0004
7882.9968468,101.0,100.9996,-0.0003
7883.9968463999985,101.0,100.9996,-0.0003
7884.996845999999,101.0,100.9995,-0.0004
7885.9968456,101.0,100.9996,-0.0003
7886.9968451999985,101.0,100.9996,-0.0003
7887.996844799999,101.0,101.0,0.0
7888.9968444,101.0,101.0003,0.0003
7889.996843999998,101.0,101.0009,0.0009
7890.996843599999,101.0,101.0014,0.0014
7891.9968432,101.0,101.0013,0.0013
7892.996842799998,101.0,101.0011,0.0011
7893.996842399999,101.0,101.0002,0.0002
7894.996842,101.0,100.9995,-0.0004
7895.996841599999,101.0,100.9993,-0.0006
7896.996841199999,101.0,100.9992,-0.0007
7897.9968407999995,101.0,100.9992,-0.0007
7898.996840399999,101.0,100.9987,-0.0012
7899.996839999999,101.0,100.9978,-0.002
7900.9968395999995,101.0,100.9976,-0.0023
7901.996839199999,101.0,100.9976,-0.0023
7902.996838799999,101.0,100.9982,-0.0017
7903.996838399999,101.0,100.9985,-0.0014
7904.996837999999,101.0,100.9987,-0.0011
7905.996837599999,101.0,100.9991,-0.0008
7906.996837199999,101.0,100.999,-0.0009
7907.996836799999,101.0,100.9992,-0.0007
7908.996836399999,101.0,100.9992,-0.0007
7909.996835999999,101.0,100.9998,-0.0001
7910.996835599999,101.0,101.0,0.0
7911.9968352,101.0,101.0003,0.0004
7912.996834799999,101.0,101.0006,0.0006
7913.996834399999,101.0,101.0004,0.0004
7914.996834,101.0,101.0002,0.0002
7915.996833599999,101.0,100.9999,-0.0
7916.996833199999,101.0,101.0002,0.0002
7917.9968327999995,101.0,100.9998,-0.0001
7918.996832399999,101.0,100.9995,-0.0004
7919.996831999999,101.0,100.9985,-0.0014
7920.9968315999995,101.0,100.9982,-0.0017
7921.996831199998,101.0,100.9979,-0.002
7922.996830799999,101.0,100.9982,-0.0017
7923.996830399999,101.0,100.9986,-0.0012
7924.996829999998,101.0,100.9993,-0.0006
7925.996829599999,101.0,100.9996,-0.0002
7926.996829199999,101.0,100.9994,-0.0005
7927.996828799999,101.0,100.9988,-0.0011
7928.996828399999,101.0,100.9989,-0.001
7929.996827999999,101.0,100.9993,-0.0006
7930.996827599999,101.0,101.0,0.0
7931.996827199999,101.0,101.0001,0.0001
7932.996826799999,101.0,101.0,0.0
7933.996826399999,101.0,100.9996,-0.0003
7934.996825999999,101.0,100.9994,-0.0005
7935.996825599999,101.0,100.9992,-0.0007
7936.996825199999,101.0,100.9991,-0.0008
7937.996824799999,101.0,100.9989,-0.001
7938.996824399999,101.0,100.9984,-0.0015
7939.996823999999,101.0,100.9979,-0.002
7940.996823599999,101.0,100.9981,-0.0018
7941.996823199999,101.0,100.9986,-0.0013
7942.996822799999,101.0,100.999,-0.0009
7943.9968223999995,101.0,100.9988,-0.001
7944.996821999999,101.0,100.9989,-0.001
7945.996821599999,101.0,100.9994,-0.0005
7946.996821199999,101.0,101.0002,0.0002
7947.996820799999,101.0,101.0006,0.0006
7948.996820399999,101.0,101.0004,0.0004
7949.996819999999,101.0,101.0005,0.0005
7950.996819599999,101.0,101.0005,0.0005
7951.996819199999,101.0,101.0007,0.0007
7952.996818799999,101.0,101.001,0.001
7953.996818399999,101.0,101.0004,0.0004
7954.996817999999,101.0,101.0002,0.0002
7955.996817599999,101.0,101.0001,0.0001
7956.996817199999,101.0,101.0001,0.0001
7957.996816799999,101.0,100.9996,-0.0002
7958.996816399999,101.0,100.9988,-0.001
7959.996816,101.0,100.9981,-0.0018
7960.996815599999,101.0,100.9977,-0.0022
7961.996815199999,101.0,100.9974,-0.0025
7962.9968148,101.0,100.9979,-0.0019
7963.996814399999,101.0,100.9984,-0.0015
7964.996813999999,101.0,100.9993,-0.0006
7965.9968136,101.0,100.9995,-0.0004
7966.9968131999985,101.0,100.9995,-0.0004
7967.996812799999,101.0,100.9997,-0.0002
7968.9968124,101.0,101.0001,0.0001
7969.9968119999985,101.0,101.0011,0.0011
7970.996811599999,101.0,101.0014,0.0014
7971.9968112,101.0,101.001,0.001
7972.9968107999985,101.0,101.0009,0.0009
7973.996810399999,101.0,101.0005,0.0005
7974.99681,101.0,101.0005,0.0005
7975.996809599999,101.0,101.0004,0.0004
7976.996809199999,101.0,101.0005,0.0005
7977.9968088,101.0,101.0007,0.0007
7978.996808399999,101.0,101.0,0.0
7979.996807999999,101.0,100.9991,-0.0008
7980.9968076,101.0,100.9987,-0.0012
7981.996807199999,101.0,100.9991,-0.0008
7982.996806799999,101.0,100.9996,-0.0003
7983.996806399999,101.0,101.0001,0.0001
7984.996805999999,101.0,101.0007,0.0007
7985.996805599999,101.0,101.0015,0.0015
7986.996805199999,101.0,101.002,0.002
7987.996804799999,101.0,101.0016,0.0017
7988.996804399999,101.0,101.0018,0.0018
7989.9968039999985,101.0,101.0027,0.0027
7990.996803599999,101.0,101.0034,0.0034
7991.9968032,101.0,101.0039,0.0039
7992.9968027999985,101.0,101.0037,0.0037
7993.996802399999,101.0,101.0032,0.0032
7994.996802,101.0,101.0027,0.0027
7995.996801599998,101.0,101.0022,0.0022
7996.996801199999,101.0,101.0017,0.0017
7997.9968008,101.0,101.001,0.001
7998.996800399998,101.0,101.0002,0.0002
7999.996799999999,101.0,100.9992,-0.0007
8000.9967996,101.0,100.9985,-0.0014
8001.996799199998,101.0,100.9976,-0.0023
8002.9967988,101.0,100.9976,-0.0023
8003.9967983999995,101.0,100.9977,-0.0022
8004.996797999998,101.0,100.9983,-0.0016
8005.9967976,101.0,100.9986,-0.0013
8006.9967971999995,101.0,100.9989,-0.001
8007.996796799999,101.0,100.9993,-0.0006
8008.9967964,101.0,100.9998,-0.0001
8009.996795999999,101.0,101.0,0.0
8010.996795599999,101.0,101.0002,0.0002
8011.996795199998,101.0,101.0005,0.0005
8012.996794799999,101.0,101.0013,0.0013
8013.996794399999,101.0,101.0012,0.0012
8014.996793999998,101.0,101.001,0.001
8015.996793599999,101.0,101.0003,0.0003
8016.996793199999,101.0,100.9998,-0.0001
8017.996792799998,101.0,100.9988,-0.0011
8018.996792399999,101.0,100.9977,-0.0021
8019.996791999999,101.0,100.9966,-0.0033
8020.996791599999,101.0,100.9961,-0.0037
8021.996791199999,101.0,100.9961,-0.0038
8022.996790799999,101.0,100.9966,-0.0033
8023.996790399999,101.0,100.9972,-0.0027
8024.996789999999,101.0,100.9981,-0.0018
8025.996789599999,101.0,100.9988,-0.0011
8026.996789199999,101.0,100.9991,-0.0008
8027.996788799999,101.0,100.9994,-0.0005
8028.996788399999,101.0,101.0001,0.0001
8029.996787999999,101.0,101.0015,0.0015
8030.996787599999,101.0,101.0023,0.0024
8031.996787199999,101.0,101.0027,0.0028
8032.9967867999985,101.0,101.0026,0.0026
8033.996786399999,101.0,101.0025,0.0025
8034.996785999999,101.0,101.0021,0.0021
8035.9967855999985,101.0,101.0013,0.0013
8036.996785199999,101.0,101.0008,0.0008
8037.996784799999,101.0,101.0002,0.0002
8038.996784399998,101.0,100.9997,-0.0002
8039.996784,101.0,100.9985,-0.0014
8040.996783599999,101.0,100.9975,-0.0024
8041.996783199998,101.0,100.9972,-0.0027
8042.9967828,101.0,100.9971,-0.0027
8043.996782399999,101.0,100.9972,-0.0027
8044.996781999998,101.0,100.9978,-0.0021
8045.9967816,101.0,100.9985,-0.0014
8046.996781199999,101.0,100.9995,-0.0004
8047.996780799998,101.0,100.9998,-0.0
8048.9967804,101.0,101.0007,0.0007
8049.996779999999,101.0,101.0015,0.0015
8050.996779599998,101.0,101.0018,0.0019
8051.9967792,101.0,101.0018,0.0018
8052.9967787999985,101.0,101.0014,0.0014
8053.996778399998,101.0,101.0008,0.0008
8054.996778,101.0,101.0001,0.0001
8055.996777599999,101.0,100.9995,-0.0004
8056.996777199998,101.0,100.9991,-0.0008
8057.9967768,101.0,100.9988,-0.0011
8058.996776399999,101.0,100.9984,-0.0015
8059.996775999998,101.0,100.9977,-0.0022
8060.9967756,101.0,100.9975,-0.0024
8061.996775199999,101.0,100.9975,-0.0024
8062.996774799998,101.0,100.9979,-0.002
8063.9967744,101.0,100.9986,-0.0013
8064.996773999999,101.0,100.9995,-0.0004
8065.996773599998,101.0,101.0001,0.0001
8066.9967732,101.0,101.0005,0.0005
8067.996772799999,101.0,101.0007,0.0007
8068.996772399998,101.0,101.001,0.001
8069.9967719999995,101.0,101.0017,0.0017
8070.996771599999,101.0,101.0017,0.0018
8071.996771199999,101.0,101.0015,0.0015
8072.9967707999995,101.0,101.0008,0.0008
8073.996770399999,101.0,101.0,0.0001
8074.996769999999,101.0,100.9994,-0.0005
8075.996769599999,101.0,100.9988,-0.0011
8076.996769199999,101.0,100.9984,-0.0015
8077.996768799999,101.0,100.9977,-0.0022
8078.996768399999,101.0,100.9968,-0.0031
8079.996767999999,101.0,100.9963,-0.0036
8080.996767599999,101.0,100.9961,-0.0038
8081.996767199999,101.0,100.9966,-0.0033
8082.996766799999,101.0,100.9968,-0.0031
8083.996766399999,101.0,100.9975,-0.0024
8084.996765999999,101.0,100.9982,-0.0017
8085.996765599999,101.0,100.9991,-0.0007
8086.996765199999,101.0,100.9995,-0.0004
8087.9967648,101.0,101.0001,0.0001
8088.996764399999,101.0,101.0006,0.0006
8089.996763999999,101.0,101.0018,0.0018
8090.9967636,101.0,101.0022,0.0022
8091.996763199999,101.0,101.0027,0.0027
8092.996762799999,101.0,101.0025,0.0026
8093.9967624,101.0,101.0023,0.0023
8094.996761999999,101.0,101.0019,0.0019
8095.9967615999985,101.0,101.0013,0.0014
8096.9967612,101.0,101.0009,0.0009
8097.996760799999,101.0,101.0003,0.0003
8098.9967603999985,101.0,100.9992,-0.0007
8099.99676,101.0,100.9981,-0.0018
8100.996759599999,101.0,100.9973,-0.0026
8101.996759199998,101.0,100.997,-0.0029
8102.9967588,101.0,100.9966,-0.0033
8103.9967584,101.0,100.9966,-0.0033
8104.996757999998,101.0,100.9965,-0.0034
8105.9967576,101.0,100.997,-0.0029
8106.9967572,101.0,100.9975,-0.0024
8107.996756799998,101.0,100.9982,-0.0017
8108.9967564,101.0,100.999,-0.0009
8109.996756,101.0,100.9998,-0.0001
8110.996755599998,101.0,101.0003,0.0003
8111.9967552,101.0,101.0009,0.0009
8112.9967547999995,101.0,101.0009,0.0009
8113.996754399998,101.0,101.0007,0.0008
8114.996754,101.0,101.0003,0.0003
8115.9967535999995,101.0,101.0004,0.0004
8116.996753199999,101.0,101.0009,0.0009
8117.9967528,101.0,101.0009,0.0009
8118.996752399999,101.0,101.0002,0.0002
8119.996751999999,101.0,100.9989,-0.001
8120.9967516,101.0,100.9979,-0.002
8121.996751199999,101.0,100.9974,-0.0025
8122.996750799999,101.0,100.9972,-0.0027
8123.9967504,101.0,100.9978,-0.0021
8124.996749999999,101.0,100.9981,-0.0018
8125.996749599999,101.0,100.9985,-0.0014
8126.9967492,101.0,100.9983,-0.0015
8127.996748799999,101.0,100.9986,-0.0013
8128.996748399999,101.0,100.9991,-0.0008
8129.996748,101.0,101.0,0.0001
8130.996747599999,101.0,101.0011,0.0012
8131.996747199999,101.0,101.0018,0.0018
8132.996746799999,101.0,101.0024,0.0024
8133.996746399999,101.0,101.0028,0.0028
8134.996745999999,101.0,101.0029,0.0029
8135.996745599999,101.0,101.0026,0.0026
8136.996745199999,101.0,101.002,0.0021
8137.996744799999,101.0,101.0011,0.0011
8138.9967443999985,101.0,100.9997,-0.0002
8139.996743999999,101.0,100.9982,-0.0017
8140.996743599999,101.0,100.9972,-0.0027
8141.9967431999985,101.0,100.9969,-0.003
8142.996742799999,101.0,100.9968,-0.0031
8143.996742399999,101.0,100.9969,-0.003
8144.996741999998,101.0,100.9975,-0.0023
8145.996741599999,101.0,100.9981,-0.0018
8146.996741199999,101.0,100.9989,-0.001
8147.996740799998,101.0,100.9994,-0.0005
8148.996740399999,101.0,101.0001,0.0001
8149.996739999999,101.0,101.001,0.001
8150.996739599998,101.0,101.0015,0.0015
8151.9967392,101.0,101.0022,0.0022
8152.996738799999,101.0,101.0023,0.0023
8153.996738399998,101.0,101.0025,0.0025
8154.996738,101.0,101.0018,0.0018
8155.996737599999,101.0,101.0015,0.0015
8156.996737199998,101.0,101.0008,0.0008
8157.9967368,101.0,101.0004,0.0004
8158.996736399999,101.0,100.9996,-0.0003
8159.996735999998,101.0,100.9986,-0.0013
8160.9967356,101.0,100.9979,-0.002
8161.9967351999985,101.0,100.9973,-0.0026
8162.996734799998,101.0,100.9974,-0.0025
8163.9967344,101.0,100.9976,-0.0023
8164.9967339999985,101.0,100.9985,-0.0014
8165.996733599998,101.0,100.9988,-0.001
8166.9967332,101.0,100.9991,-0.0008
8167.996732799999,101.0,100.9995,-0.0004
8168.996732399998,101.0,101.0007,0.0007
8169.996732,101.0,101.0018,0.0018
8170.996731599999,101.0,101.0027,0.0027
8171.996731199998,101.0,101.0036,0.0036
8172.9967308,101.0,101.004,0.004
8173.996730399999,101.0,101.0038,0.0038
8174.996729999998,101.0,101.0029,0.0029
8175.9967295999995,101.0,101.0026,0.0026
8176.996729199999,101.0,101.002,0.002
8177.996728799998,101.0,101.0011,0.0011
8178.9967283999995,101.0,100.9998,-0.0001
8179.996727999999,101.0,100.9988,-0.0011
8180.996727599999,101.0,100.9983,-0.0016
8181.996727199999,101.0,100.9975,-0.0024
8182.996726799999,101.0,100.9969,-0.003
8183.996726399999,101.0,100.9966,-0.0033
8184.996725999999,101.0,100.997,-0.0029
8185.996725599999,101.0,100.9975,-0.0024
8186.996725199999,101.0,100.9981,-0.0018
8187.996724799999,101.0,100.9989,-0.001
8188.996724399999,101.0,101.0002,0.0002
8189.996723999999,101.0,101.0014,0.0014
8190.996723599999,101.0,101.002,0.002
