t_ms,target_um,current_um,error_um
0.0,99.0,99.0008,0.0008
0.001,99.0,99.0008,0.0008
0.002,99.0,99.0008,0.0008
0.003,99.0,99.0008,0.0008
0.004,99.0,99.0008,0.0008
0.005,99.0,99.0008,0.0008
0.006,99.0,99.0008,0.0008
0.007,99.0,99.0008,0.0008
0.008,99.0,99.0008,0.0008
0.009000000000000001,99.0,99.0007,0.0007
0.01,99.0,99.0008,0.0008
0.011,99.0,99.0007,0.0007
0.012,99.0,99.0007,0.0007
0.013000000000000001,99.0,99.0006,0.0006
0.014,99.0,99.0006,0.0006
0.015,99.0,99.0006,0.0006
0.016,99.0,99.0006,0.0006
0.017,99.0,99.0005,0.0005
0.018000000000000002,99.0,99.0005,0.0005
0.019,99.0,99.0005,0.0005
0.02,99.0,99.0005,0.0005
0.021,99.0,99.0005,0.0005
0.022,99.0,99.0005,0.0005
0.023,99.0,99.0005,0.0005
0.024,99.0,99.0004,0.0005
0.025,99.0,99.0004,0.0005
0.026000000000000002,99.0,99.0004,0.0004
0.027,99.0,99.0003,0.0003
0.028,99.0,99.0004,0.0004
0.029,99.0,99.0003,0.0004
0.03,99.0,99.0004,0.0004
0.031,99.0,99.0003,0.0003
0.032,99.0,99.0003,0.0003
0.033,99.0,99.0004,0.0004
0.034,99.0,99.0003,0.0003
0.035,99.0,99.0004,0.0004
0.036000000000000004,99.0,99.0004,0.0004
0.037,99.0,99.0004,0.0004
0.038,99.0,99.0004,0.0005
0.039,99.0,99.0004,0.0004
0.04,99.0,99.0004,0.0005
0.041,99.0,99.0004,0.0005
0.042,99.0,99.0004,0.0005
0.043000000000000003,99.0,99.0005,0.0005
0.044,99.0,99.0004,0.0005
0.045,99.0,99.0005,0.0005
0.046,99.0,99.0004,0.0005
0.047,99.0,99.0004,0.0004
0.048,99.0,99.0004,0.0005
0.049,99.0,99.0004,0.0004
0.05,99.0,99.0004,0.0005
0.051000000000000004,99.0,99.0004,0.0005
0.052000000000000005,99.0,99.0005,0.0005
0.053,99.0,99.0005,0.0005
0.054,99.0,99.0005,0.0005
0.055,99.0,99.0005,0.0005
0.056,99.0,99.0005,0.0005
0.057,99.0,99.0005,0.0005
0.058,99.0,99.0006,0.0006
0.059000000000000004,99.0,99.0005,0.0005
0.06,99.0,99.0005,0.0005
0.061,99.0,99.0004,0.0005
0.062,99.0,99.0004,0.0004
0.063,99.0,99.0004,0.0005
0.064,99.0,99.0004,0.0004
0.065,99.0,99.0004,0.0005
0.066,99.0,99.0004,0.0005
0.067,99.0,99.0004,0.0005
0.068,99.0,99.0005,0.0005
0.069,99.0,99.0004,0.0004
0.07,99.0,99.0004,0.0004
0.07100000000000001,99.0,99.0004,0.0004
0.07200000000000001,99.0,99.0004,0.0004
0.073,99.0,99.0004,0.0004
0.074,99.0,99.0003,0.0003
0.075,99.0,99.0003,0.0003
0.076,99.0,99.0003,0.0003
0.077,99.0,99.0002,0.0002
0.078,99.0,99.0003,0.0003
0.079,99.0,99.0002,0.0002
0.08,99.0,99.0002,0.0002
0.081,99.0,99.0002,0.0002
0.082,99.0,99.0001,0.0001
0.083,99.0,99.0001,0.0001
0.084,99.0,99.0,0.0
0.085,99.0,99.0,0.0
0.08600000000000001,99.0,99.0001,0.0001
0.08700000000000001,99.0,99.0,0.0
0.088,99.0,99.0,0.0
0.089,99.0,99.0001,0.0001
0.09,99.0,99.0,0.0
0.091,99.0,99.0001,0.0001
0.092,99.0,99.0,0.0
0.093,99.0,99.0,0.0
0.094,99.0,99.0,0.0
0.095,99.0,99.0,0.0
0.096,99.0,99.0,0.0
0.097,99.0,98.9999,-0.0
0.098,99.0,98.9999,-0.0
0.099,99.0,98.9999,-0.0
0.1,99.0,98.9998,-0.0001
0.101,99.0,98.9998,-0.0001
0.10200000000000001,99.0,98.9997,-0.0002
0.10300000000000001,99.0,98.9998,-0.0001
0.10400000000000001,99.0,98.9997,-0.0001
0.105,99.0,98.9997,-0.0002
0.106,99.0,98.9997,-0.0001
0.107,99.0,98.9998,-0.0001
0.108,99.0,98.9997,-0.0002
0.109,99.0,98.9997,-0.0002
0.11,99.0,98.9997,-0.0002
0.111,99.0,98.9996,-0.0003
0.112,99.0,98.9996,-0.0003
0.113,99.0,98.9996,-0.0003
0.114,99.0,98.9996,-0.0003
0.115,99.0,98.9996,-0.0003
0.116,99.0,98.9996,-0.0003
0.117,99.0,98.9995,-0.0004
0.11800000000000001,99.0,98.9995,-0.0004
0.11900000000000001,99.0,98.9994,-0.0005
0.12,99.0,98.9994,-0.0005
0.121,99.0,98.9994,-0.0005
0.122,99.0,98.9994,-0.0005
0.123,99.0,98.9994,-0.0005
0.124,99.0,98.9994,-0.0005
0.125,99.0,98.9994,-0.0005
0.126,99.0,98.9994,-0.0005
0.127,99.0,98.9994,-0.0005
0.128,99.0,98.9994,-0.0005
0.129,99.0,98.9995,-0.0004
0.13,99.0,98.9995,-0.0004
0.131,99.0,98.9995,-0.0004
0.132,99.0,98.9995,-0.0004
0.133,99.0,98.9995,-0.0004
0.134,99.0,98.9995,-0.0004
0.135,99.0,98.9995,-0.0004
0.136,99.0,98.9995,-0.0004
0.137,99.0,98.9994,-0.0005
0.138,99.0,98.9993,-0.0005
0.139,99.0,98.9994,-0.0005
0.14,99.0,98.9994,-0.0005
0.14100000000000001,99.0,98.9994,-0.0005
0.14200000000000002,99.0,98.9994,-0.0005
0.14300000000000002,99.0,98.9994,-0.0005
0.14400000000000002,99.0,98.9994,-0.0005
0.145,99.0,98.9993,-0.0005
0.146,99.0,98.9994,-0.0005
0.147,99.0,98.9993,-0.0006
0.148,99.0,98.9993,-0.0006
0.149,99.0,98.9993,-0.0006
0.15,99.0,98.9992,-0.0007
0.151,99.0,98.9992,-0.0007
0.152,99.0,98.9992,-0.0007
0.153,99.0,98.9992,-0.0007
0.154,99.0,98.9992,-0.0007
0.155,99.0,98.9991,-0.0008
0.156,99.0,98.9991,-0.0008
0.157,99.0,98.9991,-0.0008
0.158,99.0,98.9991,-0.0008
0.159,99.0,98.9991,-0.0008
0.16,99.0,98.9991,-0.0008
0.161,99.0,98.9991,-0.0008
0.162,99.0,98.9991,-0.0008
0.163,99.0,98.9991,-0.0008
0.164,99.0,98.9991,-0.0008
0.165,99.0,98.9991,-0.0008
0.166,99.0,98.9991,-0.0008
0.167,99.0,98.9991,-0.0008
0.168,99.0,98.999,-0.0009
0.169,99.0,98.999,-0.0009
0.17,99.0,98.999,-0.0009
0.171,99.0,98.999,-0.0009
0.17200000000000001,99.0,98.999,-0.0009
0.17300000000000001,99.0,98.999,-0.0009
0.17400000000000002,99.0,98.999,-0.0009
0.17500000000000002,99.0,98.999,-0.0009
0.176,99.0,98.999,-0.0009
0.177,99.0,98.9991,-0.0008
0.178,99.0,98.9991,-0.0008
0.179,99.0,98.9991,-0.0008
0.18,99.0,98.9991,-0.0008
0.181,99.0,98.9991,-0.0008
0.182,99.0,98.9992,-0.0007
0.183,99.0,98.9992,-0.0007
0.184,99.0,98.9993,-0.0006
0.185,99.0,98.9993,-0.0006
0.186,99.0,98.9993,-0.0006
0.187,99.0,98.9992,-0.0007
0.188,99.0,98.9992,-0.0007
0.189,99.0,98.9992,-0.0007
0.19,99.0,98.9993,-0.0006
0.191,99.0,98.9993,-0.0006
0.192,99.0,98.9993,-0.0006
0.193,99.0,98.9992,-0.0007
0.194,99.0,98.9992,-0.0007
0.195,99.0,98.9993,-0.0006
0.196,99.0,98.9993,-0.0006
0.197,99.0,98.9993,-0.0006
0.198,99.0,98.9993,-0.0006
0.199,99.0,98.9993,-0.0006
0.2,99.0,98.9993,-0.0005
0.201,99.0,98.9993,-0.0006
0.202,99.0,98.9993,-0.0006
0.203,99.0,98.9993,-0.0006
0.20400000000000001,99.0,98.9993,-0.0006
0.20500000000000002,99.0,98.9993,-0.0006
0.20600000000000002,99.0,98.9993,-0.0006
0.20700000000000002,99.0,98.9993,-0.0006
0.20800000000000002,99.0,98.9993,-0.0006
0.209,99.0,98.9993,-0.0006
0.21,99.0,98.9992,-0.0007
0.211,99.0,98.9992,-0.0007
0.212,99.0,98.9992,-0.0007
0.213,99.0,98.9992,-0.0007
0.214,99.0,98.9991,-0.0008
0.215,99.0,98.9992,-0.0007
0.216,99.0,98.9992,-0.0007
0.217,99.0,98.9992,-0.0007
0.218,99.0,98.9992,-0.0007
0.219,99.0,98.9992,-0.0007
0.22,99.0,98.9992,-0.0007
0.221,99.0,98.9992,-0.0007
0.222,99.0,98.9992,-0.0007
0.223,99.0,98.9992,-0.0007
0.224,99.0,98.9993,-0.0006
0.225,99.0,98.9993,-0.0006
0.226,99.0,98.9993,-0.0006
0.227,99.0,98.9993,-0.0006
0.228,99.0,98.9993,-0.0005
0.229,99.0,98.9994,-0.0005
0.23,99.0,98.9995,-0.0004
0.231,99.0,98.9995,-0.0004
0.232,99.0,98.9995,-0.0004
0.233,99.0,98.9995,-0.0004
0.234,99.0,98.9995,-0.0004
0.23500000000000001,99.0,98.9995,-0.0004
0.23600000000000002,99.0,98.9995,-0.0004
0.23700000000000002,99.0,98.9995,-0.0004
0.23800000000000002,99.0,98.9995,-0.0004
0.23900000000000002,99.0,98.9995,-0.0004
0.24,99.0,98.9995,-0.0004
0.241,99.0,98.9995,-0.0004
0.242,99.0,98.9996,-0.0003
0.243,99.0,98.9996,-0.0003
0.244,99.0,98.9996,-0.0003
0.245,99.0,98.9996,-0.0003
0.246,99.0,98.9996,-0.0003
0.247,99.0,98.9997,-0.0002
0.248,99.0,98.9997,-0.0002
0.249,99.0,98.9996,-0.0002
0.25,99.0,98.9996,-0.0002
0.251,99.0,98.9996,-0.0002
0.252,99.0,98.9997,-0.0002
0.253,99.0,98.9997,-0.0002
0.254,99.0,98.9997,-0.0002
0.255,99.0,98.9997,-0.0002
0.256,99.0,98.9997,-0.0002
0.257,99.0,98.9997,-0.0002
0.258,99.0,98.9997,-0.0002
0.259,99.0,98.9997,-0.0002
0.26,99.0,98.9997,-0.0002
0.261,99.0,98.9997,-0.0002
0.262,99.0,98.9997,-0.0002
0.263,99.0,98.9997,-0.0002
0.264,99.0,98.9996,-0.0003
0.265,99.0,98.9996,-0.0003
0.266,99.0,98.9996,-0.0003
0.267,99.0,98.9996,-0.0003
0.268,99.0,98.9996,-0.0003
0.269,99.0,98.9996,-0.0003
0.27,99.0,98.9996,-0.0003
0.271,99.0,98.9996,-0.0003
0.272,99.0,98.9996,-0.0003
0.273,99.0,98.9996,-0.0003
0.274,99.0,98.9995,-0.0004
0.275,99.0,98.9995,-0.0004
0.276,99.0,98.9995,-0.0004
0.277,99.0,98.9994,-0.0005
0.278,99.0,98.9994,-0.0005
0.279,99.0,98.9994,-0.0005
0.28,99.0,98.9993,-0.0006
0.281,99.0,98.9993,-0.0006
0.28200000000000003,99.0,98.9993,-0.0006
0.28300000000000003,99.0,98.9992,-0.0007
0.28400000000000003,99.0,98.9992,-0.0007
0.28500000000000003,99.0,98.9991,-0.0008
0.28600000000000003,99.0,98.9991,-0.0008
0.28700000000000003,99.0,98.9991,-0.0008
0.28800000000000003,99.0,98.999,-0.0009
0.289,99.0,98.999,-0.0009
0.29,99.0,98.999,-0.0009
0.291,99.0,98.999,-0.0009
0.292,99.0,98.9989,-0.001
0.293,99.0,98.9989,-0.001
0.294,99.0,98.9989,-0.001
0.295,99.0,98.9988,-0.0011
0.296,99.0,98.9988,-0.0011
0.297,99.0,98.9987,-0.0011
0.298,99.0,98.9987,-0.0011
0.299,99.0,98.9987,-0.0012
0.3,99.0,98.9987,-0.0012
0.301,99.0,98.9987,-0.0012
0.302,99.0,98.9986,-0.0013
0.303,99.0,98.9986,-0.0013
0.304,99.0,98.9985,-0.0014
0.305,99.0,98.9985,-0.0014
0.306,99.0,98.9985,-0.0014
0.307,99.0,98.9985,-0.0014
0.308,99.0,98.9984,-0.0015
0.309,99.0,98.9984,-0.0015
0.31,99.0,98.9984,-0.0015
0.311,99.0,98.9984,-0.0015
0.312,99.0,98.9984,-0.0015
0.313,99.0,98.9984,-0.0015
0.314,99.0,98.9984,-0.0015
0.315,99.0,98.9984,-0.0015
0.316,99.0,98.9984,-0.0015
0.317,99.0,98.9984,-0.0015
0.318,99.0,98.9984,-0.0015
0.319,99.0,98.9984,-0.0015
0.32,99.0,98.9984,-0.0015
0.321,99.0,98.9985,-0.0014
0.322,99.0,98.9985,-0.0014
0.323,99.0,98.9985,-0.0014
0.324,99.0,98.9985,-0.0014
0.325,99.0,98.9985,-0.0014
0.326,99.0,98.9986,-0.0013
0.327,99.0,98.9986,-0.0013
0.328,99.0,98.9986,-0.0013
0.329,99.0,98.9986,-0.0013
0.33,99.0,98.9986,-0.0013
0.331,99.0,98.9986,-0.0013
0.332,99.0,98.9986,-0.0013
0.333,99.0,98.9986,-0.0013
0.334,99.0,98.9986,-0.0013
0.335,99.0,98.9986,-0.0013
0.336,99.0,98.9986,-0.0013
0.337,99.0,98.9986,-0.0013
0.338,99.0,98.9986,-0.0013
0.339,99.0,98.9987,-0.0012
0.34,99.0,98.9987,-0.0012
0.341,99.0,98.9988,-0.0011
0.342,99.0,98.9988,-0.0011
0.343,99.0,98.9988,-0.0011
0.34400000000000003,99.0,98.9988,-0.0011
0.34500000000000003,99.0,98.9989,-0.001
0.34600000000000003,99.0,98.9989,-0.001
0.34700000000000003,99.0,98.999,-0.0009
0.34800000000000003,99.0,98.999,-0.0009
0.34900000000000003,99.0,98.999,-0.0009
0.35000000000000003,99.0,98.999,-0.0009
0.35100000000000003,99.0,98.9991,-0.0008
0.352,99.0,98.9991,-0.0008
0.353,99.0,98.9991,-0.0008
0.354,99.0,98.9992,-0.0007
0.355,99.0,98.9992,-0.0007
0.356,99.0,98.9992,-0.0007
0.357,99.0,98.9992,-0.0007
0.358,99.0,98.9993,-0.0006
0.359,99.0,98.9993,-0.0005
0.36,99.0,98.9994,-0.0005
0.361,99.0,98.9995,-0.0004
0.362,99.0,98.9996,-0.0003
0.363,99.0,98.9996,-0.0003
0.364,99.0,98.9997,-0.0002
0.365,99.0,98.9998,-0.0001
0.366,99.0,98.9998,-0.0001
0.367,99.0,98.9999,-0.0
0.368,99.0,98.9999,-0.0
0.369,99.0,98.9999,-0.0
0.37,99.0,99.0,0.0
0.371,99.0,99.0,0.0
0.372,99.0,99.0001,0.0001
0.373,99.0,99.0001,0.0001
0.374,99.0,99.0002,0.0002
0.375,99.0,99.0002,0.0002
0.376,99.0,99.0002,0.0002
0.377,99.0,99.0003,0.0003
0.378,99.0,99.0003,0.0003
0.379,99.0,99.0003,0.0003
0.38,99.0,99.0003,0.0003
0.381,99.0,99.0003,0.0003
0.382,99.0,99.0004,0.0004
0.383,99.0,99.0004,0.0004
0.384,99.0,99.0004,0.0005
0.385,99.0,99.0005,0.0005
0.386,99.0,99.0005,0.0005
0.387,99.0,99.0005,0.0005
0.388,99.0,99.0005,0.0005
0.389,99.0,99.0005,0.0005
0.39,99.0,99.0005,0.0005
0.391,99.0,99.0005,0.0005
0.392,99.0,99.0006,0.0006
0.393,99.0,99.0006,0.0006
0.394,99.0,99.0006,0.0006
0.395,99.0,99.0006,0.0006
0.396,99.0,99.0006,0.0006
0.397,99.0,99.0007,0.0007
0.398,99.0,99.0007,0.0007
0.399,99.0,99.0007,0.0007
0.4,99.0,99.0007,0.0007
0.401,99.0,99.0007,0.0007
0.402,99.0,99.0008,0.0008
0.403,99.0,99.0008,0.0008
0.404,99.0,99.0008,0.0008
0.405,99.0,99.0008,0.0008
0.406,99.0,99.0008,0.0008
0.40700000000000003,99.0,99.0008,0.0008
0.40800000000000003,99.0,99.0008,0.0009
0.40900000000000003,99.0,99.0009,0.0009
0.41000000000000003,99.0,99.0009,0.0009
0.41100000000000003,99.0,99.001,0.001
0.41200000000000003,99.0,99.001,0.001
0.41300000000000003,99.0,99.001,0.001
0.41400000000000003,99.0,99.001,0.001
0.41500000000000004,99.0,99.0011,0.0011
0.41600000000000004,99.0,99.0011,0.0011
0.417,99.0,99.0011,0.0011
0.418,99.0,99.0011,0.0011
0.419,99.0,99.0011,0.0011
0.42,99.0,99.001,0.001
0.421,99.0,99.001,0.001
0.422,99.0,99.001,0.001
0.423,99.0,99.001,0.001
0.424,99.0,99.001,0.001
0.425,99.0,99.001,0.001
0.426,99.0,99.001,0.001
0.427,99.0,99.001,0.001
0.428,99.0,99.001,0.001
0.429,99.0,99.001,0.001
0.43,99.0,99.001,0.001
0.431,99.0,99.001,0.001
0.432,99.0,99.001,0.001
0.433,99.0,99.001,0.001
0.434,99.0,99.001,0.001
0.435,99.0,99.001,0.001
0.436,99.0,99.001,0.001
0.437,99.0,99.001,0.001
0.438,99.0,99.0011,0.0011
0.439,99.0,99.001,0.001
0.44,99.0,99.001,0.001
0.441,99.0,99.001,0.001
0.442,99.0,99.001,0.001
0.443,99.0,99.001,0.001
0.444,99.0,99.001,0.001
0.445,99.0,99.001,0.001
0.446,99.0,99.001,0.001
0.447,99.0,99.001,0.001
0.448,99.0,99.001,0.001
0.449,99.0,99.001,0.001
0.45,99.0,99.001,0.001
0.451,99.0,99.001,0.001
0.452,99.0,99.001,0.001
0.453,99.0,99.001,0.001
0.454,99.0,99.001,0.001
0.455,99.0,99.001,0.001
0.456,99.0,99.0011,0.0011
0.457,99.0,99.0011,0.0011
0.458,99.0,99.001,0.001
0.459,99.0,99.001,0.001
0.46,99.0,99.0011,0.0011
0.461,99.0,99.0011,0.0012
0.462,99.0,99.0011,0.0011
0.463,99.0,99.0012,0.0012
0.464,99.0,99.0011,0.0012
0.465,99.0,99.0011,0.0011
0.466,99.0,99.0011,0.0011
0.467,99.0,99.0012,0.0012
0.468,99.0,99.0012,0.0012
0.46900000000000003,99.0,99.0012,0.0012
0.47000000000000003,99.0,99.0012,0.0012
0.47100000000000003,99.0,99.0012,0.0012
0.47200000000000003,99.0,99.0012,0.0012
0.47300000000000003,99.0,99.0012,0.0012
0.47400000000000003,99.0,99.0012,0.0012
0.47500000000000003,99.0,99.0012,0.0012
0.47600000000000003,99.0,99.0012,0.0012
0.47700000000000004,99.0,99.0012,0.0012
0.47800000000000004,99.0,99.0012,0.0012
0.47900000000000004,99.0,99.0012,0.0012
0.48,99.0,99.0012,0.0012
0.481,99.0,99.0012,0.0012
0.482,99.0,99.0012,0.0012
0.483,99.0,99.0013,0.0013
0.484,99.0,99.0013,0.0013
0.485,99.0,99.0013,0.0013
0.486,99.0,99.0013,0.0013
0.487,99.0,99.0013,0.0013
0.488,99.0,99.0013,0.0013
0.489,99.0,99.0012,0.0012
0.49,99.0,99.0012,0.0012
0.491,99.0,99.0012,0.0012
0.492,99.0,99.0012,0.0012
0.493,99.0,99.0012,0.0012
0.494,99.0,99.0012,0.0012
0.495,99.0,99.0012,0.0012
0.496,99.0,99.0012,0.0012
0.497,99.0,99.0011,0.0011
0.498,99.0,99.0012,0.0012
0.499,99.0,99.0012,0.0012
0.5,99.0,99.0012,0.0012
0.501,99.0,99.0012,0.0012
0.502,99.0,99.0012,0.0012
0.503,99.0,99.0012,0.0012
0.504,99.0,99.0012,0.0012
0.505,99.0,99.0012,0.0012
0.506,99.0,99.0011,0.0011
0.507,99.0,99.0012,0.0012
0.508,99.0,99.0012,0.0012
0.509,99.0,99.0012,0.0012
0.51,99.0,99.0012,0.0012
0.511,99.0,99.0013,0.0013
0.512,99.0,99.0013,0.0013
0.513,99.0,99.0013,0.0014
0.514,99.0,99.0014,0.0014
0.515,99.0,99.0014,0.0014
0.516,99.0,99.0014,0.0014
0.517,99.0,99.0014,0.0014
0.518,99.0,99.0014,0.0014
0.519,99.0,99.0015,0.0015
0.52,99.0,99.0015,0.0015
0.521,99.0,99.0015,0.0015
0.522,99.0,99.0016,0.0016
0.523,99.0,99.0016,0.0016
0.524,99.0,99.0015,0.0016
0.525,99.0,99.0016,0.0016
0.526,99.0,99.0015,0.0016
0.527,99.0,99.0016,0.0016
0.528,99.0,99.0016,0.0016
0.529,99.0,99.0016,0.0016
0.53,99.0,99.0016,0.0016
0.531,99.0,99.0016,0.0016
0.532,99.0,99.0017,0.0017
0.533,99.0,99.0017,0.0017
0.534,99.0,99.0018,0.0018
0.535,99.0,99.0018,0.0018
0.536,99.0,99.0018,0.0018
0.537,99.0,99.0018,0.0019
0.538,99.0,99.0019,0.0019
0.539,99.0,99.0019,0.0019
0.54,99.0,99.0019,0.0019
0.541,99.0,99.0019,0.0019
0.542,99.0,99.0019,0.0019
0.543,99.0,99.0019,0.0019
0.544,99.0,99.0019,0.0019
0.545,99.0,99.0019,0.0019
0.546,99.0,99.002,0.002
0.547,99.0,99.002,0.002
0.548,99.0,99.0019,0.0019
0.549,99.0,99.0019,0.0019
0.55,99.0,99.002,0.002
0.551,99.0,99.002,0.002
0.552,99.0,99.002,0.002
0.553,99.0,99.002,0.002
0.554,99.0,99.002,0.002
0.555,99.0,99.002,0.002
0.556,99.0,99.002,0.002
0.557,99.0,99.002,0.002
0.558,99.0,99.002,0.002
0.559,99.0,99.002,0.002
0.56,99.0,99.002,0.002
0.561,99.0,99.0019,0.0019
0.562,99.0,99.0019,0.0019
0.5630000000000001,99.0,99.0019,0.0019
0.5640000000000001,99.0,99.0019,0.0019
0.5650000000000001,99.0,99.0018,0.0018
0.5660000000000001,99.0,99.0018,0.0018
0.5670000000000001,99.0,99.0018,0.0018
0.5680000000000001,99.0,99.0018,0.0018
0.5690000000000001,99.0,99.0017,0.0018
0.5700000000000001,99.0,99.0017,0.0018
0.5710000000000001,99.0,99.0017,0.0017
0.5720000000000001,99.0,99.0018,0.0018
0.5730000000000001,99.0,99.0018,0.0018
0.5740000000000001,99.0,99.0017,0.0018
0.5750000000000001,99.0,99.0017,0.0017
0.5760000000000001,99.0,99.0017,0.0017
0.577,99.0,99.0017,0.0017
0.578,99.0,99.0017,0.0017
0.579,99.0,99.0017,0.0017
0.58,99.0,99.0017,0.0017
0.581,99.0,99.0017,0.0017
0.582,99.0,99.0017,0.0017
0.583,99.0,99.0017,0.0017
0.584,99.0,99.0017,0.0017
0.585,99.0,99.0017,0.0017
0.586,99.0,99.0017,0.0017
0.587,99.0,99.0016,0.0017
0.588,99.0,99.0016,0.0016
0.589,99.0,99.0016,0.0016
0.59,99.0,99.0016,0.0016
0.591,99.0,99.0016,0.0016
0.592,99.0,99.0015,0.0015
0.593,99.0,99.0015,0.0015
0.594,99.0,99.0015,0.0015
0.595,99.0,99.0015,0.0015
0.596,99.0,99.0015,0.0015
0.597,99.0,99.0015,0.0015
0.598,99.0,99.0014,0.0014
0.599,99.0,99.0014,0.0014
0.6,99.0,99.0014,0.0014
0.601,99.0,99.0013,0.0014
0.602,99.0,99.0013,0.0013
0.603,99.0,99.0012,0.0012
0.604,99.0,99.0012,0.0012
0.605,99.0,99.0012,0.0012
0.606,99.0,99.0013,0.0013
0.607,99.0,99.0012,0.0012
0.608,99.0,99.0012,0.0012
0.609,99.0,99.0012,0.0012
0.61,99.0,99.0012,0.0012
0.611,99.0,99.0011,0.0011
0.612,99.0,99.0011,0.0011
0.613,99.0,99.0011,0.0011
0.614,99.0,99.001,0.001
0.615,99.0,99.001,0.001
0.616,99.0,99.001,0.001
0.617,99.0,99.0009,0.0009
0.618,99.0,99.0009,0.0009
0.619,99.0,99.0009,0.0009
0.62,99.0,99.0008,0.0008
0.621,99.0,99.0008,0.0009
0.622,99.0,99.0008,0.0009
0.623,99.0,99.0008,0.0008
0.624,99.0,99.0008,0.0008
0.625,99.0,99.0008,0.0008
0.626,99.0,99.0008,0.0008
0.627,99.0,99.0008,0.0008
0.628,99.0,99.0008,0.0008
0.629,99.0,99.0008,0.0008
0.63,99.0,99.0008,0.0008
0.631,99.0,99.0007,0.0007
0.632,99.0,99.0007,0.0007
0.633,99.0,99.0007,0.0007
0.634,99.0,99.0007,0.0007
0.635,99.0,99.0006,0.0006
0.636,99.0,99.0006,0.0006
0.637,99.0,99.0005,0.0006
0.638,99.0,99.0006,0.0006
0.639,99.0,99.0006,0.0006
0.64,99.0,99.0005,0.0006
0.641,99.0,99.0006,0.0006
0.642,99.0,99.0006,0.0006
0.643,99.0,99.0006,0.0006
0.644,99.0,99.0005,0.0005
0.645,99.0,99.0005,0.0005
0.646,99.0,99.0006,0.0006
0.647,99.0,99.0005,0.0006
0.648,99.0,99.0005,0.0005
0.649,99.0,99.0005,0.0005
0.65,99.0,99.0005,0.0005
0.651,99.0,99.0005,0.0005
0.652,99.0,99.0005,0.0005
0.653,99.0,99.0005,0.0005
0.654,99.0,99.0005,0.0005
0.655,99.0,99.0005,0.0005
0.656,99.0,99.0005,0.0005
0.657,99.0,99.0004,0.0005
0.658,99.0,99.0004,0.0005
0.659,99.0,99.0004,0.0005
0.66,99.0,99.0004,0.0005
0.661,99.0,99.0004,0.0004
0.662,99.0,99.0004,0.0004
0.663,99.0,99.0004,0.0004
0.664,99.0,99.0004,0.0004
0.665,99.0,99.0003,0.0003
0.666,99.0,99.0004,0.0004
0.667,99.0,99.0003,0.0003
0.668,99.0,99.0003,0.0003
0.669,99.0,99.0003,0.0003
0.67,99.0,99.0003,0.0003
0.671,99.0,99.0003,0.0003
0.672,99.0,99.0003,0.0003
0.673,99.0,99.0002,0.0003
0.674,99.0,99.0002,0.0003
0.675,99.0,99.0002,0.0002
0.676,99.0,99.0002,0.0002
0.677,99.0,99.0002,0.0002
0.678,99.0,99.0002,0.0002
0.679,99.0,99.0001,0.0001
0.68,99.0,99.0001,0.0001
0.681,99.0,99.0001,0.0001
0.682,99.0,99.0,0.0
0.683,99.0,99.0001,0.0001
0.684,99.0,99.0001,0.0001
0.685,99.0,99.0001,0.0001
0.686,99.0,99.0002,0.0002
0.687,99.0,99.0001,0.0001
0.6880000000000001,99.0,99.0001,0.0001
0.6890000000000001,99.0,99.0001,0.0001
0.6900000000000001,99.0,99.0001,0.0001
0.6910000000000001,99.0,99.0001,0.0001
0.6920000000000001,99.0,99.0001,0.0001
0.6930000000000001,99.0,99.0,0.0
0.6940000000000001,99.0,99.0,0.0
0.6950000000000001,99.0,99.0,0.0
0.6960000000000001,99.0,99.0,0.0
0.6970000000000001,99.0,99.0,0.0
0.6980000000000001,99.0,99.0,0.0
0.6990000000000001,99.0,99.0,0.0
0.7000000000000001,99.0,99.0,0.0
0.7010000000000001,99.0,98.9999,-0.0
0.7020000000000001,99.0,98.9999,-0.0
0.7030000000000001,99.0,98.9999,-0.0
0.704,99.0,98.9999,-0.0
0.705,99.0,98.9998,-0.0001
0.706,99.0,98.9998,-0.0001
0.707,99.0,98.9998,-0.0001
0.708,99.0,98.9998,-0.0001
0.709,99.0,98.9997,-0.0002
0.71,99.0,98.9997,-0.0002
0.711,99.0,98.9997,-0.0002
0.712,99.0,98.9997,-0.0002
0.713,99.0,98.9997,-0.0002
0.714,99.0,98.9997,-0.0002
0.715,99.0,98.9997,-0.0001
0.716,99.0,98.9998,-0.0001
0.717,99.0,98.9998,-0.0001
0.718,99.0,98.9998,-0.0001
0.719,99.0,98.9999,-0.0
0.72,99.0,98.9999,-0.0
0.721,99.0,98.9999,-0.0
0.722,99.0,98.9999,-0.0
0.723,99.0,98.9999,-0.0
0.724,99.0,99.0,0.0
0.725,99.0,99.0,0.0
0.726,99.0,99.0,0.0
0.727,99.0,99.0,0.0
0.728,99.0,99.0,0.0
0.729,99.0,99.0,0.0
0.73,99.0,99.0,0.0
0.731,99.0,99.0,0.0
0.732,99.0,99.0,0.0
0.733,99.0,99.0001,0.0001
0.734,99.0,99.0001,0.0001
0.735,99.0,99.0001,0.0001
0.736,99.0,99.0001,0.0001
0.737,99.0,99.0002,0.0002
0.738,99.0,99.0002,0.0002
0.739,99.0,99.0002,0.0002
0.74,99.0,99.0002,0.0002
0.741,99.0,99.0002,0.0002
0.742,99.0,99.0003,0.0003
0.743,99.0,99.0003,0.0003
0.744,99.0,99.0003,0.0003
0.745,99.0,99.0003,0.0003
0.746,99.0,99.0003,0.0003
0.747,99.0,99.0004,0.0004
0.748,99.0,99.0004,0.0004
0.749,99.0,99.0004,0.0004
0.75,99.0,99.0004,0.0004
0.751,99.0,99.0004,0.0004
0.752,99.0,99.0004,0.0004
0.753,99.0,99.0004,0.0004
0.754,99.0,99.0004,0.0004
0.755,99.0,99.0004,0.0004
0.756,99.0,99.0005,0.0005
0.757,99.0,99.0005,0.0005
0.758,99.0,99.0005,0.0005
0.759,99.0,99.0005,0.0006
0.76,99.0,99.0006,0.0006
0.761,99.0,99.0006,0.0006
0.762,99.0,99.0006,0.0006
0.763,99.0,99.0006,0.0006
0.764,99.0,99.0005,0.0006
0.765,99.0,99.0005,0.0005
0.766,99.0,99.0005,0.0005
0.767,99.0,99.0005,0.0005
0.768,99.0,99.0005,0.0005
0.769,99.0,99.0005,0.0005
0.77,99.0,99.0005,0.0005
0.771,99.0,99.0005,0.0005
0.772,99.0,99.0005,0.0005
0.773,99.0,99.0005,0.0005
0.774,99.0,99.0005,0.0005
0.775,99.0,99.0004,0.0005
0.776,99.0,99.0005,0.0005
0.777,99.0,99.0005,0.0005
0.778,99.0,99.0005,0.0005
0.779,99.0,99.0005,0.0005
0.78,99.0,99.0005,0.0005
0.781,99.0,99.0005,0.0005
0.782,99.0,99.0005,0.0005
0.783,99.0,99.0004,0.0005
0.784,99.0,99.0005,0.0005
0.785,99.0,99.0005,0.0005
0.786,99.0,99.0005,0.0005
0.787,99.0,99.0006,0.0006
0.788,99.0,99.0006,0.0006
0.789,99.0,99.0006,0.0006
0.79,99.0,99.0006,0.0006
0.791,99.0,99.0006,0.0006
0.792,99.0,99.0005,0.0005
0.793,99.0,99.0005,0.0006
0.794,99.0,99.0006,0.0006
0.795,99.0,99.0006,0.0006
0.796,99.0,99.0006,0.0006
0.797,99.0,99.0006,0.0006
0.798,99.0,99.0005,0.0005
0.799,99.0,99.0005,0.0005
0.8,99.0,99.0005,0.0005
0.801,99.0,99.0004,0.0005
0.802,99.0,99.0004,0.0005
0.803,99.0,99.0004,0.0004
0.804,99.0,99.0003,0.0004
0.805,99.0,99.0003,0.0003
0.806,99.0,99.0003,0.0003
0.807,99.0,99.0003,0.0003
0.808,99.0,99.0003,0.0003
0.809,99.0,99.0003,0.0003
0.81,99.0,99.0003,0.0003
0.811,99.0,99.0002,0.0002
0.812,99.0,99.0002,0.0002
0.8130000000000001,99.0,99.0002,0.0002
0.8140000000000001,99.0,99.0002,0.0002
0.8150000000000001,99.0,99.0001,0.0001
0.8160000000000001,99.0,99.0001,0.0001
0.8170000000000001,99.0,99.0001,0.0001
0.8180000000000001,99.0,99.0001,0.0001
0.8190000000000001,99.0,99.0001,0.0001
0.8200000000000001,99.0,99.0001,0.0001
0.8210000000000001,99.0,99.0001,0.0001
0.8220000000000001,99.0,99.0001,0.0001
0.8230000000000001,99.0,99.0001,0.0001
0.8240000000000001,99.0,99.0001,0.0001
0.8250000000000001,99.0,99.0,0.0
0.8260000000000001,99.0,99.0,0.0
0.8270000000000001,99.0,99.0,0.0
0.8280000000000001,99.0,99.0,0.0
0.8290000000000001,99.0,99.0,0.0
0.8300000000000001,99.0,99.0,0.0
0.8310000000000001,99.0,99.0,0.0
0.8320000000000001,99.0,99.0,0.0
0.833,99.0,99.0,0.0
0.834,99.0,99.0,0.0
0.835,99.0,99.0,0.0
0.836,99.0,99.0,0.0
0.837,99.0,99.0,0.0
0.838,99.0,99.0,0.0
0.839,99.0,99.0,0.0
0.84,99.0,98.9999,-0.0
0.841,99.0,99.0,0.0
0.842,99.0,99.0,0.0
0.843,99.0,99.0,0.0
0.844,99.0,99.0,0.0
0.845,99.0,99.0,0.0
0.846,99.0,99.0001,0.0001
0.847,99.0,99.0001,0.0001
0.848,99.0,99.0001,0.0001
0.849,99.0,99.0001,0.0001
0.85,99.0,99.0001,0.0001
0.851,99.0,99.0001,0.0001
0.852,99.0,99.0002,0.0002
0.853,99.0,99.0002,0.0002
0.854,99.0,99.0002,0.0002
0.855,99.0,99.0002,0.0002
0.856,99.0,99.0002,0.0002
0.857,99.0,99.0002,0.0003
0.858,99.0,99.0002,0.0003
0.859,99.0,99.0002,0.0003
0.86,99.0,99.0003,0.0003
0.861,99.0,99.0003,0.0003
0.862,99.0,99.0003,0.0003
0.863,99.0,99.0004,0.0004
0.864,99.0,99.0004,0.0004
0.865,99.0,99.0004,0.0005
0.866,99.0,99.0004,0.0005
0.867,99.0,99.0004,0.0004
0.868,99.0,99.0004,0.0004
0.869,99.0,99.0004,0.0004
0.87,99.0,99.0004,0.0005
0.871,99.0,99.0005,0.0005
0.872,99.0,99.0006,0.0006
0.873,99.0,99.0006,0.0006
0.874,99.0,99.0006,0.0006
0.875,99.0,99.0006,0.0006
0.876,99.0,99.0006,0.0006
0.877,99.0,99.0006,0.0006
0.878,99.0,99.0006,0.0006
0.879,99.0,99.0005,0.0005
0.88,99.0,99.0006,0.0006
0.881,99.0,99.0006,0.0006
0.882,99.0,99.0006,0.0006
0.883,99.0,99.0005,0.0006
0.884,99.0,99.0006,0.0006
0.885,99.0,99.0006,0.0006
0.886,99.0,99.0006,0.0006
0.887,99.0,99.0007,0.0007
0.888,99.0,99.0006,0.0007
0.889,99.0,99.0007,0.0007
0.89,99.0,99.0007,0.0007
0.891,99.0,99.0007,0.0008
0.892,99.0,99.0008,0.0008
0.893,99.0,99.0008,0.0008
0.894,99.0,99.0008,0.0008
0.895,99.0,99.0008,0.0008
0.896,99.0,99.0008,0.0009
0.897,99.0,99.0008,0.0009
0.898,99.0,99.0008,0.0009
0.899,99.0,99.0008,0.0009
0.9,99.0,99.0008,0.0008
0.901,99.0,99.0007,0.0008
0.902,99.0,99.0008,0.0008
0.903,99.0,99.0007,0.0007
0.904,99.0,99.0007,0.0007
0.905,99.0,99.0007,0.0008
0.906,99.0,99.0008,0.0008
0.907,99.0,99.0008,0.0008
0.908,99.0,99.0008,0.0008
0.909,99.0,99.0008,0.0008
0.91,99.0,99.0008,0.0008
0.911,99.0,99.0007,0.0008
0.912,99.0,99.0007,0.0007
0.913,99.0,99.0007,0.0007
0.914,99.0,99.0007,0.0007
0.915,99.0,99.0007,0.0007
0.916,99.0,99.0007,0.0007
0.917,99.0,99.0007,0.0007
0.918,99.0,99.0007,0.0007
0.919,99.0,99.0007,0.0007
0.92,99.0,99.0007,0.0007
0.921,99.0,99.0007,0.0007
0.922,99.0,99.0007,0.0007
0.923,99.0,99.0007,0.0007
0.924,99.0,99.0007,0.0007
0.925,99.0,99.0007,0.0008
0.926,99.0,99.0007,0.0007
0.927,99.0,99.0007,0.0007
0.928,99.0,99.0007,0.0007
0.929,99.0,99.0007,0.0007
0.93,99.0,99.0007,0.0007
0.931,99.0,99.0007,0.0008
0.932,99.0,99.0008,0.0008
0.933,99.0,99.0008,0.0008
0.934,99.0,99.0008,0.0008
0.935,99.0,99.0008,0.0008
0.936,99.0,99.0008,0.0008
0.937,99.0,99.0008,0.0008
0.9380000000000001,99.0,99.0008,0.0008
0.9390000000000001,99.0,99.0008,0.0008
0.9400000000000001,99.0,99.0008,0.0008
0.9410000000000001,99.0,99.0008,0.0008
0.9420000000000001,99.0,99.0008,0.0009
0.9430000000000001,99.0,99.0008,0.0009
0.9440000000000001,99.0,99.0009,0.0009
0.9450000000000001,99.0,99.0009,0.0009
0.9460000000000001,99.0,99.0009,0.0009
0.9470000000000001,99.0,99.0009,0.0009
0.9480000000000001,99.0,99.0009,0.0009
0.9490000000000001,99.0,99.0009,0.0009
0.9500000000000001,99.0,99.0009,0.0009
0.9510000000000001,99.0,99.0008,0.0009
0.9520000000000001,99.0,99.0008,0.0009
0.9530000000000001,99.0,99.0008,0.0008
0.9540000000000001,99.0,99.0008,0.0008
0.9550000000000001,99.0,99.0008,0.0008
0.9560000000000001,99.0,99.0008,0.0008
0.9570000000000001,99.0,99.0008,0.0008
0.9580000000000001,99.0,99.0009,0.0009
0.9590000000000001,99.0,99.0009,0.0009
0.96,99.0,99.001,0.001
0.961,99.0,99.001,0.001
0.962,99.0,99.001,0.001
0.963,99.0,99.001,0.001
0.964,99.0,99.001,0.001
0.965,99.0,99.0009,0.0009
0.966,99.0,99.0009,0.0009
0.967,99.0,99.0009,0.0009
0.968,99.0,99.0009,0.0009
0.969,99.0,99.0009,0.0009
0.97,99.0,99.0009,0.0009
0.971,99.0,99.0009,0.0009
0.972,99.0,99.0009,0.0009
0.973,99.0,99.0008,0.0009
0.974,99.0,99.0009,0.0009
0.975,99.0,99.0009,0.0009
0.976,99.0,99.0009,0.0009
0.977,99.0,99.0009,0.0009
0.978,99.0,99.0009,0.0009
0.979,99.0,99.0009,0.0009
0.98,99.0,99.001,0.001
0.981,99.0,99.001,0.001
0.982,99.0,99.001,0.001
0.983,99.0,99.001,0.001
0.984,99.0,99.0011,0.0011
0.985,99.0,99.0011,0.0011
0.986,99.0,99.0011,0.0011
0.987,99.0,99.0011,0.0011
0.988,99.0,99.0011,0.0011
0.989,99.0,99.0011,0.0011
0.99,99.0,99.0011,0.0012
0.991,99.0,99.0011,0.0011
0.992,99.0,99.0011,0.0012
0.993,99.0,99.0011,0.0012
0.994,99.0,99.0012,0.0012
0.995,99.0,99.0012,0.0012
0.996,99.0,99.0012,0.0012
0.997,99.0,99.0012,0.0012
0.998,99.0,99.0012,0.0012
0.999,99.0,99.0012,0.0012
1.0,99.0,99.0012,0.0012
1.0010000000000001,99.0,99.0013,0.0013
1.002,99.0,99.0012,0.0012
1.0030000000000001,99.0,99.0013,0.0013
1.004,99.0,99.0013,0.0013
1.0050000000000001,99.0,99.0013,0.0013
1.006,99.0,99.0013,0.0014
1.0070000000000001,99.0,99.0014,0.0014
1.008,99.0,99.0014,0.0014
1.0090000000000001,99.0,99.0014,0.0014
1.01,99.0,99.0015,0.0015
1.0110000000000001,99.0,99.0015,0.0015
1.012,99.0,99.0015,0.0015
1.0130000000000001,99.0,99.0014,0.0015
1.014,99.0,99.0014,0.0014
1.0150000000000001,99.0,99.0015,0.0015
1.016,99.0,99.0015,0.0015
1.0170000000000001,99.0,99.0015,0.0015
1.018,99.0,99.0015,0.0015
1.0190000000000001,101.0,99.0015,-1.9984
1.02,101.0,99.0016,-1.9983
1.0210000000000001,101.0,99.0016,-1.9983
1.022,101.0,99.0016,-1.9983
1.0230000000000001,101.0,99.0016,-1.9983
1.024,101.0,99.0016,-1.9983
1.025,101.0,99.0017,-1.9982
1.026,101.0,99.0017,-1.9982
1.027,101.0,99.0017,-1.9982
1.028,101.0,99.0018,-1.9981
1.029,101.0,99.0018,-1.9981
1.03,101.0,99.0018,-1.9981
1.031,101.0,99.0018,-1.998
1.032,101.0,99.0019,-1.998
1.033,101.0,99.002,-1.9979
1.034,101.0,99.0021,-1.9978
1.035,101.0,99.0023,-1.9976
1.036,101.0,99.0023,-1.9976
1.037,101.0,99.0025,-1.9974
1.038,101.0,99.0026,-1.9973
1.039,101.0,99.0027,-1.9972
1.04,101.0,99.0028,-1.9971
1.041,101.0,99.003,-1.9969
1.042,101.0,99.0032,-1.9967
1.043,101.0,99.0034,-1.9965
1.044,101.0,99.0036,-1.9963
1.045,101.0,99.0038,-1.9961
1.046,101.0,99.0041,-1.9958
1.047,101.0,99.0043,-1.9956
1.048,101.0,99.0046,-1.9953
1.049,101.0,99.0048,-1.995
1.05,101.0,99.0052,-1.9947
1.051,101.0,99.0055,-1.9943
1.052,101.0,99.0059,-1.994
1.053,101.0,99.0062,-1.9936
1.054,101.0,99.0066,-1.9933
1.055,101.0,99.007,-1.9928
1.056,101.0,99.0075,-1.9924
1.057,101.0,99.0079,-1.992
1.058,101.0,99.0084,-1.9915
1.059,101.0,99.0089,-1.991
1.06,101.0,99.0095,-1.9904
1.061,101.0,99.0101,-1.9898
1.062,101.0,99.0107,-1.9892
1.063,101.0,99.0113,-1.9886
1.064,101.0,99.012,-1.9879
1.065,101.0,99.0127,-1.9872
1.066,101.0,99.0134,-1.9865
1.067,101.0,99.0142,-1.9857
1.068,101.0,99.015,-1.9849
1.069,101.0,99.0158,-1.9841
1.07,101.0,99.0167,-1.9832
1.071,101.0,99.0176,-1.9823
1.072,101.0,99.0185,-1.9813
1.073,101.0,99.0195,-1.9804
1.074,101.0,99.0205,-1.9794
1.075,101.0,99.0216,-1.9783
1.076,101.0,99.0227,-1.9772
1.077,101.0,99.0238,-1.9761
1.078,101.0,99.0251,-1.9748
1.079,101.0,99.0263,-1.9736
1.08,101.0,99.0276,-1.9723
1.081,101.0,99.0289,-1.971
1.082,101.0,99.0303,-1.9696
1.083,101.0,99.0318,-1.9681
1.084,101.0,99.0332,-1.9667
1.085,101.0,99.0347,-1.9652
1.086,101.0,99.0362,-1.9637
1.087,101.0,99.0378,-1.9621
1.088,101.0,99.0395,-1.9604
1.089,101.0,99.0411,-1.9588
1.09,101.0,99.0428,-1.9571
1.091,101.0,99.0446,-1.9553
1.092,101.0,99.0464,-1.9534
1.093,101.0,99.0483,-1.9515
1.094,101.0,99.0502,-1.9496
1.095,101.0,99.0523,-1.9476
1.096,101.0,99.0543,-1.9456
1.097,101.0,99.0564,-1.9435
1.098,101.0,99.0586,-1.9413
1.099,101.0,99.0607,-1.9391
1.1,101.0,99.063,-1.9369
1.101,101.0,99.0653,-1.9346
1.102,101.0,99.0676,-1.9322
1.103,101.0,99.07,-1.9298
1.104,101.0,99.0725,-1.9274
1.105,101.0,99.075,-1.9249
1.106,101.0,99.0775,-1.9224
1.107,101.0,99.0802,-1.9197
1.108,101.0,99.0828,-1.9171
1.109,101.0,99.0855,-1.9144
1.11,101.0,99.0884,-1.9115
1.111,101.0,99.0912,-1.9087
1.112,101.0,99.0942,-1.9057
1.113,101.0,99.0971,-1.9028
1.114,101.0,99.1001,-1.8998
1.115,101.0,99.1031,-1.8968
1.116,101.0,99.1062,-1.8937
1.117,101.0,99.1093,-1.8906
1.118,101.0,99.1125,-1.8874
1.119,101.0,99.1158,-1.8841
1.12,101.0,99.1191,-1.8808
1.121,101.0,99.1224,-1.8775
1.122,101.0,99.1258,-1.874
1.123,101.0,99.1293,-1.8706
1.124,101.0,99.1328,-1.867
1.125,101.0,99.1364,-1.8635
1.1260000000000001,101.0,99.14,-1.8599
1.127,101.0,99.1437,-1.8562
1.1280000000000001,101.0,99.1474,-1.8525
1.129,101.0,99.1512,-1.8487
1.1300000000000001,101.0,99.155,-1.8449
1.131,101.0,99.1589,-1.841
1.1320000000000001,101.0,99.1628,-1.8371
1.133,101.0,99.1668,-1.8331
1.1340000000000001,101.0,99.1708,-1.8291
1.135,101.0,99.1749,-1.825
1.1360000000000001,101.0,99.179,-1.8209
1.137,101.0,99.1831,-1.8168
1.1380000000000001,101.0,99.1873,-1.8126
1.139,101.0,99.1915,-1.8084
1.1400000000000001,101.0,99.1958,-1.8041
1.141,101.0,99.2001,-1.7998
1.1420000000000001,101.0,99.2045,-1.7954
1.143,101.0,99.2089,-1.791
1.1440000000000001,101.0,99.2133,-1.7865
1.145,101.0,99.2178,-1.7821
1.1460000000000001,101.0,99.2224,-1.7775
1.147,101.0,99.2269,-1.773
1.1480000000000001,101.0,99.2316,-1.7683
1.149,101.0,99.2362,-1.7637
1.1500000000000001,101.0,99.2409,-1.759
1.151,101.0,99.2456,-1.7543
1.1520000000000001,101.0,99.2504,-1.7495
1.153,101.0,99.2553,-1.7446
1.154,101.0,99.2601,-1.7398
1.155,101.0,99.265,-1.7349
1.156,101.0,99.2699,-1.73
1.157,101.0,99.2749,-1.725
1.158,101.0,99.2799,-1.72
1.159,101.0,99.2849,-1.715
1.16,101.0,99.2899,-1.7099
1.161,101.0,99.2951,-1.7048
1.162,101.0,99.3002,-1.6997
1.163,101.0,99.3053,-1.6946
1.164,101.0,99.3105,-1.6894
1.165,101.0,99.3158,-1.6841
1.166,101.0,99.3211,-1.6788
1.167,101.0,99.3263,-1.6735
1.168,101.0,99.3316,-1.6682
1.169,101.0,99.337,-1.6629
1.17,101.0,99.3424,-1.6575
1.171,101.0,99.3478,-1.6521
1.172,101.0,99.3533,-1.6466
1.173,101.0,99.3588,-1.6411
1.174,101.0,99.3643,-1.6356
1.175,101.0,99.3698,-1.6301
1.176,101.0,99.3753,-1.6245
1.177,101.0,99.3809,-1.619
1.178,101.0,99.3865,-1.6134
1.179,101.0,99.3921,-1.6078
1.18,101.0,99.3977,-1.6022
1.181,101.0,99.4035,-1.5964
1.182,101.0,99.4092,-1.5907
1.183,101.0,99.4149,-1.585
1.184,101.0,99.4207,-1.5792
1.185,101.0,99.4264,-1.5734
1.186,101.0,99.4323,-1.5676
1.187,101.0,99.4381,-1.5618
1.188,101.0,99.444,-1.5559
1.189,101.0,99.4498,-1.5501
1.19,101.0,99.4557,-1.5442
1.191,101.0,99.4616,-1.5383
1.192,101.0,99.4674,-1.5325
1.193,101.0,99.4734,-1.5265
1.194,101.0,99.4793,-1.5206
1.195,101.0,99.4852,-1.5147
1.196,101.0,99.4912,-1.5087
1.197,101.0,99.4971,-1.5028
1.198,101.0,99.503,-1.4969
1.199,101.0,99.5089,-1.491
1.2,101.0,99.5149,-1.485
1.201,101.0,99.5209,-1.479
1.202,101.0,99.5268,-1.4731
1.203,101.0,99.5328,-1.4671
1.204,101.0,99.5388,-1.4611
1.205,101.0,99.5448,-1.4551
1.206,101.0,99.5508,-1.4491
1.207,101.0,99.5567,-1.4432
1.208,101.0,99.5628,-1.4371
1.209,101.0,99.5688,-1.4311
1.21,101.0,99.5748,-1.4251
1.211,101.0,99.5808,-1.4191
1.212,101.0,99.5868,-1.4131
1.213,101.0,99.5928,-1.4071
1.214,101.0,99.5987,-1.4011
1.215,101.0,99.6047,-1.3952
1.216,101.0,99.6107,-1.3891
1.217,101.0,99.6167,-1.3832
1.218,101.0,99.6227,-1.3772
1.219,101.0,99.6286,-1.3713
1.22,101.0,99.6346,-1.3653
1.221,101.0,99.6406,-1.3593
1.222,101.0,99.6465,-1.3534
1.223,101.0,99.6525,-1.3474
1.224,101.0,99.6583,-1.3415
1.225,101.0,99.6642,-1.3357
1.226,101.0,99.6701,-1.3298
1.227,101.0,99.676,-1.3239
1.228,101.0,99.6819,-1.318
1.229,101.0,99.6877,-1.3122
1.23,101.0,99.6935,-1.3064
1.231,101.0,99.6994,-1.3005
1.232,101.0,99.7052,-1.2947
1.233,101.0,99.711,-1.2889
1.234,101.0,99.7167,-1.2832
1.235,101.0,99.7225,-1.2774
1.236,101.0,99.7282,-1.2717
1.237,101.0,99.7338,-1.266
1.238,101.0,99.7395,-1.2604
1.239,101.0,99.7452,-1.2547
1.24,101.0,99.7509,-1.249
1.241,101.0,99.7565,-1.2434
1.242,101.0,99.762,-1.2378
1.243,101.0,99.7677,-1.2322
1.244,101.0,99.7732,-1.2267
1.245,101.0,99.7787,-1.2212
1.246,101.0,99.7842,-1.2157
1.247,101.0,99.7897,-1.2102
1.248,101.0,99.7951,-1.2047
1.249,101.0,99.8006,-1.1993
1.25,101.0,99.806,-1.1939
1.2510000000000001,101.0,99.8115,-1.1884
1.252,101.0,99.8168,-1.1831
1.2530000000000001,101.0,99.8221,-1.1778
1.254,101.0,99.8275,-1.1724
1.2550000000000001,101.0,99.8328,-1.1671
1.256,101.0,99.8381,-1.1618
1.2570000000000001,101.0,99.8433,-1.1566
1.258,101.0,99.8485,-1.1514
1.2590000000000001,101.0,99.8538,-1.1461
1.26,101.0,99.859,-1.1409
1.2610000000000001,101.0,99.8641,-1.1358
1.262,101.0,99.8692,-1.1307
1.2630000000000001,101.0,99.8743,-1.1255
1.264,101.0,99.8795,-1.1204
1.2650000000000001,101.0,99.8846,-1.1153
1.266,101.0,99.8896,-1.1103
1.2670000000000001,101.0,99.8947,-1.1052
1.268,101.0,99.8997,-1.1002
1.2690000000000001,101.0,99.9046,-1.0953
1.27,101.0,99.9096,-1.0903
1.2710000000000001,101.0,99.9146,-1.0853
1.272,101.0,99.9195,-1.0804
1.2730000000000001,101.0,99.9243,-1.0755
1.274,101.0,99.9292,-1.0707
1.2750000000000001,101.0,99.9341,-1.0658
1.276,101.0,99.9389,-1.061
1.2770000000000001,101.0,99.9438,-1.0561
1.278,101.0,99.9487,-1.0512
1.2790000000000001,101.0,99.9535,-1.0464
1.28,101.0,99.9582,-1.0417
1.281,101.0,99.963,-1.0369
1.282,101.0,99.9677,-1.0321
1.283,101.0,99.9725,-1.0274
1.284,101.0,99.9772,-1.0227
1.285,101.0,99.9819,-1.018
1.286,101.0,99.9866,-1.0133
1.287,101.0,99.9912,-1.0087
1.288,101.0,99.9958,-1.0041
1.289,101.0,100.0005,-0.9994
1.29,101.0,100.0051,-0.9948
1.291,101.0,100.0096,-0.9903
1.292,101.0,100.0142,-0.9857
1.293,101.0,100.0187,-0.9812
1.294,101.0,100.0233,-0.9766
1.295,101.0,100.0278,-0.9721
1.296,101.0,100.0323,-0.9676
1.297,101.0,100.0368,-0.9631
1.298,101.0,100.0413,-0.9586
1.299,101.0,100.0458,-0.9541
1.3,101.0,100.0502,-0.9497
1.301,101.0,100.0546,-0.9453
1.302,101.0,100.0591,-0.9408
1.303,101.0,100.0635,-0.9364
1.304,101.0,100.0679,-0.932
1.305,101.0,100.0723,-0.9276
1.306,101.0,100.0766,-0.9233
1.307,101.0,100.0809,-0.919
1.308,101.0,100.0853,-0.9146
1.309,101.0,100.0896,-0.9103
1.31,101.0,100.0939,-0.906
1.311,101.0,100.0982,-0.9017
1.312,101.0,100.1025,-0.8974
1.313,101.0,100.1067,-0.8932
1.314,101.0,100.111,-0.8889
1.315,101.0,100.1152,-0.8847
1.316,101.0,100.1194,-0.8805
1.317,101.0,100.1237,-0.8762
1.318,101.0,100.1278,-0.8721
1.319,101.0,100.132,-0.8679
1.32,101.0,100.1361,-0.8638
1.321,101.0,100.1402,-0.8596
1.322,101.0,100.1444,-0.8555
1.323,101.0,100.1485,-0.8514
1.324,101.0,100.1526,-0.8473
1.325,101.0,100.1567,-0.8432
1.326,101.0,100.1608,-0.8391
1.327,101.0,100.1648,-0.835
1.328,101.0,100.1688,-0.831
1.329,101.0,100.1728,-0.8271
1.33,101.0,100.1769,-0.823
1.331,101.0,100.1809,-0.819
1.332,101.0,100.1849,-0.815
1.333,101.0,100.1889,-0.811
1.334,101.0,100.1927,-0.8071
1.335,101.0,100.1967,-0.8032
1.336,101.0,100.2006,-0.7993
1.337,101.0,100.2045,-0.7954
1.338,101.0,100.2084,-0.7915
1.339,101.0,100.2122,-0.7877
1.34,101.0,100.2161,-0.7838
1.341,101.0,100.2199,-0.78
1.342,101.0,100.2237,-0.7762
1.343,101.0,100.2275,-0.7724
1.344,101.0,100.2312,-0.7687
1.345,101.0,100.2349,-0.765
1.346,101.0,100.2387,-0.7612
1.347,101.0,100.2424,-0.7575
1.348,101.0,100.2461,-0.7538
1.349,101.0,100.2498,-0.7501
1.35,101.0,100.2535,-0.7464
1.351,101.0,100.2571,-0.7428
1.352,101.0,100.2608,-0.7391
1.353,101.0,100.2644,-0.7355
1.354,101.0,100.268,-0.7319
1.355,101.0,100.2716,-0.7283
1.356,101.0,100.2752,-0.7247
1.357,101.0,100.2787,-0.7212
1.358,101.0,100.2822,-0.7177
1.359,101.0,100.2857,-0.7142
1.36,101.0,100.2892,-0.7107
1.361,101.0,100.2926,-0.7073
1.362,101.0,100.2961,-0.7038
1.363,101.0,100.2995,-0.7004
1.364,101.0,100.3029,-0.697
1.365,101.0,100.3063,-0.6936
1.366,101.0,100.3097,-0.6902
1.367,101.0,100.313,-0.6869
1.368,101.0,100.3163,-0.6836
1.369,101.0,100.3196,-0.6802
1.37,101.0,100.3229,-0.677
1.371,101.0,100.3262,-0.6737
1.372,101.0,100.3295,-0.6704
1.373,101.0,100.3328,-0.6671
1.374,101.0,100.336,-0.6638
1.375,101.0,100.3392,-0.6607
1.3760000000000001,101.0,100.3424,-0.6575
1.377,101.0,100.3456,-0.6543
1.3780000000000001,101.0,100.3487,-0.6511
1.379,101.0,100.3519,-0.648
1.3800000000000001,101.0,100.355,-0.6449
1.381,101.0,100.3581,-0.6418
1.3820000000000001,101.0,100.3612,-0.6387
1.383,101.0,100.3643,-0.6356
1.3840000000000001,101.0,100.3674,-0.6325
1.385,101.0,100.3704,-0.6295
1.3860000000000001,101.0,100.3734,-0.6264
1.387,101.0,100.3765,-0.6234
1.3880000000000001,101.0,100.3795,-0.6204
1.389,101.0,100.3825,-0.6174
1.3900000000000001,101.0,100.3854,-0.6144
1.391,101.0,100.3884,-0.6115
1.3920000000000001,101.0,100.3914,-0.6085
1.393,101.0,100.3943,-0.6056
1.3940000000000001,101.0,100.3972,-0.6027
1.395,101.0,100.4001,-0.5998
1.3960000000000001,101.0,100.403,-0.5969
1.397,101.0,100.4059,-0.594
1.3980000000000001,101.0,100.4088,-0.5911
1.399,101.0,100.4117,-0.5882
1.4000000000000001,101.0,100.4145,-0.5854
1.401,101.0,100.4173,-0.5826
1.4020000000000001,101.0,100.4201,-0.5798
1.403,101.0,100.423,-0.5769
1.4040000000000001,101.0,100.4258,-0.5741
1.405,101.0,100.4286,-0.5713
1.4060000000000001,101.0,100.4314,-0.5685
1.407,101.0,100.4341,-0.5658
1.408,101.0,100.4369,-0.563
1.409,101.0,100.4397,-0.5602
1.41,101.0,100.4424,-0.5575
1.411,101.0,100.4451,-0.5548
1.412,101.0,100.4478,-0.5521
1.413,101.0,100.4505,-0.5493
1.414,101.0,100.4533,-0.5466
1.415,101.0,100.4559,-0.5439
1.416,101.0,100.4587,-0.5412
1.417,101.0,100.4613,-0.5386
1.418,101.0,100.464,-0.5359
1.419,101.0,100.4667,-0.5332
1.42,101.0,100.4693,-0.5306
1.421,101.0,100.4719,-0.528
1.422,101.0,100.4746,-0.5253
1.423,101.0,100.4771,-0.5227
1.424,101.0,100.4798,-0.5201
1.425,101.0,100.4823,-0.5176
1.426,101.0,100.4849,-0.515
1.427,101.0,100.4874,-0.5125
1.428,101.0,100.4899,-0.51
1.429,101.0,100.4925,-0.5074
1.43,101.0,100.495,-0.5049
1.431,101.0,100.4975,-0.5024
1.432,101.0,100.5,-0.4999
1.433,101.0,100.5025,-0.4974
1.434,101.0,100.5049,-0.495
1.435,101.0,100.5073,-0.4925
1.436,101.0,100.5098,-0.4901
1.437,101.0,100.5123,-0.4876
1.438,101.0,100.5147,-0.4852
1.439,101.0,100.5172,-0.4827
1.44,101.0,100.5195,-0.4804
1.441,101.0,100.522,-0.4779
1.442,101.0,100.5244,-0.4755
1.443,101.0,100.5268,-0.4731
1.444,101.0,100.5291,-0.4708
1.445,101.0,100.5314,-0.4685
1.446,101.0,100.5338,-0.4661
1.447,101.0,100.5361,-0.4638
1.448,101.0,100.5384,-0.4615
1.449,101.0,100.5407,-0.4592
1.45,101.0,100.543,-0.4569
1.451,101.0,100.5453,-0.4546
1.452,101.0,100.5475,-0.4524
1.453,101.0,100.5497,-0.4502
1.454,101.0,100.552,-0.4479
1.455,101.0,100.5542,-0.4457
1.456,101.0,100.5565,-0.4434
1.457,101.0,100.5587,-0.4412
1.458,101.0,100.5609,-0.439
1.459,101.0,100.5631,-0.4368
1.46,101.0,100.5652,-0.4347
1.461,101.0,100.5674,-0.4325
1.462,101.0,100.5696,-0.4303
1.463,101.0,100.5717,-0.4282
1.464,101.0,100.5739,-0.426
1.465,101.0,100.576,-0.4239
1.466,101.0,100.5781,-0.4218
1.467,101.0,100.5802,-0.4197
1.468,101.0,100.5822,-0.4177
1.469,101.0,100.5843,-0.4156
1.47,101.0,100.5863,-0.4136
1.471,101.0,100.5883,-0.4115
1.472,101.0,100.5904,-0.4095
1.473,101.0,100.5924,-0.4075
1.474,101.0,100.5944,-0.4055
1.475,101.0,100.5964,-0.4035
1.476,101.0,100.5984,-0.4015
1.477,101.0,100.6004,-0.3995
1.478,101.0,100.6023,-0.3976
1.479,101.0,100.6043,-0.3956
1.48,101.0,100.6062,-0.3937
1.481,101.0,100.6082,-0.3917
1.482,101.0,100.6102,-0.3897
1.483,101.0,100.612,-0.3879
1.484,101.0,100.614,-0.3859
1.485,101.0,100.6158,-0.3841
1.486,101.0,100.6177,-0.3822
1.487,101.0,100.6196,-0.3803
1.488,101.0,100.6214,-0.3785
1.489,101.0,100.6233,-0.3766
1.49,101.0,100.6252,-0.3747
1.491,101.0,100.627,-0.3729
1.492,101.0,100.6289,-0.371
1.493,101.0,100.6306,-0.3693
1.494,101.0,100.6325,-0.3674
1.495,101.0,100.6343,-0.3656
1.496,101.0,100.636,-0.3639
1.497,101.0,100.6379,-0.362
1.498,101.0,100.6396,-0.3603
1.499,101.0,100.6414,-0.3585
1.5,101.0,100.6431,-0.3568
1.5010000000000001,101.0,100.6448,-0.355
1.502,101.0,100.6466,-0.3533
1.5030000000000001,101.0,100.6483,-0.3516
1.504,101.0,100.6501,-0.3498
1.5050000000000001,101.0,100.6518,-0.3481
1.506,101.0,100.6535,-0.3464
1.5070000000000001,101.0,100.6552,-0.3447
1.508,101.0,100.6569,-0.343
1.5090000000000001,101.0,100.6586,-0.3413
1.51,101.0,100.6603,-0.3396
1.5110000000000001,101.0,100.6621,-0.3378
1.512,101.0,100.6638,-0.3361
1.5130000000000001,101.0,100.6654,-0.3345
1.514,101.0,100.6671,-0.3327
1.5150000000000001,101.0,100.6688,-0.3311
1.516,101.0,100.6704,-0.3295
1.5170000000000001,101.0,100.6721,-0.3278
1.518,101.0,100.6737,-0.3262
1.5190000000000001,101.0,100.6754,-0.3245
1.52,101.0,100.677,-0.3228
1.5210000000000001,101.0,100.6786,-0.3213
1.522,101.0,100.6803,-0.3196
1.5230000000000001,101.0,100.6819,-0.318
1.524,101.0,100.6836,-0.3163
1.5250000000000001,101.0,100.6852,-0.3147
1.526,101.0,100.6868,-0.313
1.5270000000000001,101.0,100.6885,-0.3114
1.528,101.0,100.6901,-0.3098
1.5290000000000001,101.0,100.6917,-0.3082
1.53,101.0,100.6933,-0.3066
1.5310000000000001,101.0,100.6949,-0.305
1.532,101.0,100.6965,-0.3034
1.5330000000000001,101.0,100.6981,-0.3018
1.534,101.0,100.6996,-0.3003
1.5350000000000001,101.0,100.7012,-0.2987
1.536,101.0,100.7027,-0.2972
1.537,101.0,100.7043,-0.2956
1.538,101.0,100.7058,-0.2941
1.539,101.0,100.7073,-0.2925
1.54,101.0,100.7089,-0.291
1.541,101.0,100.7105,-0.2894
1.542,101.0,100.712,-0.2879
1.543,101.0,100.7135,-0.2864
1.544,101.0,100.715,-0.2849
1.545,101.0,100.7165,-0.2834
1.546,101.0,100.718,-0.2819
1.547,101.0,100.7195,-0.2804
1.548,101.0,100.721,-0.2789
1.549,101.0,100.7225,-0.2774
1.55,101.0,100.724,-0.2759
1.551,101.0,100.7254,-0.2744
1.552,101.0,100.7269,-0.273
1.553,101.0,100.7284,-0.2715
1.554,101.0,100.7298,-0.2701
1.555,101.0,100.7313,-0.2686
1.556,101.0,100.7328,-0.2671
1.557,101.0,100.7342,-0.2657
1.558,101.0,100.7357,-0.2642
1.559,101.0,100.7371,-0.2628
1.56,101.0,100.7385,-0.2614
1.561,101.0,100.74,-0.2599
1.562,101.0,100.7414,-0.2585
1.563,101.0,100.7428,-0.2571
1.564,101.0,100.7442,-0.2557
1.565,101.0,100.7456,-0.2543
1.566,101.0,100.747,-0.2529
1.567,101.0,100.7483,-0.2516
1.568,101.0,100.7497,-0.2502
1.569,101.0,100.7511,-0.2488
1.57,101.0,100.7524,-0.2475
1.571,101.0,100.7537,-0.2462
1.572,101.0,100.755,-0.2449
1.573,101.0,100.7564,-0.2435
1.574,101.0,100.7577,-0.2422
1.575,101.0,100.759,-0.2409
1.576,101.0,100.7604,-0.2395
1.577,101.0,100.7617,-0.2382
1.578,101.0,100.763,-0.2369
1.579,101.0,100.7643,-0.2356
1.58,101.0,100.7655,-0.2343
1.581,101.0,100.7668,-0.2331
1.582,101.0,100.7681,-0.2318
1.583,101.0,100.7694,-0.2305
1.584,101.0,100.7706,-0.2293
1.585,101.0,100.7719,-0.228
1.586,101.0,100.7732,-0.2267
1.587,101.0,100.7744,-0.2255
1.588,101.0,100.7757,-0.2242
1.589,101.0,100.7769,-0.223
1.59,101.0,100.7781,-0.2218
1.591,101.0,100.7793,-0.2206
1.592,101.0,100.7805,-0.2194
1.593,101.0,100.7817,-0.2182
1.594,101.0,100.7829,-0.217
1.595,101.0,100.784,-0.2158
1.596,101.0,100.7852,-0.2146
1.597,101.0,100.7864,-0.2135
1.598,101.0,100.7877,-0.2122
1.599,101.0,100.7888,-0.2111
1.6,101.0,100.79,-0.2099
1.601,101.0,100.7912,-0.2087
1.602,101.0,100.7923,-0.2076
1.603,101.0,100.7934,-0.2065
1.604,101.0,100.7945,-0.2053
1.605,101.0,100.7957,-0.2042
1.606,101.0,100.7968,-0.2031
1.607,101.0,100.7979,-0.202
1.608,101.0,100.799,-0.2009
1.609,101.0,100.8002,-0.1997
1.61,101.0,100.8013,-0.1986
1.611,101.0,100.8024,-0.1975
1.612,101.0,100.8034,-0.1965
1.613,101.0,100.8045,-0.1954
1.614,101.0,100.8056,-0.1943
1.615,101.0,100.8067,-0.1932
1.616,101.0,100.8077,-0.1922
1.617,101.0,100.8088,-0.1911
1.618,101.0,100.8099,-0.19
1.619,101.0,100.8109,-0.189
1.62,101.0,100.812,-0.1879
1.621,101.0,100.813,-0.1869
1.622,101.0,100.8141,-0.1858
1.623,101.0,100.8151,-0.1848
1.624,101.0,100.8161,-0.1837
1.625,101.0,100.8172,-0.1827
1.6260000000000001,101.0,100.8182,-0.1817
1.627,101.0,100.8192,-0.1807
1.6280000000000001,101.0,100.8203,-0.1796
1.629,101.0,100.8213,-0.1786
1.6300000000000001,101.0,100.8223,-0.1776
1.631,101.0,100.8233,-0.1766
1.6320000000000001,101.0,100.8243,-0.1756
1.633,101.0,100.8253,-0.1746
1.6340000000000001,101.0,100.8263,-0.1736
1.635,101.0,100.8273,-0.1726
1.6360000000000001,101.0,100.8283,-0.1716
1.637,101.0,100.8293,-0.1705
1.6380000000000001,101.0,100.8303,-0.1696
1.639,101.0,100.8313,-0.1686
1.6400000000000001,101.0,100.8323,-0.1676
1.641,101.0,100.8332,-0.1667
1.6420000000000001,101.0,100.8341,-0.1658
1.643,101.0,100.8351,-0.1648
1.6440000000000001,101.0,100.836,-0.1639
1.645,101.0,100.837,-0.1629
1.6460000000000001,101.0,100.8379,-0.162
1.647,101.0,100.8389,-0.161
1.6480000000000001,101.0,100.8398,-0.1601
1.649,101.0,100.8407,-0.1592
1.6500000000000001,101.0,100.8417,-0.1582
1.651,101.0,100.8426,-0.1573
1.6520000000000001,101.0,100.8436,-0.1563
1.653,101.0,100.8444,-0.1555
1.6540000000000001,101.0,100.8454,-0.1545
1.655,101.0,100.8463,-0.1536
1.6560000000000001,101.0,100.8471,-0.1528
1.657,101.0,100.848,-0.1519
1.6580000000000001,101.0,100.8489,-0.151
1.659,101.0,100.8498,-0.1501
1.6600000000000001,101.0,100.8507,-0.1492
1.661,101.0,100.8516,-0.1483
1.6620000000000001,101.0,100.8525,-0.1474
1.663,101.0,100.8534,-0.1465
1.6640000000000001,101.0,100.8543,-0.1456
1.665,101.0,100.8552,-0.1447
1.666,101.0,100.856,-0.1439
1.667,101.0,100.8569,-0.143
1.668,101.0,100.8578,-0.1421
1.669,101.0,100.8586,-0.1413
1.67,101.0,100.8595,-0.1404
1.671,101.0,100.8603,-0.1395
1.672,101.0,100.8612,-0.1387
1.673,101.0,100.862,-0.1379
1.674,101.0,100.8629,-0.137
1.675,101.0,100.8638,-0.1361
1.676,101.0,100.8646,-0.1353
1.677,101.0,100.8655,-0.1344
1.678,101.0,100.8663,-0.1336
1.679,101.0,100.8671,-0.1328
1.68,101.0,100.8679,-0.132
1.681,101.0,100.8687,-0.1311
1.682,101.0,100.8696,-0.1303
1.683,101.0,100.8704,-0.1295
1.684,101.0,100.8712,-0.1286
1.685,101.0,100.872,-0.1278
1.686,101.0,100.8728,-0.127
1.687,101.0,100.8737,-0.1262
1.688,101.0,100.8745,-0.1254
1.689,101.0,100.8753,-0.1246
1.69,101.0,100.876,-0.1239
1.691,101.0,100.8768,-0.1231
1.692,101.0,100.8776,-0.1222
1.693,101.0,100.8784,-0.1215
1.694,101.0,100.8792,-0.1207
1.695,101.0,100.88,-0.1198
1.696,101.0,100.8808,-0.1191
1.697,101.0,100.8816,-0.1183
1.698,101.0,100.8823,-0.1176
1.699,101.0,100.8831,-0.1168
1.7,101.0,100.8838,-0.1161
1.701,101.0,100.8846,-0.1153
1.702,101.0,100.8854,-0.1145
1.703,101.0,100.8861,-0.1138
1.704,101.0,100.8869,-0.113
1.705,101.0,100.8876,-0.1123
1.706,101.0,100.8884,-0.1115
1.707,101.0,100.8891,-0.1108
1.708,101.0,100.8898,-0.1101
1.709,101.0,100.8905,-0.1094
1.71,101.0,100.8913,-0.1086
1.711,101.0,100.892,-0.1079
1.712,101.0,100.8927,-0.1072
1.713,101.0,100.8934,-0.1065
1.714,101.0,100.8941,-0.1058
1.715,101.0,100.8948,-0.1051
1.716,101.0,100.8955,-0.1044
1.717,101.0,100.8962,-0.1037
1.718,101.0,100.8968,-0.103
1.719,101.0,100.8975,-0.1023
1.72,101.0,100.8982,-0.1017
1.721,101.0,100.8989,-0.101
1.722,101.0,100.8996,-0.1003
1.723,101.0,100.9002,-0.0996
1.724,101.0,100.9009,-0.099
1.725,101.0,100.9016,-0.0983
1.726,101.0,100.9023,-0.0976
1.727,101.0,100.9029,-0.097
1.728,101.0,100.9036,-0.0963
1.729,101.0,100.9042,-0.0957
1.73,101.0,100.9049,-0.095
1.731,101.0,100.9056,-0.0943
1.732,101.0,100.9062,-0.0937
1.733,101.0,100.9069,-0.093
1.734,101.0,100.9076,-0.0923
1.735,101.0,100.9082,-0.0917
1.736,101.0,100.9089,-0.091
1.737,101.0,100.9096,-0.0903
1.738,101.0,100.9102,-0.0897
1.739,101.0,100.9108,-0.0891
1.74,101.0,100.9114,-0.0885
1.741,101.0,100.912,-0.0878
1.742,101.0,100.9127,-0.0872
1.743,101.0,100.9133,-0.0866
1.744,101.0,100.9139,-0.086
1.745,101.0,100.9145,-0.0853
1.746,101.0,100.9152,-0.0847
1.747,101.0,100.9158,-0.0841
1.748,101.0,100.9164,-0.0835
1.749,101.0,100.917,-0.0829
1.75,101.0,100.9176,-0.0823
1.7510000000000001,101.0,100.9182,-0.0817
1.752,101.0,100.9188,-0.0811
1.7530000000000001,101.0,100.9194,-0.0805
1.754,101.0,100.92,-0.0799
1.7550000000000001,101.0,100.9206,-0.0793
1.756,101.0,100.9211,-0.0787
1.7570000000000001,101.0,100.9217,-0.0782
1.758,101.0,100.9223,-0.0776
1.7590000000000001,101.0,100.9229,-0.077
1.76,101.0,100.9234,-0.0765
1.7610000000000001,101.0,100.924,-0.0759
1.762,101.0,100.9245,-0.0754
1.7630000000000001,101.0,100.9251,-0.0748
1.764,101.0,100.9256,-0.0743
1.7650000000000001,101.0,100.9262,-0.0737
1.766,101.0,100.9267,-0.0731
1.7670000000000001,101.0,100.9273,-0.0726
1.768,101.0,100.9278,-0.0721
1.7690000000000001,101.0,100.9284,-0.0715
1.77,101.0,100.929,-0.0709
1.7710000000000001,101.0,100.9295,-0.0704
1.772,101.0,100.9301,-0.0698
1.7730000000000001,101.0,100.9306,-0.0693
1.774,101.0,100.9312,-0.0687
1.7750000000000001,101.0,100.9317,-0.0682
1.776,101.0,100.9322,-0.0677
1.7770000000000001,101.0,100.9327,-0.0671
1.778,101.0,100.9333,-0.0666
1.7790000000000001,101.0,100.9338,-0.0661
1.78,101.0,100.9343,-0.0656
1.7810000000000001,101.0,100.9348,-0.0651
1.782,101.0,100.9353,-0.0646
1.7830000000000001,101.0,100.9358,-0.0641
1.784,101.0,100.9363,-0.0636
1.7850000000000001,101.0,100.9368,-0.0631
1.786,101.0,100.9373,-0.0626
1.7870000000000001,101.0,100.9378,-0.0621
1.788,101.0,100.9383,-0.0616
1.7890000000000001,101.0,100.9388,-0.0611
1.79,101.0,100.9393,-0.0606
1.7910000000000001,101.0,100.9398,-0.0601
1.792,101.0,100.9403,-0.0596
1.793,101.0,100.9408,-0.0591
1.794,101.0,100.9413,-0.0586
1.795,101.0,100.9418,-0.0581
1.796,101.0,100.9423,-0.0576
1.797,101.0,100.9427,-0.0572
1.798,101.0,100.9432,-0.0567
1.799,101.0,100.9437,-0.0562
1.8,101.0,100.9442,-0.0557
1.801,101.0,100.9447,-0.0552
1.802,101.0,100.9452,-0.0547
1.803,101.0,100.9457,-0.0542
1.804,101.0,100.9462,-0.0537
1.805,101.0,100.9467,-0.0531
1.806,101.0,100.9473,-0.0526
1.807,101.0,100.9477,-0.0521
1.808,101.0,100.9482,-0.0517
1.809,101.0,100.9487,-0.0512
1.81,101.0,100.9491,-0.0507
1.811,101.0,100.9496,-0.0503
1.812,101.0,100.9501,-0.0498
1.813,101.0,100.9506,-0.0493
1.814,101.0,100.951,-0.0489
1.815,101.0,100.9515,-0.0484
1.816,101.0,100.9519,-0.048
1.817,101.0,100.9524,-0.0475
1.818,101.0,100.9529,-0.047
1.819,101.0,100.9534,-0.0465
1.82,101.0,100.9539,-0.046
1.821,101.0,100.9543,-0.0456
1.822,101.0,100.9548,-0.0451
1.823,101.0,100.9553,-0.0446
1.824,101.0,100.9557,-0.0441
1.825,101.0,100.9562,-0.0437
1.826,101.0,100.9567,-0.0432
1.827,101.0,100.9572,-0.0427
1.828,101.0,100.9577,-0.0422
1.829,101.0,100.9581,-0.0418
1.83,101.0,100.9586,-0.0413
1.831,101.0,100.9591,-0.0408
1.832,101.0,100.9595,-0.0404
1.833,101.0,100.96,-0.0399
1.834,101.0,100.9605,-0.0394
1.835,101.0,100.9609,-0.039
1.836,101.0,100.9614,-0.0385
1.837,101.0,100.9618,-0.0381
1.838,101.0,100.9623,-0.0376
1.839,101.0,100.9627,-0.0371
1.84,101.0,100.9632,-0.0367
1.841,101.0,100.9637,-0.0362
1.842,101.0,100.9641,-0.0358
1.843,101.0,100.9645,-0.0353
1.844,101.0,100.965,-0.0349
1.845,101.0,100.9654,-0.0344
1.846,101.0,100.9659,-0.034
1.847,101.0,100.9664,-0.0335
1.848,101.0,100.9668,-0.0331
1.849,101.0,100.9672,-0.0327
1.85,101.0,100.9676,-0.0323
1.851,101.0,100.968,-0.0319
1.852,101.0,100.9684,-0.0315
1.853,101.0,100.9688,-0.0311
1.854,101.0,100.9692,-0.0307
1.855,101.0,100.9697,-0.0302
1.856,101.0,100.9701,-0.0298
1.857,101.0,100.9705,-0.0294
1.858,101.0,100.971,-0.0289
1.859,101.0,100.9714,-0.0285
1.86,101.0,100.9718,-0.028
1.861,101.0,100.9723,-0.0276
1.862,101.0,100.9727,-0.0272
1.863,101.0,100.9732,-0.0267
1.864,101.0,100.9736,-0.0263
1.865,101.0,100.9741,-0.0258
1.866,101.0,100.9745,-0.0254
1.867,101.0,100.9749,-0.025
1.868,101.0,100.9753,-0.0246
1.869,101.0,100.9757,-0.0242
1.87,101.0,100.9761,-0.0238
1.871,101.0,100.9766,-0.0233
1.872,101.0,100.977,-0.0229
1.873,101.0,100.9774,-0.0225
1.874,101.0,100.9778,-0.0221
1.875,101.0,100.9782,-0.0216
1.8760000000000001,101.0,100.9787,-0.0212
1.877,101.0,100.9791,-0.0208
1.8780000000000001,101.0,100.9795,-0.0204
1.879,101.0,100.9799,-0.02
1.8800000000000001,101.0,100.9802,-0.0197
1.881,101.0,100.9806,-0.0193
1.8820000000000001,101.0,100.981,-0.0189
1.883,101.0,100.9814,-0.0185
1.8840000000000001,101.0,100.9818,-0.0181
1.885,101.0,100.9822,-0.0177
1.8860000000000001,101.0,100.9826,-0.0173
1.887,101.0,100.983,-0.0169
1.8880000000000001,101.0,100.9834,-0.0165
1.889,101.0,100.9838,-0.0161
1.8900000000000001,101.0,100.9842,-0.0157
1.891,101.0,100.9846,-0.0153
1.8920000000000001,101.0,100.9849,-0.0149
1.893,101.0,100.9853,-0.0146
1.8940000000000001,101.0,100.9857,-0.0142
1.895,101.0,100.986,-0.0139
1.8960000000000001,101.0,100.9864,-0.0135
1.897,101.0,100.9868,-0.0131
1.8980000000000001,101.0,100.9871,-0.0128
1.899,101.0,100.9875,-0.0124
1.9000000000000001,101.0,100.9878,-0.0121
1.901,101.0,100.9882,-0.0117
1.9020000000000001,101.0,100.9885,-0.0114
1.903,101.0,100.9888,-0.011
1.9040000000000001,101.0,100.9892,-0.0107
1.905,101.0,100.9895,-0.0103
1.9060000000000001,101.0,100.9899,-0.01
1.907,101.0,100.9903,-0.0096
1.9080000000000001,101.0,100.9906,-0.0093
1.909,101.0,100.991,-0.0089
1.9100000000000001,101.0,100.9913,-0.0086
1.911,101.0,100.9916,-0.0083
1.9120000000000001,101.0,100.9919,-0.008
1.913,101.0,100.9922,-0.0077
1.9140000000000001,101.0,100.9926,-0.0073
1.915,101.0,100.9929,-0.007
1.9160000000000001,101.0,100.9933,-0.0066
1.917,101.0,100.9936,-0.0063
1.9180000000000001,101.0,100.9939,-0.006
1.919,101.0,100.9943,-0.0056
1.92,101.0,100.9946,-0.0053
1.921,101.0,100.9949,-0.005
1.922,101.0,100.9952,-0.0046
1.923,101.0,100.9956,-0.0043
1.924,101.0,100.9959,-0.004
1.925,101.0,100.9962,-0.0036
1.926,101.0,100.9966,-0.0033
1.927,101.0,100.9968,-0.003
1.928,101.0,100.9972,-0.0027
1.929,101.0,100.9975,-0.0024
1.93,101.0,100.9978,-0.0021
1.931,101.0,100.9981,-0.0018
1.932,101.0,100.9984,-0.0015
1.933,101.0,100.9987,-0.0012
1.934,101.0,100.9991,-0.0008
1.935,101.0,100.9993,-0.0005
1.936,101.0,100.9996,-0.0002
1.937,101.0,101.0,0.0
1.938,101.0,101.0003,0.0003
1.939,101.0,101.0006,0.0006
1.94,101.0,101.0009,0.0009
1.941,101.0,101.0012,0.0012
1.942,101.0,101.0015,0.0015
1.943,101.0,101.0018,0.0018
1.944,101.0,101.0021,0.0021
1.945,101.0,101.0023,0.0023
1.946,101.0,101.0026,0.0026
1.947,101.0,101.0029,0.0029
1.948,101.0,101.0032,0.0032
1.949,101.0,101.0035,0.0035
1.95,101.0,101.0038,0.0038
1.951,101.0,101.0041,0.0041
1.952,101.0,101.0044,0.0044
1.953,101.0,101.0046,0.0046
1.954,101.0,101.0049,0.0049
1.955,101.0,101.0052,0.0052
1.956,101.0,101.0054,0.0054
1.957,101.0,101.0057,0.0057
1.958,101.0,101.0059,0.0059
1.959,101.0,101.0062,0.0062
1.96,101.0,101.0065,0.0065
1.961,101.0,101.0068,0.0068
1.962,101.0,101.007,0.007
1.963,101.0,101.0073,0.0073
1.964,101.0,101.0075,0.0075
1.965,101.0,101.0077,0.0077
1.966,101.0,101.008,0.008
1.967,101.0,101.0082,0.0082
1.968,101.0,101.0085,0.0085
1.969,101.0,101.0087,0.0087
1.97,101.0,101.009,0.009
1.971,101.0,101.0092,0.0092
1.972,101.0,101.0095,0.0095
1.973,101.0,101.0098,0.0098
1.974,101.0,101.0101,0.0101
1.975,101.0,101.0103,0.0103
1.976,101.0,101.0105,0.0106
1.977,101.0,101.0108,0.0108
1.978,101.0,101.011,0.0111
1.979,101.0,101.0112,0.0113
1.98,101.0,101.0115,0.0115
1.981,101.0,101.0118,0.0118
1.982,101.0,101.012,0.012
1.983,101.0,101.0122,0.0122
1.984,101.0,101.0125,0.0125
1.985,101.0,101.0127,0.0127
1.986,101.0,101.0129,0.0129
1.987,101.0,101.0131,0.0131
1.988,101.0,101.0134,0.0134
1.989,101.0,101.0136,0.0136
1.99,101.0,101.0138,0.0138
1.991,101.0,101.014,0.014
1.992,101.0,101.0143,0.0143
1.993,101.0,101.0146,0.0146
1.994,101.0,101.0148,0.0148
1.995,101.0,101.015,0.015
1.996,101.0,101.0152,0.0152
1.997,101.0,101.0154,0.0154
1.998,101.0,101.0157,0.0157
1.999,101.0,101.0159,0.0159
2.0,101.0,101.0161,0.0161
2.001,101.0,101.0163,0.0163
2.0020000000000002,101.0,101.0165,0.0165
2.003,101.0,101.0168,0.0168
2.004,101.0,101.017,0.017
2.005,101.0,101.0172,0.0173
2.0060000000000002,101.0,101.0174,0.0174
2.007,101.0,101.0177,0.0177
2.008,101.0,101.0179,0.0179
2.009,101.0,101.0182,0.0182
2.0100000000000002,101.0,101.0184,0.0184
2.011,101.0,101.0187,0.0187
2.012,101.0,101.0189,0.0189
2.013,101.0,101.0191,0.0191
2.0140000000000002,101.0,101.0193,0.0193
2.015,101.0,101.0195,0.0195
2.016,101.0,101.0197,0.0197
2.017,101.0,101.02,0.02
2.0180000000000002,101.0,101.0201,0.0201
2.019,101.0,101.0203,0.0203
2.02,101.0,101.0205,0.0205
2.021,101.0,101.0207,0.0207
2.0220000000000002,101.0,101.0209,0.0209
2.023,101.0,101.0211,0.0211
2.024,101.0,101.0213,0.0213
2.025,101.0,101.0216,0.0216
2.0260000000000002,101.0,101.0217,0.0217
2.027,101.0,101.022,0.022
2.028,101.0,101.0222,0.0222
2.029,101.0,101.0224,0.0224
2.0300000000000002,101.0,101.0226,0.0226
2.031,101.0,101.0227,0.0228
2.032,101.0,101.023,0.023
2.033,101.0,101.0232,0.0232
2.0340000000000003,101.0,101.0234,0.0234
2.035,101.0,101.0236,0.0236
2.036,101.0,101.0238,0.0238
2.037,101.0,101.024,0.024
2.0380000000000003,101.0,101.0242,0.0242
2.039,101.0,101.0245,0.0245
2.04,101.0,101.0246,0.0246
2.041,101.0,101.0248,0.0249
2.0420000000000003,101.0,101.0251,0.0251
2.043,101.0,101.0252,0.0252
2.044,101.0,101.0254,0.0254
2.045,101.0,101.0256,0.0256
2.0460000000000003,101.0,101.0258,0.0258
2.047,101.0,101.026,0.026
2.048,101.0,101.0262,0.0262
2.049,101.0,101.0263,0.0263
2.05,101.0,101.0265,0.0265
2.051,101.0,101.0267,0.0267
2.052,101.0,101.0269,0.0269
2.053,101.0,101.0271,0.0271
2.054,101.0,101.0272,0.0273
2.055,101.0,101.0274,0.0274
2.056,101.0,101.0276,0.0276
2.057,101.0,101.0278,0.0278
2.058,101.0,101.028,0.028
2.059,101.0,101.0282,0.0282
2.06,101.0,101.0284,0.0284
2.061,101.0,101.0286,0.0286
2.062,101.0,101.0288,0.0288
2.063,101.0,101.029,0.029
2.064,101.0,101.0292,0.0292
2.065,101.0,101.0293,0.0293
2.066,101.0,101.0294,0.0295
2.067,101.0,101.0296,0.0296
2.068,101.0,101.0297,0.0297
2.069,101.0,101.0299,0.0299
2.07,101.0,101.03,0.03
2.071,101.0,101.0302,0.0302
2.072,101.0,101.0303,0.0303
2.073,101.0,101.0305,0.0305
2.074,101.0,101.0306,0.0306
2.075,101.0,101.0308,0.0308
2.076,101.0,101.031,0.031
2.077,101.0,101.0311,0.0311
2.078,101.0,101.0313,0.0313
2.079,101.0,101.0315,0.0315
2.08,101.0,101.0316,0.0316
2.081,101.0,101.0318,0.0318
2.082,101.0,101.0319,0.0319
2.083,101.0,101.032,0.032
2.084,101.0,101.0321,0.0322
2.085,101.0,101.0322,0.0322
2.086,101.0,101.0324,0.0324
2.087,101.0,101.0325,0.0325
2.088,101.0,101.0326,0.0327
2.089,101.0,101.0328,0.0328
2.09,101.0,101.0329,0.0329
2.091,101.0,101.033,0.033
2.092,101.0,101.0332,0.0332
2.093,101.0,101.0333,0.0333
2.094,101.0,101.0334,0.0334
2.095,101.0,101.0335,0.0335
2.096,101.0,101.0336,0.0336
2.097,101.0,101.0337,0.0337
2.098,101.0,101.0339,0.0339
2.099,101.0,101.0341,0.0341
2.1,101.0,101.0342,0.0342
2.101,101.0,101.0344,0.0344
2.102,101.0,101.0345,0.0345
2.103,101.0,101.0346,0.0346
2.104,101.0,101.0347,0.0347
2.105,101.0,101.0349,0.0349
2.106,101.0,101.0351,0.0351
2.107,101.0,101.0352,0.0352
2.108,101.0,101.0353,0.0353
2.109,101.0,101.0354,0.0354
2.11,101.0,101.0356,0.0356
2.111,101.0,101.0357,0.0357
2.112,101.0,101.0358,0.0358
2.113,101.0,101.0359,0.0359
2.114,101.0,101.036,0.0361
2.115,101.0,101.0361,0.0362
2.116,101.0,101.0363,0.0363
2.117,101.0,101.0364,0.0364
2.118,101.0,101.0365,0.0365
2.119,101.0,101.0367,0.0367
2.12,101.0,101.0368,0.0368
2.121,101.0,101.0369,0.0369
2.122,101.0,101.0371,0.0371
2.123,101.0,101.0372,0.0372
2.124,101.0,101.0373,0.0373
2.125,101.0,101.0375,0.0375
2.126,101.0,101.0376,0.0376
2.1270000000000002,101.0,101.0377,0.0377
2.128,101.0,101.0378,0.0378
2.129,101.0,101.038,0.038
2.13,101.0,101.0381,0.0381
2.1310000000000002,101.0,101.0382,0.0382
2.132,101.0,101.0384,0.0384
2.133,101.0,101.0385,0.0385
2.134,101.0,101.0386,0.0386
2.1350000000000002,101.0,101.0387,0.0387
2.136,101.0,101.0388,0.0388
2.137,101.0,101.0389,0.039
2.138,101.0,101.0391,0.0391
2.1390000000000002,101.0,101.0392,0.0392
2.14,101.0,101.0393,0.0393
2.141,101.0,101.0394,0.0394
2.142,101.0,101.0396,0.0396
2.1430000000000002,101.0,101.0397,0.0397
2.144,101.0,101.0398,0.0398
2.145,101.0,101.04,0.04
2.146,101.0,101.0401,0.0401
2.1470000000000002,101.0,101.0403,0.0403
2.148,101.0,101.0404,0.0404
2.149,101.0,101.0406,0.0406
2.15,101.0,101.0408,0.0408
2.1510000000000002,101.0,101.0409,0.0409
2.152,101.0,101.041,0.041
2.153,101.0,101.0412,0.0412
2.154,101.0,101.0413,0.0413
2.1550000000000002,101.0,101.0415,0.0415
2.156,101.0,101.0416,0.0416
2.157,101.0,101.0417,0.0417
2.158,101.0,101.0418,0.0418
2.1590000000000003,101.0,101.0419,0.0419
2.16,101.0,101.042,0.042
2.161,101.0,101.0421,0.0421
2.162,101.0,101.0422,0.0422
2.1630000000000003,101.0,101.0424,0.0424
2.164,101.0,101.0425,0.0425
2.165,101.0,101.0426,0.0426
2.166,101.0,101.0427,0.0427
2.1670000000000003,101.0,101.0428,0.0428
2.168,101.0,101.0429,0.0429
2.169,101.0,101.043,0.043
2.17,101.0,101.0431,0.0431
2.1710000000000003,101.0,101.0432,0.0432
2.172,101.0,101.0434,0.0434
2.173,101.0,101.0435,0.0435
2.174,101.0,101.0436,0.0436
2.1750000000000003,101.0,101.0437,0.0437
2.176,101.0,101.0438,0.0439
2.177,101.0,101.0439,0.0439
2.178,101.0,101.044,0.044
2.179,101.0,101.0441,0.0441
2.18,101.0,101.0442,0.0442
2.181,101.0,101.0443,0.0443
2.182,101.0,101.0443,0.0443
2.183,101.0,101.0445,0.0445
2.184,101.0,101.0445,0.0445
2.185,101.0,101.0446,0.0446
2.186,101.0,101.0447,0.0447
2.187,101.0,101.0448,0.0448
2.188,101.0,101.0449,0.0449
2.189,101.0,101.045,0.045
2.19,101.0,101.0451,0.0451
2.191,101.0,101.0452,0.0452
2.192,101.0,101.0452,0.0452
2.193,101.0,101.0453,0.0453
2.194,101.0,101.0454,0.0454
2.195,101.0,101.0455,0.0455
2.196,101.0,101.0457,0.0457
2.197,101.0,101.0458,0.0458
2.198,101.0,101.0459,0.0459
2.199,101.0,101.046,0.046
2.2,101.0,101.046,0.046
2.201,101.0,101.0461,0.0462
2.202,101.0,101.0462,0.0462
2.203,101.0,101.0463,0.0463
2.204,101.0,101.0464,0.0465
2.205,101.0,101.0465,0.0465
2.206,101.0,101.0466,0.0466
2.207,101.0,101.0466,0.0466
2.208,101.0,101.0467,0.0467
2.209,101.0,101.0468,0.0469
2.21,101.0,101.047,0.047
2.211,101.0,101.047,0.047
2.212,101.0,101.0471,0.0471
2.213,101.0,101.0472,0.0472
2.214,101.0,101.0473,0.0473
2.215,101.0,101.0474,0.0474
2.216,101.0,101.0474,0.0475
2.217,101.0,101.0475,0.0475
2.218,101.0,101.0476,0.0476
2.219,101.0,101.0476,0.0476
2.22,101.0,101.0477,0.0477
2.221,101.0,101.0478,0.0478
2.222,101.0,101.0479,0.0479
2.223,101.0,101.0479,0.0479
2.224,101.0,101.048,0.048
2.225,101.0,101.0481,0.0481
2.226,101.0,101.0481,0.0482
2.227,101.0,101.0482,0.0482
2.228,101.0,101.0483,0.0483
2.229,101.0,101.0484,0.0484
2.23,101.0,101.0484,0.0484
2.231,101.0,101.0485,0.0485
2.232,101.0,101.0485,0.0486
2.233,101.0,101.0486,0.0486
2.234,101.0,101.0487,0.0487
2.235,101.0,101.0488,0.0488
2.236,101.0,101.0489,0.0489
2.237,101.0,101.0489,0.0489
2.238,101.0,101.0489,0.0489
2.239,101.0,101.049,0.049
2.24,101.0,101.0491,0.0491
2.241,101.0,101.0491,0.0491
2.242,101.0,101.0492,0.0492
2.243,101.0,101.0493,0.0493
2.244,101.0,101.0493,0.0494
2.245,101.0,101.0494,0.0494
2.246,101.0,101.0495,0.0495
2.247,101.0,101.0496,0.0496
2.248,101.0,101.0497,0.0497
2.249,101.0,101.0497,0.0497
2.25,101.0,101.0498,0.0498
2.251,101.0,101.0499,0.0499
2.2520000000000002,101.0,101.0499,0.0499
2.253,101.0,101.05,0.05
2.254,101.0,101.0501,0.0501
2.255,101.0,101.0501,0.0502
2.2560000000000002,101.0,101.0502,0.0502
2.257,101.0,101.0503,0.0503
2.258,101.0,101.0503,0.0503
2.259,101.0,101.0504,0.0504
2.2600000000000002,101.0,101.0504,0.0505
2.261,101.0,101.0505,0.0505
2.262,101.0,101.0506,0.0506
2.263,101.0,101.0507,0.0507
2.2640000000000002,101.0,101.0507,0.0508
2.265,101.0,101.0508,0.0508
2.266,101.0,101.0508,0.0508
2.267,101.0,101.0509,0.0509
2.2680000000000002,101.0,101.0509,0.0509
2.269,101.0,101.0509,0.0509
2.27,101.0,101.051,0.051
2.271,101.0,101.0511,0.0511
2.2720000000000002,101.0,101.0511,0.0511
2.273,101.0,101.0511,0.0511
2.274,101.0,101.0511,0.0511
2.275,101.0,101.0511,0.0511
2.2760000000000002,101.0,101.0511,0.0511
2.277,101.0,101.0511,0.0511
2.278,101.0,101.0511,0.0511
2.279,101.0,101.0511,0.0511
2.2800000000000002,101.0,101.0511,0.0511
2.281,101.0,101.0511,0.0511
2.282,101.0,101.0511,0.0511
2.283,101.0,101.0511,0.0512
2.2840000000000003,101.0,101.0511,0.0511
2.285,101.0,101.0512,0.0512
2.286,101.0,101.0512,0.0512
2.287,101.0,101.0512,0.0512
2.2880000000000003,101.0,101.0512,0.0512
2.289,101.0,101.0512,0.0512
2.29,101.0,101.0512,0.0512
2.291,101.0,101.0512,0.0513
2.2920000000000003,101.0,101.0513,0.0513
2.293,101.0,101.0513,0.0513
2.294,101.0,101.0513,0.0513
2.295,101.0,101.0513,0.0513
2.2960000000000003,101.0,101.0513,0.0513
2.297,101.0,101.0514,0.0514
2.298,101.0,101.0514,0.0514
2.299,101.0,101.0514,0.0514
2.3000000000000003,101.0,101.0515,0.0515
2.301,101.0,101.0514,0.0514
2.302,101.0,101.0514,0.0514
2.303,101.0,101.0514,0.0514
2.3040000000000003,101.0,101.0514,0.0514
2.305,101.0,101.0515,0.0515
2.306,101.0,101.0515,0.0515
2.307,101.0,101.0515,0.0515
2.308,101.0,101.0515,0.0515
2.309,101.0,101.0515,0.0515
2.31,101.0,101.0515,0.0515
2.311,101.0,101.0515,0.0515
2.312,101.0,101.0515,0.0515
2.313,101.0,101.0515,0.0515
2.314,101.0,101.0515,0.0515
2.315,101.0,101.0514,0.0514
2.316,101.0,101.0514,0.0514
2.317,101.0,101.0515,0.0515
2.318,101.0,101.0515,0.0515
2.319,101.0,101.0516,0.0516
2.32,101.0,101.0516,0.0516
2.321,101.0,101.0516,0.0516
2.322,101.0,101.0517,0.0517
2.323,101.0,101.0517,0.0517
2.324,101.0,101.0517,0.0517
2.325,101.0,101.0518,0.0518
2.326,101.0,101.0518,0.0518
2.327,101.0,101.0518,0.0518
2.328,101.0,101.0518,0.0518
2.329,101.0,101.0518,0.0518
2.33,101.0,101.0518,0.0518
2.331,101.0,101.0518,0.0518
2.332,101.0,101.0518,0.0518
2.333,101.0,101.0518,0.0518
2.334,101.0,101.0518,0.0518
2.335,101.0,101.0518,0.0518
2.336,101.0,101.0518,0.0518
2.337,101.0,101.0518,0.0518
2.338,101.0,101.0518,0.0518
2.339,101.0,101.0518,0.0519
2.34,101.0,101.0518,0.0518
2.341,101.0,101.0518,0.0519
2.342,101.0,101.0519,0.0519
2.343,101.0,101.0519,0.0519
2.344,101.0,101.0519,0.0519
2.345,101.0,101.0519,0.0519
2.346,101.0,101.052,0.052
2.347,101.0,101.052,0.052
2.348,101.0,101.052,0.0521
2.349,101.0,101.0521,0.0521
2.35,101.0,101.0522,0.0522
2.351,101.0,101.0522,0.0522
2.352,101.0,101.0523,0.0523
2.353,101.0,101.0523,0.0523
2.354,101.0,101.0524,0.0524
2.355,101.0,101.0525,0.0525
2.356,101.0,101.0525,0.0525
2.357,101.0,101.0525,0.0525
2.358,101.0,101.0526,0.0526
2.359,101.0,101.0526,0.0526
2.36,101.0,101.0527,0.0527
2.361,101.0,101.0528,0.0528
2.362,101.0,101.0528,0.0528
2.363,101.0,101.0528,0.0528
2.364,101.0,101.0529,0.0529
2.365,101.0,101.0529,0.053
2.366,101.0,101.053,0.053
2.367,101.0,101.0531,0.0531
2.368,101.0,101.0532,0.0532
2.369,101.0,101.0532,0.0532
2.37,101.0,101.0532,0.0532
2.371,101.0,101.0532,0.0532
2.372,101.0,101.0532,0.0532
2.373,101.0,101.0533,0.0533
2.374,101.0,101.0534,0.0534
2.375,101.0,101.0534,0.0534
2.376,101.0,101.0535,0.0535
2.3770000000000002,101.0,101.0535,0.0535
2.378,101.0,101.0535,0.0535
2.379,101.0,101.0536,0.0536
2.38,101.0,101.0536,0.0536
2.3810000000000002,101.0,101.0537,0.0537
2.382,101.0,101.0537,0.0537
2.383,101.0,101.0538,0.0538
2.384,101.0,101.0538,0.0538
2.3850000000000002,101.0,101.0539,0.0539
2.386,101.0,101.0539,0.0539
2.387,101.0,101.0539,0.0539
2.388,101.0,101.054,0.054
2.3890000000000002,101.0,101.054,0.054
2.39,101.0,101.054,0.054
2.391,101.0,101.054,0.054
2.392,101.0,101.0541,0.0541
2.3930000000000002,101.0,101.0541,0.0541
2.394,101.0,101.0542,0.0542
2.395,101.0,101.0543,0.0543
2.396,101.0,101.0544,0.0544
2.3970000000000002,101.0,101.0544,0.0544
2.398,101.0,101.0544,0.0544
2.399,101.0,101.0544,0.0544
2.4,101.0,101.0545,0.0545
2.4010000000000002,101.0,101.0545,0.0546
2.402,101.0,101.0546,0.0546
2.403,101.0,101.0546,0.0546
2.404,101.0,101.0546,0.0547
2.4050000000000002,101.0,101.0547,0.0547
2.406,101.0,101.0547,0.0547
2.407,101.0,101.0547,0.0548
2.408,101.0,101.0548,0.0548
2.4090000000000003,101.0,101.0548,0.0548
2.41,101.0,101.0548,0.0548
2.411,101.0,101.0548,0.0549
2.412,101.0,101.0549,0.0549
2.4130000000000003,101.0,101.055,0.055
2.414,101.0,101.055,0.0551
2.415,101.0,101.0551,0.0551
2.416,101.0,101.0552,0.0552
2.4170000000000003,101.0,101.0552,0.0552
2.418,101.0,101.0553,0.0553
2.419,101.0,101.0553,0.0553
2.42,101.0,101.0554,0.0554
2.4210000000000003,101.0,101.0554,0.0554
2.422,101.0,101.0554,0.0554
2.423,101.0,101.0555,0.0555
2.424,101.0,101.0555,0.0555
2.4250000000000003,101.0,101.0555,0.0556
2.426,101.0,101.0555,0.0555
2.427,101.0,101.0555,0.0556
2.428,101.0,101.0555,0.0555
2.4290000000000003,101.0,101.0555,0.0555
2.43,101.0,101.0555,0.0555
2.431,101.0,101.0555,0.0555
2.432,101.0,101.0555,0.0555
2.433,101.0,101.0555,0.0555
2.434,101.0,101.0555,0.0555
2.435,101.0,101.0554,0.0554
2.436,101.0,101.0554,0.0555
2.437,101.0,101.0555,0.0555
2.438,101.0,101.0555,0.0555
2.439,101.0,101.0555,0.0555
2.44,101.0,101.0555,0.0555
2.441,101.0,101.0555,0.0555
2.442,101.0,101.0555,0.0555
2.443,101.0,101.0555,0.0555
2.444,101.0,101.0556,0.0556
2.445,101.0,101.0556,0.0556
2.446,101.0,101.0556,0.0556
2.447,101.0,101.0556,0.0556
2.448,101.0,101.0556,0.0556
2.449,101.0,101.0556,0.0556
2.45,101.0,101.0556,0.0556
2.451,101.0,101.0556,0.0556
2.452,101.0,101.0556,0.0556
2.453,101.0,101.0556,0.0556
2.454,101.0,101.0555,0.0555
2.455,101.0,101.0555,0.0555
2.456,101.0,101.0555,0.0555
2.457,101.0,101.0555,0.0555
2.458,101.0,101.0555,0.0555
2.459,101.0,101.0554,0.0555
2.46,101.0,101.0554,0.0555
2.461,101.0,101.0555,0.0555
2.462,101.0,101.0555,0.0555
2.463,101.0,101.0554,0.0554
2.464,101.0,101.0554,0.0554
2.465,101.0,101.0554,0.0554
2.466,101.0,101.0554,0.0554
2.467,101.0,101.0554,0.0554
2.468,101.0,101.0554,0.0554
2.469,101.0,101.0554,0.0554
2.47,101.0,101.0553,0.0554
2.471,101.0,101.0554,0.0554
2.472,101.0,101.0554,0.0554
2.473,101.0,101.0554,0.0554
2.474,101.0,101.0553,0.0554
2.475,101.0,101.0553,0.0553
2.476,101.0,101.0552,0.0553
2.477,101.0,101.0552,0.0552
2.478,101.0,101.0552,0.0552
2.479,101.0,101.0552,0.0552
2.48,101.0,101.0552,0.0552
2.481,101.0,101.0552,0.0552
2.482,101.0,101.0552,0.0552
2.483,101.0,101.0551,0.0551
2.484,101.0,101.0551,0.0551
2.485,101.0,101.0552,0.0552
2.486,101.0,101.0551,0.0551
2.487,101.0,101.0551,0.0551
2.488,101.0,101.0551,0.0551
2.489,101.0,101.0552,0.0552
2.49,101.0,101.0552,0.0552
2.491,101.0,101.0551,0.0551
2.492,101.0,101.0551,0.0551
2.493,101.0,101.0551,0.0551
2.494,101.0,101.0551,0.0551
2.495,101.0,101.0551,0.0551
2.496,101.0,101.0551,0.0551
2.497,101.0,101.0551,0.0551
2.498,101.0,101.0551,0.0551
2.499,101.0,101.0551,0.0551
2.5,101.0,101.0552,0.0552
2.501,101.0,101.0551,0.0551
2.5020000000000002,101.0,101.0551,0.0551
2.503,101.0,101.0551,0.0551
2.504,101.0,101.0551,0.0551
2.505,101.0,101.0551,0.0551
2.5060000000000002,101.0,101.0551,0.0551
2.507,101.0,101.0552,0.0552
2.508,101.0,101.0551,0.0551
2.509,101.0,101.0552,0.0552
2.5100000000000002,101.0,101.0552,0.0552
2.511,101.0,101.0552,0.0552
2.512,101.0,101.0552,0.0552
2.513,101.0,101.0552,0.0552
2.5140000000000002,101.0,101.0552,0.0552
2.515,101.0,101.0553,0.0553
2.516,101.0,101.0553,0.0553
2.517,101.0,101.0553,0.0553
2.5180000000000002,101.0,101.0553,0.0553
2.519,101.0,101.0553,0.0553
2.52,101.0,101.0553,0.0554
2.521,101.0,101.0553,0.0554
2.5220000000000002,101.0,101.0553,0.0554
2.523,101.0,101.0553,0.0553
2.524,101.0,101.0553,0.0553
2.525,101.0,101.0553,0.0553
2.5260000000000002,101.0,101.0552,0.0552
2.527,101.0,101.0552,0.0552
2.528,101.0,101.0552,0.0552
2.529,101.0,101.0552,0.0552
2.5300000000000002,101.0,101.0553,0.0553
2.531,101.0,101.0553,0.0553
2.532,101.0,101.0553,0.0553
2.533,101.0,101.0553,0.0553
2.5340000000000003,101.0,101.0554,0.0554
2.535,101.0,101.0554,0.0554
2.536,101.0,101.0554,0.0554
2.537,101.0,101.0555,0.0555
2.5380000000000003,101.0,101.0555,0.0555
2.539,101.0,101.0555,0.0555
2.54,101.0,101.0555,0.0556
2.541,101.0,101.0555,0.0555
2.5420000000000003,101.0,101.0555,0.0555
2.543,101.0,101.0555,0.0556
2.544,101.0,101.0555,0.0555
2.545,101.0,101.0555,0.0555
2.5460000000000003,101.0,101.0556,0.0556
2.547,101.0,101.0556,0.0556
2.548,101.0,101.0556,0.0556
2.549,101.0,101.0556,0.0556
2.5500000000000003,101.0,101.0556,0.0556
2.551,101.0,101.0555,0.0555
2.552,101.0,101.0555,0.0555
2.553,101.0,101.0555,0.0555
2.5540000000000003,101.0,101.0555,0.0555
2.555,101.0,101.0555,0.0555
2.556,101.0,101.0555,0.0555
2.557,101.0,101.0555,0.0555
2.5580000000000003,101.0,101.0555,0.0555
2.559,101.0,101.0555,0.0555
2.56,101.0,101.0554,0.0554
2.561,101.0,101.0554,0.0554
2.562,101.0,101.0554,0.0554
2.563,101.0,101.0553,0.0554
2.564,101.0,101.0553,0.0553
2.565,101.0,101.0553,0.0553
2.566,101.0,101.0552,0.0552
2.567,101.0,101.0552,0.0552
2.568,101.0,101.0552,0.0552
2.569,101.0,101.0551,0.0551
2.57,101.0,101.0551,0.0551
2.571,101.0,101.055,0.055
2.572,101.0,101.055,0.055
2.573,101.0,101.055,0.055
2.574,101.0,101.0549,0.0549
2.575,101.0,101.0548,0.0548
2.576,101.0,101.0547,0.0547
2.577,101.0,101.0547,0.0547
2.578,101.0,101.0546,0.0547
2.579,101.0,101.0546,0.0546
2.58,101.0,101.0545,0.0545
2.581,101.0,101.0545,0.0545
2.582,101.0,101.0544,0.0544
2.583,101.0,101.0544,0.0544
2.584,101.0,101.0543,0.0544
2.585,101.0,101.0543,0.0544
2.586,101.0,101.0543,0.0543
2.587,101.0,101.0542,0.0542
2.588,101.0,101.0542,0.0542
2.589,101.0,101.0541,0.0541
2.59,101.0,101.0541,0.0541
2.591,101.0,101.054,0.0541
2.592,101.0,101.054,0.054
2.593,101.0,101.054,0.054
2.594,101.0,101.0539,0.054
2.595,101.0,101.0539,0.0539
2.596,101.0,101.0539,0.0539
2.597,101.0,101.0538,0.0538
2.598,101.0,101.0538,0.0538
2.599,101.0,101.0537,0.0537
2.6,101.0,101.0537,0.0537
2.601,101.0,101.0537,0.0537
2.602,101.0,101.0536,0.0536
2.603,101.0,101.0536,0.0536
2.604,101.0,101.0536,0.0536
2.605,101.0,101.0535,0.0535
2.606,101.0,101.0535,0.0535
2.607,101.0,101.0535,0.0535
2.608,101.0,101.0535,0.0535
2.609,101.0,101.0534,0.0534
2.61,101.0,101.0533,0.0534
2.611,101.0,101.0533,0.0534
2.612,101.0,101.0532,0.0532
2.613,101.0,101.0532,0.0532
2.614,101.0,101.0531,0.0531
2.615,101.0,101.0531,0.0531
2.616,101.0,101.0531,0.0531
2.617,101.0,101.053,0.053
2.618,101.0,101.053,0.053
2.619,101.0,101.0529,0.0529
2.62,101.0,101.0528,0.0528
2.621,101.0,101.0528,0.0528
2.622,101.0,101.0527,0.0527
2.623,101.0,101.0527,0.0527
2.624,101.0,101.0526,0.0526
2.625,101.0,101.0526,0.0526
2.626,101.0,101.0526,0.0526
2.6270000000000002,101.0,101.0525,0.0525
2.628,101.0,101.0525,0.0525
2.629,101.0,101.0524,0.0524
2.63,101.0,101.0524,0.0524
2.6310000000000002,101.0,101.0524,0.0524
2.632,101.0,101.0524,0.0524
2.633,101.0,101.0524,0.0524
2.634,101.0,101.0524,0.0524
2.6350000000000002,101.0,101.0523,0.0523
2.636,101.0,101.0523,0.0523
2.637,101.0,101.0523,0.0523
2.638,101.0,101.0522,0.0522
2.6390000000000002,101.0,101.0522,0.0522
2.64,101.0,101.0522,0.0522
2.641,101.0,101.0522,0.0522
2.642,101.0,101.0521,0.0521
2.6430000000000002,101.0,101.0521,0.0521
2.644,101.0,101.0521,0.0521
2.645,101.0,101.0521,0.0521
2.646,101.0,101.0521,0.0521
2.6470000000000002,101.0,101.052,0.052
2.648,101.0,101.0521,0.0521
2.649,101.0,101.0521,0.0521
2.65,101.0,101.052,0.0521
2.6510000000000002,101.0,101.0521,0.0521
2.652,101.0,101.052,0.052
2.653,101.0,101.0521,0.0521
2.654,101.0,101.0521,0.0521
2.6550000000000002,101.0,101.0521,0.0521
2.656,101.0,101.0521,0.0521
2.657,101.0,101.052,0.0521
2.658,101.0,101.0521,0.0521
2.6590000000000003,101.0,101.0521,0.0521
2.66,101.0,101.052,0.052
2.661,101.0,101.052,0.0521
2.662,101.0,101.052,0.052
2.6630000000000003,101.0,101.0519,0.0519
2.664,101.0,101.0519,0.0519
2.665,101.0,101.0519,0.0519
2.666,101.0,101.0519,0.0519
2.6670000000000003,101.0,101.0518,0.0518
2.668,101.0,101.0519,0.0519
2.669,101.0,101.0518,0.0519
2.67,101.0,101.0518,0.0518
2.6710000000000003,101.0,101.0518,0.0518
2.672,101.0,101.0518,0.0518
2.673,101.0,101.0517,0.0518
2.674,101.0,101.0517,0.0518
2.6750000000000003,101.0,101.0517,0.0517
2.676,101.0,101.0517,0.0517
2.677,101.0,101.0516,0.0516
2.678,101.0,101.0516,0.0516
2.6790000000000003,101.0,101.0516,0.0516
2.68,101.0,101.0515,0.0515
2.681,101.0,101.0515,0.0515
2.682,101.0,101.0514,0.0514
2.6830000000000003,101.0,101.0514,0.0514
2.684,101.0,101.0514,0.0514
2.685,101.0,101.0513,0.0514
2.686,101.0,101.0513,0.0514
2.6870000000000003,101.0,101.0513,0.0513
2.688,101.0,101.0513,0.0513
2.689,101.0,101.0513,0.0513
2.69,101.0,101.0513,0.0513
2.691,101.0,101.0513,0.0513
2.692,101.0,101.0513,0.0513
2.693,101.0,101.0512,0.0513
2.694,101.0,101.0512,0.0512
2.695,101.0,101.0512,0.0512
2.696,101.0,101.0512,0.0512
2.697,101.0,101.0511,0.0512
2.698,101.0,101.0511,0.0511
2.699,101.0,101.0511,0.0511
2.7,101.0,101.0511,0.0511
2.701,101.0,101.0511,0.0511
2.702,101.0,101.0511,0.0511
2.703,101.0,101.0511,0.0511
2.704,101.0,101.0511,0.0511
2.705,101.0,101.051,0.0511
2.706,101.0,101.051,0.051
2.707,101.0,101.051,0.051
2.708,101.0,101.051,0.051
2.709,101.0,101.051,0.051
2.71,101.0,101.0509,0.0509
2.711,101.0,101.0509,0.0509
2.712,101.0,101.0509,0.0509
2.713,101.0,101.0508,0.0508
2.714,101.0,101.0508,0.0508
2.715,101.0,101.0508,0.0508
2.716,101.0,101.0508,0.0508
2.717,101.0,101.0508,0.0508
2.718,101.0,101.0508,0.0508
2.719,101.0,101.0508,0.0508
2.72,101.0,101.0508,0.0508
2.721,101.0,101.0508,0.0508
2.722,101.0,101.0508,0.0508
2.723,101.0,101.0508,0.0508
2.724,101.0,101.0508,0.0508
2.725,101.0,101.0508,0.0508
2.726,101.0,101.0508,0.0508
2.727,101.0,101.0509,0.0509
2.728,101.0,101.0509,0.0509
2.729,101.0,101.0509,0.0509
2.73,101.0,101.0509,0.0509
2.731,101.0,101.0509,0.0509
2.732,101.0,101.0508,0.0508
2.733,101.0,101.0508,0.0508
2.734,101.0,101.0508,0.0508
2.735,101.0,101.0508,0.0508
2.736,101.0,101.0508,0.0508
2.737,101.0,101.0508,0.0508
2.738,101.0,101.0508,0.0508
2.739,101.0,101.0507,0.0507
2.74,101.0,101.0507,0.0507
2.741,101.0,101.0507,0.0507
2.742,101.0,101.0507,0.0507
2.743,101.0,101.0507,0.0507
2.744,101.0,101.0507,0.0507
2.745,101.0,101.0507,0.0507
2.746,101.0,101.0506,0.0507
2.747,101.0,101.0506,0.0506
2.748,101.0,101.0506,0.0506
2.749,101.0,101.0505,0.0505
2.75,101.0,101.0505,0.0505
2.751,101.0,101.0504,0.0504
2.7520000000000002,101.0,101.0503,0.0503
2.753,101.0,101.0503,0.0503
2.754,101.0,101.0503,0.0503
2.755,101.0,101.0503,0.0503
2.7560000000000002,101.0,101.0502,0.0503
2.757,101.0,101.0503,0.0503
2.758,101.0,101.0503,0.0503
2.759,101.0,101.0502,0.0503
2.7600000000000002,101.0,101.0503,0.0503
2.761,101.0,101.0502,0.0502
2.762,101.0,101.0502,0.0502
2.763,101.0,101.0502,0.0502
2.7640000000000002,101.0,101.0501,0.0501
2.765,101.0,101.0501,0.0501
2.766,101.0,101.05,0.05
2.767,101.0,101.05,0.05
2.7680000000000002,101.0,101.0499,0.0499
2.769,101.0,101.0498,0.0499
2.77,101.0,101.0498,0.0498
2.771,101.0,101.0497,0.0497
2.7720000000000002,101.0,101.0497,0.0497
2.773,101.0,101.0496,0.0496
2.774,101.0,101.0495,0.0495
2.775,101.0,101.0494,0.0494
2.7760000000000002,101.0,101.0494,0.0494
2.777,101.0,101.0493,0.0493
2.778,101.0,101.0493,0.0493
2.779,101.0,101.0492,0.0492
2.7800000000000002,101.0,101.0491,0.0491
2.781,101.0,101.049,0.049
2.782,101.0,101.0489,0.0489
2.783,101.0,101.0489,0.0489
2.7840000000000003,101.0,101.0488,0.0488
2.785,101.0,101.0487,0.0487
2.786,101.0,101.0487,0.0487
2.787,101.0,101.0486,0.0486
2.7880000000000003,101.0,101.0485,0.0485
2.789,101.0,101.0484,0.0484
2.79,101.0,101.0483,0.0484
2.791,101.0,101.0483,0.0483
2.7920000000000003,101.0,101.0482,0.0482
2.793,101.0,101.0481,0.0481
2.794,101.0,101.0481,0.0481
2.795,101.0,101.048,0.048
2.7960000000000003,101.0,101.0479,0.0479
2.797,101.0,101.0478,0.0478
2.798,101.0,101.0477,0.0477
2.799,101.0,101.0477,0.0477
2.8000000000000003,101.0,101.0475,0.0475
2.801,101.0,101.0474,0.0475
2.802,101.0,101.0473,0.0474
2.803,101.0,101.0472,0.0473
2.8040000000000003,101.0,101.0471,0.0471
2.805,101.0,101.047,0.047
2.806,101.0,101.0469,0.0469
2.807,101.0,101.0468,0.0468
2.8080000000000003,101.0,101.0467,0.0467
2.809,101.0,101.0466,0.0466
2.81,101.0,101.0464,0.0465
2.811,101.0,101.0464,0.0464
2.8120000000000003,101.0,101.0463,0.0463
2.813,101.0,101.0463,0.0463
2.814,101.0,101.0462,0.0462
2.815,101.0,101.0461,0.0461
2.816,101.0,101.046,0.046
2.817,101.0,101.0459,0.0459
2.818,101.0,101.0458,0.0458
2.819,101.0,101.0458,0.0458
2.82,101.0,101.0457,0.0457
2.821,101.0,101.0457,0.0457
2.822,101.0,101.0457,0.0457
2.823,101.0,101.0456,0.0456
2.824,101.0,101.0455,0.0455
2.825,101.0,101.0455,0.0455
2.826,101.0,101.0454,0.0454
2.827,101.0,101.0454,0.0454
2.828,101.0,101.0453,0.0453
2.829,101.0,101.0453,0.0453
2.83,101.0,101.0453,0.0453
2.831,101.0,101.0452,0.0453
2.832,101.0,101.0452,0.0452
2.833,101.0,101.0452,0.0452
2.834,101.0,101.0452,0.0452
2.835,101.0,101.0451,0.0451
2.836,101.0,101.0451,0.0451
2.837,101.0,101.045,0.045
2.838,101.0,101.0449,0.0449
2.839,101.0,101.0449,0.0449
2.84,101.0,101.0449,0.0449
2.841,101.0,101.0449,0.0449
2.842,101.0,101.0449,0.0449
2.843,101.0,101.0448,0.0449
2.844,101.0,101.0448,0.0449
2.845,101.0,101.0448,0.0448
2.846,101.0,101.0448,0.0448
2.847,101.0,101.0448,0.0448
2.848,101.0,101.0447,0.0447
2.849,101.0,101.0447,0.0447
2.85,101.0,101.0446,0.0446
2.851,101.0,101.0446,0.0446
2.852,101.0,101.0446,0.0446
2.853,101.0,101.0445,0.0445
2.854,101.0,101.0445,0.0446
2.855,101.0,101.0445,0.0445
2.856,101.0,101.0445,0.0445
2.857,101.0,101.0445,0.0445
2.858,101.0,101.0445,0.0445
2.859,101.0,101.0445,0.0445
2.86,101.0,101.0444,0.0444
2.861,101.0,101.0444,0.0444
2.862,101.0,101.0444,0.0444
2.863,101.0,101.0443,0.0443
2.864,101.0,101.0443,0.0443
2.865,101.0,101.0443,0.0443
2.866,101.0,101.0443,0.0443
2.867,101.0,101.0443,0.0443
2.868,101.0,101.0443,0.0443
2.869,101.0,101.0443,0.0443
2.87,101.0,101.0443,0.0443
2.871,101.0,101.0443,0.0443
2.872,101.0,101.0443,0.0443
2.873,101.0,101.0443,0.0443
2.874,101.0,101.0442,0.0442
2.875,101.0,101.0442,0.0442
2.876,101.0,101.0442,0.0442
2.8770000000000002,101.0,101.0442,0.0442
2.878,101.0,101.0442,0.0442
2.879,101.0,101.0442,0.0442
2.88,101.0,101.0443,0.0443
2.8810000000000002,101.0,101.0442,0.0442
2.882,101.0,101.0443,0.0443
2.883,101.0,101.0442,0.0442
2.884,101.0,101.0442,0.0442
2.8850000000000002,101.0,101.0442,0.0442
2.886,101.0,101.0442,0.0442
2.887,101.0,101.0442,0.0442
2.888,101.0,101.0442,0.0442
2.8890000000000002,101.0,101.0442,0.0442
2.89,101.0,101.0442,0.0442
2.891,101.0,101.0441,0.0441
2.892,101.0,101.0441,0.0441
2.8930000000000002,101.0,101.0441,0.0441
2.894,101.0,101.0441,0.0441
2.895,101.0,101.0441,0.0441
2.896,101.0,101.0441,0.0441
2.8970000000000002,101.0,101.0441,0.0441
2.898,101.0,101.0441,0.0441
2.899,101.0,101.0441,0.0441
2.9,101.0,101.044,0.044
2.9010000000000002,101.0,101.044,0.044
2.902,101.0,101.044,0.044
2.903,101.0,101.0439,0.0439
2.904,101.0,101.0439,0.0439
2.9050000000000002,101.0,101.0439,0.0439
2.906,101.0,101.0438,0.0438
2.907,101.0,101.0438,0.0438
2.908,101.0,101.0437,0.0438
2.9090000000000003,101.0,101.0437,0.0437
2.91,101.0,101.0437,0.0437
2.911,101.0,101.0437,0.0437
2.912,101.0,101.0436,0.0437
2.9130000000000003,101.0,101.0436,0.0436
2.914,101.0,101.0436,0.0436
2.915,101.0,101.0435,0.0435
2.916,101.0,101.0435,0.0435
2.9170000000000003,101.0,101.0435,0.0435
2.918,101.0,101.0434,0.0434
2.919,101.0,101.0434,0.0434
2.92,101.0,101.0434,0.0434
2.9210000000000003,101.0,101.0433,0.0433
2.922,101.0,101.0433,0.0433
2.923,101.0,101.0432,0.0432
2.924,101.0,101.0432,0.0432
2.9250000000000003,101.0,101.0432,0.0432
2.926,101.0,101.0431,0.0431
2.927,101.0,101.0431,0.0431
2.928,101.0,101.043,0.0431
2.9290000000000003,101.0,101.043,0.043
2.93,101.0,101.043,0.043
2.931,101.0,101.043,0.043
2.932,101.0,101.043,0.043
2.9330000000000003,101.0,101.0429,0.0429
2.934,101.0,101.0429,0.0429
2.935,101.0,101.043,0.043
2.936,101.0,101.0429,0.0429
2.9370000000000003,101.0,101.0429,0.0429
2.938,101.0,101.0429,0.0429
2.939,101.0,101.0429,0.0429
2.94,101.0,101.0429,0.0429
2.9410000000000003,101.0,101.0429,0.0429
2.942,101.0,101.0429,0.0429
2.943,101.0,101.0428,0.0429
2.944,101.0,101.0428,0.0428
2.945,101.0,101.0428,0.0428
2.946,101.0,101.0428,0.0428
2.947,101.0,101.0427,0.0428
2.948,101.0,101.0427,0.0427
2.949,101.0,101.0427,0.0427
2.95,101.0,101.0426,0.0426
2.951,101.0,101.0425,0.0425
2.952,101.0,101.0425,0.0425
2.953,101.0,101.0424,0.0424
2.954,101.0,101.0423,0.0424
2.955,101.0,101.0423,0.0423
2.956,101.0,101.0423,0.0423
2.957,101.0,101.0422,0.0422
2.958,101.0,101.0421,0.0421
2.959,101.0,101.0421,0.0421
2.96,101.0,101.042,0.042
2.961,101.0,101.0419,0.0419
2.962,101.0,101.0418,0.0419
2.963,101.0,101.0418,0.0418
2.964,101.0,101.0417,0.0418
2.965,101.0,101.0417,0.0417
2.966,101.0,101.0416,0.0416
2.967,101.0,101.0416,0.0416
2.968,101.0,101.0415,0.0415
2.969,101.0,101.0415,0.0415
2.97,101.0,101.0415,0.0415
2.971,101.0,101.0414,0.0414
2.972,101.0,101.0414,0.0414
2.973,101.0,101.0413,0.0413
2.974,101.0,101.0412,0.0412
2.975,101.0,101.0412,0.0412
2.976,101.0,101.0411,0.0411
2.977,101.0,101.041,0.041
2.978,101.0,101.0409,0.0409
2.979,101.0,101.0409,0.0409
2.98,101.0,101.0408,0.0408
2.981,101.0,101.0407,0.0407
2.982,101.0,101.0407,0.0407
2.983,101.0,101.0407,0.0407
2.984,101.0,101.0406,0.0406
2.985,101.0,101.0406,0.0406
2.986,101.0,101.0405,0.0405
2.987,101.0,101.0404,0.0404
2.988,101.0,101.0404,0.0404
2.989,101.0,101.0403,0.0403
2.99,101.0,101.0403,0.0403
2.991,101.0,101.0402,0.0402
2.992,101.0,101.0402,0.0402
2.993,101.0,101.0402,0.0402
2.994,101.0,101.0401,0.0401
2.995,101.0,101.0401,0.0401
2.996,101.0,101.04,0.04
2.997,101.0,101.04,0.04
2.998,101.0,101.04,0.04
2.999,101.0,101.0399,0.0399
3.0,101.0,101.0399,0.0399
3.001,101.0,101.0398,0.0398
3.0020000000000002,101.0,101.0397,0.0397
3.003,101.0,101.0397,0.0397
3.004,101.0,101.0397,0.0397
3.005,101.0,101.0397,0.0397
3.0060000000000002,101.0,101.0397,0.0397
3.007,101.0,101.0397,0.0397
3.008,101.0,101.0397,0.0397
3.009,101.0,101.0397,0.0397
3.0100000000000002,101.0,101.0396,0.0397
3.011,101.0,101.0397,0.0397
3.012,101.0,101.0397,0.0397
3.013,101.0,101.0397,0.0397
3.0140000000000002,101.0,101.0396,0.0396
3.015,101.0,101.0395,0.0395
3.016,101.0,101.0395,0.0395
3.017,101.0,101.0395,0.0395
3.0180000000000002,101.0,101.0394,0.0394
3.019,101.0,101.0394,0.0394
3.02,101.0,101.0394,0.0394
3.021,101.0,101.0393,0.0394
3.0220000000000002,101.0,101.0393,0.0393
3.023,101.0,101.0393,0.0393
3.024,101.0,101.0393,0.0393
3.025,101.0,101.0392,0.0392
3.0260000000000002,101.0,101.0392,0.0392
3.027,101.0,101.0392,0.0392
3.028,101.0,101.0392,0.0392
3.029,101.0,101.0392,0.0392
3.0300000000000002,101.0,101.0392,0.0392
3.031,101.0,101.0392,0.0392
3.032,101.0,101.0391,0.0391
3.033,101.0,101.0391,0.0391
3.0340000000000003,101.0,101.0392,0.0392
3.035,101.0,101.0391,0.0391
3.036,101.0,101.0391,0.0391
3.037,101.0,101.0391,0.0391
3.0380000000000003,101.0,101.0391,0.0391
3.039,101.0,101.0391,0.0391
3.04,101.0,101.0391,0.0391
3.041,101.0,101.0391,0.0391
3.0420000000000003,101.0,101.0391,0.0391
3.043,101.0,101.0391,0.0391
3.044,101.0,101.0391,0.0391
3.045,101.0,101.0391,0.0391
3.0460000000000003,101.0,101.0392,0.0392
3.047,101.0,101.0391,0.0392
3.048,101.0,101.0392,0.0392
3.049,101.0,101.0392,0.0392
3.0500000000000003,101.0,101.0391,0.0391
3.051,101.0,101.0391,0.0392
3.052,101.0,101.0391,0.0391
3.053,101.0,101.0391,0.0391
3.0540000000000003,101.0,101.0391,0.0391
3.055,101.0,101.0391,0.0391
3.056,101.0,101.0392,0.0392
3.057,101.0,101.0392,0.0392
3.0580000000000003,101.0,101.0392,0.0392
3.059,101.0,101.0392,0.0392
3.06,101.0,101.0392,0.0392
3.061,101.0,101.0392,0.0392
3.0620000000000003,101.0,101.0392,0.0392
3.063,101.0,101.0392,0.0392
3.064,101.0,101.0392,0.0392
3.065,101.0,101.0391,0.0391
3.0660000000000003,101.0,101.0391,0.0392
3.067,101.0,101.0391,0.0391
3.068,101.0,101.0391,0.0391
3.069,101.0,101.0391,0.0391
3.0700000000000003,101.0,101.0391,0.0391
3.071,101.0,101.0391,0.0391
3.072,101.0,101.0391,0.0391
3.073,101.0,101.0391,0.0391
3.074,101.0,101.0391,0.0391
3.075,101.0,101.039,0.039
3.076,101.0,101.039,0.039
3.077,101.0,101.039,0.039
3.078,101.0,101.0389,0.0389
3.079,101.0,101.0389,0.0389
3.08,101.0,101.0389,0.0389
3.081,101.0,101.0389,0.0389
3.082,101.0,101.0389,0.0389
3.083,101.0,101.0389,0.0389
3.084,101.0,101.0388,0.0388
3.085,101.0,101.0387,0.0387
3.086,101.0,101.0387,0.0387
3.087,101.0,101.0386,0.0386
3.088,101.0,101.0386,0.0387
3.089,101.0,101.0386,0.0386
3.09,101.0,101.0386,0.0386
3.091,101.0,101.0385,0.0385
3.092,101.0,101.0384,0.0384
3.093,101.0,101.0384,0.0384
3.094,101.0,101.0383,0.0383
3.095,101.0,101.0383,0.0383
3.096,101.0,101.0383,0.0383
3.097,101.0,101.0382,0.0383
3.098,101.0,101.0382,0.0383
3.099,101.0,101.0382,0.0382
3.1,101.0,101.0382,0.0382
3.101,101.0,101.0382,0.0382
3.102,101.0,101.0381,0.0381
3.103,101.0,101.0381,0.0381
3.104,101.0,101.038,0.038
3.105,101.0,101.038,0.038
3.106,101.0,101.038,0.038
3.107,101.0,101.038,0.038
3.108,101.0,101.0379,0.0379
3.109,101.0,101.0379,0.0379
3.11,101.0,101.0379,0.0379
3.111,101.0,101.0378,0.0379
3.112,101.0,101.0378,0.0379
3.113,101.0,101.0378,0.0378
3.114,101.0,101.0377,0.0378
3.115,101.0,101.0377,0.0377
3.116,101.0,101.0377,0.0377
3.117,101.0,101.0376,0.0376
3.118,101.0,101.0376,0.0376
3.119,101.0,101.0376,0.0376
3.12,101.0,101.0375,0.0375
3.121,101.0,101.0375,0.0375
3.122,101.0,101.0374,0.0374
3.123,101.0,101.0374,0.0374
3.124,101.0,101.0373,0.0373
3.125,101.0,101.0373,0.0373
3.126,101.0,101.0372,0.0372
3.1270000000000002,101.0,101.0371,0.0372
3.128,101.0,101.0371,0.0371
3.129,101.0,101.0371,0.0371
3.13,101.0,101.037,0.037
3.1310000000000002,101.0,101.037,0.037
3.132,101.0,101.037,0.037
3.133,101.0,101.037,0.037
3.134,101.0,101.0369,0.0369
3.1350000000000002,101.0,101.0369,0.0369
3.136,101.0,101.0369,0.0369
3.137,101.0,101.0368,0.0368
3.138,101.0,101.0368,0.0368
3.1390000000000002,101.0,101.0367,0.0367
3.14,101.0,101.0367,0.0367
3.141,101.0,101.0366,0.0366
3.142,101.0,101.0366,0.0366
3.1430000000000002,101.0,101.0366,0.0366
3.144,101.0,101.0366,0.0366
3.145,101.0,101.0366,0.0366
3.146,101.0,101.0366,0.0366
3.1470000000000002,101.0,101.0366,0.0367
3.148,101.0,101.0367,0.0367
3.149,101.0,101.0366,0.0366
3.15,101.0,101.0365,0.0365
3.1510000000000002,101.0,101.0365,0.0365
3.152,101.0,101.0365,0.0365
3.153,101.0,101.0364,0.0364
3.154,101.0,101.0364,0.0364
3.1550000000000002,101.0,101.0364,0.0364
3.156,101.0,101.0364,0.0364
3.157,101.0,101.0363,0.0363
3.158,101.0,101.0363,0.0363
3.1590000000000003,101.0,101.0363,0.0363
3.16,101.0,101.0363,0.0363
3.161,101.0,101.0362,0.0363
3.162,101.0,101.0362,0.0362
3.1630000000000003,101.0,101.0362,0.0362
3.164,101.0,101.0361,0.0361
3.165,101.0,101.0361,0.0361
3.166,101.0,101.0361,0.0361
3.1670000000000003,101.0,101.0361,0.0361
3.168,101.0,101.036,0.036
3.169,101.0,101.036,0.036
3.17,101.0,101.036,0.036
3.1710000000000003,101.0,101.0359,0.0359
3.172,101.0,101.0359,0.0359
3.173,101.0,101.0359,0.0359
3.174,101.0,101.0359,0.0359
3.1750000000000003,101.0,101.0359,0.0359
3.176,101.0,101.0358,0.0358
3.177,101.0,101.0357,0.0357
3.178,101.0,101.0357,0.0357
3.1790000000000003,101.0,101.0356,0.0356
3.18,101.0,101.0355,0.0355
3.181,101.0,101.0355,0.0355
3.182,101.0,101.0355,0.0355
3.1830000000000003,101.0,101.0354,0.0355
3.184,101.0,101.0354,0.0354
3.185,101.0,101.0354,0.0354
3.186,101.0,101.0353,0.0353
3.1870000000000003,101.0,101.0352,0.0353
3.188,101.0,101.0352,0.0352
3.189,101.0,101.0351,0.0351
3.19,101.0,101.0351,0.0351
3.1910000000000003,101.0,101.035,0.035
3.192,101.0,101.035,0.035
3.193,101.0,101.0349,0.0349
3.194,101.0,101.0349,0.0349
3.1950000000000003,101.0,101.0348,0.0348
3.196,101.0,101.0348,0.0348
3.197,101.0,101.0348,0.0348
3.198,101.0,101.0348,0.0348
3.1990000000000003,101.0,101.0347,0.0347
3.2,101.0,101.0347,0.0347
3.201,101.0,101.0347,0.0347
3.202,101.0,101.0346,0.0346
3.203,101.0,101.0346,0.0346
3.204,101.0,101.0345,0.0345
3.205,101.0,101.0344,0.0345
3.206,101.0,101.0344,0.0344
3.207,101.0,101.0344,0.0345
3.208,101.0,101.0344,0.0344
3.209,101.0,101.0343,0.0343
3.21,101.0,101.0343,0.0343
3.211,101.0,101.0343,0.0343
3.212,101.0,101.0342,0.0343
3.213,101.0,101.0342,0.0342
3.214,101.0,101.0341,0.0341
3.215,101.0,101.0341,0.0341
3.216,101.0,101.0341,0.0341
3.217,101.0,101.0341,0.0341
3.218,101.0,101.0341,0.0341
3.219,101.0,101.034,0.034
3.22,101.0,101.034,0.034
3.221,101.0,101.034,0.034
3.222,101.0,101.0339,0.0339
3.223,101.0,101.0338,0.0338
3.224,101.0,101.0338,0.0338
3.225,101.0,101.0338,0.0338
3.226,101.0,101.0337,0.0337
3.227,101.0,101.0336,0.0337
3.228,101.0,101.0336,0.0336
3.229,101.0,101.0335,0.0335
3.23,101.0,101.0335,0.0335
3.231,101.0,101.0335,0.0335
3.232,101.0,101.0335,0.0335
3.233,101.0,101.0335,0.0335
3.234,101.0,101.0335,0.0335
3.235,101.0,101.0335,0.0335
3.236,101.0,101.0334,0.0334
3.237,101.0,101.0334,0.0334
3.238,101.0,101.0333,0.0333
3.239,101.0,101.0333,0.0333
3.24,101.0,101.0333,0.0333
3.241,101.0,101.0333,0.0333
3.242,101.0,101.0333,0.0333
3.243,101.0,101.0332,0.0333
3.244,101.0,101.0333,0.0333
3.245,101.0,101.0332,0.0332
3.246,101.0,101.0332,0.0332
3.247,101.0,101.0332,0.0332
3.248,101.0,101.0331,0.0331
3.249,101.0,101.033,0.033
3.25,101.0,101.033,0.033
3.251,101.0,101.033,0.033
3.2520000000000002,101.0,101.033,0.033
3.253,101.0,101.0329,0.0329
3.254,101.0,101.0328,0.0328
3.255,101.0,101.0328,0.0328
3.2560000000000002,101.0,101.0328,0.0328
3.257,101.0,101.0328,0.0328
3.258,101.0,101.0328,0.0328
3.259,101.0,101.0328,0.0328
3.2600000000000002,101.0,101.0328,0.0328
3.261,101.0,101.0327,0.0327
3.262,101.0,101.0327,0.0327
3.263,101.0,101.0326,0.0326
3.2640000000000002,101.0,101.0325,0.0326
3.265,101.0,101.0325,0.0325
3.266,101.0,101.0325,0.0325
3.267,101.0,101.0325,0.0325
3.2680000000000002,101.0,101.0325,0.0325
3.269,101.0,101.0324,0.0324
3.27,101.0,101.0324,0.0324
3.271,101.0,101.0323,0.0323
3.2720000000000002,101.0,101.0324,0.0324
3.273,101.0,101.0323,0.0323
3.274,101.0,101.0323,0.0323
3.275,101.0,101.0323,0.0323
3.2760000000000002,101.0,101.0322,0.0323
3.277,101.0,101.0322,0.0322
3.278,101.0,101.0322,0.0322
3.279,101.0,101.0321,0.0321
3.2800000000000002,101.0,101.0321,0.0321
3.281,101.0,101.032,0.032
3.282,101.0,101.032,0.032
3.283,101.0,101.032,0.032
3.2840000000000003,101.0,101.032,0.032
3.285,101.0,101.0319,0.0319
3.286,101.0,101.0319,0.0319
3.287,101.0,101.0318,0.0318
3.2880000000000003,101.0,101.0317,0.0318
3.289,101.0,101.0317,0.0317
3.29,101.0,101.0316,0.0316
3.291,101.0,101.0316,0.0316
3.2920000000000003,101.0,101.0315,0.0315
3.293,101.0,101.0314,0.0315
3.294,101.0,101.0314,0.0314
3.295,101.0,101.0313,0.0313
3.2960000000000003,101.0,101.0312,0.0312
3.297,101.0,101.0311,0.0311
3.298,101.0,101.0311,0.0311
3.299,101.0,101.031,0.031
3.3000000000000003,101.0,101.0309,0.0309
3.301,101.0,101.0309,0.0309
3.302,101.0,101.0308,0.0308
3.303,101.0,101.0308,0.0308
3.3040000000000003,101.0,101.0307,0.0307
3.305,101.0,101.0307,0.0307
3.306,101.0,101.0307,0.0307
3.307,101.0,101.0306,0.0306
3.3080000000000003,101.0,101.0306,0.0306
3.309,101.0,101.0306,0.0306
3.31,101.0,101.0305,0.0305
3.311,101.0,101.0304,0.0304
3.3120000000000003,101.0,101.0304,0.0304
3.313,101.0,101.0303,0.0303
3.314,101.0,101.0303,0.0303
3.315,101.0,101.0302,0.0302
3.3160000000000003,101.0,101.0302,0.0302
3.317,101.0,101.0301,0.0302
3.318,101.0,101.0301,0.0301
3.319,101.0,101.03,0.03
3.3200000000000003,101.0,101.03,0.03
3.321,101.0,101.0299,0.0299
3.322,101.0,101.0298,0.0298
3.323,101.0,101.0298,0.0298
3.3240000000000003,101.0,101.0297,0.0298
3.325,101.0,101.0297,0.0298
3.326,101.0,101.0297,0.0297
3.327,101.0,101.0296,0.0296
3.3280000000000003,101.0,101.0296,0.0296
3.329,101.0,101.0296,0.0296
3.33,101.0,101.0295,0.0295
3.331,101.0,101.0295,0.0295
3.332,101.0,101.0294,0.0294
3.333,101.0,101.0293,0.0294
3.334,101.0,101.0293,0.0293
3.335,101.0,101.0293,0.0293
3.336,101.0,101.0293,0.0293
3.337,101.0,101.0292,0.0292
3.338,101.0,101.0292,0.0292
3.339,101.0,101.0292,0.0292
3.34,101.0,101.0292,0.0292
3.341,101.0,101.0292,0.0292
3.342,101.0,101.0291,0.0291
3.343,101.0,101.0291,0.0291
3.344,101.0,101.0291,0.0291
3.345,101.0,101.0292,0.0292
3.346,101.0,101.0292,0.0292
3.347,101.0,101.0291,0.0291
3.348,101.0,101.0291,0.0291
3.349,101.0,101.0291,0.0291
3.35,101.0,101.0291,0.0291
3.351,101.0,101.0291,0.0291
3.352,101.0,101.029,0.029
3.353,101.0,101.029,0.029
3.354,101.0,101.029,0.029
3.355,101.0,101.0289,0.0289
3.356,101.0,101.0288,0.0288
3.357,101.0,101.0288,0.0288
3.358,101.0,101.0288,0.0288
3.359,101.0,101.0288,0.0288
3.36,101.0,101.0287,0.0287
3.361,101.0,101.0287,0.0287
3.362,101.0,101.0287,0.0287
3.363,101.0,101.0287,0.0287
3.364,101.0,101.0287,0.0287
3.365,101.0,101.0287,0.0287
3.366,101.0,101.0287,0.0287
3.367,101.0,101.0287,0.0287
3.368,101.0,101.0287,0.0287
3.369,101.0,101.0287,0.0287
3.37,101.0,101.0287,0.0287
3.371,101.0,101.0287,0.0287
3.372,101.0,101.0286,0.0287
3.373,101.0,101.0286,0.0287
3.374,101.0,101.0286,0.0286
3.375,101.0,101.0286,0.0286
3.376,101.0,101.0287,0.0287
3.3770000000000002,101.0,101.0286,0.0286
3.378,101.0,101.0286,0.0286
3.379,101.0,101.0286,0.0286
3.38,101.0,101.0286,0.0286
3.3810000000000002,101.0,101.0286,0.0286
3.382,101.0,101.0286,0.0286
3.383,101.0,101.0285,0.0286
3.384,101.0,101.0285,0.0285
3.3850000000000002,101.0,101.0285,0.0285
3.386,101.0,101.0285,0.0285
3.387,101.0,101.0284,0.0284
3.388,101.0,101.0284,0.0284
3.3890000000000002,101.0,101.0283,0.0283
3.39,101.0,101.0283,0.0283
3.391,101.0,101.0283,0.0283
3.392,101.0,101.0282,0.0283
3.3930000000000002,101.0,101.0282,0.0282
3.394,101.0,101.0281,0.0281
3.395,101.0,101.0281,0.0281
3.396,101.0,101.028,0.028
3.3970000000000002,101.0,101.028,0.028
3.398,101.0,101.0279,0.0279
3.399,101.0,101.0279,0.0279
3.4,101.0,101.0278,0.0279
3.4010000000000002,101.0,101.0278,0.0278
3.402,101.0,101.0278,0.0278
3.403,101.0,101.0278,0.0278
3.404,101.0,101.0277,0.0277
3.4050000000000002,101.0,101.0276,0.0276
3.406,101.0,101.0276,0.0276
3.407,101.0,101.0276,0.0276
3.408,101.0,101.0275,0.0276
3.4090000000000003,101.0,101.0275,0.0275
3.41,101.0,101.0275,0.0275
3.411,101.0,101.0275,0.0275
3.412,101.0,101.0275,0.0275
3.4130000000000003,101.0,101.0275,0.0275
3.414,101.0,101.0274,0.0274
3.415,101.0,101.0273,0.0274
3.416,101.0,101.0273,0.0273
3.4170000000000003,101.0,101.0272,0.0273
3.418,101.0,101.0272,0.0272
3.419,101.0,101.0271,0.0271
3.42,101.0,101.027,0.027
3.4210000000000003,101.0,101.027,0.027
3.422,101.0,101.027,0.027
3.423,101.0,101.027,0.027
3.424,101.0,101.0269,0.0269
3.4250000000000003,101.0,101.0268,0.0268
3.426,101.0,101.0267,0.0267
3.427,101.0,101.0267,0.0267
3.428,101.0,101.0266,0.0266
3.4290000000000003,101.0,101.0266,0.0266
3.43,101.0,101.0265,0.0265
3.431,101.0,101.0265,0.0265
3.432,101.0,101.0264,0.0264
3.4330000000000003,101.0,101.0264,0.0264
3.434,101.0,101.0264,0.0264
3.435,101.0,101.0263,0.0263
3.436,101.0,101.0263,0.0263
3.4370000000000003,101.0,101.0262,0.0262
3.438,101.0,101.0262,0.0262
3.439,101.0,101.0262,0.0262
3.44,101.0,101.0261,0.0262
3.4410000000000003,101.0,101.0261,0.0261
3.442,101.0,101.0261,0.0261
3.443,101.0,101.026,0.026
3.444,101.0,101.026,0.026
3.4450000000000003,101.0,101.026,0.026
3.446,101.0,101.0259,0.0259
3.447,101.0,101.0258,0.0258
3.448,101.0,101.0257,0.0258
3.4490000000000003,101.0,101.0257,0.0257
3.45,101.0,101.0256,0.0256
3.451,101.0,101.0256,0.0256
3.452,101.0,101.0256,0.0256
3.4530000000000003,101.0,101.0255,0.0255
3.454,101.0,101.0255,0.0255
3.455,101.0,101.0254,0.0254
3.456,101.0,101.0253,0.0253
3.457,101.0,101.0253,0.0253
3.458,101.0,101.0252,0.0252
3.459,101.0,101.0252,0.0252
3.46,101.0,101.0251,0.0251
3.461,101.0,101.0251,0.0251
3.462,101.0,101.025,0.025
3.463,101.0,101.025,0.025
3.464,101.0,101.0249,0.0249
3.465,101.0,101.0248,0.0248
3.466,101.0,101.0248,0.0248
3.467,101.0,101.0247,0.0247
3.468,101.0,101.0247,0.0247
3.469,101.0,101.0246,0.0246
3.47,101.0,101.0245,0.0245
3.471,101.0,101.0245,0.0245
3.472,101.0,101.0244,0.0244
3.473,101.0,101.0244,0.0244
3.474,101.0,101.0243,0.0244
3.475,101.0,101.0243,0.0243
3.476,101.0,101.0243,0.0243
3.477,101.0,101.0242,0.0242
3.478,101.0,101.0242,0.0242
3.479,101.0,101.0241,0.0241
3.48,101.0,101.0241,0.0241
3.481,101.0,101.024,0.024
3.482,101.0,101.0239,0.0239
3.483,101.0,101.0239,0.0239
3.484,101.0,101.0238,0.0238
3.485,101.0,101.0238,0.0238
3.486,101.0,101.0237,0.0237
3.487,101.0,101.0236,0.0236
3.488,101.0,101.0236,0.0237
3.489,101.0,101.0236,0.0236
3.49,101.0,101.0236,0.0236
3.491,101.0,101.0236,0.0236
3.492,101.0,101.0235,0.0235
3.493,101.0,101.0235,0.0235
3.494,101.0,101.0234,0.0234
3.495,101.0,101.0234,0.0234
3.496,101.0,101.0234,0.0234
3.497,101.0,101.0233,0.0233
3.498,101.0,101.0233,0.0233
3.499,101.0,101.0232,0.0232
3.5,101.0,101.0232,0.0232
3.501,101.0,101.0232,0.0232
3.5020000000000002,101.0,101.0232,0.0232
3.503,101.0,101.0231,0.0231
3.504,101.0,101.0231,0.0231
3.505,101.0,101.023,0.023
3.5060000000000002,101.0,101.023,0.023
3.507,101.0,101.0229,0.0229
3.508,101.0,101.0229,0.0229
3.509,101.0,101.0228,0.0228
3.5100000000000002,101.0,101.0227,0.0228
3.511,101.0,101.0227,0.0227
3.512,101.0,101.0227,0.0227
3.513,101.0,101.0226,0.0226
3.5140000000000002,101.0,101.0226,0.0226
3.515,101.0,101.0226,0.0226
3.516,101.0,101.0225,0.0225
3.517,101.0,101.0225,0.0225
3.5180000000000002,101.0,101.0224,0.0224
3.519,101.0,101.0224,0.0224
3.52,101.0,101.0223,0.0223
3.521,101.0,101.0223,0.0223
3.5220000000000002,101.0,101.0222,0.0222
3.523,101.0,101.0222,0.0222
3.524,101.0,101.0222,0.0222
3.525,101.0,101.0221,0.0221
3.5260000000000002,101.0,101.0221,0.0221
3.527,101.0,101.0221,0.0221
3.528,101.0,101.0221,0.0221
3.529,101.0,101.022,0.0221
3.5300000000000002,101.0,101.0221,0.0221
3.531,101.0,101.022,0.022
3.532,101.0,101.0219,0.0219
3.533,101.0,101.0219,0.0219
3.5340000000000003,101.0,101.0219,0.0219
3.535,101.0,101.0219,0.0219
3.536,101.0,101.0218,0.0219
3.537,101.0,101.0218,0.0219
3.5380000000000003,101.0,101.0218,0.0218
3.539,101.0,101.0218,0.0218
3.54,101.0,101.0218,0.0218
3.541,101.0,101.0218,0.0218
3.5420000000000003,101.0,101.0217,0.0217
3.543,101.0,101.0217,0.0217
3.544,101.0,101.0217,0.0217
3.545,101.0,101.0216,0.0216
3.5460000000000003,101.0,101.0216,0.0216
3.547,101.0,101.0216,0.0216
3.548,101.0,101.0215,0.0215
3.549,101.0,101.0215,0.0215
3.5500000000000003,101.0,101.0214,0.0215
3.551,101.0,101.0213,0.0214
3.552,101.0,101.0213,0.0213
3.553,101.0,101.0212,0.0213
3.5540000000000003,101.0,101.0212,0.0212
3.555,101.0,101.0212,0.0212
3.556,101.0,101.0211,0.0211
3.557,101.0,101.0211,0.0211
3.5580000000000003,101.0,101.0211,0.0211
3.559,101.0,101.0211,0.0211
3.56,101.0,101.021,0.021
3.561,101.0,101.021,0.021
3.5620000000000003,101.0,101.021,0.021
3.563,101.0,101.021,0.021
3.564,101.0,101.021,0.021
3.565,101.0,101.0209,0.021
3.5660000000000003,101.0,101.0209,0.0209
3.567,101.0,101.0209,0.0209
3.568,101.0,101.0208,0.0208
3.569,101.0,101.0207,0.0207
3.5700000000000003,101.0,101.0206,0.0206
3.571,101.0,101.0205,0.0205
3.572,101.0,101.0204,0.0204
3.573,101.0,101.0204,0.0204
3.5740000000000003,101.0,101.0203,0.0203
3.575,101.0,101.0203,0.0203
3.576,101.0,101.0202,0.0202
3.577,101.0,101.0202,0.0202
3.5780000000000003,101.0,101.0201,0.0201
3.579,101.0,101.0201,0.0201
3.58,101.0,101.02,0.02
3.581,101.0,101.02,0.02
3.5820000000000003,101.0,101.0199,0.0199
3.583,101.0,101.0199,0.0199
3.584,101.0,101.0199,0.0199
3.585,101.0,101.0198,0.0198
3.586,101.0,101.0198,0.0198
3.587,101.0,101.0198,0.0198
3.588,101.0,101.0198,0.0198
3.589,101.0,101.0198,0.0198
3.59,101.0,101.0197,0.0197
3.591,101.0,101.0197,0.0197
3.592,101.0,101.0197,0.0197
3.593,101.0,101.0196,0.0196
3.594,101.0,101.0196,0.0196
3.595,101.0,101.0195,0.0196
3.596,101.0,101.0195,0.0195
3.597,101.0,101.0194,0.0194
3.598,101.0,101.0194,0.0194
3.599,101.0,101.0194,0.0194
3.6,101.0,101.0193,0.0193
3.601,101.0,101.0193,0.0193
3.602,101.0,101.0193,0.0193
3.603,101.0,101.0192,0.0192
3.604,101.0,101.0192,0.0192
3.605,101.0,101.0191,0.0191
3.606,101.0,101.019,0.019
3.607,101.0,101.019,0.019
3.608,101.0,101.0189,0.019
3.609,101.0,101.0189,0.0189
3.61,101.0,101.0189,0.0189
3.611,101.0,101.0189,0.0189
3.612,101.0,101.0189,0.0189
3.613,101.0,101.0188,0.0188
3.614,101.0,101.0187,0.0188
3.615,101.0,101.0187,0.0187
3.616,101.0,101.0186,0.0187
3.617,101.0,101.0186,0.0186
3.618,101.0,101.0185,0.0186
3.619,101.0,101.0186,0.0186
3.62,101.0,101.0185,0.0185
3.621,101.0,101.0185,0.0185
3.622,101.0,101.0185,0.0185
3.623,101.0,101.0184,0.0185
3.624,101.0,101.0184,0.0184
3.625,101.0,101.0184,0.0184
3.626,101.0,101.0184,0.0184
3.6270000000000002,101.0,101.0184,0.0184
3.628,101.0,101.0184,0.0185
3.629,101.0,101.0185,0.0185
3.63,101.0,101.0185,0.0185
3.6310000000000002,101.0,101.0185,0.0185
3.632,101.0,101.0185,0.0185
3.633,101.0,101.0185,0.0185
3.634,101.0,101.0185,0.0185
3.6350000000000002,101.0,101.0185,0.0185
3.636,101.0,101.0185,0.0185
3.637,101.0,101.0184,0.0185
3.638,101.0,101.0184,0.0184
3.6390000000000002,101.0,101.0183,0.0184
3.64,101.0,101.0183,0.0184
3.641,101.0,101.0183,0.0183
3.642,101.0,101.0183,0.0183
3.6430000000000002,101.0,101.0182,0.0182
3.644,101.0,101.0182,0.0182
3.645,101.0,101.0182,0.0182
3.646,101.0,101.0182,0.0182
3.6470000000000002,101.0,101.0182,0.0182
3.648,101.0,101.0182,0.0182
3.649,101.0,101.0183,0.0183
3.65,101.0,101.0183,0.0183
3.6510000000000002,101.0,101.0183,0.0183
3.652,101.0,101.0183,0.0183
3.653,101.0,101.0183,0.0183
3.654,101.0,101.0183,0.0183
3.6550000000000002,101.0,101.0183,0.0183
3.656,101.0,101.0182,0.0182
3.657,101.0,101.0182,0.0182
3.658,101.0,101.0182,0.0182
3.6590000000000003,101.0,101.0182,0.0182
3.66,101.0,101.0182,0.0182
3.661,101.0,101.0182,0.0182
3.662,101.0,101.0182,0.0182
3.6630000000000003,101.0,101.0181,0.0181
3.664,101.0,101.0181,0.0181
3.665,101.0,101.0181,0.0181
3.666,101.0,101.0181,0.0181
3.6670000000000003,101.0,101.0181,0.0181
3.668,101.0,101.0181,0.0181
3.669,101.0,101.018,0.018
3.67,101.0,101.018,0.018
3.6710000000000003,101.0,101.018,0.018
3.672,101.0,101.018,0.018
3.673,101.0,101.018,0.018
3.674,101.0,101.018,0.018
3.6750000000000003,101.0,101.018,0.018
3.676,101.0,101.018,0.018
3.677,101.0,101.018,0.018
3.678,101.0,101.0179,0.018
3.6790000000000003,101.0,101.0179,0.018
3.68,101.0,101.018,0.018
3.681,101.0,101.0179,0.0179
3.682,101.0,101.0179,0.0179
3.6830000000000003,101.0,101.0179,0.0179
3.684,101.0,101.0179,0.0179
3.685,101.0,101.0179,0.018
3.686,101.0,101.018,0.018
3.6870000000000003,101.0,101.018,0.018
3.688,101.0,101.018,0.018
3.689,101.0,101.0179,0.0179
3.69,101.0,101.0179,0.0179
3.6910000000000003,101.0,101.0179,0.0179
3.692,101.0,101.0179,0.0179
3.693,101.0,101.0179,0.0179
3.694,101.0,101.0179,0.0179
3.6950000000000003,101.0,101.0179,0.0179
3.696,101.0,101.0179,0.0179
3.697,101.0,101.0179,0.0179
3.698,101.0,101.0179,0.0179
3.6990000000000003,101.0,101.0178,0.0178
3.7,101.0,101.0178,0.0178
3.701,101.0,101.0178,0.0178
3.702,101.0,101.0177,0.0177
3.7030000000000003,101.0,101.0177,0.0177
3.704,101.0,101.0176,0.0177
3.705,101.0,101.0176,0.0176
3.706,101.0,101.0176,0.0176
3.7070000000000003,101.0,101.0175,0.0175
3.708,101.0,101.0175,0.0175
3.709,101.0,101.0174,0.0174
3.71,101.0,101.0174,0.0174
3.7110000000000003,101.0,101.0174,0.0174
3.712,101.0,101.0174,0.0174
3.713,101.0,101.0173,0.0173
3.714,101.0,101.0173,0.0173
3.715,101.0,101.0173,0.0173
3.716,101.0,101.0173,0.0173
3.717,101.0,101.0173,0.0173
3.718,101.0,101.0173,0.0173
3.719,101.0,101.0173,0.0173
3.72,101.0,101.0173,0.0173
3.721,101.0,101.0172,0.0173
3.722,101.0,101.0173,0.0173
3.723,101.0,101.0172,0.0173
3.724,101.0,101.0172,0.0172
3.725,101.0,101.0173,0.0173
3.726,101.0,101.0172,0.0172
3.727,101.0,101.0172,0.0172
3.728,101.0,101.0171,0.0171
3.729,101.0,101.0171,0.0171
3.73,101.0,101.0171,0.0171
3.731,101.0,101.017,0.017
3.732,101.0,101.017,0.017
3.733,101.0,101.017,0.017
3.734,101.0,101.0169,0.0169
3.735,101.0,101.0169,0.0169
3.736,101.0,101.0169,0.0169
3.737,101.0,101.0168,0.0169
3.738,101.0,101.0168,0.0168
3.739,101.0,101.0168,0.0168
3.74,101.0,101.0168,0.0168
3.741,101.0,101.0167,0.0168
3.742,101.0,101.0167,0.0167
3.743,101.0,101.0167,0.0167
3.744,101.0,101.0167,0.0167
3.745,101.0,101.0166,0.0166
3.746,101.0,101.0166,0.0166
3.747,101.0,101.0166,0.0166
3.748,101.0,101.0166,0.0166
3.749,101.0,101.0166,0.0166
3.75,101.0,101.0166,0.0166
3.751,101.0,101.0165,0.0165
3.7520000000000002,101.0,101.0164,0.0165
3.753,101.0,101.0164,0.0164
3.754,101.0,101.0164,0.0164
3.755,101.0,101.0163,0.0164
3.7560000000000002,101.0,101.0163,0.0163
3.757,101.0,101.0163,0.0163
3.758,101.0,101.0162,0.0163
3.759,101.0,101.0162,0.0162
3.7600000000000002,101.0,101.0162,0.0162
3.761,101.0,101.0162,0.0162
3.762,101.0,101.0162,0.0162
3.763,101.0,101.0161,0.0161
3.7640000000000002,101.0,101.0161,0.0161
3.765,101.0,101.0161,0.0161
3.766,101.0,101.016,0.016
3.767,101.0,101.016,0.016
3.7680000000000002,101.0,101.0159,0.016
3.769,101.0,101.0159,0.0159
3.77,101.0,101.0159,0.0159
3.771,101.0,101.0159,0.0159
3.7720000000000002,101.0,101.0158,0.0159
3.773,101.0,101.0158,0.0158
3.774,101.0,101.0157,0.0158
3.775,101.0,101.0157,0.0157
3.7760000000000002,101.0,101.0156,0.0156
3.777,101.0,101.0156,0.0156
3.778,101.0,101.0155,0.0155
3.779,101.0,101.0155,0.0155
3.7800000000000002,101.0,101.0154,0.0154
3.781,101.0,101.0153,0.0153
3.782,101.0,101.0153,0.0153
3.783,101.0,101.0153,0.0153
3.7840000000000003,101.0,101.0152,0.0153
3.785,101.0,101.0152,0.0152
3.786,101.0,101.0152,0.0152
3.787,101.0,101.0151,0.0151
3.7880000000000003,101.0,101.015,0.015
3.789,101.0,101.015,0.015
3.79,101.0,101.0149,0.0149
3.791,101.0,101.0148,0.0149
3.7920000000000003,101.0,101.0148,0.0148
3.793,101.0,101.0148,0.0148
3.794,101.0,101.0148,0.0148
3.795,101.0,101.0147,0.0148
3.7960000000000003,101.0,101.0147,0.0147
3.797,101.0,101.0146,0.0146
3.798,101.0,101.0145,0.0145
3.799,101.0,101.0145,0.0145
3.8000000000000003,101.0,101.0144,0.0144
3.801,101.0,101.0144,0.0144
3.802,101.0,101.0143,0.0143
3.803,101.0,101.0142,0.0142
3.8040000000000003,101.0,101.0142,0.0142
3.805,101.0,101.0141,0.0141
3.806,101.0,101.0141,0.0141
3.807,101.0,101.0141,0.0141
3.8080000000000003,101.0,101.0141,0.0141
3.809,101.0,101.014,0.014
3.81,101.0,101.014,0.014
3.811,101.0,101.014,0.014
3.8120000000000003,101.0,101.014,0.014
3.813,101.0,101.014,0.014
3.814,101.0,101.0139,0.014
3.815,101.0,101.0139,0.0139
3.8160000000000003,101.0,101.0139,0.0139
3.817,101.0,101.0139,0.0139
3.818,101.0,101.0139,0.0139
3.819,101.0,101.0138,0.0139
3.8200000000000003,101.0,101.0138,0.0138
3.821,101.0,101.0138,0.0138
3.822,101.0,101.0137,0.0137
3.823,101.0,101.0137,0.0137
3.8240000000000003,101.0,101.0136,0.0137
3.825,101.0,101.0136,0.0136
3.826,101.0,101.0136,0.0136
3.827,101.0,101.0136,0.0136
3.8280000000000003,101.0,101.0135,0.0136
3.829,101.0,101.0135,0.0135
3.83,101.0,101.0134,0.0135
3.831,101.0,101.0134,0.0134
3.8320000000000003,101.0,101.0134,0.0134
3.833,101.0,101.0133,0.0133
3.834,101.0,101.0133,0.0133
3.835,101.0,101.0133,0.0133
3.8360000000000003,101.0,101.0134,0.0134
3.837,101.0,101.0134,0.0134
3.838,101.0,101.0134,0.0134
3.839,101.0,101.0133,0.0133
3.84,101.0,101.0133,0.0133
3.841,101.0,101.0132,0.0132
3.842,101.0,101.0132,0.0132
3.843,101.0,101.0131,0.0132
3.844,101.0,101.0131,0.0131
3.845,101.0,101.0131,0.0131
3.846,101.0,101.013,0.0131
3.847,101.0,101.013,0.013
3.848,101.0,101.0129,0.013
3.849,101.0,101.0129,0.0129
3.85,101.0,101.0129,0.0129
3.851,101.0,101.0128,0.0128
3.852,101.0,101.0128,0.0128
3.853,101.0,101.0128,0.0128
3.854,101.0,101.0128,0.0128
3.855,101.0,101.0128,0.0128
3.856,101.0,101.0128,0.0128
3.857,101.0,101.0128,0.0128
3.858,101.0,101.0128,0.0128
3.859,101.0,101.0128,0.0129
3.86,101.0,101.0129,0.0129
3.861,101.0,101.0129,0.0129
3.862,101.0,101.0129,0.0129
3.863,101.0,101.0129,0.0129
3.864,101.0,101.0129,0.0129
3.865,101.0,101.0129,0.0129
3.866,101.0,101.0129,0.0129
3.867,101.0,101.0129,0.0129
3.868,101.0,101.0129,0.0129
3.869,101.0,101.0129,0.0129
3.87,101.0,101.0129,0.013
3.871,101.0,101.0129,0.0129
3.872,101.0,101.0129,0.0129
3.873,101.0,101.0129,0.0129
3.874,101.0,101.0128,0.0128
3.875,101.0,101.0128,0.0128
3.876,101.0,101.0128,0.0128
3.8770000000000002,101.0,101.0128,0.0128
3.878,101.0,101.0128,0.0128
3.879,101.0,101.0128,0.0128
3.88,101.0,101.0128,0.0128
3.8810000000000002,101.0,101.0127,0.0127
3.882,101.0,101.0127,0.0127
3.883,101.0,101.0128,0.0128
3.884,101.0,101.0127,0.0127
3.8850000000000002,101.0,101.0127,0.0127
3.886,101.0,101.0126,0.0126
3.887,101.0,101.0127,0.0127
3.888,101.0,101.0126,0.0126
3.8890000000000002,101.0,101.0126,0.0126
3.89,101.0,101.0125,0.0125
3.891,101.0,101.0125,0.0125
3.892,101.0,101.0125,0.0125
3.8930000000000002,101.0,101.0125,0.0125
3.894,101.0,101.0124,0.0124
3.895,101.0,101.0125,0.0125
3.896,101.0,101.0124,0.0124
3.8970000000000002,101.0,101.0123,0.0124
3.898,101.0,101.0123,0.0123
3.899,101.0,101.0122,0.0122
3.9,101.0,101.0122,0.0122
3.9010000000000002,101.0,101.0122,0.0122
3.902,101.0,101.0122,0.0122
3.903,101.0,101.0121,0.0121
3.904,101.0,101.0121,0.0121
3.9050000000000002,101.0,101.0121,0.0121
3.906,101.0,101.012,0.012
3.907,101.0,101.012,0.012
3.908,101.0,101.0119,0.0119
3.9090000000000003,101.0,101.0119,0.0119
3.91,101.0,101.0119,0.0119
3.911,101.0,101.0118,0.0119
3.912,101.0,101.0118,0.0119
3.9130000000000003,101.0,101.0118,0.0118
3.914,101.0,101.0118,0.0118
3.915,101.0,101.0118,0.0118
3.916,101.0,101.0117,0.0117
3.9170000000000003,101.0,101.0116,0.0116
3.918,101.0,101.0116,0.0116
3.919,101.0,101.0116,0.0116
3.92,101.0,101.0116,0.0116
3.9210000000000003,101.0,101.0116,0.0116
3.922,101.0,101.0115,0.0115
3.923,101.0,101.0115,0.0115
3.924,101.0,101.0115,0.0115
3.9250000000000003,101.0,101.0115,0.0115
3.926,101.0,101.0115,0.0115
3.927,101.0,101.0115,0.0115
3.928,101.0,101.0115,0.0115
3.9290000000000003,101.0,101.0115,0.0115
3.93,101.0,101.0115,0.0115
3.931,101.0,101.0115,0.0115
3.932,101.0,101.0115,0.0115
3.9330000000000003,101.0,101.0115,0.0115
3.934,101.0,101.0114,0.0114
3.935,101.0,101.0115,0.0115
3.936,101.0,101.0114,0.0114
3.9370000000000003,101.0,101.0114,0.0114
3.938,101.0,101.0113,0.0113
3.939,101.0,101.0113,0.0113
3.94,101.0,101.0113,0.0113
3.9410000000000003,101.0,101.0113,0.0113
3.942,101.0,101.0112,0.0112
3.943,101.0,101.0112,0.0112
3.944,101.0,101.0112,0.0112
3.9450000000000003,101.0,101.0112,0.0112
3.946,101.0,101.0112,0.0112
3.947,101.0,101.0112,0.0112
3.948,101.0,101.0111,0.0111
3.9490000000000003,101.0,101.0111,0.0111
3.95,101.0,101.0111,0.0111
3.951,101.0,101.0111,0.0111
3.952,101.0,101.0111,0.0111
3.9530000000000003,101.0,101.011,0.011
3.954,101.0,101.011,0.011
3.955,101.0,101.011,0.011
3.956,101.0,101.011,0.011
3.9570000000000003,101.0,101.011,0.011
3.958,101.0,101.011,0.011
3.959,101.0,101.011,0.011
3.96,101.0,101.011,0.011
3.9610000000000003,101.0,101.011,0.011
3.962,101.0,101.011,0.011
3.963,101.0,101.011,0.011
3.964,101.0,101.011,0.011
3.9650000000000003,101.0,101.011,0.011
3.966,101.0,101.011,0.0111
3.967,101.0,101.011,0.0111
3.968,101.0,101.011,0.011
3.969,101.0,101.0111,0.0111
3.97,101.0,101.0111,0.0111
3.971,101.0,101.0111,0.0111
3.972,101.0,101.0111,0.0111
3.973,101.0,101.0111,0.0111
3.974,101.0,101.0111,0.0111
3.975,101.0,101.0111,0.0111
3.976,101.0,101.0111,0.0111
3.977,101.0,101.0111,0.0111
3.978,101.0,101.0111,0.0111
3.979,101.0,101.0112,0.0112
3.98,101.0,101.0112,0.0112
3.981,101.0,101.0113,0.0113
3.982,101.0,101.0113,0.0113
3.983,101.0,101.0113,0.0113
3.984,101.0,101.0113,0.0113
3.985,101.0,101.0113,0.0113
3.986,101.0,101.0113,0.0113
3.987,101.0,101.0113,0.0114
3.988,101.0,101.0113,0.0113
3.989,101.0,101.0113,0.0113
3.99,101.0,101.0113,0.0114
3.991,101.0,101.0113,0.0113
3.992,101.0,101.0113,0.0113
3.993,101.0,101.0112,0.0112
3.994,101.0,101.0112,0.0112
3.995,101.0,101.0112,0.0112
3.996,101.0,101.0112,0.0112
3.997,101.0,101.0112,0.0112
3.998,101.0,101.0112,0.0112
3.999,101.0,101.0112,0.0112
4.0,101.0,101.0112,0.0112
4.001,101.0,101.0112,0.0112
4.002,101.0,101.0112,0.0112
4.003,101.0,101.0112,0.0112
4.0040000000000004,101.0,101.0112,0.0112
4.005,101.0,101.0112,0.0112
4.006,101.0,101.0112,0.0112
4.007,101.0,101.0112,0.0112
4.008,101.0,101.0112,0.0112
4.009,101.0,101.0111,0.0111
4.01,101.0,101.0111,0.0111
4.011,101.0,101.0111,0.0111
4.0120000000000005,101.0,101.0111,0.0111
4.013,101.0,101.0111,0.0111
4.014,101.0,101.0111,0.0111
4.015,101.0,101.0111,0.0111
4.016,101.0,101.011,0.0111
4.017,101.0,101.011,0.011
4.018,101.0,101.011,0.011
4.019,101.0,101.011,0.011
4.0200000000000005,101.0,101.011,0.011
4.021,101.0,101.011,0.011
4.022,101.0,101.011,0.011
4.023,101.0,101.011,0.011
4.024,101.0,101.011,0.011
4.025,101.0,101.011,0.011
4.026,101.0,101.011,0.011
4.027,101.0,101.011,0.011
4.0280000000000005,101.0,101.011,0.011
4.029,101.0,101.011,0.011
4.03,101.0,101.011,0.011
4.031,101.0,101.011,0.011
4.032,101.0,101.0111,0.0111
4.033,101.0,101.0111,0.0111
4.034,101.0,101.0111,0.0111
4.035,101.0,101.0111,0.0111
4.0360000000000005,101.0,101.0111,0.0111
4.037,101.0,101.0111,0.0111
4.038,101.0,101.0111,0.0111
4.039,101.0,101.011,0.0111
4.04,101.0,101.011,0.0111
4.041,101.0,101.011,0.0111
4.042,101.0,101.011,0.011
4.043,101.0,101.011,0.011
4.0440000000000005,101.0,101.011,0.011
4.045,101.0,101.011,0.011
4.046,101.0,101.011,0.011
4.047,101.0,101.011,0.011
4.048,101.0,101.011,0.011
4.049,101.0,101.0109,0.011
4.05,101.0,101.0109,0.0109
4.051,101.0,101.011,0.011
4.0520000000000005,101.0,101.011,0.011
4.053,101.0,101.0109,0.011
4.054,101.0,101.011,0.011
4.055,101.0,101.011,0.011
4.056,101.0,101.011,0.011
4.057,101.0,101.011,0.011
4.058,101.0,101.011,0.011
4.059,101.0,101.011,0.011
4.0600000000000005,101.0,101.011,0.011
4.061,101.0,101.011,0.011
4.062,101.0,101.0109,0.0109
4.063,101.0,101.011,0.011
4.064,101.0,101.011,0.011
4.065,101.0,101.011,0.011
4.066,101.0,101.0109,0.0109
4.067,101.0,101.0109,0.0109
4.0680000000000005,101.0,101.0109,0.0109
4.069,101.0,101.011,0.011
4.07,101.0,101.011,0.011
4.071,101.0,101.011,0.011
4.072,101.0,101.011,0.011
4.073,101.0,101.011,0.011
4.074,101.0,101.011,0.011
4.075,101.0,101.011,0.011
4.0760000000000005,101.0,101.0109,0.0109
4.077,101.0,101.0109,0.0109
4.078,101.0,101.0109,0.0109
4.079,101.0,101.0109,0.0109
4.08,101.0,101.0109,0.0109
4.081,101.0,101.0109,0.0109
4.082,101.0,101.0109,0.0109
4.083,101.0,101.0109,0.0109
4.0840000000000005,101.0,101.0108,0.0109
4.085,101.0,101.0108,0.0108
4.086,101.0,101.0108,0.0108
4.087,101.0,101.0108,0.0108
4.088,101.0,101.0107,0.0107
4.089,101.0,101.0107,0.0107
4.09,101.0,101.0106,0.0107
4.091,101.0,101.0106,0.0106
4.0920000000000005,101.0,101.0106,0.0106
4.093,101.0,101.0105,0.0106
4.094,101.0,101.0105,0.0105
4.095,101.0,101.0104,0.0104
4.096,101.0,101.0104,0.0104
4.097,101.0,101.0103,0.0103
4.098,101.0,101.0103,0.0103
4.099,101.0,101.0103,0.0103
4.1,101.0,101.0102,0.0103
4.101,101.0,101.0102,0.0102
4.102,101.0,101.0102,0.0102
4.103,101.0,101.0101,0.0101
4.104,101.0,101.0101,0.0101
4.105,101.0,101.01,0.01
4.106,101.0,101.01,0.01
4.107,101.0,101.01,0.01
4.108,101.0,101.0099,0.01
4.109,101.0,101.0099,0.0099
4.11,101.0,101.0099,0.0099
4.111,101.0,101.0099,0.0099
4.112,101.0,101.0098,0.0099
4.113,101.0,101.0098,0.0098
4.114,101.0,101.0098,0.0098
4.115,101.0,101.0098,0.0098
4.116,101.0,101.0097,0.0097
4.117,101.0,101.0097,0.0097
4.118,101.0,101.0097,0.0097
4.119,101.0,101.0097,0.0097
4.12,101.0,101.0096,0.0096
4.121,101.0,101.0096,0.0096
4.122,101.0,101.0096,0.0096
4.123,101.0,101.0096,0.0096
4.124,101.0,101.0095,0.0095
4.125,101.0,101.0095,0.0095
4.126,101.0,101.0095,0.0095
4.127,101.0,101.0095,0.0095
4.128,101.0,101.0095,0.0095
4.1290000000000004,101.0,101.0095,0.0095
4.13,101.0,101.0095,0.0095
4.131,101.0,101.0094,0.0094
4.132,101.0,101.0093,0.0094
4.133,101.0,101.0093,0.0094
4.134,101.0,101.0093,0.0093
4.135,101.0,101.0093,0.0093
4.136,101.0,101.0092,0.0092
4.1370000000000005,101.0,101.0092,0.0092
4.138,101.0,101.0091,0.0091
4.139,101.0,101.009,0.009
4.14,101.0,101.009,0.009
4.141,101.0,101.009,0.009
4.142,101.0,101.009,0.009
4.143,101.0,101.0089,0.0089
4.144,101.0,101.0089,0.0089
4.1450000000000005,101.0,101.0089,0.0089
4.146,101.0,101.0089,0.0089
4.147,101.0,101.0089,0.0089
4.148,101.0,101.0089,0.0089
4.149,101.0,101.0089,0.0089
4.15,101.0,101.0089,0.0089
4.151,101.0,101.0089,0.0089
4.152,101.0,101.0089,0.0089
4.1530000000000005,101.0,101.0088,0.0089
4.154,101.0,101.0089,0.0089
4.155,101.0,101.0089,0.0089
4.156,101.0,101.0089,0.0089
4.157,101.0,101.0089,0.0089
4.158,101.0,101.0089,0.0089
4.159,101.0,101.0089,0.0089
4.16,101.0,101.0089,0.0089
4.1610000000000005,101.0,101.0089,0.0089
4.162,101.0,101.0089,0.0089
4.163,101.0,101.0089,0.0089
4.164,101.0,101.0089,0.0089
4.165,101.0,101.009,0.009
4.166,101.0,101.009,0.009
4.167,101.0,101.009,0.009
4.168,101.0,101.009,0.0091
4.1690000000000005,101.0,101.0091,0.0091
4.17,101.0,101.0091,0.0091
4.171,101.0,101.0091,0.0091
4.172,101.0,101.0091,0.0091
4.173,101.0,101.0092,0.0092
4.174,101.0,101.0092,0.0092
4.175,101.0,101.0093,0.0093
4.176,101.0,101.0093,0.0093
4.1770000000000005,101.0,101.0093,0.0094
4.178,101.0,101.0093,0.0094
4.179,101.0,101.0093,0.0093
4.18,101.0,101.0094,0.0094
4.181,101.0,101.0093,0.0094
4.182,101.0,101.0094,0.0094
4.183,101.0,101.0094,0.0094
4.184,101.0,101.0095,0.0095
4.1850000000000005,101.0,101.0095,0.0095
4.186,101.0,101.0095,0.0095
4.187,101.0,101.0095,0.0095
4.188,101.0,101.0094,0.0094
4.189,101.0,101.0094,0.0094
4.19,101.0,101.0094,0.0094
4.191,101.0,101.0094,0.0094
4.192,101.0,101.0093,0.0094
4.1930000000000005,101.0,101.0093,0.0093
4.194,101.0,101.0093,0.0093
4.195,101.0,101.0093,0.0094
4.196,101.0,101.0093,0.0093
4.197,101.0,101.0094,0.0094
4.198,101.0,101.0094,0.0094
4.199,101.0,101.0094,0.0094
4.2,101.0,101.0093,0.0093
4.2010000000000005,101.0,101.0093,0.0093
4.202,101.0,101.0093,0.0093
4.203,101.0,101.0093,0.0093
4.204,101.0,101.0092,0.0092
4.205,101.0,101.0092,0.0092
4.206,101.0,101.0092,0.0092
4.207,101.0,101.0092,0.0092
4.208,101.0,101.0092,0.0092
4.2090000000000005,101.0,101.0092,0.0092
4.21,101.0,101.0091,0.0092
4.211,101.0,101.0091,0.0092
4.212,101.0,101.0091,0.0091
4.213,101.0,101.0091,0.0091
4.214,101.0,101.0091,0.0091
4.215,101.0,101.009,0.0091
4.216,101.0,101.009,0.0091
4.2170000000000005,101.0,101.009,0.009
4.218,101.0,101.009,0.009
4.219,101.0,101.009,0.0091
4.22,101.0,101.0091,0.0091
4.221,101.0,101.009,0.0091
4.222,101.0,101.009,0.009
4.223,101.0,101.009,0.0091
4.224,101.0,101.009,0.009
4.225,101.0,101.009,0.009
4.226,101.0,101.009,0.009
4.227,101.0,101.009,0.009
4.228,101.0,101.009,0.009
4.229,101.0,101.0089,0.0089
4.23,101.0,101.0089,0.0089
4.231,101.0,101.0088,0.0089
4.232,101.0,101.0088,0.0088
4.233,101.0,101.0088,0.0088
4.234,101.0,101.0088,0.0088
4.235,101.0,101.0087,0.0088
4.236,101.0,101.0087,0.0088
4.237,101.0,101.0087,0.0087
4.238,101.0,101.0086,0.0086
4.239,101.0,101.0086,0.0086
4.24,101.0,101.0085,0.0085
4.241,101.0,101.0085,0.0085
4.242,101.0,101.0085,0.0085
4.243,101.0,101.0085,0.0085
4.244,101.0,101.0085,0.0085
4.245,101.0,101.0084,0.0084
4.246,101.0,101.0084,0.0084
4.247,101.0,101.0083,0.0083
4.248,101.0,101.0083,0.0083
4.249,101.0,101.0082,0.0083
4.25,101.0,101.0082,0.0082
4.251,101.0,101.0082,0.0082
4.252,101.0,101.0082,0.0082
4.253,101.0,101.0082,0.0082
4.2540000000000004,101.0,101.0082,0.0082
4.255,101.0,101.0081,0.0081
4.256,101.0,101.0081,0.0081
4.257,101.0,101.0081,0.0081
4.258,101.0,101.0081,0.0081
4.259,101.0,101.0081,0.0081
4.26,101.0,101.0081,0.0081
4.261,101.0,101.0081,0.0081
4.2620000000000005,101.0,101.0081,0.0081
4.263,101.0,101.0081,0.0081
4.264,101.0,101.0081,0.0081
4.265,101.0,101.0081,0.0081
4.266,101.0,101.0081,0.0081
4.267,101.0,101.0081,0.0081
4.268,101.0,101.0081,0.0081
4.269,101.0,101.0081,0.0081
4.2700000000000005,101.0,101.0081,0.0081
4.271,101.0,101.0081,0.0081
4.272,101.0,101.0081,0.0081
4.273,101.0,101.0081,0.0081
4.274,101.0,101.0081,0.0081
4.275,101.0,101.0081,0.0081
4.276,101.0,101.0081,0.0081
4.277,101.0,101.0081,0.0081
4.2780000000000005,101.0,101.008,0.008
4.279,101.0,101.008,0.008
4.28,101.0,101.008,0.008
4.281,101.0,101.008,0.008
4.282,101.0,101.008,0.008
4.283,101.0,101.0079,0.0079
4.284,101.0,101.0079,0.0079
4.285,101.0,101.0079,0.0079
4.2860000000000005,101.0,101.0079,0.0079
4.287,101.0,101.0079,0.0079
4.288,101.0,101.0078,0.0078
4.289,101.0,101.0077,0.0077
4.29,101.0,101.0077,0.0077
4.291,101.0,101.0077,0.0077
4.292,101.0,101.0077,0.0077
4.293,101.0,101.0077,0.0077
4.2940000000000005,101.0,101.0076,0.0077
4.295,101.0,101.0076,0.0076
4.296,101.0,101.0076,0.0076
4.297,101.0,101.0076,0.0076
4.298,101.0,101.0076,0.0076
4.299,101.0,101.0075,0.0075
4.3,101.0,101.0075,0.0075
4.301,101.0,101.0074,0.0074
4.3020000000000005,101.0,101.0074,0.0074
4.303,101.0,101.0073,0.0073
4.304,101.0,101.0072,0.0072
4.305,101.0,101.0072,0.0072
4.306,101.0,101.0071,0.0071
4.307,101.0,101.007,0.007
4.308,101.0,101.007,0.007
4.309,101.0,101.0069,0.0069
4.3100000000000005,101.0,101.0069,0.0069
4.311,101.0,101.0069,0.0069
4.312,101.0,101.0068,0.0068
4.313,101.0,101.0068,0.0068
4.314,101.0,101.0068,0.0068
4.315,101.0,101.0067,0.0067
4.316,101.0,101.0067,0.0067
4.317,101.0,101.0067,0.0067
4.3180000000000005,101.0,101.0066,0.0067
4.319,101.0,101.0066,0.0066
4.32,101.0,101.0066,0.0066
4.321,101.0,101.0066,0.0066
4.322,101.0,101.0065,0.0065
4.323,101.0,101.0065,0.0065
4.324,101.0,101.0064,0.0064
4.325,101.0,101.0064,0.0064
4.3260000000000005,101.0,101.0063,0.0063
4.327,101.0,101.0063,0.0063
4.328,101.0,101.0062,0.0062
4.329,101.0,101.0062,0.0062
4.33,101.0,101.0061,0.0061
4.331,101.0,101.0061,0.0061
4.332,101.0,101.006,0.006
4.333,101.0,101.0059,0.0059
4.3340000000000005,101.0,101.0058,0.0058
4.335,101.0,101.0057,0.0058
4.336,101.0,101.0057,0.0057
4.337,101.0,101.0057,0.0057
4.338,101.0,101.0056,0.0056
4.339,101.0,101.0055,0.0056
4.34,101.0,101.0055,0.0055
4.341,101.0,101.0054,0.0054
4.3420000000000005,101.0,101.0053,0.0053
4.343,101.0,101.0052,0.0053
4.344,101.0,101.0052,0.0052
4.345,101.0,101.0051,0.0051
4.346,101.0,101.0051,0.0051
4.347,101.0,101.005,0.005
4.348,101.0,101.005,0.005
4.349,101.0,101.0049,0.0049
4.3500000000000005,101.0,101.0049,0.0049
4.351,101.0,101.0048,0.0048
4.352,101.0,101.0048,0.0048
4.353,101.0,101.0048,0.0048
4.354,101.0,101.0048,0.0048
4.355,101.0,101.0047,0.0047
4.356,101.0,101.0047,0.0047
4.357,101.0,101.0047,0.0047
4.358,101.0,101.0047,0.0047
4.359,101.0,101.0047,0.0047
4.36,101.0,101.0047,0.0047
4.361,101.0,101.0046,0.0046
4.362,101.0,101.0046,0.0046
4.363,101.0,101.0046,0.0046
4.364,101.0,101.0046,0.0046
4.365,101.0,101.0046,0.0046
4.366,101.0,101.0045,0.0045
4.367,101.0,101.0045,0.0045
4.368,101.0,101.0045,0.0045
4.369,101.0,101.0045,0.0045
4.37,101.0,101.0045,0.0045
4.371,101.0,101.0045,0.0045
4.372,101.0,101.0045,0.0045
4.373,101.0,101.0044,0.0044
4.374,101.0,101.0044,0.0044
4.375,101.0,101.0043,0.0043
4.376,101.0,101.0043,0.0044
4.377,101.0,101.0043,0.0043
4.378,101.0,101.0043,0.0043
4.3790000000000004,101.0,101.0043,0.0044
4.38,101.0,101.0043,0.0044
4.381,101.0,101.0044,0.0044
4.382,101.0,101.0044,0.0044
4.383,101.0,101.0044,0.0044
4.384,101.0,101.0045,0.0045
4.385,101.0,101.0045,0.0045
4.386,101.0,101.0045,0.0045
4.3870000000000005,101.0,101.0045,0.0045
4.388,101.0,101.0045,0.0045
4.389,101.0,101.0045,0.0045
4.39,101.0,101.0045,0.0045
4.391,101.0,101.0045,0.0045
4.392,101.0,101.0045,0.0045
4.393,101.0,101.0045,0.0045
4.394,101.0,101.0045,0.0045
4.3950000000000005,101.0,101.0045,0.0045
4.396,101.0,101.0045,0.0045
4.397,101.0,101.0044,0.0044
4.398,101.0,101.0044,0.0045
4.399,101.0,101.0044,0.0044
4.4,101.0,101.0044,0.0044
4.401,101.0,101.0044,0.0044
4.402,101.0,101.0043,0.0044
4.4030000000000005,101.0,101.0044,0.0044
4.404,101.0,101.0043,0.0044
4.405,101.0,101.0043,0.0044
4.406,101.0,101.0043,0.0043
4.407,101.0,101.0043,0.0043
4.408,101.0,101.0043,0.0044
4.409,101.0,101.0043,0.0044
4.41,101.0,101.0044,0.0044
4.4110000000000005,101.0,101.0044,0.0044
4.412,101.0,101.0043,0.0044
4.413,101.0,101.0044,0.0044
4.414,101.0,101.0044,0.0044
4.415,101.0,101.0045,0.0045
4.416,101.0,101.0045,0.0045
4.417,101.0,101.0044,0.0044
4.418,101.0,101.0045,0.0045
4.4190000000000005,101.0,101.0044,0.0045
4.42,101.0,101.0045,0.0045
4.421,101.0,101.0045,0.0045
4.422,101.0,101.0045,0.0045
4.423,101.0,101.0045,0.0045
4.424,101.0,101.0044,0.0044
4.425,101.0,101.0044,0.0044
4.426,101.0,101.0044,0.0044
4.4270000000000005,101.0,101.0044,0.0044
4.428,101.0,101.0044,0.0044
4.429,101.0,101.0043,0.0044
4.43,101.0,101.0044,0.0044
4.431,101.0,101.0043,0.0044
4.432,101.0,101.0043,0.0043
4.433,101.0,101.0043,0.0043
4.434,101.0,101.0043,0.0043
4.4350000000000005,101.0,101.0042,0.0042
4.436,101.0,101.0043,0.0043
4.437,101.0,101.0042,0.0042
4.438,101.0,101.0043,0.0043
4.439,101.0,101.0042,0.0042
4.44,101.0,101.0042,0.0042
4.441,101.0,101.0042,0.0043
4.442,101.0,101.0042,0.0042
4.4430000000000005,101.0,101.0042,0.0042
4.444,101.0,101.0042,0.0042
4.445,101.0,101.0042,0.0042
4.446,101.0,101.0042,0.0042
4.447,101.0,101.0042,0.0042
4.448,101.0,101.0042,0.0042
4.449,101.0,101.0042,0.0042
4.45,101.0,101.0042,0.0042
4.4510000000000005,101.0,101.0042,0.0042
4.452,101.0,101.0042,0.0042
4.453,101.0,101.0042,0.0042
4.454,101.0,101.0042,0.0042
4.455,101.0,101.0042,0.0042
4.456,101.0,101.0042,0.0042
4.457,101.0,101.0042,0.0042
4.458,101.0,101.0042,0.0042
4.4590000000000005,101.0,101.0041,0.0042
4.46,101.0,101.0041,0.0041
4.461,101.0,101.0041,0.0041
4.462,101.0,101.0041,0.0041
4.463,101.0,101.0041,0.0041
4.464,101.0,101.004,0.004
4.465,101.0,101.004,0.004
4.466,101.0,101.004,0.004
4.4670000000000005,101.0,101.0039,0.0039
4.468,101.0,101.0039,0.0039
4.469,101.0,101.0039,0.0039
4.47,101.0,101.0038,0.0038
4.471,101.0,101.0038,0.0038
4.472,101.0,101.0038,0.0038
4.473,101.0,101.0038,0.0038
4.474,101.0,101.0038,0.0038
4.4750000000000005,101.0,101.0038,0.0038
4.476,101.0,101.0037,0.0037
4.477,101.0,101.0038,0.0038
4.478,101.0,101.0037,0.0037
4.479,101.0,101.0037,0.0037
4.48,101.0,101.0037,0.0037
4.481,101.0,101.0036,0.0037
4.482,101.0,101.0036,0.0037
4.483,101.0,101.0036,0.0036
4.484,101.0,101.0036,0.0036
4.485,101.0,101.0036,0.0036
4.486,101.0,101.0036,0.0036
4.487,101.0,101.0036,0.0036
4.488,101.0,101.0036,0.0036
4.489,101.0,101.0036,0.0036
4.49,101.0,101.0035,0.0035
4.491,101.0,101.0034,0.0034
4.492,101.0,101.0034,0.0034
4.493,101.0,101.0034,0.0034
4.494,101.0,101.0033,0.0033
4.495,101.0,101.0033,0.0033
4.496,101.0,101.0032,0.0032
4.497,101.0,101.0032,0.0033
4.498,101.0,101.0032,0.0032
4.499,101.0,101.0032,0.0032
4.5,101.0,101.0032,0.0032
4.501,101.0,101.0032,0.0032
4.502,101.0,101.0032,0.0032
4.503,101.0,101.0032,0.0032
4.5040000000000004,101.0,101.0031,0.0031
4.505,101.0,101.0031,0.0031
4.506,101.0,101.0031,0.0031
4.507,101.0,101.0031,0.0031
4.508,101.0,101.0031,0.0031
4.509,101.0,101.0031,0.0031
4.51,101.0,101.0031,0.0031
4.511,101.0,101.003,0.003
4.5120000000000005,101.0,101.003,0.003
4.513,101.0,101.003,0.003
4.514,101.0,101.003,0.003
4.515,101.0,101.0029,0.0029
4.516,101.0,101.0029,0.0029
4.517,101.0,101.0028,0.0028
4.518,101.0,101.0028,0.0028
4.519,101.0,101.0027,0.0027
4.5200000000000005,101.0,101.0027,0.0027
4.521,101.0,101.0026,0.0026
4.522,101.0,101.0026,0.0026
4.523,101.0,101.0026,0.0026
4.524,101.0,101.0025,0.0025
4.525,101.0,101.0026,0.0026
4.526,101.0,101.0025,0.0025
4.527,101.0,101.0025,0.0025
4.5280000000000005,101.0,101.0025,0.0025
4.529,101.0,101.0025,0.0025
4.53,101.0,101.0025,0.0025
4.531,101.0,101.0025,0.0025
4.532,101.0,101.0025,0.0025
4.533,101.0,101.0025,0.0025
4.534,101.0,101.0025,0.0025
4.535,101.0,101.0025,0.0025
4.5360000000000005,101.0,101.0025,0.0025
4.537,101.0,101.0025,0.0025
4.538,101.0,101.0024,0.0024
4.539,101.0,101.0024,0.0024
4.54,101.0,101.0024,0.0024
4.541,101.0,101.0023,0.0023
4.542,101.0,101.0023,0.0023
4.543,101.0,101.0023,0.0023
4.5440000000000005,101.0,101.0023,0.0023
4.545,101.0,101.0023,0.0023
4.546,101.0,101.0023,0.0023
4.547,101.0,101.0023,0.0023
4.548,101.0,101.0024,0.0024
4.549,101.0,101.0024,0.0024
4.55,101.0,101.0024,0.0024
4.551,101.0,101.0024,0.0024
4.5520000000000005,101.0,101.0024,0.0024
4.553,101.0,101.0024,0.0024
4.554,101.0,101.0024,0.0024
4.555,101.0,101.0024,0.0024
4.556,101.0,101.0024,0.0024
4.557,101.0,101.0024,0.0024
4.558,101.0,101.0024,0.0024
4.559,101.0,101.0025,0.0025
4.5600000000000005,101.0,101.0025,0.0025
4.561,101.0,101.0025,0.0025
4.562,101.0,101.0025,0.0025
4.563,101.0,101.0025,0.0025
4.564,101.0,101.0025,0.0025
4.565,101.0,101.0025,0.0025
4.566,101.0,101.0026,0.0026
4.567,101.0,101.0026,0.0026
4.5680000000000005,101.0,101.0026,0.0026
4.569,101.0,101.0026,0.0026
4.57,101.0,101.0026,0.0026
4.571,101.0,101.0026,0.0026
4.572,101.0,101.0026,0.0026
4.573,101.0,101.0026,0.0026
4.574,101.0,101.0026,0.0026
4.575,101.0,101.0027,0.0027
4.5760000000000005,101.0,101.0027,0.0027
4.577,101.0,101.0027,0.0027
4.578,101.0,101.0027,0.0027
4.579,101.0,101.0027,0.0027
4.58,101.0,101.0027,0.0027
4.581,101.0,101.0027,0.0028
4.582,101.0,101.0027,0.0027
4.583,101.0,101.0028,0.0028
4.5840000000000005,101.0,101.0028,0.0028
4.585,101.0,101.0028,0.0028
4.586,101.0,101.0028,0.0028
4.587,101.0,101.0028,0.0028
4.588,101.0,101.0029,0.0029
4.589,101.0,101.0029,0.0029
4.59,101.0,101.0029,0.0029
4.591,101.0,101.0029,0.0029
4.5920000000000005,101.0,101.0029,0.0029
4.593,101.0,101.0029,0.0029
4.594,101.0,101.0029,0.0029
4.595,101.0,101.003,0.003
4.596,101.0,101.0029,0.0029
4.597,101.0,101.0029,0.0029
4.598,101.0,101.0029,0.0029
4.599,101.0,101.0029,0.0029
4.6000000000000005,101.0,101.003,0.003
4.601,101.0,101.003,0.003
4.602,101.0,101.0029,0.0029
4.603,101.0,101.0029,0.0029
4.604,101.0,101.0029,0.0029
4.605,101.0,101.0029,0.0029
4.606,101.0,101.0029,0.0029
4.607,101.0,101.0029,0.0029
4.6080000000000005,101.0,101.0029,0.0029
4.609,101.0,101.0028,0.0029
4.61,101.0,101.0028,0.0028
4.611,101.0,101.0028,0.0028
4.612,101.0,101.0028,0.0028
4.613,101.0,101.0027,0.0028
4.614,101.0,101.0027,0.0027
4.615,101.0,101.0028,0.0028
4.616,101.0,101.0028,0.0028
4.617,101.0,101.0027,0.0028
4.618,101.0,101.0028,0.0028
4.619,101.0,101.0027,0.0028
4.62,101.0,101.0027,0.0028
4.621,101.0,101.0028,0.0028
4.622,101.0,101.0027,0.0027
4.623,101.0,101.0027,0.0028
4.624,101.0,101.0028,0.0028
4.625,101.0,101.0028,0.0028
4.626,101.0,101.0028,0.0028
4.627,101.0,101.0028,0.0028
4.628,101.0,101.0028,0.0028
4.6290000000000004,101.0,101.0028,0.0028
4.63,101.0,101.0027,0.0027
4.631,101.0,101.0027,0.0028
4.632,101.0,101.0027,0.0027
4.633,101.0,101.0027,0.0027
4.634,101.0,101.0027,0.0027
4.635,101.0,101.0028,0.0028
4.636,101.0,101.0028,0.0028
4.6370000000000005,101.0,101.0028,0.0028
4.638,101.0,101.0028,0.0028
4.639,101.0,101.0029,0.0029
4.64,101.0,101.0028,0.0029
4.641,101.0,101.0029,0.0029
4.642,101.0,101.003,0.003
4.643,101.0,101.003,0.003
4.644,101.0,101.003,0.003
4.6450000000000005,101.0,101.003,0.003
4.646,101.0,101.003,0.003
4.647,101.0,101.003,0.003
4.648,101.0,101.003,0.003
4.649,101.0,101.003,0.003
4.65,101.0,101.0031,0.0031
4.651,101.0,101.0031,0.0031
4.652,101.0,101.0031,0.0031
4.6530000000000005,101.0,101.0032,0.0032
4.654,101.0,101.0032,0.0032
4.655,101.0,101.0032,0.0032
4.656,101.0,101.0032,0.0032
4.657,101.0,101.0032,0.0032
4.658,101.0,101.0032,0.0033
4.659,101.0,101.0033,0.0033
4.66,101.0,101.0033,0.0033
4.6610000000000005,101.0,101.0033,0.0034
4.662,101.0,101.0033,0.0033
4.663,101.0,101.0033,0.0033
4.664,101.0,101.0033,0.0033
4.665,101.0,101.0034,0.0034
4.666,101.0,101.0034,0.0034
4.667,101.0,101.0034,0.0034
4.668,101.0,101.0033,0.0033
4.6690000000000005,101.0,101.0033,0.0033
4.67,101.0,101.0034,0.0034
4.671,101.0,101.0034,0.0034
4.672,101.0,101.0034,0.0034
4.673,101.0,101.0035,0.0035
4.674,101.0,101.0035,0.0035
4.675,101.0,101.0035,0.0035
4.676,101.0,101.0036,0.0036
4.6770000000000005,101.0,101.0036,0.0036
4.678,101.0,101.0037,0.0037
4.679,101.0,101.0037,0.0037
4.68,101.0,101.0037,0.0037
4.681,101.0,101.0038,0.0038
4.682,101.0,101.0038,0.0038
4.683,101.0,101.0038,0.0038
4.684,101.0,101.0038,0.0038
4.6850000000000005,101.0,101.0038,0.0038
4.686,101.0,101.0039,0.0039
4.687,101.0,101.0039,0.0039
4.688,101.0,101.0039,0.0039
4.689,101.0,101.004,0.004
4.69,101.0,101.004,0.004
4.691,101.0,101.004,0.004
4.692,101.0,101.004,0.004
4.6930000000000005,101.0,101.004,0.004
4.694,101.0,101.0041,0.0041
4.695,101.0,101.0041,0.0041
4.696,101.0,101.0041,0.0041
4.697,101.0,101.0041,0.0042
4.698,101.0,101.0042,0.0042
4.699,101.0,101.0042,0.0042
4.7,101.0,101.0042,0.0042
4.7010000000000005,101.0,101.0043,0.0043
4.702,101.0,101.0043,0.0043
4.703,101.0,101.0043,0.0044
4.704,101.0,101.0043,0.0044
4.705,101.0,101.0044,0.0044
4.706,101.0,101.0044,0.0044
4.707,101.0,101.0044,0.0044
4.708,101.0,101.0044,0.0044
4.7090000000000005,101.0,101.0044,0.0045
4.71,101.0,101.0045,0.0045
4.711,101.0,101.0045,0.0045
4.712,101.0,101.0045,0.0045
4.713,101.0,101.0045,0.0046
4.714,101.0,101.0046,0.0046
4.715,101.0,101.0046,0.0046
4.716,101.0,101.0046,0.0046
4.7170000000000005,101.0,101.0046,0.0046
4.718,101.0,101.0045,0.0046
4.719,101.0,101.0045,0.0045
4.72,101.0,101.0045,0.0045
4.721,101.0,101.0045,0.0045
4.722,101.0,101.0045,0.0045
4.723,101.0,101.0045,0.0045
4.724,101.0,101.0045,0.0045
4.7250000000000005,101.0,101.0045,0.0045
4.726,101.0,101.0046,0.0046
4.727,101.0,101.0046,0.0046
4.728,101.0,101.0046,0.0046
4.729,101.0,101.0046,0.0046
4.73,101.0,101.0047,0.0047
4.731,101.0,101.0047,0.0047
4.732,101.0,101.0047,0.0047
4.7330000000000005,101.0,101.0047,0.0047
4.734,101.0,101.0048,0.0048
4.735,101.0,101.0048,0.0048
4.736,101.0,101.0048,0.0049
4.737,101.0,101.0049,0.0049
4.738,101.0,101.0049,0.0049
4.739,101.0,101.0049,0.0049
4.74,101.0,101.0049,0.0049
4.741,101.0,101.005,0.005
4.742,101.0,101.005,0.005
4.743,101.0,101.005,0.005
4.744,101.0,101.005,0.0051
4.745,101.0,101.005,0.0051
4.746,101.0,101.0051,0.0051
4.747,101.0,101.0051,0.0051
4.748,101.0,101.0051,0.0051
4.749,101.0,101.0051,0.0051
4.75,101.0,101.0051,0.0051
4.751,101.0,101.0051,0.0051
4.752,101.0,101.0051,0.0051
4.753,101.0,101.0051,0.0051
4.7540000000000004,101.0,101.0051,0.0051
4.755,101.0,101.0051,0.0051
4.756,101.0,101.005,0.005
4.757,101.0,101.0051,0.0051
4.758,101.0,101.0051,0.0051
4.759,101.0,101.0051,0.0051
4.76,101.0,101.0051,0.0051
4.761,101.0,101.0051,0.0051
4.7620000000000005,101.0,101.0052,0.0052
4.763,101.0,101.0052,0.0052
4.764,101.0,101.0052,0.0052
4.765,101.0,101.0052,0.0052
4.766,101.0,101.0052,0.0052
4.767,101.0,101.0052,0.0052
4.768,101.0,101.0052,0.0052
4.769,101.0,101.0052,0.0052
4.7700000000000005,101.0,101.0052,0.0053
4.771,101.0,101.0052,0.0052
4.772,101.0,101.0052,0.0052
4.773,101.0,101.0052,0.0053
4.774,101.0,101.0052,0.0053
4.775,101.0,101.0052,0.0052
4.776,101.0,101.0052,0.0052
4.777,101.0,101.0052,0.0052
4.7780000000000005,101.0,101.0052,0.0052
4.779,101.0,101.0052,0.0052
4.78,101.0,101.0052,0.0053
4.781,101.0,101.0053,0.0053
4.782,101.0,101.0053,0.0053
4.783,101.0,101.0053,0.0053
4.784,101.0,101.0053,0.0053
4.785,101.0,101.0053,0.0053
4.7860000000000005,101.0,101.0053,0.0053
4.787,101.0,101.0053,0.0053
4.788,101.0,101.0053,0.0053
4.789,101.0,101.0053,0.0053
4.79,101.0,101.0052,0.0052
4.791,101.0,101.0052,0.0053
4.792,101.0,101.0052,0.0052
4.793,101.0,101.0052,0.0052
4.7940000000000005,101.0,101.0052,0.0052
4.795,101.0,101.0052,0.0052
4.796,101.0,101.0052,0.0052
4.797,101.0,101.0052,0.0052
4.798,101.0,101.0052,0.0052
4.799,101.0,101.0052,0.0052
4.8,101.0,101.0052,0.0052
4.801,101.0,101.0052,0.0052
4.8020000000000005,101.0,101.0052,0.0052
4.803,101.0,101.0052,0.0052
4.804,101.0,101.0052,0.0052
4.805,101.0,101.0052,0.0052
4.806,101.0,101.0052,0.0052
4.807,101.0,101.0052,0.0052
4.808,101.0,101.0052,0.0052
4.809,101.0,101.0052,0.0052
4.8100000000000005,101.0,101.0051,0.0051
4.811,101.0,101.0051,0.0051
4.812,101.0,101.0051,0.0051
4.813,101.0,101.0051,0.0051
4.814,101.0,101.0051,0.0051
4.815,101.0,101.005,0.005
4.816,101.0,101.005,0.005
4.817,101.0,101.005,0.005
4.8180000000000005,101.0,101.0049,0.0049
4.819,101.0,101.0049,0.0049
4.82,101.0,101.0049,0.0049
4.821,101.0,101.0049,0.0049
4.822,101.0,101.0049,0.0049
4.823,101.0,101.0049,0.0049
4.824,101.0,101.0049,0.0049
4.825,101.0,101.0048,0.0049
4.8260000000000005,101.0,101.0049,0.0049
4.827,101.0,101.0048,0.0049
4.828,101.0,101.0048,0.0048
4.829,101.0,101.0048,0.0049
4.83,101.0,101.0048,0.0048
4.831,101.0,101.0049,0.0049
4.832,101.0,101.0048,0.0048
4.833,101.0,101.0048,0.0048
4.8340000000000005,101.0,101.0048,0.0048
4.835,101.0,101.0048,0.0048
4.836,101.0,101.0049,0.0049
4.837,101.0,101.0048,0.0048
4.838,101.0,101.0048,0.0048
4.839,101.0,101.0048,0.0048
4.84,101.0,101.0047,0.0047
4.841,101.0,101.0047,0.0047
4.8420000000000005,101.0,101.0047,0.0047
4.843,101.0,101.0047,0.0047
4.844,101.0,101.0047,0.0047
4.845,101.0,101.0047,0.0047
4.846,101.0,101.0047,0.0047
4.847,101.0,101.0047,0.0047
4.848,101.0,101.0047,0.0047
4.849,101.0,101.0046,0.0046
4.8500000000000005,101.0,101.0046,0.0046
4.851,101.0,101.0047,0.0047
4.852,101.0,101.0047,0.0047
4.853,101.0,101.0047,0.0047
4.854,101.0,101.0047,0.0047
4.855,101.0,101.0047,0.0047
4.856,101.0,101.0047,0.0047
4.857,101.0,101.0047,0.0047
4.8580000000000005,101.0,101.0047,0.0047
4.859,101.0,101.0047,0.0047
4.86,101.0,101.0047,0.0047
4.861,101.0,101.0046,0.0046
4.862,101.0,101.0046,0.0046
4.863,101.0,101.0045,0.0046
4.864,101.0,101.0046,0.0046
4.865,101.0,101.0045,0.0045
4.866,101.0,101.0045,0.0045
4.867,101.0,101.0045,0.0045
4.868,101.0,101.0045,0.0045
4.869,101.0,101.0045,0.0045
4.87,101.0,101.0045,0.0045
4.871,101.0,101.0045,0.0045
4.872,101.0,101.0045,0.0045
4.873,101.0,101.0045,0.0045
4.874,101.0,101.0045,0.0045
4.875,101.0,101.0044,0.0044
4.876,101.0,101.0044,0.0044
4.877,101.0,101.0044,0.0044
4.878,101.0,101.0043,0.0043
4.8790000000000004,101.0,101.0043,0.0043
4.88,101.0,101.0042,0.0042
4.881,101.0,101.0042,0.0042
4.882,101.0,101.0042,0.0042
4.883,101.0,101.0041,0.0041
4.884,101.0,101.0041,0.0041
4.885,101.0,101.004,0.004
4.886,101.0,101.004,0.004
4.8870000000000005,101.0,101.0039,0.0039
4.888,101.0,101.0038,0.0038
4.889,101.0,101.0038,0.0038
4.89,101.0,101.0038,0.0038
4.891,101.0,101.0037,0.0037
4.892,101.0,101.0036,0.0037
4.893,101.0,101.0036,0.0036
4.894,101.0,101.0036,0.0036
4.8950000000000005,101.0,101.0035,0.0035
4.896,101.0,101.0035,0.0035
4.897,101.0,101.0034,0.0034
4.898,101.0,101.0034,0.0034
4.899,101.0,101.0033,0.0034
4.9,101.0,101.0033,0.0033
4.901,101.0,101.0032,0.0033
4.902,101.0,101.0032,0.0032
4.9030000000000005,101.0,101.0031,0.0031
4.904,101.0,101.0031,0.0031
4.905,101.0,101.003,0.003
4.906,101.0,101.003,0.003
4.907,101.0,101.0029,0.0029
4.908,101.0,101.0029,0.0029
4.909,101.0,101.0028,0.0028
4.91,101.0,101.0028,0.0028
4.9110000000000005,101.0,101.0027,0.0028
4.912,101.0,101.0027,0.0027
4.913,101.0,101.0027,0.0027
4.914,101.0,101.0026,0.0026
4.915,101.0,101.0026,0.0026
4.916,101.0,101.0026,0.0026
4.917,101.0,101.0025,0.0026
4.918,101.0,101.0025,0.0026
4.9190000000000005,101.0,101.0025,0.0025
4.92,101.0,101.0025,0.0025
4.921,101.0,101.0024,0.0024
4.922,101.0,101.0024,0.0024
4.923,101.0,101.0023,0.0023
4.924,101.0,101.0023,0.0023
4.925,101.0,101.0023,0.0023
4.926,101.0,101.0023,0.0023
4.9270000000000005,101.0,101.0022,0.0022
4.928,101.0,101.0022,0.0022
4.929,101.0,101.0021,0.0021
4.93,101.0,101.0021,0.0021
4.931,101.0,101.002,0.002
4.932,101.0,101.002,0.002
4.933,101.0,101.002,0.002
4.934,101.0,101.002,0.002
4.9350000000000005,101.0,101.0019,0.0019
4.936,101.0,101.0019,0.0019
4.937,101.0,101.0018,0.0019
4.938,101.0,101.0018,0.0018
4.939,101.0,101.0018,0.0018
4.94,101.0,101.0017,0.0017
4.941,101.0,101.0017,0.0018
4.942,101.0,101.0017,0.0018
4.9430000000000005,101.0,101.0017,0.0017
4.944,101.0,101.0017,0.0017
4.945,101.0,101.0017,0.0017
4.946,101.0,101.0017,0.0017
4.947,101.0,101.0017,0.0017
4.948,101.0,101.0017,0.0017
4.949,101.0,101.0017,0.0017
4.95,101.0,101.0017,0.0017
4.9510000000000005,101.0,101.0016,0.0016
4.952,101.0,101.0016,0.0016
4.953,101.0,101.0016,0.0016
4.954,101.0,101.0016,0.0016
4.955,101.0,101.0016,0.0016
4.956,101.0,101.0016,0.0016
4.957,101.0,101.0015,0.0015
4.958,101.0,101.0015,0.0015
4.9590000000000005,101.0,101.0015,0.0015
4.96,101.0,101.0014,0.0015
4.961,101.0,101.0015,0.0015
4.962,101.0,101.0014,0.0014
4.963,101.0,101.0014,0.0014
4.964,101.0,101.0015,0.0015
4.965,101.0,101.0015,0.0015
4.966,101.0,101.0015,0.0015
4.9670000000000005,101.0,101.0015,0.0015
4.968,101.0,101.0015,0.0015
4.969,101.0,101.0015,0.0015
4.97,101.0,101.0015,0.0015
4.971,101.0,101.0015,0.0015
4.972,101.0,101.0015,0.0015
4.973,101.0,101.0015,0.0015
4.974,101.0,101.0015,0.0015
4.9750000000000005,101.0,101.0015,0.0015
4.976,101.0,101.0015,0.0015
4.977,101.0,101.0015,0.0015
4.978,101.0,101.0014,0.0015
4.979,101.0,101.0014,0.0015
4.98,101.0,101.0014,0.0014
4.981,101.0,101.0014,0.0014
4.982,101.0,101.0014,0.0014
4.9830000000000005,101.0,101.0013,0.0014
4.984,101.0,101.0014,0.0014
4.985,101.0,101.0014,0.0014
4.986,101.0,101.0013,0.0013
4.987,101.0,101.0014,0.0014
4.988,101.0,101.0014,0.0014
4.989,101.0,101.0014,0.0014
4.99,101.0,101.0013,0.0013
4.9910000000000005,101.0,101.0013,0.0013
4.992,101.0,101.0013,0.0013
4.993,101.0,101.0012,0.0012
4.994,101.0,101.0013,0.0013
4.995,101.0,101.0013,0.0013
4.996,101.0,101.0012,0.0013
4.997,101.0,101.0012,0.0013
4.998,101.0,101.0012,0.0012
4.999,101.0,101.0012,0.0012
5.0,101.0,101.0012,0.0012
5.001,101.0,101.0012,0.0012
5.002,101.0,101.0012,0.0012
5.003,101.0,101.0012,0.0012
5.0040000000000004,101.0,101.0012,0.0012
5.005,101.0,101.0012,0.0012
5.006,101.0,101.0012,0.0012
5.007,101.0,101.0012,0.0012
5.008,101.0,101.0011,0.0011
5.009,101.0,101.0011,0.0012
5.01,101.0,101.0011,0.0011
5.011,101.0,101.0011,0.0011
5.0120000000000005,101.0,101.0011,0.0011
5.013,101.0,101.001,0.001
5.014,101.0,101.001,0.001
5.015,101.0,101.001,0.001
5.016,101.0,101.001,0.001
5.017,101.0,101.001,0.001
5.018,101.0,101.0009,0.0009
5.019,101.0,101.0009,0.0009
5.0200000000000005,101.0,101.0009,0.0009
5.021,101.0,101.0009,0.0009
5.022,101.0,101.0009,0.0009
5.023,101.0,101.0009,0.0009
5.024,101.0,101.0009,0.0009
5.025,101.0,101.0008,0.0008
5.026,101.0,101.0007,0.0008
5.027,101.0,101.0007,0.0007
5.0280000000000005,101.0,101.0007,0.0007
5.029,101.0,101.0007,0.0007
5.03,101.0,101.0007,0.0008
5.031,101.0,101.0008,0.0008
5.032,101.0,101.0008,0.0008
5.033,101.0,101.0008,0.0008
5.034,101.0,101.0008,0.0008
5.035,101.0,101.0008,0.0008
5.0360000000000005,101.0,101.0008,0.0008
5.037,101.0,101.0009,0.0009
5.038,101.0,101.0009,0.0009
5.039,101.0,101.0009,0.0009
5.04,101.0,101.001,0.001
5.041,101.0,101.0009,0.0009
5.042,101.0,101.001,0.001
5.043,101.0,101.001,0.001
5.0440000000000005,101.0,101.001,0.001
5.045,101.0,101.001,0.001
5.046,101.0,101.0009,0.0009
5.047,101.0,101.001,0.001
5.048,101.0,101.0009,0.0009
5.049,101.0,101.001,0.001
5.05,101.0,101.001,0.001
5.051,101.0,101.001,0.001
5.0520000000000005,101.0,101.001,0.001
5.053,101.0,101.001,0.001
5.054,101.0,101.001,0.001
5.055,101.0,101.001,0.001
5.056,101.0,101.0011,0.0011
5.057,101.0,101.0011,0.0011
5.058,101.0,101.0011,0.0011
5.059,101.0,101.0011,0.0012
5.0600000000000005,101.0,101.0012,0.0012
5.061,101.0,101.0011,0.0011
5.062,101.0,101.0012,0.0012
5.063,101.0,101.0012,0.0012
5.064,101.0,101.0012,0.0012
5.065,101.0,101.0011,0.0012
5.066,101.0,101.0011,0.0011
5.067,101.0,101.0011,0.0011
5.0680000000000005,101.0,101.0011,0.0011
5.069,101.0,101.0011,0.0012
5.07,101.0,101.0012,0.0012
5.071,101.0,101.0012,0.0012
5.072,101.0,101.0012,0.0012
5.073,101.0,101.0012,0.0012
5.074,101.0,101.0011,0.0012
5.075,101.0,101.0011,0.0012
5.0760000000000005,101.0,101.0012,0.0012
5.077,101.0,101.0012,0.0012
5.078,101.0,101.0011,0.0012
5.079,101.0,101.0012,0.0012
5.08,101.0,101.0012,0.0012
5.081,101.0,101.0011,0.0012
5.082,101.0,101.0011,0.0011
5.083,101.0,101.0011,0.0011
5.0840000000000005,101.0,101.0011,0.0011
5.085,101.0,101.0011,0.0011
5.086,101.0,101.0011,0.0011
5.087,101.0,101.0011,0.0011
5.088,101.0,101.0011,0.0011
5.089,101.0,101.0011,0.0011
5.09,101.0,101.0011,0.0011
5.091,101.0,101.001,0.001
5.0920000000000005,101.0,101.001,0.001
5.093,101.0,101.001,0.001
5.094,101.0,101.001,0.001
5.095,101.0,101.001,0.001
5.096,101.0,101.001,0.001
5.097,101.0,101.001,0.001
5.098,101.0,101.001,0.001
5.099,101.0,101.001,0.001
5.1000000000000005,101.0,101.001,0.001
5.101,101.0,101.0009,0.0009
5.102,101.0,101.0009,0.0009
5.103,101.0,101.0009,0.0009
5.104,101.0,101.0009,0.0009
5.105,101.0,101.0009,0.0009
5.106,101.0,101.0009,0.0009
5.107,101.0,101.001,0.001
5.1080000000000005,101.0,101.0009,0.0009
5.109,101.0,101.0009,0.0009
5.11,101.0,101.0009,0.0009
5.111,101.0,101.0009,0.0009
5.112,101.0,101.0008,0.0009
5.113,101.0,101.0008,0.0008
5.114,101.0,101.0008,0.0008
5.115,101.0,101.0008,0.0008
5.1160000000000005,101.0,101.0008,0.0008
5.117,101.0,101.0008,0.0008
5.118,101.0,101.0008,0.0008
5.119,101.0,101.0008,0.0008
5.12,101.0,101.0008,0.0008
5.121,101.0,101.0007,0.0008
5.122,101.0,101.0007,0.0007
5.123,101.0,101.0007,0.0007
5.124,101.0,101.0006,0.0006
5.125,101.0,101.0006,0.0007
5.126,101.0,101.0006,0.0006
5.127,101.0,101.0006,0.0006
5.128,101.0,101.0006,0.0006
5.1290000000000004,101.0,101.0006,0.0006
5.13,101.0,101.0006,0.0006
5.131,101.0,101.0006,0.0006
5.132,101.0,101.0006,0.0006
5.133,101.0,101.0005,0.0005
5.134,101.0,101.0005,0.0006
5.135,101.0,101.0005,0.0005
5.136,101.0,101.0005,0.0005
5.1370000000000005,101.0,101.0005,0.0005
5.138,101.0,101.0005,0.0005
5.139,101.0,101.0005,0.0005
5.14,101.0,101.0005,0.0005
5.141,101.0,101.0004,0.0005
5.142,101.0,101.0005,0.0005
5.143,101.0,101.0005,0.0005
5.144,101.0,101.0005,0.0006
5.1450000000000005,101.0,101.0006,0.0006
5.146,101.0,101.0006,0.0006
5.147,101.0,101.0007,0.0007
5.148,101.0,101.0007,0.0007
5.149,101.0,101.0007,0.0007
5.15,101.0,101.0007,0.0007
5.151,101.0,101.0007,0.0007
5.152,101.0,101.0007,0.0007
5.1530000000000005,101.0,101.0008,0.0008
5.154,101.0,101.0008,0.0008
5.155,101.0,101.0008,0.0008
5.156,101.0,101.0008,0.0008
5.157,101.0,101.0008,0.0008
5.158,101.0,101.0008,0.0008
5.159,101.0,101.0009,0.0009
5.16,101.0,101.0009,0.0009
5.1610000000000005,101.0,101.0009,0.0009
5.162,101.0,101.001,0.001
5.163,101.0,101.0009,0.0009
5.164,101.0,101.001,0.001
5.165,101.0,101.001,0.001
5.166,101.0,101.001,0.001
5.167,101.0,101.001,0.001
5.168,101.0,101.0011,0.0011
5.1690000000000005,101.0,101.0011,0.0011
5.17,101.0,101.0011,0.0011
5.171,101.0,101.0011,0.0011
5.172,101.0,101.0011,0.0011
5.173,101.0,101.0012,0.0012
5.174,101.0,101.0012,0.0012
5.175,101.0,101.0013,0.0013
5.176,101.0,101.0013,0.0014
5.1770000000000005,101.0,101.0014,0.0014
5.178,101.0,101.0014,0.0014
5.179,101.0,101.0014,0.0014
5.18,101.0,101.0014,0.0015
5.181,101.0,101.0015,0.0015
5.182,101.0,101.0015,0.0015
5.183,101.0,101.0015,0.0015
5.184,101.0,101.0015,0.0015
5.1850000000000005,101.0,101.0016,0.0016
5.186,101.0,101.0015,0.0015
5.187,101.0,101.0016,0.0016
5.188,101.0,101.0016,0.0016
5.189,101.0,101.0016,0.0016
5.19,101.0,101.0016,0.0017
5.191,101.0,101.0017,0.0017
5.192,101.0,101.0017,0.0017
5.1930000000000005,101.0,101.0017,0.0017
5.194,101.0,101.0017,0.0017
5.195,101.0,101.0017,0.0017
5.196,101.0,101.0016,0.0017
5.197,101.0,101.0017,0.0017
5.198,101.0,101.0017,0.0017
5.199,101.0,101.0017,0.0017
5.2,101.0,101.0017,0.0017
5.2010000000000005,101.0,101.0017,0.0017
5.202,101.0,101.0017,0.0018
5.203,101.0,101.0018,0.0018
5.204,101.0,101.0018,0.0018
5.205,101.0,101.0018,0.0018
5.206,101.0,101.0018,0.0018
5.207,101.0,101.0018,0.0018
5.208,101.0,101.0018,0.0019
5.2090000000000005,101.0,101.0019,0.0019
5.21,101.0,101.0019,0.0019
5.211,101.0,101.0019,0.0019
5.212,101.0,101.002,0.002
5.213,101.0,101.002,0.002
5.214,101.0,101.002,0.002
5.215,101.0,101.002,0.002
5.216,101.0,101.002,0.002
5.2170000000000005,101.0,101.002,0.002
5.218,101.0,101.002,0.002
5.219,101.0,101.002,0.002
5.22,101.0,101.0021,0.0021
5.221,101.0,101.0021,0.0021
5.222,101.0,101.0022,0.0022
5.223,101.0,101.0022,0.0022
5.224,101.0,101.0022,0.0022
5.2250000000000005,101.0,101.0023,0.0023
5.226,101.0,101.0023,0.0023
5.227,101.0,101.0023,0.0023
5.228,101.0,101.0023,0.0024
5.229,101.0,101.0024,0.0024
5.23,101.0,101.0025,0.0025
5.231,101.0,101.0025,0.0025
5.232,101.0,101.0025,0.0025
5.2330000000000005,101.0,101.0025,0.0026
5.234,101.0,101.0026,0.0026
5.235,101.0,101.0026,0.0026
5.236,101.0,101.0026,0.0026
5.237,101.0,101.0026,0.0026
5.238,101.0,101.0026,0.0027
5.239,101.0,101.0026,0.0027
5.24,101.0,101.0027,0.0027
5.2410000000000005,101.0,101.0027,0.0027
5.242,101.0,101.0028,0.0028
5.243,101.0,101.0028,0.0028
5.244,101.0,101.0028,0.0028
5.245,101.0,101.0029,0.0029
5.246,101.0,101.0029,0.0029
5.247,101.0,101.0029,0.0029
5.248,101.0,101.003,0.003
5.249,101.0,101.003,0.003
5.25,101.0,101.0031,0.0031
5.251,101.0,101.0031,0.0031
5.252,101.0,101.0031,0.0031
5.253,101.0,101.0031,0.0031
5.2540000000000004,101.0,101.0031,0.0031
5.255,101.0,101.0031,0.0031
5.256,101.0,101.0031,0.0031
5.257,101.0,101.0031,0.0031
5.258,101.0,101.0031,0.0031
5.259,101.0,101.0031,0.0031
5.26,101.0,101.0031,0.0031
5.261,101.0,101.0032,0.0032
5.2620000000000005,101.0,101.0032,0.0032
5.263,101.0,101.0032,0.0033
5.264,101.0,101.0033,0.0033
5.265,101.0,101.0033,0.0033
5.266,101.0,101.0033,0.0033
5.267,101.0,101.0034,0.0034
5.268,101.0,101.0034,0.0034
5.269,101.0,101.0034,0.0034
5.2700000000000005,101.0,101.0034,0.0035
5.271,101.0,101.0035,0.0035
5.272,101.0,101.0035,0.0035
5.273,101.0,101.0035,0.0035
5.274,101.0,101.0035,0.0035
5.275,101.0,101.0035,0.0035
5.276,101.0,101.0036,0.0036
5.277,101.0,101.0036,0.0036
5.2780000000000005,101.0,101.0036,0.0036
5.279,101.0,101.0036,0.0037
5.28,101.0,101.0037,0.0037
5.281,101.0,101.0036,0.0036
5.282,101.0,101.0036,0.0036
5.283,101.0,101.0036,0.0036
5.284,101.0,101.0037,0.0037
5.285,101.0,101.0037,0.0037
5.2860000000000005,101.0,101.0037,0.0037
5.287,101.0,101.0037,0.0037
5.288,101.0,101.0037,0.0037
5.289,101.0,101.0037,0.0037
5.29,101.0,101.0037,0.0037
5.291,101.0,101.0037,0.0037
5.292,101.0,101.0037,0.0037
5.293,101.0,101.0037,0.0037
5.2940000000000005,101.0,101.0037,0.0037
5.295,101.0,101.0037,0.0037
5.296,101.0,101.0036,0.0037
5.297,101.0,101.0037,0.0037
5.298,101.0,101.0037,0.0037
5.299,101.0,101.0037,0.0037
5.3,101.0,101.0036,0.0037
5.301,101.0,101.0036,0.0036
5.3020000000000005,101.0,101.0036,0.0036
5.303,101.0,101.0035,0.0035
5.304,101.0,101.0035,0.0035
5.305,101.0,101.0036,0.0036
5.306,101.0,101.0035,0.0035
5.307,101.0,101.0035,0.0035
5.308,101.0,101.0035,0.0035
5.309,101.0,101.0034,0.0035
5.3100000000000005,101.0,101.0034,0.0035
5.311,101.0,101.0034,0.0034
5.312,101.0,101.0034,0.0034
5.313,101.0,101.0034,0.0034
5.314,101.0,101.0033,0.0033
5.315,101.0,101.0033,0.0033
5.316,101.0,101.0033,0.0033
5.317,101.0,101.0033,0.0033
5.3180000000000005,101.0,101.0033,0.0033
5.319,101.0,101.0033,0.0033
5.32,101.0,101.0032,0.0033
5.321,101.0,101.0032,0.0032
5.322,101.0,101.0032,0.0032
5.323,101.0,101.0031,0.0031
5.324,101.0,101.0031,0.0031
5.325,101.0,101.0031,0.0031
5.3260000000000005,101.0,101.003,0.0031
5.327,101.0,101.003,0.003
5.328,101.0,101.003,0.003
5.329,101.0,101.0029,0.0029
5.33,101.0,101.0029,0.0029
5.331,101.0,101.0029,0.0029
5.332,101.0,101.0029,0.0029
5.333,101.0,101.0029,0.0029
5.3340000000000005,101.0,101.0029,0.0029
5.335,101.0,101.0029,0.0029
5.336,101.0,101.0028,0.0029
5.337,101.0,101.0028,0.0028
5.338,101.0,101.0028,0.0028
5.339,101.0,101.0028,0.0028
5.34,101.0,101.0028,0.0029
5.341,101.0,101.0028,0.0028
5.3420000000000005,101.0,101.0028,0.0028
5.343,101.0,101.0028,0.0028
5.344,101.0,101.0028,0.0028
5.345,101.0,101.0028,0.0028
5.346,101.0,101.0028,0.0028
5.347,101.0,101.0027,0.0027
5.348,101.0,101.0027,0.0027
5.349,101.0,101.0027,0.0027
5.3500000000000005,101.0,101.0027,0.0027
5.351,101.0,101.0026,0.0026
5.352,101.0,101.0026,0.0026
5.353,101.0,101.0026,0.0026
5.354,101.0,101.0026,0.0026
5.355,101.0,101.0026,0.0026
5.356,101.0,101.0026,0.0026
5.357,101.0,101.0025,0.0025
5.3580000000000005,101.0,101.0025,0.0025
5.359,101.0,101.0025,0.0025
5.36,101.0,101.0025,0.0025
5.361,101.0,101.0025,0.0025
5.362,101.0,101.0025,0.0025
5.363,101.0,101.0025,0.0025
5.364,101.0,101.0025,0.0025
5.365,101.0,101.0025,0.0025
5.3660000000000005,101.0,101.0025,0.0025
5.367,101.0,101.0024,0.0024
5.368,101.0,101.0024,0.0024
5.369,101.0,101.0024,0.0024
5.37,101.0,101.0023,0.0024
5.371,101.0,101.0023,0.0023
5.372,101.0,101.0023,0.0023
5.373,101.0,101.0022,0.0022
5.3740000000000006,101.0,101.0023,0.0023
5.375,101.0,101.0023,0.0023
5.376,101.0,101.0023,0.0023
5.377,101.0,101.0022,0.0022
5.378,101.0,101.0022,0.0022
5.3790000000000004,101.0,101.0022,0.0022
5.38,101.0,101.0022,0.0022
5.381,101.0,101.0021,0.0021
5.382,101.0,101.0021,0.0021
5.383,101.0,101.0021,0.0021
5.384,101.0,101.0021,0.0021
5.385,101.0,101.002,0.002
5.386,101.0,101.002,0.002
5.3870000000000005,101.0,101.0019,0.0019
5.388,101.0,101.0019,0.0019
5.389,101.0,101.0019,0.0019
5.39,101.0,101.0018,0.0018
5.391,101.0,101.0017,0.0017
5.392,101.0,101.0017,0.0017
5.393,101.0,101.0017,0.0017
5.394,101.0,101.0017,0.0017
5.3950000000000005,101.0,101.0017,0.0017
5.396,101.0,101.0017,0.0017
5.397,101.0,101.0016,0.0016
5.398,101.0,101.0016,0.0016
5.399,101.0,101.0016,0.0016
5.4,101.0,101.0016,0.0016
5.401,101.0,101.0016,0.0016
5.402,101.0,101.0016,0.0016
5.4030000000000005,101.0,101.0016,0.0016
5.404,101.0,101.0016,0.0016
5.405,101.0,101.0016,0.0016
5.406,101.0,101.0015,0.0015
5.407,101.0,101.0015,0.0015
5.408,101.0,101.0015,0.0015
5.409,101.0,101.0015,0.0015
5.41,101.0,101.0014,0.0014
5.4110000000000005,101.0,101.0014,0.0014
5.412,101.0,101.0014,0.0014
5.413,101.0,101.0014,0.0014
5.414,101.0,101.0013,0.0014
5.415,101.0,101.0013,0.0013
5.416,101.0,101.0013,0.0013
5.417,101.0,101.0013,0.0013
5.418,101.0,101.0013,0.0013
5.4190000000000005,101.0,101.0012,0.0013
5.42,101.0,101.0012,0.0012
5.421,101.0,101.0012,0.0012
5.422,101.0,101.0012,0.0012
5.423,101.0,101.0012,0.0012
5.424,101.0,101.0012,0.0012
5.425,101.0,101.0011,0.0012
5.426,101.0,101.0011,0.0011
5.4270000000000005,101.0,101.0011,0.0011
5.428,101.0,101.0011,0.0011
5.429,101.0,101.0011,0.0011
5.43,101.0,101.001,0.001
5.431,101.0,101.001,0.001
5.432,101.0,101.001,0.001
5.433,101.0,101.001,0.001
5.434,101.0,101.001,0.001
5.4350000000000005,101.0,101.001,0.001
5.436,101.0,101.0009,0.0009
5.437,101.0,101.0009,0.0009
5.438,101.0,101.0009,0.0009
5.439,101.0,101.001,0.001
5.44,101.0,101.0009,0.0009
5.441,101.0,101.001,0.001
5.442,101.0,101.0009,0.0009
5.4430000000000005,101.0,101.0009,0.0009
5.444,101.0,101.0009,0.0009
5.445,101.0,101.0009,0.0009
5.446,101.0,101.0009,0.0009
5.447,101.0,101.0009,0.0009
5.448,101.0,101.0009,0.0009
5.449,101.0,101.0009,0.0009
5.45,101.0,101.0009,0.0009
5.4510000000000005,101.0,101.0009,0.0009
5.452,101.0,101.0009,0.0009
5.453,101.0,101.0009,0.0009
5.454,101.0,101.0009,0.0009
5.455,101.0,101.0009,0.0009
5.456,101.0,101.0009,0.0009
5.457,101.0,101.0009,0.0009
5.458,101.0,101.0009,0.0009
5.4590000000000005,101.0,101.0009,0.0009
5.46,101.0,101.0009,0.0009
5.461,101.0,101.0009,0.0009
5.462,101.0,101.0009,0.0009
5.463,101.0,101.0009,0.0009
5.464,101.0,101.0008,0.0009
5.465,101.0,101.0008,0.0009
5.466,101.0,101.0008,0.0008
5.4670000000000005,101.0,101.0008,0.0008
5.468,101.0,101.0008,0.0008
5.469,101.0,101.0008,0.0008
5.47,101.0,101.0008,0.0009
5.471,101.0,101.0008,0.0009
5.472,101.0,101.0009,0.0009
5.473,101.0,101.0008,0.0008
5.474,101.0,101.0008,0.0008
5.4750000000000005,101.0,101.0007,0.0007
5.476,101.0,101.0007,0.0007
5.477,101.0,101.0007,0.0008
5.478,101.0,101.0008,0.0008
5.479,101.0,101.0007,0.0007
5.48,101.0,101.0007,0.0007
5.481,101.0,101.0007,0.0007
5.482,101.0,101.0007,0.0007
5.4830000000000005,101.0,101.0007,0.0007
5.484,101.0,101.0007,0.0007
5.485,101.0,101.0007,0.0007
5.486,101.0,101.0007,0.0008
5.487,101.0,101.0007,0.0007
5.488,101.0,101.0007,0.0007
5.489,101.0,101.0007,0.0008
5.49,101.0,101.0008,0.0008
5.4910000000000005,101.0,101.0008,0.0008
5.492,101.0,101.0008,0.0008
5.493,101.0,101.0008,0.0008
5.494,101.0,101.0009,0.0009
5.495,101.0,101.0009,0.0009
5.496,101.0,101.0009,0.0009
5.497,101.0,101.0009,0.0009
5.498,101.0,101.0009,0.0009
5.4990000000000006,101.0,101.0009,0.0009
5.5,101.0,101.0009,0.0009
5.501,101.0,101.0009,0.0009
5.502,101.0,101.0009,0.0009
5.503,101.0,101.0009,0.0009
5.5040000000000004,101.0,101.0009,0.0009
5.505,101.0,101.0009,0.0009
5.506,101.0,101.001,0.001
5.507,101.0,101.001,0.001
5.508,101.0,101.0009,0.0009
5.509,101.0,101.001,0.001
5.51,101.0,101.001,0.001
5.511,101.0,101.001,0.001
5.5120000000000005,101.0,101.001,0.001
5.513,101.0,101.0011,0.0011
5.514,101.0,101.0011,0.0011
5.515,101.0,101.0011,0.0011
5.516,101.0,101.0011,0.0011
5.517,101.0,101.0011,0.0012
5.518,101.0,101.0011,0.0012
5.519,101.0,101.0011,0.0012
5.5200000000000005,101.0,101.0012,0.0012
5.521,101.0,101.0012,0.0012
5.522,101.0,101.0012,0.0012
5.523,101.0,101.0012,0.0012
5.524,101.0,101.0012,0.0012
5.525,101.0,101.0013,0.0013
5.526,101.0,101.0013,0.0013
5.527,101.0,101.0013,0.0013
5.5280000000000005,101.0,101.0014,0.0014
5.529,101.0,101.0014,0.0014
5.53,101.0,101.0014,0.0015
5.531,101.0,101.0015,0.0015
5.532,101.0,101.0015,0.0015
5.533,101.0,101.0015,0.0015
5.534,101.0,101.0015,0.0015
5.535,101.0,101.0015,0.0015
5.5360000000000005,101.0,101.0016,0.0016
5.537,101.0,101.0016,0.0016
5.538,101.0,101.0016,0.0016
5.539,101.0,101.0017,0.0017
5.54,101.0,101.0017,0.0017
5.541,101.0,101.0017,0.0017
5.542,101.0,101.0017,0.0017
5.543,101.0,101.0017,0.0017
5.5440000000000005,101.0,101.0018,0.0018
5.545,101.0,101.0018,0.0018
5.546,101.0,101.0018,0.0018
5.547,101.0,101.0018,0.0018
5.548,101.0,101.0018,0.0018
5.549,101.0,101.0018,0.0018
5.55,101.0,101.0018,0.0018
5.551,101.0,101.0019,0.0019
5.5520000000000005,101.0,101.0018,0.0018
5.553,101.0,101.0018,0.0018
5.554,101.0,101.0018,0.0018
5.555,101.0,101.0018,0.0018
5.556,101.0,101.0018,0.0018
5.557,101.0,101.0018,0.0018
5.558,101.0,101.0018,0.0018
5.559,101.0,101.0018,0.0018
5.5600000000000005,101.0,101.0018,0.0018
5.561,101.0,101.0018,0.0018
5.562,101.0,101.0019,0.0019
5.563,101.0,101.0019,0.0019
5.564,101.0,101.0019,0.0019
5.565,101.0,101.0019,0.0019
5.566,101.0,101.0018,0.0018
5.567,101.0,101.0018,0.0018
5.5680000000000005,101.0,101.0018,0.0018
5.569,101.0,101.0018,0.0018
5.57,101.0,101.0018,0.0018
5.571,101.0,101.0018,0.0018
5.572,101.0,101.0017,0.0017
5.573,101.0,101.0017,0.0017
5.574,101.0,101.0017,0.0017
5.575,101.0,101.0017,0.0017
5.5760000000000005,101.0,101.0017,0.0017
5.577,101.0,101.0016,0.0017
5.578,101.0,101.0017,0.0017
5.579,101.0,101.0017,0.0017
5.58,101.0,101.0017,0.0017
5.581,101.0,101.0017,0.0017
5.582,101.0,101.0017,0.0017
5.583,101.0,101.0017,0.0017
5.5840000000000005,101.0,101.0017,0.0017
5.585,101.0,101.0016,0.0016
5.586,101.0,101.0016,0.0016
5.587,101.0,101.0016,0.0016
5.588,101.0,101.0016,0.0017
5.589,101.0,101.0016,0.0016
5.59,101.0,101.0016,0.0016
5.591,101.0,101.0016,0.0016
5.5920000000000005,101.0,101.0016,0.0016
5.593,101.0,101.0016,0.0016
5.594,101.0,101.0016,0.0016
5.595,101.0,101.0016,0.0016
5.596,101.0,101.0016,0.0016
5.597,101.0,101.0016,0.0016
5.598,101.0,101.0016,0.0016
5.599,101.0,101.0016,0.0016
5.6000000000000005,101.0,101.0016,0.0016
5.601,101.0,101.0016,0.0016
5.602,101.0,101.0016,0.0016
5.603,101.0,101.0016,0.0016
5.604,101.0,101.0016,0.0016
5.605,101.0,101.0016,0.0016
5.606,101.0,101.0016,0.0016
5.607,101.0,101.0016,0.0016
5.6080000000000005,101.0,101.0016,0.0016
5.609,101.0,101.0016,0.0016
5.61,101.0,101.0016,0.0016
5.611,101.0,101.0016,0.0017
5.612,101.0,101.0017,0.0017
5.613,101.0,101.0017,0.0017
5.614,101.0,101.0017,0.0017
5.615,101.0,101.0017,0.0017
5.6160000000000005,101.0,101.0017,0.0017
5.617,101.0,101.0017,0.0017
5.618,101.0,101.0017,0.0017
5.619,101.0,101.0017,0.0017
5.62,101.0,101.0017,0.0017
5.621,101.0,101.0017,0.0017
5.622,101.0,101.0017,0.0017
5.623,101.0,101.0017,0.0018
5.6240000000000006,101.0,101.0018,0.0018
5.625,101.0,101.0018,0.0018
5.626,101.0,101.0018,0.0019
5.627,101.0,101.0019,0.0019
5.628,101.0,101.0019,0.0019
5.6290000000000004,101.0,101.002,0.002
5.63,101.0,101.002,0.002
5.631,101.0,101.002,0.002
5.632,101.0,101.002,0.002
5.633,101.0,101.0021,0.0021
5.634,101.0,101.0021,0.0021
5.635,101.0,101.0022,0.0022
5.636,101.0,101.0022,0.0022
5.6370000000000005,101.0,101.0022,0.0022
5.638,101.0,101.0022,0.0022
5.639,101.0,101.0023,0.0023
5.64,101.0,101.0023,0.0023
5.641,101.0,101.0023,0.0023
5.642,101.0,101.0023,0.0023
5.643,101.0,101.0023,0.0023
5.644,101.0,101.0024,0.0024
5.6450000000000005,101.0,101.0024,0.0024
5.646,101.0,101.0025,0.0025
5.647,101.0,101.0025,0.0025
5.648,101.0,101.0025,0.0025
5.649,101.0,101.0025,0.0025
5.65,101.0,101.0025,0.0025
5.651,101.0,101.0026,0.0026
5.652,101.0,101.0026,0.0026
5.6530000000000005,101.0,101.0027,0.0027
5.654,101.0,101.0027,0.0027
5.655,101.0,101.0027,0.0027
5.656,101.0,101.0027,0.0027
5.657,101.0,101.0028,0.0028
5.658,101.0,101.0028,0.0028
5.659,101.0,101.0028,0.0028
5.66,101.0,101.0028,0.0028
5.6610000000000005,101.0,101.0027,0.0028
5.662,101.0,101.0028,0.0029
5.663,101.0,101.0029,0.0029
5.664,101.0,101.0029,0.0029
5.665,101.0,101.003,0.003
5.666,101.0,101.003,0.003
5.667,101.0,101.003,0.003
5.668,101.0,101.003,0.003
5.6690000000000005,101.0,101.003,0.003
5.67,101.0,101.003,0.003
5.671,101.0,101.0031,0.0031
5.672,101.0,101.0031,0.0031
5.673,101.0,101.0031,0.0031
5.674,101.0,101.0031,0.0031
5.675,101.0,101.0031,0.0031
5.676,101.0,101.0032,0.0032
5.6770000000000005,101.0,101.0031,0.0031
5.678,101.0,101.0032,0.0032
5.679,101.0,101.0032,0.0032
5.68,101.0,101.0032,0.0032
5.681,101.0,101.0032,0.0032
5.682,101.0,101.0032,0.0032
5.683,101.0,101.0032,0.0032
5.684,101.0,101.0032,0.0032
5.6850000000000005,101.0,101.0032,0.0032
5.686,101.0,101.0031,0.0031
5.687,101.0,101.0031,0.0031
5.688,101.0,101.0031,0.0031
5.689,101.0,101.0031,0.0031
5.69,101.0,101.0031,0.0031
5.691,101.0,101.003,0.003
5.692,101.0,101.003,0.003
5.6930000000000005,101.0,101.003,0.003
5.694,101.0,101.003,0.003
5.695,101.0,101.003,0.003
5.696,101.0,101.003,0.003
5.697,101.0,101.003,0.003
5.698,101.0,101.003,0.003
5.699,101.0,101.003,0.003
5.7,101.0,101.003,0.003
5.7010000000000005,101.0,101.003,0.003
5.702,101.0,101.003,0.003
5.703,101.0,101.003,0.003
5.704,101.0,101.0029,0.0029
5.705,101.0,101.0029,0.0029
5.706,101.0,101.0029,0.0029
5.707,101.0,101.0029,0.0029
5.708,101.0,101.0029,0.0029
5.7090000000000005,101.0,101.0029,0.0029
5.71,101.0,101.003,0.003
5.711,101.0,101.003,0.003
5.712,101.0,101.003,0.003
5.713,101.0,101.003,0.003
5.714,101.0,101.003,0.003
5.715,101.0,101.0031,0.0031
5.716,101.0,101.0031,0.0031
5.7170000000000005,101.0,101.0032,0.0032
5.718,101.0,101.0032,0.0032
5.719,101.0,101.0032,0.0032
5.72,101.0,101.0033,0.0033
5.721,101.0,101.0033,0.0033
5.722,101.0,101.0034,0.0034
5.723,101.0,101.0034,0.0034
5.724,101.0,101.0034,0.0034
5.7250000000000005,101.0,101.0034,0.0034
5.726,101.0,101.0034,0.0035
5.727,101.0,101.0035,0.0035
5.728,101.0,101.0036,0.0036
5.729,101.0,101.0036,0.0036
5.73,101.0,101.0037,0.0037
5.731,101.0,101.0037,0.0037
5.732,101.0,101.0037,0.0037
5.7330000000000005,101.0,101.0037,0.0037
5.734,101.0,101.0038,0.0038
5.735,101.0,101.0038,0.0038
5.736,101.0,101.0038,0.0038
5.737,101.0,101.0038,0.0038
5.738,101.0,101.0039,0.0039
5.739,101.0,101.0039,0.0039
5.74,101.0,101.0039,0.0039
5.7410000000000005,101.0,101.004,0.004
5.742,101.0,101.004,0.004
5.743,101.0,101.0039,0.0039
5.744,101.0,101.0039,0.0039
5.745,101.0,101.0039,0.0039
5.746,101.0,101.0039,0.0039
5.747,101.0,101.0039,0.0039
5.748,101.0,101.0039,0.0039
5.7490000000000006,101.0,101.0038,0.0038
5.75,101.0,101.0038,0.0038
5.751,101.0,101.0038,0.0038
5.752,101.0,101.0038,0.0038
5.753,101.0,101.0038,0.0038
5.7540000000000004,101.0,101.0037,0.0037
5.755,101.0,101.0037,0.0037
5.756,101.0,101.0036,0.0037
5.757000000000001,101.0,101.0037,0.0037
5.758,101.0,101.0036,0.0037
5.759,101.0,101.0036,0.0036
5.76,101.0,101.0036,0.0037
5.761,101.0,101.0036,0.0037
5.7620000000000005,101.0,101.0036,0.0036
5.763,101.0,101.0036,0.0036
5.764,101.0,101.0036,0.0036
5.765,101.0,101.0036,0.0036
5.766,101.0,101.0036,0.0037
5.767,101.0,101.0036,0.0037
5.768,101.0,101.0036,0.0037
5.769,101.0,101.0037,0.0037
5.7700000000000005,101.0,101.0037,0.0037
5.771,101.0,101.0036,0.0037
5.772,101.0,101.0036,0.0037
5.773,101.0,101.0037,0.0037
5.774,101.0,101.0037,0.0037
5.775,101.0,101.0037,0.0037
5.776,101.0,101.0037,0.0037
5.777,101.0,101.0036,0.0037
5.7780000000000005,101.0,101.0036,0.0037
5.779,101.0,101.0036,0.0037
5.78,101.0,101.0037,0.0037
5.781,101.0,101.0037,0.0037
5.782,101.0,101.0036,0.0037
5.783,101.0,101.0036,0.0036
5.784,101.0,101.0036,0.0037
5.785,101.0,101.0037,0.0037
5.7860000000000005,101.0,101.0036,0.0037
5.787,101.0,101.0036,0.0036
5.788,101.0,101.0036,0.0036
5.789,101.0,101.0036,0.0036
5.79,101.0,101.0036,0.0036
5.791,101.0,101.0035,0.0035
5.792,101.0,101.0035,0.0035
5.793,101.0,101.0035,0.0035
5.7940000000000005,101.0,101.0035,0.0035
5.795,101.0,101.0034,0.0034
5.796,101.0,101.0034,0.0034
5.797,101.0,101.0033,0.0033
5.798,101.0,101.0033,0.0033
5.799,101.0,101.0032,0.0032
5.8,101.0,101.0032,0.0032
5.801,101.0,101.0032,0.0032
5.8020000000000005,101.0,101.0031,0.0031
5.803,101.0,101.003,0.0031
5.804,101.0,101.003,0.003
5.805,101.0,101.003,0.003
5.806,101.0,101.0029,0.0029
5.807,101.0,101.0028,0.0028
5.808,101.0,101.0028,0.0028
5.809,101.0,101.0027,0.0028
5.8100000000000005,101.0,101.0027,0.0027
5.811,101.0,101.0026,0.0027
5.812,101.0,101.0026,0.0026
5.813,101.0,101.0026,0.0026
5.814,101.0,101.0026,0.0026
5.815,101.0,101.0026,0.0026
5.816,101.0,101.0025,0.0025
5.817,101.0,101.0025,0.0025
5.8180000000000005,101.0,101.0024,0.0024
5.819,101.0,101.0023,0.0023
5.82,101.0,101.0023,0.0023
5.821,101.0,101.0022,0.0023
5.822,101.0,101.0022,0.0022
5.823,101.0,101.0022,0.0022
5.824,101.0,101.0022,0.0022
5.825,101.0,101.0022,0.0022
5.8260000000000005,101.0,101.0022,0.0022
5.827,101.0,101.0022,0.0022
5.828,101.0,101.0022,0.0022
5.829,101.0,101.0023,0.0023
5.83,101.0,101.0023,0.0023
5.831,101.0,101.0023,0.0023
5.832,101.0,101.0022,0.0022
5.833,101.0,101.0023,0.0023
5.8340000000000005,101.0,101.0023,0.0023
5.835,101.0,101.0023,0.0023
5.836,101.0,101.0023,0.0023
5.837,101.0,101.0023,0.0023
5.838,101.0,101.0023,0.0023
5.839,101.0,101.0023,0.0023
5.84,101.0,101.0022,0.0022
5.841,101.0,101.0022,0.0022
5.8420000000000005,101.0,101.0022,0.0022
5.843,101.0,101.0022,0.0022
5.844,101.0,101.0021,0.0021
5.845,101.0,101.0021,0.0021
5.846,101.0,101.0021,0.0021
5.847,101.0,101.0021,0.0021
5.848,101.0,101.0021,0.0021
5.849,101.0,101.0021,0.0021
5.8500000000000005,101.0,101.0021,0.0021
5.851,101.0,101.0021,0.0021
5.852,101.0,101.0021,0.0021
5.853,101.0,101.002,0.002
5.854,101.0,101.0021,0.0021
5.855,101.0,101.002,0.0021
5.856,101.0,101.0021,0.0021
5.857,101.0,101.0021,0.0021
5.8580000000000005,101.0,101.0021,0.0021
5.859,101.0,101.0021,0.0021
5.86,101.0,101.002,0.002
5.861,101.0,101.002,0.002
5.862,101.0,101.002,0.002
5.863,101.0,101.002,0.002
5.864,101.0,101.0019,0.0019
5.865,101.0,101.0018,0.0019
5.8660000000000005,101.0,101.0018,0.0019
5.867,101.0,101.0018,0.0018
5.868,101.0,101.0018,0.0018
5.869,101.0,101.0018,0.0018
5.87,101.0,101.0018,0.0018
5.871,101.0,101.0018,0.0018
5.872,101.0,101.0017,0.0017
5.873,101.0,101.0017,0.0017
5.8740000000000006,101.0,101.0017,0.0017
5.875,101.0,101.0017,0.0017
5.876,101.0,101.0017,0.0017
5.877,101.0,101.0017,0.0017
5.878,101.0,101.0017,0.0017
5.8790000000000004,101.0,101.0017,0.0017
5.88,101.0,101.0016,0.0016
5.881,101.0,101.0016,0.0016
5.882000000000001,101.0,101.0016,0.0016
5.883,101.0,101.0016,0.0016
5.884,101.0,101.0016,0.0016
5.885,101.0,101.0015,0.0015
5.886,101.0,101.0015,0.0015
5.8870000000000005,101.0,101.0015,0.0015
5.888,101.0,101.0014,0.0014
5.889,101.0,101.0014,0.0014
5.89,101.0,101.0013,0.0013
5.891,101.0,101.0013,0.0013
5.892,101.0,101.0012,0.0012
5.893,101.0,101.0011,0.0012
5.894,101.0,101.0011,0.0011
5.8950000000000005,101.0,101.001,0.001
5.896,101.0,101.001,0.001
5.897,101.0,101.001,0.001
5.898,101.0,101.0011,0.0011
5.899,101.0,101.001,0.001
5.9,101.0,101.001,0.001
5.901,101.0,101.001,0.001
5.902,101.0,101.0009,0.0009
5.9030000000000005,101.0,101.0008,0.0009
5.904,101.0,101.0008,0.0009
5.905,101.0,101.0008,0.0008
5.906,101.0,101.0008,0.0008
5.907,101.0,101.0007,0.0007
5.908,101.0,101.0007,0.0007
5.909,101.0,101.0007,0.0007
5.91,101.0,101.0006,0.0006
5.9110000000000005,101.0,101.0006,0.0006
5.912,101.0,101.0005,0.0006
5.913,101.0,101.0005,0.0005
5.914,101.0,101.0005,0.0005
5.915,101.0,101.0004,0.0004
5.916,101.0,101.0004,0.0004
5.917,101.0,101.0004,0.0004
5.918,101.0,101.0003,0.0003
5.9190000000000005,101.0,101.0003,0.0003
5.92,101.0,101.0003,0.0003
5.921,101.0,101.0003,0.0003
5.922,101.0,101.0002,0.0002
5.923,101.0,101.0002,0.0002
5.924,101.0,101.0002,0.0002
5.925,101.0,101.0002,0.0002
5.926,101.0,101.0001,0.0001
5.9270000000000005,101.0,101.0001,0.0001
5.928,101.0,101.0001,0.0001
5.929,101.0,101.0001,0.0001
5.93,101.0,101.0001,0.0001
5.931,101.0,101.0,0.0
5.932,101.0,101.0,0.0
5.933,101.0,100.9999,-0.0
5.934,101.0,100.9999,-0.0
5.9350000000000005,101.0,100.9998,-0.0
5.936,101.0,100.9998,-0.0001
5.937,101.0,100.9998,-0.0001
5.938,101.0,100.9997,-0.0002
5.939,101.0,100.9997,-0.0002
5.94,101.0,100.9997,-0.0002
5.941,101.0,100.9997,-0.0002
5.942,101.0,100.9997,-0.0002
5.9430000000000005,101.0,100.9997,-0.0002
5.944,101.0,100.9998,-0.0001
5.945,101.0,100.9998,-0.0001
5.946,101.0,100.9998,-0.0001
5.947,101.0,100.9997,-0.0002
5.948,101.0,100.9997,-0.0002
5.949,101.0,100.9996,-0.0003
5.95,101.0,100.9996,-0.0003
5.9510000000000005,101.0,100.9996,-0.0003
5.952,101.0,100.9996,-0.0003
5.953,101.0,100.9996,-0.0003
5.954,101.0,100.9996,-0.0003
5.955,101.0,100.9996,-0.0003
5.956,101.0,100.9996,-0.0003
5.957,101.0,100.9996,-0.0003
5.958,101.0,100.9995,-0.0003
5.9590000000000005,101.0,100.9995,-0.0004
5.96,101.0,100.9995,-0.0004
5.961,101.0,100.9995,-0.0004
5.962,101.0,100.9994,-0.0005
5.963,101.0,100.9995,-0.0004
5.964,101.0,100.9994,-0.0005
5.965,101.0,100.9994,-0.0005
5.966,101.0,100.9994,-0.0005
5.9670000000000005,101.0,100.9994,-0.0005
5.968,101.0,100.9995,-0.0004
5.969,101.0,100.9994,-0.0005
5.97,101.0,100.9995,-0.0004
5.971,101.0,100.9994,-0.0005
5.972,101.0,100.9995,-0.0004
5.973,101.0,100.9995,-0.0004
5.974,101.0,100.9995,-0.0004
5.9750000000000005,101.0,100.9995,-0.0004
5.976,101.0,100.9994,-0.0005
5.977,101.0,100.9993,-0.0005
5.978,101.0,100.9993,-0.0006
5.979,101.0,100.9993,-0.0006
5.98,101.0,100.9993,-0.0006
5.981,101.0,100.9993,-0.0006
5.982,101.0,100.9993,-0.0006
5.9830000000000005,101.0,100.9993,-0.0006
5.984,101.0,100.9992,-0.0006
5.985,101.0,100.9992,-0.0007
5.986,101.0,100.9992,-0.0007
5.987,101.0,100.9992,-0.0007
5.988,101.0,100.9992,-0.0007
5.989,101.0,100.9992,-0.0007
5.99,101.0,100.9992,-0.0007
5.9910000000000005,101.0,100.9992,-0.0007
5.992,101.0,100.9992,-0.0007
5.993,101.0,100.9992,-0.0007
5.994,101.0,100.9992,-0.0007
5.995,101.0,100.9992,-0.0007
5.996,101.0,100.9992,-0.0007
5.997,101.0,100.9992,-0.0007
5.998,101.0,100.9992,-0.0006
5.9990000000000006,101.0,100.9992,-0.0007
6.0,101.0,100.9992,-0.0006
6.001,101.0,100.9993,-0.0006
6.002,101.0,100.9993,-0.0006
6.003,101.0,100.9993,-0.0005
6.0040000000000004,101.0,100.9993,-0.0006
6.005,101.0,100.9993,-0.0005
6.006,101.0,100.9994,-0.0005
6.007000000000001,101.0,100.9993,-0.0005
6.008,101.0,100.9994,-0.0005
6.009,101.0,100.9994,-0.0005
6.01,101.0,100.9994,-0.0005
6.011,101.0,100.9994,-0.0005
6.0120000000000005,101.0,100.9994,-0.0005
6.013,101.0,100.9994,-0.0005
6.014,101.0,100.9994,-0.0005
6.015000000000001,101.0,100.9995,-0.0004
6.016,101.0,100.9995,-0.0004
6.017,101.0,100.9995,-0.0004
6.018,101.0,100.9995,-0.0004
6.019,101.0,100.9995,-0.0004
6.0200000000000005,101.0,100.9996,-0.0003
6.021,101.0,100.9996,-0.0003
6.022,101.0,100.9996,-0.0003
6.023,101.0,100.9996,-0.0003
6.024,101.0,100.9995,-0.0004
6.025,101.0,100.9995,-0.0004
6.026,101.0,100.9995,-0.0003
6.027,101.0,100.9996,-0.0003
6.0280000000000005,101.0,100.9997,-0.0002
6.029,101.0,100.9997,-0.0002
6.03,101.0,100.9998,-0.0001
6.031,101.0,100.9998,-0.0001
6.032,101.0,100.9999,-0.0
6.033,101.0,100.9999,0.0
6.034,101.0,101.0,0.0
6.035,101.0,101.0001,0.0001
6.0360000000000005,101.0,101.0001,0.0001
6.037,101.0,101.0001,0.0001
6.038,101.0,101.0001,0.0001
6.039,101.0,101.0001,0.0001
6.04,101.0,101.0002,0.0002
6.041,101.0,101.0002,0.0002
6.042,101.0,101.0002,0.0002
6.043,101.0,101.0002,0.0002
6.0440000000000005,101.0,101.0002,0.0002
6.045,101.0,101.0003,0.0003
6.046,101.0,101.0003,0.0003
6.047,101.0,101.0003,0.0003
6.048,101.0,101.0003,0.0003
6.049,101.0,101.0003,0.0004
6.05,101.0,101.0004,0.0004
6.051,101.0,101.0004,0.0005
6.0520000000000005,101.0,101.0004,0.0004
6.053,101.0,101.0005,0.0005
6.054,101.0,101.0006,0.0006
6.055,101.0,101.0006,0.0006
6.056,101.0,101.0006,0.0007
6.057,101.0,101.0007,0.0007
6.058,101.0,101.0008,0.0008
6.059,101.0,101.0008,0.0008
6.0600000000000005,101.0,101.0009,0.0009
6.061,101.0,101.001,0.001
6.062,101.0,101.0009,0.0009
6.063,101.0,101.001,0.001
6.064,101.0,101.001,0.001
6.065,101.0,101.0011,0.0011
6.066,101.0,101.0011,0.0011
6.067,101.0,101.0011,0.0011
6.0680000000000005,101.0,101.0011,0.0012
6.069,101.0,101.0012,0.0012
6.07,101.0,101.0012,0.0012
6.071,101.0,101.0012,0.0012
6.072,101.0,101.0013,0.0013
6.073,101.0,101.0013,0.0013
6.074,101.0,101.0014,0.0014
6.075,101.0,101.0014,0.0014
6.0760000000000005,101.0,101.0014,0.0014
6.077,101.0,101.0014,0.0014
6.078,101.0,101.0015,0.0015
6.079,101.0,101.0016,0.0016
6.08,101.0,101.0016,0.0016
6.081,101.0,101.0016,0.0016
6.082,101.0,101.0016,0.0016
6.083,101.0,101.0017,0.0017
6.0840000000000005,101.0,101.0017,0.0017
6.085,101.0,101.0016,0.0016
6.086,101.0,101.0017,0.0017
6.087,101.0,101.0017,0.0017
6.088,101.0,101.0017,0.0017
6.089,101.0,101.0017,0.0017
6.09,101.0,101.0017,0.0017
6.091,101.0,101.0017,0.0017
6.0920000000000005,101.0,101.0017,0.0017
6.093,101.0,101.0018,0.0018
6.094,101.0,101.0018,0.0018
6.095,101.0,101.0018,0.0018
6.096,101.0,101.0018,0.0018
6.097,101.0,101.0019,0.0019
6.098,101.0,101.0019,0.0019
6.099,101.0,101.0019,0.0019
6.1000000000000005,101.0,101.0019,0.0019
6.101,101.0,101.0019,0.0019
6.102,101.0,101.0019,0.0019
6.103,101.0,101.002,0.002
6.104,101.0,101.002,0.002
6.105,101.0,101.002,0.002
6.106,101.0,101.002,0.002
6.107,101.0,101.002,0.002
6.1080000000000005,101.0,101.002,0.002
6.109,101.0,101.0021,0.0021
6.11,101.0,101.0021,0.0021
6.111,101.0,101.0021,0.0021
6.112,101.0,101.0021,0.0021
6.113,101.0,101.0021,0.0021
6.114,101.0,101.0021,0.0021
6.115,101.0,101.002,0.002
6.1160000000000005,101.0,101.002,0.002
6.117,101.0,101.002,0.002
6.118,101.0,101.002,0.0021
6.119,101.0,101.0021,0.0021
6.12,101.0,101.0021,0.0021
6.121,101.0,101.0021,0.0021
6.122,101.0,101.0022,0.0022
6.123,101.0,101.0022,0.0022
6.1240000000000006,101.0,101.0022,0.0022
6.125,101.0,101.0022,0.0022
6.126,101.0,101.0022,0.0022
6.127,101.0,101.0022,0.0023
6.128,101.0,101.0023,0.0023
6.1290000000000004,101.0,101.0023,0.0023
6.13,101.0,101.0023,0.0023
6.131,101.0,101.0023,0.0023
6.132000000000001,101.0,101.0024,0.0024
6.133,101.0,101.0024,0.0024
6.134,101.0,101.0024,0.0024
6.135,101.0,101.0024,0.0024
6.136,101.0,101.0025,0.0025
6.1370000000000005,101.0,101.0025,0.0025
6.138,101.0,101.0025,0.0025
6.139,101.0,101.0025,0.0025
6.140000000000001,101.0,101.0025,0.0025
6.141,101.0,101.0025,0.0025
6.142,101.0,101.0025,0.0026
6.143,101.0,101.0025,0.0025
6.144,101.0,101.0025,0.0025
6.1450000000000005,101.0,101.0025,0.0026
6.146,101.0,101.0025,0.0025
6.147,101.0,101.0026,0.0026
6.148,101.0,101.0025,0.0025
6.149,101.0,101.0026,0.0026
6.15,101.0,101.0026,0.0026
6.151,101.0,101.0026,0.0026
6.152,101.0,101.0027,0.0027
6.1530000000000005,101.0,101.0027,0.0027
6.154,101.0,101.0027,0.0027
6.155,101.0,101.0027,0.0027
6.156,101.0,101.0027,0.0027
6.157,101.0,101.0028,0.0028
6.158,101.0,101.0028,0.0028
6.159,101.0,101.0027,0.0027
6.16,101.0,101.0027,0.0027
6.1610000000000005,101.0,101.0027,0.0027
6.162,101.0,101.0028,0.0028
6.163,101.0,101.0027,0.0028
6.164,101.0,101.0028,0.0028
6.165,101.0,101.0028,0.0028
6.166,101.0,101.0028,0.0028
6.167,101.0,101.0028,0.0029
6.168,101.0,101.0028,0.0028
6.1690000000000005,101.0,101.0029,0.0029
6.17,101.0,101.0029,0.0029
6.171,101.0,101.0029,0.0029
6.172,101.0,101.0029,0.0029
6.173,101.0,101.0029,0.0029
6.174,101.0,101.0029,0.0029
6.175,101.0,101.003,0.003
6.176,101.0,101.003,0.003
6.1770000000000005,101.0,101.003,0.003
6.178,101.0,101.003,0.003
6.179,101.0,101.003,0.003
6.18,101.0,101.003,0.003
6.181,101.0,101.003,0.003
6.182,101.0,101.003,0.003
6.183,101.0,101.0029,0.0029
6.184,101.0,101.003,0.003
6.1850000000000005,101.0,101.003,0.003
6.186,101.0,101.003,0.003
6.187,101.0,101.003,0.003
6.188,101.0,101.0029,0.0029
6.189,101.0,101.0029,0.0029
6.19,101.0,101.0029,0.0029
6.191,101.0,101.0028,0.0029
6.192,101.0,101.0028,0.0028
6.1930000000000005,101.0,101.0028,0.0028
6.194,101.0,101.0029,0.0029
6.195,101.0,101.0029,0.0029
6.196,101.0,101.0029,0.0029
6.197,101.0,101.0029,0.0029
6.198,101.0,101.0029,0.0029
6.199,101.0,101.0029,0.0029
6.2,101.0,101.0029,0.0029
6.2010000000000005,101.0,101.0028,0.0029
6.202,101.0,101.0028,0.0029
6.203,101.0,101.0029,0.0029
6.204,101.0,101.0029,0.0029
6.205,101.0,101.003,0.003
6.206,101.0,101.003,0.003
6.207,101.0,101.003,0.003
6.208,101.0,101.003,0.003
6.2090000000000005,101.0,101.003,0.003
6.21,101.0,101.003,0.003
6.211,101.0,101.003,0.003
6.212,101.0,101.003,0.003
6.213,101.0,101.003,0.0031
6.214,101.0,101.003,0.003
6.215,101.0,101.003,0.003
6.216,101.0,101.003,0.003
6.2170000000000005,101.0,101.003,0.003
6.218,101.0,101.003,0.003
6.219,101.0,101.003,0.003
6.22,101.0,101.003,0.003
6.221,101.0,101.003,0.0031
6.222,101.0,101.0031,0.0031
6.223,101.0,101.0031,0.0031
6.224,101.0,101.0031,0.0031
6.2250000000000005,101.0,101.0032,0.0032
6.226,101.0,101.0032,0.0032
6.227,101.0,101.0032,0.0033
6.228,101.0,101.0033,0.0033
6.229,101.0,101.0034,0.0034
6.23,101.0,101.0034,0.0034
6.231,101.0,101.0034,0.0034
6.232,101.0,101.0034,0.0034
6.2330000000000005,101.0,101.0034,0.0034
6.234,101.0,101.0034,0.0034
6.235,101.0,101.0034,0.0034
6.236,101.0,101.0033,0.0034
6.237,101.0,101.0033,0.0033
6.238,101.0,101.0033,0.0033
6.239,101.0,101.0034,0.0034
6.24,101.0,101.0034,0.0034
6.2410000000000005,101.0,101.0034,0.0034
6.242,101.0,101.0034,0.0034
6.243,101.0,101.0035,0.0035
6.244,101.0,101.0035,0.0035
6.245,101.0,101.0035,0.0035
6.246,101.0,101.0036,0.0036
6.247,101.0,101.0035,0.0035
6.248,101.0,101.0036,0.0036
6.2490000000000006,101.0,101.0036,0.0036
6.25,101.0,101.0036,0.0036
6.251,101.0,101.0036,0.0037
6.252,101.0,101.0036,0.0037
6.253,101.0,101.0036,0.0037
6.2540000000000004,101.0,101.0036,0.0037
6.255,101.0,101.0036,0.0036
6.256,101.0,101.0036,0.0036
6.257000000000001,101.0,101.0036,0.0036
6.258,101.0,101.0036,0.0036
6.259,101.0,101.0036,0.0036
6.26,101.0,101.0036,0.0037
6.261,101.0,101.0036,0.0037
6.2620000000000005,101.0,101.0037,0.0037
6.263,101.0,101.0037,0.0037
6.264,101.0,101.0037,0.0037
6.265000000000001,101.0,101.0038,0.0038
6.266,101.0,101.0038,0.0038
6.267,101.0,101.0038,0.0038
6.268,101.0,101.0039,0.0039
6.269,101.0,101.0038,0.0038
6.2700000000000005,101.0,101.0038,0.0038
6.271,101.0,101.0039,0.0039
6.272,101.0,101.0039,0.0039
6.273,101.0,101.0039,0.0039
6.274,101.0,101.0039,0.0039
6.275,101.0,101.0039,0.0039
6.276,101.0,101.0039,0.0039
6.277,101.0,101.004,0.004
6.2780000000000005,101.0,101.004,0.004
6.279,101.0,101.004,0.004
6.28,101.0,101.004,0.004
6.281,101.0,101.004,0.004
6.282,101.0,101.0041,0.0041
6.283,101.0,101.004,0.004
6.284,101.0,101.004,0.004
6.285,101.0,101.004,0.004
6.2860000000000005,101.0,101.004,0.004
6.287,101.0,101.004,0.004
6.288,101.0,101.004,0.004
6.289,101.0,101.004,0.004
6.29,101.0,101.004,0.004
6.291,101.0,101.0039,0.0039
6.292,101.0,101.0039,0.0039
6.293,101.0,101.0038,0.0038
6.2940000000000005,101.0,101.0039,0.0039
6.295,101.0,101.0039,0.0039
6.296,101.0,101.0038,0.0038
6.297,101.0,101.0038,0.0038
6.298,101.0,101.0038,0.0038
6.299,101.0,101.0038,0.0038
6.3,101.0,101.0038,0.0038
6.301,101.0,101.0038,0.0038
6.3020000000000005,101.0,101.0037,0.0037
6.303,101.0,101.0037,0.0037
6.304,101.0,101.0037,0.0037
6.305,101.0,101.0036,0.0036
6.306,101.0,101.0036,0.0036
6.307,101.0,101.0035,0.0035
6.308,101.0,101.0034,0.0034
6.309,101.0,101.0034,0.0034
6.3100000000000005,101.0,101.0033,0.0033
6.311,101.0,101.0033,0.0033
6.312,101.0,101.0033,0.0033
6.313,101.0,101.0033,0.0033
6.314,101.0,101.0033,0.0033
6.315,101.0,101.0033,0.0033
6.316,101.0,101.0033,0.0033
6.317,101.0,101.0033,0.0033
6.3180000000000005,101.0,101.0033,0.0033
6.319,101.0,101.0033,0.0033
6.32,101.0,101.0032,0.0032
6.321,101.0,101.0032,0.0032
6.322,101.0,101.0032,0.0032
6.323,101.0,101.0031,0.0031
6.324,101.0,101.0031,0.0031
6.325,101.0,101.0031,0.0031
6.3260000000000005,101.0,101.003,0.003
6.327,101.0,101.003,0.003
6.328,101.0,101.003,0.003
6.329,101.0,101.003,0.003
6.33,101.0,101.0029,0.0029
6.331,101.0,101.0029,0.0029
6.332,101.0,101.003,0.003
6.333,101.0,101.0029,0.0029
6.3340000000000005,101.0,101.0029,0.0029
6.335,101.0,101.0029,0.0029
6.336,101.0,101.0029,0.0029
6.337,101.0,101.0029,0.0029
6.338,101.0,101.0029,0.0029
6.339,101.0,101.0029,0.0029
6.34,101.0,101.0028,0.0029
6.341,101.0,101.0028,0.0029
6.3420000000000005,101.0,101.0028,0.0028
6.343,101.0,101.0028,0.0028
6.344,101.0,101.0028,0.0028
6.345,101.0,101.0027,0.0028
6.346,101.0,101.0027,0.0027
6.347,101.0,101.0027,0.0027
6.348,101.0,101.0027,0.0027
6.349,101.0,101.0027,0.0027
6.3500000000000005,101.0,101.0026,0.0027
6.351,101.0,101.0026,0.0026
6.352,101.0,101.0026,0.0026
6.353,101.0,101.0026,0.0026
6.354,101.0,101.0025,0.0026
6.355,101.0,101.0025,0.0025
6.356,101.0,101.0025,0.0025
6.357,101.0,101.0025,0.0025
6.3580000000000005,101.0,101.0024,0.0024
6.359,101.0,101.0024,0.0024
6.36,101.0,101.0024,0.0024
6.361,101.0,101.0023,0.0023
6.362,101.0,101.0023,0.0023
6.363,101.0,101.0022,0.0022
6.364,101.0,101.0022,0.0022
6.365,101.0,101.0022,0.0022
6.3660000000000005,101.0,101.0021,0.0021
6.367,101.0,101.0021,0.0021
6.368,101.0,101.0021,0.0021
6.369,101.0,101.0021,0.0021
6.37,101.0,101.0021,0.0021
6.371,101.0,101.0021,0.0021
6.372,101.0,101.0021,0.0021
6.373,101.0,101.0021,0.0021
6.3740000000000006,101.0,101.0021,0.0021
6.375,101.0,101.0021,0.0021
6.376,101.0,101.0021,0.0021
6.377,101.0,101.002,0.002
6.378,101.0,101.002,0.002
6.3790000000000004,101.0,101.002,0.002
6.38,101.0,101.002,0.002
6.381,101.0,101.0019,0.0019
6.382000000000001,101.0,101.0019,0.0019
6.383,101.0,101.0018,0.0018
6.384,101.0,101.0018,0.0018
6.385,101.0,101.0018,0.0018
6.386,101.0,101.0018,0.0018
6.3870000000000005,101.0,101.0018,0.0018
6.388,101.0,101.0018,0.0018
6.389,101.0,101.0018,0.0018
6.390000000000001,101.0,101.0017,0.0017
6.391,101.0,101.0017,0.0017
6.392,101.0,101.0017,0.0017
6.393,101.0,101.0016,0.0017
6.394,101.0,101.0016,0.0016
6.3950000000000005,101.0,101.0016,0.0016
6.396,101.0,101.0015,0.0015
6.397,101.0,101.0015,0.0015
6.398000000000001,101.0,101.0014,0.0014
6.399,101.0,101.0014,0.0014
6.4,101.0,101.0013,0.0013
6.401,101.0,101.0013,0.0013
6.402,101.0,101.0012,0.0012
6.4030000000000005,101.0,101.0012,0.0012
6.404,101.0,101.0011,0.0012
6.405,101.0,101.0011,0.0011
6.406,101.0,101.0011,0.0011
6.407,101.0,101.001,0.001
6.408,101.0,101.001,0.001
6.409,101.0,101.0008,0.0009
6.41,101.0,101.0008,0.0009
6.4110000000000005,101.0,101.0008,0.0008
6.412,101.0,101.0007,0.0007
6.413,101.0,101.0007,0.0007
6.414,101.0,101.0006,0.0006
6.415,101.0,101.0006,0.0006
6.416,101.0,101.0005,0.0005
6.417,101.0,101.0004,0.0004
6.418,101.0,101.0004,0.0004
6.4190000000000005,101.0,101.0003,0.0003
6.42,101.0,101.0003,0.0003
6.421,101.0,101.0002,0.0002
6.422,101.0,101.0001,0.0001
6.423,101.0,101.0001,0.0001
6.424,101.0,101.0,0.0
6.425,101.0,100.9999,-0.0
6.426,101.0,100.9999,-0.0
6.4270000000000005,101.0,100.9998,-0.0001
6.428,101.0,100.9998,-0.0001
6.429,101.0,100.9997,-0.0002
6.43,101.0,100.9996,-0.0002
6.431,101.0,100.9996,-0.0003
6.432,101.0,100.9995,-0.0004
6.433,101.0,100.9994,-0.0005
6.434,101.0,100.9993,-0.0006
6.4350000000000005,101.0,100.9993,-0.0006
6.436,101.0,100.9993,-0.0006
6.437,101.0,100.9992,-0.0007
6.438,101.0,100.9991,-0.0008
6.439,101.0,100.9991,-0.0008
6.44,101.0,100.999,-0.0009
6.441,101.0,100.999,-0.0009
6.442,101.0,100.9989,-0.001
6.4430000000000005,101.0,100.9989,-0.001
6.444,101.0,100.9988,-0.001
6.445,101.0,100.9988,-0.0011
6.446,101.0,100.9988,-0.0011
6.447,101.0,100.9986,-0.0012
6.448,101.0,100.9986,-0.0013
6.449,101.0,100.9985,-0.0014
6.45,101.0,100.9985,-0.0014
6.4510000000000005,101.0,100.9984,-0.0015
6.452,101.0,100.9983,-0.0016
6.453,101.0,100.9983,-0.0016
6.454,101.0,100.9983,-0.0016
6.455,101.0,100.9982,-0.0017
6.456,101.0,100.9982,-0.0017
6.457,101.0,100.9981,-0.0018
6.458,101.0,100.9981,-0.0018
6.4590000000000005,101.0,100.998,-0.0018
6.46,101.0,100.998,-0.0019
6.461,101.0,100.998,-0.0019
6.462,101.0,100.998,-0.0019
6.463,101.0,100.998,-0.0019
6.464,101.0,100.9979,-0.0019
6.465,101.0,100.9979,-0.002
6.466,101.0,100.9979,-0.002
6.4670000000000005,101.0,100.9978,-0.0021
6.468,101.0,100.9978,-0.0021
6.469,101.0,100.9977,-0.0021
6.47,101.0,100.9977,-0.0022
6.471,101.0,100.9977,-0.0022
6.472,101.0,100.9976,-0.0023
6.473,101.0,100.9976,-0.0023
6.474,101.0,100.9976,-0.0023
6.4750000000000005,101.0,100.9975,-0.0024
6.476,101.0,100.9975,-0.0024
6.477,101.0,100.9974,-0.0025
6.478,101.0,100.9974,-0.0025
6.479,101.0,100.9974,-0.0025
6.48,101.0,100.9974,-0.0025
6.481,101.0,100.9974,-0.0025
6.482,101.0,100.9973,-0.0026
6.4830000000000005,101.0,100.9973,-0.0026
6.484,101.0,100.9973,-0.0026
6.485,101.0,100.9973,-0.0026
6.486,101.0,100.9972,-0.0027
6.487,101.0,100.9972,-0.0027
6.488,101.0,100.9972,-0.0027
6.489,101.0,100.9972,-0.0027
6.49,101.0,100.9971,-0.0027
6.4910000000000005,101.0,100.9971,-0.0028
6.492,101.0,100.9971,-0.0028
6.493,101.0,100.997,-0.0028
6.494,101.0,100.997,-0.0029
6.495,101.0,100.997,-0.0029
6.496,101.0,100.997,-0.0029
6.497,101.0,100.997,-0.0029
6.498,101.0,100.997,-0.0029
6.4990000000000006,101.0,100.997,-0.0029
6.5,101.0,100.997,-0.0029
6.501,101.0,100.997,-0.0029
6.502,101.0,100.997,-0.0029
6.503,101.0,100.9969,-0.003
6.5040000000000004,101.0,100.997,-0.0029
6.505,101.0,100.9969,-0.003
6.506,101.0,100.9969,-0.003
6.507000000000001,101.0,100.9969,-0.003
6.508,101.0,100.9969,-0.003
6.509,101.0,100.997,-0.0029
6.51,101.0,100.997,-0.0029
6.511,101.0,100.997,-0.0029
6.5120000000000005,101.0,100.997,-0.0029
6.513,101.0,100.997,-0.0029
6.514,101.0,100.997,-0.0029
6.515000000000001,101.0,100.997,-0.0029
6.516,101.0,100.997,-0.0029
6.517,101.0,100.997,-0.0029
6.518,101.0,100.997,-0.0029
6.519,101.0,100.997,-0.0029
6.5200000000000005,101.0,100.997,-0.0029
6.521,101.0,100.997,-0.0029
6.522,101.0,100.997,-0.0029
6.523000000000001,101.0,100.9969,-0.003
6.524,101.0,100.9969,-0.003
6.525,101.0,100.997,-0.0029
6.526,101.0,100.997,-0.0029
6.527,101.0,100.997,-0.0029
6.5280000000000005,101.0,100.9969,-0.003
6.529,101.0,100.997,-0.0029
6.53,101.0,100.9969,-0.003
6.531,101.0,100.9969,-0.003
6.532,101.0,100.9969,-0.003
6.533,101.0,100.9969,-0.003
6.534,101.0,100.9969,-0.003
6.535,101.0,100.9969,-0.003
6.5360000000000005,101.0,100.9969,-0.003
6.537,101.0,100.9969,-0.003
6.538,101.0,100.9969,-0.003
6.539,101.0,100.997,-0.0029
6.54,101.0,100.9969,-0.003
6.541,101.0,100.9969,-0.003
6.542,101.0,100.9969,-0.003
6.543,101.0,100.9969,-0.003
6.5440000000000005,101.0,100.997,-0.0029
6.545,101.0,100.997,-0.0029
6.546,101.0,100.997,-0.0029
6.547,101.0,100.997,-0.0029
6.548,101.0,100.997,-0.0029
6.549,101.0,100.997,-0.0029
6.55,101.0,100.997,-0.0029
6.551,101.0,100.997,-0.0029
6.5520000000000005,101.0,100.997,-0.0029
6.553,101.0,100.997,-0.0029
6.554,101.0,100.997,-0.0029
6.555,101.0,100.997,-0.0029
6.556,101.0,100.997,-0.0029
6.557,101.0,100.997,-0.0029
6.558,101.0,100.997,-0.0029
6.559,101.0,100.997,-0.0029
6.5600000000000005,101.0,100.997,-0.0029
6.561,101.0,100.997,-0.0029
6.562,101.0,100.997,-0.0029
6.563,101.0,100.997,-0.0029
6.564,101.0,100.997,-0.0029
6.565,101.0,100.997,-0.0029
6.566,101.0,100.997,-0.0029
6.567,101.0,100.997,-0.0028
6.5680000000000005,101.0,100.9971,-0.0028
6.569,101.0,100.9971,-0.0027
6.57,101.0,100.9972,-0.0027
6.571,101.0,100.9972,-0.0027
6.572,101.0,100.9972,-0.0027
6.573,101.0,100.9972,-0.0027
6.574,101.0,100.9973,-0.0026
6.575,101.0,100.9973,-0.0026
6.5760000000000005,101.0,100.9974,-0.0025
6.577,101.0,100.9974,-0.0025
6.578,101.0,100.9974,-0.0025
6.579,101.0,100.9974,-0.0025
6.58,101.0,100.9974,-0.0025
6.581,101.0,100.9975,-0.0024
6.582,101.0,100.9975,-0.0024
6.583,101.0,100.9975,-0.0024
6.5840000000000005,101.0,100.9975,-0.0024
6.585,101.0,100.9976,-0.0023
6.586,101.0,100.9976,-0.0023
6.587,101.0,100.9976,-0.0023
6.588,101.0,100.9976,-0.0023
6.589,101.0,100.9976,-0.0022
6.59,101.0,100.9977,-0.0022
6.591,101.0,100.9977,-0.0022
6.5920000000000005,101.0,100.9978,-0.0021
6.593,101.0,100.9978,-0.0021
6.594,101.0,100.9979,-0.002
6.595,101.0,100.9979,-0.002
6.596,101.0,100.9979,-0.0019
6.597,101.0,100.998,-0.0019
6.598,101.0,100.998,-0.0019
6.599,101.0,100.998,-0.0018
6.6000000000000005,101.0,100.9981,-0.0018
6.601,101.0,100.9981,-0.0018
6.602,101.0,100.9981,-0.0018
6.603,101.0,100.9981,-0.0018
6.604,101.0,100.9982,-0.0017
6.605,101.0,100.9982,-0.0017
6.606,101.0,100.9983,-0.0016
6.607,101.0,100.9983,-0.0016
6.6080000000000005,101.0,100.9984,-0.0015
6.609,101.0,100.9984,-0.0015
6.61,101.0,100.9984,-0.0015
6.611,101.0,100.9985,-0.0014
6.612,101.0,100.9985,-0.0014
6.613,101.0,100.9985,-0.0014
6.614,101.0,100.9985,-0.0014
6.615,101.0,100.9985,-0.0014
6.6160000000000005,101.0,100.9986,-0.0013
6.617,101.0,100.9986,-0.0013
6.618,101.0,100.9986,-0.0013
6.619,101.0,100.9986,-0.0013
6.62,101.0,100.9986,-0.0013
6.621,101.0,100.9986,-0.0013
6.622,101.0,100.9986,-0.0012
6.623,101.0,100.9987,-0.0012
6.6240000000000006,101.0,100.9987,-0.0012
6.625,101.0,100.9987,-0.0011
6.626,101.0,100.9988,-0.0011
6.627,101.0,100.9988,-0.0011
6.628,101.0,100.9989,-0.001
6.6290000000000004,101.0,100.9988,-0.0011
6.63,101.0,100.9988,-0.0011
6.631,101.0,100.9988,-0.001
6.632000000000001,101.0,100.9988,-0.001
6.633,101.0,100.9989,-0.001
6.634,101.0,100.9989,-0.001
6.635,101.0,100.9989,-0.001
6.636,101.0,100.999,-0.0009
6.6370000000000005,101.0,100.999,-0.0009
6.638,101.0,100.999,-0.0009
6.639,101.0,100.9991,-0.0008
6.640000000000001,101.0,100.9991,-0.0008
6.641,101.0,100.9991,-0.0007
6.642,101.0,100.9992,-0.0007
6.643,101.0,100.9992,-0.0007
6.644,101.0,100.9992,-0.0006
6.6450000000000005,101.0,100.9993,-0.0006
6.646,101.0,100.9993,-0.0006
6.647,101.0,100.9993,-0.0006
6.648000000000001,101.0,100.9993,-0.0006
6.649,101.0,100.9993,-0.0006
6.65,101.0,100.9993,-0.0006
6.651,101.0,100.9993,-0.0006
6.652,101.0,100.9993,-0.0005
6.6530000000000005,101.0,100.9993,-0.0005
6.654,101.0,100.9993,-0.0006
6.655,101.0,100.9994,-0.0005
6.656000000000001,101.0,100.9994,-0.0005
6.657,101.0,100.9994,-0.0005
6.658,101.0,100.9995,-0.0004
6.659,101.0,100.9995,-0.0004
6.66,101.0,100.9995,-0.0004
6.6610000000000005,101.0,100.9996,-0.0003
6.662,101.0,100.9996,-0.0002
6.663,101.0,100.9997,-0.0002
6.664,101.0,100.9997,-0.0002
6.665,101.0,100.9997,-0.0002
6.666,101.0,100.9998,-0.0001
6.667,101.0,100.9998,-0.0001
6.668,101.0,100.9998,-0.0001
6.6690000000000005,101.0,100.9998,-0.0001
6.67,101.0,100.9998,-0.0001
6.671,101.0,100.9998,-0.0001
6.672,101.0,100.9998,-0.0001
6.673,101.0,100.9998,-0.0001
6.674,101.0,100.9998,-0.0001
6.675,101.0,100.9998,-0.0001
6.676,101.0,100.9998,-0.0001
6.6770000000000005,101.0,100.9998,-0.0001
6.678,101.0,100.9998,-0.0001
6.679,101.0,100.9998,-0.0001
6.68,101.0,100.9998,-0.0001
6.681,101.0,100.9998,-0.0001
6.682,101.0,100.9998,-0.0001
6.683,101.0,100.9998,-0.0001
6.684,101.0,100.9998,-0.0001
6.6850000000000005,101.0,100.9998,-0.0001
6.686,101.0,100.9998,-0.0001
6.687,101.0,100.9998,-0.0001
6.688,101.0,100.9999,-0.0
6.689,101.0,100.9998,-0.0
6.69,101.0,100.9999,-0.0
6.691,101.0,100.9999,-0.0
6.692,101.0,100.9999,-0.0
6.6930000000000005,101.0,101.0,0.0
6.694,101.0,101.0,0.0
6.695,101.0,101.0,0.0
6.696,101.0,101.0,0.0
6.697,101.0,101.0,0.0
6.698,101.0,101.0,0.0001
6.699,101.0,101.0001,0.0001
6.7,101.0,101.0001,0.0001
6.7010000000000005,101.0,101.0001,0.0001
6.702,101.0,101.0001,0.0001
6.703,101.0,101.0001,0.0001
6.704,101.0,101.0001,0.0001
6.705,101.0,101.0001,0.0001
6.706,101.0,101.0001,0.0001
6.707,101.0,101.0001,0.0001
6.708,101.0,101.0001,0.0001
6.7090000000000005,101.0,101.0002,0.0002
6.71,101.0,101.0002,0.0002
6.711,101.0,101.0002,0.0002
6.712,101.0,101.0002,0.0002
6.713,101.0,101.0002,0.0002
6.714,101.0,101.0003,0.0003
6.715,101.0,101.0003,0.0003
6.716,101.0,101.0003,0.0003
6.7170000000000005,101.0,101.0004,0.0004
6.718,101.0,101.0004,0.0004
6.719,101.0,101.0004,0.0005
6.72,101.0,101.0005,0.0005
6.721,101.0,101.0005,0.0006
6.722,101.0,101.0006,0.0006
6.723,101.0,101.0006,0.0006
6.724,101.0,101.0006,0.0007
6.7250000000000005,101.0,101.0007,0.0007
6.726,101.0,101.0007,0.0007
6.727,101.0,101.0007,0.0007
6.728,101.0,101.0008,0.0008
6.729,101.0,101.0008,0.0008
6.73,101.0,101.0009,0.0009
6.731,101.0,101.0009,0.0009
6.732,101.0,101.001,0.001
6.7330000000000005,101.0,101.001,0.001
6.734,101.0,101.0011,0.0011
6.735,101.0,101.0011,0.0011
6.736,101.0,101.0011,0.0011
6.737,101.0,101.0011,0.0011
6.738,101.0,101.0011,0.0011
6.739,101.0,101.0011,0.0011
6.74,101.0,101.0011,0.0011
6.7410000000000005,101.0,101.0011,0.0011
6.742,101.0,101.0011,0.0011
6.743,101.0,101.0011,0.0011
6.744,101.0,101.0011,0.0011
6.745,101.0,101.001,0.001
6.746,101.0,101.001,0.001
6.747,101.0,101.0011,0.0011
6.748,101.0,101.0011,0.0011
6.7490000000000006,101.0,101.0011,0.0011
6.75,101.0,101.0011,0.0012
6.751,101.0,101.0011,0.0011
6.752,101.0,101.0011,0.0011
6.753,101.0,101.0011,0.0011
6.7540000000000004,101.0,101.0011,0.0011
6.755,101.0,101.0011,0.0011
6.756,101.0,101.0011,0.0011
6.757000000000001,101.0,101.0012,0.0012
6.758,101.0,101.0012,0.0012
6.759,101.0,101.0012,0.0012
6.76,101.0,101.0013,0.0013
6.761,101.0,101.0013,0.0013
6.7620000000000005,101.0,101.0014,0.0014
6.763,101.0,101.0014,0.0014
6.764,101.0,101.0014,0.0014
6.765000000000001,101.0,101.0015,0.0015
6.766,101.0,101.0015,0.0015
6.767,101.0,101.0015,0.0015
6.768,101.0,101.0015,0.0015
6.769,101.0,101.0016,0.0016
6.7700000000000005,101.0,101.0016,0.0016
6.771,101.0,101.0016,0.0016
6.772,101.0,101.0016,0.0016
6.773000000000001,101.0,101.0016,0.0016
6.774,101.0,101.0017,0.0017
6.775,101.0,101.0017,0.0017
6.776,101.0,101.0017,0.0017
6.777,101.0,101.0017,0.0017
6.7780000000000005,101.0,101.0017,0.0017
6.779,101.0,101.0017,0.0017
6.78,101.0,101.0017,0.0017
6.781000000000001,101.0,101.0017,0.0017
6.782,101.0,101.0017,0.0017
6.783,101.0,101.0017,0.0018
6.784,101.0,101.0017,0.0017
6.785,101.0,101.0017,0.0017
6.7860000000000005,101.0,101.0018,0.0018
6.787,101.0,101.0018,0.0018
6.788,101.0,101.0018,0.0018
6.789,101.0,101.0018,0.0018
6.79,101.0,101.0018,0.0018
6.791,101.0,101.0018,0.0018
6.792,101.0,101.0018,0.0018
6.793,101.0,101.0018,0.0018
6.7940000000000005,101.0,101.0018,0.0018
6.795,101.0,101.0018,0.0018
6.796,101.0,101.0018,0.0018
6.797,101.0,101.0017,0.0018
6.798,101.0,101.0017,0.0017
6.799,101.0,101.0018,0.0018
6.8,101.0,101.0017,0.0017
6.801,101.0,101.0017,0.0017
6.8020000000000005,101.0,101.0017,0.0017
6.803,101.0,101.0016,0.0016
6.804,101.0,101.0016,0.0016
6.805,101.0,101.0016,0.0016
6.806,101.0,101.0015,0.0015
6.807,101.0,101.0015,0.0015
6.808,101.0,101.0014,0.0014
6.809,101.0,101.0014,0.0014
6.8100000000000005,101.0,101.0014,0.0014
6.811,101.0,101.0013,0.0013
6.812,101.0,101.0013,0.0013
6.813,101.0,101.0013,0.0013
6.814,101.0,101.0012,0.0013
6.815,101.0,101.0012,0.0012
6.816,101.0,101.0012,0.0012
6.817,101.0,101.0012,0.0012
6.8180000000000005,101.0,101.0012,0.0012
6.819,101.0,101.0011,0.0011
6.82,101.0,101.0011,0.0011
6.821,101.0,101.0011,0.0011
6.822,101.0,101.0011,0.0011
6.823,101.0,101.0011,0.0011
6.824,101.0,101.0011,0.0011
6.825,101.0,101.0011,0.0011
6.8260000000000005,101.0,101.0011,0.0011
6.827,101.0,101.001,0.001
6.828,101.0,101.001,0.001
6.829,101.0,101.001,0.001
6.83,101.0,101.001,0.001
6.831,101.0,101.001,0.001
6.832,101.0,101.001,0.001
6.833,101.0,101.001,0.001
6.8340000000000005,101.0,101.001,0.001
6.835,101.0,101.001,0.001
6.836,101.0,101.001,0.001
6.837,101.0,101.001,0.001
6.838,101.0,101.001,0.001
6.839,101.0,101.0009,0.0009
6.84,101.0,101.0009,0.0009
6.841,101.0,101.0008,0.0008
6.8420000000000005,101.0,101.0007,0.0007
6.843,101.0,101.0007,0.0007
6.844,101.0,101.0006,0.0007
6.845,101.0,101.0006,0.0006
6.846,101.0,101.0006,0.0006
6.847,101.0,101.0005,0.0005
6.848,101.0,101.0005,0.0005
6.849,101.0,101.0004,0.0004
6.8500000000000005,101.0,101.0003,0.0004
6.851,101.0,101.0003,0.0004
6.852,101.0,101.0003,0.0003
6.853,101.0,101.0003,0.0003
6.854,101.0,101.0002,0.0002
6.855,101.0,101.0002,0.0002
6.856,101.0,101.0002,0.0002
6.857,101.0,101.0001,0.0001
6.8580000000000005,101.0,101.0001,0.0001
6.859,101.0,101.0001,0.0001
6.86,101.0,101.0002,0.0002
6.861,101.0,101.0002,0.0002
6.862,101.0,101.0002,0.0002
6.863,101.0,101.0002,0.0002
6.864,101.0,101.0002,0.0002
6.865,101.0,101.0002,0.0002
6.8660000000000005,101.0,101.0002,0.0002
6.867,101.0,101.0002,0.0002
6.868,101.0,101.0002,0.0002
6.869,101.0,101.0002,0.0002
6.87,101.0,101.0002,0.0002
6.871,101.0,101.0002,0.0002
6.872,101.0,101.0002,0.0002
6.873,101.0,101.0002,0.0002
6.8740000000000006,101.0,101.0001,0.0001
6.875,101.0,101.0001,0.0001
6.876,101.0,101.0001,0.0001
6.877,101.0,101.0001,0.0001
6.878,101.0,101.0,0.0
6.8790000000000004,101.0,101.0,0.0
6.88,101.0,101.0,0.0
6.881,101.0,101.0,0.0
6.882000000000001,101.0,100.9999,-0.0
6.883,101.0,100.9999,0.0
6.884,101.0,100.9999,-0.0
6.885,101.0,100.9999,-0.0
6.886,101.0,100.9999,-0.0
6.8870000000000005,101.0,100.9999,0.0
6.888,101.0,101.0,0.0
6.889,101.0,101.0,0.0
6.890000000000001,101.0,101.0,0.0
6.891,101.0,101.0,0.0
6.892,101.0,101.0,0.0
6.893,101.0,100.9999,0.0
6.894,101.0,100.9999,-0.0
6.8950000000000005,101.0,100.9998,-0.0001
6.896,101.0,100.9998,-0.0001
6.897,101.0,100.9998,-0.0001
6.898000000000001,101.0,100.9998,-0.0001
6.899,101.0,100.9998,-0.0001
6.9,101.0,100.9998,-0.0001
6.901,101.0,100.9997,-0.0001
6.902,101.0,100.9998,-0.0001
6.9030000000000005,101.0,100.9997,-0.0002
6.904,101.0,100.9997,-0.0002
6.905,101.0,100.9997,-0.0002
6.906000000000001,101.0,100.9997,-0.0001
6.907,101.0,100.9997,-0.0002
6.908,101.0,100.9997,-0.0002
6.909,101.0,100.9997,-0.0002
6.91,101.0,100.9996,-0.0003
6.9110000000000005,101.0,100.9995,-0.0004
6.912,101.0,100.9995,-0.0004
6.913,101.0,100.9995,-0.0004
6.914,101.0,100.9995,-0.0004
6.915,101.0,100.9994,-0.0005
6.916,101.0,100.9994,-0.0005
6.917,101.0,100.9993,-0.0006
6.918,101.0,100.9993,-0.0006
6.9190000000000005,101.0,100.9993,-0.0006
6.92,101.0,100.9993,-0.0006
6.921,101.0,100.9993,-0.0006
6.922,101.0,100.9993,-0.0006
6.923,101.0,100.9993,-0.0006
6.924,101.0,100.9993,-0.0006
6.925,101.0,100.9993,-0.0006
6.926,101.0,100.9992,-0.0007
6.9270000000000005,101.0,100.9992,-0.0007
6.928,101.0,100.9992,-0.0007
6.929,101.0,100.9991,-0.0007
6.93,101.0,100.9991,-0.0008
6.931,101.0,100.9991,-0.0008
6.932,101.0,100.9991,-0.0008
6.933,101.0,100.9991,-0.0008
6.934,101.0,100.9991,-0.0008
6.9350000000000005,101.0,100.999,-0.0009
6.936,101.0,100.999,-0.0009
6.937,101.0,100.9989,-0.0009
6.938,101.0,100.9989,-0.001
6.939,101.0,100.9989,-0.001
6.94,101.0,100.9988,-0.0011
6.941,101.0,100.9988,-0.0011
6.942,101.0,100.9987,-0.0012
6.9430000000000005,101.0,100.9986,-0.0013
6.944,101.0,100.9986,-0.0013
6.945,101.0,100.9986,-0.0013
6.946,101.0,100.9985,-0.0014
6.947,101.0,100.9984,-0.0015
6.948,101.0,100.9984,-0.0015
6.949,101.0,100.9983,-0.0016
6.95,101.0,100.9982,-0.0017
6.9510000000000005,101.0,100.9981,-0.0018
6.952,101.0,100.9981,-0.0018
6.953,101.0,100.9981,-0.0018
6.954,101.0,100.998,-0.0019
6.955,101.0,100.998,-0.0019
6.956,101.0,100.998,-0.0019
6.957,101.0,100.998,-0.0019
6.958,101.0,100.998,-0.0019
6.9590000000000005,101.0,100.9979,-0.002
6.96,101.0,100.9978,-0.0021
6.961,101.0,100.9978,-0.0021
6.962,101.0,100.9977,-0.0022
6.963,101.0,100.9977,-0.0022
6.964,101.0,100.9976,-0.0023
6.965,101.0,100.9976,-0.0023
6.966,101.0,100.9976,-0.0023
6.9670000000000005,101.0,100.9975,-0.0024
6.968,101.0,100.9974,-0.0025
6.969,101.0,100.9973,-0.0026
6.97,101.0,100.9973,-0.0026
6.971,101.0,100.9973,-0.0026
6.972,101.0,100.9972,-0.0027
6.973,101.0,100.9972,-0.0027
6.974,101.0,100.9972,-0.0027
6.9750000000000005,101.0,100.9972,-0.0027
6.976,101.0,100.9972,-0.0027
6.977,101.0,100.9971,-0.0027
6.978,101.0,100.9971,-0.0028
6.979,101.0,100.9971,-0.0028
6.98,101.0,100.9971,-0.0028
6.981,101.0,100.997,-0.0029
6.982,101.0,100.9969,-0.003
6.9830000000000005,101.0,100.9969,-0.003
6.984,101.0,100.9968,-0.0031
6.985,101.0,100.9968,-0.0031
6.986,101.0,100.9967,-0.0032
6.987,101.0,100.9967,-0.0032
6.988,101.0,100.9967,-0.0032
6.989,101.0,100.9967,-0.0032
6.99,101.0,100.9967,-0.0032
6.9910000000000005,101.0,100.9967,-0.0032
6.992,101.0,100.9967,-0.0032
6.993,101.0,100.9967,-0.0032
6.994,101.0,100.9967,-0.0032
6.995,101.0,100.9967,-0.0032
6.996,101.0,100.9967,-0.0032
6.997,101.0,100.9967,-0.0032
6.998,101.0,100.9966,-0.0033
6.9990000000000006,101.0,100.9966,-0.0033
7.0,101.0,100.9966,-0.0033
7.001,101.0,100.9966,-0.0033
7.002,101.0,100.9966,-0.0033
7.003,101.0,100.9966,-0.0033
7.0040000000000004,101.0,100.9966,-0.0033
7.005,101.0,100.9966,-0.0033
7.006,101.0,100.9967,-0.0032
7.007000000000001,101.0,100.9967,-0.0032
7.008,101.0,100.9967,-0.0032
7.009,101.0,100.9967,-0.0032
7.01,101.0,100.9967,-0.0032
7.011,101.0,100.9967,-0.0032
7.0120000000000005,101.0,100.9967,-0.0032
7.013,101.0,100.9967,-0.0032
7.014,101.0,100.9967,-0.0031
7.015000000000001,101.0,100.9968,-0.0031
7.016,101.0,100.9968,-0.0031
7.017,101.0,100.9968,-0.0031
7.018,101.0,100.9968,-0.0031
7.019,101.0,100.9968,-0.0031
7.0200000000000005,101.0,100.9968,-0.0031
7.021,101.0,100.9968,-0.0031
7.022,101.0,100.9968,-0.0031
7.023000000000001,101.0,100.9968,-0.0031
7.024,101.0,100.9969,-0.003
7.025,101.0,100.9969,-0.003
7.026,101.0,100.9969,-0.003
7.027,101.0,100.9969,-0.003
7.0280000000000005,101.0,100.9969,-0.003
7.029,101.0,100.997,-0.0029
7.03,101.0,100.997,-0.0029
7.031000000000001,101.0,100.997,-0.0029
7.032,101.0,100.997,-0.0029
7.033,101.0,100.9971,-0.0028
7.034,101.0,100.9971,-0.0028
7.035,101.0,100.9971,-0.0028
7.0360000000000005,101.0,100.9971,-0.0027
7.037,101.0,100.9971,-0.0028
7.038,101.0,100.9971,-0.0028
7.039000000000001,101.0,100.9971,-0.0027
7.04,101.0,100.9972,-0.0027
7.041,101.0,100.9972,-0.0027
7.042,101.0,100.9973,-0.0026
7.043,101.0,100.9973,-0.0026
7.0440000000000005,101.0,100.9973,-0.0026
7.045,101.0,100.9973,-0.0026
7.046,101.0,100.9973,-0.0026
7.047,101.0,100.9973,-0.0026
7.048,101.0,100.9973,-0.0026
7.049,101.0,100.9973,-0.0026
7.05,101.0,100.9973,-0.0026
7.051,101.0,100.9974,-0.0025
7.0520000000000005,101.0,100.9974,-0.0025
7.053,101.0,100.9974,-0.0025
7.054,101.0,100.9974,-0.0025
7.055,101.0,100.9974,-0.0025
7.056,101.0,100.9974,-0.0025
7.057,101.0,100.9974,-0.0025
7.058,101.0,100.9974,-0.0025
7.059,101.0,100.9974,-0.0025
7.0600000000000005,101.0,100.9974,-0.0025
7.061,101.0,100.9974,-0.0025
7.062,101.0,100.9974,-0.0025
7.063,101.0,100.9975,-0.0024
7.064,101.0,100.9975,-0.0024
7.065,101.0,100.9975,-0.0024
7.066,101.0,100.9975,-0.0024
7.067,101.0,100.9975,-0.0023
7.0680000000000005,101.0,100.9975,-0.0024
7.069,101.0,100.9975,-0.0023
7.07,101.0,100.9975,-0.0024
7.071,101.0,100.9975,-0.0024
7.072,101.0,100.9975,-0.0024
7.073,101.0,100.9975,-0.0024
7.074,101.0,100.9975,-0.0023
7.075,101.0,100.9975,-0.0024
7.0760000000000005,101.0,100.9975,-0.0024
7.077,101.0,100.9975,-0.0024
7.078,101.0,100.9976,-0.0023
7.079,101.0,100.9975,-0.0024
7.08,101.0,100.9975,-0.0024
7.081,101.0,100.9975,-0.0024
7.082,101.0,100.9975,-0.0024
7.083,101.0,100.9975,-0.0024
7.0840000000000005,101.0,100.9975,-0.0024
7.085,101.0,100.9975,-0.0024
7.086,101.0,100.9975,-0.0024
7.087,101.0,100.9975,-0.0024
7.088,101.0,100.9974,-0.0025
7.089,101.0,100.9974,-0.0025
7.09,101.0,100.9974,-0.0025
7.091,101.0,100.9975,-0.0024
7.0920000000000005,101.0,100.9975,-0.0024
7.093,101.0,100.9975,-0.0024
7.094,101.0,100.9975,-0.0024
7.095,101.0,100.9975,-0.0024
7.096,101.0,100.9975,-0.0024
7.097,101.0,100.9975,-0.0024
7.098,101.0,100.9975,-0.0024
7.099,101.0,100.9975,-0.0024
7.1000000000000005,101.0,100.9975,-0.0024
7.101,101.0,100.9974,-0.0025
7.102,101.0,100.9974,-0.0025
7.103,101.0,100.9974,-0.0025
7.104,101.0,100.9974,-0.0025
7.105,101.0,100.9974,-0.0025
7.106,101.0,100.9975,-0.0024
7.107,101.0,100.9975,-0.0024
7.1080000000000005,101.0,100.9975,-0.0024
7.109,101.0,100.9975,-0.0024
7.11,101.0,100.9975,-0.0024
7.111,101.0,100.9975,-0.0024
7.112,101.0,100.9976,-0.0023
7.113,101.0,100.9976,-0.0023
7.114,101.0,100.9976,-0.0023
7.115,101.0,100.9975,-0.0024
7.1160000000000005,101.0,100.9975,-0.0024
7.117,101.0,100.9976,-0.0023
7.118,101.0,100.9976,-0.0023
7.119,101.0,100.9976,-0.0023
7.12,101.0,100.9976,-0.0023
7.121,101.0,100.9976,-0.0023
7.122,101.0,100.9977,-0.0022
7.123,101.0,100.9977,-0.0022
7.1240000000000006,101.0,100.9977,-0.0022
7.125,101.0,100.9977,-0.0022
7.126,101.0,100.9977,-0.0022
7.127,101.0,100.9978,-0.0021
7.128,101.0,100.9978,-0.0021
7.1290000000000004,101.0,100.9978,-0.0021
7.13,101.0,100.9978,-0.0021
7.131,101.0,100.9979,-0.002
7.132000000000001,101.0,100.9979,-0.0019
7.133,101.0,100.998,-0.0019
7.134,101.0,100.998,-0.0019
7.135,101.0,100.998,-0.0019
7.136,101.0,100.998,-0.0019
7.1370000000000005,101.0,100.9981,-0.0018
7.138,101.0,100.9981,-0.0018
7.139,101.0,100.9981,-0.0018
7.140000000000001,101.0,100.9982,-0.0017
7.141,101.0,100.9982,-0.0017
7.142,101.0,100.9982,-0.0017
7.143,101.0,100.9983,-0.0016
7.144,101.0,100.9983,-0.0016
7.1450000000000005,101.0,100.9983,-0.0016
7.146,101.0,100.9984,-0.0015
7.147,101.0,100.9984,-0.0015
7.148000000000001,101.0,100.9984,-0.0014
7.149,101.0,100.9985,-0.0014
7.15,101.0,100.9986,-0.0013
7.151,101.0,100.9986,-0.0013
7.152,101.0,100.9986,-0.0013
7.1530000000000005,101.0,100.9986,-0.0013
7.154,101.0,100.9986,-0.0013
7.155,101.0,100.9987,-0.0012
7.156000000000001,101.0,100.9987,-0.0012
7.157,101.0,100.9988,-0.0011
7.158,101.0,100.9988,-0.0011
7.159,101.0,100.9989,-0.001
7.16,101.0,100.9989,-0.001
7.1610000000000005,101.0,100.999,-0.0009
7.162,101.0,100.999,-0.0009
7.163,101.0,100.999,-0.0009
7.164000000000001,101.0,100.9991,-0.0008
7.165,101.0,100.9991,-0.0008
7.166,101.0,100.9991,-0.0008
7.167,101.0,100.9991,-0.0007
7.168,101.0,100.9991,-0.0007
7.1690000000000005,101.0,100.9992,-0.0007
7.17,101.0,100.9992,-0.0007
7.171,101.0,100.9992,-0.0007
7.172,101.0,100.9993,-0.0006
7.173,101.0,100.9993,-0.0006
7.174,101.0,100.9993,-0.0006
7.175,101.0,100.9993,-0.0006
7.176,101.0,100.9993,-0.0005
7.1770000000000005,101.0,100.9994,-0.0005
7.178,101.0,100.9994,-0.0005
7.179,101.0,100.9994,-0.0005
7.18,101.0,100.9995,-0.0004
7.181,101.0,100.9995,-0.0004
7.182,101.0,100.9996,-0.0003
7.183,101.0,100.9996,-0.0002
7.184,101.0,100.9997,-0.0002
7.1850000000000005,101.0,100.9997,-0.0002
7.186,101.0,100.9997,-0.0002
7.187,101.0,100.9998,-0.0001
7.188,101.0,100.9998,-0.0001
7.189,101.0,100.9998,-0.0001
7.19,101.0,100.9998,-0.0001
7.191,101.0,100.9998,-0.0001
7.192,101.0,100.9998,-0.0
7.1930000000000005,101.0,100.9998,-0.0001
7.194,101.0,100.9999,-0.0
7.195,101.0,100.9999,-0.0
7.196,101.0,101.0,0.0
7.197,101.0,101.0,0.0
7.198,101.0,101.0,0.0
7.199,101.0,101.0,0.0
7.2,101.0,101.0,0.0001
7.2010000000000005,101.0,101.0,0.0
7.202,101.0,101.0001,0.0001
7.203,101.0,101.0001,0.0001
7.204,101.0,101.0001,0.0001
7.205,101.0,101.0002,0.0002
7.206,101.0,101.0002,0.0002
7.207,101.0,101.0002,0.0002
7.208,101.0,101.0002,0.0002
7.2090000000000005,101.0,101.0002,0.0003
7.21,101.0,101.0003,0.0003
7.211,101.0,101.0002,0.0002
7.212,101.0,101.0002,0.0002
7.213,101.0,101.0002,0.0002
7.214,101.0,101.0002,0.0002
7.215,101.0,101.0003,0.0003
7.216,101.0,101.0003,0.0003
7.2170000000000005,101.0,101.0003,0.0003
7.218,101.0,101.0003,0.0003
7.219,101.0,101.0003,0.0003
7.22,101.0,101.0004,0.0004
7.221,101.0,101.0004,0.0004
7.222,101.0,101.0005,0.0005
7.223,101.0,101.0006,0.0006
7.224,101.0,101.0006,0.0006
7.2250000000000005,101.0,101.0006,0.0006
7.226,101.0,101.0006,0.0006
7.227,101.0,101.0006,0.0006
7.228,101.0,101.0007,0.0007
7.229,101.0,101.0007,0.0007
7.23,101.0,101.0007,0.0007
7.231,101.0,101.0007,0.0008
7.232,101.0,101.0008,0.0008
7.2330000000000005,101.0,101.0009,0.0009
7.234,101.0,101.0009,0.0009
7.235,101.0,101.001,0.001
7.236,101.0,101.001,0.001
7.237,101.0,101.001,0.001
7.238,101.0,101.001,0.001
7.239,101.0,101.001,0.001
7.24,101.0,101.001,0.001
7.2410000000000005,101.0,101.001,0.001
7.242,101.0,101.001,0.001
7.243,101.0,101.0011,0.0011
7.244,101.0,101.0011,0.0011
7.245,101.0,101.0011,0.0011
7.246,101.0,101.0011,0.0012
7.247,101.0,101.0011,0.0012
7.248,101.0,101.0012,0.0012
7.2490000000000006,101.0,101.0011,0.0012
7.25,101.0,101.0012,0.0012
7.251,101.0,101.0011,0.0012
7.252,101.0,101.0011,0.0012
7.253,101.0,101.0011,0.0012
7.2540000000000004,101.0,101.0012,0.0012
7.255,101.0,101.0012,0.0012
7.256,101.0,101.0012,0.0012
7.257000000000001,101.0,101.0013,0.0013
7.258,101.0,101.0013,0.0014
7.259,101.0,101.0013,0.0013
7.26,101.0,101.0013,0.0014
7.261,101.0,101.0013,0.0014
7.2620000000000005,101.0,101.0013,0.0013
7.263,101.0,101.0013,0.0013
7.264,101.0,101.0013,0.0013
7.265000000000001,101.0,101.0014,0.0014
7.266,101.0,101.0014,0.0014
7.267,101.0,101.0013,0.0013
7.268,101.0,101.0013,0.0013
7.269,101.0,101.0013,0.0013
7.2700000000000005,101.0,101.0013,0.0013
7.271,101.0,101.0012,0.0012
7.272,101.0,101.0012,0.0012
7.273000000000001,101.0,101.0012,0.0012
7.274,101.0,101.0011,0.0012
7.275,101.0,101.0012,0.0012
7.276,101.0,101.0012,0.0012
7.277,101.0,101.0011,0.0012
7.2780000000000005,101.0,101.0012,0.0012
7.279,101.0,101.0011,0.0012
7.28,101.0,101.0011,0.0011
7.281000000000001,101.0,101.0011,0.0012
7.282,101.0,101.0011,0.0011
7.283,101.0,101.0011,0.0011
7.284,101.0,101.0011,0.0011
7.285,101.0,101.0011,0.0011
7.2860000000000005,101.0,101.0011,0.0011
7.287,101.0,101.001,0.001
7.288,101.0,101.0011,0.0011
7.289000000000001,101.0,101.001,0.001
7.29,101.0,101.001,0.001
7.291,101.0,101.0011,0.0011
7.292,101.0,101.0011,0.0011
7.293,101.0,101.001,0.001
7.2940000000000005,101.0,101.0011,0.0011
7.295,101.0,101.0011,0.0011
7.296,101.0,101.0011,0.0011
7.297,101.0,101.001,0.001
7.298,101.0,101.0011,0.0011
7.299,101.0,101.0011,0.0011
7.3,101.0,101.001,0.001
7.301,101.0,101.001,0.001
7.3020000000000005,101.0,101.001,0.001
7.303,101.0,101.0009,0.0009
7.304,101.0,101.0008,0.0008
7.305,101.0,101.0009,0.0009
7.306,101.0,101.0009,0.0009
7.307,101.0,101.0009,0.0009
7.308,101.0,101.0009,0.0009
7.309,101.0,101.0009,0.0009
7.3100000000000005,101.0,101.0008,0.0009
7.311,101.0,101.0008,0.0009
7.312,101.0,101.0007,0.0008
7.313,101.0,101.0007,0.0007
7.314,101.0,101.0007,0.0007
7.315,101.0,101.0006,0.0007
7.316,101.0,101.0006,0.0007
7.317,101.0,101.0006,0.0006
7.3180000000000005,101.0,101.0006,0.0006
7.319,101.0,101.0006,0.0007
7.32,101.0,101.0006,0.0006
7.321,101.0,101.0006,0.0006
7.322,101.0,101.0006,0.0006
7.323,101.0,101.0006,0.0006
7.324,101.0,101.0006,0.0006
7.325,101.0,101.0005,0.0005
7.3260000000000005,101.0,101.0005,0.0005
7.327,101.0,101.0005,0.0005
7.328,101.0,101.0005,0.0005
7.329,101.0,101.0005,0.0005
7.33,101.0,101.0005,0.0005
7.331,101.0,101.0005,0.0005
7.332,101.0,101.0004,0.0005
7.333,101.0,101.0005,0.0005
7.3340000000000005,101.0,101.0004,0.0005
7.335,101.0,101.0004,0.0004
7.336,101.0,101.0004,0.0004
7.337,101.0,101.0004,0.0004
7.338,101.0,101.0003,0.0004
7.339,101.0,101.0004,0.0004
7.34,101.0,101.0003,0.0004
7.341,101.0,101.0004,0.0004
7.3420000000000005,101.0,101.0004,0.0004
7.343,101.0,101.0004,0.0004
7.344,101.0,101.0004,0.0004
7.345,101.0,101.0004,0.0004
7.346,101.0,101.0004,0.0004
7.347,101.0,101.0005,0.0005
7.348,101.0,101.0005,0.0005
7.349,101.0,101.0005,0.0005
7.3500000000000005,101.0,101.0005,0.0005
7.351,101.0,101.0006,0.0006
7.352,101.0,101.0006,0.0006
7.353,101.0,101.0006,0.0006
7.354,101.0,101.0006,0.0006
7.355,101.0,101.0006,0.0006
7.356,101.0,101.0006,0.0006
7.357,101.0,101.0006,0.0006
7.3580000000000005,101.0,101.0006,0.0006
7.359,101.0,101.0006,0.0006
7.36,101.0,101.0005,0.0005
7.361,101.0,101.0005,0.0006
7.362,101.0,101.0006,0.0006
7.363,101.0,101.0006,0.0006
7.364,101.0,101.0006,0.0006
7.365,101.0,101.0006,0.0006
7.3660000000000005,101.0,101.0005,0.0005
7.367,101.0,101.0005,0.0006
7.368,101.0,101.0005,0.0005
7.369,101.0,101.0006,0.0006
7.37,101.0,101.0006,0.0006
7.371,101.0,101.0005,0.0005
7.372,101.0,101.0005,0.0005
7.373,101.0,101.0005,0.0005
7.3740000000000006,101.0,101.0005,0.0005
7.375,101.0,101.0005,0.0005
7.376,101.0,101.0005,0.0005
7.377,101.0,101.0005,0.0005
7.378,101.0,101.0004,0.0004
7.3790000000000004,101.0,101.0004,0.0004
7.38,101.0,101.0003,0.0004
7.381,101.0,101.0003,0.0003
7.382000000000001,101.0,101.0003,0.0003
7.383,101.0,101.0003,0.0003
7.384,101.0,101.0003,0.0003
7.385,101.0,101.0002,0.0002
7.386,101.0,101.0002,0.0002
7.3870000000000005,101.0,101.0002,0.0002
7.388,101.0,101.0001,0.0001
7.389,101.0,101.0001,0.0001
7.390000000000001,101.0,101.0,0.0
7.391,101.0,101.0,0.0
7.392,101.0,101.0,0.0
7.393,101.0,101.0,0.0
7.394,101.0,101.0,0.0
7.3950000000000005,101.0,100.9999,0.0
7.396,101.0,100.9999,-0.0
7.397,101.0,100.9999,-0.0
7.398000000000001,101.0,100.9999,-0.0
7.399,101.0,100.9998,-0.0001
7.4,101.0,100.9998,-0.0001
7.401,101.0,100.9998,-0.0001
7.402,101.0,100.9997,-0.0001
7.4030000000000005,101.0,100.9997,-0.0002
7.404,101.0,100.9997,-0.0002
7.405,101.0,100.9997,-0.0002
7.406000000000001,101.0,100.9996,-0.0002
7.407,101.0,100.9996,-0.0003
7.408,101.0,100.9995,-0.0004
7.409,101.0,100.9995,-0.0004
7.41,101.0,100.9995,-0.0004
7.4110000000000005,101.0,100.9994,-0.0005
7.412,101.0,100.9994,-0.0005
7.413,101.0,100.9994,-0.0005
7.414000000000001,101.0,100.9993,-0.0006
7.415,101.0,100.9993,-0.0006
7.416,101.0,100.9992,-0.0007
7.417,101.0,100.9992,-0.0007
7.418,101.0,100.9991,-0.0007
7.4190000000000005,101.0,100.9991,-0.0008
7.42,101.0,100.9991,-0.0008
7.421,101.0,100.999,-0.0009
7.422000000000001,101.0,100.9989,-0.001
7.423,101.0,100.9989,-0.001
7.424,101.0,100.9989,-0.001
7.425,101.0,100.9988,-0.0011
7.426,101.0,100.9988,-0.0011
7.4270000000000005,101.0,100.9988,-0.0011
7.428,101.0,100.9987,-0.0012
7.429,101.0,100.9987,-0.0012
7.43,101.0,100.9987,-0.0012
7.431,101.0,100.9986,-0.0013
7.432,101.0,100.9986,-0.0013
7.433,101.0,100.9986,-0.0013
7.434,101.0,100.9985,-0.0014
7.4350000000000005,101.0,100.9985,-0.0014
7.436,101.0,100.9984,-0.0015
7.437,101.0,100.9985,-0.0014
7.438,101.0,100.9985,-0.0014
7.439,101.0,100.9985,-0.0014
7.44,101.0,100.9985,-0.0014
7.441,101.0,100.9984,-0.0015
7.442,101.0,100.9984,-0.0015
7.4430000000000005,101.0,100.9983,-0.0015
7.444,101.0,100.9983,-0.0016
7.445,101.0,100.9983,-0.0016
7.446,101.0,100.9983,-0.0016
7.447,101.0,100.9983,-0.0016
7.448,101.0,100.9983,-0.0016
7.449,101.0,100.9983,-0.0016
7.45,101.0,100.9983,-0.0016
7.4510000000000005,101.0,100.9982,-0.0016
7.452,101.0,100.9982,-0.0017
7.453,101.0,100.9982,-0.0017
7.454,101.0,100.9982,-0.0017
7.455,101.0,100.9981,-0.0018
7.456,101.0,100.9981,-0.0018
7.457,101.0,100.9981,-0.0018
7.458,101.0,100.9981,-0.0018
7.4590000000000005,101.0,100.9981,-0.0018
7.46,101.0,100.998,-0.0018
7.461,101.0,100.9981,-0.0018
7.462,101.0,100.9981,-0.0018
7.463,101.0,100.998,-0.0019
7.464,101.0,100.998,-0.0019
7.465,101.0,100.998,-0.0019
7.466,101.0,100.998,-0.0019
7.4670000000000005,101.0,100.998,-0.0019
7.468,101.0,100.9979,-0.002
7.469,101.0,100.9979,-0.002
7.47,101.0,100.9979,-0.002
7.471,101.0,100.9978,-0.0021
7.472,101.0,100.9978,-0.0021
7.473,101.0,100.9977,-0.0022
7.474,101.0,100.9977,-0.0022
7.4750000000000005,101.0,100.9977,-0.0022
7.476,101.0,100.9977,-0.0022
7.477,101.0,100.9977,-0.0022
7.478,101.0,100.9976,-0.0022
7.479,101.0,100.9976,-0.0022
7.48,101.0,100.9976,-0.0022
7.481,101.0,100.9976,-0.0023
7.482,101.0,100.9976,-0.0023
7.4830000000000005,101.0,100.9975,-0.0024
7.484,101.0,100.9975,-0.0024
7.485,101.0,100.9975,-0.0024
7.486,101.0,100.9975,-0.0024
7.487,101.0,100.9975,-0.0024
7.488,101.0,100.9975,-0.0024
7.489,101.0,100.9975,-0.0024
7.49,101.0,100.9975,-0.0024
7.4910000000000005,101.0,100.9974,-0.0025
7.492,101.0,100.9974,-0.0025
7.493,101.0,100.9974,-0.0025
7.494,101.0,100.9974,-0.0025
7.495,101.0,100.9974,-0.0025
7.496,101.0,100.9973,-0.0026
7.497,101.0,100.9973,-0.0026
7.498,101.0,100.9973,-0.0026
7.4990000000000006,101.0,100.9973,-0.0026
7.5,101.0,100.9973,-0.0026
7.501,101.0,100.9973,-0.0026
7.502,101.0,100.9973,-0.0026
7.503,101.0,100.9972,-0.0027
7.5040000000000004,101.0,100.9972,-0.0027
7.505,101.0,100.9972,-0.0027
7.506,101.0,100.9972,-0.0027
7.507000000000001,101.0,100.9971,-0.0028
7.508,101.0,100.9971,-0.0028
7.509,101.0,100.9971,-0.0028
7.51,101.0,100.9971,-0.0028
7.511,101.0,100.9971,-0.0028
7.5120000000000005,101.0,100.9971,-0.0028
7.513,101.0,100.9971,-0.0028
7.514,101.0,100.9971,-0.0028
7.515000000000001,101.0,100.9971,-0.0028
7.516,101.0,100.9971,-0.0027
7.517,101.0,100.9971,-0.0028
7.518,101.0,100.9971,-0.0028
7.519,101.0,100.9971,-0.0028
7.5200000000000005,101.0,100.9971,-0.0028
7.521,101.0,100.9971,-0.0028
7.522,101.0,100.9971,-0.0028
7.523000000000001,101.0,100.9971,-0.0028
7.524,101.0,100.997,-0.0029
7.525,101.0,100.997,-0.0029
7.526,101.0,100.997,-0.0029
7.527,101.0,100.997,-0.0029
7.5280000000000005,101.0,100.997,-0.0029
7.529,101.0,100.997,-0.0029
7.53,101.0,100.997,-0.0029
7.531000000000001,101.0,100.997,-0.0029
7.532,101.0,100.997,-0.0029
7.533,101.0,100.997,-0.0029
7.534,101.0,100.997,-0.0029
7.535,101.0,100.997,-0.0029
7.5360000000000005,101.0,100.997,-0.0029
7.537,101.0,100.997,-0.0029
7.538,101.0,100.997,-0.0029
7.539000000000001,101.0,100.997,-0.0029
7.54,101.0,100.997,-0.0029
7.541,101.0,100.997,-0.0029
7.542,101.0,100.997,-0.0029
7.543,101.0,100.997,-0.0029
7.5440000000000005,101.0,100.997,-0.0029
7.545,101.0,100.997,-0.0029
7.546,101.0,100.997,-0.0029
7.547000000000001,101.0,100.997,-0.0029
7.548,101.0,100.997,-0.0029
7.549,101.0,100.997,-0.0029
7.55,101.0,100.997,-0.0029
7.551,101.0,100.997,-0.0029
7.5520000000000005,101.0,100.997,-0.0028
7.553,101.0,100.9971,-0.0028
7.554,101.0,100.9971,-0.0028
7.555,101.0,100.9971,-0.0028
7.556,101.0,100.9971,-0.0028
7.557,101.0,100.9971,-0.0028
7.558,101.0,100.9971,-0.0028
7.559,101.0,100.9971,-0.0028
7.5600000000000005,101.0,100.9972,-0.0027
7.561,101.0,100.9972,-0.0027
7.562,101.0,100.9972,-0.0027
7.563,101.0,100.9972,-0.0027
7.564,101.0,100.9973,-0.0026
7.565,101.0,100.9973,-0.0026
7.566,101.0,100.9973,-0.0026
7.567,101.0,100.9973,-0.0026
7.5680000000000005,101.0,100.9973,-0.0026
7.569,101.0,100.9973,-0.0026
7.57,101.0,100.9973,-0.0026
7.571,101.0,100.9974,-0.0025
7.572,101.0,100.9974,-0.0025
7.573,101.0,100.9974,-0.0025
7.574,101.0,100.9975,-0.0024
7.575,101.0,100.9975,-0.0024
7.5760000000000005,101.0,100.9976,-0.0023
7.577,101.0,100.9976,-0.0023
7.578,101.0,100.9977,-0.0022
7.579,101.0,100.9977,-0.0022
7.58,101.0,100.9977,-0.0021
7.581,101.0,100.9978,-0.0021
7.582,101.0,100.9978,-0.0021
7.583,101.0,100.9978,-0.0021
7.5840000000000005,101.0,100.9979,-0.002
7.585,101.0,100.9979,-0.002
7.586,101.0,100.998,-0.0019
7.587,101.0,100.998,-0.0019
7.588,101.0,100.9981,-0.0018
7.589,101.0,100.9981,-0.0018
7.59,101.0,100.9981,-0.0018
7.591,101.0,100.9981,-0.0018
7.5920000000000005,101.0,100.9981,-0.0018
7.593,101.0,100.9981,-0.0018
7.594,101.0,100.9982,-0.0017
7.595,101.0,100.9982,-0.0017
7.596,101.0,100.9982,-0.0017
7.597,101.0,100.9982,-0.0016
7.598,101.0,100.9983,-0.0016
7.599,101.0,100.9983,-0.0015
7.6000000000000005,101.0,100.9984,-0.0015
7.601,101.0,100.9984,-0.0014
7.602,101.0,100.9985,-0.0014
7.603,101.0,100.9985,-0.0014
7.604,101.0,100.9985,-0.0014
7.605,101.0,100.9985,-0.0014
7.606,101.0,100.9985,-0.0014
7.607,101.0,100.9985,-0.0014
7.6080000000000005,101.0,100.9985,-0.0014
7.609,101.0,100.9986,-0.0013
7.61,101.0,100.9986,-0.0013
7.611,101.0,100.9986,-0.0013
7.612,101.0,100.9986,-0.0012
7.613,101.0,100.9987,-0.0012
7.614,101.0,100.9987,-0.0012
7.615,101.0,100.9988,-0.0011
7.6160000000000005,101.0,100.9988,-0.0011
7.617,101.0,100.9988,-0.0011
7.618,101.0,100.9988,-0.001
7.619,101.0,100.9989,-0.001
7.62,101.0,100.9989,-0.001
7.621,101.0,100.9989,-0.001
7.622,101.0,100.9989,-0.001
7.623,101.0,100.9989,-0.001
7.6240000000000006,101.0,100.999,-0.0009
7.625,101.0,100.999,-0.0009
7.626,101.0,100.999,-0.0009
7.627,101.0,100.999,-0.0009
7.628,101.0,100.9991,-0.0008
7.6290000000000004,101.0,100.9992,-0.0007
7.63,101.0,100.9992,-0.0007
7.631,101.0,100.9992,-0.0006
7.632000000000001,101.0,100.9993,-0.0006
7.633,101.0,100.9993,-0.0006
7.634,101.0,100.9993,-0.0006
7.635,101.0,100.9994,-0.0005
7.636,101.0,100.9994,-0.0005
7.6370000000000005,101.0,100.9995,-0.0004
7.638,101.0,100.9995,-0.0004
7.639,101.0,100.9996,-0.0003
7.640000000000001,101.0,100.9996,-0.0003
7.641,101.0,100.9996,-0.0003
7.642,101.0,100.9996,-0.0003
7.643,101.0,100.9996,-0.0002
7.644,101.0,100.9997,-0.0002
7.6450000000000005,101.0,100.9997,-0.0002
7.646,101.0,100.9998,-0.0001
7.647,101.0,100.9999,-0.0
7.648000000000001,101.0,100.9999,-0.0
7.649,101.0,101.0,0.0
7.65,101.0,101.0,0.0
7.651,101.0,101.0,0.0
7.652,101.0,101.0001,0.0001
7.6530000000000005,101.0,101.0001,0.0001
7.654,101.0,101.0001,0.0001
7.655,101.0,101.0002,0.0002
7.656000000000001,101.0,101.0002,0.0002
7.657,101.0,101.0002,0.0002
7.658,101.0,101.0002,0.0002
7.659,101.0,101.0002,0.0002
7.66,101.0,101.0003,0.0003
7.6610000000000005,101.0,101.0003,0.0003
7.662,101.0,101.0003,0.0004
7.663,101.0,101.0004,0.0004
7.664000000000001,101.0,101.0004,0.0004
7.665,101.0,101.0004,0.0004
7.666,101.0,101.0004,0.0004
7.667,101.0,101.0004,0.0004
7.668,101.0,101.0004,0.0004
7.6690000000000005,101.0,101.0004,0.0004
7.67,101.0,101.0005,0.0005
7.671,101.0,101.0006,0.0006
7.672000000000001,101.0,101.0006,0.0007
7.673,101.0,101.0007,0.0007
7.674,101.0,101.0007,0.0007
7.675,101.0,101.0008,0.0008
7.676,101.0,101.0008,0.0008
7.6770000000000005,101.0,101.0008,0.0008
7.678,101.0,101.0008,0.0008
7.679,101.0,101.0008,0.0008
7.68,101.0,101.0008,0.0009
7.681,101.0,101.0008,0.0009
7.682,101.0,101.0009,0.0009
7.683,101.0,101.0009,0.0009
7.684,101.0,101.001,0.001
7.6850000000000005,101.0,101.001,0.001
7.686,101.0,101.0011,0.0011
7.687,101.0,101.0011,0.0012
7.688,101.0,101.0012,0.0012
7.689,101.0,101.0012,0.0012
7.69,101.0,101.0012,0.0012
7.691,101.0,101.0013,0.0013
7.692,101.0,101.0013,0.0013
7.6930000000000005,101.0,101.0013,0.0013
7.694,101.0,101.0013,0.0014
7.695,101.0,101.0014,0.0014
7.696,101.0,101.0015,0.0015
7.697,101.0,101.0015,0.0015
7.698,101.0,101.0015,0.0015
7.699,101.0,101.0015,0.0015
7.7,101.0,101.0016,0.0016
7.7010000000000005,101.0,101.0016,0.0016
7.702,101.0,101.0017,0.0017
7.703,101.0,101.0017,0.0017
7.704,101.0,101.0018,0.0018
7.705,101.0,101.0018,0.0018
7.706,101.0,101.0018,0.0018
7.707,101.0,101.0018,0.0018
7.708,101.0,101.0019,0.0019
7.7090000000000005,101.0,101.0019,0.0019
7.71,101.0,101.0019,0.0019
7.711,101.0,101.0019,0.0019
7.712,101.0,101.002,0.002
7.713,101.0,101.002,0.002
7.714,101.0,101.0019,0.0019
7.715,101.0,101.002,0.002
7.716,101.0,101.002,0.002
7.7170000000000005,101.0,101.002,0.002
7.718,101.0,101.002,0.002
7.719,101.0,101.002,0.002
7.72,101.0,101.002,0.002
7.721,101.0,101.0021,0.0021
7.722,101.0,101.0021,0.0021
7.723,101.0,101.0022,0.0022
7.724,101.0,101.0022,0.0022
7.7250000000000005,101.0,101.0022,0.0022
7.726,101.0,101.0022,0.0022
7.727,101.0,101.0022,0.0022
7.728,101.0,101.0022,0.0023
7.729,101.0,101.0023,0.0023
7.73,101.0,101.0023,0.0023
7.731,101.0,101.0024,0.0024
7.732,101.0,101.0024,0.0024
7.7330000000000005,101.0,101.0025,0.0025
7.734,101.0,101.0025,0.0025
7.735,101.0,101.0025,0.0025
7.736,101.0,101.0025,0.0025
7.737,101.0,101.0026,0.0026
7.738,101.0,101.0027,0.0027
7.739,101.0,101.0027,0.0027
7.74,101.0,101.0027,0.0027
7.7410000000000005,101.0,101.0027,0.0027
7.742,101.0,101.0028,0.0028
7.743,101.0,101.0028,0.0028
7.744,101.0,101.0028,0.0028
7.745,101.0,101.0028,0.0028
7.746,101.0,101.0028,0.0028
7.747,101.0,101.0027,0.0028
7.748,101.0,101.0028,0.0028
7.7490000000000006,101.0,101.0027,0.0027
7.75,101.0,101.0027,0.0027
7.751,101.0,101.0027,0.0027
7.752,101.0,101.0027,0.0027
7.753,101.0,101.0027,0.0027
7.7540000000000004,101.0,101.0026,0.0026
7.755,101.0,101.0026,0.0026
7.756,101.0,101.0027,0.0027
7.757000000000001,101.0,101.0026,0.0026
7.758,101.0,101.0026,0.0026
7.759,101.0,101.0026,0.0026
7.76,101.0,101.0027,0.0027
7.761,101.0,101.0027,0.0027
7.7620000000000005,101.0,101.0027,0.0027
7.763,101.0,101.0027,0.0027
7.764,101.0,101.0026,0.0026
7.765000000000001,101.0,101.0026,0.0026
7.766,101.0,101.0026,0.0026
7.767,101.0,101.0026,0.0026
7.768,101.0,101.0026,0.0026
7.769,101.0,101.0025,0.0025
7.7700000000000005,101.0,101.0025,0.0025
7.771,101.0,101.0025,0.0025
7.772,101.0,101.0024,0.0024
7.773000000000001,101.0,101.0024,0.0024
7.774,101.0,101.0024,0.0024
7.775,101.0,101.0023,0.0024
7.776,101.0,101.0023,0.0023
7.777,101.0,101.0023,0.0023
7.7780000000000005,101.0,101.0023,0.0023
7.779,101.0,101.0023,0.0023
7.78,101.0,101.0023,0.0023
7.781000000000001,101.0,101.0023,0.0023
7.782,101.0,101.0022,0.0022
7.783,101.0,101.0022,0.0023
7.784,101.0,101.0022,0.0022
7.785,101.0,101.0022,0.0022
7.7860000000000005,101.0,101.0022,0.0022
7.787,101.0,101.0021,0.0021
7.788,101.0,101.0021,0.0021
7.789000000000001,101.0,101.002,0.002
7.79,101.0,101.002,0.002
7.791,101.0,101.002,0.002
7.792,101.0,101.0019,0.0019
7.793,101.0,101.002,0.002
7.7940000000000005,101.0,101.002,0.002
7.795,101.0,101.0019,0.0019
7.796,101.0,101.0019,0.0019
7.797000000000001,101.0,101.0019,0.0019
7.798,101.0,101.0019,0.0019
7.799,101.0,101.0019,0.0019
7.8,101.0,101.0019,0.0019
7.801,101.0,101.0019,0.0019
7.8020000000000005,101.0,101.0019,0.0019
7.803,101.0,101.0019,0.0019
7.804,101.0,101.0019,0.0019
7.805000000000001,101.0,101.0019,0.0019
7.806,101.0,101.002,0.002
7.807,101.0,101.0019,0.0019
7.808,101.0,101.0019,0.0019
7.809,101.0,101.0018,0.0018
7.8100000000000005,101.0,101.0018,0.0018
7.811,101.0,101.0018,0.0018
7.812,101.0,101.0018,0.0018
7.813,101.0,101.0017,0.0017
7.814,101.0,101.0017,0.0017
7.815,101.0,101.0016,0.0017
7.816,101.0,101.0016,0.0016
7.817,101.0,101.0016,0.0016
7.8180000000000005,101.0,101.0015,0.0015
7.819,101.0,101.0014,0.0014
7.82,101.0,101.0014,0.0014
7.821,101.0,101.0013,0.0014
7.822,101.0,101.0013,0.0013
7.823,101.0,101.0012,0.0012
7.824,101.0,101.0012,0.0012
7.825,101.0,101.0012,0.0012
7.8260000000000005,101.0,101.0011,0.0012
7.827,101.0,101.0011,0.0011
7.828,101.0,101.0011,0.0012
7.829,101.0,101.0011,0.0011
7.83,101.0,101.0011,0.0011
7.831,101.0,101.001,0.001
7.832,101.0,101.001,0.001
7.833,101.0,101.001,0.001
7.8340000000000005,101.0,101.0009,0.0009
7.835,101.0,101.0009,0.0009
7.836,101.0,101.0008,0.0009
7.837,101.0,101.0008,0.0008
7.838,101.0,101.0007,0.0007
7.839,101.0,101.0007,0.0007
7.84,101.0,101.0006,0.0007
7.841,101.0,101.0006,0.0006
7.8420000000000005,101.0,101.0005,0.0005
7.843,101.0,101.0005,0.0005
7.844,101.0,101.0005,0.0005
7.845,101.0,101.0004,0.0004
7.846,101.0,101.0004,0.0004
7.847,101.0,101.0004,0.0004
7.848,101.0,101.0004,0.0004
7.849,101.0,101.0004,0.0004
7.8500000000000005,101.0,101.0003,0.0004
7.851,101.0,101.0003,0.0004
7.852,101.0,101.0003,0.0003
7.853,101.0,101.0003,0.0003
7.854,101.0,101.0003,0.0003
7.855,101.0,101.0002,0.0003
7.856,101.0,101.0002,0.0003
7.857,101.0,101.0002,0.0002
7.8580000000000005,101.0,101.0002,0.0002
7.859,101.0,101.0002,0.0002
7.86,101.0,101.0001,0.0001
7.861,101.0,101.0001,0.0001
7.862,101.0,101.0001,0.0001
7.863,101.0,101.0,0.0
7.864,101.0,101.0,0.0
7.865,101.0,101.0,0.0
7.8660000000000005,101.0,100.9999,0.0
7.867,101.0,100.9999,-0.0
7.868,101.0,100.9999,-0.0
7.869,101.0,100.9999,-0.0
7.87,101.0,100.9999,-0.0
7.871,101.0,100.9999,-0.0
7.872,101.0,100.9999,-0.0
7.873,101.0,100.9999,-0.0
7.8740000000000006,101.0,100.9998,-0.0001
7.875,101.0,100.9998,-0.0001
7.876,101.0,100.9998,-0.0001
7.877,101.0,100.9997,-0.0002
7.878,101.0,100.9997,-0.0002
7.8790000000000004,101.0,100.9996,-0.0002
7.88,101.0,100.9996,-0.0003
7.881,101.0,100.9995,-0.0004
7.882000000000001,101.0,100.9995,-0.0004
7.883,101.0,100.9994,-0.0005
7.884,101.0,100.9993,-0.0006
7.885,101.0,100.9993,-0.0006
7.886,101.0,100.9992,-0.0007
7.8870000000000005,101.0,100.9991,-0.0007
7.888,101.0,100.9991,-0.0008
7.889,101.0,100.9991,-0.0008
7.890000000000001,101.0,100.9991,-0.0008
7.891,101.0,100.999,-0.0009
7.892,101.0,100.999,-0.0009
7.893,101.0,100.9989,-0.0009
7.894,101.0,100.9989,-0.001
7.8950000000000005,101.0,100.9989,-0.001
7.896,101.0,100.9989,-0.001
7.897,101.0,100.9988,-0.0011
7.898000000000001,101.0,100.9988,-0.0011
7.899,101.0,100.9988,-0.0011
7.9,101.0,100.9988,-0.0011
7.901,101.0,100.9988,-0.0011
7.902,101.0,100.9988,-0.0011
7.9030000000000005,101.0,100.9988,-0.0011
7.904,101.0,100.9988,-0.001
7.905,101.0,100.9988,-0.0011
7.906000000000001,101.0,100.9988,-0.0011
7.907,101.0,100.9988,-0.0011
7.908,101.0,100.9988,-0.0011
7.909,101.0,100.9988,-0.0011
7.91,101.0,100.9988,-0.0011
7.9110000000000005,101.0,100.9988,-0.0011
7.912,101.0,100.9988,-0.0011
7.913,101.0,100.9988,-0.0011
7.914000000000001,101.0,100.9988,-0.0011
7.915,101.0,100.9988,-0.0011
7.916,101.0,100.9988,-0.0011
7.917,101.0,100.9988,-0.0011
7.918,101.0,100.9988,-0.0011
7.9190000000000005,101.0,100.9988,-0.0011
7.92,101.0,100.9987,-0.0011
7.921,101.0,100.9988,-0.0011
7.922000000000001,101.0,100.9988,-0.0011
7.923,101.0,100.9988,-0.0011
7.924,101.0,100.9988,-0.0011
7.925,101.0,100.9988,-0.0011
7.926,101.0,100.9988,-0.0011
7.9270000000000005,101.0,100.9988,-0.0011
7.928,101.0,100.9987,-0.0012
7.929,101.0,100.9987,-0.0012
7.930000000000001,101.0,100.9987,-0.0012
7.931,101.0,100.9986,-0.0012
7.932,101.0,100.9986,-0.0013
7.933,101.0,100.9986,-0.0013
7.934,101.0,100.9986,-0.0013
7.9350000000000005,101.0,100.9986,-0.0013
7.936,101.0,100.9986,-0.0013
7.937,101.0,100.9986,-0.0013
7.938,101.0,100.9985,-0.0014
7.939,101.0,100.9985,-0.0014
7.94,101.0,100.9984,-0.0015
7.941,101.0,100.9984,-0.0015
7.942,101.0,100.9984,-0.0015
7.9430000000000005,101.0,100.9983,-0.0015
7.944,101.0,100.9984,-0.0015
7.945,101.0,100.9983,-0.0016
7.946,101.0,100.9983,-0.0015
7.947,101.0,100.9984,-0.0015
7.948,101.0,100.9983,-0.0015
7.949,101.0,100.9983,-0.0015
7.95,101.0,100.9983,-0.0016
7.9510000000000005,101.0,100.9982,-0.0016
7.952,101.0,100.9982,-0.0017
7.953,101.0,100.9982,-0.0017
7.954,101.0,100.9982,-0.0017
7.955,101.0,100.9982,-0.0017
7.956,101.0,100.9981,-0.0018
7.957,101.0,100.9982,-0.0017
7.958,101.0,100.9981,-0.0018
7.9590000000000005,101.0,100.9981,-0.0018
7.96,101.0,100.998,-0.0019
7.961,101.0,100.998,-0.0019
7.962,101.0,100.998,-0.0019
7.963,101.0,100.998,-0.0019
7.964,101.0,100.998,-0.0019
7.965,101.0,100.998,-0.0019
7.966,101.0,100.998,-0.0019
7.9670000000000005,101.0,100.998,-0.0019
7.968,101.0,100.9979,-0.0019
7.969,101.0,100.9979,-0.002
7.97,101.0,100.9979,-0.002
7.971,101.0,100.9978,-0.0021
7.972,101.0,100.9978,-0.0021
7.973,101.0,100.9978,-0.0021
7.974,101.0,100.9978,-0.0021
7.9750000000000005,101.0,100.9977,-0.0022
7.976,101.0,100.9977,-0.0022
7.977,101.0,100.9977,-0.0022
7.978,101.0,100.9976,-0.0023
7.979,101.0,100.9975,-0.0024
7.98,101.0,100.9975,-0.0024
7.981,101.0,100.9974,-0.0025
7.982,101.0,100.9974,-0.0025
7.9830000000000005,101.0,100.9973,-0.0026
7.984,101.0,100.9973,-0.0026
7.985,101.0,100.9973,-0.0026
7.986,101.0,100.9972,-0.0027
7.987,101.0,100.9972,-0.0027
7.988,101.0,100.9971,-0.0028
7.989,101.0,100.9971,-0.0028
7.99,101.0,100.9971,-0.0028
7.9910000000000005,101.0,100.9971,-0.0028
7.992,101.0,100.9971,-0.0028
7.993,101.0,100.997,-0.0029
7.994,101.0,100.997,-0.0029
7.995,101.0,100.997,-0.0029
7.996,101.0,100.997,-0.0029
7.997,101.0,100.997,-0.0029
7.998,101.0,100.9969,-0.003
7.9990000000000006,101.0,100.9969,-0.003
8.0,101.0,100.9969,-0.003
8.001,101.0,100.9969,-0.003
8.002,101.0,100.9968,-0.003
8.003,101.0,100.9968,-0.003
8.004,101.0,100.9968,-0.003
8.005,101.0,100.9968,-0.0031
8.006,101.0,100.9968,-0.0031
8.007,101.0,100.9968,-0.0031
8.008000000000001,101.0,100.9968,-0.0031
8.009,101.0,100.9968,-0.0031
8.01,101.0,100.9968,-0.0031
8.011000000000001,101.0,100.9968,-0.0031
8.012,101.0,100.9968,-0.0031
8.013,101.0,100.9968,-0.0031
8.014,101.0,100.9967,-0.0032
8.015,101.0,100.9967,-0.0032
8.016,101.0,100.9967,-0.0032
8.017,101.0,100.9967,-0.0032
8.018,101.0,100.9967,-0.0032
8.019,101.0,100.9967,-0.0031
8.02,101.0,100.9968,-0.0031
8.021,101.0,100.9968,-0.0031
8.022,101.0,100.9968,-0.0031
8.023,101.0,100.9968,-0.0031
8.024000000000001,101.0,100.9968,-0.0031
8.025,101.0,100.9968,-0.0031
8.026,101.0,100.9967,-0.0032
8.027000000000001,101.0,100.9967,-0.0032
8.028,101.0,100.9967,-0.0032
8.029,101.0,100.9966,-0.0033
8.03,101.0,100.9966,-0.0033
8.031,101.0,100.9967,-0.0032
8.032,101.0,100.9967,-0.0032
8.033,101.0,100.9967,-0.0032
8.034,101.0,100.9967,-0.0032
8.035,101.0,100.9967,-0.0032
8.036,101.0,100.9967,-0.0032
8.037,101.0,100.9967,-0.0032
8.038,101.0,100.9967,-0.0032
8.039,101.0,100.9967,-0.0032
8.040000000000001,101.0,100.9968,-0.0031
8.041,101.0,100.9967,-0.0032
8.042,101.0,100.9968,-0.0031
8.043000000000001,101.0,100.9968,-0.0031
8.044,101.0,100.9967,-0.0032
8.045,101.0,100.9967,-0.0032
8.046,101.0,100.9967,-0.0032
8.047,101.0,100.9967,-0.0032
8.048,101.0,100.9967,-0.0032
8.049,101.0,100.9967,-0.0032
8.05,101.0,100.9968,-0.0031
8.051,101.0,100.9967,-0.0032
8.052,101.0,100.9967,-0.0031
8.053,101.0,100.9967,-0.0032
8.054,101.0,100.9967,-0.0032
8.055,101.0,100.9968,-0.0031
8.056000000000001,101.0,100.9968,-0.0031
8.057,101.0,100.9968,-0.0031
8.058,101.0,100.9968,-0.0031
8.059000000000001,101.0,100.9968,-0.003
8.06,101.0,100.9968,-0.003
8.061,101.0,100.9968,-0.0031
8.062,101.0,100.9968,-0.003
8.063,101.0,100.9968,-0.003
8.064,101.0,100.9968,-0.0031
8.065,101.0,100.9969,-0.003
8.066,101.0,100.9968,-0.0031
8.067,101.0,100.9968,-0.0031
8.068,101.0,100.9968,-0.0031
8.069,101.0,100.9968,-0.0031
8.07,101.0,100.9968,-0.0031
8.071,101.0,100.9968,-0.0031
8.072000000000001,101.0,100.9968,-0.0031
8.073,101.0,100.9968,-0.0031
8.074,101.0,100.9968,-0.0031
8.075,101.0,100.9968,-0.0031
8.076,101.0,100.9967,-0.0032
8.077,101.0,100.9967,-0.0032
8.078,101.0,100.9967,-0.0031
8.079,101.0,100.9968,-0.0031
8.08,101.0,100.9967,-0.0031
8.081,101.0,100.9967,-0.0032
8.082,101.0,100.9967,-0.0032
8.083,101.0,100.9967,-0.0032
8.084,101.0,100.9967,-0.0032
8.085,101.0,100.9967,-0.0032
8.086,101.0,100.9966,-0.0033
8.087,101.0,100.9966,-0.0033
8.088000000000001,101.0,100.9966,-0.0033
8.089,101.0,100.9966,-0.0033
8.09,101.0,100.9966,-0.0033
8.091,101.0,100.9966,-0.0033
8.092,101.0,100.9966,-0.0033
8.093,101.0,100.9966,-0.0033
8.094,101.0,100.9966,-0.0033
8.095,101.0,100.9966,-0.0033
8.096,101.0,100.9967,-0.0032
8.097,101.0,100.9967,-0.0032
8.098,101.0,100.9967,-0.0031
8.099,101.0,100.9967,-0.0032
8.1,101.0,100.9967,-0.0032
8.101,101.0,100.9967,-0.0032
8.102,101.0,100.9967,-0.0032
8.103,101.0,100.9967,-0.0032
8.104000000000001,101.0,100.9967,-0.0032
8.105,101.0,100.9968,-0.0031
8.106,101.0,100.9968,-0.0031
8.107,101.0,100.9969,-0.003
8.108,101.0,100.997,-0.0029
8.109,101.0,100.997,-0.0029
8.11,101.0,100.997,-0.0029
8.111,101.0,100.9971,-0.0028
8.112,101.0,100.9971,-0.0028
8.113,101.0,100.9971,-0.0028
8.114,101.0,100.9971,-0.0028
8.115,101.0,100.9972,-0.0027
8.116,101.0,100.9972,-0.0027
8.117,101.0,100.9971,-0.0027
8.118,101.0,100.9972,-0.0027
8.119,101.0,100.9971,-0.0028
8.120000000000001,101.0,100.9972,-0.0027
8.121,101.0,100.9972,-0.0027
8.122,101.0,100.9972,-0.0027
8.123,101.0,100.9972,-0.0027
8.124,101.0,100.9972,-0.0027
8.125,101.0,100.9973,-0.0026
8.126,101.0,100.9972,-0.0026
8.127,101.0,100.9973,-0.0026
8.128,101.0,100.9974,-0.0025
8.129,101.0,100.9973,-0.0026
8.13,101.0,100.9973,-0.0026
8.131,101.0,100.9974,-0.0025
8.132,101.0,100.9974,-0.0025
8.133000000000001,101.0,100.9974,-0.0025
8.134,101.0,100.9974,-0.0025
8.135,101.0,100.9974,-0.0025
8.136000000000001,101.0,100.9974,-0.0025
8.137,101.0,100.9975,-0.0024
8.138,101.0,100.9975,-0.0023
8.139,101.0,100.9975,-0.0024
8.14,101.0,100.9976,-0.0023
8.141,101.0,100.9976,-0.0023
8.142,101.0,100.9976,-0.0023
8.143,101.0,100.9976,-0.0023
8.144,101.0,100.9977,-0.0022
8.145,101.0,100.9976,-0.0023
8.146,101.0,100.9977,-0.0022
8.147,101.0,100.9977,-0.0022
8.148,101.0,100.9977,-0.0022
8.149000000000001,101.0,100.9977,-0.0022
8.15,101.0,100.9978,-0.0021
8.151,101.0,100.9977,-0.0021
8.152000000000001,101.0,100.9977,-0.0022
8.153,101.0,100.9978,-0.0021
8.154,101.0,100.9978,-0.0021
8.155,101.0,100.9979,-0.002
8.156,101.0,100.9979,-0.002
8.157,101.0,100.9979,-0.002
8.158,101.0,100.9979,-0.0019
8.159,101.0,100.9979,-0.0019
8.16,101.0,100.998,-0.0018
8.161,101.0,100.9981,-0.0018
8.162,101.0,100.9981,-0.0018
8.163,101.0,100.9982,-0.0017
8.164,101.0,100.9982,-0.0017
8.165000000000001,101.0,100.9983,-0.0016
8.166,101.0,100.9983,-0.0015
8.167,101.0,100.9984,-0.0015
8.168000000000001,101.0,100.9985,-0.0014
8.169,101.0,100.9985,-0.0014
8.17,101.0,100.9985,-0.0014
8.171,101.0,100.9986,-0.0013
8.172,101.0,100.9985,-0.0014
8.173,101.0,100.9986,-0.0013
8.174,101.0,100.9986,-0.0013
8.175,101.0,100.9986,-0.0013
8.176,101.0,100.9986,-0.0013
8.177,101.0,100.9986,-0.0013
8.178,101.0,100.9986,-0.0013
8.179,101.0,100.9986,-0.0013
8.18,101.0,100.9987,-0.0012
8.181000000000001,101.0,100.9987,-0.0012
8.182,101.0,100.9987,-0.0011
8.183,101.0,100.9988,-0.0011
8.184000000000001,101.0,100.9988,-0.0011
8.185,101.0,100.9988,-0.0011
8.186,101.0,100.9988,-0.0011
8.187,101.0,100.9988,-0.0011
8.188,101.0,100.9988,-0.001
8.189,101.0,100.9988,-0.0011
8.19,101.0,100.9988,-0.0011
8.191,101.0,100.9988,-0.0011
