t_ms,target_um,current_um,error_um
0.0,99.0,98.9997,-0.0001
0.19999992,99.0,98.9998,-0.0001
0.39999984,99.0,98.9996,-0.0002
0.59999976,99.0,98.9997,-0.0002
0.79999968,99.0,98.9996,-0.0002
0.9999996000000001,99.0,98.9996,-0.0003
1.19999952,99.0,98.9995,-0.0004
1.39999944,99.0,98.9995,-0.0004
1.59999936,99.0,98.9995,-0.0004
1.79999928,99.0,98.9994,-0.0005
1.9999992000000002,99.0,98.9995,-0.0004
2.19999912,99.0,98.9995,-0.0004
2.39999904,99.0,98.9994,-0.0005
2.59999896,99.0,98.9996,-0.0002
2.79999888,99.0,98.9996,-0.0002
2.9999988,99.0,98.9995,-0.0004
3.19999872,99.0,98.9995,-0.0004
3.39999864,99.0,98.9996,-0.0003
3.59999856,99.0,98.9997,-0.0002
3.79999848,99.0,98.9998,-0.0001
3.9999984000000004,99.0,98.9998,-0.0
4.199998320000001,99.0,98.9998,-0.0
4.39999824,99.0,98.9999,-0.0
4.59999816,99.0,98.9998,-0.0001
4.79999808,99.0,98.9998,-0.0001
4.999998000000001,99.0,98.9999,-0.0
5.19999792,99.0,99.0,0.0
5.39999784,99.0,99.0001,0.0001
5.59999776,99.0,99.0002,0.0002
5.799997680000001,99.0,99.0002,0.0002
5.9999976,99.0,99.0002,0.0002
6.19999752,99.0,99.0003,0.0003
6.39999744,99.0,99.0003,0.0003
6.59999736,99.0,99.0004,0.0004
6.79999728,99.0,99.0004,0.0004
6.9999972,99.0,99.0004,0.0004
7.19999712,99.0,99.0004,0.0004
7.39999704,99.0,99.0004,0.0004
7.59999696,99.0,99.0004,0.0005
7.79999688,99.0,99.0006,0.0006
7.999996800000001,99.0,99.0006,0.0006
8.19999672,99.0,99.0005,0.0006
8.399996640000001,99.0,99.0005,0.0005
8.59999656,99.0,99.0006,0.0006
8.79999648,99.0,99.0005,0.0005
8.9999964,99.0,99.0005,0.0005
9.19999632,99.0,99.0005,0.0005
9.39999624,99.0,99.0004,0.0005
9.59999616,99.0,99.0004,0.0004
9.79999608,99.0,99.0004,0.0004
9.999996000000001,101.0,99.0005,-1.9994
10.19999592,101.0,99.0007,-1.9992
10.39999584,101.0,99.0007,-1.9992
10.599995759999999,101.0,99.0011,-1.9988
10.79999568,101.0,99.0015,-1.9984
10.9999956,101.0,99.0024,-1.9975
11.19999552,101.0,99.0037,-1.9962
11.39999544,101.0,99.0055,-1.9944
11.599995360000001,101.0,99.0078,-1.9921
11.79999528,101.0,99.0108,-1.9891
11.9999952,101.0,99.0148,-1.9851
12.199995119999999,101.0,99.0196,-1.9803
12.39999504,101.0,99.0254,-1.9745
12.59999496,101.0,99.0322,-1.9677
12.79999488,101.0,99.0403,-1.9596
12.999994800000001,101.0,99.0495,-1.9504
13.19999472,101.0,99.0599,-1.94
13.399994640000001,101.0,99.0717,-1.9282
13.59999456,101.0,99.0848,-1.9151
13.79999448,101.0,99.0993,-1.9006
13.9999944,101.0,99.115,-1.8849
14.199994320000002,101.0,99.1319,-1.868
14.39999424,101.0,99.15,-1.8499
14.599994160000001,101.0,99.1694,-1.8305
14.79999408,101.0,99.19,-1.8099
14.999994000000001,101.0,99.2115,-1.7884
15.19999392,101.0,99.234,-1.7659
15.39999384,101.0,99.2576,-1.7423
15.59999376,101.0,99.282,-1.7179
15.799993679999998,101.0,99.3074,-1.6925
15.999993600000002,101.0,99.3336,-1.6663
16.19999352,101.0,99.3606,-1.6393
16.39999344,101.0,99.3883,-1.6116
16.59999336,101.0,99.4165,-1.5834
16.799993280000002,101.0,99.4453,-1.5546
16.999993200000002,101.0,99.4746,-1.5253
17.19999312,101.0,99.5041,-1.4958
17.39999304,101.0,99.5337,-1.4662
17.59999296,101.0,99.5635,-1.4364
17.79999288,101.0,99.5933,-1.4066
17.9999928,101.0,99.6229,-1.377
18.199992719999997,101.0,99.6522,-1.3477
18.39999264,101.0,99.6812,-1.3187
18.59999256,101.0,99.7097,-1.2902
18.79999248,101.0,99.7379,-1.262
18.9999924,101.0,99.7654,-1.2345
19.19999232,101.0,99.7924,-1.2075
19.39999224,101.0,99.8189,-1.181
19.59999216,101.0,99.8447,-1.1552
19.799992080000003,101.0,99.8701,-1.1297
19.999992000000002,101.0,99.895,-1.1049
20.19999192,101.0,99.9192,-1.0807
20.39999184,101.0,99.9432,-1.0567
20.59999176,101.0,99.9667,-1.0332
20.79999168,101.0,99.9898,-1.0101
20.9999916,101.0,100.0125,-0.9874
21.199991519999998,101.0,100.0348,-0.9651
21.39999144,101.0,100.0569,-0.943
21.59999136,101.0,100.0786,-0.9212
21.79999128,101.0,100.0999,-0.9
21.9999912,101.0,100.1209,-0.879
22.199991120000004,101.0,100.1417,-0.8582
22.39999104,101.0,100.1619,-0.8379
22.59999096,101.0,100.1817,-0.8182
22.79999088,101.0,100.2012,-0.7987
22.999990800000003,101.0,100.2201,-0.7798
23.199990720000002,101.0,100.2384,-0.7614
23.39999064,101.0,100.2565,-0.7434
23.59999056,101.0,100.2739,-0.726
23.79999048,101.0,100.2909,-0.709
23.9999904,101.0,100.3074,-0.6925
24.19999032,101.0,100.3233,-0.6765
24.399990239999997,101.0,100.339,-0.6609
24.59999016,101.0,100.3542,-0.6457
24.79999008,101.0,100.3691,-0.6308
24.99999,101.0,100.3838,-0.6161
25.19998992,101.0,100.3982,-0.6017
25.39998984,101.0,100.4122,-0.5877
25.59998976,101.0,100.426,-0.5739
25.79998968,101.0,100.4396,-0.5603
25.999989600000003,101.0,100.4529,-0.547
26.199989520000003,101.0,100.4661,-0.5338
26.39998944,101.0,100.4789,-0.521
26.59998936,101.0,100.4915,-0.5084
26.799989280000002,101.0,100.5038,-0.4961
26.9999892,101.0,100.5158,-0.4841
27.19998912,101.0,100.5275,-0.4724
27.399989039999998,101.0,100.539,-0.4609
27.59998896,101.0,100.55,-0.4498
27.79998888,101.0,100.5607,-0.4392
27.9999888,101.0,100.5712,-0.4287
28.19998872,101.0,100.5814,-0.4185
28.399988640000004,101.0,100.5912,-0.4087
28.59998856,101.0,100.6006,-0.3993
28.79998848,101.0,100.6098,-0.3901
28.9999884,101.0,100.6189,-0.381
29.199988320000003,101.0,100.6276,-0.3723
29.399988240000003,101.0,100.6361,-0.3638
29.59998816,101.0,100.6445,-0.3554
29.79998808,101.0,100.6527,-0.3472
29.999988000000002,101.0,100.6607,-0.3392
30.19998792,101.0,100.6685,-0.3314
30.39998784,101.0,100.6762,-0.3237
30.599987759999998,101.0,100.6838,-0.3161
30.79998768,101.0,100.6914,-0.3085
30.9999876,101.0,100.6987,-0.3012
31.19998752,101.0,100.7059,-0.294
31.39998744,101.0,100.7129,-0.287
31.599987359999997,101.0,100.7198,-0.2801
31.799987279999996,101.0,100.7265,-0.2734
31.999987200000003,101.0,100.733,-0.2669
32.19998712,101.0,100.7392,-0.2607
32.39998704,101.0,100.7453,-0.2546
32.59998696,101.0,100.7512,-0.2487
32.79998688,101.0,100.757,-0.2428
32.9999868,101.0,100.7626,-0.2373
33.19998672,101.0,100.768,-0.2319
33.39998664,101.0,100.7733,-0.2266
33.599986560000005,101.0,100.7784,-0.2215
33.79998648,101.0,100.7833,-0.2166
33.999986400000004,101.0,100.7881,-0.2117
34.19998632,101.0,100.7928,-0.2071
34.39998624,101.0,100.7974,-0.2025
34.59998616,101.0,100.802,-0.1979
34.79998608,101.0,100.8064,-0.1935
34.99998600000001,101.0,100.8108,-0.1891
35.19998592,101.0,100.815,-0.1849
35.39998584,101.0,100.8191,-0.1808
35.59998576,101.0,100.8232,-0.1767
35.79998568,101.0,100.8272,-0.1727
35.9999856,101.0,100.831,-0.1689
36.19998552,101.0,100.8348,-0.1651
36.399985439999995,101.0,100.8386,-0.1613
36.599985360000005,101.0,100.8423,-0.1576
36.79998528,101.0,100.8458,-0.154
36.999985200000005,101.0,100.8494,-0.1505
37.19998512,101.0,100.8529,-0.147
37.39998504,101.0,100.8563,-0.1436
37.59998496,101.0,100.8597,-0.1402
37.79998488,101.0,100.8628,-0.1371
37.9999848,101.0,100.8659,-0.134
38.19998472,101.0,100.8688,-0.1311
38.39998464,101.0,100.8717,-0.1282
38.59998456,101.0,100.8747,-0.1252
38.79998448,101.0,100.8775,-0.1224
38.9999844,101.0,100.8803,-0.1196
39.19998432,101.0,100.8831,-0.1168
39.399984239999995,101.0,100.8857,-0.1142
39.599984160000005,101.0,100.8883,-0.1116
39.79998408,101.0,100.8909,-0.109
39.999984000000005,101.0,100.8935,-0.1064
40.19998392,101.0,100.8959,-0.104
40.39998384,101.0,100.8984,-0.1015
40.59998376,101.0,100.9008,-0.0991
40.79998368,101.0,100.9032,-0.0967
40.9999836,101.0,100.9056,-0.0943
41.19998352,101.0,100.9079,-0.092
41.39998344,101.0,100.9102,-0.0897
41.59998336,101.0,100.9125,-0.0874
41.79998328,101.0,100.9146,-0.0853
41.9999832,101.0,100.9167,-0.0832
42.19998312,101.0,100.9188,-0.0811
42.399983039999995,101.0,100.9208,-0.0791
42.59998296,101.0,100.9228,-0.0771
42.79998288,101.0,100.9248,-0.0751
42.999982800000005,101.0,100.9266,-0.0733
43.19998272,101.0,100.9284,-0.0715
43.399982640000005,101.0,100.9302,-0.0697
43.59998256,101.0,100.9319,-0.068
43.79998248,101.0,100.9335,-0.0664
43.9999824,101.0,100.935,-0.0649
44.19998232,101.0,100.9365,-0.0634
44.39998224000001,101.0,100.9381,-0.0618
44.59998216,101.0,100.9396,-0.0603
44.79998208,101.0,100.941,-0.0589
44.999982,101.0,100.9425,-0.0574
45.19998192,101.0,100.944,-0.0559
45.39998184,101.0,100.9455,-0.0544
45.59998176,101.0,100.947,-0.0529
45.79998168,101.0,100.9485,-0.0514
45.999981600000005,101.0,100.9498,-0.05
46.19998152,101.0,100.9513,-0.0486
46.399981440000005,101.0,100.9525,-0.0474
46.59998136,101.0,100.9539,-0.046
46.79998128,101.0,100.9551,-0.0448
46.9999812,101.0,100.9565,-0.0434
47.19998112,101.0,100.9577,-0.0422
47.39998104000001,101.0,100.9588,-0.0411
47.59998096,101.0,100.96,-0.0399
47.79998088,101.0,100.9609,-0.0389
47.9999808,101.0,100.9621,-0.0378
48.19998072,101.0,100.9631,-0.0368
48.39998064,101.0,100.9641,-0.0358
48.59998056,101.0,100.9649,-0.035
48.799980479999995,101.0,100.9657,-0.0341
48.999980400000005,101.0,100.9666,-0.0333
49.19998032,101.0,100.9675,-0.0324
49.399980240000005,101.0,100.9683,-0.0316
49.59998016,101.0,100.9693,-0.0306
49.79998008,101.0,100.9701,-0.0298
49.99998,101.0,100.9711,-0.0288
50.19997992,101.0,100.9719,-0.028
50.39997984,101.0,100.9728,-0.027
50.599979760000004,101.0,100.9738,-0.0261
50.79997968,101.0,100.9747,-0.0252
50.9999796,101.0,100.9757,-0.0242
51.19997952,101.0,100.9766,-0.0233
51.39997944,101.0,100.9774,-0.0225
51.59997936,101.0,100.9782,-0.0217
51.799979279999995,101.0,100.9791,-0.0208
51.999979200000006,101.0,100.9799,-0.02
52.19997912,101.0,100.9806,-0.0193
52.399979040000005,101.0,100.9812,-0.0187
52.59997896,101.0,100.982,-0.0179
52.79997888,101.0,100.9826,-0.0173
52.9999788,101.0,100.9833,-0.0166
53.19997872,101.0,100.9838,-0.0161
53.39997864,101.0,100.9843,-0.0156
53.599978560000004,101.0,100.9849,-0.015
53.79997848,101.0,100.9855,-0.0144
53.9999784,101.0,100.986,-0.0139
54.19997832,101.0,100.9864,-0.0135
54.39997824,101.0,100.987,-0.0129
54.59997816,101.0,100.9875,-0.0124
54.799978079999995,101.0,100.9881,-0.0118
54.999978,101.0,100.9884,-0.0115
55.19997792,101.0,100.9888,-0.0111
55.399977840000005,101.0,100.9893,-0.0106
55.59997776,101.0,100.9897,-0.0102
55.79997768,101.0,100.99,-0.0099
55.9999776,101.0,100.9904,-0.0094
56.19997752,101.0,100.9908,-0.0091
56.39997744,101.0,100.9912,-0.0087
56.59997736,101.0,100.9916,-0.0083
56.79997728000001,101.0,100.9918,-0.0081
56.999977200000004,101.0,100.992,-0.0078
57.19997712,101.0,100.9922,-0.0077
57.39997704,101.0,100.9926,-0.0073
57.59997696,101.0,100.9928,-0.0071
57.79997688,101.0,100.993,-0.0069
57.9999768,101.0,100.9932,-0.0067
58.19997672,101.0,100.9935,-0.0064
58.399976640000006,101.0,100.9938,-0.0061
58.59997656,101.0,100.994,-0.0059
58.799976480000005,101.0,100.9942,-0.0057
58.9999764,101.0,100.9944,-0.0055
59.19997632,101.0,100.9945,-0.0054
59.39997624,101.0,100.9947,-0.0052
59.59997616,101.0,100.9947,-0.0051
59.79997608000001,101.0,100.995,-0.0049
59.999976000000004,101.0,100.9952,-0.0047
60.19997592,101.0,100.9953,-0.0046
60.39997584,101.0,100.9954,-0.0044
60.59997576,101.0,100.9956,-0.0043
60.79997568,101.0,100.9957,-0.0042
60.9999756,101.0,100.9959,-0.004
61.199975519999995,101.0,100.9961,-0.0038
61.399975440000006,101.0,100.9963,-0.0036
61.59997536,101.0,100.9964,-0.0035
61.799975280000005,101.0,100.9967,-0.0032
61.9999752,101.0,100.997,-0.0029
62.19997512,101.0,100.9972,-0.0027
62.39997504,101.0,100.9976,-0.0023
62.59997496,101.0,100.9979,-0.002
62.79997488,101.0,100.9981,-0.0018
62.9999748,101.0,100.9982,-0.0017
63.19997471999999,101.0,100.9984,-0.0015
63.399974639999996,101.0,100.9986,-0.0013
63.59997455999999,101.0,100.999,-0.0009
63.79997448000001,101.0,100.9992,-0.0007
63.999974400000006,101.0,100.9993,-0.0006
64.19997432000001,101.0,100.9994,-0.0005
64.39997424,101.0,100.9994,-0.0005
64.59997416,101.0,100.9994,-0.0005
64.79997408,101.0,100.9994,-0.0005
64.99997400000001,101.0,100.9994,-0.0005
65.19997392,101.0,100.9995,-0.0004
65.39997384,101.0,100.9997,-0.0002
65.59997376,101.0,100.9998,-0.0001
65.79997368,101.0,101.0,0.0
65.9999736,101.0,101.0001,0.0001
66.19997352,101.0,101.0003,0.0003
66.39997344,101.0,101.0005,0.0005
66.59997335999999,101.0,101.0007,0.0007
66.79997328,101.0,101.0007,0.0008
66.99997320000001,101.0,101.0008,0.0008
67.19997312000001,101.0,101.0009,0.0009
67.39997304,101.0,101.001,0.001
67.59997296,101.0,101.0012,0.0012
67.79997288,101.0,101.0014,0.0014
67.99997280000001,101.0,101.0016,0.0016
68.19997272,101.0,101.0018,0.0018
68.39997264,101.0,101.0018,0.0018
68.59997256,101.0,101.0018,0.0018
68.79997248,101.0,101.0019,0.0019
68.9999724,101.0,101.0019,0.0019
69.19997232,101.0,101.002,0.002
69.39997224,101.0,101.0021,0.0021
69.59997216,101.0,101.0022,0.0022
69.79997207999999,101.0,101.0023,0.0023
69.99997200000001,101.0,101.0024,0.0024
70.19997192000001,101.0,101.0026,0.0026
70.39997184,101.0,101.0029,0.0029
70.59997176,101.0,101.0032,0.0033
70.79997168,101.0,101.0035,0.0035
70.99997160000001,101.0,101.0038,0.0038
71.19997152,101.0,101.0041,0.0041
71.39997144,101.0,101.0041,0.0042
71.59997136,101.0,101.0044,0.0044
71.79997128,101.0,101.0045,0.0045
71.9999712,101.0,101.0045,0.0045
72.19997112,101.0,101.0046,0.0046
72.39997104,101.0,101.0047,0.0047
72.59997096,101.0,101.0048,0.0048
72.79997087999999,101.0,101.0048,0.0048
72.99997080000001,101.0,101.0047,0.0047
73.19997072000001,101.0,101.0047,0.0047
73.39997064,101.0,101.0046,0.0046
73.59997056,101.0,101.0045,0.0045
73.79997048,101.0,101.0043,0.0044
73.99997040000001,101.0,101.0042,0.0042
74.19997032,101.0,101.0041,0.0041
74.39997024,101.0,101.004,0.004
74.59997016,101.0,101.004,0.004
74.79997008,101.0,101.0039,0.0039
74.99997,101.0,101.0039,0.0039
75.19996992,101.0,101.0037,0.0037
75.39996984,101.0,101.0036,0.0036
75.59996976,101.0,101.0036,0.0036
75.79996967999999,101.0,101.0035,0.0035
75.9999696,101.0,101.0035,0.0035
76.19996952000001,101.0,101.0033,0.0033
76.39996944,101.0,101.0033,0.0033
76.59996936,101.0,101.0032,0.0032
76.79996928,101.0,101.0031,0.0031
76.99996920000001,101.0,101.0031,0.0031
77.19996912,101.0,101.0031,0.0031
77.39996904,101.0,101.0031,0.0031
77.59996896,101.0,101.0032,0.0032
77.79996888,101.0,101.0032,0.0032
77.9999688,101.0,101.0031,0.0031
78.19996872,101.0,101.0031,0.0031
78.39996864,101.0,101.0032,0.0032
78.59996856,101.0,101.0032,0.0032
78.79996847999999,101.0,101.0031,0.0031
78.9999684,101.0,101.0031,0.0031
79.19996832000001,101.0,101.0031,0.0031
79.39996824,101.0,101.0033,0.0033
79.59996816,101.0,101.0033,0.0033
79.79996808,101.0,101.0033,0.0033
79.99996800000001,101.0,101.0033,0.0033
80.19996792,101.0,101.0032,0.0032
80.39996784,101.0,101.0031,0.0031
80.59996776,101.0,101.0029,0.0029
80.79996768,101.0,101.0026,0.0026
80.9999676,101.0,101.0025,0.0025
81.19996752,101.0,101.0023,0.0023
81.39996744,101.0,101.0022,0.0022
81.59996736,101.0,101.002,0.002
81.79996727999999,101.0,101.002,0.002
81.9999672,101.0,101.002,0.002
82.19996712,101.0,101.002,0.002
82.39996704,101.0,101.0019,0.0019
82.59996696,101.0,101.0018,0.0018
82.79996688,101.0,101.0018,0.0018
82.99996680000001,101.0,101.0018,0.0018
83.19996672,101.0,101.0017,0.0017
83.39996664,101.0,101.0017,0.0017
83.59996656,101.0,101.0016,0.0017
83.79996648,101.0,101.0016,0.0016
83.9999664,101.0,101.0016,0.0016
84.19996632,101.0,101.0017,0.0017
84.39996624,101.0,101.0017,0.0017
84.59996616,101.0,101.0018,0.0019
84.79996607999999,101.0,101.0019,0.0019
84.999966,101.0,101.002,0.002
85.19996592,101.0,101.002,0.002
85.39996584000001,101.0,101.0022,0.0022
85.59996576,101.0,101.0023,0.0023
85.79996568,101.0,101.0024,0.0024
85.99996560000001,101.0,101.0025,0.0025
86.19996552,101.0,101.0026,0.0026
86.39996544,101.0,101.0029,0.0029
86.59996536,101.0,101.003,0.003
86.79996528000001,101.0,101.0033,0.0033
86.9999652,101.0,101.0036,0.0036
87.19996512,101.0,101.0038,0.0038
87.39996504,101.0,101.0039,0.0039
87.59996496,101.0,101.0041,0.0041
87.79996488,101.0,101.0042,0.0042
87.9999648,101.0,101.0043,0.0043
88.19996472,101.0,101.0044,0.0044
88.39996464,101.0,101.0044,0.0045
88.59996456,101.0,101.0044,0.0044
88.79996448000001,101.0,101.0043,0.0043
88.99996440000001,101.0,101.0043,0.0043
89.19996432,101.0,101.0042,0.0042
89.39996424,101.0,101.0042,0.0042
89.59996416,101.0,101.004,0.004
89.79996408000001,101.0,101.0041,0.0041
89.999964,101.0,101.0042,0.0042
90.19996392,101.0,101.0042,0.0042
90.39996384,101.0,101.0042,0.0043
90.59996376,101.0,101.0043,0.0044
90.79996368,101.0,101.0045,0.0045
90.9999636,101.0,101.0046,0.0046
91.19996352,101.0,101.0047,0.0047
91.39996344,101.0,101.0049,0.0049
91.59996336,101.0,101.0049,0.0049
91.79996328000001,101.0,101.005,0.005
91.99996320000001,101.0,101.0051,0.0051
92.19996312,101.0,101.0052,0.0052
92.39996304,101.0,101.0054,0.0054
92.59996296,101.0,101.0055,0.0055
92.79996288000001,101.0,101.0055,0.0055
92.9999628,101.0,101.0055,0.0055
93.19996272,101.0,101.0054,0.0054
93.39996264,101.0,101.0052,0.0053
93.59996256,101.0,101.0051,0.0051
93.79996248,101.0,101.0049,0.0049
93.9999624,101.0,101.0049,0.0049
94.19996232,101.0,101.0047,0.0047
94.39996224,101.0,101.0046,0.0046
94.59996215999999,101.0,101.0045,0.0045
94.79996208000001,101.0,101.0045,0.0045
94.99996200000001,101.0,101.0045,0.0045
95.19996192,101.0,101.0044,0.0044
95.39996184,101.0,101.0043,0.0043
95.59996176,101.0,101.0041,0.0041
95.79996168000001,101.0,101.0039,0.0039
95.9999616,101.0,101.004,0.004
96.19996152,101.0,101.004,0.004
96.39996144,101.0,101.0039,0.0039
96.59996136,101.0,101.0039,0.0039
96.79996128,101.0,101.004,0.004
96.9999612,101.0,101.0041,0.0041
97.19996112,101.0,101.0041,0.0041
97.39996104,101.0,101.0043,0.0043
97.59996095999999,101.0,101.0043,0.0043
97.79996088000001,101.0,101.0044,0.0044
97.99996080000001,101.0,101.0045,0.0045
98.19996072,101.0,101.0045,0.0045
98.39996064,101.0,101.0045,0.0045
98.59996056,101.0,101.0045,0.0045
98.79996048000001,101.0,101.0045,0.0045
98.9999604,101.0,101.0045,0.0045
99.19996032,101.0,101.0044,0.0044
99.39996024,101.0,101.0043,0.0043
99.59996016,101.0,101.0042,0.0042
99.79996008,101.0,101.0041,0.0041
99.99996,101.0,101.0039,0.0039
100.19995992,101.0,101.0036,0.0037
100.39995984,101.0,101.0035,0.0035
100.59995975999999,101.0,101.0032,0.0033
100.79995968,101.0,101.0031,0.0031
100.99995960000001,101.0,101.0029,0.0029
101.19995952000001,101.0,101.0028,0.0029
101.39995944,101.0,101.0028,0.0028
101.59995936,101.0,101.0029,0.0029
101.79995928000001,101.0,101.0029,0.0029
101.9999592,101.0,101.0029,0.0029
102.19995912,101.0,101.0028,0.0028
102.39995904,101.0,101.0029,0.0029
102.59995896,101.0,101.0029,0.0029
102.79995888,101.0,101.003,0.003
102.9999588,101.0,101.0031,0.0031
103.19995872,101.0,101.0031,0.0031
103.39995864,101.0,101.0032,0.0032
103.59995855999999,101.0,101.0032,0.0032
103.79995848,101.0,101.0032,0.0032
103.99995840000001,101.0,101.0031,0.0031
104.19995832000001,101.0,101.0031,0.0031
104.39995824,101.0,101.003,0.003
104.59995816,101.0,101.0029,0.0029
104.79995808000001,101.0,101.0027,0.0027
104.999958,101.0,101.0026,0.0026
105.19995792,101.0,101.0028,0.0028
105.39995784,101.0,101.0029,0.0029
105.59995776,101.0,101.003,0.003
105.79995768,101.0,101.0031,0.0031
105.9999576,101.0,101.0032,0.0032
106.19995752,101.0,101.0032,0.0032
106.39995744,101.0,101.0032,0.0032
106.59995735999999,101.0,101.0032,0.0033
106.79995728,101.0,101.0032,0.0032
106.9999572,101.0,101.0033,0.0033
107.19995712000001,101.0,101.0034,0.0034
107.39995704,101.0,101.0033,0.0033
107.59995696,101.0,101.0032,0.0033
107.79995688000001,101.0,101.0032,0.0032
107.9999568,101.0,101.0032,0.0032
108.19995672,101.0,101.0032,0.0033
108.39995664,101.0,101.003,0.003
108.59995656,101.0,101.003,0.003
108.79995648,101.0,101.0029,0.0029
108.9999564,101.0,101.0028,0.0028
109.19995632,101.0,101.0028,0.0028
109.39995624,101.0,101.0029,0.0029
109.59995615999999,101.0,101.0031,0.0031
109.79995608,101.0,101.0031,0.0031
109.999956,101.0,101.0032,0.0032
110.19995592000001,101.0,101.0033,0.0033
110.39995584,101.0,101.0033,0.0033
110.59995576,101.0,101.0033,0.0034
110.79995568000001,101.0,101.0036,0.0036
110.9999556,101.0,101.0038,0.0038
111.19995552,101.0,101.0039,0.0039
111.39995544,101.0,101.0039,0.0039
111.59995536,101.0,101.0041,0.0041
111.79995528,101.0,101.0042,0.0042
111.9999552,101.0,101.0043,0.0043
112.19995512,101.0,101.0043,0.0044
112.39995504,101.0,101.0043,0.0043
112.59995496,101.0,101.0042,0.0042
112.79995488,101.0,101.0041,0.0041
112.9999548,101.0,101.0041,0.0041
113.19995472,101.0,101.004,0.004
113.39995464,101.0,101.004,0.004
113.59995456000001,101.0,101.004,0.004
113.79995448000001,101.0,101.0041,0.0041
113.99995440000001,101.0,101.0041,0.0041
114.19995432,101.0,101.004,0.004
114.39995424,101.0,101.0039,0.0039
114.59995416000001,101.0,101.0039,0.0039
114.79995408,101.0,101.0038,0.0038
114.999954,101.0,101.0037,0.0037
115.19995392,101.0,101.0036,0.0036
115.39995384,101.0,101.0035,0.0035
115.59995376,101.0,101.0035,0.0035
115.79995368,101.0,101.0036,0.0036
115.9999536,101.0,101.0035,0.0035
116.19995352,101.0,101.0034,0.0034
116.39995344,101.0,101.0032,0.0032
116.59995336000001,101.0,101.0032,0.0032
116.79995328000001,101.0,101.0031,0.0031
116.99995320000001,101.0,101.0031,0.0031
117.19995312,101.0,101.003,0.0031
117.39995304,101.0,101.0031,0.0031
117.59995296000001,101.0,101.003,0.003
117.79995288,101.0,101.003,0.003
117.9999528,101.0,101.003,0.0031
118.19995272,101.0,101.0029,0.0029
118.39995264,101.0,101.0029,0.0029
118.59995256,101.0,101.003,0.003
118.79995248,101.0,101.0029,0.0029
118.9999524,101.0,101.0028,0.0028
119.19995232,101.0,101.0027,0.0027
119.39995223999999,101.0,101.0027,0.0027
119.59995216000002,101.0,101.0027,0.0027
119.79995208000001,101.0,101.0027,0.0027
119.99995200000001,101.0,101.0025,0.0026
120.19995192,101.0,101.0025,0.0025
120.39995184,101.0,101.0023,0.0023
120.59995176000001,101.0,101.0021,0.0021
120.79995168,101.0,101.002,0.002
120.9999516,101.0,101.0018,0.0018
121.19995152,101.0,101.0018,0.0018
121.39995144,101.0,101.0018,0.0018
121.59995136,101.0,101.0018,0.0018
121.79995128,101.0,101.0018,0.0018
121.9999512,101.0,101.0017,0.0017
122.19995112,101.0,101.0017,0.0017
122.39995103999999,101.0,101.0018,0.0018
122.59995096000002,101.0,101.0018,0.0018
122.79995088000001,101.0,101.0019,0.0019
122.99995080000001,101.0,101.0018,0.0018
123.19995072,101.0,101.0019,0.0019
123.39995064,101.0,101.002,0.002
123.59995056000001,101.0,101.0021,0.0021
123.79995048,101.0,101.0023,0.0023
123.9999504,101.0,101.0024,0.0024
124.19995032,101.0,101.0025,0.0025
124.39995024,101.0,101.0025,0.0026
124.59995016,101.0,101.0026,0.0026
124.79995008,101.0,101.0026,0.0026
124.99995,101.0,101.0028,0.0028
125.19994992,101.0,101.003,0.003
125.39994983999999,101.0,101.0032,0.0032
125.59994976,101.0,101.0032,0.0032
125.79994968,101.0,101.0034,0.0034
125.9999496,101.0,101.0035,0.0035
126.19994951999999,101.0,101.0035,0.0035
126.39994943999999,101.0,101.0035,0.0035
126.59994936,101.0,101.0035,0.0035
126.79994927999999,101.0,101.0036,0.0036
126.99994919999999,101.0,101.0035,0.0035
127.19994911999999,101.0,101.0035,0.0035
127.39994904000001,101.0,101.0033,0.0033
127.59994896000002,101.0,101.0033,0.0033
127.79994888000002,101.0,101.0032,0.0032
127.99994880000001,101.0,101.0032,0.0032
128.19994872,101.0,101.0032,0.0032
128.39994864000002,101.0,101.0031,0.0031
128.59994856,101.0,101.003,0.003
128.79994848,101.0,101.0031,0.0031
128.99994840000002,101.0,101.0031,0.0031
129.19994832,101.0,101.0031,0.0031
129.39994824000001,101.0,101.0031,0.0031
129.59994816,101.0,101.0031,0.0031
129.79994808,101.0,101.0031,0.0031
129.99994800000002,101.0,101.003,0.003
130.19994792,101.0,101.003,0.003
130.39994784,101.0,101.003,0.003
130.59994776,101.0,101.003,0.003
130.79994768,101.0,101.003,0.003
130.9999476,101.0,101.003,0.003
131.19994752,101.0,101.003,0.003
131.39994744,101.0,101.0029,0.0029
131.59994736,101.0,101.0029,0.0029
131.79994728,101.0,101.0028,0.0028
131.9999472,101.0,101.0027,0.0027
132.19994712,101.0,101.0026,0.0026
132.39994704,101.0,101.0025,0.0025
132.59994695999998,101.0,101.0025,0.0025
132.79994688,101.0,101.0025,0.0025
132.9999468,101.0,101.0025,0.0025
133.19994671999999,101.0,101.0025,0.0025
133.39994664,101.0,101.0025,0.0026
133.59994656,101.0,101.0026,0.0026
133.79994648000002,101.0,101.0026,0.0026
133.99994640000003,101.0,101.0026,0.0026
134.19994632,101.0,101.0026,0.0027
134.39994624000002,101.0,101.0024,0.0024
134.59994616,101.0,101.0023,0.0023
134.79994608,101.0,101.0021,0.0021
134.99994600000002,101.0,101.0019,0.0019
135.19994592,101.0,101.0018,0.0018
135.39994584000002,101.0,101.0017,0.0017
135.59994576,101.0,101.0015,0.0015
135.79994568,101.0,101.0014,0.0014
135.99994560000002,101.0,101.0012,0.0012
136.19994552,101.0,101.0011,0.0012
136.39994544,101.0,101.001,0.001
136.59994536,101.0,101.0009,0.0009
136.79994528,101.0,101.0007,0.0007
136.9999452,101.0,101.0006,0.0006
137.19994512,101.0,101.0005,0.0005
137.39994504,101.0,101.0004,0.0005
137.59994496,101.0,101.0006,0.0006
137.79994488,101.0,101.0006,0.0006
137.9999448,101.0,101.0005,0.0005
138.19994472,101.0,101.0004,0.0004
138.39994464,101.0,101.0004,0.0004
138.59994455999998,101.0,101.0005,0.0005
138.79994448,101.0,101.0006,0.0006
138.9999444,101.0,101.0007,0.0007
139.19994432,101.0,101.0007,0.0008
139.39994424,101.0,101.0009,0.0009
139.59994415999998,101.0,101.0008,0.0009
139.79994408000002,101.0,101.0009,0.0009
139.99994400000003,101.0,101.001,0.001
140.19994392,101.0,101.0012,0.0012
140.39994384000002,101.0,101.0013,0.0013
140.59994376,101.0,101.0014,0.0014
140.79994368,101.0,101.0014,0.0014
140.99994360000002,101.0,101.0015,0.0015
141.19994352,101.0,101.0017,0.0017
141.39994344000002,101.0,101.0019,0.0019
141.59994336,101.0,101.0021,0.0021
141.79994328,101.0,101.0022,0.0022
141.99994320000002,101.0,101.0023,0.0023
142.19994312,101.0,101.0024,0.0024
142.39994304,101.0,101.0025,0.0025
142.59994296,101.0,101.0025,0.0025
142.79994288,101.0,101.0026,0.0026
142.9999428,101.0,101.0027,0.0027
143.19994272,101.0,101.0028,0.0028
143.39994264,101.0,101.0028,0.0028
143.59994256,101.0,101.0028,0.0028
143.79994248,101.0,101.0028,0.0028
143.9999424,101.0,101.0028,0.0028
144.19994232,101.0,101.0028,0.0028
144.39994224,101.0,101.0027,0.0027
144.59994215999998,101.0,101.0027,0.0027
144.79994208,101.0,101.0028,0.0028
144.999942,101.0,101.0028,0.0028
145.19994192,101.0,101.0028,0.0029
145.39994184,101.0,101.0029,0.0029
145.59994175999998,101.0,101.003,0.003
145.79994168,101.0,101.0031,0.0031
145.99994160000003,101.0,101.0031,0.0031
146.19994152,101.0,101.0032,0.0032
146.39994144000002,101.0,101.0032,0.0032
146.59994136,101.0,101.0033,0.0033
146.79994128,101.0,101.0034,0.0034
146.99994120000002,101.0,101.0035,0.0035
147.19994112,101.0,101.0036,0.0036
147.39994104000002,101.0,101.0035,0.0035
147.59994096,101.0,101.0036,0.0036
147.79994088,101.0,101.0036,0.0036
147.99994080000002,101.0,101.0036,0.0036
148.19994072,101.0,101.0036,0.0036
148.39994064,101.0,101.0035,0.0035
148.59994056,101.0,101.0036,0.0036
148.79994048,101.0,101.0036,0.0036
148.9999404,101.0,101.0036,0.0036
149.19994032,101.0,101.0035,0.0035
149.39994024,101.0,101.0036,0.0036
149.59994016,101.0,101.0035,0.0035
149.79994008,101.0,101.0034,0.0035
149.99994,101.0,101.0033,0.0033
150.19993992,101.0,101.0034,0.0034
150.39993984,101.0,101.0033,0.0033
150.59993975999998,101.0,101.0035,0.0035
150.79993968,101.0,101.0036,0.0036
150.9999396,101.0,101.0036,0.0036
151.19993952,101.0,101.0036,0.0036
151.39993944,101.0,101.0036,0.0036
151.59993935999998,101.0,101.0035,0.0035
151.79993928,101.0,101.0033,0.0033
151.9999392,101.0,101.0032,0.0033
152.19993912,101.0,101.0032,0.0032
152.39993904000002,101.0,101.0032,0.0032
152.59993896,101.0,101.003,0.003
152.79993888,101.0,101.003,0.003
152.99993880000002,101.0,101.003,0.003
153.19993872,101.0,101.003,0.003
153.39993864000002,101.0,101.003,0.003
153.59993856,101.0,101.003,0.003
153.79993848,101.0,101.0029,0.0029
153.99993840000002,101.0,101.0027,0.0028
154.19993832,101.0,101.0026,0.0026
154.39993824,101.0,101.0025,0.0025
154.59993816,101.0,101.0023,0.0024
154.79993808,101.0,101.0023,0.0023
154.99993800000001,101.0,101.0022,0.0022
155.19993792,101.0,101.002,0.002
155.39993784,101.0,101.0018,0.0018
155.59993776,101.0,101.0017,0.0017
155.79993768,101.0,101.0017,0.0017
155.9999376,101.0,101.0016,0.0017
156.19993752,101.0,101.0016,0.0016
156.39993744,101.0,101.0014,0.0014
156.59993735999998,101.0,101.0014,0.0014
156.79993728,101.0,101.0013,0.0013
156.9999372,101.0,101.0013,0.0013
157.19993712,101.0,101.0012,0.0012
157.39993704,101.0,101.0013,0.0014
157.59993695999998,101.0,101.0014,0.0014
157.79993688,101.0,101.0014,0.0014
157.9999368,101.0,101.0014,0.0014
158.19993671999998,101.0,101.0015,0.0015
158.39993664000002,101.0,101.0016,0.0016
158.59993656,101.0,101.0016,0.0016
158.79993648,101.0,101.0016,0.0016
158.99993640000002,101.0,101.0016,0.0016
159.19993632,101.0,101.0016,0.0016
159.39993624000002,101.0,101.0015,0.0015
159.59993616,101.0,101.0014,0.0015
159.79993608,101.0,101.0012,0.0012
159.99993600000002,101.0,101.0011,0.0011
160.19993592,101.0,101.001,0.001
160.39993584,101.0,101.001,0.001
160.59993576,101.0,101.0009,0.0009
160.79993568,101.0,101.0008,0.0008
160.99993560000001,101.0,101.0007,0.0007
161.19993552,101.0,101.0006,0.0006
161.39993544,101.0,101.0004,0.0004
161.59993536,101.0,101.0002,0.0002
161.79993528,101.0,101.0002,0.0002
161.9999352,101.0,101.0001,0.0001
162.19993512,101.0,101.0,0.0
162.39993504,101.0,100.9998,-0.0001
162.59993495999998,101.0,100.9997,-0.0002
162.79993488,101.0,100.9997,-0.0002
162.9999348,101.0,100.9997,-0.0002
163.19993472,101.0,100.9997,-0.0002
163.39993464,101.0,100.9996,-0.0002
163.59993455999998,101.0,100.9996,-0.0003
163.79993448,101.0,100.9995,-0.0004
163.9999344,101.0,100.9996,-0.0003
164.19993431999998,101.0,100.9996,-0.0003
164.39993424,101.0,100.9997,-0.0001
164.59993416,101.0,100.9998,-0.0001
164.79993408,101.0,101.0,0.0
164.99993400000002,101.0,101.0,0.0
165.19993392,101.0,101.0002,0.0002
165.39993384000002,101.0,101.0003,0.0004
165.59993376,101.0,101.0005,0.0005
165.79993368,101.0,101.0006,0.0006
165.99993360000002,101.0,101.0007,0.0007
166.19993352,101.0,101.0007,0.0007
166.39993344,101.0,101.0007,0.0007
166.59993336,101.0,101.0007,0.0007
166.79993328,101.0,101.0007,0.0007
166.99993320000002,101.0,101.0006,0.0007
167.19993312,101.0,101.0005,0.0005
167.39993304,101.0,101.0003,0.0003
167.59993296,101.0,101.0002,0.0002
167.79993288,101.0,101.0,0.0
167.9999328,101.0,100.9999,-0.0
168.19993272,101.0,100.9999,-0.0
168.39993264,101.0,100.9999,-0.0
168.59993255999998,101.0,100.9999,-0.0
168.79993248,101.0,100.9999,-0.0
168.9999324,101.0,101.0,0.0
169.19993232,101.0,101.0,0.0
169.39993224,101.0,101.0,0.0
169.59993215999998,101.0,101.0001,0.0001
169.79993208,101.0,101.0002,0.0002
169.999932,101.0,101.0002,0.0002
170.19993191999998,101.0,101.0003,0.0004
170.39993184,101.0,101.0005,0.0006
170.59993176,101.0,101.0007,0.0007
170.79993168000001,101.0,101.0008,0.0009
170.99993160000002,101.0,101.001,0.001
171.19993152,101.0,101.0011,0.0011
171.39993144000002,101.0,101.0011,0.0011
171.59993136,101.0,101.001,0.001
171.79993128,101.0,101.0011,0.0011
171.99993120000002,101.0,101.0012,0.0013
172.19993112,101.0,101.0012,0.0013
172.39993104,101.0,101.0013,0.0013
172.59993096,101.0,101.0014,0.0014
172.79993088,101.0,101.0015,0.0015
172.99993080000002,101.0,101.0017,0.0017
173.19993072,101.0,101.0018,0.0018
173.39993064,101.0,101.002,0.002
173.59993056000002,101.0,101.0022,0.0022
173.79993048,101.0,101.0023,0.0023
173.9999304,101.0,101.0025,0.0025
174.19993032,101.0,101.0026,0.0026
174.39993024,101.0,101.0028,0.0028
174.59993016,101.0,101.0029,0.0029
174.79993008,101.0,101.003,0.003
174.99993,101.0,101.0029,0.0029
175.19992992,101.0,101.0028,0.0028
175.39992984,101.0,101.0028,0.0029
175.59992976,101.0,101.0028,0.0028
175.79992968,101.0,101.0028,0.0028
175.9999296,101.0,101.0029,0.0029
176.19992951999998,101.0,101.0028,0.0028
176.39992944,101.0,101.0028,0.0028
176.59992936,101.0,101.0027,0.0027
176.79992928,101.0,101.0026,0.0027
176.99992920000003,101.0,101.0027,0.0027
177.19992912,101.0,101.0028,0.0028
177.39992904000002,101.0,101.0028,0.0028
177.59992896000003,101.0,101.0027,0.0028
177.79992888,101.0,101.0027,0.0027
177.99992880000002,101.0,101.0027,0.0028
178.19992872,101.0,101.0028,0.0028
178.39992864,101.0,101.0028,0.0028
178.59992856000002,101.0,101.0027,0.0027
178.79992848,101.0,101.0027,0.0027
178.99992840000002,101.0,101.0026,0.0026
179.19992832,101.0,101.0024,0.0024
179.39992824,101.0,101.0022,0.0023
179.59992816000002,101.0,101.0021,0.0021
179.79992808,101.0,101.002,0.002
179.999928,101.0,101.0018,0.0018
180.19992792,101.0,101.0017,0.0017
180.39992784,101.0,101.0014,0.0014
180.59992776,101.0,101.0012,0.0012
180.79992768,101.0,101.0011,0.0011
180.9999276,101.0,101.001,0.001
181.19992752,101.0,101.0008,0.0008
181.39992744,101.0,101.0006,0.0006
181.59992736,101.0,101.0005,0.0005
181.79992728,101.0,101.0004,0.0004
181.9999272,101.0,101.0004,0.0004
182.19992711999998,101.0,101.0005,0.0005
182.39992704,101.0,101.0005,0.0005
182.59992696,101.0,101.0006,0.0007
182.79992688,101.0,101.0007,0.0007
182.9999268,101.0,101.0007,0.0007
183.19992672,101.0,101.0008,0.0008
183.39992664000002,101.0,101.0008,0.0008
183.59992656000003,101.0,101.0008,0.0008
183.79992648,101.0,101.0009,0.0009
183.99992640000002,101.0,101.0009,0.0009
184.19992632,101.0,101.0009,0.0009
184.39992624,101.0,101.001,0.001
184.59992616000002,101.0,101.0011,0.0011
184.79992608,101.0,101.0012,0.0012
184.99992600000002,101.0,101.0013,0.0013
185.19992592,101.0,101.0013,0.0013
185.39992584,101.0,101.0013,0.0013
185.59992576000002,101.0,101.0013,0.0014
185.79992568,101.0,101.0013,0.0013
185.9999256,101.0,101.0013,0.0013
186.19992552,101.0,101.0012,0.0012
186.39992544,101.0,101.0011,0.0011
186.59992536000001,101.0,101.0011,0.0011
186.79992528,101.0,101.0011,0.0011
186.9999252,101.0,101.0011,0.0011
187.19992512,101.0,101.001,0.001
187.39992504,101.0,101.001,0.001
187.59992496,101.0,101.001,0.001
187.79992488,101.0,101.001,0.001
187.9999248,101.0,101.0008,0.0008
188.19992471999998,101.0,101.0007,0.0007
188.39992464,101.0,101.0005,0.0006
188.59992456,101.0,101.0005,0.0005
188.79992448,101.0,101.0005,0.0005
188.9999244,101.0,101.0005,0.0005
189.19992431999998,101.0,101.0005,0.0006
189.39992424000002,101.0,101.0006,0.0006
189.59992416000003,101.0,101.0006,0.0006
189.79992408,101.0,101.0006,0.0006
189.99992400000002,101.0,101.0006,0.0006
190.19992392,101.0,101.0008,0.0008
190.39992384,101.0,101.001,0.001
190.59992376000002,101.0,101.0011,0.0011
190.79992368,101.0,101.0013,0.0013
190.99992360000002,101.0,101.0015,0.0015
191.19992352,101.0,101.0018,0.0018
191.39992344,101.0,101.0021,0.0021
191.59992336000002,101.0,101.0023,0.0023
191.79992328,101.0,101.0025,0.0025
191.9999232,101.0,101.0026,0.0026
192.19992312,101.0,101.0028,0.0028
192.39992304,101.0,101.0029,0.0029
192.59992296000001,101.0,101.003,0.003
192.79992288,101.0,101.003,0.003
192.9999228,101.0,101.0032,0.0032
193.19992272,101.0,101.0032,0.0032
193.39992264,101.0,101.0032,0.0032
193.59992256,101.0,101.0032,0.0032
193.79992248,101.0,101.0031,0.0031
193.9999224,101.0,101.003,0.003
194.19992231999998,101.0,101.003,0.003
194.39992224,101.0,101.0029,0.0029
194.59992216,101.0,101.0028,0.0028
194.79992208,101.0,101.0027,0.0027
194.999922,101.0,101.0026,0.0026
195.19992191999998,101.0,101.0025,0.0025
195.39992184,101.0,101.0024,0.0024
195.59992176000003,101.0,101.0023,0.0023
195.79992168,101.0,101.0022,0.0022
195.99992160000002,101.0,101.0022,0.0022
196.19992152,101.0,101.002,0.002
196.39992144,101.0,101.0018,0.0018
196.59992136000002,101.0,101.0018,0.0018
196.79992128,101.0,101.0017,0.0017
196.99992120000002,101.0,101.0015,0.0015
197.19992112,101.0,101.0014,0.0014
197.39992104,101.0,101.0013,0.0013
197.59992096000002,101.0,101.0011,0.0011
197.79992088,101.0,101.0008,0.0008
197.9999208,101.0,101.0006,0.0007
198.19992072,101.0,101.0005,0.0006
198.39992064,101.0,101.0005,0.0005
198.59992056000002,101.0,101.0004,0.0004
198.79992048,101.0,101.0003,0.0003
198.9999204,101.0,101.0002,0.0002
199.19992032,101.0,101.0001,0.0001
199.39992024,101.0,101.0,0.0
199.59992016,101.0,101.0,0.0
199.79992008,101.0,100.9999,-0.0
199.99992,101.0,100.9998,-0.0001
200.19991991999999,101.0,100.9998,-0.0001
200.39991984,101.0,100.9999,-0.0
200.59991976,101.0,100.9998,-0.0001
200.79991968,101.0,100.9998,-0.0
200.9999196,101.0,100.9999,-0.0
201.19991951999998,101.0,100.9999,-0.0
201.39991944,101.0,100.9999,0.0
201.59991936,101.0,100.9998,-0.0001
201.79991928,101.0,100.9997,-0.0002
201.99991920000002,101.0,100.9997,-0.0002
202.19991912,101.0,100.9996,-0.0002
202.39991904000001,101.0,100.9996,-0.0003
202.59991896000002,101.0,100.9996,-0.0003
202.79991888,101.0,100.9996,-0.0003
202.99991880000002,101.0,100.9996,-0.0003
203.19991872,101.0,100.9996,-0.0003
203.39991864,101.0,100.9996,-0.0003
203.59991856000002,101.0,100.9996,-0.0003
203.79991848,101.0,100.9997,-0.0002
203.9999184,101.0,100.9998,-0.0001
204.19991832,101.0,100.9999,-0.0
204.39991824,101.0,101.0,0.0
204.59991816000002,101.0,101.0002,0.0002
204.79991808,101.0,101.0003,0.0003
204.999918,101.0,101.0005,0.0005
205.19991792,101.0,101.0007,0.0007
205.39991784,101.0,101.0009,0.0009
205.59991776,101.0,101.001,0.001
205.79991768,101.0,101.0011,0.0011
205.9999176,101.0,101.0011,0.0011
206.19991751999999,101.0,101.0011,0.0011
206.39991744,101.0,101.001,0.001
206.59991736,101.0,101.001,0.001
206.79991728,101.0,101.0009,0.0009
206.9999172,101.0,101.0008,0.0009
207.19991711999998,101.0,101.0006,0.0006
207.39991704,101.0,101.0005,0.0005
207.59991696,101.0,101.0003,0.0004
207.79991687999998,101.0,101.0002,0.0002
207.99991680000002,101.0,101.0002,0.0002
208.19991672,101.0,101.0,0.0001
208.39991664000001,101.0,101.0,0.0
208.59991656000003,101.0,101.0,0.0
208.79991648,101.0,101.0,0.0001
208.99991640000002,101.0,101.0002,0.0002
209.19991632,101.0,101.0003,0.0003
209.39991624,101.0,101.0003,0.0004
209.59991616000002,101.0,101.0006,0.0006
209.79991608,101.0,101.0006,0.0006
209.999916,101.0,101.0006,0.0006
210.19991592,101.0,101.0007,0.0007
210.39991584,101.0,101.0008,0.0009
210.59991576000002,101.0,101.001,0.001
210.79991568,101.0,101.0011,0.0011
210.9999156,101.0,101.0011,0.0012
211.19991552,101.0,101.0011,0.0012
211.39991544,101.0,101.0012,0.0012
211.59991536,101.0,101.0012,0.0012
211.79991528,101.0,101.0012,0.0012
211.9999152,101.0,101.0013,0.0013
212.19991512,101.0,101.0011,0.0011
212.39991504,101.0,101.001,0.001
212.59991496,101.0,101.001,0.001
212.79991488,101.0,101.001,0.001
212.9999148,101.0,101.0011,0.0011
213.19991471999998,101.0,101.0013,0.0013
213.39991464,101.0,101.0012,0.0013
213.59991456,101.0,101.0012,0.0012
213.79991447999998,101.0,101.0012,0.0012
213.9999144,101.0,101.0011,0.0011
214.19991432,101.0,101.001,0.001
214.39991424000002,101.0,101.001,0.001
214.59991416000003,101.0,101.0008,0.0008
214.79991408,101.0,101.0006,0.0007
214.99991400000002,101.0,101.0005,0.0005
215.19991392,101.0,101.0004,0.0004
215.39991384,101.0,101.0005,0.0005
215.59991376000002,101.0,101.0005,0.0005
215.79991368,101.0,101.0004,0.0004
215.9999136,101.0,101.0002,0.0002
216.19991352,101.0,101.0001,0.0001
216.39991344,101.0,101.0,0.0001
216.59991336000002,101.0,101.0001,0.0001
216.79991328,101.0,101.0001,0.0001
216.9999132,101.0,101.0002,0.0003
217.19991312,101.0,101.0003,0.0003
217.39991304,101.0,101.0003,0.0003
217.59991296,101.0,101.0004,0.0004
217.79991288,101.0,101.0005,0.0005
217.9999128,101.0,101.0005,0.0005
218.19991272,101.0,101.0005,0.0005
218.39991264,101.0,101.0004,0.0004
218.59991256,101.0,101.0003,0.0003
218.79991248,101.0,101.0003,0.0003
218.9999124,101.0,101.0003,0.0003
219.19991231999998,101.0,101.0002,0.0002
219.39991224,101.0,101.0002,0.0002
219.59991216,101.0,101.0001,0.0001
219.79991207999998,101.0,101.0,0.0
219.999912,101.0,100.9999,0.0
220.19991191999998,101.0,100.9999,-0.0
220.39991184000002,101.0,100.9999,-0.0
220.59991176000003,101.0,100.9999,-0.0
220.79991168,101.0,100.9998,-0.0001
220.99991160000002,101.0,100.9998,-0.0001
221.19991152,101.0,100.9999,-0.0
221.39991144,101.0,100.9999,-0.0
221.59991136000002,101.0,100.9999,-0.0
221.79991128,101.0,101.0,0.0
221.9999112,101.0,101.0,0.0
222.19991112,101.0,101.0001,0.0001
222.39991104,101.0,101.0001,0.0001
222.59991096000002,101.0,101.0001,0.0001
222.79991088,101.0,101.0,0.0001
222.9999108,101.0,101.0,0.0
223.19991072,101.0,101.0001,0.0001
223.39991064,101.0,101.0001,0.0001
223.59991056,101.0,100.9999,-0.0
223.79991048,101.0,100.9999,-0.0
223.9999104,101.0,100.9999,0.0
224.19991032000001,101.0,101.0,0.0
224.39991024,101.0,101.0,0.0
224.59991016,101.0,101.0,0.0
224.79991008,101.0,101.0001,0.0001
224.99991,101.0,101.0001,0.0001
225.19990992,101.0,101.0002,0.0002
225.39990984,101.0,101.0004,0.0004
225.59990976,101.0,101.0005,0.0005
225.79990967999998,101.0,101.0007,0.0007
225.9999096,101.0,101.0008,0.0008
226.19990952,101.0,101.0009,0.0009
226.39990944,101.0,101.0009,0.0009
226.59990936000003,101.0,101.001,0.001
226.79990928,101.0,101.0011,0.0011
226.99990920000002,101.0,101.001,0.001
227.19990912000003,101.0,101.0009,0.0009
227.39990904,101.0,101.0009,0.0009
227.59990896000002,101.0,101.0008,0.0009
227.79990888,101.0,101.0009,0.0009
227.99990880000001,101.0,101.0008,0.0008
228.19990872000002,101.0,101.0008,0.0009
228.39990864,101.0,101.0007,0.0007
228.59990856000002,101.0,101.0006,0.0007
228.79990848,101.0,101.0006,0.0006
228.9999084,101.0,101.0005,0.0005
229.19990832000002,101.0,101.0005,0.0005
229.39990824,101.0,101.0003,0.0004
229.59990816,101.0,101.0003,0.0003
229.79990808,101.0,101.0003,0.0003
229.999908,101.0,101.0004,0.0004
230.19990792000002,101.0,101.0005,0.0005
230.39990784,101.0,101.0007,0.0007
230.59990776,101.0,101.0008,0.0008
230.79990768,101.0,101.0008,0.0009
230.9999076,101.0,101.0008,0.0009
231.19990752,101.0,101.0008,0.0008
231.39990744,101.0,101.0008,0.0008
231.59990736,101.0,101.0007,0.0008
231.79990727999999,101.0,101.0007,0.0007
231.9999072,101.0,101.0007,0.0007
232.19990712,101.0,101.0007,0.0007
232.39990704,101.0,101.0006,0.0006
232.59990696,101.0,101.0007,0.0007
232.79990688,101.0,101.0008,0.0008
232.99990680000002,101.0,101.0008,0.0009
233.19990672000003,101.0,101.0008,0.0008
233.39990664,101.0,101.001,0.001
233.59990656000002,101.0,101.001,0.001
233.79990648,101.0,101.001,0.001
233.99990640000001,101.0,101.0011,0.0011
234.19990632000003,101.0,101.0011,0.0011
234.39990624,101.0,101.0013,0.0013
234.59990616000002,101.0,101.0012,0.0012
234.79990608,101.0,101.0011,0.0011
234.999906,101.0,101.0011,0.0012
235.19990592000002,101.0,101.0012,0.0012
235.39990584,101.0,101.0013,0.0013
235.59990576,101.0,101.0014,0.0014
235.79990568,101.0,101.0014,0.0014
235.9999056,101.0,101.0013,0.0013
236.19990552000002,101.0,101.0013,0.0013
236.39990544,101.0,101.0013,0.0014
236.59990536,101.0,101.0012,0.0012
236.79990528,101.0,101.001,0.001
236.9999052,101.0,101.001,0.001
237.19990512,101.0,101.001,0.001
237.39990504,101.0,101.0009,0.0009
237.59990496,101.0,101.0007,0.0007
237.79990487999999,101.0,101.0008,0.0008
237.9999048,101.0,101.0008,0.0008
238.19990472,101.0,101.0007,0.0007
238.39990464,101.0,101.0005,0.0005
238.59990456,101.0,101.0003,0.0003
238.79990447999998,101.0,101.0001,0.0001
238.99990440000002,101.0,101.0,0.0
239.19990432000003,101.0,100.9998,-0.0
239.39990424,101.0,100.9997,-0.0002
239.59990416000002,101.0,100.9996,-0.0003
239.79990408,101.0,100.9995,-0.0004
239.99990400000002,101.0,100.9994,-0.0005
240.19990392000003,101.0,100.9992,-0.0006
240.39990384,101.0,100.999,-0.0009
240.59990376000002,101.0,100.999,-0.0009
240.79990368,101.0,100.9989,-0.001
240.9999036,101.0,100.9989,-0.001
241.19990352000002,101.0,100.9989,-0.001
241.39990344,101.0,100.9988,-0.0011
241.59990336,101.0,100.9987,-0.0012
241.79990328,101.0,100.9987,-0.0012
241.9999032,101.0,100.9986,-0.0013
242.19990312000002,101.0,100.9986,-0.0013
242.39990304,101.0,100.9985,-0.0014
242.59990296,101.0,100.9985,-0.0014
242.79990288,101.0,100.9984,-0.0015
242.9999028,101.0,100.9984,-0.0015
243.19990272,101.0,100.9985,-0.0014
243.39990264,101.0,100.9986,-0.0013
243.59990256,101.0,100.9987,-0.0012
243.79990248,101.0,100.9988,-0.001
243.9999024,101.0,100.999,-0.0009
244.19990232,101.0,100.999,-0.0009
244.39990224,101.0,100.9991,-0.0008
244.59990216,101.0,100.9993,-0.0006
244.79990207999998,101.0,100.9994,-0.0005
244.999902,101.0,100.9996,-0.0003
245.19990192000003,101.0,100.9997,-0.0001
245.39990184,101.0,100.9998,-0.0001
245.59990176000002,101.0,100.9998,-0.0001
245.79990168,101.0,100.9997,-0.0002
245.99990160000002,101.0,100.9998,-0.0001
246.19990152000003,101.0,100.9998,-0.0001
246.39990144,101.0,100.9996,-0.0003
246.59990136000002,101.0,100.9994,-0.0005
246.79990128,101.0,100.9992,-0.0007
246.9999012,101.0,100.999,-0.0009
247.19990112000002,101.0,100.9987,-0.0012
247.39990104,101.0,100.9985,-0.0014
247.59990096,101.0,100.9984,-0.0015
247.79990088,101.0,100.9982,-0.0017
247.9999008,101.0,100.9981,-0.0018
248.19990072000002,101.0,100.998,-0.0019
248.39990064,101.0,100.998,-0.0019
248.59990056,101.0,100.998,-0.0018
248.79990048,101.0,100.9981,-0.0018
248.9999004,101.0,100.9982,-0.0017
249.19990032,101.0,100.9982,-0.0017
249.39990024,101.0,100.9982,-0.0017
249.59990016,101.0,100.9983,-0.0016
249.79990008,101.0,100.9984,-0.0015
249.9999,101.0,100.9985,-0.0014
250.19989992000004,101.0,100.9985,-0.0014
250.39989984,101.0,100.9987,-0.0012
250.59989976000003,101.0,100.9988,-0.0011
250.79989967999998,101.0,100.9989,-0.001
250.99989960000002,101.0,100.999,-0.0009
251.19989952,101.0,100.9991,-0.0008
251.39989944,101.0,100.9991,-0.0008
251.59989936,101.0,100.9991,-0.0008
251.79989928,101.0,100.9991,-0.0008
251.9998992,101.0,100.9991,-0.0008
252.19989912000003,101.0,100.999,-0.0009
252.39989903999998,101.0,100.9989,-0.001
252.59989896000002,101.0,100.9989,-0.001
252.79989887999997,101.0,100.999,-0.0009
252.9998988,101.0,100.999,-0.0009
253.19989872,101.0,100.9991,-0.0008
253.39989864,101.0,100.9992,-0.0007
253.59989855999999,101.0,100.9993,-0.0006
253.79989848,101.0,100.9994,-0.0005
253.99989839999998,101.0,100.9995,-0.0004
254.19989832000002,101.0,100.9996,-0.0003
254.39989823999997,101.0,100.9996,-0.0003
254.59989816,101.0,100.9996,-0.0002
254.79989808000002,101.0,100.9997,-0.0002
254.999898,101.0,100.9998,-0.0001
255.19989792000004,101.0,100.9998,-0.0001
255.39989784,101.0,101.0,0.0
255.59989776000003,101.0,101.0001,0.0001
255.79989768,101.0,101.0002,0.0002
255.99989760000003,101.0,101.0003,0.0003
256.19989752,101.0,101.0003,0.0003
256.39989744,101.0,101.0002,0.0002
256.59989736,101.0,101.0002,0.0002
256.79989728000004,101.0,101.0003,0.0003
256.9998972,101.0,101.0003,0.0004
257.19989712,101.0,101.0003,0.0004
257.39989704,101.0,101.0004,0.0004
257.59989696,101.0,101.0004,0.0004
257.79989688,101.0,101.0002,0.0003
257.99989680000004,101.0,101.0001,0.0001
258.19989671999997,101.0,101.0002,0.0002
258.39989664,101.0,101.0001,0.0001
258.59989656,101.0,101.0001,0.0001
258.79989648000003,101.0,101.0,0.0
258.9998964,101.0,100.9999,-0.0
259.19989632,101.0,100.9998,-0.0001
259.39989624,101.0,100.9997,-0.0002
259.59989616,101.0,100.9997,-0.0002
259.79989608,101.0,100.9997,-0.0002
259.99989600000004,101.0,100.9997,-0.0002
260.19989591999996,101.0,100.9995,-0.0004
260.39989584,101.0,100.9994,-0.0005
260.59989576,101.0,100.9994,-0.0005
260.79989568,101.0,100.9994,-0.0005
260.99989560000006,101.0,100.9995,-0.0004
261.19989552,101.0,100.9996,-0.0003
261.39989544,101.0,100.9996,-0.0003
261.59989536,101.0,100.9997,-0.0002
261.79989528000004,101.0,100.9997,-0.0001
261.9998952,101.0,100.9998,-0.0
262.19989512,101.0,100.9999,-0.0
262.39989504,101.0,101.0002,0.0002
262.59989496000003,101.0,101.0003,0.0004
262.79989488,101.0,101.0003,0.0004
262.99989480000005,101.0,101.0004,0.0004
263.19989472,101.0,101.0005,0.0005
263.39989464,101.0,101.0006,0.0006
263.59989456,101.0,101.0007,0.0008
263.79989448000003,101.0,101.0008,0.0008
263.9998944,101.0,101.0008,0.0009
264.19989432,101.0,101.001,0.001
264.39989424,101.0,101.0011,0.0011
264.59989416,101.0,101.0012,0.0012
264.79989408,101.0,101.0013,0.0013
264.99989400000004,101.0,101.0015,0.0015
265.19989391999997,101.0,101.0016,0.0016
265.39989384,101.0,101.0017,0.0017
265.59989376,101.0,101.0016,0.0016
265.79989368,101.0,101.0015,0.0015
265.9998936,101.0,101.0014,0.0014
266.19989352,101.0,101.0013,0.0014
266.39989343999997,101.0,101.0012,0.0012
266.59989336,101.0,101.0011,0.0011
266.79989328,101.0,101.001,0.001
266.99989320000003,101.0,101.0008,0.0008
267.19989312,101.0,101.0007,0.0007
267.39989304,101.0,101.0006,0.0006
267.59989296000003,101.0,101.0003,0.0003
267.79989288,101.0,101.0001,0.0001
267.99989280000005,101.0,100.9998,-0.0001
268.19989272,101.0,100.9996,-0.0003
268.39989264,101.0,100.9994,-0.0005
268.59989256,101.0,100.9993,-0.0006
268.79989248000004,101.0,100.9992,-0.0007
268.9998924,101.0,100.9993,-0.0006
269.19989232,101.0,100.9993,-0.0006
269.39989224,101.0,100.9992,-0.0007
269.59989216,101.0,100.9992,-0.0007
269.79989208,101.0,100.9992,-0.0007
269.99989200000005,101.0,100.9992,-0.0007
270.19989191999997,101.0,100.9992,-0.0006
270.39989184,101.0,100.9992,-0.0007
270.59989176,101.0,100.9992,-0.0007
270.79989168000003,101.0,100.9992,-0.0007
270.9998916,101.0,100.9992,-0.0007
271.19989152,101.0,100.9993,-0.0006
271.39989144,101.0,100.9994,-0.0005
271.59989136,101.0,100.9995,-0.0004
271.79989128,101.0,100.9995,-0.0003
271.99989120000004,101.0,100.9995,-0.0004
272.19989111999996,101.0,100.9995,-0.0004
272.39989104,101.0,100.9996,-0.0003
272.59989096,101.0,100.9997,-0.0002
272.79989088,101.0,100.9999,-0.0
272.9998908,101.0,101.0,0.0
273.19989072,101.0,101.0001,0.0001
273.39989064,101.0,101.0002,0.0002
273.59989056,101.0,101.0004,0.0004
273.79989048000004,101.0,101.0005,0.0006
273.9998904,101.0,101.0007,0.0007
274.19989032,101.0,101.0008,0.0009
274.39989024,101.0,101.001,0.001
274.59989016000003,101.0,101.001,0.001
274.79989008,101.0,101.0009,0.0009
274.99989000000005,101.0,101.0009,0.0009
275.19988992,101.0,101.0009,0.0009
275.39988984,101.0,101.001,0.001
275.59988976,101.0,101.0011,0.0011
275.79988968000004,101.0,101.0012,0.0012
275.9998896,101.0,101.0012,0.0013
276.19988952,101.0,101.0014,0.0014
276.39988944,101.0,101.0016,0.0016
276.59988936,101.0,101.0016,0.0016
276.79988928,101.0,101.0016,0.0016
276.99988920000004,101.0,101.0018,0.0018
277.19988911999997,101.0,101.0018,0.0018
277.39988904,101.0,101.0016,0.0017
277.59988896,101.0,101.0016,0.0016
277.79988888,101.0,101.0016,0.0016
277.9998888,101.0,101.0015,0.0015
278.19988872,101.0,101.0015,0.0015
278.39988864,101.0,101.0015,0.0015
278.59988856,101.0,101.0012,0.0013
278.79988848,101.0,101.0011,0.0011
278.99988840000003,101.0,101.0009,0.0009
279.19988831999996,101.0,101.0007,0.0007
279.39988824,101.0,101.0004,0.0004
279.59988816000003,101.0,101.0003,0.0003
279.79988808,101.0,101.0002,0.0002
279.99988800000006,101.0,101.0001,0.0001
280.19988792,101.0,101.0,0.0
280.39988784,101.0,100.9998,-0.0001
280.59988776,101.0,100.9998,-0.0001
280.79988768000004,101.0,100.9997,-0.0002
280.9998876,101.0,100.9996,-0.0003
281.19988752,101.0,100.9996,-0.0003
281.39988744,101.0,100.9995,-0.0004
281.59988736,101.0,100.9995,-0.0004
281.79988728,101.0,100.9996,-0.0003
281.99988720000005,101.0,100.9996,-0.0003
282.19988711999997,101.0,100.9995,-0.0004
282.39988704,101.0,100.9995,-0.0004
282.59988696,101.0,100.9994,-0.0005
282.79988688000003,101.0,100.9992,-0.0007
282.9998868,101.0,100.999,-0.0009
283.19988672,101.0,100.9988,-0.001
283.39988664,101.0,100.9987,-0.0012
283.59988656,101.0,100.9986,-0.0013
283.79988648,101.0,100.9986,-0.0013
283.99988640000004,101.0,100.9985,-0.0014
284.19988631999996,101.0,100.9986,-0.0013
284.39988624,101.0,100.9986,-0.0013
284.59988616,101.0,100.9986,-0.0013
284.79988608,101.0,100.9986,-0.0013
284.999886,101.0,100.9987,-0.0012
285.19988592,101.0,100.9987,-0.0012
285.39988583999997,101.0,100.9988,-0.0011
285.59988576,101.0,100.9988,-0.001
285.79988568000005,101.0,100.9989,-0.001
285.9998856,101.0,100.9991,-0.0008
286.19988552,101.0,100.9991,-0.0008
286.39988544,101.0,100.9992,-0.0007
286.59988536000003,101.0,100.9993,-0.0006
286.79988528,101.0,100.9993,-0.0006
286.99988520000005,101.0,100.9992,-0.0007
287.19988512,101.0,100.9993,-0.0006
287.39988504,101.0,100.9992,-0.0007
287.59988496,101.0,100.9991,-0.0008
287.79988488000004,101.0,100.999,-0.0009
287.9998848,101.0,100.9989,-0.001
288.19988472,101.0,100.9989,-0.001
288.39988464,101.0,100.9989,-0.001
288.59988456,101.0,100.9988,-0.001
288.79988448,101.0,100.9988,-0.0011
288.99988440000004,101.0,100.9987,-0.0012
289.19988431999997,101.0,100.9986,-0.0013
289.39988424,101.0,100.9986,-0.0013
289.59988416,101.0,100.9986,-0.0012
289.79988408,101.0,100.9987,-0.0012
289.999884,101.0,100.9989,-0.001
290.19988392,101.0,100.9991,-0.0008
290.39988384,101.0,100.9991,-0.0008
290.59988376,101.0,100.9992,-0.0007
290.79988368,101.0,100.9992,-0.0006
290.99988360000003,101.0,100.9993,-0.0006
291.19988351999996,101.0,100.9994,-0.0005
291.39988344,101.0,100.9993,-0.0006
291.59988336,101.0,100.9993,-0.0006
291.79988328,101.0,100.9993,-0.0006
291.99988320000006,101.0,100.9994,-0.0005
292.19988312,101.0,100.9994,-0.0005
292.39988304,101.0,100.9995,-0.0004
292.59988296,101.0,100.9994,-0.0005
292.79988288000004,101.0,100.9995,-0.0004
292.9998828,101.0,100.9994,-0.0005
293.19988272,101.0,100.9994,-0.0005
293.39988264,101.0,100.9994,-0.0005
293.59988256,101.0,100.9995,-0.0004
293.79988248,101.0,100.9996,-0.0002
293.99988240000005,101.0,100.9997,-0.0002
294.19988232,101.0,100.9998,-0.0
294.39988224,101.0,101.0,0.0
294.59988216,101.0,101.0,0.0
294.79988208000003,101.0,101.0001,0.0001
294.999882,101.0,101.0001,0.0001
295.19988192,101.0,101.0001,0.0001
295.39988184,101.0,101.0002,0.0002
295.59988176,101.0,101.0002,0.0002
295.79988168,101.0,101.0003,0.0003
295.99988160000004,101.0,101.0004,0.0005
296.19988151999996,101.0,101.0005,0.0006
296.39988144,101.0,101.0007,0.0007
296.59988136,101.0,101.0007,0.0007
296.79988128,101.0,101.0007,0.0007
296.9998812,101.0,101.0008,0.0009
297.19988112,101.0,101.0009,0.0009
297.39988103999997,101.0,101.0009,0.0009
297.59988096,101.0,101.0008,0.0009
297.79988088,101.0,101.0009,0.0009
297.9998808,101.0,101.0009,0.0009
298.19988072,101.0,101.001,0.001
298.39988064,101.0,101.0011,0.0011
298.59988056000003,101.0,101.0012,0.0012
298.79988048,101.0,101.0012,0.0012
298.99988040000005,101.0,101.0011,0.0011
299.19988032,101.0,101.001,0.001
299.39988024,101.0,101.0009,0.0009
299.59988016,101.0,101.0007,0.0007
299.79988008000004,101.0,101.0006,0.0006
299.99988,101.0,101.0004,0.0004
300.19987992,101.0,101.0002,0.0002
300.39987984,101.0,101.0001,0.0001
300.59987976,101.0,101.0001,0.0001
300.79987968,101.0,101.0002,0.0002
300.99987960000004,101.0,101.0002,0.0002
301.19987951999997,101.0,101.0001,0.0001
301.39987944,101.0,101.0001,0.0001
301.59987936,101.0,101.0001,0.0001
301.79987928,101.0,101.0,0.0
301.9998792,101.0,101.0,0.0
302.19987912,101.0,101.0,0.0
302.39987904,101.0,100.9999,-0.0
302.59987896,101.0,100.9999,-0.0
302.79987888,101.0,100.9999,-0.0
302.99987880000003,101.0,100.9998,-0.0001
303.19987871999996,101.0,100.9998,-0.0001
303.39987864,101.0,100.9998,-0.0001
303.59987856,101.0,100.9997,-0.0002
303.79987848,101.0,100.9996,-0.0003
303.9998784,101.0,100.9994,-0.0005
304.19987832,101.0,100.9993,-0.0006
304.39987824,101.0,100.9993,-0.0006
304.59987816,101.0,100.9993,-0.0005
304.79987808000004,101.0,100.9993,-0.0005
304.999878,101.0,100.9994,-0.0005
305.19987792,101.0,100.9995,-0.0004
305.39987784,101.0,100.9996,-0.0003
305.59987776,101.0,100.9997,-0.0002
305.79987768,101.0,100.9996,-0.0003
305.99987760000005,101.0,100.9997,-0.0002
306.19987752,101.0,100.9997,-0.0001
306.39987744,101.0,100.9998,-0.0001
306.59987736,101.0,100.9998,-0.0001
306.79987728000003,101.0,100.9998,-0.0
306.9998772,101.0,100.9999,-0.0
307.19987712,101.0,100.9999,-0.0
307.39987704,101.0,101.0,0.0
307.59987696,101.0,101.0001,0.0001
307.79987688,101.0,101.0,0.0
307.99987680000004,101.0,101.0,0.0
308.19987671999996,101.0,101.0,0.0
308.39987664,101.0,101.0001,0.0001
308.59987656,101.0,101.0001,0.0001
308.79987648,101.0,101.0,0.0
308.9998764,101.0,101.0002,0.0002
309.19987632,101.0,101.0002,0.0002
309.39987623999997,101.0,101.0003,0.0003
309.59987616,101.0,101.0004,0.0004
309.79987608,101.0,101.0004,0.0004
309.99987600000003,101.0,101.0004,0.0004
310.19987591999995,101.0,101.0005,0.0005
310.39987584,101.0,101.0006,0.0006
310.59987576000003,101.0,101.0006,0.0006
310.79987568,101.0,101.0006,0.0006
310.99987560000005,101.0,101.0006,0.0006
311.19987552,101.0,101.0007,0.0007
311.39987544,101.0,101.0007,0.0007
311.59987536,101.0,101.0005,0.0005
311.79987528000004,101.0,101.0004,0.0004
311.9998752,101.0,101.0004,0.0005
312.19987512,101.0,101.0004,0.0004
312.39987504,101.0,101.0005,0.0005
312.59987496,101.0,101.0006,0.0006
312.79987488,101.0,101.0006,0.0007
312.99987480000004,101.0,101.0007,0.0008
313.19987471999997,101.0,101.0008,0.0008
313.39987464,101.0,101.0008,0.0009
313.59987456,101.0,101.0009,0.0009
313.79987448,101.0,101.0009,0.0009
313.9998744,101.0,101.0009,0.0009
314.19987432,101.0,101.0008,0.0009
314.39987424,101.0,101.0007,0.0007
314.59987416,101.0,101.0007,0.0007
314.79987408,101.0,101.0008,0.0008
314.99987400000003,101.0,101.0009,0.0009
315.19987391999996,101.0,101.0008,0.0008
315.39987384,101.0,101.0009,0.0009
315.59987376,101.0,101.0007,0.0008
315.79987368,101.0,101.0007,0.0007
315.9998736,101.0,101.0006,0.0006
316.19987352,101.0,101.0005,0.0005
316.39987343999996,101.0,101.0004,0.0004
316.59987336,101.0,101.0004,0.0004
316.79987328000004,101.0,101.0004,0.0004
316.9998732,101.0,101.0004,0.0005
317.19987312,101.0,101.0006,0.0006
317.39987304,101.0,101.0006,0.0006
317.59987296,101.0,101.0007,0.0007
317.79987288,101.0,101.0007,0.0007
317.99987280000005,101.0,101.0006,0.0007
318.19987272,101.0,101.0006,0.0006
318.39987264,101.0,101.0006,0.0006
318.59987256,101.0,101.0006,0.0006
318.79987248000003,101.0,101.0006,0.0006
318.9998724,101.0,101.0006,0.0006
319.19987232,101.0,101.0005,0.0005
319.39987224,101.0,101.0005,0.0005
319.59987216,101.0,101.0005,0.0005
319.79987208,101.0,101.0003,0.0003
319.99987200000004,101.0,101.0003,0.0003
320.19987191999996,101.0,101.0,0.0001
320.39987184,101.0,100.9998,-0.0001
320.59987176,101.0,100.9997,-0.0002
320.79987168,101.0,100.9996,-0.0003
320.9998716,101.0,100.9995,-0.0004
321.19987152,101.0,100.9994,-0.0005
321.39987143999997,101.0,100.9994,-0.0005
321.59987136,101.0,100.9993,-0.0005
321.79987128,101.0,100.9992,-0.0007
321.99987120000003,101.0,100.9991,-0.0008
322.19987111999995,101.0,100.9989,-0.0009
322.39987104,101.0,100.9989,-0.001
322.59987096,101.0,100.9989,-0.001
322.79987088,101.0,100.9988,-0.0011
322.99987080000005,101.0,100.9988,-0.0011
323.19987072,101.0,100.9987,-0.0012
323.39987064,101.0,100.9987,-0.0012
323.59987056,101.0,100.9988,-0.0011
323.79987048000004,101.0,100.9988,-0.0011
323.9998704,101.0,100.9988,-0.0011
324.19987032,101.0,100.9989,-0.001
324.39987024,101.0,100.999,-0.0009
324.59987016,101.0,100.9991,-0.0008
324.79987008,101.0,100.9992,-0.0007
324.99987000000004,101.0,100.9993,-0.0006
325.19986991999997,101.0,100.9995,-0.0004
325.39986984,101.0,100.9998,-0.0001
325.59986976,101.0,100.9998,-0.0
325.79986968000003,101.0,100.9999,-0.0
325.9998696,101.0,101.0,0.0
326.19986952,101.0,101.0002,0.0002
326.39986944,101.0,101.0003,0.0003
326.59986936,101.0,101.0004,0.0004
326.79986928,101.0,101.0003,0.0003
326.99986920000003,101.0,101.0003,0.0003
327.19986911999996,101.0,101.0004,0.0004
327.39986904,101.0,101.0003,0.0003
327.59986896,101.0,101.0002,0.0002
327.79986888,101.0,101.0001,0.0001
327.9998688,101.0,101.0,0.0
328.19986872,101.0,100.9999,-0.0
328.39986863999997,101.0,100.9999,-0.0
328.59986856,101.0,100.9998,-0.0
328.79986848,101.0,101.0,0.0
328.9998684,101.0,101.0,0.0
329.19986832,101.0,101.0,0.0
329.39986824,101.0,101.0,0.0
329.59986816,101.0,101.0,0.0
329.79986808,101.0,101.0001,0.0001
329.99986800000005,101.0,101.0002,0.0002
330.19986792,101.0,101.0003,0.0003
330.39986784,101.0,101.0004,0.0004
330.59986776,101.0,101.0006,0.0006
330.79986768000003,101.0,101.0007,0.0007
330.9998676,101.0,101.0009,0.0009
331.19986752,101.0,101.001,0.001
331.39986744,101.0,101.0012,0.0012
331.59986736,101.0,101.0013,0.0013
331.79986728,101.0,101.0014,0.0014
331.99986720000004,101.0,101.0014,0.0014
332.19986711999996,101.0,101.0014,0.0015
332.39986704,101.0,101.0015,0.0015
332.59986696,101.0,101.0015,0.0015
332.79986688,101.0,101.0016,0.0016
332.9998668,101.0,101.0016,0.0016
333.19986672,101.0,101.0016,0.0016
333.39986663999997,101.0,101.0018,0.0018
333.59986656,101.0,101.0019,0.0019
333.79986648,101.0,101.002,0.002
333.99986640000003,101.0,101.002,0.002
334.19986631999996,101.0,101.0021,0.0021
334.39986624,101.0,101.0021,0.0021
334.59986616,101.0,101.002,0.0021
334.79986608,101.0,101.002,0.002
334.999866,101.0,101.002,0.002
335.19986592,101.0,101.002,0.002
335.39986584,101.0,101.002,0.002
335.59986576,101.0,101.002,0.0021
335.79986568000004,101.0,101.0022,0.0022
335.9998656,101.0,101.0023,0.0023
336.19986552,101.0,101.0023,0.0023
336.39986544,101.0,101.0024,0.0024
336.59986536,101.0,101.0025,0.0025
336.79986528,101.0,101.0025,0.0025
336.99986520000004,101.0,101.0026,0.0026
337.19986511999997,101.0,101.0026,0.0026
337.39986504,101.0,101.0025,0.0025
337.59986496,101.0,101.0025,0.0025
337.79986488000003,101.0,101.0025,0.0025
337.9998648,101.0,101.0025,0.0025
338.19986472,101.0,101.0025,0.0025
338.39986464,101.0,101.0024,0.0024
338.59986456,101.0,101.0023,0.0023
338.79986448,101.0,101.0023,0.0023
338.99986440000004,101.0,101.0022,0.0022
339.19986431999996,101.0,101.0022,0.0022
339.39986424,101.0,101.0022,0.0022
339.59986416,101.0,101.002,0.002
339.79986408,101.0,101.0019,0.0019
339.999864,101.0,101.0017,0.0017
340.19986392,101.0,101.0015,0.0015
340.39986383999997,101.0,101.0014,0.0014
340.59986376,101.0,101.0013,0.0013
340.79986368,101.0,101.0011,0.0012
340.9998636,101.0,101.0011,0.0012
341.19986352,101.0,101.0011,0.0011
341.39986344,101.0,101.0009,0.0009
341.59986336000003,101.0,101.0008,0.0008
341.79986328,101.0,101.0007,0.0007
341.99986320000005,101.0,101.0005,0.0005
342.19986312,101.0,101.0003,0.0004
342.39986304,101.0,101.0002,0.0002
342.59986296,101.0,101.0,0.0001
342.79986288000003,101.0,101.0,0.0
342.9998628,101.0,100.9999,-0.0
343.19986272,101.0,100.9999,-0.0
343.39986264,101.0,100.9998,-0.0001
343.59986256,101.0,100.9998,-0.0001
343.79986248,101.0,100.9997,-0.0002
343.99986240000004,101.0,100.9998,-0.0001
344.19986231999997,101.0,100.9997,-0.0002
344.39986224,101.0,100.9997,-0.0002
344.59986216,101.0,100.9999,-0.0
344.79986208,101.0,101.0,0.0
344.999862,101.0,101.0,0.0001
345.19986192,101.0,101.0001,0.0001
345.39986183999997,101.0,101.0001,0.0001
345.59986176,101.0,101.0002,0.0002
345.79986168,101.0,101.0002,0.0002
345.99986160000003,101.0,101.0001,0.0001
346.19986152,101.0,101.0,0.0
346.39986144,101.0,100.9999,-0.0
346.59986136,101.0,100.9998,-0.0001
346.79986128,101.0,100.9996,-0.0003
346.9998612,101.0,100.9995,-0.0004
347.19986112000004,101.0,100.9994,-0.0005
347.39986103999996,101.0,100.9993,-0.0006
347.59986096,101.0,100.9992,-0.0007
347.79986088000004,101.0,100.999,-0.0009
347.9998608,101.0,100.9988,-0.0011
348.19986072,101.0,100.9987,-0.0011
348.39986064,101.0,100.9986,-0.0013
348.59986056,101.0,100.9986,-0.0013
348.79986048,101.0,100.9986,-0.0012
348.99986040000005,101.0,100.9987,-0.0012
349.19986032,101.0,100.9987,-0.0012
349.39986024,101.0,100.9988,-0.0011
349.59986016,101.0,100.9988,-0.0011
349.79986008000003,101.0,100.9989,-0.001
349.99986,101.0,100.9989,-0.001
350.19985992,101.0,100.999,-0.0009
350.39985984,101.0,100.999,-0.0009
350.59985976,101.0,100.9991,-0.0007
350.79985968,101.0,100.9993,-0.0006
350.99985960000004,101.0,100.9994,-0.0005
351.19985952,101.0,100.9996,-0.0003
351.39985944,101.0,100.9998,-0.0001
351.59985936,101.0,101.0,0.0
351.79985928,101.0,101.0002,0.0002
351.9998592,101.0,101.0003,0.0003
352.19985912000004,101.0,101.0004,0.0004
352.39985903999997,101.0,101.0005,0.0005
352.59985896,101.0,101.0005,0.0006
352.79985888,101.0,101.0006,0.0006
352.9998588,101.0,101.0007,0.0007
353.19985872,101.0,101.0008,0.0008
353.39985864,101.0,101.001,0.001
353.59985856,101.0,101.001,0.001
353.79985848,101.0,101.001,0.001
353.99985840000005,101.0,101.0011,0.0011
354.19985832000003,101.0,101.0011,0.0011
354.39985824,101.0,101.001,0.001
354.59985816,101.0,101.0009,0.0009
354.79985808000004,101.0,101.0008,0.0008
354.999858,101.0,101.0007,0.0007
355.19985792000006,101.0,101.0007,0.0007
355.39985784,101.0,101.0007,0.0007
355.59985776,101.0,101.0009,0.0009
355.79985768,101.0,101.001,0.001
355.99985760000004,101.0,101.0012,0.0012
356.19985752,101.0,101.0014,0.0014
356.39985744,101.0,101.0016,0.0016
356.59985736,101.0,101.0018,0.0018
356.79985728,101.0,101.0019,0.0019
356.9998572,101.0,101.0021,0.0021
357.19985712000005,101.0,101.0023,0.0023
357.39985704,101.0,101.0025,0.0025
357.59985696,101.0,101.0026,0.0026
357.79985688,101.0,101.0028,0.0028
357.99985680000003,101.0,101.0028,0.0028
358.19985672,101.0,101.003,0.003
358.39985664,101.0,101.0031,0.0031
358.59985656,101.0,101.0032,0.0033
358.79985648,101.0,101.0033,0.0033
358.9998564,101.0,101.0033,0.0033
359.19985632000004,101.0,101.0032,0.0032
359.39985623999996,101.0,101.0031,0.0031
359.59985616,101.0,101.0029,0.0029
359.79985608,101.0,101.0027,0.0028
359.999856,101.0,101.0025,0.0025
360.19985592000006,101.0,101.0024,0.0024
360.39985584,101.0,101.0023,0.0023
360.59985576,101.0,101.0021,0.0021
360.79985568,101.0,101.002,0.002
360.99985560000005,101.0,101.0018,0.0019
361.19985552,101.0,101.0018,0.0018
361.39985544,101.0,101.0017,0.0017
361.59985536,101.0,101.0015,0.0015
361.79985528000003,101.0,101.0012,0.0013
361.9998552,101.0,101.001,0.001
362.19985512000005,101.0,101.0009,0.0009
362.39985504,101.0,101.0008,0.0009
362.59985496,101.0,101.0007,0.0007
362.79985488,101.0,101.0006,0.0006
362.99985480000004,101.0,101.0004,0.0004
363.19985472,101.0,101.0003,0.0003
363.39985464,101.0,101.0002,0.0002
363.59985456,101.0,101.0,0.0
363.79985448,101.0,100.9999,0.0
363.9998544,101.0,100.9998,-0.0001
364.19985432000004,101.0,100.9998,-0.0001
364.39985423999997,101.0,100.9997,-0.0002
364.59985416,101.0,100.9996,-0.0003
364.79985408,101.0,100.9996,-0.0003
364.999854,101.0,100.9996,-0.0003
365.19985392,101.0,100.9996,-0.0003
365.39985384,101.0,100.9996,-0.0003
365.59985376,101.0,100.9995,-0.0004
365.79985368,101.0,100.9995,-0.0004
365.9998536,101.0,100.9995,-0.0004
366.19985352000003,101.0,100.9996,-0.0003
366.39985344,101.0,100.9996,-0.0003
366.59985336,101.0,100.9995,-0.0004
366.79985328000004,101.0,100.9993,-0.0006
366.9998532,101.0,100.9993,-0.0006
367.19985312000006,101.0,100.9993,-0.0006
367.39985304,101.0,100.9993,-0.0006
367.59985296,101.0,100.9993,-0.0006
367.79985288,101.0,100.9993,-0.0006
367.99985280000004,101.0,100.9992,-0.0007
368.19985272,101.0,100.9992,-0.0007
368.39985264,101.0,100.9991,-0.0007
368.59985256,101.0,100.9991,-0.0008
368.79985248,101.0,100.9991,-0.0008
368.9998524,101.0,100.999,-0.0009
369.19985232000005,101.0,100.9991,-0.0008
369.39985224,101.0,100.9991,-0.0008
369.59985216,101.0,100.9991,-0.0008
369.79985208,101.0,100.9992,-0.0007
369.99985200000003,101.0,100.9995,-0.0004
370.19985192,101.0,100.9996,-0.0003
370.39985184,101.0,100.9996,-0.0003
370.59985176,101.0,100.9997,-0.0002
370.79985168,101.0,100.9998,-0.0001
370.9998516,101.0,100.9999,-0.0
371.19985152000004,101.0,100.9999,-0.0
371.39985143999996,101.0,101.0,0.0
371.59985136,101.0,101.0,0.0
371.79985128,101.0,101.0001,0.0001
371.9998512,101.0,101.0001,0.0001
372.19985112,101.0,101.0001,0.0001
372.39985104,101.0,101.0,0.0
372.59985096,101.0,100.9999,0.0
372.79985088,101.0,101.0,0.0
372.99985080000005,101.0,101.0,0.0
373.19985072000003,101.0,100.9999,-0.0
373.39985064,101.0,100.9999,0.0
373.59985056,101.0,100.9999,-0.0
373.79985048000003,101.0,100.9999,-0.0
373.9998504,101.0,100.9999,-0.0
374.19985032000005,101.0,100.9999,-0.0
374.39985024,101.0,100.9999,-0.0
374.59985016,101.0,100.9998,-0.0001
374.79985008,101.0,100.9998,-0.0001
374.99985000000004,101.0,100.9998,-0.0001
375.19984992,101.0,100.9999,0.0
375.39984984,101.0,101.0001,0.0001
375.59984976,101.0,101.0002,0.0002
375.79984968,101.0,101.0003,0.0003
375.9998496,101.0,101.0003,0.0004
376.19984952000004,101.0,101.0004,0.0004
376.39984943999997,101.0,101.0006,0.0006
376.59984936,101.0,101.0007,0.0007
376.79984928,101.0,101.0007,0.0008
376.9998492,101.0,101.0008,0.0008
377.19984912,101.0,101.0008,0.0009
377.39984904,101.0,101.001,0.001
377.59984896,101.0,101.0011,0.0011
377.79984888,101.0,101.0013,0.0013
377.9998488,101.0,101.0014,0.0014
378.19984872000003,101.0,101.0015,0.0015
378.39984863999996,101.0,101.0016,0.0016
378.59984856,101.0,101.0016,0.0016
378.79984848000004,101.0,101.0016,0.0016
378.9998484,101.0,101.0017,0.0017
379.19984832000006,101.0,101.0018,0.0018
379.39984824,101.0,101.0019,0.0019
379.59984816,101.0,101.0018,0.0019
379.79984808,101.0,101.002,0.002
379.99984800000004,101.0,101.002,0.002
380.19984792,101.0,101.0019,0.0019
380.39984784,101.0,101.0018,0.0019
380.59984776,101.0,101.0018,0.0018
380.79984768,101.0,101.0018,0.0018
380.9998476,101.0,101.0018,0.0018
381.19984752000005,101.0,101.0018,0.0018
381.39984744,101.0,101.0019,0.0019
381.59984736,101.0,101.0017,0.0017
381.79984728,101.0,101.0017,0.0017
381.99984720000003,101.0,101.0018,0.0018
382.19984712,101.0,101.0017,0.0017
382.39984704,101.0,101.0016,0.0017
382.59984696,101.0,101.0016,0.0016
382.79984688,101.0,101.0016,0.0016
382.9998468,101.0,101.0014,0.0015
383.19984672000004,101.0,101.0014,0.0014
383.39984663999996,101.0,101.0015,0.0015
383.59984656,101.0,101.0015,0.0015
383.79984648,101.0,101.0014,0.0014
383.9998464,101.0,101.0013,0.0014
384.19984632,101.0,101.0014,0.0014
384.39984624,101.0,101.0014,0.0014
384.59984615999997,101.0,101.0012,0.0013
384.79984608,101.0,101.0014,0.0014
384.99984600000005,101.0,101.0014,0.0014
385.19984592000003,101.0,101.0013,0.0013
385.39984584,101.0,101.0013,0.0013
385.59984576,101.0,101.0012,0.0012
385.79984568000003,101.0,101.0011,0.0012
385.9998456,101.0,101.0011,0.0011
386.19984552000005,101.0,101.001,0.001
386.39984544,101.0,101.0009,0.0009
386.59984536,101.0,101.0008,0.0008
386.79984528,101.0,101.0007,0.0007
386.99984520000004,101.0,101.0007,0.0007
387.19984512,101.0,101.0007,0.0007
387.39984504,101.0,101.0007,0.0007
387.59984496,101.0,101.0007,0.0007
387.79984488,101.0,101.0007,0.0007
387.9998448,101.0,101.0006,0.0006
388.19984472000004,101.0,101.0005,0.0005
388.39984463999997,101.0,101.0005,0.0005
388.59984456,101.0,101.0004,0.0004
388.79984448,101.0,101.0004,0.0004
388.99984440000003,101.0,101.0004,0.0004
389.19984432,101.0,101.0003,0.0003
389.39984424,101.0,101.0003,0.0003
389.59984416,101.0,101.0002,0.0002
389.79984408,101.0,101.0003,0.0003
389.999844,101.0,101.0003,0.0004
390.19984392000003,101.0,101.0003,0.0003
390.39984383999996,101.0,101.0002,0.0002
390.59984376,101.0,101.0002,0.0002
390.79984368,101.0,101.0001,0.0001
390.9998436,101.0,101.0001,0.0001
391.19984352000006,101.0,101.0002,0.0002
391.39984344,101.0,101.0002,0.0002
391.59984336,101.0,101.0002,0.0002
391.79984328,101.0,101.0002,0.0002
391.99984320000004,101.0,101.0002,0.0002
392.19984312,101.0,101.0003,0.0003
392.39984304,101.0,101.0003,0.0004
392.59984296,101.0,101.0004,0.0004
392.79984288,101.0,101.0004,0.0005
392.9998428,101.0,101.0004,0.0004
393.19984272000005,101.0,101.0005,0.0005
393.39984264,101.0,101.0006,0.0006
393.59984256,101.0,101.0006,0.0006
393.79984248,101.0,101.0006,0.0006
393.99984240000003,101.0,101.0006,0.0006
394.19984232,101.0,101.0005,0.0005
394.39984224,101.0,101.0004,0.0004
394.59984216,101.0,101.0002,0.0002
394.79984208,101.0,101.0001,0.0001
394.999842,101.0,101.0001,0.0001
395.19984192000004,101.0,101.0001,0.0001
395.39984183999997,101.0,101.0,0.0001
395.59984176,101.0,101.0001,0.0001
395.79984168,101.0,101.0002,0.0002
395.9998416,101.0,101.0002,0.0002
396.19984152,101.0,101.0004,0.0004
396.39984144,101.0,101.0004,0.0005
396.59984135999997,101.0,101.0007,0.0007
396.79984128,101.0,101.0008,0.0008
396.9998412,101.0,101.0008,0.0009
397.19984112000003,101.0,101.001,0.001
397.39984104,101.0,101.0011,0.0012
397.59984096,101.0,101.0012,0.0012
397.79984088000003,101.0,101.0014,0.0014
397.9998408,101.0,101.0014,0.0014
398.19984072000005,101.0,101.0015,0.0015
398.39984064,101.0,101.0015,0.0015
398.59984056,101.0,101.0014,0.0014
398.79984048,101.0,101.0013,0.0013
398.99984040000004,101.0,101.0012,0.0012
399.19984032,101.0,101.0012,0.0012
399.39984024,101.0,101.001,0.001
399.59984016,101.0,101.0009,0.0009
399.79984008,101.0,101.0007,0.0007
399.99984,101.0,101.0005,0.0005
400.19983992000004,101.0,101.0004,0.0004
400.39983983999997,101.0,101.0002,0.0002
400.59983976,101.0,101.0001,0.0001
400.79983968,101.0,101.0001,0.0001
400.99983960000003,101.0,101.0,0.0001
401.19983952,101.0,101.0,0.0
401.39983944,101.0,101.0001,0.0001
401.59983936,101.0,101.0001,0.0001
401.79983928,101.0,101.0003,0.0003
401.9998392,101.0,101.0004,0.0004
402.19983912000004,101.0,101.0004,0.0004
402.39983903999996,101.0,101.0003,0.0004
402.59983896,101.0,101.0004,0.0004
402.79983888,101.0,101.0003,0.0003
402.9998388,101.0,101.0003,0.0003
403.19983872,101.0,101.0002,0.0002
403.39983864,101.0,101.0001,0.0001
403.59983856,101.0,101.0,0.0
403.79983848,101.0,100.9999,-0.0
403.99983840000004,101.0,100.9999,0.0
404.19983832,101.0,100.9999,0.0
404.39983824,101.0,101.0,0.0
404.59983816,101.0,100.9998,-0.0001
404.79983808000003,101.0,100.9997,-0.0002
404.999838,101.0,100.9996,-0.0003
405.19983792000005,101.0,100.9996,-0.0003
405.39983784,101.0,100.9996,-0.0003
405.59983776,101.0,100.9996,-0.0002
405.79983768,101.0,100.9997,-0.0002
405.99983760000003,101.0,100.9998,-0.0001
406.19983752,101.0,100.9998,-0.0001
406.39983744,101.0,100.9999,-0.0
406.59983736,101.0,100.9998,-0.0001
406.79983728,101.0,100.9998,-0.0001
406.9998372,101.0,100.9997,-0.0002
407.19983712000004,101.0,100.9996,-0.0002
407.39983703999997,101.0,100.9996,-0.0003
407.59983696,101.0,100.9995,-0.0004
407.79983688,101.0,100.9995,-0.0004
407.9998368,101.0,100.9995,-0.0004
408.19983672,101.0,100.9994,-0.0005
408.39983664,101.0,100.9994,-0.0005
408.59983655999997,101.0,100.9993,-0.0005
408.79983648,101.0,100.9993,-0.0006
408.9998364,101.0,100.9993,-0.0006
409.19983632000003,101.0,100.9995,-0.0004
409.39983623999996,101.0,100.9996,-0.0003
409.59983616,101.0,100.9997,-0.0001
409.79983608000003,101.0,101.0001,0.0001
409.999836,101.0,101.0003,0.0003
410.19983592000006,101.0,101.0005,0.0005
410.39983584,101.0,101.0006,0.0006
410.59983576,101.0,101.0007,0.0007
410.79983568,101.0,101.0008,0.0008
410.99983560000004,101.0,101.0009,0.0009
411.19983552,101.0,101.0009,0.0009
411.39983544,101.0,101.001,0.001
411.59983536,101.0,101.0011,0.0011
411.79983528,101.0,101.0011,0.0011
411.9998352,101.0,101.0012,0.0013
412.19983512000005,101.0,101.0012,0.0012
412.39983503999997,101.0,101.001,0.001
412.59983496,101.0,101.001,0.001
412.79983488,101.0,101.0008,0.0008
412.99983480000003,101.0,101.0007,0.0007
413.19983472,101.0,101.0007,0.0007
413.39983464,101.0,101.0007,0.0007
413.59983456,101.0,101.0008,0.0008
413.79983448,101.0,101.0008,0.0009
413.9998344,101.0,101.0009,0.0009
414.19983432000004,101.0,101.0009,0.0009
414.39983423999996,101.0,101.001,0.001
414.59983416,101.0,101.0009,0.0009
414.79983408,101.0,101.0009,0.0009
414.999834,101.0,101.0008,0.0008
415.19983392,101.0,101.0007,0.0007
415.39983384,101.0,101.0006,0.0006
415.59983375999997,101.0,101.0005,0.0005
415.79983368,101.0,101.0003,0.0004
415.99983360000004,101.0,101.0004,0.0005
416.19983352,101.0,101.0004,0.0005
416.39983344,101.0,101.0004,0.0005
416.59983336,101.0,101.0004,0.0004
416.79983328000003,101.0,101.0003,0.0003
416.9998332,101.0,101.0002,0.0002
417.19983312000005,101.0,101.0001,0.0001
417.39983304,101.0,101.0002,0.0002
417.59983296,101.0,101.0,0.0
417.79983288,101.0,101.0001,0.0001
417.99983280000004,101.0,101.0001,0.0001
418.19983272,101.0,101.0001,0.0001
418.39983264,101.0,101.0001,0.0001
418.59983256,101.0,101.0001,0.0001
418.79983248,101.0,101.0001,0.0001
418.9998324,101.0,101.0001,0.0001
419.19983232000004,101.0,101.0,0.0001
419.39983223999997,101.0,101.0,0.0
419.59983216,101.0,100.9998,-0.0001
419.79983208,101.0,100.9998,-0.0001
419.999832,101.0,100.9998,-0.0001
420.19983192,101.0,100.9997,-0.0001
420.39983184,101.0,100.9997,-0.0002
420.59983176,101.0,100.9995,-0.0004
420.79983168,101.0,100.9995,-0.0004
420.9998316,101.0,100.9993,-0.0006
421.19983152000003,101.0,100.9992,-0.0007
421.39983143999996,101.0,100.9993,-0.0006
421.59983136,101.0,100.9993,-0.0006
421.79983128,101.0,100.9992,-0.0007
421.9998312,101.0,100.9991,-0.0008
422.19983112000006,101.0,100.9991,-0.0008
422.39983104,101.0,100.9989,-0.0009
422.59983096,101.0,100.9989,-0.001
422.79983088,101.0,100.999,-0.0009
422.99983080000004,101.0,100.999,-0.0009
423.19983072,101.0,100.9989,-0.001
423.39983064,101.0,100.999,-0.0009
423.59983056,101.0,100.999,-0.0009
423.79983048,101.0,100.9991,-0.0008
423.9998304,101.0,100.9991,-0.0008
424.19983032000005,101.0,100.9992,-0.0007
424.39983024,101.0,100.9993,-0.0006
424.59983016,101.0,100.9992,-0.0007
424.79983008,101.0,100.9993,-0.0006
424.99983000000003,101.0,100.9993,-0.0006
425.19982992,101.0,100.9994,-0.0005
425.39982984,101.0,100.9993,-0.0006
425.59982976,101.0,100.9994,-0.0005
425.79982968,101.0,100.9994,-0.0005
425.9998296,101.0,100.9993,-0.0006
426.19982952000004,101.0,100.9993,-0.0006
426.39982943999996,101.0,100.9992,-0.0007
426.59982936,101.0,100.9989,-0.001
426.79982928,101.0,100.9987,-0.0012
426.9998292,101.0,100.9986,-0.0013
427.19982912,101.0,100.9984,-0.0014
427.39982904,101.0,100.9984,-0.0015
427.59982895999997,101.0,100.9983,-0.0016
427.79982888,101.0,100.9983,-0.0016
427.9998288,101.0,100.9982,-0.0017
428.19982872,101.0,100.9982,-0.0017
428.39982864,101.0,100.9982,-0.0017
428.59982856,101.0,100.9983,-0.0016
428.79982848000003,101.0,100.9984,-0.0015
428.9998284,101.0,100.9986,-0.0013
429.19982832000005,101.0,100.9987,-0.0012
429.39982824,101.0,100.9988,-0.0011
429.59982816,101.0,100.999,-0.0009
429.79982808,101.0,100.9992,-0.0007
429.99982800000004,101.0,100.9994,-0.0005
430.19982792,101.0,100.9996,-0.0003
430.39982784,101.0,100.9997,-0.0002
430.59982776,101.0,100.9999,-0.0
430.79982768,101.0,101.0,0.0
430.9998276,101.0,101.0,0.0
431.19982752000004,101.0,101.0001,0.0001
431.39982743999997,101.0,101.0001,0.0001
431.59982736,101.0,101.0001,0.0001
431.79982728,101.0,101.0001,0.0001
431.9998272,101.0,101.0001,0.0001
432.19982712,101.0,100.9999,-0.0
432.39982704,101.0,100.9998,-0.0001
432.59982696,101.0,100.9997,-0.0002
432.79982688,101.0,100.9998,-0.0001
432.9998268,101.0,100.9996,-0.0002
433.19982672000003,101.0,100.9996,-0.0003
433.39982663999996,101.0,100.9996,-0.0003
433.59982656,101.0,100.9995,-0.0003
433.79982648,101.0,100.9994,-0.0005
433.9998264,101.0,100.9993,-0.0006
434.19982632,101.0,100.9993,-0.0006
434.39982624,101.0,100.9993,-0.0006
434.59982616,101.0,100.9993,-0.0006
434.79982608,101.0,100.9993,-0.0006
434.99982600000004,101.0,100.9993,-0.0006
435.19982592,101.0,100.9992,-0.0007
435.39982584,101.0,100.9993,-0.0006
435.59982576,101.0,100.9993,-0.0006
435.79982568,101.0,100.9993,-0.0006
435.9998256,101.0,100.9993,-0.0006
436.19982552000005,101.0,100.9995,-0.0004
436.39982544,101.0,100.9996,-0.0002
436.59982536,101.0,100.9998,-0.0001
436.79982528,101.0,100.9998,-0.0001
436.99982520000003,101.0,100.9999,-0.0
437.19982512,101.0,100.9999,-0.0
437.39982504,101.0,101.0,0.0
437.59982496,101.0,101.0,0.0
437.79982488,101.0,101.0001,0.0001
437.9998248,101.0,101.0,0.0001
438.19982472000004,101.0,101.0001,0.0001
438.39982463999996,101.0,101.0002,0.0002
438.59982456,101.0,101.0002,0.0002
438.79982448,101.0,101.0001,0.0001
438.9998244,101.0,101.0,0.0
439.19982432,101.0,101.0,0.0
439.39982424,101.0,101.0,0.0
439.59982415999997,101.0,100.9998,-0.0001
439.79982408,101.0,100.9997,-0.0002
439.999824,101.0,100.9997,-0.0002
440.19982392000003,101.0,100.9996,-0.0003
440.39982383999995,101.0,100.9997,-0.0002
440.59982376,101.0,100.9997,-0.0002
440.79982368000003,101.0,100.9997,-0.0002
440.9998236,101.0,100.9997,-0.0002
441.19982352000005,101.0,100.9998,-0.0001
441.39982344,101.0,101.0,0.0
441.59982336,101.0,101.0,0.0
441.79982328,101.0,101.0,0.0
441.99982320000004,101.0,101.0001,0.0001
442.19982312,101.0,101.0002,0.0002
442.39982304,101.0,101.0002,0.0002
442.59982296,101.0,101.0002,0.0002
442.79982288,101.0,101.0002,0.0002
442.9998228,101.0,101.0002,0.0002
443.19982272000004,101.0,101.0001,0.0001
443.39982264,101.0,101.0,0.0
443.59982256,101.0,101.0,0.0
443.79982248,101.0,100.9998,-0.0
443.9998224,101.0,100.9997,-0.0002
444.19982232,101.0,100.9998,-0.0001
444.39982224,101.0,100.9998,-0.0001
444.59982216,101.0,100.9997,-0.0002
444.79982208,101.0,100.9997,-0.0002
444.999822,101.0,100.9997,-0.0002
445.19982192000003,101.0,100.9996,-0.0002
445.39982184,101.0,100.9996,-0.0003
445.59982176,101.0,100.9995,-0.0004
445.79982168,101.0,100.9995,-0.0004
445.9998216,101.0,100.9993,-0.0006
446.19982152,101.0,100.9992,-0.0007
446.39982144,101.0,100.999,-0.0009
446.59982135999996,101.0,100.9989,-0.001
446.79982128,101.0,100.9987,-0.0012
446.99982120000004,101.0,100.9986,-0.0013
447.19982112,101.0,100.9985,-0.0014
447.39982104,101.0,100.9983,-0.0016
447.59982096,101.0,100.9981,-0.0018
447.79982088,101.0,100.9979,-0.002
447.9998208,101.0,100.9976,-0.0023
448.19982072000005,101.0,100.9975,-0.0024
448.39982064000003,101.0,100.9975,-0.0024
448.59982056,101.0,100.9974,-0.0025
448.79982048,101.0,100.9974,-0.0025
448.99982040000003,101.0,100.9974,-0.0025
449.19982032,101.0,100.9974,-0.0025
449.39982024000005,101.0,100.9975,-0.0023
449.59982016,101.0,100.9977,-0.0022
449.79982008,101.0,100.9978,-0.0021
449.99982,101.0,100.9979,-0.002
450.19981992000004,101.0,100.9979,-0.0019
450.39981984,101.0,100.9979,-0.0019
450.59981976,101.0,100.998,-0.0019
450.79981968,101.0,100.998,-0.0019
450.9998196,101.0,100.998,-0.0019
451.19981952,101.0,100.998,-0.0019
451.39981944000004,101.0,100.998,-0.0019
451.59981935999997,101.0,100.9979,-0.002
451.79981928,101.0,100.9979,-0.002
451.9998192,101.0,100.9978,-0.0021
452.19981912000003,101.0,100.9977,-0.0022
452.39981904,101.0,100.9977,-0.0022
452.59981896,101.0,100.9977,-0.0022
452.79981888,101.0,100.9977,-0.0022
452.9998188,101.0,100.9977,-0.0022
453.19981872000005,101.0,100.9978,-0.0021
453.39981864000003,101.0,100.9978,-0.0021
453.59981856,101.0,100.9979,-0.002
453.79981848,101.0,100.9978,-0.0021
453.99981840000004,101.0,100.9978,-0.0021
454.19981832,101.0,100.9978,-0.0021
454.39981824000006,101.0,100.9977,-0.0022
454.59981816,101.0,100.9977,-0.0022
454.79981808,101.0,100.9977,-0.0022
454.999818,101.0,100.9977,-0.0022
455.19981792000004,101.0,100.9977,-0.0022
455.39981784,101.0,100.9978,-0.0021
455.59981776,101.0,100.9977,-0.0022
455.79981768,101.0,100.9977,-0.0022
455.99981760000003,101.0,100.9978,-0.0021
456.19981752,101.0,100.9979,-0.002
456.39981744000005,101.0,100.998,-0.0019
456.59981736,101.0,100.9981,-0.0018
456.79981728,101.0,100.998,-0.0018
456.9998172,101.0,100.9982,-0.0017
457.19981712000003,101.0,100.9982,-0.0017
457.39981704,101.0,100.9983,-0.0016
457.59981696,101.0,100.9984,-0.0015
457.79981688,101.0,100.9983,-0.0015
457.9998168,101.0,100.9983,-0.0016
458.19981672,101.0,100.9984,-0.0015
458.39981664000004,101.0,100.9984,-0.0015
458.59981655999997,101.0,100.9984,-0.0015
458.79981648,101.0,100.9984,-0.0015
458.9998164,101.0,100.9984,-0.0015
459.19981632,101.0,100.9982,-0.0017
459.39981624000006,101.0,100.9982,-0.0017
459.59981616,101.0,100.9982,-0.0017
459.79981608,101.0,100.9982,-0.0017
459.999816,101.0,100.9981,-0.0018
460.19981592000005,101.0,100.9981,-0.0018
460.39981584000003,101.0,100.9982,-0.0017
460.59981576,101.0,100.9983,-0.0016
460.79981568,101.0,100.9984,-0.0015
460.99981560000003,101.0,100.9984,-0.0015
461.19981552,101.0,100.9985,-0.0014
461.39981544000005,101.0,100.9987,-0.0012
461.59981536,101.0,100.9987,-0.0011
461.79981528,101.0,100.9988,-0.0011
461.9998152,101.0,100.9989,-0.001
462.19981512000004,101.0,100.9988,-0.0011
462.39981504,101.0,100.999,-0.0009
462.59981496,101.0,100.999,-0.0009
462.79981488,101.0,100.999,-0.0009
462.9998148,101.0,100.999,-0.0009
463.19981472,101.0,100.999,-0.0009
463.39981464000005,101.0,100.9989,-0.001
463.59981455999997,101.0,100.9989,-0.001
463.79981448,101.0,100.9988,-0.001
463.9998144,101.0,100.999,-0.0009
464.19981432000003,101.0,100.9991,-0.0008
464.39981424,101.0,100.9992,-0.0007
464.59981416,101.0,100.9993,-0.0006
464.79981408,101.0,100.9993,-0.0005
464.999814,101.0,100.9994,-0.0005
465.19981392,101.0,100.9994,-0.0005
465.39981384000004,101.0,100.9996,-0.0003
465.59981376,101.0,100.9997,-0.0002
465.79981368,101.0,100.9997,-0.0002
465.99981360000004,101.0,100.9998,-0.0001
466.19981352,101.0,100.9998,-0.0
466.39981344000006,101.0,100.9999,-0.0
466.59981336,101.0,100.9999,-0.0
466.79981328,101.0,100.9999,-0.0
466.9998132,101.0,100.9999,-0.0
467.19981312000004,101.0,100.9998,-0.0001
467.39981304,101.0,100.9998,-0.0
467.59981296,101.0,100.9998,-0.0001
467.79981288,101.0,100.9998,-0.0001
467.99981280000003,101.0,101.0,0.0
468.19981272,101.0,101.0002,0.0002
468.39981264000005,101.0,101.0002,0.0002
468.59981256,101.0,101.0002,0.0002
468.79981248,101.0,101.0003,0.0004
468.9998124,101.0,101.0004,0.0004
469.19981232000004,101.0,101.0005,0.0005
469.39981224,101.0,101.0005,0.0005
469.59981216,101.0,101.0008,0.0008
469.79981208,101.0,101.0009,0.0009
469.999812,101.0,101.0011,0.0011
470.19981192,101.0,101.0012,0.0013
470.39981184000004,101.0,101.0015,0.0015
470.59981175999997,101.0,101.0015,0.0015
470.79981168,101.0,101.0015,0.0015
470.9998116,101.0,101.0015,0.0015
471.19981152,101.0,101.0016,0.0016
471.39981144,101.0,101.0015,0.0015
471.59981136,101.0,101.0016,0.0016
471.79981128000003,101.0,101.0016,0.0016
471.9998112,101.0,101.0015,0.0015
472.19981112000005,101.0,101.0013,0.0014
472.39981104000003,101.0,101.0013,0.0013
472.59981096,101.0,101.0012,0.0012
472.79981088,101.0,101.0011,0.0011
472.99981080000003,101.0,101.0011,0.0012
473.19981072,101.0,101.0011,0.0012
473.39981064000006,101.0,101.0011,0.0011
473.59981056,101.0,101.001,0.001
473.79981048,101.0,101.001,0.001
473.9998104,101.0,101.001,0.001
474.19981032000004,101.0,101.0008,0.0009
474.39981024,101.0,101.0007,0.0007
474.59981016,101.0,101.0007,0.0007
474.79981008,101.0,101.0007,0.0007
474.99981,101.0,101.0007,0.0007
475.19980992,101.0,101.0007,0.0008
475.39980984000005,101.0,101.001,0.001
475.59980975999997,101.0,101.0009,0.0009
475.79980968,101.0,101.001,0.001
475.9998096,101.0,101.0011,0.0011
476.19980952000003,101.0,101.0011,0.0011
476.39980944,101.0,101.0012,0.0012
476.59980936,101.0,101.0012,0.0012
476.79980928,101.0,101.0012,0.0012
476.9998092,101.0,101.0012,0.0012
477.19980912,101.0,101.0013,0.0013
477.39980904000004,101.0,101.0013,0.0013
477.59980895999996,101.0,101.0013,0.0013
477.79980888,101.0,101.0012,0.0013
477.99980880000004,101.0,101.0011,0.0012
478.19980872,101.0,101.0011,0.0011
478.39980864000006,101.0,101.0009,0.0009
478.59980856,101.0,101.0007,0.0008
478.79980848,101.0,101.0007,0.0007
478.9998084,101.0,101.0005,0.0006
479.19980832000005,101.0,101.0003,0.0004
479.39980824,101.0,101.0002,0.0002
479.59980816,101.0,100.9998,-0.0001
479.79980808,101.0,100.9995,-0.0004
479.99980800000003,101.0,100.9993,-0.0006
480.19980792,101.0,100.9991,-0.0007
480.39980784000005,101.0,100.999,-0.0009
480.59980776,101.0,100.9989,-0.001
480.79980768,101.0,100.9988,-0.001
480.9998076,101.0,100.9987,-0.0012
481.19980752000004,101.0,100.9987,-0.0012
481.39980744,101.0,100.9986,-0.0013
481.59980736,101.0,100.9987,-0.0012
481.79980728,101.0,100.9987,-0.0012
481.9998072,101.0,100.9986,-0.0013
482.19980712,101.0,100.9987,-0.0011
482.39980704000004,101.0,100.9989,-0.001
482.59980695999997,101.0,100.9989,-0.001
482.79980688,101.0,100.9989,-0.0009
482.9998068,101.0,100.999,-0.0009
483.19980672,101.0,100.999,-0.0009
483.39980664,101.0,100.999,-0.0009
483.59980656,101.0,100.9991,-0.0008
483.79980648,101.0,100.9991,-0.0008
483.9998064,101.0,100.999,-0.0009
484.19980632000005,101.0,100.9991,-0.0008
484.39980624000003,101.0,100.9992,-0.0007
484.59980616,101.0,100.9991,-0.0008
484.79980608,101.0,100.9991,-0.0008
484.99980600000004,101.0,100.999,-0.0009
485.19980592,101.0,100.9991,-0.0008
485.39980584000006,101.0,100.999,-0.0009
485.59980576,101.0,100.9989,-0.0009
485.79980568,101.0,100.9989,-0.001
485.9998056,101.0,100.999,-0.0009
486.19980552000004,101.0,100.9989,-0.001
486.39980544,101.0,100.9989,-0.001
486.59980536,101.0,100.9988,-0.0011
486.79980528,101.0,100.9986,-0.0013
486.9998052,101.0,100.9985,-0.0014
487.19980512,101.0,100.9984,-0.0015
487.39980504000005,101.0,100.9983,-0.0015
487.59980496,101.0,100.9982,-0.0017
487.79980488,101.0,100.9983,-0.0016
487.9998048,101.0,100.9982,-0.0017
488.19980472000003,101.0,100.9981,-0.0018
488.39980464,101.0,100.9979,-0.0019
488.59980456,101.0,100.9978,-0.0021
488.79980448,101.0,100.9979,-0.002
488.9998044,101.0,100.9978,-0.0021
489.19980432,101.0,100.9978,-0.0021
489.39980424000004,101.0,100.9978,-0.0021
489.59980415999996,101.0,100.998,-0.0019
489.79980408,101.0,100.998,-0.0019
489.999804,101.0,100.9981,-0.0018
490.19980392,101.0,100.9982,-0.0017
490.39980384000006,101.0,100.9984,-0.0015
490.59980376,101.0,100.9985,-0.0014
490.79980368,101.0,100.9985,-0.0014
490.9998036,101.0,100.9984,-0.0015
491.19980352000005,101.0,100.9984,-0.0015
491.39980344,101.0,100.9985,-0.0014
491.59980336,101.0,100.9986,-0.0013
491.79980328,101.0,100.9986,-0.0013
491.99980320000003,101.0,100.9986,-0.0013
492.19980312,101.0,100.9986,-0.0013
492.39980304000005,101.0,100.9986,-0.0013
492.59980296,101.0,100.9986,-0.0013
492.79980288,101.0,100.9985,-0.0014
492.9998028,101.0,100.9984,-0.0014
493.19980272000004,101.0,100.9985,-0.0014
493.39980264,101.0,100.9983,-0.0016
493.59980256,101.0,100.9982,-0.0017
493.79980248,101.0,100.9981,-0.0018
493.9998024,101.0,100.9981,-0.0018
494.19980232,101.0,100.9981,-0.0018
494.39980224000004,101.0,100.9982,-0.0017
494.59980215999997,101.0,100.9982,-0.0017
494.79980208,101.0,100.9982,-0.0017
494.999802,101.0,100.9983,-0.0016
495.19980192,101.0,100.9983,-0.0016
495.39980184,101.0,100.9982,-0.0017
495.59980176,101.0,100.9983,-0.0016
495.79980168,101.0,100.9984,-0.0015
495.9998016,101.0,100.9985,-0.0014
496.19980152,101.0,100.9986,-0.0013
496.39980144000003,101.0,100.9986,-0.0012
496.59980136,101.0,100.9988,-0.001
496.79980128,101.0,100.9989,-0.001
496.99980120000004,101.0,100.9989,-0.001
497.19980112,101.0,100.9988,-0.0011
497.39980104000006,101.0,100.9989,-0.001
497.59980096,101.0,100.9988,-0.0011
497.79980088,101.0,100.9988,-0.0011
497.9998008,101.0,100.9986,-0.0013
498.19980072000004,101.0,100.9985,-0.0014
498.39980064,101.0,100.9986,-0.0013
498.59980056,101.0,100.9988,-0.0011
498.79980048,101.0,100.9987,-0.0012
498.9998004,101.0,100.9987,-0.0012
499.19980032,101.0,100.9986,-0.0013
499.39980024000005,101.0,100.9987,-0.0012
499.59980016,101.0,100.9987,-0.0012
499.79980008,101.0,100.9986,-0.0013
499.9998,101.0,100.9986,-0.0013
500.19979992,101.0,100.9985,-0.0014
500.39979984000007,101.0,100.9985,-0.0014
500.59979976,101.0,100.9984,-0.0015
500.79979968,101.0,100.9984,-0.0014
500.99979959999996,101.0,100.9984,-0.0015
501.19979952000006,101.0,100.9985,-0.0014
501.39979944000004,101.0,100.9985,-0.0014
501.59979935999996,101.0,100.9985,-0.0014
501.79979927999995,101.0,100.9984,-0.0015
501.99979920000004,101.0,100.9985,-0.0014
502.19979912,101.0,100.9984,-0.0015
502.39979904,101.0,100.9984,-0.0015
502.59979895999993,101.0,100.9984,-0.0015
502.79979888,101.0,100.9983,-0.0016
502.9997988,101.0,100.9983,-0.0015
503.19979872,101.0,100.9984,-0.0015
503.3997986400001,101.0,100.9985,-0.0014
503.59979856,101.0,100.9986,-0.0013
503.79979848,101.0,100.9988,-0.0011
503.9997984,101.0,100.999,-0.0009
504.19979832000007,101.0,100.9992,-0.0007
504.39979824000005,101.0,100.9994,-0.0005
504.59979816,101.0,100.9995,-0.0004
504.79979807999996,101.0,100.9996,-0.0003
504.99979800000006,101.0,100.9996,-0.0003
505.19979792000004,101.0,100.9998,-0.0001
505.39979784,101.0,100.9998,-0.0001
505.59979775999994,101.0,100.9998,-0.0001
505.79979768000004,101.0,100.9997,-0.0002
505.9997976,101.0,100.9997,-0.0002
506.19979752,101.0,100.9996,-0.0002
506.39979744,101.0,100.9995,-0.0004
506.59979736,101.0,100.9994,-0.0005
506.79979728,101.0,100.9994,-0.0005
506.9997972,101.0,100.9992,-0.0007
507.19979711999997,101.0,100.9992,-0.0007
507.39979704000007,101.0,100.999,-0.0009
507.59979696,101.0,100.9988,-0.0011
507.79979688,101.0,100.9987,-0.0012
507.99979679999996,101.0,100.9987,-0.0012
508.19979672000005,101.0,100.9986,-0.0013
508.39979664000003,101.0,100.9986,-0.0013
508.59979655999996,101.0,100.9986,-0.0013
508.79979647999994,101.0,100.9987,-0.0012
508.99979640000004,101.0,100.9988,-0.001
509.19979632,101.0,100.999,-0.0009
509.39979624,101.0,100.9992,-0.0007
509.59979616000004,101.0,100.9992,-0.0006
509.79979608,101.0,100.9994,-0.0005
509.999796,101.0,100.9995,-0.0004
510.19979592,101.0,100.9997,-0.0002
510.3997958400001,101.0,100.9997,-0.0002
510.59979576,101.0,100.9997,-0.0002
510.79979568,101.0,100.9997,-0.0002
510.99979559999997,101.0,100.9997,-0.0002
511.19979552000007,101.0,100.9998,-0.0001
511.39979544000005,101.0,100.9998,-0.0001
511.59979536,101.0,100.9998,-0.0001
511.79979527999996,101.0,100.9998,-0.0001
511.99979520000005,101.0,101.0,0.0
512.19979512,101.0,101.0,0.0
512.39979504,101.0,100.9999,-0.0
512.5997949599999,101.0,100.9999,-0.0
512.79979488,101.0,101.0,0.0
512.9997948,101.0,101.0,0.0
513.19979472,101.0,101.0,0.0001
513.39979464,101.0,101.0,0.0
513.5997945600001,101.0,101.0,0.0
513.7997944800001,101.0,101.0001,0.0001
513.9997944,101.0,101.0001,0.0001
514.1997943199999,101.0,101.0001,0.0001
514.39979424,101.0,101.0,0.0
514.59979416,101.0,100.9999,-0.0
514.79979408,101.0,100.9998,-0.0001
514.999794,101.0,100.9997,-0.0002
515.19979392,101.0,100.9995,-0.0004
515.39979384,101.0,100.9993,-0.0005
515.59979376,101.0,100.9993,-0.0006
515.7997936800001,101.0,100.9993,-0.0006
515.9997936000001,101.0,100.9992,-0.0007
516.19979352,101.0,100.9992,-0.0007
516.3997934399999,101.0,100.9992,-0.0007
516.59979336,101.0,100.9992,-0.0007
516.79979328,101.0,100.9992,-0.0007
516.9997932,101.0,100.9991,-0.0007
517.19979312,101.0,100.9991,-0.0008
517.3997930400001,101.0,100.9992,-0.0007
517.5997929600001,101.0,100.9991,-0.0007
517.79979288,101.0,100.9992,-0.0007
517.9997928,101.0,100.9993,-0.0006
518.19979272,101.0,100.9994,-0.0005
518.39979264,101.0,100.9994,-0.0005
518.59979256,101.0,100.9994,-0.0005
518.79979248,101.0,100.9993,-0.0006
518.9997924,101.0,100.9991,-0.0007
519.19979232,101.0,100.9989,-0.001
519.39979224,101.0,100.9987,-0.0012
519.59979216,101.0,100.9986,-0.0013
519.7997920800001,101.0,100.9985,-0.0014
519.9997920000001,101.0,100.9985,-0.0014
520.1997919199999,101.0,100.9985,-0.0014
520.3997918399999,101.0,100.9986,-0.0013
520.59979176,101.0,100.9986,-0.0012
520.79979168,101.0,100.9988,-0.0011
520.9997916,101.0,100.999,-0.0009
521.19979152,101.0,100.999,-0.0009
521.3997914400001,101.0,100.9991,-0.0008
521.59979136,101.0,100.9992,-0.0007
521.79979128,101.0,100.9993,-0.0006
521.9997912000001,101.0,100.9995,-0.0003
522.19979112,101.0,100.9998,-0.0001
522.39979104,101.0,101.0001,0.0001
522.59979096,101.0,101.0003,0.0003
522.79979088,101.0,101.0004,0.0004
522.9997908,101.0,101.0004,0.0004
523.19979072,101.0,101.0003,0.0004
523.39979064,101.0,101.0004,0.0004
523.5997905600001,101.0,101.0003,0.0003
523.7997904800001,101.0,101.0004,0.0004
523.9997904,101.0,101.0004,0.0004
524.1997903199999,101.0,101.0005,0.0005
524.39979024,101.0,101.0006,0.0006
524.59979016,101.0,101.0006,0.0006
524.79979008,101.0,101.0006,0.0006
524.99979,101.0,101.0007,0.0007
525.1997899200001,101.0,101.0006,0.0007
525.39978984,101.0,101.0006,0.0006
525.59978976,101.0,101.0006,0.0006
525.79978968,101.0,101.0007,0.0007
525.9997896000001,101.0,101.0008,0.0008
526.19978952,101.0,101.0009,0.0009
526.39978944,101.0,101.0009,0.0009
526.5997893599999,101.0,101.0009,0.0009
526.79978928,101.0,101.0009,0.0009
526.9997892,101.0,101.0008,0.0008
527.19978912,101.0,101.0007,0.0008
527.39978904,101.0,101.0006,0.0006
527.5997889600001,101.0,101.0004,0.0004
527.79978888,101.0,101.0004,0.0004
527.9997888,101.0,101.0003,0.0003
528.19978872,101.0,101.0003,0.0003
528.39978864,101.0,101.0003,0.0003
528.59978856,101.0,101.0003,0.0003
528.79978848,101.0,101.0004,0.0004
528.9997884,101.0,101.0004,0.0004
529.19978832,101.0,101.0003,0.0003
529.39978824,101.0,101.0003,0.0004
529.59978816,101.0,101.0005,0.0005
529.7997880800001,101.0,101.0006,0.0006
529.9997880000001,101.0,101.0007,0.0007
530.19978792,101.0,101.0007,0.0007
530.3997878399999,101.0,101.0006,0.0006
530.59978776,101.0,101.0007,0.0007
530.79978768,101.0,101.0007,0.0007
530.9997876,101.0,101.0007,0.0008
531.19978752,101.0,101.0007,0.0007
531.3997874400001,101.0,101.0006,0.0006
531.59978736,101.0,101.0005,0.0005
531.79978728,101.0,101.0003,0.0004
531.9997872,101.0,101.0002,0.0002
532.19978712,101.0,101.0001,0.0001
532.39978704,101.0,101.0001,0.0001
532.59978696,101.0,101.0,0.0
532.7997868799999,101.0,100.9999,-0.0
532.9997868,101.0,100.9998,-0.0001
533.19978672,101.0,100.9997,-0.0002
533.39978664,101.0,100.9997,-0.0002
533.59978656,101.0,100.9997,-0.0002
533.7997864800001,101.0,100.9996,-0.0003
533.9997864000001,101.0,100.9995,-0.0004
534.1997863199999,101.0,100.9994,-0.0005
534.39978624,101.0,100.9993,-0.0006
534.59978616,101.0,100.9992,-0.0007
534.79978608,101.0,100.9992,-0.0007
534.999786,101.0,100.9991,-0.0008
535.1997859200001,101.0,100.9991,-0.0008
535.39978584,101.0,100.999,-0.0009
535.59978576,101.0,100.9989,-0.001
535.79978568,101.0,100.9989,-0.001
535.9997856000001,101.0,100.9988,-0.0011
536.19978552,101.0,100.9987,-0.0012
536.39978544,101.0,100.9986,-0.0012
536.5997853599999,101.0,100.9986,-0.0013
536.79978528,101.0,100.9985,-0.0014
536.9997852,101.0,100.9985,-0.0014
537.19978512,101.0,100.9985,-0.0014
537.39978504,101.0,100.9984,-0.0014
537.5997849600001,101.0,100.9984,-0.0015
537.7997848800001,101.0,100.9985,-0.0014
537.9997848,101.0,100.9986,-0.0013
538.1997847199999,101.0,100.9986,-0.0013
538.39978464,101.0,100.9987,-0.0012
538.59978456,101.0,100.9988,-0.0011
538.79978448,101.0,100.9989,-0.001
538.9997844,101.0,100.9988,-0.001
539.19978432,101.0,100.9989,-0.001
539.39978424,101.0,100.9988,-0.0011
539.59978416,101.0,100.9988,-0.0011
539.79978408,101.0,100.9989,-0.001
539.9997840000001,101.0,100.9989,-0.001
540.19978392,101.0,100.9989,-0.001
540.3997838399999,101.0,100.9989,-0.001
540.59978376,101.0,100.999,-0.0009
540.79978368,101.0,100.9991,-0.0008
540.9997836,101.0,100.9992,-0.0006
541.19978352,101.0,100.9993,-0.0006
541.3997834400001,101.0,100.9993,-0.0006
541.5997833600001,101.0,100.9994,-0.0005
541.79978328,101.0,100.9994,-0.0005
541.9997832,101.0,100.9996,-0.0003
542.19978312,101.0,100.9997,-0.0002
542.39978304,101.0,100.9999,-0.0
542.59978296,101.0,101.0001,0.0001
542.79978288,101.0,101.0003,0.0003
542.9997828,101.0,101.0004,0.0004
543.19978272,101.0,101.0005,0.0006
543.39978264,101.0,101.0007,0.0007
543.59978256,101.0,101.0009,0.0009
543.7997824800001,101.0,101.001,0.001
543.9997824000001,101.0,101.0011,0.0011
544.1997823199999,101.0,101.0012,0.0012
544.3997822399999,101.0,101.0013,0.0013
544.59978216,101.0,101.0014,0.0014
544.79978208,101.0,101.0015,0.0015
544.999782,101.0,101.0015,0.0015
545.19978192,101.0,101.0015,0.0015
545.3997818400001,101.0,101.0015,0.0015
545.59978176,101.0,101.0013,0.0013
545.79978168,101.0,101.0013,0.0013
545.9997816,101.0,101.0012,0.0012
546.19978152,101.0,101.0011,0.0011
546.39978144,101.0,101.0009,0.0009
546.59978136,101.0,101.0008,0.0008
546.79978128,101.0,101.0006,0.0006
546.9997812,101.0,101.0006,0.0006
547.19978112,101.0,101.0005,0.0005
547.39978104,101.0,101.0004,0.0004
547.5997809600001,101.0,101.0003,0.0003
547.7997808800001,101.0,101.0002,0.0002
547.9997808,101.0,101.0001,0.0001
548.1997807199999,101.0,101.0001,0.0001
548.39978064,101.0,101.0,0.0
548.59978056,101.0,101.0,0.0001
548.79978048,101.0,101.0001,0.0001
548.9997804,101.0,101.0001,0.0001
549.1997803200001,101.0,101.0002,0.0002
549.39978024,101.0,101.0004,0.0004
549.59978016,101.0,101.0006,0.0006
549.79978008,101.0,101.0006,0.0007
549.9997800000001,101.0,101.0007,0.0007
550.19977992,101.0,101.0007,0.0007
550.39977984,101.0,101.0007,0.0007
550.5997797599999,101.0,101.0007,0.0007
550.79977968,101.0,101.0008,0.0008
550.9997796,101.0,101.0008,0.0008
551.19977952,101.0,101.0008,0.0009
551.39977944,101.0,101.0008,0.0008
551.5997793600001,101.0,101.0009,0.0009
551.79977928,101.0,101.001,0.001
551.9997792,101.0,101.0009,0.0009
552.1997791199999,101.0,101.0009,0.0009
552.39977904,101.0,101.0009,0.0009
552.59977896,101.0,101.0009,0.0009
552.79977888,101.0,101.0008,0.0009
552.9997788000001,101.0,101.0008,0.0008
553.19977872,101.0,101.0007,0.0007
553.39977864,101.0,101.0007,0.0007
553.59977856,101.0,101.0007,0.0007
553.7997784800001,101.0,101.0007,0.0007
553.9997784000001,101.0,101.0006,0.0006
554.19977832,101.0,101.0006,0.0006
554.3997782399999,101.0,101.0006,0.0006
554.59977816,101.0,101.0006,0.0006
554.79977808,101.0,101.0006,0.0006
554.999778,101.0,101.0006,0.0006
555.19977792,101.0,101.0008,0.0008
555.3997778400001,101.0,101.0009,0.0009
555.59977776,101.0,101.001,0.001
555.79977768,101.0,101.001,0.001
555.9997776,101.0,101.0011,0.0011
556.19977752,101.0,101.0013,0.0013
556.39977744,101.0,101.0015,0.0015
556.59977736,101.0,101.0016,0.0016
556.79977728,101.0,101.0017,0.0017
556.9997772,101.0,101.0018,0.0018
557.19977712,101.0,101.0018,0.0019
557.39977704,101.0,101.0018,0.0019
557.59977696,101.0,101.0019,0.0019
557.7997768800001,101.0,101.0018,0.0018
557.9997768000001,101.0,101.0017,0.0018
558.1997767199999,101.0,101.0016,0.0017
558.3997766399999,101.0,101.0014,0.0014
558.59977656,101.0,101.0013,0.0013
558.79977648,101.0,101.0011,0.0011
558.9997764,101.0,101.001,0.001
559.1997763200001,101.0,101.0008,0.0008
559.39977624,101.0,101.0006,0.0006
559.59977616,101.0,101.0004,0.0005
559.79977608,101.0,101.0003,0.0003
559.9997760000001,101.0,101.0003,0.0003
560.19977592,101.0,101.0001,0.0001
560.39977584,101.0,101.0001,0.0001
560.5997757599999,101.0,101.0,0.0001
560.79977568,101.0,101.0001,0.0001
560.9997756,101.0,101.0,0.0001
561.19977552,101.0,101.0,0.0
561.39977544,101.0,100.9998,-0.0001
561.5997753600001,101.0,100.9997,-0.0002
561.7997752800001,101.0,100.9995,-0.0004
561.9997752,101.0,100.9993,-0.0006
562.1997751199999,101.0,100.9992,-0.0007
562.39977504,101.0,100.9992,-0.0007
562.59977496,101.0,100.9991,-0.0008
562.79977488,101.0,100.999,-0.0009
562.9997748,101.0,100.999,-0.0009
563.19977472,101.0,100.999,-0.0009
563.39977464,101.0,100.9989,-0.001
563.59977456,101.0,100.999,-0.0009
563.79977448,101.0,100.9991,-0.0008
563.9997744000001,101.0,100.9992,-0.0007
564.19977432,101.0,100.9992,-0.0007
564.3997742399999,101.0,100.9993,-0.0006
564.5997741599999,101.0,100.9995,-0.0004
564.79977408,101.0,100.9996,-0.0002
564.999774,101.0,100.9998,-0.0001
565.19977392,101.0,101.0,0.0
565.3997738400001,101.0,101.0001,0.0001
565.5997737600001,101.0,101.0002,0.0002
565.79977368,101.0,101.0002,0.0002
565.9997736,101.0,101.0002,0.0002
566.19977352,101.0,101.0001,0.0001
566.39977344,101.0,101.0,0.0
566.59977336,101.0,100.9999,-0.0
566.79977328,101.0,100.9997,-0.0001
566.9997732,101.0,100.9996,-0.0003
567.19977312,101.0,100.9994,-0.0005
567.39977304,101.0,100.9994,-0.0005
567.59977296,101.0,100.9994,-0.0005
567.7997728800001,101.0,100.9994,-0.0005
567.9997728000001,101.0,100.9995,-0.0004
568.1997727199999,101.0,100.9995,-0.0004
568.3997726399999,101.0,100.9994,-0.0005
568.59977256,101.0,100.9995,-0.0004
568.79977248,101.0,100.9994,-0.0005
568.9997724,101.0,100.9996,-0.0003
569.19977232,101.0,100.9997,-0.0002
569.3997722400001,101.0,100.9998,-0.0001
569.59977216,101.0,101.0,0.0
569.79977208,101.0,101.0,0.0
569.999772,101.0,101.0001,0.0001
570.19977192,101.0,101.0001,0.0001
570.39977184,101.0,101.0001,0.0001
570.59977176,101.0,101.0,0.0
570.7997716799999,101.0,101.0,0.0
570.9997716,101.0,100.9999,0.0
571.19977152,101.0,101.0,0.0
571.39977144,101.0,101.0,0.0
571.5997713600001,101.0,101.0001,0.0001
571.7997712800001,101.0,101.0,0.0
571.9997712,101.0,101.0001,0.0001
572.1997711199999,101.0,101.0,0.0
572.39977104,101.0,100.9999,-0.0
572.59977096,101.0,100.9999,-0.0
572.79977088,101.0,100.9998,-0.0001
572.9997708,101.0,100.9997,-0.0001
573.1997707200001,101.0,100.9997,-0.0002
573.39977064,101.0,100.9996,-0.0002
573.59977056,101.0,100.9996,-0.0003
573.79977048,101.0,100.9996,-0.0002
573.9997704000001,101.0,100.9996,-0.0003
574.19977032,101.0,100.9995,-0.0004
574.39977024,101.0,100.9995,-0.0004
574.5997701599999,101.0,100.9994,-0.0005
574.79977008,101.0,100.9993,-0.0006
574.99977,101.0,100.9992,-0.0007
575.19976992,101.0,100.9992,-0.0007
575.39976984,101.0,100.9992,-0.0007
575.5997697600001,101.0,100.9992,-0.0007
575.79976968,101.0,100.9992,-0.0007
575.9997696,101.0,100.9994,-0.0005
576.1997695199999,101.0,100.9996,-0.0002
576.39976944,101.0,100.9997,-0.0002
576.59976936,101.0,100.9998,-0.0001
576.79976928,101.0,100.9998,-0.0
576.9997692,101.0,100.9998,-0.0001
577.19976912,101.0,100.9997,-0.0002
577.39976904,101.0,100.9997,-0.0002
577.59976896,101.0,100.9997,-0.0001
577.7997688800001,101.0,100.9998,-0.0001
577.9997688000001,101.0,100.9998,-0.0001
578.19976872,101.0,101.0,0.0
578.3997686399999,101.0,101.0,0.0
578.59976856,101.0,100.9999,0.0
578.79976848,101.0,101.0,0.0
578.9997684,101.0,101.0,0.0
579.19976832,101.0,100.9999,-0.0
579.3997682400001,101.0,100.9997,-0.0002
579.59976816,101.0,100.9998,-0.0001
579.79976808,101.0,100.9999,-0.0
579.999768,101.0,100.9999,-0.0
580.19976792,101.0,101.0,0.0
580.39976784,101.0,101.0,0.0
580.59976776,101.0,101.0001,0.0001
580.79976768,101.0,101.0,0.0001
580.9997676,101.0,101.0,0.0
581.19976752,101.0,101.0,0.0
581.39976744,101.0,100.9998,-0.0001
581.59976736,101.0,100.9998,-0.0001
581.7997672800001,101.0,100.9997,-0.0001
581.9997672000001,101.0,100.9997,-0.0002
582.1997671199999,101.0,100.9996,-0.0002
582.3997670399999,101.0,100.9997,-0.0002
582.59976696,101.0,100.9996,-0.0002
582.79976688,101.0,100.9995,-0.0004
582.9997668,101.0,100.9994,-0.0005
583.19976672,101.0,100.9994,-0.0005
583.39976664,101.0,100.9993,-0.0006
583.59976656,101.0,100.9994,-0.0005
583.79976648,101.0,100.9993,-0.0006
583.9997664000001,101.0,100.9994,-0.0005
584.19976632,101.0,100.9993,-0.0006
584.39976624,101.0,100.9993,-0.0006
584.59976616,101.0,100.9993,-0.0006
584.79976608,101.0,100.9991,-0.0008
584.999766,101.0,100.9991,-0.0008
585.19976592,101.0,100.9991,-0.0008
585.39976584,101.0,100.9991,-0.0008
585.5997657600001,101.0,100.9991,-0.0008
585.7997656800001,101.0,100.999,-0.0009
585.9997656,101.0,100.9988,-0.0011
586.19976552,101.0,100.9986,-0.0013
586.39976544,101.0,100.9985,-0.0014
586.59976536,101.0,100.9984,-0.0015
586.79976528,101.0,100.9983,-0.0016
586.9997652,101.0,100.9983,-0.0016
587.19976512,101.0,100.9982,-0.0017
587.39976504,101.0,100.9982,-0.0017
587.59976496,101.0,100.9983,-0.0016
587.79976488,101.0,100.9982,-0.0017
587.9997648000001,101.0,100.9984,-0.0015
588.19976472,101.0,100.9985,-0.0014
588.39976464,101.0,100.9985,-0.0014
588.5997645599999,101.0,100.9985,-0.0014
588.79976448,101.0,100.9987,-0.0012
588.9997644,101.0,100.9988,-0.0011
589.19976432,101.0,100.999,-0.0009
589.39976424,101.0,100.9992,-0.0007
589.5997641600001,101.0,100.9993,-0.0006
589.79976408,101.0,100.9995,-0.0004
589.999764,101.0,100.9995,-0.0004
590.19976392,101.0,100.9995,-0.0004
590.39976384,101.0,100.9996,-0.0002
590.59976376,101.0,100.9997,-0.0002
590.79976368,101.0,100.9997,-0.0001
590.9997636,101.0,100.9999,-0.0
591.19976352,101.0,101.0001,0.0001
591.39976344,101.0,101.0001,0.0001
591.59976336,101.0,101.0002,0.0002
591.7997632800001,101.0,101.0003,0.0003
591.9997632000001,101.0,101.0002,0.0003
592.19976312,101.0,101.0004,0.0004
592.3997630399999,101.0,101.0005,0.0005
592.59976296,101.0,101.0004,0.0005
592.79976288,101.0,101.0005,0.0005
592.9997628,101.0,101.0005,0.0005
593.19976272,101.0,101.0005,0.0005
593.3997626400001,101.0,101.0007,0.0007
593.59976256,101.0,101.0006,0.0006
593.79976248,101.0,101.0005,0.0005
593.9997624,101.0,101.0005,0.0005
594.19976232,101.0,101.0006,0.0006
594.39976224,101.0,101.0003,0.0004
594.59976216,101.0,101.0003,0.0003
594.7997620799999,101.0,101.0003,0.0003
594.999762,101.0,101.0002,0.0002
595.19976192,101.0,101.0001,0.0001
595.39976184,101.0,101.0,0.0
595.59976176,101.0,101.0,0.0
595.7997616800001,101.0,101.0001,0.0001
595.9997616,101.0,101.0,0.0
596.19976152,101.0,100.9999,0.0
596.39976144,101.0,100.9999,-0.0
596.59976136,101.0,100.9998,-0.0001
596.79976128,101.0,100.9998,-0.0001
596.9997612,101.0,100.9999,-0.0
597.1997611200001,101.0,100.9999,-0.0
597.39976104,101.0,100.9998,-0.0001
597.59976096,101.0,100.9999,-0.0
597.79976088,101.0,100.9998,-0.0001
597.9997608000001,101.0,100.9998,-0.0001
598.1997607200001,101.0,100.9998,-0.0001
598.39976064,101.0,100.9997,-0.0002
598.5997605599999,101.0,100.9997,-0.0002
598.79976048,101.0,100.9996,-0.0002
598.9997604,101.0,100.9996,-0.0002
599.19976032,101.0,100.9997,-0.0002
599.39976024,101.0,100.9997,-0.0002
599.5997601600001,101.0,100.9998,-0.0001
599.79976008,101.0,100.9998,-0.0
599.99976,101.0,100.9999,-0.0
600.19975992,101.0,100.9999,0.0
600.39975984,101.0,101.0,0.0
600.59975976,101.0,101.0,0.0
600.79975968,101.0,101.0001,0.0001
600.9997596,101.0,101.0002,0.0002
601.19975952,101.0,101.0003,0.0003
601.39975944,101.0,101.0004,0.0004
601.59975936,101.0,101.0005,0.0005
601.79975928,101.0,101.0007,0.0007
601.9997592000001,101.0,101.0008,0.0008
602.1997591200001,101.0,101.0008,0.0009
602.3997590399999,101.0,101.0009,0.0009
602.59975896,101.0,101.001,0.001
602.79975888,101.0,101.001,0.001
602.9997588,101.0,101.001,0.001
603.19975872,101.0,101.001,0.001
603.3997586400001,101.0,101.001,0.001
603.59975856,101.0,101.001,0.001
603.79975848,101.0,101.0011,0.0011
603.9997584,101.0,101.0012,0.0012
604.19975832,101.0,101.0012,0.0012
604.39975824,101.0,101.0011,0.0012
604.59975816,101.0,101.001,0.001
604.79975808,101.0,101.0009,0.0009
604.999758,101.0,101.0007,0.0007
605.19975792,101.0,101.0006,0.0006
605.39975784,101.0,101.0004,0.0004
605.59975776,101.0,101.0003,0.0003
605.7997576800001,101.0,101.0002,0.0002
605.9997576000001,101.0,101.0,0.0
606.19975752,101.0,100.9998,-0.0001
606.3997574399999,101.0,100.9997,-0.0002
606.59975736,101.0,100.9996,-0.0003
606.79975728,101.0,100.9994,-0.0005
606.9997572,101.0,100.9993,-0.0006
607.19975712,101.0,100.9991,-0.0008
607.39975704,101.0,100.9988,-0.0011
607.59975696,101.0,100.9987,-0.0012
607.79975688,101.0,100.9986,-0.0013
607.9997568,101.0,100.9986,-0.0013
608.1997567200001,101.0,100.9985,-0.0014
608.39975664,101.0,100.9985,-0.0014
608.59975656,101.0,100.9985,-0.0014
608.79975648,101.0,100.9984,-0.0014
608.9997564,101.0,100.9984,-0.0015
609.19975632,101.0,100.9984,-0.0015
609.39975624,101.0,100.9984,-0.0015
609.5997561600001,101.0,100.9984,-0.0015
609.7997560800001,101.0,100.9984,-0.0015
609.999756,101.0,100.9984,-0.0015
610.19975592,101.0,100.9983,-0.0016
610.39975584,101.0,100.9983,-0.0016
610.59975576,101.0,100.9984,-0.0015
610.79975568,101.0,100.9985,-0.0014
610.9997556,101.0,100.9986,-0.0013
611.19975552,101.0,100.9985,-0.0014
611.39975544,101.0,100.9986,-0.0013
611.59975536,101.0,100.9985,-0.0014
611.79975528,101.0,100.9985,-0.0014
611.9997552000001,101.0,100.9986,-0.0013
612.1997551200001,101.0,100.9988,-0.0011
612.39975504,101.0,100.9989,-0.001
612.5997549599999,101.0,100.9989,-0.001
612.79975488,101.0,100.999,-0.0009
612.9997548,101.0,100.999,-0.0009
613.19975472,101.0,100.9991,-0.0008
613.39975464,101.0,100.9992,-0.0007
613.5997545600001,101.0,100.9992,-0.0007
613.79975448,101.0,100.9993,-0.0006
613.9997544,101.0,100.9993,-0.0006
614.19975432,101.0,100.9992,-0.0007
614.39975424,101.0,100.9992,-0.0007
614.59975416,101.0,100.9992,-0.0007
614.79975408,101.0,100.9994,-0.0005
614.999754,101.0,100.9994,-0.0005
615.19975392,101.0,100.9994,-0.0005
615.39975384,101.0,100.9993,-0.0006
615.59975376,101.0,100.9994,-0.0005
615.7997536800001,101.0,100.9995,-0.0004
615.9997536000001,101.0,100.9996,-0.0003
616.1997535200001,101.0,100.9998,-0.0001
616.3997534399999,101.0,101.0,0.0
616.59975336,101.0,101.0,0.0
616.79975328,101.0,101.0001,0.0001
616.9997532,101.0,101.0002,0.0002
617.19975312,101.0,101.0002,0.0002
617.3997530400001,101.0,101.0003,0.0003
617.59975296,101.0,101.0004,0.0004
617.79975288,101.0,101.0005,0.0005
617.9997528,101.0,101.0006,0.0006
618.1997527200001,101.0,101.0006,0.0007
618.39975264,101.0,101.0007,0.0007
618.59975256,101.0,101.0006,0.0007
618.7997524799999,101.0,101.0007,0.0007
618.9997524,101.0,101.0006,0.0006
619.19975232,101.0,101.0004,0.0004
619.39975224,101.0,101.0003,0.0003
619.59975216,101.0,101.0002,0.0002
619.7997520800001,101.0,101.0001,0.0001
619.9997520000001,101.0,101.0001,0.0001
620.19975192,101.0,101.0,0.0
620.3997518399999,101.0,101.0,0.0
620.59975176,101.0,101.0,0.0
620.79975168,101.0,101.0001,0.0001
620.9997516,101.0,101.0001,0.0001
621.1997515200001,101.0,101.0002,0.0002
621.39975144,101.0,101.0002,0.0002
621.59975136,101.0,101.0002,0.0002
621.79975128,101.0,101.0003,0.0003
621.9997512000001,101.0,101.0002,0.0002
622.1997511200001,101.0,101.0002,0.0002
622.39975104,101.0,101.0002,0.0002
622.5997509599999,101.0,101.0,0.0
622.79975088,101.0,101.0,0.0
622.9997508,101.0,101.0,0.0
623.19975072,101.0,100.9999,-0.0
623.39975064,101.0,100.9999,-0.0
623.5997505600001,101.0,100.9999,-0.0
623.7997504800001,101.0,101.0,0.0
623.9997504,101.0,101.0,0.0
624.19975032,101.0,101.0,0.0
624.39975024,101.0,101.0,0.0
624.59975016,101.0,101.0,0.0
624.79975008,101.0,101.0001,0.0001
624.99975,101.0,101.0,0.0
625.19974992,101.0,101.0,0.0
625.39974984,101.0,101.0,0.0
625.59974976,101.0,100.9998,-0.0
625.79974968,101.0,100.9998,-0.0001
625.9997496000001,101.0,100.9997,-0.0002
626.1997495200001,101.0,100.9996,-0.0003
626.3997494399999,101.0,100.9996,-0.0003
626.5997493599999,101.0,100.9996,-0.0003
626.79974928,101.0,100.9995,-0.0004
626.9997492,101.0,100.9993,-0.0006
627.19974912,101.0,100.9992,-0.0007
627.3997490400001,101.0,100.999,-0.0009
627.59974896,101.0,100.9989,-0.001
627.79974888,101.0,100.9987,-0.0012
627.9997488,101.0,100.9987,-0.0012
628.1997487200001,101.0,100.9986,-0.0013
628.39974864,101.0,100.9988,-0.0011
628.59974856,101.0,100.9989,-0.001
628.79974848,101.0,100.9992,-0.0007
628.9997484,101.0,100.9994,-0.0005
629.19974832,101.0,100.9997,-0.0002
629.39974824,101.0,100.9999,-0.0
629.59974816,101.0,101.0,0.0
629.7997480800001,101.0,101.0,0.0
629.9997480000001,101.0,101.0001,0.0001
630.19974792,101.0,101.0002,0.0002
630.3997478399999,101.0,101.0002,0.0002
630.59974776,101.0,101.0002,0.0002
630.79974768,101.0,101.0002,0.0002
630.9997476,101.0,101.0002,0.0002
631.19974752,101.0,101.0002,0.0002
631.39974744,101.0,101.0002,0.0002
631.59974736,101.0,101.0001,0.0001
631.79974728,101.0,101.0,0.0001
631.9997472,101.0,100.9999,-0.0
632.1997471200001,101.0,100.9998,-0.0001
632.39974704,101.0,100.9996,-0.0003
632.59974696,101.0,100.9995,-0.0004
632.7997468799999,101.0,100.9993,-0.0005
632.9997468,101.0,100.9993,-0.0006
633.19974672,101.0,100.9991,-0.0007
633.39974664,101.0,100.999,-0.0009
633.5997465600001,101.0,100.9989,-0.001
633.7997464800001,101.0,100.9989,-0.001
633.9997464,101.0,100.9988,-0.001
634.19974632,101.0,100.9988,-0.0011
634.39974624,101.0,100.9987,-0.0011
634.59974616,101.0,100.9988,-0.0011
634.79974608,101.0,100.9986,-0.0013
634.999746,101.0,100.9986,-0.0013
635.19974592,101.0,100.9985,-0.0014
635.39974584,101.0,100.9983,-0.0015
635.59974576,101.0,100.9982,-0.0017
635.79974568,101.0,100.9981,-0.0018
635.9997456000001,101.0,100.9981,-0.0018
636.1997455200001,101.0,100.998,-0.0019
636.39974544,101.0,100.9979,-0.002
636.5997453599999,101.0,100.9979,-0.002
636.79974528,101.0,100.9978,-0.002
636.9997452,101.0,100.9978,-0.0021
637.19974512,101.0,100.9977,-0.0021
637.39974504,101.0,100.9977,-0.0022
637.5997449600001,101.0,100.9976,-0.0023
637.79974488,101.0,100.9974,-0.0025
637.9997448,101.0,100.9974,-0.0025
638.19974472,101.0,100.9974,-0.0025
638.39974464,101.0,100.9975,-0.0024
638.59974456,101.0,100.9976,-0.0023
638.79974448,101.0,100.9977,-0.0022
638.9997443999999,101.0,100.9979,-0.002
639.19974432,101.0,100.998,-0.0019
639.39974424,101.0,100.9981,-0.0018
639.59974416,101.0,100.9982,-0.0017
639.7997440800001,101.0,100.9983,-0.0016
639.9997440000001,101.0,100.9985,-0.0014
640.1997439200001,101.0,100.9987,-0.0012
640.3997438399999,101.0,100.9989,-0.001
640.59974376,101.0,100.9991,-0.0008
640.79974368,101.0,100.9993,-0.0006
640.9997436,101.0,100.9994,-0.0005
641.19974352,101.0,100.9995,-0.0004
641.3997434400001,101.0,100.9996,-0.0003
641.59974336,101.0,100.9996,-0.0003
641.79974328,101.0,100.9997,-0.0002
641.9997432,101.0,100.9998,-0.0001
642.1997431200001,101.0,100.9998,-0.0001
642.39974304,101.0,100.9998,-0.0001
642.59974296,101.0,100.9998,-0.0001
642.7997428799999,101.0,101.0,0.0001
642.9997428,101.0,101.0,0.0
643.19974272,101.0,101.0,0.0
643.39974264,101.0,101.0002,0.0002
643.59974256,101.0,101.0003,0.0003
643.7997424800001,101.0,101.0004,0.0004
643.9997424000001,101.0,101.0004,0.0004
644.19974232,101.0,101.0005,0.0005
644.3997422399999,101.0,101.0006,0.0006
644.59974216,101.0,101.0007,0.0007
644.79974208,101.0,101.0007,0.0007
644.999742,101.0,101.0008,0.0008
645.19974192,101.0,101.0008,0.0008
645.39974184,101.0,101.0008,0.0008
645.59974176,101.0,101.0008,0.0008
645.79974168,101.0,101.0008,0.0008
645.9997416000001,101.0,101.0005,0.0005
646.1997415200001,101.0,101.0006,0.0007
646.39974144,101.0,101.0006,0.0006
646.5997413599999,101.0,101.0004,0.0004
646.79974128,101.0,101.0002,0.0002
646.9997412,101.0,101.0001,0.0001
647.19974112,101.0,101.0,0.0
647.39974104,101.0,101.0001,0.0001
647.5997409600001,101.0,101.0,0.0001
647.7997408800001,101.0,101.0,0.0
647.9997408,101.0,101.0,0.0
648.19974072,101.0,101.0,0.0
648.39974064,101.0,100.9999,0.0
648.59974056,101.0,100.9999,-0.0
648.79974048,101.0,100.9999,-0.0
648.9997404,101.0,101.0,0.0
649.19974032,101.0,101.0001,0.0001
649.39974024,101.0,101.0001,0.0001
649.59974016,101.0,101.0002,0.0002
649.79974008,101.0,101.0002,0.0002
649.9997400000001,101.0,101.0003,0.0003
650.1997399200001,101.0,101.0003,0.0004
650.3997398399999,101.0,101.0004,0.0004
650.5997397599999,101.0,101.0002,0.0002
650.79973968,101.0,101.0002,0.0002
650.9997396,101.0,101.0003,0.0003
651.19973952,101.0,101.0003,0.0003
651.39973944,101.0,101.0004,0.0004
651.5997393600001,101.0,101.0004,0.0004
651.79973928,101.0,101.0004,0.0004
651.9997392,101.0,101.0005,0.0005
652.1997391200001,101.0,101.0006,0.0006
652.39973904,101.0,101.0007,0.0007
652.59973896,101.0,101.0006,0.0006
652.79973888,101.0,101.0007,0.0007
652.9997388,101.0,101.0007,0.0007
653.19973872,101.0,101.0007,0.0007
653.39973864,101.0,101.0006,0.0006
653.59973856,101.0,101.0006,0.0006
653.7997384800001,101.0,101.0005,0.0005
653.9997384000001,101.0,101.0004,0.0004
654.19973832,101.0,101.0003,0.0003
654.3997382399999,101.0,101.0001,0.0001
654.59973816,101.0,101.0,0.0
654.79973808,101.0,100.9999,-0.0
654.999738,101.0,100.9998,-0.0001
655.19973792,101.0,100.9996,-0.0002
655.3997378400001,101.0,100.9995,-0.0004
655.59973776,101.0,100.9993,-0.0005
655.79973768,101.0,100.9993,-0.0006
655.9997376,101.0,100.9992,-0.0007
656.1997375200001,101.0,100.9991,-0.0007
656.39973744,101.0,100.9991,-0.0008
656.59973736,101.0,100.999,-0.0009
656.7997372799999,101.0,100.9989,-0.001
656.9997372,101.0,100.999,-0.0009
657.19973712,101.0,100.9991,-0.0008
657.39973704,101.0,100.999,-0.0009
657.59973696,101.0,100.9989,-0.001
657.7997368800001,101.0,100.9988,-0.0011
657.9997368,101.0,100.9986,-0.0013
658.19973672,101.0,100.9986,-0.0013
658.39973664,101.0,100.9986,-0.0013
658.59973656,101.0,100.9986,-0.0013
658.79973648,101.0,100.9985,-0.0014
658.9997364,101.0,100.9984,-0.0015
659.19973632,101.0,100.9983,-0.0016
659.39973624,101.0,100.9982,-0.0017
659.59973616,101.0,100.9981,-0.0018
659.79973608,101.0,100.998,-0.0019
659.9997360000001,101.0,100.9981,-0.0018
660.1997359200001,101.0,100.9981,-0.0018
660.39973584,101.0,100.9981,-0.0018
660.5997357599999,101.0,100.9981,-0.0018
660.79973568,101.0,100.9981,-0.0018
660.9997356,101.0,100.9982,-0.0017
661.19973552,101.0,100.9982,-0.0017
661.39973544,101.0,100.9982,-0.0017
661.5997353600001,101.0,100.9981,-0.0018
661.79973528,101.0,100.9979,-0.0019
661.9997352,101.0,100.9979,-0.002
662.19973512,101.0,100.9977,-0.0022
662.39973504,101.0,100.9978,-0.0021
662.59973496,101.0,100.9978,-0.0021
662.79973488,101.0,100.9978,-0.0021
662.9997347999999,101.0,100.9979,-0.002
663.19973472,101.0,100.9979,-0.002
663.39973464,101.0,100.9979,-0.0019
663.59973456,101.0,100.9979,-0.0019
663.79973448,101.0,100.9981,-0.0018
663.9997344000001,101.0,100.9981,-0.0018
664.1997343200001,101.0,100.9982,-0.0017
664.3997342399999,101.0,100.9983,-0.0016
664.59973416,101.0,100.9984,-0.0015
664.79973408,101.0,100.9985,-0.0014
664.999734,101.0,100.9987,-0.0012
665.19973392,101.0,100.9989,-0.001
665.3997338400001,101.0,100.999,-0.0009
665.59973376,101.0,100.999,-0.0009
665.79973368,101.0,100.9991,-0.0007
665.9997336,101.0,100.9992,-0.0007
666.1997335200001,101.0,100.9992,-0.0007
666.39973344,101.0,100.9991,-0.0008
666.59973336,101.0,100.9991,-0.0008
666.7997332799999,101.0,100.9991,-0.0008
666.9997332,101.0,100.999,-0.0009
667.19973312,101.0,100.999,-0.0009
667.39973304,101.0,100.9989,-0.001
667.59973296,101.0,100.9989,-0.001
667.7997328800001,101.0,100.9988,-0.0011
667.9997328000001,101.0,100.9988,-0.0011
668.19973272,101.0,100.9987,-0.0012
668.3997326399999,101.0,100.9986,-0.0013
668.59973256,101.0,100.9987,-0.0011
668.79973248,101.0,100.9989,-0.001
668.9997324,101.0,100.9991,-0.0008
669.19973232,101.0,100.9992,-0.0007
669.39973224,101.0,100.9994,-0.0005
669.59973216,101.0,100.9995,-0.0004
669.79973208,101.0,100.9996,-0.0003
669.999732,101.0,100.9997,-0.0002
670.1997319200001,101.0,100.9998,-0.0001
670.39973184,101.0,100.9999,-0.0
670.5997317599999,101.0,101.0001,0.0001
670.79973168,101.0,101.0002,0.0002
670.9997316,101.0,101.0003,0.0004
671.19973152,101.0,101.0006,0.0006
671.39973144,101.0,101.0007,0.0007
671.5997313600001,101.0,101.0008,0.0008
671.7997312800001,101.0,101.0008,0.0008
671.9997312,101.0,101.0008,0.0008
672.19973112,101.0,101.0008,0.0008
672.39973104,101.0,101.0008,0.0008
672.59973096,101.0,101.0008,0.0008
672.79973088,101.0,101.0009,0.0009
672.9997308,101.0,101.0009,0.0009
673.19973072,101.0,101.001,0.001
673.39973064,101.0,101.0009,0.0009
673.59973056,101.0,101.0008,0.0009
673.79973048,101.0,101.0008,0.0008
673.9997304000001,101.0,101.0007,0.0007
674.1997303200001,101.0,101.0006,0.0006
674.3997302399999,101.0,101.0005,0.0005
674.5997301599999,101.0,101.0005,0.0006
674.79973008,101.0,101.0005,0.0005
674.99973,101.0,101.0003,0.0004
675.19972992,101.0,101.0003,0.0003
675.39972984,101.0,101.0002,0.0002
675.5997297600001,101.0,101.0001,0.0001
675.79972968,101.0,101.0001,0.0001
675.9997296,101.0,101.0001,0.0001
676.19972952,101.0,101.0,0.0
676.39972944,101.0,100.9999,-0.0
676.59972936,101.0,100.9998,-0.0
676.79972928,101.0,100.9999,-0.0
676.9997292,101.0,100.9999,-0.0
677.19972912,101.0,100.9999,-0.0
677.39972904,101.0,101.0,0.0
677.59972896,101.0,101.0,0.0
677.7997288800001,101.0,101.0,0.0
677.9997288000001,101.0,101.0001,0.0001
678.19972872,101.0,101.0002,0.0002
678.3997286399999,101.0,101.0002,0.0003
678.59972856,101.0,101.0004,0.0004
678.79972848,101.0,101.0003,0.0004
678.9997284,101.0,101.0003,0.0003
679.19972832,101.0,101.0002,0.0002
679.3997282400001,101.0,101.0003,0.0003
679.59972816,101.0,101.0004,0.0004
679.79972808,101.0,101.0005,0.0005
679.999728,101.0,101.0005,0.0005
680.1997279200001,101.0,101.0005,0.0005
680.39972784,101.0,101.0005,0.0005
680.59972776,101.0,101.0005,0.0005
680.7997276799999,101.0,101.0005,0.0005
680.9997276,101.0,101.0005,0.0005
681.19972752,101.0,101.0005,0.0005
681.39972744,101.0,101.0006,0.0006
681.59972736,101.0,101.0006,0.0006
681.7997272800001,101.0,101.0004,0.0004
681.9997272,101.0,101.0005,0.0005
682.19972712,101.0,101.0006,0.0006
682.39972704,101.0,101.0006,0.0006
682.59972696,101.0,101.0005,0.0005
682.79972688,101.0,101.0005,0.0005
682.9997268,101.0,101.0005,0.0005
683.1997267200001,101.0,101.0006,0.0006
683.39972664,101.0,101.0006,0.0006
683.59972656,101.0,101.0006,0.0006
683.79972648,101.0,101.0006,0.0006
683.9997264000001,101.0,101.0006,0.0006
684.1997263200001,101.0,101.0006,0.0006
684.39972624,101.0,101.0005,0.0005
684.5997261599999,101.0,101.0004,0.0004
684.79972608,101.0,101.0004,0.0004
684.999726,101.0,101.0004,0.0004
685.19972592,101.0,101.0002,0.0002
685.39972584,101.0,101.0002,0.0002
685.5997257600001,101.0,101.0,0.0
685.79972568,101.0,100.9998,-0.0001
685.9997256,101.0,100.9995,-0.0003
686.19972552,101.0,100.9993,-0.0006
686.39972544,101.0,100.9992,-0.0007
686.59972536,101.0,100.9991,-0.0008
686.79972528,101.0,100.999,-0.0009
686.9997252,101.0,100.999,-0.0009
687.19972512,101.0,100.9989,-0.001
687.39972504,101.0,100.999,-0.0009
687.59972496,101.0,100.9991,-0.0008
687.79972488,101.0,100.9991,-0.0008
687.9997248000001,101.0,100.9991,-0.0008
688.1997247200001,101.0,100.9991,-0.0008
688.3997246399999,101.0,100.9992,-0.0007
688.5997245599999,101.0,100.9992,-0.0007
688.79972448,101.0,100.9992,-0.0007
688.9997244,101.0,100.9993,-0.0006
689.19972432,101.0,100.9994,-0.0005
689.3997242400001,101.0,100.9994,-0.0005
689.59972416,101.0,100.9994,-0.0005
689.79972408,101.0,100.9993,-0.0006
689.999724,101.0,100.9991,-0.0007
690.1997239200001,101.0,100.999,-0.0009
690.39972384,101.0,100.999,-0.0009
690.59972376,101.0,100.9988,-0.0011
690.7997236799999,101.0,100.9987,-0.0012
690.9997236,101.0,100.9987,-0.0012
691.19972352,101.0,100.9987,-0.0012
691.39972344,101.0,100.9987,-0.0012
691.59972336,101.0,100.9987,-0.0011
691.7997232800001,101.0,100.9987,-0.0012
691.9997232000001,101.0,100.9988,-0.0011
692.19972312,101.0,100.999,-0.0009
692.39972304,101.0,100.999,-0.0009
692.59972296,101.0,100.9992,-0.0007
692.79972288,101.0,100.9993,-0.0006
692.9997228,101.0,100.9995,-0.0004
693.19972272,101.0,100.9996,-0.0002
693.39972264,101.0,100.9996,-0.0002
693.59972256,101.0,100.9996,-0.0002
693.79972248,101.0,100.9997,-0.0002
693.9997224,101.0,100.9996,-0.0003
694.1997223200001,101.0,100.9994,-0.0005
694.3997222400001,101.0,100.9993,-0.0006
694.5997221599999,101.0,100.9993,-0.0006
694.7997220799999,101.0,100.9992,-0.0007
694.999722,101.0,100.9992,-0.0007
695.19972192,101.0,100.9992,-0.0007
695.39972184,101.0,100.9992,-0.0007
695.5997217600001,101.0,100.9993,-0.0006
695.7997216800001,101.0,100.9992,-0.0007
695.9997216,101.0,100.999,-0.0009
696.19972152,101.0,100.999,-0.0009
696.39972144,101.0,100.9991,-0.0008
696.59972136,101.0,100.9991,-0.0007
696.79972128,101.0,100.9991,-0.0007
696.9997212,101.0,100.9991,-0.0008
697.19972112,101.0,100.9991,-0.0008
697.39972104,101.0,100.9992,-0.0007
697.59972096,101.0,100.9992,-0.0007
697.79972088,101.0,100.9993,-0.0006
697.9997208000001,101.0,100.9992,-0.0007
698.1997207200001,101.0,100.9992,-0.0007
698.39972064,101.0,100.9992,-0.0007
698.5997205599999,101.0,100.9993,-0.0006
698.79972048,101.0,100.9993,-0.0006
698.9997204,101.0,100.9993,-0.0005
699.19972032,101.0,100.9995,-0.0004
699.39972024,101.0,100.9995,-0.0003
699.5997201600001,101.0,100.9996,-0.0003
699.79972008,101.0,100.9996,-0.0003
699.99972,101.0,100.9996,-0.0002
700.19971992,101.0,100.9998,-0.0001
700.39971984,101.0,101.0,0.0
700.59971976,101.0,101.0,0.0001
700.79971968,101.0,101.0002,0.0002
700.9997195999999,101.0,101.0002,0.0002
701.19971952,101.0,101.0004,0.0004
701.39971944,101.0,101.0003,0.0003
701.59971936,101.0,101.0003,0.0003
701.7997192800001,101.0,101.0002,0.0002
701.9997192000001,101.0,101.0002,0.0003
702.19971912,101.0,101.0003,0.0003
702.39971904,101.0,101.0003,0.0003
702.59971896,101.0,101.0002,0.0002
702.79971888,101.0,101.0002,0.0002
702.9997188,101.0,101.0003,0.0003
703.19971872,101.0,101.0004,0.0004
703.3997186400001,101.0,101.0004,0.0005
703.59971856,101.0,101.0005,0.0005
703.79971848,101.0,101.0006,0.0006
703.9997184,101.0,101.0006,0.0006
704.1997183200001,101.0,101.0007,0.0007
704.3997182400001,101.0,101.0007,0.0008
704.59971816,101.0,101.0009,0.0009
704.7997180799999,101.0,101.0011,0.0011
704.999718,101.0,101.0012,0.0012
705.19971792,101.0,101.0012,0.0012
705.39971784,101.0,101.0013,0.0013
705.59971776,101.0,101.0013,0.0013
705.7997176800001,101.0,101.0014,0.0014
705.9997176,101.0,101.0013,0.0014
706.19971752,101.0,101.0011,0.0011
706.39971744,101.0,101.001,0.001
706.59971736,101.0,101.0009,0.0009
706.79971728,101.0,101.0008,0.0008
706.9997172,101.0,101.0007,0.0007
707.19971712,101.0,101.0007,0.0008
707.39971704,101.0,101.0007,0.0007
707.59971696,101.0,101.0006,0.0006
707.79971688,101.0,101.0005,0.0005
707.9997168000001,101.0,101.0004,0.0004
708.1997167200001,101.0,101.0004,0.0004
708.3997166400001,101.0,101.0004,0.0004
708.5997165599999,101.0,101.0003,0.0003
708.79971648,101.0,101.0002,0.0003
708.9997164,101.0,101.0003,0.0003
709.19971632,101.0,101.0003,0.0003
709.39971624,101.0,101.0005,0.0005
709.5997161600001,101.0,101.0006,0.0006
709.79971608,101.0,101.0007,0.0007
709.999716,101.0,101.0008,0.0008
710.19971592,101.0,101.0008,0.0009
710.3997158400001,101.0,101.0008,0.0009
710.59971576,101.0,101.0008,0.0009
710.79971568,101.0,101.0009,0.0009
710.9997156,101.0,101.001,0.001
711.19971552,101.0,101.0009,0.0009
711.39971544,101.0,101.0008,0.0009
711.59971536,101.0,101.0009,0.0009
711.79971528,101.0,101.0008,0.0008
711.9997152000001,101.0,101.0007,0.0007
712.1997151200001,101.0,101.0006,0.0006
712.39971504,101.0,101.0005,0.0005
712.5997149599999,101.0,101.0002,0.0003
712.79971488,101.0,101.0001,0.0001
712.9997148,101.0,101.0,0.0
713.19971472,101.0,100.9998,-0.0001
713.39971464,101.0,100.9996,-0.0002
713.59971456,101.0,100.9995,-0.0004
713.79971448,101.0,100.9994,-0.0005
713.9997144,101.0,100.9993,-0.0006
714.1997143200001,101.0,100.9992,-0.0007
714.3997142400001,101.0,100.999,-0.0009
714.59971416,101.0,100.9989,-0.001
714.79971408,101.0,100.9987,-0.0012
714.999714,101.0,100.9986,-0.0013
715.19971392,101.0,100.9985,-0.0014
715.39971384,101.0,100.9985,-0.0014
715.59971376,101.0,100.9986,-0.0013
715.7997136800001,101.0,100.9986,-0.0013
715.9997136000001,101.0,100.9986,-0.0013
716.19971352,101.0,100.9986,-0.0013
716.39971344,101.0,100.9985,-0.0014
716.59971336,101.0,100.9984,-0.0015
716.79971328,101.0,100.9983,-0.0016
716.9997132,101.0,100.9983,-0.0016
717.19971312,101.0,100.998,-0.0018
717.39971304,101.0,100.998,-0.0019
717.59971296,101.0,100.998,-0.0019
717.79971288,101.0,100.9981,-0.0018
717.9997128,101.0,100.9982,-0.0017
718.1997127200001,101.0,100.9982,-0.0017
718.3997126400001,101.0,100.9984,-0.0015
718.59971256,101.0,100.9984,-0.0014
718.7997124799999,101.0,100.9985,-0.0014
718.9997124,101.0,100.9985,-0.0014
719.19971232,101.0,100.9986,-0.0013
719.39971224,101.0,100.9987,-0.0012
719.59971216,101.0,100.9988,-0.001
719.7997120800001,101.0,100.9989,-0.001
719.999712,101.0,100.999,-0.0009
720.19971192,101.0,100.999,-0.0009
720.3997118400001,101.0,100.9993,-0.0006
720.59971176,101.0,100.9994,-0.0005
720.79971168,101.0,100.9995,-0.0004
720.9997116,101.0,100.9996,-0.0002
721.19971152,101.0,100.9998,-0.0001
721.39971144,101.0,101.0,0.0
721.59971136,101.0,100.9999,0.0
721.79971128,101.0,100.9999,0.0
721.9997112000001,101.0,101.0,0.0
722.1997111200001,101.0,101.0001,0.0001
722.39971104,101.0,101.0002,0.0002
722.5997109599999,101.0,101.0003,0.0003
722.79971088,101.0,101.0003,0.0004
722.9997108,101.0,101.0006,0.0006
723.19971072,101.0,101.0006,0.0006
723.39971064,101.0,101.0007,0.0008
723.5997105600001,101.0,101.0007,0.0008
723.79971048,101.0,101.0009,0.0009
723.9997104,101.0,101.0011,0.0011
724.19971032,101.0,101.0011,0.0011
724.3997102400001,101.0,101.0012,0.0012
724.59971016,101.0,101.0012,0.0012
724.79971008,101.0,101.0014,0.0014
724.9997099999999,101.0,101.0016,0.0016
725.19970992,101.0,101.0017,0.0017
725.39970984,101.0,101.0018,0.0018
725.59970976,101.0,101.0017,0.0017
725.79970968,101.0,101.0016,0.0016
725.9997096000001,101.0,101.0015,0.0015
726.19970952,101.0,101.0015,0.0015
726.39970944,101.0,101.0014,0.0014
726.59970936,101.0,101.0013,0.0013
726.79970928,101.0,101.0012,0.0012
726.9997092,101.0,101.0011,0.0011
727.19970912,101.0,101.0008,0.0009
727.3997090400001,101.0,101.0007,0.0007
727.59970896,101.0,101.0005,0.0005
727.79970888,101.0,101.0004,0.0004
727.9997088,101.0,101.0002,0.0002
728.1997087200001,101.0,101.0,0.0
728.3997086400001,101.0,100.9999,-0.0
728.59970856,101.0,100.9998,-0.0001
728.7997084799999,101.0,100.9997,-0.0002
728.9997084,101.0,100.9998,-0.0001
729.19970832,101.0,100.9997,-0.0002
729.39970824,101.0,100.9997,-0.0002
729.59970816,101.0,100.9997,-0.0002
729.7997080800001,101.0,100.9998,-0.0001
729.999708,101.0,100.9998,-0.0001
730.19970792,101.0,100.9998,-0.0001
730.39970784,101.0,100.9999,-0.0
730.59970776,101.0,100.9998,-0.0001
730.79970768,101.0,100.9999,-0.0
730.9997076,101.0,100.9998,-0.0001
731.19970752,101.0,100.9999,-0.0
731.39970744,101.0,100.9999,-0.0
731.59970736,101.0,101.0,0.0
731.79970728,101.0,101.0001,0.0001
731.9997072,101.0,101.0002,0.0002
732.1997071200001,101.0,101.0002,0.0002
732.3997070400001,101.0,101.0002,0.0002
732.5997069599999,101.0,101.0002,0.0002
732.79970688,101.0,101.0002,0.0002
732.9997068,101.0,101.0001,0.0001
733.19970672,101.0,101.0001,0.0001
733.39970664,101.0,101.0001,0.0001
733.5997065600001,101.0,101.0001,0.0001
733.79970648,101.0,101.0002,0.0002
733.9997064,101.0,101.0004,0.0004
734.19970632,101.0,101.0005,0.0005
734.3997062400001,101.0,101.0006,0.0006
734.59970616,101.0,101.0006,0.0007
734.79970608,101.0,101.0007,0.0007
734.999706,101.0,101.0007,0.0007
735.19970592,101.0,101.0007,0.0007
735.39970584,101.0,101.0008,0.0008
735.59970576,101.0,101.0009,0.0009
735.79970568,101.0,101.001,0.001
735.9997056000001,101.0,101.001,0.001
736.1997055200001,101.0,101.0011,0.0011
736.39970544,101.0,101.0011,0.0011
736.5997053599999,101.0,101.001,0.001
736.79970528,101.0,101.001,0.001
736.9997052,101.0,101.0009,0.0009
737.19970512,101.0,101.0008,0.0008
737.39970504,101.0,101.0006,0.0006
737.59970496,101.0,101.0005,0.0005
737.79970488,101.0,101.0003,0.0003
737.9997048,101.0,101.0001,0.0001
738.19970472,101.0,101.0001,0.0001
738.3997046400001,101.0,101.0,0.0
738.59970456,101.0,100.9998,-0.0001
738.79970448,101.0,100.9997,-0.0002
738.9997044,101.0,100.9995,-0.0003
739.19970432,101.0,100.9994,-0.0005
739.39970424,101.0,100.9992,-0.0007
739.59970416,101.0,100.9991,-0.0008
739.7997040800001,101.0,100.9991,-0.0008
739.9997040000001,101.0,100.999,-0.0009
740.19970392,101.0,100.9989,-0.001
740.39970384,101.0,100.9988,-0.0011
740.59970376,101.0,100.9986,-0.0012
740.79970368,101.0,100.9986,-0.0012
740.9997036,101.0,100.9986,-0.0013
741.19970352,101.0,100.9986,-0.0013
741.39970344,101.0,100.9984,-0.0015
741.59970336,101.0,100.9982,-0.0017
741.79970328,101.0,100.9981,-0.0018
741.9997032,101.0,100.9979,-0.0019
742.1997031200001,101.0,100.998,-0.0019
742.3997030400001,101.0,100.9979,-0.0019
742.59970296,101.0,100.998,-0.0019
742.7997028799999,101.0,100.998,-0.0019
742.9997028,101.0,100.9981,-0.0018
743.19970272,101.0,100.9982,-0.0017
743.39970264,101.0,100.9983,-0.0016
743.59970256,101.0,100.9983,-0.0016
743.7997024800001,101.0,100.9985,-0.0014
743.9997024,101.0,100.9985,-0.0014
744.19970232,101.0,100.9986,-0.0013
744.39970224,101.0,100.9987,-0.0012
744.59970216,101.0,100.9987,-0.0012
744.79970208,101.0,100.9989,-0.001
744.999702,101.0,100.999,-0.0009
745.19970192,101.0,100.999,-0.0009
745.39970184,101.0,100.999,-0.0009
745.59970176,101.0,100.9988,-0.0011
745.79970168,101.0,100.9987,-0.0012
745.9997016000001,101.0,100.9986,-0.0013
746.1997015200001,101.0,100.9984,-0.0015
746.3997014400001,101.0,100.9982,-0.0017
746.5997013599999,101.0,100.9981,-0.0018
746.79970128,101.0,100.9981,-0.0018
746.9997012,101.0,100.9982,-0.0017
747.19970112,101.0,100.9982,-0.0017
747.39970104,101.0,100.9982,-0.0016
747.5997009600001,101.0,100.9982,-0.0016
747.79970088,101.0,100.9984,-0.0015
747.9997008,101.0,100.9984,-0.0014
748.19970072,101.0,100.9985,-0.0014
748.3997006400001,101.0,100.9987,-0.0012
748.59970056,101.0,100.999,-0.0009
748.79970048,101.0,100.9993,-0.0006
748.9997003999999,101.0,100.9996,-0.0002
749.19970032,101.0,100.9999,-0.0
749.39970024,101.0,101.0001,0.0001
749.59970016,101.0,101.0003,0.0003
749.79970008,101.0,101.0004,0.0004
749.9997000000001,101.0,101.0005,0.0005
750.1996999200001,101.0,101.0005,0.0005
750.39969984,101.0,101.0005,0.0005
750.5996997599999,101.0,101.0005,0.0005
750.79969968,101.0,101.0006,0.0006
750.9996996,101.0,101.0007,0.0007
751.19969952,101.0,101.0008,0.0008
751.3996994400001,101.0,101.0008,0.0009
751.59969936,101.0,101.001,0.001
751.79969928,101.0,101.0009,0.0009
751.9996992,101.0,101.0009,0.0009
752.1996991200001,101.0,101.001,0.001
752.3996990400001,101.0,101.001,0.001
752.59969896,101.0,101.001,0.001
752.7996988799999,101.0,101.0011,0.0011
752.9996988,101.0,101.0012,0.0012
753.19969872,101.0,101.0013,0.0013
753.39969864,101.0,101.0013,0.0013
753.59969856,101.0,101.0013,0.0013
753.7996984800001,101.0,101.0013,0.0013
753.9996984,101.0,101.0012,0.0012
754.19969832,101.0,101.0012,0.0012
754.39969824,101.0,101.0011,0.0012
754.59969816,101.0,101.0011,0.0011
754.79969808,101.0,101.001,0.001
754.999698,101.0,101.0009,0.0009
755.19969792,101.0,101.0008,0.0008
755.39969784,101.0,101.0007,0.0008
755.59969776,101.0,101.0007,0.0007
755.79969768,101.0,101.0008,0.0008
755.9996976,101.0,101.0006,0.0006
756.1996975200001,101.0,101.0006,0.0006
756.3996974400001,101.0,101.0005,0.0005
756.5996973599999,101.0,101.0006,0.0006
756.7996972799999,101.0,101.0005,0.0005
756.9996972,101.0,101.0006,0.0006
757.19969712,101.0,101.0005,0.0005
757.39969704,101.0,101.0004,0.0004
757.5996969600001,101.0,101.0003,0.0004
757.79969688,101.0,101.0004,0.0004
757.9996968,101.0,101.0003,0.0003
758.19969672,101.0,101.0003,0.0003
758.3996966400001,101.0,101.0003,0.0003
758.59969656,101.0,101.0002,0.0002
758.79969648,101.0,101.0002,0.0002
758.9996964,101.0,101.0001,0.0001
759.19969632,101.0,101.0,0.0
759.39969624,101.0,100.9999,-0.0
759.59969616,101.0,100.9998,-0.0001
759.79969608,101.0,100.9997,-0.0001
759.9996960000001,101.0,100.9997,-0.0002
760.1996959200001,101.0,100.9997,-0.0002
760.39969584,101.0,100.9996,-0.0002
760.5996957599999,101.0,100.9996,-0.0002
760.79969568,101.0,100.9997,-0.0002
760.9996956,101.0,100.9996,-0.0002
761.19969552,101.0,100.9997,-0.0002
761.39969544,101.0,100.9996,-0.0002
761.59969536,101.0,100.9997,-0.0001
761.79969528,101.0,100.9998,-0.0001
761.9996952,101.0,100.9997,-0.0002
762.19969512,101.0,100.9997,-0.0002
762.3996950400001,101.0,100.9997,-0.0002
762.59969496,101.0,100.9998,-0.0001
762.79969488,101.0,100.9997,-0.0002
762.9996947999999,101.0,100.9996,-0.0002
763.19969472,101.0,100.9997,-0.0002
763.39969464,101.0,100.9997,-0.0002
763.59969456,101.0,100.9999,-0.0
763.7996944800001,101.0,100.9999,-0.0
763.9996944000001,101.0,100.9998,-0.0
764.19969432,101.0,100.9998,-0.0001
764.39969424,101.0,100.9997,-0.0002
764.59969416,101.0,100.9997,-0.0002
764.79969408,101.0,100.9997,-0.0002
764.999694,101.0,100.9996,-0.0003
765.19969392,101.0,100.9996,-0.0003
765.39969384,101.0,100.9995,-0.0004
765.59969376,101.0,100.9994,-0.0005
765.79969368,101.0,100.9993,-0.0006
765.9996936,101.0,100.9993,-0.0006
766.1996935200001,101.0,100.9993,-0.0006
766.3996934400001,101.0,100.9991,-0.0008
766.59969336,101.0,100.999,-0.0009
766.7996932799999,101.0,100.9988,-0.0011
766.9996932,101.0,100.9987,-0.0012
767.19969312,101.0,100.9987,-0.0012
767.39969304,101.0,100.9986,-0.0013
767.59969296,101.0,100.9985,-0.0014
767.7996928800001,101.0,100.9985,-0.0014
767.9996928,101.0,100.9984,-0.0015
768.19969272,101.0,100.9984,-0.0015
768.39969264,101.0,100.9984,-0.0014
768.59969256,101.0,100.9985,-0.0014
768.79969248,101.0,100.9985,-0.0014
768.9996924,101.0,100.9986,-0.0013
769.1996923199999,101.0,100.9986,-0.0013
769.39969224,101.0,100.9986,-0.0013
769.59969216,101.0,100.9986,-0.0013
769.79969208,101.0,100.9987,-0.0012
769.9996920000001,101.0,100.9988,-0.0011
770.1996919200001,101.0,100.9988,-0.0011
770.3996918400001,101.0,100.9988,-0.0011
770.5996917599999,101.0,100.9989,-0.001
770.79969168,101.0,100.9989,-0.001
770.9996916,101.0,100.999,-0.0009
771.19969152,101.0,100.9991,-0.0008
771.39969144,101.0,100.9991,-0.0007
771.5996913600001,101.0,100.9991,-0.0008
771.79969128,101.0,100.9991,-0.0008
771.9996912,101.0,100.9992,-0.0007
772.19969112,101.0,100.9993,-0.0005
772.3996910400001,101.0,100.9995,-0.0004
772.59969096,101.0,100.9995,-0.0004
772.79969088,101.0,100.9996,-0.0003
772.9996907999999,101.0,100.9996,-0.0002
773.19969072,101.0,100.9997,-0.0002
773.39969064,101.0,100.9997,-0.0002
773.59969056,101.0,100.9996,-0.0003
773.79969048,101.0,100.9995,-0.0004
773.9996904000001,101.0,100.9995,-0.0004
774.1996903200001,101.0,100.9993,-0.0006
774.39969024,101.0,100.9992,-0.0007
774.5996901599999,101.0,100.9992,-0.0007
774.79969008,101.0,100.9993,-0.0006
774.99969,101.0,100.9993,-0.0006
775.19968992,101.0,100.9994,-0.0005
775.39968984,101.0,100.9995,-0.0004
775.59968976,101.0,100.9996,-0.0003
775.79968968,101.0,100.9996,-0.0003
775.9996896,101.0,100.9997,-0.0001
776.1996895200001,101.0,100.9998,-0.0001
776.3996894400001,101.0,101.0,0.0
776.59968936,101.0,101.0,0.0
776.7996892799999,101.0,101.0001,0.0001
776.9996892,101.0,101.0002,0.0002
777.19968912,101.0,101.0002,0.0003
777.39968904,101.0,101.0003,0.0003
777.59968896,101.0,101.0004,0.0005
777.7996888800001,101.0,101.0004,0.0004
777.9996888000001,101.0,101.0004,0.0004
778.19968872,101.0,101.0005,0.0005
778.39968864,101.0,101.0005,0.0005
778.59968856,101.0,101.0004,0.0004
778.79968848,101.0,101.0004,0.0004
778.9996884,101.0,101.0005,0.0005
779.19968832,101.0,101.0005,0.0005
779.39968824,101.0,101.0006,0.0006
779.59968816,101.0,101.0006,0.0006
779.79968808,101.0,101.0006,0.0006
779.999688,101.0,101.0008,0.0008
780.1996879200001,101.0,101.0009,0.0009
780.3996878400001,101.0,101.001,0.001
780.5996877599999,101.0,101.0011,0.0011
780.7996876799999,101.0,101.0011,0.0012
780.9996876,101.0,101.0012,0.0012
781.19968752,101.0,101.0012,0.0012
781.39968744,101.0,101.0012,0.0012
781.59968736,101.0,101.0011,0.0011
781.7996872800001,101.0,101.0009,0.0009
781.9996872,101.0,101.0007,0.0007
782.19968712,101.0,101.0006,0.0006
782.3996870400001,101.0,101.0004,0.0004
782.59968696,101.0,101.0003,0.0003
782.79968688,101.0,101.0003,0.0003
782.9996868,101.0,101.0003,0.0003
783.19968672,101.0,101.0003,0.0004
783.39968664,101.0,101.0003,0.0003
783.59968656,101.0,101.0003,0.0004
783.79968648,101.0,101.0003,0.0004
783.9996864000001,101.0,101.0003,0.0004
784.1996863200001,101.0,101.0003,0.0003
784.39968624,101.0,101.0003,0.0003
784.5996861599999,101.0,101.0002,0.0002
784.79968608,101.0,101.0003,0.0004
784.999686,101.0,101.0005,0.0005
785.19968592,101.0,101.0006,0.0006
785.39968584,101.0,101.0006,0.0007
785.59968576,101.0,101.0005,0.0005
785.79968568,101.0,101.0004,0.0004
785.9996856,101.0,101.0003,0.0003
786.19968552,101.0,101.0002,0.0003
786.3996854400001,101.0,101.0001,0.0001
786.59968536,101.0,101.0,0.0
786.79968528,101.0,101.0,0.0
786.9996851999999,101.0,101.0,0.0
787.19968512,101.0,101.0,0.0
787.39968504,101.0,100.9999,-0.0
787.59968496,101.0,100.9998,-0.0
787.79968488,101.0,100.9999,-0.0
787.9996848000001,101.0,100.9997,-0.0002
788.19968472,101.0,100.9996,-0.0003
788.39968464,101.0,100.9995,-0.0004
788.59968456,101.0,100.9994,-0.0005
788.79968448,101.0,100.9995,-0.0004
788.9996844,101.0,100.9995,-0.0004
789.19968432,101.0,100.9995,-0.0004
789.39968424,101.0,100.9995,-0.0004
789.59968416,101.0,100.9994,-0.0005
789.79968408,101.0,100.9994,-0.0005
789.999684,101.0,100.9992,-0.0006
790.1996839200001,101.0,100.9992,-0.0007
790.3996838400001,101.0,100.9991,-0.0008
790.5996837600001,101.0,100.9991,-0.0008
790.7996836799999,101.0,100.9991,-0.0008
790.9996836,101.0,100.999,-0.0009
791.19968352,101.0,100.9991,-0.0008
791.39968344,101.0,100.999,-0.0009
791.59968336,101.0,100.999,-0.0009
791.7996832800001,101.0,100.9989,-0.001
791.9996832,101.0,100.9988,-0.0011
792.19968312,101.0,100.9988,-0.0011
792.39968304,101.0,100.9987,-0.0012
792.59968296,101.0,100.9987,-0.0012
792.79968288,101.0,100.9986,-0.0013
792.9996828,101.0,100.9986,-0.0013
793.1996827199999,101.0,100.9986,-0.0013
793.39968264,101.0,100.9985,-0.0014
793.59968256,101.0,100.9986,-0.0013
793.79968248,101.0,100.9986,-0.0013
793.9996824,101.0,100.9986,-0.0013
794.1996823200001,101.0,100.9987,-0.0012
794.3996822400001,101.0,100.9987,-0.0012
794.59968216,101.0,100.9987,-0.0012
794.79968208,101.0,100.9987,-0.0012
794.999682,101.0,100.9988,-0.001
795.19968192,101.0,100.999,-0.0009
795.39968184,101.0,100.9989,-0.001
795.5996817600001,101.0,100.9991,-0.0008
795.79968168,101.0,100.9989,-0.0009
795.9996816,101.0,100.9989,-0.001
796.19968152,101.0,100.9986,-0.0013
796.3996814400001,101.0,100.9986,-0.0013
796.59968136,101.0,100.9984,-0.0015
796.79968128,101.0,100.9982,-0.0017
796.9996811999999,101.0,100.9981,-0.0018
797.19968112,101.0,100.9978,-0.002
797.39968104,101.0,100.9977,-0.0022
797.59968096,101.0,100.9976,-0.0023
797.79968088,101.0,100.9975,-0.0024
797.9996808000001,101.0,100.9973,-0.0026
798.1996807200001,101.0,100.9971,-0.0028
798.39968064,101.0,100.9971,-0.0028
798.59968056,101.0,100.997,-0.0029
798.79968048,101.0,100.9968,-0.0031
798.9996804,101.0,100.9967,-0.0032
799.19968032,101.0,100.9967,-0.0032
799.39968024,101.0,100.9967,-0.0032
799.59968016,101.0,100.9967,-0.0032
799.79968008,101.0,100.9968,-0.0031
799.99968,101.0,100.9969,-0.003
800.19967992,101.0,100.9969,-0.003
800.3996798400001,101.0,100.997,-0.0029
800.5996797600001,101.0,100.9971,-0.0028
800.7996796799999,101.0,100.9972,-0.0027
800.9996796,101.0,100.9974,-0.0025
801.19967952,101.0,100.9975,-0.0024
801.39967944,101.0,100.9977,-0.0022
801.59967936,101.0,100.9978,-0.0021
801.7996792800001,101.0,100.9979,-0.002
801.9996792000001,101.0,100.9981,-0.0018
802.19967912,101.0,100.9983,-0.0016
802.39967904,101.0,100.9985,-0.0014
802.5996789600001,101.0,100.9988,-0.0011
802.79967888,101.0,100.9989,-0.001
802.9996788,101.0,100.9991,-0.0008
803.19967872,101.0,100.9994,-0.0005
803.39967864,101.0,100.9996,-0.0003
803.59967856,101.0,100.9998,-0.0001
803.79967848,101.0,100.9999,-0.0
803.9996784,101.0,100.9999,-0.0
804.1996783200001,101.0,101.0,0.0
804.3996782400001,101.0,101.0,0.0001
804.59967816,101.0,101.0001,0.0001
804.7996780799999,101.0,101.0002,0.0002
804.999678,101.0,101.0002,0.0002
805.19967792,101.0,101.0002,0.0002
805.39967784,101.0,101.0002,0.0002
805.59967776,101.0,101.0,0.0
805.7996776800001,101.0,101.0,0.0
805.9996776,101.0,101.0,0.0
806.19967752,101.0,100.9999,-0.0
806.39967744,101.0,100.9997,-0.0002
806.5996773600001,101.0,100.9995,-0.0004
806.79967728,101.0,100.9995,-0.0004
806.9996772,101.0,100.9993,-0.0006
807.19967712,101.0,100.9993,-0.0006
807.39967704,101.0,100.9992,-0.0007
807.59967696,101.0,100.9992,-0.0007
807.79967688,101.0,100.9992,-0.0007
807.9996768000001,101.0,100.9992,-0.0007
808.1996767200001,101.0,100.9993,-0.0005
808.39967664,101.0,100.9994,-0.0005
808.59967656,101.0,100.9995,-0.0004
808.79967648,101.0,100.9998,-0.0001
808.9996764,101.0,100.9998,-0.0001
809.19967632,101.0,100.9998,-0.0001
809.39967624,101.0,100.9999,-0.0
809.5996761600001,101.0,101.0001,0.0001
809.79967608,101.0,101.0002,0.0002
809.999676,101.0,101.0003,0.0003
810.19967592,101.0,101.0004,0.0004
810.3996758400001,101.0,101.0005,0.0005
810.5996757600001,101.0,101.0006,0.0006
810.79967568,101.0,101.0006,0.0006
810.9996755999999,101.0,101.0005,0.0005
811.19967552,101.0,101.0005,0.0006
811.39967544,101.0,101.0005,0.0005
811.59967536,101.0,101.0005,0.0005
811.79967528,101.0,101.0003,0.0003
811.9996752000001,101.0,101.0001,0.0001
812.19967512,101.0,100.9999,-0.0
812.39967504,101.0,100.9998,-0.0001
812.59967496,101.0,100.9997,-0.0002
812.79967488,101.0,100.9996,-0.0003
812.9996748,101.0,100.9994,-0.0005
813.19967472,101.0,100.9993,-0.0006
813.3996746400001,101.0,100.9992,-0.0007
813.59967456,101.0,100.9992,-0.0007
813.79967448,101.0,100.9992,-0.0007
813.9996744,101.0,100.9991,-0.0008
814.1996743200001,101.0,100.9992,-0.0007
814.3996742400001,101.0,100.9991,-0.0007
814.5996741600001,101.0,100.9991,-0.0008
814.7996740799999,101.0,100.9991,-0.0007
814.999674,101.0,100.9992,-0.0007
815.19967392,101.0,100.9991,-0.0008
815.39967384,101.0,100.9992,-0.0007
815.59967376,101.0,100.9993,-0.0006
815.7996736800001,101.0,100.9993,-0.0005
815.9996736,101.0,100.9994,-0.0005
816.19967352,101.0,100.9994,-0.0005
816.39967344,101.0,100.9994,-0.0005
816.5996733600001,101.0,100.9993,-0.0006
816.79967328,101.0,100.9993,-0.0006
816.9996732,101.0,100.9992,-0.0007
817.1996731199999,101.0,100.9991,-0.0008
817.39967304,101.0,100.999,-0.0009
817.59967296,101.0,100.9988,-0.0011
817.79967288,101.0,100.9987,-0.0012
817.9996728,101.0,100.9985,-0.0014
818.1996727200001,101.0,100.9985,-0.0014
818.3996726400001,101.0,100.9984,-0.0015
818.59967256,101.0,100.9983,-0.0016
818.7996724799999,101.0,100.9981,-0.0018
818.9996724,101.0,100.9979,-0.002
819.19967232,101.0,100.9978,-0.0021
819.39967224,101.0,100.9976,-0.0023
819.5996721600001,101.0,100.9976,-0.0023
819.79967208,101.0,100.9974,-0.0025
819.999672,101.0,100.9973,-0.0026
820.19967192,101.0,100.9972,-0.0027
820.3996718400001,101.0,100.9971,-0.0027
820.5996717600001,101.0,100.9971,-0.0028
820.79967168,101.0,100.9971,-0.0028
820.9996715999999,101.0,100.997,-0.0029
821.19967152,101.0,100.9969,-0.003
821.39967144,101.0,100.9968,-0.003
821.59967136,101.0,100.9968,-0.0031
821.79967128,101.0,100.9967,-0.0031
821.9996712000001,101.0,100.9967,-0.0032
822.1996711200001,101.0,100.9968,-0.0031
822.39967104,101.0,100.9968,-0.0031
822.59967096,101.0,100.9968,-0.0031
822.79967088,101.0,100.9967,-0.0032
822.9996708,101.0,100.9966,-0.0033
823.19967072,101.0,100.9966,-0.0033
823.39967064,101.0,100.9965,-0.0034
823.59967056,101.0,100.9965,-0.0034
823.79967048,101.0,100.9965,-0.0034
823.9996704,101.0,100.9965,-0.0034
824.19967032,101.0,100.9965,-0.0034
824.3996702400001,101.0,100.9967,-0.0032
824.5996701600001,101.0,100.9968,-0.0031
824.7996700799999,101.0,100.9968,-0.0031
824.9996699999999,101.0,100.9968,-0.003
825.19966992,101.0,100.9969,-0.003
825.39966984,101.0,100.9969,-0.003
825.59966976,101.0,100.9969,-0.003
825.7996696800001,101.0,100.9969,-0.003
825.9996696000001,101.0,100.997,-0.0029
826.19966952,101.0,100.9971,-0.0028
826.39966944,101.0,100.9973,-0.0026
826.5996693600001,101.0,100.9974,-0.0025
826.79966928,101.0,100.9974,-0.0025
826.9996692,101.0,100.9975,-0.0024
827.19966912,101.0,100.9976,-0.0023
827.39966904,101.0,100.9978,-0.0021
827.59966896,101.0,100.9979,-0.002
827.79966888,101.0,100.998,-0.0019
827.9996688,101.0,100.9981,-0.0018
828.1996687200001,101.0,100.9983,-0.0016
828.3996686400001,101.0,100.9984,-0.0015
828.59966856,101.0,100.9986,-0.0013
828.7996684799999,101.0,100.9988,-0.0011
828.9996684,101.0,100.999,-0.0009
829.19966832,101.0,100.9992,-0.0007
829.39966824,101.0,100.9994,-0.0005
829.59966816,101.0,100.9995,-0.0004
829.7996680800001,101.0,100.9997,-0.0002
829.999668,101.0,100.9999,-0.0
830.19966792,101.0,101.0001,0.0001
830.39966784,101.0,101.0003,0.0003
830.5996677600001,101.0,101.0003,0.0004
830.79966768,101.0,101.0004,0.0004
830.9996676,101.0,101.0005,0.0005
831.1996675199999,101.0,101.0006,0.0006
831.39966744,101.0,101.0007,0.0007
831.59966736,101.0,101.0009,0.0009
831.79966728,101.0,101.001,0.001
831.9996672000001,101.0,101.001,0.001
832.1996671200001,101.0,101.0011,0.0011
832.39966704,101.0,101.0011,0.0011
832.59966696,101.0,101.0012,0.0012
832.79966688,101.0,101.0013,0.0013
832.9996668,101.0,101.0013,0.0013
833.19966672,101.0,101.0013,0.0013
833.39966664,101.0,101.0012,0.0013
833.5996665600001,101.0,101.0012,0.0012
833.79966648,101.0,101.0012,0.0013
833.9996664,101.0,101.0014,0.0014
834.19966632,101.0,101.0015,0.0015
834.3996662400001,101.0,101.0015,0.0015
834.5996661600001,101.0,101.0016,0.0016
834.79966608,101.0,101.0015,0.0015
834.9996659999999,101.0,101.0015,0.0015
835.19966592,101.0,101.0016,0.0016
835.39966584,101.0,101.0015,0.0015
835.59966576,101.0,101.0015,0.0015
835.79966568,101.0,101.0016,0.0016
835.9996656000001,101.0,101.0014,0.0014
836.19966552,101.0,101.0014,0.0014
836.39966544,101.0,101.0013,0.0013
836.59966536,101.0,101.0012,0.0012
836.79966528,101.0,101.0011,0.0011
836.9996652,101.0,101.001,0.001
837.19966512,101.0,101.0008,0.0008
837.39966504,101.0,101.0007,0.0007
837.59966496,101.0,101.0006,0.0006
837.79966488,101.0,101.0006,0.0006
837.9996648,101.0,101.0005,0.0006
838.1996647200001,101.0,101.0004,0.0005
838.3996646400001,101.0,101.0002,0.0003
838.5996645600001,101.0,101.0001,0.0001
838.7996644799999,101.0,100.9999,-0.0
838.9996644,101.0,100.9996,-0.0003
839.19966432,101.0,100.9995,-0.0004
839.39966424,101.0,100.9994,-0.0005
839.59966416,101.0,100.9994,-0.0005
839.7996640800001,101.0,100.9994,-0.0005
839.999664,101.0,100.9994,-0.0005
840.19966392,101.0,100.9995,-0.0004
840.39966384,101.0,100.9995,-0.0004
840.5996637600001,101.0,100.9993,-0.0006
840.79966368,101.0,100.9991,-0.0008
840.9996636,101.0,100.9989,-0.001
841.19966352,101.0,100.9988,-0.0011
841.39966344,101.0,100.9988,-0.0011
841.59966336,101.0,100.9988,-0.001
841.79966328,101.0,100.9989,-0.001
841.9996632,101.0,100.9989,-0.001
842.1996631200001,101.0,100.9989,-0.001
842.3996630400001,101.0,100.999,-0.0009
842.59966296,101.0,100.9989,-0.001
842.7996628799999,101.0,100.9989,-0.001
842.9996628,101.0,100.9989,-0.001
843.19966272,101.0,100.999,-0.0009
843.39966264,101.0,100.9989,-0.0009
843.59966256,101.0,100.999,-0.0009
843.79966248,101.0,100.9991,-0.0008
843.9996624,101.0,100.9994,-0.0005
844.19966232,101.0,100.9995,-0.0004
844.3996622400001,101.0,100.9995,-0.0004
844.5996621600001,101.0,100.9995,-0.0004
844.79966208,101.0,100.9995,-0.0004
844.999662,101.0,100.9996,-0.0003
845.19966192,101.0,100.9995,-0.0004
845.39966184,101.0,100.9995,-0.0004
845.59966176,101.0,100.9993,-0.0005
845.79966168,101.0,100.9993,-0.0006
845.9996616000001,101.0,100.9994,-0.0005
846.1996615200001,101.0,100.9993,-0.0005
846.39966144,101.0,100.9992,-0.0006
846.59966136,101.0,100.9992,-0.0007
846.79966128,101.0,100.9991,-0.0008
846.9996612,101.0,100.9991,-0.0008
847.19966112,101.0,100.999,-0.0009
847.39966104,101.0,100.9989,-0.0009
847.59966096,101.0,100.9989,-0.001
847.79966088,101.0,100.9989,-0.001
847.9996608,101.0,100.9989,-0.001
848.19966072,101.0,100.999,-0.0009
848.3996606400001,101.0,100.9991,-0.0008
848.5996605600001,101.0,100.9993,-0.0006
848.79966048,101.0,100.9996,-0.0002
848.9996603999999,101.0,100.9998,-0.0001
849.19966032,101.0,100.9999,-0.0
849.39966024,101.0,100.9999,-0.0
849.59966016,101.0,101.0,0.0
849.79966008,101.0,101.0001,0.0001
849.9996600000001,101.0,101.0001,0.0001
850.19965992,101.0,101.0001,0.0001
850.39965984,101.0,101.0002,0.0002
850.5996597600001,101.0,101.0003,0.0003
850.79965968,101.0,101.0004,0.0004
850.9996596,101.0,101.0005,0.0005
851.19965952,101.0,101.0006,0.0006
851.39965944,101.0,101.0007,0.0007
851.59965936,101.0,101.0007,0.0007
851.79965928,101.0,101.0008,0.0008
851.9996592,101.0,101.0007,0.0007
852.1996591200001,101.0,101.0008,0.0008
852.3996590400001,101.0,101.0007,0.0007
852.59965896,101.0,101.0008,0.0008
852.7996588799999,101.0,101.0008,0.0009
852.9996588,101.0,101.0009,0.0009
853.19965872,101.0,101.001,0.001
853.39965864,101.0,101.001,0.001
853.59965856,101.0,101.001,0.001
853.7996584800001,101.0,101.001,0.001
853.9996584,101.0,101.0009,0.0009
854.19965832,101.0,101.0009,0.0009
854.39965824,101.0,101.0008,0.0008
854.5996581600001,101.0,101.0007,0.0007
854.79965808,101.0,101.0007,0.0007
854.999658,101.0,101.0006,0.0006
855.1996579199999,101.0,101.0004,0.0005
855.39965784,101.0,101.0004,0.0005
855.59965776,101.0,101.0005,0.0005
855.79965768,101.0,101.0005,0.0005
855.9996576,101.0,101.0004,0.0005
856.1996575200001,101.0,101.0004,0.0004
856.39965744,101.0,101.0004,0.0004
856.59965736,101.0,101.0004,0.0004
856.79965728,101.0,101.0004,0.0004
856.9996572,101.0,101.0004,0.0004
857.19965712,101.0,101.0003,0.0004
857.39965704,101.0,101.0004,0.0004
857.5996569600001,101.0,101.0003,0.0004
857.79965688,101.0,101.0003,0.0004
857.9996568,101.0,101.0002,0.0002
858.19965672,101.0,101.0001,0.0001
858.3996566400001,101.0,101.0,0.0
858.5996565600001,101.0,100.9998,-0.0001
858.79965648,101.0,100.9997,-0.0002
858.9996563999999,101.0,100.9997,-0.0002
859.19965632,101.0,100.9996,-0.0003
859.39965624,101.0,100.9996,-0.0002
859.59965616,101.0,100.9995,-0.0004
859.79965608,101.0,100.9995,-0.0004
859.9996560000001,101.0,100.9994,-0.0005
860.19965592,101.0,100.9993,-0.0006
860.39965584,101.0,100.9993,-0.0006
860.59965576,101.0,100.9993,-0.0006
860.79965568,101.0,100.9993,-0.0006
860.9996556,101.0,100.9992,-0.0006
861.19965552,101.0,100.9992,-0.0006
861.39965544,101.0,100.9992,-0.0007
861.59965536,101.0,100.9992,-0.0007
861.79965528,101.0,100.9991,-0.0008
861.9996552,101.0,100.999,-0.0009
862.19965512,101.0,100.9988,-0.0011
862.3996550400001,101.0,100.9986,-0.0013
862.5996549600001,101.0,100.9984,-0.0015
862.7996548799999,101.0,100.9982,-0.0016
862.9996548,101.0,100.998,-0.0018
863.19965472,101.0,100.9979,-0.002
863.39965464,101.0,100.9978,-0.0021
863.59965456,101.0,100.9976,-0.0023
863.7996544800001,101.0,100.9974,-0.0025
863.9996544,101.0,100.9971,-0.0027
864.19965432,101.0,100.997,-0.0029
864.39965424,101.0,100.9969,-0.003
864.5996541600001,101.0,100.9968,-0.0031
864.79965408,101.0,100.9967,-0.0032
864.999654,101.0,100.9965,-0.0034
865.19965392,101.0,100.9963,-0.0036
865.39965384,101.0,100.9961,-0.0038
865.59965376,101.0,100.9959,-0.004
865.79965368,101.0,100.9958,-0.0041
865.9996536,101.0,100.9958,-0.0041
866.1996535200001,101.0,100.9957,-0.0042
866.3996534400001,101.0,100.9955,-0.0044
866.59965336,101.0,100.9954,-0.0044
866.7996532799999,101.0,100.9954,-0.0045
866.9996532,101.0,100.9953,-0.0046
867.19965312,101.0,100.9953,-0.0046
867.39965304,101.0,100.9953,-0.0046
867.59965296,101.0,100.9954,-0.0045
867.79965288,101.0,100.9954,-0.0045
867.9996528,101.0,100.9954,-0.0045
868.19965272,101.0,100.9957,-0.0042
868.39965264,101.0,100.9958,-0.0041
868.5996525600001,101.0,100.9961,-0.0038
868.79965248,101.0,100.9961,-0.0038
868.9996524,101.0,100.9961,-0.0037
869.19965232,101.0,100.9961,-0.0037
869.39965224,101.0,100.9962,-0.0037
869.59965216,101.0,100.9964,-0.0035
869.79965208,101.0,100.9963,-0.0036
869.9996520000001,101.0,100.9963,-0.0035
870.1996519200001,101.0,100.9964,-0.0035
870.39965184,101.0,100.9965,-0.0034
870.59965176,101.0,100.9966,-0.0033
870.79965168,101.0,100.9966,-0.0033
870.9996516,101.0,100.9967,-0.0032
871.19965152,101.0,100.9967,-0.0032
871.39965144,101.0,100.9967,-0.0032
871.59965136,101.0,100.9968,-0.0031
871.79965128,101.0,100.9969,-0.003
871.9996512,101.0,100.9971,-0.0027
872.19965112,101.0,100.9973,-0.0026
872.3996510400001,101.0,100.9974,-0.0025
872.5996509600001,101.0,100.9975,-0.0024
872.79965088,101.0,100.9975,-0.0024
872.9996507999999,101.0,100.9976,-0.0023
873.19965072,101.0,100.9977,-0.0022
873.39965064,101.0,100.9977,-0.0022
873.59965056,101.0,100.9976,-0.0023
873.79965048,101.0,100.9975,-0.0024
873.9996504000001,101.0,100.9976,-0.0023
874.19965032,101.0,100.9976,-0.0023
874.39965024,101.0,100.9976,-0.0023
874.59965016,101.0,100.9977,-0.0022
874.79965008,101.0,100.9976,-0.0023
874.99965,101.0,100.9976,-0.0022
875.19964992,101.0,100.9977,-0.0022
875.39964984,101.0,100.9979,-0.002
875.59964976,101.0,100.9981,-0.0018
875.79964968,101.0,100.9982,-0.0017
875.9996496,101.0,100.9984,-0.0015
876.1996495200001,101.0,100.9984,-0.0015
876.3996494400001,101.0,100.9986,-0.0013
876.5996493600001,101.0,100.9988,-0.0011
876.7996492799999,101.0,100.999,-0.0009
876.9996492,101.0,100.9992,-0.0007
877.19964912,101.0,100.9993,-0.0006
877.39964904,101.0,100.9994,-0.0005
877.59964896,101.0,100.9996,-0.0003
877.7996488800001,101.0,100.9997,-0.0002
877.9996488,101.0,100.9998,-0.0
878.19964872,101.0,101.0,0.0
878.39964864,101.0,101.0,0.0
878.5996485600001,101.0,101.0,0.0
878.79964848,101.0,101.0,0.0
878.9996484,101.0,101.0001,0.0001
879.1996483199999,101.0,101.0002,0.0003
879.39964824,101.0,101.0004,0.0004
879.59964816,101.0,101.0006,0.0007
879.79964808,101.0,101.0007,0.0008
879.999648,101.0,101.0008,0.0008
880.1996479200001,101.0,101.0008,0.0008
880.3996478400001,101.0,101.0009,0.0009
880.59964776,101.0,101.001,0.001
880.7996476799999,101.0,101.001,0.001
880.9996476,101.0,101.0011,0.0011
881.19964752,101.0,101.001,0.001
881.39964744,101.0,101.0009,0.0009
881.5996473600001,101.0,101.0008,0.0008
881.79964728,101.0,101.0009,0.0009
881.9996472,101.0,101.0008,0.0008
882.19964712,101.0,101.0007,0.0007
882.3996470400001,101.0,101.0007,0.0007
882.5996469600001,101.0,101.0007,0.0007
882.79964688,101.0,101.0007,0.0007
882.9996467999999,101.0,101.0008,0.0008
883.19964672,101.0,101.001,0.001
883.39964664,101.0,101.0011,0.0011
883.59964656,101.0,101.0011,0.0011
883.79964648,101.0,101.0012,0.0012
883.9996464000001,101.0,101.0013,0.0014
884.19964632,101.0,101.0013,0.0013
884.39964624,101.0,101.0012,0.0012
884.59964616,101.0,101.0012,0.0012
884.79964608,101.0,101.0012,0.0012
884.999646,101.0,101.0012,0.0012
885.19964592,101.0,101.0011,0.0011
885.39964584,101.0,101.0011,0.0011
885.59964576,101.0,101.0011,0.0011
885.79964568,101.0,101.001,0.001
885.9996456,101.0,101.0009,0.0009
886.19964552,101.0,101.0007,0.0008
886.3996454400001,101.0,101.0007,0.0007
886.5996453600001,101.0,101.0007,0.0007
886.79964528,101.0,101.0007,0.0007
886.9996451999999,101.0,101.0005,0.0005
887.19964512,101.0,101.0004,0.0004
887.39964504,101.0,101.0004,0.0004
887.59964496,101.0,101.0005,0.0005
887.7996448800001,101.0,101.0005,0.0006
887.9996448,101.0,101.0006,0.0006
888.19964472,101.0,101.0006,0.0006
888.39964464,101.0,101.0007,0.0008
888.5996445600001,101.0,101.0008,0.0008
888.79964448,101.0,101.0008,0.0009
888.9996444,101.0,101.0009,0.0009
889.19964432,101.0,101.0009,0.0009
889.39964424,101.0,101.0008,0.0008
889.59964416,101.0,101.0007,0.0007
889.79964408,101.0,101.0005,0.0006
889.999644,101.0,101.0004,0.0004
890.1996439200001,101.0,101.0005,0.0005
890.3996438400001,101.0,101.0005,0.0005
890.59964376,101.0,101.0006,0.0006
890.79964368,101.0,101.0007,0.0007
890.9996436,101.0,101.0007,0.0007
891.19964352,101.0,101.0007,0.0007
891.39964344,101.0,101.0006,0.0006
891.59964336,101.0,101.0006,0.0006
891.79964328,101.0,101.0006,0.0006
891.9996432,101.0,101.0005,0.0005
892.19964312,101.0,101.0005,0.0005
892.39964304,101.0,101.0006,0.0006
892.5996429600001,101.0,101.0007,0.0007
892.79964288,101.0,101.0005,0.0005
892.9996428,101.0,101.0004,0.0004
893.1996427199999,101.0,101.0004,0.0004
893.39964264,101.0,101.0004,0.0004
893.59964256,101.0,101.0002,0.0002
893.79964248,101.0,101.0,0.0
893.9996424000001,101.0,100.9999,-0.0
894.1996423200001,101.0,100.9996,-0.0002
894.39964224,101.0,100.9995,-0.0004
894.59964216,101.0,100.9995,-0.0004
894.79964208,101.0,100.9993,-0.0006
894.999642,101.0,100.9992,-0.0007
895.19964192,101.0,100.9992,-0.0007
895.39964184,101.0,100.999,-0.0009
895.59964176,101.0,100.9989,-0.001
895.79964168,101.0,100.9987,-0.0012
895.9996416,101.0,100.9986,-0.0013
896.19964152,101.0,100.9986,-0.0013
896.3996414400001,101.0,100.9985,-0.0014
896.5996413600001,101.0,100.9983,-0.0016
896.7996412800001,101.0,100.9983,-0.0016
896.9996411999999,101.0,100.9982,-0.0016
897.19964112,101.0,100.9982,-0.0017
897.39964104,101.0,100.9981,-0.0018
897.59964096,101.0,100.9981,-0.0018
897.79964088,101.0,100.998,-0.0018
897.9996408000001,101.0,100.9979,-0.002
898.19964072,101.0,100.9978,-0.0021
898.39964064,101.0,100.9977,-0.0022
898.59964056,101.0,100.9976,-0.0023
898.7996404800001,101.0,100.9975,-0.0023
898.9996404,101.0,100.9975,-0.0024
899.19964032,101.0,100.9975,-0.0024
899.3996402399999,101.0,100.9975,-0.0023
899.59964016,101.0,100.9975,-0.0024
899.79964008,101.0,100.9976,-0.0023
899.99964,101.0,100.9978,-0.0021
900.1996399200001,101.0,100.9979,-0.002
900.3996398400001,101.0,100.9981,-0.0018
900.5996397600001,101.0,100.9982,-0.0017
900.79963968,101.0,100.9983,-0.0016
900.9996396,101.0,100.9984,-0.0015
901.19963952,101.0,100.9986,-0.0013
901.39963944,101.0,100.9988,-0.0011
901.59963936,101.0,100.9988,-0.0011
901.7996392800001,101.0,100.9988,-0.0011
901.9996392,101.0,100.9989,-0.001
902.19963912,101.0,100.999,-0.0009
902.39963904,101.0,100.999,-0.0009
902.5996389600001,101.0,100.9991,-0.0008
902.7996388800001,101.0,100.9992,-0.0007
902.9996388,101.0,100.9993,-0.0006
903.1996387199999,101.0,100.9993,-0.0006
903.39963864,101.0,100.9993,-0.0006
903.59963856,101.0,100.9993,-0.0006
903.79963848,101.0,100.9994,-0.0005
903.9996384,101.0,100.9993,-0.0006
904.1996383200001,101.0,100.9992,-0.0007
904.3996382400001,101.0,100.9992,-0.0007
904.59963816,101.0,100.9991,-0.0008
904.79963808,101.0,100.9991,-0.0008
904.999638,101.0,100.9991,-0.0008
905.19963792,101.0,100.999,-0.0009
905.39963784,101.0,100.9989,-0.001
905.59963776,101.0,100.9988,-0.0011
905.79963768,101.0,100.9987,-0.0011
905.9996376,101.0,100.9987,-0.0012
906.19963752,101.0,100.9985,-0.0014
906.3996374400001,101.0,100.9984,-0.0015
906.5996373600001,101.0,100.9985,-0.0014
906.7996372800001,101.0,100.9985,-0.0014
906.9996371999999,101.0,100.9986,-0.0013
907.19963712,101.0,100.9988,-0.0011
907.39963704,101.0,100.999,-0.0009
907.59963696,101.0,100.9991,-0.0008
907.79963688,101.0,100.9993,-0.0006
907.9996368000001,101.0,100.9995,-0.0004
908.1996367200001,101.0,100.9996,-0.0003
908.39963664,101.0,100.9999,-0.0
908.59963656,101.0,101.0001,0.0001
908.7996364800001,101.0,101.0001,0.0001
908.9996364,101.0,101.0002,0.0002
909.19963632,101.0,101.0003,0.0003
909.39963624,101.0,101.0005,0.0005
909.59963616,101.0,101.0006,0.0006
909.79963608,101.0,101.0006,0.0006
909.999636,101.0,101.0007,0.0007
910.19963592,101.0,101.0006,0.0007
910.3996358400001,101.0,101.0007,0.0007
910.5996357600001,101.0,101.0006,0.0006
910.79963568,101.0,101.0008,0.0009
910.9996355999999,101.0,101.0009,0.0009
911.19963552,101.0,101.001,0.001
911.39963544,101.0,101.0011,0.0011
911.59963536,101.0,101.0012,0.0012
911.79963528,101.0,101.0013,0.0014
911.9996352000001,101.0,101.0016,0.0016
912.19963512,101.0,101.0017,0.0017
912.39963504,101.0,101.0018,0.0018
912.5996349600001,101.0,101.0018,0.0019
912.7996348800001,101.0,101.0019,0.0019
912.9996348,101.0,101.0019,0.0019
913.19963472,101.0,101.002,0.002
913.39963464,101.0,101.0019,0.0019
913.59963456,101.0,101.0019,0.0019
913.79963448,101.0,101.0019,0.0019
913.9996344,101.0,101.0018,0.0018
914.1996343200001,101.0,101.0017,0.0017
914.3996342400001,101.0,101.0016,0.0016
914.59963416,101.0,101.0015,0.0015
914.79963408,101.0,101.0013,0.0013
914.999634,101.0,101.0012,0.0012
915.19963392,101.0,101.0012,0.0012
915.39963384,101.0,101.0011,0.0011
915.59963376,101.0,101.0011,0.0011
915.79963368,101.0,101.001,0.001
915.9996336,101.0,101.0009,0.0009
916.19963352,101.0,101.0007,0.0007
916.39963344,101.0,101.0005,0.0005
916.5996333600001,101.0,101.0004,0.0004
916.7996332800001,101.0,101.0002,0.0002
916.9996332,101.0,101.0001,0.0001
917.1996331199999,101.0,100.9999,-0.0
917.39963304,101.0,100.9997,-0.0002
917.59963296,101.0,100.9995,-0.0004
917.79963288,101.0,100.9992,-0.0006
917.9996328,101.0,100.9991,-0.0008
918.1996327200001,101.0,100.9989,-0.001
918.39963264,101.0,100.9987,-0.0012
918.59963256,101.0,100.9986,-0.0013
918.7996324800001,101.0,100.9982,-0.0016
918.9996324,101.0,100.9982,-0.0017
919.19963232,101.0,100.9982,-0.0017
919.39963224,101.0,100.9981,-0.0018
919.59963216,101.0,100.9981,-0.0018
919.79963208,101.0,100.9982,-0.0017
919.999632,101.0,100.9981,-0.0018
920.19963192,101.0,100.998,-0.0019
920.3996318400001,101.0,100.998,-0.0019
920.5996317600001,101.0,100.998,-0.0019
920.7996316800001,101.0,100.9981,-0.0018
920.9996315999999,101.0,100.9982,-0.0017
921.19963152,101.0,100.9982,-0.0016
921.39963144,101.0,100.9984,-0.0015
921.59963136,101.0,100.9983,-0.0016
921.79963128,101.0,100.9983,-0.0016
921.9996312000001,101.0,100.9984,-0.0015
922.19963112,101.0,100.9984,-0.0015
922.39963104,101.0,100.9984,-0.0015
922.59963096,101.0,100.9984,-0.0015
922.7996308800001,101.0,100.9985,-0.0014
922.9996308,101.0,100.9985,-0.0014
923.19963072,101.0,100.9986,-0.0013
923.3996306399999,101.0,100.9987,-0.0012
923.59963056,101.0,100.9988,-0.0011
923.79963048,101.0,100.9988,-0.0011
923.9996304,101.0,100.9987,-0.0011
924.19963032,101.0,100.9987,-0.0012
924.3996302400001,101.0,100.9986,-0.0013
924.5996301600001,101.0,100.9984,-0.0015
924.79963008,101.0,100.9984,-0.0015
924.99963,101.0,100.9982,-0.0017
925.19962992,101.0,100.9981,-0.0018
925.39962984,101.0,100.9979,-0.002
925.59962976,101.0,100.9978,-0.0021
925.7996296800001,101.0,100.9979,-0.002
925.9996296,101.0,100.9978,-0.0021
926.19962952,101.0,100.9978,-0.0021
926.39962944,101.0,100.9978,-0.0021
926.5996293600001,101.0,100.9977,-0.0022
926.7996292800001,101.0,100.9977,-0.0022
926.9996292,101.0,100.9977,-0.0022
927.1996291199999,101.0,100.9978,-0.0021
927.39962904,101.0,100.9979,-0.002
927.59962896,101.0,100.998,-0.0019
927.79962888,101.0,100.9981,-0.0018
927.9996288,101.0,100.9981,-0.0018
928.1996287200001,101.0,100.9984,-0.0015
928.3996286400001,101.0,100.9986,-0.0013
928.59962856,101.0,100.9987,-0.0012
928.79962848,101.0,100.9989,-0.001
928.9996284,101.0,100.9989,-0.001
929.19962832,101.0,100.999,-0.0009
929.39962824,101.0,100.9989,-0.001
929.59962816,101.0,100.9989,-0.001
929.79962808,101.0,100.999,-0.0009
929.999628,101.0,100.999,-0.0009
930.19962792,101.0,100.9992,-0.0007
930.39962784,101.0,100.9993,-0.0006
930.5996277600001,101.0,100.9994,-0.0005
930.7996276800001,101.0,100.9995,-0.0004
930.9996275999999,101.0,100.9995,-0.0004
931.19962752,101.0,100.9996,-0.0003
931.39962744,101.0,100.9997,-0.0002
931.59962736,101.0,100.9998,-0.0001
931.79962728,101.0,101.0,0.0
931.9996272000001,101.0,101.0,0.0
932.1996271200001,101.0,101.0,0.0
932.39962704,101.0,101.0002,0.0002
932.59962696,101.0,101.0003,0.0004
932.7996268800001,101.0,101.0004,0.0004
932.9996268,101.0,101.0005,0.0005
933.19962672,101.0,101.0007,0.0007
933.39962664,101.0,101.0007,0.0007
933.59962656,101.0,101.0008,0.0008
933.79962648,101.0,101.0008,0.0008
933.9996264,101.0,101.0008,0.0008
934.19962632,101.0,101.001,0.001
934.3996262400001,101.0,101.0011,0.0011
934.5996261600001,101.0,101.0011,0.0011
934.79962608,101.0,101.0012,0.0012
934.9996259999999,101.0,101.0012,0.0012
935.19962592,101.0,101.0013,0.0013
935.39962584,101.0,101.0014,0.0014
935.59962576,101.0,101.0012,0.0013
935.79962568,101.0,101.0012,0.0012
935.9996256000001,101.0,101.0012,0.0012
936.19962552,101.0,101.001,0.001
936.39962544,101.0,101.0007,0.0008
936.59962536,101.0,101.0005,0.0005
936.7996252800001,101.0,101.0002,0.0002
936.9996252,101.0,101.0,0.0001
937.19962512,101.0,100.9998,-0.0001
937.39962504,101.0,100.9995,-0.0004
937.59962496,101.0,100.9992,-0.0007
937.79962488,101.0,100.9989,-0.001
937.9996248,101.0,100.9985,-0.0014
938.1996247200001,101.0,100.9982,-0.0017
938.3996246400001,101.0,100.9979,-0.0019
938.59962456,101.0,100.9978,-0.0021
938.79962448,101.0,100.9976,-0.0022
938.9996244,101.0,100.9975,-0.0024
939.19962432,101.0,100.9974,-0.0025
939.39962424,101.0,100.9973,-0.0026
939.59962416,101.0,100.9972,-0.0026
939.7996240800001,101.0,100.9973,-0.0026
939.999624,101.0,100.9974,-0.0025
940.19962392,101.0,100.9973,-0.0026
940.39962384,101.0,100.9973,-0.0026
940.5996237600001,101.0,100.9974,-0.0025
940.7996236800001,101.0,100.9974,-0.0025
940.9996236,101.0,100.9975,-0.0024
941.1996235199999,101.0,100.9975,-0.0023
941.39962344,101.0,100.9975,-0.0023
941.59962336,101.0,100.9975,-0.0024
941.79962328,101.0,100.9975,-0.0024
941.9996232,101.0,100.9974,-0.0025
942.1996231200001,101.0,100.9974,-0.0025
942.39962304,101.0,100.9975,-0.0024
942.59962296,101.0,100.9977,-0.0022
942.79962288,101.0,100.9978,-0.0021
942.9996228,101.0,100.9978,-0.0021
943.19962272,101.0,100.9978,-0.0021
943.39962264,101.0,100.9979,-0.0019
943.5996225600001,101.0,100.998,-0.0019
943.79962248,101.0,100.9981,-0.0018
943.9996224,101.0,100.9981,-0.0018
944.19962232,101.0,100.9981,-0.0018
944.3996222400001,101.0,100.9981,-0.0018
944.5996221600001,101.0,100.9981,-0.0018
944.7996220800001,101.0,100.9981,-0.0018
944.9996219999999,101.0,100.998,-0.0019
945.19962192,101.0,100.9979,-0.002
945.39962184,101.0,100.9977,-0.0021
945.59962176,101.0,100.9976,-0.0023
945.79962168,101.0,100.9975,-0.0024
945.9996216000001,101.0,100.9973,-0.0026
946.19962152,101.0,100.9973,-0.0026
946.39962144,101.0,100.9972,-0.0027
946.59962136,101.0,100.9971,-0.0028
946.7996212800001,101.0,100.9969,-0.003
946.9996212,101.0,100.9969,-0.003
947.19962112,101.0,100.997,-0.0029
947.3996210399999,101.0,100.997,-0.0029
947.59962096,101.0,100.9971,-0.0028
947.79962088,101.0,100.9971,-0.0028
947.9996208,101.0,100.9973,-0.0026
948.19962072,101.0,100.9975,-0.0023
948.3996206400001,101.0,100.9979,-0.002
948.5996205600001,101.0,100.9981,-0.0018
948.79962048,101.0,100.9982,-0.0017
948.9996203999999,101.0,100.9983,-0.0016
949.19962032,101.0,100.9984,-0.0015
949.39962024,101.0,100.9985,-0.0014
949.59962016,101.0,100.9988,-0.0011
949.7996200800001,101.0,100.999,-0.0009
949.99962,101.0,100.9992,-0.0007
950.19961992,101.0,100.9992,-0.0006
950.39961984,101.0,100.9993,-0.0006
950.5996197600001,101.0,100.9994,-0.0005
950.7996196800001,101.0,100.9995,-0.0004
950.9996196,101.0,100.9995,-0.0003
951.1996195199999,101.0,100.9996,-0.0003
951.39961944,101.0,100.9996,-0.0002
951.59961936,101.0,100.9996,-0.0002
951.79961928,101.0,100.9998,-0.0001
951.9996192,101.0,101.0,0.0
952.1996191200001,101.0,101.0001,0.0001
952.3996190400001,101.0,101.0003,0.0003
952.59961896,101.0,101.0004,0.0005
952.79961888,101.0,101.0006,0.0006
952.9996188,101.0,101.0007,0.0007
953.19961872,101.0,101.0009,0.0009
953.39961864,101.0,101.0011,0.0011
953.59961856,101.0,101.0013,0.0013
953.79961848,101.0,101.0015,0.0015
953.9996184,101.0,101.0017,0.0018
954.19961832,101.0,101.0019,0.0019
954.39961824,101.0,101.002,0.002
954.5996181600001,101.0,101.0021,0.0021
954.7996180800001,101.0,101.0021,0.0021
954.9996179999999,101.0,101.0022,0.0022
955.1996179199999,101.0,101.0023,0.0023
955.39961784,101.0,101.0025,0.0025
955.59961776,101.0,101.0024,0.0024
955.79961768,101.0,101.0025,0.0025
955.9996176000001,101.0,101.0025,0.0025
956.1996175200001,101.0,101.0025,0.0025
956.39961744,101.0,101.0025,0.0025
956.59961736,101.0,101.0025,0.0025
956.7996172800001,101.0,101.0025,0.0025
956.9996172,101.0,101.0024,0.0024
957.19961712,101.0,101.0022,0.0023
957.39961704,101.0,101.0022,0.0022
957.59961696,101.0,101.0022,0.0022
957.79961688,101.0,101.0022,0.0022
957.9996168,101.0,101.0021,0.0021
958.19961672,101.0,101.0019,0.0019
958.3996166400001,101.0,101.0018,0.0018
958.5996165600001,101.0,101.0017,0.0017
958.79961648,101.0,101.0016,0.0016
958.9996163999999,101.0,101.0015,0.0015
959.19961632,101.0,101.0014,0.0014
959.39961624,101.0,101.0012,0.0012
959.59961616,101.0,101.0011,0.0011
959.79961608,101.0,101.0009,0.0009
959.9996160000001,101.0,101.0007,0.0007
960.19961592,101.0,101.0005,0.0006
960.39961584,101.0,101.0004,0.0004
960.59961576,101.0,101.0003,0.0003
960.7996156800001,101.0,101.0004,0.0004
960.9996156,101.0,101.0003,0.0003
961.19961552,101.0,101.0003,0.0003
961.3996154399999,101.0,101.0003,0.0003
961.59961536,101.0,101.0002,0.0002
961.79961528,101.0,101.0,0.0
961.9996152,101.0,100.9999,-0.0
962.1996151200001,101.0,100.9997,-0.0002
962.3996150400001,101.0,100.9996,-0.0003
962.59961496,101.0,100.9996,-0.0003
962.79961488,101.0,100.9996,-0.0003
962.9996148,101.0,100.9995,-0.0003
963.19961472,101.0,100.9996,-0.0003
963.39961464,101.0,100.9996,-0.0002
963.59961456,101.0,100.9997,-0.0002
963.7996144800001,101.0,100.9996,-0.0003
963.9996144,101.0,100.9995,-0.0004
964.19961432,101.0,100.9993,-0.0005
964.39961424,101.0,100.9993,-0.0006
964.5996141600001,101.0,100.9991,-0.0007
964.7996140800001,101.0,100.9991,-0.0008
964.999614,101.0,100.9989,-0.001
965.1996139199999,101.0,100.9989,-0.001
965.39961384,101.0,100.9987,-0.0012
965.59961376,101.0,100.9987,-0.0012
965.79961368,101.0,100.9986,-0.0013
965.9996136,101.0,100.9985,-0.0014
966.1996135200001,101.0,100.9984,-0.0015
966.39961344,101.0,100.9982,-0.0017
966.59961336,101.0,100.998,-0.0019
966.79961328,101.0,100.9978,-0.0021
966.9996132,101.0,100.9978,-0.0021
967.19961312,101.0,100.9977,-0.0022
967.39961304,101.0,100.9976,-0.0023
967.59961296,101.0,100.9975,-0.0024
967.79961288,101.0,100.9973,-0.0026
967.9996128,101.0,100.9974,-0.0025
968.19961272,101.0,100.9974,-0.0025
968.3996126400001,101.0,100.9973,-0.0026
968.5996125600001,101.0,100.9974,-0.0025
968.7996124800001,101.0,100.9974,-0.0025
968.9996123999999,101.0,100.9974,-0.0025
969.19961232,101.0,100.9973,-0.0026
969.39961224,101.0,100.9974,-0.0025
969.59961216,101.0,100.9975,-0.0024
969.79961208,101.0,100.9976,-0.0023
969.9996120000001,101.0,100.9978,-0.0021
970.19961192,101.0,100.9978,-0.0021
970.39961184,101.0,100.9979,-0.002
970.59961176,101.0,100.9981,-0.0018
970.7996116800001,101.0,100.9982,-0.0017
970.9996116,101.0,100.9984,-0.0015
971.19961152,101.0,100.9986,-0.0013
971.39961144,101.0,100.9987,-0.0012
971.59961136,101.0,100.9989,-0.0009
971.79961128,101.0,100.999,-0.0009
971.9996112,101.0,100.9992,-0.0007
972.19961112,101.0,100.9994,-0.0005
972.3996110400001,101.0,100.9995,-0.0004
972.5996109600001,101.0,100.9995,-0.0003
972.79961088,101.0,100.9996,-0.0003
972.9996107999999,101.0,100.9995,-0.0004
973.19961072,101.0,100.9996,-0.0003
973.39961064,101.0,100.9998,-0.0001
973.59961056,101.0,100.9999,-0.0
973.79961048,101.0,101.0,0.0
973.9996104,101.0,101.0001,0.0001
974.19961032,101.0,101.0001,0.0001
974.39961024,101.0,101.0002,0.0002
974.5996101600001,101.0,101.0003,0.0003
974.7996100800001,101.0,101.0002,0.0002
974.99961,101.0,101.0003,0.0003
975.19960992,101.0,101.0002,0.0002
975.39960984,101.0,101.0002,0.0002
975.59960976,101.0,101.0002,0.0002
975.79960968,101.0,101.0002,0.0002
975.9996096,101.0,101.0003,0.0003
976.1996095200001,101.0,101.0003,0.0003
976.3996094400001,101.0,101.0002,0.0002
976.59960936,101.0,101.0,0.0001
976.79960928,101.0,101.0,0.0
976.9996092,101.0,100.9998,-0.0001
977.19960912,101.0,100.9997,-0.0002
977.39960904,101.0,100.9996,-0.0003
977.59960896,101.0,100.9994,-0.0005
977.79960888,101.0,100.9993,-0.0006
977.9996088,101.0,100.9992,-0.0006
978.19960872,101.0,100.999,-0.0009
978.39960864,101.0,100.999,-0.0009
978.5996085600001,101.0,100.999,-0.0009
978.7996084800001,101.0,100.9988,-0.001
978.9996083999999,101.0,100.9988,-0.0011
979.1996083199999,101.0,100.9988,-0.0011
979.39960824,101.0,100.9986,-0.0012
979.59960816,101.0,100.9987,-0.0012
979.79960808,101.0,100.9986,-0.0013
979.999608,101.0,100.9985,-0.0014
980.1996079200001,101.0,100.9985,-0.0014
980.39960784,101.0,100.9985,-0.0014
980.59960776,101.0,100.9984,-0.0015
980.7996076800001,101.0,100.9983,-0.0016
980.9996076,101.0,100.9982,-0.0017
981.19960752,101.0,100.9981,-0.0018
981.39960744,101.0,100.9982,-0.0017
981.59960736,101.0,100.9981,-0.0018
981.79960728,101.0,100.9981,-0.0018
981.9996072,101.0,100.998,-0.0019
982.19960712,101.0,100.9979,-0.002
982.3996070400001,101.0,100.9979,-0.002
982.5996069600001,101.0,100.9979,-0.0019
982.79960688,101.0,100.9979,-0.002
982.9996068,101.0,100.9979,-0.0019
983.19960672,101.0,100.998,-0.0019
983.39960664,101.0,100.998,-0.0019
983.59960656,101.0,100.9978,-0.0021
983.79960648,101.0,100.9978,-0.0021
983.9996064000001,101.0,100.9978,-0.0021
984.19960632,101.0,100.9978,-0.0021
984.39960624,101.0,100.9977,-0.0022
984.59960616,101.0,100.9976,-0.0023
984.7996060800001,101.0,100.9975,-0.0023
984.999606,101.0,100.9974,-0.0025
985.19960592,101.0,100.9973,-0.0026
985.3996058399999,101.0,100.9973,-0.0026
985.59960576,101.0,100.9972,-0.0026
985.79960568,101.0,100.9972,-0.0027
985.9996056,101.0,100.9971,-0.0027
986.19960552,101.0,100.997,-0.0029
986.3996054400001,101.0,100.997,-0.0029
986.59960536,101.0,100.9969,-0.003
986.79960528,101.0,100.997,-0.0029
986.9996052,101.0,100.9972,-0.0027
987.19960512,101.0,100.9972,-0.0027
987.39960504,101.0,100.9972,-0.0027
987.59960496,101.0,100.9974,-0.0025
987.7996048800001,101.0,100.9975,-0.0023
987.9996048,101.0,100.9977,-0.0022
988.19960472,101.0,100.9979,-0.002
988.39960464,101.0,100.9981,-0.0018
988.5996045600001,101.0,100.9982,-0.0016
988.7996044800001,101.0,100.9984,-0.0015
988.9996044,101.0,100.9984,-0.0015
989.1996043199999,101.0,100.9985,-0.0014
989.39960424,101.0,100.9986,-0.0013
989.59960416,101.0,100.9988,-0.0011
989.79960408,101.0,100.9989,-0.001
989.999604,101.0,100.9991,-0.0008
990.1996039200001,101.0,100.9991,-0.0008
990.39960384,101.0,100.9993,-0.0006
990.59960376,101.0,100.9995,-0.0004
990.79960368,101.0,100.9995,-0.0004
990.9996036,101.0,100.9995,-0.0004
991.19960352,101.0,100.9995,-0.0003
991.39960344,101.0,100.9995,-0.0004
991.59960336,101.0,100.9996,-0.0003
991.79960328,101.0,100.9996,-0.0003
991.9996032,101.0,100.9997,-0.0002
992.19960312,101.0,100.9998,-0.0001
992.39960304,101.0,100.9997,-0.0002
992.5996029600001,101.0,100.9998,-0.0001
992.7996028800001,101.0,100.9997,-0.0002
992.9996028,101.0,100.9997,-0.0002
993.19960272,101.0,100.9996,-0.0003
993.39960264,101.0,100.9996,-0.0003
993.59960256,101.0,100.9995,-0.0004
993.79960248,101.0,100.9996,-0.0003
993.9996024000001,101.0,100.9997,-0.0002
994.19960232,101.0,100.9997,-0.0002
994.39960224,101.0,100.9997,-0.0002
994.59960216,101.0,100.9997,-0.0002
994.7996020800001,101.0,100.9997,-0.0002
994.9996020000001,101.0,100.9998,-0.0001
995.19960192,101.0,100.9998,-0.0001
995.39960184,101.0,100.9998,-0.0001
995.59960176,101.0,101.0,0.0
995.79960168,101.0,100.9999,-0.0
995.9996016,101.0,100.9998,-0.0
996.19960152,101.0,100.9999,-0.0
996.3996014400001,101.0,100.9999,-0.0
996.5996013600001,101.0,100.9998,-0.0001
996.79960128,101.0,100.9997,-0.0002
996.9996012,101.0,100.9995,-0.0004
997.19960112,101.0,100.9994,-0.0005
997.39960104,101.0,100.9992,-0.0007
997.59960096,101.0,100.9991,-0.0008
997.79960088,101.0,100.999,-0.0009
997.9996008,101.0,100.9987,-0.0012
998.19960072,101.0,100.9986,-0.0013
998.39960064,101.0,100.9985,-0.0014
998.59960056,101.0,100.9984,-0.0015
998.7996004800001,101.0,100.9982,-0.0017
998.9996004000001,101.0,100.9982,-0.0017
999.19960032,101.0,100.9982,-0.0017
999.39960024,101.0,100.9982,-0.0017
999.59960016,101.0,100.9981,-0.0018
999.79960008,101.0,100.9981,-0.0018
999.9996,101.0,100.9981,-0.0018
1000.19959992,101.0,100.998,-0.0019
1000.39959984,101.0,100.9979,-0.002
1000.5995997600002,101.0,100.9979,-0.002
1000.7995996800001,101.0,100.9979,-0.002
1000.9995996,101.0,100.9979,-0.0019
1001.19959952,101.0,100.998,-0.0018
1001.39959944,101.0,100.998,-0.0019
1001.59959936,101.0,100.9979,-0.002
1001.7995992799999,101.0,100.9979,-0.0019
1001.9995991999999,101.0,100.998,-0.0019
1002.1995991200001,101.0,100.9979,-0.0019
1002.3995990400001,101.0,100.998,-0.0019
1002.5995989600001,101.0,100.998,-0.0019
1002.7995988800001,101.0,100.998,-0.0019
1002.9995988000001,101.0,100.9979,-0.0019
1003.1995987199999,101.0,100.9981,-0.0018
1003.3995986399999,101.0,100.9981,-0.0018
1003.5995985599999,101.0,100.9982,-0.0017
1003.7995984800001,101.0,100.9982,-0.0017
1003.9995984000001,101.0,100.9983,-0.0016
1004.1995983200001,101.0,100.9983,-0.0016
1004.39959824,101.0,100.9982,-0.0017
1004.59959816,101.0,100.9981,-0.0018
1004.79959808,101.0,100.9979,-0.002
1004.999598,101.0,100.9978,-0.0021
1005.1995979199999,101.0,100.9976,-0.0023
1005.3995978400001,101.0,100.9976,-0.0023
1005.59959776,101.0,100.9975,-0.0024
1005.79959768,101.0,100.9974,-0.0025
1005.9995976,101.0,100.9975,-0.0024
1006.19959752,101.0,100.9975,-0.0024
1006.39959744,101.0,100.9976,-0.0023
1006.59959736,101.0,100.9976,-0.0023
1006.7995972800002,101.0,100.9977,-0.0022
1006.9995972000002,101.0,100.9977,-0.0022
1007.19959712,101.0,100.9978,-0.0021
1007.39959704,101.0,100.9979,-0.002
1007.59959696,101.0,100.998,-0.0019
1007.79959688,101.0,100.9982,-0.0017
1007.9995968,101.0,100.9984,-0.0015
1008.1995967199999,101.0,100.9985,-0.0014
1008.3995966400001,101.0,100.9987,-0.0012
1008.5995965600001,101.0,100.9989,-0.001
1008.7995964800001,101.0,100.9989,-0.001
1008.9995964000001,101.0,100.9989,-0.001
1009.19959632,101.0,100.999,-0.0009
1009.3995962399999,101.0,100.9991,-0.0008
1009.5995961599999,101.0,100.9991,-0.0008
1009.7995960799999,101.0,100.9991,-0.0008
1009.9995960000001,101.0,100.9991,-0.0008
1010.1995959200001,101.0,100.9992,-0.0007
1010.3995958400001,101.0,100.9992,-0.0007
1010.59959576,101.0,100.9992,-0.0006
1010.79959568,101.0,100.9994,-0.0005
1010.9995956,101.0,100.9995,-0.0004
1011.1995955199999,101.0,100.9997,-0.0002
1011.3995954399999,101.0,100.9997,-0.0001
1011.5995953600001,101.0,100.9999,-0.0
1011.7995952800001,101.0,100.9999,-0.0
1011.9995952,101.0,101.0,0.0
1012.19959512,101.0,101.0001,0.0001
1012.39959504,101.0,101.0002,0.0002
1012.59959496,101.0,101.0003,0.0003
1012.79959488,101.0,101.0004,0.0004
1012.9995948000001,101.0,101.0006,0.0006
1013.19959472,101.0,101.0007,0.0007
1013.39959464,101.0,101.0008,0.0009
1013.59959456,101.0,101.0011,0.0011
1013.79959448,101.0,101.0011,0.0012
1013.9995944,101.0,101.0012,0.0012
1014.19959432,101.0,101.0013,0.0013
1014.3995942399999,101.0,101.0013,0.0013
1014.5995941600002,101.0,101.0014,0.0014
1014.7995940800001,101.0,101.0015,0.0015
1014.9995940000001,101.0,101.0018,0.0018
1015.19959392,101.0,101.002,0.002
1015.39959384,101.0,101.002,0.002
1015.59959376,101.0,101.002,0.002
1015.7995936799999,101.0,101.0021,0.0021
1015.9995935999999,101.0,101.0021,0.0021
1016.1995935200001,101.0,101.0022,0.0022
1016.3995934400001,101.0,101.0022,0.0022
1016.5995933600001,101.0,101.0022,0.0022
1016.7995932800001,101.0,101.0021,0.0021
1016.9995932,101.0,101.0022,0.0022
1017.1995931199999,101.0,101.0021,0.0021
1017.3995930399999,101.0,101.0021,0.0021
1017.5995929599999,101.0,101.002,0.002
1017.7995928800001,101.0,101.0018,0.0018
1017.9995928000001,101.0,101.0017,0.0017
1018.19959272,101.0,101.0014,0.0014
1018.39959264,101.0,101.0013,0.0013
1018.59959256,101.0,101.0013,0.0013
1018.79959248,101.0,101.0013,0.0013
1018.9995924,101.0,101.0011,0.0011
1019.1995923200001,101.0,101.001,0.001
1019.3995922400001,101.0,101.0008,0.0009
1019.59959216,101.0,101.0007,0.0007
1019.79959208,101.0,101.0006,0.0006
1019.999592,101.0,101.0005,0.0005
1020.19959192,101.0,101.0002,0.0003
1020.39959184,101.0,101.0001,0.0001
1020.59959176,101.0,100.9999,-0.0
1020.7995916800002,101.0,100.9998,-0.0001
1020.9995916000001,101.0,100.9998,-0.0001
1021.19959152,101.0,100.9996,-0.0002
1021.39959144,101.0,100.9996,-0.0003
1021.59959136,101.0,100.9994,-0.0005
1021.79959128,101.0,100.9992,-0.0007
1021.9995911999999,101.0,100.9991,-0.0008
1022.1995911199999,101.0,100.999,-0.0009
1022.3995910400001,101.0,100.9989,-0.001
1022.5995909600001,101.0,100.999,-0.0009
1022.7995908800001,101.0,100.9989,-0.001
1022.9995908000001,101.0,100.999,-0.0009
1023.19959072,101.0,100.999,-0.0009
1023.3995906399999,101.0,100.9989,-0.001
1023.5995905599999,101.0,100.999,-0.0009
1023.7995904799999,101.0,100.999,-0.0009
1023.9995904000001,101.0,100.999,-0.0009
1024.19959032,101.0,100.9989,-0.001
1024.39959024,101.0,100.9989,-0.001
1024.59959016,101.0,100.9987,-0.0012
1024.79959008,101.0,100.9986,-0.0013
1024.99959,101.0,100.9985,-0.0014
1025.1995899199999,101.0,100.9985,-0.0014
1025.39958984,101.0,100.9984,-0.0014
1025.59958976,101.0,100.9984,-0.0015
1025.79958968,101.0,100.9983,-0.0016
1025.9995896,101.0,100.9982,-0.0017
1026.19958952,101.0,100.998,-0.0019
1026.39958944,101.0,100.998,-0.0019
1026.59958936,101.0,100.9979,-0.002
1026.79958928,101.0,100.9978,-0.0021
1026.9995892000002,101.0,100.9977,-0.0022
1027.1995891200002,101.0,100.9977,-0.0022
1027.3995890400001,101.0,100.9976,-0.0023
1027.5995889600001,101.0,100.9977,-0.0022
1027.79958888,101.0,100.9978,-0.002
1027.9995888,101.0,100.9981,-0.0018
1028.1995887199998,101.0,100.9981,-0.0018
1028.3995886399998,101.0,100.9982,-0.0017
1028.59958856,101.0,100.9982,-0.0017
1028.79958848,101.0,100.9982,-0.0017
1028.9995884,101.0,100.9982,-0.0017
1029.19958832,101.0,100.9982,-0.0017
1029.39958824,101.0,100.9982,-0.0017
1029.59958816,101.0,100.9982,-0.0017
1029.79958808,101.0,100.9983,-0.0015
1029.999588,101.0,100.9983,-0.0016
1030.19958792,101.0,100.9983,-0.0016
1030.39958784,101.0,100.9984,-0.0015
1030.59958776,101.0,100.9985,-0.0014
1030.79958768,101.0,100.9985,-0.0014
1030.9995876,101.0,100.9985,-0.0014
1031.19958752,101.0,100.9986,-0.0013
1031.39958744,101.0,100.9987,-0.0012
1031.5995873600002,101.0,100.9988,-0.0011
1031.7995872800002,101.0,100.9988,-0.0011
1031.9995872000002,101.0,100.9989,-0.001
1032.19958712,101.0,100.999,-0.0009
1032.39958704,101.0,100.999,-0.0009
1032.59958696,101.0,100.999,-0.0009
1032.7995868799999,101.0,100.9991,-0.0008
1032.9995867999999,101.0,100.999,-0.0009
1033.19958672,101.0,100.9992,-0.0007
1033.39958664,101.0,100.9994,-0.0005
1033.59958656,101.0,100.9994,-0.0005
1033.79958648,101.0,100.9996,-0.0003
1033.9995864,101.0,100.9997,-0.0002
1034.19958632,101.0,100.9998,-0.0001
1034.39958624,101.0,100.9999,-0.0
1034.59958616,101.0,101.0,0.0
1034.7995860800002,101.0,101.0001,0.0001
1034.9995860000001,101.0,101.0003,0.0003
1035.1995859200001,101.0,101.0004,0.0004
1035.39958584,101.0,101.0006,0.0006
1035.59958576,101.0,101.0008,0.0008
1035.79958568,101.0,101.0009,0.0009
1035.9995856,101.0,101.001,0.001
1036.1995855199998,101.0,101.0012,0.0012
1036.39958544,101.0,101.0013,0.0013
1036.59958536,101.0,101.0014,0.0014
1036.79958528,101.0,101.0014,0.0015
1036.9995852,101.0,101.0014,0.0014
1037.19958512,101.0,101.0015,0.0015
1037.39958504,101.0,101.0015,0.0015
1037.59958496,101.0,101.0015,0.0015
1037.79958488,101.0,101.0015,0.0015
1037.9995848,101.0,101.0014,0.0014
1038.19958472,101.0,101.0013,0.0013
1038.39958464,101.0,101.0013,0.0014
1038.59958456,101.0,101.0014,0.0014
1038.79958448,101.0,101.0013,0.0014
1038.9995844,101.0,101.0014,0.0014
1039.19958432,101.0,101.0015,0.0015
1039.3995842400002,101.0,101.0015,0.0015
1039.5995841600002,101.0,101.0015,0.0015
1039.7995840800002,101.0,101.0015,0.0015
1039.9995840000001,101.0,101.0016,0.0016
1040.19958392,101.0,101.0016,0.0016
1040.3995838399999,101.0,101.0016,0.0016
1040.5995837599999,101.0,101.0016,0.0016
1040.7995836799998,101.0,101.0015,0.0015
1040.9995836,101.0,101.0016,0.0016
1041.19958352,101.0,101.0017,0.0017
1041.39958344,101.0,101.0016,0.0016
1041.59958336,101.0,101.0014,0.0014
1041.79958328,101.0,101.0013,0.0013
1041.9995832,101.0,101.0013,0.0013
1042.19958312,101.0,101.0012,0.0012
1042.39958304,101.0,101.0012,0.0012
1042.5995829600001,101.0,101.0013,0.0013
1042.7995828800001,101.0,101.0012,0.0012
1042.9995828,101.0,101.0012,0.0012
1043.19958272,101.0,101.0011,0.0011
1043.39958264,101.0,101.0011,0.0011
1043.59958256,101.0,101.001,0.001
1043.79958248,101.0,101.0009,0.0009
1043.9995824000002,101.0,101.0009,0.0009
1044.19958232,101.0,101.0008,0.0008
1044.39958224,101.0,101.0007,0.0007
1044.59958216,101.0,101.0007,0.0007
1044.79958208,101.0,101.0005,0.0005
1044.999582,101.0,101.0003,0.0003
1045.19958192,101.0,101.0002,0.0002
1045.3995818399999,101.0,101.0,0.0
1045.59958176,101.0,100.9997,-0.0001
1045.79958168,101.0,100.9996,-0.0003
1045.9995816,101.0,100.9995,-0.0004
1046.19958152,101.0,100.9994,-0.0005
1046.39958144,101.0,100.9993,-0.0006
1046.59958136,101.0,100.9991,-0.0008
1046.79958128,101.0,100.9991,-0.0008
1046.9995812,101.0,100.999,-0.0009
1047.1995811200002,101.0,100.9988,-0.001
1047.3995810400002,101.0,100.9988,-0.0011
1047.5995809600001,101.0,100.9987,-0.0012
1047.7995808800001,101.0,100.9986,-0.0013
1047.9995808,101.0,100.9987,-0.0012
1048.1995807199999,101.0,100.9988,-0.0011
1048.3995806399998,101.0,100.9988,-0.0011
1048.5995805599998,101.0,100.9987,-0.0012
1048.79958048,101.0,100.9988,-0.0011
1048.9995804,101.0,100.9987,-0.0011
1049.19958032,101.0,100.9986,-0.0013
1049.39958024,101.0,100.9985,-0.0014
1049.59958016,101.0,100.9985,-0.0014
1049.79958008,101.0,100.9986,-0.0013
1049.99958,101.0,100.9985,-0.0014
1050.1995799200001,101.0,100.9986,-0.0013
1050.3995798400001,101.0,100.9986,-0.0013
1050.59957976,101.0,100.9986,-0.0013
1050.79957968,101.0,100.9987,-0.0012
1050.9995796,101.0,100.9987,-0.0012
1051.19957952,101.0,100.9988,-0.0011
1051.39957944,101.0,100.9989,-0.001
1051.59957936,101.0,100.9991,-0.0007
1051.7995792800002,101.0,100.9993,-0.0006
1051.9995792000002,101.0,100.9993,-0.0006
1052.19957912,101.0,100.9993,-0.0006
1052.39957904,101.0,100.9994,-0.0005
1052.59957896,101.0,100.9995,-0.0004
1052.79957888,101.0,100.9996,-0.0003
1052.9995787999999,101.0,100.9996,-0.0002
1053.1995787199999,101.0,100.9997,-0.0002
1053.39957864,101.0,100.9998,-0.0001
1053.59957856,101.0,100.9998,-0.0001
1053.79957848,101.0,100.9999,0.0
1053.9995784,101.0,101.0001,0.0001
1054.19957832,101.0,101.0002,0.0002
1054.39957824,101.0,101.0002,0.0002
1054.59957816,101.0,101.0003,0.0003
1054.79957808,101.0,101.0003,0.0004
1054.9995780000002,101.0,101.0005,0.0005
1055.1995779200001,101.0,101.0006,0.0006
1055.3995778400001,101.0,101.0007,0.0007
1055.59957776,101.0,101.0007,0.0008
1055.79957768,101.0,101.0009,0.0009
1055.9995776,101.0,101.0009,0.0009
1056.1995775199998,101.0,101.001,0.001
1056.39957744,101.0,101.001,0.001
1056.59957736,101.0,101.001,0.001
1056.79957728,101.0,101.001,0.001
1056.9995772,101.0,101.0009,0.0009
1057.19957712,101.0,101.0008,0.0008
1057.39957704,101.0,101.0007,0.0007
1057.59957696,101.0,101.0006,0.0006
1057.79957688,101.0,101.0004,0.0004
1057.9995768,101.0,101.0003,0.0003
1058.19957672,101.0,101.0002,0.0002
1058.39957664,101.0,101.0,0.0
1058.59957656,101.0,101.0,0.0
1058.79957648,101.0,101.0,0.0
1058.9995764,101.0,101.0,0.0
1059.19957632,101.0,101.0,0.0
1059.39957624,101.0,101.0,0.0
1059.5995761600002,101.0,101.0001,0.0001
1059.7995760800002,101.0,101.0002,0.0002
1059.9995760000002,101.0,101.0003,0.0003
1060.19957592,101.0,101.0004,0.0004
1060.39957584,101.0,101.0004,0.0005
1060.5995757599999,101.0,101.0004,0.0004
1060.7995756799999,101.0,101.0006,0.0007
1060.9995755999998,101.0,101.0007,0.0007
1061.19957552,101.0,101.0008,0.0008
1061.39957544,101.0,101.0009,0.0009
1061.59957536,101.0,101.0012,0.0012
1061.79957528,101.0,101.0013,0.0013
1061.9995752,101.0,101.0012,0.0013
1062.19957512,101.0,101.0013,0.0014
1062.39957504,101.0,101.0014,0.0014
1062.5995749600002,101.0,101.0014,0.0014
1062.7995748800001,101.0,101.0014,0.0014
1062.9995748000001,101.0,101.0014,0.0014
1063.19957472,101.0,101.0013,0.0013
1063.39957464,101.0,101.0012,0.0012
1063.59957456,101.0,101.0012,0.0013
1063.79957448,101.0,101.0013,0.0013
1063.9995744,101.0,101.0013,0.0013
1064.19957432,101.0,101.0012,0.0012
1064.39957424,101.0,101.0011,0.0011
1064.59957416,101.0,101.001,0.001
1064.79957408,101.0,101.0008,0.0009
1064.999574,101.0,101.0006,0.0006
1065.19957392,101.0,101.0006,0.0006
1065.39957384,101.0,101.0004,0.0004
1065.5995737599999,101.0,101.0002,0.0002
1065.79957368,101.0,101.0002,0.0002
1065.9995736,101.0,101.0,0.0
1066.19957352,101.0,100.9999,-0.0
1066.39957344,101.0,100.9998,-0.0001
1066.59957336,101.0,100.9997,-0.0002
1066.79957328,101.0,100.9996,-0.0003
1066.9995732,101.0,100.9994,-0.0005
1067.19957312,101.0,100.9992,-0.0007
1067.3995730400002,101.0,100.999,-0.0009
1067.5995729600002,101.0,100.999,-0.0009
1067.7995728800001,101.0,100.999,-0.0009
1067.9995728000001,101.0,100.9988,-0.0011
1068.1995727199999,101.0,100.9988,-0.0011
1068.3995726399999,101.0,100.9986,-0.0013
1068.5995725599998,101.0,100.9985,-0.0014
1068.79957248,101.0,100.9984,-0.0015
1068.9995724,101.0,100.9982,-0.0016
1069.19957232,101.0,100.9982,-0.0017
1069.39957224,101.0,100.998,-0.0018
1069.59957216,101.0,100.9979,-0.002
1069.79957208,101.0,100.9978,-0.002
1069.999572,101.0,100.9979,-0.002
1070.19957192,101.0,100.9979,-0.002
1070.3995718400001,101.0,100.9979,-0.002
1070.5995717600001,101.0,100.998,-0.0019
1070.79957168,101.0,100.998,-0.0019
1070.9995716,101.0,100.9981,-0.0018
1071.19957152,101.0,100.9982,-0.0017
1071.39957144,101.0,100.9982,-0.0016
1071.59957136,101.0,100.9984,-0.0015
1071.79957128,101.0,100.9985,-0.0014
1071.9995712000002,101.0,100.9986,-0.0013
1072.19957112,101.0,100.9987,-0.0012
1072.39957104,101.0,100.9987,-0.0011
1072.59957096,101.0,100.9988,-0.001
1072.79957088,101.0,100.9991,-0.0008
1072.9995708,101.0,100.9991,-0.0008
1073.1995707199999,101.0,100.999,-0.0009
1073.3995706399999,101.0,100.999,-0.0009
1073.59957056,101.0,100.999,-0.0009
1073.79957048,101.0,100.9989,-0.0009
1073.9995704,101.0,100.9989,-0.001
1074.19957032,101.0,100.9988,-0.001
1074.39957024,101.0,100.9988,-0.001
1074.59957016,101.0,100.999,-0.0009
1074.79957008,101.0,100.999,-0.0009
1074.9995700000002,101.0,100.9991,-0.0008
1075.1995699200002,101.0,100.9991,-0.0008
1075.3995698400001,101.0,100.9992,-0.0007
1075.5995697600001,101.0,100.9992,-0.0007
1075.79956968,101.0,100.9992,-0.0007
1075.9995696,101.0,100.9992,-0.0007
1076.1995695199998,101.0,100.9993,-0.0006
1076.3995694399998,101.0,100.9993,-0.0006
1076.59956936,101.0,100.9992,-0.0006
1076.79956928,101.0,100.9992,-0.0007
1076.9995692,101.0,100.9992,-0.0007
1077.19956912,101.0,100.9992,-0.0007
1077.39956904,101.0,100.9992,-0.0007
1077.59956896,101.0,100.9992,-0.0007
1077.79956888,101.0,100.9991,-0.0007
1077.9995688,101.0,100.9991,-0.0008
1078.1995687200001,101.0,100.9991,-0.0008
1078.39956864,101.0,100.9991,-0.0008
1078.59956856,101.0,100.9991,-0.0008
1078.79956848,101.0,100.9991,-0.0008
1078.9995684,101.0,100.9991,-0.0008
1079.19956832,101.0,100.9991,-0.0008
1079.39956824,101.0,100.9991,-0.0008
1079.59956816,101.0,100.9992,-0.0007
1079.7995680800002,101.0,100.9993,-0.0006
1079.9995680000002,101.0,100.9994,-0.0005
1080.19956792,101.0,100.9995,-0.0004
1080.39956784,101.0,100.9996,-0.0003
1080.59956776,101.0,100.9997,-0.0002
1080.7995676799999,101.0,100.9995,-0.0004
1080.9995675999999,101.0,100.9994,-0.0005
1081.19956752,101.0,100.9992,-0.0006
1081.39956744,101.0,100.9991,-0.0007
1081.59956736,101.0,100.999,-0.0009
1081.79956728,101.0,100.9988,-0.001
1081.9995672,101.0,100.9988,-0.0011
1082.19956712,101.0,100.9988,-0.0011
1082.39956704,101.0,100.9988,-0.0011
1082.59956696,101.0,100.9987,-0.0012
1082.7995668800002,101.0,100.9987,-0.0012
1082.9995668000001,101.0,100.9987,-0.0012
1083.1995667200001,101.0,100.9987,-0.0012
1083.39956664,101.0,100.9986,-0.0013
1083.59956656,101.0,100.9986,-0.0013
1083.79956648,101.0,100.9985,-0.0014
1083.9995664,101.0,100.9987,-0.0012
1084.19956632,101.0,100.9988,-0.0011
1084.39956624,101.0,100.9988,-0.0011
1084.59956616,101.0,100.9988,-0.0011
1084.79956608,101.0,100.9988,-0.0011
1084.999566,101.0,100.9988,-0.0011
1085.19956592,101.0,100.9988,-0.0011
1085.39956584,101.0,100.9987,-0.0012
1085.59956576,101.0,100.9986,-0.0013
1085.79956568,101.0,100.9986,-0.0013
1085.9995656,101.0,100.9984,-0.0015
1086.19956552,101.0,100.9984,-0.0015
1086.39956544,101.0,100.9982,-0.0017
1086.59956536,101.0,100.9982,-0.0017
1086.79956528,101.0,100.9982,-0.0017
1086.9995652,101.0,100.9983,-0.0016
1087.19956512,101.0,100.9983,-0.0016
1087.3995650400002,101.0,100.9983,-0.0016
1087.5995649600002,101.0,100.9984,-0.0015
1087.7995648800002,101.0,100.9985,-0.0014
1087.9995648000001,101.0,100.9987,-0.0012
1088.1995647200001,101.0,100.9988,-0.001
1088.3995646399999,101.0,100.9991,-0.0008
1088.5995645599999,101.0,100.9992,-0.0007
1088.7995644799998,101.0,100.9993,-0.0005
1088.9995644,101.0,100.9995,-0.0004
1089.19956432,101.0,100.9997,-0.0002
1089.39956424,101.0,100.9997,-0.0001
1089.59956416,101.0,100.9999,-0.0
1089.79956408,101.0,100.9999,0.0
1089.999564,101.0,101.0,0.0
1090.19956392,101.0,101.0,0.0
1090.39956384,101.0,101.0001,0.0001
1090.5995637600001,101.0,101.0002,0.0002
1090.7995636800001,101.0,101.0002,0.0002
1090.9995636,101.0,101.0004,0.0004
1091.19956352,101.0,101.0005,0.0005
1091.39956344,101.0,101.0005,0.0005
1091.59956336,101.0,101.0004,0.0005
1091.79956328,101.0,101.0005,0.0005
1091.9995632,101.0,101.0006,0.0006
1092.19956312,101.0,101.0007,0.0007
1092.39956304,101.0,101.0008,0.0008
1092.59956296,101.0,101.0008,0.0008
1092.79956288,101.0,101.0008,0.0008
1092.9995628,101.0,101.001,0.001
1093.19956272,101.0,101.0011,0.0012
1093.3995626399999,101.0,101.0013,0.0013
1093.59956256,101.0,101.0013,0.0013
1093.79956248,101.0,101.0015,0.0015
1093.9995624,101.0,101.0016,0.0016
1094.19956232,101.0,101.0017,0.0017
1094.39956224,101.0,101.0018,0.0018
1094.59956216,101.0,101.002,0.002
1094.79956208,101.0,101.0022,0.0023
1094.999562,101.0,101.0024,0.0024
1095.1995619200002,101.0,101.0025,0.0025
1095.3995618400002,101.0,101.0026,0.0026
1095.5995617600001,101.0,101.0026,0.0026
1095.7995616800001,101.0,101.0026,0.0026
1095.9995616,101.0,101.0027,0.0027
1096.19956152,101.0,101.0026,0.0026
1096.3995614399998,101.0,101.0025,0.0025
1096.5995613599998,101.0,101.0024,0.0024
1096.79956128,101.0,101.0024,0.0024
1096.9995612,101.0,101.0022,0.0023
1097.19956112,101.0,101.0021,0.0021
1097.39956104,101.0,101.002,0.002
1097.59956096,101.0,101.0017,0.0017
1097.79956088,101.0,101.0014,0.0014
1097.9995608,101.0,101.0011,0.0011
1098.19956072,101.0,101.0007,0.0008
1098.3995606400001,101.0,101.0006,0.0006
1098.59956056,101.0,101.0004,0.0005
1098.79956048,101.0,101.0004,0.0004
1098.9995604,101.0,101.0005,0.0005
1099.19956032,101.0,101.0003,0.0003
1099.39956024,101.0,101.0002,0.0002
1099.59956016,101.0,101.0001,0.0001
1099.7995600800002,101.0,101.0,0.0
1099.9995600000002,101.0,100.9998,-0.0
1100.19955992,101.0,100.9997,-0.0002
1100.39955984,101.0,100.9996,-0.0003
1100.59955976,101.0,100.9995,-0.0004
1100.79955968,101.0,100.9994,-0.0005
1100.9995595999999,101.0,100.9993,-0.0005
1101.1995595199999,101.0,100.9993,-0.0006
1101.39955944,101.0,100.9992,-0.0007
1101.59955936,101.0,100.9992,-0.0007
1101.79955928,101.0,100.9991,-0.0008
1101.9995592,101.0,100.9989,-0.0009
1102.19955912,101.0,100.9988,-0.0011
1102.39955904,101.0,100.9987,-0.0012
1102.59955896,101.0,100.9987,-0.0012
1102.79955888,101.0,100.9986,-0.0013
1102.9995588000002,101.0,100.9984,-0.0015
1103.1995587200001,101.0,100.9982,-0.0017
1103.3995586400001,101.0,100.9982,-0.0017
1103.59955856,101.0,100.9982,-0.0017
1103.79955848,101.0,100.9981,-0.0018
1103.9995584,101.0,100.9979,-0.0019
1104.19955832,101.0,100.9979,-0.002
1104.3995582399998,101.0,100.9978,-0.0021
1104.59955816,101.0,100.9976,-0.0023
1104.79955808,101.0,100.9973,-0.0026
1104.999558,101.0,100.9972,-0.0027
1105.19955792,101.0,100.9971,-0.0027
1105.39955784,101.0,100.997,-0.0029
1105.59955776,101.0,100.9969,-0.003
1105.79955768,101.0,100.9967,-0.0032
1105.9995576000001,101.0,100.9967,-0.0032
1106.19955752,101.0,100.9968,-0.0031
1106.39955744,101.0,100.9969,-0.003
1106.59955736,101.0,100.9968,-0.0031
1106.79955728,101.0,100.9968,-0.0031
1106.9995572,101.0,100.9968,-0.0031
1107.19955712,101.0,100.9968,-0.0031
1107.39955704,101.0,100.9968,-0.0031
1107.5995569600002,101.0,100.9969,-0.003
1107.7995568800002,101.0,100.9972,-0.0027
1107.9995568000002,101.0,100.9972,-0.0026
1108.1995567200001,101.0,100.9973,-0.0026
1108.39955664,101.0,100.9973,-0.0026
1108.5995565599999,101.0,100.9973,-0.0026
1108.7995564799999,101.0,100.9973,-0.0026
1108.9995563999998,101.0,100.9974,-0.0025
1109.19955632,101.0,100.9974,-0.0025
1109.39955624,101.0,100.9974,-0.0025
1109.59955616,101.0,100.9974,-0.0025
1109.79955608,101.0,100.9974,-0.0025
1109.999556,101.0,100.9975,-0.0024
1110.19955592,101.0,100.9976,-0.0023
1110.39955584,101.0,100.9977,-0.0022
1110.59955576,101.0,100.9978,-0.0021
1110.7995556800001,101.0,100.9978,-0.0021
1110.9995556000001,101.0,100.9978,-0.002
1111.19955552,101.0,100.998,-0.0019
1111.39955544,101.0,100.9981,-0.0018
1111.59955536,101.0,100.9982,-0.0017
1111.79955528,101.0,100.9983,-0.0016
1111.9995552,101.0,100.9983,-0.0015
1112.1995551200002,101.0,100.9983,-0.0016
1112.39955504,101.0,100.9983,-0.0016
1112.59955496,101.0,100.9982,-0.0017
1112.79955488,101.0,100.9982,-0.0017
1112.9995548,101.0,100.9982,-0.0017
1113.19955472,101.0,100.9982,-0.0017
1113.39955464,101.0,100.9981,-0.0018
1113.59955456,101.0,100.9981,-0.0018
1113.79955448,101.0,100.9981,-0.0018
1113.9995544,101.0,100.9981,-0.0018
1114.19955432,101.0,100.9981,-0.0018
1114.39955424,101.0,100.9982,-0.0017
1114.59955416,101.0,100.9984,-0.0014
1114.79955408,101.0,100.9986,-0.0013
1114.999554,101.0,100.9988,-0.0011
1115.19955392,101.0,100.9988,-0.0011
1115.3995538400002,101.0,100.9989,-0.001
1115.5995537600002,101.0,100.999,-0.0009
1115.7995536800001,101.0,100.9992,-0.0007
1115.9995536000001,101.0,100.9994,-0.0005
1116.19955352,101.0,100.9996,-0.0002
1116.3995534399999,101.0,100.9998,-0.0001
1116.5995533599998,101.0,100.9999,-0.0
1116.7995532799998,101.0,101.0,0.0
1116.9995532,101.0,101.0001,0.0001
1117.19955312,101.0,101.0001,0.0001
1117.39955304,101.0,101.0002,0.0002
1117.59955296,101.0,101.0002,0.0002
1117.79955288,101.0,101.0001,0.0001
1117.9995528,101.0,101.0,0.0
1118.19955272,101.0,100.9999,-0.0
1118.3995526400001,101.0,100.9999,-0.0
1118.5995525600001,101.0,101.0,0.0
1118.79955248,101.0,101.0,0.0
1118.9995524,101.0,101.0,0.0
1119.19955232,101.0,100.9999,-0.0
1119.39955224,101.0,100.9999,-0.0
1119.59955216,101.0,100.9998,-0.0
1119.79955208,101.0,100.9999,-0.0
1119.9995520000002,101.0,100.9999,-0.0
1120.1995519200002,101.0,100.9999,-0.0
1120.39955184,101.0,101.0,0.0
1120.59955176,101.0,101.0,0.0
1120.79955168,101.0,101.0001,0.0001
1120.9995516,101.0,101.0001,0.0001
1121.1995515199999,101.0,101.0001,0.0001
1121.3995514399999,101.0,101.0002,0.0002
1121.59955136,101.0,101.0003,0.0003
1121.79955128,101.0,101.0003,0.0003
1121.9995512,101.0,101.0005,0.0005
1122.19955112,101.0,101.0007,0.0007
1122.39955104,101.0,101.0008,0.0008
1122.59955096,101.0,101.0009,0.0009
1122.79955088,101.0,101.0009,0.0009
1122.9995508,101.0,101.0008,0.0009
1123.1995507200002,101.0,101.0009,0.0009
1123.3995506400001,101.0,101.0008,0.0008
1123.5995505600001,101.0,101.0007,0.0007
1123.79955048,101.0,101.0007,0.0007
1123.9995504,101.0,101.0006,0.0007
1124.19955032,101.0,101.0006,0.0006
1124.3995502399998,101.0,101.0006,0.0006
1124.59955016,101.0,101.0004,0.0004
1124.79955008,101.0,101.0003,0.0003
1124.99955,101.0,101.0003,0.0003
1125.19954992,101.0,101.0001,0.0001
1125.39954984,101.0,101.0,0.0
1125.59954976,101.0,100.9998,-0.0001
1125.79954968,101.0,100.9998,-0.0001
1125.9995496,101.0,100.9998,-0.0001
1126.1995495200001,101.0,100.9997,-0.0002
1126.39954944,101.0,100.9995,-0.0004
1126.59954936,101.0,100.9995,-0.0004
1126.79954928,101.0,100.9996,-0.0003
1126.9995492,101.0,100.9994,-0.0005
1127.19954912,101.0,100.9991,-0.0008
1127.39954904,101.0,100.999,-0.0009
1127.59954896,101.0,100.9989,-0.001
1127.7995488800002,101.0,100.9989,-0.001
1127.9995488000002,101.0,100.9988,-0.0011
1128.1995487200002,101.0,100.9987,-0.0012
1128.39954864,101.0,100.9986,-0.0013
1128.59954856,101.0,100.9985,-0.0014
1128.7995484799999,101.0,100.9984,-0.0015
1128.9995483999999,101.0,100.9982,-0.0017
1129.1995483199998,101.0,100.9981,-0.0018
1129.39954824,101.0,100.9979,-0.002
1129.59954816,101.0,100.9979,-0.0019
1129.79954808,101.0,100.998,-0.0019
1129.999548,101.0,100.9979,-0.002
1130.19954792,101.0,100.998,-0.0019
1130.39954784,101.0,100.9981,-0.0018
1130.59954776,101.0,100.9982,-0.0017
1130.7995476800002,101.0,100.9981,-0.0018
1130.9995476000001,101.0,100.9981,-0.0018
1131.1995475200001,101.0,100.998,-0.0019
1131.39954744,101.0,100.9978,-0.0021
1131.59954736,101.0,100.9978,-0.0021
1131.79954728,101.0,100.9978,-0.0021
1131.9995472,101.0,100.9979,-0.002
1132.19954712,101.0,100.9979,-0.002
1132.39954704,101.0,100.9979,-0.002
1132.59954696,101.0,100.998,-0.0019
1132.79954688,101.0,100.9981,-0.0018
1132.9995468,101.0,100.9982,-0.0017
1133.19954672,101.0,100.9983,-0.0015
1133.39954664,101.0,100.9984,-0.0015
1133.59954656,101.0,100.9986,-0.0013
1133.79954648,101.0,100.9986,-0.0013
1133.9995464,101.0,100.9988,-0.001
1134.19954632,101.0,100.999,-0.0009
1134.39954624,101.0,100.9994,-0.0005
1134.59954616,101.0,100.9996,-0.0002
1134.79954608,101.0,100.9998,-0.0001
1134.999546,101.0,101.0,0.0
1135.19954592,101.0,101.0001,0.0001
1135.39954584,101.0,101.0003,0.0004
1135.5995457600002,101.0,101.0005,0.0005
1135.7995456800002,101.0,101.0006,0.0006
1135.9995456000001,101.0,101.0006,0.0006
1136.1995455200001,101.0,101.0005,0.0005
1136.3995454399999,101.0,101.0004,0.0004
1136.5995453599999,101.0,101.0003,0.0003
1136.7995452799998,101.0,101.0001,0.0001
1136.9995452,101.0,101.0001,0.0001
1137.19954512,101.0,100.9999,0.0
1137.39954504,101.0,100.9999,-0.0
1137.59954496,101.0,100.9997,-0.0002
1137.79954488,101.0,100.9996,-0.0002
1137.9995448,101.0,100.9996,-0.0003
1138.19954472,101.0,100.9995,-0.0004
1138.39954464,101.0,100.9995,-0.0004
1138.5995445600001,101.0,100.9993,-0.0005
1138.7995444800001,101.0,100.9992,-0.0006
1138.9995444,101.0,100.9992,-0.0007
1139.19954432,101.0,100.9992,-0.0007
1139.39954424,101.0,100.9991,-0.0008
1139.59954416,101.0,100.9991,-0.0008
1139.79954408,101.0,100.9992,-0.0007
1139.999544,101.0,100.9992,-0.0007
1140.1995439200002,101.0,100.9993,-0.0006
1140.39954384,101.0,100.9993,-0.0006
1140.59954376,101.0,100.9994,-0.0005
1140.79954368,101.0,100.9995,-0.0004
1140.9995436,101.0,100.9995,-0.0004
1141.19954352,101.0,100.9995,-0.0003
1141.39954344,101.0,100.9995,-0.0003
1141.5995433599999,101.0,100.9996,-0.0003
1141.79954328,101.0,100.9997,-0.0002
1141.9995432,101.0,100.9998,-0.0001
1142.19954312,101.0,100.9999,-0.0
1142.39954304,101.0,101.0,0.0
1142.59954296,101.0,101.0002,0.0002
1142.79954288,101.0,101.0003,0.0003
1142.9995428,101.0,101.0003,0.0003
1143.1995427200002,101.0,101.0003,0.0003
1143.3995426400002,101.0,101.0003,0.0003
1143.5995425600001,101.0,101.0004,0.0004
1143.7995424800001,101.0,101.0003,0.0003
1143.9995424,101.0,101.0002,0.0002
1144.19954232,101.0,101.0002,0.0002
1144.3995422399998,101.0,101.0,0.0
1144.5995421599998,101.0,100.9998,-0.0001
1144.79954208,101.0,100.9997,-0.0002
1144.999542,101.0,100.9995,-0.0004
1145.19954192,101.0,100.9993,-0.0005
1145.39954184,101.0,100.9992,-0.0007
1145.59954176,101.0,100.9989,-0.001
1145.79954168,101.0,100.9987,-0.0011
1145.9995416,101.0,100.9986,-0.0013
1146.19954152,101.0,100.9987,-0.0012
1146.3995414400001,101.0,100.9987,-0.0012
1146.59954136,101.0,100.9987,-0.0012
1146.79954128,101.0,100.9986,-0.0013
1146.9995412,101.0,100.9986,-0.0013
1147.19954112,101.0,100.9986,-0.0013
1147.39954104,101.0,100.9986,-0.0013
1147.59954096,101.0,100.9987,-0.0012
1147.79954088,101.0,100.9988,-0.001
1147.9995408000002,101.0,100.9989,-0.001
1148.1995407200002,101.0,100.9989,-0.001
1148.39954064,101.0,100.999,-0.0009
1148.59954056,101.0,100.9991,-0.0008
1148.79954048,101.0,100.9991,-0.0008
1148.9995404,101.0,100.9992,-0.0007
1149.1995403199999,101.0,100.9992,-0.0007
1149.39954024,101.0,100.9989,-0.0009
1149.59954016,101.0,100.9989,-0.001
1149.79954008,101.0,100.9988,-0.0011
1149.99954,101.0,100.9987,-0.0012
1150.19953992,101.0,100.9986,-0.0013
1150.39953984,101.0,100.9986,-0.0013
1150.59953976,101.0,100.9985,-0.0014
1150.79953968,101.0,100.9984,-0.0015
1150.9995396000002,101.0,100.9983,-0.0016
1151.1995395200001,101.0,100.9982,-0.0017
1151.3995394400001,101.0,100.9984,-0.0015
1151.59953936,101.0,100.9983,-0.0016
1151.79953928,101.0,100.9983,-0.0016
1151.9995392,101.0,100.9983,-0.0016
1152.19953912,101.0,100.9982,-0.0017
1152.3995390399998,101.0,100.9982,-0.0017
1152.59953896,101.0,100.9982,-0.0017
1152.79953888,101.0,100.9982,-0.0017
1152.9995388,101.0,100.9982,-0.0016
1153.19953872,101.0,100.9983,-0.0016
1153.39953864,101.0,100.9983,-0.0016
1153.59953856,101.0,100.9984,-0.0015
1153.79953848,101.0,100.9985,-0.0014
1153.9995384,101.0,100.9986,-0.0013
1154.19953832,101.0,100.9988,-0.0011
1154.39953824,101.0,100.9989,-0.001
1154.59953816,101.0,100.9989,-0.001
1154.79953808,101.0,100.9989,-0.001
1154.999538,101.0,100.999,-0.0009
1155.19953792,101.0,100.9989,-0.0009
1155.39953784,101.0,100.9991,-0.0008
1155.5995377600002,101.0,100.9991,-0.0008
1155.7995376800002,101.0,100.9992,-0.0007
1155.9995376000002,101.0,100.9993,-0.0006
1156.1995375200001,101.0,100.9994,-0.0005
1156.39953744,101.0,100.9994,-0.0005
1156.5995373599999,101.0,100.9995,-0.0004
1156.7995372799999,101.0,100.9995,-0.0004
1156.9995371999998,101.0,100.9995,-0.0004
1157.19953712,101.0,100.9994,-0.0005
1157.39953704,101.0,100.9993,-0.0006
1157.59953696,101.0,100.9992,-0.0007
1157.79953688,101.0,100.9991,-0.0008
1157.9995368,101.0,100.999,-0.0009
1158.19953672,101.0,100.9989,-0.001
1158.39953664,101.0,100.9989,-0.001
1158.59953656,101.0,100.9988,-0.0011
1158.7995364800001,101.0,100.9988,-0.0011
1158.9995364000001,101.0,100.9988,-0.0011
1159.19953632,101.0,100.9987,-0.0012
1159.39953624,101.0,100.9986,-0.0013
1159.59953616,101.0,100.9985,-0.0014
1159.79953608,101.0,100.9985,-0.0014
1159.999536,101.0,100.9987,-0.0012
1160.19953592,101.0,100.9987,-0.0012
1160.39953584,101.0,100.9988,-0.0011
1160.59953576,101.0,100.9988,-0.001
1160.79953568,101.0,100.999,-0.0009
1160.9995356,101.0,100.9991,-0.0008
1161.19953552,101.0,100.9993,-0.0005
1161.39953544,101.0,100.9994,-0.0005
1161.59953536,101.0,100.9995,-0.0004
1161.79953528,101.0,100.9995,-0.0004
1161.9995352,101.0,100.9996,-0.0003
1162.19953512,101.0,100.9998,-0.0001
1162.39953504,101.0,101.0,0.0
1162.59953496,101.0,101.0002,0.0002
1162.79953488,101.0,101.0005,0.0005
1162.9995348,101.0,101.0005,0.0005
1163.19953472,101.0,101.0006,0.0006
1163.3995346400002,101.0,101.0007,0.0008
1163.5995345600002,101.0,101.0008,0.0008
1163.7995344800001,101.0,101.001,0.001
1163.9995344000001,101.0,101.001,0.001
1164.19953432,101.0,101.001,0.001
1164.3995342399999,101.0,101.0009,0.0009
1164.5995341599998,101.0,101.0008,0.0008
1164.7995340799998,101.0,101.0008,0.0008
1164.999534,101.0,101.0007,0.0007
1165.19953392,101.0,101.0006,0.0006
1165.39953384,101.0,101.0003,0.0004
1165.59953376,101.0,101.0001,0.0001
1165.79953368,101.0,100.9999,-0.0
1165.9995336,101.0,100.9997,-0.0002
1166.19953352,101.0,100.9996,-0.0003
1166.39953344,101.0,100.9994,-0.0005
1166.5995333600001,101.0,100.9992,-0.0006
1166.79953328,101.0,100.9992,-0.0007
1166.9995332,101.0,100.9991,-0.0008
1167.19953312,101.0,100.9992,-0.0007
1167.39953304,101.0,100.9992,-0.0007
1167.59953296,101.0,100.9991,-0.0007
1167.79953288,101.0,100.9992,-0.0007
1167.9995328000002,101.0,100.9992,-0.0007
1168.1995327200002,101.0,100.9993,-0.0006
1168.39953264,101.0,100.9994,-0.0005
1168.59953256,101.0,100.9995,-0.0004
1168.79953248,101.0,100.9996,-0.0003
1168.9995324,101.0,100.9996,-0.0002
1169.19953232,101.0,100.9997,-0.0002
1169.3995322399999,101.0,100.9996,-0.0003
1169.59953216,101.0,100.9995,-0.0004
1169.79953208,101.0,100.9994,-0.0005
1169.999532,101.0,100.9993,-0.0006
1170.19953192,101.0,100.9991,-0.0008
1170.39953184,101.0,100.999,-0.0009
1170.59953176,101.0,100.9989,-0.001
1170.79953168,101.0,100.9988,-0.0011
1170.9995316,101.0,100.9988,-0.0011
1171.1995315200002,101.0,100.9988,-0.0011
1171.3995314400001,101.0,100.9987,-0.0012
1171.5995313600001,101.0,100.9986,-0.0013
1171.79953128,101.0,100.9985,-0.0014
1171.9995312,101.0,100.9983,-0.0015
1172.19953112,101.0,100.9982,-0.0017
1172.39953104,101.0,100.9983,-0.0016
1172.5995309599998,101.0,100.9984,-0.0015
1172.79953088,101.0,100.9985,-0.0014
1172.9995308,101.0,100.9987,-0.0012
1173.19953072,101.0,100.9988,-0.0011
1173.39953064,101.0,100.9989,-0.001
1173.59953056,101.0,100.9991,-0.0008
1173.79953048,101.0,100.9992,-0.0007
1173.9995304,101.0,100.9993,-0.0006
1174.1995303200001,101.0,100.9995,-0.0004
1174.39953024,101.0,100.9996,-0.0003
1174.59953016,101.0,100.9998,-0.0001
1174.79953008,101.0,100.9999,-0.0
1174.99953,101.0,101.0,0.0
1175.19952992,101.0,101.0002,0.0002
1175.39952984,101.0,101.0004,0.0004
1175.59952976,101.0,101.0004,0.0004
1175.7995296800002,101.0,101.0004,0.0004
1175.9995296000002,101.0,101.0003,0.0004
1176.1995295200002,101.0,101.0002,0.0002
1176.39952944,101.0,101.0002,0.0002
1176.59952936,101.0,101.0002,0.0002
1176.79952928,101.0,101.0,0.0
1176.9995291999999,101.0,100.9999,-0.0
1177.1995291199999,101.0,100.9999,-0.0
1177.39952904,101.0,100.9998,-0.0001
1177.59952896,101.0,100.9996,-0.0003
1177.79952888,101.0,100.9994,-0.0005
1177.9995288,101.0,100.9995,-0.0004
1178.19952872,101.0,100.9995,-0.0004
1178.39952864,101.0,100.9994,-0.0005
1178.59952856,101.0,100.9993,-0.0006
1178.79952848,101.0,100.9993,-0.0006
1178.9995284000001,101.0,100.9993,-0.0006
1179.1995283200001,101.0,100.9993,-0.0006
1179.39952824,101.0,100.9993,-0.0006
1179.59952816,101.0,100.9993,-0.0006
1179.79952808,101.0,100.9993,-0.0006
1179.999528,101.0,100.9993,-0.0006
1180.19952792,101.0,100.9992,-0.0006
1180.39952784,101.0,100.9993,-0.0006
1180.59952776,101.0,100.9994,-0.0005
1180.79952768,101.0,100.9995,-0.0004
1180.9995276,101.0,100.9996,-0.0003
1181.19952752,101.0,100.9996,-0.0003
1181.39952744,101.0,100.9995,-0.0004
1181.59952736,101.0,100.9995,-0.0004
1181.79952728,101.0,100.9995,-0.0004
1181.9995272,101.0,100.9996,-0.0003
1182.19952712,101.0,100.9997,-0.0002
1182.39952704,101.0,100.9998,-0.0001
1182.59952696,101.0,100.9998,-0.0001
1182.79952688,101.0,100.9998,-0.0001
1182.9995268,101.0,100.9999,-0.0
1183.19952672,101.0,101.0,0.0
1183.39952664,101.0,101.0,0.0
1183.5995265600002,101.0,101.0,0.0
1183.7995264800002,101.0,100.9999,-0.0
1183.9995264000001,101.0,100.9999,-0.0
1184.1995263200001,101.0,100.9998,-0.0001
1184.39952624,101.0,100.9997,-0.0002
1184.5995261599999,101.0,100.9996,-0.0002
1184.7995260799999,101.0,100.9996,-0.0003
1184.9995259999998,101.0,100.9996,-0.0002
1185.19952592,101.0,100.9996,-0.0003
1185.39952584,101.0,100.9996,-0.0003
1185.59952576,101.0,100.9996,-0.0003
1185.79952568,101.0,100.9996,-0.0003
1185.9995256,101.0,100.9996,-0.0002
1186.19952552,101.0,100.9997,-0.0002
1186.39952544,101.0,100.9996,-0.0002
1186.5995253600001,101.0,100.9997,-0.0002
1186.7995252800001,101.0,100.9998,-0.0001
1186.9995252,101.0,100.9998,-0.0
1187.19952512,101.0,100.9998,-0.0
1187.39952504,101.0,100.9999,-0.0
1187.59952496,101.0,101.0,0.0
1187.79952488,101.0,101.0001,0.0001
1187.9995248,101.0,101.0002,0.0002
1188.1995247200002,101.0,101.0001,0.0001
1188.39952464,101.0,101.0001,0.0001
1188.59952456,101.0,100.9999,0.0
1188.79952448,101.0,101.0,0.0
1188.9995244,101.0,100.9998,-0.0001
1189.19952432,101.0,100.9999,-0.0
1189.39952424,101.0,100.9998,-0.0001
1189.5995241599999,101.0,100.9998,-0.0001
1189.79952408,101.0,100.9997,-0.0002
1189.999524,101.0,100.9996,-0.0003
1190.19952392,101.0,100.9993,-0.0006
1190.39952384,101.0,100.9993,-0.0006
1190.59952376,101.0,100.9992,-0.0007
1190.79952368,101.0,100.999,-0.0009
1190.9995236,101.0,100.999,-0.0009
1191.19952352,101.0,100.9988,-0.001
1191.3995234400002,101.0,100.9988,-0.001
1191.5995233600001,101.0,100.9986,-0.0012
1191.7995232800001,101.0,100.9986,-0.0013
1191.9995232,101.0,100.9984,-0.0015
1192.19952312,101.0,100.9983,-0.0015
1192.39952304,101.0,100.9983,-0.0016
1192.5995229599998,101.0,100.9982,-0.0016
1192.79952288,101.0,100.9982,-0.0017
1192.9995228,101.0,100.9982,-0.0017
1193.19952272,101.0,100.9982,-0.0017
1193.39952264,101.0,100.9983,-0.0016
1193.59952256,101.0,100.9984,-0.0014
1193.79952248,101.0,100.9986,-0.0013
1193.9995224,101.0,100.9989,-0.001
1194.19952232,101.0,100.9989,-0.001
1194.3995222400001,101.0,100.9991,-0.0008
1194.59952216,101.0,100.9993,-0.0006
1194.79952208,101.0,100.9994,-0.0005
1194.999522,101.0,100.9996,-0.0002
1195.19952192,101.0,101.0,0.0
1195.39952184,101.0,101.0001,0.0001
1195.59952176,101.0,101.0002,0.0002
1195.79952168,101.0,101.0002,0.0002
1195.9995216000002,101.0,101.0003,0.0003
1196.1995215200002,101.0,101.0003,0.0003
1196.3995214400002,101.0,101.0004,0.0004
1196.59952136,101.0,101.0005,0.0005
1196.79952128,101.0,101.0005,0.0005
1196.9995212,101.0,101.0004,0.0004
1197.1995211199999,101.0,101.0002,0.0002
1197.3995210399999,101.0,101.0002,0.0002
1197.59952096,101.0,101.0001,0.0001
1197.79952088,101.0,101.0,0.0
1197.9995208,101.0,101.0,0.0
1198.19952072,101.0,101.0,0.0
1198.39952064,101.0,101.0,0.0
1198.59952056,101.0,100.9999,-0.0
1198.79952048,101.0,100.9999,-0.0
1198.9995204000002,101.0,101.0001,0.0001
1199.1995203200001,101.0,101.0001,0.0001
1199.3995202400001,101.0,101.0003,0.0003
1199.59952016,101.0,101.0005,0.0005
1199.79952008,101.0,101.0006,0.0006
1199.99952,101.0,101.0006,0.0006
1200.19951992,101.0,101.0008,0.0008
1200.39951984,101.0,101.0008,0.0009
1200.59951976,101.0,101.0009,0.0009
1200.79951968,101.0,101.0009,0.0009
1200.9995196,101.0,101.0009,0.0009
1201.19951952,101.0,101.001,0.001
1201.39951944,101.0,101.0011,0.0011
1201.59951936,101.0,101.0011,0.0011
1201.79951928,101.0,101.0011,0.0011
1201.9995192,101.0,101.0012,0.0012
1202.19951912,101.0,101.0013,0.0013
1202.39951904,101.0,101.0012,0.0013
1202.59951896,101.0,101.0012,0.0012
1202.79951888,101.0,101.001,0.001
1202.9995188,101.0,101.0008,0.0008
1203.19951872,101.0,101.0006,0.0007
1203.39951864,101.0,101.0005,0.0005
1203.59951856,101.0,101.0005,0.0005
1203.7995184800002,101.0,101.0004,0.0004
1203.9995184000002,101.0,101.0003,0.0003
1204.1995183200002,101.0,101.0001,0.0001
1204.3995182400001,101.0,100.9998,-0.0
1204.59951816,101.0,100.9997,-0.0002
1204.7995180799999,101.0,100.9995,-0.0004
1204.9995179999999,101.0,100.9993,-0.0006
1205.19951792,101.0,100.9992,-0.0007
1205.39951784,101.0,100.9989,-0.001
1205.59951776,101.0,100.9988,-0.0011
1205.79951768,101.0,100.9987,-0.0012
1205.9995176,101.0,100.9987,-0.0012
1206.19951752,101.0,100.9989,-0.001
1206.39951744,101.0,100.9989,-0.0009
1206.59951736,101.0,100.999,-0.0009
1206.7995172800001,101.0,100.9991,-0.0008
1206.9995172000001,101.0,100.9992,-0.0007
1207.19951712,101.0,100.9993,-0.0006
1207.39951704,101.0,100.9994,-0.0005
1207.59951696,101.0,100.9995,-0.0003
1207.79951688,101.0,100.9997,-0.0002
1207.9995168,101.0,100.9997,-0.0002
1208.19951672,101.0,100.9998,-0.0001
1208.39951664,101.0,100.9999,-0.0
1208.59951656,101.0,101.0,0.0001
1208.79951648,101.0,101.0001,0.0001
1208.9995164,101.0,101.0,0.0
1209.19951632,101.0,101.0,0.0
1209.39951624,101.0,101.0,0.0
1209.59951616,101.0,101.0,0.0
1209.7995160799999,101.0,100.9999,-0.0
1209.999516,101.0,100.9999,-0.0
1210.19951592,101.0,100.9998,-0.0001
1210.39951584,101.0,100.9998,-0.0001
1210.59951576,101.0,100.9998,-0.0001
1210.79951568,101.0,100.9999,-0.0
1210.9995156,101.0,100.9998,-0.0001
1211.19951552,101.0,100.9999,-0.0
1211.3995154400002,101.0,100.9999,-0.0
1211.5995153600002,101.0,100.9998,-0.0001
1211.7995152800002,101.0,100.9997,-0.0002
1211.9995152000001,101.0,100.9996,-0.0002
1212.1995151200001,101.0,100.9996,-0.0003
1212.39951504,101.0,100.9995,-0.0004
1212.5995149599999,101.0,100.9995,-0.0004
1212.7995148799998,101.0,100.9994,-0.0005
1212.9995148,101.0,100.9995,-0.0004
1213.19951472,101.0,100.9995,-0.0004
1213.39951464,101.0,100.9996,-0.0003
1213.59951456,101.0,100.9997,-0.0002
1213.79951448,101.0,100.9996,-0.0002
1213.9995144,101.0,100.9997,-0.0002
1214.19951432,101.0,101.0,0.0
1214.39951424,101.0,101.0001,0.0001
1214.5995141600001,101.0,101.0003,0.0003
1214.79951408,101.0,101.0005,0.0005
1214.999514,101.0,101.0006,0.0006
1215.19951392,101.0,101.0009,0.0009
1215.39951384,101.0,101.001,0.001
1215.59951376,101.0,101.0011,0.0011
1215.79951368,101.0,101.0011,0.0011
1215.9995136,101.0,101.0011,0.0011
1216.1995135200002,101.0,101.0011,0.0011
1216.3995134400002,101.0,101.001,0.001
1216.59951336,101.0,101.0009,0.0009
1216.79951328,101.0,101.0008,0.0008
1216.9995132,101.0,101.0008,0.0008
1217.19951312,101.0,101.0008,0.0009
1217.3995130399999,101.0,101.0008,0.0009
1217.59951296,101.0,101.0008,0.0008
1217.79951288,101.0,101.0008,0.0008
1217.9995128,101.0,101.0008,0.0009
1218.19951272,101.0,101.001,0.001
1218.39951264,101.0,101.001,0.001
1218.59951256,101.0,101.0011,0.0011
1218.79951248,101.0,101.0012,0.0013
1218.9995124,101.0,101.0014,0.0014
1219.1995123200002,101.0,101.0016,0.0016
1219.3995122400001,101.0,101.0017,0.0018
1219.5995121600001,101.0,101.002,0.002
1219.79951208,101.0,101.0021,0.0021
1219.999512,101.0,101.0023,0.0024
1220.19951192,101.0,101.0024,0.0024
1220.39951184,101.0,101.0023,0.0023
1220.5995117599998,101.0,101.0022,0.0022
1220.79951168,101.0,101.002,0.0021
1220.9995116,101.0,101.002,0.002
1221.19951152,101.0,101.0017,0.0018
1221.39951144,101.0,101.0014,0.0014
1221.59951136,101.0,101.0011,0.0011
1221.79951128,101.0,101.001,0.001
1221.9995112,101.0,101.0009,0.0009
1222.19951112,101.0,101.0008,0.0008
1222.39951104,101.0,101.0006,0.0006
1222.59951096,101.0,101.0005,0.0006
1222.79951088,101.0,101.0003,0.0004
1222.9995108,101.0,101.0002,0.0002
1223.19951072,101.0,101.0,0.0001
1223.39951064,101.0,100.9999,-0.0
1223.59951056,101.0,100.9998,-0.0001
1223.7995104800002,101.0,100.9997,-0.0002
1223.9995104000002,101.0,100.9996,-0.0003
1224.1995103200002,101.0,100.9994,-0.0005
1224.3995102400002,101.0,100.9992,-0.0007
1224.59951016,101.0,100.9993,-0.0006
1224.79951008,101.0,100.9994,-0.0005
1224.9995099999999,101.0,100.9992,-0.0007
1225.1995099199999,101.0,100.999,-0.0009
1225.39950984,101.0,100.9988,-0.0011
1225.59950976,101.0,100.9986,-0.0013
1225.79950968,101.0,100.9986,-0.0013
1225.9995096,101.0,100.9985,-0.0014
1226.19950952,101.0,100.9985,-0.0014
1226.39950944,101.0,100.9984,-0.0015
1226.59950936,101.0,100.9984,-0.0014
1226.79950928,101.0,100.9984,-0.0014
1226.9995092000001,101.0,100.9983,-0.0016
1227.1995091200001,101.0,100.9983,-0.0015
1227.39950904,101.0,100.9984,-0.0015
1227.59950896,101.0,100.9985,-0.0014
1227.79950888,101.0,100.9985,-0.0014
1227.9995088,101.0,100.9984,-0.0015
1228.19950872,101.0,100.9984,-0.0015
1228.39950864,101.0,100.9985,-0.0014
1228.59950856,101.0,100.9985,-0.0014
1228.79950848,101.0,100.9986,-0.0013
1228.9995084,101.0,100.9986,-0.0013
1229.19950832,101.0,100.9986,-0.0013
1229.39950824,101.0,100.9985,-0.0014
1229.59950816,101.0,100.9986,-0.0013
1229.79950808,101.0,100.9986,-0.0013
1229.999508,101.0,100.9985,-0.0014
1230.19950792,101.0,100.9986,-0.0013
1230.39950784,101.0,100.9987,-0.0012
1230.59950776,101.0,100.9987,-0.0012
1230.79950768,101.0,100.9987,-0.0012
1230.9995076,101.0,100.9986,-0.0013
1231.19950752,101.0,100.9985,-0.0014
1231.39950744,101.0,100.9985,-0.0014
1231.5995073600002,101.0,100.9984,-0.0015
1231.7995072800002,101.0,100.9984,-0.0015
1231.9995072000002,101.0,100.9982,-0.0017
1232.1995071200001,101.0,100.9981,-0.0018
1232.3995070400001,101.0,100.998,-0.0019
1232.5995069599999,101.0,100.9979,-0.002
1232.7995068799999,101.0,100.9979,-0.002
1232.9995067999998,101.0,100.9979,-0.002
1233.19950672,101.0,100.9979,-0.002
1233.39950664,101.0,100.9979,-0.002
1233.59950656,101.0,100.9979,-0.002
1233.79950648,101.0,100.998,-0.0019
1233.9995064,101.0,100.9981,-0.0018
1234.19950632,101.0,100.9982,-0.0016
1234.39950624,101.0,100.9984,-0.0015
1234.59950616,101.0,100.9985,-0.0014
1234.7995060800001,101.0,100.9986,-0.0013
1234.999506,101.0,100.9987,-0.0011
1235.19950592,101.0,100.9988,-0.001
1235.39950584,101.0,100.999,-0.0009
1235.59950576,101.0,100.9991,-0.0008
1235.79950568,101.0,100.9992,-0.0007
1235.9995056,101.0,100.9991,-0.0007
1236.1995055200002,101.0,100.9992,-0.0007
1236.3995054400002,101.0,100.9993,-0.0006
1236.59950536,101.0,100.9994,-0.0005
1236.79950528,101.0,100.9994,-0.0005
1236.9995052,101.0,100.9994,-0.0005
1237.19950512,101.0,100.9994,-0.0005
1237.39950504,101.0,100.9995,-0.0004
1237.5995049599999,101.0,100.9995,-0.0004
1237.79950488,101.0,100.9996,-0.0003
1237.9995048,101.0,100.9996,-0.0003
1238.19950472,101.0,100.9995,-0.0003
1238.39950464,101.0,100.9996,-0.0002
1238.59950456,101.0,100.9996,-0.0003
1238.79950448,101.0,100.9996,-0.0003
1238.9995044,101.0,100.9997,-0.0002
1239.19950432,101.0,100.9999,-0.0
1239.3995042400002,101.0,100.9998,-0.0
1239.5995041600002,101.0,100.9998,-0.0001
1239.7995040800001,101.0,100.9998,-0.0001
1239.9995040000001,101.0,100.9998,-0.0
1240.19950392,101.0,100.9999,-0.0
1240.39950384,101.0,100.9999,-0.0
1240.5995037599998,101.0,100.9999,-0.0
1240.7995036799998,101.0,100.9998,-0.0001
1240.9995036,101.0,100.9997,-0.0002
1241.19950352,101.0,100.9997,-0.0002
1241.39950344,101.0,100.9997,-0.0002
1241.59950336,101.0,100.9995,-0.0004
1241.79950328,101.0,100.9995,-0.0003
1241.9995032,101.0,100.9996,-0.0003
1242.19950312,101.0,100.9996,-0.0003
1242.3995030400001,101.0,100.9996,-0.0003
1242.59950296,101.0,100.9995,-0.0004
1242.79950288,101.0,100.9996,-0.0003
1242.9995028,101.0,100.9995,-0.0004
1243.19950272,101.0,100.9993,-0.0006
1243.39950264,101.0,100.999,-0.0009
1243.59950256,101.0,100.9989,-0.001
1243.79950248,101.0,100.9987,-0.0012
1243.9995024000002,101.0,100.9985,-0.0014
1244.1995023200002,101.0,100.9984,-0.0015
1244.3995022400002,101.0,100.9982,-0.0017
1244.59950216,101.0,100.998,-0.0018
1244.79950208,101.0,100.998,-0.0018
1244.999502,101.0,100.9979,-0.0019
1245.1995019199999,101.0,100.9978,-0.002
1245.3995018399999,101.0,100.9977,-0.0022
1245.59950176,101.0,100.9975,-0.0024
1245.79950168,101.0,100.9975,-0.0024
1245.9995016,101.0,100.9974,-0.0025
1246.19950152,101.0,100.9974,-0.0025
1246.39950144,101.0,100.9974,-0.0025
1246.59950136,101.0,100.9976,-0.0023
1246.79950128,101.0,100.9977,-0.0022
1246.9995012,101.0,100.9977,-0.0021
1247.1995011200001,101.0,100.9979,-0.002
1247.3995010400001,101.0,100.998,-0.0019
1247.5995009600001,101.0,100.998,-0.0019
1247.79950088,101.0,100.9981,-0.0018
1247.9995008,101.0,100.9981,-0.0018
1248.19950072,101.0,100.9981,-0.0018
1248.39950064,101.0,100.9982,-0.0017
1248.59950056,101.0,100.9982,-0.0016
1248.79950048,101.0,100.9984,-0.0015
1248.9995004,101.0,100.9984,-0.0014
1249.19950032,101.0,100.9985,-0.0014
1249.39950024,101.0,100.9985,-0.0014
1249.59950016,101.0,100.9986,-0.0013
1249.79950008,101.0,100.9985,-0.0014
1249.9995,101.0,100.9984,-0.0015
1250.19949992,101.0,100.9984,-0.0015
1250.39949984,101.0,100.9984,-0.0015
1250.59949976,101.0,100.9984,-0.0015
1250.79949968,101.0,100.9985,-0.0014
1250.9994996,101.0,100.9985,-0.0014
1251.19949952,101.0,100.9986,-0.0013
1251.39949944,101.0,100.9987,-0.0012
1251.59949936,101.0,100.9987,-0.0012
1251.7994992800002,101.0,100.9987,-0.0012
1251.9994992000002,101.0,100.9986,-0.0013
1252.1994991200002,101.0,100.9986,-0.0013
1252.3994990400001,101.0,100.9986,-0.0013
1252.59949896,101.0,100.9986,-0.0013
1252.7994988799999,101.0,100.9987,-0.0012
1252.9994987999999,101.0,100.9988,-0.0011
1253.1994987199998,101.0,100.9991,-0.0008
1253.39949864,101.0,100.9991,-0.0008
1253.59949856,101.0,100.9992,-0.0007
1253.79949848,101.0,100.9993,-0.0006
1253.9994984,101.0,100.9995,-0.0004
1254.19949832,101.0,100.9997,-0.0002
1254.39949824,101.0,100.9998,-0.0001
1254.59949816,101.0,100.9998,-0.0001
1254.7994980800001,101.0,100.9998,-0.0001
1254.9994980000001,101.0,100.9998,-0.0001
1255.19949792,101.0,101.0,0.0
1255.39949784,101.0,101.0001,0.0001
1255.59949776,101.0,101.0001,0.0001
1255.79949768,101.0,101.0001,0.0001
1255.9994976,101.0,101.0,0.0
1256.19949752,101.0,101.0001,0.0001
1256.3994974400002,101.0,101.0,0.0
1256.59949736,101.0,100.9999,-0.0
1256.79949728,101.0,101.0,0.0
1256.9994972,101.0,101.0001,0.0001
1257.19949712,101.0,101.0,0.0
1257.39949704,101.0,101.0,0.0
1257.59949696,101.0,100.9999,-0.0
1257.7994968799999,101.0,100.9999,-0.0
1257.9994968,101.0,100.9999,-0.0
1258.19949672,101.0,101.0,0.0
1258.39949664,101.0,100.9999,-0.0
1258.59949656,101.0,100.9998,-0.0001
1258.79949648,101.0,100.9999,-0.0
1258.9994964,101.0,101.0,0.0
1259.19949632,101.0,101.0,0.0
1259.39949624,101.0,101.0001,0.0001
1259.5994961600002,101.0,101.0001,0.0001
1259.7994960800002,101.0,101.0002,0.0002
1259.9994960000001,101.0,101.0003,0.0003
1260.1994959200001,101.0,101.0002,0.0002
1260.39949584,101.0,101.0002,0.0002
1260.5994957599999,101.0,101.0001,0.0001
1260.7994956799998,101.0,101.0001,0.0001
1260.9994956,101.0,101.0002,0.0002
1261.19949552,101.0,101.0002,0.0003
1261.39949544,101.0,101.0003,0.0003
1261.59949536,101.0,101.0004,0.0004
1261.79949528,101.0,101.0004,0.0004
1261.9994952,101.0,101.0004,0.0004
1262.19949512,101.0,101.0003,0.0003
1262.39949504,101.0,101.0003,0.0003
1262.5994949600001,101.0,101.0003,0.0003
1262.79949488,101.0,101.0003,0.0003
1262.9994948,101.0,101.0003,0.0003
1263.19949472,101.0,101.0002,0.0002
1263.39949464,101.0,101.0002,0.0002
1263.59949456,101.0,101.0003,0.0003
1263.79949448,101.0,101.0003,0.0003
1263.9994944,101.0,101.0002,0.0002
1264.1994943200002,101.0,101.0,0.0
1264.3994942400002,101.0,100.9998,-0.0001
1264.59949416,101.0,100.9996,-0.0002
1264.79949408,101.0,100.9995,-0.0004
1264.999494,101.0,100.9994,-0.0005
1265.19949392,101.0,100.9995,-0.0004
1265.3994938399999,101.0,100.9995,-0.0004
1265.5994937599999,101.0,100.9994,-0.0005
1265.79949368,101.0,100.9994,-0.0005
1265.9994936,101.0,100.9993,-0.0006
1266.19949352,101.0,100.9992,-0.0007
1266.39949344,101.0,100.9991,-0.0008
1266.59949336,101.0,100.999,-0.0009
1266.79949328,101.0,100.9988,-0.001
1266.9994932,101.0,100.9987,-0.0012
1267.1994931200002,101.0,100.9988,-0.001
1267.3994930400002,101.0,100.9989,-0.0009
1267.5994929600001,101.0,100.9991,-0.0008
1267.7994928800001,101.0,100.9992,-0.0007
1267.9994928,101.0,100.9993,-0.0006
1268.19949272,101.0,100.9993,-0.0006
1268.39949264,101.0,100.999,-0.0009
1268.5994925599998,101.0,100.999,-0.0009
1268.79949248,101.0,100.999,-0.0009
1268.9994924,101.0,100.9989,-0.001
1269.19949232,101.0,100.9989,-0.001
1269.39949224,101.0,100.9988,-0.001
1269.59949216,101.0,100.9989,-0.001
1269.79949208,101.0,100.9989,-0.001
1269.999492,101.0,100.999,-0.0009
1270.19949192,101.0,100.9991,-0.0008
1270.39949184,101.0,100.999,-0.0009
1270.59949176,101.0,100.9989,-0.001
1270.79949168,101.0,100.9988,-0.0011
1270.9994916,101.0,100.9988,-0.001
1271.19949152,101.0,100.9987,-0.0012
1271.39949144,101.0,100.9987,-0.0012
1271.59949136,101.0,100.9987,-0.0012
1271.79949128,101.0,100.9986,-0.0012
1271.9994912000002,101.0,100.9986,-0.0013
1272.1994911200002,101.0,100.9986,-0.0013
1272.3994910400002,101.0,100.9986,-0.0013
1272.59949096,101.0,100.9986,-0.0013
1272.79949088,101.0,100.9986,-0.0013
1272.9994907999999,101.0,100.9986,-0.0013
1273.1994907199999,101.0,100.9986,-0.0013
1273.39949064,101.0,100.9986,-0.0013
1273.59949056,101.0,100.9986,-0.0012
1273.79949048,101.0,100.9988,-0.0011
1273.9994904,101.0,100.9989,-0.001
1274.19949032,101.0,100.9989,-0.0009
1274.39949024,101.0,100.999,-0.0009
1274.59949016,101.0,100.999,-0.0009
1274.79949008,101.0,100.9992,-0.0007
1274.9994900000002,101.0,100.9993,-0.0005
1275.1994899200001,101.0,100.9995,-0.0004
1275.3994898400001,101.0,100.9996,-0.0003
1275.59948976,101.0,100.9996,-0.0002
1275.79948968,101.0,100.9998,-0.0001
1275.9994896,101.0,100.9997,-0.0001
1276.19948952,101.0,100.9998,-0.0001
1276.39948944,101.0,100.9997,-0.0002
1276.59948936,101.0,100.9996,-0.0003
1276.79948928,101.0,100.9996,-0.0003
1276.9994892,101.0,100.9996,-0.0003
1277.19948912,101.0,100.9995,-0.0004
1277.39948904,101.0,100.9994,-0.0005
1277.59948896,101.0,100.9995,-0.0004
1277.79948888,101.0,100.9995,-0.0004
1277.9994887999999,101.0,100.9994,-0.0005
1278.19948872,101.0,100.9994,-0.0005
1278.39948864,101.0,100.9995,-0.0004
1278.59948856,101.0,100.9994,-0.0005
1278.79948848,101.0,100.9995,-0.0004
1278.9994884,101.0,100.9995,-0.0004
1279.19948832,101.0,100.9995,-0.0004
1279.39948824,101.0,100.9997,-0.0002
1279.5994881600002,101.0,100.9998,-0.0001
1279.7994880800002,101.0,100.9999,0.0
1279.9994880000002,101.0,101.0001,0.0001
1280.1994879200001,101.0,101.0001,0.0001
1280.3994878400001,101.0,101.0002,0.0002
1280.59948776,101.0,101.0003,0.0003
1280.7994876799999,101.0,101.0002,0.0003
1280.9994875999998,101.0,101.0003,0.0004
1281.19948752,101.0,101.0005,0.0005
1281.39948744,101.0,101.0006,0.0006
1281.59948736,101.0,101.0006,0.0006
1281.79948728,101.0,101.0007,0.0007
1281.9994872,101.0,101.0008,0.0008
1282.19948712,101.0,101.001,0.001
1282.39948704,101.0,101.0011,0.0011
1282.59948696,101.0,101.0009,0.0009
1282.7994868800001,101.0,101.0009,0.0009
1282.9994868,101.0,101.0009,0.0009
1283.19948672,101.0,101.0008,0.0008
1283.39948664,101.0,101.0007,0.0008
1283.59948656,101.0,101.0007,0.0007
1283.79948648,101.0,101.0006,0.0006
1283.9994864,101.0,101.0004,0.0004
1284.19948632,101.0,101.0004,0.0004
1284.3994862400002,101.0,101.0002,0.0002
1284.59948616,101.0,101.0,0.0001
1284.79948608,101.0,100.9999,-0.0
1284.999486,101.0,100.9997,-0.0002
1285.19948592,101.0,100.9994,-0.0005
1285.39948584,101.0,100.9992,-0.0007
1285.5994857599999,101.0,100.999,-0.0009
1285.79948568,101.0,100.9991,-0.0008
1285.9994856,101.0,100.999,-0.0009
1286.19948552,101.0,100.999,-0.0009
1286.39948544,101.0,100.999,-0.0009
1286.59948536,101.0,100.999,-0.0009
1286.79948528,101.0,100.9991,-0.0008
1286.9994852,101.0,100.999,-0.0009
1287.19948512,101.0,100.999,-0.0009
1287.3994850400002,101.0,100.9989,-0.001
1287.5994849600002,101.0,100.9989,-0.001
1287.7994848800001,101.0,100.9989,-0.001
1287.9994848000001,101.0,100.9988,-0.001
1288.19948472,101.0,100.9987,-0.0011
1288.39948464,101.0,100.9988,-0.0011
1288.59948456,101.0,100.9987,-0.0012
1288.7994844799998,101.0,100.9986,-0.0013
1288.9994844,101.0,100.9984,-0.0014
1289.19948432,101.0,100.9984,-0.0015
1289.39948424,101.0,100.9983,-0.0016
1289.59948416,101.0,100.9982,-0.0017
1289.79948408,101.0,100.9981,-0.0018
1289.999484,101.0,100.998,-0.0019
1290.19948392,101.0,100.9979,-0.0019
1290.39948384,101.0,100.998,-0.0019
1290.59948376,101.0,100.9981,-0.0018
1290.79948368,101.0,100.9981,-0.0018
1290.9994836,101.0,100.9982,-0.0017
1291.19948352,101.0,100.9982,-0.0017
1291.39948344,101.0,100.9983,-0.0016
1291.59948336,101.0,100.9982,-0.0017
1291.79948328,101.0,100.9981,-0.0018
1291.9994832000002,101.0,100.998,-0.0019
1292.1994831200002,101.0,100.998,-0.0019
1292.3994830400002,101.0,100.9979,-0.0019
1292.59948296,101.0,100.998,-0.0019
1292.79948288,101.0,100.998,-0.0019
1292.9994828,101.0,100.9981,-0.0018
1293.1994827199999,101.0,100.9981,-0.0018
1293.3994826399999,101.0,100.998,-0.0018
1293.59948256,101.0,100.998,-0.0019
1293.79948248,101.0,100.9979,-0.002
1293.9994824,101.0,100.998,-0.0019
1294.19948232,101.0,100.998,-0.0019
1294.39948224,101.0,100.998,-0.0019
1294.59948216,101.0,100.9981,-0.0018
1294.79948208,101.0,100.9982,-0.0017
1294.999482,101.0,100.9984,-0.0015
1295.1994819200002,101.0,100.9986,-0.0013
1295.3994818400001,101.0,100.9986,-0.0013
1295.5994817600001,101.0,100.9987,-0.0012
1295.79948168,101.0,100.9987,-0.0012
1295.9994816,101.0,100.9987,-0.0012
1296.19948152,101.0,100.9987,-0.0012
1296.39948144,101.0,100.9987,-0.0011
1296.59948136,101.0,100.9987,-0.0012
1296.79948128,101.0,100.9987,-0.0012
1296.9994812,101.0,100.9987,-0.0012
1297.19948112,101.0,100.9986,-0.0013
1297.39948104,101.0,100.9984,-0.0014
1297.59948096,101.0,100.9983,-0.0016
1297.79948088,101.0,100.9983,-0.0016
1297.9994808,101.0,100.9982,-0.0017
1298.19948072,101.0,100.9981,-0.0018
1298.39948064,101.0,100.9982,-0.0017
1298.59948056,101.0,100.9982,-0.0017
1298.79948048,101.0,100.9982,-0.0017
1298.9994804,101.0,100.9982,-0.0017
1299.19948032,101.0,100.9982,-0.0017
1299.39948024,101.0,100.9983,-0.0016
1299.59948016,101.0,100.9982,-0.0017
1299.7994800800002,101.0,100.9984,-0.0015
1299.9994800000002,101.0,100.9984,-0.0015
1300.1994799200002,101.0,100.9985,-0.0014
1300.3994798400001,101.0,100.9985,-0.0014
1300.5994797600001,101.0,100.9986,-0.0013
1300.7994796799999,101.0,100.9987,-0.0012
1300.9994795999999,101.0,100.9987,-0.0011
1301.1994795199998,101.0,100.9988,-0.0011
1301.39947944,101.0,100.9988,-0.001
1301.59947936,101.0,100.999,-0.0009
1301.79947928,101.0,100.9992,-0.0007
1301.9994792,101.0,100.9993,-0.0006
1302.19947912,101.0,100.9994,-0.0005
1302.39947904,101.0,100.9996,-0.0003
1302.59947896,101.0,100.9997,-0.0002
1302.79947888,101.0,100.9999,-0.0
1302.9994788000001,101.0,101.0,0.0
1303.1994787200001,101.0,101.0,0.0001
1303.39947864,101.0,101.0,0.0
1303.59947856,101.0,101.0,0.0
1303.79947848,101.0,101.0,0.0
1303.9994784,101.0,101.0,0.0
1304.19947832,101.0,100.9999,-0.0
1304.3994782400002,101.0,100.9999,-0.0
1304.5994781600002,101.0,100.9998,-0.0001
1304.79947808,101.0,100.9995,-0.0003
1304.999478,101.0,100.9993,-0.0006
1305.19947792,101.0,100.9991,-0.0008
1305.39947784,101.0,100.9989,-0.0009
1305.59947776,101.0,100.9987,-0.0012
1305.7994776799999,101.0,100.9985,-0.0014
1305.9994776,101.0,100.9983,-0.0016
1306.19947752,101.0,100.9981,-0.0018
1306.39947744,101.0,100.998,-0.0018
1306.59947736,101.0,100.998,-0.0018
1306.79947728,101.0,100.9979,-0.0019
1306.9994772,101.0,100.9979,-0.002
1307.19947712,101.0,100.998,-0.0019
1307.39947704,101.0,100.9981,-0.0018
1307.5994769600002,101.0,100.9982,-0.0017
1307.7994768800002,101.0,100.9983,-0.0016
1307.9994768000001,101.0,100.9984,-0.0015
1308.1994767200001,101.0,100.9985,-0.0014
1308.39947664,101.0,100.9985,-0.0014
1308.59947656,101.0,100.9986,-0.0013
1308.7994764799998,101.0,100.9986,-0.0012
1308.9994763999998,101.0,100.9986,-0.0012
1309.19947632,101.0,100.9987,-0.0011
1309.39947624,101.0,100.9988,-0.0011
1309.59947616,101.0,100.9989,-0.0009
1309.79947608,101.0,100.999,-0.0009
1309.999476,101.0,100.999,-0.0009
1310.19947592,101.0,100.999,-0.0009
1310.39947584,101.0,100.999,-0.0009
1310.5994757600001,101.0,100.9988,-0.001
1310.7994756800001,101.0,100.9987,-0.0012
1310.9994756,101.0,100.9986,-0.0013
1311.19947552,101.0,100.9986,-0.0013
1311.39947544,101.0,100.9986,-0.0013
1311.59947536,101.0,100.9985,-0.0014
1311.79947528,101.0,100.9984,-0.0015
1311.9994752,101.0,100.9984,-0.0015
1312.1994751200002,101.0,100.9984,-0.0015
1312.3994750400002,101.0,100.9984,-0.0015
1312.5994749600002,101.0,100.9984,-0.0015
1312.79947488,101.0,100.9983,-0.0016
1312.9994748,101.0,100.9984,-0.0015
1313.19947472,101.0,100.9983,-0.0016
1313.3994746399999,101.0,100.9981,-0.0018
1313.5994745599999,101.0,100.9981,-0.0018
1313.79947448,101.0,100.9981,-0.0018
1313.9994744,101.0,100.9982,-0.0017
1314.19947432,101.0,100.9982,-0.0017
1314.39947424,101.0,100.9982,-0.0016
1314.59947416,101.0,100.9983,-0.0016
1314.79947408,101.0,100.9984,-0.0015
1314.999474,101.0,100.9985,-0.0014
1315.19947392,101.0,100.9985,-0.0014
1315.3994738400002,101.0,100.9986,-0.0013
1315.5994737600001,101.0,100.9986,-0.0013
1315.7994736800001,101.0,100.9986,-0.0013
1315.9994736,101.0,100.9985,-0.0014
1316.19947352,101.0,100.9984,-0.0015
1316.39947344,101.0,100.9985,-0.0014
1316.59947336,101.0,100.9986,-0.0013
1316.79947328,101.0,100.9986,-0.0013
1316.9994732,101.0,100.9987,-0.0012
1317.19947312,101.0,100.9987,-0.0012
1317.39947304,101.0,100.9987,-0.0012
1317.59947296,101.0,100.9986,-0.0012
1317.79947288,101.0,100.9986,-0.0013
1317.9994728,101.0,100.9986,-0.0013
1318.19947272,101.0,100.9985,-0.0014
1318.39947264,101.0,100.9985,-0.0014
1318.59947256,101.0,100.9986,-0.0013
1318.79947248,101.0,100.9986,-0.0013
1318.9994724,101.0,100.9987,-0.0012
1319.19947232,101.0,100.9988,-0.0011
1319.39947224,101.0,100.9989,-0.001
1319.59947216,101.0,100.9988,-0.001
1319.79947208,101.0,100.9989,-0.001
1319.9994720000002,101.0,100.9989,-0.001
1320.1994719200002,101.0,100.9988,-0.0011
1320.3994718400002,101.0,100.9988,-0.0011
1320.5994717600001,101.0,100.9988,-0.0011
1320.79947168,101.0,100.9989,-0.001
1320.9994715999999,101.0,100.999,-0.0009
1321.1994715199999,101.0,100.9991,-0.0008
1321.3994714399998,101.0,100.9992,-0.0007
1321.59947136,101.0,100.9992,-0.0007
1321.79947128,101.0,100.9991,-0.0008
1321.9994712,101.0,100.9991,-0.0008
1322.19947112,101.0,100.9992,-0.0007
1322.39947104,101.0,100.9993,-0.0006
1322.59947096,101.0,100.9994,-0.0005
1322.79947088,101.0,100.9995,-0.0004
1322.9994708000002,101.0,100.9996,-0.0002
1323.1994707200001,101.0,100.9997,-0.0002
1323.3994706400001,101.0,100.9997,-0.0002
1323.59947056,101.0,100.9998,-0.0001
1323.79947048,101.0,100.9998,-0.0001
1323.9994704,101.0,100.9995,-0.0004
1324.19947032,101.0,100.9994,-0.0005
1324.39947024,101.0,100.9993,-0.0006
1324.5994701600002,101.0,100.9993,-0.0006
1324.79947008,101.0,100.9993,-0.0006
1324.99947,101.0,100.9993,-0.0006
1325.19946992,101.0,100.9993,-0.0006
1325.39946984,101.0,100.9993,-0.0006
1325.59946976,101.0,100.9993,-0.0006
1325.79946968,101.0,100.9992,-0.0007
1325.9994695999999,101.0,100.9991,-0.0008
1326.19946952,101.0,100.9991,-0.0008
1326.39946944,101.0,100.9992,-0.0007
1326.59946936,101.0,100.9993,-0.0006
1326.79946928,101.0,100.9993,-0.0006
1326.9994692,101.0,100.9995,-0.0004
1327.19946912,101.0,100.9997,-0.0002
1327.39946904,101.0,100.9998,-0.0
1327.59946896,101.0,101.0,0.0
1327.7994688800002,101.0,101.0001,0.0001
1327.9994688000002,101.0,101.0002,0.0002
1328.1994687200001,101.0,101.0003,0.0004
1328.3994686400001,101.0,101.0004,0.0004
1328.59946856,101.0,101.0003,0.0003
1328.7994684799999,101.0,101.0003,0.0003
1328.9994683999998,101.0,101.0003,0.0003
1329.19946832,101.0,101.0004,0.0004
1329.39946824,101.0,101.0003,0.0004
1329.59946816,101.0,101.0002,0.0002
1329.79946808,101.0,101.0002,0.0002
1329.999468,101.0,101.0003,0.0003
1330.19946792,101.0,101.0002,0.0002
1330.39946784,101.0,101.0002,0.0002
1330.59946776,101.0,101.0001,0.0001
1330.7994676800001,101.0,101.0001,0.0001
1330.9994676000001,101.0,101.0001,0.0001
1331.19946752,101.0,101.0,0.0
1331.39946744,101.0,100.9999,-0.0
1331.59946736,101.0,100.9998,-0.0
1331.79946728,101.0,100.9997,-0.0002
1331.9994672,101.0,100.9997,-0.0001
1332.19946712,101.0,100.9998,-0.0001
1332.3994670400002,101.0,100.9998,-0.0001
1332.5994669600002,101.0,100.9998,-0.0001
1332.79946688,101.0,100.9999,-0.0
1332.9994668,101.0,100.9999,-0.0
1333.19946672,101.0,100.9998,-0.0001
1333.39946664,101.0,100.9998,-0.0001
1333.5994665599999,101.0,100.9999,-0.0
1333.7994664799999,101.0,100.9999,0.0
1333.9994664,101.0,101.0,0.0
1334.19946632,101.0,101.0002,0.0002
1334.39946624,101.0,101.0003,0.0003
1334.59946616,101.0,101.0004,0.0004
1334.79946608,101.0,101.0004,0.0004
1334.999466,101.0,101.0006,0.0007
1335.19946592,101.0,101.0007,0.0007
1335.3994658400002,101.0,101.0007,0.0007
1335.5994657600002,101.0,101.0007,0.0007
1335.7994656800001,101.0,101.0008,0.0008
1335.9994656000001,101.0,101.0009,0.0009
1336.19946552,101.0,101.0009,0.0009
1336.39946544,101.0,101.001,0.001
1336.59946536,101.0,101.0011,0.0011
1336.7994652799998,101.0,101.001,0.001
1336.9994652,101.0,101.0009,0.0009
1337.19946512,101.0,101.0007,0.0007
1337.39946504,101.0,101.0006,0.0006
1337.59946496,101.0,101.0005,0.0005
1337.79946488,101.0,101.0005,0.0005
1337.9994648,101.0,101.0005,0.0005
1338.19946472,101.0,101.0004,0.0005
1338.39946464,101.0,101.0004,0.0004
1338.5994645600001,101.0,101.0004,0.0004
1338.79946448,101.0,101.0004,0.0004
1338.9994644,101.0,101.0003,0.0003
1339.19946432,101.0,101.0002,0.0002
1339.39946424,101.0,101.0003,0.0003
1339.59946416,101.0,101.0002,0.0002
1339.79946408,101.0,101.0002,0.0002
1339.999464,101.0,101.0001,0.0001
1340.1994639200002,101.0,101.0002,0.0002
1340.3994638400002,101.0,101.0001,0.0001
1340.5994637600002,101.0,101.0001,0.0001
1340.79946368,101.0,101.0001,0.0001
1340.9994636,101.0,101.0,0.0
1341.1994635199999,101.0,101.0,0.0
1341.3994634399999,101.0,101.0,0.0
1341.59946336,101.0,101.0002,0.0002
1341.79946328,101.0,101.0002,0.0002
1341.9994632,101.0,101.0002,0.0002
1342.19946312,101.0,101.0003,0.0003
1342.39946304,101.0,101.0003,0.0004
1342.59946296,101.0,101.0003,0.0003
1342.79946288,101.0,101.0003,0.0003
1342.9994628,101.0,101.0002,0.0002
1343.1994627200002,101.0,101.0002,0.0002
1343.3994626400001,101.0,101.0001,0.0001
1343.5994625600001,101.0,101.0001,0.0001
1343.79946248,101.0,101.0001,0.0001
1343.9994624,101.0,101.0,0.0
1344.19946232,101.0,100.9998,-0.0
1344.39946224,101.0,100.9997,-0.0002
1344.59946216,101.0,100.9996,-0.0003
1344.79946208,101.0,100.9994,-0.0005
1344.999462,101.0,100.9992,-0.0007
1345.19946192,101.0,100.9992,-0.0007
1345.39946184,101.0,100.9991,-0.0008
1345.59946176,101.0,100.9991,-0.0008
1345.79946168,101.0,100.999,-0.0009
1345.9994616,101.0,100.999,-0.0009
1346.1994615199999,101.0,100.999,-0.0009
1346.39946144,101.0,100.999,-0.0009
1346.59946136,101.0,100.9991,-0.0008
1346.79946128,101.0,100.9991,-0.0008
1346.9994612,101.0,100.9992,-0.0007
1347.19946112,101.0,100.9993,-0.0006
1347.39946104,101.0,100.9995,-0.0004
1347.59946096,101.0,100.9996,-0.0003
1347.7994608800002,101.0,100.9996,-0.0002
1347.9994608000002,101.0,100.9996,-0.0003
1348.1994607200002,101.0,100.9996,-0.0003
1348.3994606400001,101.0,100.9995,-0.0003
1348.5994605600001,101.0,100.9995,-0.0004
1348.7994604799999,101.0,100.9994,-0.0005
1348.9994603999999,101.0,100.9994,-0.0005
1349.1994603199998,101.0,100.9994,-0.0005
1349.39946024,101.0,100.9995,-0.0004
1349.59946016,101.0,100.9995,-0.0004
1349.79946008,101.0,100.9995,-0.0004
1349.99946,101.0,100.9995,-0.0004
1350.19945992,101.0,100.9995,-0.0004
1350.39945984,101.0,100.9996,-0.0003
1350.59945976,101.0,100.9996,-0.0003
1350.79945968,101.0,100.9996,-0.0002
1350.9994596000001,101.0,100.9997,-0.0002
1351.1994595200001,101.0,100.9997,-0.0002
1351.39945944,101.0,100.9997,-0.0002
1351.59945936,101.0,100.9998,-0.0001
1351.79945928,101.0,100.9997,-0.0002
1351.9994592,101.0,100.9998,-0.0001
1352.19945912,101.0,100.9996,-0.0002
1352.39945904,101.0,100.9996,-0.0002
1352.5994589600002,101.0,100.9997,-0.0002
1352.79945888,101.0,100.9997,-0.0002
1352.9994588,101.0,100.9998,-0.0001
1353.19945872,101.0,100.9998,-0.0
1353.39945864,101.0,100.9999,-0.0
1353.59945856,101.0,100.9999,-0.0
1353.7994584799999,101.0,101.0,0.0001
1353.9994584,101.0,101.0,0.0001
1354.19945832,101.0,101.0,0.0
1354.39945824,101.0,101.0,0.0
1354.59945816,101.0,101.0002,0.0002
1354.79945808,101.0,101.0002,0.0002
1354.999458,101.0,101.0002,0.0002
1355.19945792,101.0,101.0002,0.0002
1355.39945784,101.0,101.0003,0.0003
1355.5994577600002,101.0,101.0004,0.0004
1355.7994576800002,101.0,101.0004,0.0004
1355.9994576000001,101.0,101.0005,0.0005
1356.1994575200001,101.0,101.0005,0.0005
1356.39945744,101.0,101.0006,0.0007
1356.59945736,101.0,101.0007,0.0007
1356.7994572799998,101.0,101.0007,0.0007
1356.9994571999998,101.0,101.0007,0.0007
1357.19945712,101.0,101.0007,0.0007
1357.39945704,101.0,101.0008,0.0009
1357.59945696,101.0,101.001,0.001
1357.79945688,101.0,101.001,0.001
1357.9994568,101.0,101.001,0.001
1358.19945672,101.0,101.0011,0.0011
1358.39945664,101.0,101.0012,0.0012
1358.59945656,101.0,101.0013,0.0013
1358.7994564800001,101.0,101.0013,0.0014
1358.9994564,101.0,101.0014,0.0014
1359.19945632,101.0,101.0013,0.0014
1359.39945624,101.0,101.0013,0.0013
1359.59945616,101.0,101.0013,0.0013
1359.79945608,101.0,101.0013,0.0013
1359.999456,101.0,101.0013,0.0013
1360.1994559200002,101.0,101.0013,0.0013
1360.3994558400002,101.0,101.0013,0.0013
1360.5994557600002,101.0,101.0014,0.0014
1360.79945568,101.0,101.0014,0.0014
1360.9994556,101.0,101.0014,0.0014
1361.19945552,101.0,101.0014,0.0014
1361.3994554399999,101.0,101.0016,0.0016
1361.5994553599999,101.0,101.0017,0.0017
1361.79945528,101.0,101.0018,0.0018
1361.9994552,101.0,101.0018,0.0018
1362.19945512,101.0,101.0018,0.0018
1362.39945504,101.0,101.0017,0.0018
1362.59945496,101.0,101.0016,0.0016
1362.79945488,101.0,101.0015,0.0015
1362.9994548,101.0,101.0013,0.0013
1363.19945472,101.0,101.0011,0.0011
1363.3994546400002,101.0,101.001,0.001
1363.5994545600001,101.0,101.0009,0.0009
1363.7994544800001,101.0,101.0006,0.0006
1363.9994544,101.0,101.0004,0.0004
1364.19945432,101.0,101.0002,0.0002
1364.39945424,101.0,101.0,0.0
1364.59945416,101.0,100.9998,-0.0001
1364.79945408,101.0,100.9996,-0.0003
1364.999454,101.0,100.9995,-0.0004
1365.19945392,101.0,100.9994,-0.0005
1365.39945384,101.0,100.9994,-0.0005
1365.59945376,101.0,100.9993,-0.0006
1365.79945368,101.0,100.9992,-0.0006
1365.9994536,101.0,100.9992,-0.0007
1366.19945352,101.0,100.9993,-0.0006
1366.3994534400001,101.0,100.9994,-0.0005
1366.59945336,101.0,100.9993,-0.0006
1366.79945328,101.0,100.9994,-0.0005
1366.9994532,101.0,100.9995,-0.0004
1367.19945312,101.0,100.9996,-0.0003
1367.39945304,101.0,100.9998,-0.0001
1367.59945296,101.0,100.9999,-0.0
1367.79945288,101.0,100.9999,-0.0
1367.9994528000002,101.0,100.9999,0.0
1368.1994527200002,101.0,100.9999,-0.0
1368.3994526400002,101.0,100.9998,-0.0001
1368.5994525600001,101.0,100.9997,-0.0002
1368.79945248,101.0,100.9996,-0.0003
1368.9994523999999,101.0,100.9996,-0.0003
1369.1994523199999,101.0,100.9996,-0.0003
1369.3994522399998,101.0,100.9995,-0.0004
1369.59945216,101.0,100.9994,-0.0005
1369.79945208,101.0,100.9993,-0.0005
1369.999452,101.0,100.9993,-0.0006
1370.19945192,101.0,100.9992,-0.0007
1370.39945184,101.0,100.9991,-0.0008
1370.59945176,101.0,100.999,-0.0009
1370.79945168,101.0,100.999,-0.0009
1370.9994516,101.0,100.999,-0.0009
1371.1994515200001,101.0,100.9989,-0.001
1371.3994514400001,101.0,100.9988,-0.001
1371.59945136,101.0,100.9987,-0.0011
1371.79945128,101.0,100.9988,-0.001
1371.9994512,101.0,100.999,-0.0009
1372.19945112,101.0,100.999,-0.0009
1372.39945104,101.0,100.9992,-0.0007
1372.5994509600002,101.0,100.9993,-0.0006
1372.79945088,101.0,100.9995,-0.0004
1372.9994508,101.0,100.9995,-0.0004
1373.19945072,101.0,100.9996,-0.0002
1373.39945064,101.0,100.9998,-0.0001
1373.59945056,101.0,100.9998,-0.0
1373.79945048,101.0,101.0,0.0
1373.9994504,101.0,101.0001,0.0001
1374.19945032,101.0,101.0002,0.0002
1374.39945024,101.0,101.0003,0.0003
1374.59945016,101.0,101.0004,0.0004
1374.79945008,101.0,101.0005,0.0005
1374.99945,101.0,101.0005,0.0006
1375.19944992,101.0,101.0005,0.0006
1375.39944984,101.0,101.0005,0.0006
1375.59944976,101.0,101.0004,0.0005
1375.7994496800002,101.0,101.0005,0.0005
1375.9994496000002,101.0,101.0005,0.0005
1376.1994495200001,101.0,101.0004,0.0004
1376.3994494400001,101.0,101.0004,0.0004
1376.59944936,101.0,101.0004,0.0004
1376.7994492799999,101.0,101.0004,0.0004
1376.9994491999998,101.0,101.0003,0.0003
1377.1994491199998,101.0,101.0002,0.0002
1377.39944904,101.0,101.0003,0.0003
1377.59944896,101.0,101.0003,0.0004
1377.79944888,101.0,101.0003,0.0004
1377.9994488,101.0,101.0005,0.0005
1378.19944872,101.0,101.0006,0.0007
1378.39944864,101.0,101.0007,0.0007
1378.59944856,101.0,101.0009,0.0009
1378.7994484800001,101.0,101.0009,0.0009
1378.9994484000001,101.0,101.001,0.001
1379.19944832,101.0,101.0011,0.0011
1379.39944824,101.0,101.0012,0.0012
1379.59944816,101.0,101.0012,0.0012
1379.79944808,101.0,101.0013,0.0013
1379.999448,101.0,101.0014,0.0014
1380.19944792,101.0,101.0014,0.0015
1380.3994478400002,101.0,101.0016,0.0016
1380.5994477600002,101.0,101.0016,0.0016
1380.79944768,101.0,101.0015,0.0015
1380.9994476,101.0,101.0016,0.0016
1381.19944752,101.0,101.0017,0.0017
1381.39944744,101.0,101.0017,0.0017
1381.5994473599999,101.0,101.0017,0.0017
1381.7994472799999,101.0,101.0017,0.0017
1381.9994472,101.0,101.0018,0.0019
1382.19944712,101.0,101.0018,0.0018
1382.39944704,101.0,101.0018,0.0018
1382.59944696,101.0,101.0018,0.0019
1382.79944688,101.0,101.0019,0.0019
1382.9994468,101.0,101.0019,0.0019
1383.19944672,101.0,101.0019,0.0019
1383.39944664,101.0,101.0019,0.0019
1383.5994465600002,101.0,101.0017,0.0017
1383.7994464800001,101.0,101.0016,0.0016
1383.9994464000001,101.0,101.0015,0.0015
1384.19944632,101.0,101.0013,0.0013
1384.39944624,101.0,101.0011,0.0011
1384.59944616,101.0,101.001,0.001
1384.79944608,101.0,101.0009,0.0009
1384.999446,101.0,101.0008,0.0008
1385.19944592,101.0,101.0006,0.0006
1385.39944584,101.0,101.0005,0.0005
1385.59944576,101.0,101.0004,0.0005
1385.79944568,101.0,101.0002,0.0002
1385.9994456,101.0,101.0,0.0
1386.19944552,101.0,100.9998,-0.0
1386.39944544,101.0,100.9997,-0.0002
1386.5994453600001,101.0,100.9995,-0.0004
1386.79944528,101.0,100.9995,-0.0004
1386.9994452,101.0,100.9995,-0.0004
1387.19944512,101.0,100.9994,-0.0005
1387.39944504,101.0,100.9994,-0.0005
1387.59944496,101.0,100.9992,-0.0007
1387.79944488,101.0,100.999,-0.0009
1387.9994448,101.0,100.9989,-0.001
1388.1994447200002,101.0,100.9989,-0.0009
1388.3994446400002,101.0,100.9989,-0.001
1388.5994445600002,101.0,100.9987,-0.0012
1388.7994444800001,101.0,100.9985,-0.0014
1388.9994444,101.0,100.9984,-0.0015
1389.1994443199999,101.0,100.9983,-0.0016
1389.3994442399999,101.0,100.9983,-0.0016
1389.5994441599998,101.0,100.9983,-0.0016
1389.79944408,101.0,100.9982,-0.0016
1389.999444,101.0,100.9982,-0.0017
1390.19944392,101.0,100.9982,-0.0017
1390.39944384,101.0,100.9981,-0.0018
1390.59944376,101.0,100.9981,-0.0018
1390.79944368,101.0,100.9981,-0.0018
1390.9994436,101.0,100.9982,-0.0017
1391.1994435200002,101.0,100.9981,-0.0018
1391.3994434400001,101.0,100.9979,-0.002
1391.5994433600001,101.0,100.9979,-0.002
1391.79944328,101.0,100.998,-0.0019
1391.9994432,101.0,100.9981,-0.0018
1392.19944312,101.0,100.9983,-0.0016
1392.39944304,101.0,100.9986,-0.0013
1392.59944296,101.0,100.9988,-0.0011
1392.79944288,101.0,100.9988,-0.0011
1392.9994428,101.0,100.9989,-0.001
1393.19944272,101.0,100.999,-0.0009
1393.39944264,101.0,100.9992,-0.0007
1393.59944256,101.0,100.9993,-0.0005
1393.79944248,101.0,100.9995,-0.0004
1393.9994424,101.0,100.9996,-0.0003
1394.19944232,101.0,100.9996,-0.0003
1394.39944224,101.0,100.9998,-0.0001
1394.59944216,101.0,100.9999,-0.0
1394.79944208,101.0,101.0001,0.0001
1394.999442,101.0,101.0001,0.0001
1395.19944192,101.0,101.0002,0.0002
1395.39944184,101.0,101.0002,0.0002
1395.59944176,101.0,101.0001,0.0001
1395.79944168,101.0,100.9999,-0.0
1395.9994416000002,101.0,100.9999,-0.0
1396.1994415200002,101.0,100.9999,-0.0
1396.3994414400001,101.0,100.9998,-0.0001
1396.5994413600001,101.0,100.9997,-0.0002
1396.79944128,101.0,100.9996,-0.0003
1396.9994411999999,101.0,100.9996,-0.0003
1397.1994411199998,101.0,100.9996,-0.0003
1397.39944104,101.0,100.9997,-0.0002
1397.59944096,101.0,100.9997,-0.0002
1397.79944088,101.0,100.9998,-0.0001
1397.9994408,101.0,100.9998,-0.0001
1398.19944072,101.0,100.9998,-0.0001
1398.39944064,101.0,100.9997,-0.0002
1398.59944056,101.0,100.9998,-0.0001
1398.79944048,101.0,100.9999,-0.0
1398.9994404000001,101.0,101.0,0.0
1399.1994403200001,101.0,101.0001,0.0001
1399.39944024,101.0,101.0002,0.0003
1399.59944016,101.0,101.0003,0.0003
1399.79944008,101.0,101.0004,0.0004
1399.99944,101.0,101.0004,0.0004
1400.19943992,101.0,101.0004,0.0004
1400.39943984,101.0,101.0003,0.0003
1400.5994397600002,101.0,101.0002,0.0002
1400.79943968,101.0,101.0001,0.0001
1400.9994396,101.0,101.0,0.0
1401.19943952,101.0,101.0,0.0
1401.39943944,101.0,101.0,0.0
1401.59943936,101.0,101.0,0.0
1401.79943928,101.0,101.0,0.0
1401.9994391999999,101.0,101.0,0.0
1402.19943912,101.0,101.0,0.0
1402.39943904,101.0,101.0,0.0
1402.59943896,101.0,100.9999,-0.0
1402.79943888,101.0,101.0,0.0
1402.9994388,101.0,101.0,0.0
1403.19943872,101.0,101.0,0.0
1403.39943864,101.0,101.0,0.0
1403.5994385600002,101.0,100.9999,-0.0
1403.7994384800002,101.0,100.9997,-0.0001
1403.9994384000001,101.0,100.9998,-0.0001
1404.1994383200001,101.0,100.9997,-0.0001
1404.39943824,101.0,100.9997,-0.0002
1404.59943816,101.0,100.9997,-0.0002
1404.79943808,101.0,100.9997,-0.0002
1404.9994379999998,101.0,100.9996,-0.0002
1405.19943792,101.0,100.9996,-0.0003
1405.39943784,101.0,100.9995,-0.0004
1405.59943776,101.0,100.9995,-0.0004
1405.79943768,101.0,100.9995,-0.0004
1405.9994376,101.0,100.9995,-0.0004
1406.19943752,101.0,100.9994,-0.0005
1406.39943744,101.0,100.9994,-0.0005
1406.59943736,101.0,100.9994,-0.0005
1406.7994372800001,101.0,100.9996,-0.0003
1406.9994372,101.0,100.9998,-0.0001
1407.19943712,101.0,100.9999,-0.0
1407.39943704,101.0,100.9999,-0.0
1407.59943696,101.0,100.9998,-0.0001
1407.79943688,101.0,100.9997,-0.0001
1407.9994368,101.0,100.9997,-0.0002
1408.19943672,101.0,100.9994,-0.0005
1408.3994366400002,101.0,100.9993,-0.0006
1408.5994365600002,101.0,100.9992,-0.0007
1408.7994364800002,101.0,100.9991,-0.0008
1408.9994364,101.0,100.9989,-0.001
1409.19943632,101.0,100.9988,-0.001
1409.3994362399999,101.0,100.9988,-0.0011
1409.5994361599999,101.0,100.9988,-0.0011
1409.79943608,101.0,100.9988,-0.001
1409.999436,101.0,100.9988,-0.0011
1410.19943592,101.0,100.9988,-0.0011
1410.39943584,101.0,100.9988,-0.0011
1410.59943576,101.0,100.9989,-0.001
1410.79943568,101.0,100.9992,-0.0007
1410.9994356,101.0,100.9992,-0.0007
1411.19943552,101.0,100.9992,-0.0007
1411.3994354400002,101.0,100.9993,-0.0006
1411.5994353600001,101.0,100.9993,-0.0005
1411.7994352800001,101.0,100.9994,-0.0005
1411.9994352,101.0,100.9995,-0.0004
1412.19943512,101.0,100.9996,-0.0002
1412.39943504,101.0,100.9996,-0.0002
1412.59943496,101.0,100.9996,-0.0003
1412.79943488,101.0,100.9995,-0.0004
1412.9994348,101.0,100.9995,-0.0004
1413.19943472,101.0,100.9995,-0.0004
1413.39943464,101.0,100.9995,-0.0004
1413.59943456,101.0,100.9996,-0.0003
1413.79943448,101.0,100.9997,-0.0002
1413.9994344,101.0,100.9996,-0.0002
1414.19943432,101.0,100.9996,-0.0003
1414.39943424,101.0,100.9997,-0.0002
1414.59943416,101.0,100.9998,-0.0001
1414.79943408,101.0,100.9998,-0.0001
1414.999434,101.0,100.9999,-0.0
1415.19943392,101.0,100.9999,0.0
1415.39943384,101.0,101.0,0.0
1415.59943376,101.0,101.0,0.0
1415.79943368,101.0,101.0002,0.0002
1415.9994336000002,101.0,101.0003,0.0003
1416.1994335200002,101.0,101.0004,0.0004
1416.3994334400002,101.0,101.0005,0.0005
1416.5994333600001,101.0,101.0004,0.0004
1416.7994332800001,101.0,101.0004,0.0004
1416.9994331999999,101.0,101.0005,0.0005
1417.1994331199999,101.0,101.0005,0.0005
1417.3994330399998,101.0,101.0007,0.0007
1417.59943296,101.0,101.0008,0.0008
1417.79943288,101.0,101.0008,0.0008
1417.9994328,101.0,101.0009,0.0009
1418.19943272,101.0,101.001,0.001
1418.39943264,101.0,101.0011,0.0012
1418.59943256,101.0,101.0013,0.0013
1418.79943248,101.0,101.0014,0.0014
1418.9994324,101.0,101.0014,0.0014
1419.1994323200001,101.0,101.0015,0.0015
1419.3994322400001,101.0,101.0015,0.0015
1419.59943216,101.0,101.0015,0.0015
1419.79943208,101.0,101.0015,0.0015
1419.999432,101.0,101.0014,0.0014
1420.19943192,101.0,101.0013,0.0013
1420.39943184,101.0,101.0013,0.0013
1420.59943176,101.0,101.0012,0.0012
1420.7994316800002,101.0,101.0012,0.0012
1420.9994316,101.0,101.0012,0.0012
1421.19943152,101.0,101.0013,0.0013
1421.39943144,101.0,101.0014,0.0014
1421.59943136,101.0,101.0016,0.0016
1421.79943128,101.0,101.0016,0.0016
1421.9994312,101.0,101.0017,0.0017
1422.19943112,101.0,101.0019,0.0019
1422.39943104,101.0,101.0019,0.0019
1422.59943096,101.0,101.002,0.002
1422.79943088,101.0,101.002,0.002
1422.9994308,101.0,101.0021,0.0021
1423.19943072,101.0,101.0022,0.0022
1423.39943064,101.0,101.0022,0.0022
1423.59943056,101.0,101.002,0.002
1423.7994304800002,101.0,101.0019,0.0019
1423.9994304000002,101.0,101.0019,0.0019
1424.1994303200001,101.0,101.0018,0.0018
1424.3994302400001,101.0,101.0017,0.0017
1424.59943016,101.0,101.0015,0.0015
1424.79943008,101.0,101.0013,0.0013
1424.9994299999998,101.0,101.001,0.001
1425.1994299199998,101.0,101.0008,0.0008
1425.39942984,101.0,101.0007,0.0007
1425.59942976,101.0,101.0006,0.0006
1425.79942968,101.0,101.0004,0.0004
1425.9994296,101.0,101.0004,0.0004
1426.19942952,101.0,101.0003,0.0003
1426.39942944,101.0,101.0003,0.0004
1426.59942936,101.0,101.0004,0.0004
1426.79942928,101.0,101.0005,0.0005
1426.9994292000001,101.0,101.0006,0.0006
1427.19942912,101.0,101.0006,0.0006
1427.39942904,101.0,101.0006,0.0006
1427.59942896,101.0,101.0006,0.0006
1427.79942888,101.0,101.0006,0.0006
1427.9994288,101.0,101.0006,0.0006
1428.19942872,101.0,101.0006,0.0006
1428.3994286400002,101.0,101.0004,0.0004
1428.5994285600002,101.0,101.0003,0.0003
1428.7994284800002,101.0,101.0001,0.0001
1428.9994284,101.0,101.0,0.0
1429.19942832,101.0,101.0,0.0
1429.39942824,101.0,100.9999,-0.0
1429.59942816,101.0,100.9998,-0.0001
1429.7994280799999,101.0,100.9997,-0.0002
1429.999428,101.0,100.9996,-0.0003
1430.19942792,101.0,100.9995,-0.0004
1430.39942784,101.0,100.9994,-0.0005
1430.59942776,101.0,100.9992,-0.0007
1430.79942768,101.0,100.999,-0.0009
1430.9994276,101.0,100.9989,-0.001
1431.19942752,101.0,100.9986,-0.0013
1431.39942744,101.0,100.9985,-0.0014
1431.5994273600002,101.0,100.9986,-0.0013
1431.7994272800001,101.0,100.9984,-0.0015
1431.9994272000001,101.0,100.9983,-0.0016
1432.19942712,101.0,100.9982,-0.0016
1432.39942704,101.0,100.998,-0.0019
1432.59942696,101.0,100.998,-0.0019
1432.79942688,101.0,100.9979,-0.002
1432.9994267999998,101.0,100.9978,-0.0021
1433.19942672,101.0,100.9979,-0.002
1433.39942664,101.0,100.9978,-0.0021
1433.59942656,101.0,100.9979,-0.002
1433.79942648,101.0,100.9981,-0.0018
1433.9994264,101.0,100.9982,-0.0016
1434.19942632,101.0,100.9983,-0.0015
1434.39942624,101.0,100.9986,-0.0013
1434.5994261600001,101.0,100.9987,-0.0012
1434.79942608,101.0,100.9989,-0.001
1434.999426,101.0,100.9991,-0.0008
1435.19942592,101.0,100.9993,-0.0006
1435.39942584,101.0,100.9994,-0.0005
1435.59942576,101.0,100.9996,-0.0002
1435.79942568,101.0,100.9997,-0.0002
1435.9994256,101.0,100.9998,-0.0
1436.1994255200002,101.0,100.9999,0.0
1436.3994254400002,101.0,100.9999,-0.0
1436.5994253600002,101.0,100.9999,-0.0
1436.7994252800002,101.0,100.9999,-0.0
1436.9994252,101.0,100.9998,-0.0
1437.19942512,101.0,100.9998,-0.0001
1437.3994250399999,101.0,100.9998,-0.0001
1437.5994249599999,101.0,100.9998,-0.0
1437.79942488,101.0,101.0,0.0
1437.9994248,101.0,100.9999,-0.0
1438.19942472,101.0,101.0001,0.0001
1438.39942464,101.0,101.0002,0.0002
1438.59942456,101.0,101.0003,0.0003
1438.79942448,101.0,101.0003,0.0004
1438.9994244,101.0,101.0004,0.0004
1439.19942432,101.0,101.0002,0.0003
1439.3994242400001,101.0,101.0002,0.0003
1439.5994241600001,101.0,101.0003,0.0004
1439.79942408,101.0,101.0006,0.0006
1439.999424,101.0,101.0006,0.0006
1440.19942392,101.0,101.0007,0.0007
1440.39942384,101.0,101.0007,0.0007
1440.59942376,101.0,101.0007,0.0007
1440.7994236800002,101.0,101.0007,0.0007
1440.9994236,101.0,101.0007,0.0007
1441.19942352,101.0,101.0007,0.0007
1441.39942344,101.0,101.0006,0.0006
1441.59942336,101.0,101.0007,0.0007
1441.79942328,101.0,101.0007,0.0008
1441.9994232,101.0,101.0008,0.0008
1442.19942312,101.0,101.0008,0.0008
1442.39942304,101.0,101.001,0.001
1442.59942296,101.0,101.001,0.001
1442.79942288,101.0,101.001,0.001
1442.9994228,101.0,101.0009,0.0009
1443.19942272,101.0,101.0008,0.0008
1443.39942264,101.0,101.0006,0.0006
1443.59942256,101.0,101.0004,0.0004
1443.79942248,101.0,101.0003,0.0003
1443.9994224000002,101.0,101.0003,0.0003
1444.1994223200002,101.0,101.0002,0.0002
1444.3994222400001,101.0,101.0001,0.0001
1444.5994221600001,101.0,101.0,0.0
1444.79942208,101.0,100.9999,-0.0
1444.9994219999999,101.0,100.9998,-0.0001
1445.1994219199998,101.0,100.9997,-0.0002
1445.3994218399998,101.0,100.9997,-0.0002
1445.59942176,101.0,100.9996,-0.0003
1445.79942168,101.0,100.9996,-0.0003
1445.9994216,101.0,100.9996,-0.0003
1446.19942152,101.0,100.9996,-0.0003
1446.39942144,101.0,100.9996,-0.0002
1446.59942136,101.0,100.9998,-0.0001
1446.79942128,101.0,101.0,0.0001
1446.9994212000001,101.0,101.0001,0.0001
1447.1994211200001,101.0,101.0001,0.0001
1447.39942104,101.0,101.0,0.0
1447.59942096,101.0,101.0,0.0
1447.79942088,101.0,101.0,0.0
1447.9994208,101.0,100.9999,-0.0
1448.19942072,101.0,100.9999,-0.0
1448.39942064,101.0,100.9998,-0.0
1448.5994205600002,101.0,100.9999,-0.0
1448.7994204800002,101.0,101.0,0.0
1448.9994204,101.0,101.0,0.0
1449.19942032,101.0,101.0,0.0
1449.39942024,101.0,101.0,0.0
1449.59942016,101.0,101.0001,0.0001
1449.79942008,101.0,101.0001,0.0001
1449.9994199999999,101.0,101.0,0.0
1450.19941992,101.0,101.0001,0.0001
1450.39941984,101.0,101.0001,0.0001
1450.59941976,101.0,101.0002,0.0002
1450.79941968,101.0,101.0002,0.0002
1450.9994196,101.0,101.0001,0.0001
1451.19941952,101.0,101.0001,0.0001
1451.39941944,101.0,101.0,0.0
1451.59941936,101.0,101.0,0.0
1451.7994192800002,101.0,100.9999,-0.0
1451.9994192000001,101.0,100.9998,-0.0001
1452.1994191200001,101.0,100.9997,-0.0002
1452.39941904,101.0,100.9997,-0.0002
1452.59941896,101.0,100.9997,-0.0002
1452.79941888,101.0,100.9995,-0.0004
1452.9994187999998,101.0,100.9995,-0.0004
1453.19941872,101.0,100.9994,-0.0005
1453.39941864,101.0,100.9994,-0.0005
1453.59941856,101.0,100.9995,-0.0003
1453.79941848,101.0,100.9997,-0.0002
1453.9994184,101.0,100.9997,-0.0001
1454.19941832,101.0,100.9998,-0.0001
1454.39941824,101.0,100.9998,-0.0001
1454.59941816,101.0,100.9999,-0.0
1454.7994180800001,101.0,100.9999,-0.0
1454.999418,101.0,100.9999,-0.0
1455.19941792,101.0,100.9998,-0.0001
1455.39941784,101.0,100.9997,-0.0002
1455.59941776,101.0,100.9997,-0.0002
1455.79941768,101.0,100.9995,-0.0004
1455.9994176,101.0,100.9995,-0.0004
1456.19941752,101.0,100.9995,-0.0004
1456.3994174400002,101.0,100.9995,-0.0004
1456.5994173600002,101.0,100.9995,-0.0004
1456.7994172800002,101.0,100.9993,-0.0006
1456.9994172,101.0,100.9993,-0.0006
1457.19941712,101.0,100.9992,-0.0006
1457.39941704,101.0,100.9993,-0.0005
1457.5994169599999,101.0,100.9995,-0.0004
1457.7994168799999,101.0,100.9996,-0.0003
1457.9994168,101.0,100.9998,-0.0001
1458.19941672,101.0,101.0,0.0
1458.39941664,101.0,101.0001,0.0001
1458.59941656,101.0,101.0003,0.0003
1458.79941648,101.0,101.0003,0.0003
1458.9994164,101.0,101.0004,0.0004
1459.19941632,101.0,101.0005,0.0005
1459.3994162400002,101.0,101.0006,0.0006
1459.5994161600001,101.0,101.0006,0.0006
1459.7994160800001,101.0,101.0005,0.0005
1459.999416,101.0,101.0006,0.0006
1460.19941592,101.0,101.0006,0.0006
1460.39941584,101.0,101.0005,0.0006
1460.59941576,101.0,101.0005,0.0005
1460.79941568,101.0,101.0004,0.0004
1460.9994156,101.0,101.0004,0.0005
1461.19941552,101.0,101.0004,0.0004
1461.39941544,101.0,101.0003,0.0003
1461.59941536,101.0,101.0003,0.0004
1461.79941528,101.0,101.0004,0.0004
1461.9994152,101.0,101.0004,0.0005
1462.19941512,101.0,101.0005,0.0005
1462.39941504,101.0,101.0006,0.0006
1462.59941496,101.0,101.0007,0.0007
1462.79941488,101.0,101.0008,0.0008
1462.9994148,101.0,101.0008,0.0009
1463.19941472,101.0,101.001,0.001
1463.39941464,101.0,101.0009,0.0009
1463.59941456,101.0,101.0009,0.0009
1463.79941448,101.0,101.0008,0.0008
1463.9994144,101.0,101.0009,0.0009
1464.1994143200002,101.0,101.0008,0.0008
1464.3994142400002,101.0,101.0007,0.0007
1464.5994141600002,101.0,101.0007,0.0007
1464.7994140800001,101.0,101.0007,0.0007
1464.999414,101.0,101.0006,0.0006
1465.1994139199999,101.0,101.0007,0.0007
1465.3994138399999,101.0,101.0007,0.0007
1465.59941376,101.0,101.0006,0.0006
1465.79941368,101.0,101.0005,0.0005
1465.9994136,101.0,101.0005,0.0005
1466.19941352,101.0,101.0005,0.0006
1466.39941344,101.0,101.0004,0.0004
1466.59941336,101.0,101.0004,0.0004
1466.79941328,101.0,101.0004,0.0004
1466.9994132,101.0,101.0003,0.0004
1467.1994131200001,101.0,101.0003,0.0003
1467.3994130400001,101.0,101.0003,0.0003
1467.59941296,101.0,101.0003,0.0003
1467.79941288,101.0,101.0002,0.0002
1467.9994128,101.0,101.0001,0.0001
1468.19941272,101.0,101.0,0.0
1468.39941264,101.0,100.9998,-0.0001
1468.59941256,101.0,100.9997,-0.0002
1468.7994124800002,101.0,100.9998,-0.0001
1468.9994124,101.0,100.9996,-0.0003
1469.19941232,101.0,100.9995,-0.0004
1469.39941224,101.0,100.9994,-0.0005
1469.59941216,101.0,100.9995,-0.0004
1469.79941208,101.0,100.9995,-0.0004
1469.999412,101.0,100.9995,-0.0004
1470.1994119199999,101.0,100.9995,-0.0004
1470.39941184,101.0,100.9994,-0.0005
1470.59941176,101.0,100.9994,-0.0005
1470.79941168,101.0,100.9995,-0.0004
1470.9994116,101.0,100.9995,-0.0004
1471.19941152,101.0,100.9995,-0.0004
1471.39941144,101.0,100.9996,-0.0003
1471.59941136,101.0,100.9998,-0.0001
1471.7994112800002,101.0,100.9998,-0.0001
1471.9994112000002,101.0,100.9998,-0.0001
1472.1994111200001,101.0,100.9999,-0.0
1472.3994110400001,101.0,100.9999,-0.0
1472.5994109600001,101.0,101.0,0.0
1472.79941088,101.0,101.0,0.0
1472.9994108,101.0,100.9999,-0.0
1473.1994107199998,101.0,100.9998,-0.0001
1473.39941064,101.0,100.9997,-0.0001
1473.59941056,101.0,100.9998,-0.0001
1473.79941048,101.0,100.9998,-0.0
1473.9994104,101.0,100.9998,-0.0001
1474.19941032,101.0,100.9997,-0.0002
1474.39941024,101.0,100.9997,-0.0002
1474.59941016,101.0,100.9996,-0.0002
1474.79941008,101.0,100.9996,-0.0003
1474.9994100000001,101.0,100.9996,-0.0003
1475.19940992,101.0,100.9997,-0.0002
1475.39940984,101.0,100.9998,-0.0001
1475.59940976,101.0,100.9998,-0.0001
1475.79940968,101.0,100.9997,-0.0002
1475.9994096,101.0,100.9997,-0.0002
1476.19940952,101.0,100.9999,-0.0
1476.39940944,101.0,101.0,0.0
1476.5994093600002,101.0,101.0001,0.0001
1476.7994092800002,101.0,101.0001,0.0001
1476.9994092,101.0,101.0001,0.0001
1477.19940912,101.0,101.0,0.0001
1477.39940904,101.0,101.0001,0.0001
1477.59940896,101.0,101.0,0.0001
1477.7994088799999,101.0,101.0001,0.0001
1477.9994088,101.0,101.0,0.0
1478.19940872,101.0,101.0001,0.0001
1478.39940864,101.0,101.0,0.0
1478.59940856,101.0,101.0,0.0001
1478.79940848,101.0,101.0001,0.0001
1478.9994084,101.0,101.0,0.0001
1479.19940832,101.0,101.0,0.0
1479.39940824,101.0,100.9998,-0.0001
1479.5994081600002,101.0,100.9996,-0.0002
1479.7994080800001,101.0,100.9996,-0.0003
1479.9994080000001,101.0,100.9995,-0.0003
1480.19940792,101.0,100.9995,-0.0004
1480.39940784,101.0,100.9995,-0.0004
1480.59940776,101.0,100.9995,-0.0004
1480.79940768,101.0,100.9994,-0.0005
1480.9994076,101.0,100.9993,-0.0005
1481.19940752,101.0,100.9993,-0.0005
1481.39940744,101.0,100.9993,-0.0005
1481.59940736,101.0,100.9993,-0.0006
1481.79940728,101.0,100.9993,-0.0006
1481.9994072,101.0,100.9993,-0.0006
1482.19940712,101.0,100.9993,-0.0005
1482.39940704,101.0,100.9994,-0.0005
1482.59940696,101.0,100.9995,-0.0004
1482.79940688,101.0,100.9996,-0.0003
1482.9994068,101.0,100.9997,-0.0002
1483.19940672,101.0,100.9996,-0.0002
1483.39940664,101.0,100.9996,-0.0003
1483.59940656,101.0,100.9995,-0.0004
1483.79940648,101.0,100.9994,-0.0005
1483.9994064,101.0,100.9994,-0.0005
1484.1994063200002,101.0,100.9994,-0.0005
1484.3994062400002,101.0,100.9995,-0.0004
1484.5994061600002,101.0,100.9995,-0.0004
1484.7994060800002,101.0,100.9995,-0.0004
1484.999406,101.0,100.9995,-0.0004
1485.19940592,101.0,100.9996,-0.0003
1485.3994058399999,101.0,100.9996,-0.0003
1485.5994057599999,101.0,100.9996,-0.0002
1485.79940568,101.0,100.9997,-0.0002
1485.9994056,101.0,100.9998,-0.0001
1486.19940552,101.0,100.9999,-0.0
1486.39940544,101.0,101.0,0.0
1486.59940536,101.0,101.0001,0.0001
1486.79940528,101.0,101.0003,0.0003
1486.9994052,101.0,101.0005,0.0005
1487.19940512,101.0,101.0006,0.0006
1487.3994050400001,101.0,101.0006,0.0006
1487.5994049600001,101.0,101.0005,0.0005
1487.79940488,101.0,101.0004,0.0005
1487.9994048,101.0,101.0004,0.0004
1488.19940472,101.0,101.0003,0.0003
1488.39940464,101.0,101.0002,0.0002
1488.59940456,101.0,101.0,0.0
1488.79940448,101.0,101.0,0.0
1488.9994044,101.0,100.9998,-0.0
1489.19940432,101.0,100.9998,-0.0001
1489.39940424,101.0,100.9997,-0.0002
1489.59940416,101.0,100.9997,-0.0002
1489.79940408,101.0,100.9998,-0.0001
1489.999404,101.0,100.9998,-0.0001
1490.19940392,101.0,100.9996,-0.0003
1490.39940384,101.0,100.9996,-0.0002
1490.59940376,101.0,100.9996,-0.0002
1490.79940368,101.0,100.9998,-0.0001
1490.9994036,101.0,100.9997,-0.0002
1491.19940352,101.0,100.9996,-0.0003
1491.39940344,101.0,100.9997,-0.0002
1491.59940336,101.0,100.9997,-0.0002
1491.79940328,101.0,100.9997,-0.0001
1491.9994032000002,101.0,100.9998,-0.0001
1492.1994031200002,101.0,100.9999,-0.0
1492.3994030400002,101.0,101.0,0.0
1492.5994029600001,101.0,101.0001,0.0001
1492.7994028800001,101.0,101.0,0.0
1492.9994028,101.0,101.0,0.0
1493.1994027199999,101.0,101.0,0.0
1493.3994026399998,101.0,101.0001,0.0001
1493.59940256,101.0,101.0002,0.0002
1493.79940248,101.0,101.0001,0.0001
1493.9994024,101.0,101.0,0.0
1494.19940232,101.0,101.0,0.0
1494.39940224,101.0,101.0001,0.0001
1494.59940216,101.0,101.0,0.0
1494.79940208,101.0,101.0001,0.0001
1494.999402,101.0,101.0,0.0
1495.1994019200001,101.0,100.9999,-0.0
1495.39940184,101.0,100.9998,-0.0001
1495.59940176,101.0,100.9996,-0.0002
1495.79940168,101.0,100.9995,-0.0004
1495.9994016,101.0,100.9993,-0.0006
1496.19940152,101.0,100.9994,-0.0005
1496.39940144,101.0,100.9992,-0.0007
1496.5994013600002,101.0,100.999,-0.0009
1496.7994012800002,101.0,100.9989,-0.001
1496.9994012000002,101.0,100.9989,-0.001
1497.19940112,101.0,100.9989,-0.001
1497.39940104,101.0,100.9989,-0.0009
1497.59940096,101.0,100.999,-0.0009
1497.79940088,101.0,100.9989,-0.001
1497.9994007999999,101.0,100.9989,-0.001
1498.19940072,101.0,100.999,-0.0009
1498.39940064,101.0,100.9991,-0.0008
1498.59940056,101.0,100.9992,-0.0007
1498.79940048,101.0,100.9993,-0.0006
1498.9994004,101.0,100.9994,-0.0005
1499.19940032,101.0,100.9995,-0.0004
1499.39940024,101.0,100.9994,-0.0005
1499.59940016,101.0,100.9995,-0.0004
1499.7994000800002,101.0,100.9996,-0.0003
1499.9994000000002,101.0,100.9996,-0.0003
1500.1993999200001,101.0,100.9996,-0.0003
1500.3993998400001,101.0,100.9997,-0.0002
1500.59939976,101.0,100.9998,-0.0001
1500.79939968,101.0,100.9998,-0.0
1500.9993996,101.0,101.0,0.0
1501.1993995199998,101.0,101.0002,0.0002
1501.39939944,101.0,101.0002,0.0002
1501.59939936,101.0,101.0002,0.0002
1501.79939928,101.0,101.0002,0.0002
1501.9993992,101.0,101.0003,0.0003
1502.19939912,101.0,101.0003,0.0004
1502.39939904,101.0,101.0004,0.0004
1502.59939896,101.0,101.0005,0.0005
1502.7993988800001,101.0,101.0006,0.0006
1502.9993988,101.0,101.0006,0.0006
1503.19939872,101.0,101.0007,0.0007
1503.39939864,101.0,101.0006,0.0007
1503.59939856,101.0,101.0004,0.0005
1503.79939848,101.0,101.0004,0.0004
1503.9993984,101.0,101.0003,0.0004
1504.19939832,101.0,101.0002,0.0002
1504.3993982400002,101.0,100.9999,-0.0
1504.5993981600002,101.0,100.9998,-0.0001
1504.7993980800002,101.0,100.9996,-0.0003
1504.9993980000002,101.0,100.9994,-0.0005
1505.19939792,101.0,100.9992,-0.0007
1505.39939784,101.0,100.999,-0.0009
1505.5993977599999,101.0,100.9989,-0.001
1505.7993976799999,101.0,100.9988,-0.0011
1505.9993976,101.0,100.9986,-0.0013
1506.19939752,101.0,100.9985,-0.0014
1506.39939744,101.0,100.9984,-0.0015
1506.59939736,101.0,100.9983,-0.0016
1506.79939728,101.0,100.9982,-0.0017
1506.9993972,101.0,100.9981,-0.0018
1507.19939712,101.0,100.9979,-0.0019
1507.39939704,101.0,100.9979,-0.002
1507.5993969600001,101.0,100.9978,-0.0021
1507.7993968800001,101.0,100.9978,-0.0021
1507.9993968,101.0,100.9978,-0.0021
1508.19939672,101.0,100.9977,-0.0022
1508.39939664,101.0,100.9976,-0.0023
1508.59939656,101.0,100.9976,-0.0023
1508.79939648,101.0,100.9976,-0.0023
1508.9993964,101.0,100.9975,-0.0023
1509.19939632,101.0,100.9975,-0.0024
1509.39939624,101.0,100.9975,-0.0024
1509.59939616,101.0,100.9975,-0.0024
1509.79939608,101.0,100.9976,-0.0023
1509.999396,101.0,100.9976,-0.0023
1510.19939592,101.0,100.9976,-0.0023
1510.39939584,101.0,100.9978,-0.0021
1510.59939576,101.0,100.9978,-0.0021
1510.79939568,101.0,100.9979,-0.002
1510.9993956,101.0,100.9979,-0.0019
1511.19939552,101.0,100.998,-0.0019
1511.39939544,101.0,100.998,-0.0018
1511.59939536,101.0,100.9982,-0.0017
1511.79939528,101.0,100.9982,-0.0017
1511.9993952,101.0,100.9983,-0.0015
1512.1993951200002,101.0,100.9983,-0.0016
1512.3993950400002,101.0,100.9984,-0.0015
1512.5993949600002,101.0,100.9985,-0.0014
1512.7993948800001,101.0,100.9986,-0.0013
1512.9993948000001,101.0,100.9986,-0.0013
1513.1993947199999,101.0,100.9988,-0.0011
1513.3993946399999,101.0,100.999,-0.0009
1513.5993945599998,101.0,100.999,-0.0009
1513.79939448,101.0,100.9992,-0.0007
1513.9993944,101.0,100.9993,-0.0006
1514.19939432,101.0,100.9995,-0.0004
1514.39939424,101.0,100.9996,-0.0003
1514.59939416,101.0,100.9998,-0.0001
1514.79939408,101.0,100.9998,-0.0
1514.999394,101.0,101.0,0.0
1515.1993939200001,101.0,101.0001,0.0001
1515.3993938400001,101.0,101.0002,0.0002
1515.59939376,101.0,101.0003,0.0003
1515.79939368,101.0,101.0004,0.0005
1515.9993936,101.0,101.0005,0.0005
1516.19939352,101.0,101.0005,0.0005
1516.39939344,101.0,101.0003,0.0003
1516.59939336,101.0,101.0003,0.0003
1516.7993932800002,101.0,101.0002,0.0002
1516.9993932000002,101.0,101.0001,0.0001
1517.19939312,101.0,101.0002,0.0002
1517.39939304,101.0,101.0002,0.0002
1517.59939296,101.0,101.0002,0.0002
1517.79939288,101.0,101.0002,0.0002
1517.9993928,101.0,101.0002,0.0002
1518.1993927199999,101.0,101.0001,0.0001
1518.39939264,101.0,101.0,0.0
1518.59939256,101.0,100.9999,-0.0
1518.79939248,101.0,101.0,0.0
1518.9993924,101.0,100.9999,-0.0
1519.19939232,101.0,100.9999,-0.0
1519.39939224,101.0,100.9998,-0.0001
1519.59939216,101.0,100.9998,-0.0001
1519.79939208,101.0,100.9997,-0.0002
1519.9993920000002,101.0,100.9997,-0.0002
1520.1993919200002,101.0,100.9998,-0.0001
1520.3993918400001,101.0,100.9997,-0.0002
1520.5993917600001,101.0,100.9996,-0.0003
1520.79939168,101.0,100.9996,-0.0003
1520.9993916,101.0,100.9995,-0.0004
1521.1993915199998,101.0,100.9997,-0.0002
1521.39939144,101.0,100.9998,-0.0001
1521.59939136,101.0,100.9999,0.0
1521.79939128,101.0,101.0,0.0
1521.9993912,101.0,100.9999,0.0
1522.19939112,101.0,100.9999,-0.0
1522.39939104,101.0,100.9998,-0.0001
1522.59939096,101.0,100.9999,-0.0
1522.79939088,101.0,100.9999,-0.0
1522.9993908000001,101.0,100.9999,-0.0
1523.19939072,101.0,100.9998,-0.0001
1523.39939064,101.0,100.9997,-0.0002
1523.59939056,101.0,100.9996,-0.0003
1523.79939048,101.0,100.9993,-0.0006
1523.9993904,101.0,100.9992,-0.0007
1524.19939032,101.0,100.9991,-0.0008
1524.39939024,101.0,100.9988,-0.0011
1524.5993901600002,101.0,100.9985,-0.0014
1524.7993900800002,101.0,100.9984,-0.0015
1524.9993900000002,101.0,100.9983,-0.0016
1525.19938992,101.0,100.9982,-0.0017
1525.39938984,101.0,100.9982,-0.0017
1525.59938976,101.0,100.9982,-0.0017
1525.7993896799999,101.0,100.9981,-0.0018
1525.9993895999999,101.0,100.998,-0.0019
1526.19938952,101.0,100.998,-0.0019
1526.39938944,101.0,100.9979,-0.002
1526.59938936,101.0,100.9979,-0.002
1526.79938928,101.0,100.9979,-0.002
1526.9993892,101.0,100.9981,-0.0018
1527.19938912,101.0,100.998,-0.0019
1527.39938904,101.0,100.9978,-0.0021
1527.5993889600002,101.0,100.9978,-0.0021
1527.7993888800002,101.0,100.9977,-0.0022
1527.9993888000001,101.0,100.9976,-0.0023
1528.1993887200001,101.0,100.9974,-0.0025
1528.39938864,101.0,100.9972,-0.0027
1528.59938856,101.0,100.9971,-0.0028
1528.79938848,101.0,100.997,-0.0029
1528.9993884,101.0,100.9969,-0.003
1529.19938832,101.0,100.997,-0.0029
1529.39938824,101.0,100.9969,-0.003
1529.59938816,101.0,100.9969,-0.003
1529.79938808,101.0,100.997,-0.0029
1529.999388,101.0,100.997,-0.0028
1530.19938792,101.0,100.997,-0.0029
1530.39938784,101.0,100.997,-0.0029
1530.59938776,101.0,100.9969,-0.003
1530.79938768,101.0,100.997,-0.0029
1530.9993876,101.0,100.997,-0.0029
1531.19938752,101.0,100.997,-0.0029
1531.39938744,101.0,100.997,-0.0028
1531.59938736,101.0,100.997,-0.0028
1531.79938728,101.0,100.997,-0.0029
1531.9993872,101.0,100.9968,-0.0031
1532.19938712,101.0,100.9969,-0.003
1532.3993870400002,101.0,100.9967,-0.0032
1532.5993869600002,101.0,100.9966,-0.0033
1532.7993868800002,101.0,100.9965,-0.0034
1532.9993868000001,101.0,100.9963,-0.0036
1533.19938672,101.0,100.9962,-0.0037
1533.3993866399999,101.0,100.9961,-0.0037
1533.5993865599999,101.0,100.9962,-0.0037
1533.79938648,101.0,100.9964,-0.0035
1533.9993864,101.0,100.9964,-0.0035
1534.19938632,101.0,100.9964,-0.0035
1534.39938624,101.0,100.9965,-0.0034
1534.59938616,101.0,100.9965,-0.0034
1534.79938608,101.0,100.9966,-0.0033
1534.999386,101.0,100.9967,-0.0032
1535.19938592,101.0,100.9969,-0.003
1535.3993858400001,101.0,100.9968,-0.0031
1535.5993857600001,101.0,100.9969,-0.003
1535.7993856800001,101.0,100.997,-0.0029
1535.9993856,101.0,100.9972,-0.0027
1536.19938552,101.0,100.9973,-0.0026
1536.39938544,101.0,100.9974,-0.0025
1536.59938536,101.0,100.9975,-0.0024
1536.79938528,101.0,100.9975,-0.0024
1536.9993852000002,101.0,100.9974,-0.0025
1537.19938512,101.0,100.9975,-0.0024
1537.39938504,101.0,100.9975,-0.0024
1537.59938496,101.0,100.9977,-0.0022
1537.79938488,101.0,100.9979,-0.002
1537.9993848,101.0,100.9981,-0.0018
1538.19938472,101.0,100.9983,-0.0016
1538.3993846399999,101.0,100.9985,-0.0014
1538.59938456,101.0,100.9986,-0.0013
1538.79938448,101.0,100.9988,-0.0011
1538.9993844,101.0,100.9989,-0.001
1539.19938432,101.0,100.9989,-0.001
1539.39938424,101.0,100.999,-0.0009
1539.59938416,101.0,100.9991,-0.0008
1539.79938408,101.0,100.9991,-0.0008
1539.9993840000002,101.0,100.9992,-0.0007
1540.1993839200002,101.0,100.9993,-0.0006
1540.3993838400002,101.0,100.9993,-0.0006
1540.5993837600001,101.0,100.9994,-0.0005
1540.7993836800001,101.0,100.9994,-0.0005
1540.9993836,101.0,100.9995,-0.0004
1541.1993835199999,101.0,100.9996,-0.0003
1541.3993834399998,101.0,100.9996,-0.0002
1541.59938336,101.0,100.9997,-0.0002
1541.79938328,101.0,100.9998,-0.0001
1541.9993832,101.0,100.9999,-0.0
1542.19938312,101.0,101.0,0.0
1542.39938304,101.0,101.0,0.0
1542.59938296,101.0,101.0001,0.0001
1542.79938288,101.0,101.0002,0.0002
1542.9993828,101.0,101.0002,0.0002
1543.1993827200001,101.0,101.0003,0.0003
1543.39938264,101.0,101.0003,0.0003
1543.59938256,101.0,101.0002,0.0002
1543.79938248,101.0,101.0002,0.0002
1543.9993824,101.0,101.0002,0.0002
1544.19938232,101.0,101.0,0.0
1544.39938224,101.0,100.9999,-0.0
1544.59938216,101.0,100.9997,-0.0002
1544.7993820800002,101.0,100.9996,-0.0003
1544.9993820000002,101.0,100.9995,-0.0004
1545.19938192,101.0,100.9994,-0.0005
1545.39938184,101.0,100.9993,-0.0006
1545.59938176,101.0,100.9992,-0.0007
1545.79938168,101.0,100.9992,-0.0007
1545.9993815999999,101.0,100.9992,-0.0007
1546.19938152,101.0,100.9992,-0.0007
1546.39938144,101.0,100.9992,-0.0007
1546.59938136,101.0,100.9993,-0.0006
1546.79938128,101.0,100.9993,-0.0006
1546.9993812,101.0,100.9993,-0.0006
1547.19938112,101.0,100.9993,-0.0006
1547.39938104,101.0,100.9993,-0.0006
1547.59938096,101.0,100.9993,-0.0006
1547.7993808800002,101.0,100.9993,-0.0006
1547.9993808000002,101.0,100.9994,-0.0005
1548.1993807200001,101.0,100.9994,-0.0005
1548.3993806400001,101.0,100.9994,-0.0005
1548.59938056,101.0,100.9995,-0.0004
1548.79938048,101.0,100.9995,-0.0003
1548.9993804,101.0,100.9995,-0.0003
1549.1993803199998,101.0,100.9995,-0.0004
1549.39938024,101.0,100.9995,-0.0004
1549.59938016,101.0,100.9995,-0.0004
1549.79938008,101.0,100.9994,-0.0005
1549.99938,101.0,100.9994,-0.0005
1550.19937992,101.0,100.9994,-0.0005
1550.39937984,101.0,100.9993,-0.0006
1550.59937976,101.0,100.9992,-0.0007
1550.79937968,101.0,100.9992,-0.0007
1550.9993796,101.0,100.9992,-0.0007
1551.19937952,101.0,100.999,-0.0009
1551.39937944,101.0,100.999,-0.0009
1551.59937936,101.0,100.9989,-0.001
1551.79937928,101.0,100.9988,-0.001
1551.9993792,101.0,100.9988,-0.001
1552.19937912,101.0,100.9988,-0.0011
1552.3993790400002,101.0,100.9987,-0.0012
1552.5993789600002,101.0,100.9987,-0.0012
1552.7993788800002,101.0,100.9986,-0.0013
1552.9993788000002,101.0,100.9986,-0.0013
1553.19937872,101.0,100.9985,-0.0014
1553.39937864,101.0,100.9986,-0.0013
1553.5993785599999,101.0,100.9987,-0.0012
1553.7993784799999,101.0,100.9987,-0.0012
1553.9993784,101.0,100.9987,-0.0012
1554.19937832,101.0,100.9987,-0.0012
1554.39937824,101.0,100.9988,-0.0011
1554.59937816,101.0,100.9986,-0.0013
1554.79937808,101.0,100.9985,-0.0014
1554.999378,101.0,100.9985,-0.0014
1555.19937792,101.0,100.9984,-0.0015
1555.39937784,101.0,100.9983,-0.0016
1555.5993777600002,101.0,100.9983,-0.0016
1555.7993776800001,101.0,100.9983,-0.0016
1555.9993776000001,101.0,100.9983,-0.0016
1556.19937752,101.0,100.9984,-0.0015
1556.39937744,101.0,100.9984,-0.0015
1556.59937736,101.0,100.9984,-0.0015
1556.79937728,101.0,100.9983,-0.0016
1556.9993772,101.0,100.9983,-0.0016
1557.19937712,101.0,100.9982,-0.0017
1557.39937704,101.0,100.9983,-0.0016
1557.59937696,101.0,100.9982,-0.0016
1557.79937688,101.0,100.9984,-0.0015
1557.9993768,101.0,100.9984,-0.0015
1558.19937672,101.0,100.9985,-0.0014
1558.39937664,101.0,100.9984,-0.0014
1558.59937656,101.0,100.9984,-0.0014
1558.79937648,101.0,100.9985,-0.0014
1558.9993764,101.0,100.9985,-0.0014
1559.19937632,101.0,100.9985,-0.0014
1559.39937624,101.0,100.9984,-0.0015
1559.59937616,101.0,100.9983,-0.0016
1559.79937608,101.0,100.9982,-0.0017
1559.999376,101.0,100.9982,-0.0017
1560.1993759200002,101.0,100.9982,-0.0016
1560.3993758400002,101.0,100.9983,-0.0016
1560.5993757600002,101.0,100.9983,-0.0016
1560.7993756800001,101.0,100.9982,-0.0017
1560.9993756000001,101.0,100.9983,-0.0015
1561.1993755199999,101.0,100.9985,-0.0014
1561.3993754399999,101.0,100.9985,-0.0014
1561.5993753599998,101.0,100.9986,-0.0013
1561.79937528,101.0,100.9986,-0.0013
1561.9993752,101.0,100.9987,-0.0012
1562.19937512,101.0,100.9987,-0.0012
1562.39937504,101.0,100.9988,-0.0011
1562.59937496,101.0,100.9988,-0.0011
1562.79937488,101.0,100.9988,-0.0011
1562.9993748,101.0,100.9988,-0.0011
1563.19937472,101.0,100.9987,-0.0012
1563.3993746400001,101.0,100.9987,-0.0012
1563.5993745600001,101.0,100.9986,-0.0013
1563.79937448,101.0,100.9987,-0.0012
1563.9993744,101.0,100.9988,-0.0011
1564.19937432,101.0,100.9988,-0.0011
1564.39937424,101.0,100.9989,-0.001
1564.59937416,101.0,100.999,-0.0009
1564.7993740800002,101.0,100.9991,-0.0008
1564.9993740000002,101.0,100.9993,-0.0006
1565.19937392,101.0,100.9994,-0.0005
1565.39937384,101.0,100.9995,-0.0003
1565.59937376,101.0,100.9997,-0.0002
1565.79937368,101.0,100.9998,-0.0
1565.9993736,101.0,101.0,0.0
1566.1993735199999,101.0,101.0002,0.0002
1566.39937344,101.0,101.0004,0.0004
1566.59937336,101.0,101.0006,0.0006
1566.79937328,101.0,101.0007,0.0007
1566.9993732,101.0,101.0008,0.0008
1567.19937312,101.0,101.001,0.001
1567.39937304,101.0,101.0011,0.0011
1567.59937296,101.0,101.0011,0.0012
1567.79937288,101.0,101.0012,0.0012
1567.9993728000002,101.0,101.0013,0.0013
1568.1993727200002,101.0,101.0012,0.0013
1568.3993726400001,101.0,101.0013,0.0013
1568.5993725600001,101.0,101.0013,0.0014
1568.79937248,101.0,101.0013,0.0014
1568.9993724,101.0,101.0014,0.0014
1569.1993723199998,101.0,101.0013,0.0014
1569.3993722399998,101.0,101.0013,0.0014
1569.59937216,101.0,101.0014,0.0014
1569.79937208,101.0,101.0014,0.0015
1569.999372,101.0,101.0015,0.0015
1570.19937192,101.0,101.0016,0.0016
1570.39937184,101.0,101.0015,0.0015
1570.59937176,101.0,101.0015,0.0015
1570.79937168,101.0,101.0015,0.0015
1570.9993716000001,101.0,101.0013,0.0014
1571.19937152,101.0,101.0012,0.0012
1571.39937144,101.0,101.0012,0.0013
1571.59937136,101.0,101.0012,0.0012
1571.79937128,101.0,101.0011,0.0011
1571.9993712,101.0,101.0011,0.0011
1572.19937112,101.0,101.001,0.001
1572.39937104,101.0,101.001,0.001
1572.5993709600002,101.0,101.001,0.001
1572.7993708800002,101.0,101.001,0.001
1572.9993708000002,101.0,101.001,0.001
1573.19937072,101.0,101.001,0.001
1573.39937064,101.0,101.001,0.001
1573.59937056,101.0,101.0008,0.0008
1573.7993704799999,101.0,101.0006,0.0006
1573.9993703999999,101.0,101.0006,0.0006
1574.19937032,101.0,101.0005,0.0005
1574.39937024,101.0,101.0005,0.0005
1574.59937016,101.0,101.0004,0.0004
1574.79937008,101.0,101.0004,0.0004
1574.99937,101.0,101.0002,0.0002
1575.19936992,101.0,101.0,0.0
1575.39936984,101.0,100.9999,0.0
1575.59936976,101.0,100.9998,-0.0
1575.7993696800002,101.0,100.9997,-0.0002
1575.9993696000001,101.0,100.9997,-0.0002
1576.1993695200001,101.0,100.9997,-0.0002
1576.39936944,101.0,100.9996,-0.0003
1576.59936936,101.0,100.9996,-0.0003
1576.79936928,101.0,100.9996,-0.0003
1576.9993692,101.0,100.9996,-0.0002
1577.19936912,101.0,100.9996,-0.0003
1577.39936904,101.0,100.9997,-0.0002
1577.59936896,101.0,100.9996,-0.0003
1577.79936888,101.0,100.9995,-0.0003
1577.9993688,101.0,100.9995,-0.0004
1578.19936872,101.0,100.9995,-0.0004
1578.39936864,101.0,100.9995,-0.0004
1578.59936856,101.0,100.9994,-0.0005
1578.79936848,101.0,100.9994,-0.0005
1578.9993684,101.0,100.9992,-0.0006
1579.19936832,101.0,100.9991,-0.0008
1579.39936824,101.0,100.9989,-0.001
1579.59936816,101.0,100.9986,-0.0013
1579.79936808,101.0,100.9984,-0.0015
1579.999368,101.0,100.9982,-0.0017
1580.19936792,101.0,100.9981,-0.0018
1580.3993678400002,101.0,100.9979,-0.002
1580.5993677600002,101.0,100.9979,-0.002
1580.7993676800002,101.0,100.9979,-0.0019
1580.9993676000001,101.0,100.998,-0.0019
1581.1993675200001,101.0,100.9981,-0.0018
1581.3993674399999,101.0,100.9982,-0.0017
1581.5993673599999,101.0,100.9983,-0.0016
1581.7993672799998,101.0,100.9985,-0.0014
1581.9993672,101.0,100.9985,-0.0014
1582.19936712,101.0,100.9987,-0.0012
1582.39936704,101.0,100.9988,-0.0011
1582.59936696,101.0,100.9989,-0.001
1582.79936688,101.0,100.999,-0.0009
1582.9993668,101.0,100.999,-0.0009
1583.19936672,101.0,100.9991,-0.0008
1583.3993666400002,101.0,100.999,-0.0009
1583.5993665600001,101.0,100.999,-0.0009
1583.7993664800001,101.0,100.9988,-0.0011
1583.9993664,101.0,100.9987,-0.0011
1584.19936632,101.0,100.9986,-0.0013
1584.39936624,101.0,100.9986,-0.0013
1584.59936616,101.0,100.9984,-0.0015
1584.79936608,101.0,100.9983,-0.0016
1584.9993660000002,101.0,100.9982,-0.0017
1585.19936592,101.0,100.9982,-0.0017
1585.39936584,101.0,100.9981,-0.0018
1585.59936576,101.0,100.9981,-0.0018
1585.79936568,101.0,100.9979,-0.002
1585.9993656,101.0,100.9979,-0.0019
1586.19936552,101.0,100.9981,-0.0018
1586.3993654399999,101.0,100.9982,-0.0017
1586.59936536,101.0,100.9983,-0.0016
1586.79936528,101.0,100.9984,-0.0015
1586.9993652,101.0,100.9985,-0.0014
1587.19936512,101.0,100.9985,-0.0014
1587.39936504,101.0,100.9986,-0.0013
1587.59936496,101.0,100.9987,-0.0012
1587.79936488,101.0,100.9986,-0.0013
1587.9993648,101.0,100.9986,-0.0013
1588.1993647200002,101.0,100.9986,-0.0013
1588.3993646400002,101.0,100.9985,-0.0014
1588.5993645600001,101.0,100.9986,-0.0013
1588.7993644800001,101.0,100.9986,-0.0013
1588.9993644,101.0,100.9987,-0.0012
1589.19936432,101.0,100.9987,-0.0011
1589.3993642399998,101.0,100.9988,-0.0011
1589.59936416,101.0,100.9988,-0.0011
1589.79936408,101.0,100.9988,-0.001
1589.999364,101.0,100.9989,-0.001
1590.19936392,101.0,100.9989,-0.001
1590.39936384,101.0,100.999,-0.0009
1590.59936376,101.0,100.999,-0.0009
1590.79936368,101.0,100.999,-0.0009
1590.9993636,101.0,100.999,-0.0009
1591.1993635200001,101.0,100.9991,-0.0008
1591.3993634400001,101.0,100.9993,-0.0006
1591.59936336,101.0,100.9994,-0.0005
1591.79936328,101.0,100.9994,-0.0005
1591.9993632,101.0,100.9995,-0.0004
1592.19936312,101.0,100.9995,-0.0004
1592.39936304,101.0,100.9996,-0.0003
1592.59936296,101.0,100.9996,-0.0003
1592.7993628800002,101.0,100.9995,-0.0003
1592.9993628000002,101.0,100.9996,-0.0003
1593.19936272,101.0,100.9997,-0.0002
1593.39936264,101.0,100.9996,-0.0003
1593.59936256,101.0,100.9995,-0.0003
1593.79936248,101.0,100.9996,-0.0003
1593.9993623999999,101.0,100.9996,-0.0003
1594.1993623199999,101.0,100.9996,-0.0002
1594.39936224,101.0,100.9997,-0.0002
1594.59936216,101.0,100.9996,-0.0002
1594.79936208,101.0,100.9996,-0.0003
1594.999362,101.0,100.9995,-0.0003
1595.19936192,101.0,100.9994,-0.0005
1595.39936184,101.0,100.9993,-0.0006
1595.59936176,101.0,100.9991,-0.0008
1595.7993616800002,101.0,100.999,-0.0009
1595.9993616000002,101.0,100.999,-0.0009
1596.1993615200001,101.0,100.9988,-0.001
1596.3993614400001,101.0,100.9987,-0.0012
1596.59936136,101.0,100.9986,-0.0013
1596.79936128,101.0,100.9986,-0.0013
1596.9993612,101.0,100.9985,-0.0014
1597.19936112,101.0,100.9984,-0.0015
1597.39936104,101.0,100.9984,-0.0015
1597.59936096,101.0,100.9982,-0.0016
1597.79936088,101.0,100.9983,-0.0016
1597.9993608,101.0,100.9982,-0.0017
1598.19936072,101.0,100.9983,-0.0016
1598.39936064,101.0,100.9984,-0.0015
1598.59936056,101.0,100.9984,-0.0015
1598.79936048,101.0,100.9985,-0.0014
1598.9993604000001,101.0,100.9986,-0.0013
1599.19936032,101.0,100.9987,-0.0012
1599.39936024,101.0,100.9986,-0.0012
1599.59936016,101.0,100.9987,-0.0012
1599.79936008,101.0,100.9988,-0.0011
1599.99936,101.0,100.9988,-0.0011
1600.19935992,101.0,100.9989,-0.001
1600.39935984,101.0,100.999,-0.0009
1600.5993597600002,101.0,100.999,-0.0009
1600.7993596800002,101.0,100.9991,-0.0008
1600.9993596000002,101.0,100.999,-0.0009
1601.1993595200001,101.0,100.999,-0.0009
1601.39935944,101.0,100.999,-0.0009
1601.5993593599999,101.0,100.9989,-0.0009
1601.7993592799999,101.0,100.9988,-0.001
1601.9993592,101.0,100.9988,-0.0011
1602.19935912,101.0,100.9986,-0.0013
1602.39935904,101.0,100.9984,-0.0015
1602.59935896,101.0,100.9985,-0.0014
1602.79935888,101.0,100.9985,-0.0014
1602.9993588,101.0,100.9984,-0.0015
1603.19935872,101.0,100.9983,-0.0016
1603.39935864,101.0,100.9981,-0.0018
1603.5993585600002,101.0,100.998,-0.0019
1603.7993584800001,101.0,100.9981,-0.0018
1603.9993584000001,101.0,100.9979,-0.0019
1604.19935832,101.0,100.9981,-0.0018
1604.39935824,101.0,100.9981,-0.0018
1604.59935816,101.0,100.9981,-0.0018
1604.79935808,101.0,100.9981,-0.0018
1604.999358,101.0,100.9982,-0.0017
1605.1993579200002,101.0,100.9982,-0.0017
1605.39935784,101.0,100.9984,-0.0015
1605.59935776,101.0,100.9985,-0.0014
1605.79935768,101.0,100.9985,-0.0014
1605.9993576,101.0,100.9986,-0.0013
1606.19935752,101.0,100.9985,-0.0014
1606.39935744,101.0,100.9987,-0.0012
1606.5993573599999,101.0,100.9988,-0.001
1606.79935728,101.0,100.9989,-0.001
1606.9993572,101.0,100.9989,-0.001
1607.19935712,101.0,100.9988,-0.0011
1607.39935704,101.0,100.9988,-0.0011
1607.59935696,101.0,100.9987,-0.0012
1607.79935688,101.0,100.9987,-0.0012
1607.9993568,101.0,100.9987,-0.0012
1608.1993567200002,101.0,100.9987,-0.0012
1608.3993566400002,101.0,100.9987,-0.0012
1608.5993565600002,101.0,100.9987,-0.0012
1608.7993564800001,101.0,100.9987,-0.0012
1608.9993564000001,101.0,100.9987,-0.0012
1609.19935632,101.0,100.9987,-0.0012
1609.3993562399999,101.0,100.9987,-0.0012
1609.5993561599998,101.0,100.9987,-0.0012
1609.79935608,101.0,100.9988,-0.0011
1609.999356,101.0,100.9988,-0.0011
1610.19935592,101.0,100.9988,-0.0011
1610.39935584,101.0,100.9988,-0.0011
1610.59935576,101.0,100.9988,-0.001
1610.79935568,101.0,100.9988,-0.0011
1610.9993556,101.0,100.9988,-0.001
1611.19935552,101.0,100.9989,-0.001
1611.3993554400001,101.0,100.9989,-0.001
1611.5993553600001,101.0,100.9989,-0.001
1611.79935528,101.0,100.999,-0.0009
1611.9993552,101.0,100.9989,-0.001
1612.19935512,101.0,100.999,-0.0009
1612.39935504,101.0,100.9989,-0.001
1612.59935496,101.0,100.999,-0.0009
1612.79935488,101.0,100.9992,-0.0007
1612.9993548000002,101.0,100.9993,-0.0006
1613.1993547200002,101.0,100.9995,-0.0004
1613.39935464,101.0,100.9997,-0.0002
1613.59935456,101.0,100.9999,-0.0
1613.79935448,101.0,100.9999,-0.0
1613.9993544,101.0,101.0,0.0
1614.1993543199999,101.0,101.0,0.0
1614.39935424,101.0,101.0001,0.0001
1614.59935416,101.0,101.0001,0.0001
1614.79935408,101.0,101.0001,0.0001
1614.999354,101.0,101.0001,0.0001
1615.19935392,101.0,101.0001,0.0001
1615.39935384,101.0,101.0001,0.0001
1615.59935376,101.0,101.0,0.0001
1615.79935368,101.0,101.0,0.0
1615.9993536000002,101.0,100.9998,-0.0001
1616.1993535200002,101.0,100.9996,-0.0003
1616.3993534400001,101.0,100.9994,-0.0005
1616.5993533600001,101.0,100.9992,-0.0007
1616.79935328,101.0,100.9989,-0.0009
1616.9993532,101.0,100.9988,-0.001
1617.19935312,101.0,100.9987,-0.0011
1617.3993530399998,101.0,100.9986,-0.0013
1617.59935296,101.0,100.9985,-0.0014
1617.79935288,101.0,100.9985,-0.0014
1617.9993528,101.0,100.9985,-0.0014
1618.19935272,101.0,100.9984,-0.0015
1618.39935264,101.0,100.9983,-0.0015
1618.59935256,101.0,100.9983,-0.0016
1618.79935248,101.0,100.9983,-0.0016
1618.9993524,101.0,100.9982,-0.0017
1619.1993523200001,101.0,100.9981,-0.0018
1619.39935224,101.0,100.998,-0.0019
1619.59935216,101.0,100.9979,-0.002
1619.79935208,101.0,100.9979,-0.002
1619.999352,101.0,100.9979,-0.002
1620.19935192,101.0,100.9979,-0.002
1620.39935184,101.0,100.9978,-0.0021
1620.5993517600002,101.0,100.9978,-0.0021
1620.7993516800002,101.0,100.9978,-0.0021
1620.9993516000002,101.0,100.9978,-0.0021
1621.1993515200002,101.0,100.9978,-0.0021
1621.39935144,101.0,100.9978,-0.0021
1621.59935136,101.0,100.9978,-0.0021
1621.7993512799999,101.0,100.9978,-0.0021
1621.9993511999999,101.0,100.9977,-0.0022
1622.19935112,101.0,100.9978,-0.0021
1622.39935104,101.0,100.9978,-0.0021
1622.59935096,101.0,100.9978,-0.0021
1622.79935088,101.0,100.9978,-0.0021
1622.9993508,101.0,100.9977,-0.0022
1623.19935072,101.0,100.9975,-0.0023
1623.39935064,101.0,100.9975,-0.0023
1623.59935056,101.0,100.9975,-0.0024
1623.7993504800002,101.0,100.9974,-0.0025
1623.9993504000001,101.0,100.9974,-0.0025
1624.1993503200001,101.0,100.9973,-0.0026
1624.39935024,101.0,100.9972,-0.0027
1624.59935016,101.0,100.9971,-0.0028
1624.79935008,101.0,100.9972,-0.0027
1624.99935,101.0,100.9972,-0.0027
1625.19934992,101.0,100.9972,-0.0027
1625.39934984,101.0,100.9973,-0.0026
1625.59934976,101.0,100.9973,-0.0026
1625.79934968,101.0,100.9973,-0.0026
1625.9993496,101.0,100.9973,-0.0026
1626.19934952,101.0,100.9974,-0.0025
1626.39934944,101.0,100.9975,-0.0024
1626.59934936,101.0,100.9975,-0.0024
1626.7993492800001,101.0,100.9976,-0.0023
1626.9993492,101.0,100.9976,-0.0022
1627.19934912,101.0,100.9976,-0.0023
1627.39934904,101.0,100.9976,-0.0023
1627.59934896,101.0,100.9976,-0.0022
1627.79934888,101.0,100.9976,-0.0023
1627.9993488,101.0,100.9976,-0.0023
1628.19934872,101.0,100.9975,-0.0024
1628.3993486400002,101.0,100.9975,-0.0024
1628.5993485600002,101.0,100.9974,-0.0025
1628.7993484800002,101.0,100.9974,-0.0025
1628.9993484000001,101.0,100.9974,-0.0025
1629.1993483200001,101.0,100.9974,-0.0025
1629.3993482399999,101.0,100.9973,-0.0026
1629.5993481599999,101.0,100.9973,-0.0026
1629.7993480799998,101.0,100.9973,-0.0026
1629.999348,101.0,100.9973,-0.0026
1630.19934792,101.0,100.9973,-0.0026
1630.39934784,101.0,100.9973,-0.0026
1630.59934776,101.0,100.9972,-0.0027
1630.79934768,101.0,100.9971,-0.0028
1630.9993476,101.0,100.997,-0.0029
1631.19934752,101.0,100.997,-0.0029
1631.39934744,101.0,100.9969,-0.003
1631.5993473600001,101.0,100.9968,-0.0031
1631.7993472800001,101.0,100.9967,-0.0032
1631.9993472,101.0,100.9967,-0.0032
1632.19934712,101.0,100.9966,-0.0033
1632.39934704,101.0,100.9966,-0.0033
1632.59934696,101.0,100.9966,-0.0033
1632.79934688,101.0,100.9966,-0.0033
1632.9993468000002,101.0,100.9967,-0.0032
1633.1993467200002,101.0,100.9968,-0.0031
1633.39934664,101.0,100.9969,-0.003
1633.59934656,101.0,100.9969,-0.003
1633.79934648,101.0,100.9969,-0.003
1633.9993464,101.0,100.997,-0.0029
1634.19934632,101.0,100.997,-0.0029
1634.3993462399999,101.0,100.997,-0.0029
1634.59934616,101.0,100.997,-0.0029
1634.79934608,101.0,100.997,-0.0029
1634.999346,101.0,100.9971,-0.0028
1635.19934592,101.0,100.9971,-0.0028
1635.39934584,101.0,100.997,-0.0029
1635.59934576,101.0,100.9969,-0.003
1635.79934568,101.0,100.997,-0.0029
1635.9993456,101.0,100.9968,-0.0031
1636.1993455200002,101.0,100.9966,-0.0033
1636.3993454400002,101.0,100.9964,-0.0034
1636.5993453600001,101.0,100.9963,-0.0036
1636.7993452800001,101.0,100.9963,-0.0036
1636.9993452,101.0,100.9963,-0.0036
1637.19934512,101.0,100.9963,-0.0036
1637.3993450399998,101.0,100.9963,-0.0035
1637.5993449599998,101.0,100.9964,-0.0035
1637.79934488,101.0,100.9965,-0.0034
1637.9993448,101.0,100.9964,-0.0035
1638.19934472,101.0,100.9964,-0.0035
