t_ms,target_um,current_um,error_um
0.0,90.0,89.995,-0.0049
0.039999984,90.0,89.995,-0.0049
0.079999968,90.0,89.995,-0.0049
0.119999952,90.0,89.995,-0.0049
0.159999936,90.0,89.995,-0.0048
0.19999992,90.0,89.995,-0.0049
0.239999904,90.0,89.995,-0.0049
0.279999888,90.0,89.995,-0.0049
0.319999872,90.0,89.995,-0.0049
0.359999856,90.0,89.995,-0.0049
0.39999984,90.0,89.995,-0.0049
0.43999982400000004,90.0,89.995,-0.0049
0.479999808,90.0,89.995,-0.0049
0.519999792,90.0,89.995,-0.0048
0.559999776,90.0,89.995,-0.0049
0.59999976,90.0,89.995,-0.0049
0.639999744,90.0,89.9949,-0.005
0.679999728,90.0,89.9949,-0.005
0.719999712,90.0,89.9949,-0.005
0.759999696,89.9999,89.995,-0.0049
0.79999968,89.9999,89.9949,-0.0049
0.8399996639999999,89.9999,89.9949,-0.005
0.8799996480000001,89.9999,89.9949,-0.0049
0.919999632,89.9999,89.9949,-0.005
0.959999616,89.9999,89.9949,-0.0049
0.9999995999999999,89.9999,89.995,-0.0049
1.039999584,89.9999,89.9949,-0.0049
1.079999568,89.9999,89.995,-0.0049
1.119999552,89.9999,89.995,-0.0049
1.159999536,89.9999,89.9949,-0.0049
1.19999952,89.9999,89.995,-0.0049
1.239999504,89.9999,89.9949,-0.005
1.279999488,89.9999,89.9949,-0.005
1.319999472,89.9999,89.9949,-0.005
1.359999456,89.9999,89.9948,-0.0051
1.39999944,89.9999,89.9948,-0.0051
1.439999424,89.9999,89.9948,-0.0051
1.4799994079999998,89.9999,89.9948,-0.0051
1.519999392,89.9999,89.9949,-0.005
1.5599993760000002,90.0,89.9948,-0.0051
1.59999936,90.0,89.9948,-0.0051
1.639999344,90.0,89.9948,-0.0051
1.6799993279999998,90.0,89.9947,-0.0052
1.719999312,90.0,89.9948,-0.0051
1.7599992960000002,90.0,89.9948,-0.0051
1.79999928,90.0,89.9948,-0.0051
1.839999264,90.0,89.9947,-0.0052
1.8799992479999998,90.0,89.9947,-0.0052
1.919999232,90.0,89.9947,-0.0052
1.959999216,90.0,89.9946,-0.0052
1.9999991999999998,90.0,89.9946,-0.0052
2.039999184,90.0,89.9946,-0.0052
2.079999168,90.0,89.9946,-0.0053
2.1199991519999997,90.0,89.9946,-0.0053
2.159999136,90.0,89.9946,-0.0053
2.19999912,90.0,89.9945,-0.0054
2.239999104,90.0,89.9945,-0.0054
2.2799990880000003,90.0,89.9945,-0.0054
2.319999072,90.0,89.9945,-0.0054
2.359999056,90.1004,89.9945,-0.1059
2.39999904,90.1004,89.9945,-0.1059
2.439999024,90.1004,89.9945,-0.1059
2.479999008,90.1004,89.9945,-0.1059
2.5199989919999997,90.1004,89.9945,-0.1059
2.559998976,90.1004,89.9945,-0.1059
2.59999896,90.1004,89.9945,-0.1059
2.639998944,90.1004,89.9945,-0.1059
2.679998928,90.1004,89.9946,-0.1058
2.719998912,90.1004,89.9945,-0.1059
2.759998896,90.1004,89.9945,-0.1059
2.79999888,90.1004,89.9945,-0.1059
2.839998864,90.1004,89.9945,-0.1059
2.879998848,90.1004,89.9945,-0.1059
2.9199988319999997,90.1004,89.9945,-0.1059
2.9599988159999997,90.1004,89.9945,-0.1059
2.9999988,90.1004,89.9946,-0.1058
3.039998784,90.1004,89.9945,-0.1059
3.079998768,90.1004,89.9946,-0.1058
3.1199987520000003,90.1004,89.9946,-0.1058
3.159998736,90.2009,89.9946,-0.2063
3.19999872,90.2009,89.9946,-0.2062
3.239998704,90.2009,89.9947,-0.2062
3.279998688,90.2009,89.9947,-0.2062
3.319998672,90.2009,89.9947,-0.2061
3.3599986559999997,90.2009,89.9948,-0.2061
3.39999864,90.2009,89.9949,-0.206
3.439998624,90.2009,89.995,-0.2059
3.479998608,90.2009,89.995,-0.2059
3.5199985920000003,90.2009,89.9951,-0.2058
3.559998576,90.2009,89.9951,-0.2058
3.59999856,90.2009,89.9952,-0.2057
3.6399985439999996,90.2009,89.9952,-0.2057
3.679998528,90.2009,89.9952,-0.2057
3.719998512,90.2009,89.9952,-0.2057
3.7599984959999997,90.2009,89.9953,-0.2056
3.79999848,90.2009,89.9954,-0.2055
3.839998464,90.2009,89.9955,-0.2054
3.879998448,90.2009,89.9955,-0.2054
3.919998432,90.2009,89.9956,-0.2053
3.9599984160000004,90.3014,89.9956,-0.3058
3.9999983999999995,90.3014,89.9956,-0.3058
4.0399983839999996,90.3014,89.9957,-0.3057
4.079998368,90.3014,89.9958,-0.3056
4.119998352,90.3014,89.9958,-0.3056
4.159998336,90.3014,89.9959,-0.3055
4.19999832,90.3014,89.9959,-0.3055
4.239998303999999,90.3014,89.996,-0.3054
4.279998288,90.3014,89.996,-0.3054
4.319998272,90.3014,89.9961,-0.3053
4.359998256,90.3014,89.9962,-0.3052
4.39999824,90.3014,89.9963,-0.3051
4.439998224,90.3014,89.9964,-0.305
4.479998208,90.3014,89.9965,-0.3049
4.519998192,90.3014,89.9966,-0.3048
4.559998176000001,90.3014,89.9967,-0.3047
4.59999816,90.3014,89.9968,-0.3046
4.639998144,90.3014,89.9968,-0.3046
4.679998127999999,90.3014,89.9969,-0.3045
4.719998112,90.3014,89.997,-0.3044
4.759998096,90.402,89.9971,-0.4048
4.79999808,90.402,89.9972,-0.4047
4.8399980639999995,90.402,89.9973,-0.4046
4.879998048,90.402,89.9975,-0.4044
4.919998032,90.402,89.9976,-0.4043
4.959998016,90.402,89.9977,-0.4042
4.999998000000001,90.402,89.9978,-0.4041
5.039997983999999,90.402,89.998,-0.4039
5.079997968,90.402,89.9981,-0.4038
5.119997952,90.402,89.9983,-0.4036
5.159997936,90.402,89.9985,-0.4034
5.19999792,90.402,89.9986,-0.4033
5.239997904,90.402,89.9988,-0.4031
5.279997888,90.402,89.9989,-0.403
5.319997872,90.402,89.9991,-0.4028
5.359997856,90.402,89.9993,-0.4026
5.39999784,90.402,89.9995,-0.4024
5.439997824,90.402,89.9997,-0.4022
5.479997807999999,90.402,89.9998,-0.4021
5.519997792,90.402,90.0001,-0.4018
5.559997776,90.5025,90.0003,-0.5021
5.59999776,90.5025,90.0005,-0.5019
5.6399977439999995,90.5025,90.0007,-0.5017
5.679997728,90.5025,90.001,-0.5014
5.719997712,90.5025,90.0012,-0.5012
5.759997696,90.5025,90.0015,-0.5009
5.799997680000001,90.5025,90.0018,-0.5006
5.839997663999999,90.5025,90.0021,-0.5003
5.879997648,90.5025,90.0023,-0.5001
5.919997631999999,90.5025,90.0026,-0.4998
5.959997616,90.5025,90.0029,-0.4995
5.9999976,90.5025,90.0032,-0.4992
6.039997584,90.5025,90.0036,-0.4988
6.079997568,90.5025,90.0039,-0.4985
6.119997552,90.5025,90.0042,-0.4982
6.159997536,90.5025,90.0045,-0.4979
6.19999752,90.5025,90.0048,-0.4976
6.239997504000001,90.5025,90.0052,-0.4972
6.279997487999999,90.5025,90.0055,-0.4969
6.319997472,90.5025,90.0059,-0.4965
6.359997456,90.603,90.0062,-0.5967
6.39999744,90.603,90.0066,-0.5963
6.439997424,90.603,90.0069,-0.596
6.479997408,90.603,90.0073,-0.5956
6.519997392,90.603,90.0076,-0.5953
6.559997376,90.603,90.008,-0.5949
6.59999736,90.603,90.0084,-0.5945
6.639997344,90.603,90.0087,-0.5942
6.679997328,90.603,90.0092,-0.5937
6.719997311999999,90.603,90.0096,-0.5933
6.759997296,90.603,90.0101,-0.5929
6.79999728,90.603,90.0105,-0.5924
6.839997264,90.603,90.0109,-0.592
6.879997248,90.603,90.0114,-0.5915
6.919997232,90.603,90.0119,-0.591
6.959997216,90.603,90.0124,-0.5905
6.9999972,90.603,90.0129,-0.59
7.039997184000001,90.603,90.0134,-0.5895
7.079997167999999,90.603,90.014,-0.5889
7.119997152,90.603,90.0146,-0.5883
7.159997135999999,90.7035,90.0151,-0.6883
7.19999712,90.7035,90.0157,-0.6877
7.239997104,90.7035,90.0162,-0.6872
7.279997087999999,90.7035,90.0168,-0.6866
7.319997072,90.7035,90.0174,-0.686
7.359997056,90.7035,90.0179,-0.6855
7.39999704,90.7035,90.0186,-0.6848
7.439997024,90.7035,90.0192,-0.6842
7.479997008,90.7035,90.0199,-0.6835
7.519996991999999,90.7035,90.0205,-0.6829
7.559996976,90.7035,90.0212,-0.6822
7.59999696,90.7035,90.0219,-0.6815
7.639996944,90.7035,90.0225,-0.6809
7.679996928,90.7035,90.0232,-0.6802
7.719996912,90.7035,90.0239,-0.6795
7.759996896,90.7035,90.0247,-0.6787
7.79999688,90.7035,90.0255,-0.6779
7.839996864,90.7035,90.0263,-0.6771
7.879996848,90.7035,90.0271,-0.6763
7.919996832000001,90.7035,90.0279,-0.6755
7.959996816,90.804,90.0287,-0.7752
7.999996799999999,90.804,90.0295,-0.7745
8.039996784,90.804,90.0303,-0.7736
8.079996767999999,90.804,90.0311,-0.7728
8.119996751999999,90.804,90.0319,-0.772
8.159996736,90.804,90.0328,-0.7711
8.19999672,90.804,90.0337,-0.7702
8.239996704,90.804,90.0346,-0.7693
8.279996688,90.804,90.0355,-0.7684
8.319996672,90.804,90.0364,-0.7675
8.359996656,90.804,90.0373,-0.7666
8.39999664,90.804,90.0382,-0.7657
8.439996623999999,90.804,90.0392,-0.7647
8.479996607999999,90.804,90.0402,-0.7637
8.519996592,90.804,90.0411,-0.7628
8.559996576,90.804,90.0421,-0.7618
8.59999656,90.804,90.0431,-0.7608
8.639996544,90.804,90.0441,-0.7598
8.679996528,90.804,90.0452,-0.7587
8.719996512,90.804,90.0462,-0.7577
8.759996496000001,90.9045,90.0473,-0.8571
8.79999648,90.9045,90.0484,-0.856
8.839996463999999,90.9045,90.0494,-0.855
8.879996448,90.9045,90.0505,-0.8539
8.919996432,90.9045,90.0517,-0.8527
8.959996416,90.9045,90.0527,-0.8517
8.9999964,90.9045,90.0539,-0.8505
9.039996384,90.9045,90.055,-0.8494
9.079996368,90.9045,90.0562,-0.8482
9.119996352000001,90.9045,90.0574,-0.847
9.159996336,90.9045,90.0586,-0.8458
9.19999632,90.9045,90.0598,-0.8446
9.239996304,90.9045,90.061,-0.8434
9.279996288,90.9045,90.0623,-0.8421
9.319996272,90.9045,90.0635,-0.8409
9.359996255999999,90.9045,90.0648,-0.8396
9.39999624,90.9045,90.0661,-0.8383
9.439996224,90.9045,90.0674,-0.837
9.479996208,90.9045,90.0687,-0.8357
9.519996192,90.9045,90.07,-0.8344
9.559996176,91.005,90.0714,-0.9335
9.59999616,91.005,90.0728,-0.9321
9.639996144,91.005,90.0742,-0.9307
9.679996127999999,91.005,90.0756,-0.9293
9.719996111999999,91.005,90.077,-0.9279
9.759996096,91.005,90.0785,-0.9265
9.79999608,91.005,90.0799,-0.925
9.839996064,91.005,90.0814,-0.9235
9.879996048,91.005,90.0828,-0.9221
9.919996032,91.005,90.0843,-0.9206
9.959996016,91.005,90.0858,-0.9192
9.999996000000001,91.005,90.0873,-0.9177
10.039995983999999,91.005,90.0888,-0.9161
10.079995967999999,91.005,90.0903,-0.9146
10.119995952,91.005,90.0919,-0.913
10.159995936,91.005,90.0935,-0.9114
10.19999592,91.005,90.0951,-0.9098
10.239995904,91.005,90.0967,-0.9082
10.279995888,91.005,90.0982,-0.9067
10.319995872,91.005,90.0998,-0.9051
10.359995856000001,91.1055,90.1015,-1.0039
10.39999584,91.1055,90.1032,-1.0022
10.439995824,91.1055,90.1048,-1.0006
10.479995808,91.1055,90.1066,-0.9988
10.519995792,91.1055,90.1083,-0.9971
10.559995776,91.1055,90.11,-0.9954
10.599995759999999,91.1055,90.1118,-0.9936
10.639995744,91.1055,90.1135,-0.9919
10.679995728,91.1055,90.1153,-0.9901
10.719995712,91.1055,90.1171,-0.9884
10.759995696,91.1055,90.1188,-0.9866
10.79999568,91.1055,90.1207,-0.9848
10.839995664,91.1055,90.1225,-0.9829
10.879995648,91.1055,90.1243,-0.9812
10.919995632,91.1055,90.1261,-0.9793
10.959995615999999,91.1055,90.128,-0.9774
10.9999956,91.1055,90.1298,-0.9756
11.039995584,91.1055,90.1317,-0.9737
11.079995568,91.1055,90.1336,-0.9719
11.119995552,91.1055,90.1355,-0.9699
11.159995536,91.206,90.1374,-1.0685
11.19999552,91.206,90.1393,-1.0666
11.239995504000001,91.206,90.1413,-1.0646
11.279995487999999,91.206,90.1432,-1.0627
11.319995471999999,91.206,90.1452,-1.0607
11.359995456,91.206,90.1472,-1.0587
11.39999544,91.206,90.1492,-1.0567
11.439995424,91.206,90.1512,-1.0547
11.479995408,91.206,90.1532,-1.0528
11.519995392,91.206,90.1552,-1.0507
11.559995376,91.206,90.1573,-1.0487
11.599995360000001,91.206,90.1593,-1.0466
11.639995344,91.206,90.1614,-1.0445
11.679995327999999,91.206,90.1635,-1.0424
11.719995312,91.206,90.1656,-1.0403
11.759995296,91.206,90.1678,-1.0381
11.79999528,91.206,90.1699,-1.036
11.839995263999999,91.206,90.1721,-1.0338
11.879995248,91.206,90.1743,-1.0316
11.919995232,91.206,90.1765,-1.0295
11.959995216,91.3065,90.1787,-1.1278
11.9999952,91.3065,90.1808,-1.1256
12.039995184,91.3065,90.1831,-1.1234
12.079995168,91.3065,90.1853,-1.1212
12.119995152,91.3065,90.1875,-1.119
12.159995136,91.3065,90.1897,-1.1167
12.199995119999999,91.3065,90.192,-1.1145
12.239995104,91.3065,90.1942,-1.1122
12.279995088,91.3065,90.1965,-1.1099
12.319995072,91.3065,90.1988,-1.1076
12.359995056,91.3065,90.2011,-1.1053
12.39999504,91.3065,90.2035,-1.103
12.439995024,91.3065,90.2058,-1.1007
12.479995008000001,91.3065,90.2081,-1.0983
12.519994991999999,91.3065,90.2106,-1.0959
12.559994975999999,91.3065,90.2129,-1.0935
12.59999496,91.3065,90.2153,-1.0911
12.639994944,91.3065,90.2177,-1.0887
12.679994928,91.3065,90.2202,-1.0863
12.719994912,91.3065,90.2226,-1.0838
12.759994896,91.407,90.2251,-1.1818
12.79999488,91.407,90.2276,-1.1793
12.839994864000001,91.407,90.23,-1.1769
12.879994848,91.407,90.2325,-1.1744
12.919994831999999,91.407,90.235,-1.1719
12.959994816,91.407,90.2374,-1.1695
12.9999948,91.407,90.2399,-1.167
13.039994784,91.407,90.2424,-1.1645
13.079994767999999,91.407,90.2449,-1.162
13.119994752,91.407,90.2475,-1.1594
13.159994736,91.407,90.2501,-1.1568
13.19999472,91.407,90.2527,-1.1542
13.239994704,91.407,90.2553,-1.1516
13.279994688,91.407,90.2579,-1.149
13.319994671999998,91.407,90.2605,-1.1464
13.359994656,91.407,90.2631,-1.1438
13.39999464,91.407,90.2657,-1.1412
13.439994623999999,91.407,90.2684,-1.1385
13.479994608,91.407,90.2711,-1.1358
13.519994592,91.407,90.2738,-1.1331
13.559994576,91.5075,90.2765,-1.2309
13.59999456,91.5075,90.2791,-1.2283
13.639994544,91.5075,90.2819,-1.2255
13.679994528,91.5075,90.2846,-1.2229
13.719994512000001,91.5075,90.2873,-1.2201
13.759994496,91.5075,90.2901,-1.2173
13.799994479999999,91.5075,90.2929,-1.2146
13.839994464,91.5075,90.2957,-1.2118
13.879994448,91.5075,90.2985,-1.2089
13.919994432,91.5075,90.3013,-1.2061
13.959994416,91.5075,90.3042,-1.2032
13.9999944,91.5075,90.307,-1.2005
14.039994384,91.5075,90.3098,-1.1976
14.079994368000001,91.5075,90.3127,-1.1947
14.119994352,91.5075,90.3156,-1.1918
14.159994335999999,91.5075,90.3185,-1.1889
14.19999432,91.5075,90.3214,-1.186
14.239994304,91.5075,90.3243,-1.1831
14.279994288,91.5075,90.3273,-1.1801
14.319994271999999,91.5075,90.3302,-1.1772
14.359994256,91.608,90.3332,-1.2747
14.39999424,91.608,90.3362,-1.2717
14.439994224,91.608,90.3392,-1.2687
14.479994208,91.608,90.3423,-1.2657
14.519994192,91.608,90.3453,-1.2627
14.559994175999998,91.608,90.3483,-1.2597
14.59999416,91.608,90.3514,-1.2566
14.639994144,91.608,90.3544,-1.2535
14.679994127999999,91.608,90.3575,-1.2504
14.719994112,91.608,90.3606,-1.2474
14.759994096,91.608,90.3637,-1.2443
14.79999408,91.608,90.3668,-1.2411
14.839994064,91.608,90.3698,-1.2381
14.879994048,91.608,90.373,-1.235
14.919994032,91.608,90.3761,-1.2318
14.959994016,91.608,90.3792,-1.2287
14.999994,91.608,90.3824,-1.2256
15.039993983999999,91.608,90.3855,-1.2224
15.079993968,91.608,90.3886,-1.2193
15.119993952,91.608,90.3918,-1.2161
15.159993936,91.7085,90.395,-1.3135
15.19999392,91.7085,90.3982,-1.3103
15.239993904,91.7085,90.4014,-1.307
15.279993888,91.7085,90.4046,-1.3038
15.319993872000001,91.7085,90.4078,-1.3006
15.359993856,91.7085,90.4111,-1.2974
15.399993839999999,91.7085,90.4143,-1.2941
15.439993824,91.7085,90.4177,-1.2908
15.479993808,91.7085,90.4209,-1.2876
15.519993792,91.7085,90.4241,-1.2843
15.559993775999999,91.7085,90.4274,-1.281
15.59999376,91.7085,90.4306,-1.2778
15.639993743999998,91.7085,90.434,-1.2744
15.679993728,91.7085,90.4373,-1.2712
15.719993711999999,91.7085,90.4405,-1.2679
15.759993696,91.7085,90.4439,-1.2646
15.799993679999998,91.7085,90.4473,-1.2612
15.839993664000001,91.7085,90.4506,-1.2578
15.879993648,91.7085,90.454,-1.2544
15.919993632,91.7085,90.4573,-1.2511
15.959993616,91.809,90.4607,-1.3482
15.999993599999998,91.809,90.4641,-1.3448
16.039993584,91.809,90.4675,-1.3414
16.079993568,91.809,90.4709,-1.338
16.119993552,91.809,90.4744,-1.3345
16.159993535999998,91.809,90.4779,-1.3311
16.19999352,91.809,90.4814,-1.3276
16.239993503999997,91.809,90.4848,-1.3241
16.279993488000002,91.809,90.4884,-1.3206
16.319993472,91.809,90.4918,-1.3171
16.359993456,91.809,90.4953,-1.3137
16.39999344,91.809,90.4988,-1.3102
16.439993423999997,91.809,90.5022,-1.3067
16.479993408,91.809,90.5057,-1.3032
16.519993392,91.809,90.5092,-1.2997
16.559993376,91.809,90.5127,-1.2962
16.59999336,91.809,90.5162,-1.2927
16.639993344,91.809,90.5198,-1.2892
16.679993328,91.809,90.5233,-1.2856
16.719993312,91.809,90.5268,-1.2821
16.759993296,91.9095,90.5303,-1.3791
16.79999328,91.9095,90.5339,-1.3755
16.839993264,91.9095,90.5375,-1.372
16.879993247999998,91.9095,90.5411,-1.3684
16.919993232,91.9095,90.5447,-1.3648
16.959993215999997,91.9095,90.5482,-1.3612
16.999993200000002,91.9095,90.5518,-1.3576
17.039993184,91.9095,90.5555,-1.354
17.079993168,91.9095,90.5591,-1.3504
17.119993152,91.9095,90.5627,-1.3468
17.159993136,91.9095,90.5663,-1.3431
17.19999312,91.9095,90.57,-1.3395
17.239993104,91.9095,90.5736,-1.3358
17.279993088,91.9095,90.5772,-1.3322
17.319993072,91.9095,90.5808,-1.3286
17.359993056,91.9095,90.5845,-1.3249
17.39999304,91.9095,90.5881,-1.3213
17.439993024,91.9095,90.5918,-1.3177
17.479993007999997,91.9095,90.5954,-1.314
17.519992992000002,91.9095,90.5991,-1.3104
17.559992976,92.01,90.6027,-1.4072
17.59999296,92.01,90.6064,-1.4035
17.639992944,92.01,90.6101,-1.3999
17.679992927999997,92.01,90.6137,-1.3962
17.719992912,92.01,90.6174,-1.3925
17.759992896,92.01,90.6211,-1.3888
17.79999288,92.01,90.6249,-1.3851
17.839992864,92.01,90.6286,-1.3814
17.879992848,92.01,90.6323,-1.3777
17.919992832,92.01,90.636,-1.3739
17.959992816,92.01,90.6398,-1.3702
17.9999928,92.01,90.6435,-1.3664
18.039992784,92.01,90.6473,-1.3627
18.079992768,92.01,90.6511,-1.3589
18.119992751999998,92.01,90.6548,-1.3551
18.159992736,92.01,90.6586,-1.3513
18.199992719999997,92.01,90.6624,-1.3475
18.239992704000002,92.01,90.6662,-1.3437
18.279992688,92.01,90.67,-1.3399
18.319992672,92.01,90.6739,-1.3361
18.359992656,92.1105,90.6777,-1.4327
18.39999264,92.1105,90.6815,-1.4289
18.439992624,92.1105,90.6854,-1.4251
18.479992608,92.1105,90.6892,-1.4212
18.519992592,92.1105,90.6931,-1.4174
18.559992576,92.1105,90.6969,-1.4135
18.59999256,92.1105,90.7008,-1.4096
18.639992544,92.1105,90.7047,-1.4058
18.679992528,92.1105,90.7086,-1.4019
18.719992511999997,92.1105,90.7125,-1.398
18.759992496000002,92.1105,90.7164,-1.3941
18.79999248,92.1105,90.7203,-1.3901
18.839992464,92.1105,90.7243,-1.3862
18.879992448,92.1105,90.7282,-1.3823
18.919992431999997,92.1105,90.7322,-1.3783
18.959992416,92.1105,90.736,-1.3744
18.9999924,92.1105,90.74,-1.3705
19.039992384,92.1105,90.7439,-1.3666
19.079992368,92.1105,90.7478,-1.3627
19.119992352,92.1105,90.7518,-1.3587
19.159992336,92.211,90.7557,-1.4552
19.19999232,92.211,90.7596,-1.4513
19.239992304,92.211,90.7636,-1.4473
19.279992288,92.211,90.7675,-1.4434
19.319992272,92.211,90.7715,-1.4395
19.359992255999998,92.211,90.7754,-1.4355
19.39999224,92.211,90.7793,-1.4316
19.439992223999997,92.211,90.7833,-1.4276
19.479992208000002,92.211,90.7873,-1.4236
19.519992192,92.211,90.7913,-1.4196
19.559992176,92.211,90.7953,-1.4156
19.59999216,92.211,90.7993,-1.4116
19.639992144,92.211,90.8034,-1.4076
19.679992128,92.211,90.8074,-1.4035
19.719992112,92.211,90.8115,-1.3995
19.759992096,92.211,90.8155,-1.3954
19.79999208,92.211,90.8196,-1.3914
19.839992064,92.211,90.8236,-1.3874
19.879992048,92.211,90.8276,-1.3833
19.919992032,92.211,90.8317,-1.3792
19.959992015999998,92.3115,90.8358,-1.4756
19.999992000000002,92.3115,90.8399,-1.4715
20.039991984,92.3115,90.844,-1.4675
20.079991967999998,92.3115,90.848,-1.4634
20.119991952,92.3115,90.8521,-1.4593
20.159991935999997,92.3115,90.8562,-1.4553
20.19999192,92.3115,90.8602,-1.4512
20.239991904,92.3115,90.8643,-1.4471
20.279991888,92.3115,90.8684,-1.4431
20.319991872,92.3115,90.8725,-1.439
20.359991856,92.3115,90.8766,-1.4349
20.39999184,92.3115,90.8807,-1.4307
20.439991824,92.3115,90.8849,-1.4266
20.479991808,92.3115,90.889,-1.4224
20.519991792,92.3115,90.8932,-1.4183
20.559991776,92.3115,90.8973,-1.4141
20.599991759999998,92.3115,90.9015,-1.4099
20.639991744,92.3115,90.9057,-1.4058
20.679991727999997,92.3115,90.9098,-1.4016
20.719991712000002,92.3115,90.914,-1.3974
20.759991696,92.412,90.9182,-1.4937
20.79999168,92.412,90.9223,-1.4897
20.839991664,92.412,90.9265,-1.4854
20.879991648,92.412,90.9307,-1.4813
20.919991632,92.412,90.9349,-1.4771
20.959991616,92.412,90.939,-1.4729
20.9999916,92.412,90.9432,-1.4688
21.039991584,92.412,90.9474,-1.4645
21.079991568,92.412,90.9516,-1.4603
21.119991552,92.412,90.9558,-1.4561
21.159991536,92.412,90.9601,-1.4518
21.199991519999998,92.412,90.9643,-1.4477
21.239991504000002,92.412,90.9685,-1.4434
21.279991488,92.412,90.9727,-1.4392
21.319991471999998,92.412,90.977,-1.435
21.359991456,92.412,90.9812,-1.4307
21.399991439999997,92.412,90.9854,-1.4265
21.439991424,92.412,90.9896,-1.4223
21.479991408,92.412,90.9939,-1.418
21.519991392,92.412,90.9982,-1.4138
21.559991376,92.5125,91.0025,-1.51
21.59999136,92.5125,91.0067,-1.5057
21.639991344,92.5125,91.011,-1.5015
21.679991328,92.5125,91.0153,-1.4971
21.719991312,92.5125,91.0196,-1.4929
21.759991296,92.5125,91.0239,-1.4886
21.79999128,92.5125,91.0281,-1.4843
21.839991264,92.5125,91.0324,-1.4801
21.879991248,92.5125,91.0367,-1.4757
21.919991231999997,92.5125,91.0411,-1.4714
21.959991216000002,92.5125,91.0454,-1.4671
21.9999912,92.5125,91.0497,-1.4627
22.039991184,92.5125,91.054,-1.4585
22.079991168,92.5125,91.0583,-1.4542
22.119991151999997,92.5125,91.0626,-1.4498
22.159991136,92.5125,91.067,-1.4455
22.19999112,92.5125,91.0714,-1.4411
22.239991104,92.5125,91.0757,-1.4367
22.279991088,92.5125,91.0801,-1.4324
22.319991072,92.5125,91.0844,-1.4281
22.359991056,92.613,91.0887,-1.5242
22.39999104,92.613,91.0931,-1.5198
22.439991023999998,92.613,91.0975,-1.5155
22.479991008000002,92.613,91.1019,-1.5111
22.519990992,92.613,91.1063,-1.5066
22.559990975999998,92.613,91.1107,-1.5022
22.59999096,92.613,91.1151,-1.4978
22.639990943999997,92.613,91.1195,-1.4934
22.679990928,92.613,91.1239,-1.489
22.719990912,92.613,91.1284,-1.4846
22.759990896,92.613,91.1327,-1.4802
22.79999088,92.613,91.1372,-1.4758
22.839990864,92.613,91.1416,-1.4713
22.879990848,92.613,91.146,-1.4669
22.919990832,92.613,91.1504,-1.4625
22.959990816,92.613,91.1548,-1.4581
22.9999908,92.613,91.1593,-1.4537
23.039990784,92.613,91.1638,-1.4492
23.079990768,92.613,91.1682,-1.4448
23.119990752,92.613,91.1726,-1.4403
23.159990735999997,92.7135,91.1771,-1.5364
23.199990720000002,92.7135,91.1815,-1.5319
23.239990704,92.7135,91.186,-1.5275
23.279990688,92.7135,91.1905,-1.523
23.319990672,92.7135,91.1949,-1.5185
23.359990655999997,92.7135,91.1994,-1.514
23.39999064,92.7135,91.2039,-1.5096
23.439990624,92.7135,91.2083,-1.5051
23.479990608,92.7135,91.2128,-1.5006
23.519990592,92.7135,91.2173,-1.4961
23.559990576,92.7135,91.2218,-1.4916
23.59999056,92.7135,91.2263,-1.4871
23.639990544,92.7135,91.2307,-1.4827
23.679990527999998,92.7135,91.2352,-1.4782
23.719990512000003,92.7135,91.2397,-1.4737
23.759990496,92.7135,91.2442,-1.4692
23.799990479999998,92.7135,91.2487,-1.4647
23.839990464,92.7135,91.2532,-1.4603
23.879990447999997,92.7135,91.2577,-1.4557
23.919990432,92.7135,91.2622,-1.4512
23.959990416,92.814,91.2667,-1.5472
23.9999904,92.814,91.2714,-1.5426
24.039990384,92.814,91.2759,-1.5381
24.079990368,92.814,91.2804,-1.5335
24.119990352,92.814,91.285,-1.529
24.159990336,92.814,91.2895,-1.5244
24.19999032,92.814,91.2941,-1.5199
24.239990304,92.814,91.2986,-1.5154
24.279990288,92.814,91.3031,-1.5108
24.319990272,92.814,91.3077,-1.5063
24.359990256,92.814,91.3122,-1.5017
24.399990239999997,92.814,91.3168,-1.4972
24.439990224000002,92.814,91.3214,-1.4926
24.479990208,92.814,91.3259,-1.488
24.519990192,92.814,91.3305,-1.4834
24.559990176,92.814,91.3351,-1.4789
24.599990159999997,92.814,91.3396,-1.4743
24.639990144,92.814,91.3442,-1.4697
24.679990128,92.814,91.3488,-1.4652
24.719990112,92.814,91.3533,-1.4606
24.759990096,92.9145,91.3579,-1.5565
24.79999008,92.9145,91.3624,-1.552
24.839990064,92.9145,91.367,-1.5474
24.879990048,92.9145,91.3716,-1.5429
24.919990031999998,92.9145,91.3761,-1.5383
24.959990016000003,92.9145,91.3808,-1.5337
24.99999,92.9145,91.3853,-1.5292
25.039989983999998,92.9145,91.3899,-1.5245
25.079989968,92.9145,91.3945,-1.52
25.119989951999997,92.9145,91.3991,-1.5154
25.159989936,92.9145,91.4037,-1.5108
25.19998992,92.9145,91.4082,-1.5062
25.239989904,92.9145,91.4129,-1.5016
25.279989888,92.9145,91.4175,-1.497
25.319989872,92.9145,91.422,-1.4924
25.359989856,92.9145,91.4267,-1.4878
25.399989839999996,92.9145,91.4312,-1.4832
25.439989824,92.9145,91.4358,-1.4787
25.479989808,92.9145,91.4404,-1.474
25.519989792,92.9145,91.445,-1.4694
25.559989776,93.015,91.4496,-1.5653
25.59998976,93.015,91.4543,-1.5607
25.639989743999998,93.015,91.4588,-1.5561
25.679989728000002,93.015,91.4635,-1.5515
25.719989712,93.015,91.4681,-1.5469
25.759989696,93.015,91.4727,-1.5423
25.79998968,93.015,91.4773,-1.5376
25.839989663999997,93.015,91.4819,-1.5331
25.879989648,93.015,91.4865,-1.5284
25.919989632,93.015,91.4911,-1.5238
25.959989616,93.015,91.4957,-1.5193
25.9999896,93.015,91.5004,-1.5146
26.039989584,93.015,91.505,-1.51
26.079989568,93.015,91.5096,-1.5053
26.119989552,93.015,91.5143,-1.5006
26.159989535999998,93.015,91.5189,-1.496
26.199989520000003,93.015,91.5236,-1.4914
26.239989504,93.015,91.5282,-1.4867
26.279989488,93.015,91.5329,-1.4821
26.319989472,93.015,91.5375,-1.4775
26.359989455999997,93.1155,91.5422,-1.5733
26.39998944,93.1155,91.5468,-1.5686
26.439989424,93.1155,91.5515,-1.564
26.479989408,93.1155,91.5561,-1.5593
26.519989392,93.1155,91.5608,-1.5547
26.559989376,93.1155,91.5655,-1.55
26.59998936,93.1155,91.5702,-1.5453
26.639989343999996,93.1155,91.5748,-1.5406
26.679989328,93.1155,91.5795,-1.536
26.719989312,93.1155,91.5841,-1.5313
26.759989296,93.1155,91.5888,-1.5267
26.79998928,93.1155,91.5935,-1.522
26.839989264,93.1155,91.5982,-1.5172
26.879989247999998,93.1155,91.6029,-1.5126
26.919989232000002,93.1155,91.6075,-1.5079
26.959989216,93.1155,91.6123,-1.5032
26.9999892,93.1155,91.6169,-1.4986
27.039989184,93.1155,91.6216,-1.4939
27.079989167999997,93.1155,91.6263,-1.4892
27.119989152,93.1155,91.6309,-1.4845
27.159989136,93.216,91.6357,-1.5803
27.19998912,93.216,91.6403,-1.5756
27.239989104,93.216,91.645,-1.571
27.279989088,93.216,91.6497,-1.5663
27.319989072,93.216,91.6544,-1.5616
27.359989056,93.216,91.6591,-1.5568
27.399989039999998,93.216,91.6638,-1.5521
27.439989024000003,93.216,91.6686,-1.5474
27.479989008,93.216,91.6733,-1.5427
27.519988992,93.216,91.678,-1.538
27.559988976,93.216,91.6827,-1.5333
27.599988959999997,93.216,91.6875,-1.5285
27.639988944,93.216,91.6921,-1.5238
27.679988928,93.216,91.6968,-1.5191
27.719988912,93.216,91.7016,-1.5144
27.759988896,93.216,91.7063,-1.5097
27.79998888,93.216,91.7111,-1.5049
27.839988864,93.216,91.7158,-1.5001
27.879988847999996,93.216,91.7206,-1.4954
27.919988832,93.216,91.7253,-1.4906
27.959988816,93.3165,91.7301,-1.5864
27.9999888,93.3165,91.7348,-1.5817
28.039988784,93.3165,91.7395,-1.577
28.079988768,93.3165,91.7443,-1.5722
28.119988751999998,93.3165,91.749,-1.5674
28.159988736000003,93.3165,91.7537,-1.5628
28.19998872,93.3165,91.7585,-1.558
28.239988704,93.3165,91.7632,-1.5533
28.279988688,93.3165,91.7679,-1.5485
28.319988671999997,93.3165,91.7727,-1.5438
28.359988656,93.3165,91.7774,-1.539
28.39998864,93.3165,91.7822,-1.5343
28.439988624,93.3165,91.787,-1.5295
28.479988608,93.3165,91.7917,-1.5247
28.519988592,93.3165,91.7965,-1.52
28.559988576,93.3165,91.8013,-1.5152
28.59998856,93.3165,91.8061,-1.5104
28.639988543999998,93.3165,91.8108,-1.5056
28.679988528,93.3165,91.8155,-1.5009
28.719988512,93.3165,91.8203,-1.4961
28.759988496,93.417,91.8251,-1.5919
28.79998848,93.417,91.8299,-1.5871
28.839988463999997,93.417,91.8346,-1.5823
28.879988448,93.417,91.8394,-1.5775
28.919988432,93.417,91.8442,-1.5728
28.959988416,93.417,91.849,-1.568
28.9999884,93.417,91.8538,-1.5632
29.039988384,93.417,91.8586,-1.5584
29.079988368,93.417,91.8633,-1.5536
29.119988351999996,93.417,91.8681,-1.5489
29.159988336,93.417,91.8729,-1.544
29.19998832,93.417,91.8777,-1.5392
29.239988304,93.417,91.8825,-1.5345
29.279988288,93.417,91.8873,-1.5297
29.319988272,93.417,91.892,-1.5249
29.359988255999998,93.417,91.8969,-1.5201
29.399988240000003,93.417,91.9017,-1.5153
29.439988224,93.417,91.9065,-1.5105
29.479988208,93.417,91.9113,-1.5057
29.519988192,93.417,91.9161,-1.5009
29.559988175999997,93.5175,91.9208,-1.5967
29.59998816,93.5175,91.9257,-1.5918
29.639988144,93.5175,91.9305,-1.587
29.679988128,93.5175,91.9353,-1.5822
29.719988112,93.5175,91.9401,-1.5773
29.759988096,93.5175,91.9449,-1.5726
29.79998808,93.5175,91.9497,-1.5678
29.839988064,93.5175,91.9545,-1.5629
29.879988047999998,93.5175,91.9594,-1.5581
29.919988032,93.5175,91.9642,-1.5532
29.959988016,93.5175,91.969,-1.5485
29.999988,93.5175,91.9738,-1.5436
30.039987984,93.5175,91.9786,-1.5388
30.079987967999998,93.5175,91.9834,-1.534
30.119987952,93.5175,91.9883,-1.5292
30.159987936,93.5175,91.9931,-1.5244
30.19998792,93.5175,91.9979,-1.5196
30.239987904,93.5175,92.0028,-1.5147
30.279987888,93.5175,92.0076,-1.5099
30.319987872,93.5175,92.0125,-1.505
30.359987855999996,93.618,92.0173,-1.6007
30.39998784,93.618,92.0221,-1.5958
30.439987824,93.618,92.0271,-1.5909
30.479987808,93.618,92.0319,-1.5861
30.519987792,93.618,92.0367,-1.5813
30.559987776,93.618,92.0416,-1.5764
30.599987759999998,93.618,92.0464,-1.5716
30.639987744000003,93.618,92.0513,-1.5667
30.679987728,93.618,92.0561,-1.5619
30.719987712,93.618,92.061,-1.557
30.759987696,93.618,92.0658,-1.5521
30.799987679999997,93.618,92.0706,-1.5473
30.839987664,93.618,92.0755,-1.5424
30.879987648,93.618,92.0804,-1.5375
30.919987632,93.618,92.0852,-1.5327
30.959987616,93.618,92.0902,-1.5278
30.9999876,93.618,92.095,-1.523
31.039987584,93.618,92.0998,-1.5181
31.079987568,93.618,92.1047,-1.5133
31.119987551999998,93.618,92.1096,-1.5084
31.159987536,93.7185,92.1145,-1.604
31.19998752,93.7185,92.1193,-1.5991
31.239987504,93.7185,92.1242,-1.5943
31.279987487999996,93.7185,92.1292,-1.5893
31.319987472,93.7185,92.134,-1.5844
31.359987456,93.7185,92.139,-1.5795
31.39998744,93.7185,92.1439,-1.5746
31.439987423999998,93.7185,92.1487,-1.5697
31.479987408000003,93.7185,92.1536,-1.5648
31.519987392,93.7185,92.1586,-1.5599
31.559987376,93.7185,92.1634,-1.5551
31.599987359999997,93.7185,92.1683,-1.5502
31.639987343999998,93.7185,92.1731,-1.5453
31.679987328000003,93.7185,92.1781,-1.5404
31.719987312,93.7185,92.183,-1.5355
31.759987296,93.7185,92.1878,-1.5307
31.799987279999996,93.7185,92.1927,-1.5258
31.839987264,93.7185,92.1976,-1.5209
31.879987248000003,93.7185,92.2025,-1.516
31.919987232,93.7185,92.2074,-1.5111
31.959987216,93.819,92.2123,-1.6067
31.999987199999996,93.819,92.2172,-1.6018
32.039987184000005,93.819,92.2221,-1.5969
32.079987168,93.819,92.227,-1.592
32.119987152,93.819,92.232,-1.587
32.159987136,93.819,92.2369,-1.5821
32.19998712,93.819,92.2417,-1.5773
32.239987104,93.819,92.2467,-1.5723
32.279987088,93.819,92.2516,-1.5674
32.319987071999996,93.819,92.2565,-1.5625
32.359987055999994,93.819,92.2613,-1.5577
32.39998704,93.819,92.2662,-1.5528
32.439987024,93.819,92.2712,-1.5478
32.479987007999995,93.819,92.2761,-1.5429
32.519986992,93.819,92.281,-1.538
32.559986976000005,93.819,92.2859,-1.5331
32.59998696,93.819,92.2907,-1.5282
32.639986944,93.819,92.2957,-1.5233
32.679986928,93.819,92.3006,-1.5184
32.719986912,93.819,92.3054,-1.5136
32.759986896,93.9195,92.3104,-1.6091
32.79998688,93.9195,92.3153,-1.6042
32.839986864,93.9195,92.3202,-1.5993
32.879986847999994,93.9195,92.3252,-1.5943
32.919986832,93.9195,92.3301,-1.5894
32.959986816,93.9195,92.335,-1.5845
32.9999868,93.9195,92.3399,-1.5796
33.039986784,93.9195,92.3448,-1.5747
33.079986768000005,93.9195,92.3497,-1.5698
33.119986752,93.9195,92.3546,-1.5649
33.159986736,93.9195,92.3595,-1.56
33.19998672,93.9195,92.3644,-1.5551
33.239986703999996,93.9195,92.3693,-1.5502
33.279986688,93.9195,92.3742,-1.5453
33.319986672,93.9195,92.3791,-1.5404
33.359986656,93.9195,92.3841,-1.5354
33.399986639999995,93.9195,92.389,-1.5305
33.439986624,93.9195,92.3938,-1.5257
33.479986608000004,93.9195,92.3987,-1.5207
33.519986592,93.9195,92.4036,-1.5159
33.559986576,94.02,92.4085,-1.6115
33.59998656,94.02,92.4134,-1.6066
33.639986544,94.02,92.4183,-1.6017
33.679986528,94.02,92.4232,-1.5968
33.719986512,94.02,92.4281,-1.5918
33.759986495999996,94.02,92.433,-1.587
33.79998648,94.02,92.4379,-1.5821
33.839986464,94.02,92.4428,-1.5771
33.879986448,94.02,92.4478,-1.5722
33.919986431999995,94.02,92.4528,-1.5672
33.959986416,94.02,92.4577,-1.5623
33.999986400000004,94.02,92.4627,-1.5573
34.039986384,94.02,92.4676,-1.5524
34.079986368,94.02,92.4725,-1.5475
34.119986352,94.02,92.4774,-1.5426
34.159986336,94.02,92.4823,-1.5377
34.19998632,94.02,92.4872,-1.5328
34.239986304,94.02,92.4922,-1.5278
34.279986287999996,94.02,92.497,-1.5229
34.319986272,94.02,92.502,-1.518
34.359986256,94.1205,92.5069,-1.6136
34.39998624,94.1205,92.5119,-1.6086
34.439986223999995,94.1205,92.5168,-1.6037
34.479986208,94.1205,92.5217,-1.5988
34.519986192000005,94.1205,92.5267,-1.5938
34.559986176,94.1205,92.5316,-1.5889
34.59998616,94.1205,92.5365,-1.5839
34.639986144,94.1205,92.5415,-1.579
34.679986128,94.1205,92.5464,-1.5741
34.719986112,94.1205,92.5513,-1.5692
34.759986096,94.1205,92.5563,-1.5642
34.79998608,94.1205,92.5612,-1.5593
34.839986063999994,94.1205,92.5661,-1.5544
34.879986048,94.1205,92.5711,-1.5494
34.919986032,94.1205,92.576,-1.5445
34.959986015999995,94.1205,92.581,-1.5395
34.999986,94.1205,92.5859,-1.5346
35.039985984000005,94.1205,92.5909,-1.5296
35.079985968,94.1205,92.5959,-1.5246
35.119985952,94.1205,92.6008,-1.5197
35.159985936,94.221,92.6058,-1.6152
35.19998592,94.221,92.6108,-1.6102
35.239985904,94.221,92.6157,-1.6053
35.279985888,94.221,92.6207,-1.6003
35.319985872,94.221,92.6256,-1.5954
35.359985855999994,94.221,92.6306,-1.5904
35.39998584,94.221,92.6356,-1.5854
35.439985824,94.221,92.6406,-1.5804
35.479985808,94.221,92.6455,-1.5755
35.519985792,94.221,92.6505,-1.5705
35.559985776000005,94.221,92.6554,-1.5656
35.59998576,94.221,92.6604,-1.5606
35.639985744,94.221,92.6653,-1.5557
35.679985728,94.221,92.6703,-1.5507
35.719985711999996,94.221,92.6753,-1.5457
35.759985696,94.221,92.6803,-1.5407
35.79998568,94.221,92.6853,-1.5357
35.839985664,94.221,92.6902,-1.5307
35.879985647999995,94.221,92.6952,-1.5258
35.919985632,94.221,92.7002,-1.5208
35.959985616,94.3215,92.7052,-1.6163
35.9999856,94.3215,92.7101,-1.6114
36.039985584,94.3215,92.715,-1.6065
36.079985568,94.3215,92.72,-1.6016
36.119985552,94.3215,92.7249,-1.5966
36.159985536,94.3215,92.7299,-1.5916
36.19998552,94.3215,92.7349,-1.5866
36.239985503999996,94.3215,92.7399,-1.5816
36.279985488,94.3215,92.7448,-1.5767
36.319985472,94.3215,92.7498,-1.5717
36.359985456,94.3215,92.7548,-1.5667
36.399985439999995,94.3215,92.7598,-1.5617
36.439985424,94.3215,92.7648,-1.5567
36.479985408000005,94.3215,92.7698,-1.5517
36.519985392,94.3215,92.7748,-1.5467
36.559985376,94.3215,92.7798,-1.5417
36.59998536,94.3215,92.7848,-1.5367
36.639985344,94.3215,92.7898,-1.5317
36.679985328,94.3215,92.7948,-1.5267
36.719985312,94.3215,92.7998,-1.5217
36.759985295999996,94.422,92.8048,-1.6172
36.79998528,94.422,92.8098,-1.6122
36.839985264,94.422,92.8148,-1.6072
36.879985248,94.422,92.8198,-1.6022
36.919985231999995,94.422,92.8247,-1.5973
36.959985216,94.422,92.8298,-1.5922
36.999985200000005,94.422,92.8347,-1.5873
37.039985184,94.422,92.8397,-1.5823
37.079985168,94.422,92.8447,-1.5773
37.119985152,94.422,92.8497,-1.5723
37.159985136,94.422,92.8546,-1.5674
37.19998512,94.422,92.8596,-1.5624
37.239985104,94.422,92.8646,-1.5574
37.279985088,94.422,92.8696,-1.5524
37.319985071999994,94.422,92.8746,-1.5474
37.359985056,94.422,92.8795,-1.5425
37.39998504,94.422,92.8845,-1.5375
37.439985023999995,94.422,92.8895,-1.5325
37.479985008,94.422,92.8945,-1.5275
37.519984992000005,94.422,92.8995,-1.5225
37.559984976,94.5225,92.9045,-1.618
37.59998496,94.5225,92.9094,-1.6131
37.639984944,94.5225,92.9144,-1.6081
37.679984928,94.5225,92.9194,-1.6031
37.719984912,94.5225,92.9244,-1.5981
37.759984896,94.5225,92.9293,-1.5932
37.79998488,94.5225,92.9343,-1.5882
37.839984863999995,94.5225,92.9393,-1.5832
37.879984848,94.5225,92.9443,-1.5782
37.919984832,94.5225,92.9493,-1.5732
37.959984816,94.5225,92.9543,-1.5682
37.9999848,94.5225,92.9593,-1.5632
38.039984784000005,94.5225,92.9643,-1.5582
38.079984768,94.5225,92.9693,-1.5532
38.119984752,94.5225,92.9743,-1.5482
38.159984736,94.5225,92.9793,-1.5432
38.199984719999996,94.5225,92.9843,-1.5382
38.239984704,94.5225,92.9893,-1.5332
38.279984688,94.5225,92.9942,-1.5283
38.319984672,94.5225,92.9993,-1.5232
38.359984655999995,94.6231,93.0043,-1.6187
38.39998464,94.6231,93.0092,-1.6138
38.439984624000004,94.6231,93.0143,-1.6087
38.479984608,94.6231,93.0192,-1.6038
38.519984592,94.6231,93.0242,-1.5988
38.559984576,94.6231,93.0292,-1.5938
38.59998456,94.6231,93.0342,-1.5888
38.639984544,94.6231,93.0392,-1.5838
38.679984528,94.6231,93.0443,-1.5787
38.719984511999996,94.6231,93.0493,-1.5737
38.759984496,94.6231,93.0544,-1.5686
38.79998448,94.6231,93.0594,-1.5636
38.839984464,94.6231,93.0644,-1.5586
38.879984447999995,94.6231,93.0695,-1.5535
38.91998443199999,94.6231,93.0744,-1.5486
38.959984416000005,94.6231,93.0794,-1.5436
38.9999844,94.6231,93.0845,-1.5385
39.039984384,94.6231,93.0895,-1.5335
39.079984368,94.6231,93.0945,-1.5285
39.119984352,94.6231,93.0996,-1.5234
39.159984336,94.7236,93.1046,-1.6189
39.19998432,94.7236,93.1097,-1.6138
39.239984304,94.7236,93.1147,-1.6088
39.279984288,94.7236,93.1197,-1.6038
39.319984272,94.7236,93.1247,-1.5988
39.359984256,94.7236,93.1297,-1.5938
39.399984239999995,94.7236,93.1348,-1.5888
39.439984224,94.7236,93.1398,-1.5837
39.479984208000005,94.7236,93.1448,-1.5787
39.519984192,94.7236,93.1499,-1.5736
39.559984176,94.7236,93.1549,-1.5686
39.59998416,94.7236,93.16,-1.5636
39.639984144,94.7236,93.165,-1.5585
39.679984128,94.7236,93.17,-1.5535
39.719984112,94.7236,93.175,-1.5485
39.759984096,94.7236,93.1801,-1.5434
39.799984079999994,94.7236,93.1852,-1.5383
39.839984064,94.7236,93.1902,-1.5333
39.879984048,94.7236,93.1953,-1.5282
39.919984031999995,94.7236,93.2004,-1.5231
39.959984016,94.8241,93.2054,-1.6186
39.999984000000005,94.8241,93.2105,-1.6135
40.039983984,94.8241,93.2156,-1.6084
40.079983968,94.8241,93.2207,-1.6034
40.119983952,94.8241,93.2257,-1.5983
40.159983935999996,94.8241,93.2307,-1.5933
40.19998392,94.8241,93.2358,-1.5882
40.239983904,94.8241,93.2409,-1.5831
40.279983888,94.8241,93.2459,-1.5781
40.319983871999995,94.8241,93.251,-1.573
40.359983856,94.8241,93.2561,-1.568
40.39998384,94.8241,93.2611,-1.5629
40.439983824,94.8241,93.2661,-1.5579
40.479983808,94.8241,93.2712,-1.5528
40.519983792000005,94.8241,93.2763,-1.5477
40.559983776,94.8241,93.2814,-1.5426
40.59998376,94.8241,93.2865,-1.5376
40.639983744,94.8241,93.2915,-1.5325
40.679983727999996,94.8241,93.2966,-1.5275
40.719983712,94.8241,93.3016,-1.5224
40.759983696,94.9246,93.3067,-1.6178
40.79998368,94.9246,93.3117,-1.6128
40.839983663999995,94.9246,93.3168,-1.6077
40.879983648,94.9246,93.3218,-1.6027
40.919983632,94.9246,93.3269,-1.5976
40.959983616,94.9246,93.3319,-1.5926
40.9999836,94.9246,93.3369,-1.5876
41.039983584,94.9246,93.3419,-1.5826
41.079983568,94.9246,93.3469,-1.5776
41.119983552,94.9246,93.352,-1.5725
41.159983536,94.9246,93.357,-1.5675
41.199983519999996,94.9246,93.3621,-1.5624
41.239983504,94.9246,93.3672,-1.5574
41.279983488,94.9246,93.3722,-1.5523
41.319983472,94.9246,93.3772,-1.5473
41.359983455999995,94.9246,93.3823,-1.5423
41.39998343999999,94.9246,93.3873,-1.5372
41.439983424000005,94.9246,93.3924,-1.5321
41.479983408,94.9246,93.3975,-1.527
41.519983392,94.9246,93.4025,-1.522
41.559983376,95.0251,93.4076,-1.6174
41.59998336,95.0251,93.4127,-1.6124
41.639983344,95.0251,93.4177,-1.6073
41.679983328,95.0251,93.4228,-1.6022
41.719983312,95.0251,93.4278,-1.5972
41.759983296,95.0251,93.4328,-1.5922
41.79998328,95.0251,93.4379,-1.5871
41.839983264,95.0251,93.4429,-1.5821
41.879983247999995,95.0251,93.4479,-1.5771
41.919983232,95.0251,93.453,-1.572
41.959983216000005,95.0251,93.458,-1.567
41.9999832,95.0251,93.4631,-1.562
42.039983184,95.0251,93.4681,-1.557
42.079983168,95.0251,93.4731,-1.5519
42.119983152,95.0251,93.4782,-1.5468
42.159983136,95.0251,93.4832,-1.5418
42.19998312,95.0251,93.4883,-1.5367
42.239983104,95.0251,93.4934,-1.5316
42.279983087999994,95.0251,93.4984,-1.5266
42.319983072,95.0251,93.5035,-1.5215
42.359983056,95.1256,93.5086,-1.617
42.399983039999995,95.1256,93.5136,-1.6119
42.439983024,95.1256,93.5187,-1.6068
42.479983008000005,95.1256,93.5238,-1.6017
42.519982992,95.1256,93.5289,-1.5966
42.559982976,95.1256,93.534,-1.5915
42.59998296,95.1256,93.539,-1.5865
42.639982943999996,95.1256,93.5441,-1.5814
42.679982928,95.1256,93.5492,-1.5763
42.719982912,95.1256,93.5543,-1.5712
42.759982896,95.1256,93.5593,-1.5662
42.799982879999995,95.1256,93.5644,-1.5611
42.839982864,95.1256,93.5695,-1.556
42.879982848,95.1256,93.5745,-1.551
42.919982832,95.1256,93.5797,-1.5459
42.959982816,95.1256,93.5847,-1.5408
42.999982800000005,95.1256,93.5898,-1.5358
43.039982784,95.1256,93.5948,-1.5308
43.079982768,95.1256,93.5998,-1.5257
43.119982752,95.1256,93.6049,-1.5207
43.159982735999996,95.2261,93.6099,-1.6161
43.19998272,95.2261,93.615,-1.6111
43.239982704,95.2261,93.62,-1.606
43.279982688,95.2261,93.625,-1.601
43.319982671999995,95.2261,93.6302,-1.5959
43.359982656,95.2261,93.6352,-1.5908
43.399982640000005,95.2261,93.6402,-1.5858
43.439982624,95.2261,93.6453,-1.5807
43.479982608,95.2261,93.6504,-1.5756
43.519982592,95.2261,93.6555,-1.5705
43.559982576,95.2261,93.6605,-1.5655
43.59998256,95.2261,93.6656,-1.5604
43.639982544,95.2261,93.6707,-1.5553
43.679982528,95.2261,93.6757,-1.5503
43.719982512,95.2261,93.6807,-1.5453
43.759982496,95.2261,93.6858,-1.5402
43.79998248,95.2261,93.6908,-1.5352
43.839982463999995,95.2261,93.6959,-1.5301
43.87998244799999,95.2261,93.701,-1.5251
43.919982432000005,95.2261,93.706,-1.52
43.959982416,95.3266,93.7111,-1.6154
43.9999824,95.3266,93.7162,-1.6104
44.039982384,95.3266,93.7212,-1.6053
44.079982368,95.3266,93.7264,-1.6001
44.119982352,95.3266,93.7314,-1.5951
44.159982336,95.3266,93.7366,-1.59
44.19998232,95.3266,93.7416,-1.5849
44.239982303999994,95.3266,93.7467,-1.5798
44.279982288,95.3266,93.7518,-1.5747
44.319982272,95.3266,93.7568,-1.5697
44.359982255999995,95.3266,93.7619,-1.5646
44.39998224,95.3266,93.7671,-1.5595
44.439982224000005,95.3266,93.7721,-1.5545
44.479982208,95.3266,93.7772,-1.5494
44.519982192,95.3266,93.7823,-1.5443
44.559982176,95.3266,93.7873,-1.5392
44.59998216,95.3266,93.7924,-1.5341
44.639982144,95.3266,93.7974,-1.5291
44.679982128,95.3266,93.8025,-1.5241
44.719982112,95.3266,93.8075,-1.519
44.759982095999995,95.4271,93.8126,-1.6144
44.79998208,95.4271,93.8177,-1.6093
44.839982064,95.4271,93.8227,-1.6043
44.879982047999995,95.4271,93.8277,-1.5993
44.919982032,95.4271,93.8328,-1.5942
44.959982016000005,95.4271,93.8379,-1.5891
44.999982,95.4271,93.843,-1.5841
45.039981984,95.4271,93.848,-1.579
45.079981968,95.4271,93.8531,-1.5739
45.119981951999996,95.4271,93.8582,-1.5688
45.159981936,95.4271,93.8632,-1.5638
45.19998192,95.4271,93.8683,-1.5587
45.239981904,95.4271,93.8735,-1.5535
45.279981887999995,95.4271,93.8785,-1.5485
45.319981872,95.4271,93.8836,-1.5434
45.359981856,95.4271,93.8887,-1.5383
45.39998184,95.4271,93.8938,-1.5333
45.439981824,95.4271,93.8989,-1.5282
45.479981808,95.4271,93.9039,-1.5231
45.519981792,95.4271,93.909,-1.5181
45.559981776,95.5276,93.914,-1.6135
45.59998176,95.5276,93.9191,-1.6085
45.639981743999996,95.5276,93.9241,-1.6034
45.679981728,95.5276,93.9292,-1.5983
45.719981712,95.5276,93.9343,-1.5933
45.759981696,95.5276,93.9394,-1.5881
45.799981679999995,95.5276,93.9444,-1.5831
45.839981664,95.5276,93.9495,-1.578
45.879981648,95.5276,93.9546,-1.5729
45.919981632,95.5276,93.9596,-1.5679
45.959981616,95.5276,93.9647,-1.5628
45.9999816,95.5276,93.9698,-1.5577
46.039981584,95.5276,93.9748,-1.5527
46.079981568,95.5276,93.98,-1.5476
46.119981552,95.5276,93.985,-1.5425
46.159981536,95.5276,93.9901,-1.5375
46.19998152,95.5276,93.9951,-1.5324
46.239981504,95.5276,94.0002,-1.5273
46.279981488,95.5276,94.0054,-1.5222
46.319981471999995,95.5276,94.0104,-1.5171
46.35998145599999,95.6281,94.0155,-1.6125
46.399981440000005,95.6281,94.0206,-1.6074
46.439981424,95.6281,94.0256,-1.6024
46.479981408,95.6281,94.0307,-1.5973
46.519981392,95.6281,94.0358,-1.5922
46.559981376,95.6281,94.0408,-1.5872
46.59998136,95.6281,94.0459,-1.5821
46.639981344,95.6281,94.051,-1.5771
46.679981328,95.6281,94.0561,-1.572
46.719981311999994,95.6281,94.0611,-1.567
46.759981296,95.6281,94.0662,-1.5619
46.79998128,95.6281,94.0713,-1.5568
46.839981263999995,95.6281,94.0763,-1.5517
46.879981248,95.6281,94.0814,-1.5466
46.919981232000005,95.6281,94.0865,-1.5416
46.959981216,95.6281,94.0915,-1.5365
46.9999812,95.6281,94.0966,-1.5314
47.039981184,95.6281,94.1017,-1.5263
47.079981168,95.6281,94.1068,-1.5212
47.119981152,95.6281,94.1119,-1.5161
47.159981136,95.7286,94.117,-1.6116
47.19998112,95.7286,94.1221,-1.6065
47.239981103999995,95.7286,94.1272,-1.6014
47.279981088,95.7286,94.1321,-1.5964
47.319981072,95.7286,94.1373,-1.5913
47.359981055999995,95.7286,94.1423,-1.5862
47.39998104,95.7286,94.1474,-1.5811
47.439981024000005,95.7286,94.1525,-1.576
47.479981008,95.7286,94.1576,-1.5709
47.519980992,95.7286,94.1627,-1.5658
47.559980976,95.7286,94.1678,-1.5608
47.599980959999996,95.7286,94.1728,-1.5557
47.639980944,95.7286,94.178,-1.5505
47.679980928,95.7286,94.1831,-1.5455
47.719980912,95.7286,94.1882,-1.5404
47.759980895999995,95.7286,94.1933,-1.5352
47.79998088,95.7286,94.1984,-1.5301
47.839980864,95.7286,94.2035,-1.525
47.879980848,95.7286,94.2087,-1.5199
47.919980832,95.7286,94.2137,-1.5148
47.959980816,95.8291,94.2188,-1.6102
47.9999808,95.8291,94.2239,-1.6051
48.039980784,95.8291,94.229,-1.6
48.079980768,95.8291,94.2342,-1.5948
48.119980752,95.8291,94.2392,-1.5898
48.159980736,95.8291,94.2444,-1.5846
48.19998072,95.8291,94.2495,-1.5796
48.239980704,95.8291,94.2545,-1.5745
48.279980687999995,95.8291,94.2597,-1.5694
48.319980672,95.8291,94.2647,-1.5643
48.359980656000005,95.8291,94.2699,-1.5592
48.39998064,95.8291,94.275,-1.5541
48.439980624,95.8291,94.28,-1.549
48.479980608,95.8291,94.2851,-1.5439
48.519980592,95.8291,94.2902,-1.5388
48.559980576,95.8291,94.2953,-1.5337
48.59998056,95.8291,94.3004,-1.5286
48.639980544,95.8291,94.3054,-1.5236
48.679980528,95.8291,94.3105,-1.5185
48.719980512,95.8291,94.3156,-1.5134
48.759980496,95.9296,94.3207,-1.6088
48.799980479999995,95.9296,94.3258,-1.6037
48.83998046399999,95.9296,94.3309,-1.5987
48.879980448000005,95.9296,94.336,-1.5936
48.919980432,95.9296,94.341,-1.5885
48.959980416,95.9296,94.3461,-1.5834
48.9999804,95.9296,94.3512,-1.5783
49.039980384,95.9296,94.3563,-1.5732
49.079980368,95.9296,94.3613,-1.5682
49.119980352,95.9296,94.3664,-1.5631
49.159980336,95.9296,94.3715,-1.558
49.199980319999995,95.9296,94.3766,-1.553
49.239980304,95.9296,94.3817,-1.5479
49.279980288,95.9296,94.3867,-1.5428
49.319980271999995,95.9296,94.3918,-1.5377
49.359980256,95.9296,94.3969,-1.5326
49.399980240000005,95.9296,94.402,-1.5275
49.439980224,95.9296,94.4071,-1.5224
49.479980208,95.9296,94.4122,-1.5174
49.519980192,95.9296,94.4173,-1.5123
49.559980176,96.0301,94.4224,-1.6077
49.59998016,96.0301,94.4274,-1.6026
49.639980144,96.0301,94.4325,-1.5975
49.679980128,96.0301,94.4376,-1.5924
49.719980111999995,96.0301,94.4427,-1.5873
49.759980096,96.0301,94.4478,-1.5822
49.79998008,96.0301,94.4529,-1.5771
49.839980063999995,96.0301,94.458,-1.572
49.879980048,96.0301,94.4631,-1.5669
49.919980032000005,96.0301,94.4682,-1.5618
49.959980016,96.0301,94.4733,-1.5568
49.99998,96.0301,94.4783,-1.5517
50.039979984,96.0301,94.4834,-1.5466
50.079979967999996,96.0301,94.4885,-1.5415
50.119979952,96.0301,94.4936,-1.5364
50.159979936,96.0301,94.4987,-1.5313
50.19997992,96.0301,94.5038,-1.5262
50.239979903999995,96.0301,94.5089,-1.5212
50.279979888,96.0301,94.5139,-1.5161
50.319979872,96.0301,94.519,-1.511
50.359979856,96.1306,94.5241,-1.6064
50.39997984,96.1306,94.5292,-1.6013
50.439979824,96.1306,94.5343,-1.5962
50.479979808,96.1306,94.5395,-1.5911
50.519979792,96.1306,94.5445,-1.586
50.559979776,96.1306,94.5497,-1.5809
50.59997976,96.1306,94.5547,-1.5758
50.639979744,96.1306,94.5598,-1.5707
50.679979728,96.1306,94.5649,-1.5656
50.719979712,96.1306,94.5701,-1.5605
50.759979695999995,96.1306,94.5752,-1.5553
50.79997967999999,96.1306,94.5803,-1.5502
50.839979664,96.1306,94.5854,-1.5451
50.879979648,96.1306,94.5906,-1.54
50.919979632,96.1306,94.5957,-1.5348
50.959979616,96.1306,94.6008,-1.5297
50.9999796,96.1306,94.606,-1.5246
51.039979584,96.1306,94.6111,-1.5194
51.079979568,96.1306,94.6162,-1.5144
51.119979552,96.1306,94.6213,-1.5092
51.159979536,96.2311,94.6264,-1.6046
51.19997952,96.2311,94.6315,-1.5995
51.239979504,96.2311,94.6367,-1.5944
51.279979487999995,96.2311,94.6417,-1.5893
51.31997947199999,96.2311,94.6469,-1.5842
51.359979456000005,96.2311,94.652,-1.579
51.39997944,96.2311,94.6571,-1.5739
51.439979424,96.2311,94.6623,-1.5688
51.479979408,96.2311,94.6674,-1.5636
51.519979392,96.2311,94.6725,-1.5585
51.559979376,96.2311,94.6777,-1.5534
51.59997936,96.2311,94.6828,-1.5483
51.639979344,96.2311,94.6879,-1.5431
51.679979327999995,96.2311,94.693,-1.538
51.719979312,96.2311,94.6982,-1.5329
51.759979296,96.2311,94.7033,-1.5277
51.799979279999995,96.2311,94.7084,-1.5226
51.839979264,96.2311,94.7135,-1.5175
51.879979248000005,96.2311,94.7187,-1.5123
51.919979232,96.2311,94.7238,-1.5073
51.959979216,96.3316,94.7289,-1.6026
51.9999792,96.3316,94.734,-1.5975
52.039979183999996,96.3316,94.7391,-1.5924
52.079979168,96.3316,94.7443,-1.5873
52.119979152,96.3316,94.7494,-1.5822
52.159979136,96.3316,94.7545,-1.5771
52.199979119999995,96.3316,94.7596,-1.5719
52.239979104,96.3316,94.7647,-1.5668
52.279979088,96.3316,94.7699,-1.5617
52.319979071999995,96.3316,94.775,-1.5565
52.359979056,96.3316,94.7801,-1.5514
52.399979040000005,96.3316,94.7853,-1.5463
52.439979024,96.3316,94.7904,-1.5411
52.479979008,96.3316,94.7955,-1.536
52.519978992,96.3316,94.8006,-1.531
52.559978976,96.3316,94.8057,-1.5259
52.59997896,96.3316,94.8108,-1.5207
52.639978944,96.3316,94.8159,-1.5156
52.679978928,96.3316,94.821,-1.5105
52.719978911999995,96.3316,94.8261,-1.5054
52.759978896,96.4321,94.8312,-1.6008
52.79997888,96.4321,94.8364,-1.5957
52.839978864,96.4321,94.8415,-1.5905
52.879978848,96.4321,94.8466,-1.5854
52.919978832,96.4321,94.8518,-1.5803
52.959978816,96.4321,94.8569,-1.5752
52.9999788,96.4321,94.862,-1.5701
53.039978784,96.4321,94.8671,-1.565
53.079978768,96.4321,94.8722,-1.5599
53.119978752,96.4321,94.8773,-1.5548
53.159978736,96.4321,94.8824,-1.5496
53.19997872,96.4321,94.8875,-1.5445
53.239978703999995,96.4321,94.8927,-1.5393
53.27997868799999,96.4321,94.8978,-1.5342
53.319978672000005,96.4321,94.9029,-1.5292
53.359978656,96.4321,94.908,-1.5241
53.39997864,96.4321,94.9131,-1.519
53.439978624,96.4321,94.9182,-1.5139
53.479978608,96.4321,94.9233,-1.5087
53.519978592,96.4321,94.9283,-1.5037
53.559978576,96.5326,94.9335,-1.5991
53.59997856,96.5326,94.9386,-1.594
53.639978544,96.5326,94.9436,-1.5889
53.679978528,96.5326,94.9488,-1.5838
53.719978512,96.5326,94.9538,-1.5787
53.759978495999995,96.5326,94.9589,-1.5737
53.79997847999999,96.5326,94.964,-1.5686
53.839978464000005,96.5326,94.9691,-1.5635
53.879978448,96.5326,94.9742,-1.5583
53.919978432,96.5326,94.9793,-1.5533
53.959978416,96.5326,94.9843,-1.5483
53.9999784,96.5326,94.9893,-1.5432
54.039978384,96.5326,94.9944,-1.5382
54.079978368,96.5326,94.9995,-1.5331
54.119978352,96.5326,95.0045,-1.528
54.159978335999995,96.5326,95.0096,-1.523
54.19997832,96.5326,95.0146,-1.5179
54.239978304,96.5326,95.0197,-1.5129
54.279978287999995,96.5326,95.0248,-1.5078
54.319978272,96.5326,95.0298,-1.5027
54.359978256000005,96.6331,95.0349,-1.5982
54.39997824,96.6331,95.04,-1.5931
54.439978224,96.6331,95.045,-1.588
54.479978208,96.6331,95.0501,-1.583
54.519978191999996,96.6331,95.0552,-1.5779
54.559978176,96.6331,95.0602,-1.5728
54.59997816,96.6331,95.0653,-1.5677
54.639978144,96.6331,95.0704,-1.5626
54.679978127999995,96.6331,95.0755,-1.5576
54.719978112,96.6331,95.0805,-1.5525
54.759978096,96.6331,95.0856,-1.5474
54.799978079999995,96.6331,95.0907,-1.5424
54.839978064,96.6331,95.0958,-1.5373
54.879978048000005,96.6331,95.1008,-1.5323
54.919978032,96.6331,95.1059,-1.5272
54.959978016,96.6331,95.1109,-1.5221
54.999978,96.6331,95.116,-1.517
55.039977984,96.6331,95.1211,-1.512
55.079977968,96.6331,95.1261,-1.5069
55.119977952,96.6331,95.1312,-1.5018
55.159977936,96.7336,95.1363,-1.5972
55.199977919999995,96.7336,95.1414,-1.5922
55.239977904,96.7336,95.1464,-1.5871
55.279977888,96.7336,95.1515,-1.5821
55.319977872,96.7336,95.1565,-1.5771
55.359977856,96.7336,95.1616,-1.572
55.39997784,96.7336,95.1666,-1.5669
55.439977824,96.7336,95.1717,-1.5619
55.479977808,96.7336,95.1768,-1.5568
55.519977792,96.7336,95.1818,-1.5518
55.559977776,96.7336,95.1869,-1.5467
55.59997776,96.7336,95.1919,-1.5416
55.639977744,96.7336,95.197,-1.5366
55.679977728,96.7336,95.202,-1.5316
55.719977711999995,96.7336,95.2071,-1.5265
55.75997769599999,96.7336,95.2121,-1.5214
55.79997768,96.7336,95.2172,-1.5164
55.839977664,96.7336,95.2223,-1.5113
55.879977648,96.7336,95.2273,-1.5062
55.919977632,96.7336,95.2324,-1.5012
55.959977616,96.8341,95.2374,-1.5967
55.9999776,96.8341,95.2424,-1.5916
56.039977584,96.8341,95.2475,-1.5866
56.079977568,96.8341,95.2525,-1.5815
56.119977551999995,96.8341,95.2576,-1.5764
56.159977536,96.8341,95.2627,-1.5714
56.19997752,96.8341,95.2677,-1.5663
56.239977503999995,96.8341,95.2728,-1.5612
56.27997748799999,96.8341,95.2779,-1.5562
56.319977472000005,96.8341,95.283,-1.5511
56.359977456,96.8341,95.2881,-1.546
56.39997744,96.8341,95.2931,-1.541
56.439977424,96.8341,95.2982,-1.5359
56.479977408,96.8341,95.3032,-1.5308
56.519977392,96.8341,95.3084,-1.5257
56.559977376,96.8341,95.3134,-1.5206
56.59997736,96.8341,95.3185,-1.5156
56.639977343999995,96.8341,95.3236,-1.5105
56.679977328,96.8341,95.3286,-1.5054
56.719977312,96.8341,95.3337,-1.5003
56.759977295999995,96.9346,95.3389,-1.5957
56.79997728,96.9346,95.3439,-1.5906
56.839977264000005,96.9346,95.349,-1.5855
56.879977248,96.9346,95.3541,-1.5804
56.919977232,96.9346,95.3592,-1.5753
56.959977216,96.9346,95.3644,-1.5702
56.9999772,96.9346,95.3694,-1.5652
57.039977184,96.9346,95.3745,-1.5601
57.079977168,96.9346,95.3796,-1.555
57.119977152,96.9346,95.3847,-1.5499
57.159977135999995,96.9346,95.3898,-1.5448
57.19997712,96.9346,95.3949,-1.5397
57.239977104,96.9346,95.4,-1.5346
57.279977087999995,96.9346,95.4051,-1.5294
57.319977072,96.9346,95.4102,-1.5244
57.359977056,96.9346,95.4153,-1.5193
57.39997704,96.9346,95.4203,-1.5142
57.439977024,96.9346,95.4254,-1.5092
57.479977008,96.9346,95.4304,-1.5041
57.519976992,96.9346,95.4355,-1.499
57.559976976,97.0351,95.4406,-1.5944
57.59997696,97.0351,95.4457,-1.5893
57.639976944,97.0351,95.4509,-1.5842
57.679976927999995,97.0351,95.456,-1.5791
57.719976912,97.0351,95.4611,-1.574
57.759976896,97.0351,95.4661,-1.569
57.79997688,97.0351,95.4712,-1.5638
57.839976864,97.0351,95.4762,-1.5588
57.879976848,97.0351,95.4813,-1.5538
57.919976832,97.0351,95.4864,-1.5487
57.959976816,97.0351,95.4915,-1.5436
57.9999768,97.0351,95.4966,-1.5385
58.039976784,97.0351,95.5016,-1.5334
58.079976768,97.0351,95.5067,-1.5283
58.119976752,97.0351,95.5118,-1.5232
58.159976736,97.0351,95.5169,-1.5182
58.199976719999995,97.0351,95.522,-1.513
58.23997670399999,97.0351,95.5271,-1.508
58.279976688000005,97.0351,95.5322,-1.5029
58.319976672,97.0351,95.5374,-1.4977
58.359976656,97.1356,95.5424,-1.5932
58.39997664,97.1356,95.5475,-1.5881
58.439976624,97.1356,95.5527,-1.5829
58.479976608,97.1356,95.5577,-1.5778
58.519976592,97.1356,95.5629,-1.5727
58.559976576,97.1356,95.568,-1.5676
58.599976559999995,97.1356,95.573,-1.5626
58.639976544,97.1356,95.5781,-1.5575
58.679976528,97.1356,95.5832,-1.5524
58.719976511999995,97.1356,95.5882,-1.5473
58.75997649599999,97.1356,95.5933,-1.5422
58.799976480000005,97.1356,95.5984,-1.5372
58.839976464,97.1356,95.6036,-1.532
58.879976448,97.1356,95.6087,-1.5269
58.919976432,97.1356,95.6138,-1.5218
58.959976416,97.1356,95.6189,-1.5167
58.9999764,97.1356,95.624,-1.5116
59.039976384,97.1356,95.6291,-1.5065
59.079976368,97.1356,95.6342,-1.5014
59.119976351999995,97.1356,95.6393,-1.4962
59.159976336,97.2361,95.6445,-1.5916
59.19997632,97.2361,95.6496,-1.5865
59.239976303999995,97.2361,95.6547,-1.5814
59.279976288,97.2361,95.6598,-1.5763
59.319976272000005,97.2361,95.6648,-1.5712
59.359976256,97.2361,95.67,-1.5661
59.39997624,97.2361,95.6751,-1.561
59.439976224,97.2361,95.6802,-1.5559
59.479976208,97.2361,95.6853,-1.5508
59.519976192,97.2361,95.6903,-1.5458
59.559976176,97.2361,95.6954,-1.5407
59.59997616,97.2361,95.7005,-1.5356
59.639976143999995,97.2361,95.7056,-1.5304
59.679976128,97.2361,95.7108,-1.5253
59.719976112,97.2361,95.7159,-1.5202
59.759976095999995,97.2361,95.721,-1.5151
59.79997608,97.2361,95.7261,-1.5099
59.839976064,97.2361,95.7312,-1.5048
59.879976048,97.2361,95.7364,-1.4997
59.919976032,97.2361,95.7414,-1.4947
59.959976016,97.3366,95.7464,-1.5901
59.999976,97.3366,95.7516,-1.585
60.039975984,97.3366,95.7566,-1.5799
60.079975968,97.3366,95.7617,-1.5748
60.119975952,97.3366,95.7669,-1.5697
60.159975935999995,97.3366,95.7719,-1.5647
60.19997592,97.3366,95.7771,-1.5595
60.239975904,97.3366,95.7822,-1.5544
60.279975888,97.3366,95.7873,-1.5493
60.319975872,97.3366,95.7924,-1.5442
60.359975856,97.3366,95.7975,-1.539
60.39997584,97.3366,95.8026,-1.534
60.439975824,97.3366,95.8077,-1.5289
60.479975808,97.3366,95.8127,-1.5238
60.519975792,97.3366,95.8179,-1.5187
60.559975776,97.3366,95.823,-1.5136
60.59997576,97.3366,95.8281,-1.5085
60.639975744,97.3366,95.8332,-1.5034
60.679975727999995,97.3366,95.8383,-1.4983
60.71997571199999,97.3366,95.8434,-1.4932
60.759975696,97.4371,95.8485,-1.5885
60.79997568,97.4371,95.8536,-1.5835
60.839975664,97.4371,95.8586,-1.5784
60.879975648,97.4371,95.8637,-1.5733
60.919975632,97.4371,95.8688,-1.5683
60.959975616,97.4371,95.8739,-1.5632
60.9999756,97.4371,95.879,-1.5581
61.039975584,97.4371,95.8841,-1.553
61.079975567999995,97.4371,95.8892,-1.5479
61.119975552,97.4371,95.8942,-1.5428
61.159975536,97.4371,95.8994,-1.5377
61.199975519999995,97.4371,95.9044,-1.5326
61.23997550399999,97.4371,95.9095,-1.5275
61.279975488000005,97.4371,95.9147,-1.5224
61.319975472,97.4371,95.9197,-1.5174
61.359975456,97.4371,95.9248,-1.5122
61.39997544,97.4371,95.9299,-1.5072
61.439975424,97.4371,95.935,-1.5021
61.479975408,97.4371,95.9401,-1.497
61.519975392,97.4371,95.9451,-1.4919
61.559975376,97.5376,95.9503,-1.5873
61.599975359999995,97.5376,95.9554,-1.5822
61.639975344,97.5376,95.9604,-1.5772
61.679975328,97.5376,95.9656,-1.572
61.719975311999995,97.5376,95.9707,-1.5669
61.759975296,97.5376,95.9757,-1.5618
61.799975280000005,97.5376,95.9809,-1.5567
61.839975264,97.5376,95.986,-1.5516
61.879975248,97.5376,95.9912,-1.5464
61.919975232,97.5376,95.9963,-1.5413
61.959975216,97.5376,96.0014,-1.5362
61.9999752,97.5376,96.0065,-1.531
62.039975184,97.5376,96.0116,-1.526
62.079975168,97.5376,96.0166,-1.5209
62.119975151999995,97.5376,96.0218,-1.5158
62.159975136,97.5376,96.0268,-1.5107
62.19997512,97.5376,96.0319,-1.5057
62.239975103999996,97.5376,96.037,-1.5006
62.279975088,97.5376,96.0421,-1.4955
62.319975072,97.5376,96.0472,-1.4904
62.359975056,97.6381,96.0522,-1.5858
62.39997504,97.6381,96.0573,-1.5807
62.439975024,97.6381,96.0625,-1.5756
62.479975008,97.6381,96.0676,-1.5705
62.519974992,97.6381,96.0727,-1.5654
62.55997497599999,97.6381,96.0777,-1.5604
62.59997496,97.6381,96.0828,-1.5553
62.639974944,97.6381,96.0879,-1.5501
62.67997492799999,97.6381,96.093,-1.5451
62.719974912,97.6381,96.0982,-1.5399
62.759974895999996,97.6381,96.1033,-1.5348
62.79997488,97.6381,96.1084,-1.5297
62.839974864000006,97.6381,96.1135,-1.5246
62.879974847999996,97.6381,96.1186,-1.5195
62.919974832,97.6381,96.1237,-1.5144
62.959974816000006,97.6381,96.1288,-1.5093
62.9999748,97.6381,96.1339,-1.5042
63.039974784,97.6381,96.139,-1.4991
63.07997476799999,97.6381,96.1441,-1.4939
63.119974752,97.6381,96.1493,-1.4888
63.159974736,97.7386,96.1544,-1.5842
63.19997471999999,97.7386,96.1595,-1.5791
63.239974704000005,97.7386,96.1646,-1.574
63.279974687999996,97.7386,96.1698,-1.5688
63.319974672,97.7386,96.1748,-1.5637
63.359974656000006,97.7386,96.18,-1.5586
63.399974639999996,97.7386,96.1851,-1.5535
63.439974624,97.7386,96.1902,-1.5484
63.479974608000006,97.7386,96.1953,-1.5432
63.519974592,97.7386,96.2004,-1.5382
63.559974576,97.7386,96.2055,-1.5331
63.59997455999999,97.7386,96.2106,-1.528
63.639974544,97.7386,96.2157,-1.5229
63.679974528,97.7386,96.2208,-1.5177
63.71997451199999,97.7386,96.2259,-1.5127
63.759974496000005,97.7386,96.2311,-1.5075
63.799974479999996,97.7386,96.2362,-1.5024
63.839974464,97.7386,96.2413,-1.4973
63.879974448000006,97.7386,96.2464,-1.4921
63.919974432,97.7386,96.2515,-1.487
63.959974416,97.8391,96.2566,-1.5825
63.99997439999999,97.8391,96.2618,-1.5773
64.039974384,97.8391,96.2669,-1.5722
64.07997436800001,97.8391,96.272,-1.5671
64.119974352,97.8391,96.2772,-1.5619
64.159974336,97.8391,96.2823,-1.5568
64.19997432000001,97.8391,96.2875,-1.5516
64.239974304,97.8391,96.2926,-1.5465
64.279974288,97.8391,96.2977,-1.5414
64.319974272,97.8391,96.3029,-1.5362
64.359974256,97.8391,96.308,-1.5311
64.39997424,97.8391,96.3131,-1.526
64.439974224,97.8391,96.3183,-1.5208
64.479974208,97.8391,96.3233,-1.5157
64.51997419199999,97.8391,96.3285,-1.5106
64.559974176,97.8391,96.3336,-1.5055
64.59997416,97.8391,96.3387,-1.5004
64.63997414399999,97.8391,96.3438,-1.4953
64.679974128,97.8391,96.3489,-1.4902
64.71997411199999,97.8391,96.354,-1.4851
64.759974096,97.9396,96.3591,-1.5805
64.79997408,97.9396,96.3642,-1.5754
64.83997406399999,97.9396,96.3693,-1.5702
64.879974048,97.9396,96.3745,-1.5651
64.919974032,97.9396,96.3795,-1.56
64.95997401599999,97.9396,96.3847,-1.5549
64.99997400000001,97.9396,96.3898,-1.5498
65.039973984,97.9396,96.3949,-1.5447
65.079973968,97.9396,96.4001,-1.5395
65.11997395200001,97.9396,96.4051,-1.5345
65.159973936,97.9396,96.4102,-1.5293
65.19997392,97.9396,96.4153,-1.5243
65.239973904,97.9396,96.4204,-1.5192
65.279973888,97.9396,96.4256,-1.514
65.319973872,97.9396,96.4308,-1.5088
65.359973856,97.9396,96.4359,-1.5037
65.39997384,97.9396,96.4411,-1.4985
65.439973824,97.9396,96.4461,-1.4935
65.479973808,97.9396,96.4512,-1.4883
65.519973792,97.9396,96.4564,-1.4832
65.55997377599999,98.0401,96.4615,-1.5786
65.59997376,98.0401,96.4666,-1.5735
65.639973744,98.0401,96.4718,-1.5683
65.679973728,98.0401,96.4769,-1.5632
65.719973712,98.0401,96.482,-1.5581
65.75997369599999,98.0401,96.4871,-1.553
65.79997368,98.0401,96.4922,-1.5479
65.839973664,98.0401,96.4973,-1.5427
65.87997364799999,98.0401,96.5025,-1.5376
65.919973632,98.0401,96.5076,-1.5325
65.959973616,98.0401,96.5127,-1.5274
65.9999736,98.0401,96.5178,-1.5223
66.03997358400001,98.0401,96.5229,-1.5172
66.079973568,98.0401,96.528,-1.5121
66.119973552,98.0401,96.5331,-1.507
66.15997353600001,98.0401,96.5382,-1.5019
66.19997352,98.0401,96.5433,-1.4968
66.239973504,98.0401,96.5484,-1.4917
66.279973488,98.0401,96.5535,-1.4866
66.319973472,98.0401,96.5586,-1.4814
66.359973456,98.1406,96.5638,-1.5768
66.39997344,98.1406,96.5689,-1.5717
66.439973424,98.1406,96.574,-1.5666
66.47997340799999,98.1406,96.5791,-1.5615
66.519973392,98.1406,96.5841,-1.5564
66.559973376,98.1406,96.5893,-1.5513
66.59997335999999,98.1406,96.5944,-1.5462
66.639973344,98.1406,96.5995,-1.5411
66.679973328,98.1406,96.6046,-1.536
66.719973312,98.1406,96.6097,-1.5309
66.759973296,98.1406,96.6148,-1.5258
66.79997327999999,98.1406,96.62,-1.5206
66.839973264,98.1406,96.6251,-1.5155
66.879973248,98.1406,96.6302,-1.5103
66.91997323199999,98.1406,96.6354,-1.5052
66.95997321600001,98.1406,96.6405,-1.5001
66.9999732,98.1406,96.6456,-1.495
67.039973184,98.1406,96.6507,-1.4899
67.07997316800001,98.1406,96.6558,-1.4848
67.119973152,98.1406,96.6609,-1.4796
67.159973136,98.2411,96.6661,-1.575
67.19997312,98.2411,96.6711,-1.5699
67.239973104,98.2411,96.6763,-1.5648
67.279973088,98.2411,96.6814,-1.5597
67.319973072,98.2411,96.6865,-1.5546
67.359973056,98.2411,96.6916,-1.5495
67.39997304,98.2411,96.6967,-1.5444
67.439973024,98.2411,96.7018,-1.5393
67.479973008,98.2411,96.707,-1.5341
67.51997299199999,98.2411,96.7121,-1.529
67.559972976,98.2411,96.7172,-1.5239
67.59997296,98.2411,96.7223,-1.5188
67.639972944,98.2411,96.7274,-1.5137
67.679972928,98.2411,96.7325,-1.5086
67.71997291199999,98.2411,96.7377,-1.5034
67.759972896,98.2411,96.7428,-1.4983
67.79997288,98.2411,96.7479,-1.4931
67.83997286399999,98.2411,96.7531,-1.488
67.879972848,98.2411,96.7582,-1.4829
67.919972832,98.2411,96.7633,-1.4778
67.959972816,98.3416,96.7684,-1.5732
67.99997280000001,98.3416,96.7735,-1.5681
68.039972784,98.3416,96.7787,-1.5629
68.079972768,98.3416,96.7838,-1.5578
68.11997275200001,98.3416,96.7889,-1.5527
68.159972736,98.3416,96.7941,-1.5475
68.19997272,98.3416,96.7992,-1.5424
68.239972704,98.3416,96.8043,-1.5373
68.279972688,98.3416,96.8094,-1.5322
68.319972672,98.3416,96.8145,-1.5271
68.359972656,98.3416,96.8197,-1.5219
68.39997264,98.3416,96.8248,-1.5168
68.43997262399999,98.3416,96.8299,-1.5117
68.479972608,98.3416,96.835,-1.5066
68.519972592,98.3416,96.8401,-1.5015
68.55997257599999,98.3416,96.8453,-1.4963
68.59997256,98.3416,96.8504,-1.4912
68.639972544,98.3416,96.8556,-1.486
68.679972528,98.3416,96.8607,-1.4808
68.719972512,98.3416,96.8659,-1.4757
68.75997249599999,98.4421,96.871,-1.5711
68.79997248,98.4421,96.8761,-1.566
68.839972464,98.4421,96.8812,-1.5609
68.87997244799999,98.4421,96.8863,-1.5558
68.919972432,98.4421,96.8914,-1.5507
68.959972416,98.4421,96.8966,-1.5455
68.9999724,98.4421,96.9017,-1.5404
69.03997238400001,98.4421,96.9067,-1.5354
69.079972368,98.4421,96.9119,-1.5302
69.119972352,98.4421,96.917,-1.5251
69.15997233600001,98.4421,96.9221,-1.52
69.19997232,98.4421,96.9273,-1.5148
69.239972304,98.4421,96.9324,-1.5097
69.279972288,98.4421,96.9375,-1.5046
69.319972272,98.4421,96.9426,-1.4995
69.359972256,98.4421,96.9478,-1.4943
69.39997224,98.4421,96.9529,-1.4892
69.439972224,98.4421,96.958,-1.4841
69.47997220799999,98.4421,96.9631,-1.479
69.519972192,98.4421,96.9682,-1.4739
69.559972176,98.5427,96.9733,-1.5693
69.59997216,98.5427,96.9784,-1.5642
69.639972144,98.5427,96.9836,-1.559
69.67997212799999,98.5427,96.9887,-1.5539
69.719972112,98.5427,96.9939,-1.5487
69.759972096,98.5427,96.999,-1.5437
69.79997207999999,98.5427,97.0041,-1.5385
69.839972064,98.5427,97.0092,-1.5334
69.879972048,98.5427,97.0143,-1.5283
69.91997203199999,98.5427,97.0195,-1.5231
69.95997201600001,98.5427,97.0246,-1.518
69.999972,98.5427,97.0297,-1.5129
70.039971984,98.5427,97.0348,-1.5078
70.07997196800001,98.5427,97.0399,-1.5027
70.119971952,98.5427,97.045,-1.4976
70.159971936,98.5427,97.0502,-1.4924
70.19997192,98.5427,97.0553,-1.4873
70.239971904,98.5427,97.0604,-1.4822
70.279971888,98.5427,97.0655,-1.4771
70.319971872,98.5427,97.0706,-1.472
70.359971856,98.6432,97.0758,-1.5673
70.39997184,98.6432,97.0809,-1.5622
70.439971824,98.6432,97.086,-1.5571
70.479971808,98.6432,97.0911,-1.552
70.51997179199999,98.6432,97.0963,-1.5468
70.559971776,98.6432,97.1015,-1.5416
70.59997176,98.6432,97.1066,-1.5366
70.639971744,98.6432,97.1117,-1.5314
70.679971728,98.6432,97.1168,-1.5263
70.71997171199999,98.6432,97.1218,-1.5213
70.759971696,98.6432,97.1269,-1.5162
70.79997168,98.6432,97.132,-1.5111
70.83997166399999,98.6432,97.1372,-1.5059
70.879971648,98.6432,97.1423,-1.5008
70.919971632,98.6432,97.1474,-1.4957
70.959971616,98.6432,97.1525,-1.4906
70.99997160000001,98.6432,97.1576,-1.4855
71.039971584,98.6432,97.1627,-1.4804
71.079971568,98.6432,97.1679,-1.4752
71.11997155200001,98.6432,97.173,-1.4701
71.159971536,98.7437,97.1781,-1.5655
71.19997152,98.7437,97.1832,-1.5604
71.239971504,98.7437,97.1883,-1.5553
71.279971488,98.7437,97.1935,-1.5501
71.319971472,98.7437,97.1986,-1.545
71.359971456,98.7437,97.2037,-1.5399
71.39997144,98.7437,97.2088,-1.5348
71.43997142399999,98.7437,97.2139,-1.5298
71.479971408,98.7437,97.219,-1.5246
71.519971392,98.7437,97.2241,-1.5195
71.559971376,98.7437,97.2292,-1.5144
71.59997136,98.7437,97.2343,-1.5093
71.639971344,98.7437,97.2395,-1.5042
71.679971328,98.7437,97.2446,-1.499
71.719971312,98.7437,97.2497,-1.4939
71.75997129599999,98.7437,97.2548,-1.4888
71.79997128,98.7437,97.2599,-1.4837
71.839971264,98.7437,97.265,-1.4786
71.87997124799999,98.7437,97.2701,-1.4735
71.919971232,98.7437,97.2752,-1.4684
71.959971216,98.8442,97.2803,-1.5638
71.9999712,98.8442,97.2854,-1.5587
72.03997118400001,98.8442,97.2905,-1.5536
72.079971168,98.8442,97.2956,-1.5485
72.119971152,98.8442,97.3007,-1.5434
72.159971136,98.8442,97.3058,-1.5383
72.19997112,98.8442,97.3109,-1.5332
72.239971104,98.8442,97.3161,-1.528
72.279971088,98.8442,97.3211,-1.523
72.319971072,98.8442,97.3262,-1.5179
72.359971056,98.8442,97.3313,-1.5128
72.39997104,98.8442,97.3364,-1.5077
72.439971024,98.8442,97.3415,-1.5026
72.47997100799999,98.8442,97.3466,-1.4975
72.519970992,98.8442,97.3517,-1.4924
72.559970976,98.8442,97.3568,-1.4873
72.59997096,98.8442,97.3619,-1.4822
72.639970944,98.8442,97.367,-1.4771
72.67997092799999,98.8442,97.3721,-1.472
72.719970912,98.8442,97.3772,-1.4669
72.759970896,98.9447,97.3823,-1.5623
72.79997087999999,98.9447,97.3873,-1.5573
72.839970864,98.9447,97.3924,-1.5522
72.879970848,98.9447,97.3975,-1.5471
72.919970832,98.9447,97.4025,-1.5421
72.95997081600001,98.9447,97.4077,-1.5369
72.9999708,98.9447,97.4127,-1.5319
73.039970784,98.9447,97.4178,-1.5268
73.07997076800001,98.9447,97.4229,-1.5217
73.119970752,98.9447,97.428,-1.5166
73.159970736,98.9447,97.4331,-1.5115
73.19997072,98.9447,97.4382,-1.5065
73.239970704,98.9447,97.4432,-1.5014
73.279970688,98.9447,97.4483,-1.4963
73.319970672,98.9447,97.4533,-1.4913
73.359970656,98.9447,97.4583,-1.4863
73.39997063999999,98.9447,97.4634,-1.4812
73.439970624,98.9447,97.4684,-1.4762
73.479970608,98.9447,97.4735,-1.4711
73.51997059199999,98.9447,97.4786,-1.466
73.559970576,99.0452,97.4836,-1.5615
73.59997056,99.0452,97.4887,-1.5564
73.639970544,99.0452,97.4937,-1.5514
73.679970528,99.0452,97.4988,-1.5463
73.71997051199999,99.0452,97.5039,-1.5413
73.759970496,99.0452,97.5089,-1.5362
73.79997048,99.0452,97.514,-1.5311
73.83997046399999,99.0452,97.519,-1.5261
73.879970448,99.0452,97.5241,-1.521
73.919970432,99.0452,97.5292,-1.5159
73.959970416,99.0452,97.5343,-1.5108
73.99997040000001,99.0452,97.5394,-1.5057
74.039970384,99.0452,97.5444,-1.5007
74.079970368,99.0452,97.5495,-1.4956
74.11997035200001,99.0452,97.5546,-1.4905
74.159970336,99.0452,97.5596,-1.4855
74.19997032,99.0452,97.5647,-1.4804
74.239970304,99.0452,97.5698,-1.4753
74.279970288,99.0452,97.5748,-1.4703
74.319970272,99.0452,97.5799,-1.4652
74.359970256,99.1457,97.5849,-1.5607
74.39997024,99.1457,97.59,-1.5556
74.43997022399999,99.1457,97.5951,-1.5505
74.479970208,99.1457,97.6001,-1.5455
74.519970192,99.1457,97.6052,-1.5404
74.559970176,99.1457,97.6102,-1.5354
74.59997016,99.1457,97.6153,-1.5303
74.63997014399999,99.1457,97.6205,-1.5251
74.679970128,99.1457,97.6255,-1.5201
74.719970112,99.1457,97.6306,-1.515
74.75997009599999,99.1457,97.6357,-1.5099
74.79997008,99.1457,97.6408,-1.5048
74.839970064,99.1457,97.6459,-1.4997
74.87997004799999,99.1457,97.6509,-1.4947
74.91997003200001,99.1457,97.656,-1.4896
74.959970016,99.1457,97.6611,-1.4845
74.99997,99.1457,97.6661,-1.4795
75.03996998400001,99.1457,97.6712,-1.4744
75.079969968,99.1457,97.6763,-1.4693
75.119969952,99.1457,97.6814,-1.4643
75.159969936,99.2462,97.6864,-1.5597
75.19996992,99.2462,97.6915,-1.5546
75.239969904,99.2462,97.6966,-1.5495
75.279969888,99.2462,97.7017,-1.5444
75.319969872,99.2462,97.7068,-1.5393
75.359969856,99.2462,97.7119,-1.5342
75.39996984,99.2462,97.717,-1.5291
75.439969824,99.2462,97.7221,-1.5241
75.47996980799999,99.2462,97.7272,-1.5189
75.519969792,99.2462,97.7323,-1.5138
75.559969776,99.2462,97.7373,-1.5088
75.59996976,99.2462,97.7425,-1.5037
75.639969744,99.2462,97.7476,-1.4986
75.67996972799999,99.2462,97.7526,-1.4935
75.719969712,99.2462,97.7577,-1.4884
75.759969696,99.2462,97.7627,-1.4834
75.79996967999999,99.2462,97.7678,-1.4783
75.839969664,99.2462,97.7729,-1.4732
75.879969648,99.2462,97.778,-1.4681
75.919969632,99.2462,97.7831,-1.463
75.95996961600001,99.3467,97.7881,-1.5585
75.9999696,99.3467,97.7932,-1.5534
76.039969584,99.3467,97.7983,-1.5483
76.07996956800001,99.3467,97.8034,-1.5432
76.119969552,99.3467,97.8085,-1.5382
76.159969536,99.3467,97.8135,-1.5331
76.19996952,99.3467,97.8186,-1.528
76.239969504,99.3467,97.8237,-1.5229
76.279969488,99.3467,97.8287,-1.5179
76.319969472,99.3467,97.8338,-1.5128
76.359969456,99.3467,97.8389,-1.5077
76.39996943999999,99.3467,97.844,-1.5026
76.439969424,99.3467,97.8491,-1.4975
76.479969408,99.3467,97.8542,-1.4924
76.519969392,99.3467,97.8593,-1.4873
76.559969376,99.3467,97.8645,-1.4822
76.59996935999999,99.3467,97.8696,-1.477
76.639969344,99.3467,97.8748,-1.4719
76.679969328,99.3467,97.8798,-1.4668
76.71996931199999,99.3467,97.8849,-1.4617
76.759969296,99.4472,97.89,-1.5571
76.79996928,99.4472,97.8951,-1.5521
76.83996926399999,99.4472,97.9002,-1.5469
76.87996924800001,99.4472,97.9053,-1.5419
76.919969232,99.4472,97.9104,-1.5368
76.959969216,99.4472,97.9154,-1.5317
76.99996920000001,99.4472,97.9205,-1.5266
77.039969184,99.4472,97.9256,-1.5216
77.079969168,99.4472,97.9306,-1.5165
77.119969152,99.4472,97.9357,-1.5114
77.159969136,99.4472,97.9408,-1.5064
77.19996912,99.4472,97.9459,-1.5013
77.239969104,99.4472,97.951,-1.4961
77.279969088,99.4472,97.9561,-1.491
77.319969072,99.4472,97.9611,-1.486
77.359969056,99.4472,97.9662,-1.4809
77.39996904,99.4472,97.9713,-1.4758
77.43996902399999,99.4472,97.9764,-1.4708
77.479969008,99.4472,97.9815,-1.4656
77.519968992,99.4472,97.9865,-1.4606
77.559968976,99.5477,97.9917,-1.556
77.59996896,99.5477,97.9967,-1.5509
77.63996894399999,99.5477,98.0018,-1.5458
77.679968928,99.5477,98.0069,-1.5407
77.719968912,99.5477,98.012,-1.5357
77.75996889599999,99.5477,98.017,-1.5306
77.79996888,99.5477,98.0221,-1.5255
77.83996886399999,99.5477,98.0271,-1.5205
77.879968848,99.5477,98.0323,-1.5154
77.91996883200001,99.5477,98.0373,-1.5103
77.959968816,99.5477,98.0424,-1.5052
77.9999688,99.5477,98.0474,-1.5002
78.03996878400001,99.5477,98.0525,-1.4951
78.079968768,99.5477,98.0576,-1.49
78.119968752,99.5477,98.0626,-1.485
78.159968736,99.5477,98.0677,-1.4799
78.19996872,99.5477,98.0728,-1.4749
78.239968704,99.5477,98.0778,-1.4698
78.279968688,99.5477,98.0829,-1.4647
78.319968672,99.5477,98.0879,-1.4597
78.35996865599999,99.6482,98.093,-1.5552
78.39996864,99.6482,98.0981,-1.5501
78.439968624,99.6482,98.1031,-1.545
78.479968608,99.6482,98.1082,-1.54
78.519968592,99.6482,98.1132,-1.5349
78.559968576,99.6482,98.1183,-1.5299
78.59996856,99.6482,98.1233,-1.5248
78.639968544,99.6482,98.1283,-1.5198
78.67996852799999,99.6482,98.1334,-1.5148
78.719968512,99.6482,98.1384,-1.5097
78.759968496,99.6482,98.1435,-1.5046
78.79996847999999,99.6482,98.1485,-1.4996
78.839968464,99.6482,98.1536,-1.4945
78.879968448,99.6482,98.1586,-1.4895
78.919968432,99.6482,98.1637,-1.4844
78.95996841600001,99.6482,98.1687,-1.4794
78.9999684,99.6482,98.1738,-1.4743
79.039968384,99.6482,98.1789,-1.4693
79.079968368,99.6482,98.1839,-1.4642
79.119968352,99.6482,98.1889,-1.4592
79.159968336,99.7487,98.1941,-1.5546
79.19996832,99.7487,98.1991,-1.5495
79.239968304,99.7487,98.2042,-1.5444
79.279968288,99.7487,98.2092,-1.5394
79.319968272,99.7487,98.2143,-1.5343
79.359968256,99.7487,98.2194,-1.5293
79.39996823999999,99.7487,98.2244,-1.5242
79.439968224,99.7487,98.2295,-1.5192
79.479968208,99.7487,98.2346,-1.5141
79.519968192,99.7487,98.2396,-1.509
79.559968176,99.7487,98.2446,-1.504
79.59996815999999,99.7487,98.2497,-1.499
79.639968144,99.7487,98.2547,-1.4939
79.679968128,99.7487,98.2598,-1.4888
79.71996811199999,99.7487,98.2648,-1.4838
79.759968096,99.7487,98.2699,-1.4788
79.79996808,99.7487,98.275,-1.4737
79.83996806399999,99.7487,98.2799,-1.4687
79.87996804800001,99.7487,98.285,-1.4636
79.919968032,99.7487,98.29,-1.4586
79.959968016,99.8492,98.2951,-1.5541
79.99996800000001,99.8492,98.3002,-1.5489
80.039967984,99.8492,98.3052,-1.544
80.079967968,99.8492,98.3103,-1.5389
80.119967952,99.8492,98.3153,-1.5339
80.159967936,99.8492,98.3203,-1.5288
80.19996792,99.8492,98.3254,-1.5237
80.239967904,99.8492,98.3304,-1.5187
80.279967888,99.8492,98.3355,-1.5137
80.31996787199999,99.8492,98.3405,-1.5086
80.359967856,99.8492,98.3456,-1.5036
80.39996784,99.8492,98.3506,-1.4985
80.439967824,99.8492,98.3557,-1.4935
80.479967808,99.8492,98.3607,-1.4885
80.519967792,99.8492,98.3657,-1.4834
80.559967776,99.8492,98.3708,-1.4784
80.59996776,99.8492,98.3758,-1.4733
80.63996774399999,99.8492,98.3808,-1.4683
80.679967728,99.8492,98.3858,-1.4633
80.719967712,99.8492,98.3909,-1.4583
80.75996769599999,99.9497,98.3959,-1.5538
80.79996768,99.9497,98.4009,-1.5488
80.839967664,99.9497,98.4059,-1.5437
80.879967648,99.9497,98.4109,-1.5387
80.91996763200001,99.9497,98.4159,-1.5337
80.959967616,99.9497,98.4209,-1.5287
80.9999676,99.9497,98.4259,-1.5237
81.03996758400001,99.9497,98.431,-1.5187
81.079967568,99.9497,98.4359,-1.5137
81.119967552,99.9497,98.441,-1.5087
81.159967536,99.9497,98.4459,-1.5037
81.19996752,99.9497,98.4509,-1.4987
81.239967504,99.9497,98.456,-1.4937
81.279967488,99.9497,98.4609,-1.4887
81.319967472,99.9497,98.466,-1.4837
81.35996745599999,99.9497,98.471,-1.4786
81.39996744,99.9497,98.476,-1.4737
81.439967424,99.9497,98.481,-1.4686
81.479967408,99.9497,98.486,-1.4636
81.519967392,99.9497,98.4911,-1.4586
81.55996737599999,100.0502,98.4961,-1.5541
81.59996736,100.0502,98.5011,-1.5491
81.639967344,100.0502,98.5061,-1.5441
81.67996732799999,100.0502,98.5111,-1.539
81.719967312,100.0502,98.5161,-1.534
81.759967296,100.0502,98.5211,-1.529
81.79996727999999,100.0502,98.5262,-1.524
81.839967264,100.0502,98.5312,-1.519
81.879967248,100.0502,98.5362,-1.5139
81.919967232,100.0502,98.5412,-1.5089
81.95996721600001,100.0502,98.5462,-1.5039
81.9999672,100.0502,98.5512,-1.4989
82.039967184,100.0502,98.5562,-1.4939
82.079967168,100.0502,98.5613,-1.4888
82.119967152,100.0502,98.5663,-1.4838
82.159967136,100.0502,98.5713,-1.4788
82.19996712,100.0502,98.5764,-1.4738
82.239967104,100.0502,98.5814,-1.4688
82.279967088,100.0502,98.5864,-1.4638
82.319967072,100.0502,98.5914,-1.4587
82.359967056,100.1507,98.5964,-1.5543
82.39996703999999,100.1507,98.6014,-1.5492
82.439967024,100.1507,98.6064,-1.5442
82.479967008,100.1507,98.6115,-1.5392
82.519966992,100.1507,98.6165,-1.5342
82.559966976,100.1507,98.6215,-1.5292
82.59996695999999,100.1507,98.6265,-1.5241
82.639966944,100.1507,98.6315,-1.5191
82.679966928,100.1507,98.6365,-1.5142
82.71996691199999,100.1507,98.6415,-1.5091
82.759966896,100.1507,98.6465,-1.5041
82.79996687999999,100.1507,98.6515,-1.4991
82.839966864,100.1507,98.6565,-1.4941
82.87996684800001,100.1507,98.6615,-1.4891
82.919966832,100.1507,98.6666,-1.4841
82.959966816,100.1507,98.6716,-1.4791
82.99996680000001,100.1507,98.6766,-1.4741
83.039966784,100.1507,98.6816,-1.469
83.079966768,100.1507,98.6866,-1.4641
83.119966752,100.1507,98.6916,-1.459
83.159966736,100.2512,98.6967,-1.5545
83.19996672,100.2512,98.7017,-1.5495
83.239966704,100.2512,98.7067,-1.5444
83.279966688,100.2512,98.7118,-1.5394
83.31996667199999,100.2512,98.7168,-1.5343
83.359966656,100.2512,98.7219,-1.5293
83.39996664,100.2512,98.7269,-1.5243
83.439966624,100.2512,98.7319,-1.5192
83.479966608,100.2512,98.737,-1.5142
83.519966592,100.2512,98.742,-1.5091
83.559966576,100.2512,98.7471,-1.5041
83.59996656,100.2512,98.752,-1.4991
83.63996654399999,100.2512,98.757,-1.4941
83.679966528,100.2512,98.7621,-1.489
83.719966512,100.2512,98.7671,-1.484
83.75996649599999,100.2512,98.7722,-1.479
83.79996648,100.2512,98.7772,-1.4739
83.839966464,100.2512,98.7823,-1.4689
83.879966448,100.2512,98.7873,-1.4638
83.91996643200001,100.2512,98.7924,-1.4588
83.959966416,100.3517,98.7975,-1.5542
83.9999664,100.3517,98.8025,-1.5491
84.039966384,100.3517,98.8076,-1.5441
84.079966368,100.3517,98.8127,-1.539
84.119966352,100.3517,98.8177,-1.5339
84.159966336,100.3517,98.8228,-1.5289
84.19996632,100.3517,98.8278,-1.5238
84.239966304,100.3517,98.8328,-1.5188
84.279966288,100.3517,98.8379,-1.5138
84.319966272,100.3517,98.8429,-1.5087
84.35996625599999,100.3517,98.8479,-1.5037
84.39996624,100.3517,98.8531,-1.4986
84.439966224,100.3517,98.8581,-1.4935
84.479966208,100.3517,98.8632,-1.4885
84.519966192,100.3517,98.8683,-1.4834
84.55996617599999,100.3517,98.8733,-1.4783
84.59996616,100.3517,98.8784,-1.4732
84.639966144,100.3517,98.8835,-1.4682
84.67996612799999,100.3517,98.8885,-1.4631
84.719966112,100.3517,98.8936,-1.458
84.759966096,100.4522,98.8987,-1.5535
84.79996607999999,100.4522,98.9037,-1.5484
84.83996606400001,100.4522,98.9088,-1.5434
84.879966048,100.4522,98.9138,-1.5383
84.919966032,100.4522,98.9189,-1.5332
84.95996601600001,100.4522,98.924,-1.5281
84.999966,100.4522,98.929,-1.5231
85.039965984,100.4522,98.9341,-1.518
85.079965968,100.4522,98.9392,-1.513
85.119965952,100.4522,98.9442,-1.5079
85.159965936,100.4522,98.9493,-1.5028
85.19996592,100.4522,98.9543,-1.4978
85.239965904,100.4522,98.9594,-1.4927
85.27996588799999,100.4522,98.9645,-1.4877
85.319965872,100.4522,98.9695,-1.4826
85.359965856,100.4522,98.9746,-1.4776
85.39996584,100.4522,98.9796,-1.4725
85.439965824,100.4522,98.9847,-1.4674
85.479965808,100.4522,98.9898,-1.4624
85.519965792,100.4522,98.9948,-1.4573
85.559965776,100.5527,98.9999,-1.5527
85.59996575999999,100.5527,99.005,-1.5477
85.639965744,100.5527,99.0101,-1.5426
85.679965728,100.5527,99.0151,-1.5375
85.71996571199999,100.5527,99.0202,-1.5325
85.759965696,100.5527,99.0253,-1.5274
85.79996568,100.5527,99.0303,-1.5223
85.839965664,100.5527,99.0354,-1.5172
85.87996564800001,100.5527,99.0405,-1.5121
85.919965632,100.5527,99.0456,-1.5071
85.959965616,100.5527,99.0507,-1.502
85.99996560000001,100.5527,99.0557,-1.4969
86.039965584,100.5527,99.0607,-1.4919
86.079965568,100.5527,99.0658,-1.4869
86.119965552,100.5527,99.0708,-1.4819
86.159965536,100.5527,99.0758,-1.4768
86.19996552,100.5527,99.0808,-1.4718
86.239965504,100.5527,99.0858,-1.4668
86.279965488,100.5527,99.0909,-1.4617
86.31996547199999,100.5527,99.096,-1.4567
86.359965456,100.6532,99.101,-1.5521
86.39996544,100.6532,99.1061,-1.547
86.439965424,100.6532,99.1111,-1.542
86.479965408,100.6532,99.1162,-1.537
86.51996539199999,100.6532,99.1212,-1.5319
86.559965376,100.6532,99.1262,-1.5269
86.59996536,100.6532,99.1314,-1.5218
86.63996534399999,100.6532,99.1364,-1.5167
86.679965328,100.6532,99.1415,-1.5117
86.719965312,100.6532,99.1465,-1.5066
86.75996529599999,100.6532,99.1515,-1.5016
86.79996528000001,100.6532,99.1566,-1.4965
86.839965264,100.6532,99.1617,-1.4915
86.879965248,100.6532,99.1667,-1.4864
86.91996523200001,100.6532,99.1718,-1.4814
86.959965216,100.6532,99.1768,-1.4763
86.9999652,100.6532,99.1819,-1.4712
87.039965184,100.6532,99.187,-1.4661
87.079965168,100.6532,99.192,-1.4611
87.119965152,100.6532,99.1971,-1.4561
87.159965136,100.7537,99.2021,-1.5515
87.19996512,100.7537,99.2071,-1.5465
87.239965104,100.7537,99.2122,-1.5415
87.279965088,100.7537,99.2172,-1.5365
87.319965072,100.7537,99.2222,-1.5315
87.359965056,100.7537,99.2273,-1.5264
87.39996504,100.7537,99.2323,-1.5214
87.439965024,100.7537,99.2374,-1.5163
87.479965008,100.7537,99.2424,-1.5113
87.519964992,100.7537,99.2475,-1.5062
87.55996497599999,100.7537,99.2525,-1.5011
87.59996496,100.7537,99.2575,-1.4961
87.639964944,100.7537,99.2626,-1.4911
87.67996492799999,100.7537,99.2676,-1.4861
87.719964912,100.7537,99.2726,-1.4811
87.75996489599999,100.7537,99.2776,-1.476
87.79996488,100.7537,99.2826,-1.471
87.83996486400001,100.7537,99.2877,-1.466
87.879964848,100.7537,99.2927,-1.4609
87.919964832,100.7537,99.2978,-1.4559
87.95996481600001,100.8542,99.3028,-1.5513
87.9999648,100.8542,99.3079,-1.5462
88.039964784,100.8542,99.3129,-1.5412
88.079964768,100.8542,99.318,-1.5362
88.119964752,100.8542,99.323,-1.5312
88.159964736,100.8542,99.3281,-1.5261
88.19996472,100.8542,99.3332,-1.521
88.239964704,100.8542,99.3382,-1.516
88.27996468799999,100.8542,99.3433,-1.5109
88.319964672,100.8542,99.3483,-1.5058
88.359964656,100.8542,99.3534,-1.5008
88.39996464,100.8542,99.3585,-1.4957
88.439964624,100.8542,99.3635,-1.4907
88.47996460799999,100.8542,99.3686,-1.4856
88.519964592,100.8542,99.3736,-1.4805
88.559964576,100.8542,99.3787,-1.4755
88.59996455999999,100.8542,99.3837,-1.4704
88.639964544,100.8542,99.3888,-1.4653
88.679964528,100.8542,99.3939,-1.4603
88.71996451199999,100.8542,99.399,-1.4552
88.759964496,100.9547,99.404,-1.5506
88.79996448,100.9547,99.4091,-1.5456
88.839964464,100.9547,99.4141,-1.5406
88.87996444800001,100.9547,99.4191,-1.5355
88.919964432,100.9547,99.4242,-1.5305
88.959964416,100.9547,99.4292,-1.5254
88.9999644,100.9547,99.4343,-1.5204
89.039964384,100.9547,99.4394,-1.5153
89.079964368,100.9547,99.4445,-1.5102
89.119964352,100.9547,99.4495,-1.5051
89.159964336,100.9547,99.4546,-1.5
89.19996432,100.9547,99.4597,-1.495
89.239964304,100.9547,99.4649,-1.4898
89.279964288,100.9547,99.47,-1.4847
89.31996427199999,100.9547,99.4751,-1.4796
89.359964256,100.9547,99.4802,-1.4745
89.39996424,100.9547,99.4853,-1.4694
89.439964224,100.9547,99.4904,-1.4643
89.479964208,100.9547,99.4955,-1.4592
89.51996419199999,100.9547,99.5005,-1.4541
89.559964176,101.0552,99.5056,-1.5496
89.59996416,101.0552,99.5106,-1.5445
89.63996414399999,101.0552,99.5157,-1.5395
89.679964128,101.0552,99.5208,-1.5344
89.71996411199999,101.0552,99.5258,-1.5293
89.75996409599999,101.0552,99.5309,-1.5242
89.79996408000001,101.0552,99.5359,-1.5192
89.839964064,101.0552,99.541,-1.5142
89.879964048,101.0552,99.546,-1.5091
89.91996403200001,101.0552,99.5511,-1.5041
89.959964016,101.0552,99.5561,-1.499
89.999964,101.0552,99.5612,-1.494
90.039963984,101.0552,99.5663,-1.4889
90.079963968,101.0552,99.5714,-1.4838
90.119963952,101.0552,99.5764,-1.4788
90.159963936,101.0552,99.5814,-1.4737
90.19996392,101.0552,99.5865,-1.4687
90.23996390399999,101.0552,99.5915,-1.4636
90.279963888,101.0552,99.5966,-1.4585
90.319963872,101.0552,99.6017,-1.4535
90.359963856,101.1557,99.6067,-1.5489
90.39996384,101.1557,99.6118,-1.5439
90.439963824,101.1557,99.6169,-1.5388
90.479963808,101.1557,99.6219,-1.5338
90.519963792,101.1557,99.627,-1.5287
90.55996377599999,101.1557,99.6321,-1.5236
90.59996376,101.1557,99.6372,-1.5185
90.639963744,101.1557,99.6422,-1.5134
90.67996372799999,101.1557,99.6473,-1.5083
90.719963712,101.1557,99.6524,-1.5033
90.759963696,101.1557,99.6575,-1.4982
90.79996368,101.1557,99.6626,-1.4931
90.83996366400001,101.1557,99.6677,-1.488
90.879963648,101.1557,99.6727,-1.483
90.919963632,101.1557,99.6778,-1.4778
90.959963616,101.1557,99.6829,-1.4728
90.9999636,101.1557,99.6879,-1.4677
91.039963584,101.1557,99.693,-1.4626
91.079963568,101.1557,99.6981,-1.4575
91.119963552,101.1557,99.7032,-1.4525
91.159963536,101.2562,99.7083,-1.5479
91.19996352,101.2562,99.7133,-1.5429
91.239963504,101.2562,99.7184,-1.5378
91.27996348799999,101.2562,99.7235,-1.5327
91.319963472,101.2562,99.7285,-1.5277
91.359963456,101.2562,99.7336,-1.5226
91.39996344,101.2562,99.7386,-1.5176
91.439963424,101.2562,99.7437,-1.5125
91.47996340799999,101.2562,99.7487,-1.5075
91.519963392,101.2562,99.7538,-1.5024
91.559963376,101.2562,99.7588,-1.4974
91.59996335999999,101.2562,99.7638,-1.4924
91.639963344,101.2562,99.7689,-1.4873
91.679963328,101.2562,99.7739,-1.4823
91.71996331199999,101.2562,99.779,-1.4772
91.759963296,101.2562,99.7841,-1.4721
91.79996328,101.2562,99.7891,-1.467
91.839963264,101.2562,99.7942,-1.462
91.87996324800001,101.2562,99.7993,-1.4569
91.919963232,101.2562,99.8043,-1.4519
91.959963216,101.3567,99.8093,-1.5473
91.9999632,101.3567,99.8144,-1.5423
92.039963184,101.3567,99.8194,-1.5372
92.079963168,101.3567,99.8245,-1.5322
92.119963152,101.3567,99.8295,-1.5271
92.159963136,101.3567,99.8345,-1.5221
92.19996311999999,101.3567,99.8396,-1.5171
92.239963104,101.3567,99.8446,-1.5121
92.279963088,101.3567,99.8496,-1.5071
92.319963072,101.3567,99.8547,-1.502
92.359963056,101.3567,99.8597,-1.497
92.39996304,101.3567,99.8647,-1.4919
92.439963024,101.3567,99.8697,-1.4869
92.479963008,101.3567,99.8747,-1.482
92.51996299199999,101.3567,99.8797,-1.4769
92.559962976,101.3567,99.8848,-1.4719
92.59996296,101.3567,99.8898,-1.4669
92.63996294399999,101.3567,99.8948,-1.4618
92.679962928,101.3567,99.8998,-1.4568
92.71996291199999,101.3567,99.9049,-1.4518
92.759962896,101.4572,99.9099,-1.5473
92.79996288000001,101.4572,99.9149,-1.5423
92.839962864,101.4572,99.92,-1.5372
92.879962848,101.4572,99.925,-1.5322
92.91996283200001,101.4572,99.93,-1.5272
92.959962816,101.4572,99.935,-1.5222
92.9999628,101.4572,99.94,-1.5171
93.039962784,101.4572,99.9451,-1.512
93.079962768,101.4572,99.9502,-1.507
93.119962752,101.4572,99.9552,-1.502
93.159962736,101.4572,99.9602,-1.497
93.19996272,101.4572,99.9652,-1.492
93.23996270399999,101.4572,99.9702,-1.4869
93.279962688,101.4572,99.9753,-1.4819
93.319962672,101.4572,99.9803,-1.4769
93.359962656,101.4572,99.9853,-1.4719
93.39996264,101.4572,99.9903,-1.4669
93.43996262399999,101.4572,99.9953,-1.4619
93.479962608,101.4572,100.0003,-1.4569
93.519962592,101.4572,100.0053,-1.4519
93.55996257599999,101.5577,100.0103,-1.5474
93.59996256,101.5577,100.0153,-1.5423
93.639962544,101.5577,100.0203,-1.5374
93.67996252799999,101.5577,100.0254,-1.5323
93.719962512,101.5577,100.0304,-1.5272
93.759962496,101.5577,100.0354,-1.5222
93.79996248,101.5577,100.0405,-1.5172
93.83996246400001,101.5577,100.0455,-1.5122
93.879962448,101.5577,100.0505,-1.5072
93.919962432,101.5577,100.0555,-1.5022
93.959962416,101.5577,100.0605,-1.4972
93.9999624,101.5577,100.0656,-1.4921
94.039962384,101.5577,100.0706,-1.4871
94.079962368,101.5577,100.0757,-1.482
94.119962352,101.5577,100.0807,-1.477
94.159962336,101.5577,100.0857,-1.472
94.19996232,101.5577,100.0908,-1.4669
94.239962304,101.5577,100.0958,-1.4619
94.279962288,101.5577,100.1008,-1.4569
94.319962272,101.5577,100.1058,-1.4519
94.359962256,101.6582,100.1108,-1.5474
94.39996224,101.6582,100.1158,-1.5423
94.439962224,101.6582,100.1209,-1.5373
94.47996220799999,101.6582,100.1259,-1.5323
94.519962192,101.6582,100.131,-1.5272
94.559962176,101.6582,100.136,-1.5222
94.59996215999999,101.6582,100.141,-1.5172
94.639962144,101.6582,100.1461,-1.5121
94.67996212799999,101.6582,100.1511,-1.5071
94.71996211199999,101.6582,100.1561,-1.5021
94.75996209600001,101.6582,100.1612,-1.497
94.79996208,101.6582,100.1662,-1.492
94.839962064,101.6582,100.1712,-1.4869
94.87996204800001,101.6582,100.1763,-1.4819
94.919962032,101.6582,100.1813,-1.4769
94.959962016,101.6582,100.1863,-1.4719
94.999962,101.6582,100.1913,-1.4669
95.039961984,101.6582,100.1963,-1.4619
95.079961968,101.6582,100.2013,-1.4568
95.119961952,101.6582,100.2063,-1.4519
95.159961936,101.7587,100.2114,-1.5473
95.19996191999999,101.7587,100.2164,-1.5423
95.239961904,101.7587,100.2214,-1.5373
95.279961888,101.7587,100.2265,-1.5322
95.319961872,101.7587,100.2314,-1.5272
95.359961856,101.7587,100.2365,-1.5222
95.39996184,101.7587,100.2415,-1.5172
95.439961824,101.7587,100.2465,-1.5121
95.479961808,101.7587,100.2516,-1.507
95.51996179199999,101.7587,100.2566,-1.502
95.559961776,101.7587,100.2617,-1.497
95.59996176,101.7587,100.2668,-1.4919
95.63996174399999,101.7587,100.2718,-1.4869
95.679961728,101.7587,100.2768,-1.4818
95.719961712,101.7587,100.2819,-1.4768
95.759961696,101.7587,100.2869,-1.4718
95.79996168000001,101.7587,100.292,-1.4667
95.839961664,101.7587,100.297,-1.4616
95.879961648,101.7587,100.3021,-1.4566
95.919961632,101.7587,100.3072,-1.4515
95.959961616,101.8592,100.3123,-1.5469
95.9999616,101.8592,100.3174,-1.5418
96.039961584,101.8592,100.3224,-1.5368
96.079961568,101.8592,100.3275,-1.5317
96.119961552,101.8592,100.3326,-1.5266
96.159961536,101.8592,100.3376,-1.5216
96.19996152,101.8592,100.3426,-1.5165
96.239961504,101.8592,100.3477,-1.5115
96.279961488,101.8592,100.3527,-1.5065
96.319961472,101.8592,100.3578,-1.5013
96.359961456,101.8592,100.3629,-1.4963
96.39996144,101.8592,100.3679,-1.4912
96.43996142399999,101.8592,100.3731,-1.4861
96.479961408,101.8592,100.3781,-1.4811
96.519961392,101.8592,100.3832,-1.476
96.55996137599999,101.8592,100.3883,-1.4709
96.59996136,101.8592,100.3934,-1.4658
96.639961344,101.8592,100.3985,-1.4607
96.67996132799999,101.8592,100.4035,-1.4556
96.71996131200001,101.8592,100.4086,-1.4506
96.759961296,101.9597,100.4137,-1.5459
96.79996128,101.9597,100.4188,-1.5409
96.83996126400001,101.9597,100.4239,-1.5358
96.879961248,101.9597,100.429,-1.5307
96.919961232,101.9597,100.434,-1.5257
96.959961216,101.9597,100.4391,-1.5206
96.9999612,101.9597,100.4441,-1.5155
97.039961184,101.9597,100.4492,-1.5105
97.079961168,101.9597,100.4544,-1.5053
97.119961152,101.9597,100.4594,-1.5003
97.15996113599999,101.9597,100.4645,-1.4952
97.19996112,101.9597,100.4696,-1.4901
97.239961104,101.9597,100.4746,-1.4851
97.279961088,101.9597,100.4797,-1.4799
97.319961072,101.9597,100.4848,-1.4749
97.359961056,101.9597,100.4898,-1.4698
97.39996104,101.9597,100.4949,-1.4648
97.439961024,101.9597,100.4999,-1.4598
97.47996100799999,101.9597,100.505,-1.4547
97.519960992,101.9597,100.5101,-1.4496
97.559960976,102.0602,100.5151,-1.5451
97.59996095999999,102.0602,100.5202,-1.54
97.639960944,102.0602,100.5252,-1.535
97.67996092799999,102.0602,100.5303,-1.5299
97.719960912,102.0602,100.5353,-1.5249
97.75996089600001,102.0602,100.5403,-1.5198
97.79996088,102.0602,100.5455,-1.5147
97.839960864,102.0602,100.5504,-1.5097
97.87996084800001,102.0602,100.5555,-1.5047
97.919960832,102.0602,100.5606,-1.4996
97.959960816,102.0602,100.5657,-1.4945
97.9999608,102.0602,100.5707,-1.4894
98.039960784,102.0602,100.5758,-1.4844
98.079960768,102.0602,100.5808,-1.4794
98.119960752,102.0602,100.5859,-1.4742
98.159960736,102.0602,100.591,-1.4692
98.19996071999999,102.0602,100.5961,-1.4641
98.239960704,102.0602,100.6011,-1.459
98.279960688,102.0602,100.6061,-1.4541
98.319960672,102.0602,100.6112,-1.449
98.359960656,102.1607,100.6162,-1.5445
98.39996063999999,102.1607,100.6213,-1.5394
98.439960624,102.1607,100.6264,-1.5343
98.479960608,102.1607,100.6314,-1.5293
98.51996059199999,102.1607,100.6365,-1.5242
98.559960576,102.1607,100.6416,-1.5191
98.59996056,102.1607,100.6466,-1.5141
98.63996054399999,102.1607,100.6517,-1.509
98.679960528,102.1607,100.6567,-1.504
98.719960512,102.1607,100.6617,-1.499
98.759960496,102.1607,100.6668,-1.4939
98.79996048000001,102.1607,100.6717,-1.4889
98.839960464,102.1607,100.6768,-1.4839
98.879960448,102.1607,100.6818,-1.4789
98.919960432,102.1607,100.6868,-1.4739
98.959960416,102.1607,100.6919,-1.4688
98.9999604,102.1607,100.6969,-1.4638
99.039960384,102.1607,100.702,-1.4587
99.079960368,102.1607,100.707,-1.4537
99.119960352,102.1607,100.712,-1.4487
99.159960336,102.2612,100.717,-1.5442
99.19996032,102.2612,100.722,-1.5391
99.239960304,102.2612,100.7271,-1.5341
99.279960288,102.2612,100.7322,-1.529
99.319960272,102.2612,100.7372,-1.524
99.359960256,102.2612,100.7423,-1.5189
99.39996024,102.2612,100.7473,-1.5139
99.43996022399999,102.2612,100.7523,-1.5088
99.479960208,102.2612,100.7575,-1.5037
99.519960192,102.2612,100.7625,-1.4987
99.55996017599999,102.2612,100.7675,-1.4937
99.59996016,102.2612,100.7726,-1.4886
99.63996014399999,102.2612,100.7776,-1.4836
99.67996012799999,102.2612,100.7826,-1.4785
99.71996011200001,102.2612,100.7877,-1.4735
99.759960096,102.2612,100.7927,-1.4685
99.79996008,102.2612,100.7977,-1.4635
99.83996006400001,102.2612,100.8027,-1.4585
99.879960048,102.2612,100.8077,-1.4535
99.919960032,102.2612,100.8127,-1.4484
99.959960016,102.3617,100.8177,-1.5439
99.99996,102.3617,100.8228,-1.5389
100.039959984,102.3617,100.8278,-1.5339
100.079959968,102.3617,100.8328,-1.5289
100.119959952,102.3617,100.8379,-1.5238
100.15995993599999,102.3617,100.8429,-1.5188
100.19995992,102.3617,100.8479,-1.5138
100.239959904,102.3617,100.853,-1.5087
100.279959888,102.3617,100.8579,-1.5038
100.319959872,102.3617,100.8629,-1.4988
100.35995985599999,102.3617,100.8679,-1.4938
100.39995984,102.3617,100.8729,-1.4888
100.439959824,102.3617,100.8779,-1.4838
100.47995980799999,102.3617,100.8829,-1.4788
100.519959792,102.3617,100.888,-1.4737
100.559959776,102.3617,100.893,-1.4687
100.59995975999999,102.3617,100.8981,-1.4636
100.639959744,102.3617,100.9031,-1.4586
100.679959728,102.3617,100.9081,-1.4536
100.719959712,102.3617,100.9132,-1.4485
100.75995969600001,102.4622,100.9182,-1.544
100.79995968,102.4622,100.9232,-1.5389
100.839959664,102.4622,100.9283,-1.5339
100.879959648,102.4622,100.9333,-1.5289
100.919959632,102.4622,100.9383,-1.5238
100.959959616,102.4622,100.9434,-1.5188
100.9999596,102.4622,100.9484,-1.5138
101.039959584,102.4622,100.9535,-1.5087
101.079959568,102.4622,100.9585,-1.5037
101.119959552,102.4622,100.9636,-1.4986
101.159959536,102.4622,100.9686,-1.4936
101.19995952,102.4622,100.9736,-1.4886
101.239959504,102.4622,100.9787,-1.4835
101.279959488,102.4622,100.9837,-1.4785
101.319959472,102.4622,100.9887,-1.4735
101.359959456,102.4622,100.9938,-1.4684
101.39995943999999,102.4622,100.9988,-1.4634
101.439959424,102.4622,101.0039,-1.4583
101.479959408,102.4622,101.009,-1.4532
101.51995939199999,102.4622,101.014,-1.4482
101.559959376,102.5627,101.0191,-1.5436
101.59995935999999,102.5627,101.0242,-1.5385
101.63995934399999,102.5627,101.0292,-1.5335
101.679959328,102.5627,101.0343,-1.5284
101.719959312,102.5627,101.0394,-1.5233
101.759959296,102.5627,101.0445,-1.5182
101.79995928000001,102.5627,101.0495,-1.5132
101.839959264,102.5627,101.0545,-1.5082
101.879959248,102.5627,101.0597,-1.503
101.919959232,102.5627,101.0647,-1.498
101.959959216,102.5627,101.0698,-1.4929
101.9999592,102.5627,101.0749,-1.4878
102.039959184,102.5627,101.08,-1.4827
102.079959168,102.5627,101.0851,-1.4776
102.11995915199999,102.5627,101.0902,-1.4725
102.159959136,102.5627,101.0952,-1.4675
102.19995912,102.5627,101.1003,-1.4624
102.239959104,102.5627,101.1054,-1.4573
102.279959088,102.5627,101.1104,-1.4523
102.319959072,102.5627,101.1155,-1.4472
102.359959056,102.6632,101.1206,-1.5426
102.39995904,102.6632,101.1256,-1.5376
102.43995902399999,102.6632,101.1307,-1.5325
102.479959008,102.6632,101.1357,-1.5275
102.519958992,102.6632,101.1408,-1.5224
102.55995897599999,102.6632,101.1459,-1.5173
102.59995896,102.6632,101.1509,-1.5123
102.63995894399999,102.6632,101.1561,-1.5071
102.679958928,102.6632,101.1611,-1.5021
102.71995891200001,102.6632,101.1662,-1.497
102.759958896,102.6632,101.1713,-1.4919
102.79995888,102.6632,101.1763,-1.4869
102.839958864,102.6632,101.1814,-1.4818
102.879958848,102.6632,101.1865,-1.4767
102.919958832,102.6632,101.1915,-1.4717
102.959958816,102.6632,101.1966,-1.4666
102.9999588,102.6632,101.2017,-1.4615
103.039958784,102.6632,101.2068,-1.4564
103.079958768,102.6632,101.212,-1.4512
103.119958752,102.6632,101.217,-1.4462
103.159958736,102.7637,101.2222,-1.5415
103.19995872,102.7637,101.2273,-1.5364
103.239958704,102.7637,101.2324,-1.5313
103.279958688,102.7637,101.2375,-1.5262
103.319958672,102.7637,101.2426,-1.5211
103.35995865599999,102.7637,101.2477,-1.516
103.39995864,102.7637,101.2528,-1.5109
103.439958624,102.7637,101.2579,-1.5058
103.47995860799999,102.7637,101.2631,-1.5006
103.519958592,102.7637,101.2682,-1.4955
103.559958576,102.7637,101.2733,-1.4904
103.59995855999999,102.7637,101.2784,-1.4853
103.639958544,102.7637,101.2835,-1.4802
103.679958528,102.7637,101.2886,-1.4751
103.719958512,102.7637,101.2937,-1.47
103.75995849600001,102.7637,101.2988,-1.4649
103.79995848,102.7637,101.3038,-1.4599
103.839958464,102.7637,101.3089,-1.4548
103.879958448,102.7637,101.314,-1.4497
103.919958432,102.7637,101.3191,-1.4446
103.959958416,102.8643,101.3241,-1.5401
103.9999584,102.8643,101.3292,-1.535
104.039958384,102.8643,101.3343,-1.5299
104.07995836799999,102.8643,101.3394,-1.5248
104.119958352,102.8643,101.3445,-1.5197
104.159958336,102.8643,101.3496,-1.5146
104.19995832,102.8643,101.3547,-1.5095
104.239958304,102.8643,101.3598,-1.5044
104.279958288,102.8643,101.3649,-1.4993
104.319958272,102.8643,101.37,-1.4942
104.359958256,102.8643,101.375,-1.4892
104.39995823999999,102.8643,101.3801,-1.4841
104.439958224,102.8643,101.3852,-1.479
104.479958208,102.8643,101.3902,-1.474
104.51995819199999,102.8643,101.3954,-1.4688
104.559958176,102.8643,101.4004,-1.4638
104.59995815999999,102.8643,101.4055,-1.4587
104.63995814399999,102.8643,101.4106,-1.4536
104.67995812800001,102.8643,101.4157,-1.4485
104.719958112,102.8643,101.4208,-1.4434
104.759958096,102.9648,101.4259,-1.5388
104.79995808000001,102.9648,101.431,-1.5338
104.839958064,102.9648,101.436,-1.5287
104.879958048,102.9648,101.4411,-1.5236
104.919958032,102.9648,101.4462,-1.5185
104.959958016,102.9648,101.4512,-1.5135
104.999958,102.9648,101.4562,-1.5085
105.039957984,102.9648,101.4613,-1.5034
105.079957968,102.9648,101.4664,-1.4983
105.119957952,102.9648,101.4715,-1.4932
105.159957936,102.9648,101.4766,-1.4881
105.19995792,102.9648,101.4817,-1.483
105.239957904,102.9648,101.4867,-1.478
105.279957888,102.9648,101.4918,-1.4729
105.31995787199999,102.9648,101.4968,-1.4679
105.359957856,102.9648,101.5019,-1.4628
105.39995784,102.9648,101.5069,-1.4578
105.43995782399999,102.9648,101.512,-1.4527
105.479957808,102.9648,101.5171,-1.4476
105.519957792,102.9648,101.5222,-1.4425
105.55995777599999,103.0653,101.5272,-1.538
105.59995776,103.0653,101.5323,-1.5329
105.639957744,103.0653,101.5373,-1.5279
105.679957728,103.0653,101.5424,-1.5228
105.71995771200001,103.0653,101.5475,-1.5177
105.759957696,103.0653,101.5525,-1.5127
105.79995768,103.0653,101.5576,-1.5076
105.839957664,103.0653,101.5626,-1.5026
105.879957648,103.0653,101.5677,-1.4975
105.919957632,103.0653,101.5727,-1.4925
105.959957616,103.0653,101.5778,-1.4874
105.9999576,103.0653,101.5829,-1.4823
106.039957584,103.0653,101.588,-1.4773
106.079957568,103.0653,101.593,-1.4722
106.119957552,103.0653,101.5982,-1.4671
106.159957536,103.0653,101.6032,-1.462
106.19995752,103.0653,101.6083,-1.457
106.239957504,103.0653,101.6134,-1.4519
106.279957488,103.0653,101.6184,-1.4468
106.319957472,103.0653,101.6235,-1.4418
106.35995745599999,103.1658,101.6285,-1.5372
106.39995744,103.1658,101.6335,-1.5322
106.439957424,103.1658,101.6386,-1.5271
106.47995740799999,103.1658,101.6436,-1.5221
106.519957392,103.1658,101.6487,-1.517
106.55995737599999,103.1658,101.6538,-1.5119
106.59995735999999,103.1658,101.6589,-1.5069
106.63995734400001,103.1658,101.664,-1.5018
106.679957328,103.1658,101.669,-1.4967
106.719957312,103.1658,101.6741,-1.4916
106.75995729600001,103.1658,101.6792,-1.4866
106.79995728,103.1658,101.6842,-1.4815
106.839957264,103.1658,101.6893,-1.4764
106.879957248,103.1658,101.6943,-1.4714
106.919957232,103.1658,101.6994,-1.4663
106.959957216,103.1658,101.7045,-1.4613
106.9999572,103.1658,101.7095,-1.4562
107.039957184,103.1658,101.7146,-1.4511
107.07995716799999,103.1658,101.7197,-1.446
107.119957152,103.1658,101.7248,-1.4409
107.159957136,103.2663,101.73,-1.5363
107.19995712,103.2663,101.7351,-1.5312
107.239957104,103.2663,101.7401,-1.5261
107.279957088,103.2663,101.7452,-1.521
107.319957072,103.2663,101.7503,-1.5159
107.359957056,103.2663,101.7554,-1.5108
107.39995703999999,103.2663,101.7605,-1.5057
107.439957024,103.2663,101.7656,-1.5007
107.479957008,103.2663,101.7707,-1.4955
107.51995699199999,103.2663,101.7757,-1.4905
107.559956976,103.2663,101.7808,-1.4854
107.59995695999999,103.2663,101.7859,-1.4803
107.639956944,103.2663,101.791,-1.4752
107.67995692800001,103.2663,101.7961,-1.4702
107.719956912,103.2663,101.8012,-1.4651
107.759956896,103.2663,101.8062,-1.46
107.79995688,103.2663,101.8114,-1.4549
107.839956864,103.2663,101.8164,-1.4498
107.879956848,103.2663,101.8215,-1.4447
107.919956832,103.2663,101.8266,-1.4396
107.959956816,103.3668,101.8317,-1.535
107.9999568,103.3668,101.8368,-1.5299
108.039956784,103.3668,101.8419,-1.5249
108.079956768,103.3668,101.8469,-1.5198
108.119956752,103.3668,101.852,-1.5147
108.159956736,103.3668,101.8571,-1.5096
108.19995672,103.3668,101.8623,-1.5045
108.239956704,103.3668,101.8674,-1.4994
108.279956688,103.3668,101.8724,-1.4943
108.31995667199999,103.3668,101.8775,-1.4893
108.359956656,103.3668,101.8825,-1.4842
108.39995664,103.3668,101.8876,-1.4791
108.43995662399999,103.3668,101.8927,-1.474
108.479956608,103.3668,101.8978,-1.4689
108.519956592,103.3668,101.9029,-1.4638
108.55995657599999,103.3668,101.908,-1.4587
108.59995656,103.3668,101.9131,-1.4536
108.639956544,103.3668,101.9181,-1.4486
108.679956528,103.3668,101.9232,-1.4435
108.71995651200001,103.3668,101.9283,-1.4384
108.759956496,103.4673,101.9334,-1.5338
108.79995648,103.4673,101.9385,-1.5288
108.839956464,103.4673,101.9436,-1.5237
108.879956448,103.4673,101.9486,-1.5186
108.919956432,103.4673,101.9536,-1.5136
108.959956416,103.4673,101.9587,-1.5085
108.9999564,103.4673,101.9638,-1.5034
109.03995638399999,103.4673,101.9688,-1.4984
109.079956368,103.4673,101.9739,-1.4933
109.119956352,103.4673,101.9789,-1.4883
109.159956336,103.4673,101.984,-1.4833
109.19995632,103.4673,101.989,-1.4782
109.239956304,103.4673,101.994,-1.4732
109.279956288,103.4673,101.9991,-1.4681
109.319956272,103.4673,102.0042,-1.463
109.35995625599999,103.4673,102.0093,-1.458
109.39995624,103.4673,102.0144,-1.4528
109.439956224,103.4673,102.0194,-1.4478
109.47995620799999,103.4673,102.0245,-1.4428
109.519956192,103.4673,102.0296,-1.4377
109.55995617599999,103.5678,102.0346,-1.5331
109.59995615999999,103.5678,102.0397,-1.528
109.63995614400001,103.5678,102.0448,-1.5229
109.679956128,103.5678,102.05,-1.5178
109.719956112,103.5678,102.055,-1.5127
109.75995609600001,103.5678,102.06,-1.5077
109.79995608,103.5678,102.0651,-1.5026
109.839956064,103.5678,102.0701,-1.4976
109.879956048,103.5678,102.0752,-1.4926
109.919956032,103.5678,102.0802,-1.4875
109.959956016,103.5678,102.0853,-1.4824
109.999956,103.5678,102.0903,-1.4774
110.039955984,103.5678,102.0955,-1.4723
110.079955968,103.5678,102.1005,-1.4673
110.119955952,103.5678,102.1056,-1.4622
110.159955936,103.5678,102.1107,-1.4571
110.19995592,103.5678,102.1157,-1.452
110.239955904,103.5678,102.1208,-1.4469
110.27995588799999,103.5678,102.1258,-1.4419
110.319955872,103.5678,102.1308,-1.4369
110.359955856,103.6683,102.1359,-1.5323
110.39995583999999,103.6683,102.1409,-1.5273
110.439955824,103.6683,102.146,-1.5222
110.479955808,103.6683,102.151,-1.5172
110.51995579199999,103.6683,102.1561,-1.5122
110.559955776,103.6683,102.1612,-1.5071
110.59995576,103.6683,102.1662,-1.502
110.639955744,103.6683,102.1712,-1.497
110.67995572800001,103.6683,102.1763,-1.4919
110.719955712,103.6683,102.1814,-1.4868
110.759955696,103.6683,102.1865,-1.4817
110.79995568,103.6683,102.1916,-1.4767
110.839955664,103.6683,102.1966,-1.4716
110.879955648,103.6683,102.2017,-1.4665
110.919955632,103.6683,102.2067,-1.4615
110.959955616,103.6683,102.2118,-1.4564
110.9999556,103.6683,102.2168,-1.4514
111.039955584,103.6683,102.2219,-1.4463
111.079955568,103.6683,102.227,-1.4412
111.119955552,103.6683,102.232,-1.4362
111.159955536,103.7688,102.2371,-1.5316
111.19995552,103.7688,102.2422,-1.5265
111.239955504,103.7688,102.2472,-1.5215
111.279955488,103.7688,102.2523,-1.5164
111.31995547199999,103.7688,102.2574,-1.5113
111.359955456,103.7688,102.2625,-1.5062
111.39995544,103.7688,102.2676,-1.5011
111.43995542399999,103.7688,102.2726,-1.4961
111.479955408,103.7688,102.2777,-1.491
111.51995539199999,103.7688,102.2829,-1.4859
111.55995537599999,103.7688,102.2879,-1.4808
111.59995536,103.7688,102.293,-1.4757
111.639955344,103.7688,102.2981,-1.4706
111.679955328,103.7688,102.3032,-1.4656
111.71995531200001,103.7688,102.3083,-1.4604
111.759955296,103.7688,102.3133,-1.4554
111.79995528,103.7688,102.3184,-1.4503
111.839955264,103.7688,102.3235,-1.4452
111.879955248,103.7688,102.3286,-1.4401
111.919955232,103.7688,102.3337,-1.435
111.959955216,103.8693,102.3388,-1.5304
111.9999552,103.8693,102.3439,-1.5253
112.039955184,103.8693,102.3491,-1.5202
112.079955168,103.8693,102.3542,-1.515
112.119955152,103.8693,102.3593,-1.5099
112.159955136,103.8693,102.3644,-1.5048
112.19995512,103.8693,102.3695,-1.4997
112.23995510399999,103.8693,102.3746,-1.4947
112.279955088,103.8693,102.3797,-1.4896
112.319955072,103.8693,102.3848,-1.4845
112.35995505599999,103.8693,102.3899,-1.4793
112.39995504,103.8693,102.3951,-1.4742
112.439955024,103.8693,102.4002,-1.469
112.47995500799999,103.8693,102.4053,-1.4639
112.519954992,103.8693,102.4104,-1.4588
112.55995497599999,103.8693,102.4155,-1.4537
112.59995496,103.8693,102.4207,-1.4486
112.63995494400001,103.8693,102.4258,-1.4434
112.679954928,103.8693,102.4309,-1.4383
112.719954912,103.8693,102.436,-1.4333
112.759954896,103.9698,102.4411,-1.5287
112.79995488,103.9698,102.4461,-1.5236
112.839954864,103.9698,102.4512,-1.5186
112.879954848,103.9698,102.4562,-1.5135
112.919954832,103.9698,102.4613,-1.5084
112.959954816,103.9698,102.4664,-1.5033
112.9999548,103.9698,102.4715,-1.4983
113.039954784,103.9698,102.4765,-1.4932
113.079954768,103.9698,102.4816,-1.4881
113.119954752,103.9698,102.4867,-1.483
113.159954736,103.9698,102.4918,-1.478
113.19995472,103.9698,102.4968,-1.4729
113.239954704,103.9698,102.5019,-1.4678
113.27995468799999,103.9698,102.5069,-1.4628
113.319954672,103.9698,102.512,-1.4577
113.359954656,103.9698,102.5171,-1.4526
113.39995463999999,103.9698,102.5222,-1.4476
113.439954624,103.9698,102.5272,-1.4425
113.47995460799999,103.9698,102.5323,-1.4374
113.51995459199999,103.9698,102.5373,-1.4324
113.559954576,104.0703,102.5423,-1.5279
113.59995456,104.0703,102.5474,-1.5228
113.639954544,104.0703,102.5525,-1.5178
113.67995452800001,104.0703,102.5576,-1.5127
113.719954512,104.0703,102.5626,-1.5076
113.759954496,104.0703,102.5677,-1.5026
113.79995448,104.0703,102.5728,-1.4975
113.839954464,104.0703,102.5779,-1.4924
113.879954448,104.0703,102.583,-1.4873
113.919954432,104.0703,102.5881,-1.4822
113.959954416,104.0703,102.5931,-1.4771
113.9999544,104.0703,102.5982,-1.4721
114.039954384,104.0703,102.6032,-1.467
114.079954368,104.0703,102.6083,-1.4619
114.119954352,104.0703,102.6134,-1.4568
114.159954336,104.0703,102.6185,-1.4517
114.19995432,104.0703,102.6236,-1.4466
114.239954304,104.0703,102.6287,-1.4416
114.279954288,104.0703,102.6337,-1.4365
114.31995427199999,104.0703,102.6388,-1.4314
114.359954256,104.1708,102.6439,-1.5268
114.39995424,104.1708,102.649,-1.5218
114.43995422399999,104.1708,102.6541,-1.5166
114.479954208,104.1708,102.6592,-1.5115
114.51995419199999,104.1708,102.6643,-1.5065
114.55995417599999,104.1708,102.6694,-1.5014
114.59995416000001,104.1708,102.6744,-1.4963
114.639954144,104.1708,102.6795,-1.4912
114.679954128,104.1708,102.6846,-1.4861
114.719954112,104.1708,102.6896,-1.4811
114.759954096,104.1708,102.6947,-1.476
114.79995408,104.1708,102.6998,-1.471
114.839954064,104.1708,102.7048,-1.4659
114.879954048,104.1708,102.71,-1.4608
114.919954032,104.1708,102.715,-1.4557
114.959954016,104.1708,102.7201,-1.4507
114.999954,104.1708,102.7252,-1.4456
115.039953984,104.1708,102.7303,-1.4405
115.079953968,104.1708,102.7354,-1.4354
115.119953952,104.1708,102.7404,-1.4303
115.159953936,104.2713,102.7455,-1.5258
115.19995392,104.2713,102.7506,-1.5207
115.23995390399999,104.2713,102.7556,-1.5156
115.279953888,104.2713,102.7607,-1.5106
115.319953872,104.2713,102.7658,-1.5055
115.35995385599999,104.2713,102.7708,-1.5004
115.39995384,104.2713,102.776,-1.4953
115.439953824,104.2713,102.7811,-1.4901
115.47995380799999,104.2713,102.7862,-1.4851
115.519953792,104.2713,102.7913,-1.48
115.559953776,104.2713,102.7963,-1.4749
115.59995376,104.2713,102.8014,-1.4698
115.63995374400001,104.2713,102.8065,-1.4647
115.679953728,104.2713,102.8116,-1.4597
115.719953712,104.2713,102.8167,-1.4546
115.759953696,104.2713,102.8217,-1.4495
115.79995368,104.2713,102.8268,-1.4445
115.839953664,104.2713,102.8319,-1.4394
115.879953648,104.2713,102.8369,-1.4343
115.919953632,104.2713,102.842,-1.4293
115.95995361599999,104.3718,102.8471,-1.5247
115.9999536,104.3718,102.8522,-1.5196
116.039953584,104.3718,102.8573,-1.5144
116.079953568,104.3718,102.8625,-1.5093
116.119953552,104.3718,102.8675,-1.5042
116.159953536,104.3718,102.8727,-1.4991
116.19995352,104.3718,102.8778,-1.494
116.239953504,104.3718,102.8829,-1.4888
116.27995348799999,104.3718,102.888,-1.4837
116.319953472,104.3718,102.8932,-1.4786
116.359953456,104.3718,102.8984,-1.4734
116.39995343999999,104.3718,102.9035,-1.4683
116.439953424,104.3718,102.9087,-1.4631
116.47995340799999,104.3718,102.9139,-1.4579
116.51995339199999,104.3718,102.919,-1.4528
116.55995337600001,104.3718,102.9241,-1.4477
116.59995336,104.3718,102.9292,-1.4425
116.639953344,104.3718,102.9344,-1.4374
116.67995332800001,104.3718,102.9396,-1.4322
116.719953312,104.3718,102.9447,-1.427
116.759953296,104.4723,102.95,-1.5223
116.79995328,104.4723,102.9551,-1.5171
116.839953264,104.4723,102.9602,-1.512
116.879953248,104.4723,102.9654,-1.5068
116.919953232,104.4723,102.9706,-1.5017
116.959953216,104.4723,102.9758,-1.4965
116.9999532,104.4723,102.981,-1.4913
117.039953184,104.4723,102.9861,-1.4861
117.079953168,104.4723,102.9913,-1.481
117.119953152,104.4723,102.9964,-1.4758
117.159953136,104.4723,103.0016,-1.4707
117.19995311999999,104.4723,103.0068,-1.4655
117.239953104,104.4723,103.0119,-1.4603
117.279953088,104.4723,103.017,-1.4552
117.31995307199999,104.4723,103.0222,-1.45
117.359953056,104.4723,103.0273,-1.4449
117.39995304,104.4723,103.0325,-1.4397
117.43995302399999,104.4723,103.0377,-1.4345
117.479953008,104.4723,103.0428,-1.4294
117.51995299199999,104.4723,103.048,-1.4243
117.559952976,104.5728,103.0531,-1.5196
117.59995296000001,104.5728,103.0582,-1.5145
117.639952944,104.5728,103.0634,-1.5094
117.679952928,104.5728,103.0685,-1.5043
117.719952912,104.5728,103.0737,-1.4991
117.759952896,104.5728,103.0788,-1.494
117.79995288,104.5728,103.0839,-1.4888
117.839952864,104.5728,103.0891,-1.4837
117.879952848,104.5728,103.0942,-1.4786
117.919952832,104.5728,103.0994,-1.4734
117.959952816,104.5728,103.1046,-1.4682
117.9999528,104.5728,103.1097,-1.463
118.039952784,104.5728,103.1149,-1.4579
118.079952768,104.5728,103.12,-1.4527
118.119952752,104.5728,103.1252,-1.4475
118.159952736,104.5728,103.1304,-1.4424
118.19995272,104.5728,103.1356,-1.4372
118.23995270399999,104.5728,103.1407,-1.432
118.279952688,104.5728,103.1459,-1.4269
118.319952672,104.5728,103.151,-1.4217
118.35995265599999,104.6733,103.1562,-1.517
118.39995264,104.6733,103.1614,-1.5119
118.43995262399999,104.6733,103.1665,-1.5067
118.47995260799999,104.6733,103.1716,-1.5016
118.519952592,104.6733,103.1768,-1.4965
118.559952576,104.6733,103.182,-1.4913
118.59995256,104.6733,103.1871,-1.4862
118.63995254400001,104.6733,103.1922,-1.481
118.679952528,104.6733,103.1974,-1.4758
118.719952512,104.6733,103.2026,-1.4707
118.759952496,104.6733,103.2077,-1.4655
118.79995248,104.6733,103.2129,-1.4604
118.839952464,104.6733,103.218,-1.4552
118.879952448,104.6733,103.2232,-1.45
118.919952432,104.6733,103.2283,-1.4449
118.959952416,104.6733,103.2335,-1.4397
118.9999524,104.6733,103.2387,-1.4346
119.039952384,104.6733,103.2438,-1.4294
119.079952368,104.6733,103.249,-1.4242
119.119952352,104.6733,103.2542,-1.4191
119.159952336,104.7738,103.2593,-1.5144
119.19995232,104.7738,103.2646,-1.5092
119.239952304,104.7738,103.2697,-1.504
119.27995228799999,104.7738,103.2749,-1.4989
119.319952272,104.7738,103.2801,-1.4936
119.359952256,104.7738,103.2853,-1.4885
119.39995223999999,104.7738,103.2904,-1.4833
119.439952224,104.7738,103.2956,-1.4782
119.47995220799999,104.7738,103.3007,-1.473
119.51995219199999,104.7738,103.3059,-1.4678
119.55995217600001,104.7738,103.311,-1.4627
119.59995216,104.7738,103.3162,-1.4575
119.639952144,104.7738,103.3214,-1.4524
119.679952128,104.7738,103.3266,-1.4472
119.719952112,104.7738,103.3318,-1.442
119.759952096,104.7738,103.337,-1.4368
119.79995208,104.7738,103.3422,-1.4316
119.839952064,104.7738,103.3474,-1.4264
119.879952048,104.7738,103.3525,-1.4213
119.919952032,104.7738,103.3577,-1.4161
119.959952016,104.8743,103.3628,-1.5115
119.999952,104.8743,103.368,-1.5063
120.039951984,104.8743,103.3732,-1.5011
120.079951968,104.8743,103.3783,-1.4959
120.119951952,104.8743,103.3836,-1.4907
120.159951936,104.8743,103.3888,-1.4855
120.19995191999999,104.8743,103.3939,-1.4804
120.239951904,104.8743,103.3991,-1.4752
120.279951888,104.8743,103.4042,-1.47
120.31995187199999,104.8743,103.4094,-1.4648
120.359951856,104.8743,103.4146,-1.4596
120.39995184,104.8743,103.4198,-1.4545
120.43995182399999,104.8743,103.425,-1.4493
120.479951808,104.8743,103.4301,-1.4441
120.519951792,104.8743,103.4353,-1.439
120.559951776,104.8743,103.4405,-1.4338
120.59995176000001,104.8743,103.4456,-1.4286
120.639951744,104.8743,103.4508,-1.4234
120.679951728,104.8743,103.456,-1.4182
120.719951712,104.8743,103.4612,-1.413
120.759951696,104.9748,103.4665,-1.5083
120.79995168,104.9748,103.4717,-1.5031
120.839951664,104.9748,103.4769,-1.4979
120.879951648,104.9748,103.4821,-1.4926
120.919951632,104.9748,103.4873,-1.4875
120.959951616,104.9748,103.4925,-1.4823
120.9999516,104.9748,103.4977,-1.477
121.039951584,104.9748,103.5029,-1.4718
121.079951568,104.9748,103.5082,-1.4666
121.119951552,104.9748,103.5133,-1.4614
121.159951536,104.9748,103.5185,-1.4562
121.19995152,104.9748,103.5237,-1.451
121.23995150399999,104.9748,103.5289,-1.4458
121.279951488,104.9748,103.5342,-1.4406
121.319951472,104.9748,103.5394,-1.4354
121.35995145599999,104.9748,103.5446,-1.4302
121.39995144,104.9748,103.5498,-1.4249
121.43995142399999,104.9748,103.555,-1.4197
121.47995140799999,104.9748,103.5602,-1.4145
121.519951392,104.9748,103.5655,-1.4093
121.559951376,105.0753,103.5707,-1.5046
121.59995136,105.0753,103.5759,-1.4993
121.63995134400001,105.0753,103.5812,-1.4941
121.679951328,105.0753,103.5864,-1.4889
121.719951312,105.0753,103.5917,-1.4836
121.759951296,105.0753,103.5969,-1.4784
121.79995128,105.0753,103.6021,-1.4731
121.839951264,105.0753,103.6073,-1.4679
121.879951248,105.0753,103.6126,-1.4627
121.919951232,105.0753,103.6178,-1.4575
121.959951216,105.0753,103.623,-1.4522
121.9999512,105.0753,103.6283,-1.447
122.039951184,105.0753,103.6336,-1.4417
122.079951168,105.0753,103.6387,-1.4365
122.119951152,105.0753,103.644,-1.4312
122.15995113599999,105.0753,103.6493,-1.426
122.19995112,105.0753,103.6545,-1.4207
122.239951104,105.0753,103.6599,-1.4154
122.27995108799999,105.0753,103.6651,-1.4102
122.319951072,105.0753,103.6703,-1.4049
122.359951056,105.1758,103.6756,-1.5001
122.39995103999999,105.1758,103.6809,-1.4949
122.439951024,105.1758,103.6861,-1.4896
122.47995100799999,105.1758,103.6914,-1.4844
122.519950992,105.1758,103.6966,-1.4791
122.55995097600001,105.1758,103.702,-1.4738
122.59995096,105.1758,103.7072,-1.4686
122.639950944,105.1758,103.7125,-1.4633
122.679950928,105.1758,103.7178,-1.458
122.719950912,105.1758,103.723,-1.4527
122.759950896,105.1758,103.7283,-1.4474
122.79995088,105.1758,103.7336,-1.4422
122.839950864,105.1758,103.7388,-1.4369
122.879950848,105.1758,103.7441,-1.4317
122.919950832,105.1758,103.7493,-1.4264
122.959950816,105.1758,103.7546,-1.4212
122.9999508,105.1758,103.7598,-1.4159
123.039950784,105.1758,103.7651,-1.4107
123.079950768,105.1758,103.7704,-1.4054
123.119950752,105.1758,103.7756,-1.4001
123.159950736,105.2763,103.7809,-1.4953
123.19995071999999,105.2763,103.7862,-1.49
123.239950704,105.2763,103.7915,-1.4847
123.279950688,105.2763,103.7968,-1.4795
123.31995067199999,105.2763,103.8021,-1.4741
123.359950656,105.2763,103.8074,-1.4689
123.39995063999999,105.2763,103.8127,-1.4636
123.43995062399999,105.2763,103.8179,-1.4583
123.479950608,105.2763,103.8232,-1.4531
123.519950592,105.2763,103.8285,-1.4478
123.559950576,105.2763,103.8338,-1.4425
123.59995056000001,105.2763,103.8391,-1.4372
123.639950544,105.2763,103.8444,-1.4319
123.679950528,105.2763,103.8497,-1.4266
123.719950512,105.2763,103.855,-1.4213
123.759950496,105.2763,103.8602,-1.416
123.79995048,105.2763,103.8655,-1.4107
123.839950464,105.2763,103.8709,-1.4054
123.879950448,105.2763,103.8761,-1.4002
123.919950432,105.2763,103.8814,-1.3949
123.959950416,105.3768,103.8866,-1.4901
123.9999504,105.3768,103.8919,-1.4848
124.039950384,105.3768,103.8972,-1.4796
124.079950368,105.3768,103.9025,-1.4743
124.11995035199999,105.3768,103.9077,-1.469
124.159950336,105.3768,103.913,-1.4638
124.19995032,105.3768,103.9183,-1.4585
124.23995030399999,105.3768,103.9236,-1.4532
124.279950288,105.3768,103.9289,-1.4479
124.319950272,105.3768,103.9342,-1.4426
124.35995025599999,105.3768,103.9395,-1.4372
124.39995024,105.3768,103.9448,-1.432
124.43995022399999,105.3768,103.9501,-1.4266
124.47995020799999,105.3768,103.9554,-1.4214
124.51995019200001,105.3768,103.9607,-1.4161
124.559950176,105.3768,103.966,-1.4108
124.59995016,105.3768,103.9713,-1.4055
124.639950144,105.3768,103.9766,-1.4002
124.679950128,105.3768,103.9819,-1.3949
124.719950112,105.3768,103.9872,-1.3896
124.759950096,105.4773,103.9925,-1.4847
124.79995008,105.4773,103.9978,-1.4794
124.839950064,105.4773,104.0031,-1.4742
124.879950048,105.4773,104.0084,-1.4688
124.919950032,105.4773,104.0137,-1.4635
124.959950016,105.4773,104.0191,-1.4582
124.99995,105.4773,104.0244,-1.4528
125.039949984,105.4773,104.0297,-1.4475
125.07994996800001,105.4773,104.0351,-1.4422
125.11994995199998,105.4773,104.0404,-1.4369
125.15994993599999,105.4773,104.0457,-1.4316
125.19994992,105.4773,104.051,-1.4262
125.239949904,105.4773,104.0563,-1.4209
125.279949888,105.4773,104.0617,-1.4156
125.31994987199998,105.4773,104.067,-1.4103
125.35994985599999,105.4773,104.0723,-1.4049
125.39994983999999,105.4773,104.0777,-1.3996
125.439949824,105.4773,104.0829,-1.3943
125.479949808,105.4773,104.0882,-1.3891
125.51994979199999,105.4773,104.0936,-1.3837
125.559949776,105.5778,104.0989,-1.4789
125.59994976,105.5778,104.1042,-1.4736
125.639949744,105.5778,104.1095,-1.4683
125.67994972800001,105.5778,104.1148,-1.463
125.71994971200002,105.5778,104.1201,-1.4576
125.75994969599999,105.5778,104.1254,-1.4524
125.79994968,105.5778,104.1307,-1.447
125.839949664,105.5778,104.1361,-1.4417
125.87994964800001,105.5778,104.1413,-1.4364
125.91994963200001,105.5778,104.1467,-1.4311
125.95994961599999,105.5778,104.152,-1.4258
125.9999496,105.5778,104.1573,-1.4205
126.039949584,105.5778,104.1626,-1.4151
126.079949568,105.5778,104.1679,-1.4098
126.11994955200001,105.5778,104.1733,-1.4045
126.15994953599998,105.5778,104.1786,-1.3992
126.19994951999999,105.5778,104.1839,-1.3938
126.239949504,105.5778,104.1893,-1.3885
126.279949488,105.5778,104.1946,-1.3832
126.319949472,105.5778,104.1999,-1.3778
126.35994945599998,105.6783,104.2053,-1.473
126.39994943999999,105.6783,104.2106,-1.4677
126.43994942399999,105.6783,104.2158,-1.4624
126.47994940800001,105.6783,104.2211,-1.4571
126.51994939200002,105.6783,104.2264,-1.4519
126.55994937599999,105.6783,104.2317,-1.4466
126.59994936,105.6783,104.237,-1.4412
126.639949344,105.6783,104.2424,-1.4359
126.679949328,105.6783,104.2477,-1.4306
126.71994931200001,105.6783,104.253,-1.4253
126.75994929599999,105.6783,104.2583,-1.4199
126.79994927999999,105.6783,104.2636,-1.4146
126.839949264,105.6783,104.2689,-1.4093
126.879949248,105.6783,104.2743,-1.404
126.91994923200001,105.6783,104.2795,-1.3987
126.95994921600001,105.6783,104.2849,-1.3934
126.99994919999999,105.6783,104.2902,-1.3881
127.039949184,105.6783,104.2955,-1.3828
127.079949168,105.6783,104.3009,-1.3774
127.119949152,105.6783,104.3062,-1.3721
127.15994913600001,105.7788,104.3115,-1.4673
127.19994911999999,105.7788,104.3168,-1.4619
127.23994910399999,105.7788,104.3222,-1.4566
127.279949088,105.7788,104.3275,-1.4513
127.319949072,105.7788,104.3328,-1.4459
127.359949056,105.7788,104.3382,-1.4406
127.39994903999998,105.7788,104.3435,-1.4353
127.43994902399999,105.7788,104.3488,-1.43
127.479949008,105.7788,104.3541,-1.4247
127.51994899200001,105.7788,104.3594,-1.4194
127.55994897600002,105.7788,104.3647,-1.4141
127.59994895999999,105.7788,104.37,-1.4088
127.639948944,105.7788,104.3753,-1.4035
127.679948928,105.7788,104.3806,-1.3982
127.719948912,105.7788,104.3859,-1.3929
127.75994889600001,105.7788,104.3912,-1.3876
127.79994887999999,105.7788,104.3965,-1.3823
127.839948864,105.7788,104.4018,-1.3769
127.879948848,105.7788,104.4071,-1.3716
127.919948832,105.7788,104.4125,-1.3663
127.95994881600001,105.8793,104.4178,-1.4615
127.99994879999998,105.8793,104.4231,-1.4562
128.039948784,105.8793,104.4284,-1.4509
128.079948768,105.8793,104.4337,-1.4456
128.119948752,105.8793,104.439,-1.4403
128.15994873600002,105.8793,104.4443,-1.435
128.19994872,105.8793,104.4495,-1.4298
128.239948704,105.8793,104.4548,-1.4244
128.279948688,105.8793,104.4602,-1.4191
128.319948672,105.8793,104.4654,-1.4139
128.359948656,105.8793,104.4707,-1.4085
128.39994864000002,105.8793,104.476,-1.4033
128.43994862399998,105.8793,104.4813,-1.398
128.479948608,105.8793,104.4866,-1.3926
128.519948592,105.8793,104.4919,-1.3874
128.559948576,105.8793,104.4972,-1.3821
128.59994856,105.8793,104.5026,-1.3767
128.639948544,105.8793,104.5079,-1.3714
128.67994852799998,105.8793,104.5132,-1.3661
128.719948512,105.8793,104.5186,-1.3607
128.759948496,105.9798,104.5238,-1.456
128.79994848,105.9798,104.5291,-1.4507
128.83994846399997,105.9798,104.5344,-1.4453
128.879948448,105.9798,104.5398,-1.44
128.91994843199998,105.9798,104.5451,-1.4347
128.959948416,105.9798,104.5504,-1.4294
128.99994840000002,105.9798,104.5557,-1.4241
129.03994838399998,105.9798,104.561,-1.4188
129.079948368,105.9798,104.5663,-1.4134
129.119948352,105.9798,104.5717,-1.4081
129.159948336,105.9798,104.577,-1.4028
129.19994832,105.9798,104.5823,-1.3975
129.239948304,105.9798,104.5876,-1.3922
129.27994828799999,105.9798,104.5929,-1.3869
129.319948272,105.9798,104.5982,-1.3816
129.359948256,105.9798,104.6035,-1.3763
129.39994824000001,105.9798,104.6088,-1.371
129.43994822399998,105.9798,104.6141,-1.3657
129.479948208,105.9798,104.6194,-1.3604
129.519948192,105.9798,104.6247,-1.3551
129.559948176,106.0803,104.63,-1.4503
129.59994816,106.0803,104.6353,-1.445
129.63994814400002,106.0803,104.6406,-1.4397
129.67994812799998,106.0803,104.6459,-1.4344
129.719948112,106.0803,104.6512,-1.4291
129.759948096,106.0803,104.6565,-1.4238
129.79994808,106.0803,104.6618,-1.4185
129.839948064,106.0803,104.6671,-1.4132
129.879948048,106.0803,104.6724,-1.4079
129.91994803199998,106.0803,104.6777,-1.4026
129.959948016,106.0803,104.683,-1.3973
129.99994800000002,106.0803,104.6883,-1.392
130.039947984,106.0803,104.6936,-1.3867
130.079947968,106.0803,104.6989,-1.3814
130.119947952,106.0803,104.7042,-1.3761
130.159947936,106.0803,104.7095,-1.3708
130.19994792,106.0803,104.7148,-1.3655
130.23994790400002,106.0803,104.7201,-1.3602
130.27994788799998,106.0803,104.7254,-1.3549
130.319947872,106.0803,104.7307,-1.3496
130.359947856,106.1808,104.736,-1.4448
130.39994784,106.1808,104.7413,-1.4395
130.439947824,106.1808,104.7466,-1.4342
130.479947808,106.1808,104.7518,-1.4289
130.51994779199998,106.1808,104.7571,-1.4236
130.559947776,106.1808,104.7624,-1.4184
130.59994776,106.1808,104.7677,-1.4131
130.639947744,106.1808,104.7731,-1.4077
130.67994772799997,106.1808,104.7783,-1.4024
130.719947712,106.1808,104.7836,-1.3972
130.75994769599998,106.1808,104.7889,-1.3919
130.79994768,106.1808,104.7942,-1.3866
130.839947664,106.1808,104.7995,-1.3813
130.879947648,106.1808,104.8048,-1.376
130.919947632,106.1808,104.8102,-1.3706
130.959947616,106.1808,104.8154,-1.3654
130.9999476,106.1808,104.8208,-1.36
131.039947584,106.1808,104.826,-1.3548
131.07994756800002,106.1808,104.8313,-1.3495
131.11994755199999,106.1808,104.8366,-1.3442
131.159947536,106.2813,104.8419,-1.4394
131.19994752,106.2813,104.8472,-1.4341
131.239947504,106.2813,104.8525,-1.4288
131.279947488,106.2813,104.8578,-1.4235
131.319947472,106.2813,104.8631,-1.4182
131.359947456,106.2813,104.8684,-1.4129
131.39994744,106.2813,104.8736,-1.4076
131.439947424,106.2813,104.879,-1.4023
131.47994740800002,106.2813,104.8842,-1.3971
131.51994739199998,106.2813,104.8895,-1.3918
131.559947376,106.2813,104.8948,-1.3865
131.59994736,106.2813,104.9001,-1.3812
131.639947344,106.2813,104.9054,-1.3759
131.679947328,106.2813,104.9107,-1.3706
131.719947312,106.2813,104.916,-1.3653
131.75994729599998,106.2813,104.9213,-1.36
131.79994728,106.2813,104.9265,-1.3548
131.839947264,106.2813,104.9318,-1.3495
131.879947248,106.2813,104.937,-1.3443
131.919947232,106.2813,104.9423,-1.339
131.959947216,106.3818,104.9476,-1.4342
131.9999472,106.3818,104.9529,-1.4289
132.039947184,106.3818,104.9582,-1.4236
132.07994716800002,106.3818,104.9635,-1.4183
132.119947152,106.3818,104.9687,-1.4131
132.159947136,106.3818,104.974,-1.4078
132.19994712,106.3818,104.9793,-1.4025
132.239947104,106.3818,104.9846,-1.3972
132.279947088,106.3818,104.9898,-1.392
132.31994707200002,106.3818,104.9951,-1.3867
132.35994705599998,106.3818,105.0003,-1.3815
132.39994704,106.3818,105.0056,-1.3762
132.439947024,106.3818,105.0109,-1.3709
132.479947008,106.3818,105.0162,-1.3656
132.519946992,106.3818,105.0215,-1.3603
132.559946976,106.3818,105.0268,-1.355
132.59994695999998,106.3818,105.0321,-1.3497
132.639946944,106.3818,105.0374,-1.3444
132.679946928,106.3818,105.0426,-1.3392
132.719946912,106.3818,105.0479,-1.3339
132.75994689599997,106.4823,105.0531,-1.4291
132.79994688,106.4823,105.0584,-1.4239
132.83994686399998,106.4823,105.0637,-1.4186
132.879946848,106.4823,105.0689,-1.4134
132.919946832,106.4823,105.0742,-1.4081
132.95994681599998,106.4823,105.0795,-1.4028
132.9999468,106.4823,105.0848,-1.3975
133.039946784,106.4823,105.0901,-1.3922
133.079946768,106.4823,105.0954,-1.3869
133.119946752,106.4823,105.1007,-1.3816
133.159946736,106.4823,105.106,-1.3763
133.19994671999999,106.4823,105.1112,-1.3711
133.239946704,106.4823,105.1165,-1.3658
133.279946688,106.4823,105.1217,-1.3606
133.31994667200001,106.4823,105.127,-1.3553
133.359946656,106.4823,105.1322,-1.3501
133.39994664,106.4823,105.1375,-1.3448
133.439946624,106.4823,105.1428,-1.3395
133.479946608,106.4823,105.148,-1.3343
133.519946592,106.4823,105.1533,-1.329
133.55994657600002,106.5828,105.1586,-1.4242
133.59994655999998,106.5828,105.1639,-1.4189
133.639946544,106.5828,105.1692,-1.4136
133.679946528,106.5828,105.1745,-1.4083
133.719946512,106.5828,105.1797,-1.4031
133.759946496,106.5828,105.185,-1.3978
133.79994648,106.5828,105.1903,-1.3925
133.83994646399998,106.5828,105.1956,-1.3872
133.879946448,106.5828,105.2009,-1.3819
133.91994643200002,106.5828,105.2062,-1.3766
133.959946416,106.5828,105.2115,-1.3713
133.9999464,106.5828,105.2168,-1.366
134.039946384,106.5828,105.2221,-1.3607
134.079946368,106.5828,105.2273,-1.3555
134.119946352,106.5828,105.2326,-1.3502
134.15994633600002,106.5828,105.2379,-1.3449
134.19994631999998,106.5828,105.2432,-1.3396
134.239946304,106.5828,105.2485,-1.3343
134.279946288,106.5828,105.2538,-1.329
134.319946272,106.5828,105.259,-1.3238
134.359946256,106.6834,105.2642,-1.4191
134.39994624,106.6834,105.2695,-1.4138
134.43994622399998,106.6834,105.2748,-1.4086
134.479946208,106.6834,105.28,-1.4033
134.519946192,106.6834,105.2852,-1.3981
134.559946176,106.6834,105.2905,-1.3928
134.59994616,106.6834,105.2958,-1.3875
134.639946144,106.6834,105.3011,-1.3822
134.67994612799998,106.6834,105.3064,-1.3769
134.719946112,106.6834,105.3117,-1.3716
134.759946096,106.6834,105.317,-1.3663
134.79994608,106.6834,105.3223,-1.361
134.83994606399997,106.6834,105.3275,-1.3558
134.879946048,106.6834,105.3328,-1.3505
134.919946032,106.6834,105.338,-1.3453
134.959946016,106.6834,105.3433,-1.34
134.99994600000002,106.6834,105.3486,-1.3347
135.03994598399998,106.6834,105.3538,-1.3295
135.079945968,106.6834,105.3591,-1.3242
135.119945952,106.6834,105.3644,-1.3189
135.159945936,106.7839,105.3697,-1.4141
135.19994592,106.7839,105.375,-1.4088
135.239945904,106.7839,105.3802,-1.4036
135.279945888,106.7839,105.3855,-1.3983
135.319945872,106.7839,105.3907,-1.3931
135.359945856,106.7839,105.396,-1.3878
135.39994584000002,106.7839,105.4012,-1.3826
135.43994582399998,106.7839,105.4065,-1.3773
135.479945808,106.7839,105.4118,-1.372
135.519945792,106.7839,105.4171,-1.3667
135.559945776,106.7839,105.4223,-1.3615
135.59994576,106.7839,105.4276,-1.3562
135.639945744,106.7839,105.4329,-1.3509
135.67994572799998,106.7839,105.4381,-1.3457
135.719945712,106.7839,105.4434,-1.3404
135.759945696,106.7839,105.4487,-1.3351
135.79994568,106.7839,105.454,-1.3299
135.839945664,106.7839,105.4592,-1.3246
135.879945648,106.7839,105.4645,-1.3193
135.919945632,106.7839,105.4699,-1.3139
135.959945616,106.8843,105.4751,-1.4092
135.99994560000002,106.8843,105.4804,-1.4039
136.039945584,106.8843,105.4856,-1.3987
136.079945568,106.8843,105.4909,-1.3934
136.119945552,106.8843,105.4961,-1.3882
136.159945536,106.8843,105.5014,-1.3829
136.19994552,106.8843,105.5066,-1.3777
136.23994550400002,106.8843,105.5119,-1.3724
136.27994548799998,106.8843,105.5172,-1.3671
136.319945472,106.8843,105.5224,-1.3619
136.359945456,106.8843,105.5277,-1.3566
136.39994544,106.8843,105.5329,-1.3514
136.439945424,106.8843,105.5382,-1.3461
136.479945408,106.8843,105.5435,-1.3408
136.51994539199998,106.8843,105.5487,-1.3356
136.559945376,106.8843,105.5541,-1.3302
136.59994536,106.8843,105.5593,-1.325
136.639945344,106.8843,105.5646,-1.3197
136.67994532799997,106.8843,105.5698,-1.3144
136.719945312,106.8843,105.5751,-1.3092
136.75994529599998,106.9849,105.5804,-1.4044
136.79994528,106.9849,105.5857,-1.3991
136.839945264,106.9849,105.5909,-1.3939
136.87994524799998,106.9849,105.5962,-1.3886
136.919945232,106.9849,105.6014,-1.3834
136.959945216,106.9849,105.6067,-1.3781
136.9999452,106.9849,105.612,-1.3728
137.039945184,106.9849,105.6172,-1.3676
137.07994516800002,106.9849,105.6225,-1.3623
137.11994515199999,106.9849,105.6277,-1.3571
137.159945136,106.9849,105.633,-1.3518
137.19994512,106.9849,105.6383,-1.3465
137.23994510400001,106.9849,105.6435,-1.3413
137.279945088,106.9849,105.6488,-1.336
137.319945072,106.9849,105.654,-1.3308
137.359945056,106.9849,105.6593,-1.3255
137.39994504,106.9849,105.6645,-1.3203
137.439945024,106.9849,105.6698,-1.315
137.47994500800002,106.9849,105.6751,-1.3097
137.51994499199998,106.9849,105.6804,-1.3044
137.559944976,107.0854,105.6857,-1.3996
137.59994496,107.0854,105.691,-1.3943
137.639944944,107.0854,105.6963,-1.389
137.679944928,107.0854,105.7016,-1.3838
137.719944912,107.0854,105.7068,-1.3785
137.75994489599998,107.0854,105.7121,-1.3732
137.79994488,107.0854,105.7174,-1.3679
137.839944864,107.0854,105.7227,-1.3626
137.879944848,107.0854,105.728,-1.3573
137.919944832,107.0854,105.7333,-1.352
137.959944816,107.0854,105.7385,-1.3468
137.9999448,107.0854,105.7438,-1.3415
138.039944784,107.0854,105.7491,-1.3362
138.07994476800002,107.0854,105.7543,-1.331
138.11994475199998,107.0854,105.7596,-1.3257
138.159944736,107.0854,105.7649,-1.3204
138.19994472,107.0854,105.7702,-1.3151
138.239944704,107.0854,105.7755,-1.3098
138.279944688,107.0854,105.7807,-1.3046
138.31994467200002,107.0854,105.786,-1.2993
138.35994465599998,107.1859,105.7913,-1.3946
138.39994464,107.1859,105.7965,-1.3893
138.439944624,107.1859,105.8018,-1.384
138.479944608,107.1859,105.8071,-1.3787
138.519944592,107.1859,105.8124,-1.3734
138.559944576,107.1859,105.8177,-1.3681
138.59994455999998,107.1859,105.823,-1.3628
138.639944544,107.1859,105.8283,-1.3576
138.679944528,107.1859,105.8336,-1.3522
138.719944512,107.1859,105.8388,-1.347
138.75994449599997,107.1859,105.8441,-1.3417
138.79994448,107.1859,105.8494,-1.3364
138.83994446399998,107.1859,105.8547,-1.3311
138.879944448,107.1859,105.8599,-1.3259
138.91994443200002,107.1859,105.8652,-1.3206
138.95994441599998,107.1859,105.8704,-1.3154
138.9999444,107.1859,105.8757,-1.3101
139.039944384,107.1859,105.881,-1.3049
139.079944368,107.1859,105.8862,-1.2996
139.119944352,107.1859,105.8915,-1.2943
139.159944336,107.2864,105.8968,-1.3895
139.19994432,107.2864,105.9022,-1.3842
139.239944304,107.2864,105.9075,-1.3788
139.279944288,107.2864,105.9128,-1.3735
139.31994427200001,107.2864,105.9181,-1.3682
139.35994425599998,107.2864,105.9234,-1.3629
139.39994424,107.2864,105.9287,-1.3576
139.439944224,107.2864,105.9339,-1.3524
139.479944208,107.2864,105.9392,-1.3471
139.519944192,107.2864,105.9444,-1.3419
139.55994417600002,107.2864,105.9497,-1.3366
139.59994415999998,107.2864,105.955,-1.3313
139.639944144,107.2864,105.9602,-1.3261
139.679944128,107.2864,105.9655,-1.3208
139.719944112,107.2864,105.9708,-1.3155
139.759944096,107.2864,105.9761,-1.3103
139.79994408,107.2864,105.9813,-1.305
139.83994406399998,107.2864,105.9866,-1.2997
139.879944048,107.2864,105.9918,-1.2945
139.91994403200002,107.2864,105.9971,-1.2893
139.959944016,107.3869,106.0023,-1.3845
139.999944,107.3869,106.0075,-1.3793
140.039943984,107.3869,106.0128,-1.374
140.079943968,107.3869,106.018,-1.3688
140.119943952,107.3869,106.0233,-1.3635
140.15994393600002,107.3869,106.0285,-1.3583
140.19994391999998,107.3869,106.0338,-1.353
140.239943904,107.3869,106.0391,-1.3477
140.279943888,107.3869,106.0443,-1.3425
140.319943872,107.3869,106.0496,-1.3372
140.359943856,107.3869,106.0548,-1.332
140.39994384,107.3869,106.0601,-1.3267
140.43994382399998,107.3869,106.0654,-1.3214
140.479943808,107.3869,106.0706,-1.3162
140.519943792,107.3869,106.0759,-1.3109
140.559943776,107.3869,106.0811,-1.3057
140.59994375999997,107.3869,106.0863,-1.3005
140.639943744,107.3869,106.0916,-1.2952
140.67994372799998,107.3869,106.0968,-1.29
140.719943712,107.3869,106.102,-1.2848
140.759943696,107.4874,106.1073,-1.38
140.79994368,107.4874,106.1125,-1.3748
140.83994366399997,107.4874,106.1177,-1.3696
140.879943648,107.4874,106.123,-1.3643
140.919943632,107.4874,106.1282,-1.3591
140.959943616,107.4874,106.1334,-1.3539
140.99994360000002,107.4874,106.1386,-1.3487
141.03994358399999,107.4874,106.1438,-1.3435
141.079943568,107.4874,106.1491,-1.3383
141.119943552,107.4874,106.1542,-1.3331
141.15994353600001,107.4874,106.1595,-1.3279
141.19994352,107.4874,106.1647,-1.3226
141.239943504,107.4874,106.1699,-1.3174
141.279943488,107.4874,106.1752,-1.3121
141.319943472,107.4874,106.1804,-1.3069
141.359943456,107.4874,106.1857,-1.3017
141.39994344000002,107.4874,106.1909,-1.2964
141.43994342399998,107.4874,106.1961,-1.2912
141.479943408,107.4874,106.2013,-1.286
141.519943392,107.4874,106.2066,-1.2808
141.559943376,107.5879,106.2117,-1.3761
141.59994336,107.5879,106.217,-1.3708
141.639943344,107.5879,106.2222,-1.3657
141.67994332799998,107.5879,106.2274,-1.3604
141.719943312,107.5879,106.2326,-1.3552
141.759943296,107.5879,106.2378,-1.35
141.79994328,107.5879,106.2431,-1.3447
141.839943264,107.5879,106.2483,-1.3395
141.879943248,107.5879,106.2535,-1.3343
141.919943232,107.5879,106.2587,-1.3291
141.959943216,107.5879,106.2639,-1.3239
141.99994320000002,107.5879,106.2691,-1.3187
142.039943184,107.5879,106.2743,-1.3135
142.079943168,107.5879,106.2796,-1.3083
142.119943152,107.5879,106.2848,-1.303
142.159943136,107.5879,106.2901,-1.2977
142.19994312,107.5879,106.2953,-1.2925
142.23994310400002,107.5879,106.3006,-1.2872
142.27994308799998,107.5879,106.3059,-1.282
142.319943072,107.5879,106.3111,-1.2767
142.359943056,107.6884,106.3163,-1.372
142.39994304,107.6884,106.3215,-1.3668
142.439943024,107.6884,106.3267,-1.3616
142.479943008,107.6884,106.332,-1.3564
142.51994299199998,107.6884,106.3372,-1.3512
142.559942976,107.6884,106.3424,-1.3459
142.59994296,107.6884,106.3476,-1.3407
142.639942944,107.6884,106.3529,-1.3355
142.67994292799997,107.6884,106.3581,-1.3302
142.719942912,107.6884,106.3633,-1.325
142.75994289599998,107.6884,106.3686,-1.3198
142.79994288,107.6884,106.3738,-1.3145
142.839942864,107.6884,106.3791,-1.3093
142.87994284799998,107.6884,106.3843,-1.304
142.919942832,107.6884,106.3895,-1.2988
142.959942816,107.6884,106.3947,-1.2936
142.9999428,107.6884,106.4,-1.2883
143.039942784,107.6884,106.4052,-1.2831
143.079942768,107.6884,106.4105,-1.2778
143.119942752,107.6884,106.4157,-1.2726
143.159942736,107.7889,106.421,-1.3678
143.19994272,107.7889,106.4262,-1.3626
143.23994270400001,107.7889,106.4315,-1.3573
143.279942688,107.7889,106.4368,-1.352
143.319942672,107.7889,106.4421,-1.3467
143.359942656,107.7889,106.4474,-1.3414
143.39994264,107.7889,106.4526,-1.3362
143.439942624,107.7889,106.4578,-1.331
143.47994260800002,107.7889,106.4632,-1.3257
143.51994259199998,107.7889,106.4684,-1.3204
143.559942576,107.7889,106.4736,-1.3152
143.59994256,107.7889,106.4789,-1.3099
143.639942544,107.7889,106.4841,-1.3047
143.679942528,107.7889,106.4894,-1.2994
143.719942512,107.7889,106.4947,-1.2942
143.75994249599998,107.7889,106.5,-1.2889
143.79994248,107.7889,106.5052,-1.2836
143.839942464,107.7889,106.5105,-1.2783
143.879942448,107.7889,106.5157,-1.2731
143.919942432,107.7889,106.521,-1.2678
143.959942416,107.8894,106.5263,-1.3631
143.9999424,107.8894,106.5316,-1.3578
144.039942384,107.8894,106.5368,-1.3525
144.07994236800002,107.8894,106.5421,-1.3473
144.11994235199998,107.8894,106.5474,-1.342
144.159942336,107.8894,106.5526,-1.3367
144.19994232,107.8894,106.5579,-1.3315
144.239942304,107.8894,106.5632,-1.3261
144.279942288,107.8894,106.5684,-1.3209
144.319942272,107.8894,106.5737,-1.3156
144.35994225599998,107.8894,106.579,-1.3103
144.39994224,107.8894,106.5842,-1.3051
144.439942224,107.8894,106.5895,-1.2998
144.479942208,107.8894,106.5948,-1.2946
144.519942192,107.8894,106.6001,-1.2893
144.559942176,107.8894,106.6053,-1.284
144.59994215999998,107.8894,106.6105,-1.2788
144.639942144,107.8894,106.6158,-1.2735
144.679942128,107.8894,106.6211,-1.2682
144.719942112,107.8894,106.6264,-1.263
144.75994209599997,107.9899,106.6316,-1.3582
144.79994208,107.9899,106.6369,-1.353
144.839942064,107.9899,106.6422,-1.3477
144.879942048,107.9899,106.6474,-1.3424
144.91994203200002,107.9899,106.6527,-1.3372
144.95994201599999,107.9899,106.6579,-1.3319
144.999942,107.9899,106.6631,-1.3267
145.039941984,107.9899,106.6684,-1.3215
145.079941968,107.9899,106.6737,-1.3162
145.119941952,107.9899,106.6789,-1.311
145.159941936,107.9899,106.6841,-1.3057
145.19994192,107.9899,106.6894,-1.3004
145.239941904,107.9899,106.6946,-1.2952
145.279941888,107.9899,106.6999,-1.29
145.31994187200002,107.9899,106.705,-1.2848
145.35994185599998,107.9899,106.7102,-1.2796
145.39994184,107.9899,106.7155,-1.2744
145.439941824,107.9899,106.7207,-1.2691
145.479941808,107.9899,106.7259,-1.2639
145.519941792,107.9899,106.7311,-1.2587
145.559941776,108.0904,106.7362,-1.3541
145.59994175999998,108.0904,106.7415,-1.3488
145.639941744,108.0904,106.7467,-1.3437
145.679941728,108.0904,106.7519,-1.3384
145.719941712,108.0904,106.7572,-1.3332
145.759941696,108.0904,106.7623,-1.328
145.79994168,108.0904,106.7676,-1.3227
145.839941664,108.0904,106.7728,-1.3175
145.879941648,108.0904,106.7781,-1.3122
145.91994163200002,108.0904,106.7834,-1.307
145.959941616,108.0904,106.7885,-1.3018
145.9999416,108.0904,106.7938,-1.2966
146.039941584,108.0904,106.799,-1.2913
146.079941568,108.0904,106.8042,-1.2861
146.119941552,108.0904,106.8095,-1.2808
146.15994153600002,108.0904,106.8148,-1.2756
146.19994151999998,108.0904,106.82,-1.2704
146.239941504,108.0904,106.8252,-1.2652
146.279941488,108.0904,106.8303,-1.26
146.319941472,108.0904,106.8356,-1.2547
146.359941456,108.1909,106.8408,-1.35
146.39994144,108.1909,106.846,-1.3449
146.43994142399998,108.1909,106.8512,-1.3396
146.479941408,108.1909,106.8564,-1.3345
146.519941392,108.1909,106.8615,-1.3293
146.559941376,108.1909,106.8668,-1.3241
146.59994135999997,108.1909,106.8719,-1.3189
146.639941344,108.1909,106.8772,-1.3136
146.67994132799998,108.1909,106.8824,-1.3084
146.719941312,108.1909,106.8876,-1.3032
146.759941296,108.1909,106.8928,-1.298
146.79994127999998,108.1909,106.898,-1.2928
146.839941264,108.1909,106.9032,-1.2876
146.879941248,108.1909,106.9084,-1.2824
146.919941232,108.1909,106.9136,-1.2772
146.959941216,108.1909,106.9189,-1.2719
146.99994120000002,108.1909,106.9241,-1.2667
147.03994118399999,108.1909,106.9293,-1.2615
147.079941168,108.1909,106.9345,-1.2563
147.119941152,108.1909,106.9398,-1.2511
147.15994113600001,108.2914,106.945,-1.3464
147.19994112,108.2914,106.9502,-1.3412
147.239941104,108.2914,106.9554,-1.3359
147.279941088,108.2914,106.9606,-1.3308
147.319941072,108.2914,106.9658,-1.3256
147.359941056,108.2914,106.971,-1.3204
147.39994104000002,108.2914,106.9762,-1.3151
147.43994102399998,108.2914,106.9813,-1.31
147.479941008,108.2914,106.9865,-1.3048
147.519940992,108.2914,106.9918,-1.2996
147.559940976,108.2914,106.997,-1.2944
147.59994096,108.2914,107.0022,-1.2891
147.639940944,108.2914,107.0074,-1.2839
147.67994092799998,108.2914,107.0126,-1.2787
147.719940912,108.2914,107.0178,-1.2735
147.759940896,108.2914,107.0231,-1.2683
147.79994088,108.2914,107.0283,-1.263
147.839940864,108.2914,107.0336,-1.2578
147.879940848,108.2914,107.0388,-1.2526
147.919940832,108.2914,107.044,-1.2473
147.959940816,108.3919,107.0492,-1.3426
147.99994080000002,108.3919,107.0545,-1.3374
148.03994078399998,108.3919,107.0597,-1.3321
148.079940768,108.3919,107.0649,-1.327
148.119940752,108.3919,107.0702,-1.3217
148.159940736,108.3919,107.0754,-1.3165
148.19994072,108.3919,107.0806,-1.3112
148.23994070400002,108.3919,107.0858,-1.306
148.27994068799998,108.3919,107.091,-1.3008
148.319940672,108.3919,107.0963,-1.2956
148.359940656,108.3919,107.1015,-1.2903
148.39994064,108.3919,107.1068,-1.2851
148.439940624,108.3919,107.112,-1.2798
148.479940608,108.3919,107.1173,-1.2746
148.51994059199998,108.3919,107.1225,-1.2693
148.559940576,108.3919,107.1278,-1.264
148.59994056,108.3919,107.133,-1.2588
148.639940544,108.3919,107.1383,-1.2536
148.67994052799997,108.3919,107.1435,-1.2483
148.719940512,108.3919,107.1488,-1.2431
148.75994049599998,108.4924,107.154,-1.3383
148.79994048,108.4924,107.1592,-1.3331
148.83994046400002,108.4924,107.1645,-1.3278
148.87994044799999,108.4924,107.1697,-1.3226
148.919940432,108.4924,107.175,-1.3174
148.959940416,108.4924,107.1802,-1.3122
148.9999404,108.4924,107.1854,-1.3069
149.039940384,108.4924,107.1906,-1.3018
149.079940368,108.4924,107.1958,-1.2965
149.119940352,108.4924,107.2011,-1.2913
149.159940336,108.4924,107.2062,-1.2861
149.19994032,108.4924,107.2115,-1.2809
149.23994030400002,108.4924,107.2167,-1.2757
149.27994028799998,108.4924,107.2218,-1.2705
149.319940272,108.4924,107.227,-1.2653
149.359940256,108.4924,107.2323,-1.2601
149.39994024,108.4924,107.2375,-1.2549
149.439940224,108.4924,107.2427,-1.2496
149.47994020800002,108.4924,107.248,-1.2444
149.51994019199998,108.4924,107.2532,-1.2391
149.559940176,108.5929,107.2584,-1.3345
149.59994016,108.5929,107.2636,-1.3292
149.639940144,108.5929,107.2688,-1.324
149.679940128,108.5929,107.274,-1.3188
149.719940112,108.5929,107.2793,-1.3136
149.75994009599998,108.5929,107.2844,-1.3085
149.79994008,108.5929,107.2896,-1.3032
149.83994006400002,108.5929,107.2948,-1.298
149.879940048,108.5929,107.3,-1.2929
149.919940032,108.5929,107.3052,-1.2876
149.959940016,108.5929,107.3104,-1.2824
149.99994,108.5929,107.3157,-1.2772
150.039939984,108.5929,107.3209,-1.272
150.07993996800002,108.5929,107.3261,-1.2668
150.11993995199998,108.5929,107.3313,-1.2616
150.159939936,108.5929,107.3365,-1.2564
150.19993992,108.5929,107.3416,-1.2512
150.239939904,108.5929,107.3469,-1.246
150.279939888,108.5929,107.3521,-1.2408
150.319939872,108.5929,107.3572,-1.2356
150.35993985599998,108.6934,107.3624,-1.3309
150.39993984,108.6934,107.3675,-1.3258
150.439939824,108.6934,107.3727,-1.3206
150.479939808,108.6934,107.378,-1.3154
150.51993979199997,108.6934,107.3831,-1.3102
150.559939776,108.6934,107.3884,-1.305
150.59993975999998,108.6934,107.3936,-1.2998
150.639939744,108.6934,107.3988,-1.2946
150.679939728,108.6934,107.4041,-1.2893
150.719939712,108.6934,107.4092,-1.2842
150.759939696,108.6934,107.4144,-1.2789
150.79993968,108.6934,107.4196,-1.2737
150.839939664,108.6934,107.4248,-1.2686
150.879939648,108.6934,107.43,-1.2633
150.91993963200002,108.6934,107.4352,-1.2582
150.95993961599999,108.6934,107.4403,-1.253
150.9999396,108.6934,107.4456,-1.2478
151.039939584,108.6934,107.4507,-1.2426
151.07993956800001,108.6934,107.4559,-1.2374
151.119939552,108.6934,107.4611,-1.2322
151.159939536,108.7939,107.4663,-1.3276
151.19993952,108.7939,107.4715,-1.3224
151.239939504,108.7939,107.4766,-1.3173
151.279939488,108.7939,107.4818,-1.3121
151.31993947200002,108.7939,107.487,-1.3069
151.35993945599998,108.7939,107.4921,-1.3017
151.39993944,108.7939,107.4973,-1.2965
151.439939424,108.7939,107.5025,-1.2914
151.479939408,108.7939,107.5077,-1.2862
151.519939392,108.7939,107.5129,-1.281
151.559939376,108.7939,107.518,-1.2759
151.59993935999998,108.7939,107.5232,-1.2706
151.639939344,108.7939,107.5284,-1.2655
151.679939328,108.7939,107.5335,-1.2604
151.719939312,108.7939,107.5387,-1.2551
151.759939296,108.7939,107.5438,-1.25
151.79993928,108.7939,107.549,-1.2448
151.839939264,108.7939,107.5542,-1.2397
151.879939248,108.7939,107.5593,-1.2345
151.91993923200002,108.7939,107.5645,-1.2293
151.959939216,108.8944,107.5697,-1.3247
151.9999392,108.8944,107.5748,-1.3195
152.039939184,108.8944,107.58,-1.3143
152.079939168,108.8944,107.5852,-1.3092
152.119939152,108.8944,107.5904,-1.304
152.15993913600002,108.8944,107.5956,-1.2988
152.19993911999998,108.8944,107.6007,-1.2937
152.239939104,108.8944,107.6059,-1.2884
152.279939088,108.8944,107.6111,-1.2833
152.319939072,108.8944,107.6162,-1.2781
152.359939056,108.8944,107.6215,-1.2729
152.39993904,108.8944,107.6267,-1.2677
152.43993902399998,108.8944,107.6319,-1.2625
152.479939008,108.8944,107.6371,-1.2573
152.519938992,108.8944,107.6423,-1.2521
152.559938976,108.8944,107.6475,-1.2469
152.59993895999997,108.8944,107.6526,-1.2417
152.639938944,108.8944,107.6578,-1.2366
152.67993892799998,108.8944,107.663,-1.2313
152.719938912,108.8944,107.6681,-1.2262
152.759938896,108.9949,107.6734,-1.3215
152.79993887999998,108.9949,107.6785,-1.3163
152.839938864,108.9949,107.6838,-1.3111
152.879938848,108.9949,107.689,-1.3059
152.919938832,108.9949,107.6941,-1.3008
152.959938816,108.9949,107.6993,-1.2955
152.9999388,108.9949,107.7045,-1.2903
153.039938784,108.9949,107.7097,-1.2852
153.079938768,108.9949,107.7149,-1.28
153.119938752,108.9949,107.72,-1.2749
153.15993873600002,108.9949,107.7251,-1.2697
153.19993871999998,108.9949,107.7303,-1.2645
153.239938704,108.9949,107.7355,-1.2594
153.279938688,108.9949,107.7407,-1.2542
153.319938672,108.9949,107.7458,-1.2491
153.359938656,108.9949,107.7509,-1.2439
153.39993864000002,108.9949,107.7561,-1.2388
153.43993862399998,108.9949,107.7612,-1.2336
153.479938608,108.9949,107.7664,-1.2285
153.519938592,108.9949,107.7716,-1.2233
153.559938576,109.0954,107.7767,-1.3187
153.59993856,109.0954,107.782,-1.3134
153.639938544,109.0954,107.7871,-1.3083
153.67993852799998,109.0954,107.7923,-1.3031
153.719938512,109.0954,107.7975,-1.2979
153.75993849600002,109.0954,107.8026,-1.2927
153.79993848,109.0954,107.8078,-1.2875
153.839938464,109.0954,107.813,-1.2823
153.879938448,109.0954,107.8181,-1.2772
153.919938432,109.0954,107.8233,-1.272
153.959938416,109.0954,107.8284,-1.2669
153.99993840000002,109.0954,107.8336,-1.2618
154.03993838399998,109.0954,107.8387,-1.2566
154.079938368,109.0954,107.8438,-1.2515
154.119938352,109.0954,107.849,-1.2464
154.159938336,109.0954,107.8542,-1.2412
154.19993832,109.0954,107.8593,-1.2361
154.239938304,109.0954,107.8645,-1.2309
154.27993828799998,109.0954,107.8696,-1.2258
154.319938272,109.0954,107.8747,-1.2206
154.359938256,109.1959,107.8799,-1.3159
154.39993824,109.1959,107.8851,-1.3108
154.43993822399997,109.1959,107.8902,-1.3056
154.479938208,109.1959,107.8954,-1.3004
154.51993819199998,109.1959,107.9005,-1.2953
154.559938176,109.1959,107.9057,-1.2902
154.59993816,109.1959,107.9108,-1.285
154.639938144,109.1959,107.916,-1.2799
154.67993812799997,109.1959,107.9211,-1.2748
154.719938112,109.1959,107.9262,-1.2697
154.759938096,109.1959,107.9314,-1.2645
154.79993808,109.1959,107.9365,-1.2593
154.83993806400002,109.1959,107.9417,-1.2542
154.87993804799999,109.1959,107.9468,-1.249
154.919938032,109.1959,107.952,-1.2439
154.959938016,109.1959,107.9571,-1.2388
154.99993800000001,109.1959,107.9622,-1.2337
155.039937984,109.1959,107.9674,-1.2285
155.079937968,109.1959,107.9725,-1.2233
155.119937952,109.1959,107.9777,-1.2182
155.159937936,109.2964,107.9829,-1.3135
155.19993792,109.2964,107.988,-1.3083
155.23993790400002,109.2964,107.9932,-1.3032
155.27993788799998,109.2964,107.9984,-1.298
155.319937872,109.2964,108.0036,-1.2928
155.359937856,109.2964,108.0087,-1.2876
155.39993784,109.2964,108.014,-1.2824
155.439937824,109.2964,108.0191,-1.2772
155.479937808,109.2964,108.0243,-1.2721
155.51993779199998,109.2964,108.0295,-1.2669
155.559937776,109.2964,108.0345,-1.2618
155.59993776,109.2964,108.0398,-1.2566
155.639937744,109.2964,108.0449,-1.2514
155.67993772799997,109.2964,108.0501,-1.2463
155.719937712,109.2964,108.0552,-1.2411
155.759937696,109.2964,108.0603,-1.236
155.79993768,109.2964,108.0655,-1.2308
155.83993766400002,109.2964,108.0707,-1.2257
155.879937648,109.2964,108.0758,-1.2206
155.919937632,109.2964,108.081,-1.2154
155.959937616,109.3969,108.0861,-1.3107
155.9999376,109.3969,108.0913,-1.3056
156.039937584,109.3969,108.0965,-1.3004
156.07993756800002,109.3969,108.1016,-1.2953
156.11993755199998,109.3969,108.1068,-1.2901
156.159937536,109.3969,108.1119,-1.2849
156.19993752,109.3969,108.117,-1.2798
156.239937504,109.3969,108.1223,-1.2746
156.279937488,109.3969,108.1273,-1.2695
156.319937472,109.3969,108.1325,-1.2644
156.35993745599998,109.3969,108.1377,-1.2592
156.39993744,109.3969,108.1429,-1.254
156.439937424,109.3969,108.1481,-1.2488
156.479937408,109.3969,108.1532,-1.2436
156.51993739199997,109.3969,108.1584,-1.2385
156.559937376,109.3969,108.1636,-1.2333
156.59993735999998,109.3969,108.1688,-1.2281
156.639937344,109.3969,108.1739,-1.2229
156.679937328,109.3969,108.1791,-1.2177
156.71993731199998,109.3969,108.1843,-1.2126
156.759937296,109.4974,108.1895,-1.3078
156.79993728,109.4974,108.1947,-1.3027
156.839937264,109.4974,108.1998,-1.2975
156.879937248,109.4974,108.205,-1.2924
156.919937232,109.4974,108.2101,-1.2872
156.959937216,109.4974,108.2153,-1.2821
156.9999372,109.4974,108.2204,-1.2769
157.039937184,109.4974,108.2256,-1.2718
157.07993716800001,109.4974,108.2308,-1.2666
157.119937152,109.4974,108.236,-1.2614
157.159937136,109.4974,108.2411,-1.2563
157.19993712,109.4974,108.2463,-1.2511
157.239937104,109.4974,108.2515,-1.2459
157.279937088,109.4974,108.2567,-1.2407
157.31993707200002,109.4974,108.2618,-1.2355
157.35993705599998,109.4974,108.267,-1.2304
157.39993704,109.4974,108.2722,-1.2252
157.439937024,109.4974,108.2773,-1.22
157.479937008,109.4974,108.2825,-1.2149
157.519936992,109.4974,108.2877,-1.2097
157.559936976,109.5979,108.2928,-1.305
157.59993695999998,109.5979,108.298,-1.2998
157.639936944,109.5979,108.3032,-1.2947
157.679936928,109.5979,108.3083,-1.2895
157.719936912,109.5979,108.3135,-1.2843
157.759936896,109.5979,108.3187,-1.2792
157.79993688,109.5979,108.3239,-1.274
157.839936864,109.5979,108.3291,-1.2688
157.879936848,109.5979,108.3342,-1.2637
157.91993683200002,109.5979,108.3394,-1.2584
157.95993681599998,109.5979,108.3446,-1.2533
157.9999368,109.5979,108.3497,-1.2481
158.039936784,109.5979,108.3549,-1.243
158.079936768,109.5979,108.3601,-1.2378
158.119936752,109.5979,108.3652,-1.2326
158.159936736,109.5979,108.3704,-1.2275
158.19993671999998,109.5979,108.3756,-1.2223
158.239936704,109.5979,108.3808,-1.2171
158.279936688,109.5979,108.3859,-1.212
158.319936672,109.5979,108.391,-1.2069
158.359936656,109.6984,108.3962,-1.3022
158.39993664,109.6984,108.4013,-1.297
158.43993662399998,109.6984,108.4065,-1.2919
158.479936608,109.6984,108.4116,-1.2867
158.519936592,109.6984,108.4168,-1.2816
158.559936576,109.6984,108.4219,-1.2764
158.59993655999997,109.6984,108.427,-1.2713
158.639936544,109.6984,108.4322,-1.2662
158.67993652799998,109.6984,108.4373,-1.2611
158.719936512,109.6984,108.4424,-1.2559
158.75993649600002,109.6984,108.4476,-1.2507
158.79993647999999,109.6984,108.4528,-1.2456
158.839936464,109.6984,108.4579,-1.2405
158.879936448,109.6984,108.4631,-1.2353
158.91993643200001,109.6984,108.4682,-1.2302
158.959936416,109.6984,108.4734,-1.225
158.9999364,109.6984,108.4786,-1.2198
159.039936384,109.6984,108.4837,-1.2147
159.079936368,109.6984,108.4889,-1.2095
159.119936352,109.6984,108.494,-1.2044
159.15993633600002,109.7989,108.4991,-1.2997
159.19993631999998,109.7989,108.5043,-1.2946
159.239936304,109.7989,108.5095,-1.2894
159.279936288,109.7989,108.5146,-1.2843
159.319936272,109.7989,108.5198,-1.2791
159.359936256,109.7989,108.5249,-1.274
159.39993624,109.7989,108.5301,-1.2688
159.43993622399998,109.7989,108.5352,-1.2637
159.479936208,109.7989,108.5404,-1.2585
159.519936192,109.7989,108.5456,-1.2533
159.559936176,109.7989,108.5507,-1.2482
159.59993616,109.7989,108.5559,-1.243
159.639936144,109.7989,108.561,-1.2379
159.67993612799998,109.7989,108.5661,-1.2328
159.719936112,109.7989,108.5713,-1.2276
159.75993609600002,109.7989,108.5764,-1.2224
159.79993608,109.7989,108.5816,-1.2173
159.839936064,109.7989,108.5868,-1.2121
159.879936048,109.7989,108.5919,-1.207
159.919936032,109.7989,108.5971,-1.2018
159.959936016,109.8994,108.6023,-1.2971
159.99993600000002,109.8994,108.6074,-1.292
160.03993598399998,109.8994,108.6126,-1.2868
160.079935968,109.8994,108.6177,-1.2817
160.119935952,109.8994,108.6229,-1.2765
160.159935936,109.8994,108.6281,-1.2713
160.19993592,109.8994,108.6332,-1.2662
160.239935904,109.8994,108.6383,-1.261
160.27993588799998,109.8994,108.6435,-1.2559
160.319935872,109.8994,108.6486,-1.2508
160.359935856,109.8994,108.6538,-1.2456
160.39993584,109.8994,108.6589,-1.2404
160.43993582399997,109.8994,108.6641,-1.2353
160.479935808,109.8994,108.6692,-1.2302
160.51993579199998,109.8994,108.6744,-1.225
160.559935776,109.8994,108.6795,-1.2199
160.59993576,109.8994,108.6846,-1.2148
160.63993574399998,109.8994,108.6898,-1.2096
160.67993572799998,109.8994,108.695,-1.2044
160.719935712,109.8994,108.7001,-1.1993
160.759935696,109.9999,108.7052,-1.2947
160.79993568,109.9999,108.7104,-1.2895
160.83993566400002,109.9999,108.7155,-1.2844
160.879935648,109.9999,108.7207,-1.2792
160.919935632,109.9999,108.7258,-1.2741
160.959935616,109.9999,108.731,-1.2689
160.99993560000001,109.9999,108.7361,-1.2637
161.039935584,109.9999,108.7413,-1.2586
161.079935568,109.9999,108.7465,-1.2534
161.119935552,109.9999,108.7516,-1.2482
161.159935536,109.9999,108.7568,-1.243
161.19993552,109.9999,108.7621,-1.2378
161.23993550400002,109.9999,108.7672,-1.2326
161.27993548799998,109.9999,108.7724,-1.2275
161.319935472,109.9999,108.7776,-1.2223
161.359935456,109.9999,108.7827,-1.2172
161.39993544,109.9999,108.7879,-1.212
161.439935424,109.9999,108.7931,-1.2068
161.479935408,109.9999,108.7983,-1.2016
161.51993539199998,109.9999,108.8035,-1.1964
161.559935376,110.0,108.8086,-1.1912
161.59993536,110.0,108.8138,-1.186
161.639935344,110.0,108.8191,-1.1808
161.679935328,110.0,108.8242,-1.1757
161.719935312,110.0,108.8294,-1.1705
161.759935296,110.0,108.8345,-1.1654
161.79993528,110.0,108.8397,-1.1602
161.83993526400002,110.0,108.8448,-1.155
161.87993524799998,110.0,108.85,-1.1499
161.919935232,110.0,108.8552,-1.1447
161.959935216,110.0,108.8604,-1.1395
161.9999352,110.0,108.8656,-1.1343
162.039935184,110.0,108.8707,-1.1291
162.07993516800002,110.0,108.8759,-1.124
162.11993515199998,110.0,108.8811,-1.1188
162.159935136,110.0,108.8863,-1.1136
162.19993512,110.0,108.8915,-1.1084
162.239935104,110.0,108.8967,-1.1032
162.279935088,110.0,108.9019,-1.098
162.319935072,110.0,108.9071,-1.0928
162.35993505599998,109.8994,108.9123,-0.9871
162.39993504,109.8994,108.9174,-0.982
162.439935024,109.8994,108.9226,-0.9768
162.479935008,109.8994,108.9277,-0.9716
162.51993499199997,109.8994,108.9329,-0.9664
162.559934976,109.8994,108.9382,-0.9612
162.59993495999998,109.8994,108.9433,-0.9561
162.639934944,109.8994,108.9486,-0.9508
162.679934928,109.8994,108.9537,-0.9456
162.71993491199999,109.8994,108.9589,-0.9405
162.759934896,109.8994,108.9641,-0.9353
162.79993488,109.8994,108.9692,-0.9301
162.839934864,109.8994,108.9744,-0.9249
162.879934848,109.8994,108.9797,-0.9197
162.919934832,109.8994,108.9848,-0.9145
162.959934816,109.8994,108.99,-0.9094
162.9999348,109.8994,108.9951,-0.9042
163.039934784,109.8994,109.0002,-0.8991
163.07993476800002,109.8994,109.0054,-0.894
163.11993475199998,109.8994,109.0105,-0.8889
163.159934736,109.7989,109.0157,-0.7832
163.19993472,109.7989,109.0208,-0.778
163.239934704,109.7989,109.0259,-0.773
163.279934688,109.7989,109.0311,-0.7678
163.31993467200002,109.7989,109.0362,-0.7626
163.35993465599998,109.7989,109.0414,-0.7575
163.39993464,109.7989,109.0465,-0.7524
163.439934624,109.7989,109.0516,-0.7472
163.479934608,109.7989,109.0567,-0.7421
163.519934592,109.7989,109.0619,-0.737
163.559934576,109.7989,109.0669,-0.732
163.59993455999998,109.7989,109.072,-0.7268
163.639934544,109.7989,109.0771,-0.7218
163.679934528,109.7989,109.0822,-0.7167
163.719934512,109.7989,109.0873,-0.7116
163.759934496,109.7989,109.0923,-0.7066
163.79993448,109.7989,109.0974,-0.7015
163.839934464,109.7989,109.1025,-0.6964
163.879934448,109.7989,109.1075,-0.6914
163.91993443200002,109.7989,109.1126,-0.6863
163.95993441599998,109.6984,109.1176,-0.5807
163.9999344,109.6984,109.1227,-0.5757
164.039934384,109.6984,109.1277,-0.5706
164.079934368,109.6984,109.1328,-0.5656
164.119934352,109.6984,109.1378,-0.5606
164.159934336,109.6984,109.1428,-0.5556
164.19993431999998,109.6984,109.1477,-0.5506
164.239934304,109.6984,109.1528,-0.5456
164.279934288,109.6984,109.1577,-0.5406
164.319934272,109.6984,109.1627,-0.5357
164.35993425599997,109.6984,109.1677,-0.5307
164.39993424,109.6984,109.1726,-0.5258
164.43993422399998,109.6984,109.1775,-0.5208
164.479934208,109.6984,109.1824,-0.5159
164.519934192,109.6984,109.1874,-0.511
164.559934176,109.6984,109.1923,-0.506
164.59993415999998,109.6984,109.1972,-0.5012
164.639934144,109.6984,109.2021,-0.4963
164.679934128,109.6984,109.2069,-0.4915
164.719934112,109.6984,109.2117,-0.4867
164.75993409600002,109.5979,109.2166,-0.3813
164.79993407999999,109.5979,109.2214,-0.3765
164.839934064,109.5979,109.2262,-0.3717
164.879934048,109.5979,109.231,-0.3669
164.91993403200001,109.5979,109.2357,-0.3621
164.959934016,109.5979,109.2405,-0.3574
164.999934,109.5979,109.2453,-0.3526
165.039933984,109.5979,109.25,-0.3478
165.079933968,109.5979,109.2548,-0.3431
165.119933952,109.5979,109.2594,-0.3384
165.15993393600002,109.5979,109.2641,-0.3338
165.19993391999998,109.5979,109.2688,-0.3291
165.239933904,109.5979,109.2734,-0.3245
165.279933888,109.5979,109.278,-0.3198
165.319933872,109.5979,109.2826,-0.3152
165.359933856,109.5979,109.2872,-0.3106
165.39993384,109.5979,109.2918,-0.3061
165.43993382399998,109.5979,109.2963,-0.3016
165.479933808,109.5979,109.3008,-0.297
165.519933792,109.5979,109.3053,-0.2925
165.559933776,109.4974,109.3098,-0.1875
165.59993375999997,109.4974,109.3143,-0.183
165.639933744,109.4974,109.3187,-0.1786
165.679933728,109.4974,109.3232,-0.1742
165.719933712,109.4974,109.3276,-0.1698
165.75993369600002,109.4974,109.3319,-0.1654
165.79993368,109.4974,109.3363,-0.1611
165.839933664,109.4974,109.3406,-0.1568
165.879933648,109.4974,109.3449,-0.1524
165.919933632,109.4974,109.3492,-0.1481
165.959933616,109.4974,109.3535,-0.1439
165.99993360000002,109.4974,109.3578,-0.1396
166.03993358399998,109.4974,109.362,-0.1354
166.079933568,109.4974,109.3662,-0.1312
166.119933552,109.4974,109.3704,-0.127
166.159933536,109.4974,109.3745,-0.1229
166.19993352,109.4974,109.3787,-0.1187
166.239933504,109.4974,109.3828,-0.1146
166.27993348799998,109.4974,109.3868,-0.1106
166.319933472,109.4974,109.3909,-0.1065
166.359933456,109.3969,109.3948,-0.002
166.39993344,109.3969,109.3988,0.0018
166.43993342399997,109.3969,109.4028,0.0058
166.479933408,109.3969,109.4067,0.0098
166.51993339199998,109.3969,109.4107,0.0137
166.559933376,109.3969,109.4146,0.0177
166.59993336,109.3969,109.4185,0.0215
166.63993334399999,109.3969,109.4224,0.0254
166.679933328,109.3969,109.4262,0.0292
166.719933312,109.3969,109.43,0.0331
166.759933296,109.3969,109.4338,0.0368
166.79993328,109.3969,109.4375,0.0405
166.839933264,109.3969,109.4413,0.0443
166.879933248,109.3969,109.4449,0.0479
166.919933232,109.3969,109.4485,0.0516
166.959933216,109.3969,109.4522,0.0553
166.99993320000002,109.3969,109.4558,0.0588
167.039933184,109.3969,109.4594,0.0624
167.079933168,109.3969,109.463,0.066
167.119933152,109.3969,109.4664,0.0695
167.159933136,109.2964,109.47,0.1735
167.19993312,109.2964,109.4733,0.1769
167.23993310400002,109.2964,109.4768,0.1803
167.27993308799998,109.2964,109.4801,0.1837
167.319933072,109.2964,109.4835,0.187
167.359933056,109.2964,109.4868,0.1903
167.39993304,109.2964,109.4901,0.1937
167.439933024,109.2964,109.4934,0.1969
167.479933008,109.2964,109.4966,0.2002
167.51993299199998,109.2964,109.4999,0.2034
167.559932976,109.2964,109.503,0.2065
167.59993296,109.2964,109.5061,0.2097
167.639932944,109.2964,109.5092,0.2128
167.679932928,109.2964,109.5123,0.2159
167.719932912,109.2964,109.5154,0.2189
167.759932896,109.2964,109.5184,0.2219
167.79993288,109.2964,109.5214,0.225
167.83993286400002,109.2964,109.5243,0.2279
167.87993284799998,109.2964,109.5273,0.2308
167.919932832,109.2964,109.5302,0.2337
167.959932816,109.1959,109.533,0.337
167.9999328,109.1959,109.5358,0.3398
168.039932784,109.1959,109.5386,0.3426
168.079932768,109.1959,109.5413,0.3453
168.11993275199998,109.1959,109.5441,0.3481
168.159932736,109.1959,109.5468,0.3508
168.19993272,109.1959,109.5494,0.3535
168.239932704,109.1959,109.552,0.3561
168.279932688,109.1959,109.5546,0.3586
168.319932672,109.1959,109.5571,0.3612
168.35993265599998,109.1959,109.5596,0.3637
168.39993264,109.1959,109.5621,0.3662
168.439932624,109.1959,109.5646,0.3686
168.479932608,109.1959,109.567,0.371
168.51993259199998,109.1959,109.5694,0.3734
168.559932576,109.1959,109.5718,0.3758
168.59993255999998,109.1959,109.5741,0.3781
168.639932544,109.1959,109.5764,0.3804
168.67993252800002,109.1959,109.5786,0.3827
168.71993251199999,109.1959,109.5808,0.3849
168.759932496,109.0954,109.583,0.4876
168.79993248,109.0954,109.5851,0.4896
168.83993246400001,109.0954,109.5873,0.4918
168.879932448,109.0954,109.5893,0.4939
168.919932432,109.0954,109.5914,0.4959
168.959932416,109.0954,109.5934,0.498
168.9999324,109.0954,109.5954,0.4999
169.039932384,109.0954,109.5973,0.5018
169.07993236800002,109.0954,109.5992,0.5037
169.11993235199998,109.0954,109.601,0.5056
169.159932336,109.0954,109.6029,0.5074
169.19993232,109.0954,109.6047,0.5092
169.239932304,109.0954,109.6064,0.511
169.279932288,109.0954,109.6082,0.5127
169.319932272,109.0954,109.6098,0.5143
169.35993225599998,109.0954,109.6114,0.516
169.39993224,109.0954,109.6131,0.5176
169.439932224,109.0954,109.6146,0.5192
169.479932208,109.0954,109.6163,0.5208
169.519932192,109.0954,109.6178,0.5223
169.559932176,108.9949,109.6193,0.6244
169.59993215999998,108.9949,109.6208,0.6259
169.639932144,108.9949,109.6223,0.6273
169.67993212800002,108.9949,109.6237,0.6287
169.719932112,108.9949,109.625,0.6301
169.759932096,108.9949,109.6263,0.6314
169.79993208,108.9949,109.6276,0.6327
169.839932064,108.9949,109.6288,0.6339
169.879932048,108.9949,109.63,0.6351
169.91993203200002,108.9949,109.6312,0.6362
169.95993201599998,108.9949,109.6323,0.6373
169.999932,108.9949,109.6334,0.6385
170.039931984,108.9949,109.6345,0.6395
170.079931968,108.9949,109.6356,0.6406
170.119931952,108.9949,109.6367,0.6417
170.159931936,108.9949,109.6376,0.6427
170.19993191999998,108.9949,109.6385,0.6436
170.239931904,108.9949,109.6395,0.6445
170.279931888,108.9949,109.6403,0.6453
170.319931872,108.9949,109.6412,0.6462
170.35993185599997,108.8944,109.642,0.7475
170.39993184,108.8944,109.6428,0.7483
170.43993182399998,108.8944,109.6436,0.7491
170.479931808,108.8944,109.6443,0.7498
170.519931792,108.8944,109.645,0.7505
170.55993177599998,108.8944,109.6456,0.7512
170.59993176,108.8944,109.6462,0.7518
170.639931744,108.8944,109.6468,0.7524
170.679931728,108.8944,109.6474,0.7529
170.719931712,108.8944,109.6479,0.7534
170.75993169600002,108.8944,109.6484,0.7539
170.79993168,108.8944,109.6488,0.7543
170.839931664,108.8944,109.6492,0.7548
170.879931648,108.8944,109.6496,0.7551
170.91993163200002,108.8944,109.65,0.7555
170.959931616,108.8944,109.6503,0.7558
170.9999316,108.8944,109.6506,0.7561
171.039931584,108.8944,109.6509,0.7564
171.079931568,108.8944,109.6511,0.7567
171.119931552,108.8944,109.6513,0.7569
171.15993153600002,108.7939,109.6515,0.8576
171.19993151999998,108.7939,109.6517,0.8577
171.239931504,108.7939,109.6518,0.8578
171.279931488,108.7939,109.6519,0.858
171.319931472,108.7939,109.652,0.858
171.359931456,108.7939,109.652,0.8581
171.39993144,108.7939,109.652,0.8581
171.43993142399998,108.7939,109.652,0.858
171.479931408,108.7939,109.652,0.8581
171.519931392,108.7939,109.6519,0.858
171.559931376,108.7939,109.6518,0.8579
171.59993136,108.7939,109.6517,0.8577
171.639931344,108.7939,109.6515,0.8575
171.679931328,108.7939,109.6513,0.8574
171.719931312,108.7939,109.6512,0.8572
171.75993129600002,108.7939,109.6509,0.8569
171.79993127999998,108.7939,109.6506,0.8567
171.839931264,108.7939,109.6503,0.8564
171.879931248,108.7939,109.65,0.856
171.919931232,108.7939,109.6497,0.8557
171.959931216,108.6934,109.6492,0.9557
171.99993120000002,108.6934,109.6488,0.9554
172.03993118399998,108.6934,109.6484,0.9549
172.079931168,108.6934,109.6479,0.9544
172.119931152,108.6934,109.6474,0.954
172.159931136,108.6934,109.6469,0.9535
172.19993112,108.6934,109.6464,0.9529
172.239931104,108.6934,109.6458,0.9524
172.27993108799998,108.6934,109.6452,0.9518
172.319931072,108.6934,109.6447,0.9512
172.359931056,108.6934,109.644,0.9505
172.39993104,108.6934,109.6433,0.9499
172.43993102399997,108.6934,109.6427,0.9492
172.479931008,108.6934,109.642,0.9486
172.51993099199998,108.6934,109.6413,0.9479
172.559930976,108.6934,109.6406,0.9471
172.59993096,108.6934,109.6398,0.9464
172.63993094399999,108.6934,109.639,0.9456
172.679930928,108.6934,109.6382,0.9448
172.719930912,108.6934,109.6373,0.9439
172.75993089600001,108.5929,109.6365,1.0435
172.79993088,108.5929,109.6356,1.0426
172.839930864,108.5929,109.6346,1.0417
172.879930848,108.5929,109.6337,1.0407
172.919930832,108.5929,109.6326,1.0397
172.959930816,108.5929,109.6317,1.0387
172.99993080000002,108.5929,109.6307,1.0377
173.03993078399998,108.5929,109.6297,1.0367
173.079930768,108.5929,109.6286,1.0356
173.119930752,108.5929,109.6275,1.0346
173.159930736,108.5929,109.6264,1.0335
173.19993072,108.5929,109.6253,1.0323
173.23993070400002,108.5929,109.6241,1.0312
173.27993068799998,108.5929,109.6229,1.03
173.319930672,108.5929,109.6217,1.0287
173.359930656,108.5929,109.6205,1.0275
173.39993064,108.5929,109.6192,1.0263
173.439930624,108.5929,109.618,1.025
173.479930608,108.5929,109.6167,1.0237
173.51993059199998,108.5929,109.6154,1.0224
173.559930576,108.4924,109.614,1.1216
173.59993056000002,108.4924,109.6127,1.1202
173.639930544,108.4924,109.6112,1.1188
173.679930528,108.4924,109.6098,1.1174
173.719930512,108.4924,109.6084,1.116
173.759930496,108.4924,109.607,1.1146
173.79993048,108.4924,109.6056,1.1131
173.83993046400002,108.4924,109.6041,1.1116
173.87993044799998,108.4924,109.6026,1.1101
173.919930432,108.4924,109.6011,1.1086
173.959930416,108.4924,109.5995,1.1071
173.9999304,108.4924,109.598,1.1055
174.039930384,108.4924,109.5964,1.1039
174.079930368,108.4924,109.5947,1.1023
174.11993035199998,108.4924,109.5931,1.1007
174.159930336,108.4924,109.5915,1.099
174.19993032,108.4924,109.5898,1.0973
174.239930304,108.4924,109.5881,1.0956
174.27993028799997,108.4924,109.5864,1.094
174.319930272,108.4924,109.5847,1.0922
174.35993025599998,108.3919,109.583,1.191
174.39993024,108.3919,109.5812,1.1892
174.439930224,108.3919,109.5794,1.1875
174.479930208,108.3919,109.5776,1.1857
174.51993019199998,108.3919,109.5758,1.1838
174.559930176,108.3919,109.5739,1.182
174.59993016,108.3919,109.572,1.1801
174.639930144,108.3919,109.5702,1.1782
174.67993012800002,108.3919,109.5682,1.1763
174.719930112,108.3919,109.5663,1.1744
174.759930096,108.3919,109.5644,1.1724
174.79993008,108.3919,109.5624,1.1705
174.83993006400001,108.3919,109.5604,1.1685
174.879930048,108.3919,109.5584,1.1665
174.919930032,108.3919,109.5564,1.1644
174.959930016,108.3919,109.5544,1.1624
174.99993,108.3919,109.5523,1.1604
175.039929984,108.3919,109.5502,1.1583
175.07992996800002,108.3919,109.5482,1.1562
175.11992995199998,108.3919,109.5461,1.1541
175.159929936,108.2914,109.544,1.2525
175.19992992,108.2914,109.5419,1.2504
175.239929904,108.2914,109.5397,1.2482
175.279929888,108.2914,109.5376,1.2461
175.319929872,108.2914,109.5354,1.2439
175.35992985599998,108.2914,109.5331,1.2417
175.39992984,108.2914,109.5309,1.2395
175.439929824,108.2914,109.5286,1.2372
175.479929808,108.2914,109.5264,1.2349
175.51992979199997,108.2914,109.5241,1.2326
175.559929776,108.2914,109.5218,1.2304
175.59992976,108.2914,109.5195,1.2281
175.639929744,108.2914,109.5171,1.2257
175.67992972800002,108.2914,109.5148,1.2233
175.71992971199998,108.2914,109.5123,1.2209
175.759929696,108.2914,109.5099,1.2184
175.79992968,108.2914,109.5075,1.216
175.839929664,108.2914,109.505,1.2136
175.879929648,108.2914,109.5025,1.2111
175.91992963200002,108.2914,109.5001,1.2087
175.95992961599998,108.1909,109.4976,1.3067
175.9999296,108.1909,109.4951,1.3042
176.039929584,108.1909,109.4926,1.3017
176.079929568,108.1909,109.4901,1.2991
176.119929552,108.1909,109.4875,1.2966
176.159929536,108.1909,109.485,1.294
176.19992951999998,108.1909,109.4824,1.2914
176.239929504,108.1909,109.4798,1.2888
176.279929488,108.1909,109.4772,1.2862
176.319929472,108.1909,109.4745,1.2836
176.35992945599997,108.1909,109.4719,1.281
176.39992944,108.1909,109.4693,1.2783
176.43992942399998,108.1909,109.4667,1.2757
176.479929408,108.1909,109.464,1.2731
176.519929392,108.1909,109.4613,1.2704
176.55992937599999,108.1909,109.4586,1.2677
176.59992936,108.1909,109.4559,1.265
176.639929344,108.1909,109.4532,1.2622
176.67992932800001,108.1909,109.4505,1.2595
176.719929312,108.1909,109.4477,1.2567
176.759929296,108.0904,109.4449,1.3544
176.79992928,108.0904,109.4421,1.3517
176.839929264,108.0904,109.4393,1.3489
176.879929248,108.0904,109.4365,1.346
176.91992923200002,108.0904,109.4336,1.3432
176.95992921599998,108.0904,109.4308,1.3403
176.9999292,108.0904,109.4279,1.3375
177.039929184,108.0904,109.425,1.3345
177.079929168,108.0904,109.4221,1.3316
177.119929152,108.0904,109.4192,1.3288
177.15992913600002,108.0904,109.4163,1.3258
177.19992911999998,108.0904,109.4133,1.3229
177.239929104,108.0904,109.4104,1.3199
177.279929088,108.0904,109.4074,1.317
177.319929072,108.0904,109.4045,1.3141
177.359929056,108.0904,109.4015,1.3111
177.39992904,108.0904,109.3985,1.3081
177.43992902399998,108.0904,109.3955,1.3051
177.479929008,108.0904,109.3925,1.3021
177.519928992,108.0904,109.3895,1.299
177.559928976,107.9899,109.3864,1.3965
177.59992896,107.9899,109.3833,1.3934
177.639928944,107.9899,109.3803,1.3903
177.679928928,107.9899,109.3771,1.3871
177.719928912,107.9899,109.374,1.3841
177.75992889600002,107.9899,109.3709,1.381
177.79992887999998,107.9899,109.3678,1.3778
177.839928864,107.9899,109.3647,1.3747
177.879928848,107.9899,109.3615,1.3716
177.919928832,107.9899,109.3584,1.3684
177.959928816,107.9899,109.3552,1.3653
177.9999288,107.9899,109.3521,1.3621
178.03992878399998,107.9899,109.3489,1.3589
178.079928768,107.9899,109.3457,1.3557
178.119928752,107.9899,109.3425,1.3525
178.159928736,107.9899,109.3392,1.3493
178.19992871999997,107.9899,109.336,1.346
178.239928704,107.9899,109.3328,1.3428
178.27992868799998,107.9899,109.3295,1.3395
178.319928672,107.9899,109.3262,1.3362
178.359928656,107.8894,109.3229,1.4335
178.39992864,107.8894,109.3196,1.4302
178.43992862399998,107.8894,109.3164,1.4269
178.479928608,107.8894,109.313,1.4236
178.51992859199999,107.8894,109.3096,1.4202
178.559928576,107.8894,109.3064,1.4169
178.59992856000002,107.8894,109.303,1.4136
178.63992854399999,107.8894,109.2997,1.4103
178.679928528,107.8894,109.2963,1.4069
178.719928512,107.8894,109.2929,1.4035
178.75992849600001,107.8894,109.2895,1.4001
178.79992848,107.8894,109.2861,1.3966
178.839928464,107.8894,109.2826,1.3932
178.879928448,107.8894,109.2792,1.3898
178.919928432,107.8894,109.2758,1.3864
178.959928416,107.8894,109.2724,1.3829
178.99992840000002,107.8894,109.269,1.3795
179.03992838399998,107.8894,109.2654,1.376
179.079928368,107.8894,109.262,1.3726
179.119928352,107.8894,109.2585,1.3691
179.159928336,107.7889,109.255,1.4661
179.19992832,107.7889,109.2515,1.4626
179.239928304,107.7889,109.248,1.4591
179.27992828799998,107.7889,109.2445,1.4556
179.319928272,107.7889,109.241,1.452
179.359928256,107.7889,109.2374,1.4485
179.39992824,107.7889,109.2339,1.4449
179.43992822399997,107.7889,109.2303,1.4414
179.479928208,107.7889,109.2268,1.4379
179.51992819199998,107.7889,109.2232,1.4343
179.559928176,107.7889,109.2196,1.4307
179.59992816000002,107.7889,109.216,1.4271
179.639928144,107.7889,109.2124,1.4235
179.679928128,107.7889,109.2088,1.4198
179.719928112,107.7889,109.2051,1.4162
179.759928096,107.7889,109.2015,1.4125
179.79992808,107.7889,109.1978,1.4089
179.83992806400002,107.7889,109.1942,1.4053
179.87992804799998,107.7889,109.1905,1.4016
179.919928032,107.7889,109.1869,1.3979
179.959928016,107.6884,109.1832,1.4948
179.999928,107.6884,109.1795,1.4911
180.039927984,107.6884,109.1759,1.4875
180.079927968,107.6884,109.1722,1.4838
180.11992795199998,107.6884,109.1685,1.4801
180.159927936,107.6884,109.1648,1.4764
180.19992792,107.6884,109.1611,1.4726
180.239927904,107.6884,109.1574,1.469
180.27992788799997,107.6884,109.1536,1.4652
180.319927872,107.6884,109.1499,1.4614
180.35992785599998,107.6884,109.1461,1.4577
180.39992784,107.6884,109.1423,1.4539
180.439927824,107.6884,109.1386,1.4502
180.47992780799999,107.6884,109.1348,1.4464
180.51992779199998,107.6884,109.131,1.4426
180.559927776,107.6884,109.1273,1.4388
180.59992776,107.6884,109.1234,1.435
180.639927744,107.6884,109.1196,1.4312
180.679927728,107.6884,109.1158,1.4274
180.719927712,107.6884,109.1119,1.4235
180.759927696,107.5879,109.1081,1.5202
180.79992768,107.5879,109.1043,1.5164
180.83992766400002,107.5879,109.1004,1.5125
180.879927648,107.5879,109.0966,1.5087
180.919927632,107.5879,109.0927,1.5048
180.959927616,107.5879,109.0888,1.5009
180.9999276,107.5879,109.085,1.497
181.039927584,107.5879,109.081,1.4931
181.07992756800002,107.5879,109.0771,1.4892
181.11992755199998,107.5879,109.0731,1.4852
181.159927536,107.5879,109.0692,1.4813
181.19992752,107.5879,109.0652,1.4773
181.239927504,107.5879,109.0612,1.4733
181.279927488,107.5879,109.0573,1.4694
181.319927472,107.5879,109.0533,1.4654
181.35992745599998,107.5879,109.0493,1.4614
181.39992744,107.5879,109.0454,1.4575
181.439927424,107.5879,109.0414,1.4534
181.479927408,107.5879,109.0373,1.4494
181.519927392,107.5879,109.0334,1.4454
181.559927376,107.4874,109.0293,1.5419
181.59992736,107.4874,109.0252,1.5378
181.639927344,107.4874,109.0212,1.5338
181.67992732800002,107.4874,109.0172,1.5298
181.71992731199998,107.4874,109.0132,1.5258
181.759927296,107.4874,109.0091,1.5217
181.79992728,107.4874,109.005,1.5176
181.839927264,107.4874,109.001,1.5136
181.879927248,107.4874,108.9969,1.5095
181.919927232,107.4874,108.9929,1.5054
181.95992721599998,107.4874,108.9888,1.5014
181.9999272,107.4874,108.9847,1.4973
182.039927184,107.4874,108.9807,1.4933
182.079927168,107.4874,108.9766,1.4892
182.119927152,107.4874,108.9725,1.4851
182.159927136,107.4874,108.9684,1.481
182.19992711999998,107.4874,108.9643,1.4769
182.239927104,107.4874,108.9602,1.4728
182.279927088,107.4874,108.9561,1.4687
182.319927072,107.4874,108.9519,1.4645
182.35992705599998,107.3869,108.9478,1.5608
182.39992704,107.3869,108.9436,1.5566
182.43992702399999,107.3869,108.9393,1.5524
182.479927008,107.3869,108.9352,1.5483
182.519926992,107.3869,108.9311,1.5441
182.55992697599999,107.3869,108.9269,1.5399
182.59992696,107.3869,108.9227,1.5358
182.639926944,107.3869,108.9185,1.5316
182.67992692800001,107.3869,108.9143,1.5274
182.719926912,107.3869,108.9101,1.5231
182.759926896,107.3869,108.9058,1.5189
182.79992688,107.3869,108.9016,1.5147
182.839926864,107.3869,108.8974,1.5105
182.879926848,107.3869,108.8932,1.5063
182.91992683200002,107.3869,108.8889,1.502
182.95992681599998,107.3869,108.8847,1.4977
182.9999268,107.3869,108.8804,1.4935
183.039926784,107.3869,108.8762,1.4893
183.079926768,107.3869,108.872,1.485
183.119926752,107.3869,108.8677,1.4808
183.159926736,107.2864,108.8634,1.5769
183.19992671999998,107.2864,108.8591,1.5727
183.239926704,107.2864,108.8548,1.5684
183.279926688,107.2864,108.8505,1.564
183.319926672,107.2864,108.8462,1.5598
183.359926656,107.2864,108.8419,1.5555
183.39992664,107.2864,108.8376,1.5512
183.43992662399998,107.2864,108.8333,1.5468
183.479926608,107.2864,108.829,1.5425
183.519926592,107.2864,108.8247,1.5382
183.559926576,107.2864,108.8204,1.5339
183.59992656,107.2864,108.816,1.5296
183.639926544,107.2864,108.8116,1.5252
183.679926528,107.2864,108.8073,1.5208
183.719926512,107.2864,108.8029,1.5165
183.75992649600002,107.2864,108.7985,1.5121
183.79992647999998,107.2864,108.7942,1.5077
183.839926464,107.2864,108.7898,1.5034
183.879926448,107.2864,108.7854,1.499
183.919926432,107.2864,108.781,1.4946
183.959926416,107.1859,108.7766,1.5907
183.9999264,107.1859,108.7722,1.5863
184.03992638399998,107.1859,108.7678,1.5819
184.079926368,107.1859,108.7634,1.5775
184.119926352,107.1859,108.7589,1.573
184.159926336,107.1859,108.7545,1.5686
184.19992631999997,107.1859,108.7501,1.5641
184.239926304,107.1859,108.7457,1.5597
184.27992628799998,107.1859,108.7412,1.5553
184.319926272,107.1859,108.7368,1.5509
184.359926256,107.1859,108.7324,1.5465
184.39992623999999,107.1859,108.7279,1.542
184.43992622399998,107.1859,108.7235,1.5376
184.479926208,107.1859,108.7191,1.5332
184.519926192,107.1859,108.7146,1.5287
184.559926176,107.1859,108.7102,1.5242
184.59992616000002,107.1859,108.7057,1.5198
184.639926144,107.1859,108.7012,1.5153
184.679926128,107.1859,108.6968,1.5109
184.719926112,107.1859,108.6923,1.5064
184.75992609600002,107.0854,108.6878,1.6024
184.79992608,107.0854,108.6834,1.598
184.839926064,107.0854,108.679,1.5935
184.879926048,107.0854,108.6745,1.5891
184.919926032,107.0854,108.67,1.5846
184.959926016,107.0854,108.6655,1.5801
184.99992600000002,107.0854,108.661,1.5756
185.03992598399998,107.0854,108.6565,1.5711
185.079925968,107.0854,108.652,1.5665
185.119925952,107.0854,108.6475,1.5621
185.159925936,107.0854,108.6429,1.5575
185.19992592,107.0854,108.6384,1.553
185.239925904,107.0854,108.6339,1.5484
185.27992588799998,107.0854,108.6293,1.5438
185.319925872,107.0854,108.6248,1.5393
185.359925856,107.0854,108.6202,1.5348
185.39992584,107.0854,108.6156,1.5302
185.43992582399997,107.0854,108.611,1.5256
185.479925808,107.0854,108.6065,1.521
185.519925792,107.0854,108.602,1.5165
185.559925776,106.9849,108.5974,1.6125
185.59992576000002,106.9849,108.5928,1.6079
185.63992574399998,106.9849,108.5883,1.6034
185.679925728,106.9849,108.5838,1.5989
185.719925712,106.9849,108.5792,1.5943
185.759925696,106.9849,108.5746,1.5897
185.79992568,106.9849,108.57,1.5851
185.83992566400002,106.9849,108.5654,1.5805
185.87992564799998,106.9849,108.5608,1.5759
185.919925632,106.9849,108.5562,1.5713
185.959925616,106.9849,108.5517,1.5668
185.9999256,106.9849,108.5471,1.5621
186.039925584,106.9849,108.5425,1.5575
186.079925568,106.9849,108.5379,1.553
186.11992555199998,106.9849,108.5332,1.5483
186.159925536,106.9849,108.5287,1.5438
186.19992552,106.9849,108.524,1.5391
186.239925504,106.9849,108.5194,1.5345
186.27992548799998,106.9849,108.5148,1.5299
186.319925472,106.9849,108.5101,1.5252
186.35992545599998,106.8843,108.5055,1.6211
186.39992544,106.8843,108.5009,1.6165
186.439925424,106.8843,108.4962,1.6118
186.47992540799999,106.8843,108.4915,1.6071
186.519925392,106.8843,108.4868,1.6024
186.559925376,106.8843,108.4821,1.5977
186.59992536000001,106.8843,108.4775,1.5931
186.639925344,106.8843,108.4728,1.5884
186.679925328,106.8843,108.4682,1.5838
186.719925312,106.8843,108.4635,1.5791
186.759925296,106.8843,108.4588,1.5744
186.79992528,106.8843,108.4541,1.5697
186.83992526400002,106.8843,108.4494,1.565
186.87992524799998,106.8843,108.4448,1.5604
186.919925232,106.8843,108.4401,1.5557
186.959925216,106.8843,108.4354,1.551
186.9999252,106.8843,108.4307,1.5463
187.039925184,106.8843,108.426,1.5416
187.07992516800002,106.8843,108.4213,1.5369
187.11992515199998,106.8843,108.4167,1.5323
187.159925136,106.7839,108.412,1.6281
187.19992512,106.7839,108.4073,1.6234
187.239925104,106.7839,108.4027,1.6188
187.279925088,106.7839,108.3979,1.614
187.319925072,106.7839,108.3933,1.6094
187.35992505599998,106.7839,108.3886,1.6047
187.39992504,106.7839,108.3839,1.6
187.439925024,106.7839,108.3792,1.5953
187.479925008,106.7839,108.3744,1.5905
187.519924992,106.7839,108.3698,1.5859
187.559924976,106.7839,108.3651,1.5811
187.59992496,106.7839,108.3603,1.5764
187.639924944,106.7839,108.3556,1.5717
187.67992492800002,106.7839,108.3509,1.567
187.71992491199998,106.7839,108.3462,1.5623
187.759924896,106.7839,108.3415,1.5576
187.79992488,106.7839,108.3367,1.5528
187.839924864,106.7839,108.332,1.5481
187.879924848,106.7839,108.3273,1.5434
187.919924832,106.7839,108.3225,1.5386
187.95992481599998,106.6834,108.3177,1.6343
187.9999248,106.6834,108.313,1.6296
188.039924784,106.6834,108.3082,1.6248
188.079924768,106.6834,108.3034,1.62
188.11992475199997,106.6834,108.2986,1.6152
188.159924736,106.6834,108.2939,1.6105
188.19992471999998,106.6834,108.2891,1.6057
188.239924704,106.6834,108.2844,1.601
188.279924688,106.6834,108.2797,1.5963
188.319924672,106.6834,108.2749,1.5915
188.35992465599998,106.6834,108.2701,1.5867
188.39992464,106.6834,108.2653,1.5819
188.43992462399999,106.6834,108.2606,1.5772
188.479924608,106.6834,108.2558,1.5724
188.51992459200002,106.6834,108.2509,1.5675
188.559924576,106.6834,108.2462,1.5628
188.59992456,106.6834,108.2414,1.558
188.639924544,106.6834,108.2366,1.5532
188.67992452800002,106.6834,108.2318,1.5485
188.719924512,106.6834,108.227,1.5436
188.759924496,106.5828,108.2222,1.6393
188.79992448,106.5828,108.2175,1.6346
188.839924464,106.5828,108.2126,1.6297
188.879924448,106.5828,108.2078,1.6249
188.91992443200002,106.5828,108.203,1.6201
188.95992441599998,106.5828,108.1982,1.6153
188.9999244,106.5828,108.1935,1.6106
189.039924384,106.5828,108.1887,1.6058
189.079924368,106.5828,108.1838,1.6009
189.119924352,106.5828,108.1791,1.5962
189.159924336,106.5828,108.1742,1.5914
189.19992431999998,106.5828,108.1694,1.5865
189.239924304,106.5828,108.1646,1.5817
189.279924288,106.5828,108.1598,1.5769
189.319924272,106.5828,108.155,1.5721
189.35992425599997,106.5828,108.1501,1.5672
189.39992424,106.5828,108.1453,1.5625
189.43992422399998,106.5828,108.1405,1.5576
189.479924208,106.5828,108.1357,1.5528
189.51992419200002,106.5828,108.1309,1.548
189.559924176,106.4823,108.126,1.6436
189.59992416,106.4823,108.1212,1.6388
189.639924144,106.4823,108.1164,1.634
189.679924128,106.4823,108.1116,1.6292
189.719924112,106.4823,108.1068,1.6244
189.75992409600002,106.4823,108.102,1.6196
189.79992407999998,106.4823,108.0971,1.6147
189.839924064,106.4823,108.0923,1.6099
189.879924048,106.4823,108.0874,1.605
189.919924032,106.4823,108.0826,1.6002
189.959924016,106.4823,108.0777,1.5953
189.999924,106.4823,108.0729,1.5905
190.03992398399998,106.4823,108.068,1.5857
190.079923968,106.4823,108.0632,1.5808
190.119923952,106.4823,108.0583,1.5759
190.159923936,106.4823,108.0535,1.5711
190.19992391999997,106.4823,108.0485,1.5661
190.239923904,106.4823,108.0437,1.5613
190.27992388799998,106.4823,108.0389,1.5565
190.319923872,106.4823,108.034,1.5516
190.359923856,106.3818,108.0291,1.6472
190.39992383999999,106.3818,108.0242,1.6423
190.439923824,106.3818,108.0193,1.6374
190.479923808,106.3818,108.0145,1.6326
190.51992379200001,106.3818,108.0096,1.6277
190.559923776,106.3818,108.0046,1.6227
190.59992376,106.3818,107.9997,1.6178
190.639923744,106.3818,107.9948,1.613
190.679923728,106.3818,107.99,1.6081
190.719923712,106.3818,107.9851,1.6032
190.75992369600002,106.3818,107.9802,1.5983
190.79992368,106.3818,107.9753,1.5934
190.839923664,106.3818,107.9704,1.5885
190.879923648,106.3818,107.9655,1.5836
190.919923632,106.3818,107.9607,1.5788
190.959923616,106.3818,107.9557,1.5738
190.99992360000002,106.3818,107.9508,1.569
191.03992358399998,106.3818,107.9459,1.564
191.079923568,106.3818,107.941,1.5591
191.119923552,106.3818,107.9362,1.5543
191.159923536,106.2813,107.9313,1.6499
191.19992352,106.2813,107.9263,1.6449
191.239923504,106.2813,107.9214,1.64
191.27992348799998,106.2813,107.9165,1.6351
191.319923472,106.2813,107.9116,1.6302
191.359923456,106.2813,107.9067,1.6253
191.39992344,106.2813,107.9018,1.6204
191.439923424,106.2813,107.8968,1.6154
191.479923408,106.2813,107.8918,1.6104
191.519923392,106.2813,107.8869,1.6055
191.559923376,106.2813,107.882,1.6006
191.59992336000002,106.2813,107.8771,1.5957
191.63992334399998,106.2813,107.8722,1.5908
191.679923328,106.2813,107.8673,1.5859
191.719923312,106.2813,107.8623,1.581
191.759923296,106.2813,107.8574,1.576
191.79992328,106.2813,107.8525,1.5711
191.839923264,106.2813,107.8476,1.5662
191.87992324799998,106.2813,107.8426,1.5612
191.919923232,106.2813,107.8377,1.5563
191.959923216,106.1808,107.8327,1.6519
191.9999232,106.1808,107.8278,1.6469
192.039923184,106.1808,107.8228,1.642
192.079923168,106.1808,107.8179,1.637
192.11992315199998,106.1808,107.8129,1.6321
192.159923136,106.1808,107.808,1.6271
192.19992312,106.1808,107.803,1.6221
192.239923104,106.1808,107.798,1.6171
192.27992308799998,106.1808,107.793,1.6122
192.319923072,106.1808,107.7881,1.6072
192.35992305599999,106.1808,107.7831,1.6022
192.39992304,106.1808,107.7782,1.5973
192.439923024,106.1808,107.7732,1.5923
192.479923008,106.1808,107.7683,1.5874
192.519922992,106.1808,107.7633,1.5824
192.559922976,106.1808,107.7583,1.5774
192.59992296000001,106.1808,107.7533,1.5724
192.639922944,106.1808,107.7483,1.5674
192.679922928,106.1808,107.7433,1.5624
192.719922912,106.1808,107.7383,1.5574
192.759922896,106.0803,107.7333,1.6529
192.79992288,106.0803,107.7283,1.6479
192.83992286400002,106.0803,107.7233,1.6429
192.87992284799998,106.0803,107.7183,1.6379
192.919922832,106.0803,107.7133,1.633
192.959922816,106.0803,107.7083,1.6279
192.9999228,106.0803,107.7033,1.6229
193.039922784,106.0803,107.6983,1.618
193.079922768,106.0803,107.6933,1.6129
193.11992275199998,106.0803,107.6883,1.6079
193.159922736,106.0803,107.6834,1.603
193.19992272,106.0803,107.6783,1.5979
193.239922704,106.0803,107.6734,1.593
193.279922688,106.0803,107.6684,1.588
193.319922672,106.0803,107.6634,1.583
193.35992265599998,106.0803,107.6585,1.5781
193.39992264,106.0803,107.6535,1.5731
193.43992262400002,106.0803,107.6485,1.5681
193.479922608,106.0803,107.6434,1.5631
193.519922592,106.0803,107.6384,1.558
193.559922576,105.9798,107.6334,1.6535
193.59992256,105.9798,107.6284,1.6485
193.639922544,105.9798,107.6234,1.6435
193.67992252800002,105.9798,107.6184,1.6385
193.71992251199998,105.9798,107.6133,1.6334
193.759922496,105.9798,107.6084,1.6285
193.79992248,105.9798,107.6033,1.6235
193.839922464,105.9798,107.5983,1.6185
193.879922448,105.9798,107.5934,1.6135
193.919922432,105.9798,107.5883,1.6084
193.95992241599998,105.9798,107.5833,1.6035
193.9999224,105.9798,107.5783,1.5984
194.039922384,105.9798,107.5733,1.5934
194.079922368,105.9798,107.5683,1.5884
194.11992235199997,105.9798,107.5632,1.5834
194.159922336,105.9798,107.5583,1.5784
194.19992231999998,105.9798,107.5532,1.5734
194.239922304,105.9798,107.5482,1.5683
194.279922288,105.9798,107.5432,1.5633
194.31992227199999,105.9798,107.5381,1.5582
194.35992225599998,105.8793,107.5331,1.6537
194.39992224,105.8793,107.5281,1.6487
194.43992222400001,105.8793,107.5231,1.6437
194.479922208,105.8793,107.5182,1.6388
194.51992219200002,105.8793,107.5132,1.6338
194.559922176,105.8793,107.5081,1.6288
194.59992216,105.8793,107.5032,1.6238
194.639922144,105.8793,107.4981,1.6187
194.67992212800002,105.8793,107.4932,1.6138
194.719922112,105.8793,107.4882,1.6088
194.759922096,105.8793,107.4832,1.6038
194.79992208,105.8793,107.4782,1.5988
194.839922064,105.8793,107.4731,1.5937
194.879922048,105.8793,107.4681,1.5887
194.91992203200002,105.8793,107.4632,1.5838
194.95992201599998,105.8793,107.4582,1.5788
194.999922,105.8793,107.4532,1.5738
195.039921984,105.8793,107.4482,1.5688
195.079921968,105.8793,107.4432,1.5638
195.119921952,105.8793,107.4383,1.5589
195.159921936,105.7788,107.4333,1.6544
195.19992191999998,105.7788,107.4283,1.6494
195.239921904,105.7788,107.4233,1.6444
195.279921888,105.7788,107.4183,1.6394
195.319921872,105.7788,107.4133,1.6344
195.35992185599997,105.7788,107.4083,1.6295
195.39992184,105.7788,107.4034,1.6245
195.439921824,105.7788,107.3984,1.6195
195.479921808,105.7788,107.3934,1.6145
195.51992179200002,105.7788,107.3884,1.6095
195.55992177599998,105.7788,107.3834,1.6045
195.59992176,105.7788,107.3784,1.5995
195.639921744,105.7788,107.3734,1.5945
195.679921728,105.7788,107.3684,1.5895
195.719921712,105.7788,107.3634,1.5845
195.75992169600002,105.7788,107.3584,1.5795
195.79992167999998,105.7788,107.3534,1.5745
195.839921664,105.7788,107.3484,1.5696
195.879921648,105.7788,107.3434,1.5645
195.919921632,105.7788,107.3384,1.5596
195.959921616,105.6783,107.3335,1.6551
195.9999216,105.6783,107.3285,1.6501
196.03992158399998,105.6783,107.3235,1.6451
196.079921568,105.6783,107.3185,1.6401
196.119921552,105.6783,107.3135,1.6351
196.159921536,105.6783,107.3085,1.6301
196.19992151999998,105.6783,107.3035,1.6251
196.239921504,105.6783,107.2985,1.6202
196.27992148799999,105.6783,107.2936,1.6152
196.319921472,105.6783,107.2885,1.6101
196.359921456,105.6783,107.2836,1.6052
196.39992143999999,105.6783,107.2786,1.6002
196.439921424,105.6783,107.2735,1.5951
196.479921408,105.6783,107.2686,1.5902
196.51992139200001,105.6783,107.2635,1.5851
196.559921376,105.6783,107.2585,1.5801
196.59992136,105.6783,107.2535,1.5751
196.639921344,105.6783,107.2485,1.5701
196.679921328,105.6783,107.2435,1.5651
196.719921312,105.6783,107.2385,1.5601
196.75992129600002,105.5778,107.2335,1.6556
196.79992127999998,105.5778,107.2285,1.6506
196.839921264,105.5778,107.2235,1.6456
196.879921248,105.5778,107.2185,1.6406
196.919921232,105.5778,107.2136,1.6357
196.959921216,105.5778,107.2086,1.6307
196.99992120000002,105.5778,107.2036,1.6257
197.03992118399998,105.5778,107.1986,1.6207
197.079921168,105.5778,107.1936,1.6157
197.119921152,105.5778,107.1886,1.6108
197.159921136,105.5778,107.1836,1.6057
197.19992112,105.5778,107.1786,1.6007
197.239921104,105.5778,107.1736,1.5957
197.27992108799998,105.5778,107.1686,1.5907
197.319921072,105.5778,107.1636,1.5858
197.359921056,105.5778,107.1586,1.5808
197.39992104,105.5778,107.1536,1.5757
197.439921024,105.5778,107.1487,1.5708
197.479921008,105.5778,107.1436,1.5658
197.519920992,105.5778,107.1387,1.5608
197.559920976,105.4773,107.1337,1.6563
197.59992096000002,105.4773,107.1287,1.6513
197.63992094399998,105.4773,107.1237,1.6463
197.679920928,105.4773,107.1186,1.6412
197.719920912,105.4773,107.1136,1.6362
197.759920896,105.4773,107.1086,1.6312
197.79992088,105.4773,107.1036,1.6262
197.839920864,105.4773,107.0986,1.6212
197.87992084799998,105.4773,107.0936,1.6163
197.919920832,105.4773,107.0886,1.6112
197.959920816,105.4773,107.0836,1.6062
197.9999208,105.4773,107.0786,1.6012
198.03992078399997,105.4773,107.0735,1.5962
198.079920768,105.4773,107.0685,1.5911
198.11992075199998,105.4773,107.0635,1.5861
198.159920736,105.4773,107.0585,1.5811
198.19992072,105.4773,107.0534,1.5761
198.239920704,105.4773,107.0484,1.571
198.27992068799998,105.4773,107.0434,1.566
198.319920672,105.4773,107.0383,1.5609
198.35992065599999,105.3768,107.0332,1.6564
198.39992064,105.3768,107.0282,1.6513
198.43992062400002,105.3768,107.0232,1.6463
198.479920608,105.3768,107.0181,1.6413
198.519920592,105.3768,107.0131,1.6362
198.559920576,105.3768,107.0081,1.6312
198.59992056000002,105.3768,107.003,1.6262
198.639920544,105.3768,106.998,1.6211
198.679920528,105.3768,106.993,1.6161
198.719920512,105.3768,106.988,1.6111
198.759920496,105.3768,106.983,1.6061
198.79992048,105.3768,106.978,1.6011
198.83992046400002,105.3768,106.9729,1.5961
198.87992044799998,105.3768,106.9679,1.5911
198.919920432,105.3768,106.9629,1.586
198.959920416,105.3768,106.9579,1.581
198.9999204,105.3768,106.9529,1.576
199.039920384,105.3768,106.9479,1.571
199.079920368,105.3768,106.9428,1.566
199.11992035199998,105.3768,106.9378,1.561
199.159920336,105.2763,106.9329,1.6565
199.19992032,105.2763,106.9279,1.6515
199.239920304,105.2763,106.9229,1.6465
199.27992028799997,105.2763,106.9178,1.6415
199.319920272,105.2763,106.9128,1.6365
199.35992025599998,105.2763,106.9078,1.6314
199.39992024,105.2763,106.9028,1.6264
199.43992022400002,105.2763,106.8977,1.6214
199.47992020799998,105.2763,106.8927,1.6164
199.519920192,105.2763,106.8877,1.6114
199.559920176,105.2763,106.8827,1.6063
199.59992016,105.2763,106.8777,1.6013
199.639920144,105.2763,106.8727,1.5963
199.67992012800002,105.2763,106.8676,1.5913
199.71992011199998,105.2763,106.8626,1.5862
199.759920096,105.2763,106.8576,1.5812
199.79992008,105.2763,106.8525,1.5762
199.839920064,105.2763,106.8476,1.5712
199.879920048,105.2763,106.8425,1.5661
199.919920032,105.2763,106.8375,1.5611
199.95992001599998,105.1758,106.8324,1.6566
199.99992,105.1758,106.8274,1.6516
200.039919984,105.1758,106.8224,1.6466
200.079919968,105.1758,106.8174,1.6415
200.11991995199998,105.1758,106.8123,1.6364
200.159919936,105.1758,106.8073,1.6315
200.19991991999999,105.1758,106.8023,1.6264
200.239919904,105.1758,106.7972,1.6214
200.279919888,105.1758,106.7922,1.6164
200.31991987199999,105.1758,106.7871,1.6113
200.35991985599998,105.1758,106.7821,1.6063
200.39991984,105.1758,106.7771,1.6013
200.43991982400001,105.1758,106.772,1.5962
200.479919808,105.1758,106.767,1.5911
200.519919792,105.1758,106.7619,1.5861
200.559919776,105.1758,106.7568,1.581
200.59991976,105.1758,106.7518,1.5759
200.639919744,105.1758,106.7467,1.5708
200.67991972800002,105.1758,106.7416,1.5658
200.71991971199998,105.1758,106.7366,1.5607
200.759919696,105.0753,106.7315,1.6561
200.79991968,105.0753,106.7265,1.6511
200.839919664,105.0753,106.7215,1.6461
200.879919648,105.0753,106.7164,1.6411
200.91991963200002,105.0753,106.7114,1.6361
200.95991961599998,105.0753,106.7063,1.6309
200.9999196,105.0753,106.7012,1.6259
201.039919584,105.0753,106.6961,1.6208
201.079919568,105.0753,106.691,1.6157
201.119919552,105.0753,106.686,1.6107
201.159919536,105.0753,106.681,1.6056
201.19991951999998,105.0753,106.6759,1.6006
201.239919504,105.0753,106.6709,1.5956
201.279919488,105.0753,106.6658,1.5905
201.319919472,105.0753,106.6608,1.5854
201.359919456,105.0753,106.6558,1.5804
201.39991944,105.0753,106.6507,1.5753
201.439919424,105.0753,106.6457,1.5703
201.479919408,105.0753,106.6406,1.5652
201.51991939200002,105.0753,106.6356,1.5602
201.55991937599998,104.9748,106.6306,1.6557
201.59991936,104.9748,106.6255,1.6506
201.639919344,104.9748,106.6204,1.6456
201.679919328,104.9748,106.6154,1.6405
201.719919312,104.9748,106.6103,1.6354
201.759919296,104.9748,106.6052,1.6304
201.79991927999998,104.9748,106.6001,1.6253
201.839919264,104.9748,106.5951,1.6203
201.879919248,104.9748,106.5901,1.6152
201.919919232,104.9748,106.585,1.6101
201.95991921599997,104.9748,106.58,1.6051
201.9999192,104.9748,106.5749,1.6
202.03991918399998,104.9748,106.5698,1.595
202.079919168,104.9748,106.5648,1.5899
202.119919152,104.9748,106.5597,1.5849
202.159919136,104.9748,106.5547,1.5798
202.19991911999998,104.9748,106.5496,1.5748
202.239919104,104.9748,106.5445,1.5697
202.27991908799999,104.9748,106.5395,1.5647
202.319919072,104.9748,106.5344,1.5595
202.359919056,104.8743,106.5293,1.6549
202.39991904,104.8743,106.5242,1.6499
202.439919024,104.8743,106.5191,1.6448
202.479919008,104.8743,106.5141,1.6397
202.51991899200002,104.8743,106.509,1.6346
202.559918976,104.8743,106.5039,1.6296
202.59991896,104.8743,106.4988,1.6245
202.639918944,104.8743,106.4938,1.6194
202.679918928,104.8743,106.4887,1.6143
202.719918912,104.8743,106.4836,1.6093
202.75991889600002,104.8743,106.4785,1.6042
202.79991887999998,104.8743,106.4735,1.5991
202.839918864,104.8743,106.4684,1.594
202.879918848,104.8743,106.4633,1.5889
202.919918832,104.8743,106.4582,1.5839
202.959918816,104.8743,106.4531,1.5788
202.9999188,104.8743,106.4481,1.5737
203.03991878399998,104.8743,106.443,1.5686
203.079918768,104.8743,106.4379,1.5636
203.119918752,104.8743,106.4329,1.5586
203.159918736,104.7738,106.4279,1.654
203.19991871999997,104.7738,106.4228,1.649
203.239918704,104.7738,106.4178,1.644
203.27991868799998,104.7738,106.4128,1.6389
203.319918672,104.7738,106.4077,1.6338
203.359918656,104.7738,106.4026,1.6288
203.39991864,104.7738,106.3975,1.6236
203.439918624,104.7738,106.3924,1.6186
203.479918608,104.7738,106.3874,1.6135
203.519918592,104.7738,106.3823,1.6085
203.559918576,104.7738,106.3772,1.6034
203.59991856000002,104.7738,106.3721,1.5982
203.63991854399998,104.7738,106.367,1.5932
203.679918528,104.7738,106.362,1.5881
203.719918512,104.7738,106.3569,1.5831
203.759918496,104.7738,106.3519,1.5781
203.79991848,104.7738,106.3468,1.573
203.839918464,104.7738,106.3418,1.5679
203.87991844799998,104.7738,106.3367,1.5629
203.919918432,104.7738,106.3316,1.5577
203.959918416,104.6733,106.3266,1.6532
203.9999184,104.6733,106.3215,1.6481
204.03991838399998,104.6733,106.3164,1.643
204.079918368,104.6733,106.3112,1.6379
204.11991835199998,104.6733,106.3061,1.6328
204.159918336,104.6733,106.3011,1.6277
204.19991832,104.6733,106.296,1.6227
204.23991830399999,104.6733,106.2909,1.6176
204.27991828799998,104.6733,106.2859,1.6125
204.319918272,104.6733,106.2807,1.6074
204.35991825600001,104.6733,106.2757,1.6023
204.39991824,104.6733,106.2706,1.5973
204.439918224,104.6733,106.2655,1.5922
204.479918208,104.6733,106.2605,1.5871
204.519918192,104.6733,106.2553,1.582
204.559918176,104.6733,106.2502,1.5769
204.59991816000002,104.6733,106.2452,1.5718
204.639918144,104.6733,106.24,1.5667
204.679918128,104.6733,106.2349,1.5616
204.719918112,104.6733,106.2299,1.5565
204.759918096,104.5728,106.2248,1.6519
204.79991808,104.5728,106.2197,1.6468
204.83991806400002,104.5728,106.2146,1.6417
204.87991804799998,104.5728,106.2095,1.6366
204.919918032,104.5728,106.2044,1.6315
204.959918016,104.5728,106.1994,1.6265
204.999918,104.5728,106.1943,1.6214
205.039917984,104.5728,106.1892,1.6163
205.079917968,104.5728,106.184,1.6112
205.11991795199998,104.5728,106.179,1.6061
205.159917936,104.5728,106.1738,1.601
205.19991792,104.5728,106.1687,1.5959
205.239917904,104.5728,106.1636,1.5907
205.27991788799997,104.5728,106.1585,1.5857
205.319917872,104.5728,106.1534,1.5805
205.359917856,104.5728,106.1483,1.5755
205.39991784,104.5728,106.1432,1.5703
205.43991782400002,104.5728,106.1381,1.5652
205.47991780799998,104.5728,106.133,1.5601
205.519917792,104.5728,106.1279,1.5551
205.559917776,104.4723,106.1228,1.6505
205.59991776,104.4723,106.1177,1.6454
205.639917744,104.4723,106.1126,1.6403
205.679917728,104.4723,106.1076,1.6352
205.71991771199998,104.4723,106.1025,1.6301
205.759917696,104.4723,106.0974,1.625
205.79991768,104.4723,106.0923,1.6199
205.839917664,104.4723,106.0872,1.6148
205.879917648,104.4723,106.0821,1.6098
205.919917632,104.4723,106.077,1.6046
205.95991761599998,104.4723,106.0719,1.5995
205.9999176,104.4723,106.0668,1.5944
206.039917584,104.4723,106.0616,1.5893
206.079917568,104.4723,106.0565,1.5842
206.11991755199998,104.4723,106.0514,1.5791
206.159917536,104.4723,106.0463,1.574
206.19991751999999,104.4723,106.0412,1.5689
206.239917504,104.4723,106.0361,1.5638
206.279917488,104.4723,106.031,1.5587
206.319917472,104.4723,106.0259,1.5536
206.359917456,104.3718,106.0208,1.6489
206.39991744,104.3718,106.0157,1.6438
206.43991742400001,104.3718,106.0105,1.6387
206.479917408,104.3718,106.0054,1.6336
206.519917392,104.3718,106.0003,1.6285
206.559917376,104.3718,105.9952,1.6233
206.59991736,104.3718,105.9901,1.6183
206.639917344,104.3718,105.985,1.6131
206.67991732800002,104.3718,105.9799,1.608
206.71991731199998,104.3718,105.9748,1.6029
206.759917296,104.3718,105.9696,1.5978
206.79991728,104.3718,105.9646,1.5927
206.839917264,104.3718,105.9594,1.5876
206.879917248,104.3718,105.9543,1.5824
206.919917232,104.3718,105.9492,1.5773
206.95991721599998,104.3718,105.9441,1.5722
206.9999172,104.3718,105.939,1.5671
207.039917184,104.3718,105.9339,1.562
207.079917168,104.3718,105.9287,1.5569
207.119917152,104.3718,105.9236,1.5518
207.159917136,104.2713,105.9185,1.6471
207.19991711999998,104.2713,105.9133,1.642
207.239917104,104.2713,105.9082,1.6369
207.279917088,104.2713,105.9031,1.6318
207.319917072,104.2713,105.898,1.6267
207.359917056,104.2713,105.8929,1.6216
207.39991704,104.2713,105.8878,1.6164
207.439917024,104.2713,105.8827,1.6113
207.479917008,104.2713,105.8775,1.6062
207.51991699200002,104.2713,105.8724,1.6011
207.55991697599998,104.2713,105.8673,1.5959
207.59991696,104.2713,105.8621,1.5908
207.639916944,104.2713,105.857,1.5857
207.679916928,104.2713,105.8519,1.5805
207.719916912,104.2713,105.8467,1.5754
207.759916896,104.2713,105.8416,1.5703
207.79991687999998,104.2713,105.8365,1.5652
207.839916864,104.2713,105.8314,1.5601
207.879916848,104.2713,105.8263,1.555
207.919916832,104.2713,105.8211,1.5498
207.95991681599997,104.1708,105.816,1.6452
207.9999168,104.1708,105.8109,1.6401
208.03991678399998,104.1708,105.8057,1.6349
208.079916768,104.1708,105.8007,1.6298
208.119916752,104.1708,105.7956,1.6247
208.15991673599999,104.1708,105.7904,1.6196
208.19991671999998,104.1708,105.7852,1.6144
208.239916704,104.1708,105.7801,1.6092
208.279916688,104.1708,105.775,1.6041
208.319916672,104.1708,105.7698,1.5989
208.35991665600002,104.1708,105.7645,1.5937
208.39991664,104.1708,105.7594,1.5886
208.439916624,104.1708,105.7543,1.5835
208.479916608,104.1708,105.7491,1.5783
208.51991659200002,104.1708,105.744,1.5732
208.559916576,104.1708,105.7388,1.568
208.59991656,104.1708,105.7337,1.5628
208.639916544,104.1708,105.7285,1.5577
208.679916528,104.1708,105.7233,1.5525
208.719916512,104.1708,105.7182,1.5474
208.75991649600002,104.0703,105.713,1.6427
208.79991647999998,104.0703,105.7079,1.6375
208.839916464,104.0703,105.7027,1.6324
208.879916448,104.0703,105.6975,1.6272
208.919916432,104.0703,105.6924,1.6221
208.959916416,104.0703,105.6872,1.6169
208.9999164,104.0703,105.6821,1.6117
209.03991638399998,104.0703,105.677,1.6066
209.079916368,104.0703,105.6718,1.6015
209.119916352,104.0703,105.6667,1.5963
209.159916336,104.0703,105.6616,1.5912
209.19991631999997,104.0703,105.6564,1.5861
209.239916304,104.0703,105.6513,1.5809
209.27991628799998,104.0703,105.6462,1.5758
209.319916272,104.0703,105.6411,1.5707
209.35991625600002,104.0703,105.636,1.5656
209.39991623999998,104.0703,105.6308,1.5604
209.439916224,104.0703,105.6256,1.5553
209.479916208,104.0703,105.6205,1.5501
209.519916192,104.0703,105.6152,1.5449
209.559916176,103.9698,105.6102,1.6403
209.59991616000002,103.9698,105.605,1.6351
209.63991614399998,103.9698,105.5998,1.6299
209.679916128,103.9698,105.5946,1.6248
209.719916112,103.9698,105.5895,1.6197
209.759916096,103.9698,105.5843,1.6145
209.79991608,103.9698,105.5792,1.6094
209.839916064,103.9698,105.5741,1.6042
209.87991604799998,103.9698,105.5689,1.5991
209.919916032,103.9698,105.5638,1.5939
209.959916016,103.9698,105.5586,1.5888
209.999916,103.9698,105.5535,1.5837
210.03991598399998,103.9698,105.5484,1.5786
210.079915968,103.9698,105.5433,1.5734
210.11991595199999,103.9698,105.5381,1.5683
210.159915936,103.9698,105.5329,1.5631
210.19991592,103.9698,105.5278,1.558
210.239915904,103.9698,105.5227,1.5528
210.279915888,103.9698,105.5175,1.5477
210.319915872,103.9698,105.5124,1.5426
210.35991585600001,103.8693,105.5073,1.638
210.39991584,103.8693,105.5022,1.6328
210.439915824,103.8693,105.4971,1.6277
210.479915808,103.8693,105.492,1.6226
210.519915792,103.8693,105.4868,1.6175
210.559915776,103.8693,105.4817,1.6123
210.59991576000002,103.8693,105.4765,1.6072
210.63991574399998,103.8693,105.4714,1.602
210.679915728,103.8693,105.4662,1.5969
210.719915712,103.8693,105.4611,1.5917
210.759915696,103.8693,105.456,1.5866
210.79991568,103.8693,105.4509,1.5815
210.83991566400002,103.8693,105.4458,1.5764
210.87991564799998,103.8693,105.4406,1.5713
210.919915632,103.8693,105.4355,1.5662
210.959915616,103.8693,105.4304,1.5611
210.9999156,103.8693,105.4253,1.556
211.039915584,103.8693,105.4202,1.5508
211.079915568,103.8693,105.415,1.5457
211.11991555199998,103.8693,105.4099,1.5406
211.159915536,103.7688,105.4048,1.636
211.19991552,103.7688,105.3997,1.6309
211.239915504,103.7688,105.3946,1.6258
211.279915488,103.7688,105.3895,1.6207
211.319915472,103.7688,105.3843,1.6155
211.359915456,103.7688,105.3793,1.6104
211.39991544,103.7688,105.3742,1.6054
211.43991542400002,103.7688,105.3691,1.6003
211.47991540799998,103.7688,105.364,1.5952
211.519915392,103.7688,105.3589,1.5901
211.559915376,103.7688,105.3539,1.585
211.59991536,103.7688,105.3487,1.5799
211.639915344,103.7688,105.3436,1.5748
211.679915328,103.7688,105.3386,1.5697
211.71991531199998,103.7688,105.3335,1.5647
211.759915296,103.7688,105.3284,1.5596
211.79991528,103.7688,105.3233,1.5545
211.839915264,103.7688,105.3182,1.5493
211.87991524799997,103.7688,105.3131,1.5443
211.919915232,103.7688,105.308,1.5392
211.95991521599998,103.6683,105.3029,1.6346
211.9999152,103.6683,105.2978,1.6295
212.039915184,103.6683,105.2927,1.6244
212.079915168,103.6683,105.2876,1.6193
212.11991515199998,103.6683,105.2825,1.6142
212.159915136,103.6683,105.2774,1.6091
212.19991512,103.6683,105.2724,1.604
212.239915104,103.6683,105.2672,1.5989
212.279915088,103.6683,105.2621,1.5938
212.319915072,103.6683,105.257,1.5887
212.359915056,103.6683,105.2518,1.5835
212.39991504,103.6683,105.2467,1.5784
212.43991502400002,103.6683,105.2416,1.5733
212.479915008,103.6683,105.2365,1.5681
212.519914992,103.6683,105.2313,1.563
212.559914976,103.6683,105.2262,1.5579
212.59991496,103.6683,105.2211,1.5528
212.639914944,103.6683,105.2161,1.5477
212.67991492800002,103.6683,105.211,1.5426
212.71991491199998,103.6683,105.2059,1.5376
212.759914896,103.5678,105.2007,1.6329
212.79991488,103.5678,105.1956,1.6278
212.839914864,103.5678,105.1905,1.6227
212.879914848,103.5678,105.1853,1.6175
212.919914832,103.5678,105.1802,1.6124
212.95991481599998,103.5678,105.1751,1.6072
212.9999148,103.5678,105.1699,1.6021
213.039914784,103.5678,105.1648,1.597
213.079914768,103.5678,105.1597,1.5919
213.11991475199997,103.5678,105.1546,1.5868
213.159914736,103.5678,105.1495,1.5816
213.19991471999998,103.5678,105.1443,1.5765
213.239914704,103.5678,105.1392,1.5714
213.27991468800002,103.5678,105.1341,1.5663
213.319914672,103.5678,105.129,1.5611
213.359914656,103.5678,105.1239,1.5561
213.39991464,103.5678,105.1188,1.5509
213.439914624,103.5678,105.1136,1.5458
213.479914608,103.5678,105.1086,1.5407
213.51991459200002,103.5678,105.1034,1.5356
213.55991457599998,103.4673,105.0983,1.631
213.59991456,103.4673,105.0931,1.6258
213.639914544,103.4673,105.088,1.6206
213.679914528,103.4673,105.0828,1.6155
213.719914512,103.4673,105.0777,1.6104
213.759914496,103.4673,105.0726,1.6053
213.79991447999998,103.4673,105.0675,1.6002
213.839914464,103.4673,105.0624,1.595
213.879914448,103.4673,105.0573,1.59
213.919914432,103.4673,105.0522,1.5848
213.95991441599998,103.4673,105.047,1.5797
213.9999144,103.4673,105.0419,1.5746
214.03991438399999,103.4673,105.0368,1.5694
214.079914368,103.4673,105.0316,1.5643
214.119914352,103.4673,105.0265,1.5592
214.15991433599999,103.4673,105.0213,1.554
214.19991431999998,103.4673,105.0162,1.5488
214.239914304,103.4673,105.011,1.5437
214.27991428800001,103.4673,105.0059,1.5386
214.319914272,103.4673,105.0008,1.5334
214.359914256,103.3668,104.9956,1.6288
214.39991424,103.3668,104.9905,1.6237
214.439914224,103.3668,104.9854,1.6186
214.479914208,103.3668,104.9802,1.6133
214.51991419200002,103.3668,104.975,1.6082
214.559914176,103.3668,104.9699,1.6031
214.59991416,103.3668,104.9647,1.5979
214.639914144,103.3668,104.9596,1.5928
214.679914128,103.3668,104.9545,1.5877
214.719914112,103.3668,104.9494,1.5826
214.75991409600002,103.3668,104.9443,1.5775
214.79991407999998,103.3668,104.9392,1.5724
214.839914064,103.3668,104.9341,1.5673
214.879914048,103.3668,104.929,1.5622
214.919914032,103.3668,104.9238,1.557
214.959914016,103.3668,104.9187,1.5518
214.999914,103.3668,104.9135,1.5467
215.03991398399998,103.3668,104.9085,1.5417
215.079913968,103.3668,104.9034,1.5366
215.119913952,103.3668,104.8982,1.5314
215.159913936,103.2663,104.8931,1.6268
215.19991391999997,103.2663,104.888,1.6217
215.239913904,103.2663,104.8829,1.6166
215.279913888,103.2663,104.8778,1.6115
215.319913872,103.2663,104.8727,1.6064
215.35991385600002,103.2663,104.8676,1.6013
215.39991383999998,103.2663,104.8625,1.5962
215.439913824,103.2663,104.8573,1.591
215.479913808,103.2663,104.8522,1.5859
215.519913792,103.2663,104.847,1.5807
215.559913776,103.2663,104.8419,1.5756
215.59991376,103.2663,104.8368,1.5705
215.63991374399998,103.2663,104.8317,1.5654
215.679913728,103.2663,104.8266,1.5603
215.719913712,103.2663,104.8215,1.5552
215.759913696,103.2663,104.8164,1.5501
215.79991368,103.2663,104.8113,1.5449
215.839913664,103.2663,104.8061,1.5398
215.87991364799998,103.2663,104.801,1.5347
215.919913632,103.2663,104.7959,1.5296
215.959913616,103.1658,104.7908,1.625
215.9999136,103.1658,104.7858,1.62
216.03991358399998,103.1658,104.7806,1.6148
216.079913568,103.1658,104.7755,1.6097
216.11991355199999,103.1658,104.7705,1.6047
216.159913536,103.1658,104.7654,1.5996
216.19991352,103.1658,104.7602,1.5944
216.239913504,103.1658,104.7552,1.5893
216.279913488,103.1658,104.75,1.5842
216.319913472,103.1658,104.745,1.5792
216.35991345600002,103.1658,104.7399,1.5741
216.39991344,103.1658,104.7348,1.569
216.439913424,103.1658,104.7297,1.5639
216.479913408,103.1658,104.7246,1.5588
216.519913392,103.1658,104.7195,1.5537
216.559913376,103.1658,104.7145,1.5486
216.59991336000002,103.1658,104.7093,1.5435
216.63991334399998,103.1658,104.7043,1.5385
216.679913328,103.1658,104.6992,1.5334
216.719913312,103.1658,104.6942,1.5283
216.759913296,103.0653,104.6891,1.6238
216.79991328,103.0653,104.684,1.6187
216.839913264,103.0653,104.679,1.6137
216.87991324799998,103.0653,104.6739,1.6086
216.919913232,103.0653,104.6689,1.6036
216.959913216,103.0653,104.6638,1.5985
216.9999132,103.0653,104.6587,1.5934
217.039913184,103.0653,104.6536,1.5883
217.079913168,103.0653,104.6486,1.5833
217.11991315199998,103.0653,104.6435,1.5782
217.159913136,103.0653,104.6385,1.5731
217.19991312,103.0653,104.6334,1.5681
217.239913104,103.0653,104.6283,1.563
217.279913088,103.0653,104.6232,1.5579
217.319913072,103.0653,104.6181,1.5528
217.359913056,103.0653,104.6131,1.5478
217.39991304,103.0653,104.608,1.5427
217.43991302400002,103.0653,104.6028,1.5375
217.47991300799998,103.0653,104.5978,1.5325
217.519912992,103.0653,104.5927,1.5274
217.559912976,102.9648,104.5876,1.6228
217.59991296,102.9648,104.5826,1.6178
217.639912944,102.9648,104.5775,1.6127
217.679912928,102.9648,104.5724,1.6076
217.71991291199998,102.9648,104.5674,1.6026
217.759912896,102.9648,104.5623,1.5975
217.79991288,102.9648,104.5572,1.5924
217.839912864,102.9648,104.5521,1.5873
217.87991284799998,102.9648,104.547,1.5822
217.919912832,102.9648,104.542,1.5772
217.95991281599999,102.9648,104.5369,1.5721
217.9999128,102.9648,104.5318,1.567
218.039912784,102.9648,104.5267,1.5619
218.07991276799999,102.9648,104.5216,1.5567
218.11991275199998,102.9648,104.5165,1.5517
218.159912736,102.9648,104.5114,1.5466
218.19991272,102.9648,104.5063,1.5415
218.239912704,102.9648,104.5012,1.5363
218.27991268800002,102.9648,104.496,1.5312
218.319912672,102.9648,104.491,1.5261
218.359912656,102.8643,104.4858,1.6215
218.39991264,102.8643,104.4807,1.6164
218.43991262400002,102.8643,104.4756,1.6113
218.479912608,102.8643,104.4704,1.6061
218.519912592,102.8643,104.4653,1.601
218.559912576,102.8643,104.4602,1.5959
218.59991256,102.8643,104.4551,1.5908
218.639912544,102.8643,104.4501,1.5857
218.67991252800002,102.8643,104.4449,1.5806
218.71991251199998,102.8643,104.4398,1.5755
218.759912496,102.8643,104.4347,1.5704
218.79991248,102.8643,104.4296,1.5653
218.839912464,102.8643,104.4245,1.5602
218.879912448,102.8643,104.4193,1.555
218.919912432,102.8643,104.4142,1.5499
218.95991241599998,102.8643,104.4091,1.5448
218.9999124,102.8643,104.4039,1.5396
219.039912384,102.8643,104.3988,1.5345
219.079912368,102.8643,104.3936,1.5293
219.11991235199997,102.8643,104.3885,1.5242
219.159912336,102.7637,104.3833,1.6195
219.19991231999998,102.7637,104.3782,1.6144
219.239912304,102.7637,104.3731,1.6092
219.27991228800002,102.7637,104.368,1.6042
219.31991227199998,102.7637,104.3628,1.599
219.359912256,102.7637,104.3577,1.5939
219.39991224,102.7637,104.3526,1.5888
219.439912224,102.7637,104.3475,1.5837
219.479912208,102.7637,104.3424,1.5786
219.51991219200002,102.7637,104.3372,1.5734
219.55991217599998,102.7637,104.3321,1.5683
219.59991216,102.7637,104.327,1.5632
219.639912144,102.7637,104.3218,1.558
219.679912128,102.7637,104.3167,1.5529
219.719912112,102.7637,104.3116,1.5478
219.759912096,102.7637,104.3065,1.5427
219.79991207999998,102.7637,104.3014,1.5376
219.839912064,102.7637,104.2962,1.5324
219.879912048,102.7637,104.291,1.5272
219.919912032,102.7637,104.2859,1.5221
219.95991201599998,102.6632,104.2808,1.6175
219.999912,102.6632,104.2756,1.6123
220.03991198399999,102.6632,104.2705,1.6072
220.079911968,102.6632,104.2653,1.602
220.119911952,102.6632,104.2602,1.5969
220.159911936,102.6632,104.2551,1.5918
220.19991191999998,102.6632,104.25,1.5867
220.239911904,102.6632,104.2448,1.5815
220.27991188800002,102.6632,104.2396,1.5763
220.319911872,102.6632,104.2345,1.5712
220.359911856,102.6632,104.2293,1.5661
220.39991184,102.6632,104.2242,1.5609
220.439911824,102.6632,104.2191,1.5558
220.479911808,102.6632,104.214,1.5507
220.51991179200002,102.6632,104.2089,1.5456
220.55991177599998,102.6632,104.2037,1.5404
220.59991176,102.6632,104.1986,1.5353
220.639911744,102.6632,104.1935,1.5302
220.679911728,102.6632,104.1883,1.525
220.719911712,102.6632,104.1832,1.5199
220.75991169600002,102.5627,104.1781,1.6153
220.79991167999998,102.5627,104.1729,1.6101
220.839911664,102.5627,104.1678,1.605
220.879911648,102.5627,104.1626,1.5998
220.919911632,102.5627,104.1575,1.5946
220.959911616,102.5627,104.1523,1.5895
220.9999116,102.5627,104.1472,1.5844
221.03991158399998,102.5627,104.142,1.5792
221.079911568,102.5627,104.1369,1.5741
221.119911552,102.5627,104.1317,1.5689
221.159911536,102.5627,104.1266,1.5638
221.19991152,102.5627,104.1215,1.5587
221.239911504,102.5627,104.1163,1.5535
221.279911488,102.5627,104.1112,1.5484
221.319911472,102.5627,104.106,1.5432
221.35991145600002,102.5627,104.1009,1.5381
221.39991143999998,102.5627,104.0958,1.533
221.439911424,102.5627,104.0907,1.5279
221.479911408,102.5627,104.0856,1.5228
221.519911392,102.5627,104.0805,1.5177
221.559911376,102.4623,104.0753,1.613
221.59991136,102.4623,104.0702,1.6079
221.63991134399998,102.4623,104.0651,1.6028
221.679911328,102.4623,104.06,1.5977
221.719911312,102.4623,104.0549,1.5926
221.759911296,102.4623,104.0497,1.5874
221.79991127999998,102.4623,104.0446,1.5823
221.839911264,102.4623,104.0395,1.5772
221.87991124799998,102.4623,104.0344,1.5721
221.919911232,102.4623,104.0293,1.567
221.959911216,102.4623,104.0242,1.5619
221.9999112,102.4623,104.019,1.5567
222.03991118399998,102.4623,104.0139,1.5516
222.079911168,102.4623,104.0088,1.5465
222.119911152,102.4623,104.0037,1.5414
222.159911136,102.4623,103.9986,1.5363
222.19991112,102.4623,103.9936,1.5312
222.239911104,102.4623,103.9884,1.5261
222.279911088,102.4623,103.9834,1.5211
222.319911072,102.4623,103.9783,1.516
222.35991105600002,102.3617,103.9732,1.6114
222.39991104,102.3617,103.9681,1.6063
222.439911024,102.3617,103.963,1.6012
222.479911008,102.3617,103.9579,1.5961
222.519910992,102.3617,103.9528,1.591
222.559910976,102.3617,103.9477,1.5859
222.59991096000002,102.3617,103.9425,1.5808
222.63991094399998,102.3617,103.9375,1.5756
222.679910928,102.3617,103.9323,1.5705
222.719910912,102.3617,103.9272,1.5654
222.759910896,102.3617,103.9221,1.5603
222.79991088,102.3617,103.9169,1.5551
222.839910864,102.3617,103.9118,1.55
222.87991084799998,102.3617,103.9066,1.5448
222.919910832,102.3617,103.9014,1.5396
222.959910816,102.3617,103.8963,1.5345
222.9999108,102.3617,103.8912,1.5294
223.03991078399997,102.3617,103.886,1.5242
223.079910768,102.3617,103.8809,1.5191
223.11991075199998,102.3617,103.8758,1.514
223.159910736,102.2612,103.8707,1.6094
223.19991072,102.2612,103.8655,1.6043
223.23991070399998,102.2612,103.8604,1.5991
223.279910688,102.2612,103.8553,1.594
223.319910672,102.2612,103.8502,1.5889
223.359910656,102.2612,103.8451,1.5838
223.39991064,102.2612,103.84,1.5787
223.43991062400002,102.2612,103.8349,1.5736
223.47991060799998,102.2612,103.8298,1.5685
223.519910592,102.2612,103.8247,1.5634
223.559910576,102.2612,103.8195,1.5582
223.59991056,102.2612,103.8144,1.5531
223.639910544,102.2612,103.8093,1.548
223.679910528,102.2612,103.8041,1.5428
223.71991051199998,102.2612,103.799,1.5377
223.759910496,102.2612,103.7939,1.5326
223.79991048,102.2612,103.7888,1.5275
223.839910464,102.2612,103.7837,1.5224
223.87991044799998,102.2612,103.7786,1.5173
223.919910432,102.2612,103.7735,1.5122
223.95991041599999,102.1607,103.7684,1.6076
223.9999104,102.1607,103.7632,1.6024
224.039910384,102.1607,103.7581,1.5973
224.079910368,102.1607,103.753,1.5922
224.11991035199998,102.1607,103.7479,1.5871
224.159910336,102.1607,103.7428,1.582
224.19991032000001,102.1607,103.7376,1.5769
224.239910304,102.1607,103.7326,1.5718
224.279910288,102.1607,103.7275,1.5667
224.319910272,102.1607,103.7223,1.5616
224.359910256,102.1607,103.7172,1.5564
224.39991024,102.1607,103.7121,1.5513
224.43991022400002,102.1607,103.707,1.5462
224.47991020799998,102.1607,103.7018,1.5411
224.519910192,102.1607,103.6967,1.5359
224.559910176,102.1607,103.6916,1.5308
224.59991016,102.1607,103.6864,1.5256
224.639910144,102.1607,103.6813,1.5205
224.67991012800002,102.1607,103.6762,1.5154
224.71991011199998,102.1607,103.671,1.5102
224.759910096,102.0602,103.6659,1.6056
224.79991008,102.0602,103.6608,1.6005
224.839910064,102.0602,103.6557,1.5954
224.879910048,102.0602,103.6506,1.5903
224.919910032,102.0602,103.6454,1.5851
224.95991001599998,102.0602,103.6403,1.58
224.99991,102.0602,103.6352,1.575
225.039909984,102.0602,103.6301,1.5698
225.079909968,102.0602,103.6249,1.5646
225.11990995199997,102.0602,103.6198,1.5595
225.159909936,102.0602,103.6146,1.5543
225.19990992,102.0602,103.6095,1.5492
225.239909904,102.0602,103.6043,1.544
225.27990988800002,102.0602,103.5992,1.5389
225.31990987199998,102.0602,103.5941,1.5338
225.359909856,102.0602,103.5889,1.5287
225.39990984,102.0602,103.5839,1.5236
225.439909824,102.0602,103.5787,1.5184
225.479909808,102.0602,103.5736,1.5133
225.519909792,102.0602,103.5685,1.5082
225.55990977599998,101.9597,103.5633,1.6035
225.59990976,101.9597,103.5582,1.5984
225.639909744,101.9597,103.5531,1.5933
225.679909728,101.9597,103.5479,1.5881
225.71990971199997,101.9597,103.5428,1.583
225.759909696,101.9597,103.5376,1.5779
225.79990967999998,101.9597,103.5325,1.5727
225.839909664,101.9597,103.5274,1.5676
225.879909648,101.9597,103.5222,1.5625
225.919909632,101.9597,103.5171,1.5574
225.95990961599998,101.9597,103.512,1.5522
225.9999096,101.9597,103.5069,1.5471
226.039909584,101.9597,103.5018,1.542
226.079909568,101.9597,103.4967,1.5369
226.119909552,101.9597,103.4916,1.5318
226.159909536,101.9597,103.4865,1.5267
226.19990952,101.9597,103.4814,1.5216
226.239909504,101.9597,103.4763,1.5165
226.27990948800002,101.9597,103.4711,1.5114
226.319909472,101.9597,103.466,1.5062
226.359909456,101.8592,103.4609,1.6016
226.39990944,101.8592,103.4558,1.5965
226.439909424,101.8592,103.4506,1.5913
226.479909408,101.8592,103.4455,1.5862
226.51990939200002,101.8592,103.4402,1.581
226.55990937599998,101.8592,103.4351,1.5759
226.59990936,101.8592,103.43,1.5707
226.639909344,101.8592,103.4248,1.5655
226.679909328,101.8592,103.4196,1.5603
226.719909312,101.8592,103.4145,1.5552
226.759909296,101.8592,103.4093,1.5501
226.79990927999998,101.8592,103.4042,1.5449
226.839909264,101.8592,103.3991,1.5398
226.879909248,101.8592,103.394,1.5347
226.919909232,101.8592,103.3888,1.5296
226.95990921599997,101.8592,103.3837,1.5244
226.9999092,101.8592,103.3786,1.5193
227.03990918399998,101.8592,103.3734,1.5141
227.079909168,101.8592,103.3682,1.509
227.119909152,101.8592,103.3631,1.5038
227.159909136,101.7587,103.3579,1.5991
227.19990912,101.7587,103.3527,1.5939
227.239909104,101.7587,103.3476,1.5888
227.279909088,101.7587,103.3424,1.5836
227.319909072,101.7587,103.3373,1.5785
227.35990905600002,101.7587,103.3321,1.5733
227.39990903999998,101.7587,103.3269,1.5681
227.439909024,101.7587,103.3218,1.563
227.479909008,101.7587,103.3166,1.5578
227.519908992,101.7587,103.3114,1.5526
227.559908976,101.7587,103.3062,1.5475
227.59990896,101.7587,103.3011,1.5423
227.63990894399998,101.7587,103.296,1.5372
227.679908928,101.7587,103.2908,1.532
227.719908912,101.7587,103.2857,1.5269
227.759908896,101.7587,103.2805,1.5217
227.79990887999998,101.7587,103.2753,1.5166
227.839908864,101.7587,103.2702,1.5114
227.87990884799999,101.7587,103.265,1.5063
227.919908832,101.7587,103.2599,1.5011
227.959908816,101.6582,103.2548,1.5965
227.9999088,101.6582,103.2496,1.5913
228.03990878399998,101.6582,103.2444,1.5862
228.079908768,101.6582,103.2393,1.581
228.119908752,101.6582,103.2341,1.5758
228.159908736,101.6582,103.229,1.5707
228.19990872,101.6582,103.2238,1.5655
228.239908704,101.6582,103.2187,1.5604
228.279908688,101.6582,103.2136,1.5553
228.319908672,101.6582,103.2085,1.5502
228.35990865600002,101.6582,103.2034,1.5452
228.39990864,101.6582,103.1982,1.5399
228.439908624,101.6582,103.1931,1.5348
228.479908608,101.6582,103.1879,1.5297
228.519908592,101.6582,103.1827,1.5245
228.559908576,101.6582,103.1776,1.5193
228.59990856000002,101.6582,103.1724,1.5141
228.63990854399998,101.6582,103.1673,1.509
228.679908528,101.6582,103.1622,1.5039
228.719908512,101.6582,103.157,1.4987
228.759908496,101.5577,103.1519,1.5941
228.79990848,101.5577,103.1467,1.589
228.839908464,101.5577,103.1416,1.5838
228.87990844799998,101.5577,103.1365,1.5787
228.919908432,101.5577,103.1314,1.5736
228.959908416,101.5577,103.1262,1.5684
228.9999084,101.5577,103.1211,1.5633
229.03990838399997,101.5577,103.1159,1.5581
229.079908368,101.5577,103.1108,1.553
229.11990835199998,101.5577,103.1057,1.5479
229.159908336,101.5577,103.1005,1.5427
229.19990832000002,101.5577,103.0954,1.5376
229.23990830399998,101.5577,103.0902,1.5325
229.279908288,101.5577,103.085,1.5273
229.319908272,101.5577,103.0799,1.5222
229.359908256,101.5577,103.0747,1.5169
229.39990824,101.5577,103.0696,1.5118
229.439908224,101.5577,103.0645,1.5067
229.47990820799998,101.5577,103.0593,1.5015
229.519908192,101.5577,103.0542,1.4964
229.559908176,101.4572,103.049,1.5918
229.59990816,101.4572,103.0439,1.5866
229.639908144,101.4572,103.0388,1.5815
229.679908128,101.4572,103.0336,1.5763
229.71990811199998,101.4572,103.0285,1.5712
229.759908096,101.4572,103.0233,1.5661
229.79990808,101.4572,103.0182,1.5609
229.839908064,101.4572,103.0131,1.5558
229.87990804799998,101.4572,103.0079,1.5507
229.919908032,101.4572,103.0028,1.5455
229.95990801599999,101.4572,102.9977,1.5404
229.999908,101.4572,102.9925,1.5352
230.039907984,101.4572,102.9874,1.5301
230.079907968,101.4572,102.9822,1.525
230.119907952,101.4572,102.9771,1.5198
230.159907936,101.4572,102.9719,1.5147
230.19990792000002,101.4572,102.9668,1.5095
230.239907904,101.4572,102.9616,1.5043
230.279907888,101.4572,102.9565,1.4992
230.319907872,101.4572,102.9513,1.4941
230.359907856,101.3567,102.9463,1.5895
230.39990784,101.3567,102.9412,1.5845
230.43990782400002,101.3567,102.9361,1.5793
230.47990780799998,101.3567,102.9309,1.5742
230.519907792,101.3567,102.9258,1.569
230.559907776,101.3567,102.9207,1.5639
230.59990776,101.3567,102.9156,1.5588
230.639907744,101.3567,102.9104,1.5536
230.679907728,101.3567,102.9053,1.5485
230.71990771199998,101.3567,102.9002,1.5434
230.759907696,101.3567,102.8951,1.5383
230.79990768,101.3567,102.89,1.5332
230.839907664,101.3567,102.8849,1.5281
230.879907648,101.3567,102.8798,1.523
230.919907632,101.3567,102.8747,1.5179
230.95990761599998,101.3567,102.8695,1.5128
230.9999076,101.3567,102.8645,1.5077
231.039907584,101.3567,102.8594,1.5026
231.079907568,101.3567,102.8543,1.4975
231.119907552,101.3567,102.8492,1.4924
231.159907536,101.2562,102.8441,1.5878
231.19990752,101.2562,102.839,1.5827
231.239907504,101.2562,102.8339,1.5776
231.27990748800002,101.2562,102.8288,1.5725
231.31990747199998,101.2562,102.8237,1.5674
231.359907456,101.2562,102.8186,1.5623
231.39990744,101.2562,102.8135,1.5572
231.439907424,101.2562,102.8084,1.5521
231.479907408,101.2562,102.8032,1.547
231.519907392,101.2562,102.7981,1.5419
231.55990737599998,101.2562,102.793,1.5367
231.59990736,101.2562,102.7878,1.5316
231.639907344,101.2562,102.7827,1.5265
231.679907328,101.2562,102.7776,1.5213
231.71990731199998,101.2562,102.7725,1.5162
231.759907296,101.2562,102.7674,1.5111
231.79990727999999,101.2562,102.7623,1.506
231.839907264,101.2562,102.7572,1.5009
231.879907248,101.2562,102.752,1.4957
231.91990723199999,101.2562,102.7469,1.4906
231.95990721599998,101.1557,102.7418,1.586
231.9999072,101.1557,102.7366,1.5809
232.039907184,101.1557,102.7315,1.5758
232.079907168,101.1557,102.7264,1.5706
232.119907152,101.1557,102.7212,1.5654
232.159907136,101.1557,102.7161,1.5604
232.19990712,101.1557,102.711,1.5553
232.239907104,101.1557,102.7059,1.5502
232.27990708800002,101.1557,102.7008,1.545
232.319907072,101.1557,102.6957,1.5399
232.359907056,101.1557,102.6906,1.5348
232.39990704,101.1557,102.6854,1.5297
232.439907024,101.1557,102.6803,1.5245
232.479907008,101.1557,102.6752,1.5194
232.51990699200002,101.1557,102.67,1.5143
232.55990697599998,101.1557,102.665,1.5092
232.59990696,101.1557,102.6598,1.504
232.639906944,101.1557,102.6547,1.4989
232.679906928,101.1557,102.6495,1.4938
232.719906912,101.1557,102.6444,1.4886
232.759906896,101.0552,102.6393,1.584
232.79990687999998,101.0552,102.6342,1.5789
232.839906864,101.0552,102.6291,1.5738
232.879906848,101.0552,102.624,1.5687
232.919906832,101.0552,102.6189,1.5637
232.95990681599997,101.0552,102.6138,1.5586
232.9999068,101.0552,102.6087,1.5535
233.03990678399998,101.0552,102.6036,1.5483
233.079906768,101.0552,102.5985,1.5433
233.11990675200002,101.0552,102.5934,1.5381
233.15990673599998,101.0552,102.5882,1.533
233.19990672,101.0552,102.5832,1.5279
233.239906704,101.0552,102.5781,1.5228
233.279906688,101.0552,102.5729,1.5177
233.319906672,101.0552,102.5678,1.5125
233.35990665600002,101.0552,102.5626,1.5074
233.39990663999998,101.0552,102.5575,1.5022
233.439906624,101.0552,102.5524,1.4971
233.479906608,101.0552,102.5472,1.492
233.519906592,101.0552,102.5421,1.4869
233.559906576,100.9547,102.537,1.5822
233.59990656,100.9547,102.5318,1.577
233.63990654399998,100.9547,102.5267,1.5719
233.679906528,100.9547,102.5216,1.5668
233.719906512,100.9547,102.5164,1.5617
233.759906496,100.9547,102.5113,1.5565
233.79990647999998,100.9547,102.5061,1.5514
233.839906464,100.9547,102.5011,1.5463
233.87990644799999,100.9547,102.4959,1.5412
233.919906432,100.9547,102.4908,1.536
233.959906416,100.9547,102.4856,1.5309
233.9999064,100.9547,102.4805,1.5257
234.03990638399998,100.9547,102.4753,1.5206
234.079906368,100.9547,102.4702,1.5155
234.11990635200002,100.9547,102.4651,1.5103
234.159906336,100.9547,102.46,1.5053
234.19990632,100.9547,102.4549,1.5001
234.239906304,100.9547,102.4497,1.4949
234.279906288,100.9547,102.4446,1.4898
234.319906272,100.9547,102.4394,1.4846
234.35990625600002,100.8542,102.4342,1.58
234.39990623999998,100.8542,102.4291,1.5748
234.439906224,100.8542,102.4239,1.5696
234.479906208,100.8542,102.4188,1.5645
234.519906192,100.8542,102.4136,1.5594
234.559906176,100.8542,102.4085,1.5542
234.59990616000002,100.8542,102.4034,1.5491
234.63990614399998,100.8542,102.3982,1.5439
234.679906128,100.8542,102.3931,1.5388
234.719906112,100.8542,102.3879,1.5336
234.759906096,100.8542,102.3827,1.5285
234.79990608,100.8542,102.3777,1.5234
234.839906064,100.8542,102.3725,1.5182
234.87990604799998,100.8542,102.3674,1.5131
234.919906032,100.8542,102.3623,1.508
234.959906016,100.8542,102.3571,1.5029
234.999906,100.8542,102.352,1.4977
235.03990598399997,100.8542,102.3468,1.4926
235.079905968,100.8542,102.3417,1.4874
235.119905952,100.8542,102.3365,1.4823
235.159905936,100.7537,102.3314,1.5776
235.19990592000002,100.7537,102.3263,1.5725
235.23990590399998,100.7537,102.3211,1.5674
235.279905888,100.7537,102.316,1.5622
235.319905872,100.7537,102.3109,1.5571
235.359905856,100.7537,102.3057,1.552
235.39990584,100.7537,102.3005,1.5468
235.439905824,100.7537,102.2954,1.5417
235.47990580799998,100.7537,102.2902,1.5365
235.519905792,100.7537,102.2851,1.5313
235.559905776,100.7537,102.2799,1.5262
235.59990576,100.7537,102.2748,1.521
235.63990574399998,100.7537,102.2697,1.516
235.679905728,100.7537,102.2646,1.5108
235.71990571199998,100.7537,102.2594,1.5057
235.759905696,100.7537,102.2543,1.5005
235.79990568,100.7537,102.2491,1.4954
235.839905664,100.7537,102.2441,1.4903
235.87990564799998,100.7537,102.2389,1.4852
235.919905632,100.7537,102.2338,1.48
235.959905616,100.6532,102.2286,1.5754
235.9999056,100.6532,102.2235,1.5702
236.039905584,100.6532,102.2183,1.5651
236.079905568,100.6532,102.2132,1.5599
236.119905552,100.6532,102.208,1.5547
236.159905536,100.6532,102.2028,1.5496
236.19990552000002,100.6532,102.1977,1.5445
236.239905504,100.6532,102.1926,1.5394
236.279905488,100.6532,102.1875,1.5343
236.319905472,100.6532,102.1823,1.5291
236.359905456,100.6532,102.1772,1.524
236.39990544,100.6532,102.1721,1.5189
236.43990542400002,100.6532,102.1669,1.5137
236.47990540799998,100.6532,102.1618,1.5086
236.519905392,100.6532,102.1567,1.5035
236.559905376,100.6532,102.1516,1.4984
236.59990536,100.6532,102.1466,1.4933
236.639905344,100.6532,102.1414,1.4882
236.679905328,100.6532,102.1364,1.4831
236.71990531199998,100.6532,102.1313,1.478
236.759905296,100.5527,102.1261,1.5734
236.79990528,100.5527,102.121,1.5683
236.839905264,100.5527,102.1159,1.5632
236.87990524799997,100.5527,102.1107,1.558
236.919905232,100.5527,102.1057,1.5529
236.95990521599998,100.5527,102.1006,1.5478
236.9999052,100.5527,102.0955,1.5427
237.039905184,100.5527,102.0904,1.5377
237.079905168,100.5527,102.0853,1.5326
237.119905152,100.5527,102.0802,1.5274
237.159905136,100.5527,102.0751,1.5223
237.19990512,100.5527,102.07,1.5173
237.239905104,100.5527,102.0649,1.5121
237.27990508800002,100.5527,102.0598,1.507
237.31990507199998,100.5527,102.0547,1.5019
237.359905056,100.5527,102.0495,1.4968
237.39990504,100.5527,102.0444,1.4917
237.439905024,100.5527,102.0393,1.4866
237.479905008,100.5527,102.0342,1.4814
237.519904992,100.5527,102.0291,1.4764
237.55990497599998,100.4522,102.024,1.5718
237.59990496,100.4522,102.0189,1.5666
237.639904944,100.4522,102.0138,1.5616
237.679904928,100.4522,102.0087,1.5565
237.71990491199998,100.4522,102.0036,1.5514
237.759904896,100.4522,101.9985,1.5463
237.79990487999999,100.4522,101.9934,1.5412
237.839904864,100.4522,101.9883,1.5361
237.879904848,100.4522,101.9832,1.531
237.919904832,100.4522,101.9781,1.5259
237.95990481599998,100.4522,101.9731,1.5208
237.9999048,100.4522,101.968,1.5157
238.039904784,100.4522,101.9629,1.5106
238.079904768,100.4522,101.9578,1.5055
238.119904752,100.4522,101.9527,1.5004
238.159904736,100.4522,101.9476,1.4953
238.19990472,100.4522,101.9425,1.4903
238.239904704,100.4522,101.9374,1.4852
238.27990468800002,100.4522,101.9324,1.4801
238.319904672,100.4522,101.9273,1.4751
238.359904656,100.3517,101.9222,1.5705
238.39990464,100.3517,101.9172,1.5654
238.439904624,100.3517,101.9121,1.5603
238.479904608,100.3517,101.907,1.5552
238.51990459200002,100.3517,101.9019,1.5502
238.55990457599998,100.3517,101.8968,1.545
238.59990456,100.3517,101.8917,1.54
238.639904544,100.3517,101.8866,1.5349
238.679904528,100.3517,101.8816,1.5298
238.719904512,100.3517,101.8765,1.5248
238.759904496,100.3517,101.8714,1.5197
238.79990447999998,100.3517,101.8664,1.5146
238.839904464,100.3517,101.8612,1.5095
238.879904448,100.3517,101.8561,1.5043
238.919904432,100.3517,101.851,1.4992
238.95990441599997,100.3517,101.8459,1.4942
238.9999044,100.3517,101.8408,1.4891
239.03990438399998,100.3517,101.8357,1.484
239.079904368,100.3517,101.8306,1.4788
239.11990435200002,100.3517,101.8255,1.4738
239.15990433599998,100.2512,101.8204,1.5692
239.19990432,100.2512,101.8152,1.564
239.239904304,100.2512,101.8102,1.5589
239.279904288,100.2512,101.805,1.5538
239.319904272,100.2512,101.7999,1.5487
239.359904256,100.2512,101.7948,1.5436
239.39990423999998,100.2512,101.7897,1.5384
239.439904224,100.2512,101.7845,1.5333
239.479904208,100.2512,101.7794,1.5282
239.519904192,100.2512,101.7744,1.5231
239.559904176,100.2512,101.7692,1.518
239.59990416,100.2512,101.7641,1.5129
239.63990414399998,100.2512,101.7591,1.5078
239.679904128,100.2512,101.754,1.5027
239.719904112,100.2512,101.7489,1.4977
239.759904096,100.2512,101.7438,1.4926
239.79990407999998,100.2512,101.7387,1.4875
239.839904064,100.2512,101.7336,1.4823
239.879904048,100.2512,101.7284,1.4772
239.919904032,100.2512,101.7233,1.4721
239.959904016,100.1507,101.7182,1.5675
239.999904,100.1507,101.7131,1.5624
240.03990398399998,100.1507,101.708,1.5573
240.079903968,100.1507,101.7029,1.5522
240.11990395200002,100.1507,101.6978,1.547
240.159903936,100.1507,101.6926,1.5419
240.19990392,100.1507,101.6875,1.5367
240.239903904,100.1507,101.6823,1.5316
240.279903888,100.1507,101.6772,1.5265
240.319903872,100.1507,101.6721,1.5214
240.35990385600002,100.1507,101.667,1.5162
240.39990383999998,100.1507,101.6618,1.5111
240.439903824,100.1507,101.6566,1.5059
240.479903808,100.1507,101.6515,1.5008
240.519903792,100.1507,101.6464,1.4956
240.559903776,100.1507,101.6412,1.4905
240.59990376,100.1507,101.6361,1.4854
240.63990374399998,100.1507,101.631,1.4803
240.679903728,100.1507,101.6259,1.4752
240.719903712,100.1507,101.6207,1.47
240.759903696,100.0502,101.6156,1.5654
240.79990368,100.0502,101.6105,1.5602
240.839903664,100.0502,101.6053,1.5551
240.87990364799998,100.0502,101.6002,1.5499
240.919903632,100.0502,101.5951,1.5448
240.959903616,100.0502,101.59,1.5397
240.9999036,100.0502,101.5848,1.5346
241.039903584,100.0502,101.5797,1.5294
241.079903568,100.0502,101.5745,1.5243
241.119903552,100.0502,101.5694,1.5192
241.159903536,100.0502,101.5643,1.514
241.19990352000002,100.0502,101.5591,1.5089
241.23990350399998,100.0502,101.554,1.5038
241.279903488,100.0502,101.5489,1.4986
241.319903472,100.0502,101.5438,1.4935
241.359903456,100.0502,101.5387,1.4885
241.39990344,100.0502,101.5336,1.4833
241.439903424,100.0502,101.5285,1.4783
241.47990340799998,100.0502,101.5233,1.4731
241.519903392,100.0502,101.5182,1.4679
241.559903376,99.9497,101.5131,1.5633
241.59990336,99.9497,101.5079,1.5581
241.63990334399998,99.9497,101.5028,1.5531
241.679903328,99.9497,101.4977,1.548
241.71990331199999,99.9497,101.4926,1.5429
241.759903296,99.9497,101.4876,1.5378
241.79990328,99.9497,101.4825,1.5327
241.839903264,99.9497,101.4774,1.5276
241.87990324799998,99.9497,101.4723,1.5225
241.919903232,99.9497,101.4671,1.5174
241.959903216,99.9497,101.462,1.5122
241.9999032,99.9497,101.4569,1.5071
242.039903184,99.9497,101.4518,1.502
242.079903168,99.9497,101.4468,1.4971
242.119903152,99.9497,101.4417,1.492
242.159903136,99.9497,101.4366,1.4869
242.19990312000002,99.9497,101.4315,1.4817
242.239903104,99.9497,101.4264,1.4766
242.279903088,99.9497,101.4213,1.4715
242.319903072,99.9497,101.4162,1.4664
242.359903056,99.8492,101.411,1.5618
242.39990304,99.8492,101.406,1.5568
242.43990302400002,99.8492,101.4009,1.5517
242.47990300799998,99.8492,101.3959,1.5466
242.519902992,99.8492,101.3908,1.5416
242.559902976,99.8492,101.3857,1.5365
242.59990296,99.8492,101.3806,1.5314
242.639902944,99.8492,101.3755,1.5263
242.679902928,99.8492,101.3704,1.5211
242.71990291199998,99.8492,101.3653,1.5161
242.759902896,99.8492,101.3602,1.5109
242.79990288,99.8492,101.3551,1.5058
242.839902864,99.8492,101.35,1.5007
242.87990284799997,99.8492,101.3448,1.4956
242.919902832,99.8492,101.3397,1.4905
242.95990281599998,99.8492,101.3346,1.4854
242.9999028,99.8492,101.3295,1.4803
243.039902784,99.8492,101.3244,1.4752
243.07990276799998,99.8492,101.3193,1.4701
243.119902752,99.8492,101.3142,1.465
243.159902736,99.7487,101.3092,1.5604
243.19990272,99.7487,101.3041,1.5553
243.239902704,99.7487,101.299,1.5503
243.27990268800002,99.7487,101.2939,1.5452
243.31990267199998,99.7487,101.2888,1.5401
243.359902656,99.7487,101.2838,1.535
243.39990264,99.7487,101.2787,1.53
243.439902624,99.7487,101.2736,1.5249
243.479902608,99.7487,101.2685,1.5197
243.519902592,99.7487,101.2633,1.5146
243.55990257599998,99.7487,101.2583,1.5095
243.59990256,99.7487,101.2532,1.5044
243.639902544,99.7487,101.2481,1.4993
243.679902528,99.7487,101.243,1.4943
243.71990251199998,99.7487,101.2378,1.4891
243.759902496,99.7487,101.2327,1.484
243.79990248,99.7487,101.2276,1.4789
243.839902464,99.7487,101.2225,1.4738
243.879902448,99.7487,101.2174,1.4687
243.919902432,99.7487,101.2123,1.4635
243.95990241599998,99.6482,101.2072,1.5589
243.9999024,99.6482,101.2021,1.5538
244.03990238400002,99.6482,101.1969,1.5487
244.079902368,99.6482,101.1918,1.5436
244.119902352,99.6482,101.1867,1.5385
244.159902336,99.6482,101.1816,1.5334
244.19990232,99.6482,101.1765,1.5283
244.239902304,99.6482,101.1714,1.5232
244.27990228800002,99.6482,101.1663,1.5181
244.31990227199998,99.6482,101.1612,1.513
244.359902256,99.6482,101.1561,1.5079
244.39990224,99.6482,101.151,1.5028
244.439902224,99.6482,101.1459,1.4977
244.479902208,99.6482,101.1408,1.4925
244.51990219200002,99.6482,101.1356,1.4874
244.55990217599998,99.6482,101.1305,1.4822
244.59990216,99.6482,101.1254,1.4771
244.639902144,99.6482,101.1202,1.4719
244.679902128,99.6482,101.1151,1.4668
244.719902112,99.6482,101.11,1.4617
244.759902096,99.5477,101.1048,1.5571
244.79990207999998,99.5477,101.0997,1.552
244.839902064,99.5477,101.0945,1.5468
244.879902048,99.5477,101.0894,1.5417
244.919902032,99.5477,101.0843,1.5365
244.95990201599997,99.5477,101.0791,1.5314
244.999902,99.5477,101.074,1.5262
245.039901984,99.5477,101.0688,1.521
245.079901968,99.5477,101.0636,1.5159
245.11990195200002,99.5477,101.0585,1.5108
245.15990193599998,99.5477,101.0533,1.5056
245.19990192,99.5477,101.0482,1.5005
245.239901904,99.5477,101.043,1.4953
245.279901888,99.5477,101.0378,1.4901
245.319901872,99.5477,101.0327,1.485
245.359901856,99.5477,101.0276,1.4798
245.39990183999998,99.5477,101.0224,1.4747
245.439901824,99.5477,101.0173,1.4696
245.479901808,99.5477,101.0122,1.4644
245.519901792,99.5477,101.0071,1.4593
245.55990177599998,99.4472,101.0019,1.5547
245.59990176,99.4472,100.9967,1.5495
245.63990174399999,99.4472,100.9916,1.5444
245.679901728,99.4472,100.9864,1.5392
245.719901712,99.4472,100.9813,1.5341
245.759901696,99.4472,100.9762,1.5289
245.79990167999998,99.4472,100.971,1.5238
245.839901664,99.4472,100.9659,1.5187
245.879901648,99.4472,100.9608,1.5136
245.919901632,99.4472,100.9557,1.5085
245.959901616,99.4472,100.9506,1.5034
245.9999016,99.4472,100.9455,1.4983
246.039901584,99.4472,100.9403,1.4931
246.079901568,99.4472,100.9352,1.488
246.11990155200002,99.4472,100.9301,1.4829
246.159901536,99.4472,100.925,1.4778
246.19990152,99.4472,100.9198,1.4726
246.239901504,99.4472,100.9148,1.4675
246.279901488,99.4472,100.9096,1.4624
246.319901472,99.4472,100.9044,1.4572
246.35990145600002,99.3467,100.8993,1.5526
246.39990143999998,99.3467,100.8942,1.5475
246.439901424,99.3467,100.889,1.5423
246.479901408,99.3467,100.8839,1.5372
246.519901392,99.3467,100.8787,1.532
246.559901376,99.3467,100.8736,1.5269
246.59990136,99.3467,100.8684,1.5217
246.63990134399998,99.3467,100.8633,1.5166
246.679901328,99.3467,100.8582,1.5115
246.719901312,99.3467,100.8532,1.5064
246.759901296,99.3467,100.848,1.5013
246.79990127999997,99.3467,100.8429,1.4962
246.839901264,99.3467,100.8378,1.4911
246.87990124799998,99.3467,100.8327,1.486
246.919901232,99.3467,100.8277,1.4809
246.959901216,99.3467,100.8225,1.4758
246.99990119999998,99.3467,100.8175,1.4707
247.039901184,99.3467,100.8123,1.4656
247.079901168,99.3467,100.8072,1.4605
247.119901152,99.3467,100.8022,1.4554
247.159901136,99.2462,100.7971,1.5509
247.19990112000002,99.2462,100.792,1.5458
247.23990110399998,99.2462,100.7868,1.5406
247.279901088,99.2462,100.7817,1.5355
247.319901072,99.2462,100.7767,1.5304
247.359901056,99.2462,100.7715,1.5253
247.39990104,99.2462,100.7664,1.5202
247.439901024,99.2462,100.7613,1.5151
247.47990100799998,99.2462,100.7561,1.5099
247.519900992,99.2462,100.7511,1.5049
247.559900976,99.2462,100.7459,1.4997
247.59990096,99.2462,100.7408,1.4946
247.63990094399998,99.2462,100.7357,1.4895
247.679900928,99.2462,100.7305,1.4843
247.71990091199999,99.2462,100.7255,1.4792
247.759900896,99.2462,100.7203,1.4741
247.79990088,99.2462,100.7152,1.469
247.839900864,99.2462,100.7102,1.4639
247.87990084799998,99.2462,100.7051,1.4589
247.919900832,99.2462,100.7,1.4538
247.959900816,99.1457,100.6949,1.5492
247.9999008,99.1457,100.6898,1.5441
248.039900784,99.1457,100.6847,1.539
248.079900768,99.1457,100.6796,1.5339
248.119900752,99.1457,100.6744,1.5287
248.159900736,99.1457,100.6694,1.5237
248.19990072000002,99.1457,100.6642,1.5185
248.23990070399998,99.1457,100.6591,1.5134
248.279900688,99.1457,100.654,1.5083
248.319900672,99.1457,100.6489,1.5032
248.359900656,99.1457,100.6438,1.4981
248.39990064,99.1457,100.6387,1.493
248.43990062400002,99.1457,100.6336,1.4879
248.47990060799998,99.1457,100.6285,1.4828
248.519900592,99.1457,100.6234,1.4777
248.559900576,99.1457,100.6183,1.4726
248.59990056,99.1457,100.6132,1.4675
248.639900544,99.1457,100.6081,1.4624
248.679900528,99.1457,100.603,1.4573
248.71990051199998,99.1457,100.5979,1.4522
248.759900496,99.0452,100.5928,1.5476
248.79990048,99.0452,100.5877,1.5425
248.839900464,99.0452,100.5826,1.5374
248.87990044799997,99.0452,100.5775,1.5323
248.919900432,99.0452,100.5724,1.5272
248.95990041599998,99.0452,100.5673,1.5221
248.9999004,99.0452,100.5622,1.517
249.03990038400002,99.0452,100.5571,1.5119
249.07990036799998,99.0452,100.552,1.5068
249.119900352,99.0452,100.5469,1.5017
249.159900336,99.0452,100.5418,1.4965
249.19990032,99.0452,100.5367,1.4915
249.239900304,99.0452,100.5316,1.4864
249.279900288,99.0452,100.5265,1.4813
249.31990027199998,99.0452,100.5214,1.4762
249.359900256,99.0452,100.5162,1.471
249.39990024,99.0452,100.5112,1.4659
249.439900224,99.0452,100.5061,1.4608
249.47990020799998,99.0452,100.501,1.4557
249.519900192,99.0452,100.4959,1.4507
249.55990017599999,98.9447,100.4908,1.5461
249.59990016,98.9447,100.4857,1.541
249.639900144,98.9447,100.4806,1.5359
249.679900128,98.9447,100.4755,1.5308
249.71990011199998,98.9447,100.4705,1.5257
249.759900096,98.9447,100.4653,1.5206
249.79990008,98.9447,100.4602,1.5155
249.839900064,98.9447,100.4551,1.5104
249.879900048,98.9447,100.45,1.5053
249.919900032,98.9447,100.4449,1.5002
249.959900016,98.9447,100.4398,1.4951
249.9999,98.9447,100.4347,1.49
250.03989998400002,98.9447,100.4296,1.4849
250.079899968,98.9447,100.4245,1.4798
250.11989995200003,98.9447,100.4193,1.4746
250.15989993600002,98.9447,100.4143,1.4695
250.19989992000004,98.9447,100.4091,1.4644
250.23989990399997,98.9447,100.404,1.4593
250.279899888,98.9447,100.3989,1.4542
250.31989987199998,98.9447,100.3938,1.4491
250.359899856,98.8442,100.3887,1.5445
250.39989984,98.8442,100.3836,1.5394
250.439899824,98.8442,100.3785,1.5343
250.479899808,98.8442,100.3734,1.5292
250.51989979200002,98.8442,100.3682,1.524
250.559899776,98.8442,100.3632,1.519
250.59989976000003,98.8442,100.358,1.5138
250.63989974399996,98.8442,100.353,1.5087
250.67989972799998,98.8442,100.3479,1.5037
250.71989971199997,98.8442,100.3427,1.4985
250.759899696,98.8442,100.3376,1.4934
250.79989967999998,98.8442,100.3325,1.4883
250.839899664,98.8442,100.3274,1.4832
250.879899648,98.8442,100.3224,1.4782
250.919899632,98.8442,100.3173,1.4731
250.959899616,98.8442,100.3122,1.468
250.99989960000002,98.8442,100.3071,1.4629
251.03989958399998,98.8442,100.302,1.4578
251.07989956799997,98.8442,100.2969,1.4527
251.119899552,98.8442,100.2918,1.4476
251.15989953599998,98.7437,100.2866,1.5429
251.19989952,98.7437,100.2815,1.5378
251.239899504,98.7437,100.2764,1.5327
251.279899488,98.7437,100.2713,1.5276
251.319899472,98.7437,100.2662,1.5225
251.35989945600002,98.7437,100.261,1.5173
251.39989944,98.7437,100.2559,1.5122
251.43989942400003,98.7437,100.2509,1.5072
251.47989940799997,98.7437,100.2457,1.502
251.51989939199999,98.7437,100.2407,1.497
251.55989937599998,98.7437,100.2356,1.4919
251.59989936,98.7437,100.2305,1.4868
251.63989934399999,98.7437,100.2254,1.4817
251.679899328,98.7437,100.2202,1.4765
251.719899312,98.7437,100.2151,1.4714
251.75989929600001,98.7437,100.21,1.4663
251.79989928,98.7437,100.2049,1.4612
251.83989926400002,98.7437,100.1998,1.4561
251.87989924799996,98.7437,100.1946,1.4509
251.91989923199998,98.7437,100.1896,1.4458
251.959899216,98.6432,100.1845,1.5412
251.9998992,98.6432,100.1793,1.5361
252.039899184,98.6432,100.1743,1.5311
252.079899168,98.6432,100.1692,1.526
252.11989915200002,98.6432,100.1641,1.5209
252.159899136,98.6432,100.159,1.5158
252.19989912000003,98.6432,100.1538,1.5106
252.23989910400002,98.6432,100.1487,1.5055
252.27989908799998,98.6432,100.1436,1.5004
252.31989907199997,98.6432,100.1385,1.4953
252.359899056,98.6432,100.1334,1.4902
252.39989903999998,98.6432,100.1282,1.485
252.439899024,98.6432,100.1231,1.4799
252.479899008,98.6432,100.118,1.4748
252.519898992,98.6432,100.1128,1.4696
252.559898976,98.6432,100.1077,1.4645
252.59989896000002,98.6432,100.1026,1.4594
252.639898944,98.6432,100.0975,1.4543
252.67989892800003,98.6432,100.0924,1.4492
252.71989891199996,98.6432,100.0873,1.444
252.75989889599998,98.5427,100.0821,1.5394
252.79989887999997,98.5427,100.077,1.5343
252.839898864,98.5427,100.0718,1.5291
252.87989884799998,98.5427,100.0667,1.524
252.919898832,98.5427,100.0616,1.5189
252.95989881600002,98.5427,100.0565,1.5138
252.9998988,98.5427,100.0515,1.5088
253.03989878400003,98.5427,100.0463,1.5036
253.07989876800002,98.5427,100.0412,1.4985
253.11989875199998,98.5427,100.0361,1.4934
253.15989873599997,98.5427,100.031,1.4883
253.19989872,98.5427,100.0259,1.4832
253.23989870399998,98.5427,100.0208,1.4781
253.279898688,98.5427,100.0157,1.473
253.319898672,98.5427,100.0106,1.4679
253.359898656,98.5427,100.0055,1.4628
253.39989864,98.5427,100.0004,1.4577
253.43989862400002,98.5427,99.9952,1.4525
253.479898608,98.5427,99.9901,1.4474
253.51989859199998,98.5427,99.985,1.4423
253.55989857599997,98.4421,99.9799,1.5377
253.59989855999999,98.4421,99.9748,1.5326
253.63989854399998,98.4421,99.9697,1.5275
253.679898528,98.4421,99.9646,1.5224
253.719898512,98.4421,99.9595,1.5173
253.759898496,98.4421,99.9545,1.5122
253.79989848,98.4421,99.9494,1.5072
253.83989846400002,98.4421,99.9443,1.5021
253.879898448,98.4421,99.9392,1.497
253.91989843200002,98.4421,99.9341,1.4919
253.959898416,98.4421,99.929,1.4868
253.99989839999998,98.4421,99.9239,1.4817
254.039898384,98.4421,99.9188,1.4766
254.079898368,98.4421,99.9138,1.4716
254.119898352,98.4421,99.9087,1.4665
254.159898336,98.4421,99.9036,1.4614
254.19989832000002,98.4421,99.8985,1.4563
254.239898304,98.4421,99.8933,1.4511
254.27989828800003,98.4421,99.8882,1.446
254.31989827200002,98.4421,99.8831,1.4409
254.35989825599998,98.3416,99.878,1.5363
254.39989823999997,98.3416,99.8729,1.5312
254.439898224,98.3416,99.8679,1.5262
254.47989820799998,98.3416,99.8628,1.5211
254.519898192,98.3416,99.8577,1.516
254.559898176,98.3416,99.8527,1.511
254.59989816,98.3416,99.8476,1.5059
254.639898144,98.3416,99.8425,1.5008
254.67989812800002,98.3416,99.8375,1.4958
254.719898112,98.3416,99.8323,1.4907
254.75989809599997,98.3416,99.8273,1.4856
254.79989807999996,98.3416,99.8222,1.4805
254.83989806399998,98.3416,99.8171,1.4754
254.87989804799997,98.3416,99.812,1.4703
254.919898032,98.3416,99.8069,1.4652
254.959898016,98.3416,99.8018,1.4601
254.999898,98.3416,99.7967,1.4551
255.03989798400002,98.3416,99.7917,1.45
255.079897968,98.3416,99.7866,1.4449
255.11989795200003,98.3416,99.7815,1.4398
255.15989793600002,98.2411,99.7764,1.5352
255.19989791999998,98.2411,99.7712,1.53
255.23989790399997,98.2411,99.7661,1.5249
255.279897888,98.2411,99.761,1.5198
255.31989787199998,98.2411,99.7559,1.5147
255.359897856,98.2411,99.7508,1.5096
255.39989784,98.2411,99.7457,1.5045
255.439897824,98.2411,99.7405,1.4993
255.479897808,98.2411,99.7354,1.4942
255.51989779200002,98.2411,99.7303,1.4892
255.559897776,98.2411,99.7253,1.4841
255.59989775999998,98.2411,99.7201,1.4789
255.63989774399997,98.2411,99.7151,1.4739
255.679897728,98.2411,99.71,1.4688
255.71989771199998,98.2411,99.7049,1.4637
255.759897696,98.2411,99.6998,1.4586
255.79989768,98.2411,99.6947,1.4535
255.839897664,98.2411,99.6896,1.4484
255.879897648,98.2411,99.6845,1.4433
255.91989763200002,98.2411,99.6794,1.4382
255.95989761600003,98.1406,99.6743,1.5336
255.99989759999997,98.1406,99.6692,1.5285
256.03989758399996,98.1406,99.6642,1.5235
256.079897568,98.1406,99.6591,1.5184
256.119897552,98.1406,99.654,1.5133
256.159897536,98.1406,99.6489,1.5082
256.19989752,98.1406,99.6438,1.5031
256.239897504,98.1406,99.6387,1.498
256.279897488,98.1406,99.6336,1.4929
256.31989747200004,98.1406,99.6285,1.4878
256.359897456,98.1406,99.6234,1.4827
256.39989744,98.1406,99.6183,1.4776
256.439897424,98.1406,99.6132,1.4725
256.479897408,98.1406,99.6081,1.4674
256.51989739199996,98.1406,99.603,1.4623
256.559897376,98.1406,99.5979,1.4572
256.59989736,98.1406,99.5928,1.4521
256.639897344,98.1406,99.5877,1.447
256.679897328,98.1406,99.5826,1.4419
256.719897312,98.1406,99.5776,1.4369
256.759897296,98.0401,99.5725,1.5323
256.79989728000004,98.0401,99.5674,1.5272
256.83989726399994,98.0401,99.5623,1.5221
256.87989724799996,98.0401,99.5572,1.517
256.919897232,98.0401,99.5521,1.5119
256.959897216,98.0401,99.547,1.5068
256.9998972,98.0401,99.5418,1.5017
257.039897184,98.0401,99.5368,1.4966
257.079897168,98.0401,99.5317,1.4915
257.119897152,98.0401,99.5266,1.4864
257.15989713600004,98.0401,99.5214,1.4812
257.19989712,98.0401,99.5164,1.4762
257.23989710399997,98.0401,99.5113,1.4711
257.279897088,98.0401,99.5061,1.4659
257.319897072,98.0401,99.501,1.4608
257.35989705599997,98.0401,99.496,1.4558
257.39989704,98.0401,99.4908,1.4507
257.439897024,98.0401,99.4858,1.4456
257.479897008,98.0401,99.4807,1.4405
257.519896992,98.0401,99.4756,1.4354
257.559896976,97.9396,99.4705,1.5308
257.59989696,97.9396,99.4654,1.5257
257.639896944,97.9396,99.4603,1.5206
257.67989692799995,97.9396,99.4552,1.5155
257.71989691199997,97.9396,99.4501,1.5104
257.759896896,97.9396,99.445,1.5053
257.79989688,97.9396,99.4399,1.5002
257.83989686399997,97.9396,99.4348,1.4951
257.879896848,97.9396,99.4296,1.49
257.919896832,97.9396,99.4245,1.4848
257.959896816,97.9396,99.4194,1.4797
257.99989680000004,97.9396,99.4143,1.4746
258.039896784,97.9396,99.4091,1.4695
258.07989676799997,97.9396,99.4041,1.4644
258.119896752,97.9396,99.399,1.4593
258.159896736,97.9396,99.3939,1.4542
258.19989671999997,97.9396,99.3888,1.4492
258.239896704,97.9396,99.3837,1.444
258.279896688,97.9396,99.3787,1.439
258.319896672,97.9396,99.3736,1.4339
258.359896656,97.8391,99.3685,1.5294
258.39989664,97.8391,99.3635,1.5243
258.439896624,97.8391,99.3584,1.5192
258.479896608,97.8391,99.3533,1.5141
258.51989659199995,97.8391,99.3482,1.5091
258.55989657599997,97.8391,99.3432,1.504
258.59989656,97.8391,99.3381,1.4989
258.639896544,97.8391,99.333,1.4938
258.679896528,97.8391,99.3279,1.4887
258.719896512,97.8391,99.3228,1.4836
258.759896496,97.8391,99.3177,1.4785
258.79989648000003,97.8391,99.3126,1.4735
258.839896464,97.8391,99.3076,1.4684
258.87989644799995,97.8391,99.3025,1.4633
258.919896432,97.8391,99.2974,1.4582
258.959896416,97.8391,99.2923,1.4532
258.9998964,97.8391,99.2873,1.4481
259.039896384,97.8391,99.2822,1.443
259.079896368,97.8391,99.2771,1.4379
259.119896352,97.8391,99.272,1.4329
259.15989633600003,97.7386,99.267,1.5283
259.19989632,97.7386,99.2619,1.5232
259.239896304,97.7386,99.2568,1.5181
259.27989628800003,97.7386,99.2517,1.513
259.319896272,97.7386,99.2466,1.508
259.35989625599996,97.7386,99.2416,1.5029
259.39989624,97.7386,99.2365,1.4978
259.439896224,97.7386,99.2314,1.4927
259.479896208,97.7386,99.2264,1.4877
259.519896192,97.7386,99.2212,1.4825
259.559896176,97.7386,99.2162,1.4775
259.59989616,97.7386,99.211,1.4724
259.63989614400003,97.7386,99.206,1.4673
259.679896128,97.7386,99.2009,1.4622
259.71989611199996,97.7386,99.1957,1.4571
259.759896096,97.7386,99.1907,1.452
259.79989608,97.7386,99.1856,1.4469
259.83989606399996,97.7386,99.1805,1.4418
259.879896048,97.7386,99.1754,1.4367
259.919896032,97.7386,99.1703,1.4316
259.959896016,97.6381,99.1652,1.527
259.99989600000004,97.6381,99.1601,1.522
260.039895984,97.6381,99.155,1.5168
260.079895968,97.6381,99.15,1.5118
260.119895952,97.6381,99.1448,1.5067
260.159895936,97.6381,99.1398,1.5016
260.19989591999996,97.6381,99.1347,1.4966
260.239895904,97.6381,99.1297,1.4915
260.279895888,97.6381,99.1246,1.4864
260.319895872,97.6381,99.1195,1.4813
260.359895856,97.6381,99.1144,1.4762
260.39989584,97.6381,99.1093,1.4711
260.439895824,97.6381,99.1042,1.466
260.47989580800004,97.6381,99.0991,1.4609
260.519895792,97.6381,99.0941,1.4559
260.55989577599996,97.6381,99.089,1.4508
260.59989576,97.6381,99.0839,1.4457
260.639895744,97.6381,99.0788,1.4406
260.67989572799996,97.6381,99.0736,1.4355
260.719895712,97.6381,99.0686,1.4304
260.759895696,97.5376,99.0635,1.5258
260.79989568,97.5376,99.0584,1.5207
260.839895664,97.5376,99.0533,1.5156
260.879895648,97.5376,99.0482,1.5106
260.919895632,97.5376,99.0431,1.5054
260.959895616,97.5376,99.038,1.5003
260.9998956,97.5376,99.0329,1.4952
261.03989558399996,97.5376,99.0278,1.4902
261.079895568,97.5376,99.0228,1.4851
261.119895552,97.5376,99.0177,1.48
261.159895536,97.5376,99.0127,1.475
261.19989552,97.5376,99.0076,1.4699
261.239895504,97.5376,99.0024,1.4648
261.279895488,97.5376,98.9973,1.4597
261.31989547200004,97.5376,98.9922,1.4546
261.35989545599995,97.5376,98.9872,1.4495
261.39989543999997,97.5376,98.9821,1.4444
261.439895424,97.5376,98.977,1.4393
261.479895408,97.5376,98.9719,1.4342
261.51989539199997,97.5376,98.9667,1.4291
261.559895376,97.4371,98.9616,1.5245
261.59989536,97.4371,98.9566,1.5194
261.639895344,97.4371,98.9515,1.5143
261.679895328,97.4371,98.9464,1.5092
261.719895312,97.4371,98.9413,1.5041
261.759895296,97.4371,98.9362,1.4991
261.79989528,97.4371,98.9312,1.494
261.839895264,97.4371,98.9261,1.4889
261.87989524799997,97.4371,98.9211,1.4839
261.919895232,97.4371,98.916,1.4788
261.959895216,97.4371,98.9109,1.4738
261.9998952,97.4371,98.9059,1.4687
262.039895184,97.4371,98.9007,1.4636
262.079895168,97.4371,98.8957,1.4585
262.119895152,97.4371,98.8906,1.4535
262.15989513600005,97.4371,98.8856,1.4484
262.19989511999995,97.4371,98.8805,1.4434
262.23989510399997,97.4371,98.8754,1.4383
262.279895088,97.4371,98.8704,1.4332
262.319895072,97.4371,98.8653,1.4281
262.35989505599997,97.3366,98.8602,1.5235
262.39989504,97.3366,98.8552,1.5185
262.439895024,97.3366,98.8501,1.5135
262.479895008,97.3366,98.845,1.5084
262.519894992,97.3366,98.84,1.5033
262.559894976,97.3366,98.8349,1.4982
262.59989496,97.3366,98.8298,1.4931
262.639894944,97.3366,98.8247,1.488
262.67989492799995,97.3366,98.8196,1.4829
262.719894912,97.3366,98.8146,1.4779
262.759894896,97.3366,98.8095,1.4728
262.79989488,97.3366,98.8044,1.4678
262.839894864,97.3366,98.7994,1.4627
262.879894848,97.3366,98.7943,1.4576
262.919894832,97.3366,98.7893,1.4526
262.95989481600003,97.3366,98.7843,1.4476
262.99989480000005,97.3366,98.7792,1.4425
263.03989478399996,97.3366,98.7741,1.4374
263.079894768,97.3366,98.7691,1.4324
263.119894752,97.3366,98.764,1.4273
263.159894736,97.2361,98.759,1.5228
263.19989472,97.2361,98.7539,1.5177
263.239894704,97.2361,98.7489,1.5127
263.279894688,97.2361,98.7438,1.5076
263.31989467200003,97.2361,98.7387,1.5026
263.359894656,97.2361,98.7337,1.4976
263.39989464,97.2361,98.7286,1.4925
263.439894624,97.2361,98.7236,1.4874
263.479894608,97.2361,98.7185,1.4823
263.51989459199996,97.2361,98.7135,1.4773
263.559894576,97.2361,98.7084,1.4722
263.59989456,97.2361,98.7033,1.4672
263.639894544,97.2361,98.6982,1.4621
263.679894528,97.2361,98.6932,1.457
263.719894512,97.2361,98.6881,1.4519
263.759894496,97.2361,98.683,1.4468
263.79989448000003,97.2361,98.6779,1.4418
263.839894464,97.2361,98.6729,1.4367
263.87989444799996,97.2361,98.6678,1.4317
263.919894432,97.2361,98.6628,1.4267
263.959894416,97.1356,98.6577,1.5221
263.9998944,97.1356,98.6527,1.517
264.039894384,97.1356,98.6477,1.512
264.079894368,97.1356,98.6426,1.5069
264.119894352,97.1356,98.6375,1.5018
264.15989433600004,97.1356,98.6324,1.4967
264.19989432,97.1356,98.6273,1.4917
264.239894304,97.1356,98.6223,1.4866
264.279894288,97.1356,98.6172,1.4815
264.319894272,97.1356,98.6121,1.4764
264.35989425599996,97.1356,98.607,1.4713
264.39989424,97.1356,98.6019,1.4662
264.439894224,97.1356,98.5969,1.4612
264.479894208,97.1356,98.5918,1.4561
264.519894192,97.1356,98.5867,1.451
264.559894176,97.1356,98.5816,1.446
264.59989416,97.1356,98.5765,1.4409
264.63989414400004,97.1356,98.5715,1.4358
264.67989412799994,97.1356,98.5664,1.4307
264.71989411199996,97.1356,98.5613,1.4256
264.759894096,97.0351,98.5562,1.5211
264.79989408,97.0351,98.5511,1.5159
264.83989406399996,97.0351,98.5461,1.5109
264.879894048,97.0351,98.541,1.5059
264.919894032,97.0351,98.5359,1.5008
264.959894016,97.0351,98.5309,1.4957
264.99989400000004,97.0351,98.5258,1.4906
265.039893984,97.0351,98.5207,1.4855
265.07989396799996,97.0351,98.5156,1.4804
265.119893952,97.0351,98.5105,1.4753
265.159893936,97.0351,98.5054,1.4702
265.19989391999997,97.0351,98.5003,1.4651
265.239893904,97.0351,98.4952,1.46
265.279893888,97.0351,98.4901,1.4549
265.319893872,97.0351,98.485,1.4498
265.359893856,97.0351,98.4798,1.4447
265.39989384,97.0351,98.4748,1.4396
265.439893824,97.0351,98.4696,1.4345
265.47989380800004,97.0351,98.4645,1.4293
265.51989379199995,97.0351,98.4594,1.4243
265.55989377599997,96.9346,98.4543,1.5196
265.59989376,96.9346,98.4492,1.5146
265.639893744,96.9346,98.4441,1.5094
265.67989372799997,96.9346,98.439,1.5043
265.719893712,96.9346,98.4338,1.4992
265.759893696,96.9346,98.4287,1.4941
265.79989368,96.9346,98.4236,1.489
265.839893664,96.9346,98.4185,1.4839
265.879893648,96.9346,98.4135,1.4788
265.91989363199997,96.9346,98.4084,1.4737
265.959893616,96.9346,98.4033,1.4686
265.9998936,96.9346,98.3982,1.4635
266.03989358399997,96.9346,98.393,1.4584
266.079893568,96.9346,98.388,1.4533
266.119893552,96.9346,98.3829,1.4482
266.159893536,96.9346,98.3778,1.4431
266.19989352,96.9346,98.3727,1.438
266.239893504,96.9346,98.3676,1.4329
266.279893488,96.9346,98.3625,1.4278
266.319893472,96.9346,98.3573,1.4227
266.35989345599995,96.8341,98.3522,1.5181
266.39989343999997,96.8341,98.3471,1.5129
266.439893424,96.8341,98.342,1.5078
266.479893408,96.8341,98.3369,1.5027
266.519893392,96.8341,98.3317,1.4976
266.559893376,96.8341,98.3266,1.4925
266.59989336,96.8341,98.3215,1.4874
266.63989334400003,96.8341,98.3165,1.4823
266.679893328,96.8341,98.3113,1.4772
266.719893312,96.8341,98.3062,1.472
266.759893296,96.8341,98.3011,1.467
266.79989328,96.8341,98.296,1.4619
266.839893264,96.8341,98.2909,1.4568
266.879893248,96.8341,98.2858,1.4517
266.919893232,96.8341,98.2807,1.4465
266.959893216,96.8341,98.2756,1.4415
266.99989320000003,96.8341,98.2705,1.4364
267.039893184,96.8341,98.2654,1.4313
267.079893168,96.8341,98.2603,1.4262
267.11989315200003,96.8341,98.2552,1.421
267.159893136,96.7336,98.2501,1.5164
267.19989311999996,96.7336,98.245,1.5113
267.239893104,96.7336,98.2399,1.5062
267.279893088,96.7336,98.2348,1.5011
267.319893072,96.7336,98.2297,1.496
267.359893056,96.7336,98.2246,1.4909
267.39989304,96.7336,98.2195,1.4859
267.439893024,96.7336,98.2144,1.4808
267.47989300800003,96.7336,98.2094,1.4757
267.519892992,96.7336,98.2043,1.4707
267.55989297599996,96.7336,98.1992,1.4656
267.59989296,96.7336,98.1942,1.4605
267.639892944,96.7336,98.1891,1.4554
267.67989292799996,96.7336,98.184,1.4503
267.719892912,96.7336,98.1789,1.4453
267.759892896,96.7336,98.1738,1.4401
267.79989288,96.7336,98.1687,1.4351
267.83989286400003,96.7336,98.1636,1.43
267.879892848,96.7336,98.1585,1.4249
267.919892832,96.7336,98.1535,1.4198
267.95989281600004,96.6331,98.1484,1.5152
267.9998928,96.6331,98.1433,1.5102
268.03989278399996,96.6331,98.1382,1.5051
268.079892768,96.6331,98.1331,1.5
268.119892752,96.6331,98.1281,1.4949
268.159892736,96.6331,98.1229,1.4898
268.19989272,96.6331,98.1178,1.4847
268.239892704,96.6331,98.1127,1.4796
268.279892688,96.6331,98.1076,1.4745
268.31989267200004,96.6331,98.1026,1.4694
268.359892656,96.6331,98.0975,1.4643
268.39989263999996,96.6331,98.0924,1.4592
268.439892624,96.6331,98.0873,1.4541
268.479892608,96.6331,98.0822,1.4491
268.51989259199996,96.6331,98.0771,1.444
268.559892576,96.6331,98.072,1.4389
268.59989256,96.6331,98.0669,1.4337
268.639892544,96.6331,98.0618,1.4287
268.679892528,96.6331,98.0568,1.4236
268.719892512,96.6331,98.0517,1.4185
268.759892496,96.5326,98.0466,1.514
268.79989248,96.5326,98.0415,1.5088
268.839892464,96.5326,98.0364,1.5038
268.87989244799996,96.5326,98.0314,1.4987
268.919892432,96.5326,98.0263,1.4936
268.959892416,96.5326,98.0212,1.4886
268.9998924,96.5326,98.0162,1.4835
269.039892384,96.5326,98.0111,1.4785
269.079892368,96.5326,98.006,1.4734
269.119892352,96.5326,98.0009,1.4682
269.15989233600004,96.5326,97.9958,1.4632
269.19989232,96.5326,97.9907,1.4581
269.23989230399997,96.5326,97.9856,1.453
269.279892288,96.5326,97.9806,1.4479
269.319892272,96.5326,97.9755,1.4428
269.35989225599997,96.5326,97.9704,1.4377
269.39989224,96.5326,97.9653,1.4326
269.439892224,96.5326,97.9602,1.4275
269.479892208,96.5326,97.9551,1.4225
269.519892192,96.5326,97.9501,1.4174
269.559892176,96.4321,97.9449,1.5128
269.59989216,96.4321,97.9399,1.5077
269.639892144,96.4321,97.9348,1.5026
269.67989212799995,96.4321,97.9297,1.4975
269.71989211199997,96.4321,97.9246,1.4925
269.759892096,96.4321,97.9195,1.4873
269.79989208,96.4321,97.9144,1.4822
269.839892064,96.4321,97.9093,1.4771
269.879892048,96.4321,97.9042,1.472
269.919892032,96.4321,97.8991,1.4669
269.959892016,96.4321,97.894,1.4618
269.99989200000005,96.4321,97.8889,1.4567
270.03989198399995,96.4321,97.8838,1.4517
270.07989196799997,96.4321,97.8787,1.4466
270.119891952,96.4321,97.8737,1.4415
270.159891936,96.4321,97.8686,1.4364
270.19989191999997,96.4321,97.8635,1.4313
270.239891904,96.4321,97.8584,1.4262
270.279891888,96.4321,97.8533,1.4211
270.319891872,96.4321,97.8482,1.4161
270.359891856,96.3316,97.8432,1.5115
270.39989184,96.3316,97.8381,1.5064
270.43989182400003,96.3316,97.833,1.5014
270.479891808,96.3316,97.828,1.4963
270.51989179199995,96.3316,97.8229,1.4913
270.559891776,96.3316,97.8179,1.4863
270.59989176,96.3316,97.8128,1.4812
270.639891744,96.3316,97.8077,1.4761
270.679891728,96.3316,97.8027,1.471
270.719891712,96.3316,97.7976,1.4659
270.759891696,96.3316,97.7925,1.4609
270.79989168000003,96.3316,97.7874,1.4558
270.839891664,96.3316,97.7824,1.4507
270.87989164799995,96.3316,97.7773,1.4457
270.919891632,96.3316,97.7723,1.4406
270.959891616,96.3316,97.7672,1.4356
270.9998916,96.3316,97.7621,1.4305
271.039891584,96.3316,97.757,1.4254
271.079891568,96.3316,97.752,1.4203
271.119891552,96.3316,97.7469,1.4152
271.15989153600003,96.2311,97.7418,1.5107
271.19989152,96.2311,97.7368,1.5056
271.239891504,96.2311,97.7317,1.5006
271.279891488,96.2311,97.7266,1.4955
271.319891472,96.2311,97.7216,1.4904
271.35989145599996,96.2311,97.7165,1.4853
271.39989144,96.2311,97.7114,1.4803
271.439891424,96.2311,97.7063,1.4752
271.479891408,96.2311,97.7013,1.4701
271.519891392,96.2311,97.6962,1.4651
271.559891376,96.2311,97.6911,1.46
271.59989136,96.2311,97.6861,1.4549
271.63989134400003,96.2311,97.681,1.4498
271.679891328,96.2311,97.6759,1.4447
271.71989131199996,96.2311,97.6709,1.4397
271.759891296,96.2311,97.6658,1.4346
271.79989128,96.2311,97.6607,1.4296
271.839891264,96.2311,97.6557,1.4245
271.879891248,96.2311,97.6506,1.4194
271.919891232,96.2311,97.6455,1.4144
271.959891216,96.1306,97.6404,1.5098
271.99989120000004,96.1306,97.6354,1.5047
272.039891184,96.1306,97.6303,1.4997
272.079891168,96.1306,97.6252,1.4946
272.119891152,96.1306,97.6201,1.4895
272.159891136,96.1306,97.615,1.4844
272.19989111999996,96.1306,97.6099,1.4793
272.239891104,96.1306,97.6048,1.4742
272.279891088,96.1306,97.5997,1.4691
272.319891072,96.1306,97.5947,1.464
272.359891056,96.1306,97.5896,1.459
272.39989104,96.1306,97.5845,1.4539
272.439891024,96.1306,97.5795,1.4488
272.47989100800004,96.1306,97.5744,1.4438
272.51989099199994,96.1306,97.5693,1.4387
272.55989097599996,96.1306,97.5643,1.4337
272.59989096,96.1306,97.5592,1.4286
272.639890944,96.1306,97.5542,1.4235
272.67989092799996,96.1306,97.5491,1.4185
272.719890912,96.1306,97.544,1.4133
272.759890896,96.0301,97.539,1.5088
272.79989088,96.0301,97.5339,1.5038
272.83989086400004,96.0301,97.5288,1.4987
272.879890848,96.0301,97.5238,1.4936
272.919890832,96.0301,97.5187,1.4885
272.959890816,96.0301,97.5136,1.4835
272.9998908,96.0301,97.5085,1.4784
273.03989078399997,96.0301,97.5035,1.4733
273.079890768,96.0301,97.4984,1.4683
273.119890752,96.0301,97.4933,1.4632
273.159890736,96.0301,97.4882,1.4581
273.19989072,96.0301,97.4832,1.453
273.239890704,96.0301,97.4781,1.4479
273.279890688,96.0301,97.473,1.4429
273.31989067200004,96.0301,97.4679,1.4378
273.35989065599995,96.0301,97.4629,1.4327
273.39989063999997,96.0301,97.4579,1.4277
273.439890624,96.0301,97.4528,1.4227
273.479890608,96.0301,97.4477,1.4176
273.51989059199997,96.0301,97.4426,1.4125
273.559890576,95.9296,97.4375,1.5078
273.59989056,95.9296,97.4323,1.5027
273.639890544,95.9296,97.4272,1.4976
273.679890528,95.9296,97.4221,1.4925
273.719890512,95.9296,97.417,1.4873
273.75989049599997,95.9296,97.4119,1.4822
273.79989048,95.9296,97.4068,1.4771
273.839890464,95.9296,97.4017,1.472
273.87989044799997,95.9296,97.3966,1.4669
273.919890432,95.9296,97.3914,1.4618
273.959890416,95.9296,97.3863,1.4567
273.9998904,95.9296,97.3812,1.4516
274.039890384,95.9296,97.3761,1.4465
274.079890368,95.9296,97.371,1.4413
274.119890352,95.9296,97.3659,1.4362
274.15989033600005,95.9296,97.3608,1.4312
274.19989031999995,95.9296,97.3557,1.4261
274.23989030399997,95.9296,97.3507,1.4211
274.279890288,95.9296,97.3456,1.416
274.319890272,95.9296,97.3405,1.4109
274.35989025599997,95.8291,97.3354,1.5063
274.39989024,95.8291,97.3303,1.5012
274.439890224,95.8291,97.3252,1.4961
274.47989020800003,95.8291,97.3201,1.491
274.519890192,95.8291,97.315,1.4859
274.559890176,95.8291,97.31,1.4808
274.59989016,95.8291,97.3048,1.4757
274.639890144,95.8291,97.2998,1.4706
274.67989012799995,95.8291,97.2947,1.4656
274.719890112,95.8291,97.2896,1.4604
274.759890096,95.8291,97.2845,1.4554
274.79989008,95.8291,97.2795,1.4503
274.83989006400003,95.8291,97.2743,1.4452
274.879890048,95.8291,97.2693,1.4402
274.919890032,95.8291,97.2642,1.4351
274.95989001600003,95.8291,97.2591,1.43
274.99989,95.8291,97.254,1.4249
275.03988998399996,95.8291,97.2489,1.4197
275.079889968,95.8291,97.2438,1.4147
275.119889952,95.8291,97.2387,1.4096
275.159889936,95.7286,97.2336,1.505
275.19988992,95.7286,97.2286,1.4999
275.239889904,95.7286,97.2235,1.4948
275.279889888,95.7286,97.2184,1.4898
275.31988987200003,95.7286,97.2134,1.4847
275.359889856,95.7286,97.2083,1.4797
275.39988984,95.7286,97.2033,1.4747
275.439889824,95.7286,97.1982,1.4696
275.479889808,95.7286,97.1932,1.4645
275.51988979199996,95.7286,97.1881,1.4595
275.559889776,95.7286,97.1831,1.4544
275.59988976,95.7286,97.178,1.4494
275.639889744,95.7286,97.173,1.4443
275.679889728,95.7286,97.1678,1.4392
275.719889712,95.7286,97.1628,1.4341
275.759889696,95.7286,97.1577,1.4291
275.79988968000004,95.7286,97.1526,1.424
275.839889664,95.7286,97.1476,1.4189
275.87988964799996,95.7286,97.1425,1.4139
275.919889632,95.7286,97.1375,1.4089
275.959889616,95.6281,97.1324,1.5043
275.9998896,95.6281,97.1273,1.4992
276.039889584,95.6281,97.1223,1.4942
276.079889568,95.6281,97.1172,1.4891
276.119889552,95.6281,97.1121,1.484
276.15988953600004,95.6281,97.1071,1.479
276.19988952,95.6281,97.102,1.4739
276.23988950399996,95.6281,97.097,1.4688
276.279889488,95.6281,97.0919,1.4637
276.319889472,95.6281,97.0868,1.4587
276.35988945599996,95.6281,97.0818,1.4537
276.39988944,95.6281,97.0767,1.4486
276.439889424,95.6281,97.0716,1.4435
276.479889408,95.6281,97.0666,1.4384
276.519889392,95.6281,97.0615,1.4333
276.559889376,95.6281,97.0564,1.4283
276.59988936,95.6281,97.0513,1.4232
276.63988934400004,95.6281,97.0462,1.4181
276.67988932799994,95.6281,97.0412,1.4131
276.71988931199996,95.6281,97.0362,1.408
276.759889296,95.5276,97.0312,1.5035
276.79988928,95.5276,97.0261,1.4985
276.839889264,95.5276,97.0211,1.4934
276.879889248,95.5276,97.016,1.4884
276.919889232,95.5276,97.011,1.4833
276.959889216,95.5276,97.0059,1.4783
276.99988920000004,95.5276,97.0008,1.4732
277.039889184,95.5276,96.9958,1.4682
277.07988916799997,95.5276,96.9907,1.4631
277.119889152,95.5276,96.9857,1.4581
277.159889136,95.5276,96.9806,1.4529
277.19988911999997,95.5276,96.9755,1.4479
277.239889104,95.5276,96.9705,1.4428
277.279889088,95.5276,96.9654,1.4378
277.319889072,95.5276,96.9604,1.4327
277.359889056,95.5276,96.9552,1.4276
277.39988904,95.5276,96.9502,1.4225
277.439889024,95.5276,96.9451,1.4174
277.479889008,95.5276,96.94,1.4124
277.51988899199995,95.5276,96.935,1.4074
277.55988897599997,95.4271,96.9299,1.5027
277.59988896,95.4271,96.9248,1.4976
277.639888944,95.4271,96.9197,1.4926
277.67988892799997,95.4271,96.9146,1.4875
277.719888912,95.4271,96.9095,1.4824
277.759888896,95.4271,96.9045,1.4773
277.79988888,95.4271,96.8994,1.4723
277.83988886400005,95.4271,96.8944,1.4672
277.879888848,95.4271,96.8893,1.4621
277.91988883199997,95.4271,96.8842,1.4571
277.959888816,95.4271,96.8791,1.452
277.9998888,95.4271,96.874,1.4469
278.03988878399997,95.4271,96.8689,1.4418
278.079888768,95.4271,96.8639,1.4367
278.119888752,95.4271,96.8587,1.4316
278.159888736,95.4271,96.8537,1.4266
278.19988872,95.4271,96.8486,1.4215
278.239888704,95.4271,96.8436,1.4164
278.279888688,95.4271,96.8385,1.4113
278.319888672,95.4271,96.8334,1.4063
278.35988865599995,95.3266,96.8284,1.5018
278.39988864,95.3266,96.8233,1.4967
278.439888624,95.3266,96.8182,1.4916
278.479888608,95.3266,96.8131,1.4865
278.519888592,95.3266,96.808,1.4814
278.559888576,95.3266,96.8029,1.4763
278.59988856,95.3266,96.7978,1.4712
278.63988854400003,95.3266,96.7927,1.4661
278.679888528,95.3266,96.7876,1.461
278.71988851199995,95.3266,96.7825,1.4559
278.759888496,95.3266,96.7774,1.4508
278.79988848,95.3266,96.7723,1.4457
278.839888464,95.3266,96.7672,1.4406
278.879888448,95.3266,96.7622,1.4355
278.919888432,95.3266,96.7571,1.4304
278.959888416,95.3266,96.752,1.4254
278.99988840000003,95.3266,96.7469,1.4203
279.039888384,95.3266,96.7418,1.4152
279.079888368,95.3266,96.7367,1.4101
279.11988835200003,95.3266,96.7316,1.405
279.159888336,95.2261,96.7265,1.5004
279.19988831999996,95.2261,96.7214,1.4953
279.239888304,95.2261,96.7163,1.4902
279.279888288,95.2261,96.7112,1.4851
279.319888272,95.2261,96.7062,1.4801
279.359888256,95.2261,96.701,1.4749
279.39988824,95.2261,96.6959,1.4698
279.439888224,95.2261,96.6909,1.4648
279.47988820800003,95.2261,96.6858,1.4597
279.519888192,95.2261,96.6807,1.4546
279.55988817599996,95.2261,96.6756,1.4495
279.59988816,95.2261,96.6705,1.4444
279.639888144,95.2261,96.6655,1.4393
279.67988812799996,95.2261,96.6604,1.4343
279.719888112,95.2261,96.6553,1.4292
279.759888096,95.2261,96.6502,1.4241
279.79988808,95.2261,96.6451,1.419
279.83988806400004,95.2261,96.64,1.4139
279.879888048,95.2261,96.635,1.4088
279.919888032,95.2261,96.6298,1.4037
279.959888016,95.1256,96.6248,1.4992
279.999888,95.1256,96.6197,1.4941
280.03988798399996,95.1256,96.6146,1.489
280.079887968,95.1256,96.6095,1.4839
280.119887952,95.1256,96.6045,1.4788
280.159887936,95.1256,96.5994,1.4738
280.19988792,95.1256,96.5943,1.4687
280.239887904,95.1256,96.5892,1.4636
280.279887888,95.1256,96.5842,1.4586
280.31988787200004,95.1256,96.5791,1.4535
280.359887856,95.1256,96.5741,1.4485
280.39988783999996,95.1256,96.569,1.4434
280.439887824,95.1256,96.5639,1.4383
280.479887808,95.1256,96.5588,1.4332
280.51988779199996,95.1256,96.5538,1.4281
280.559887776,95.1256,96.5487,1.4231
280.59988776,95.1256,96.5436,1.418
280.639887744,95.1256,96.5385,1.4129
280.679887728,95.1256,96.5334,1.4078
280.719887712,95.1256,96.5283,1.4027
280.759887696,95.0251,96.5232,1.4981
280.79988768,95.0251,96.5182,1.4931
280.839887664,95.0251,96.5131,1.488
280.87988764799996,95.0251,96.508,1.4829
280.919887632,95.0251,96.503,1.4778
280.959887616,95.0251,96.4978,1.4727
280.9998876,95.0251,96.4928,1.4677
281.039887584,95.0251,96.4877,1.4626
281.079887568,95.0251,96.4826,1.4575
281.119887552,95.0251,96.4775,1.4524
281.15988753600004,95.0251,96.4724,1.4473
281.19988751999995,95.0251,96.4673,1.4422
281.23988750399997,95.0251,96.4623,1.4371
281.279887488,95.0251,96.4572,1.4321
281.319887472,95.0251,96.4521,1.427
281.35988745599997,95.0251,96.447,1.4219
281.39988744,95.0251,96.4419,1.4168
281.439887424,95.0251,96.4369,1.4118
281.479887408,95.0251,96.4318,1.4067
281.519887392,95.0251,96.4268,1.4016
281.559887376,94.9246,96.4216,1.497
281.59988736,94.9246,96.4166,1.4919
281.639887344,94.9246,96.4115,1.4869
281.67988732799995,94.9246,96.4064,1.4818
281.71988731199997,94.9246,96.4013,1.4767
281.759887296,94.9246,96.3963,1.4717
281.79988728,94.9246,96.3912,1.4665
281.839887264,94.9246,96.3861,1.4615
281.879887248,94.9246,96.3811,1.4564
281.919887232,94.9246,96.3759,1.4513
281.959887216,94.9246,96.3708,1.4462
281.99988720000005,94.9246,96.3658,1.4412
282.03988718399995,94.9246,96.3607,1.4361
282.07988716799997,94.9246,96.3556,1.431
282.119887152,94.9246,96.3505,1.4259
282.159887136,94.9246,96.3454,1.4208
282.19988711999997,94.9246,96.3403,1.4157
282.239887104,94.9246,96.3352,1.4106
282.279887088,94.9246,96.3302,1.4056
282.31988707200003,94.9246,96.325,1.4004
282.359887056,94.8241,96.32,1.4959
282.39988704,94.8241,96.3149,1.4908
282.439887024,94.8241,96.3098,1.4857
282.479887008,94.8241,96.3048,1.4807
282.51988699199995,94.8241,96.2997,1.4756
282.559886976,94.8241,96.2946,1.4705
282.59988696,94.8241,96.2896,1.4655
282.639886944,94.8241,96.2845,1.4604
282.679886928,94.8241,96.2794,1.4553
282.719886912,94.8241,96.2744,1.4503
282.759886896,94.8241,96.2693,1.4452
282.79988688000003,94.8241,96.2643,1.4402
282.83988686400005,94.8241,96.2592,1.4351
282.87988684799996,94.8241,96.2541,1.43
282.919886832,94.8241,96.2491,1.425
282.959886816,94.8241,96.244,1.4199
282.9998868,94.8241,96.239,1.4148
283.039886784,94.8241,96.2339,1.4098
283.079886768,94.8241,96.2288,1.4047
283.119886752,94.8241,96.2238,1.3997
283.15988673600003,94.7236,96.2187,1.4951
283.19988672,94.7236,96.2136,1.49
283.239886704,94.7236,96.2086,1.485
283.279886688,94.7236,96.2036,1.48
283.319886672,94.7236,96.1985,1.4749
283.35988665599996,94.7236,96.1934,1.4698
283.39988664,94.7236,96.1884,1.4648
283.439886624,94.7236,96.1833,1.4597
283.479886608,94.7236,96.1782,1.4546
283.519886592,94.7236,96.1731,1.4495
283.559886576,94.7236,96.1681,1.4445
283.59988656,94.7236,96.163,1.4394
283.63988654400003,94.7236,96.158,1.4344
283.679886528,94.7236,96.1529,1.4293
283.71988651199996,94.7236,96.1479,1.4243
283.759886496,94.7236,96.1428,1.4192
283.79988648,94.7236,96.1377,1.4141
283.839886464,94.7236,96.1327,1.4091
283.879886448,94.7236,96.1276,1.404
283.919886432,94.7236,96.1225,1.3989
283.959886416,94.6231,96.1175,1.4944
283.99988640000004,94.6231,96.1124,1.4893
284.039886384,94.6231,96.1073,1.4842
284.079886368,94.6231,96.1023,1.4792
284.119886352,94.6231,96.0972,1.4741
284.159886336,94.6231,96.0922,1.4691
284.19988631999996,94.6231,96.0871,1.464
284.239886304,94.6231,96.082,1.4589
284.279886288,94.6231,96.077,1.4539
284.319886272,94.6231,96.0719,1.4488
284.359886256,94.6231,96.0668,1.4437
284.39988624,94.6231,96.0618,1.4387
284.439886224,94.6231,96.0567,1.4336
284.47988620800004,94.6231,96.0516,1.4285
284.51988619199994,94.6231,96.0466,1.4235
284.55988617599996,94.6231,96.0415,1.4184
284.59988616,94.6231,96.0365,1.4134
284.639886144,94.6231,96.0313,1.4082
284.679886128,94.6231,96.0263,1.4032
284.719886112,94.6231,96.0213,1.3982
284.759886096,94.5225,96.0162,1.4936
284.79988608,94.5225,96.0112,1.4886
284.83988606400004,94.5225,96.0061,1.4835
284.879886048,94.5225,96.001,1.4784
284.91988603199997,94.5225,95.9959,1.4733
284.959886016,94.5225,95.9908,1.4682
284.999886,94.5225,95.9857,1.4631
285.03988598399997,94.5225,95.9806,1.458
285.079885968,94.5225,95.9755,1.4529
285.119885952,94.5225,95.9705,1.4479
285.159885936,94.5225,95.9654,1.4428
285.19988592,94.5225,95.9603,1.4377
285.239885904,94.5225,95.9552,1.4326
285.279885888,94.5225,95.9501,1.4275
285.31988587200004,94.5225,95.9451,1.4225
285.35988585599995,94.5225,95.94,1.4175
285.39988583999997,94.5225,95.935,1.4123
285.439885824,94.5225,95.9299,1.4073
285.479885808,94.5225,95.9248,1.4022
285.51988579199997,94.5225,95.9197,1.3971
285.559885776,94.422,95.9147,1.4926
285.59988576,94.422,95.9096,1.4875
285.639885744,94.422,95.9045,1.4824
285.679885728,94.422,95.8994,1.4773
285.719885712,94.422,95.8943,1.4722
285.75988569599997,94.422,95.8893,1.4672
285.79988568,94.422,95.8842,1.4621
285.839885664,94.422,95.8791,1.457
285.87988564799997,94.422,95.874,1.4519
285.919885632,94.422,95.8689,1.4468
285.959885616,94.422,95.8638,1.4417
285.9998856,94.422,95.8587,1.4366
286.039885584,94.422,95.8536,1.4315
286.079885568,94.422,95.8485,1.4264
286.119885552,94.422,95.8434,1.4213
286.159885536,94.422,95.8383,1.4162
286.19988551999995,94.422,95.8332,1.4111
286.239885504,94.422,95.8281,1.406
286.279885488,94.422,95.823,1.4009
286.319885472,94.422,95.8178,1.3957
286.359885456,94.3215,95.8127,1.4911
286.39988544,94.3215,95.8076,1.486
286.439885424,94.3215,95.8025,1.4809
286.47988540800003,94.3215,95.7973,1.4757
286.519885392,94.3215,95.7923,1.4707
286.559885376,94.3215,95.7872,1.4656
286.59988536,94.3215,95.7821,1.4605
286.639885344,94.3215,95.777,1.4554
286.679885328,94.3215,95.7719,1.4503
286.719885312,94.3215,95.7668,1.4452
286.759885296,94.3215,95.7617,1.4401
286.79988528,94.3215,95.7566,1.435
286.83988526400003,94.3215,95.7515,1.4299
286.879885248,94.3215,95.7464,1.4248
286.919885232,94.3215,95.7413,1.4197
286.95988521600003,94.3215,95.7361,1.4145
286.9998852,94.3215,95.7311,1.4095
287.03988518399996,94.3215,95.726,1.4044
287.079885168,94.3215,95.721,1.3994
287.119885152,94.3215,95.7159,1.3943
287.159885136,94.221,95.7108,1.4898
287.19988512,94.221,95.7058,1.4847
287.239885104,94.221,95.7008,1.4797
287.279885088,94.221,95.6956,1.4746
287.31988507200003,94.221,95.6906,1.4695
287.359885056,94.221,95.6855,1.4644
287.39988503999996,94.221,95.6804,1.4593
287.439885024,94.221,95.6754,1.4543
287.479885008,94.221,95.6703,1.4492
287.51988499199996,94.221,95.6652,1.4441
287.559884976,94.221,95.6601,1.4391
287.59988496,94.221,95.655,1.4339
287.639884944,94.221,95.65,1.4289
287.679884928,94.221,95.645,1.4239
287.719884912,94.221,95.6399,1.4188
287.759884896,94.221,95.6348,1.4138
287.79988488000004,94.221,95.6297,1.4086
287.839884864,94.221,95.6247,1.4036
287.87988484799996,94.221,95.6196,1.3985
287.919884832,94.221,95.6145,1.3935
287.959884816,94.1205,95.6095,1.4889
287.9998848,94.1205,95.6044,1.4838
288.039884784,94.1205,95.5994,1.4788
288.079884768,94.1205,95.5943,1.4737
288.119884752,94.1205,95.5893,1.4687
288.15988473600004,94.1205,95.5842,1.4637
288.19988472,94.1205,95.5792,1.4586
288.23988470399996,94.1205,95.5742,1.4536
288.279884688,94.1205,95.5691,1.4486
288.319884672,94.1205,95.5641,1.4435
288.35988465599996,94.1205,95.559,1.4384
288.39988464,94.1205,95.554,1.4334
288.439884624,94.1205,95.5489,1.4283
288.479884608,94.1205,95.5439,1.4233
288.519884592,94.1205,95.5388,1.4182
288.559884576,94.1205,95.5338,1.4132
288.59988456,94.1205,95.5288,1.4082
288.639884544,94.1205,95.5237,1.4031
288.679884528,94.1205,95.5186,1.398
288.71988451199996,94.1205,95.5136,1.393
288.759884496,94.02,95.5085,1.4884
288.79988448,94.02,95.5034,1.4833
288.839884464,94.02,95.4984,1.4783
288.879884448,94.02,95.4933,1.4732
288.919884432,94.02,95.4883,1.4682
288.959884416,94.02,95.4832,1.4631
288.99988440000004,94.02,95.4781,1.458
289.039884384,94.02,95.473,1.4529
289.07988436799997,94.02,95.468,1.4479
289.119884352,94.02,95.4629,1.4428
289.159884336,94.02,95.4579,1.4378
289.19988431999997,94.02,95.4528,1.4327
289.239884304,94.02,95.4478,1.4277
289.279884288,94.02,95.4428,1.4227
289.319884272,94.02,95.4377,1.4176
289.359884256,94.02,95.4327,1.4126
289.39988424,94.02,95.4276,1.4075
289.439884224,94.02,95.4226,1.4025
289.479884208,94.02,95.4175,1.3974
289.51988419199995,94.02,95.4125,1.3924
289.55988417599997,93.9195,95.4075,1.4879
289.59988416,93.9195,95.4023,1.4828
289.639884144,93.9195,95.3973,1.4778
289.679884128,93.9195,95.3923,1.4727
289.719884112,93.9195,95.3872,1.4676
289.759884096,93.9195,95.3822,1.4626
289.79988408,93.9195,95.3771,1.4575
289.83988406400005,93.9195,95.372,1.4524
289.87988404799995,93.9195,95.367,1.4474
289.91988403199997,93.9195,95.362,1.4424
289.959884016,93.9195,95.3569,1.4373
289.999884,93.9195,95.3518,1.4323
290.03988398399997,93.9195,95.3468,1.4272
290.079883968,93.9195,95.3418,1.4222
290.119883952,93.9195,95.3368,1.4172
290.159883936,93.9195,95.3318,1.4122
290.19988392,93.9195,95.3267,1.4072
290.239883904,93.9195,95.3217,1.4021
290.27988388800003,93.9195,95.3166,1.3971
290.319883872,93.9195,95.3116,1.392
290.35988385599995,93.819,95.3065,1.4874
290.39988384,93.819,95.3014,1.4824
290.439883824,93.819,95.2963,1.4772
290.479883808,93.819,95.2913,1.4722
290.519883792,93.819,95.2862,1.4672
290.559883776,93.819,95.2811,1.4621
290.59988376,93.819,95.2761,1.457
290.63988374400003,93.819,95.271,1.452
290.67988372800005,93.819,95.266,1.4469
290.71988371199996,93.819,95.2609,1.4419
290.759883696,93.819,95.2559,1.4368
290.79988368,93.819,95.2509,1.4318
290.839883664,93.819,95.2458,1.4267
290.879883648,93.819,95.2407,1.4216
290.919883632,93.819,95.2357,1.4166
290.959883616,93.819,95.2306,1.4115
290.99988360000003,93.819,95.2256,1.4065
291.039883584,93.819,95.2206,1.4015
291.079883568,93.819,95.2155,1.3964
291.119883552,93.819,95.2104,1.3914
291.159883536,93.7185,95.2054,1.4868
291.19988351999996,93.7185,95.2003,1.4817
291.239883504,93.7185,95.1953,1.4767
291.279883488,93.7185,95.1902,1.4716
291.319883472,93.7185,95.1852,1.4666
291.359883456,93.7185,95.1801,1.4616
291.39988344,93.7185,95.175,1.4565
291.439883424,93.7185,95.17,1.4514
291.47988340800003,93.7185,95.165,1.4464
291.519883392,93.7185,95.1599,1.4413
291.55988337599996,93.7185,95.1548,1.4363
291.59988336,93.7185,95.1497,1.4311
291.639883344,93.7185,95.1447,1.4261
291.679883328,93.7185,95.1396,1.421
291.719883312,93.7185,95.1345,1.4159
291.759883296,93.7185,95.1294,1.4108
291.79988328,93.7185,95.1243,1.4058
291.83988326400004,93.7185,95.1193,1.4007
291.879883248,93.7185,95.1142,1.3957
291.919883232,93.7185,95.1092,1.3906
291.959883216,93.618,95.1042,1.4861
291.9998832,93.618,95.0991,1.4811
292.03988318399996,93.618,95.0941,1.476
292.079883168,93.618,95.0891,1.471
292.119883152,93.618,95.084,1.4659
292.159883136,93.618,95.0789,1.4608
292.19988312,93.618,95.0739,1.4558
292.239883104,93.618,95.0688,1.4508
292.279883088,93.618,95.0637,1.4457
292.31988307200004,93.618,95.0587,1.4406
292.35988305599994,93.618,95.0536,1.4356
292.39988303999996,93.618,95.0486,1.4305
292.439883024,93.618,95.0435,1.4255
292.479883008,93.618,95.0384,1.4204
292.51988299199996,93.618,95.0334,1.4153
292.559882976,93.618,95.0283,1.4102
292.59988296,93.618,95.0233,1.4052
292.639882944,93.618,95.0182,1.4001
292.67988292800004,93.618,95.0131,1.395
292.719882912,93.618,95.008,1.3899
292.759882896,93.5175,95.0029,1.4854
292.79988288,93.5175,94.9979,1.4803
292.839882864,93.5175,94.9928,1.4752
292.87988284799997,93.5175,94.9877,1.4701
292.919882832,93.5175,94.9826,1.4651
292.959882816,93.5175,94.9775,1.46
292.9998828,93.5175,94.9725,1.4549
293.039882784,93.5175,94.9675,1.4499
293.079882768,93.5175,94.9624,1.4448
293.119882752,93.5175,94.9573,1.4397
293.15988273600004,93.5175,94.9523,1.4347
293.19988271999995,93.5175,94.9472,1.4296
293.23988270399997,93.5175,94.9421,1.4245
293.279882688,93.5175,94.937,1.4194
293.319882672,93.5175,94.9318,1.4143
293.35988265599997,93.5175,94.9267,1.4091
293.39988264,93.5175,94.9216,1.404
293.439882624,93.5175,94.9165,1.3989
293.479882608,93.5175,94.9114,1.3938
293.519882592,93.5175,94.9063,1.3887
293.559882576,93.417,94.9012,1.4841
293.59988255999997,93.417,94.8961,1.479
293.639882544,93.417,94.891,1.474
293.679882528,93.417,94.8859,1.4689
293.71988251199997,93.417,94.8808,1.4638
293.759882496,93.417,94.8758,1.4587
293.79988248,93.417,94.8707,1.4537
293.839882464,93.417,94.8656,1.4486
293.879882448,93.417,94.8606,1.4435
293.919882432,93.417,94.8555,1.4384
293.959882416,93.417,94.8503,1.4333
293.99988240000005,93.417,94.8453,1.4282
294.03988238399995,93.417,94.8402,1.4231
294.07988236799997,93.417,94.8351,1.418
294.119882352,93.417,94.83,1.4129
294.159882336,93.417,94.8248,1.4078
294.19988232,93.417,94.8198,1.4027
294.239882304,93.417,94.8147,1.3976
294.279882288,93.417,94.8096,1.3925
294.31988227200003,93.417,94.8045,1.3874
294.359882256,93.3165,94.7994,1.4828
294.39988224,93.3165,94.7943,1.4777
294.439882224,93.3165,94.7892,1.4726
294.479882208,93.3165,94.7841,1.4675
294.51988219199995,93.3165,94.779,1.4624
294.559882176,93.3165,94.7739,1.4573
294.59988216,93.3165,94.7688,1.4522
294.639882144,93.3165,94.7637,1.4471
294.67988212800003,93.3165,94.7585,1.442
294.719882112,93.3165,94.7535,1.4369
294.759882096,93.3165,94.7484,1.4318
294.79988208000003,93.3165,94.7433,1.4268
294.839882064,93.3165,94.7383,1.4217
294.87988204799996,93.3165,94.7332,1.4166
294.919882032,93.3165,94.7282,1.4116
294.959882016,93.3165,94.7231,1.4065
294.999882,93.3165,94.718,1.4014
295.039881984,93.3165,94.7129,1.3963
295.079881968,93.3165,94.7078,1.3912
295.119881952,93.3165,94.7027,1.3861
295.15988193600003,93.216,94.6976,1.4815
295.19988192,93.216,94.6925,1.4764
295.239881904,93.216,94.6873,1.4713
295.279881888,93.216,94.6823,1.4662
295.319881872,93.216,94.6771,1.4611
295.35988185599996,93.216,94.672,1.456
295.39988184,93.216,94.667,1.4509
295.439881824,93.216,94.6618,1.4458
295.479881808,93.216,94.6568,1.4407
295.519881792,93.216,94.6516,1.4356
295.559881776,93.216,94.6466,1.4305
295.59988176,93.216,94.6415,1.4254
295.63988174400004,93.216,94.6364,1.4203
295.679881728,93.216,94.6313,1.4152
295.71988171199996,93.216,94.6262,1.4101
295.759881696,93.216,94.6212,1.4051
295.79988168,93.216,94.6161,1.4
295.839881664,93.216,94.611,1.395
295.879881648,93.216,94.606,1.3899
295.919881632,93.216,94.6009,1.3848
295.959881616,93.1155,94.5958,1.4802
295.99988160000004,93.1155,94.5907,1.4752
296.039881584,93.1155,94.5857,1.4701
296.07988156799996,93.1155,94.5806,1.4651
296.119881552,93.1155,94.5756,1.46
296.159881536,93.1155,94.5705,1.4549
296.19988151999996,93.1155,94.5654,1.4498
296.239881504,93.1155,94.5603,1.4447
296.279881488,93.1155,94.5551,1.4395
296.319881472,93.1155,94.5501,1.4345
296.359881456,93.1155,94.545,1.4294
296.39988144,93.1155,94.5399,1.4243
296.439881424,93.1155,94.5349,1.4193
296.47988140800004,93.1155,94.5298,1.4142
296.51988139199995,93.1155,94.5248,1.4092
296.55988137599996,93.1155,94.5197,1.4041
296.59988136,93.1155,94.5147,1.3991
296.639881344,93.1155,94.5096,1.394
296.679881328,93.1155,94.5045,1.389
296.719881312,93.1155,94.4995,1.3839
296.759881296,93.015,94.4944,1.4794
296.79988128,93.015,94.4894,1.4743
296.83988126400004,93.015,94.4844,1.4693
296.879881248,93.015,94.4793,1.4643
296.91988123199997,93.015,94.4743,1.4592
296.959881216,93.015,94.4692,1.4542
296.9998812,93.015,94.4641,1.449
297.03988118399997,93.015,94.459,1.444
297.079881168,93.015,94.454,1.4389
297.119881152,93.015,94.4489,1.4338
297.159881136,93.015,94.4439,1.4288
297.19988112,93.015,94.4388,1.4237
297.239881104,93.015,94.4337,1.4186
297.279881088,93.015,94.4286,1.4136
297.319881072,93.015,94.4236,1.4085
297.35988105599995,93.015,94.4186,1.4035
297.39988103999997,93.015,94.4135,1.3985
297.439881024,93.015,94.4084,1.3934
297.479881008,93.015,94.4034,1.3884
297.51988099199997,93.015,94.3983,1.3833
297.559880976,92.9145,94.3933,1.4788
297.59988096,92.9145,94.3883,1.4738
297.639880944,92.9145,94.3832,1.4687
297.67988092800005,92.9145,94.3782,1.4637
297.719880912,92.9145,94.3731,1.4586
297.75988089599997,92.9145,94.3681,1.4535
297.79988088,92.9145,94.3631,1.4485
297.839880864,92.9145,94.358,1.4435
297.87988084799997,92.9145,94.353,1.4384
297.919880832,92.9145,94.348,1.4334
297.959880816,92.9145,94.3429,1.4283
297.9998808,92.9145,94.3378,1.4233
298.039880784,92.9145,94.3327,1.4182
298.079880768,92.9145,94.3277,1.4131
298.11988075200003,92.9145,94.3226,1.4081
298.159880736,92.9145,94.3176,1.403
298.19988071999995,92.9145,94.3125,1.398
298.239880704,92.9145,94.3075,1.393
298.279880688,92.9145,94.3024,1.3879
298.319880672,92.9145,94.2974,1.3828
298.359880656,92.814,94.2923,1.4782
298.39988064,92.814,94.2873,1.4732
298.439880624,92.814,94.2823,1.4682
298.47988060800003,92.814,94.2773,1.4632
298.519880592,92.814,94.2723,1.4582
298.55988057599995,92.814,94.2672,1.4532
298.59988056,92.814,94.2622,1.4481
298.639880544,92.814,94.2572,1.4431
298.679880528,92.814,94.2521,1.4381
298.719880512,92.814,94.2471,1.433
298.759880496,92.814,94.242,1.428
298.79988048,92.814,94.237,1.4229
298.83988046400003,92.814,94.2319,1.4179
298.879880448,92.814,94.2269,1.4128
298.919880432,92.814,94.2218,1.4077
298.95988041600003,92.814,94.2167,1.4027
298.9998804,92.814,94.2116,1.3976
299.03988038399996,92.814,94.2066,1.3925
299.079880368,92.814,94.2016,1.3875
299.119880352,92.814,94.1965,1.3824
299.159880336,92.7135,94.1915,1.4779
299.19988032,92.7135,94.1864,1.4729
299.239880304,92.7135,94.1813,1.4678
299.279880288,92.7135,94.1763,1.4627
299.31988027200003,92.7135,94.1712,1.4576
299.359880256,92.7135,94.1662,1.4526
299.39988023999996,92.7135,94.1612,1.4476
299.439880224,92.7135,94.1561,1.4425
299.479880208,92.7135,94.1511,1.4375
299.51988019199996,92.7135,94.146,1.4325
299.559880176,92.7135,94.141,1.4274
299.59988016,92.7135,94.1359,1.4224
299.639880144,92.7135,94.1309,1.4173
299.67988012800004,92.7135,94.1258,1.4123
299.719880112,92.7135,94.1208,1.4072
299.759880096,92.7135,94.1158,1.4022
299.79988008,92.7135,94.1107,1.3972
299.839880064,92.7135,94.1057,1.3922
299.87988004799996,92.7135,94.1007,1.3871
299.919880032,92.7135,94.0956,1.3821
299.959880016,92.613,94.0906,1.4775
299.99988,92.613,94.0855,1.4724
300.039879984,92.613,94.0804,1.4674
300.079879968,92.613,94.0753,1.4623
300.119879952,92.613,94.0703,1.4573
300.15987993600004,92.613,94.0653,1.4523
300.19987992,92.613,94.0603,1.4473
300.23987990399996,92.613,94.0553,1.4422
300.279879888,92.613,94.0502,1.4372
300.319879872,92.613,94.0452,1.4322
300.35987985599996,92.613,94.0402,1.4271
300.39987984,92.613,94.0351,1.4221
300.439879824,92.613,94.0301,1.417
300.479879808,92.613,94.025,1.412
300.519879792,92.613,94.02,1.407
300.559879776,92.613,94.0149,1.4019
300.59987976,92.613,94.0099,1.3968
300.639879744,92.613,94.0048,1.3918
300.679879728,92.613,93.9997,1.3867
300.71987971199997,92.613,93.9946,1.3816
300.759879696,92.5125,93.9896,1.477
300.79987968,92.5125,93.9844,1.4719
300.839879664,92.5125,93.9795,1.4669
300.879879648,92.5125,93.9744,1.4618
300.919879632,92.5125,93.9693,1.4568
300.959879616,92.5125,93.9643,1.4517
300.99987960000004,92.5125,93.9591,1.4466
301.03987958399995,92.5125,93.9541,1.4416
301.07987956799997,92.5125,93.9491,1.4365
301.119879552,92.5125,93.944,1.4314
301.159879536,92.5125,93.9389,1.4264
301.19987951999997,92.5125,93.9338,1.4213
301.239879504,92.5125,93.9288,1.4162
301.279879488,92.5125,93.9237,1.4112
301.319879472,92.5125,93.9187,1.4061
301.359879456,92.5125,93.9136,1.4011
301.39987944,92.5125,93.9086,1.396
301.439879424,92.5125,93.9035,1.3909
301.479879408,92.5125,93.8985,1.3859
301.519879392,92.5125,93.8934,1.3809
301.55987937599997,92.412,93.8884,1.4764
301.59987936,92.412,93.8834,1.4713
301.639879344,92.412,93.8783,1.4662
301.679879328,92.412,93.8732,1.4612
301.719879312,92.412,93.8682,1.4561
301.759879296,92.412,93.8631,1.451
301.79987928,92.412,93.8581,1.446
301.83987926400005,92.412,93.853,1.4409
301.87987924799995,92.412,93.8479,1.4359
301.91987923199997,92.412,93.8429,1.4309
301.959879216,92.412,93.8378,1.4257
301.9998792,92.412,93.8328,1.4207
302.039879184,92.412,93.8277,1.4157
302.079879168,92.412,93.8226,1.4106
302.119879152,92.412,93.8176,1.4056
302.15987913600003,92.412,93.8126,1.4005
302.19987912,92.412,93.8075,1.3955
302.239879104,92.412,93.8025,1.3904
302.279879088,92.412,93.7974,1.3853
302.319879072,92.412,93.7924,1.3803
302.35987905599995,92.3115,93.7873,1.4757
302.39987904,92.3115,93.7822,1.4707
302.439879024,92.3115,93.7772,1.4656
302.479879008,92.3115,93.7721,1.4606
302.519878992,92.3115,93.7671,1.4556
302.559878976,92.3115,93.762,1.4505
302.59987896,92.3115,93.757,1.4454
302.63987894400003,92.3115,93.7519,1.4404
302.67987892800005,92.3115,93.7469,1.4353
302.71987891199996,92.3115,93.7418,1.4302
302.759878896,92.3115,93.7367,1.4252
302.79987888,92.3115,93.7316,1.4201
302.839878864,92.3115,93.7266,1.415
302.879878848,92.3115,93.7215,1.4099
302.919878832,92.3115,93.7164,1.4048
302.959878816,92.3115,93.7113,1.3997
302.99987880000003,92.3115,93.7062,1.3946
303.039878784,92.3115,93.7011,1.3895
303.079878768,92.3115,93.696,1.3845
303.119878752,92.3115,93.6909,1.3794
303.159878736,92.211,93.6858,1.4748
303.19987871999996,92.211,93.6807,1.4697
303.239878704,92.211,93.6757,1.4646
303.279878688,92.211,93.6706,1.4596
303.319878672,92.211,93.6655,1.4545
303.359878656,92.211,93.6604,1.4494
303.39987864,92.211,93.6554,1.4443
303.439878624,92.211,93.6503,1.4392
303.47987860800004,92.211,93.6452,1.4342
303.519878592,92.211,93.6402,1.4291
303.55987857599996,92.211,93.635,1.424
303.59987856,92.211,93.63,1.419
303.639878544,92.211,93.6249,1.4139
303.679878528,92.211,93.6199,1.4088
303.719878512,92.211,93.6147,1.4037
303.759878496,92.211,93.6096,1.3986
303.79987848,92.211,93.6046,1.3935
303.83987846400004,92.211,93.5995,1.3885
303.879878448,92.211,93.5945,1.3834
303.919878432,92.211,93.5894,1.3784
303.959878416,92.1105,93.5844,1.4738
303.9998784,92.1105,93.5793,1.4688
304.03987838399996,92.1105,93.5742,1.4637
304.079878368,92.1105,93.5691,1.4586
304.119878352,92.1105,93.5641,1.4536
304.159878336,92.1105,93.559,1.4485
304.19987832,92.1105,93.554,1.4434
304.239878304,92.1105,93.5489,1.4384
304.279878288,92.1105,93.5438,1.4333
304.31987827200004,92.1105,93.5388,1.4282
304.35987825599994,92.1105,93.5338,1.4232
304.39987823999996,92.1105,93.5287,1.4181
304.439878224,92.1105,93.5237,1.4131
304.479878208,92.1105,93.5186,1.4081
304.51987819199996,92.1105,93.5135,1.403
304.559878176,92.1105,93.5084,1.3979
304.59987816,92.1105,93.5033,1.3928
304.639878144,92.1105,93.4983,1.3877
304.67987812800004,92.1105,93.4931,1.3826
304.719878112,92.1105,93.4881,1.3775
304.75987809599997,92.01,93.483,1.4729
304.79987808,92.01,93.4779,1.4678
304.839878064,92.01,93.4728,1.4628
304.87987804799997,92.01,93.4677,1.4577
304.919878032,92.01,93.4626,1.4525
304.959878016,92.01,93.4576,1.4475
304.999878,92.01,93.4525,1.4424
305.039877984,92.01,93.4474,1.4374
305.079877968,92.01,93.4423,1.4323
305.119877952,92.01,93.4372,1.4272
305.159877936,92.01,93.4322,1.4221
305.19987791999995,92.01,93.4271,1.4171
305.23987790399997,92.01,93.422,1.412
305.279877888,92.01,93.417,1.407
305.319877872,92.01,93.4119,1.4019
305.35987785599997,92.01,93.4068,1.3968
305.39987784,92.01,93.4018,1.3917
305.439877824,92.01,93.3967,1.3867
305.479877808,92.01,93.3917,1.3816
305.519877792,92.01,93.3866,1.3766
305.559877776,91.9095,93.3815,1.472
305.59987775999997,91.9095,93.3765,1.4669
305.639877744,91.9095,93.3713,1.4618
305.679877728,91.9095,93.3663,1.4568
305.71987771199997,91.9095,93.3612,1.4517
305.759877696,91.9095,93.3561,1.4466
305.79987768,91.9095,93.3511,1.4415
305.839877664,91.9095,93.346,1.4364
305.879877648,91.9095,93.3409,1.4313
305.919877632,91.9095,93.3358,1.4263
305.959877616,91.9095,93.3307,1.4212
305.9998776,91.9095,93.3257,1.4161
306.03987758399995,91.9095,93.3206,1.4111
306.079877568,91.9095,93.3155,1.406
306.119877552,91.9095,93.3105,1.401
306.159877536,91.9095,93.3054,1.3959
306.19987752,91.9095,93.3004,1.3908
306.239877504,91.9095,93.2953,1.3858
306.279877488,91.9095,93.2902,1.3807
306.31987747200003,91.9095,93.2852,1.3757
306.359877456,91.809,93.2802,1.4712
306.39987743999995,91.809,93.2751,1.4661
306.439877424,91.809,93.2701,1.4611
306.479877408,91.809,93.2651,1.456
306.519877392,91.809,93.26,1.4509
306.559877376,91.809,93.2549,1.4458
306.59987736,91.809,93.2497,1.4407
306.639877344,91.809,93.2447,1.4357
306.67987732800003,91.809,93.2396,1.4306
306.719877312,91.809,93.2346,1.4255
306.759877296,91.809,93.2295,1.4205
306.79987728000003,91.809,93.2244,1.4154
306.839877264,91.809,93.2193,1.4103
306.87987724799996,91.809,93.2143,1.4053
306.919877232,91.809,93.2093,1.4002
306.959877216,91.809,93.2042,1.3952
306.9998772,91.809,93.1992,1.3901
307.039877184,91.809,93.1941,1.3851
307.079877168,91.809,93.189,1.38
307.119877152,91.809,93.1839,1.3749
307.15987713600003,91.7085,93.1789,1.4703
307.19987712,91.7085,93.1738,1.4653
307.23987710399996,91.7085,93.1688,1.4602
307.279877088,91.7085,93.1637,1.4552
307.319877072,91.7085,93.1587,1.4501
307.35987705599996,91.7085,93.1536,1.4451
307.39987704,91.7085,93.1486,1.4401
307.439877024,91.7085,93.1435,1.4349
307.479877008,91.7085,93.1384,1.4299
307.51987699200004,91.7085,93.1333,1.4248
307.559876976,91.7085,93.1282,1.4197
307.59987696,91.7085,93.1231,1.4146
307.639876944,91.7085,93.118,1.4095
307.679876928,91.7085,93.113,1.4044
307.71987691199996,91.7085,93.1079,1.3994
307.759876896,91.7085,93.1028,1.3943
307.79987688,91.7085,93.0978,1.3892
307.839876864,91.7085,93.0927,1.3842
307.879876848,91.7085,93.0876,1.3791
307.919876832,91.7085,93.0826,1.3741
307.959876816,91.608,93.0775,1.4695
307.99987680000004,91.608,93.0725,1.4645
308.039876784,91.608,93.0674,1.4594
308.07987676799996,91.608,93.0623,1.4543
308.119876752,91.608,93.0573,1.4492
308.159876736,91.608,93.0522,1.4441
308.19987671999996,91.608,93.0471,1.4391
308.239876704,91.608,93.042,1.434
308.279876688,91.608,93.037,1.4289
308.319876672,91.608,93.0318,1.4238
308.359876656,91.608,93.0268,1.4188
308.39987664,91.608,93.0217,1.4137
308.439876624,91.608,93.0166,1.4085
308.479876608,91.608,93.0115,1.4035
308.519876592,91.608,93.0064,1.3984
308.55987657599997,91.608,93.0014,1.3933
308.59987656,91.608,92.9962,1.3882
308.639876544,91.608,92.9912,1.3831
308.679876528,91.608,92.9861,1.378
308.719876512,91.608,92.981,1.3729
308.759876496,91.5075,92.9759,1.4684
308.79987648,91.5075,92.9709,1.4633
308.83987646400004,91.5075,92.9658,1.4583
308.87987644799995,91.5075,92.9607,1.4532
308.91987643199997,91.5075,92.9556,1.4481
308.959876416,91.5075,92.9505,1.443
308.9998764,91.5075,92.9455,1.438
309.03987638399997,91.5075,92.9404,1.4329
309.079876368,91.5075,92.9354,1.4278
309.119876352,91.5075,92.9303,1.4227
309.159876336,91.5075,92.9252,1.4177
309.19987632,91.5075,92.9201,1.4126
309.239876304,91.5075,92.915,1.4075
309.279876288,91.5075,92.91,1.4025
309.319876272,91.5075,92.9049,1.3974
309.35987625599995,91.5075,92.8998,1.3923
309.39987623999997,91.5075,92.8948,1.3873
309.439876224,91.5075,92.8897,1.3822
309.479876208,91.5075,92.8846,1.3771
309.519876192,91.5075,92.8795,1.372
309.559876176,91.407,92.8744,1.4674
309.59987616,91.407,92.8693,1.4623
309.639876144,91.407,92.8642,1.4572
309.67987612800005,91.407,92.8591,1.4521
309.71987611199995,91.407,92.8541,1.4471
309.75987609599997,91.407,92.849,1.442
309.79987608,91.407,92.844,1.4369
309.839876064,91.407,92.8389,1.4319
309.87987604799997,91.407,92.8338,1.4268
309.919876032,91.407,92.8287,1.4217
309.959876016,91.407,92.8236,1.4166
309.99987600000003,91.407,92.8185,1.4115
310.039875984,91.407,92.8134,1.4064
310.079875968,91.407,92.8083,1.4013
310.119875952,91.407,92.8032,1.3962
310.159875936,91.407,92.7982,1.3912
310.19987591999995,91.407,92.7931,1.386
310.239875904,91.407,92.788,1.381
310.279875888,91.407,92.783,1.3759
310.319875872,91.407,92.7779,1.3709
310.359875856,91.3065,92.7728,1.4663
310.39987584,91.3065,92.7677,1.4612
310.439875824,91.3065,92.7626,1.4561
310.47987580800003,91.3065,92.7576,1.451
310.519875792,91.3065,92.7525,1.4459
310.55987577599996,91.3065,92.7474,1.4409
310.59987576,91.3065,92.7423,1.4358
310.639875744,91.3065,92.7373,1.4307
310.679875728,91.3065,92.7322,1.4257
310.719875712,91.3065,92.7271,1.4206
310.759875696,91.3065,92.7221,1.4155
310.79987568,91.3065,92.717,1.4105
310.83987566400003,91.3065,92.7119,1.4054
310.879875648,91.3065,92.7069,1.4004
310.919875632,91.3065,92.7019,1.3954
310.959875616,91.3065,92.6968,1.3903
310.9998756,91.3065,92.6918,1.3853
311.03987558399996,91.3065,92.6867,1.3802
311.079875568,91.3065,92.6816,1.3751
311.119875552,91.3065,92.6766,1.37
311.159875536,91.206,92.6714,1.4654
311.19987552,91.206,92.6664,1.4604
311.239875504,91.206,92.6614,1.4553
311.279875488,91.206,92.6563,1.4503
311.31987547200004,91.206,92.6513,1.4453
311.35987545599994,91.206,92.6462,1.4402
311.39987543999996,91.206,92.6411,1.4351
311.439875424,91.206,92.6361,1.4301
311.479875408,91.206,92.631,1.425
311.519875392,91.206,92.626,1.4199
311.559875376,91.206,92.6208,1.4148
311.59987536,91.206,92.6158,1.4098
311.639875344,91.206,92.6108,1.4047
311.67987532800004,91.206,92.6056,1.3996
311.719875312,91.206,92.6006,1.3946
311.759875296,91.206,92.5955,1.3895
311.79987528,91.206,92.5905,1.3844
311.839875264,91.206,92.5854,1.3794
311.87987524799996,91.206,92.5803,1.3743
311.919875232,91.206,92.5753,1.3693
311.959875216,91.1055,92.5702,1.4647
311.9998752,91.1055,92.5651,1.4596
312.039875184,91.1055,92.5601,1.4545
312.079875168,91.1055,92.555,1.4494
312.119875152,91.1055,92.5499,1.4444
312.15987513600004,91.1055,92.5448,1.4393
312.19987511999994,91.1055,92.5398,1.4343
312.23987510399996,91.1055,92.5347,1.4292
312.279875088,91.1055,92.5297,1.4242
312.319875072,91.1055,92.5246,1.4191
312.35987505599996,91.1055,92.5196,1.4141
312.39987504,91.1055,92.5145,1.409
312.439875024,91.1055,92.5094,1.4039
312.479875008,91.1055,92.5043,1.3988
312.51987499200004,91.1055,92.4993,1.3938
312.559874976,91.1055,92.4942,1.3887
312.59987495999997,91.1055,92.4891,1.3836
312.639874944,91.1055,92.4841,1.3785
312.679874928,91.1055,92.4791,1.3735
312.71987491199997,91.1055,92.4739,1.3684
312.759874896,91.005,92.4689,1.4638
312.79987488,91.005,92.4638,1.4588
312.839874864,91.005,92.4587,1.4537
312.879874848,91.005,92.4536,1.4486
312.919874832,91.005,92.4486,1.4436
312.959874816,91.005,92.4435,1.4385
312.99987480000004,91.005,92.4384,1.4334
313.03987478399995,91.005,92.4333,1.4283
313.07987476799997,91.005,92.4282,1.4232
313.119874752,91.005,92.4232,1.4182
313.159874736,91.005,92.4181,1.4131
313.19987471999997,91.005,92.413,1.408
313.239874704,91.005,92.408,1.403
313.279874688,91.005,92.4029,1.3979
313.319874672,91.005,92.3979,1.3929
313.359874656,91.005,92.3928,1.3878
313.39987464,91.005,92.3878,1.3827
313.43987462399997,91.005,92.3826,1.3776
313.479874608,91.005,92.3775,1.3725
313.519874592,91.005,92.3725,1.3675
313.55987457599997,90.9045,92.3674,1.4628
313.59987456,90.9045,92.3623,1.4578
313.639874544,90.9045,92.3572,1.4527
313.679874528,90.9045,92.3521,1.4476
313.719874512,90.9045,92.3471,1.4425
313.759874496,90.9045,92.342,1.4375
313.79987448,90.9045,92.3369,1.4324
313.839874464,90.9045,92.3318,1.4273
313.87987444799995,90.9045,92.3267,1.4222
313.919874432,90.9045,92.3217,1.4172
313.959874416,90.9045,92.3166,1.4121
313.9998744,90.9045,92.3115,1.407
314.039874384,90.9045,92.3064,1.4019
314.079874368,90.9045,92.3013,1.3968
314.119874352,90.9045,92.2962,1.3917
314.15987433600003,90.9045,92.2911,1.3866
314.19987432,90.9045,92.286,1.3815
314.239874304,90.9045,92.281,1.3765
314.279874288,90.9045,92.2759,1.3714
314.319874272,90.9045,92.2709,1.3664
314.35987425599996,90.804,92.2659,1.4618
314.39987424,90.804,92.2608,1.4568
314.439874224,90.804,92.2557,1.4517
314.479874208,90.804,92.2507,1.4467
314.51987419200003,90.804,92.2456,1.4416
314.559874176,90.804,92.2406,1.4366
314.59987416,90.804,92.2356,1.4315
314.63987414400003,90.804,92.2305,1.4265
314.679874128,90.804,92.2255,1.4215
314.71987411199996,90.804,92.2204,1.4164
314.759874096,90.804,92.2154,1.4114
314.79987408,90.804,92.2104,1.4064
314.839874064,90.804,92.2053,1.4013
314.879874048,90.804,92.2003,1.3963
314.919874032,90.804,92.1953,1.3913
314.959874016,90.804,92.1902,1.3862
314.99987400000003,90.804,92.1852,1.3812
315.039873984,90.804,92.1801,1.3761
315.07987396799996,90.804,92.1751,1.3711
315.119873952,90.804,92.1701,1.3661
315.159873936,90.7035,92.165,1.4615
315.19987391999996,90.7035,92.16,1.4565
315.239873904,90.7035,92.155,1.4514
315.279873888,90.7035,92.1499,1.4464
315.319873872,90.7035,92.1449,1.4414
315.359873856,90.7035,92.1398,1.4363
315.39987384,90.7035,92.1348,1.4313
315.439873824,90.7035,92.1297,1.4262
315.47987380800004,90.7035,92.1246,1.4211
315.519873792,90.7035,92.1196,1.4161
315.55987377599996,90.7035,92.1145,1.411
315.59987376,90.7035,92.1095,1.406
315.639873744,90.7035,92.1045,1.401
315.679873728,90.7035,92.0994,1.3959
315.719873712,90.7035,92.0943,1.3908
315.759873696,90.7035,92.0892,1.3857
315.79987368,90.7035,92.0841,1.3806
315.83987366400004,90.7035,92.0791,1.3756
315.879873648,90.7035,92.074,1.3705
315.91987363199996,90.7035,92.069,1.3655
315.959873616,90.603,92.064,1.461
315.9998736,90.603,92.0589,1.4559
316.03987358399996,90.603,92.0539,1.4509
316.079873568,90.603,92.0488,1.4458
316.119873552,90.603,92.0438,1.4408
316.159873536,90.603,92.0388,1.4358
316.19987352,90.603,92.0337,1.4307
316.239873504,90.603,92.0287,1.4257
316.279873488,90.603,92.0237,1.4207
316.319873472,90.603,92.0186,1.4156
316.35987345599995,90.603,92.0136,1.4106
316.39987343999996,90.603,92.0085,1.4055
316.439873424,90.603,92.0035,1.4005
316.479873408,90.603,91.9984,1.3954
316.519873392,90.603,91.9933,1.3903
316.559873376,90.603,91.9883,1.3853
316.59987336,90.603,91.9832,1.3802
316.639873344,90.603,91.9782,1.3752
316.67987332800004,90.603,91.9732,1.3702
316.719873312,90.603,91.9681,1.3651
316.75987329599997,90.5025,91.9631,1.4606
316.79987328,90.5025,91.958,1.4555
316.839873264,90.5025,91.9529,1.4504
316.87987324799997,90.5025,91.9479,1.4454
316.919873232,90.5025,91.9428,1.4403
316.959873216,90.5025,91.9378,1.4353
316.9998732,90.5025,91.9327,1.4302
317.039873184,90.5025,91.9277,1.4252
317.079873168,90.5025,91.9226,1.4201
317.119873152,90.5025,91.9176,1.4151
317.159873136,90.5025,91.9126,1.4101
317.19987311999995,90.5025,91.9075,1.405
317.23987310399997,90.5025,91.9025,1.4
317.279873088,90.5025,91.8974,1.3949
317.319873072,90.5025,91.8924,1.3899
317.35987305599997,90.5025,91.8873,1.3848
317.39987304,90.5025,91.8822,1.3797
317.439873024,90.5025,91.8772,1.3747
317.479873008,90.5025,91.8721,1.3696
317.51987299200005,90.5025,91.867,1.3645
317.55987297599995,90.402,91.862,1.4599
317.59987295999997,90.402,91.8569,1.4549
317.639872944,90.402,91.8518,1.4498
317.679872928,90.402,91.8466,1.4446
317.71987291199997,90.402,91.8416,1.4396
317.759872896,90.402,91.8365,1.4345
317.79987288,90.402,91.8314,1.4294
317.83987286400003,90.402,91.8263,1.4243
317.879872848,90.402,91.8212,1.4192
317.919872832,90.402,91.8161,1.4141
317.95987281600003,90.402,91.811,1.409
317.9998728,90.402,91.8059,1.4039
318.03987278399995,90.402,91.8008,1.3988
318.079872768,90.402,91.7958,1.3938
318.119872752,90.402,91.7907,1.3887
318.159872736,90.402,91.7857,1.3837
318.19987272,90.402,91.7805,1.3785
318.239872704,90.402,91.7755,1.3735
318.279872688,90.402,91.7704,1.3684
318.31987267200003,90.402,91.7652,1.3633
318.359872656,90.3014,91.7602,1.4587
318.39987263999996,90.3014,91.7551,1.4536
318.439872624,90.3014,91.75,1.4485
318.479872608,90.3014,91.7449,1.4434
318.519872592,90.3014,91.7398,1.4383
318.559872576,90.3014,91.7347,1.4332
318.59987256,90.3014,91.7296,1.4281
318.639872544,90.3014,91.7246,1.4231
318.67987252800003,90.3014,91.7195,1.418
318.719872512,90.3014,91.7145,1.413
318.759872496,90.3014,91.7093,1.4078
318.79987248,90.3014,91.7043,1.4028
318.839872464,90.3014,91.6992,1.3977
318.87987244799996,90.3014,91.6941,1.3926
318.919872432,90.3014,91.6891,1.3876
318.959872416,90.3014,91.684,1.3825
318.9998724,90.3014,91.6789,1.3774
319.039872384,90.3014,91.6738,1.3723
319.079872368,90.3014,91.6687,1.3673
319.119872352,90.3014,91.6637,1.3622
319.15987233600003,90.2009,91.6586,1.4576
319.19987232,90.2009,91.6536,1.4526
319.23987230399996,90.2009,91.6485,1.4475
319.279872288,90.2009,91.6434,1.4424
319.319872272,90.2009,91.6383,1.4373
319.35987225599996,90.2009,91.6332,1.4322
319.39987224,90.2009,91.6282,1.4272
319.439872224,90.2009,91.6231,1.4221
319.479872208,90.2009,91.618,1.417
319.51987219200004,90.2009,91.6129,1.4119
319.559872176,90.2009,91.6078,1.4068
319.59987216,90.2009,91.6027,1.4018
319.639872144,90.2009,91.5977,1.3967
319.679872128,90.2009,91.5926,1.3916
319.71987211199996,90.2009,91.5875,1.3865
319.759872096,90.2009,91.5825,1.3815
319.79987208,90.2009,91.5774,1.3764
319.839872064,90.2009,91.5724,1.3714
319.879872048,90.2009,91.5673,1.3663
319.919872032,90.2009,91.5622,1.3612
319.959872016,90.1004,91.5572,1.4567
319.99987200000004,90.1004,91.5521,1.4516
320.03987198399994,90.1004,91.547,1.4465
320.07987196799996,90.1004,91.5419,1.4414
320.119871952,90.1004,91.5368,1.4364
320.159871936,90.1004,91.5318,1.4313
320.19987191999996,90.1004,91.5267,1.4262
320.239871904,90.1004,91.5216,1.4211
320.279871888,90.1004,91.5166,1.4161
320.319871872,90.1004,91.5115,1.411
320.359871856,90.1004,91.5063,1.4058
320.39987184,90.1004,91.5013,1.4008
320.439871824,90.1004,91.4961,1.3956
320.479871808,90.1004,91.4911,1.3906
320.519871792,90.1004,91.4859,1.3854
320.55987177599997,90.1004,91.4808,1.3803
320.59987176,90.1004,91.4757,1.3752
320.639871744,90.1004,91.4706,1.3701
320.679871728,90.1004,91.4655,1.365
320.719871712,90.1004,91.4604,1.3599
320.759871696,90.1004,91.4553,1.3548
320.79987168,90.1004,91.4502,1.3497
320.83987166400004,90.1004,91.4451,1.3446
320.87987164799995,90.1004,91.44,1.3395
320.91987163199997,90.1004,91.4349,1.3344
320.959871616,90.1004,91.4298,1.3293
320.9998716,90.1004,91.4246,1.3242
321.03987158399997,90.1004,91.4195,1.319
321.079871568,90.1004,91.4145,1.314
321.119871552,90.1004,91.4094,1.3089
321.159871536,90.1004,91.4043,1.3038
321.19987152,90.1004,91.3992,1.2987
321.239871504,90.1004,91.3941,1.2936
321.27987148799997,90.1004,91.3889,1.2884
321.319871472,90.1004,91.3837,1.2832
321.35987145599995,90.1004,91.3786,1.2781
321.39987143999997,90.1004,91.3735,1.273
321.439871424,90.1004,91.3684,1.2679
321.479871408,90.1004,91.3633,1.2628
321.519871392,90.1004,91.3582,1.2577
321.559871376,90.1004,91.3531,1.2526
321.59987136,90.1004,91.348,1.2475
321.639871344,90.1004,91.3429,1.2424
321.67987132800005,90.1004,91.3378,1.2373
321.71987131199995,90.1004,91.3327,1.2323
321.759871296,90.1004,91.3277,1.2272
321.79987128,90.1004,91.3226,1.2221
321.839871264,90.1004,91.3175,1.217
321.879871248,90.1004,91.3125,1.212
321.919871232,90.1004,91.3073,1.2068
321.959871216,90.1004,91.3022,1.2017
321.99987120000003,90.1004,91.2971,1.1966
322.039871184,90.1004,91.292,1.1915
322.079871168,90.1004,91.287,1.1865
322.119871152,90.1004,91.2819,1.1814
322.159871136,90.1004,91.2769,1.1764
322.19987111999995,90.1004,91.2718,1.1713
322.239871104,90.1004,91.2667,1.1662
322.279871088,90.1004,91.2616,1.1611
322.319871072,90.1004,91.2565,1.156
322.359871056,90.1004,91.2514,1.1509
322.39987104,90.1004,91.2463,1.1458
322.439871024,90.1004,91.2412,1.1408
322.47987100800003,90.1004,91.2362,1.1357
322.519870992,90.1004,91.2311,1.1306
322.55987097599996,90.1004,91.2261,1.1256
322.59987096,90.1004,91.221,1.1205
322.639870944,90.1004,91.216,1.1155
322.679870928,90.1004,91.2109,1.1105
322.719870912,90.1004,91.2059,1.1054
322.759870896,90.1004,91.2009,1.1004
322.79987088,90.1004,91.1958,1.0953
322.83987086400003,90.1004,91.1908,1.0903
322.879870848,90.1004,91.1858,1.0853
322.919870832,90.1004,91.1807,1.0802
322.959870816,90.1004,91.1757,1.0752
322.9998708,90.1004,91.1707,1.0702
323.03987078399996,90.1004,91.1656,1.0652
323.079870768,90.1004,91.1606,1.0601
323.119870752,90.1004,91.1557,1.0552
323.159870736,90.1004,91.1506,1.0502
323.19987072,90.1004,91.1457,1.0452
323.239870704,90.1004,91.1407,1.0402
323.279870688,90.1004,91.1357,1.0353
323.31987067200004,90.1004,91.1308,1.0303
323.359870656,90.1004,91.1258,1.0253
323.39987063999996,90.1004,91.1209,1.0204
323.439870624,90.1004,91.116,1.0155
323.479870608,90.1004,91.111,1.0105
323.519870592,90.1004,91.1061,1.0056
323.559870576,90.1004,91.1012,1.0007
323.59987056,90.1004,91.0963,0.9958
323.639870544,90.1004,91.0914,0.9909
323.67987052800004,90.1004,91.0865,0.986
323.719870512,90.1004,91.0816,0.9811
323.75987049599996,90.1004,91.0768,0.9763
323.79987048,90.1004,91.0719,0.9714
323.839870464,90.1004,91.067,0.9665
323.87987044799996,90.1004,91.0622,0.9617
323.919870432,90.1004,91.0573,0.9568
323.959870416,90.1004,91.0525,0.952
323.9998704,90.1004,91.0476,0.9471
324.039870384,90.1004,91.0428,0.9423
324.079870368,90.1004,91.038,0.9375
324.119870352,90.1004,91.0332,0.9327
324.15987033600004,90.1004,91.0285,0.928
324.19987031999995,90.1004,91.0237,0.9232
324.23987030399996,90.1004,91.0189,0.9184
324.279870288,90.1004,91.0141,0.9136
324.319870272,90.1004,91.0093,0.9088
324.359870256,90.1004,91.0046,0.9041
324.39987024,90.1004,90.9999,0.8994
324.439870224,90.1004,90.9951,0.8946
324.479870208,90.1004,90.9905,0.89
324.51987019200004,90.1004,90.9858,0.8853
324.559870176,90.1004,90.9811,0.8806
324.59987015999997,90.1004,90.9764,0.8759
324.639870144,90.1004,90.9717,0.8712
324.679870128,90.1004,90.9671,0.8666
324.71987011199997,90.1004,90.9624,0.8619
324.759870096,90.1004,90.9578,0.8573
324.79987008,90.1004,90.9532,0.8527
324.839870064,90.1004,90.9485,0.848
324.879870048,90.1004,90.9439,0.8434
324.919870032,90.1004,90.9393,0.8388
324.959870016,90.1004,90.9347,0.8342
324.99987,90.1004,90.9302,0.8297
325.03986998399995,90.1004,90.9257,0.8252
325.07986996799997,90.1004,90.9211,0.8206
325.119869952,90.1004,90.9166,0.8161
325.159869936,90.1004,90.9122,0.8117
325.19986991999997,90.1004,90.9076,0.8071
325.239869904,90.1004,90.9031,0.8026
325.279869888,90.1004,90.8986,0.7981
325.319869872,90.1004,90.8941,0.7936
325.359869856,90.1004,90.8897,0.7892
325.39986984,90.1004,90.8853,0.7848
325.43986982399997,90.1004,90.8809,0.7804
325.479869808,90.1004,90.8764,0.7759
325.519869792,90.1004,90.872,0.7715
325.55986977599997,90.1004,90.8676,0.7671
325.59986976,90.1004,90.8632,0.7627
325.639869744,90.1004,90.8588,0.7583
325.679869728,90.1004,90.8545,0.754
325.719869712,90.1004,90.8501,0.7496
325.759869696,90.1004,90.8458,0.7453
325.79986968000003,90.1004,90.8415,0.741
325.839869664,90.1004,90.8372,0.7368
325.87986964799995,90.1004,90.833,0.7325
325.919869632,90.1004,90.8287,0.7282
325.959869616,90.1004,90.8245,0.724
325.9998696,90.1004,90.8202,0.7197
326.039869584,90.1004,90.816,0.7155
326.079869568,90.1004,90.8118,0.7113
326.119869552,90.1004,90.8077,0.7072
326.15986953600003,90.1004,90.8035,0.703
326.19986952,90.1004,90.7993,0.6988
326.23986950399996,90.1004,90.7952,0.6947
326.279869488,90.1004,90.791,0.6905
326.319869472,90.1004,90.7869,0.6864
326.359869456,90.1004,90.7828,0.6823
326.39986944,90.1004,90.7787,0.6782
326.439869424,90.1004,90.7747,0.6742
326.479869408,90.1004,90.7707,0.6702
326.51986939200003,90.1004,90.7666,0.6661
326.559869376,90.1004,90.7626,0.6621
326.59986936,90.1004,90.7586,0.6581
326.63986934400003,90.1004,90.7546,0.6541
326.679869328,90.1004,90.7506,0.6501
326.71986931199996,90.1004,90.7467,0.6462
326.759869296,90.1004,90.7427,0.6422
326.79986928,90.1004,90.7388,0.6383
326.839869264,90.1004,90.7349,0.6344
326.879869248,90.1004,90.731,0.6305
326.919869232,90.1004,90.7271,0.6266
326.959869216,90.1004,90.7233,0.6228
326.99986920000003,90.1004,90.7194,0.6189
327.039869184,90.1004,90.7157,0.6152
327.07986916799996,90.1004,90.7119,0.6114
327.119869152,90.1004,90.7081,0.6076
327.159869136,90.1004,90.7044,0.6039
327.19986911999996,90.1004,90.7006,0.6001
327.239869104,90.1004,90.6969,0.5964
327.279869088,90.1004,90.6932,0.5927
327.319869072,90.1004,90.6895,0.589
327.359869056,90.1004,90.6858,0.5853
327.39986904,90.1004,90.6822,0.5817
327.439869024,90.1004,90.6785,0.578
327.479869008,90.1004,90.6749,0.5744
327.519868992,90.1004,90.6713,0.5708
327.55986897599996,90.1004,90.6677,0.5672
327.59986896,90.1004,90.6641,0.5636
327.639868944,90.1004,90.6606,0.5601
