t_ms,target_um,current_um,error_um
0.0,99.0,99.0134,0.0134
0.039999984,99.0,99.0134,0.0134
0.079999968,99.0,99.0134,0.0134
0.119999952,99.0,99.0134,0.0134
0.159999936,99.0,99.0134,0.0134
0.19999992,99.0,99.0133,0.0133
0.239999904,99.0,99.0133,0.0133
0.279999888,99.0,99.0133,0.0133
0.319999872,99.0,99.0133,0.0133
0.359999856,99.0,99.0133,0.0133
0.39999984,99.0,99.0133,0.0133
0.43999982400000004,99.0,99.0133,0.0133
0.479999808,99.0,99.0132,0.0132
0.519999792,99.0,99.0132,0.0132
0.559999776,99.0,99.0132,0.0132
0.59999976,99.0,99.0132,0.0132
0.639999744,99.0,99.0132,0.0132
0.679999728,99.0,99.0132,0.0132
0.719999712,99.0,99.0132,0.0132
0.759999696,99.0,99.0132,0.0132
0.79999968,99.0,99.0131,0.0131
0.8399996639999999,99.0,99.0131,0.0131
0.8799996480000001,99.0,99.0131,0.0131
0.919999632,99.0,99.0131,0.0131
0.959999616,99.0,99.0131,0.0131
0.9999995999999999,99.0,99.013,0.013
1.039999584,99.0,99.013,0.013
1.079999568,99.0,99.013,0.013
1.119999552,99.0,99.013,0.013
1.159999536,99.01,99.0129,0.0029
1.19999952,99.01,99.0128,0.0028
1.239999504,99.01,99.0128,0.0028
1.279999488,99.01,99.0128,0.0028
1.319999472,99.01,99.0127,0.0027
1.359999456,99.01,99.0127,0.0027
1.39999944,99.01,99.0126,0.0026
1.439999424,99.01,99.0126,0.0026
1.4799994079999998,99.01,99.0126,0.0025
1.519999392,99.01,99.0125,0.0025
1.5599993760000002,99.02,99.0125,-0.0074
1.59999936,99.02,99.0125,-0.0075
1.639999344,99.02,99.0125,-0.0075
1.6799993279999998,99.02,99.0124,-0.0076
1.719999312,99.02,99.0124,-0.0076
1.7599992960000002,99.02,99.0123,-0.0076
1.79999928,99.02,99.0123,-0.0076
1.839999264,99.02,99.0123,-0.0076
1.8799992479999998,99.02,99.0123,-0.0076
1.919999232,99.02,99.0123,-0.0077
1.959999216,99.0301,99.0122,-0.0178
1.9999991999999998,99.0301,99.0122,-0.0178
2.039999184,99.0301,99.0123,-0.0178
2.079999168,99.0301,99.0122,-0.0178
2.1199991519999997,99.0301,99.0122,-0.0178
2.159999136,99.0301,99.0123,-0.0178
2.19999912,99.0301,99.0123,-0.0178
2.239999104,99.0301,99.0123,-0.0177
2.2799990880000003,99.0301,99.0123,-0.0177
2.319999072,99.0301,99.0123,-0.0177
2.359999056,99.0401,99.0124,-0.0277
2.39999904,99.0401,99.0124,-0.0277
2.439999024,99.0401,99.0124,-0.0277
2.479999008,99.0401,99.0124,-0.0277
2.5199989919999997,99.0401,99.0123,-0.0277
2.559998976,99.0401,99.0123,-0.0278
2.59999896,99.0401,99.0123,-0.0278
2.639998944,99.0401,99.0123,-0.0278
2.679998928,99.0401,99.0123,-0.0277
2.719998912,99.0401,99.0123,-0.0278
2.759998896,99.0502,99.0123,-0.0378
2.79999888,99.0502,99.0123,-0.0379
2.839998864,99.0502,99.0123,-0.0379
2.879998848,99.0502,99.0122,-0.0379
2.9199988319999997,99.0502,99.0122,-0.0379
2.9599988159999997,99.0502,99.0122,-0.038
2.9999988,99.0502,99.0121,-0.038
3.039998784,99.0502,99.0121,-0.038
3.079998768,99.0502,99.0121,-0.038
3.1199987520000003,99.0502,99.012,-0.0381
3.159998736,99.0602,99.012,-0.0482
3.19999872,99.0602,99.012,-0.0482
3.239998704,99.0602,99.012,-0.0482
3.279998688,99.0602,99.012,-0.0482
3.319998672,99.0602,99.0119,-0.0483
3.3599986559999997,99.0602,99.0119,-0.0483
3.39999864,99.0602,99.0119,-0.0483
3.439998624,99.0602,99.0118,-0.0484
3.479998608,99.0602,99.0118,-0.0484
3.5199985920000003,99.0602,99.0118,-0.0484
3.559998576,99.0703,99.0118,-0.0585
3.59999856,99.0703,99.0118,-0.0585
3.6399985439999996,99.0703,99.0118,-0.0585
3.679998528,99.0703,99.0118,-0.0585
3.719998512,99.0703,99.0117,-0.0585
3.7599984959999997,99.0703,99.0117,-0.0586
3.79999848,99.0703,99.0116,-0.0586
3.839998464,99.0703,99.0116,-0.0587
3.879998448,99.0703,99.0116,-0.0587
3.919998432,99.0703,99.0116,-0.0587
3.9599984160000004,99.0803,99.0116,-0.0687
3.9999983999999995,99.0803,99.0116,-0.0687
4.0399983839999996,99.0803,99.0116,-0.0687
4.079998368,99.0803,99.0116,-0.0687
4.119998352,99.0803,99.0116,-0.0687
4.159998336,99.0803,99.0116,-0.0687
4.19999832,99.0803,99.0116,-0.0686
4.239998303999999,99.0803,99.0116,-0.0687
4.279998288,99.0803,99.0116,-0.0687
4.319998272,99.0803,99.0116,-0.0686
4.359998256,99.0904,99.0117,-0.0786
4.39999824,99.0904,99.0118,-0.0786
4.439998224,99.0904,99.0118,-0.0786
4.479998208,99.0904,99.0118,-0.0785
4.519998192,99.0904,99.0118,-0.0785
4.559998176000001,99.0904,99.0118,-0.0785
4.59999816,99.0904,99.0118,-0.0785
4.639998144,99.0904,99.0118,-0.0785
4.679998127999999,99.0904,99.0118,-0.0785
4.719998112,99.0904,99.0118,-0.0785
4.759998096,99.1004,99.0118,-0.0885
4.79999808,99.1004,99.0119,-0.0885
4.8399980639999995,99.1004,99.0119,-0.0885
4.879998048,99.1004,99.012,-0.0884
4.919998032,99.1004,99.012,-0.0883
4.959998016,99.1004,99.012,-0.0883
4.999998000000001,99.1004,99.0121,-0.0883
5.039997983999999,99.1004,99.0121,-0.0883
5.079997968,99.1004,99.0121,-0.0883
5.119997952,99.1004,99.0123,-0.0881
5.159997936,99.1105,99.0123,-0.0982
5.19999792,99.1105,99.0124,-0.0981
5.239997904,99.1105,99.0124,-0.098
5.279997888,99.1105,99.0125,-0.098
5.319997872,99.1105,99.0125,-0.0979
5.359997856,99.1105,99.0125,-0.0979
5.39999784,99.1105,99.0126,-0.0978
5.439997824,99.1105,99.0126,-0.0978
5.479997807999999,99.1105,99.0127,-0.0978
5.519997792,99.1105,99.0128,-0.0977
5.559997776,99.1205,99.0128,-0.1077
5.59999776,99.1205,99.0129,-0.1076
5.6399977439999995,99.1205,99.0129,-0.1075
5.679997728,99.1205,99.013,-0.1074
5.719997712,99.1205,99.0131,-0.1074
5.759997696,99.1205,99.0132,-0.1073
5.799997680000001,99.1205,99.0133,-0.1072
5.839997663999999,99.1205,99.0134,-0.1071
5.879997648,99.1205,99.0134,-0.1071
5.919997631999999,99.1205,99.0136,-0.1069
5.959997616,99.1306,99.0136,-0.1169
5.9999976,99.1306,99.0138,-0.1168
6.039997584,99.1306,99.0138,-0.1167
6.079997568,99.1306,99.0139,-0.1166
6.119997552,99.1306,99.014,-0.1165
6.159997536,99.1306,99.0142,-0.1164
6.19999752,99.1306,99.0143,-0.1163
6.239997504000001,99.1306,99.0143,-0.1162
6.279997487999999,99.1306,99.0145,-0.116
6.319997472,99.1306,99.0146,-0.1159
6.359997456,99.1406,99.0147,-0.1259
6.39999744,99.1406,99.0148,-0.1257
6.439997424,99.1406,99.015,-0.1256
6.479997408,99.1406,99.0151,-0.1255
6.519997392,99.1406,99.0152,-0.1254
6.559997376,99.1406,99.0153,-0.1253
6.59999736,99.1406,99.0154,-0.1252
6.639997344,99.1406,99.0155,-0.1251
6.679997328,99.1406,99.0156,-0.125
6.719997311999999,99.1406,99.0158,-0.1248
6.759997296,99.1507,99.0159,-0.1348
6.79999728,99.1507,99.016,-0.1346
6.839997264,99.1507,99.0161,-0.1345
6.879997248,99.1507,99.0162,-0.1344
6.919997232,99.1507,99.0164,-0.1343
6.959997216,99.1507,99.0165,-0.1342
6.9999972,99.1507,99.0167,-0.134
7.039997184000001,99.1507,99.0168,-0.1339
7.079997167999999,99.1507,99.0169,-0.1337
7.119997152,99.1507,99.0171,-0.1335
7.159997135999999,99.1607,99.0173,-0.1434
7.19999712,99.1607,99.0175,-0.1432
7.239997104,99.1607,99.0176,-0.143
7.279997087999999,99.1607,99.0178,-0.1429
7.319997072,99.1607,99.018,-0.1427
7.359997056,99.1607,99.0182,-0.1425
7.39999704,99.1607,99.0184,-0.1423
7.439997024,99.1607,99.0185,-0.1421
7.479997008,99.1607,99.0187,-0.142
7.519996991999999,99.1607,99.0189,-0.1418
7.559996976,99.1708,99.0191,-0.1517
7.59999696,99.1708,99.0192,-0.1515
7.639996944,99.1708,99.0194,-0.1513
7.679996928,99.1708,99.0196,-0.1512
7.719996912,99.1708,99.0198,-0.151
7.759996896,99.1708,99.02,-0.1508
7.79999688,99.1708,99.0202,-0.1506
7.839996864,99.1708,99.0203,-0.1504
7.879996848,99.1708,99.0206,-0.1502
7.919996832000001,99.1708,99.0208,-0.15
7.959996816,99.1808,99.0209,-0.1598
7.999996799999999,99.1808,99.0211,-0.1597
8.039996784,99.1808,99.0213,-0.1595
8.079996767999999,99.1808,99.0216,-0.1592
8.119996751999999,99.1808,99.0218,-0.159
8.159996736,99.1808,99.022,-0.1588
8.19999672,99.1808,99.0223,-0.1585
8.239996704,99.1808,99.0225,-0.1583
8.279996688,99.1808,99.0227,-0.1581
8.319996672,99.1808,99.0229,-0.1579
8.359996656,99.1909,99.0231,-0.1677
8.39999664,99.1909,99.0234,-0.1675
8.439996623999999,99.1909,99.0236,-0.1673
8.479996607999999,99.1909,99.0238,-0.167
8.519996592,99.1909,99.0241,-0.1668
8.559996576,99.1909,99.0243,-0.1665
8.59999656,99.1909,99.0245,-0.1663
8.639996544,99.1909,99.0248,-0.166
8.679996528,99.1909,99.0251,-0.1658
8.719996512,99.1909,99.0254,-0.1655
8.759996496000001,99.2009,99.0256,-0.1753
8.79999648,99.2009,99.0259,-0.175
8.839996463999999,99.2009,99.0262,-0.1747
8.879996448,99.2009,99.0265,-0.1744
8.919996432,99.2009,99.0268,-0.1741
8.959996416,99.2009,99.027,-0.1738
8.9999964,99.2009,99.0273,-0.1736
9.039996384,99.2009,99.0276,-0.1733
9.079996368,99.2009,99.0279,-0.173
9.119996352000001,99.2009,99.0282,-0.1727
9.159996336,99.211,99.0285,-0.1825
9.19999632,99.211,99.0288,-0.1821
9.239996304,99.211,99.0291,-0.1819
9.279996288,99.211,99.0294,-0.1815
9.319996272,99.211,99.0297,-0.1812
9.359996255999999,99.211,99.03,-0.181
9.39999624,99.211,99.0303,-0.1806
9.439996224,99.211,99.0306,-0.1804
9.479996208,99.211,99.0308,-0.1801
9.519996192,99.211,99.0311,-0.1798
9.559996176,99.221,99.0314,-0.1895
9.59999616,99.221,99.0318,-0.1892
9.639996144,99.221,99.0321,-0.1889
9.679996127999999,99.221,99.0325,-0.1885
9.719996111999999,99.221,99.0328,-0.1882
9.759996096,99.221,99.0331,-0.1879
9.79999608,99.221,99.0334,-0.1876
9.839996064,99.221,99.0337,-0.1873
9.879996048,99.221,99.0341,-0.1869
9.919996032,99.221,99.0344,-0.1866
9.959996016,99.2311,99.0348,-0.1963
9.999996000000001,99.2311,99.0351,-0.196
10.039995983999999,99.2311,99.0354,-0.1956
10.079995967999999,99.2311,99.0357,-0.1953
10.119995952,99.2311,99.0361,-0.1949
10.159995936,99.2311,99.0365,-0.1946
10.19999592,99.2311,99.0368,-0.1943
10.239995904,99.2311,99.0372,-0.1939
10.279995888,99.2311,99.0375,-0.1936
10.319995872,99.2311,99.0378,-0.1933
10.359995856000001,99.2411,99.0381,-0.203
10.39999584,99.2411,99.0384,-0.2027
10.439995824,99.2411,99.0388,-0.2023
10.479995808,99.2411,99.0392,-0.2019
10.519995792,99.2411,99.0396,-0.2015
10.559995776,99.2411,99.0399,-0.2012
10.599995759999999,99.2411,99.0403,-0.2008
10.639995744,99.2411,99.0407,-0.2004
10.679995728,99.2411,99.041,-0.2001
10.719995712,99.2411,99.0414,-0.1997
10.759995696,99.2512,99.0418,-0.2093
10.79999568,99.2512,99.0422,-0.2089
10.839995664,99.2512,99.0426,-0.2085
10.879995648,99.2512,99.043,-0.2081
10.919995632,99.2512,99.0434,-0.2077
10.959995615999999,99.2512,99.0438,-0.2073
10.9999956,99.2512,99.0442,-0.2069
11.039995584,99.2512,99.0447,-0.2065
11.079995568,99.2512,99.0451,-0.206
11.119995552,99.2512,99.0456,-0.2056
11.159995536,99.2612,99.046,-0.2152
11.19999552,99.2612,99.0464,-0.2148
11.239995504000001,99.2612,99.0469,-0.2143
11.279995487999999,99.2612,99.0473,-0.2139
11.319995471999999,99.2612,99.0477,-0.2135
11.359995456,99.2612,99.0482,-0.213
11.39999544,99.2612,99.0486,-0.2126
11.439995424,99.2612,99.0491,-0.2121
11.479995408,99.2612,99.0495,-0.2117
11.519995392,99.2612,99.05,-0.2112
11.559995376,99.2713,99.0505,-0.2208
11.599995360000001,99.2713,99.0509,-0.2204
11.639995344,99.2713,99.0514,-0.2199
11.679995327999999,99.2713,99.0518,-0.2195
11.719995312,99.2713,99.0523,-0.219
11.759995296,99.2713,99.0527,-0.2185
11.79999528,99.2713,99.0532,-0.2181
11.839995263999999,99.2713,99.0537,-0.2176
11.879995248,99.2713,99.0541,-0.2171
11.919995232,99.2713,99.0546,-0.2167
11.959995216,99.2813,99.055,-0.2263
11.9999952,99.2813,99.0555,-0.2258
12.039995184,99.2813,99.0559,-0.2254
12.079995168,99.2813,99.0564,-0.2249
12.119995152,99.2813,99.0568,-0.2245
12.159995136,99.2813,99.0573,-0.224
12.199995119999999,99.2813,99.0578,-0.2235
12.239995104,99.2813,99.0583,-0.223
12.279995088,99.2813,99.0588,-0.2225
12.319995072,99.2813,99.0593,-0.222
12.359995056,99.2914,99.0598,-0.2316
12.39999504,99.2914,99.0602,-0.2311
12.439995024,99.2914,99.0608,-0.2306
12.479995008000001,99.2914,99.0613,-0.2301
12.519994991999999,99.2914,99.0618,-0.2296
12.559994975999999,99.2914,99.0623,-0.229
12.59999496,99.2914,99.0628,-0.2285
12.639994944,99.2914,99.0635,-0.2279
12.679994928,99.2914,99.064,-0.2274
12.719994912,99.2914,99.0645,-0.2268
12.759994896,99.3014,99.0651,-0.2363
12.79999488,99.3014,99.0657,-0.2358
12.839994864000001,99.3014,99.0662,-0.2352
12.879994848,99.3014,99.0668,-0.2346
12.919994831999999,99.3014,99.0673,-0.2341
12.959994816,99.3014,99.0679,-0.2335
12.9999948,99.3014,99.0685,-0.2329
13.039994784,99.3014,99.0691,-0.2323
13.079994767999999,99.3014,99.0696,-0.2318
13.119994752,99.3014,99.0702,-0.2312
13.159994736,99.3115,99.0708,-0.2407
13.19999472,99.3115,99.0714,-0.2401
13.239994704,99.3115,99.072,-0.2395
13.279994688,99.3115,99.0726,-0.2388
13.319994671999998,99.3115,99.0732,-0.2382
13.359994656,99.3115,99.0739,-0.2376
13.39999464,99.3115,99.0745,-0.237
13.439994623999999,99.3115,99.0751,-0.2364
13.479994608,99.3115,99.0757,-0.2358
13.519994592,99.3115,99.0763,-0.2351
13.559994576,99.3215,99.0769,-0.2446
13.59999456,99.3215,99.0775,-0.244
13.639994544,99.3215,99.0781,-0.2434
13.679994528,99.3215,99.0787,-0.2428
13.719994512000001,99.3215,99.0793,-0.2422
13.759994496,99.3215,99.0799,-0.2416
13.799994479999999,99.3215,99.0805,-0.241
13.839994464,99.3215,99.0811,-0.2404
13.879994448,99.3215,99.0817,-0.2398
13.919994432,99.3215,99.0823,-0.2392
13.959994416,99.3316,99.0829,-0.2486
13.9999944,99.3316,99.0835,-0.2481
14.039994384,99.3316,99.0841,-0.2475
14.079994368000001,99.3316,99.0847,-0.2469
14.119994352,99.3316,99.0852,-0.2463
14.159994335999999,99.3316,99.0859,-0.2457
14.19999432,99.3316,99.0865,-0.2451
14.239994304,99.3316,99.0871,-0.2445
14.279994288,99.3316,99.0877,-0.2438
14.319994271999999,99.3316,99.0883,-0.2432
14.359994256,99.3416,99.089,-0.2526
14.39999424,99.3416,99.0895,-0.252
14.439994224,99.3416,99.0902,-0.2514
14.479994208,99.3416,99.0908,-0.2508
14.519994192,99.3416,99.0914,-0.2502
14.559994175999998,99.3416,99.092,-0.2495
14.59999416,99.3416,99.0926,-0.249
14.639994144,99.3416,99.0932,-0.2483
14.679994127999999,99.3416,99.0939,-0.2477
14.719994112,99.3416,99.0945,-0.2471
14.759994096,99.3517,99.0952,-0.2565
14.79999408,99.3517,99.0958,-0.2558
14.839994064,99.3517,99.0965,-0.2552
14.879994048,99.3517,99.0971,-0.2545
14.919994032,99.3517,99.0977,-0.2539
14.959994016,99.3517,99.0984,-0.2533
14.999994,99.3517,99.099,-0.2526
15.039993983999999,99.3517,99.0997,-0.252
15.079993968,99.3517,99.1003,-0.2513
15.119993952,99.3517,99.101,-0.2507
15.159993936,99.3617,99.1016,-0.2601
15.19999392,99.3617,99.1022,-0.2595
15.239993904,99.3617,99.1029,-0.2588
15.279993888,99.3617,99.1035,-0.2582
15.319993872000001,99.3617,99.1041,-0.2575
15.359993856,99.3617,99.1048,-0.2569
15.399993839999999,99.3617,99.1054,-0.2563
15.439993824,99.3617,99.1061,-0.2556
15.479993808,99.3617,99.1068,-0.2549
15.519993792,99.3617,99.1075,-0.2542
15.559993775999999,99.3718,99.1082,-0.2636
15.59999376,99.3718,99.1088,-0.2629
15.639993743999998,99.3718,99.1095,-0.2623
15.679993728,99.3718,99.1101,-0.2616
15.719993711999999,99.3718,99.1108,-0.2609
15.759993696,99.3718,99.1115,-0.2602
15.799993679999998,99.3718,99.1121,-0.2596
15.839993664000001,99.3718,99.1127,-0.259
15.879993648,99.3718,99.1134,-0.2583
15.919993632,99.3718,99.1141,-0.2577
15.959993616,99.3818,99.1148,-0.267
15.999993599999998,99.3818,99.1154,-0.2664
16.039993584,99.3818,99.1161,-0.2657
16.079993568,99.3818,99.1168,-0.265
16.119993552,99.3818,99.1175,-0.2643
16.159993535999998,99.3818,99.1182,-0.2636
16.19999352,99.3818,99.1189,-0.2629
16.239993503999997,99.3818,99.1196,-0.2622
16.279993488000002,99.3818,99.1203,-0.2615
16.319993472,99.3818,99.121,-0.2608
16.359993456,99.3919,99.1216,-0.2702
16.39999344,99.3919,99.1223,-0.2695
16.439993423999997,99.3919,99.123,-0.2688
16.479993408,99.3919,99.1237,-0.2681
16.519993392,99.3919,99.1244,-0.2675
16.559993376,99.3919,99.1251,-0.2667
16.59999336,99.3919,99.1258,-0.266
16.639993344,99.3919,99.1266,-0.2653
16.679993328,99.3919,99.1273,-0.2645
16.719993312,99.3919,99.128,-0.2638
16.759993296,99.402,99.1288,-0.2731
16.79999328,99.402,99.1295,-0.2724
16.839993264,99.402,99.1302,-0.2717
16.879993247999998,99.402,99.131,-0.2709
16.919993232,99.402,99.1316,-0.2703
16.959993215999997,99.402,99.1324,-0.2695
16.999993200000002,99.402,99.1332,-0.2687
17.039993184,99.402,99.1339,-0.268
17.079993168,99.402,99.1347,-0.2672
17.119993152,99.402,99.1354,-0.2665
17.159993136,99.412,99.1361,-0.2758
17.19999312,99.412,99.1369,-0.275
17.239993104,99.412,99.1377,-0.2743
17.279993088,99.412,99.1385,-0.2735
17.319993072,99.412,99.1392,-0.2727
17.359993056,99.412,99.14,-0.272
17.39999304,99.412,99.1407,-0.2712
17.439993024,99.412,99.1415,-0.2705
17.479993007999997,99.412,99.1423,-0.2697
17.519992992000002,99.412,99.143,-0.2689
17.559992976,99.422,99.1438,-0.2782
17.59999296,99.422,99.1446,-0.2774
17.639992944,99.422,99.1454,-0.2766
17.679992927999997,99.422,99.1462,-0.2758
17.719992912,99.422,99.147,-0.275
17.759992896,99.422,99.1477,-0.2742
17.79999288,99.422,99.1485,-0.2735
17.839992864,99.422,99.1493,-0.2727
17.879992848,99.422,99.1501,-0.2719
17.919992832,99.422,99.1508,-0.2712
17.959992816,99.4321,99.1516,-0.2805
17.9999928,99.4321,99.1523,-0.2797
18.039992784,99.4321,99.153,-0.279
18.079992768,99.4321,99.1538,-0.2782
18.119992751999998,99.4321,99.1546,-0.2775
18.159992736,99.4321,99.1553,-0.2767
18.199992719999997,99.4321,99.1561,-0.2759
18.239992704000002,99.4321,99.1569,-0.2752
18.279992688,99.4321,99.1577,-0.2744
18.319992672,99.4321,99.1585,-0.2736
18.359992656,99.4421,99.1592,-0.2829
18.39999264,99.4421,99.1601,-0.282
18.439992624,99.4421,99.1608,-0.2813
18.479992608,99.4421,99.1617,-0.2804
18.519992592,99.4421,99.1624,-0.2797
18.559992576,99.4421,99.1632,-0.2789
18.59999256,99.4421,99.164,-0.2781
18.639992544,99.4421,99.1648,-0.2773
18.679992528,99.4421,99.1656,-0.2765
18.719992511999997,99.4421,99.1663,-0.2758
18.759992496000002,99.4522,99.167,-0.2851
18.79999248,99.4522,99.1678,-0.2843
18.839992464,99.4522,99.1686,-0.2835
18.879992448,99.4522,99.1694,-0.2828
18.919992431999997,99.4522,99.1701,-0.282
18.959992416,99.4522,99.1709,-0.2813
18.9999924,99.4522,99.1717,-0.2805
19.039992384,99.4522,99.1725,-0.2797
19.079992368,99.4522,99.1732,-0.2789
19.119992352,99.4522,99.174,-0.2782
19.159992336,99.4623,99.1748,-0.2874
19.19999232,99.4623,99.1756,-0.2866
19.239992304,99.4623,99.1763,-0.2859
19.279992288,99.4623,99.1771,-0.2851
19.319992272,99.4623,99.1779,-0.2843
19.359992255999998,99.4623,99.1786,-0.2836
19.39999224,99.4623,99.1794,-0.2828
19.439992223999997,99.4623,99.1802,-0.282
19.479992208000002,99.4623,99.181,-0.2812
19.519992192,99.4623,99.1818,-0.2804
19.559992176,99.4723,99.1826,-0.2896
19.59999216,99.4723,99.1834,-0.2888
19.639992144,99.4723,99.1842,-0.288
19.679992128,99.4723,99.185,-0.2873
19.719992112,99.4723,99.1857,-0.2865
19.759992096,99.4723,99.1865,-0.2858
19.79999208,99.4723,99.1873,-0.285
19.839992064,99.4723,99.188,-0.2842
19.879992048,99.4723,99.1888,-0.2835
19.919992032,99.4723,99.1895,-0.2827
19.959992015999998,99.4823,99.1903,-0.292
19.999992000000002,99.4823,99.1911,-0.2912
20.039991984,99.4823,99.1919,-0.2904
20.079991967999998,99.4823,99.1927,-0.2896
20.119991952,99.4823,99.1935,-0.2888
20.159991935999997,99.4823,99.1943,-0.288
20.19999192,99.4823,99.1951,-0.2872
20.239991904,99.4823,99.1959,-0.2864
20.279991888,99.4823,99.1967,-0.2856
20.319991872,99.4823,99.1975,-0.2848
20.359991856,99.4924,99.1983,-0.294
20.39999184,99.4924,99.1992,-0.2932
20.439991824,99.4924,99.1999,-0.2924
20.479991808,99.4924,99.2007,-0.2916
20.519991792,99.4924,99.2015,-0.2908
20.559991776,99.4924,99.2023,-0.29
20.599991759999998,99.4924,99.2032,-0.2892
20.639991744,99.4924,99.204,-0.2884
20.679991727999997,99.4924,99.2048,-0.2876
20.719991712000002,99.4924,99.2056,-0.2868
20.759991696,99.5025,99.2063,-0.2961
20.79999168,99.5025,99.2071,-0.2953
20.839991664,99.5025,99.2079,-0.2945
20.879991648,99.5025,99.2087,-0.2937
20.919991632,99.5025,99.2095,-0.2929
20.959991616,99.5025,99.2103,-0.2921
20.9999916,99.5025,99.2112,-0.2912
21.039991584,99.5025,99.212,-0.2904
21.079991568,99.5025,99.2128,-0.2896
21.119991552,99.5025,99.2137,-0.2887
21.159991536,99.5125,99.2145,-0.298
21.199991519999998,99.5125,99.2154,-0.2971
21.239991504000002,99.5125,99.2163,-0.2962
21.279991488,99.5125,99.2171,-0.2953
21.319991471999998,99.5125,99.218,-0.2945
21.359991456,99.5125,99.2188,-0.2936
21.399991439999997,99.5125,99.2197,-0.2928
21.439991424,99.5125,99.2205,-0.292
21.479991408,99.5125,99.2213,-0.2911
21.519991392,99.5125,99.2222,-0.2902
21.559991376,99.5225,99.2231,-0.2994
21.59999136,99.5225,99.2239,-0.2986
21.639991344,99.5225,99.2248,-0.2977
21.679991328,99.5225,99.2256,-0.2969
21.719991312,99.5225,99.2266,-0.2959
21.759991296,99.5225,99.2274,-0.2951
21.79999128,99.5225,99.2284,-0.2941
21.839991264,99.5225,99.2293,-0.2932
21.879991248,99.5225,99.2301,-0.2924
21.919991231999997,99.5225,99.2311,-0.2914
21.959991216000002,99.5326,99.232,-0.3006
21.9999912,99.5326,99.2329,-0.2997
22.039991184,99.5326,99.2338,-0.2988
22.079991168,99.5326,99.2347,-0.2979
22.119991151999997,99.5326,99.2356,-0.2969
22.159991136,99.5326,99.2365,-0.296
22.19999112,99.5326,99.2375,-0.2951
22.239991104,99.5326,99.2384,-0.2942
22.279991088,99.5326,99.2393,-0.2932
22.319991072,99.5326,99.2402,-0.2923
22.359991056,99.5427,99.2411,-0.3015
22.39999104,99.5427,99.242,-0.3006
22.439991023999998,99.5427,99.2429,-0.2997
22.479991008000002,99.5427,99.2438,-0.2988
22.519990992,99.5427,99.2447,-0.2979
22.559990975999998,99.5427,99.2456,-0.297
22.59999096,99.5427,99.2465,-0.2961
22.639990943999997,99.5427,99.2475,-0.2952
22.679990928,99.5427,99.2483,-0.2943
22.719990912,99.5427,99.2493,-0.2933
22.759990896,99.5527,99.2501,-0.3025
22.79999088,99.5527,99.2511,-0.3016
22.839990864,99.5527,99.252,-0.3007
22.879990848,99.5527,99.2529,-0.2998
22.919990832,99.5527,99.2538,-0.2988
22.959990816,99.5527,99.2548,-0.2979
22.9999908,99.5527,99.2557,-0.2969
23.039990784,99.5527,99.2566,-0.296
23.079990768,99.5527,99.2575,-0.2951
23.119990752,99.5527,99.2585,-0.2942
23.159990735999997,99.5627,99.2593,-0.3034
23.199990720000002,99.5627,99.2603,-0.3024
23.239990704,99.5627,99.2612,-0.3015
23.279990688,99.5627,99.2621,-0.3006
23.319990672,99.5627,99.2631,-0.2996
23.359990655999997,99.5627,99.264,-0.2988
23.39999064,99.5627,99.2649,-0.2978
23.439990624,99.5627,99.2658,-0.2969
23.479990608,99.5627,99.2667,-0.296
23.519990592,99.5627,99.2676,-0.2951
23.559990576,99.5728,99.2685,-0.3042
23.59999056,99.5728,99.2694,-0.3033
23.639990544,99.5728,99.2703,-0.3024
23.679990527999998,99.5728,99.2712,-0.3015
23.719990512000003,99.5728,99.2722,-0.3006
23.759990496,99.5728,99.2731,-0.2997
23.799990479999998,99.5728,99.274,-0.2987
23.839990464,99.5728,99.2749,-0.2978
23.879990447999997,99.5728,99.2758,-0.2969
23.919990432,99.5728,99.2768,-0.296
23.959990416,99.5828,99.2777,-0.3051
23.9999904,99.5828,99.2786,-0.3042
24.039990384,99.5828,99.2794,-0.3034
24.079990368,99.5828,99.2803,-0.3025
24.119990352,99.5828,99.2813,-0.3015
24.159990336,99.5828,99.2822,-0.3006
24.19999032,99.5828,99.2831,-0.2997
24.239990304,99.5828,99.2841,-0.2987
24.279990288,99.5828,99.285,-0.2978
24.319990272,99.5828,99.2859,-0.2969
24.359990256,99.5929,99.2868,-0.306
24.399990239999997,99.5929,99.2877,-0.3051
24.439990224000002,99.5929,99.2886,-0.3042
24.479990208,99.5929,99.2895,-0.3033
24.519990192,99.5929,99.2904,-0.3024
24.559990176,99.5929,99.2914,-0.3015
24.599990159999997,99.5929,99.2922,-0.3006
24.639990144,99.5929,99.2932,-0.2996
24.679990128,99.5929,99.2941,-0.2987
24.719990112,99.5929,99.2951,-0.2978
24.759990096,99.603,99.296,-0.3069
24.79999008,99.603,99.2969,-0.306
24.839990064,99.603,99.2978,-0.3051
24.879990048,99.603,99.2987,-0.3042
24.919990031999998,99.603,99.2996,-0.3033
24.959990016000003,99.603,99.3005,-0.3024
24.99999,99.603,99.3014,-0.3015
25.039989983999998,99.603,99.3023,-0.3006
25.079989968,99.603,99.3032,-0.2997
25.119989951999997,99.603,99.3041,-0.2988
25.159989936,99.613,99.305,-0.308
25.19998992,99.613,99.3059,-0.3071
25.239989904,99.613,99.3069,-0.3061
25.279989888,99.613,99.3077,-0.3052
25.319989872,99.613,99.3087,-0.3043
25.359989856,99.613,99.3096,-0.3034
25.399989839999996,99.613,99.3105,-0.3025
25.439989824,99.613,99.3114,-0.3015
25.479989808,99.613,99.3123,-0.3007
25.519989792,99.613,99.3132,-0.2997
25.559989776,99.6231,99.3142,-0.3088
25.59998976,99.6231,99.3151,-0.3079
25.639989743999998,99.6231,99.3161,-0.307
25.679989728000002,99.6231,99.317,-0.3061
25.719989712,99.6231,99.3179,-0.3051
25.759989696,99.6231,99.3188,-0.3042
25.79998968,99.6231,99.3197,-0.3033
25.839989663999997,99.6231,99.3206,-0.3024
25.879989648,99.6231,99.3215,-0.3015
25.919989632,99.6231,99.3224,-0.3006
25.959989616,99.6331,99.3233,-0.3097
25.9999896,99.6331,99.3243,-0.3088
26.039989584,99.6331,99.3252,-0.3079
26.079989568,99.6331,99.3261,-0.307
26.119989552,99.6331,99.327,-0.306
26.159989535999998,99.6331,99.3279,-0.3051
26.199989520000003,99.6331,99.3288,-0.3042
26.239989504,99.6331,99.3298,-0.3033
26.279989488,99.6331,99.3307,-0.3024
26.319989472,99.6331,99.3315,-0.3015
26.359989455999997,99.6432,99.3325,-0.3106
26.39998944,99.6432,99.3333,-0.3098
26.439989424,99.6432,99.3343,-0.3088
26.479989408,99.6432,99.3351,-0.308
26.519989392,99.6432,99.3361,-0.307
26.559989376,99.6432,99.337,-0.3061
26.59998936,99.6432,99.3379,-0.3052
26.639989343999996,99.6432,99.3389,-0.3042
26.679989328,99.6432,99.3398,-0.3033
26.719989312,99.6432,99.3407,-0.3024
26.759989296,99.6532,99.3417,-0.3115
26.79998928,99.6532,99.3426,-0.3106
26.839989264,99.6532,99.3435,-0.3096
26.879989247999998,99.6532,99.3444,-0.3087
26.919989232000002,99.6532,99.3453,-0.3078
26.959989216,99.6532,99.3463,-0.3069
26.9999892,99.6532,99.3471,-0.306
27.039989184,99.6532,99.3481,-0.3051
27.079989167999997,99.6532,99.349,-0.3042
27.119989152,99.6532,99.3499,-0.3033
27.159989136,99.6633,99.3509,-0.3123
27.19998912,99.6633,99.3518,-0.3114
27.239989104,99.6633,99.3528,-0.3104
27.279989088,99.6633,99.3537,-0.3095
27.319989072,99.6633,99.3547,-0.3086
27.359989056,99.6633,99.3556,-0.3076
27.399989039999998,99.6633,99.3566,-0.3066
27.439989024000003,99.6633,99.3575,-0.3057
27.479989008,99.6633,99.3584,-0.3048
27.519988992,99.6633,99.3593,-0.3039
27.559988976,99.6733,99.3602,-0.313
27.599988959999997,99.6733,99.3611,-0.3121
27.639988944,99.6733,99.3621,-0.3112
27.679988928,99.6733,99.363,-0.3102
27.719988912,99.6733,99.364,-0.3093
27.759988896,99.6733,99.365,-0.3083
27.79998888,99.6733,99.3659,-0.3073
27.839988864,99.6733,99.3668,-0.3064
27.879988847999996,99.6733,99.3678,-0.3055
27.919988832,99.6733,99.3687,-0.3046
27.959988816,99.6834,99.3696,-0.3137
27.9999888,99.6834,99.3705,-0.3128
28.039988784,99.6834,99.3714,-0.3119
28.079988768,99.6834,99.3724,-0.3109
28.119988751999998,99.6834,99.3734,-0.3099
28.159988736000003,99.6834,99.3743,-0.309
28.19998872,99.6834,99.3752,-0.3081
28.239988704,99.6834,99.3762,-0.3071
28.279988688,99.6834,99.3771,-0.3062
28.319988671999997,99.6834,99.378,-0.3053
28.359988656,99.6934,99.379,-0.3144
28.39998864,99.6934,99.3799,-0.3135
28.439988624,99.6934,99.3808,-0.3126
28.479988608,99.6934,99.3818,-0.3116
28.519988592,99.6934,99.3827,-0.3106
28.559988576,99.6934,99.3836,-0.3097
28.59998856,99.6934,99.3846,-0.3088
28.639988543999998,99.6934,99.3855,-0.3079
28.679988528,99.6934,99.3864,-0.3069
28.719988512,99.6934,99.3873,-0.3061
28.759988496,99.7035,99.3882,-0.3152
28.79998848,99.7035,99.3892,-0.3142
28.839988463999997,99.7035,99.3901,-0.3133
28.879988448,99.7035,99.3911,-0.3123
28.919988432,99.7035,99.392,-0.3115
28.959988416,99.7035,99.3929,-0.3105
28.9999884,99.7035,99.3938,-0.3096
29.039988384,99.7035,99.3947,-0.3087
29.079988368,99.7035,99.3957,-0.3077
29.119988351999996,99.7035,99.3966,-0.3068
29.159988336,99.7135,99.3976,-0.3159
29.19998832,99.7135,99.3985,-0.3149
29.239988304,99.7135,99.3995,-0.314
29.279988288,99.7135,99.4005,-0.313
29.319988272,99.7135,99.4014,-0.3121
29.359988255999998,99.7135,99.4023,-0.3111
29.399988240000003,99.7135,99.4032,-0.3102
29.439988224,99.7135,99.4042,-0.3093
29.479988208,99.7135,99.4052,-0.3083
29.519988192,99.7135,99.4062,-0.3073
29.559988175999997,99.7236,99.4072,-0.3163
29.59998816,99.7236,99.4082,-0.3153
29.639988144,99.7236,99.4092,-0.3143
29.679988128,99.7236,99.4102,-0.3133
29.719988112,99.7236,99.4112,-0.3123
29.759988096,99.7236,99.4122,-0.3113
29.79998808,99.7236,99.4131,-0.3104
29.839988064,99.7236,99.4141,-0.3095
29.879988047999998,99.7236,99.415,-0.3085
29.919988032,99.7236,99.416,-0.3076
29.959988016,99.7336,99.4169,-0.3166
29.999988,99.7336,99.4179,-0.3157
30.039987984,99.7336,99.4189,-0.3147
30.079987967999998,99.7336,99.4199,-0.3137
30.119987952,99.7336,99.4208,-0.3127
30.159987936,99.7336,99.4218,-0.3117
30.19998792,99.7336,99.4229,-0.3107
30.239987904,99.7336,99.4238,-0.3097
30.279987888,99.7336,99.4248,-0.3087
30.319987872,99.7336,99.4258,-0.3077
30.359987855999996,99.7437,99.4268,-0.3168
30.39998784,99.7437,99.4278,-0.3158
30.439987824,99.7437,99.4287,-0.3149
30.479987808,99.7437,99.4297,-0.3139
30.519987792,99.7437,99.4307,-0.3129
30.559987776,99.7437,99.4316,-0.312
30.599987759999998,99.7437,99.4326,-0.311
30.639987744000003,99.7437,99.4335,-0.3101
30.679987728,99.7437,99.4345,-0.3091
30.719987712,99.7437,99.4355,-0.3081
30.759987696,99.7537,99.4365,-0.3171
30.799987679999997,99.7537,99.4375,-0.3161
30.839987664,99.7537,99.4385,-0.3152
30.879987648,99.7537,99.4395,-0.3142
30.919987632,99.7537,99.4404,-0.3132
30.959987616,99.7537,99.4414,-0.3123
30.9999876,99.7537,99.4423,-0.3113
31.039987584,99.7537,99.4433,-0.3103
31.079987568,99.7537,99.4443,-0.3093
31.119987551999998,99.7537,99.4453,-0.3084
31.159987536,99.7638,99.4463,-0.3174
31.19998752,99.7638,99.4473,-0.3164
31.239987504,99.7638,99.4482,-0.3155
31.279987487999996,99.7638,99.4492,-0.3145
31.319987472,99.7638,99.4501,-0.3136
31.359987456,99.7638,99.4511,-0.3126
31.39998744,99.7638,99.4522,-0.3115
31.439987423999998,99.7638,99.4531,-0.3106
31.479987408000003,99.7638,99.4541,-0.3096
31.519987392,99.7638,99.4551,-0.3086
31.559987376,99.7738,99.4561,-0.3177
31.599987359999997,99.7738,99.457,-0.3167
31.639987343999998,99.7738,99.458,-0.3157
31.679987328000003,99.7738,99.459,-0.3148
31.719987312,99.7738,99.46,-0.3138
31.759987296,99.7738,99.4609,-0.3128
31.799987279999996,99.7738,99.4619,-0.3118
31.839987264,99.7738,99.4629,-0.3108
31.879987248000003,99.7738,99.4639,-0.3098
31.919987232,99.7738,99.4649,-0.3088
31.959987216,99.7839,99.4659,-0.3179
31.999987199999996,99.7839,99.4669,-0.3169
32.039987184000005,99.7839,99.4678,-0.316
32.079987168,99.7839,99.4688,-0.315
32.119987152,99.7839,99.4698,-0.314
32.159987136,99.7839,99.4708,-0.313
32.19998712,99.7839,99.4718,-0.312
32.239987104,99.7839,99.4728,-0.311
32.279987088,99.7839,99.4737,-0.3101
32.319987071999996,99.7839,99.4747,-0.3091
32.359987055999994,99.7939,99.4757,-0.3182
32.39998704,99.7939,99.4767,-0.3172
32.439987024,99.7939,99.4776,-0.3162
32.479987007999995,99.7939,99.4786,-0.3152
32.519986992,99.7939,99.4796,-0.3143
32.559986976000005,99.7939,99.4806,-0.3133
32.59998696,99.7939,99.4815,-0.3123
32.639986944,99.7939,99.4825,-0.3113
32.679986928,99.7939,99.4835,-0.3104
32.719986912,99.7939,99.4844,-0.3094
32.759986896,99.804,99.4853,-0.3186
32.79998688,99.804,99.4863,-0.3176
32.839986864,99.804,99.4872,-0.3167
32.879986847999994,99.804,99.4882,-0.3157
32.919986832,99.804,99.4892,-0.3147
32.959986816,99.804,99.4901,-0.3138
32.9999868,99.804,99.4911,-0.3128
33.039986784,99.804,99.4921,-0.3118
33.079986768000005,99.804,99.4931,-0.3108
33.119986752,99.804,99.494,-0.3099
33.159986736,99.814,99.495,-0.319
33.19998672,99.814,99.4959,-0.318
33.239986703999996,99.814,99.4968,-0.3171
33.279986688,99.814,99.4978,-0.3162
33.319986672,99.814,99.4988,-0.3152
33.359986656,99.814,99.4997,-0.3142
33.399986639999995,99.814,99.5007,-0.3132
33.439986624,99.814,99.5016,-0.3123
33.479986608000004,99.814,99.5026,-0.3114
33.519986592,99.814,99.5036,-0.3104
33.559986576,99.8241,99.5045,-0.3195
33.59998656,99.8241,99.5055,-0.3185
33.639986544,99.8241,99.5065,-0.3176
33.679986528,99.8241,99.5074,-0.3166
33.719986512,99.8241,99.5084,-0.3156
33.759986495999996,99.8241,99.5094,-0.3146
33.79998648,99.8241,99.5104,-0.3136
33.839986464,99.8241,99.5114,-0.3127
33.879986448,99.8241,99.5123,-0.3117
33.919986431999995,99.8241,99.5133,-0.3107
33.959986416,99.8341,99.5143,-0.3198
33.999986400000004,99.8341,99.5153,-0.3188
34.039986384,99.8341,99.5163,-0.3178
34.079986368,99.8341,99.5172,-0.3168
34.119986352,99.8341,99.5182,-0.3158
34.159986336,99.8341,99.5192,-0.3148
34.19998632,99.8341,99.5203,-0.3138
34.239986304,99.8341,99.5212,-0.3128
34.279986287999996,99.8341,99.5222,-0.3119
34.319986272,99.8341,99.5232,-0.3108
34.359986256,99.8442,99.5242,-0.3199
34.39998624,99.8442,99.5252,-0.3189
34.439986223999995,99.8442,99.5262,-0.3179
34.479986208,99.8442,99.5272,-0.3169
34.519986192000005,99.8442,99.5282,-0.3159
34.559986176,99.8442,99.5292,-0.315
34.59998616,99.8442,99.5301,-0.314
34.639986144,99.8442,99.5311,-0.313
34.679986128,99.8442,99.5321,-0.312
34.719986112,99.8442,99.5331,-0.311
34.759986096,99.8542,99.5341,-0.32
34.79998608,99.8542,99.5351,-0.319
34.839986063999994,99.8542,99.5361,-0.318
34.879986048,99.8542,99.5371,-0.3171
34.919986032,99.8542,99.5381,-0.316
34.959986015999995,99.8542,99.5391,-0.3151
34.999986,99.8542,99.5401,-0.3141
35.039985984000005,99.8542,99.5411,-0.3131
35.079985968,99.8542,99.542,-0.3121
35.119985952,99.8542,99.5431,-0.3111
35.159985936,99.8643,99.5441,-0.3201
35.19998592,99.8643,99.545,-0.3192
35.239985904,99.8643,99.5461,-0.3181
35.279985888,99.8643,99.547,-0.3172
35.319985872,99.8643,99.5481,-0.3162
35.359985855999994,99.8643,99.5491,-0.3151
35.39998584,99.8643,99.55,-0.3142
35.439985824,99.8643,99.5511,-0.3131
35.479985808,99.8643,99.552,-0.3122
35.519985792,99.8643,99.553,-0.3112
35.559985776000005,99.8743,99.5541,-0.3202
35.59998576,99.8743,99.555,-0.3192
35.639985744,99.8743,99.5561,-0.3181
35.679985728,99.8743,99.5571,-0.3171
35.719985711999996,99.8743,99.5582,-0.3161
35.759985696,99.8743,99.5592,-0.3151
35.79998568,99.8743,99.5601,-0.3141
35.839985664,99.8743,99.5612,-0.3131
35.879985647999995,99.8743,99.5621,-0.3121
35.919985632,99.8743,99.5632,-0.3111
35.959985616,99.8843,99.5642,-0.3201
35.9999856,99.8843,99.5652,-0.3191
36.039985584,99.8843,99.5662,-0.3181
36.079985568,99.8843,99.5671,-0.3172
36.119985552,99.8843,99.5681,-0.3162
36.159985536,99.8843,99.5691,-0.3152
36.19998552,99.8843,99.5701,-0.3142
36.239985503999996,99.8843,99.5711,-0.3132
36.279985488,99.8843,99.5721,-0.3122
36.319985472,99.8843,99.5731,-0.3112
36.359985456,99.8944,99.5742,-0.3202
36.399985439999995,99.8944,99.5752,-0.3192
36.439985424,99.8944,99.5762,-0.3181
36.479985408000005,99.8944,99.5772,-0.3171
36.519985392,99.8944,99.5782,-0.3161
36.559985376,99.8944,99.5793,-0.3151
36.59998536,99.8944,99.5803,-0.314
36.639985344,99.8944,99.5814,-0.313
36.679985328,99.8944,99.5824,-0.3119
36.719985312,99.8944,99.5834,-0.3109
36.759985295999996,99.9045,99.5845,-0.3199
36.79998528,99.9045,99.5855,-0.3189
36.839985264,99.9045,99.5866,-0.3178
36.879985248,99.9045,99.5876,-0.3168
36.919985231999995,99.9045,99.5886,-0.3158
36.959985216,99.9045,99.5896,-0.3148
36.999985200000005,99.9045,99.5906,-0.3138
37.039985184,99.9045,99.5917,-0.3127
37.079985168,99.9045,99.5927,-0.3117
37.119985152,99.9045,99.5937,-0.3107
37.159985136,99.9145,99.5948,-0.3197
37.19998512,99.9145,99.5958,-0.3187
37.239985104,99.9145,99.5968,-0.3177
37.279985088,99.9145,99.5978,-0.3166
37.319985071999994,99.9145,99.5988,-0.3157
37.359985056,99.9145,99.5998,-0.3146
37.39998504,99.9145,99.6008,-0.3137
37.439985023999995,99.9145,99.6018,-0.3126
37.479985008,99.9145,99.6028,-0.3116
37.519984992000005,99.9145,99.6037,-0.3107
37.559984976,99.9246,99.6047,-0.3198
37.59998496,99.9246,99.6058,-0.3187
37.639984944,99.9246,99.6068,-0.3177
37.679984928,99.9246,99.6078,-0.3167
37.719984912,99.9246,99.6088,-0.3157
37.759984896,99.9246,99.6098,-0.3147
37.79998488,99.9246,99.6109,-0.3137
37.839984863999995,99.9246,99.6119,-0.3127
37.879984848,99.9246,99.6128,-0.3117
37.919984832,99.9246,99.6138,-0.3107
37.959984816,99.9346,99.6148,-0.3197
37.9999848,99.9346,99.6158,-0.3188
38.039984784000005,99.9346,99.6168,-0.3177
38.079984768,99.9346,99.6178,-0.3168
38.119984752,99.9346,99.6188,-0.3158
38.159984736,99.9346,99.6198,-0.3148
38.199984719999996,99.9346,99.6209,-0.3137
38.239984704,99.9346,99.6218,-0.3127
38.279984688,99.9346,99.6228,-0.3117
38.319984672,99.9346,99.6238,-0.3107
38.359984655999995,99.9447,99.6248,-0.3198
38.39998464,99.9447,99.6258,-0.3188
38.439984624000004,99.9447,99.6268,-0.3178
38.479984608,99.9447,99.6278,-0.3168
38.519984592,99.9447,99.6288,-0.3158
38.559984576,99.9447,99.6297,-0.3149
38.59998456,99.9447,99.6307,-0.3139
38.639984544,99.9447,99.6317,-0.3129
38.679984528,99.9447,99.6327,-0.3119
38.719984511999996,99.9447,99.6337,-0.3109
38.759984496,99.9547,99.6347,-0.32
38.79998448,99.9547,99.6356,-0.319
38.839984464,99.9547,99.6366,-0.3181
38.879984447999995,99.9547,99.6376,-0.3171
38.91998443199999,99.9547,99.6385,-0.3162
38.959984416000005,99.9547,99.6395,-0.3152
38.9999844,99.9547,99.6405,-0.3142
39.039984384,99.9547,99.6415,-0.3132
39.079984368,99.9547,99.6425,-0.3122
39.119984352,99.9547,99.6434,-0.3112
39.159984336,99.9648,99.6445,-0.3202
39.19998432,99.9648,99.6455,-0.3192
39.239984304,99.9648,99.6465,-0.3182
39.279984288,99.9648,99.6475,-0.3172
39.319984272,99.9648,99.6485,-0.3162
39.359984256,99.9648,99.6495,-0.3152
39.399984239999995,99.9648,99.6505,-0.3142
39.439984224,99.9648,99.6515,-0.3132
39.479984208000005,99.9648,99.6525,-0.3122
39.519984192,99.9648,99.6535,-0.3112
39.559984176,99.9748,99.6545,-0.3203
39.59998416,99.9748,99.6555,-0.3193
39.639984144,99.9748,99.6565,-0.3183
39.679984128,99.9748,99.6575,-0.3173
39.719984112,99.9748,99.6585,-0.3163
39.759984096,99.9748,99.6594,-0.3153
39.799984079999994,99.9748,99.6604,-0.3144
39.839984064,99.9748,99.6614,-0.3134
39.879984048,99.9748,99.6624,-0.3123
39.919984031999995,99.9748,99.6634,-0.3114
39.959984016,99.9849,99.6643,-0.3205
39.999984000000005,99.9849,99.6653,-0.3195
40.039983984,99.9849,99.6663,-0.3185
40.079983968,99.9849,99.6673,-0.3175
40.119983952,99.9849,99.6682,-0.3166
40.159983935999996,99.9849,99.6693,-0.3156
40.19998392,99.9849,99.6702,-0.3146
40.239983904,99.9849,99.6712,-0.3136
40.279983888,99.9849,99.6722,-0.3126
40.319983871999995,99.9849,99.6732,-0.3116
40.359983856,99.9949,99.6742,-0.3207
40.39998384,99.9949,99.6752,-0.3196
40.439983824,99.9949,99.6762,-0.3186
40.479983808,99.9949,99.6772,-0.3176
40.519983792000005,99.9949,99.6782,-0.3166
40.559983776,99.9949,99.6793,-0.3156
40.59998376,99.9949,99.6802,-0.3146
40.639983744,99.9949,99.6812,-0.3136
40.679983727999996,99.9949,99.6823,-0.3126
40.719983712,99.9949,99.6833,-0.3115
40.759983696,100.005,99.6843,-0.3206
40.79998368,100.005,99.6853,-0.3196
40.839983663999995,100.005,99.6863,-0.3186
40.879983648,100.005,99.6873,-0.3176
40.919983632,100.005,99.6883,-0.3166
40.959983616,100.005,99.6893,-0.3156
40.9999836,100.005,99.6903,-0.3146
41.039983584,100.005,99.6913,-0.3136
41.079983568,100.005,99.6923,-0.3126
41.119983552,100.005,99.6933,-0.3116
41.159983536,100.015,99.6944,-0.3206
41.199983519999996,100.015,99.6954,-0.3196
41.239983504,100.015,99.6964,-0.3185
41.279983488,100.015,99.6975,-0.3174
41.319983472,100.015,99.6985,-0.3164
41.359983455999995,100.015,99.6996,-0.3154
41.39998343999999,100.015,99.7006,-0.3144
41.439983424000005,100.015,99.7016,-0.3133
41.479983408,100.015,99.7027,-0.3123
41.519983392,100.015,99.7037,-0.3113
41.559983376,100.0251,99.7047,-0.3203
41.59998336,100.0251,99.7058,-0.3193
41.639983344,100.0251,99.7068,-0.3182
41.679983328,100.0251,99.7079,-0.3172
41.719983312,100.0251,99.7089,-0.3161
41.759983296,100.0251,99.7099,-0.3151
41.79998328,100.0251,99.711,-0.314
41.839983264,100.0251,99.712,-0.313
41.879983247999995,100.0251,99.7131,-0.3119
41.919983232,100.0251,99.7141,-0.3109
41.959983216000005,100.0351,99.7152,-0.3199
41.9999832,100.0351,99.7162,-0.3188
42.039983184,100.0351,99.7173,-0.3178
42.079983168,100.0351,99.7183,-0.3167
42.119983152,100.0351,99.7194,-0.3157
42.159983136,100.0351,99.7204,-0.3146
42.19998312,100.0351,99.7215,-0.3136
42.239983104,100.0351,99.7225,-0.3125
42.279983087999994,100.0351,99.7236,-0.3115
42.319983072,100.0351,99.7246,-0.3105
42.359983056,100.0452,99.7257,-0.3195
42.399983039999995,100.0452,99.7266,-0.3185
42.439983024,100.0452,99.7277,-0.3174
42.479983008000005,100.0452,99.7287,-0.3164
42.519982992,100.0452,99.7297,-0.3154
42.559982976,100.0452,99.7307,-0.3144
42.59998296,100.0452,99.7317,-0.3134
42.639982943999996,100.0452,99.7327,-0.3124
42.679982928,100.0452,99.7338,-0.3113
42.719982912,100.0452,99.7348,-0.3103
42.759982896,100.0552,99.7358,-0.3193
42.799982879999995,100.0552,99.7368,-0.3183
42.839982864,100.0552,99.7378,-0.3173
42.879982848,100.0552,99.7389,-0.3163
42.919982832,100.0552,99.7399,-0.3153
42.959982816,100.0552,99.7409,-0.3143
42.999982800000005,100.0552,99.7419,-0.3133
43.039982784,100.0552,99.7428,-0.3123
43.079982768,100.0552,99.7438,-0.3113
43.119982752,100.0552,99.7449,-0.3103
43.159982735999996,100.0653,99.7459,-0.3193
43.19998272,100.0653,99.7469,-0.3183
43.239982704,100.0653,99.7479,-0.3173
43.279982688,100.0653,99.749,-0.3162
43.319982671999995,100.0653,99.75,-0.3153
43.359982656,100.0653,99.7509,-0.3143
43.399982640000005,100.0653,99.752,-0.3133
43.439982624,100.0653,99.7529,-0.3123
43.479982608,100.0653,99.754,-0.3112
43.519982592,100.0653,99.7549,-0.3103
43.559982576,100.0753,99.7559,-0.3193
43.59998256,100.0753,99.7569,-0.3184
43.639982544,100.0753,99.7579,-0.3174
43.679982528,100.0753,99.7589,-0.3164
43.719982512,100.0753,99.7599,-0.3154
43.759982496,100.0753,99.7609,-0.3144
43.79998248,100.0753,99.7619,-0.3133
43.839982463999995,100.0753,99.7629,-0.3124
43.87998244799999,100.0753,99.7639,-0.3114
43.919982432000005,100.0753,99.7649,-0.3104
43.959982416,100.0854,99.7659,-0.3194
43.9999824,100.0854,99.7669,-0.3184
44.039982384,100.0854,99.7679,-0.3175
44.079982368,100.0854,99.7689,-0.3165
44.119982352,100.0854,99.7699,-0.3154
44.159982336,100.0854,99.7709,-0.3144
44.19998232,100.0854,99.7719,-0.3134
44.239982303999994,100.0854,99.7729,-0.3124
44.279982288,100.0854,99.7739,-0.3114
44.319982272,100.0854,99.7749,-0.3104
44.359982255999995,100.0954,99.7759,-0.3195
44.39998224,100.0954,99.7769,-0.3185
44.439982224000005,100.0954,99.7778,-0.3175
44.479982208,100.0954,99.7788,-0.3166
44.519982192,100.0954,99.7798,-0.3156
44.559982176,100.0954,99.7808,-0.3146
44.59998216,100.0954,99.7818,-0.3136
44.639982144,100.0954,99.7827,-0.3126
44.679982128,100.0954,99.7837,-0.3116
44.719982112,100.0954,99.7848,-0.3106
44.759982095999995,100.1055,99.7857,-0.3197
44.79998208,100.1055,99.7867,-0.3187
44.839982064,100.1055,99.7877,-0.3177
44.879982047999995,100.1055,99.7887,-0.3167
44.919982032,100.1055,99.7897,-0.3157
44.959982016000005,100.1055,99.7906,-0.3148
44.999982,100.1055,99.7917,-0.3137
45.039981984,100.1055,99.7926,-0.3128
45.079981968,100.1055,99.7936,-0.3118
45.119981951999996,100.1055,99.7947,-0.3107
45.159981936,100.1155,99.7957,-0.3198
45.19998192,100.1155,99.7967,-0.3188
45.239981904,100.1155,99.7977,-0.3178
45.279981887999995,100.1155,99.7986,-0.3168
45.319981872,100.1155,99.7997,-0.3158
45.359981856,100.1155,99.8006,-0.3149
45.39998184,100.1155,99.8016,-0.3139
45.439981824,100.1155,99.8026,-0.3129
45.479981808,100.1155,99.8035,-0.3119
45.519981792,100.1155,99.8045,-0.311
45.559981776,100.1256,99.8054,-0.3201
45.59998176,100.1256,99.8064,-0.3191
45.639981743999996,100.1256,99.8074,-0.3181
45.679981728,100.1256,99.8084,-0.3171
45.719981712,100.1256,99.8094,-0.3161
45.759981696,100.1256,99.8104,-0.3152
45.799981679999995,100.1256,99.8114,-0.3141
45.839981664,100.1256,99.8124,-0.3131
45.879981648,100.1256,99.8134,-0.3122
45.919981632,100.1256,99.8144,-0.3111
45.959981616,100.1356,99.8153,-0.3202
45.9999816,100.1356,99.8164,-0.3192
46.039981584,100.1356,99.8174,-0.3182
46.079981568,100.1356,99.8184,-0.3172
46.119981552,100.1356,99.8194,-0.3162
46.159981536,100.1356,99.8203,-0.3153
46.19998152,100.1356,99.8213,-0.3142
46.239981504,100.1356,99.8223,-0.3133
46.279981488,100.1356,99.8233,-0.3123
46.319981471999995,100.1356,99.8243,-0.3113
46.35998145599999,100.1457,99.8252,-0.3204
46.399981440000005,100.1457,99.8262,-0.3194
46.439981424,100.1457,99.8272,-0.3184
46.479981408,100.1457,99.8282,-0.3174
46.519981392,100.1457,99.8292,-0.3164
46.559981376,100.1457,99.8302,-0.3155
46.59998136,100.1457,99.8311,-0.3145
46.639981344,100.1457,99.8321,-0.3135
46.679981328,100.1457,99.833,-0.3126
46.719981311999994,100.1457,99.834,-0.3116
46.759981296,100.1557,99.835,-0.3207
46.79998128,100.1557,99.836,-0.3197
46.839981263999995,100.1557,99.837,-0.3187
46.879981248,100.1557,99.8379,-0.3177
46.919981232000005,100.1557,99.8389,-0.3167
46.959981216,100.1557,99.8399,-0.3158
46.9999812,100.1557,99.8409,-0.3148
47.039981184,100.1557,99.8419,-0.3138
47.079981168,100.1557,99.8428,-0.3129
47.119981152,100.1557,99.8438,-0.3118
47.159981136,100.1658,99.8448,-0.3209
47.19998112,100.1658,99.8458,-0.3199
47.239981103999995,100.1658,99.8468,-0.3189
47.279981088,100.1658,99.8478,-0.318
47.319981072,100.1658,99.8487,-0.317
47.359981055999995,100.1658,99.8497,-0.3161
47.39998104,100.1658,99.8507,-0.315
47.439981024000005,100.1658,99.8517,-0.3141
47.479981008,100.1658,99.8526,-0.3131
47.519980992,100.1658,99.8536,-0.3121
47.559980976,100.1758,99.8546,-0.3212
47.599980959999996,100.1758,99.8555,-0.3202
47.639980944,100.1758,99.8566,-0.3192
47.679980928,100.1758,99.8575,-0.3183
47.719980912,100.1758,99.8585,-0.3173
47.759980895999995,100.1758,99.8594,-0.3163
47.79998088,100.1758,99.8604,-0.3154
47.839980864,100.1758,99.8614,-0.3144
47.879980848,100.1758,99.8623,-0.3134
47.919980832,100.1758,99.8633,-0.3124
47.959980816,100.1859,99.8643,-0.3215
47.9999808,100.1859,99.8652,-0.3206
48.039980784,100.1859,99.8663,-0.3196
48.079980768,100.1859,99.8672,-0.3186
48.119980752,100.1859,99.8682,-0.3177
48.159980736,100.1859,99.8691,-0.3167
48.19998072,100.1859,99.8701,-0.3157
48.239980704,100.1859,99.8711,-0.3147
48.279980687999995,100.1859,99.872,-0.3138
48.319980672,100.1859,99.873,-0.3128
48.359980656000005,100.1959,99.874,-0.3219
48.39998064,100.1959,99.875,-0.3209
48.439980624,100.1959,99.876,-0.3199
48.479980608,100.1959,99.8769,-0.3189
48.519980592,100.1959,99.8779,-0.3179
48.559980576,100.1959,99.8789,-0.3169
48.59998056,100.1959,99.8799,-0.316
48.639980544,100.1959,99.8809,-0.315
48.679980528,100.1959,99.8818,-0.314
48.719980512,100.1959,99.8829,-0.313
48.759980496,100.206,99.8839,-0.322
48.799980479999995,100.206,99.8849,-0.321
48.83998046399999,100.206,99.8859,-0.32
48.879980448000005,100.206,99.8869,-0.319
48.919980432,100.206,99.8879,-0.318
48.959980416,100.206,99.889,-0.3169
48.9999804,100.206,99.89,-0.3159
49.039980384,100.206,99.891,-0.315
49.079980368,100.206,99.8919,-0.314
49.119980352,100.206,99.8928,-0.3131
49.159980336,100.216,99.8939,-0.3221
49.199980319999995,100.216,99.8948,-0.3212
49.239980304,100.216,99.8958,-0.3202
49.279980288,100.216,99.8968,-0.3192
49.319980271999995,100.216,99.8978,-0.3182
49.359980256,100.216,99.8988,-0.3171
49.399980240000005,100.216,99.8998,-0.3162
49.439980224,100.216,99.9008,-0.3151
49.479980208,100.216,99.9018,-0.3142
49.519980192,100.216,99.9027,-0.3132
49.559980176,100.2261,99.9037,-0.3223
49.59998016,100.2261,99.9047,-0.3213
49.639980144,100.2261,99.9057,-0.3203
49.679980128,100.2261,99.9067,-0.3193
49.719980111999995,100.2261,99.9077,-0.3183
49.759980096,100.2261,99.9087,-0.3173
49.79998008,100.2261,99.9097,-0.3163
49.839980063999995,100.2261,99.9107,-0.3153
49.879980048,100.2261,99.9118,-0.3143
49.919980032000005,100.2261,99.9127,-0.3133
49.959980016,100.2361,99.9138,-0.3223
49.99998,100.2361,99.9148,-0.3213
50.039979984,100.2361,99.9158,-0.3202
50.079979967999996,100.2361,99.9169,-0.3192
50.119979952,100.2361,99.9179,-0.3182
50.159979936,100.2361,99.9189,-0.3172
50.19997992,100.2361,99.9198,-0.3162
50.239979903999995,100.2361,99.9209,-0.3152
50.279979888,100.2361,99.922,-0.3141
50.319979872,100.2361,99.9229,-0.3132
50.359979856,100.2462,99.9239,-0.3222
50.39997984,100.2462,99.9249,-0.3212
50.439979824,100.2462,99.9259,-0.3203
50.479979808,100.2462,99.9269,-0.3192
50.519979792,100.2462,99.9279,-0.3182
50.559979776,100.2462,99.929,-0.3171
50.59997976,100.2462,99.9299,-0.3162
50.639979744,100.2462,99.9309,-0.3152
50.679979728,100.2462,99.9319,-0.3142
50.719979712,100.2462,99.9329,-0.3132
50.759979695999995,100.2562,99.9339,-0.3223
50.79997967999999,100.2562,99.9349,-0.3213
50.839979664,100.2562,99.9358,-0.3203
50.879979648,100.2562,99.9369,-0.3192
50.919979632,100.2562,99.9379,-0.3182
50.959979616,100.2562,99.939,-0.3172
50.9999796,100.2562,99.94,-0.3162
51.039979584,100.2562,99.941,-0.3152
51.079979568,100.2562,99.942,-0.3141
51.119979552,100.2562,99.943,-0.3132
51.159979536,100.2663,99.944,-0.3222
51.19997952,100.2663,99.945,-0.3212
51.239979504,100.2663,99.946,-0.3202
51.279979487999995,100.2663,99.9471,-0.3192
51.31997947199999,100.2663,99.9481,-0.3181
51.359979456000005,100.2663,99.9491,-0.3171
51.39997944,100.2663,99.9501,-0.3161
51.439979424,100.2663,99.9511,-0.3151
51.479979408,100.2663,99.9521,-0.3141
51.519979392,100.2663,99.9531,-0.3131
51.559979376,100.2763,99.9542,-0.3221
51.59997936,100.2763,99.9552,-0.3211
51.639979344,100.2763,99.9561,-0.3201
51.679979327999995,100.2763,99.9572,-0.3191
51.719979312,100.2763,99.9581,-0.3182
51.759979296,100.2763,99.9591,-0.3171
51.799979279999995,100.2763,99.9602,-0.3161
51.839979264,100.2763,99.9611,-0.3151
51.879979248000005,100.2763,99.9622,-0.3141
51.919979232,100.2763,99.9632,-0.3131
51.959979216,100.2864,99.9641,-0.3222
51.9999792,100.2864,99.9652,-0.3212
52.039979183999996,100.2864,99.9661,-0.3202
52.079979168,100.2864,99.9671,-0.3192
52.119979152,100.2864,99.9681,-0.3182
52.159979136,100.2864,99.969,-0.3173
52.199979119999995,100.2864,99.9701,-0.3163
52.239979104,100.2864,99.971,-0.3153
52.279979088,100.2864,99.9721,-0.3142
52.319979071999995,100.2864,99.9731,-0.3132
52.359979056,100.2964,99.9741,-0.3223
52.399979040000005,100.2964,99.9751,-0.3213
52.439979024,100.2964,99.9761,-0.3203
52.479979008,100.2964,99.977,-0.3193
52.519978992,100.2964,99.978,-0.3183
52.559978976,100.2964,99.979,-0.3174
52.59997896,100.2964,99.9801,-0.3163
52.639978944,100.2964,99.981,-0.3153
52.679978928,100.2964,99.9821,-0.3143
52.719978911999995,100.2964,99.9831,-0.3133
52.759978896,100.3065,99.9841,-0.3223
52.79997888,100.3065,99.9852,-0.3212
52.839978864,100.3065,99.9861,-0.3203
52.879978848,100.3065,99.9871,-0.3193
52.919978832,100.3065,99.9881,-0.3183
52.959978816,100.3065,99.9892,-0.3173
52.9999788,100.3065,99.9902,-0.3162
53.039978784,100.3065,99.9912,-0.3152
53.079978768,100.3065,99.9923,-0.3142
53.119978752,100.3065,99.9933,-0.3132
53.159978736,100.3165,99.9942,-0.3222
53.19997872,100.3165,99.9953,-0.3212
53.239978703999995,100.3165,99.9962,-0.3202
53.27997868799999,100.3165,99.9972,-0.3192
53.319978672000005,100.3165,99.9982,-0.3182
53.359978656,100.3165,99.9992,-0.3173
53.39997864,100.3165,100.0002,-0.3163
53.439978624,100.3165,100.0012,-0.3153
53.479978608,100.3165,100.0022,-0.3143
53.519978592,100.3165,100.0032,-0.3133
53.559978576,100.3266,100.0041,-0.3224
53.59997856,100.3266,100.0052,-0.3213
53.639978544,100.3266,100.0062,-0.3203
53.679978528,100.3266,100.0072,-0.3193
53.719978512,100.3266,100.0083,-0.3183
53.759978495999995,100.3266,100.0092,-0.3173
53.79997847999999,100.3266,100.0103,-0.3162
53.839978464000005,100.3266,100.0114,-0.3152
53.879978448,100.3266,100.0124,-0.3141
53.919978432,100.3266,100.0135,-0.313
53.959978416,100.3366,100.0145,-0.3221
53.9999784,100.3366,100.0155,-0.3211
54.039978384,100.3366,100.0166,-0.32
54.079978368,100.3366,100.0175,-0.319
54.119978352,100.3366,100.0186,-0.318
54.159978335999995,100.3366,100.0196,-0.317
54.19997832,100.3366,100.0206,-0.316
54.239978304,100.3366,100.0216,-0.3149
54.279978287999995,100.3366,100.0226,-0.3139
54.319978272,100.3366,100.0237,-0.3129
54.359978256000005,100.3467,100.0247,-0.3219
54.39997824,100.3467,100.0257,-0.3209
54.439978224,100.3467,100.0268,-0.3198
54.479978208,100.3467,100.0278,-0.3188
54.519978191999996,100.3467,100.0289,-0.3178
54.559978176,100.3467,100.0299,-0.3167
54.59997816,100.3467,100.0309,-0.3157
54.639978144,100.3467,100.032,-0.3147
54.679978127999995,100.3467,100.033,-0.3137
54.719978112,100.3467,100.034,-0.3126
54.759978096,100.3567,100.035,-0.3217
54.799978079999995,100.3567,100.036,-0.3207
54.839978064,100.3567,100.0371,-0.3196
54.879978048000005,100.3567,100.038,-0.3186
54.919978032,100.3567,100.0391,-0.3176
54.959978016,100.3567,100.0401,-0.3166
54.999978,100.3567,100.0411,-0.3156
55.039977984,100.3567,100.0422,-0.3145
55.079977968,100.3567,100.0431,-0.3135
55.119977952,100.3567,100.0442,-0.3125
55.159977936,100.3668,100.0452,-0.3215
55.199977919999995,100.3668,100.0463,-0.3204
55.239977904,100.3668,100.0473,-0.3194
55.279977888,100.3668,100.0483,-0.3184
55.319977872,100.3668,100.0493,-0.3174
55.359977856,100.3668,100.0503,-0.3164
55.39997784,100.3668,100.0514,-0.3153
55.439977824,100.3668,100.0525,-0.3143
55.479977808,100.3668,100.0534,-0.3133
55.519977792,100.3668,100.0545,-0.3122
55.559977776,100.3768,100.0555,-0.3212
55.59997776,100.3768,100.0565,-0.3202
55.639977744,100.3768,100.0576,-0.3192
55.679977728,100.3768,100.0586,-0.3182
55.719977711999995,100.3768,100.0597,-0.3171
55.75997769599999,100.3768,100.0607,-0.3161
55.79997768,100.3768,100.0617,-0.3151
55.839977664,100.3768,100.0627,-0.314
55.879977648,100.3768,100.0637,-0.3131
55.919977632,100.3768,100.0648,-0.312
55.959977616,100.3869,100.0658,-0.3211
55.9999776,100.3869,100.0668,-0.3201
56.039977584,100.3869,100.0678,-0.319
56.079977568,100.3869,100.0689,-0.318
56.119977551999995,100.3869,100.0699,-0.3169
56.159977536,100.3869,100.0709,-0.3159
56.19997752,100.3869,100.0719,-0.3149
56.239977503999995,100.3869,100.0729,-0.3139
56.27997748799999,100.3869,100.0739,-0.3129
56.319977472000005,100.3869,100.075,-0.3118
56.359977456,100.3969,100.076,-0.3208
56.39997744,100.3969,100.077,-0.3199
56.439977424,100.3969,100.0781,-0.3188
56.479977408,100.3969,100.0791,-0.3177
56.519977392,100.3969,100.0802,-0.3167
56.559977376,100.3969,100.0812,-0.3156
56.59997736,100.3969,100.0823,-0.3146
56.639977343999995,100.3969,100.0834,-0.3135
56.679977328,100.3969,100.0844,-0.3125
56.719977312,100.3969,100.0855,-0.3114
56.759977295999995,100.407,100.0865,-0.3204
56.79997728,100.407,100.0875,-0.3195
56.839977264000005,100.407,100.0885,-0.3184
56.879977248,100.407,100.0895,-0.3174
56.919977232,100.407,100.0905,-0.3164
56.959977216,100.407,100.0915,-0.3154
56.9999772,100.407,100.0926,-0.3143
57.039977184,100.407,100.0936,-0.3133
57.079977168,100.407,100.0947,-0.3122
57.119977152,100.407,100.0957,-0.3112
57.159977135999995,100.417,100.0967,-0.3203
57.19997712,100.417,100.0978,-0.3192
57.239977104,100.417,100.0989,-0.3181
57.279977087999995,100.417,100.0999,-0.3171
57.319977072,100.417,100.1009,-0.3161
57.359977056,100.417,100.102,-0.315
57.39997704,100.417,100.1029,-0.314
57.439977024,100.417,100.104,-0.313
57.479977008,100.417,100.105,-0.312
57.519976992,100.417,100.106,-0.311
57.559976976,100.4271,100.1071,-0.3199
57.59997696,100.4271,100.1081,-0.319
57.639976944,100.4271,100.1091,-0.3179
57.679976927999995,100.4271,100.1102,-0.3169
57.719976912,100.4271,100.1112,-0.3159
57.759976896,100.4271,100.1122,-0.3148
57.79997688,100.4271,100.1132,-0.3138
57.839976864,100.4271,100.1142,-0.3128
57.879976848,100.4271,100.1152,-0.3118
57.919976832,100.4271,100.1162,-0.3108
57.959976816,100.4371,100.1173,-0.3197
57.9999768,100.4371,100.1184,-0.3187
58.039976784,100.4371,100.1194,-0.3176
58.079976768,100.4371,100.1205,-0.3165
58.119976752,100.4371,100.1216,-0.3155
58.159976736,100.4371,100.1226,-0.3145
58.199976719999995,100.4371,100.1236,-0.3135
58.23997670399999,100.4371,100.1246,-0.3125
58.279976688000005,100.4371,100.1257,-0.3114
58.319976672,100.4371,100.1267,-0.3104
58.359976656,100.4472,100.1277,-0.3194
58.39997664,100.4472,100.1288,-0.3184
58.439976624,100.4472,100.1298,-0.3173
58.479976608,100.4472,100.1309,-0.3163
58.519976592,100.4472,100.1319,-0.3152
58.559976576,100.4472,100.133,-0.3141
58.599976559999995,100.4472,100.134,-0.3132
58.639976544,100.4472,100.135,-0.3121
58.679976528,100.4472,100.1361,-0.311
58.719976511999995,100.4472,100.1371,-0.31
58.75997649599999,100.4572,100.1382,-0.319
58.799976480000005,100.4572,100.1392,-0.318
58.839976464,100.4572,100.1402,-0.317
58.879976448,100.4572,100.1413,-0.3159
58.919976432,100.4572,100.1422,-0.3149
58.959976416,100.4572,100.1433,-0.3139
58.9999764,100.4572,100.1443,-0.3129
59.039976384,100.4572,100.1453,-0.3119
59.079976368,100.4572,100.1464,-0.3108
59.119976351999995,100.4572,100.1475,-0.3097
59.159976336,100.4673,100.1485,-0.3187
59.19997632,100.4673,100.1495,-0.3177
59.239976303999995,100.4673,100.1506,-0.3167
59.279976288,100.4673,100.1516,-0.3156
59.319976272000005,100.4673,100.1527,-0.3146
59.359976256,100.4673,100.1537,-0.3135
59.39997624,100.4673,100.1548,-0.3125
59.439976224,100.4673,100.1558,-0.3114
59.479976208,100.4673,100.1569,-0.3103
59.519976192,100.4673,100.1579,-0.3093
59.559976176,100.4773,100.1589,-0.3183
59.59997616,100.4773,100.16,-0.3173
59.639976143999995,100.4773,100.161,-0.3163
59.679976128,100.4773,100.162,-0.3153
59.719976112,100.4773,100.1631,-0.3142
59.759976095999995,100.4773,100.1641,-0.3132
59.79997608,100.4773,100.1651,-0.3121
59.839976064,100.4773,100.1661,-0.3112
59.879976048,100.4773,100.1671,-0.3101
59.919976032,100.4773,100.1681,-0.3092
59.959976016,100.4874,100.1692,-0.3181
59.999976,100.4874,100.1702,-0.3171
60.039975984,100.4874,100.1712,-0.3161
60.079975968,100.4874,100.1723,-0.315
60.119975952,100.4874,100.1733,-0.314
60.159975935999995,100.4874,100.1744,-0.313
60.19997592,100.4874,100.1754,-0.312
60.239975904,100.4874,100.1763,-0.311
60.279975888,100.4874,100.1773,-0.31
60.319975872,100.4874,100.1783,-0.309
60.359975856,100.4974,100.1794,-0.318
60.39997584,100.4974,100.1804,-0.317
60.439975824,100.4974,100.1814,-0.316
60.479975808,100.4974,100.1824,-0.315
60.519975792,100.4974,100.1834,-0.314
60.559975776,100.4974,100.1844,-0.313
60.59997576,100.4974,100.1854,-0.312
60.639975744,100.4974,100.1864,-0.311
60.679975727999995,100.4974,100.1875,-0.3099
60.71997571199999,100.4974,100.1884,-0.309
60.759975696,100.5075,100.1894,-0.318
60.79997568,100.5075,100.1904,-0.317
60.839975664,100.5075,100.1915,-0.316
60.879975648,100.5075,100.1924,-0.315
60.919975632,100.5075,100.1934,-0.314
60.959975616,100.5075,100.1944,-0.313
60.9999756,100.5075,100.1955,-0.312
61.039975584,100.5075,100.1964,-0.311
61.079975567999995,100.5075,100.1975,-0.31
61.119975552,100.5075,100.1984,-0.309
61.159975536,100.5175,100.1994,-0.3181
61.199975519999995,100.5175,100.2004,-0.3171
61.23997550399999,100.5175,100.2014,-0.3161
61.279975488000005,100.5175,100.2024,-0.3151
61.319975472,100.5175,100.2034,-0.3141
61.359975456,100.5175,100.2044,-0.3131
61.39997544,100.5175,100.2054,-0.312
61.439975424,100.5175,100.2064,-0.311
61.479975408,100.5175,100.2074,-0.31
61.519975392,100.5175,100.2084,-0.309
61.559975376,100.5276,100.2094,-0.3181
61.599975359999995,100.5276,100.2104,-0.3171
61.639975344,100.5276,100.2114,-0.3161
61.679975328,100.5276,100.2124,-0.3151
61.719975311999995,100.5276,100.2134,-0.3142
61.759975296,100.5276,100.2143,-0.3132
61.799975280000005,100.5276,100.2154,-0.3122
61.839975264,100.5276,100.2163,-0.3112
61.879975248,100.5276,100.2173,-0.3102
61.919975232,100.5276,100.2183,-0.3092
61.959975216,100.5376,100.2193,-0.3183
61.9999752,100.5376,100.2203,-0.3172
62.039975184,100.5376,100.2213,-0.3163
62.079975168,100.5376,100.2224,-0.3152
62.119975151999995,100.5376,100.2234,-0.3142
62.159975136,100.5376,100.2244,-0.3132
62.19997512,100.5376,100.2255,-0.3121
62.239975103999996,100.5376,100.2265,-0.3111
62.279975088,100.5376,100.2275,-0.3101
62.319975072,100.5376,100.2285,-0.3091
62.359975056,100.5477,100.2295,-0.3181
62.39997504,100.5477,100.2306,-0.317
62.439975024,100.5477,100.2316,-0.316
62.479975008,100.5477,100.2326,-0.315
62.519974992,100.5477,100.2336,-0.314
62.55997497599999,100.5477,100.2346,-0.3131
62.59997496,100.5477,100.2357,-0.312
62.639974944,100.5477,100.2366,-0.311
62.67997492799999,100.5477,100.2376,-0.31
62.719974912,100.5477,100.2386,-0.309
62.759974895999996,100.5577,100.2397,-0.318
62.79997488,100.5577,100.2408,-0.3169
62.839974864000006,100.5577,100.2417,-0.3159
62.879974847999996,100.5577,100.2428,-0.3149
62.919974832,100.5577,100.2438,-0.3139
62.959974816000006,100.5577,100.2448,-0.3129
62.9999748,100.5577,100.2459,-0.3118
63.039974784,100.5577,100.2469,-0.3108
63.07997476799999,100.5577,100.2479,-0.3098
63.119974752,100.5577,100.249,-0.3087
63.159974736,100.5678,100.25,-0.3178
63.19997471999999,100.5678,100.251,-0.3167
63.239974704000005,100.5678,100.252,-0.3157
63.279974687999996,100.5678,100.253,-0.3147
63.319974672,100.5678,100.2541,-0.3137
63.359974656000006,100.5678,100.2551,-0.3126
63.399974639999996,100.5678,100.2561,-0.3116
63.439974624,100.5678,100.2572,-0.3106
63.479974608000006,100.5678,100.2582,-0.3095
63.519974592,100.5678,100.2593,-0.3085
63.559974576,100.5778,100.2602,-0.3175
63.59997455999999,100.5778,100.2613,-0.3165
63.639974544,100.5778,100.2623,-0.3155
63.679974528,100.5778,100.2632,-0.3145
63.71997451199999,100.5778,100.2643,-0.3135
63.759974496000005,100.5778,100.2653,-0.3124
63.799974479999996,100.5778,100.2664,-0.3114
63.839974464,100.5778,100.2673,-0.3104
63.879974448000006,100.5778,100.2684,-0.3094
63.919974432,100.5778,100.2694,-0.3084
63.959974416,100.5879,100.2704,-0.3174
63.99997439999999,100.5879,100.2714,-0.3164
64.039974384,100.5879,100.2724,-0.3154
64.07997436800001,100.5879,100.2734,-0.3144
64.119974352,100.5879,100.2745,-0.3134
64.159974336,100.5879,100.2754,-0.3124
64.19997432000001,100.5879,100.2764,-0.3114
64.239974304,100.5879,100.2775,-0.3104
64.279974288,100.5879,100.2785,-0.3093
64.319974272,100.5879,100.2795,-0.3083
64.359974256,100.5979,100.2805,-0.3174
64.39997424,100.5979,100.2815,-0.3164
64.439974224,100.5979,100.2825,-0.3154
64.479974208,100.5979,100.2835,-0.3144
64.51997419199999,100.5979,100.2845,-0.3134
64.559974176,100.5979,100.2855,-0.3124
64.59997416,100.5979,100.2866,-0.3113
64.63997414399999,100.5979,100.2876,-0.3103
64.679974128,100.5979,100.2886,-0.3093
64.71997411199999,100.5979,100.2896,-0.3083
64.759974096,100.608,100.2906,-0.3173
64.79997408,100.608,100.2916,-0.3163
64.83997406399999,100.608,100.2926,-0.3153
64.879974048,100.608,100.2936,-0.3143
64.919974032,100.608,100.2946,-0.3133
64.95997401599999,100.608,100.2956,-0.3123
64.99997400000001,100.608,100.2967,-0.3113
65.039973984,100.608,100.2977,-0.3102
65.079973968,100.608,100.2987,-0.3092
65.11997395200001,100.608,100.2998,-0.3082
65.159973936,100.618,100.3008,-0.3172
65.19997392,100.618,100.3018,-0.3162
65.239973904,100.618,100.3028,-0.3152
65.279973888,100.618,100.3037,-0.3142
65.319973872,100.618,100.3048,-0.3132
65.359973856,100.618,100.3057,-0.3122
65.39997384,100.618,100.3067,-0.3112
65.439973824,100.618,100.3077,-0.3103
65.479973808,100.618,100.3087,-0.3093
65.519973792,100.618,100.3097,-0.3083
65.55997377599999,100.6281,100.3107,-0.3174
65.59997376,100.6281,100.3116,-0.3164
65.639973744,100.6281,100.3127,-0.3154
65.679973728,100.6281,100.3137,-0.3144
65.719973712,100.6281,100.3147,-0.3133
65.75997369599999,100.6281,100.3157,-0.3123
65.79997368,100.6281,100.3166,-0.3114
65.839973664,100.6281,100.3176,-0.3104
65.87997364799999,100.6281,100.3186,-0.3094
65.919973632,100.6281,100.3196,-0.3084
65.959973616,100.6381,100.3205,-0.3175
65.9999736,100.6381,100.3215,-0.3166
66.03997358400001,100.6381,100.3225,-0.3156
66.079973568,100.6381,100.3234,-0.3146
66.119973552,100.6381,100.3244,-0.3136
66.15997353600001,100.6381,100.3254,-0.3127
66.19997352,100.6381,100.3264,-0.3117
66.239973504,100.6381,100.3273,-0.3107
66.279973488,100.6381,100.3283,-0.3098
66.319973472,100.6381,100.3293,-0.3088
66.359973456,100.6482,100.3303,-0.3179
66.39997344,100.6482,100.3312,-0.3169
66.439973424,100.6482,100.3323,-0.3159
66.47997340799999,100.6482,100.3332,-0.315
66.519973392,100.6482,100.3342,-0.314
66.559973376,100.6482,100.3351,-0.313
66.59997335999999,100.6482,100.3361,-0.312
66.639973344,100.6482,100.3371,-0.3111
66.679973328,100.6482,100.338,-0.3101
66.719973312,100.6482,100.339,-0.3091
66.759973296,100.6582,100.34,-0.3182
66.79997327999999,100.6582,100.341,-0.3172
66.839973264,100.6582,100.342,-0.3162
66.879973248,100.6582,100.3429,-0.3152
66.91997323199999,100.6582,100.344,-0.3142
66.95997321600001,100.6582,100.345,-0.3132
66.9999732,100.6582,100.3459,-0.3122
67.039973184,100.6582,100.3469,-0.3112
67.07997316800001,100.6582,100.3479,-0.3103
67.119973152,100.6582,100.3488,-0.3093
67.159973136,100.6683,100.3498,-0.3184
67.19997312,100.6683,100.3508,-0.3174
67.239973104,100.6683,100.3518,-0.3164
67.279973088,100.6683,100.3528,-0.3154
67.319973072,100.6683,100.3538,-0.3144
67.359973056,100.6683,100.3548,-0.3134
67.39997304,100.6683,100.3558,-0.3125
67.439973024,100.6683,100.3568,-0.3114
67.479973008,100.6683,100.3578,-0.3105
67.51997299199999,100.6683,100.3588,-0.3094
67.559972976,100.6783,100.3599,-0.3184
67.59997296,100.6783,100.3608,-0.3174
67.639972944,100.6783,100.3619,-0.3164
67.679972928,100.6783,100.3629,-0.3154
67.71997291199999,100.6783,100.3639,-0.3144
67.759972896,100.6783,100.3649,-0.3134
67.79997288,100.6783,100.3659,-0.3124
67.83997286399999,100.6783,100.3669,-0.3114
67.879972848,100.6783,100.3679,-0.3104
67.919972832,100.6783,100.3689,-0.3094
67.959972816,100.6884,100.3699,-0.3184
67.99997280000001,100.6884,100.3709,-0.3174
68.039972784,100.6884,100.372,-0.3163
68.079972768,100.6884,100.373,-0.3153
68.11997275200001,100.6884,100.374,-0.3143
68.159972736,100.6884,100.375,-0.3133
68.19997272,100.6884,100.376,-0.3124
68.239972704,100.6884,100.377,-0.3113
68.279972688,100.6884,100.378,-0.3103
68.319972672,100.6884,100.379,-0.3093
68.359972656,100.6984,100.38,-0.3183
68.39997264,100.6984,100.3811,-0.3173
68.43997262399999,100.6984,100.3821,-0.3163
68.479972608,100.6984,100.3832,-0.3152
68.519972592,100.6984,100.3841,-0.3142
68.55997257599999,100.6984,100.3852,-0.3132
68.59997256,100.6984,100.3862,-0.3122
68.639972544,100.6984,100.3872,-0.3111
68.679972528,100.6984,100.3883,-0.3101
68.719972512,100.6984,100.3892,-0.3091
68.75997249599999,100.7085,100.3903,-0.3181
68.79997248,100.7085,100.3913,-0.3172
68.839972464,100.7085,100.3922,-0.3162
68.87997244799999,100.7085,100.3932,-0.3152
68.919972432,100.7085,100.3942,-0.3142
68.959972416,100.7085,100.3953,-0.3131
68.9999724,100.7085,100.3963,-0.3121
69.03997238400001,100.7085,100.3973,-0.3111
69.079972368,100.7085,100.3984,-0.3101
69.119972352,100.7085,100.3994,-0.3091
69.15997233600001,100.7185,100.4004,-0.3181
69.19997232,100.7185,100.4014,-0.3171
69.239972304,100.7185,100.4024,-0.3161
69.279972288,100.7185,100.4034,-0.315
69.319972272,100.7185,100.4044,-0.3141
69.359972256,100.7185,100.4054,-0.3131
69.39997224,100.7185,100.4064,-0.3121
69.439972224,100.7185,100.4074,-0.3111
69.47997220799999,100.7185,100.4085,-0.31
69.519972192,100.7185,100.4095,-0.309
69.559972176,100.7286,100.4105,-0.3181
69.59997216,100.7286,100.4115,-0.3171
69.639972144,100.7286,100.4125,-0.3161
69.67997212799999,100.7286,100.4135,-0.315
69.719972112,100.7286,100.4145,-0.314
69.759972096,100.7286,100.4155,-0.3131
69.79997207999999,100.7286,100.4165,-0.3121
69.839972064,100.7286,100.4174,-0.3111
69.879972048,100.7286,100.4184,-0.3102
69.91997203199999,100.7286,100.4193,-0.3093
69.95997201600001,100.7386,100.4203,-0.3183
69.999972,100.7386,100.4213,-0.3173
70.039971984,100.7386,100.4223,-0.3163
70.07997196800001,100.7386,100.4233,-0.3152
70.119971952,100.7386,100.4243,-0.3143
70.159971936,100.7386,100.4253,-0.3133
70.19997192,100.7386,100.4263,-0.3123
70.239971904,100.7386,100.4272,-0.3114
70.279971888,100.7386,100.4283,-0.3103
70.319971872,100.7386,100.4293,-0.3093
70.359971856,100.7487,100.4303,-0.3183
70.39997184,100.7487,100.4313,-0.3174
70.439971824,100.7487,100.4323,-0.3163
70.479971808,100.7487,100.4333,-0.3153
70.51997179199999,100.7487,100.4343,-0.3143
70.559971776,100.7487,100.4353,-0.3133
70.59997176,100.7487,100.4363,-0.3123
70.639971744,100.7487,100.4373,-0.3113
70.679971728,100.7487,100.4383,-0.3103
70.71997171199999,100.7487,100.4393,-0.3094
70.759971696,100.7587,100.4402,-0.3185
70.79997168,100.7587,100.4412,-0.3175
70.83997166399999,100.7587,100.4422,-0.3165
70.879971648,100.7587,100.4432,-0.3155
70.919971632,100.7587,100.4442,-0.3145
70.959971616,100.7587,100.4451,-0.3135
70.99997160000001,100.7587,100.4461,-0.3125
71.039971584,100.7587,100.4471,-0.3115
71.079971568,100.7587,100.4482,-0.3105
71.11997155200001,100.7587,100.4491,-0.3095
71.159971536,100.7688,100.4501,-0.3186
71.19997152,100.7688,100.4511,-0.3176
71.239971504,100.7688,100.4521,-0.3166
71.279971488,100.7688,100.4531,-0.3156
71.319971472,100.7688,100.4541,-0.3146
71.359971456,100.7688,100.4551,-0.3136
71.39997144,100.7688,100.4562,-0.3125
71.43997142399999,100.7688,100.4572,-0.3116
71.479971408,100.7688,100.4582,-0.3105
71.519971392,100.7688,100.4592,-0.3095
71.559971376,100.7788,100.4602,-0.3186
71.59997136,100.7788,100.4612,-0.3175
71.639971344,100.7788,100.4622,-0.3166
71.679971328,100.7788,100.4632,-0.3156
71.719971312,100.7788,100.4641,-0.3146
71.75997129599999,100.7788,100.4651,-0.3137
71.79997128,100.7788,100.4661,-0.3126
71.839971264,100.7788,100.4671,-0.3117
71.87997124799999,100.7788,100.4681,-0.3107
71.919971232,100.7788,100.4691,-0.3097
71.959971216,100.7889,100.4701,-0.3187
71.9999712,100.7889,100.4711,-0.3177
72.03997118400001,100.7889,100.4721,-0.3167
72.079971168,100.7889,100.4731,-0.3157
72.119971152,100.7889,100.4741,-0.3147
72.159971136,100.7889,100.4751,-0.3137
72.19997112,100.7889,100.4761,-0.3128
72.239971104,100.7889,100.4771,-0.3118
72.279971088,100.7889,100.4781,-0.3108
72.319971072,100.7889,100.4791,-0.3098
72.359971056,100.7989,100.4801,-0.3188
72.39997104,100.7989,100.4811,-0.3178
72.439971024,100.7989,100.482,-0.3168
72.47997100799999,100.7989,100.4831,-0.3158
72.519970992,100.7989,100.4841,-0.3147
72.559970976,100.7989,100.4852,-0.3137
72.59997096,100.7989,100.4862,-0.3127
72.639970944,100.7989,100.4872,-0.3117
72.67997092799999,100.7989,100.4882,-0.3107
72.719970912,100.7989,100.4892,-0.3097
72.759970896,100.809,100.4902,-0.3187
72.79997087999999,100.809,100.4913,-0.3177
72.839970864,100.809,100.4922,-0.3167
72.879970848,100.809,100.4933,-0.3157
72.919970832,100.809,100.4943,-0.3146
72.95997081600001,100.809,100.4954,-0.3135
72.9999708,100.809,100.4965,-0.3125
73.039970784,100.809,100.4975,-0.3114
73.07997076800001,100.809,100.4986,-0.3103
73.119970752,100.809,100.4997,-0.3092
73.159970736,100.819,100.5007,-0.3182
73.19997072,100.819,100.5018,-0.3172
73.239970704,100.819,100.5027,-0.3162
73.279970688,100.819,100.5038,-0.3152
73.319970672,100.819,100.5048,-0.3142
73.359970656,100.819,100.5058,-0.3131
73.39997063999999,100.819,100.5069,-0.3121
73.439970624,100.819,100.508,-0.311
73.479970608,100.819,100.509,-0.31
73.51997059199999,100.819,100.51,-0.3089
73.559970576,100.8291,100.5111,-0.318
73.59997056,100.8291,100.5122,-0.3169
73.639970544,100.8291,100.5132,-0.3158
73.679970528,100.8291,100.5142,-0.3148
73.71997051199999,100.8291,100.5153,-0.3137
73.759970496,100.8291,100.5164,-0.3127
73.79997048,100.8291,100.5174,-0.3116
73.83997046399999,100.8291,100.5184,-0.3106
73.879970448,100.8291,100.5195,-0.3096
73.919970432,100.8291,100.5205,-0.3085
73.959970416,100.8391,100.5216,-0.3175
73.99997040000001,100.8391,100.5226,-0.3165
74.039970384,100.8391,100.5236,-0.3154
74.079970368,100.8391,100.5247,-0.3144
74.11997035200001,100.8391,100.5257,-0.3134
74.159970336,100.8391,100.5268,-0.3123
74.19997032,100.8391,100.5278,-0.3113
74.239970304,100.8391,100.5288,-0.3103
74.279970288,100.8391,100.5298,-0.3093
74.319970272,100.8391,100.5309,-0.3082
74.359970256,100.8492,100.5319,-0.3173
74.39997024,100.8492,100.5329,-0.3162
74.43997022399999,100.8492,100.5339,-0.3153
74.479970208,100.8492,100.5349,-0.3142
74.519970192,100.8492,100.5359,-0.3132
74.559970176,100.8492,100.5369,-0.3122
74.59997016,100.8492,100.538,-0.3112
74.63997014399999,100.8492,100.539,-0.3101
74.679970128,100.8492,100.54,-0.3092
74.719970112,100.8492,100.541,-0.3081
74.75997009599999,100.8592,100.542,-0.3172
74.79997008,100.8592,100.5431,-0.3161
74.839970064,100.8592,100.5441,-0.315
74.87997004799999,100.8592,100.5452,-0.314
74.91997003200001,100.8592,100.5462,-0.3129
74.959970016,100.8592,100.5473,-0.3119
74.99997,100.8592,100.5483,-0.3108
75.03996998400001,100.8592,100.5494,-0.3098
75.079969968,100.8592,100.5504,-0.3088
75.119969952,100.8592,100.5515,-0.3077
75.159969936,100.8693,100.5525,-0.3167
75.19996992,100.8693,100.5536,-0.3157
75.239969904,100.8693,100.5546,-0.3147
75.279969888,100.8693,100.5556,-0.3136
75.319969872,100.8693,100.5567,-0.3126
75.359969856,100.8693,100.5576,-0.3116
75.39996984,100.8693,100.5587,-0.3105
75.439969824,100.8693,100.5598,-0.3095
75.47996980799999,100.8693,100.5608,-0.3084
75.519969792,100.8693,100.5619,-0.3074
75.559969776,100.8793,100.5629,-0.3164
75.59996976,100.8793,100.564,-0.3153
75.639969744,100.8793,100.565,-0.3142
75.67996972799999,100.8793,100.5661,-0.3132
75.719969712,100.8793,100.5672,-0.3121
75.759969696,100.8793,100.5682,-0.3111
75.79996967999999,100.8793,100.5693,-0.31
75.839969664,100.8793,100.5704,-0.3089
75.879969648,100.8793,100.5714,-0.3079
75.919969632,100.8793,100.5724,-0.3069
75.95996961600001,100.8894,100.5735,-0.3159
75.9999696,100.8894,100.5745,-0.3148
76.039969584,100.8894,100.5756,-0.3137
76.07996956800001,100.8894,100.5767,-0.3126
76.119969552,100.8894,100.5778,-0.3116
76.159969536,100.8894,100.5788,-0.3105
76.19996952,100.8894,100.5798,-0.3095
76.239969504,100.8894,100.5809,-0.3084
76.279969488,100.8894,100.5819,-0.3074
76.319969472,100.8894,100.583,-0.3063
76.359969456,100.8994,100.584,-0.3153
76.39996943999999,100.8994,100.5851,-0.3143
76.439969424,100.8994,100.5862,-0.3132
76.479969408,100.8994,100.5873,-0.3121
76.519969392,100.8994,100.5884,-0.311
76.559969376,100.8994,100.5895,-0.3099
76.59996935999999,100.8994,100.5905,-0.3089
76.639969344,100.8994,100.5916,-0.3078
76.679969328,100.8994,100.5926,-0.3068
76.71996931199999,100.8994,100.5937,-0.3057
76.759969296,100.9095,100.5948,-0.3146
76.79996928,100.9095,100.5958,-0.3136
76.83996926399999,100.9095,100.5969,-0.3125
76.87996924800001,100.9095,100.5979,-0.3115
76.919969232,100.9095,100.599,-0.3105
76.959969216,100.9095,100.6,-0.3094
76.99996920000001,100.9095,100.6011,-0.3084
77.039969184,100.9095,100.6022,-0.3073
77.079969168,100.9095,100.6032,-0.3062
77.119969152,100.9095,100.6043,-0.3051
77.159969136,100.9195,100.6054,-0.3141
77.19996912,100.9195,100.6064,-0.3131
77.239969104,100.9195,100.6075,-0.312
77.279969088,100.9195,100.6085,-0.3109
77.319969072,100.9195,100.6096,-0.3098
77.359969056,100.9195,100.6107,-0.3088
77.39996904,100.9195,100.6117,-0.3078
77.43996902399999,100.9195,100.6128,-0.3067
77.479969008,100.9195,100.6138,-0.3057
77.519968992,100.9195,100.6149,-0.3046
77.559968976,100.9296,100.616,-0.3136
77.59996896,100.9296,100.617,-0.3125
77.63996894399999,100.9296,100.6181,-0.3114
77.679968928,100.9296,100.6191,-0.3104
77.719968912,100.9296,100.6202,-0.3093
77.75996889599999,100.9296,100.6212,-0.3083
77.79996888,100.9296,100.6223,-0.3073
77.83996886399999,100.9296,100.6233,-0.3062
77.879968848,100.9296,100.6243,-0.3052
77.91996883200001,100.9296,100.6254,-0.3041
77.959968816,100.9396,100.6265,-0.3131
77.9999688,100.9396,100.6275,-0.3121
78.03996878400001,100.9396,100.6285,-0.3111
78.079968768,100.9396,100.6295,-0.3101
78.119968752,100.9396,100.6305,-0.3091
78.159968736,100.9396,100.6316,-0.308
78.19996872,100.9396,100.6325,-0.307
78.239968704,100.9396,100.6336,-0.306
78.279968688,100.9396,100.6346,-0.305
78.319968672,100.9396,100.6356,-0.304
78.35996865599999,100.9497,100.6366,-0.313
78.39996864,100.9497,100.6376,-0.312
78.439968624,100.9497,100.6386,-0.3111
78.479968608,100.9497,100.6396,-0.3101
78.519968592,100.9497,100.6406,-0.3091
78.559968576,100.9497,100.6416,-0.308
78.59996856,100.9497,100.6426,-0.307
78.639968544,100.9497,100.6436,-0.306
78.67996852799999,100.9497,100.6446,-0.305
78.719968512,100.9497,100.6456,-0.304
78.759968496,100.9597,100.6467,-0.313
78.79996847999999,100.9597,100.6476,-0.3121
78.839968464,100.9597,100.6486,-0.3111
78.879968448,100.9597,100.6495,-0.3102
78.919968432,100.9597,100.6505,-0.3092
78.95996841600001,100.9597,100.6515,-0.3082
78.9999684,100.9597,100.6524,-0.3073
79.039968384,100.9597,100.6534,-0.3063
79.079968368,100.9597,100.6544,-0.3053
79.119968352,100.9597,100.6553,-0.3043
79.159968336,100.9698,100.6564,-0.3134
79.19996832,100.9698,100.6573,-0.3124
79.239968304,100.9698,100.6582,-0.3115
79.279968288,100.9698,100.6592,-0.3105
79.319968272,100.9698,100.6602,-0.3096
79.359968256,100.9698,100.6612,-0.3085
79.39996823999999,100.9698,100.6622,-0.3076
79.439968224,100.9698,100.6631,-0.3066
79.479968208,100.9698,100.6641,-0.3056
79.519968192,100.9698,100.6651,-0.3047
79.559968176,100.9798,100.6661,-0.3137
79.59996815999999,100.9798,100.6671,-0.3127
79.639968144,100.9798,100.6681,-0.3117
79.679968128,100.9798,100.6691,-0.3107
79.71996811199999,100.9798,100.67,-0.3098
79.759968096,100.9798,100.671,-0.3087
79.79996808,100.9798,100.672,-0.3078
79.83996806399999,100.9798,100.673,-0.3068
79.87996804800001,100.9798,100.674,-0.3058
79.919968032,100.9798,100.6749,-0.3049
79.959968016,100.9899,100.6759,-0.3139
79.99996800000001,100.9899,100.6769,-0.3129
80.039967984,100.9899,100.6779,-0.3119
80.079967968,100.9899,100.679,-0.3109
80.119967952,100.9899,100.6799,-0.3099
80.159967936,100.9899,100.6809,-0.3089
80.19996792,100.9899,100.6819,-0.3079
80.239967904,100.9899,100.6829,-0.3069
80.279967888,100.9899,100.6839,-0.3059
80.31996787199999,100.9899,100.6849,-0.305
80.359967856,100.9999,100.6859,-0.314
80.39996784,100.9999,100.6869,-0.313
80.439967824,100.9999,100.6879,-0.312
80.479967808,100.9999,100.6889,-0.311
80.519967792,100.9999,100.6899,-0.31
80.559967776,100.9999,100.691,-0.3089
80.59996776,100.9999,100.692,-0.3079
80.63996774399999,100.9999,100.693,-0.3069
80.679967728,100.9999,100.694,-0.3059
80.719967712,100.9999,100.695,-0.3049
80.75996769599999,101.0,100.696,-0.3039
80.79996768,101.0,100.697,-0.3029
80.839967664,101.0,100.698,-0.3018
80.879967648,101.0,100.6991,-0.3008
80.91996763200001,101.0,100.7,-0.2999
80.959967616,101.0,100.7011,-0.2988
80.9999676,101.0,100.7021,-0.2978
81.03996758400001,101.0,100.7031,-0.2968
81.079967568,101.0,100.7042,-0.2957
81.119967552,101.0,100.7052,-0.2947
81.159967536,100.9899,100.7062,-0.2836
81.19996752,100.9899,100.7073,-0.2826
81.239967504,100.9899,100.7083,-0.2816
81.279967488,100.9899,100.7093,-0.2805
81.319967472,100.9899,100.7103,-0.2795
81.35996745599999,100.9899,100.7114,-0.2785
81.39996744,100.9899,100.7125,-0.2774
81.439967424,100.9899,100.7134,-0.2764
81.479967408,100.9899,100.7145,-0.2753
81.519967392,100.9899,100.7156,-0.2743
81.55996737599999,100.9798,100.7166,-0.2632
81.59996736,100.9798,100.7177,-0.2621
81.639967344,100.9798,100.7188,-0.261
81.67996732799999,100.9798,100.7198,-0.2599
81.719967312,100.9798,100.7209,-0.2589
81.759967296,100.9798,100.7219,-0.2579
81.79996727999999,100.9798,100.723,-0.2568
81.839967264,100.9798,100.7239,-0.2558
81.879967248,100.9798,100.725,-0.2548
81.919967232,100.9798,100.726,-0.2538
81.95996721600001,100.9698,100.727,-0.2427
81.9999672,100.9698,100.7281,-0.2416
82.039967184,100.9698,100.7291,-0.2406
82.079967168,100.9698,100.7302,-0.2395
82.119967152,100.9698,100.7313,-0.2384
82.159967136,100.9698,100.7323,-0.2374
82.19996712,100.9698,100.7334,-0.2363
82.239967104,100.9698,100.7345,-0.2353
82.279967088,100.9698,100.7355,-0.2342
82.319967072,100.9698,100.7366,-0.2332
82.359967056,100.9597,100.7376,-0.2221
82.39996703999999,100.9597,100.7386,-0.221
82.439967024,100.9597,100.7397,-0.22
82.479967008,100.9597,100.7407,-0.2189
82.519966992,100.9597,100.7417,-0.2179
82.559966976,100.9597,100.7427,-0.217
82.59996695999999,100.9597,100.7438,-0.2159
82.639966944,100.9597,100.7448,-0.2149
82.679966928,100.9597,100.7458,-0.2139
82.71996691199999,100.9597,100.7468,-0.2129
82.759966896,100.9497,100.7478,-0.2019
82.79996687999999,100.9497,100.7488,-0.2008
82.839966864,100.9497,100.7498,-0.1998
82.87996684800001,100.9497,100.7508,-0.1989
82.919966832,100.9497,100.7518,-0.1979
82.959966816,100.9497,100.7527,-0.1969
82.99996680000001,100.9497,100.7537,-0.1959
83.039966784,100.9497,100.7547,-0.195
83.079966768,100.9497,100.7557,-0.194
83.119966752,100.9497,100.7567,-0.1929
83.159966736,100.9396,100.7577,-0.1819
83.19996672,100.9396,100.7587,-0.1809
83.239966704,100.9396,100.7596,-0.18
83.279966688,100.9396,100.7606,-0.179
83.31996667199999,100.9396,100.7616,-0.178
83.359966656,100.9396,100.7626,-0.177
83.39996664,100.9396,100.7635,-0.176
83.439966624,100.9396,100.7645,-0.1751
83.479966608,100.9396,100.7654,-0.1742
83.519966592,100.9396,100.7664,-0.1732
83.559966576,100.9296,100.7673,-0.1622
83.59996656,100.9296,100.7683,-0.1613
83.63996654399999,100.9296,100.7692,-0.1603
83.679966528,100.9296,100.7702,-0.1594
83.719966512,100.9296,100.7711,-0.1584
83.75996649599999,100.9296,100.772,-0.1575
83.79996648,100.9296,100.7729,-0.1566
83.839966464,100.9296,100.7739,-0.1557
83.879966448,100.9296,100.7747,-0.1548
83.91996643200001,100.9296,100.7757,-0.1538
83.959966416,100.9195,100.7766,-0.1429
83.9999664,100.9195,100.7775,-0.142
84.039966384,100.9195,100.7785,-0.141
84.079966368,100.9195,100.7793,-0.1402
84.119966352,100.9195,100.7803,-0.1392
84.159966336,100.9195,100.7811,-0.1384
84.19996632,100.9195,100.782,-0.1375
84.239966304,100.9195,100.7829,-0.1365
84.279966288,100.9195,100.7838,-0.1357
84.319966272,100.9195,100.7847,-0.1348
84.35996625599999,100.9095,100.7855,-0.1239
84.39996624,100.9095,100.7864,-0.123
84.439966224,100.9095,100.7873,-0.1221
84.479966208,100.9095,100.7882,-0.1213
84.519966192,100.9095,100.7891,-0.1204
84.55996617599999,100.9095,100.79,-0.1195
84.59996616,100.9095,100.7908,-0.1186
84.639966144,100.9095,100.7917,-0.1177
84.67996612799999,100.9095,100.7926,-0.1168
84.719966112,100.9095,100.7935,-0.116
84.759966096,100.8994,100.7943,-0.105
84.79996607999999,100.8994,100.7952,-0.1042
84.83996606400001,100.8994,100.7961,-0.1033
84.879966048,100.8994,100.7969,-0.1025
84.919966032,100.8994,100.7978,-0.1016
84.95996601600001,100.8994,100.7986,-0.1007
84.999966,100.8994,100.7995,-0.0999
85.039965984,100.8994,100.8003,-0.0991
85.079965968,100.8994,100.8012,-0.0982
85.119965952,100.8994,100.802,-0.0974
85.159965936,100.8894,100.8028,-0.0865
85.19996592,100.8894,100.8037,-0.0857
85.239965904,100.8894,100.8045,-0.0848
85.27996588799999,100.8894,100.8053,-0.084
85.319965872,100.8894,100.8061,-0.0832
85.359965856,100.8894,100.807,-0.0824
85.39996584,100.8894,100.8078,-0.0816
85.439965824,100.8894,100.8086,-0.0807
85.479965808,100.8894,100.8094,-0.0799
85.519965792,100.8894,100.8102,-0.0791
85.559965776,100.8793,100.8111,-0.0682
85.59996575999999,100.8793,100.8118,-0.0674
85.639965744,100.8793,100.8127,-0.0666
85.679965728,100.8793,100.8134,-0.0659
85.71996571199999,100.8793,100.8142,-0.0651
85.759965696,100.8793,100.815,-0.0642
85.79996568,100.8793,100.8158,-0.0635
85.839965664,100.8793,100.8166,-0.0627
85.87996564800001,100.8793,100.8174,-0.0619
85.919965632,100.8793,100.8182,-0.0611
85.959965616,100.8693,100.8189,-0.0503
85.99996560000001,100.8693,100.8196,-0.0496
86.039965584,100.8693,100.8205,-0.0488
86.079965568,100.8693,100.8212,-0.048
86.119965552,100.8693,100.822,-0.0472
86.159965536,100.8693,100.8228,-0.0464
86.19996552,100.8693,100.8235,-0.0458
86.239965504,100.8693,100.8243,-0.0449
86.279965488,100.8693,100.825,-0.0442
86.31996547199999,100.8693,100.8257,-0.0436
86.359965456,100.8592,100.8264,-0.0328
86.39996544,100.8592,100.8271,-0.0321
86.439965424,100.8592,100.8278,-0.0313
86.479965408,100.8592,100.8285,-0.0307
86.51996539199999,100.8592,100.8292,-0.03
86.559965376,100.8592,100.8299,-0.0293
86.59996536,100.8592,100.8305,-0.0287
86.63996534399999,100.8592,100.8312,-0.028
86.679965328,100.8592,100.8319,-0.0273
86.719965312,100.8592,100.8326,-0.0266
86.75996529599999,100.8492,100.8333,-0.0159
86.79996528000001,100.8492,100.8339,-0.0152
86.839965264,100.8492,100.8346,-0.0146
86.879965248,100.8492,100.8352,-0.0139
86.91996523200001,100.8492,100.8358,-0.0133
86.959965216,100.8492,100.8365,-0.0126
86.9999652,100.8492,100.8372,-0.012
87.039965184,100.8492,100.8378,-0.0113
87.079965168,100.8492,100.8385,-0.0107
87.119965152,100.8492,100.839,-0.0101
87.159965136,100.8391,100.8397,0.0005
87.19996512,100.8391,100.8403,0.0011
87.239965104,100.8391,100.8408,0.0016
87.279965088,100.8391,100.8415,0.0023
87.319965072,100.8391,100.8421,0.0029
87.359965056,100.8391,100.8427,0.0035
87.39996504,100.8391,100.8433,0.0041
87.439965024,100.8391,100.8438,0.0047
87.479965008,100.8391,100.8445,0.0053
87.519964992,100.8391,100.845,0.0058
87.55996497599999,100.8291,100.8456,0.0165
87.59996496,100.8291,100.8461,0.017
87.639964944,100.8291,100.8467,0.0176
87.67996492799999,100.8291,100.8472,0.0181
87.719964912,100.8291,100.8477,0.0186
87.75996489599999,100.8291,100.8482,0.0191
87.79996488,100.8291,100.8488,0.0196
87.83996486400001,100.8291,100.8492,0.0201
87.879964848,100.8291,100.8498,0.0206
87.919964832,100.8291,100.8502,0.0211
87.95996481600001,100.819,100.8507,0.0317
87.9999648,100.819,100.8512,0.0321
88.039964784,100.819,100.8516,0.0325
88.079964768,100.819,100.8521,0.033
88.119964752,100.819,100.8526,0.0335
88.159964736,100.819,100.853,0.034
88.19996472,100.819,100.8535,0.0344
88.239964704,100.819,100.854,0.0349
88.27996468799999,100.819,100.8545,0.0354
88.319964672,100.819,100.8549,0.0358
88.359964656,100.809,100.8553,0.0463
88.39996464,100.809,100.8557,0.0467
88.439964624,100.809,100.8561,0.0471
88.47996460799999,100.809,100.8566,0.0475
88.519964592,100.809,100.8569,0.0479
88.559964576,100.809,100.8573,0.0482
88.59996455999999,100.809,100.8577,0.0486
88.639964544,100.809,100.858,0.0489
88.679964528,100.809,100.8584,0.0493
88.71996451199999,100.809,100.8587,0.0497
88.759964496,100.7989,100.8591,0.0601
88.79996448,100.7989,100.8595,0.0605
88.839964464,100.7989,100.8598,0.0608
88.87996444800001,100.7989,100.8602,0.0612
88.919964432,100.7989,100.8605,0.0616
88.959964416,100.7989,100.8609,0.0619
88.9999644,100.7989,100.8612,0.0623
89.039964384,100.7989,100.8616,0.0626
89.079964368,100.7989,100.8619,0.0629
89.119964352,100.7989,100.8622,0.0632
89.159964336,100.7889,100.8625,0.0735
89.19996432,100.7889,100.8628,0.0738
89.239964304,100.7889,100.863,0.0741
89.279964288,100.7889,100.8633,0.0744
89.31996427199999,100.7889,100.8636,0.0747
89.359964256,100.7889,100.8638,0.0749
89.39996424,100.7889,100.8641,0.0752
89.439964224,100.7889,100.8644,0.0754
89.479964208,100.7889,100.8647,0.0757
89.51996419199999,100.7889,100.8649,0.076
89.559964176,100.7788,100.8652,0.0863
89.59996416,100.7788,100.8654,0.0865
89.63996414399999,100.7788,100.8656,0.0867
89.679964128,100.7788,100.8659,0.087
89.71996411199999,100.7788,100.8661,0.0872
89.75996409599999,100.7788,100.8663,0.0874
89.79996408000001,100.7788,100.8666,0.0877
89.839964064,100.7788,100.8668,0.0879
89.879964048,100.7788,100.867,0.0881
89.91996403200001,100.7788,100.8671,0.0883
89.959964016,100.7688,100.8673,0.0985
89.999964,100.7688,100.8675,0.0987
90.039963984,100.7688,100.8677,0.0989
90.079963968,100.7688,100.868,0.0991
90.119963952,100.7688,100.8682,0.0993
90.159963936,100.7688,100.8683,0.0995
90.19996392,100.7688,100.8685,0.0997
90.23996390399999,100.7688,100.8686,0.0998
90.279963888,100.7688,100.8687,0.0999
90.319963872,100.7688,100.8689,0.1001
90.359963856,100.7587,100.8691,0.1103
90.39996384,100.7587,100.8692,0.1105
90.439963824,100.7587,100.8694,0.1106
90.479963808,100.7587,100.8695,0.1107
90.519963792,100.7587,100.8696,0.1109
90.55996377599999,100.7587,100.8697,0.1109
90.59996376,100.7587,100.8698,0.111
90.639963744,100.7587,100.8698,0.1111
90.67996372799999,100.7587,100.8699,0.1111
90.719963712,100.7587,100.8699,0.1111
90.759963696,100.7487,100.87,0.1212
90.79996368,100.7487,100.8701,0.1213
90.83996366400001,100.7487,100.8701,0.1214
90.879963648,100.7487,100.8702,0.1214
90.919963632,100.7487,100.8703,0.1216
90.959963616,100.7487,100.8703,0.1216
90.9999636,100.7487,100.8703,0.1216
91.039963584,100.7487,100.8704,0.1217
91.079963568,100.7487,100.8704,0.1216
91.119963552,100.7487,100.8704,0.1217
91.159963536,100.7386,100.8704,0.1317
91.19996352,100.7386,100.8704,0.1318
91.239963504,100.7386,100.8705,0.1318
91.27996348799999,100.7386,100.8705,0.1318
91.319963472,100.7386,100.8705,0.1318
91.359963456,100.7386,100.8705,0.1318
91.39996344,100.7386,100.8705,0.1318
91.439963424,100.7386,100.8705,0.1318
91.47996340799999,100.7386,100.8704,0.1318
91.519963392,100.7386,100.8704,0.1318
91.559963376,100.7286,100.8704,0.1418
91.59996335999999,100.7286,100.8703,0.1417
91.639963344,100.7286,100.8703,0.1417
91.679963328,100.7286,100.8703,0.1416
91.71996331199999,100.7286,100.8703,0.1416
91.759963296,100.7286,100.8702,0.1416
91.79996328,100.7286,100.8702,0.1415
91.839963264,100.7286,100.8701,0.1415
91.87996324800001,100.7286,100.87,0.1414
91.919963232,100.7286,100.87,0.1414
91.959963216,100.7185,100.8699,0.1513
91.9999632,100.7185,100.8698,0.1512
92.039963184,100.7185,100.8697,0.1511
92.079963168,100.7185,100.8696,0.151
92.119963152,100.7185,100.8695,0.1509
92.159963136,100.7185,100.8694,0.1508
92.19996311999999,100.7185,100.8693,0.1507
92.239963104,100.7185,100.8692,0.1506
92.279963088,100.7185,100.8691,0.1505
92.319963072,100.7185,100.8689,0.1504
92.359963056,100.7085,100.8688,0.1603
92.39996304,100.7085,100.8687,0.1602
92.439963024,100.7085,100.8685,0.16
92.479963008,100.7085,100.8684,0.1599
92.51996299199999,100.7085,100.8682,0.1597
92.559962976,100.7085,100.8681,0.1596
92.59996296,100.7085,100.868,0.1595
92.63996294399999,100.7085,100.8678,0.1593
92.679962928,100.7085,100.8677,0.1591
92.71996291199999,100.7085,100.8675,0.159
92.759962896,100.6984,100.8673,0.1688
92.79996288000001,100.6984,100.8671,0.1687
92.839962864,100.6984,100.867,0.1685
92.879962848,100.6984,100.8668,0.1683
92.91996283200001,100.6984,100.8666,0.1682
92.959962816,100.6984,100.8665,0.168
92.9999628,100.6984,100.8663,0.1679
93.039962784,100.6984,100.8662,0.1677
93.079962768,100.6984,100.866,0.1675
93.119962752,100.6984,100.8658,0.1674
93.159962736,100.6884,100.8657,0.1772
93.19996272,100.6884,100.8654,0.177
93.23996270399999,100.6884,100.8652,0.1768
93.279962688,100.6884,100.865,0.1766
93.319962672,100.6884,100.8648,0.1764
93.359962656,100.6884,100.8646,0.1762
93.39996264,100.6884,100.8644,0.176
93.43996262399999,100.6884,100.8642,0.1758
93.479962608,100.6884,100.864,0.1756
93.519962592,100.6884,100.8638,0.1754
93.55996257599999,100.6783,100.8636,0.1852
93.59996256,100.6783,100.8634,0.185
93.639962544,100.6783,100.8632,0.1848
93.67996252799999,100.6783,100.8629,0.1845
93.719962512,100.6783,100.8627,0.1843
93.759962496,100.6783,100.8625,0.1841
93.79996248,100.6783,100.8623,0.1839
93.83996246400001,100.6783,100.8621,0.1837
93.879962448,100.6783,100.8619,0.1835
93.919962432,100.6783,100.8617,0.1833
93.959962416,100.6683,100.8615,0.1931
93.9999624,100.6683,100.8612,0.1929
94.039962384,100.6683,100.8611,0.1927
94.079962368,100.6683,100.8608,0.1924
94.119962352,100.6683,100.8605,0.1922
94.159962336,100.6683,100.8603,0.192
94.19996232,100.6683,100.8601,0.1917
94.239962304,100.6683,100.8598,0.1915
94.279962288,100.6683,100.8596,0.1912
94.319962272,100.6683,100.8593,0.191
94.359962256,100.6582,100.8591,0.2008
94.39996224,100.6582,100.8589,0.2006
94.439962224,100.6582,100.8586,0.2004
94.47996220799999,100.6582,100.8584,0.2001
94.519962192,100.6582,100.8582,0.1999
94.559962176,100.6582,100.8579,0.1996
94.59996215999999,100.6582,100.8576,0.1993
94.639962144,100.6582,100.8573,0.199
94.67996212799999,100.6582,100.857,0.1987
94.71996211199999,100.6582,100.8567,0.1984
94.75996209600001,100.6482,100.8565,0.2082
94.79996208,100.6482,100.8562,0.2079
94.839962064,100.6482,100.8559,0.2077
94.87996204800001,100.6482,100.8556,0.2074
94.919962032,100.6482,100.8554,0.2071
94.959962016,100.6482,100.855,0.2068
94.999962,100.6482,100.8547,0.2065
95.039961984,100.6482,100.8544,0.2062
95.079961968,100.6482,100.8541,0.2059
95.119961952,100.6482,100.8537,0.2055
95.159961936,100.6381,100.8535,0.2153
95.19996191999999,100.6381,100.8531,0.215
95.239961904,100.6381,100.8528,0.2147
95.279961888,100.6381,100.8525,0.2143
95.319961872,100.6381,100.8522,0.214
95.359961856,100.6381,100.8519,0.2137
95.39996184,100.6381,100.8516,0.2134
95.439961824,100.6381,100.8512,0.2131
95.479961808,100.6381,100.8509,0.2127
95.51996179199999,100.6381,100.8506,0.2124
95.559961776,100.6281,100.8503,0.2221
95.59996176,100.6281,100.8499,0.2218
95.63996174399999,100.6281,100.8496,0.2215
95.679961728,100.6281,100.8492,0.2211
95.719961712,100.6281,100.8489,0.2208
95.759961696,100.6281,100.8486,0.2204
95.79996168000001,100.6281,100.8482,0.22
95.839961664,100.6281,100.8478,0.2197
95.879961648,100.6281,100.8475,0.2193
95.919961632,100.6281,100.8471,0.219
95.959961616,100.618,100.8468,0.2287
95.9999616,100.618,100.8463,0.2283
96.039961584,100.618,100.846,0.2279
96.079961568,100.618,100.8456,0.2275
96.119961552,100.618,100.8451,0.2271
96.159961536,100.618,100.8447,0.2266
96.19996152,100.618,100.8443,0.2262
96.239961504,100.618,100.8439,0.2258
96.279961488,100.618,100.8435,0.2254
96.319961472,100.618,100.8431,0.225
96.359961456,100.608,100.8427,0.2346
96.39996144,100.608,100.8422,0.2342
96.43996142399999,100.608,100.8418,0.2338
96.479961408,100.608,100.8414,0.2334
96.519961392,100.608,100.841,0.2329
96.55996137599999,100.608,100.8406,0.2326
96.59996136,100.608,100.8402,0.2321
96.639961344,100.608,100.8398,0.2317
96.67996132799999,100.608,100.8394,0.2313
96.71996131200001,100.608,100.8389,0.2309
96.759961296,100.5979,100.8386,0.2406
96.79996128,100.5979,100.8381,0.2402
96.83996126400001,100.5979,100.8377,0.2398
96.879961248,100.5979,100.8373,0.2394
96.919961232,100.5979,100.8369,0.2389
96.959961216,100.5979,100.8365,0.2385
96.9999612,100.5979,100.836,0.238
97.039961184,100.5979,100.8355,0.2375
97.079961168,100.5979,100.8351,0.2371
97.119961152,100.5979,100.8346,0.2367
97.15996113599999,100.5879,100.8342,0.2463
97.19996112,100.5879,100.8337,0.2458
97.239961104,100.5879,100.8333,0.2453
97.279961088,100.5879,100.8328,0.2449
97.319961072,100.5879,100.8323,0.2444
97.359961056,100.5879,100.8319,0.2439
97.39996104,100.5879,100.8314,0.2435
97.439961024,100.5879,100.8309,0.243
97.47996100799999,100.5879,100.8305,0.2426
97.519960992,100.5879,100.83,0.2421
97.559960976,100.5778,100.8295,0.2517
97.59996095999999,100.5778,100.8291,0.2512
97.639960944,100.5778,100.8285,0.2507
97.67996092799999,100.5778,100.8281,0.2502
97.719960912,100.5778,100.8275,0.2497
97.75996089600001,100.5778,100.8271,0.2492
97.79996088,100.5778,100.8266,0.2487
97.839960864,100.5778,100.8261,0.2482
97.87996084800001,100.5778,100.8256,0.2477
97.919960832,100.5778,100.8251,0.2472
97.959960816,100.5678,100.8246,0.2567
97.9999608,100.5678,100.8241,0.2563
98.039960784,100.5678,100.8235,0.2557
98.079960768,100.5678,100.823,0.2552
98.119960752,100.5678,100.8225,0.2546
98.159960736,100.5678,100.822,0.2542
98.19996071999999,100.5678,100.8215,0.2537
98.239960704,100.5678,100.821,0.2532
98.279960688,100.5678,100.8205,0.2527
98.319960672,100.5678,100.82,0.2522
98.359960656,100.5577,100.8195,0.2617
98.39996063999999,100.5577,100.819,0.2612
98.439960624,100.5577,100.8184,0.2606
98.479960608,100.5577,100.8179,0.2601
98.51996059199999,100.5577,100.8173,0.2596
98.559960576,100.5577,100.8168,0.259
98.59996056,100.5577,100.8162,0.2585
98.63996054399999,100.5577,100.8157,0.2579
98.679960528,100.5577,100.8151,0.2574
98.719960512,100.5577,100.8146,0.2568
98.759960496,100.5477,100.814,0.2663
98.79996048000001,100.5477,100.8134,0.2657
98.839960464,100.5477,100.8128,0.2651
98.879960448,100.5477,100.8123,0.2645
98.919960432,100.5477,100.8116,0.2639
98.959960416,100.5477,100.8111,0.2633
98.9999604,100.5477,100.8105,0.2628
99.039960384,100.5477,100.8099,0.2622
99.079960368,100.5477,100.8094,0.2616
99.119960352,100.5477,100.8088,0.2611
99.159960336,100.5376,100.8082,0.2705
99.19996032,100.5376,100.8077,0.27
99.239960304,100.5376,100.807,0.2694
99.279960288,100.5376,100.8065,0.2688
99.319960272,100.5376,100.8059,0.2682
99.359960256,100.5376,100.8053,0.2677
99.39996024,100.5376,100.8048,0.2671
99.43996022399999,100.5376,100.8042,0.2665
99.479960208,100.5376,100.8036,0.2659
99.519960192,100.5376,100.803,0.2653
99.55996017599999,100.5276,100.8024,0.2748
99.59996016,100.5276,100.8018,0.2742
99.63996014399999,100.5276,100.8011,0.2735
99.67996012799999,100.5276,100.8006,0.273
99.71996011200001,100.5276,100.8,0.2723
99.759960096,100.5276,100.7993,0.2717
99.79996008,100.5276,100.7987,0.2711
99.83996006400001,100.5276,100.798,0.2704
99.879960048,100.5276,100.7973,0.2697
99.919960032,100.5276,100.7967,0.269
99.959960016,100.5175,100.796,0.2784
99.99996,100.5175,100.7954,0.2778
100.039959984,100.5175,100.7947,0.2771
100.079959968,100.5175,100.794,0.2764
100.119959952,100.5175,100.7934,0.2758
100.15995993599999,100.5175,100.7928,0.2752
100.19995992,100.5175,100.7921,0.2746
100.239959904,100.5175,100.7915,0.2739
100.279959888,100.5175,100.7908,0.2732
100.319959872,100.5175,100.7901,0.2725
100.35995985599999,100.5075,100.7894,0.2819
100.39995984,100.5075,100.7888,0.2812
100.439959824,100.5075,100.7881,0.2806
100.47995980799999,100.5075,100.7874,0.2799
100.519959792,100.5075,100.7868,0.2793
100.559959776,100.5075,100.7861,0.2786
100.59995975999999,100.5075,100.7854,0.2779
100.639959744,100.5075,100.7848,0.2772
100.679959728,100.5075,100.7841,0.2766
100.719959712,100.5075,100.7835,0.2759
100.75995969600001,100.4974,100.7827,0.2852
100.79995968,100.4974,100.782,0.2845
100.839959664,100.4974,100.7814,0.2839
100.879959648,100.4974,100.7807,0.2832
100.919959632,100.4974,100.7801,0.2826
100.959959616,100.4974,100.7794,0.2819
100.9999596,100.4974,100.7787,0.2812
101.039959584,100.4974,100.778,0.2806
101.079959568,100.4974,100.7773,0.2798
101.119959552,100.4974,100.7767,0.2792
101.159959536,100.4874,100.776,0.2885
101.19995952,100.4874,100.7753,0.2879
101.239959504,100.4874,100.7746,0.2872
101.279959488,100.4874,100.7739,0.2865
101.319959472,100.4874,100.7733,0.2858
101.359959456,100.4874,100.7725,0.2851
101.39995943999999,100.4874,100.7719,0.2844
101.439959424,100.4874,100.7711,0.2837
101.479959408,100.4874,100.7704,0.283
101.51995939199999,100.4874,100.7697,0.2823
101.559959376,100.4773,100.769,0.2916
101.59995935999999,100.4773,100.7683,0.2909
101.63995934399999,100.4773,100.7676,0.2902
101.679959328,100.4773,100.7668,0.2894
101.719959312,100.4773,100.7661,0.2887
101.759959296,100.4773,100.7654,0.288
101.79995928000001,100.4773,100.7647,0.2873
101.839959264,100.4773,100.764,0.2866
101.879959248,100.4773,100.7633,0.2859
101.919959232,100.4773,100.7626,0.2852
101.959959216,100.4673,100.7619,0.2946
101.9999592,100.4673,100.7612,0.2939
102.039959184,100.4673,100.7605,0.2932
102.079959168,100.4673,100.7598,0.2925
102.11995915199999,100.4673,100.7591,0.2918
102.159959136,100.4673,100.7584,0.2911
102.19995912,100.4673,100.7577,0.2904
102.239959104,100.4673,100.757,0.2897
102.279959088,100.4673,100.7563,0.289
102.319959072,100.4673,100.7557,0.2883
102.359959056,100.4572,100.7549,0.2976
102.39995904,100.4572,100.7542,0.2969
102.43995902399999,100.4572,100.7536,0.2963
102.479959008,100.4572,100.7528,0.2955
102.519958992,100.4572,100.7521,0.2949
102.55995897599999,100.4572,100.7514,0.2941
102.59995896,100.4572,100.7507,0.2934
102.63995894399999,100.4572,100.75,0.2927
102.679958928,100.4572,100.7492,0.292
102.71995891200001,100.4572,100.7485,0.2912
102.759958896,100.4472,100.7478,0.3006
102.79995888,100.4472,100.7471,0.2999
102.839958864,100.4472,100.7464,0.2992
102.879958848,100.4472,100.7457,0.2984
102.919958832,100.4472,100.745,0.2977
102.959958816,100.4472,100.7442,0.297
102.9999588,100.4472,100.7435,0.2963
103.039958784,100.4472,100.7428,0.2956
103.079958768,100.4472,100.7421,0.2949
103.119958752,100.4472,100.7414,0.2942
103.159958736,100.4371,100.7407,0.3035
103.19995872,100.4371,100.7399,0.3027
103.239958704,100.4371,100.7392,0.302
103.279958688,100.4371,100.7384,0.3012
103.319958672,100.4371,100.7377,0.3005
103.35995865599999,100.4371,100.7369,0.2997
103.39995864,100.4371,100.7362,0.299
103.439958624,100.4371,100.7354,0.2983
103.47995860799999,100.4371,100.7347,0.2976
103.519958592,100.4371,100.734,0.2968
103.559958576,100.4271,100.7333,0.3062
103.59995855999999,100.4271,100.7325,0.3054
103.639958544,100.4271,100.7318,0.3047
103.679958528,100.4271,100.731,0.3039
103.719958512,100.4271,100.7303,0.3032
103.75995849600001,100.4271,100.7296,0.3025
103.79995848,100.4271,100.7288,0.3017
103.839958464,100.4271,100.7281,0.3009
103.879958448,100.4271,100.7272,0.3001
103.919958432,100.4271,100.7265,0.2993
103.959958416,100.417,100.7257,0.3086
103.9999584,100.417,100.7249,0.3078
104.039958384,100.417,100.7242,0.3071
104.07995836799999,100.417,100.7233,0.3062
104.119958352,100.417,100.7225,0.3054
104.159958336,100.417,100.7217,0.3047
104.19995832,100.417,100.7209,0.3039
104.239958304,100.417,100.7202,0.3031
104.279958288,100.417,100.7193,0.3023
104.319958272,100.417,100.7186,0.3015
104.359958256,100.407,100.7178,0.3107
104.39995823999999,100.407,100.7169,0.3099
104.439958224,100.407,100.7162,0.3092
104.479958208,100.407,100.7154,0.3084
104.51995819199999,100.407,100.7146,0.3076
104.559958176,100.407,100.7138,0.3068
104.59995815999999,100.407,100.713,0.306
104.63995814399999,100.407,100.7122,0.3052
104.67995812800001,100.407,100.7114,0.3044
104.719958112,100.407,100.7106,0.3036
104.759958096,100.3969,100.7098,0.3129
104.79995808000001,100.3969,100.709,0.312
104.839958064,100.3969,100.7082,0.3113
104.879958048,100.3969,100.7074,0.3104
104.919958032,100.3969,100.7066,0.3096
104.959958016,100.3969,100.7058,0.3088
104.999958,100.3969,100.7049,0.308
105.039957984,100.3969,100.7041,0.3072
105.079957968,100.3969,100.7033,0.3063
105.119957952,100.3969,100.7024,0.3055
105.159957936,100.3869,100.7016,0.3147
105.19995792,100.3869,100.7007,0.3138
105.239957904,100.3869,100.6999,0.313
105.279957888,100.3869,100.6991,0.3122
105.31995787199999,100.3869,100.6982,0.3113
105.359957856,100.3869,100.6975,0.3105
105.39995784,100.3869,100.6966,0.3097
105.43995782399999,100.3869,100.6958,0.3088
105.479957808,100.3869,100.6949,0.308
105.519957792,100.3869,100.694,0.3071
105.55995777599999,100.3768,100.6932,0.3163
105.59995776,100.3768,100.6923,0.3154
105.639957744,100.3768,100.6915,0.3146
105.679957728,100.3768,100.6906,0.3137
105.71995771200001,100.3768,100.6897,0.3129
105.759957696,100.3768,100.6889,0.312
105.79995768,100.3768,100.6881,0.3112
105.839957664,100.3768,100.6872,0.3103
105.879957648,100.3768,100.6864,0.3095
105.919957632,100.3768,100.6855,0.3087
105.959957616,100.3668,100.6847,0.3179
105.9999576,100.3668,100.6838,0.317
106.039957584,100.3668,100.683,0.3161
106.079957568,100.3668,100.6821,0.3153
106.119957552,100.3668,100.6812,0.3144
106.159957536,100.3668,100.6804,0.3136
106.19995752,100.3668,100.6795,0.3127
106.239957504,100.3668,100.6787,0.3119
106.279957488,100.3668,100.6778,0.311
106.319957472,100.3668,100.677,0.3102
106.35995745599999,100.3567,100.6761,0.3194
106.39995744,100.3567,100.6752,0.3185
106.439957424,100.3567,100.6744,0.3176
106.47995740799999,100.3567,100.6736,0.3168
106.519957392,100.3567,100.6727,0.316
106.55995737599999,100.3567,100.6718,0.3151
106.59995735999999,100.3567,100.671,0.3142
106.63995734400001,100.3567,100.6701,0.3133
106.679957328,100.3567,100.6692,0.3124
106.719957312,100.3567,100.6683,0.3116
106.75995729600001,100.3467,100.6675,0.3208
106.79995728,100.3467,100.6667,0.32
106.839957264,100.3467,100.6657,0.319
106.879957248,100.3467,100.6649,0.3182
106.919957232,100.3467,100.664,0.3173
106.959957216,100.3467,100.6631,0.3164
106.9999572,100.3467,100.6622,0.3155
107.039957184,100.3467,100.6614,0.3146
107.07995716799999,100.3467,100.6606,0.3138
107.119957152,100.3467,100.6597,0.313
107.159957136,100.3366,100.6589,0.3222
107.19995712,100.3366,100.658,0.3213
107.239957104,100.3366,100.6571,0.3204
107.279957088,100.3366,100.6563,0.3196
107.319957072,100.3366,100.6554,0.3187
107.359957056,100.3366,100.6545,0.3179
107.39995703999999,100.3366,100.6537,0.317
107.439957024,100.3366,100.6528,0.3161
107.479957008,100.3366,100.652,0.3153
107.51995699199999,100.3366,100.6511,0.3144
107.559956976,100.3266,100.6503,0.3236
107.59995695999999,100.3266,100.6495,0.3228
107.639956944,100.3266,100.6486,0.3219
107.67995692800001,100.3266,100.6477,0.3211
107.719956912,100.3266,100.6468,0.3202
107.759956896,100.3266,100.6459,0.3193
107.79995688,100.3266,100.6451,0.3184
107.839956864,100.3266,100.6442,0.3176
107.879956848,100.3266,100.6433,0.3167
107.919956832,100.3266,100.6425,0.3158
107.959956816,100.3165,100.6416,0.325
107.9999568,100.3165,100.6408,0.3242
108.039956784,100.3165,100.6399,0.3233
108.079956768,100.3165,100.6391,0.3225
108.119956752,100.3165,100.6383,0.3217
108.159956736,100.3165,100.6374,0.3208
108.19995672,100.3165,100.6366,0.32
108.239956704,100.3165,100.6357,0.3191
108.279956688,100.3165,100.6349,0.3183
108.31995667199999,100.3165,100.6341,0.3175
108.359956656,100.3065,100.6332,0.3267
108.39995664,100.3065,100.6324,0.3259
108.43995662399999,100.3065,100.6315,0.325
108.479956608,100.3065,100.6307,0.3242
108.519956592,100.3065,100.6298,0.3233
108.55995657599999,100.3065,100.6289,0.3224
108.59995656,100.3065,100.628,0.3215
108.639956544,100.3065,100.6272,0.3206
108.679956528,100.3065,100.6263,0.3198
108.71995651200001,100.3065,100.6254,0.3189
108.759956496,100.2964,100.6246,0.3281
108.79995648,100.2964,100.6237,0.3273
108.839956464,100.2964,100.6229,0.3264
108.879956448,100.2964,100.622,0.3255
108.919956432,100.2964,100.6212,0.3247
108.959956416,100.2964,100.6203,0.3238
108.9999564,100.2964,100.6194,0.3229
109.03995638399999,100.2964,100.6186,0.3221
109.079956368,100.2964,100.6177,0.3212
109.119956352,100.2964,100.6168,0.3203
109.159956336,100.2864,100.6159,0.3295
109.19995632,100.2864,100.615,0.3286
109.239956304,100.2864,100.6141,0.3277
109.279956288,100.2864,100.6133,0.3268
109.319956272,100.2864,100.6123,0.3259
109.35995625599999,100.2864,100.6114,0.325
109.39995624,100.2864,100.6105,0.3241
109.439956224,100.2864,100.6096,0.3232
109.47995620799999,100.2864,100.6087,0.3223
109.519956192,100.2864,100.6079,0.3214
109.55995617599999,100.2763,100.607,0.3306
109.59995615999999,100.2763,100.6062,0.3298
109.63995614400001,100.2763,100.6053,0.3289
109.679956128,100.2763,100.6043,0.328
109.719956112,100.2763,100.6034,0.3271
109.75995609600001,100.2763,100.6026,0.3262
109.79995608,100.2763,100.6016,0.3253
109.839956064,100.2763,100.6008,0.3245
109.879956048,100.2763,100.5999,0.3236
109.919956032,100.2763,100.599,0.3226
109.959956016,100.2663,100.5981,0.3318
109.999956,100.2663,100.5972,0.3308
110.039955984,100.2663,100.5963,0.33
110.079955968,100.2663,100.5954,0.3291
110.119955952,100.2663,100.5945,0.3282
110.159955936,100.2663,100.5936,0.3273
110.19995592,100.2663,100.5927,0.3263
110.239955904,100.2663,100.5918,0.3255
110.27995588799999,100.2663,100.5908,0.3245
110.319955872,100.2663,100.5899,0.3236
110.359955856,100.2562,100.589,0.3328
110.39995583999999,100.2562,100.5881,0.3318
110.439955824,100.2562,100.5872,0.3309
110.479955808,100.2562,100.5863,0.33
110.51995579199999,100.2562,100.5853,0.3291
110.559955776,100.2562,100.5845,0.3282
110.59995576,100.2562,100.5835,0.3273
110.639955744,100.2562,100.5826,0.3263
110.67995572800001,100.2562,100.5817,0.3254
110.719955712,100.2562,100.5808,0.3245
110.759955696,100.2462,100.5799,0.3337
110.79995568,100.2462,100.579,0.3327
110.839955664,100.2462,100.578,0.3318
110.879955648,100.2462,100.5771,0.3309
110.919955632,100.2462,100.5761,0.3299
110.959955616,100.2462,100.5752,0.329
110.9999556,100.2462,100.5743,0.3281
111.039955584,100.2462,100.5734,0.3272
111.079955568,100.2462,100.5724,0.3262
111.119955552,100.2462,100.5715,0.3253
111.159955536,100.2361,100.5706,0.3344
111.19995552,100.2361,100.5696,0.3334
111.239955504,100.2361,100.5687,0.3325
111.279955488,100.2361,100.5678,0.3316
111.31995547199999,100.2361,100.5668,0.3307
111.359955456,100.2361,100.566,0.3298
111.39995544,100.2361,100.565,0.3288
111.43995542399999,100.2361,100.5641,0.3279
111.479955408,100.2361,100.5632,0.327
111.51995539199999,100.2361,100.5622,0.326
111.55995537599999,100.2261,100.5613,0.3351
111.59995536,100.2261,100.5603,0.3342
111.639955344,100.2261,100.5593,0.3332
111.679955328,100.2261,100.5584,0.3323
111.71995531200001,100.2261,100.5575,0.3314
111.759955296,100.2261,100.5566,0.3305
111.79995528,100.2261,100.5556,0.3295
111.839955264,100.2261,100.5547,0.3286
111.879955248,100.2261,100.5538,0.3277
111.919955232,100.2261,100.5528,0.3267
111.959955216,100.216,100.552,0.3359
111.9999552,100.216,100.551,0.3349
112.039955184,100.216,100.55,0.334
112.079955168,100.216,100.5491,0.333
112.119955152,100.216,100.5481,0.332
112.159955136,100.216,100.5472,0.3311
112.19995512,100.216,100.5462,0.3301
112.23995510399999,100.216,100.5452,0.3292
112.279955088,100.216,100.5443,0.3282
112.319955072,100.216,100.5434,0.3273
112.35995505599999,100.206,100.5425,0.3364
112.39995504,100.206,100.5416,0.3355
112.439955024,100.206,100.5406,0.3346
112.47995500799999,100.206,100.5397,0.3337
112.519954992,100.206,100.5387,0.3327
112.55995497599999,100.206,100.5378,0.3318
112.59995496,100.206,100.5369,0.3308
112.63995494400001,100.206,100.5359,0.3298
112.679954928,100.206,100.535,0.3289
112.719954912,100.206,100.534,0.328
112.759954896,100.1959,100.533,0.3371
112.79995488,100.1959,100.5321,0.3362
112.839954864,100.1959,100.5312,0.3352
112.879954848,100.1959,100.5303,0.3343
112.919954832,100.1959,100.5293,0.3334
112.959954816,100.1959,100.5284,0.3324
112.9999548,100.1959,100.5275,0.3315
113.039954784,100.1959,100.5265,0.3305
113.079954768,100.1959,100.5256,0.3297
113.119954752,100.1959,100.5247,0.3287
113.159954736,100.1859,100.5237,0.3378
113.19995472,100.1859,100.5228,0.3369
113.239954704,100.1859,100.5218,0.3359
113.27995468799999,100.1859,100.5209,0.335
113.319954672,100.1859,100.52,0.3341
113.359954656,100.1859,100.519,0.3331
113.39995463999999,100.1859,100.5181,0.3322
113.439954624,100.1859,100.5172,0.3312
113.47995460799999,100.1859,100.5162,0.3303
113.51995459199999,100.1859,100.5153,0.3293
113.559954576,100.1758,100.5143,0.3384
113.59995456,100.1758,100.5134,0.3375
113.639954544,100.1758,100.5124,0.3365
113.67995452800001,100.1758,100.5115,0.3356
113.719954512,100.1758,100.5105,0.3347
113.759954496,100.1758,100.5096,0.3337
113.79995448,100.1758,100.5086,0.3328
113.839954464,100.1758,100.5077,0.3318
113.879954448,100.1758,100.5067,0.3309
113.919954432,100.1758,100.5058,0.3299
113.959954416,100.1658,100.5048,0.339
113.9999544,100.1658,100.5039,0.3381
114.039954384,100.1658,100.5029,0.3371
114.079954368,100.1658,100.502,0.3361
114.119954352,100.1658,100.501,0.3352
114.159954336,100.1658,100.5,0.3342
114.19995432,100.1658,100.4991,0.3333
114.239954304,100.1658,100.4981,0.3323
114.279954288,100.1658,100.4971,0.3313
114.31995427199999,100.1658,100.4962,0.3304
114.359954256,100.1557,100.4952,0.3395
114.39995424,100.1557,100.4943,0.3385
114.43995422399999,100.1557,100.4933,0.3376
114.479954208,100.1557,100.4923,0.3366
114.51995419199999,100.1557,100.4914,0.3356
114.55995417599999,100.1557,100.4904,0.3346
114.59995416000001,100.1557,100.4895,0.3337
114.639954144,100.1557,100.4885,0.3327
114.679954128,100.1557,100.4875,0.3317
114.719954112,100.1557,100.4866,0.3308
114.759954096,100.1457,100.4856,0.3399
114.79995408,100.1457,100.4847,0.339
114.839954064,100.1457,100.4837,0.338
114.879954048,100.1457,100.4828,0.3371
114.919954032,100.1457,100.4819,0.3362
114.959954016,100.1457,100.4809,0.3352
114.999954,100.1457,100.48,0.3343
115.039953984,100.1457,100.479,0.3333
115.079953968,100.1457,100.4781,0.3323
115.119953952,100.1457,100.4771,0.3314
115.159953936,100.1356,100.4761,0.3404
115.19995392,100.1356,100.4752,0.3395
115.23995390399999,100.1356,100.4742,0.3385
115.279953888,100.1356,100.4732,0.3375
115.319953872,100.1356,100.4723,0.3366
115.35995385599999,100.1356,100.4713,0.3357
115.39995384,100.1356,100.4704,0.3348
115.439953824,100.1356,100.4695,0.3338
115.47995380799999,100.1356,100.4685,0.3328
115.519953792,100.1356,100.4675,0.3319
115.559953776,100.1256,100.4665,0.3409
115.59995376,100.1256,100.4656,0.34
115.63995374400001,100.1256,100.4646,0.339
115.679953728,100.1256,100.4636,0.338
115.719953712,100.1256,100.4627,0.3371
115.759953696,100.1256,100.4618,0.3362
115.79995368,100.1256,100.4608,0.3352
115.839953664,100.1256,100.4599,0.3343
115.879953648,100.1256,100.4589,0.3333
115.919953632,100.1256,100.458,0.3324
115.95995361599999,100.1155,100.457,0.3414
115.9999536,100.1155,100.456,0.3404
116.039953584,100.1155,100.455,0.3394
116.079953568,100.1155,100.454,0.3384
116.119953552,100.1155,100.453,0.3375
116.159953536,100.1155,100.452,0.3365
116.19995352,100.1155,100.451,0.3355
116.239953504,100.1155,100.4501,0.3345
116.27995348799999,100.1155,100.4491,0.3335
116.319953472,100.1155,100.4482,0.3326
116.359953456,100.1055,100.4472,0.3417
116.39995343999999,100.1055,100.4462,0.3407
116.439953424,100.1055,100.4453,0.3398
116.47995340799999,100.1055,100.4443,0.3388
116.51995339199999,100.1055,100.4434,0.3379
116.55995337600001,100.1055,100.4425,0.3369
116.59995336,100.1055,100.4415,0.336
116.639953344,100.1055,100.4406,0.3351
116.67995332800001,100.1055,100.4396,0.3341
116.719953312,100.1055,100.4387,0.3332
116.759953296,100.0954,100.4377,0.3423
116.79995328,100.0954,100.4368,0.3413
116.839953264,100.0954,100.4359,0.3404
116.879953248,100.0954,100.4349,0.3394
116.919953232,100.0954,100.4339,0.3385
116.959953216,100.0954,100.433,0.3376
116.9999532,100.0954,100.4321,0.3366
117.039953184,100.0954,100.4312,0.3357
117.079953168,100.0954,100.4302,0.3347
117.119953152,100.0954,100.4292,0.3338
117.159953136,100.0854,100.4283,0.3429
117.19995311999999,100.0854,100.4273,0.3419
117.239953104,100.0854,100.4264,0.341
117.279953088,100.0854,100.4255,0.3401
117.31995307199999,100.0854,100.4246,0.3391
117.359953056,100.0854,100.4237,0.3383
117.39995304,100.0854,100.4227,0.3373
117.43995302399999,100.0854,100.4218,0.3364
117.479953008,100.0854,100.4209,0.3355
117.51995299199999,100.0854,100.42,0.3345
117.559952976,100.0753,100.419,0.3436
117.59995296000001,100.0753,100.418,0.3426
117.639952944,100.0753,100.417,0.3417
117.679952928,100.0753,100.4161,0.3407
117.719952912,100.0753,100.4151,0.3397
117.759952896,100.0753,100.4141,0.3388
117.79995288,100.0753,100.4131,0.3378
117.839952864,100.0753,100.4123,0.3369
117.879952848,100.0753,100.4113,0.3359
117.919952832,100.0753,100.4103,0.335
117.959952816,100.0653,100.4094,0.3441
117.9999528,100.0653,100.4084,0.3431
118.039952784,100.0653,100.4075,0.3422
118.079952768,100.0653,100.4065,0.3412
118.119952752,100.0653,100.4055,0.3402
118.159952736,100.0653,100.4045,0.3392
118.19995272,100.0653,100.4035,0.3382
118.23995270399999,100.0653,100.4026,0.3373
118.279952688,100.0653,100.4016,0.3363
118.319952672,100.0653,100.4006,0.3353
118.35995265599999,100.0552,100.3997,0.3444
118.39995264,100.0552,100.3987,0.3434
118.43995262399999,100.0552,100.3977,0.3425
118.47995260799999,100.0552,100.3967,0.3415
118.519952592,100.0552,100.3957,0.3404
118.559952576,100.0552,100.3947,0.3395
118.59995256,100.0552,100.3937,0.3384
118.63995254400001,100.0552,100.3927,0.3375
118.679952528,100.0552,100.3918,0.3365
118.719952512,100.0552,100.3907,0.3355
118.759952496,100.0452,100.3898,0.3446
118.79995248,100.0452,100.3887,0.3435
118.839952464,100.0452,100.3877,0.3425
118.879952448,100.0452,100.3867,0.3415
118.919952432,100.0452,100.3857,0.3405
118.959952416,100.0452,100.3848,0.3395
118.9999524,100.0452,100.3837,0.3385
119.039952384,100.0452,100.3827,0.3375
119.079952368,100.0452,100.3817,0.3365
119.119952352,100.0452,100.3807,0.3355
119.159952336,100.0351,100.3797,0.3446
119.19995232,100.0351,100.3788,0.3436
119.239952304,100.0351,100.3778,0.3426
119.27995228799999,100.0351,100.3768,0.3417
119.319952272,100.0351,100.3759,0.3407
119.359952256,100.0351,100.375,0.3398
119.39995223999999,100.0351,100.374,0.3388
119.439952224,100.0351,100.373,0.3378
119.47995220799999,100.0351,100.372,0.3368
119.51995219199999,100.0351,100.3709,0.3358
119.55995217600001,100.0251,100.37,0.3448
119.59995216,100.0251,100.3689,0.3438
119.639952144,100.0251,100.3679,0.3428
119.679952128,100.0251,100.3669,0.3418
119.719952112,100.0251,100.3659,0.3408
119.759952096,100.0251,100.365,0.3398
119.79995208,100.0251,100.364,0.3388
119.839952064,100.0251,100.3629,0.3378
119.879952048,100.0251,100.362,0.3369
119.919952032,100.0251,100.361,0.3358
119.959952016,100.015,100.36,0.3449
119.999952,100.015,100.359,0.3439
120.039951984,100.015,100.358,0.3429
120.079951968,100.015,100.357,0.3419
120.119951952,100.015,100.356,0.3409
120.159951936,100.015,100.355,0.3399
120.19995191999999,100.015,100.3539,0.3389
120.239951904,100.015,100.3529,0.3379
120.279951888,100.015,100.352,0.3369
120.31995187199999,100.015,100.3509,0.3358
120.359951856,100.005,100.3499,0.3449
120.39995184,100.005,100.3489,0.3439
120.43995182399999,100.005,100.3479,0.3429
120.479951808,100.005,100.3468,0.3418
120.519951792,100.005,100.3458,0.3408
120.559951776,100.005,100.3448,0.3398
120.59995176000001,100.005,100.3439,0.3388
120.639951744,100.005,100.3429,0.3378
120.679951728,100.005,100.3419,0.3369
120.719951712,100.005,100.3409,0.3359
120.759951696,99.9949,100.3399,0.345
120.79995168,99.9949,100.339,0.344
120.839951664,99.9949,100.338,0.343
120.879951648,99.9949,100.337,0.3421
120.919951632,99.9949,100.3361,0.3411
120.959951616,99.9949,100.3351,0.3401
120.9999516,99.9949,100.3341,0.3391
121.039951584,99.9949,100.3331,0.3381
121.079951568,99.9949,100.3321,0.3371
121.119951552,99.9949,100.331,0.3361
121.159951536,99.9849,100.33,0.3451
121.19995152,99.9849,100.3291,0.3441
121.23995150399999,99.9849,100.3281,0.3432
121.279951488,99.9849,100.3271,0.3422
121.319951472,99.9849,100.3261,0.3412
121.35995145599999,99.9849,100.3252,0.3403
121.39995144,99.9849,100.3242,0.3393
121.43995142399999,99.9849,100.3232,0.3383
121.47995140799999,99.9849,100.3223,0.3374
121.519951392,99.9849,100.3213,0.3364
121.559951376,99.9748,100.3204,0.3456
121.59995136,99.9748,100.3194,0.3446
121.63995134400001,99.9748,100.3185,0.3436
121.679951328,99.9748,100.3176,0.3427
121.719951312,99.9748,100.3166,0.3417
121.759951296,99.9748,100.3156,0.3407
121.79995128,99.9748,100.3147,0.3398
121.839951264,99.9748,100.3137,0.3388
121.879951248,99.9748,100.3127,0.3379
121.919951232,99.9748,100.3118,0.3369
121.959951216,99.9648,100.3109,0.346
121.9999512,99.9648,100.3099,0.3451
122.039951184,99.9648,100.3089,0.3441
122.079951168,99.9648,100.308,0.3432
122.119951152,99.9648,100.307,0.3422
122.15995113599999,99.9648,100.3061,0.3413
122.19995112,99.9648,100.3052,0.3404
122.239951104,99.9648,100.3042,0.3394
122.27995108799999,99.9648,100.3033,0.3385
122.319951072,99.9648,100.3023,0.3375
122.359951056,99.9547,100.3013,0.3466
122.39995103999999,99.9547,100.3004,0.3456
122.439951024,99.9547,100.2994,0.3447
122.47995100799999,99.9547,100.2984,0.3437
122.519950992,99.9547,100.2974,0.3427
122.55995097600001,99.9547,100.2964,0.3417
122.59995096,99.9547,100.2955,0.3407
122.639950944,99.9547,100.2945,0.3397
122.679950928,99.9547,100.2935,0.3387
122.719950912,99.9547,100.2925,0.3378
122.759950896,99.9447,100.2915,0.3468
122.79995088,99.9447,100.2906,0.3459
122.839950864,99.9447,100.2896,0.3449
122.879950848,99.9447,100.2886,0.3439
122.919950832,99.9447,100.2876,0.3429
122.959950816,99.9447,100.2866,0.3419
122.9999508,99.9447,100.2857,0.341
123.039950784,99.9447,100.2847,0.3399
123.079950768,99.9447,100.2837,0.339
123.119950752,99.9447,100.2827,0.338
123.159950736,99.9346,100.2816,0.347
123.19995071999999,99.9346,100.2807,0.346
123.239950704,99.9346,100.2796,0.345
123.279950688,99.9346,100.2787,0.344
123.31995067199999,99.9346,100.2777,0.3431
123.359950656,99.9346,100.2767,0.3421
123.39995063999999,99.9346,100.2758,0.3411
123.43995062399999,99.9346,100.2748,0.3401
123.479950608,99.9346,100.2738,0.3391
123.519950592,99.9346,100.2728,0.3381
123.559950576,99.9246,100.2718,0.3472
123.59995056000001,99.9246,100.2709,0.3463
123.639950544,99.9246,100.2698,0.3452
123.679950528,99.9246,100.2689,0.3443
123.719950512,99.9246,100.2679,0.3433
123.759950496,99.9246,100.2669,0.3423
123.79995048,99.9246,100.2659,0.3413
123.839950464,99.9246,100.2649,0.3403
123.879950448,99.9246,100.2638,0.3392
123.919950432,99.9246,100.2628,0.3382
123.959950416,99.9145,100.2618,0.3472
123.9999504,99.9145,100.2608,0.3462
124.039950384,99.9145,100.2598,0.3452
124.079950368,99.9145,100.2588,0.3442
124.11995035199999,99.9145,100.2578,0.3432
124.159950336,99.9145,100.2568,0.3422
124.19995032,99.9145,100.2558,0.3413
124.23995030399999,99.9145,100.2548,0.3402
124.279950288,99.9145,100.2537,0.3392
124.319950272,99.9145,100.2528,0.3382
124.35995025599999,99.9045,100.2517,0.3472
124.39995024,99.9045,100.2507,0.3462
124.43995022399999,99.9045,100.2497,0.3451
124.47995020799999,99.9045,100.2486,0.3441
124.51995019200001,99.9045,100.2476,0.3431
124.559950176,99.9045,100.2466,0.3421
124.59995016,99.9045,100.2456,0.3411
124.639950144,99.9045,100.2445,0.34
124.679950128,99.9045,100.2435,0.339
124.719950112,99.9045,100.2425,0.338
124.759950096,99.8944,100.2415,0.347
124.79995008,99.8944,100.2405,0.346
124.839950064,99.8944,100.2395,0.345
124.879950048,99.8944,100.2384,0.3439
124.919950032,99.8944,100.2374,0.3429
124.959950016,99.8944,100.2364,0.3419
124.99995,99.8944,100.2353,0.3409
125.039949984,99.8944,100.2343,0.3398
125.07994996800001,99.8944,100.2332,0.3388
125.11994995199998,99.8944,100.2322,0.3378
125.15994993599999,99.8843,100.2311,0.3467
125.19994992,99.8843,100.2301,0.3457
125.239949904,99.8843,100.2291,0.3447
125.279949888,99.8843,100.228,0.3436
125.31994987199998,99.8843,100.227,0.3426
125.35994985599999,99.8843,100.2259,0.3415
125.39994983999999,99.8843,100.2249,0.3405
125.439949824,99.8843,100.2239,0.3395
125.479949808,99.8843,100.2228,0.3384
125.51994979199999,99.8843,100.2218,0.3374
125.559949776,99.8743,100.2207,0.3464
125.59994976,99.8743,100.2197,0.3453
125.639949744,99.8743,100.2186,0.3443
125.67994972800001,99.8743,100.2176,0.3432
125.71994971200002,99.8743,100.2166,0.3423
125.75994969599999,99.8743,100.2156,0.3412
125.79994968,99.8743,100.2146,0.3402
125.839949664,99.8743,100.2135,0.3392
125.87994964800001,99.8743,100.2125,0.3381
125.91994963200001,99.8743,100.2115,0.3371
125.95994961599999,99.8643,100.2105,0.3462
125.9999496,99.8643,100.2095,0.3452
126.039949584,99.8643,100.2084,0.3441
126.079949568,99.8643,100.2074,0.3431
126.11994955200001,99.8643,100.2064,0.3421
126.15994953599998,99.8643,100.2053,0.341
126.19994951999999,99.8643,100.2043,0.34
126.239949504,99.8643,100.2033,0.339
126.279949488,99.8643,100.2023,0.338
126.319949472,99.8643,100.2013,0.337
126.35994945599998,99.8542,100.2003,0.346
126.39994943999999,99.8542,100.1992,0.345
126.43994942399999,99.8542,100.1982,0.344
126.47994940800001,99.8542,100.1972,0.3429
126.51994939200002,99.8542,100.1962,0.3419
126.55994937599999,99.8542,100.1952,0.3409
126.59994936,99.8542,100.1941,0.3399
126.639949344,99.8542,100.1931,0.3389
126.679949328,99.8542,100.1921,0.3378
126.71994931200001,99.8542,100.1911,0.3368
126.75994929599999,99.8442,100.1901,0.3459
126.79994927999999,99.8442,100.1891,0.3449
126.839949264,99.8442,100.188,0.3438
126.879949248,99.8442,100.187,0.3428
126.91994923200001,99.8442,100.186,0.3418
126.95994921600001,99.8442,100.185,0.3408
126.99994919999999,99.8442,100.1839,0.3397
127.039949184,99.8442,100.1829,0.3387
127.079949168,99.8442,100.1819,0.3377
127.119949152,99.8442,100.181,0.3368
127.15994913600001,99.8341,100.18,0.3458
127.19994911999999,99.8341,100.1789,0.3448
127.23994910399999,99.8341,100.1779,0.3437
127.279949088,99.8341,100.1768,0.3427
127.319949072,99.8341,100.1758,0.3416
127.359949056,99.8341,100.1748,0.3406
127.39994903999998,99.8341,100.1737,0.3396
127.43994902399999,99.8341,100.1727,0.3386
127.479949008,99.8341,100.1717,0.3375
127.51994899200001,99.8341,100.1707,0.3365
127.55994897600002,99.8241,100.1697,0.3455
127.59994895999999,99.8241,100.1686,0.3445
127.639948944,99.8241,100.1676,0.3435
127.679948928,99.8241,100.1666,0.3425
127.719948912,99.8241,100.1655,0.3414
127.75994889600001,99.8241,100.1645,0.3404
127.79994887999999,99.8241,100.1634,0.3393
127.839948864,99.8241,100.1624,0.3383
127.879948848,99.8241,100.1613,0.3372
127.919948832,99.8241,100.1603,0.3362
127.95994881600001,99.814,100.1592,0.3452
127.99994879999998,99.814,100.1582,0.3441
128.039948784,99.814,100.1572,0.3431
128.079948768,99.814,100.1561,0.3421
128.119948752,99.814,100.1551,0.3411
128.15994873600002,99.814,100.1541,0.34
128.19994872,99.814,100.1531,0.339
128.239948704,99.814,100.1521,0.338
128.279948688,99.814,100.151,0.3369
128.319948672,99.814,100.15,0.3359
128.359948656,99.804,100.149,0.345
128.39994864000002,99.804,100.1479,0.3439
128.43994862399998,99.804,100.147,0.343
128.479948608,99.804,100.1459,0.3419
128.519948592,99.804,100.145,0.3409
128.559948576,99.804,100.1439,0.3399
128.59994856,99.804,100.1429,0.3389
128.639948544,99.804,100.1419,0.3379
128.67994852799998,99.804,100.1408,0.3368
128.719948512,99.804,100.1398,0.3358
128.759948496,99.7939,100.1388,0.3449
128.79994848,99.7939,100.1378,0.3439
128.83994846399997,99.7939,100.1368,0.3428
128.879948448,99.7939,100.1357,0.3417
128.91994843199998,99.7939,100.1346,0.3407
128.959948416,99.7939,100.1336,0.3397
128.99994840000002,99.7939,100.1326,0.3386
129.03994838399998,99.7939,100.1316,0.3376
129.079948368,99.7939,100.1305,0.3366
129.119948352,99.7939,100.1295,0.3356
129.159948336,99.7839,100.1285,0.3446
129.19994832,99.7839,100.1275,0.3435
129.239948304,99.7839,100.1264,0.3425
129.27994828799999,99.7839,100.1254,0.3415
129.319948272,99.7839,100.1243,0.3404
129.359948256,99.7839,100.1233,0.3394
129.39994824000001,99.7839,100.1222,0.3383
129.43994822399998,99.7839,100.1212,0.3373
129.479948208,99.7839,100.1202,0.3363
129.519948192,99.7839,100.1191,0.3352
129.559948176,99.7738,100.1181,0.3443
129.59994816,99.7738,100.1171,0.3432
129.63994814400002,99.7738,100.1161,0.3422
129.67994812799998,99.7738,100.115,0.3412
129.719948112,99.7738,100.114,0.3401
129.759948096,99.7738,100.113,0.3392
129.79994808,99.7738,100.1119,0.3381
129.839948064,99.7738,100.1109,0.3371
129.879948048,99.7738,100.1099,0.3361
129.91994803199998,99.7738,100.1089,0.335
129.959948016,99.7638,100.1078,0.344
129.99994800000002,99.7638,100.1068,0.343
130.039947984,99.7638,100.1057,0.3419
130.079947968,99.7638,100.1047,0.3409
130.119947952,99.7638,100.1037,0.3399
130.159947936,99.7638,100.1027,0.3389
130.19994792,99.7638,100.1016,0.3378
130.23994790400002,99.7638,100.1006,0.3368
130.27994788799998,99.7638,100.0996,0.3358
130.319947872,99.7638,100.0985,0.3347
130.359947856,99.7537,100.0975,0.3437
130.39994784,99.7537,100.0964,0.3426
130.439947824,99.7537,100.0953,0.3416
130.479947808,99.7537,100.0943,0.3406
130.51994779199998,99.7537,100.0933,0.3395
130.559947776,99.7537,100.0923,0.3386
130.59994776,99.7537,100.0913,0.3375
130.639947744,99.7537,100.0903,0.3365
130.67994772799997,99.7537,100.0893,0.3355
130.719947712,99.7537,100.0882,0.3345
130.75994769599998,99.7437,100.0873,0.3435
130.79994768,99.7437,100.0862,0.3425
130.839947664,99.7437,100.0852,0.3415
130.879947648,99.7437,100.0841,0.3404
130.919947632,99.7437,100.0831,0.3394
130.959947616,99.7437,100.0822,0.3385
130.9999476,99.7437,100.0812,0.3375
131.039947584,99.7437,100.0802,0.3365
131.07994756800002,99.7437,100.0792,0.3355
131.11994755199999,99.7437,100.0781,0.3344
131.159947536,99.7336,100.0771,0.3435
131.19994752,99.7336,100.0761,0.3425
131.239947504,99.7336,100.0751,0.3414
131.279947488,99.7336,100.0741,0.3404
131.319947472,99.7336,100.0731,0.3394
131.359947456,99.7336,100.0721,0.3384
131.39994744,99.7336,100.0711,0.3375
131.439947424,99.7336,100.0701,0.3364
131.47994740800002,99.7336,100.0691,0.3355
131.51994739199998,99.7336,100.0681,0.3344
131.559947376,99.7236,100.0671,0.3435
131.59994736,99.7236,100.0661,0.3425
131.639947344,99.7236,100.0651,0.3414
131.679947328,99.7236,100.0641,0.3405
131.719947312,99.7236,100.063,0.3394
131.75994729599998,99.7236,100.062,0.3384
131.79994728,99.7236,100.061,0.3374
131.839947264,99.7236,100.06,0.3364
131.879947248,99.7236,100.059,0.3354
131.919947232,99.7236,100.058,0.3344
131.959947216,99.7135,100.057,0.3434
131.9999472,99.7135,100.056,0.3424
132.039947184,99.7135,100.055,0.3414
132.07994716800002,99.7135,100.0541,0.3405
132.119947152,99.7135,100.053,0.3395
132.159947136,99.7135,100.052,0.3385
132.19994712,99.7135,100.051,0.3375
132.239947104,99.7135,100.05,0.3365
132.279947088,99.7135,100.049,0.3355
132.31994707200002,99.7135,100.048,0.3345
132.35994705599998,99.7035,100.047,0.3435
132.39994704,99.7035,100.0461,0.3426
132.439947024,99.7035,100.0451,0.3415
132.479947008,99.7035,100.0441,0.3406
132.519946992,99.7035,100.043,0.3395
132.559946976,99.7035,100.042,0.3385
132.59994695999998,99.7035,100.0411,0.3376
132.639946944,99.7035,100.04,0.3365
132.679946928,99.7035,100.0391,0.3356
132.719946912,99.7035,100.0381,0.3346
132.75994689599997,99.6934,100.0371,0.3437
132.79994688,99.6934,100.0362,0.3427
132.83994686399998,99.6934,100.0352,0.3417
132.879946848,99.6934,100.0342,0.3408
132.919946832,99.6934,100.0332,0.3397
132.95994681599998,99.6934,100.0321,0.3387
132.9999468,99.6934,100.0312,0.3377
133.039946784,99.6934,100.0302,0.3367
133.079946768,99.6934,100.0292,0.3358
133.119946752,99.6934,100.0282,0.3348
133.159946736,99.6834,100.0272,0.3438
133.19994671999999,99.6834,100.0262,0.3428
133.239946704,99.6834,100.0252,0.3418
133.279946688,99.6834,100.0243,0.3409
133.31994667200001,99.6834,100.0233,0.3399
133.359946656,99.6834,100.0223,0.3389
133.39994664,99.6834,100.0213,0.3379
133.439946624,99.6834,100.0203,0.3369
133.479946608,99.6834,100.0193,0.3359
133.519946592,99.6834,100.0183,0.3349
133.55994657600002,99.6733,100.0174,0.344
133.59994655999998,99.6733,100.0164,0.343
133.639946544,99.6733,100.0154,0.3421
133.679946528,99.6733,100.0145,0.3411
133.719946512,99.6733,100.0135,0.3401
133.759946496,99.6733,100.0124,0.3391
133.79994648,99.6733,100.0115,0.3381
133.83994646399998,99.6733,100.0105,0.3371
133.879946448,99.6733,100.0095,0.3361
133.91994643200002,99.6733,100.0085,0.3352
133.959946416,99.6633,100.0075,0.3442
133.9999464,99.6633,100.0066,0.3433
134.039946384,99.6633,100.0056,0.3423
134.079946368,99.6633,100.0046,0.3413
134.119946352,99.6633,100.0037,0.3404
134.15994633600002,99.6633,100.0026,0.3393
134.19994631999998,99.6633,100.0016,0.3383
134.239946304,99.6633,100.0006,0.3373
134.279946288,99.6633,99.9996,0.3363
134.319946272,99.6633,99.9987,0.3354
134.359946256,99.6532,99.9978,0.3445
134.39994624,99.6532,99.9968,0.3436
134.43994622399998,99.6532,99.9958,0.3426
134.479946208,99.6532,99.9948,0.3416
134.519946192,99.6532,99.9939,0.3406
134.559946176,99.6532,99.9929,0.3396
134.59994616,99.6532,99.9919,0.3387
134.639946144,99.6532,99.991,0.3377
134.67994612799998,99.6532,99.9899,0.3367
134.719946112,99.6532,99.989,0.3358
134.759946096,99.6432,99.988,0.3448
134.79994608,99.6432,99.987,0.3438
134.83994606399997,99.6432,99.9861,0.3429
134.879946048,99.6432,99.9851,0.3419
134.919946032,99.6432,99.9842,0.341
134.959946016,99.6432,99.9832,0.34
134.99994600000002,99.6432,99.9822,0.339
135.03994598399998,99.6432,99.9812,0.338
135.079945968,99.6432,99.9802,0.337
135.119945952,99.6432,99.9793,0.3361
135.159945936,99.6331,99.9782,0.3451
135.19994592,99.6331,99.9773,0.3441
135.239945904,99.6331,99.9763,0.3432
135.279945888,99.6331,99.9753,0.3422
135.319945872,99.6331,99.9744,0.3412
135.359945856,99.6331,99.9734,0.3403
135.39994584000002,99.6331,99.9724,0.3393
135.43994582399998,99.6331,99.9715,0.3383
135.479945808,99.6331,99.9704,0.3373
135.519945792,99.6331,99.9695,0.3363
135.559945776,99.6231,99.9685,0.3454
135.59994576,99.6231,99.9675,0.3444
135.639945744,99.6231,99.9666,0.3435
135.67994572799998,99.6231,99.9656,0.3425
135.719945712,99.6231,99.9647,0.3416
135.759945696,99.6231,99.9638,0.3406
135.79994568,99.6231,99.9627,0.3396
135.839945664,99.6231,99.9618,0.3387
135.879945648,99.6231,99.9608,0.3377
135.919945632,99.6231,99.9598,0.3367
135.959945616,99.613,99.9589,0.3458
135.99994560000002,99.613,99.9579,0.3448
136.039945584,99.613,99.9569,0.3439
136.079945568,99.613,99.956,0.3429
136.119945552,99.613,99.955,0.3419
136.159945536,99.613,99.954,0.341
136.19994552,99.613,99.953,0.34
136.23994550400002,99.613,99.952,0.339
136.27994548799998,99.613,99.951,0.3379
136.319945472,99.613,99.95,0.337
136.359945456,99.603,99.9491,0.3461
136.39994544,99.603,99.948,0.345
136.439945424,99.603,99.9471,0.3441
136.479945408,99.603,99.9461,0.3431
136.51994539199998,99.603,99.9451,0.3421
136.559945376,99.603,99.9441,0.3411
136.59994536,99.603,99.9431,0.3401
136.639945344,99.603,99.9422,0.3392
136.67994532799997,99.603,99.9412,0.3382
136.719945312,99.603,99.9403,0.3373
136.75994529599998,99.5929,99.9393,0.3464
136.79994528,99.5929,99.9384,0.3454
136.839945264,99.5929,99.9374,0.3444
136.87994524799998,99.5929,99.9364,0.3434
136.919945232,99.5929,99.9354,0.3425
136.959945216,99.5929,99.9345,0.3415
136.9999452,99.5929,99.9335,0.3405
137.039945184,99.5929,99.9326,0.3396
137.07994516800002,99.5929,99.9316,0.3387
137.11994515199999,99.5929,99.9306,0.3376
137.159945136,99.5828,99.9296,0.3468
137.19994512,99.5828,99.9286,0.3457
137.23994510400001,99.5828,99.9277,0.3448
137.279945088,99.5828,99.9268,0.3439
137.319945072,99.5828,99.9258,0.3429
137.359945056,99.5828,99.9248,0.3419
137.39994504,99.5828,99.9238,0.3409
137.439945024,99.5828,99.9229,0.34
137.47994500800002,99.5828,99.922,0.3391
137.51994499199998,99.5828,99.921,0.3381
137.559944976,99.5728,99.92,0.3472
137.59994496,99.5728,99.919,0.3461
137.639944944,99.5728,99.9181,0.3452
137.679944928,99.5728,99.9171,0.3442
137.719944912,99.5728,99.9161,0.3432
137.75994489599998,99.5728,99.9151,0.3423
137.79994488,99.5728,99.9141,0.3412
137.839944864,99.5728,99.9131,0.3402
137.879944848,99.5728,99.9121,0.3393
137.919944832,99.5728,99.9111,0.3382
137.959944816,99.5627,99.9101,0.3473
137.9999448,99.5627,99.9091,0.3463
138.039944784,99.5627,99.908,0.3452
138.07994476800002,99.5627,99.9071,0.3443
138.11994475199998,99.5627,99.9061,0.3432
138.159944736,99.5627,99.9051,0.3423
138.19994472,99.5627,99.9042,0.3414
138.239944704,99.5627,99.9032,0.3404
138.279944688,99.5627,99.9022,0.3394
138.31994467200002,99.5627,99.9012,0.3384
138.35994465599998,99.5527,99.9002,0.3475
138.39994464,99.5527,99.8993,0.3465
138.439944624,99.5527,99.8982,0.3455
138.479944608,99.5527,99.8973,0.3445
138.519944592,99.5527,99.8963,0.3435
138.559944576,99.5527,99.8953,0.3425
138.59994455999998,99.5527,99.8943,0.3416
138.639944544,99.5527,99.8933,0.3405
138.679944528,99.5527,99.8923,0.3396
138.719944512,99.5527,99.8913,0.3386
138.75994449599997,99.5427,99.8903,0.3476
138.79994448,99.5427,99.8893,0.3466
138.83994446399998,99.5427,99.8882,0.3455
138.879944448,99.5427,99.8872,0.3445
138.91994443200002,99.5427,99.8862,0.3435
138.95994441599998,99.5427,99.8852,0.3425
138.9999444,99.5427,99.8842,0.3415
139.039944384,99.5427,99.8831,0.3404
139.079944368,99.5427,99.8821,0.3394
139.119944352,99.5427,99.8811,0.3384
139.159944336,99.5326,99.88,0.3474
139.19994432,99.5326,99.8791,0.3464
139.239944304,99.5326,99.878,0.3453
139.279944288,99.5326,99.8769,0.3443
139.31994427200001,99.5326,99.8759,0.3433
139.35994425599998,99.5326,99.8749,0.3423
139.39994424,99.5326,99.8739,0.3413
139.439944224,99.5326,99.8729,0.3403
139.479944208,99.5326,99.8719,0.3393
139.519944192,99.5326,99.8709,0.3383
139.55994417600002,99.5225,99.8699,0.3473
139.59994415999998,99.5225,99.869,0.3464
139.639944144,99.5225,99.8679,0.3453
139.679944128,99.5225,99.8669,0.3443
139.719944112,99.5225,99.8659,0.3433
139.759944096,99.5225,99.8649,0.3423
139.79994408,99.5225,99.864,0.3414
139.83994406399998,99.5225,99.863,0.3404
139.879944048,99.5225,99.862,0.3394
139.91994403200002,99.5225,99.8609,0.3383
139.959944016,99.5125,99.8599,0.3474
139.999944,99.5125,99.8589,0.3464
140.039943984,99.5125,99.8579,0.3453
140.079943968,99.5125,99.8569,0.3444
140.119943952,99.5125,99.8559,0.3434
140.15994393600002,99.5125,99.855,0.3424
140.19994391999998,99.5125,99.854,0.3414
140.239943904,99.5125,99.8529,0.3404
140.279943888,99.5125,99.8519,0.3394
140.319943872,99.5125,99.851,0.3384
140.359943856,99.5025,99.8499,0.3474
140.39994384,99.5025,99.8489,0.3464
140.43994382399998,99.5025,99.8478,0.3453
140.479943808,99.5025,99.8468,0.3443
140.519943792,99.5025,99.8458,0.3433
140.559943776,99.5025,99.8448,0.3423
140.59994375999997,99.5025,99.8438,0.3413
140.639943744,99.5025,99.8427,0.3402
140.67994372799998,99.5025,99.8417,0.3392
140.719943712,99.5025,99.8407,0.3382
140.759943696,99.4924,99.8397,0.3472
140.79994368,99.4924,99.8387,0.3462
140.83994366399997,99.4924,99.8376,0.3452
140.879943648,99.4924,99.8366,0.3442
140.919943632,99.4924,99.8356,0.3432
140.959943616,99.4924,99.8346,0.3422
140.99994360000002,99.4924,99.8336,0.3412
141.03994358399999,99.4924,99.8326,0.3402
141.079943568,99.4924,99.8316,0.3391
141.119943552,99.4924,99.8307,0.3382
141.15994353600001,99.4823,99.8296,0.3472
141.19994352,99.4823,99.8287,0.3463
141.239943504,99.4823,99.8277,0.3453
141.279943488,99.4823,99.8267,0.3443
141.319943472,99.4823,99.8257,0.3433
141.359943456,99.4823,99.8247,0.3423
141.39994344000002,99.4823,99.8236,0.3412
141.43994342399998,99.4823,99.8226,0.3402
141.479943408,99.4823,99.8216,0.3392
141.519943392,99.4823,99.8207,0.3383
141.559943376,99.4723,99.8196,0.3473
141.59994336,99.4723,99.8186,0.3463
141.639943344,99.4723,99.8176,0.3452
141.67994332799998,99.4723,99.8166,0.3442
141.719943312,99.4723,99.8155,0.3432
141.759943296,99.4723,99.8145,0.3422
141.79994328,99.4723,99.8136,0.3412
141.839943264,99.4723,99.8126,0.3402
141.879943248,99.4723,99.8116,0.3393
141.919943232,99.4723,99.8106,0.3383
141.959943216,99.4623,99.8096,0.3473
141.99994320000002,99.4623,99.8086,0.3463
142.039943184,99.4623,99.8076,0.3453
142.079943168,99.4623,99.8067,0.3444
142.119943152,99.4623,99.8057,0.3434
142.159943136,99.4623,99.8047,0.3424
142.19994312,99.4623,99.8037,0.3414
142.23994310400002,99.4623,99.8028,0.3405
142.27994308799998,99.4623,99.8018,0.3395
142.319943072,99.4623,99.8008,0.3385
142.359943056,99.4522,99.7998,0.3476
142.39994304,99.4522,99.7989,0.3466
142.439943024,99.4522,99.7979,0.3456
142.479943008,99.4522,99.7969,0.3447
142.51994299199998,99.4522,99.796,0.3438
142.559942976,99.4522,99.795,0.3428
142.59994296,99.4522,99.7941,0.3418
142.639942944,99.4522,99.7931,0.3408
142.67994292799997,99.4522,99.7921,0.3399
142.719942912,99.4522,99.7911,0.3389
142.75994289599998,99.4421,99.7901,0.3479
142.79994288,99.4421,99.7892,0.347
142.839942864,99.4421,99.7882,0.346
142.87994284799998,99.4421,99.7872,0.345
142.919942832,99.4421,99.7862,0.344
142.959942816,99.4421,99.7852,0.343
142.9999428,99.4421,99.7842,0.342
143.039942784,99.4421,99.7832,0.3411
143.079942768,99.4421,99.7822,0.34
143.119942752,99.4421,99.7813,0.3391
143.159942736,99.4321,99.7802,0.3481
143.19994272,99.4321,99.7792,0.3471
143.23994270400001,99.4321,99.7783,0.3461
143.279942688,99.4321,99.7773,0.3451
143.319942672,99.4321,99.7763,0.3441
143.359942656,99.4321,99.7752,0.3431
143.39994264,99.4321,99.7743,0.3421
143.439942624,99.4321,99.7733,0.3412
143.47994260800002,99.4321,99.7723,0.3401
143.51994259199998,99.4321,99.7713,0.3391
143.559942576,99.422,99.7702,0.3481
143.59994256,99.422,99.7692,0.3472
143.639942544,99.422,99.7683,0.3462
143.679942528,99.422,99.7673,0.3452
143.719942512,99.422,99.7664,0.3443
143.75994249599998,99.422,99.7653,0.3432
143.79994248,99.422,99.7644,0.3423
143.839942464,99.422,99.7634,0.3413
143.879942448,99.422,99.7623,0.3402
143.919942432,99.422,99.7613,0.3393
143.959942416,99.412,99.7603,0.3483
143.9999424,99.412,99.7593,0.3473
144.039942384,99.412,99.7584,0.3463
144.07994236800002,99.412,99.7573,0.3453
144.11994235199998,99.412,99.7564,0.3443
144.159942336,99.412,99.7553,0.3433
144.19994232,99.412,99.7543,0.3423
144.239942304,99.412,99.7533,0.3413
144.279942288,99.412,99.7523,0.3403
144.319942272,99.412,99.7513,0.3393
144.35994225599998,99.402,99.7503,0.3483
144.39994224,99.402,99.7493,0.3473
144.439942224,99.402,99.7483,0.3463
144.479942208,99.402,99.7473,0.3453
144.519942192,99.402,99.7463,0.3443
144.559942176,99.402,99.7453,0.3433
144.59994215999998,99.402,99.7443,0.3423
144.639942144,99.402,99.7433,0.3413
144.679942128,99.402,99.7423,0.3403
144.719942112,99.402,99.7412,0.3392
144.75994209599997,99.3919,99.7402,0.3483
144.79994208,99.3919,99.7392,0.3472
144.839942064,99.3919,99.7382,0.3462
144.879942048,99.3919,99.7371,0.3452
144.91994203200002,99.3919,99.7361,0.3442
144.95994201599999,99.3919,99.735,0.3431
144.999942,99.3919,99.734,0.342
145.039941984,99.3919,99.733,0.341
145.079941968,99.3919,99.7319,0.3399
145.119941952,99.3919,99.7309,0.3389
145.159941936,99.3818,99.7298,0.3479
145.19994192,99.3818,99.7288,0.3469
145.239941904,99.3818,99.7278,0.3459
145.279941888,99.3818,99.7267,0.3448
145.31994187200002,99.3818,99.7257,0.3438
145.35994185599998,99.3818,99.7246,0.3427
145.39994184,99.3818,99.7235,0.3416
145.439941824,99.3818,99.7225,0.3406
145.479941808,99.3818,99.7214,0.3395
145.519941792,99.3818,99.7204,0.3385
145.559941776,99.3718,99.7194,0.3475
145.59994175999998,99.3718,99.7183,0.3464
145.639941744,99.3718,99.7173,0.3454
145.679941728,99.3718,99.7162,0.3443
145.719941712,99.3718,99.7151,0.3432
145.759941696,99.3718,99.714,0.3422
145.79994168,99.3718,99.7129,0.3411
145.839941664,99.3718,99.7119,0.34
145.879941648,99.3718,99.7108,0.3389
145.91994163200002,99.3718,99.7097,0.3379
145.959941616,99.3617,99.7087,0.3469
145.9999416,99.3617,99.7076,0.3458
146.039941584,99.3617,99.7066,0.3448
146.079941568,99.3617,99.7055,0.3437
146.119941552,99.3617,99.7044,0.3426
146.15994153600002,99.3617,99.7033,0.3415
146.19994151999998,99.3617,99.7022,0.3404
146.239941504,99.3617,99.7011,0.3393
146.279941488,99.3617,99.7001,0.3383
146.319941472,99.3617,99.699,0.3372
146.359941456,99.3517,99.698,0.3462
146.39994144,99.3517,99.6969,0.3452
146.43994142399998,99.3517,99.6958,0.3441
146.479941408,99.3517,99.6948,0.343
146.519941392,99.3517,99.6937,0.3419
146.559941376,99.3517,99.6926,0.3409
146.59994135999997,99.3517,99.6915,0.3398
146.639941344,99.3517,99.6904,0.3386
146.67994132799998,99.3517,99.6893,0.3376
146.719941312,99.3517,99.6882,0.3365
146.759941296,99.3416,99.6872,0.3455
146.79994127999998,99.3416,99.686,0.3443
146.839941264,99.3416,99.685,0.3433
146.879941248,99.3416,99.6839,0.3423
146.919941232,99.3416,99.6829,0.3412
146.959941216,99.3416,99.6818,0.3401
146.99994120000002,99.3416,99.6807,0.339
147.03994118399999,99.3416,99.6796,0.3379
147.079941168,99.3416,99.6785,0.3368
147.119941152,99.3416,99.6774,0.3357
147.15994113600001,99.3316,99.6764,0.3448
147.19994112,99.3316,99.6753,0.3437
147.239941104,99.3316,99.6743,0.3426
147.279941088,99.3316,99.6732,0.3415
147.319941072,99.3316,99.6721,0.3404
147.359941056,99.3316,99.6711,0.3394
147.39994104000002,99.3316,99.67,0.3383
147.43994102399998,99.3316,99.6689,0.3372
147.479941008,99.3316,99.6678,0.3362
147.519940992,99.3316,99.6667,0.3351
147.559940976,99.3215,99.6657,0.3441
147.59994096,99.3215,99.6646,0.343
147.639940944,99.3215,99.6635,0.3419
147.67994092799998,99.3215,99.6625,0.3409
147.719940912,99.3215,99.6614,0.3398
147.759940896,99.3215,99.6603,0.3387
147.79994088,99.3215,99.6593,0.3377
147.839940864,99.3215,99.6582,0.3366
147.879940848,99.3215,99.6572,0.3356
147.919940832,99.3215,99.6561,0.3345
147.959940816,99.3115,99.6551,0.3435
147.99994080000002,99.3115,99.654,0.3425
148.03994078399998,99.3115,99.653,0.3414
148.079940768,99.3115,99.652,0.3404
148.119940752,99.3115,99.6509,0.3393
148.159940736,99.3115,99.6499,0.3383
148.19994072,99.3115,99.6488,0.3373
148.23994070400002,99.3115,99.6478,0.3362
148.27994068799998,99.3115,99.6468,0.3352
148.319940672,99.3115,99.6457,0.3342
148.359940656,99.3014,99.6447,0.3432
148.39994064,99.3014,99.6437,0.3422
148.439940624,99.3014,99.6427,0.3412
148.479940608,99.3014,99.6416,0.3401
148.51994059199998,99.3014,99.6406,0.3391
148.559940576,99.3014,99.6396,0.3381
148.59994056,99.3014,99.6386,0.3371
148.639940544,99.3014,99.6376,0.3361
148.67994052799997,99.3014,99.6366,0.3351
148.719940512,99.3014,99.6355,0.334
148.75994049599998,99.2914,99.6345,0.343
148.79994048,99.2914,99.6334,0.342
148.83994046400002,99.2914,99.6324,0.341
148.87994044799999,99.2914,99.6314,0.34
148.919940432,99.2914,99.6304,0.339
148.959940416,99.2914,99.6293,0.3379
148.9999404,99.2914,99.6283,0.3369
149.039940384,99.2914,99.6273,0.3358
149.079940368,99.2914,99.6263,0.3349
149.119940352,99.2914,99.6253,0.3338
149.159940336,99.2813,99.6242,0.3428
149.19994032,99.2813,99.6232,0.3418
149.23994030400002,99.2813,99.6222,0.3408
149.27994028799998,99.2813,99.6212,0.3398
149.319940272,99.2813,99.6202,0.3388
149.359940256,99.2813,99.6192,0.3378
149.39994024,99.2813,99.6182,0.3368
149.439940224,99.2813,99.6171,0.3357
149.47994020800002,99.2813,99.6161,0.3347
149.51994019199998,99.2813,99.6151,0.3337
149.559940176,99.2713,99.614,0.3426
149.59994016,99.2713,99.6129,0.3416
149.639940144,99.2713,99.6118,0.3405
149.679940128,99.2713,99.6108,0.3395
149.719940112,99.2713,99.6098,0.3384
149.75994009599998,99.2713,99.6087,0.3374
149.79994008,99.2713,99.6078,0.3364
149.83994006400002,99.2713,99.6067,0.3354
149.879940048,99.2713,99.6057,0.3343
149.919940032,99.2713,99.6047,0.3334
149.959940016,99.2612,99.6037,0.3424
149.99994,99.2612,99.6027,0.3414
150.039939984,99.2612,99.6016,0.3404
150.07993996800002,99.2612,99.6006,0.3393
150.11993995199998,99.2612,99.5995,0.3383
150.159939936,99.2612,99.5985,0.3372
150.19993992,99.2612,99.5975,0.3362
150.239939904,99.2612,99.5965,0.3352
150.279939888,99.2612,99.5955,0.3342
150.319939872,99.2612,99.5944,0.3331
150.35993985599998,99.2512,99.5934,0.3421
150.39993984,99.2512,99.5923,0.3411
150.439939824,99.2512,99.5913,0.34
150.479939808,99.2512,99.5902,0.339
150.51993979199997,99.2512,99.5892,0.3379
150.559939776,99.2512,99.5882,0.3369
150.59993975999998,99.2512,99.5872,0.3359
150.639939744,99.2512,99.5861,0.3349
150.679939728,99.2512,99.5851,0.3339
150.719939712,99.2512,99.5841,0.3328
150.759939696,99.2411,99.583,0.3418
150.79993968,99.2411,99.582,0.3408
150.839939664,99.2411,99.581,0.3398
150.879939648,99.2411,99.58,0.3388
150.91993963200002,99.2411,99.579,0.3378
150.95993961599999,99.2411,99.5779,0.3367
150.9999396,99.2411,99.5769,0.3357
151.039939584,99.2411,99.5758,0.3346
151.07993956800001,99.2411,99.5748,0.3336
151.119939552,99.2411,99.5738,0.3326
151.159939536,99.2311,99.5727,0.3416
151.19993952,99.2311,99.5718,0.3406
151.239939504,99.2311,99.5707,0.3396
151.279939488,99.2311,99.5697,0.3386
151.31993947200002,99.2311,99.5687,0.3376
151.35993945599998,99.2311,99.5677,0.3365
151.39993944,99.2311,99.5666,0.3355
151.439939424,99.2311,99.5655,0.3344
151.479939408,99.2311,99.5645,0.3334
151.519939392,99.2311,99.5635,0.3324
151.559939376,99.221,99.5625,0.3414
151.59993935999998,99.221,99.5614,0.3403
151.639939344,99.221,99.5604,0.3393
151.679939328,99.221,99.5593,0.3383
151.719939312,99.221,99.5583,0.3372
151.759939296,99.221,99.5573,0.3362
151.79993928,99.221,99.5562,0.3351
151.839939264,99.221,99.5552,0.3341
151.879939248,99.221,99.5542,0.3331
151.91993923200002,99.221,99.5531,0.332
151.959939216,99.211,99.5521,0.3411
151.9999392,99.211,99.5511,0.34
152.039939184,99.211,99.55,0.339
152.079939168,99.211,99.5489,0.3379
152.119939152,99.211,99.5479,0.3369
152.15993913600002,99.211,99.5469,0.3358
152.19993911999998,99.211,99.5459,0.3348
152.239939104,99.211,99.5448,0.3338
152.279939088,99.211,99.5438,0.3327
152.319939072,99.211,99.5427,0.3317
152.359939056,99.2009,99.5417,0.3407
152.39993904,99.2009,99.5407,0.3397
152.43993902399998,99.2009,99.5396,0.3386
152.479939008,99.2009,99.5386,0.3376
152.519938992,99.2009,99.5375,0.3365
152.559938976,99.2009,99.5365,0.3355
152.59993895999997,99.2009,99.5355,0.3345
152.639938944,99.2009,99.5344,0.3334
152.67993892799998,99.2009,99.5334,0.3324
152.719938912,99.2009,99.5324,0.3314
152.759938896,99.1909,99.5314,0.3405
152.79993887999998,99.1909,99.5304,0.3395
152.839938864,99.1909,99.5294,0.3385
152.879938848,99.1909,99.5284,0.3375
152.919938832,99.1909,99.5274,0.3365
152.959938816,99.1909,99.5264,0.3354
152.9999388,99.1909,99.5254,0.3344
153.039938784,99.1909,99.5244,0.3334
153.079938768,99.1909,99.5233,0.3324
153.119938752,99.1909,99.5223,0.3314
153.15993873600002,99.1808,99.5213,0.3404
153.19993871999998,99.1808,99.5203,0.3394
153.239938704,99.1808,99.5193,0.3384
153.279938688,99.1808,99.5183,0.3374
153.319938672,99.1808,99.5173,0.3364
153.359938656,99.1808,99.5163,0.3354
153.39993864000002,99.1808,99.5153,0.3344
153.43993862399998,99.1808,99.5143,0.3334
153.479938608,99.1808,99.5134,0.3325
153.519938592,99.1808,99.5124,0.3315
153.559938576,99.1708,99.5114,0.3406
153.59993856,99.1708,99.5105,0.3396
153.639938544,99.1708,99.5095,0.3386
153.67993852799998,99.1708,99.5085,0.3377
153.719938512,99.1708,99.5076,0.3367
153.75993849600002,99.1708,99.5066,0.3358
153.79993848,99.1708,99.5056,0.3347
153.839938464,99.1708,99.5046,0.3337
153.879938448,99.1708,99.5036,0.3327
153.919938432,99.1708,99.5026,0.3318
153.959938416,99.1607,99.5016,0.3408
153.99993840000002,99.1607,99.5006,0.3398
154.03993838399998,99.1607,99.4996,0.3388
154.079938368,99.1607,99.4986,0.3378
154.119938352,99.1607,99.4976,0.3368
154.159938336,99.1607,99.4967,0.3359
154.19993832,99.1607,99.4957,0.3349
154.239938304,99.1607,99.4947,0.3339
154.27993828799998,99.1607,99.4937,0.3329
154.319938272,99.1607,99.4927,0.3319
154.359938256,99.1507,99.4917,0.3409
154.39993824,99.1507,99.4907,0.3399
154.43993822399997,99.1507,99.4896,0.3389
154.479938208,99.1507,99.4886,0.3379
154.51993819199998,99.1507,99.4877,0.3369
154.559938176,99.1507,99.4867,0.3359
154.59993816,99.1507,99.4857,0.335
154.639938144,99.1507,99.4848,0.334
154.67993812799997,99.1507,99.4837,0.333
154.719938112,99.1507,99.4827,0.332
154.759938096,99.1406,99.4818,0.3411
154.79993808,99.1406,99.4808,0.3401
154.83993806400002,99.1406,99.4798,0.3391
154.87993804799999,99.1406,99.4788,0.3381
154.919938032,99.1406,99.4778,0.3371
154.959938016,99.1406,99.4768,0.3361
154.99993800000001,99.1406,99.4759,0.3352
155.039937984,99.1406,99.4748,0.3342
155.079937968,99.1406,99.4738,0.3331
155.119937952,99.1406,99.4729,0.3322
155.159937936,99.1306,99.4719,0.3413
155.19993792,99.1306,99.4709,0.3403
155.23993790400002,99.1306,99.4699,0.3393
155.27993788799998,99.1306,99.4689,0.3383
155.319937872,99.1306,99.4679,0.3373
155.359937856,99.1306,99.4669,0.3363
155.39993784,99.1306,99.466,0.3353
155.439937824,99.1306,99.465,0.3343
155.479937808,99.1306,99.4639,0.3333
155.51993779199998,99.1306,99.463,0.3324
155.559937776,99.1205,99.462,0.3414
155.59993776,99.1205,99.461,0.3404
155.639937744,99.1205,99.46,0.3394
155.67993772799997,99.1205,99.459,0.3384
155.719937712,99.1205,99.4581,0.3375
155.759937696,99.1205,99.457,0.3364
155.79993768,99.1205,99.4561,0.3355
155.83993766400002,99.1205,99.4551,0.3345
155.879937648,99.1205,99.454,0.3334
155.919937632,99.1205,99.4531,0.3325
155.959937616,99.1105,99.4521,0.3415
155.9999376,99.1105,99.451,0.3405
156.039937584,99.1105,99.45,0.3395
156.07993756800002,99.1105,99.449,0.3385
156.11993755199998,99.1105,99.4481,0.3376
156.159937536,99.1105,99.4471,0.3366
156.19993752,99.1105,99.4461,0.3356
156.239937504,99.1105,99.4451,0.3346
156.279937488,99.1105,99.4441,0.3336
156.319937472,99.1105,99.4432,0.3327
156.35993745599998,99.1004,99.4423,0.3418
156.39993744,99.1004,99.4413,0.3408
156.439937424,99.1004,99.4404,0.3399
156.479937408,99.1004,99.4394,0.3389
156.51993739199997,99.1004,99.4385,0.338
156.559937376,99.1004,99.4375,0.337
156.59993735999998,99.1004,99.4365,0.336
156.639937344,99.1004,99.4356,0.3351
156.679937328,99.1004,99.4346,0.3341
156.71993731199998,99.1004,99.4336,0.3331
156.759937296,99.0904,99.4327,0.3422
156.79993728,99.0904,99.4316,0.3412
156.839937264,99.0904,99.4307,0.3403
156.879937248,99.0904,99.4297,0.3393
156.919937232,99.0904,99.4288,0.3383
156.959937216,99.0904,99.4278,0.3374
156.9999372,99.0904,99.4268,0.3364
157.039937184,99.0904,99.4259,0.3354
157.07993716800001,99.0904,99.4249,0.3344
157.119937152,99.0904,99.4239,0.3335
157.159937136,99.0803,99.4229,0.3425
157.19993712,99.0803,99.4219,0.3415
157.239937104,99.0803,99.4209,0.3406
157.279937088,99.0803,99.4199,0.3395
157.31993707200002,99.0803,99.419,0.3386
157.35993705599998,99.0803,99.418,0.3376
157.39993704,99.0803,99.417,0.3366
157.439937024,99.0803,99.4161,0.3357
157.479937008,99.0803,99.4151,0.3347
157.519936992,99.0803,99.4141,0.3337
157.559936976,99.0703,99.4132,0.3429
157.59993695999998,99.0703,99.4122,0.3419
157.639936944,99.0703,99.4113,0.341
157.679936928,99.0703,99.4103,0.34
157.719936912,99.0703,99.4093,0.339
157.759936896,99.0703,99.4083,0.338
157.79993688,99.0703,99.4074,0.337
157.839936864,99.0703,99.4063,0.336
157.879936848,99.0703,99.4054,0.335
157.91993683200002,99.0703,99.4044,0.334
157.95993681599998,99.0602,99.4034,0.3431
157.9999368,99.0602,99.4024,0.3421
158.039936784,99.0602,99.4014,0.3411
158.079936768,99.0602,99.4004,0.3401
158.119936752,99.0602,99.3994,0.3391
158.159936736,99.0602,99.3985,0.3382
158.19993671999998,99.0602,99.3974,0.3371
158.239936704,99.0602,99.3964,0.3361
158.279936688,99.0602,99.3955,0.3352
158.319936672,99.0602,99.3944,0.3341
158.359936656,99.0502,99.3935,0.3432
158.39993664,99.0502,99.3924,0.3422
158.43993662399998,99.0502,99.3915,0.3412
158.479936608,99.0502,99.3905,0.3403
158.519936592,99.0502,99.3895,0.3393
158.559936576,99.0502,99.3886,0.3384
158.59993655999997,99.0502,99.3876,0.3373
158.639936544,99.0502,99.3866,0.3364
158.67993652799998,99.0502,99.3857,0.3354
158.719936512,99.0502,99.3847,0.3344
158.75993649600002,99.0401,99.3837,0.3435
158.79993647999999,99.0401,99.3827,0.3425
158.839936464,99.0401,99.3817,0.3415
158.879936448,99.0401,99.3807,0.3405
158.91993643200001,99.0401,99.3797,0.3395
158.959936416,99.0401,99.3787,0.3385
158.9999364,99.0401,99.3777,0.3375
159.039936384,99.0401,99.3767,0.3365
159.079936368,99.0401,99.3757,0.3355
159.119936352,99.0401,99.3747,0.3345
159.15993633600002,99.0301,99.3737,0.3436
159.19993631999998,99.0301,99.3727,0.3426
159.239936304,99.0301,99.3718,0.3416
159.279936288,99.0301,99.3708,0.3407
159.319936272,99.0301,99.3698,0.3397
159.359936256,99.0301,99.3688,0.3387
159.39993624,99.0301,99.3679,0.3377
159.43993622399998,99.0301,99.3669,0.3368
159.479936208,99.0301,99.366,0.3358
159.519936192,99.0301,99.3649,0.3348
159.559936176,99.02,99.3639,0.3439
159.59993616,99.02,99.3629,0.3428
159.639936144,99.02,99.3619,0.3418
159.67993612799998,99.02,99.3609,0.3408
159.719936112,99.02,99.3599,0.3398
159.75993609600002,99.02,99.3589,0.3388
159.79993608,99.02,99.3579,0.3378
159.839936064,99.02,99.3568,0.3367
159.879936048,99.02,99.3559,0.3358
159.919936032,99.02,99.3549,0.3348
159.959936016,99.01,99.3539,0.3438
159.99993600000002,99.01,99.3529,0.3428
160.03993598399998,99.01,99.3518,0.3418
160.079935968,99.01,99.3509,0.3408
160.119935952,99.01,99.3498,0.3398
160.159935936,99.01,99.3488,0.3388
160.19993592,99.01,99.3478,0.3378
160.239935904,99.01,99.3468,0.3368
160.27993588799998,99.01,99.3459,0.3358
160.319935872,99.01,99.3448,0.3348
160.359935856,99.01,99.3438,0.3338
160.39993584,99.01,99.3429,0.3328
160.43993582399997,99.01,99.3419,0.3318
160.479935808,99.01,99.3409,0.3309
160.51993579199998,99.01,99.3399,0.3299
160.559935776,99.01,99.3389,0.3289
160.59993576,99.01,99.338,0.3279
160.63993574399998,99.01,99.3369,0.3269
160.67993572799998,99.01,99.336,0.326
160.719935712,99.01,99.335,0.3249
160.759935696,99.01,99.3339,0.3239
160.79993568,99.01,99.333,0.323
160.83993566400002,99.01,99.332,0.3219
160.879935648,99.01,99.331,0.3209
160.919935632,99.01,99.33,0.3199
160.959935616,99.01,99.329,0.3189
160.99993560000001,99.01,99.328,0.318
161.039935584,99.01,99.327,0.317
161.079935568,99.01,99.3261,0.316
161.119935552,99.01,99.3251,0.315
161.159935536,99.01,99.3241,0.3141
161.19993552,99.01,99.3231,0.3131
161.23993550400002,99.01,99.3222,0.3121
161.27993548799998,99.01,99.3212,0.3112
161.319935472,99.01,99.3202,0.3102
161.359935456,99.01,99.3192,0.3092
161.39993544,99.01,99.3183,0.3083
161.439935424,99.01,99.3173,0.3073
161.479935408,99.01,99.3164,0.3063
161.51993539199998,99.01,99.3154,0.3054
161.559935376,99.01,99.3144,0.3044
161.59993536,99.01,99.3135,0.3034
161.639935344,99.01,99.3125,0.3024
161.679935328,99.01,99.3115,0.3014
161.719935312,99.01,99.3105,0.3005
161.759935296,99.01,99.3095,0.2994
161.79993528,99.01,99.3086,0.2985
161.83993526400002,99.01,99.3076,0.2976
161.87993524799998,99.01,99.3067,0.2966
161.919935232,99.01,99.3057,0.2957
161.959935216,99.01,99.3048,0.2947
161.9999352,99.01,99.3039,0.2938
162.039935184,99.01,99.3029,0.2928
162.07993516800002,99.01,99.3019,0.2919
162.11993515199998,99.01,99.301,0.2909
162.159935136,99.01,99.3,0.2899
162.19993512,99.01,99.2991,0.2891
162.239935104,99.01,99.2981,0.2881
162.279935088,99.01,99.2972,0.2872
162.319935072,99.01,99.2962,0.2862
162.35993505599998,99.01,99.2953,0.2853
162.39993504,99.01,99.2944,0.2843
162.439935024,99.01,99.2934,0.2834
162.479935008,99.01,99.2924,0.2824
162.51993499199997,99.01,99.2915,0.2815
162.559934976,99.01,99.2905,0.2805
162.59993495999998,99.01,99.2896,0.2795
162.639934944,99.01,99.2886,0.2785
162.679934928,99.01,99.2876,0.2776
162.71993491199999,99.01,99.2867,0.2766
162.759934896,99.01,99.2857,0.2756
162.79993488,99.01,99.2848,0.2747
162.839934864,99.01,99.2838,0.2737
162.879934848,99.01,99.2828,0.2727
162.919934832,99.01,99.2818,0.2717
162.959934816,99.01,99.2807,0.2707
162.9999348,99.01,99.2798,0.2698
163.039934784,99.01,99.2789,0.2689
163.07993476800002,99.01,99.2779,0.2679
163.11993475199998,99.01,99.2769,0.2669
163.159934736,99.01,99.2759,0.2659
163.19993472,99.01,99.275,0.265
163.239934704,99.01,99.2741,0.264
163.279934688,99.01,99.2731,0.263
163.31993467200002,99.01,99.2722,0.2621
163.35993465599998,99.01,99.2712,0.2612
163.39993464,99.01,99.2702,0.2602
163.439934624,99.01,99.2692,0.2592
163.479934608,99.01,99.2683,0.2582
163.519934592,99.01,99.2673,0.2573
163.559934576,99.01,99.2663,0.2563
163.59993455999998,99.01,99.2654,0.2553
163.639934544,99.01,99.2644,0.2544
163.679934528,99.01,99.2634,0.2534
163.719934512,99.01,99.2625,0.2524
163.759934496,99.01,99.2615,0.2514
163.79993448,99.01,99.2604,0.2504
163.839934464,99.01,99.2595,0.2494
163.879934448,99.01,99.2585,0.2485
163.91993443200002,99.01,99.2575,0.2475
163.95993441599998,99.01,99.2566,0.2465
163.9999344,99.01,99.2555,0.2455
164.039934384,99.01,99.2546,0.2446
164.079934368,99.01,99.2536,0.2436
164.119934352,99.01,99.2527,0.2426
164.159934336,99.01,99.2517,0.2417
164.19993431999998,99.01,99.2507,0.2406
164.239934304,99.01,99.2497,0.2397
164.279934288,99.01,99.2487,0.2387
164.319934272,99.01,99.2478,0.2377
164.35993425599997,99.01,99.2468,0.2368
164.39993424,99.01,99.2458,0.2358
164.43993422399998,99.01,99.2449,0.2349
164.479934208,99.01,99.2439,0.2339
164.519934192,99.01,99.2429,0.2329
164.559934176,99.01,99.242,0.2319
164.59993415999998,99.01,99.241,0.231
164.639934144,99.01,99.24,0.23
164.679934128,99.01,99.2391,0.229
164.719934112,99.01,99.2381,0.228
164.75993409600002,99.01,99.2371,0.2271
164.79993407999999,99.01,99.2361,0.2261
164.839934064,99.01,99.2352,0.2252
164.879934048,99.01,99.2342,0.2242
164.91993403200001,99.01,99.2332,0.2232
164.959934016,99.01,99.2323,0.2223
164.999934,99.01,99.2313,0.2213
165.039933984,99.01,99.2304,0.2204
165.079933968,99.01,99.2294,0.2194
165.119933952,99.01,99.2285,0.2184
165.15993393600002,99.01,99.2275,0.2175
165.19993391999998,99.01,99.2266,0.2165
165.239933904,99.01,99.2256,0.2156
165.279933888,99.01,99.2247,0.2147
165.319933872,99.01,99.2238,0.2137
165.359933856,99.01,99.2229,0.2128
165.39993384,99.01,99.2219,0.2119
165.43993382399998,99.01,99.221,0.2109
165.479933808,99.01,99.2201,0.2101
165.519933792,99.01,99.2192,0.2091
165.559933776,99.01,99.2182,0.2082
165.59993375999997,99.01,99.2173,0.2073
165.639933744,99.01,99.2164,0.2064
165.679933728,99.01,99.2154,0.2054
165.719933712,99.01,99.2145,0.2045
165.75993369600002,99.01,99.2136,0.2036
165.79993368,99.01,99.2127,0.2027
165.839933664,99.01,99.2118,0.2018
165.879933648,99.01,99.2109,0.2009
165.919933632,99.01,99.21,0.2
165.959933616,99.01,99.2091,0.1991
165.99993360000002,99.01,99.2082,0.1981
166.03993358399998,99.01,99.2073,0.1973
166.079933568,99.01,99.2064,0.1964
166.119933552,99.01,99.2056,0.1955
166.159933536,99.01,99.2048,0.1947
166.19993352,99.01,99.2039,0.1938
166.239933504,99.01,99.203,0.1929
166.27993348799998,99.01,99.2021,0.1921
166.319933472,99.01,99.2012,0.1912
166.359933456,99.01,99.2004,0.1903
166.39993344,99.01,99.1995,0.1894
166.43993342399997,99.01,99.1986,0.1885
166.479933408,99.01,99.1977,0.1877
166.51993339199998,99.01,99.1968,0.1868
166.559933376,99.01,99.196,0.186
166.59993336,99.01,99.1952,0.1851
166.63993334399999,99.01,99.1943,0.1843
166.679933328,99.01,99.1935,0.1834
166.719933312,99.01,99.1926,0.1826
166.759933296,99.01,99.1918,0.1818
166.79993328,99.01,99.191,0.1809
166.839933264,99.01,99.1901,0.1801
166.879933248,99.01,99.1893,0.1793
166.919933232,99.01,99.1885,0.1785
166.959933216,99.01,99.1877,0.1777
166.99993320000002,99.01,99.1869,0.1769
167.039933184,99.01,99.1861,0.1761
167.079933168,99.01,99.1853,0.1753
167.119933152,99.01,99.1845,0.1745
167.159933136,99.01,99.1838,0.1737
167.19993312,99.01,99.183,0.173
167.23993310400002,99.01,99.1822,0.1722
167.27993308799998,99.01,99.1815,0.1715
167.319933072,99.01,99.1807,0.1707
167.359933056,99.01,99.18,0.1699
167.39993304,99.01,99.1793,0.1692
167.439933024,99.01,99.1785,0.1684
167.479933008,99.01,99.1778,0.1677
167.51993299199998,99.01,99.177,0.167
167.559932976,99.01,99.1763,0.1663
167.59993296,99.01,99.1756,0.1655
167.639932944,99.01,99.1748,0.1648
167.679932928,99.01,99.1742,0.1641
167.719932912,99.01,99.1734,0.1634
167.759932896,99.01,99.1727,0.1627
167.79993288,99.01,99.172,0.1619
167.83993286400002,99.01,99.1713,0.1612
167.87993284799998,99.01,99.1706,0.1606
167.919932832,99.01,99.1699,0.1599
167.959932816,99.01,99.1692,0.1592
167.9999328,99.01,99.1686,0.1585
168.039932784,99.01,99.1679,0.1578
168.079932768,99.01,99.1672,0.1572
168.11993275199998,99.01,99.1665,0.1565
168.159932736,99.01,99.1658,0.1557
168.19993272,99.01,99.1651,0.155
168.239932704,99.01,99.1643,0.1543
168.279932688,99.01,99.1637,0.1536
168.319932672,99.01,99.163,0.1529
168.35993265599998,99.01,99.1623,0.1523
168.39993264,99.01,99.1617,0.1516
168.439932624,99.01,99.161,0.1509
168.479932608,99.01,99.1603,0.1503
168.51993259199998,99.01,99.1597,0.1497
168.559932576,99.01,99.159,0.149
168.59993255999998,99.01,99.1584,0.1484
168.639932544,99.01,99.1577,0.1477
168.67993252800002,99.01,99.1571,0.147
168.71993251199999,99.01,99.1564,0.1464
168.759932496,99.01,99.1558,0.1457
168.79993248,99.01,99.1552,0.1451
168.83993246400001,99.01,99.1545,0.1445
168.879932448,99.01,99.1539,0.1439
168.919932432,99.01,99.1533,0.1432
168.959932416,99.01,99.1526,0.1426
168.9999324,99.01,99.152,0.142
169.039932384,99.01,99.1513,0.1413
169.07993236800002,99.01,99.1507,0.1407
169.11993235199998,99.01,99.1501,0.1401
169.159932336,99.01,99.1495,0.1395
169.19993232,99.01,99.149,0.1389
169.239932304,99.01,99.1483,0.1383
169.279932288,99.01,99.1477,0.1377
169.319932272,99.01,99.1471,0.1371
169.35993225599998,99.01,99.1465,0.1365
169.39993224,99.01,99.1459,0.1358
169.439932224,99.01,99.1453,0.1352
169.479932208,99.01,99.1447,0.1346
169.519932192,99.01,99.1441,0.1341
169.559932176,99.01,99.1435,0.1334
169.59993215999998,99.01,99.1429,0.1328
169.639932144,99.01,99.1423,0.1322
169.67993212800002,99.01,99.1417,0.1316
169.719932112,99.01,99.1411,0.131
169.759932096,99.01,99.1405,0.1304
169.79993208,99.01,99.1399,0.1299
169.839932064,99.01,99.1393,0.1293
169.879932048,99.01,99.1387,0.1287
169.91993203200002,99.01,99.1382,0.1282
169.95993201599998,99.01,99.1376,0.1276
169.999932,99.01,99.1371,0.1271
170.039931984,99.01,99.1365,0.1265
170.079931968,99.01,99.1359,0.1259
170.119931952,99.01,99.1354,0.1254
170.159931936,99.01,99.1348,0.1248
170.19993191999998,99.01,99.1344,0.1243
170.239931904,99.01,99.1338,0.1238
170.279931888,99.01,99.1332,0.1232
170.319931872,99.01,99.1327,0.1227
170.35993185599997,99.01,99.1322,0.1221
170.39993184,99.01,99.1316,0.1216
170.43993182399998,99.01,99.1311,0.121
170.479931808,99.01,99.1305,0.1205
170.519931792,99.01,99.13,0.1199
170.55993177599998,99.01,99.1294,0.1194
170.59993176,99.01,99.1289,0.1189
170.639931744,99.01,99.1284,0.1184
170.679931728,99.01,99.1279,0.1179
170.719931712,99.01,99.1275,0.1174
170.75993169600002,99.01,99.1269,0.1169
170.79993168,99.01,99.1264,0.1164
170.839931664,99.01,99.1258,0.1158
170.879931648,99.01,99.1253,0.1153
170.91993163200002,99.01,99.1248,0.1148
170.959931616,99.01,99.1243,0.1143
170.9999316,99.01,99.1239,0.1138
171.039931584,99.01,99.1233,0.1133
171.079931568,99.01,99.1228,0.1128
171.119931552,99.01,99.1224,0.1124
171.15993153600002,99.01,99.1219,0.1119
171.19993151999998,99.01,99.1214,0.1114
171.239931504,99.01,99.1209,0.1109
171.279931488,99.01,99.1204,0.1104
171.319931472,99.01,99.1199,0.1099
171.359931456,99.01,99.1195,0.1094
171.39993144,99.01,99.119,0.109
171.43993142399998,99.01,99.1185,0.1085
171.479931408,99.01,99.118,0.108
171.519931392,99.01,99.1177,0.1076
171.559931376,99.01,99.1172,0.1072
171.59993136,99.01,99.1167,0.1067
171.639931344,99.01,99.1162,0.1062
171.679931328,99.01,99.1158,0.1057
171.719931312,99.01,99.1153,0.1053
171.75993129600002,99.01,99.1148,0.1048
171.79993127999998,99.01,99.1144,0.1043
171.839931264,99.01,99.1139,0.1039
171.879931248,99.01,99.1134,0.1034
171.919931232,99.01,99.113,0.103
171.959931216,99.01,99.1125,0.1024
171.99993120000002,99.01,99.112,0.102
172.03993118399998,99.01,99.1116,0.1015
172.079931168,99.01,99.1111,0.101
172.119931152,99.01,99.1107,0.1006
172.159931136,99.01,99.1102,0.1001
172.19993112,99.01,99.1097,0.0997
172.239931104,99.01,99.1093,0.0993
172.27993108799998,99.01,99.1089,0.0988
172.319931072,99.01,99.1085,0.0984
172.359931056,99.01,99.108,0.0979
172.39993104,99.01,99.1075,0.0975
172.43993102399997,99.01,99.1071,0.0971
172.479931008,99.01,99.1066,0.0966
172.51993099199998,99.01,99.1062,0.0962
172.559930976,99.01,99.1058,0.0958
172.59993096,99.01,99.1054,0.0953
172.63993094399999,99.01,99.105,0.0949
172.679930928,99.01,99.1045,0.0945
172.719930912,99.01,99.1041,0.0941
172.75993089600001,99.01,99.1037,0.0937
172.79993088,99.01,99.1033,0.0932
172.839930864,99.01,99.1029,0.0929
172.879930848,99.01,99.1025,0.0924
172.919930832,99.01,99.1021,0.092
172.959930816,99.01,99.1016,0.0916
172.99993080000002,99.01,99.1012,0.0911
173.03993078399998,99.01,99.1008,0.0908
173.079930768,99.01,99.1004,0.0904
173.119930752,99.01,99.1,0.09
173.159930736,99.01,99.0996,0.0896
173.19993072,99.01,99.0992,0.0892
173.23993070400002,99.01,99.0988,0.0888
173.27993068799998,99.01,99.0984,0.0883
173.319930672,99.01,99.098,0.088
173.359930656,99.01,99.0976,0.0876
173.39993064,99.01,99.0972,0.0871
173.439930624,99.01,99.0968,0.0868
173.479930608,99.01,99.0964,0.0864
173.51993059199998,99.01,99.0961,0.086
173.559930576,99.01,99.0957,0.0856
173.59993056000002,99.01,99.0953,0.0852
173.639930544,99.01,99.0949,0.0849
173.679930528,99.01,99.0945,0.0845
173.719930512,99.01,99.0942,0.0841
173.759930496,99.01,99.0938,0.0838
173.79993048,99.01,99.0934,0.0834
173.83993046400002,99.01,99.093,0.083
173.87993044799998,99.01,99.0926,0.0825
173.919930432,99.01,99.0922,0.0821
173.959930416,99.01,99.0918,0.0818
173.9999304,99.01,99.0915,0.0814
174.039930384,99.01,99.0911,0.0811
174.079930368,99.01,99.0907,0.0807
174.11993035199998,99.01,99.0904,0.0803
174.159930336,99.01,99.09,0.08
174.19993032,99.01,99.0897,0.0796
174.239930304,99.01,99.0893,0.0793
174.27993028799997,99.01,99.0889,0.0789
174.319930272,99.01,99.0886,0.0785
174.35993025599998,99.01,99.0882,0.0782
174.39993024,99.01,99.0878,0.0778
174.439930224,99.01,99.0875,0.0775
174.479930208,99.01,99.0872,0.0772
174.51993019199998,99.01,99.0868,0.0768
174.559930176,99.01,99.0864,0.0764
174.59993016,99.01,99.0861,0.076
174.639930144,99.01,99.0858,0.0757
174.67993012800002,99.01,99.0854,0.0754
174.719930112,99.01,99.085,0.075
174.759930096,99.01,99.0847,0.0746
174.79993008,99.01,99.0843,0.0743
174.83993006400001,99.01,99.084,0.074
174.879930048,99.01,99.0837,0.0736
174.919930032,99.01,99.0833,0.0733
174.959930016,99.01,99.0831,0.073
174.99993,99.01,99.0827,0.0726
175.039929984,99.01,99.0824,0.0723
175.07992996800002,99.01,99.0821,0.072
175.11992995199998,99.01,99.0817,0.0717
175.159929936,99.01,99.0814,0.0714
175.19992992,99.01,99.0811,0.071
175.239929904,99.01,99.0807,0.0707
175.279929888,99.01,99.0805,0.0704
175.319929872,99.01,99.0801,0.0701
175.35992985599998,99.01,99.0798,0.0698
175.39992984,99.01,99.0795,0.0694
175.439929824,99.01,99.0791,0.0691
175.479929808,99.01,99.0789,0.0688
175.51992979199997,99.01,99.0786,0.0685
175.559929776,99.01,99.0783,0.0683
175.59992976,99.01,99.078,0.068
175.639929744,99.01,99.0777,0.0677
175.67992972800002,99.01,99.0774,0.0674
175.71992971199998,99.01,99.0771,0.067
175.759929696,99.01,99.0768,0.0668
175.79992968,99.01,99.0766,0.0665
175.839929664,99.01,99.0763,0.0663
175.879929648,99.01,99.0761,0.066
175.91992963200002,99.01,99.0758,0.0657
175.95992961599998,99.01,99.0755,0.0655
175.9999296,99.01,99.0752,0.0652
176.039929584,99.01,99.075,0.0649
176.079929568,99.01,99.0747,0.0647
176.119929552,99.01,99.0745,0.0644
176.159929536,99.01,99.0742,0.0642
176.19992951999998,99.01,99.074,0.064
176.239929504,99.01,99.0738,0.0637
176.279929488,99.01,99.0735,0.0635
176.319929472,99.01,99.0733,0.0633
176.35992945599997,99.01,99.0731,0.063
176.39992944,99.01,99.0728,0.0628
176.43992942399998,99.01,99.0726,0.0626
176.479929408,99.01,99.0724,0.0624
176.519929392,99.01,99.0722,0.0621
176.55992937599999,99.01,99.0719,0.0619
176.59992936,99.01,99.0716,0.0616
176.639929344,99.01,99.0714,0.0613
176.67992932800001,99.01,99.0711,0.0611
176.719929312,99.01,99.0709,0.0608
176.759929296,99.01,99.0707,0.0606
176.79992928,99.01,99.0704,0.0604
176.839929264,99.01,99.0702,0.0601
176.879929248,99.01,99.07,0.0599
176.91992923200002,99.01,99.0697,0.0597
176.95992921599998,99.01,99.0695,0.0594
176.9999292,99.01,99.0693,0.0592
177.039929184,99.01,99.069,0.059
177.079929168,99.01,99.0688,0.0588
177.119929152,99.01,99.0686,0.0586
177.15992913600002,99.01,99.0683,0.0583
177.19992911999998,99.01,99.0681,0.0581
177.239929104,99.01,99.0679,0.0578
177.279929088,99.01,99.0676,0.0576
177.319929072,99.01,99.0674,0.0573
177.359929056,99.01,99.0671,0.0571
177.39992904,99.01,99.0669,0.0569
177.43992902399998,99.01,99.0667,0.0566
177.479929008,99.01,99.0666,0.0565
177.519928992,99.01,99.0663,0.0563
177.559928976,99.01,99.0661,0.056
177.59992896,99.01,99.0658,0.0558
177.639928944,99.01,99.0656,0.0555
177.679928928,99.01,99.0654,0.0554
177.719928912,99.01,99.0652,0.0551
177.75992889600002,99.01,99.065,0.0549
177.79992887999998,99.01,99.0648,0.0547
177.839928864,99.01,99.0645,0.0545
177.879928848,99.01,99.0643,0.0543
177.919928832,99.01,99.0641,0.0541
177.959928816,99.01,99.0639,0.0539
177.9999288,99.01,99.0637,0.0537
178.03992878399998,99.01,99.0635,0.0534
178.079928768,99.01,99.0633,0.0532
178.119928752,99.01,99.0631,0.053
178.159928736,99.01,99.0628,0.0527
178.19992871999997,99.01,99.0626,0.0526
178.239928704,99.01,99.0624,0.0523
178.27992868799998,99.01,99.0622,0.0521
178.319928672,99.01,99.062,0.0519
178.359928656,99.01,99.0617,0.0517
178.39992864,99.01,99.0615,0.0515
178.43992862399998,99.01,99.0613,0.0512
178.479928608,99.01,99.0611,0.051
178.51992859199999,99.01,99.0609,0.0508
178.559928576,99.01,99.0606,0.0506
178.59992856000002,99.01,99.0604,0.0504
178.63992854399999,99.01,99.0602,0.0502
178.679928528,99.01,99.06,0.0499
178.719928512,99.01,99.0597,0.0497
178.75992849600001,99.01,99.0595,0.0495
178.79992848,99.01,99.0593,0.0493
178.839928464,99.01,99.059,0.049
178.879928448,99.01,99.0588,0.0488
178.919928432,99.01,99.0586,0.0486
178.959928416,99.01,99.0584,0.0483
178.99992840000002,99.01,99.0582,0.0482
179.03992838399998,99.01,99.0579,0.0479
179.079928368,99.01,99.0577,0.0477
179.119928352,99.01,99.0576,0.0475
179.159928336,99.01,99.0573,0.0473
179.19992832,99.01,99.0571,0.0471
179.239928304,99.01,99.0569,0.0469
179.27992828799998,99.01,99.0567,0.0467
179.319928272,99.01,99.0566,0.0465
179.359928256,99.01,99.0563,0.0463
179.39992824,99.01,99.0561,0.0461
179.43992822399997,99.01,99.0559,0.0458
179.479928208,99.01,99.0557,0.0456
179.51992819199998,99.01,99.0555,0.0454
179.559928176,99.01,99.0552,0.0452
179.59992816000002,99.01,99.0551,0.045
179.639928144,99.01,99.0548,0.0448
179.679928128,99.01,99.0546,0.0446
179.719928112,99.01,99.0545,0.0444
179.759928096,99.01,99.0543,0.0442
179.79992808,99.01,99.0541,0.044
179.83992806400002,99.01,99.0539,0.0438
179.87992804799998,99.01,99.0537,0.0436
179.919928032,99.01,99.0535,0.0435
179.959928016,99.01,99.0533,0.0432
179.999928,99.01,99.0531,0.0431
180.039927984,99.01,99.0529,0.0429
180.079927968,99.01,99.0527,0.0427
180.11992795199998,99.01,99.0525,0.0425
180.159927936,99.01,99.0523,0.0423
180.19992792,99.01,99.0521,0.0421
180.239927904,99.01,99.052,0.042
180.27992788799997,99.01,99.0518,0.0418
180.319927872,99.01,99.0516,0.0416
180.35992785599998,99.01,99.0515,0.0414
180.39992784,99.01,99.0513,0.0412
180.439927824,99.01,99.0512,0.0411
180.47992780799999,99.01,99.051,0.0409
180.51992779199998,99.01,99.0508,0.0408
180.559927776,99.01,99.0507,0.0406
180.59992776,99.01,99.0505,0.0404
180.639927744,99.01,99.0503,0.0403
180.679927728,99.01,99.0501,0.04
180.719927712,99.01,99.05,0.0399
180.759927696,99.01,99.0498,0.0398
180.79992768,99.01,99.0496,0.0396
180.83992766400002,99.01,99.0495,0.0395
180.879927648,99.01,99.0493,0.0393
180.919927632,99.01,99.0492,0.0392
180.959927616,99.01,99.0491,0.039
180.9999276,99.01,99.0489,0.0389
181.039927584,99.01,99.0488,0.0388
181.07992756800002,99.01,99.0487,0.0386
181.11992755199998,99.01,99.0485,0.0385
181.159927536,99.01,99.0484,0.0383
181.19992752,99.01,99.0482,0.0382
181.239927504,99.01,99.0481,0.0381
181.279927488,99.01,99.0479,0.0379
181.319927472,99.01,99.0477,0.0377
181.35992745599998,99.01,99.0477,0.0376
181.39992744,99.01,99.0475,0.0375
181.439927424,99.01,99.0475,0.0374
181.479927408,99.01,99.0473,0.0372
181.519927392,99.01,99.0472,0.0372
181.559927376,99.01,99.0472,0.0371
181.59992736,99.01,99.047,0.037
181.639927344,99.01,99.047,0.0369
181.67992732800002,99.01,99.0468,0.0368
181.71992731199998,99.01,99.0467,0.0367
181.759927296,99.01,99.0467,0.0366
181.79992728,99.01,99.0465,0.0365
181.839927264,99.01,99.0465,0.0365
181.879927248,99.01,99.0464,0.0363
181.919927232,99.01,99.0463,0.0362
181.95992721599998,99.01,99.0462,0.0362
181.9999272,99.01,99.0461,0.0361
182.039927184,99.01,99.046,0.036
182.079927168,99.01,99.0459,0.0359
182.119927152,99.01,99.0459,0.0358
182.159927136,99.01,99.0458,0.0357
182.19992711999998,99.01,99.0457,0.0356
182.239927104,99.01,99.0457,0.0356
182.279927088,99.01,99.0455,0.0355
182.319927072,99.01,99.0454,0.0354
182.35992705599998,99.01,99.0453,0.0353
182.39992704,99.01,99.0452,0.0352
182.43992702399999,99.01,99.0452,0.0351
182.479927008,99.01,99.0451,0.035
182.519926992,99.01,99.045,0.035
182.55992697599999,99.01,99.0449,0.0349
182.59992696,99.01,99.0448,0.0348
182.639926944,99.01,99.0447,0.0347
182.67992692800001,99.01,99.0446,0.0346
182.719926912,99.01,99.0445,0.0345
182.759926896,99.01,99.0445,0.0344
182.79992688,99.01,99.0443,0.0343
182.839926864,99.01,99.0443,0.0342
182.879926848,99.01,99.0442,0.0341
182.91992683200002,99.01,99.0441,0.034
182.95992681599998,99.01,99.044,0.034
182.9999268,99.01,99.0439,0.0339
183.039926784,99.01,99.0439,0.0338
183.079926768,99.01,99.0438,0.0338
183.119926752,99.01,99.0437,0.0336
183.159926736,99.01,99.0436,0.0336
183.19992671999998,99.01,99.0435,0.0335
183.239926704,99.01,99.0434,0.0334
183.279926688,99.01,99.0434,0.0333
183.319926672,99.01,99.0433,0.0332
183.359926656,99.01,99.0432,0.0332
183.39992664,99.01,99.0431,0.033
183.43992662399998,99.01,99.043,0.033
183.479926608,99.01,99.0429,0.0329
183.519926592,99.01,99.0428,0.0328
183.559926576,99.01,99.0427,0.0327
183.59992656,99.01,99.0427,0.0326
183.639926544,99.01,99.0426,0.0325
183.679926528,99.01,99.0425,0.0325
183.719926512,99.01,99.0425,0.0324
183.75992649600002,99.01,99.0424,0.0324
183.79992647999998,99.01,99.0423,0.0323
183.839926464,99.01,99.0422,0.0322
183.879926448,99.01,99.0421,0.0321
183.919926432,99.01,99.0421,0.032
183.959926416,99.01,99.042,0.0319
183.9999264,99.01,99.0419,0.0318
184.03992638399998,99.01,99.0418,0.0318
184.079926368,99.01,99.0418,0.0317
184.119926352,99.01,99.0416,0.0316
184.159926336,99.01,99.0416,0.0315
184.19992631999997,99.01,99.0415,0.0315
184.239926304,99.01,99.0414,0.0314
184.27992628799998,99.01,99.0414,0.0313
184.319926272,99.01,99.0413,0.0312
184.359926256,99.01,99.0412,0.0312
184.39992623999999,99.01,99.0411,0.0311
184.43992622399998,99.01,99.0411,0.0311
184.479926208,99.01,99.0411,0.031
184.519926192,99.01,99.041,0.031
184.559926176,99.01,99.0409,0.0309
184.59992616000002,99.01,99.0408,0.0308
184.639926144,99.01,99.0407,0.0307
184.679926128,99.01,99.0407,0.0307
184.719926112,99.01,99.0406,0.0306
184.75992609600002,99.01,99.0406,0.0305
184.79992608,99.01,99.0405,0.0305
184.839926064,99.01,99.0404,0.0304
184.879926048,99.01,99.0404,0.0303
184.919926032,99.01,99.0403,0.0302
184.959926016,99.01,99.0402,0.0302
184.99992600000002,99.01,99.0401,0.0301
185.03992598399998,99.01,99.04,0.03
185.079925968,99.01,99.04,0.0299
185.119925952,99.01,99.0399,0.0299
185.159925936,99.01,99.0398,0.0298
185.19992592,99.01,99.0397,0.0297
185.239925904,99.01,99.0396,0.0296
185.27992588799998,99.01,99.0396,0.0295
185.319925872,99.01,99.0395,0.0294
185.359925856,99.01,99.0394,0.0294
185.39992584,99.01,99.0393,0.0292
185.43992582399997,99.01,99.0392,0.0292
185.479925808,99.01,99.0392,0.0291
185.519925792,99.01,99.0391,0.029
185.559925776,99.01,99.039,0.0289
185.59992576000002,99.01,99.0389,0.0289
185.63992574399998,99.01,99.0388,0.0288
185.679925728,99.01,99.0387,0.0287
185.719925712,99.01,99.0386,0.0286
185.759925696,99.01,99.0386,0.0286
185.79992568,99.01,99.0385,0.0285
185.83992566400002,99.01,99.0384,0.0284
185.87992564799998,99.01,99.0384,0.0283
185.919925632,99.01,99.0383,0.0282
185.959925616,99.01,99.0382,0.0281
185.9999256,99.01,99.0381,0.028
186.039925584,99.01,99.038,0.028
186.079925568,99.01,99.0379,0.0279
186.11992555199998,99.01,99.0378,0.0278
186.159925536,99.01,99.0377,0.0277
186.19992552,99.01,99.0376,0.0276
186.239925504,99.01,99.0375,0.0275
186.27992548799998,99.01,99.0375,0.0274
186.319925472,99.01,99.0374,0.0273
186.35992545599998,99.01,99.0373,0.0273
186.39992544,99.01,99.0373,0.0272
186.439925424,99.01,99.0371,0.0271
186.47992540799999,99.01,99.0371,0.027
186.519925392,99.01,99.0369,0.0269
186.559925376,99.01,99.0369,0.0269
186.59992536000001,99.01,99.0368,0.0268
186.639925344,99.01,99.0368,0.0267
186.679925328,99.01,99.0367,0.0267
186.719925312,99.01,99.0366,0.0266
186.759925296,99.01,99.0366,0.0265
186.79992528,99.01,99.0365,0.0264
186.83992526400002,99.01,99.0364,0.0263
186.87992524799998,99.01,99.0363,0.0262
186.919925232,99.01,99.0361,0.0261
186.959925216,99.01,99.0361,0.026
186.9999252,99.01,99.036,0.0259
187.039925184,99.01,99.0359,0.0259
187.07992516800002,99.01,99.0358,0.0258
187.11992515199998,99.01,99.0357,0.0257
187.159925136,99.01,99.0357,0.0256
187.19992512,99.01,99.0356,0.0255
187.239925104,99.01,99.0354,0.0254
187.279925088,99.01,99.0354,0.0253
187.319925072,99.01,99.0353,0.0252
187.35992505599998,99.01,99.0352,0.0251
187.39992504,99.01,99.0351,0.025
187.439925024,99.01,99.035,0.0249
187.479925008,99.01,99.0349,0.0248
187.519924992,99.01,99.0347,0.0247
187.559924976,99.01,99.0346,0.0246
187.59992496,99.01,99.0346,0.0245
187.639924944,99.01,99.0344,0.0244
187.67992492800002,99.01,99.0343,0.0243
187.71992491199998,99.01,99.0342,0.0242
187.759924896,99.01,99.0341,0.0241
187.79992488,99.01,99.0341,0.024
187.839924864,99.01,99.034,0.0239
187.879924848,99.01,99.0339,0.0239
187.919924832,99.01,99.0338,0.0237
187.95992481599998,99.01,99.0337,0.0237
187.9999248,99.01,99.0337,0.0237
188.039924784,99.01,99.0336,0.0235
188.079924768,99.01,99.0335,0.0235
188.11992475199997,99.01,99.0334,0.0234
188.159924736,99.01,99.0334,0.0233
188.19992471999998,99.01,99.0333,0.0232
188.239924704,99.01,99.0332,0.0231
188.279924688,99.01,99.0331,0.0231
188.319924672,99.01,99.033,0.023
188.35992465599998,99.01,99.0329,0.0229
188.39992464,99.01,99.0329,0.0229
188.43992462399999,99.01,99.0328,0.0227
188.479924608,99.01,99.0327,0.0227
188.51992459200002,99.01,99.0326,0.0226
188.559924576,99.01,99.0325,0.0225
188.59992456,99.01,99.0325,0.0224
188.639924544,99.01,99.0324,0.0223
188.67992452800002,99.01,99.0323,0.0222
188.719924512,99.01,99.0322,0.0221
188.759924496,99.01,99.0322,0.0221
188.79992448,99.01,99.0321,0.0221
188.839924464,99.01,99.032,0.022
188.879924448,99.01,99.032,0.022
188.91992443200002,99.01,99.0319,0.0219
188.95992441599998,99.01,99.0318,0.0217
188.9999244,99.01,99.0318,0.0217
189.039924384,99.01,99.0317,0.0217
189.079924368,99.01,99.0317,0.0216
189.119924352,99.01,99.0316,0.0216
189.159924336,99.01,99.0316,0.0215
189.19992431999998,99.01,99.0316,0.0215
189.239924304,99.01,99.0314,0.0214
189.279924288,99.01,99.0314,0.0213
189.319924272,99.01,99.0313,0.0212
189.35992425599997,99.01,99.0312,0.0211
189.39992424,99.01,99.0311,0.0211
189.43992422399998,99.01,99.031,0.021
189.479924208,99.01,99.0309,0.0209
189.51992419200002,99.01,99.0308,0.0208
189.559924176,99.01,99.0307,0.0207
189.59992416,99.01,99.0306,0.0206
189.639924144,99.01,99.0305,0.0205
189.679924128,99.01,99.0304,0.0204
189.719924112,99.01,99.0303,0.0203
189.75992409600002,99.01,99.0302,0.0202
189.79992407999998,99.01,99.0301,0.0201
189.839924064,99.01,99.03,0.02
189.879924048,99.01,99.03,0.0199
189.919924032,99.01,99.0298,0.0198
189.959924016,99.01,99.0297,0.0197
189.999924,99.01,99.0297,0.0196
190.03992398399998,99.01,99.0296,0.0196
190.079923968,99.01,99.0296,0.0195
190.119923952,99.01,99.0295,0.0195
190.159923936,99.01,99.0294,0.0194
190.19992391999997,99.01,99.0293,0.0193
190.239923904,99.01,99.0292,0.0192
190.27992388799998,99.01,99.0292,0.0191
190.319923872,99.01,99.0291,0.019
190.359923856,99.01,99.029,0.019
190.39992383999999,99.01,99.029,0.0189
190.439923824,99.01,99.0288,0.0188
190.479923808,99.01,99.0287,0.0187
190.51992379200001,99.01,99.0286,0.0186
190.559923776,99.01,99.0285,0.0185
190.59992376,99.01,99.0285,0.0185
190.639923744,99.01,99.0284,0.0184
190.679923728,99.01,99.0283,0.0183
190.719923712,99.01,99.0283,0.0182
190.75992369600002,99.01,99.0282,0.0182
190.79992368,99.01,99.0282,0.0181
190.839923664,99.01,99.0281,0.018
190.879923648,99.01,99.028,0.018
190.919923632,99.01,99.0279,0.0179
190.959923616,99.01,99.0278,0.0178
190.99992360000002,99.01,99.0277,0.0177
191.03992358399998,99.01,99.0277,0.0176
191.079923568,99.01,99.0276,0.0176
191.119923552,99.01,99.0275,0.0175
191.159923536,99.01,99.0274,0.0173
191.19992352,99.01,99.0273,0.0172
191.239923504,99.01,99.0271,0.0171
191.27992348799998,99.01,99.027,0.017
191.319923472,99.01,99.027,0.0169
191.359923456,99.01,99.0269,0.0168
191.39992344,99.01,99.0268,0.0168
191.439923424,99.01,99.0267,0.0167
191.479923408,99.01,99.0266,0.0166
191.519923392,99.01,99.0266,0.0165
191.559923376,99.01,99.0265,0.0165
191.59992336000002,99.01,99.0265,0.0164
191.63992334399998,99.01,99.0263,0.0163
191.679923328,99.01,99.0263,0.0162
191.719923312,99.01,99.0262,0.0162
191.759923296,99.01,99.0261,0.0161
191.79992328,99.01,99.026,0.016
191.839923264,99.01,99.026,0.0159
191.87992324799998,99.01,99.0259,0.0158
191.919923232,99.01,99.0258,0.0158
191.959923216,99.01,99.0257,0.0156
191.9999232,99.01,99.0256,0.0155
192.039923184,99.01,99.0255,0.0155
192.079923168,99.01,99.0254,0.0154
192.11992315199998,99.01,99.0253,0.0153
192.159923136,99.01,99.0253,0.0152
192.19992312,99.01,99.0252,0.0152
192.239923104,99.01,99.0251,0.0151
192.27992308799998,99.01,99.025,0.015
192.319923072,99.01,99.0249,0.0149
192.35992305599999,99.01,99.0248,0.0148
192.39992304,99.01,99.0248,0.0147
192.439923024,99.01,99.0247,0.0147
192.479923008,99.01,99.0246,0.0146
192.519922992,99.01,99.0246,0.0145
192.559922976,99.01,99.0245,0.0145
192.59992296000001,99.01,99.0245,0.0144
192.639922944,99.01,99.0244,0.0144
192.679922928,99.01,99.0243,0.0143
192.719922912,99.01,99.0243,0.0143
192.759922896,99.01,99.0242,0.0142
192.79992288,99.01,99.0242,0.0142
192.83992286400002,99.01,99.0242,0.0141
192.87992284799998,99.01,99.0242,0.0141
192.919922832,99.01,99.0241,0.0141
192.959922816,99.01,99.0241,0.014
192.9999228,99.01,99.024,0.014
193.039922784,99.01,99.024,0.0139
193.079922768,99.01,99.0239,0.0138
193.11992275199998,99.01,99.0238,0.0138
193.159922736,99.01,99.0238,0.0137
193.19992272,99.01,99.0237,0.0137
193.239922704,99.01,99.0237,0.0137
193.279922688,99.01,99.0236,0.0136
193.319922672,99.01,99.0236,0.0136
193.35992265599998,99.01,99.0235,0.0135
193.39992264,99.01,99.0235,0.0134
193.43992262400002,99.01,99.0234,0.0134
193.479922608,99.01,99.0234,0.0133
193.519922592,99.01,99.0234,0.0133
193.559922576,99.01,99.0233,0.0133
193.59992256,99.01,99.0233,0.0133
193.639922544,99.01,99.0233,0.0132
193.67992252800002,99.01,99.0232,0.0132
193.71992251199998,99.01,99.0232,0.0132
193.759922496,99.01,99.0232,0.0131
193.79992248,99.01,99.0231,0.0131
193.839922464,99.01,99.0231,0.013
193.879922448,99.01,99.023,0.013
193.919922432,99.01,99.023,0.0129
193.95992241599998,99.01,99.0229,0.0129
193.9999224,99.01,99.0229,0.0129
194.039922384,99.01,99.0229,0.0129
194.079922368,99.01,99.0228,0.0128
194.11992235199997,99.01,99.0228,0.0128
194.159922336,99.01,99.0227,0.0127
194.19992231999998,99.01,99.0227,0.0127
194.239922304,99.01,99.0227,0.0127
194.279922288,99.01,99.0226,0.0126
194.31992227199999,99.01,99.0226,0.0126
194.35992225599998,99.01,99.0225,0.0125
194.39992224,99.01,99.0225,0.0124
194.43992222400001,99.01,99.0225,0.0124
194.479922208,99.01,99.0224,0.0124
194.51992219200002,99.01,99.0224,0.0124
194.559922176,99.01,99.0224,0.0123
194.59992216,99.01,99.0223,0.0123
194.639922144,99.01,99.0223,0.0123
194.67992212800002,99.01,99.0223,0.0122
194.719922112,99.01,99.0222,0.0122
194.759922096,99.01,99.0222,0.0121
194.79992208,99.01,99.0222,0.0121
194.839922064,99.01,99.0222,0.0121
194.879922048,99.01,99.0222,0.0121
194.91992203200002,99.01,99.0222,0.0121
194.95992201599998,99.01,99.0221,0.0121
194.999922,99.01,99.0221,0.012
195.039921984,99.01,99.0221,0.012
195.079921968,99.01,99.022,0.012
195.119921952,99.01,99.022,0.012
195.159921936,99.01,99.022,0.012
195.19992191999998,99.01,99.022,0.0119
195.239921904,99.01,99.022,0.0119
195.279921888,99.01,99.0219,0.0119
195.319921872,99.01,99.0219,0.0119
195.35992185599997,99.01,99.0219,0.0119
195.39992184,99.01,99.0218,0.0118
195.439921824,99.01,99.0219,0.0118
195.479921808,99.01,99.0218,0.0118
195.51992179200002,99.01,99.0218,0.0117
195.55992177599998,99.01,99.0218,0.0117
195.59992176,99.01,99.0217,0.0116
195.639921744,99.01,99.0217,0.0116
195.679921728,99.01,99.0217,0.0116
195.719921712,99.01,99.0217,0.0116
195.75992169600002,99.01,99.0216,0.0116
195.79992167999998,99.01,99.0216,0.0116
195.839921664,99.01,99.0216,0.0116
195.879921648,99.01,99.0216,0.0115
195.919921632,99.01,99.0215,0.0115
195.959921616,99.01,99.0215,0.0115
195.9999216,99.01,99.0215,0.0114
196.03992158399998,99.01,99.0215,0.0114
196.079921568,99.01,99.0214,0.0114
196.119921552,99.01,99.0214,0.0114
196.159921536,99.01,99.0215,0.0114
196.19992151999998,99.01,99.0214,0.0114
196.239921504,99.01,99.0215,0.0114
196.27992148799999,99.01,99.0215,0.0114
196.319921472,99.01,99.0215,0.0115
196.359921456,99.01,99.0215,0.0115
196.39992143999999,99.01,99.0215,0.0114
196.439921424,99.01,99.0215,0.0115
196.479921408,99.01,99.0216,0.0115
196.51992139200001,99.01,99.0216,0.0115
196.559921376,99.01,99.0216,0.0116
196.59992136,99.01,99.0216,0.0116
196.639921344,99.01,99.0216,0.0116
196.679921328,99.01,99.0216,0.0115
196.719921312,99.01,99.0216,0.0115
196.75992129600002,99.01,99.0216,0.0115
196.79992127999998,99.01,99.0216,0.0115
196.839921264,99.01,99.0216,0.0115
196.879921248,99.01,99.0216,0.0116
196.919921232,99.01,99.0216,0.0115
196.959921216,99.01,99.0217,0.0116
196.99992120000002,99.01,99.0217,0.0116
197.03992118399998,99.01,99.0217,0.0117
197.079921168,99.01,99.0217,0.0117
197.119921152,99.01,99.0217,0.0117
197.159921136,99.01,99.0218,0.0117
197.19992112,99.01,99.0217,0.0117
197.239921104,99.01,99.0218,0.0117
197.27992108799998,99.01,99.0218,0.0118
197.319921072,99.01,99.0218,0.0117
197.359921056,99.01,99.0218,0.0117
197.39992104,99.01,99.0217,0.0117
197.439921024,99.01,99.0217,0.0117
197.479921008,99.01,99.0218,0.0117
197.519920992,99.01,99.0217,0.0117
197.559920976,99.01,99.0218,0.0117
197.59992096000002,99.01,99.0218,0.0118
197.63992094399998,99.01,99.0218,0.0118
197.679920928,99.01,99.0218,0.0118
197.719920912,99.01,99.0218,0.0118
197.759920896,99.01,99.0218,0.0118
197.79992088,99.01,99.0218,0.0118
197.839920864,99.01,99.0218,0.0118
197.87992084799998,99.01,99.0218,0.0118
197.919920832,99.01,99.0218,0.0118
197.959920816,99.01,99.0218,0.0117
197.9999208,99.01,99.0217,0.0117
198.03992078399997,99.01,99.0217,0.0117
198.079920768,99.01,99.0218,0.0117
198.11992075199998,99.01,99.0217,0.0117
198.159920736,99.01,99.0218,0.0117
198.19992072,99.01,99.0218,0.0117
198.239920704,99.01,99.0217,0.0117
198.27992068799998,99.01,99.0218,0.0117
198.319920672,99.01,99.0218,0.0117
198.35992065599999,99.01,99.0218,0.0117
198.39992064,99.01,99.0218,0.0118
198.43992062400002,99.01,99.0218,0.0117
198.479920608,99.01,99.0217,0.0117
198.519920592,99.01,99.0217,0.0116
198.559920576,99.01,99.0217,0.0117
198.59992056000002,99.01,99.0217,0.0116
198.639920544,99.01,99.0216,0.0116
198.679920528,99.01,99.0216,0.0116
198.719920512,99.01,99.0216,0.0116
198.759920496,99.01,99.0216,0.0116
198.79992048,99.01,99.0217,0.0116
198.83992046400002,99.01,99.0216,0.0116
198.87992044799998,99.01,99.0216,0.0116
198.919920432,99.01,99.0216,0.0115
198.959920416,99.01,99.0216,0.0116
198.9999204,99.01,99.0216,0.0116
199.039920384,99.01,99.0216,0.0116
199.079920368,99.01,99.0217,0.0116
199.11992035199998,99.01,99.0217,0.0116
199.159920336,99.01,99.0217,0.0116
199.19992032,99.01,99.0217,0.0116
199.239920304,99.01,99.0216,0.0116
199.27992028799997,99.01,99.0217,0.0116
199.319920272,99.01,99.0216,0.0116
199.35992025599998,99.01,99.0216,0.0116
199.39992024,99.01,99.0216,0.0115
199.43992022400002,99.01,99.0216,0.0115
199.47992020799998,99.01,99.0216,0.0115
199.519920192,99.01,99.0215,0.0115
199.559920176,99.01,99.0215,0.0114
199.59992016,99.01,99.0215,0.0114
199.639920144,99.01,99.0214,0.0113
199.67992012800002,99.01,99.0214,0.0113
199.71992011199998,99.01,99.0213,0.0113
199.759920096,99.01,99.0213,0.0112
199.79992008,99.01,99.0212,0.0112
199.839920064,99.01,99.0212,0.0112
199.879920048,99.01,99.0212,0.0111
199.919920032,99.01,99.0211,0.0111
199.95992001599998,99.01,99.0211,0.0111
199.99992,99.01,99.0211,0.0111
200.039919984,99.01,99.0211,0.0111
200.079919968,99.01,99.0211,0.0111
200.11991995199998,99.01,99.0211,0.0111
200.159919936,99.01,99.021,0.011
200.19991991999999,99.01,99.021,0.011
200.239919904,99.01,99.0209,0.0109
200.279919888,99.01,99.021,0.0109
200.31991987199999,99.01,99.021,0.0109
200.35991985599998,99.01,99.0209,0.0109
200.39991984,99.01,99.021,0.0109
200.43991982400001,99.01,99.0209,0.0109
200.479919808,99.01,99.0209,0.0108
200.519919792,99.01,99.0209,0.0108
200.559919776,99.01,99.0209,0.0108
200.59991976,99.01,99.0209,0.0109
200.639919744,99.01,99.0208,0.0108
200.67991972800002,99.01,99.0208,0.0108
200.71991971199998,99.01,99.0208,0.0108
200.759919696,99.01,99.0208,0.0108
200.79991968,99.01,99.0208,0.0108
200.839919664,99.01,99.0207,0.0107
200.879919648,99.01,99.0207,0.0107
200.91991963200002,99.01,99.0208,0.0107
200.95991961599998,99.01,99.0208,0.0107
200.9999196,99.01,99.0208,0.0108
201.039919584,99.01,99.0208,0.0107
201.079919568,99.01,99.0208,0.0108
201.119919552,99.01,99.0208,0.0108
201.159919536,99.01,99.0208,0.0108
201.19991951999998,99.01,99.0209,0.0109
201.239919504,99.01,99.0209,0.0109
201.279919488,99.01,99.0209,0.0108
201.319919472,99.01,99.0209,0.0109
201.359919456,99.01,99.0209,0.0109
201.39991944,99.01,99.0209,0.0109
201.439919424,99.01,99.0209,0.0109
201.479919408,99.01,99.0209,0.0109
201.51991939200002,99.01,99.0209,0.0109
201.55991937599998,99.01,99.0209,0.0109
201.59991936,99.01,99.0209,0.0109
201.639919344,99.01,99.0209,0.0109
201.679919328,99.01,99.021,0.0109
201.719919312,99.01,99.021,0.011
201.759919296,99.01,99.021,0.0109
201.79991927999998,99.01,99.021,0.011
201.839919264,99.01,99.021,0.011
201.879919248,99.01,99.021,0.011
201.919919232,99.01,99.021,0.011
201.95991921599997,99.01,99.021,0.011
201.9999192,99.01,99.021,0.0109
202.03991918399998,99.01,99.021,0.011
202.079919168,99.01,99.021,0.011
202.119919152,99.01,99.021,0.011
202.159919136,99.01,99.021,0.011
202.19991911999998,99.01,99.021,0.011
202.239919104,99.01,99.021,0.011
202.27991908799999,99.01,99.021,0.011
202.319919072,99.01,99.021,0.011
202.359919056,99.01,99.021,0.0109
202.39991904,99.01,99.021,0.011
202.439919024,99.01,99.0211,0.011
202.479919008,99.01,99.0211,0.011
202.51991899200002,99.01,99.0211,0.0111
202.559918976,99.01,99.0211,0.0111
202.59991896,99.01,99.0211,0.0111
202.639918944,99.01,99.0212,0.0111
202.679918928,99.01,99.0211,0.0111
202.719918912,99.01,99.0212,0.0112
202.75991889600002,99.01,99.0212,0.0112
202.79991887999998,99.01,99.0212,0.0112
202.839918864,99.01,99.0212,0.0112
202.879918848,99.01,99.0213,0.0112
202.919918832,99.01,99.0213,0.0112
202.959918816,99.01,99.0213,0.0113
202.9999188,99.01,99.0213,0.0113
203.03991878399998,99.01,99.0213,0.0113
203.079918768,99.01,99.0213,0.0113
203.119918752,99.01,99.0213,0.0113
203.159918736,99.01,99.0213,0.0113
203.19991871999997,99.01,99.0213,0.0112
203.239918704,99.01,99.0213,0.0112
203.27991868799998,99.01,99.0213,0.0112
203.319918672,99.01,99.0213,0.0112
203.359918656,99.01,99.0213,0.0113
203.39991864,99.01,99.0213,0.0113
203.439918624,99.01,99.0213,0.0113
203.479918608,99.01,99.0213,0.0112
203.519918592,99.01,99.0213,0.0112
203.559918576,99.01,99.0212,0.0112
203.59991856000002,99.01,99.0212,0.0112
203.63991854399998,99.01,99.0212,0.0112
203.679918528,99.01,99.0212,0.0112
203.719918512,99.01,99.0212,0.0112
203.759918496,99.01,99.0213,0.0112
203.79991848,99.01,99.0213,0.0112
203.839918464,99.01,99.0213,0.0112
203.87991844799998,99.01,99.0213,0.0112
203.919918432,99.01,99.0213,0.0112
203.959918416,99.01,99.0212,0.0112
203.9999184,99.01,99.0212,0.0112
204.03991838399998,99.01,99.0212,0.0112
204.079918368,99.01,99.0211,0.0111
204.11991835199998,99.01,99.0211,0.0111
204.159918336,99.01,99.0211,0.0111
204.19991832,99.01,99.0211,0.0111
204.23991830399999,99.01,99.0211,0.0111
204.27991828799998,99.01,99.0211,0.011
204.319918272,99.01,99.0211,0.011
204.35991825600001,99.01,99.021,0.011
204.39991824,99.01,99.021,0.011
204.439918224,99.01,99.021,0.011
204.479918208,99.01,99.021,0.011
204.519918192,99.01,99.0211,0.011
204.559918176,99.01,99.021,0.011
204.59991816000002,99.01,99.021,0.011
204.639918144,99.01,99.021,0.011
204.679918128,99.01,99.021,0.011
204.719918112,99.01,99.021,0.0109
204.759918096,99.01,99.021,0.0109
204.79991808,99.01,99.021,0.0109
204.83991806400002,99.01,99.021,0.011
204.87991804799998,99.01,99.0209,0.0109
204.919918032,99.01,99.0209,0.0109
204.959918016,99.01,99.0209,0.0109
204.999918,99.01,99.0209,0.0109
205.039917984,99.01,99.0209,0.0109
205.079917968,99.01,99.0209,0.0109
205.11991795199998,99.01,99.0209,0.0108
205.159917936,99.01,99.0209,0.0108
205.19991792,99.01,99.0209,0.0108
205.239917904,99.01,99.0209,0.0108
205.27991788799997,99.01,99.0208,0.0107
205.319917872,99.01,99.0207,0.0107
205.359917856,99.01,99.0207,0.0107
205.39991784,99.01,99.0207,0.0107
205.43991782400002,99.01,99.0208,0.0107
205.47991780799998,99.01,99.0208,0.0107
205.519917792,99.01,99.0208,0.0107
205.559917776,99.01,99.0208,0.0107
205.59991776,99.01,99.0207,0.0107
205.639917744,99.01,99.0207,0.0107
205.679917728,99.01,99.0207,0.0106
205.71991771199998,99.01,99.0206,0.0106
205.759917696,99.01,99.0207,0.0106
205.79991768,99.01,99.0206,0.0106
205.839917664,99.01,99.0206,0.0106
205.879917648,99.01,99.0206,0.0106
205.919917632,99.01,99.0206,0.0106
205.95991761599998,99.01,99.0206,0.0105
205.9999176,99.01,99.0206,0.0105
206.039917584,99.01,99.0206,0.0105
206.079917568,99.01,99.0206,0.0105
206.11991755199998,99.01,99.0205,0.0105
206.159917536,99.01,99.0205,0.0105
206.19991751999999,99.01,99.0206,0.0105
206.239917504,99.01,99.0206,0.0105
206.279917488,99.01,99.0205,0.0105
206.319917472,99.01,99.0205,0.0105
206.359917456,99.01,99.0206,0.0105
206.39991744,99.01,99.0205,0.0104
206.43991742400001,99.01,99.0205,0.0105
206.479917408,99.01,99.0205,0.0105
206.519917392,99.01,99.0204,0.0104
206.559917376,99.01,99.0204,0.0104
206.59991736,99.01,99.0203,0.0103
206.639917344,99.01,99.0204,0.0104
206.67991732800002,99.01,99.0204,0.0104
206.71991731199998,99.01,99.0203,0.0103
206.759917296,99.01,99.0204,0.0103
206.79991728,99.01,99.0204,0.0103
206.839917264,99.01,99.0204,0.0103
206.879917248,99.01,99.0203,0.0103
206.919917232,99.01,99.0203,0.0102
206.95991721599998,99.01,99.0203,0.0102
206.9999172,99.01,99.0202,0.0102
207.039917184,99.01,99.0202,0.0102
207.079917168,99.01,99.0202,0.0101
207.119917152,99.01,99.0201,0.0101
207.159917136,99.01,99.0202,0.0101
207.19991711999998,99.01,99.0201,0.0101
207.239917104,99.01,99.0202,0.0101
207.279917088,99.01,99.0202,0.0101
207.319917072,99.01,99.0201,0.0101
207.359917056,99.01,99.0201,0.0101
207.39991704,99.01,99.0201,0.01
207.439917024,99.01,99.02,0.01
207.479917008,99.01,99.02,0.01
207.51991699200002,99.01,99.02,0.0099
207.55991697599998,99.01,99.02,0.0099
207.59991696,99.01,99.0199,0.0098
207.639916944,99.01,99.0198,0.0098
207.679916928,99.01,99.0198,0.0098
207.719916912,99.01,99.0197,0.0097
207.759916896,99.01,99.0198,0.0097
207.79991687999998,99.01,99.0197,0.0097
207.839916864,99.01,99.0197,0.0096
207.879916848,99.01,99.0196,0.0096
207.919916832,99.01,99.0195,0.0095
207.95991681599997,99.01,99.0195,0.0095
207.9999168,99.01,99.0195,0.0094
208.03991678399998,99.01,99.0194,0.0093
208.079916768,99.01,99.0194,0.0094
208.119916752,99.01,99.0194,0.0093
208.15991673599999,99.01,99.0194,0.0094
208.19991671999998,99.01,99.0194,0.0093
208.239916704,99.01,99.0193,0.0093
208.279916688,99.01,99.0194,0.0093
208.319916672,99.01,99.0194,0.0093
208.35991665600002,99.01,99.0194,0.0093
208.39991664,99.01,99.0194,0.0093
208.439916624,99.01,99.0193,0.0093
208.479916608,99.01,99.0193,0.0093
208.51991659200002,99.01,99.0193,0.0093
208.559916576,99.01,99.0193,0.0093
208.59991656,99.01,99.0193,0.0093
208.639916544,99.01,99.0193,0.0092
208.679916528,99.01,99.0193,0.0092
208.719916512,99.01,99.0193,0.0092
208.75991649600002,99.01,99.0193,0.0093
208.79991647999998,99.01,99.0194,0.0093
208.839916464,99.01,99.0193,0.0093
208.879916448,99.01,99.0194,0.0093
208.919916432,99.01,99.0193,0.0093
208.959916416,99.01,99.0193,0.0092
208.9999164,99.01,99.0193,0.0092
209.03991638399998,99.01,99.0192,0.0092
209.079916368,99.01,99.0192,0.0092
209.119916352,99.01,99.0191,0.0091
209.159916336,99.01,99.0191,0.0091
209.19991631999997,99.01,99.0191,0.0091
209.239916304,99.01,99.0191,0.009
209.27991628799998,99.01,99.019,0.009
209.319916272,99.01,99.019,0.0089
209.35991625600002,99.01,99.019,0.0089
209.39991623999998,99.01,99.019,0.0089
209.439916224,99.01,99.019,0.0089
209.479916208,99.01,99.019,0.0089
209.519916192,99.01,99.0189,0.0089
209.559916176,99.01,99.0189,0.0089
209.59991616000002,99.01,99.019,0.009
209.63991614399998,99.01,99.019,0.0089
209.679916128,99.01,99.019,0.0089
209.719916112,99.01,99.019,0.009
209.759916096,99.01,99.019,0.009
209.79991608,99.01,99.019,0.009
209.839916064,99.01,99.019,0.009
209.87991604799998,99.01,99.019,0.0089
209.919916032,99.01,99.019,0.009
209.959916016,99.01,99.019,0.0089
209.999916,99.01,99.019,0.0089
210.03991598399998,99.01,99.0189,0.0089
210.079915968,99.01,99.019,0.0089
210.11991595199999,99.01,99.019,0.0089
210.159915936,99.01,99.019,0.0089
210.19991592,99.01,99.019,0.0089
210.239915904,99.01,99.0189,0.0089
210.279915888,99.01,99.0189,0.0089
210.319915872,99.01,99.0189,0.0089
210.35991585600001,99.01,99.0189,0.0088
210.39991584,99.01,99.0189,0.0089
210.439915824,99.01,99.0189,0.0088
210.479915808,99.01,99.0189,0.0088
210.519915792,99.01,99.0189,0.0089
210.559915776,99.01,99.0189,0.0088
210.59991576000002,99.01,99.0189,0.0089
210.63991574399998,99.01,99.0189,0.0089
210.679915728,99.01,99.0189,0.0088
210.719915712,99.01,99.0189,0.0089
210.759915696,99.01,99.0189,0.0089
210.79991568,99.01,99.0189,0.0089
210.83991566400002,99.01,99.0189,0.0089
210.87991564799998,99.01,99.0189,0.0089
210.919915632,99.01,99.0189,0.0089
210.959915616,99.01,99.0189,0.0088
210.9999156,99.01,99.0189,0.0088
211.039915584,99.01,99.0189,0.0089
211.079915568,99.01,99.0189,0.0088
211.11991555199998,99.01,99.0189,0.0089
211.159915536,99.01,99.0189,0.0088
211.19991552,99.01,99.0188,0.0088
211.239915504,99.01,99.0188,0.0088
211.279915488,99.01,99.0188,0.0087
211.319915472,99.01,99.0188,0.0088
211.359915456,99.01,99.0187,0.0087
211.39991544,99.01,99.0187,0.0087
211.43991542400002,99.01,99.0188,0.0087
211.47991540799998,99.01,99.0187,0.0087
211.519915392,99.01,99.0187,0.0087
211.559915376,99.01,99.0187,0.0087
211.59991536,99.01,99.0187,0.0086
211.639915344,99.01,99.0187,0.0086
211.679915328,99.01,99.0186,0.0086
211.71991531199998,99.01,99.0187,0.0086
211.759915296,99.01,99.0186,0.0086
211.79991528,99.01,99.0186,0.0086
211.839915264,99.01,99.0186,0.0086
211.87991524799997,99.01,99.0186,0.0085
211.919915232,99.01,99.0185,0.0085
211.95991521599998,99.01,99.0185,0.0085
211.9999152,99.01,99.0184,0.0084
212.039915184,99.01,99.0184,0.0084
212.079915168,99.01,99.0183,0.0083
212.11991515199998,99.01,99.0183,0.0083
212.159915136,99.01,99.0182,0.0082
212.19991512,99.01,99.0182,0.0081
212.239915104,99.01,99.0182,0.0081
212.279915088,99.01,99.0182,0.0081
212.319915072,99.01,99.0182,0.0081
212.359915056,99.01,99.0181,0.0081
212.39991504,99.01,99.0181,0.0081
212.43991502400002,99.01,99.0181,0.0081
212.479915008,99.01,99.0181,0.0081
212.519914992,99.01,99.0181,0.0081
212.559914976,99.01,99.0181,0.0081
212.59991496,99.01,99.0181,0.008
212.639914944,99.01,99.0181,0.0081
212.67991492800002,99.01,99.0181,0.0081
212.71991491199998,99.01,99.0181,0.008
212.759914896,99.01,99.0181,0.008
212.79991488,99.01,99.018,0.008
212.839914864,99.01,99.018,0.008
212.879914848,99.01,99.0179,0.0079
212.919914832,99.01,99.0179,0.0079
212.95991481599998,99.01,99.0179,0.0078
212.9999148,99.01,99.0178,0.0078
213.039914784,99.01,99.0178,0.0078
213.079914768,99.01,99.0178,0.0077
213.11991475199997,99.01,99.0178,0.0077
213.159914736,99.01,99.0178,0.0077
213.19991471999998,99.01,99.0177,0.0077
213.239914704,99.01,99.0178,0.0077
213.27991468800002,99.01,99.0178,0.0077
213.319914672,99.01,99.0178,0.0077
213.359914656,99.01,99.0178,0.0077
213.39991464,99.01,99.0178,0.0077
213.439914624,99.01,99.0178,0.0077
213.479914608,99.01,99.0178,0.0077
213.51991459200002,99.01,99.0177,0.0077
213.55991457599998,99.01,99.0178,0.0077
213.59991456,99.01,99.0177,0.0077
213.639914544,99.01,99.0177,0.0077
213.679914528,99.01,99.0178,0.0077
213.719914512,99.01,99.0177,0.0077
213.759914496,99.01,99.0177,0.0077
213.79991447999998,99.01,99.0177,0.0077
213.839914464,99.01,99.0177,0.0076
213.879914448,99.01,99.0177,0.0076
213.919914432,99.01,99.0176,0.0075
213.95991441599998,99.01,99.0176,0.0076
213.9999144,99.01,99.0176,0.0076
214.03991438399999,99.01,99.0176,0.0076
214.079914368,99.01,99.0176,0.0076
214.119914352,99.01,99.0176,0.0076
214.15991433599999,99.01,99.0176,0.0076
214.19991431999998,99.01,99.0176,0.0076
214.239914304,99.01,99.0176,0.0075
214.27991428800001,99.01,99.0177,0.0076
214.319914272,99.01,99.0177,0.0076
214.359914256,99.01,99.0177,0.0077
214.39991424,99.01,99.0177,0.0077
214.439914224,99.01,99.0177,0.0077
214.479914208,99.01,99.0178,0.0077
214.51991419200002,99.01,99.0177,0.0077
214.559914176,99.01,99.0178,0.0077
214.59991416,99.01,99.0178,0.0078
214.639914144,99.01,99.0178,0.0078
214.679914128,99.01,99.0178,0.0078
214.719914112,99.01,99.0178,0.0077
214.75991409600002,99.01,99.0178,0.0077
214.79991407999998,99.01,99.0178,0.0078
214.839914064,99.01,99.0178,0.0078
214.879914048,99.01,99.0178,0.0078
214.919914032,99.01,99.0178,0.0077
214.959914016,99.01,99.0178,0.0078
214.999914,99.01,99.0178,0.0078
215.03991398399998,99.01,99.0178,0.0077
215.079913968,99.01,99.0178,0.0078
215.119913952,99.01,99.0178,0.0078
215.159913936,99.01,99.0178,0.0078
215.19991391999997,99.01,99.0179,0.0078
215.239913904,99.01,99.0179,0.0078
215.279913888,99.01,99.0179,0.0079
215.319913872,99.01,99.0179,0.0079
215.35991385600002,99.01,99.018,0.0079
215.39991383999998,99.01,99.0181,0.008
215.439913824,99.01,99.0181,0.008
215.479913808,99.01,99.0181,0.008
215.519913792,99.01,99.0181,0.008
215.559913776,99.01,99.0181,0.008
215.59991376,99.01,99.0181,0.0081
215.63991374399998,99.01,99.0181,0.008
215.679913728,99.01,99.0181,0.008
215.719913712,99.01,99.0181,0.008
215.759913696,99.01,99.018,0.008
215.79991368,99.01,99.0181,0.008
215.839913664,99.01,99.018,0.008
215.87991364799998,99.01,99.018,0.008
215.919913632,99.01,99.018,0.008
215.959913616,99.01,99.018,0.0079
215.9999136,99.01,99.0181,0.008
216.03991358399998,99.01,99.018,0.008
216.079913568,99.01,99.0181,0.008
216.11991355199999,99.01,99.0181,0.008
216.159913536,99.01,99.0181,0.008
216.19991352,99.01,99.0181,0.0081
216.239913504,99.01,99.0181,0.0081
216.279913488,99.01,99.0182,0.0081
216.319913472,99.01,99.0182,0.0081
216.35991345600002,99.01,99.0182,0.0081
216.39991344,99.01,99.0182,0.0081
216.439913424,99.01,99.0182,0.0081
216.479913408,99.01,99.0182,0.0081
216.519913392,99.01,99.0182,0.0082
216.559913376,99.01,99.0182,0.0081
216.59991336000002,99.01,99.0182,0.0082
216.63991334399998,99.01,99.0182,0.0082
216.679913328,99.01,99.0183,0.0082
216.719913312,99.01,99.0183,0.0083
216.759913296,99.01,99.0183,0.0083
216.79991328,99.01,99.0184,0.0083
216.839913264,99.01,99.0184,0.0084
216.87991324799998,99.01,99.0184,0.0084
216.919913232,99.01,99.0184,0.0084
216.959913216,99.01,99.0184,0.0084
216.9999132,99.01,99.0185,0.0084
217.039913184,99.01,99.0185,0.0084
217.079913168,99.01,99.0185,0.0085
217.11991315199998,99.01,99.0186,0.0085
217.159913136,99.01,99.0186,0.0086
217.19991312,99.01,99.0187,0.0086
217.239913104,99.01,99.0187,0.0086
217.279913088,99.01,99.0187,0.0086
217.319913072,99.01,99.0186,0.0086
217.359913056,99.01,99.0186,0.0085
217.39991304,99.01,99.0186,0.0085
217.43991302400002,99.01,99.0186,0.0086
217.47991300799998,99.01,99.0186,0.0085
217.519912992,99.01,99.0186,0.0085
217.559912976,99.01,99.0185,0.0085
217.59991296,99.01,99.0185,0.0084
217.639912944,99.01,99.0185,0.0084
217.679912928,99.01,99.0185,0.0084
217.71991291199998,99.01,99.0185,0.0085
217.759912896,99.01,99.0185,0.0084
217.79991288,99.01,99.0185,0.0084
217.839912864,99.01,99.0185,0.0084
217.87991284799998,99.01,99.0184,0.0084
217.919912832,99.01,99.0184,0.0084
217.95991281599999,99.01,99.0184,0.0083
217.9999128,99.01,99.0183,0.0083
218.039912784,99.01,99.0184,0.0083
218.07991276799999,99.01,99.0183,0.0082
218.11991275199998,99.01,99.0183,0.0082
218.159912736,99.01,99.0183,0.0082
218.19991272,99.01,99.0183,0.0082
218.239912704,99.01,99.0183,0.0082
218.27991268800002,99.01,99.0182,0.0081
218.319912672,99.01,99.0182,0.0081
218.359912656,99.01,99.0181,0.0081
218.39991264,99.01,99.0181,0.0081
218.43991262400002,99.01,99.0181,0.0081
218.479912608,99.01,99.0181,0.008
218.519912592,99.01,99.0181,0.008
218.559912576,99.01,99.018,0.008
218.59991256,99.01,99.018,0.0079
218.639912544,99.01,99.0179,0.0079
218.67991252800002,99.01,99.0179,0.0079
218.71991251199998,99.01,99.0179,0.0079
218.759912496,99.01,99.0179,0.0079
218.79991248,99.01,99.0179,0.0078
218.839912464,99.01,99.0179,0.0078
218.879912448,99.01,99.0179,0.0078
218.919912432,99.01,99.0179,0.0079
218.95991241599998,99.01,99.0179,0.0079
218.9999124,99.01,99.0179,0.0078
219.039912384,99.01,99.0179,0.0079
219.079912368,99.01,99.0179,0.0078
219.11991235199997,99.01,99.0179,0.0078
219.159912336,99.01,99.0179,0.0078
219.19991231999998,99.01,99.0178,0.0078
219.239912304,99.01,99.0179,0.0078
219.27991228800002,99.01,99.0178,0.0078
219.31991227199998,99.01,99.0178,0.0078
219.359912256,99.01,99.0178,0.0078
219.39991224,99.01,99.0178,0.0077
219.439912224,99.01,99.0178,0.0078
219.479912208,99.01,99.0177,0.0077
219.51991219200002,99.01,99.0177,0.0077
219.55991217599998,99.01,99.0177,0.0077
219.59991216,99.01,99.0177,0.0077
219.639912144,99.01,99.0177,0.0077
219.679912128,99.01,99.0177,0.0077
219.719912112,99.01,99.0177,0.0076
219.759912096,99.01,99.0177,0.0076
219.79991207999998,99.01,99.0176,0.0076
219.839912064,99.01,99.0176,0.0076
219.879912048,99.01,99.0176,0.0075
219.919912032,99.01,99.0175,0.0075
219.95991201599998,99.01,99.0175,0.0075
219.999912,99.01,99.0175,0.0074
220.03991198399999,99.01,99.0175,0.0075
220.079911968,99.01,99.0175,0.0074
220.119911952,99.01,99.0174,0.0074
220.159911936,99.01,99.0174,0.0074
220.19991191999998,99.01,99.0174,0.0074
220.239911904,99.01,99.0174,0.0074
220.27991188800002,99.01,99.0174,0.0074
220.319911872,99.01,99.0174,0.0074
220.359911856,99.01,99.0174,0.0073
220.39991184,99.01,99.0173,0.0073
220.439911824,99.01,99.0173,0.0073
220.479911808,99.01,99.0173,0.0073
220.51991179200002,99.01,99.0173,0.0073
220.55991177599998,99.01,99.0173,0.0073
220.59991176,99.01,99.0173,0.0073
220.639911744,99.01,99.0173,0.0073
220.679911728,99.01,99.0173,0.0072
220.719911712,99.01,99.0173,0.0072
220.75991169600002,99.01,99.0173,0.0073
220.79991167999998,99.01,99.0173,0.0072
220.839911664,99.01,99.0173,0.0073
220.879911648,99.01,99.0173,0.0072
220.919911632,99.01,99.0173,0.0072
220.959911616,99.01,99.0173,0.0073
220.9999116,99.01,99.0173,0.0073
221.03991158399998,99.01,99.0173,0.0073
221.079911568,99.01,99.0173,0.0073
221.119911552,99.01,99.0173,0.0073
221.159911536,99.01,99.0174,0.0074
221.19991152,99.01,99.0174,0.0074
221.239911504,99.01,99.0174,0.0074
221.279911488,99.01,99.0175,0.0075
221.319911472,99.01,99.0175,0.0075
221.35991145600002,99.01,99.0176,0.0075
221.39991143999998,99.01,99.0175,0.0075
221.439911424,99.01,99.0175,0.0075
221.479911408,99.01,99.0176,0.0075
221.519911392,99.01,99.0175,0.0075
221.559911376,99.01,99.0176,0.0075
221.59991136,99.01,99.0176,0.0075
221.63991134399998,99.01,99.0176,0.0075
221.679911328,99.01,99.0176,0.0075
221.719911312,99.01,99.0176,0.0076
221.759911296,99.01,99.0176,0.0076
221.79991127999998,99.01,99.0177,0.0076
221.839911264,99.01,99.0177,0.0077
221.87991124799998,99.01,99.0177,0.0077
221.919911232,99.01,99.0177,0.0077
221.959911216,99.01,99.0178,0.0078
221.9999112,99.01,99.0178,0.0078
222.03991118399998,99.01,99.0179,0.0078
222.079911168,99.01,99.0179,0.0078
222.119911152,99.01,99.0178,0.0078
222.159911136,99.01,99.0178,0.0078
222.19991112,99.01,99.0178,0.0078
222.239911104,99.01,99.0178,0.0078
222.279911088,99.01,99.0178,0.0078
222.319911072,99.01,99.0178,0.0078
222.35991105600002,99.01,99.0179,0.0078
222.39991104,99.01,99.0178,0.0078
222.439911024,99.01,99.0178,0.0078
222.479911008,99.01,99.0179,0.0078
222.519910992,99.01,99.0178,0.0078
222.559910976,99.01,99.0179,0.0078
222.59991096000002,99.01,99.0179,0.0078
222.63991094399998,99.01,99.0179,0.0078
222.679910928,99.01,99.018,0.0079
222.719910912,99.01,99.0179,0.0079
222.759910896,99.01,99.018,0.008
222.79991088,99.01,99.018,0.008
222.839910864,99.01,99.018,0.008
222.87991084799998,99.01,99.0181,0.008
222.919910832,99.01,99.0181,0.008
222.959910816,99.01,99.0181,0.008
222.9999108,99.01,99.0181,0.0081
223.03991078399997,99.01,99.0182,0.0081
223.079910768,99.01,99.0182,0.0082
223.11991075199998,99.01,99.0182,0.0082
223.159910736,99.01,99.0183,0.0082
223.19991072,99.01,99.0183,0.0082
223.23991070399998,99.01,99.0183,0.0082
223.279910688,99.01,99.0183,0.0083
223.319910672,99.01,99.0183,0.0082
223.359910656,99.01,99.0183,0.0083
223.39991064,99.01,99.0183,0.0083
223.43991062400002,99.01,99.0183,0.0083
223.47991060799998,99.01,99.0183,0.0083
223.519910592,99.01,99.0183,0.0083
223.559910576,99.01,99.0184,0.0083
223.59991056,99.01,99.0184,0.0084
223.639910544,99.01,99.0184,0.0084
223.679910528,99.01,99.0185,0.0084
223.71991051199998,99.01,99.0184,0.0084
223.759910496,99.01,99.0185,0.0084
223.79991048,99.01,99.0185,0.0085
223.839910464,99.01,99.0185,0.0085
223.87991044799998,99.01,99.0186,0.0086
223.919910432,99.01,99.0186,0.0086
223.95991041599999,99.01,99.0186,0.0086
223.9999104,99.01,99.0187,0.0086
224.039910384,99.01,99.0187,0.0086
224.079910368,99.01,99.0187,0.0087
224.11991035199998,99.01,99.0187,0.0086
224.159910336,99.01,99.0187,0.0086
224.19991032000001,99.01,99.0187,0.0087
224.239910304,99.01,99.0187,0.0087
224.279910288,99.01,99.0188,0.0087
224.319910272,99.01,99.0188,0.0088
224.359910256,99.01,99.0188,0.0088
224.39991024,99.01,99.0188,0.0088
224.43991022400002,99.01,99.0187,0.0087
224.47991020799998,99.01,99.0188,0.0087
224.519910192,99.01,99.0188,0.0087
224.559910176,99.01,99.0187,0.0087
224.59991016,99.01,99.0188,0.0087
224.639910144,99.01,99.0187,0.0087
224.67991012800002,99.01,99.0188,0.0087
224.71991011199998,99.01,99.0188,0.0088
224.759910096,99.01,99.0188,0.0087
224.79991008,99.01,99.0188,0.0087
224.839910064,99.01,99.0188,0.0088
224.879910048,99.01,99.0188,0.0088
224.919910032,99.01,99.0188,0.0088
224.95991001599998,99.01,99.0188,0.0088
224.99991,99.01,99.0189,0.0088
225.039909984,99.01,99.0189,0.0088
225.079909968,99.01,99.0189,0.0088
225.11990995199997,99.01,99.0189,0.0088
225.159909936,99.01,99.0188,0.0088
225.19990992,99.01,99.0188,0.0088
225.239909904,99.01,99.0188,0.0088
225.27990988800002,99.01,99.0189,0.0088
225.31990987199998,99.01,99.0189,0.0089
225.359909856,99.01,99.0189,0.0089
225.39990984,99.01,99.0189,0.0089
225.439909824,99.01,99.0189,0.0088
225.479909808,99.01,99.0189,0.0089
225.519909792,99.01,99.0189,0.0089
225.55990977599998,99.01,99.0189,0.0089
225.59990976,99.01,99.0189,0.0089
225.639909744,99.01,99.0189,0.0089
225.679909728,99.01,99.0189,0.0088
225.71990971199997,99.01,99.0189,0.0089
225.759909696,99.01,99.0189,0.0088
225.79990967999998,99.01,99.0189,0.0089
225.839909664,99.01,99.0189,0.0089
225.879909648,99.01,99.0189,0.0088
225.919909632,99.01,99.0189,0.0089
225.95990961599998,99.01,99.0188,0.0088
225.9999096,99.01,99.0189,0.0088
226.039909584,99.01,99.0188,0.0088
226.079909568,99.01,99.0188,0.0088
226.119909552,99.01,99.0188,0.0088
226.159909536,99.01,99.0188,0.0088
226.19990952,99.01,99.0188,0.0088
226.239909504,99.01,99.0188,0.0087
226.27990948800002,99.01,99.0187,0.0087
226.319909472,99.01,99.0187,0.0087
226.359909456,99.01,99.0187,0.0087
226.39990944,99.01,99.0187,0.0087
226.439909424,99.01,99.0187,0.0087
226.479909408,99.01,99.0187,0.0087
226.51990939200002,99.01,99.0188,0.0087
226.55990937599998,99.01,99.0187,0.0087
226.59990936,99.01,99.0187,0.0087
226.639909344,99.01,99.0188,0.0087
226.679909328,99.01,99.0188,0.0087
226.719909312,99.01,99.0188,0.0088
226.759909296,99.01,99.0187,0.0087
226.79990927999998,99.01,99.0187,0.0087
226.839909264,99.01,99.0187,0.0087
226.879909248,99.01,99.0187,0.0086
226.919909232,99.01,99.0187,0.0087
226.95990921599997,99.01,99.0187,0.0087
226.9999092,99.01,99.0187,0.0086
227.03990918399998,99.01,99.0187,0.0086
227.079909168,99.01,99.0186,0.0086
227.119909152,99.01,99.0186,0.0086
227.159909136,99.01,99.0186,0.0086
227.19990912,99.01,99.0186,0.0085
227.239909104,99.01,99.0186,0.0086
227.279909088,99.01,99.0186,0.0085
227.319909072,99.01,99.0186,0.0086
227.35990905600002,99.01,99.0186,0.0085
227.39990903999998,99.01,99.0185,0.0085
227.439909024,99.01,99.0185,0.0084
227.479909008,99.01,99.0184,0.0084
227.519908992,99.01,99.0184,0.0084
227.559908976,99.01,99.0184,0.0084
227.59990896,99.01,99.0184,0.0083
227.63990894399998,99.01,99.0184,0.0084
227.679908928,99.01,99.0184,0.0084
227.719908912,99.01,99.0184,0.0083
227.759908896,99.01,99.0184,0.0084
227.79990887999998,99.01,99.0184,0.0083
227.839908864,99.01,99.0184,0.0084
227.87990884799999,99.01,99.0184,0.0084
227.919908832,99.01,99.0184,0.0084
227.959908816,99.01,99.0184,0.0084
227.9999088,99.01,99.0185,0.0084
228.03990878399998,99.01,99.0185,0.0085
228.079908768,99.01,99.0185,0.0085
228.119908752,99.01,99.0185,0.0085
228.159908736,99.01,99.0185,0.0085
228.19990872,99.01,99.0185,0.0084
228.239908704,99.01,99.0185,0.0084
228.279908688,99.01,99.0184,0.0084
228.319908672,99.01,99.0184,0.0084
228.35990865600002,99.01,99.0185,0.0084
228.39990864,99.01,99.0185,0.0084
228.439908624,99.01,99.0185,0.0085
228.479908608,99.01,99.0185,0.0084
228.519908592,99.01,99.0185,0.0085
228.559908576,99.01,99.0185,0.0085
228.59990856000002,99.01,99.0185,0.0085
228.63990854399998,99.01,99.0185,0.0085
228.679908528,99.01,99.0185,0.0084
228.719908512,99.01,99.0185,0.0085
228.759908496,99.01,99.0186,0.0086
228.79990848,99.01,99.0186,0.0085
228.839908464,99.01,99.0186,0.0086
228.87990844799998,99.01,99.0186,0.0086
228.919908432,99.01,99.0186,0.0086
228.959908416,99.01,99.0186,0.0086
228.9999084,99.01,99.0186,0.0086
229.03990838399997,99.01,99.0187,0.0086
229.079908368,99.01,99.0187,0.0086
229.11990835199998,99.01,99.0187,0.0086
229.159908336,99.01,99.0187,0.0087
229.19990832000002,99.01,99.0186,0.0086
229.23990830399998,99.01,99.0187,0.0087
229.279908288,99.01,99.0186,0.0086
229.319908272,99.01,99.0186,0.0086
229.359908256,99.01,99.0186,0.0086
229.39990824,99.01,99.0185,0.0085
229.439908224,99.01,99.0185,0.0085
229.47990820799998,99.01,99.0185,0.0085
229.519908192,99.01,99.0185,0.0085
229.559908176,99.01,99.0185,0.0085
229.59990816,99.01,99.0185,0.0084
229.639908144,99.01,99.0185,0.0084
229.679908128,99.01,99.0185,0.0084
229.71990811199998,99.01,99.0185,0.0084
229.759908096,99.01,99.0185,0.0084
229.79990808,99.01,99.0185,0.0084
229.839908064,99.01,99.0185,0.0084
229.87990804799998,99.01,99.0184,0.0084
229.919908032,99.01,99.0184,0.0084
229.95990801599999,99.01,99.0185,0.0084
229.999908,99.01,99.0185,0.0084
230.039907984,99.01,99.0185,0.0084
230.079907968,99.01,99.0185,0.0084
230.119907952,99.01,99.0184,0.0084
230.159907936,99.01,99.0184,0.0084
230.19990792000002,99.01,99.0184,0.0084
230.239907904,99.01,99.0184,0.0084
230.279907888,99.01,99.0185,0.0085
230.319907872,99.01,99.0185,0.0085
230.359907856,99.01,99.0186,0.0085
230.39990784,99.01,99.0185,0.0085
230.43990782400002,99.01,99.0185,0.0085
230.47990780799998,99.01,99.0186,0.0085
230.519907792,99.01,99.0186,0.0086
230.559907776,99.01,99.0187,0.0086
230.59990776,99.01,99.0186,0.0086
230.639907744,99.01,99.0187,0.0087
230.679907728,99.01,99.0187,0.0087
230.71990771199998,99.01,99.0187,0.0087
230.759907696,99.01,99.0188,0.0087
230.79990768,99.01,99.0188,0.0087
230.839907664,99.01,99.0188,0.0088
230.879907648,99.01,99.0188,0.0088
230.919907632,99.01,99.0188,0.0087
230.95990761599998,99.01,99.0188,0.0088
230.9999076,99.01,99.0188,0.0087
231.039907584,99.01,99.0188,0.0088
231.079907568,99.01,99.0188,0.0088
231.119907552,99.01,99.0188,0.0088
231.159907536,99.01,99.0188,0.0088
231.19990752,99.01,99.0188,0.0088
231.239907504,99.01,99.0188,0.0088
231.27990748800002,99.01,99.0188,0.0088
231.31990747199998,99.01,99.0189,0.0088
231.359907456,99.01,99.0189,0.0089
231.39990744,99.01,99.019,0.0089
231.439907424,99.01,99.0189,0.0089
231.479907408,99.01,99.019,0.0089
231.519907392,99.01,99.0189,0.0089
231.55990737599998,99.01,99.0189,0.0089
231.59990736,99.01,99.0189,0.0088
231.639907344,99.01,99.0189,0.0088
231.679907328,99.01,99.0189,0.0089
231.71990731199998,99.01,99.0189,0.0088
231.759907296,99.01,99.0189,0.0089
231.79990727999999,99.01,99.0189,0.0089
231.839907264,99.01,99.0189,0.0089
231.879907248,99.01,99.0189,0.0089
231.91990723199999,99.01,99.0189,0.0089
231.95990721599998,99.01,99.0189,0.0089
231.9999072,99.01,99.019,0.0089
232.039907184,99.01,99.019,0.0089
232.079907168,99.01,99.019,0.0089
232.119907152,99.01,99.019,0.009
232.159907136,99.01,99.0191,0.009
232.19990712,99.01,99.0191,0.0091
232.239907104,99.01,99.0191,0.009
232.27990708800002,99.01,99.0191,0.0091
232.319907072,99.01,99.0191,0.0091
232.359907056,99.01,99.0191,0.0091
232.39990704,99.01,99.0191,0.0091
232.439907024,99.01,99.0191,0.0091
232.479907008,99.01,99.0192,0.0092
232.51990699200002,99.01,99.0192,0.0092
232.55990697599998,99.01,99.0193,0.0092
232.59990696,99.01,99.0193,0.0093
232.639906944,99.01,99.0193,0.0093
232.679906928,99.01,99.0194,0.0093
232.719906912,99.01,99.0194,0.0094
232.759906896,99.01,99.0194,0.0093
232.79990687999998,99.01,99.0194,0.0094
232.839906864,99.01,99.0194,0.0094
232.879906848,99.01,99.0195,0.0095
232.919906832,99.01,99.0195,0.0095
232.95990681599997,99.01,99.0195,0.0095
232.9999068,99.01,99.0195,0.0095
233.03990678399998,99.01,99.0195,0.0095
233.079906768,99.01,99.0195,0.0095
233.11990675200002,99.01,99.0195,0.0095
233.15990673599998,99.01,99.0195,0.0095
233.19990672,99.01,99.0195,0.0095
233.239906704,99.01,99.0195,0.0095
233.279906688,99.01,99.0196,0.0095
233.319906672,99.01,99.0196,0.0095
233.35990665600002,99.01,99.0196,0.0096
233.39990663999998,99.01,99.0196,0.0096
233.439906624,99.01,99.0196,0.0096
233.479906608,99.01,99.0196,0.0095
233.519906592,99.01,99.0196,0.0095
233.559906576,99.01,99.0196,0.0096
233.59990656,99.01,99.0196,0.0096
233.63990654399998,99.01,99.0196,0.0096
233.679906528,99.01,99.0196,0.0096
233.719906512,99.01,99.0196,0.0096
233.759906496,99.01,99.0196,0.0096
233.79990647999998,99.01,99.0197,0.0096
233.839906464,99.01,99.0197,0.0096
233.87990644799999,99.01,99.0197,0.0097
233.919906432,99.01,99.0197,0.0096
233.959906416,99.01,99.0197,0.0096
233.9999064,99.01,99.0197,0.0097
234.03990638399998,99.01,99.0197,0.0097
234.079906368,99.01,99.0198,0.0097
234.11990635200002,99.01,99.0198,0.0098
234.159906336,99.01,99.0198,0.0097
234.19990632,99.01,99.0198,0.0098
234.239906304,99.01,99.0198,0.0097
234.279906288,99.01,99.0198,0.0098
234.319906272,99.01,99.0198,0.0098
234.35990625600002,99.01,99.0199,0.0098
234.39990623999998,99.01,99.0199,0.0099
234.439906224,99.01,99.0198,0.0098
234.479906208,99.01,99.0199,0.0098
234.519906192,99.01,99.0198,0.0098
234.559906176,99.01,99.0198,0.0098
234.59990616000002,99.01,99.0198,0.0098
234.63990614399998,99.01,99.0199,0.0098
234.679906128,99.01,99.0199,0.0099
234.719906112,99.01,99.02,0.0099
234.759906096,99.01,99.02,0.0099
234.79990608,99.01,99.02,0.01
234.839906064,99.01,99.02,0.01
234.87990604799998,99.01,99.0201,0.0101
234.919906032,99.01,99.0201,0.0101
234.959906016,99.01,99.0201,0.01
234.999906,99.01,99.0201,0.0101
235.03990598399997,99.01,99.02,0.01
235.079905968,99.01,99.0201,0.0101
235.119905952,99.01,99.0201,0.01
235.159905936,99.01,99.0201,0.0101
235.19990592000002,99.01,99.0201,0.0101
235.23990590399998,99.01,99.0201,0.01
235.279905888,99.01,99.0201,0.0101
235.319905872,99.01,99.0201,0.0101
235.359905856,99.01,99.0201,0.01
235.39990584,99.01,99.0201,0.0101
235.439905824,99.01,99.02,0.01
235.47990580799998,99.01,99.02,0.01
235.519905792,99.01,99.0201,0.01
235.559905776,99.01,99.0201,0.01
235.59990576,99.01,99.0201,0.0101
235.63990574399998,99.01,99.0201,0.0101
235.679905728,99.01,99.0201,0.0101
235.71990571199998,99.01,99.0201,0.0101
235.759905696,99.01,99.0201,0.0101
235.79990568,99.01,99.0202,0.0101
235.839905664,99.01,99.0201,0.0101
235.87990564799998,99.01,99.0201,0.01
235.919905632,99.01,99.0201,0.01
235.959905616,99.01,99.0201,0.01
235.9999056,99.01,99.0201,0.0101
236.039905584,99.01,99.0201,0.0101
236.079905568,99.01,99.0201,0.01
236.119905552,99.01,99.0201,0.0101
236.159905536,99.01,99.0201,0.01
236.19990552000002,99.01,99.0201,0.0101
236.239905504,99.01,99.0201,0.0101
236.279905488,99.01,99.0202,0.0102
236.319905472,99.01,99.0203,0.0102
236.359905456,99.01,99.0202,0.0102
236.39990544,99.01,99.0203,0.0102
236.43990542400002,99.01,99.0203,0.0102
236.47990540799998,99.01,99.0203,0.0103
236.519905392,99.01,99.0203,0.0103
236.559905376,99.01,99.0203,0.0102
236.59990536,99.01,99.0203,0.0103
236.639905344,99.01,99.0203,0.0103
236.679905328,99.01,99.0203,0.0103
236.71990531199998,99.01,99.0203,0.0103
236.759905296,99.01,99.0203,0.0102
236.79990528,99.01,99.0203,0.0103
236.839905264,99.01,99.0203,0.0103
236.87990524799997,99.01,99.0203,0.0103
236.919905232,99.01,99.0203,0.0103
236.95990521599998,99.01,99.0203,0.0103
236.9999052,99.01,99.0203,0.0103
237.039905184,99.01,99.0203,0.0103
237.079905168,99.01,99.0203,0.0102
237.119905152,99.01,99.0203,0.0102
237.159905136,99.01,99.0203,0.0102
237.19990512,99.01,99.0203,0.0102
237.239905104,99.01,99.0203,0.0102
237.27990508800002,99.01,99.0203,0.0102
237.31990507199998,99.01,99.0203,0.0102
237.359905056,99.01,99.0203,0.0102
237.39990504,99.01,99.0203,0.0102
237.439905024,99.01,99.0203,0.0102
237.479905008,99.01,99.0202,0.0102
237.519904992,99.01,99.0202,0.0102
237.55990497599998,99.01,99.0202,0.0102
237.59990496,99.01,99.0202,0.0102
237.639904944,99.01,99.0203,0.0102
237.679904928,99.01,99.0203,0.0102
237.71990491199998,99.01,99.0203,0.0102
237.759904896,99.01,99.0203,0.0102
237.79990487999999,99.01,99.0202,0.0102
237.839904864,99.01,99.0202,0.0102
237.879904848,99.01,99.0202,0.0101
237.919904832,99.01,99.0202,0.0101
237.95990481599998,99.01,99.0202,0.0101
237.9999048,99.01,99.0201,0.0101
238.039904784,99.01,99.0201,0.0101
238.079904768,99.01,99.0201,0.0101
238.119904752,99.01,99.0201,0.0101
238.159904736,99.01,99.0202,0.0101
238.19990472,99.01,99.0201,0.0101
238.239904704,99.01,99.0201,0.0101
238.27990468800002,99.01,99.0201,0.0101
238.319904672,99.01,99.0202,0.0101
238.359904656,99.01,99.0202,0.0102
238.39990464,99.01,99.0202,0.0101
238.439904624,99.01,99.0202,0.0102
238.479904608,99.01,99.0201,0.0101
238.51990459200002,99.01,99.0201,0.0101
238.55990457599998,99.01,99.0202,0.0101
238.59990456,99.01,99.0201,0.0101
238.639904544,99.01,99.0202,0.0101
238.679904528,99.01,99.0201,0.0101
238.719904512,99.01,99.0201,0.0101
238.759904496,99.01,99.0202,0.0101
238.79990447999998,99.01,99.0201,0.0101
238.839904464,99.01,99.0202,0.0101
238.879904448,99.01,99.0202,0.0101
238.919904432,99.01,99.0202,0.0101
238.95990441599997,99.01,99.0202,0.0101
238.9999044,99.01,99.0202,0.0101
239.03990438399998,99.01,99.0202,0.0102
239.079904368,99.01,99.0202,0.0102
239.11990435200002,99.01,99.0202,0.0102
239.15990433599998,99.01,99.0202,0.0102
239.19990432,99.01,99.0202,0.0101
239.239904304,99.01,99.0202,0.0102
239.279904288,99.01,99.0202,0.0102
239.319904272,99.01,99.0202,0.0102
239.359904256,99.01,99.0202,0.0102
239.39990423999998,99.01,99.0202,0.0101
239.439904224,99.01,99.0202,0.0101
239.479904208,99.01,99.0201,0.0101
239.519904192,99.01,99.0201,0.0101
239.559904176,99.01,99.0201,0.0101
239.59990416,99.01,99.0201,0.0101
239.63990414399998,99.01,99.0201,0.0101
239.679904128,99.01,99.0201,0.01
239.719904112,99.01,99.0201,0.0101
239.759904096,99.01,99.0201,0.0101
239.79990407999998,99.01,99.0201,0.0101
239.839904064,99.01,99.0202,0.0101
239.879904048,99.01,99.0202,0.0101
239.919904032,99.01,99.0202,0.0101
239.959904016,99.01,99.0202,0.0102
239.999904,99.01,99.0202,0.0102
240.03990398399998,99.01,99.0203,0.0102
240.079903968,99.01,99.0203,0.0102
240.11990395200002,99.01,99.0203,0.0103
240.159903936,99.01,99.0203,0.0103
240.19990392,99.01,99.0203,0.0103
240.239903904,99.01,99.0204,0.0104
240.279903888,99.01,99.0204,0.0103
240.319903872,99.01,99.0204,0.0103
240.35990385600002,99.01,99.0204,0.0103
240.39990383999998,99.01,99.0204,0.0103
240.439903824,99.01,99.0204,0.0104
240.479903808,99.01,99.0204,0.0104
240.519903792,99.01,99.0205,0.0104
240.559903776,99.01,99.0205,0.0104
240.59990376,99.01,99.0205,0.0104
240.63990374399998,99.01,99.0205,0.0105
240.679903728,99.01,99.0205,0.0105
240.719903712,99.01,99.0205,0.0105
240.759903696,99.01,99.0205,0.0105
240.79990368,99.01,99.0204,0.0104
240.839903664,99.01,99.0204,0.0104
240.87990364799998,99.01,99.0204,0.0103
240.919903632,99.01,99.0204,0.0103
240.959903616,99.01,99.0204,0.0104
240.9999036,99.01,99.0204,0.0104
241.039903584,99.01,99.0204,0.0104
241.079903568,99.01,99.0205,0.0104
241.119903552,99.01,99.0205,0.0104
241.159903536,99.01,99.0205,0.0104
241.19990352000002,99.01,99.0204,0.0104
241.23990350399998,99.01,99.0204,0.0104
241.279903488,99.01,99.0204,0.0104
241.319903472,99.01,99.0204,0.0104
241.359903456,99.01,99.0204,0.0103
241.39990344,99.01,99.0204,0.0104
241.439903424,99.01,99.0205,0.0104
241.47990340799998,99.01,99.0205,0.0104
241.519903392,99.01,99.0204,0.0104
241.559903376,99.01,99.0204,0.0103
241.59990336,99.01,99.0204,0.0103
241.63990334399998,99.01,99.0204,0.0104
241.679903328,99.01,99.0204,0.0104
241.71990331199999,99.01,99.0205,0.0104
241.759903296,99.01,99.0204,0.0104
241.79990328,99.01,99.0205,0.0104
241.839903264,99.01,99.0205,0.0104
241.87990324799998,99.01,99.0205,0.0104
241.919903232,99.01,99.0205,0.0105
241.959903216,99.01,99.0206,0.0105
241.9999032,99.01,99.0206,0.0105
242.039903184,99.01,99.0206,0.0105
242.079903168,99.01,99.0205,0.0105
242.119903152,99.01,99.0205,0.0105
242.159903136,99.01,99.0206,0.0105
242.19990312000002,99.01,99.0206,0.0105
242.239903104,99.01,99.0206,0.0105
242.279903088,99.01,99.0206,0.0105
242.319903072,99.01,99.0206,0.0106
242.359903056,99.01,99.0206,0.0106
242.39990304,99.01,99.0206,0.0106
242.43990302400002,99.01,99.0206,0.0105
242.47990300799998,99.01,99.0206,0.0105
242.519902992,99.01,99.0206,0.0105
242.559902976,99.01,99.0206,0.0105
242.59990296,99.01,99.0206,0.0105
242.639902944,99.01,99.0206,0.0105
242.679902928,99.01,99.0206,0.0105
242.71990291199998,99.01,99.0206,0.0106
242.759902896,99.01,99.0206,0.0106
242.79990288,99.01,99.0206,0.0106
242.839902864,99.01,99.0206,0.0106
242.87990284799997,99.01,99.0206,0.0106
242.919902832,99.01,99.0206,0.0106
242.95990281599998,99.01,99.0206,0.0106
242.9999028,99.01,99.0206,0.0106
243.039902784,99.01,99.0206,0.0106
243.07990276799998,99.01,99.0206,0.0106
243.119902752,99.01,99.0206,0.0106
243.159902736,99.01,99.0206,0.0106
243.19990272,99.01,99.0206,0.0105
243.239902704,99.01,99.0206,0.0105
243.27990268800002,99.01,99.0206,0.0105
243.31990267199998,99.01,99.0206,0.0105
243.359902656,99.01,99.0206,0.0105
243.39990264,99.01,99.0205,0.0105
243.439902624,99.01,99.0205,0.0104
243.479902608,99.01,99.0205,0.0105
243.519902592,99.01,99.0206,0.0105
243.55990257599998,99.01,99.0206,0.0105
243.59990256,99.01,99.0206,0.0105
243.639902544,99.01,99.0205,0.0105
243.679902528,99.01,99.0205,0.0105
243.71990251199998,99.01,99.0205,0.0104
243.759902496,99.01,99.0205,0.0104
243.79990248,99.01,99.0205,0.0104
243.839902464,99.01,99.0205,0.0104
243.879902448,99.01,99.0205,0.0105
243.919902432,99.01,99.0205,0.0105
243.95990241599998,99.01,99.0206,0.0105
243.9999024,99.01,99.0206,0.0105
244.03990238400002,99.01,99.0206,0.0105
244.079902368,99.01,99.0206,0.0106
244.119902352,99.01,99.0206,0.0106
244.159902336,99.01,99.0206,0.0106
244.19990232,99.01,99.0206,0.0106
244.239902304,99.01,99.0206,0.0106
244.27990228800002,99.01,99.0206,0.0106
244.31990227199998,99.01,99.0206,0.0106
244.359902256,99.01,99.0207,0.0106
244.39990224,99.01,99.0207,0.0106
244.439902224,99.01,99.0207,0.0107
244.479902208,99.01,99.0207,0.0107
244.51990219200002,99.01,99.0207,0.0106
244.55990217599998,99.01,99.0207,0.0107
244.59990216,99.01,99.0207,0.0107
244.639902144,99.01,99.0207,0.0107
244.679902128,99.01,99.0208,0.0107
244.719902112,99.01,99.0208,0.0108
244.759902096,99.01,99.0208,0.0108
244.79990207999998,99.01,99.0209,0.0108
244.839902064,99.01,99.0208,0.0108
244.879902048,99.01,99.0209,0.0109
244.919902032,99.01,99.0208,0.0108
244.95990201599997,99.01,99.0209,0.0108
244.999902,99.01,99.0209,0.0108
245.039901984,99.01,99.0209,0.0108
245.079901968,99.01,99.0209,0.0109
245.11990195200002,99.01,99.0209,0.0108
245.15990193599998,99.01,99.0209,0.0109
245.19990192,99.01,99.0209,0.0108
245.239901904,99.01,99.0209,0.0109
245.279901888,99.01,99.0209,0.0109
245.319901872,99.01,99.0209,0.0109
245.359901856,99.01,99.0209,0.0109
245.39990183999998,99.01,99.0209,0.0109
245.439901824,99.01,99.0209,0.0109
245.479901808,99.01,99.0209,0.0108
245.519901792,99.01,99.0209,0.0108
245.55990177599998,99.01,99.0209,0.0108
245.59990176,99.01,99.0209,0.0109
245.63990174399999,99.01,99.0209,0.0109
245.679901728,99.01,99.0209,0.0109
245.719901712,99.01,99.0209,0.0109
245.759901696,99.01,99.0209,0.0109
245.79990167999998,99.01,99.021,0.011
245.839901664,99.01,99.021,0.0109
245.879901648,99.01,99.021,0.011
245.919901632,99.01,99.021,0.011
245.959901616,99.01,99.021,0.0109
245.9999016,99.01,99.021,0.011
246.039901584,99.01,99.021,0.0109
246.079901568,99.01,99.021,0.011
246.11990155200002,99.01,99.021,0.0109
246.159901536,99.01,99.0209,0.0109
246.19990152,99.01,99.0209,0.0109
246.239901504,99.01,99.0209,0.0109
246.279901488,99.01,99.0209,0.0109
246.319901472,99.01,99.0209,0.0109
246.35990145600002,99.01,99.021,0.0109
246.39990143999998,99.01,99.021,0.0109
246.439901424,99.01,99.0209,0.0109
246.479901408,99.01,99.0209,0.0109
246.519901392,99.01,99.0209,0.0109
246.559901376,99.01,99.0209,0.0109
246.59990136,99.01,99.0209,0.0109
246.63990134399998,99.01,99.0209,0.0109
246.679901328,99.01,99.0209,0.0109
246.719901312,99.01,99.0209,0.0108
246.759901296,99.01,99.0209,0.0108
246.79990127999997,99.01,99.0209,0.0109
246.839901264,99.01,99.0209,0.0108
246.87990124799998,99.01,99.0209,0.0109
246.919901232,99.01,99.0209,0.0109
246.959901216,99.01,99.0209,0.0109
246.99990119999998,99.01,99.021,0.0109
247.039901184,99.01,99.0209,0.0109
247.079901168,99.01,99.0209,0.0109
247.119901152,99.01,99.0209,0.0109
247.159901136,99.01,99.0209,0.0108
247.19990112000002,99.01,99.0209,0.0108
247.23990110399998,99.01,99.0208,0.0108
247.279901088,99.01,99.0208,0.0108
247.319901072,99.01,99.0208,0.0108
247.359901056,99.01,99.0208,0.0107
247.39990104,99.01,99.0208,0.0108
247.439901024,99.01,99.0207,0.0107
247.47990100799998,99.01,99.0207,0.0107
247.519900992,99.01,99.0208,0.0107
247.559900976,99.01,99.0208,0.0107
247.59990096,99.01,99.0208,0.0107
247.63990094399998,99.01,99.0207,0.0107
247.679900928,99.01,99.0208,0.0107
247.71990091199999,99.01,99.0208,0.0107
247.759900896,99.01,99.0208,0.0107
247.79990088,99.01,99.0208,0.0107
247.839900864,99.01,99.0207,0.0107
247.87990084799998,99.01,99.0207,0.0107
247.919900832,99.01,99.0207,0.0107
247.959900816,99.01,99.0207,0.0106
247.9999008,99.01,99.0207,0.0106
248.039900784,99.01,99.0207,0.0106
248.079900768,99.01,99.0206,0.0106
248.119900752,99.01,99.0206,0.0106
248.159900736,99.01,99.0206,0.0105
248.19990072000002,99.01,99.0206,0.0105
248.23990070399998,99.01,99.0206,0.0105
248.279900688,99.01,99.0206,0.0105
248.319900672,99.01,99.0205,0.0105
248.359900656,99.01,99.0205,0.0104
248.39990064,99.01,99.0205,0.0104
248.43990062400002,99.01,99.0204,0.0104
248.47990060799998,99.01,99.0204,0.0104
248.519900592,99.01,99.0204,0.0104
248.559900576,99.01,99.0204,0.0104
248.59990056,99.01,99.0205,0.0104
248.639900544,99.01,99.0205,0.0104
248.679900528,99.01,99.0205,0.0104
248.71990051199998,99.01,99.0205,0.0104
248.759900496,99.01,99.0204,0.0104
248.79990048,99.01,99.0205,0.0104
248.839900464,99.01,99.0205,0.0104
248.87990044799997,99.01,99.0204,0.0104
248.919900432,99.01,99.0205,0.0104
248.95990041599998,99.01,99.0204,0.0104
248.9999004,99.01,99.0204,0.0104
249.03990038400002,99.01,99.0204,0.0104
249.07990036799998,99.01,99.0203,0.0103
249.119900352,99.01,99.0204,0.0103
249.159900336,99.01,99.0203,0.0102
249.19990032,99.01,99.0203,0.0103
249.239900304,99.01,99.0203,0.0102
249.279900288,99.01,99.0202,0.0102
249.31990027199998,99.01,99.0202,0.0102
249.359900256,99.01,99.0202,0.0102
249.39990024,99.01,99.0202,0.0101
249.439900224,99.01,99.0202,0.0101
249.47990020799998,99.01,99.0201,0.01
249.519900192,99.01,99.0201,0.0101
249.55990017599999,99.01,99.02,0.01
249.59990016,99.01,99.02,0.0099
249.639900144,99.01,99.02,0.01
249.679900128,99.01,99.02,0.0099
249.71990011199998,99.01,99.02,0.01
249.759900096,99.01,99.02,0.0099
249.79990008,99.01,99.02,0.01
249.839900064,99.01,99.02,0.01
249.879900048,99.01,99.02,0.01
249.919900032,99.01,99.02,0.01
249.959900016,99.01,99.02,0.0099
249.9999,99.01,99.02,0.0099
250.03989998400002,99.01,99.02,0.0099
250.079899968,99.01,99.0199,0.0098
250.11989995200003,99.01,99.0199,0.0098
250.15989993600002,99.01,99.0198,0.0098
250.19989992000004,99.01,99.0198,0.0098
250.23989990399997,99.01,99.0199,0.0098
250.279899888,99.01,99.0198,0.0098
250.31989987199998,99.01,99.0198,0.0098
250.359899856,99.01,99.0198,0.0098
250.39989984,99.01,99.0198,0.0098
250.439899824,99.01,99.0199,0.0098
250.479899808,99.01,99.0198,0.0098
250.51989979200002,99.01,99.0199,0.0098
250.559899776,99.01,99.0198,0.0098
250.59989976000003,99.01,99.0198,0.0098
250.63989974399996,99.01,99.0198,0.0098
250.67989972799998,99.01,99.0198,0.0097
250.71989971199997,99.01,99.0198,0.0097
250.759899696,99.01,99.0197,0.0097
250.79989967999998,99.01,99.0197,0.0096
250.839899664,99.01,99.0197,0.0096
250.879899648,99.01,99.0196,0.0095
250.919899632,99.01,99.0195,0.0095
250.959899616,99.01,99.0195,0.0095
250.99989960000002,99.01,99.0195,0.0094
251.03989958399998,99.01,99.0195,0.0094
251.07989956799997,99.01,99.0194,0.0094
251.119899552,99.01,99.0194,0.0094
251.15989953599998,99.01,99.0194,0.0093
251.19989952,99.01,99.0194,0.0093
251.239899504,99.01,99.0194,0.0093
251.279899488,99.01,99.0194,0.0093
251.319899472,99.01,99.0194,0.0093
251.35989945600002,99.01,99.0194,0.0093
251.39989944,99.01,99.0193,0.0093
251.43989942400003,99.01,99.0193,0.0093
251.47989940799997,99.01,99.0193,0.0093
251.51989939199999,99.01,99.0193,0.0093
251.55989937599998,99.01,99.0193,0.0093
251.59989936,99.01,99.0193,0.0092
251.63989934399999,99.01,99.0193,0.0093
251.679899328,99.01,99.0193,0.0092
251.719899312,99.01,99.0192,0.0092
251.75989929600001,99.01,99.0192,0.0092
251.79989928,99.01,99.0192,0.0092
251.83989926400002,99.01,99.0192,0.0092
251.87989924799996,99.01,99.0192,0.0092
251.91989923199998,99.01,99.0192,0.0092
251.959899216,99.01,99.0192,0.0092
251.9998992,99.01,99.0191,0.0091
252.039899184,99.01,99.0192,0.0091
252.079899168,99.01,99.0192,0.0091
252.11989915200002,99.01,99.0191,0.0091
252.159899136,99.01,99.0191,0.0091
252.19989912000003,99.01,99.0191,0.009
252.23989910400002,99.01,99.0191,0.009
252.27989908799998,99.01,99.0191,0.009
252.31989907199997,99.01,99.0191,0.009
252.359899056,99.01,99.0191,0.0091
252.39989903999998,99.01,99.0191,0.009
252.439899024,99.01,99.0191,0.009
252.479899008,99.01,99.0191,0.009
252.519898992,99.01,99.0191,0.009
252.559898976,99.01,99.0191,0.009
252.59989896000002,99.01,99.0191,0.0091
252.639898944,99.01,99.0191,0.009
252.67989892800003,99.01,99.0191,0.0091
252.71989891199996,99.01,99.0191,0.009
252.75989889599998,99.01,99.0191,0.0091
252.79989887999997,99.01,99.0192,0.0091
252.839898864,99.01,99.0191,0.0091
252.87989884799998,99.01,99.0191,0.0091
252.919898832,99.01,99.0191,0.009
252.95989881600002,99.01,99.0191,0.009
252.9998988,99.01,99.019,0.009
253.03989878400003,99.01,99.019,0.009
253.07989876800002,99.01,99.0191,0.009
253.11989875199998,99.01,99.019,0.009
253.15989873599997,99.01,99.0191,0.009
253.19989872,99.01,99.0191,0.009
253.23989870399998,99.01,99.0191,0.009
253.279898688,99.01,99.0191,0.0091
253.319898672,99.01,99.0191,0.009
253.359898656,99.01,99.0191,0.009
253.39989864,99.01,99.0191,0.009
253.43989862400002,99.01,99.019,0.009
253.479898608,99.01,99.0191,0.009
253.51989859199998,99.01,99.0191,0.009
253.55989857599997,99.01,99.0191,0.009
253.59989855999999,99.01,99.019,0.009
253.63989854399998,99.01,99.019,0.009
253.679898528,99.01,99.0191,0.009
253.719898512,99.01,99.0191,0.009
253.759898496,99.01,99.0191,0.009
253.79989848,99.01,99.0191,0.0091
253.83989846400002,99.01,99.0191,0.0091
253.879898448,99.01,99.0191,0.0091
253.91989843200002,99.01,99.0191,0.0091
253.959898416,99.01,99.0192,0.0091
253.99989839999998,99.01,99.0193,0.0092
254.039898384,99.01,99.0193,0.0092
254.079898368,99.01,99.0193,0.0093
254.119898352,99.01,99.0194,0.0093
254.159898336,99.01,99.0193,0.0093
254.19989832000002,99.01,99.0194,0.0094
254.239898304,99.01,99.0194,0.0093
254.27989828800003,99.01,99.0194,0.0093
254.31989827200002,99.01,99.0194,0.0094
254.35989825599998,99.01,99.0194,0.0093
254.39989823999997,99.01,99.0194,0.0094
254.439898224,99.01,99.0194,0.0094
254.47989820799998,99.01,99.0194,0.0093
254.519898192,99.01,99.0194,0.0093
254.559898176,99.01,99.0194,0.0093
254.59989816,99.01,99.0194,0.0094
254.639898144,99.01,99.0194,0.0094
254.67989812800002,99.01,99.0194,0.0094
254.719898112,99.01,99.0194,0.0094
254.75989809599997,99.01,99.0194,0.0093
254.79989807999996,99.01,99.0194,0.0094
254.83989806399998,99.01,99.0194,0.0093
254.87989804799997,99.01,99.0194,0.0093
254.919898032,99.01,99.0194,0.0093
254.959898016,99.01,99.0194,0.0093
254.999898,99.01,99.0194,0.0094
255.03989798400002,99.01,99.0194,0.0094
255.079897968,99.01,99.0194,0.0094
255.11989795200003,99.01,99.0195,0.0094
255.15989793600002,99.01,99.0195,0.0094
255.19989791999998,99.01,99.0195,0.0095
255.23989790399997,99.01,99.0194,0.0094
255.279897888,99.01,99.0194,0.0094
255.31989787199998,99.01,99.0194,0.0094
255.359897856,99.01,99.0194,0.0094
255.39989784,99.01,99.0195,0.0094
255.439897824,99.01,99.0195,0.0094
255.479897808,99.01,99.0195,0.0094
255.51989779200002,99.01,99.0195,0.0094
255.559897776,99.01,99.0194,0.0094
255.59989775999998,99.01,99.0195,0.0094
255.63989774399997,99.01,99.0194,0.0094
255.679897728,99.01,99.0194,0.0094
255.71989771199998,99.01,99.0194,0.0094
255.759897696,99.01,99.0194,0.0094
255.79989768,99.01,99.0194,0.0094
255.839897664,99.01,99.0194,0.0094
255.879897648,99.01,99.0194,0.0093
255.91989763200002,99.01,99.0194,0.0094
255.95989761600003,99.01,99.0194,0.0093
255.99989759999997,99.01,99.0194,0.0094
256.03989758399996,99.01,99.0194,0.0094
256.079897568,99.01,99.0194,0.0094
256.119897552,99.01,99.0195,0.0094
256.159897536,99.01,99.0194,0.0094
256.19989752,99.01,99.0195,0.0094
256.239897504,99.01,99.0195,0.0094
256.279897488,99.01,99.0195,0.0095
256.31989747200004,99.01,99.0195,0.0095
256.359897456,99.01,99.0195,0.0095
256.39989744,99.01,99.0196,0.0095
256.439897424,99.01,99.0196,0.0096
256.479897408,99.01,99.0196,0.0096
256.51989739199996,99.01,99.0197,0.0097
256.559897376,99.01,99.0197,0.0097
256.59989736,99.01,99.0198,0.0097
256.639897344,99.01,99.0199,0.0098
256.679897328,99.01,99.0198,0.0098
256.719897312,99.01,99.0199,0.0099
256.759897296,99.01,99.0199,0.0099
256.79989728000004,99.01,99.02,0.0099
256.83989726399994,99.01,99.02,0.01
256.87989724799996,99.01,99.02,0.0099
256.919897232,99.01,99.02,0.01
256.959897216,99.01,99.02,0.01
256.9998972,99.01,99.02,0.01
257.039897184,99.01,99.02,0.01
257.079897168,99.01,99.02,0.01
257.119897152,99.01,99.0201,0.01
257.15989713600004,99.01,99.0201,0.01
257.19989712,99.01,99.0201,0.01
257.23989710399997,99.01,99.0201,0.0101
257.279897088,99.01,99.0201,0.0101
257.319897072,99.01,99.0201,0.0101
257.35989705599997,99.01,99.0201,0.0101
257.39989704,99.01,99.0202,0.0101
257.439897024,99.01,99.0202,0.0102
257.479897008,99.01,99.0202,0.0102
257.519896992,99.01,99.0203,0.0102
257.559896976,99.01,99.0203,0.0103
257.59989696,99.01,99.0204,0.0103
257.639896944,99.01,99.0204,0.0104
257.67989692799995,99.01,99.0205,0.0104
257.71989691199997,99.01,99.0205,0.0104
257.759896896,99.01,99.0205,0.0104
257.79989688,99.01,99.0205,0.0105
257.83989686399997,99.01,99.0206,0.0105
257.879896848,99.01,99.0206,0.0105
257.919896832,99.01,99.0206,0.0105
257.959896816,99.01,99.0206,0.0106
257.99989680000004,99.01,99.0207,0.0106
258.039896784,99.01,99.0207,0.0107
258.07989676799997,99.01,99.0207,0.0107
258.119896752,99.01,99.0207,0.0107
258.159896736,99.01,99.0207,0.0107
258.19989671999997,99.01,99.0207,0.0107
258.239896704,99.01,99.0207,0.0107
258.279896688,99.01,99.0207,0.0106
258.319896672,99.01,99.0206,0.0106
258.359896656,99.01,99.0206,0.0106
258.39989664,99.01,99.0206,0.0105
258.439896624,99.01,99.0206,0.0106
258.479896608,99.01,99.0207,0.0106
258.51989659199995,99.01,99.0207,0.0106
258.55989657599997,99.01,99.0207,0.0107
258.59989656,99.01,99.0207,0.0106
258.639896544,99.01,99.0207,0.0107
258.679896528,99.01,99.0207,0.0107
258.719896512,99.01,99.0207,0.0107
258.759896496,99.01,99.0207,0.0107
258.79989648000003,99.01,99.0207,0.0107
258.839896464,99.01,99.0207,0.0107
258.87989644799995,99.01,99.0207,0.0106
258.919896432,99.01,99.0207,0.0106
258.959896416,99.01,99.0207,0.0107
258.9998964,99.01,99.0207,0.0107
259.039896384,99.01,99.0208,0.0107
259.079896368,99.01,99.0208,0.0108
259.119896352,99.01,99.0208,0.0107
259.15989633600003,99.01,99.0208,0.0108
259.19989632,99.01,99.0207,0.0107
259.239896304,99.01,99.0207,0.0107
259.27989628800003,99.01,99.0207,0.0107
259.319896272,99.01,99.0207,0.0106
259.35989625599996,99.01,99.0207,0.0107
259.39989624,99.01,99.0207,0.0106
259.439896224,99.01,99.0206,0.0106
259.479896208,99.01,99.0206,0.0106
259.519896192,99.01,99.0206,0.0105
259.559896176,99.01,99.0206,0.0105
259.59989616,99.01,99.0205,0.0105
259.63989614400003,99.01,99.0205,0.0105
259.679896128,99.01,99.0205,0.0105
259.71989611199996,99.01,99.0204,0.0104
259.759896096,99.01,99.0204,0.0104
259.79989608,99.01,99.0204,0.0103
259.83989606399996,99.01,99.0203,0.0102
259.879896048,99.01,99.0203,0.0103
259.919896032,99.01,99.0202,0.0102
259.959896016,99.01,99.0202,0.0102
259.99989600000004,99.01,99.0202,0.0101
260.039895984,99.01,99.0202,0.0101
260.079895968,99.01,99.0202,0.0101
260.119895952,99.01,99.0201,0.01
260.159895936,99.01,99.0201,0.01
260.19989591999996,99.01,99.0201,0.01
260.239895904,99.01,99.02,0.01
260.279895888,99.01,99.02,0.01
260.319895872,99.01,99.0199,0.0099
260.359895856,99.01,99.02,0.0099
260.39989584,99.01,99.0199,0.0098
260.439895824,99.01,99.0198,0.0097
260.47989580800004,99.01,99.0197,0.0097
260.519895792,99.01,99.0197,0.0097
260.55989577599996,99.01,99.0197,0.0096
260.59989576,99.01,99.0196,0.0096
260.639895744,99.01,99.0196,0.0095
260.67989572799996,99.01,99.0196,0.0096
260.719895712,99.01,99.0195,0.0095
260.759895696,99.01,99.0195,0.0094
260.79989568,99.01,99.0194,0.0094
260.839895664,99.01,99.0193,0.0093
260.879895648,99.01,99.0193,0.0093
260.919895632,99.01,99.0193,0.0092
260.959895616,99.01,99.0192,0.0092
260.9998956,99.01,99.0192,0.0092
261.03989558399996,99.01,99.0191,0.0091
261.079895568,99.01,99.0191,0.0091
261.119895552,99.01,99.0191,0.0091
261.159895536,99.01,99.0191,0.009
261.19989552,99.01,99.0191,0.009
261.239895504,99.01,99.019,0.009
261.279895488,99.01,99.0191,0.009
261.31989547200004,99.01,99.0191,0.009
261.35989545599995,99.01,99.0191,0.009
261.39989543999997,99.01,99.0191,0.0091
261.439895424,99.01,99.0191,0.009
261.479895408,99.01,99.0191,0.0091
261.51989539199997,99.01,99.0191,0.0091
261.559895376,99.01,99.0191,0.0091
261.59989536,99.01,99.0192,0.0091
261.639895344,99.01,99.0191,0.0091
261.679895328,99.01,99.0192,0.0091
261.719895312,99.01,99.0192,0.0091
261.759895296,99.01,99.0191,0.0091
261.79989528,99.01,99.0192,0.0092
261.839895264,99.01,99.0192,0.0092
261.87989524799997,99.01,99.0192,0.0092
261.919895232,99.01,99.0192,0.0092
261.959895216,99.01,99.0192,0.0092
261.9998952,99.01,99.0193,0.0093
262.039895184,99.01,99.0193,0.0093
262.079895168,99.01,99.0194,0.0094
262.119895152,99.01,99.0194,0.0094
262.15989513600005,99.01,99.0194,0.0094
262.19989511999995,99.01,99.0195,0.0094
262.23989510399997,99.01,99.0194,0.0094
262.279895088,99.01,99.0195,0.0094
262.319895072,99.01,99.0195,0.0095
262.35989505599997,99.01,99.0195,0.0094
262.39989504,99.01,99.0195,0.0095
262.439895024,99.01,99.0195,0.0095
262.479895008,99.01,99.0196,0.0095
262.519894992,99.01,99.0196,0.0096
262.559894976,99.01,99.0197,0.0097
262.59989496,99.01,99.0198,0.0097
262.639894944,99.01,99.0198,0.0098
262.67989492799995,99.01,99.0198,0.0098
262.719894912,99.01,99.0199,0.0098
262.759894896,99.01,99.0198,0.0098
262.79989488,99.01,99.0199,0.0098
262.839894864,99.01,99.0199,0.0098
262.879894848,99.01,99.0199,0.0098
262.919894832,99.01,99.0199,0.0098
262.95989481600003,99.01,99.0199,0.0098
262.99989480000005,99.01,99.02,0.0099
263.03989478399996,99.01,99.02,0.0099
263.079894768,99.01,99.02,0.0099
263.119894752,99.01,99.02,0.0099
263.159894736,99.01,99.02,0.0099
263.19989472,99.01,99.02,0.01
263.239894704,99.01,99.0201,0.01
263.279894688,99.01,99.0201,0.01
263.31989467200003,99.01,99.0201,0.0101
263.359894656,99.01,99.0202,0.0101
263.39989464,99.01,99.0201,0.0101
263.439894624,99.01,99.0202,0.0101
263.479894608,99.01,99.0202,0.0102
263.51989459199996,99.01,99.0203,0.0102
263.559894576,99.01,99.0202,0.0102
263.59989456,99.01,99.0203,0.0102
263.639894544,99.01,99.0203,0.0102
263.679894528,99.01,99.0203,0.0102
263.719894512,99.01,99.0203,0.0103
263.759894496,99.01,99.0202,0.0102
263.79989448000003,99.01,99.0202,0.0102
263.839894464,99.01,99.0203,0.0102
263.87989444799996,99.01,99.0202,0.0102
263.919894432,99.01,99.0203,0.0102
263.959894416,99.01,99.0203,0.0102
263.9998944,99.01,99.0203,0.0103
264.039894384,99.01,99.0204,0.0104
264.079894368,99.01,99.0204,0.0103
264.119894352,99.01,99.0204,0.0104
264.15989433600004,99.01,99.0204,0.0104
264.19989432,99.01,99.0205,0.0104
264.239894304,99.01,99.0205,0.0105
264.279894288,99.01,99.0206,0.0105
264.319894272,99.01,99.0206,0.0106
264.35989425599996,99.01,99.0207,0.0106
264.39989424,99.01,99.0207,0.0106
264.439894224,99.01,99.0207,0.0107
264.479894208,99.01,99.0207,0.0107
264.519894192,99.01,99.0207,0.0107
264.559894176,99.01,99.0207,0.0107
264.59989416,99.01,99.0207,0.0107
264.63989414400004,99.01,99.0207,0.0107
264.67989412799994,99.01,99.0207,0.0107
264.71989411199996,99.01,99.0208,0.0107
264.759894096,99.01,99.0207,0.0107
264.79989408,99.01,99.0208,0.0107
264.83989406399996,99.01,99.0208,0.0107
264.879894048,99.01,99.0207,0.0107
264.919894032,99.01,99.0208,0.0107
264.959894016,99.01,99.0208,0.0107
264.99989400000004,99.01,99.0207,0.0107
265.039893984,99.01,99.0207,0.0107
265.07989396799996,99.01,99.0208,0.0107
265.119893952,99.01,99.0208,0.0108
265.159893936,99.01,99.0208,0.0108
265.19989391999997,99.01,99.0208,0.0108
265.239893904,99.01,99.0209,0.0108
265.279893888,99.01,99.0208,0.0108
265.319893872,99.01,99.0208,0.0108
265.359893856,99.01,99.0208,0.0108
265.39989384,99.01,99.0208,0.0108
265.439893824,99.01,99.0208,0.0108
265.47989380800004,99.01,99.0208,0.0107
265.51989379199995,99.01,99.0208,0.0107
265.55989377599997,99.01,99.0208,0.0107
265.59989376,99.01,99.0207,0.0107
265.639893744,99.01,99.0208,0.0107
265.67989372799997,99.01,99.0208,0.0107
265.719893712,99.01,99.0208,0.0107
265.759893696,99.01,99.0207,0.0107
265.79989368,99.01,99.0207,0.0107
265.839893664,99.01,99.0208,0.0107
265.879893648,99.01,99.0207,0.0107
265.91989363199997,99.01,99.0207,0.0107
265.959893616,99.01,99.0208,0.0107
265.9998936,99.01,99.0208,0.0107
266.03989358399997,99.01,99.0208,0.0108
266.079893568,99.01,99.0207,0.0107
266.119893552,99.01,99.0208,0.0107
266.159893536,99.01,99.0208,0.0108
266.19989352,99.01,99.0207,0.0107
266.239893504,99.01,99.0208,0.0107
266.279893488,99.01,99.0208,0.0107
266.319893472,99.01,99.0208,0.0108
266.35989345599995,99.01,99.0209,0.0109
266.39989343999997,99.01,99.0208,0.0108
266.439893424,99.01,99.0208,0.0108
266.479893408,99.01,99.0208,0.0108
266.519893392,99.01,99.0208,0.0107
266.559893376,99.01,99.0207,0.0107
266.59989336,99.01,99.0208,0.0107
266.63989334400003,99.01,99.0208,0.0108
266.679893328,99.01,99.0207,0.0107
266.719893312,99.01,99.0207,0.0107
266.759893296,99.01,99.0208,0.0107
266.79989328,99.01,99.0207,0.0107
266.839893264,99.01,99.0208,0.0107
266.879893248,99.01,99.0208,0.0107
266.919893232,99.01,99.0207,0.0107
266.959893216,99.01,99.0208,0.0108
266.99989320000003,99.01,99.0208,0.0107
267.039893184,99.01,99.0208,0.0108
267.079893168,99.01,99.0209,0.0108
267.11989315200003,99.01,99.0208,0.0108
267.159893136,99.01,99.0209,0.0108
267.19989311999996,99.01,99.0208,0.0108
267.239893104,99.01,99.0208,0.0108
267.279893088,99.01,99.0209,0.0108
267.319893072,99.01,99.0208,0.0108
267.359893056,99.01,99.0208,0.0108
267.39989304,99.01,99.0208,0.0108
267.439893024,99.01,99.0208,0.0107
267.47989300800003,99.01,99.0207,0.0107
267.519892992,99.01,99.0207,0.0106
267.55989297599996,99.01,99.0207,0.0106
267.59989296,99.01,99.0206,0.0105
267.639892944,99.01,99.0206,0.0105
267.67989292799996,99.01,99.0205,0.0105
267.719892912,99.01,99.0205,0.0104
267.759892896,99.01,99.0205,0.0104
267.79989288,99.01,99.0204,0.0104
267.83989286400003,99.01,99.0204,0.0104
267.879892848,99.01,99.0204,0.0103
267.919892832,99.01,99.0203,0.0103
267.95989281600004,99.01,99.0204,0.0103
267.9998928,99.01,99.0203,0.0103
268.03989278399996,99.01,99.0203,0.0103
268.079892768,99.01,99.0203,0.0103
268.119892752,99.01,99.0203,0.0102
268.159892736,99.01,99.0203,0.0102
268.19989272,99.01,99.0203,0.0102
268.239892704,99.01,99.0202,0.0101
268.279892688,99.01,99.0201,0.0101
268.31989267200004,99.01,99.0201,0.01
268.359892656,99.01,99.02,0.01
268.39989263999996,99.01,99.02,0.0099
268.439892624,99.01,99.0199,0.0099
268.479892608,99.01,99.02,0.0099
268.51989259199996,99.01,99.0199,0.0098
268.559892576,99.01,99.0199,0.0098
268.59989256,99.01,99.0199,0.0098
268.639892544,99.01,99.0199,0.0098
268.679892528,99.01,99.0199,0.0098
268.719892512,99.01,99.0199,0.0098
268.759892496,99.01,99.0199,0.0099
268.79989248,99.01,99.0199,0.0099
268.839892464,99.01,99.0199,0.0098
268.87989244799996,99.01,99.0199,0.0098
268.919892432,99.01,99.0198,0.0097
268.959892416,99.01,99.0198,0.0097
268.9998924,99.01,99.0197,0.0097
269.039892384,99.01,99.0197,0.0096
269.079892368,99.01,99.0197,0.0096
269.119892352,99.01,99.0196,0.0096
269.15989233600004,99.01,99.0195,0.0095
269.19989232,99.01,99.0195,0.0094
269.23989230399997,99.01,99.0194,0.0094
269.279892288,99.01,99.0194,0.0094
269.319892272,99.01,99.0193,0.0093
269.35989225599997,99.01,99.0193,0.0092
269.39989224,99.01,99.0193,0.0092
269.439892224,99.01,99.0191,0.0091
269.479892208,99.01,99.0191,0.009
269.519892192,99.01,99.019,0.009
269.559892176,99.01,99.0189,0.0089
269.59989216,99.01,99.0189,0.0089
269.639892144,99.01,99.0189,0.0088
269.67989212799995,99.01,99.0188,0.0088
269.71989211199997,99.01,99.0188,0.0087
269.759892096,99.01,99.0187,0.0087
269.79989208,99.01,99.0187,0.0087
269.839892064,99.01,99.0187,0.0086
269.879892048,99.01,99.0187,0.0086
269.919892032,99.01,99.0186,0.0086
269.959892016,99.01,99.0186,0.0086
269.99989200000005,99.01,99.0186,0.0086
270.03989198399995,99.01,99.0185,0.0085
270.07989196799997,99.01,99.0185,0.0085
270.119891952,99.01,99.0185,0.0085
270.159891936,99.01,99.0185,0.0084
270.19989191999997,99.01,99.0185,0.0084
270.239891904,99.01,99.0184,0.0084
270.279891888,99.01,99.0183,0.0083
270.319891872,99.01,99.0183,0.0082
270.359891856,99.01,99.0182,0.0082
270.39989184,99.01,99.0182,0.0082
270.43989182400003,99.01,99.0181,0.0081
270.479891808,99.01,99.0181,0.008
270.51989179199995,99.01,99.018,0.008
270.559891776,99.01,99.0179,0.0079
270.59989176,99.01,99.0179,0.0078
270.639891744,99.01,99.0179,0.0078
270.679891728,99.01,99.0178,0.0078
270.719891712,99.01,99.0178,0.0078
270.759891696,99.01,99.0177,0.0077
270.79989168000003,99.01,99.0177,0.0077
270.839891664,99.01,99.0177,0.0077
270.87989164799995,99.01,99.0177,0.0077
270.919891632,99.01,99.0177,0.0077
270.959891616,99.01,99.0177,0.0076
270.9998916,99.01,99.0177,0.0076
271.039891584,99.01,99.0176,0.0076
271.079891568,99.01,99.0176,0.0076
271.119891552,99.01,99.0176,0.0076
271.15989153600003,99.01,99.0176,0.0075
271.19989152,99.01,99.0175,0.0075
271.239891504,99.01,99.0175,0.0075
271.279891488,99.01,99.0175,0.0074
271.319891472,99.01,99.0175,0.0074
271.35989145599996,99.01,99.0174,0.0074
271.39989144,99.01,99.0174,0.0074
271.439891424,99.01,99.0174,0.0074
271.479891408,99.01,99.0174,0.0074
271.519891392,99.01,99.0174,0.0074
271.559891376,99.01,99.0174,0.0073
271.59989136,99.01,99.0174,0.0073
271.63989134400003,99.01,99.0173,0.0073
271.679891328,99.01,99.0173,0.0072
271.71989131199996,99.01,99.0173,0.0072
271.759891296,99.01,99.0172,0.0072
271.79989128,99.01,99.0172,0.0072
271.839891264,99.01,99.0171,0.0071
271.879891248,99.01,99.0171,0.007
271.919891232,99.01,99.0171,0.007
271.959891216,99.01,99.017,0.007
271.99989120000004,99.01,99.017,0.0069
272.039891184,99.01,99.017,0.0069
272.079891168,99.01,99.0169,0.0069
272.119891152,99.01,99.017,0.0069
272.159891136,99.01,99.017,0.007
272.19989111999996,99.01,99.017,0.0069
272.239891104,99.01,99.017,0.0069
272.279891088,99.01,99.0169,0.0069
272.319891072,99.01,99.017,0.0069
272.359891056,99.01,99.017,0.007
272.39989104,99.01,99.017,0.007
272.439891024,99.01,99.017,0.007
272.47989100800004,99.01,99.017,0.007
272.51989099199994,99.01,99.0171,0.007
272.55989097599996,99.01,99.0171,0.0071
272.59989096,99.01,99.0171,0.0071
272.639890944,99.01,99.0172,0.0071
272.67989092799996,99.01,99.0172,0.0071
272.719890912,99.01,99.0172,0.0072
272.759890896,99.01,99.0172,0.0072
272.79989088,99.01,99.0172,0.0072
272.83989086400004,99.01,99.0173,0.0072
272.879890848,99.01,99.0173,0.0072
272.919890832,99.01,99.0173,0.0073
272.959890816,99.01,99.0174,0.0073
272.9998908,99.01,99.0174,0.0073
273.03989078399997,99.01,99.0174,0.0073
273.079890768,99.01,99.0173,0.0073
273.119890752,99.01,99.0174,0.0073
273.159890736,99.01,99.0174,0.0073
273.19989072,99.01,99.0174,0.0073
273.239890704,99.01,99.0174,0.0074
273.279890688,99.01,99.0174,0.0074
273.31989067200004,99.01,99.0175,0.0074
273.35989065599995,99.01,99.0175,0.0075
273.39989063999997,99.01,99.0175,0.0075
273.439890624,99.01,99.0175,0.0075
273.479890608,99.01,99.0176,0.0075
273.51989059199997,99.01,99.0176,0.0075
273.559890576,99.01,99.0176,0.0076
273.59989056,99.01,99.0176,0.0076
273.639890544,99.01,99.0177,0.0076
273.679890528,99.01,99.0177,0.0076
273.719890512,99.01,99.0177,0.0076
273.75989049599997,99.01,99.0177,0.0077
273.79989048,99.01,99.0177,0.0077
273.839890464,99.01,99.0177,0.0077
273.87989044799997,99.01,99.0178,0.0077
273.919890432,99.01,99.0177,0.0077
273.959890416,99.01,99.0178,0.0078
273.9998904,99.01,99.0178,0.0078
274.039890384,99.01,99.0179,0.0078
274.079890368,99.01,99.0179,0.0078
274.119890352,99.01,99.0178,0.0078
274.15989033600005,99.01,99.0179,0.0078
274.19989031999995,99.01,99.0178,0.0078
274.23989030399997,99.01,99.0179,0.0078
274.279890288,99.01,99.0179,0.0079
274.319890272,99.01,99.0179,0.0078
274.35989025599997,99.01,99.0179,0.0079
274.39989024,99.01,99.0179,0.0078
274.439890224,99.01,99.0178,0.0078
274.47989020800003,99.01,99.0178,0.0078
274.519890192,99.01,99.0178,0.0078
274.559890176,99.01,99.0179,0.0078
274.59989016,99.01,99.0179,0.0078
274.639890144,99.01,99.0179,0.0078
274.67989012799995,99.01,99.0179,0.0078
274.719890112,99.01,99.0179,0.0078
274.759890096,99.01,99.0179,0.0079
274.79989008,99.01,99.018,0.0079
274.83989006400003,99.01,99.018,0.008
274.879890048,99.01,99.0181,0.008
274.919890032,99.01,99.0181,0.0081
274.95989001600003,99.01,99.0181,0.0081
274.99989,99.01,99.0181,0.0081
275.03988998399996,99.01,99.0182,0.0081
275.079889968,99.01,99.0182,0.0082
275.119889952,99.01,99.0182,0.0081
275.159889936,99.01,99.0182,0.0082
275.19988992,99.01,99.0182,0.0082
275.239889904,99.01,99.0182,0.0081
275.279889888,99.01,99.0183,0.0082
275.31988987200003,99.01,99.0182,0.0082
275.359889856,99.01,99.0182,0.0081
275.39988984,99.01,99.0182,0.0081
275.439889824,99.01,99.0182,0.0081
275.479889808,99.01,99.0182,0.0081
275.51988979199996,99.01,99.0181,0.0081
275.559889776,99.01,99.0182,0.0081
275.59988976,99.01,99.0182,0.0081
275.639889744,99.01,99.0182,0.0082
275.679889728,99.01,99.0182,0.0082
275.719889712,99.01,99.0182,0.0082
275.759889696,99.01,99.0183,0.0082
275.79988968000004,99.01,99.0183,0.0082
275.839889664,99.01,99.0182,0.0082
275.87988964799996,99.01,99.0183,0.0082
275.919889632,99.01,99.0182,0.0082
275.959889616,99.01,99.0183,0.0082
275.9998896,99.01,99.0183,0.0082
276.039889584,99.01,99.0183,0.0082
276.079889568,99.01,99.0183,0.0083
276.119889552,99.01,99.0183,0.0083
276.15988953600004,99.01,99.0183,0.0083
276.19988952,99.01,99.0184,0.0084
276.23988950399996,99.01,99.0184,0.0084
276.279889488,99.01,99.0184,0.0084
276.319889472,99.01,99.0185,0.0084
276.35988945599996,99.01,99.0185,0.0084
276.39988944,99.01,99.0185,0.0085
276.439889424,99.01,99.0185,0.0085
276.479889408,99.01,99.0186,0.0085
276.519889392,99.01,99.0186,0.0085
276.559889376,99.01,99.0186,0.0085
276.59988936,99.01,99.0187,0.0086
276.63988934400004,99.01,99.0187,0.0087
276.67988932799994,99.01,99.0188,0.0087
276.71988931199996,99.01,99.0188,0.0087
276.759889296,99.01,99.0188,0.0088
276.79988928,99.01,99.0189,0.0088
276.839889264,99.01,99.0189,0.0088
276.879889248,99.01,99.019,0.0089
276.919889232,99.01,99.019,0.0089
276.959889216,99.01,99.019,0.009
276.99988920000004,99.01,99.0191,0.009
277.039889184,99.01,99.0191,0.009
277.07988916799997,99.01,99.0191,0.0091
277.119889152,99.01,99.0191,0.0091
277.159889136,99.01,99.0192,0.0092
277.19988911999997,99.01,99.0192,0.0092
277.239889104,99.01,99.0192,0.0092
277.279889088,99.01,99.0193,0.0093
277.319889072,99.01,99.0194,0.0093
277.359889056,99.01,99.0194,0.0094
277.39988904,99.01,99.0195,0.0094
277.439889024,99.01,99.0194,0.0094
277.479889008,99.01,99.0194,0.0094
277.51988899199995,99.01,99.0195,0.0094
277.55988897599997,99.01,99.0195,0.0095
277.59988896,99.01,99.0195,0.0095
277.639888944,99.01,99.0196,0.0096
277.67988892799997,99.01,99.0197,0.0096
277.719888912,99.01,99.0197,0.0097
277.759888896,99.01,99.0197,0.0097
277.79988888,99.01,99.0198,0.0098
277.83988886400005,99.01,99.0198,0.0098
277.879888848,99.01,99.0199,0.0098
277.91988883199997,99.01,99.0199,0.0098
277.959888816,99.01,99.0199,0.0098
277.9998888,99.01,99.02,0.0099
278.03988878399997,99.01,99.0199,0.0098
278.079888768,99.01,99.0199,0.0098
278.119888752,99.01,99.0199,0.0099
278.159888736,99.01,99.0199,0.0099
278.19988872,99.01,99.02,0.0099
278.239888704,99.01,99.02,0.0099
278.279888688,99.01,99.02,0.0099
278.319888672,99.01,99.02,0.01
278.35988865599995,99.01,99.02,0.01
278.39988864,99.01,99.0201,0.0101
278.439888624,99.01,99.0201,0.0101
278.479888608,99.01,99.0201,0.0101
278.519888592,99.01,99.0202,0.0102
278.559888576,99.01,99.0202,0.0102
278.59988856,99.01,99.0203,0.0102
278.63988854400003,99.01,99.0203,0.0102
278.679888528,99.01,99.0203,0.0102
278.71988851199995,99.01,99.0203,0.0102
278.759888496,99.01,99.0203,0.0102
278.79988848,99.01,99.0204,0.0103
278.839888464,99.01,99.0204,0.0103
278.879888448,99.01,99.0204,0.0103
278.919888432,99.01,99.0204,0.0103
278.959888416,99.01,99.0204,0.0103
278.99988840000003,99.01,99.0204,0.0104
279.039888384,99.01,99.0204,0.0104
279.079888368,99.01,99.0204,0.0104
279.11988835200003,99.01,99.0205,0.0104
279.159888336,99.01,99.0204,0.0104
279.19988831999996,99.01,99.0205,0.0104
279.239888304,99.01,99.0205,0.0104
279.279888288,99.01,99.0204,0.0104
279.319888272,99.01,99.0205,0.0104
279.359888256,99.01,99.0204,0.0104
279.39988824,99.01,99.0204,0.0104
279.439888224,99.01,99.0204,0.0104
279.47988820800003,99.01,99.0204,0.0104
279.519888192,99.01,99.0204,0.0104
279.55988817599996,99.01,99.0204,0.0103
279.59988816,99.01,99.0204,0.0103
279.639888144,99.01,99.0204,0.0104
279.67988812799996,99.01,99.0204,0.0103
279.719888112,99.01,99.0204,0.0103
279.759888096,99.01,99.0204,0.0103
279.79988808,99.01,99.0204,0.0103
279.83988806400004,99.01,99.0204,0.0104
279.879888048,99.01,99.0203,0.0103
279.919888032,99.01,99.0204,0.0104
279.959888016,99.01,99.0204,0.0104
279.999888,99.01,99.0205,0.0104
280.03988798399996,99.01,99.0205,0.0104
280.079887968,99.01,99.0205,0.0104
280.119887952,99.01,99.0205,0.0105
280.159887936,99.01,99.0206,0.0105
280.19988792,99.01,99.0206,0.0105
280.239887904,99.01,99.0206,0.0106
280.279887888,99.01,99.0207,0.0106
280.31988787200004,99.01,99.0207,0.0106
280.359887856,99.01,99.0207,0.0106
280.39988783999996,99.01,99.0207,0.0107
280.439887824,99.01,99.0208,0.0108
280.479887808,99.01,99.0208,0.0107
280.51988779199996,99.01,99.0208,0.0108
280.559887776,99.01,99.0208,0.0108
280.59988776,99.01,99.0209,0.0109
280.639887744,99.01,99.021,0.011
280.679887728,99.01,99.021,0.0109
280.719887712,99.01,99.021,0.011
280.759887696,99.01,99.0211,0.0111
280.79988768,99.01,99.0211,0.0111
280.839887664,99.01,99.0212,0.0112
280.87988764799996,99.01,99.0212,0.0112
280.919887632,99.01,99.0212,0.0112
280.959887616,99.01,99.0212,0.0112
280.9998876,99.01,99.0212,0.0112
281.039887584,99.01,99.0212,0.0112
281.079887568,99.01,99.0212,0.0112
281.119887552,99.01,99.0213,0.0112
281.15988753600004,99.01,99.0213,0.0113
281.19988751999995,99.01,99.0214,0.0113
281.23988750399997,99.01,99.0215,0.0114
281.279887488,99.01,99.0215,0.0114
281.319887472,99.01,99.0216,0.0115
281.35988745599997,99.01,99.0216,0.0116
281.39988744,99.01,99.0217,0.0116
281.439887424,99.01,99.0217,0.0117
281.479887408,99.01,99.0218,0.0117
281.519887392,99.01,99.0218,0.0118
281.559887376,99.01,99.0218,0.0118
281.59988736,99.01,99.0218,0.0118
281.639887344,99.01,99.0218,0.0118
281.67988732799995,99.01,99.0218,0.0118
281.71988731199997,99.01,99.0219,0.0119
281.759887296,99.01,99.022,0.0119
281.79988728,99.01,99.022,0.0119
281.839887264,99.01,99.022,0.012
281.879887248,99.01,99.0221,0.012
281.919887232,99.01,99.0221,0.0121
281.959887216,99.01,99.0221,0.0121
281.99988720000005,99.01,99.0221,0.0121
282.03988718399995,99.01,99.0222,0.0121
282.07988716799997,99.01,99.0221,0.0121
282.119887152,99.01,99.0222,0.0121
282.159887136,99.01,99.0222,0.0121
282.19988711999997,99.01,99.0222,0.0121
282.239887104,99.01,99.0223,0.0122
282.279887088,99.01,99.0222,0.0122
282.31988707200003,99.01,99.0223,0.0122
282.359887056,99.01,99.0223,0.0123
282.39988704,99.01,99.0223,0.0122
282.439887024,99.01,99.0223,0.0123
282.479887008,99.01,99.0224,0.0123
282.51988699199995,99.01,99.0224,0.0123
282.559886976,99.01,99.0224,0.0123
282.59988696,99.01,99.0224,0.0124
282.639886944,99.01,99.0225,0.0124
282.679886928,99.01,99.0225,0.0125
282.719886912,99.01,99.0225,0.0125
282.759886896,99.01,99.0226,0.0126
282.79988688000003,99.01,99.0227,0.0126
282.83988686400005,99.01,99.0226,0.0126
282.87988684799996,99.01,99.0226,0.0126
282.919886832,99.01,99.0226,0.0126
282.959886816,99.01,99.0227,0.0127
282.9998868,99.01,99.0227,0.0126
283.039886784,99.01,99.0226,0.0126
283.079886768,99.01,99.0226,0.0126
283.119886752,99.01,99.0226,0.0126
283.15988673600003,99.01,99.0226,0.0126
283.19988672,99.01,99.0225,0.0125
283.239886704,99.01,99.0225,0.0125
283.279886688,99.01,99.0225,0.0125
283.319886672,99.01,99.0225,0.0125
283.35988665599996,99.01,99.0225,0.0124
283.39988664,99.01,99.0225,0.0124
283.439886624,99.01,99.0225,0.0124
283.479886608,99.01,99.0225,0.0124
283.519886592,99.01,99.0225,0.0124
283.559886576,99.01,99.0225,0.0124
283.59988656,99.01,99.0224,0.0123
283.63988654400003,99.01,99.0223,0.0123
283.679886528,99.01,99.0223,0.0123
283.71988651199996,99.01,99.0223,0.0123
283.759886496,99.01,99.0223,0.0122
283.79988648,99.01,99.0222,0.0121
283.839886464,99.01,99.0221,0.0121
283.879886448,99.01,99.0221,0.0121
283.919886432,99.01,99.0221,0.0121
283.959886416,99.01,99.0221,0.012
283.99988640000004,99.01,99.0221,0.012
284.039886384,99.01,99.0221,0.012
284.079886368,99.01,99.0221,0.012
284.119886352,99.01,99.022,0.012
284.159886336,99.01,99.0221,0.012
284.19988631999996,99.01,99.022,0.012
284.239886304,99.01,99.0221,0.012
284.279886288,99.01,99.0221,0.012
284.319886272,99.01,99.0221,0.012
284.359886256,99.01,99.022,0.012
284.39988624,99.01,99.022,0.0119
284.439886224,99.01,99.0219,0.0119
284.47988620800004,99.01,99.0219,0.0119
284.51988619199994,99.01,99.0219,0.0118
284.55988617599996,99.01,99.0218,0.0118
284.59988616,99.01,99.0218,0.0117
284.639886144,99.01,99.0217,0.0117
284.679886128,99.01,99.0217,0.0117
284.719886112,99.01,99.0217,0.0116
284.759886096,99.01,99.0217,0.0116
284.79988608,99.01,99.0217,0.0116
284.83988606400004,99.01,99.0216,0.0116
284.879886048,99.01,99.0216,0.0116
284.91988603199997,99.01,99.0216,0.0116
284.959886016,99.01,99.0216,0.0116
284.999886,99.01,99.0216,0.0116
285.03988598399997,99.01,99.0216,0.0115
285.079885968,99.01,99.0216,0.0115
285.119885952,99.01,99.0215,0.0115
285.159885936,99.01,99.0215,0.0115
285.19988592,99.01,99.0215,0.0114
285.239885904,99.01,99.0215,0.0114
285.279885888,99.01,99.0215,0.0114
285.31988587200004,99.01,99.0214,0.0114
285.35988585599995,99.01,99.0215,0.0114
285.39988583999997,99.01,99.0214,0.0114
285.439885824,99.01,99.0214,0.0113
285.479885808,99.01,99.0214,0.0114
285.51988579199997,99.01,99.0214,0.0114
285.559885776,99.01,99.0214,0.0114
285.59988576,99.01,99.0215,0.0114
285.639885744,99.01,99.0215,0.0114
285.679885728,99.01,99.0215,0.0114
285.719885712,99.01,99.0214,0.0114
285.75988569599997,99.01,99.0215,0.0114
285.79988568,99.01,99.0214,0.0114
285.839885664,99.01,99.0214,0.0113
285.87988564799997,99.01,99.0214,0.0113
285.919885632,99.01,99.0213,0.0113
285.959885616,99.01,99.0213,0.0113
285.9998856,99.01,99.0213,0.0112
286.039885584,99.01,99.0213,0.0112
286.079885568,99.01,99.0213,0.0112
286.119885552,99.01,99.0212,0.0112
286.159885536,99.01,99.0212,0.0112
286.19988551999995,99.01,99.0213,0.0112
286.239885504,99.01,99.0212,0.0112
286.279885488,99.01,99.0213,0.0112
286.319885472,99.01,99.0212,0.0112
286.359885456,99.01,99.0212,0.0112
286.39988544,99.01,99.0212,0.0112
286.439885424,99.01,99.0211,0.0111
286.47988540800003,99.01,99.0211,0.0111
286.519885392,99.01,99.021,0.011
286.559885376,99.01,99.021,0.011
286.59988536,99.01,99.021,0.0109
286.639885344,99.01,99.0209,0.0109
286.679885328,99.01,99.0209,0.0108
286.719885312,99.01,99.0209,0.0108
286.759885296,99.01,99.0208,0.0108
286.79988528,99.01,99.0208,0.0108
286.83988526400003,99.01,99.0208,0.0107
286.879885248,99.01,99.0208,0.0107
286.919885232,99.01,99.0207,0.0107
286.95988521600003,99.01,99.0207,0.0107
286.9998852,99.01,99.0207,0.0107
287.03988518399996,99.01,99.0207,0.0106
287.079885168,99.01,99.0207,0.0107
287.119885152,99.01,99.0207,0.0106
287.159885136,99.01,99.0206,0.0106
287.19988512,99.01,99.0206,0.0105
287.239885104,99.01,99.0206,0.0105
287.279885088,99.01,99.0205,0.0105
287.31988507200003,99.01,99.0205,0.0105
287.359885056,99.01,99.0205,0.0104
287.39988503999996,99.01,99.0205,0.0104
287.439885024,99.01,99.0204,0.0103
287.479885008,99.01,99.0204,0.0104
287.51988499199996,99.01,99.0204,0.0103
287.559884976,99.01,99.0204,0.0103
287.59988496,99.01,99.0204,0.0103
287.639884944,99.01,99.0204,0.0103
287.679884928,99.01,99.0204,0.0103
287.719884912,99.01,99.0203,0.0103
287.759884896,99.01,99.0204,0.0103
287.79988488000004,99.01,99.0204,0.0104
287.839884864,99.01,99.0203,0.0103
287.87988484799996,99.01,99.0203,0.0103
287.919884832,99.01,99.0204,0.0103
287.959884816,99.01,99.0203,0.0103
287.9998848,99.01,99.0203,0.0103
288.039884784,99.01,99.0203,0.0102
288.079884768,99.01,99.0202,0.0102
288.119884752,99.01,99.0202,0.0102
288.15988473600004,99.01,99.0202,0.0101
288.19988472,99.01,99.0202,0.0101
288.23988470399996,99.01,99.0201,0.0101
288.279884688,99.01,99.0202,0.0101
288.319884672,99.01,99.0202,0.0101
288.35988465599996,99.01,99.0201,0.0101
288.39988464,99.01,99.0202,0.0101
288.439884624,99.01,99.0201,0.0101
288.479884608,99.01,99.0201,0.0101
288.519884592,99.01,99.0201,0.0101
288.559884576,99.01,99.0201,0.0101
288.59988456,99.01,99.0202,0.0101
288.639884544,99.01,99.0201,0.0101
288.679884528,99.01,99.0201,0.0101
288.71988451199996,99.01,99.0202,0.0101
288.759884496,99.01,99.0201,0.0101
288.79988448,99.01,99.0201,0.0101
288.839884464,99.01,99.0201,0.01
288.879884448,99.01,99.0201,0.01
288.919884432,99.01,99.0201,0.0101
288.959884416,99.01,99.0201,0.01
288.99988440000004,99.01,99.0201,0.0101
289.039884384,99.01,99.0201,0.01
289.07988436799997,99.01,99.0201,0.0101
289.119884352,99.01,99.0201,0.0101
289.159884336,99.01,99.0201,0.01
289.19988431999997,99.01,99.0201,0.0101
289.239884304,99.01,99.0201,0.01
289.279884288,99.01,99.02,0.01
289.319884272,99.01,99.02,0.01
289.359884256,99.01,99.02,0.01
289.39988424,99.01,99.02,0.01
289.439884224,99.01,99.02,0.01
289.479884208,99.01,99.02,0.01
289.51988419199995,99.01,99.02,0.0099
289.55988417599997,99.01,99.02,0.0099
289.59988416,99.01,99.02,0.01
289.639884144,99.01,99.02,0.01
289.679884128,99.01,99.0201,0.01
289.719884112,99.01,99.0201,0.0101
289.759884096,99.01,99.0201,0.0101
289.79988408,99.01,99.0201,0.0101
289.83988406400005,99.01,99.0201,0.0101
289.87988404799995,99.01,99.0201,0.0101
289.91988403199997,99.01,99.0201,0.0101
289.959884016,99.01,99.0201,0.0101
289.999884,99.01,99.0201,0.0101
290.03988398399997,99.01,99.0201,0.0101
290.079883968,99.01,99.0201,0.0101
290.119883952,99.01,99.0201,0.0101
290.159883936,99.01,99.0201,0.0101
290.19988392,99.01,99.0201,0.0101
290.239883904,99.01,99.0202,0.0101
290.27988388800003,99.01,99.0201,0.0101
290.319883872,99.01,99.0201,0.0101
290.35988385599995,99.01,99.0201,0.0101
290.39988384,99.01,99.0201,0.0101
290.439883824,99.01,99.0201,0.0101
290.479883808,99.01,99.0201,0.0101
290.519883792,99.01,99.0201,0.0101
290.559883776,99.01,99.0201,0.01
290.59988376,99.01,99.0201,0.0101
290.63988374400003,99.01,99.0201,0.01
290.67988372800005,99.01,99.0201,0.01
290.71988371199996,99.01,99.02,0.01
290.759883696,99.01,99.02,0.01
290.79988368,99.01,99.02,0.0099
290.839883664,99.01,99.0199,0.0099
290.879883648,99.01,99.0199,0.0099
290.919883632,99.01,99.0199,0.0098
290.959883616,99.01,99.0198,0.0097
290.99988360000003,99.01,99.0197,0.0097
291.039883584,99.01,99.0197,0.0097
291.079883568,99.01,99.0197,0.0096
291.119883552,99.01,99.0196,0.0096
291.159883536,99.01,99.0196,0.0096
291.19988351999996,99.01,99.0196,0.0096
291.239883504,99.01,99.0196,0.0096
291.279883488,99.01,99.0196,0.0096
291.319883472,99.01,99.0196,0.0096
291.359883456,99.01,99.0195,0.0095
291.39988344,99.01,99.0195,0.0095
291.439883424,99.01,99.0195,0.0094
291.47988340800003,99.01,99.0194,0.0094
291.519883392,99.01,99.0194,0.0094
291.55988337599996,99.01,99.0194,0.0094
291.59988336,99.01,99.0193,0.0093
291.639883344,99.01,99.0193,0.0093
291.679883328,99.01,99.0193,0.0093
291.719883312,99.01,99.0193,0.0092
291.759883296,99.01,99.0192,0.0092
291.79988328,99.01,99.0192,0.0092
291.83988326400004,99.01,99.0191,0.0091
291.879883248,99.01,99.0191,0.009
291.919883232,99.01,99.0191,0.009
291.959883216,99.01,99.0191,0.009
291.9998832,99.01,99.0191,0.009
292.03988318399996,99.01,99.019,0.009
292.079883168,99.01,99.019,0.009
292.119883152,99.01,99.019,0.009
292.159883136,99.01,99.019,0.0089
292.19988312,99.01,99.019,0.0089
292.239883104,99.01,99.0189,0.0089
292.279883088,99.01,99.0189,0.0088
292.31988307200004,99.01,99.0189,0.0088
292.35988305599994,99.01,99.0188,0.0088
292.39988303999996,99.01,99.0188,0.0087
292.439883024,99.01,99.0188,0.0088
292.479883008,99.01,99.0188,0.0087
292.51988299199996,99.01,99.0188,0.0087
292.559882976,99.01,99.0187,0.0086
292.59988296,99.01,99.0187,0.0086
292.639882944,99.01,99.0186,0.0086
292.67988292800004,99.01,99.0186,0.0085
292.719882912,99.01,99.0186,0.0086
292.759882896,99.01,99.0186,0.0085
292.79988288,99.01,99.0185,0.0085
292.839882864,99.01,99.0185,0.0085
292.87988284799997,99.01,99.0185,0.0084
292.919882832,99.01,99.0185,0.0085
292.959882816,99.01,99.0185,0.0085
292.9998828,99.01,99.0185,0.0084
293.039882784,99.01,99.0185,0.0084
293.079882768,99.01,99.0184,0.0084
293.119882752,99.01,99.0184,0.0084
293.15988273600004,99.01,99.0184,0.0084
293.19988271999995,99.01,99.0184,0.0084
293.23988270399997,99.01,99.0184,0.0084
293.279882688,99.01,99.0183,0.0083
293.319882672,99.01,99.0184,0.0083
293.35988265599997,99.01,99.0183,0.0083
293.39988264,99.01,99.0183,0.0083
293.439882624,99.01,99.0183,0.0083
293.479882608,99.01,99.0183,0.0083
293.519882592,99.01,99.0183,0.0083
293.559882576,99.01,99.0183,0.0083
293.59988255999997,99.01,99.0183,0.0083
293.639882544,99.01,99.0183,0.0083
293.679882528,99.01,99.0183,0.0083
293.71988251199997,99.01,99.0183,0.0083
293.759882496,99.01,99.0183,0.0083
293.79988248,99.01,99.0183,0.0083
293.839882464,99.01,99.0184,0.0083
293.879882448,99.01,99.0183,0.0082
293.919882432,99.01,99.0183,0.0083
293.959882416,99.01,99.0183,0.0082
293.99988240000005,99.01,99.0183,0.0083
294.03988238399995,99.01,99.0183,0.0083
294.07988236799997,99.01,99.0183,0.0083
294.119882352,99.01,99.0184,0.0084
294.159882336,99.01,99.0184,0.0084
294.19988232,99.01,99.0184,0.0084
294.239882304,99.01,99.0185,0.0085
294.279882288,99.01,99.0185,0.0085
294.31988227200003,99.01,99.0186,0.0086
294.359882256,99.01,99.0186,0.0086
294.39988224,99.01,99.0186,0.0085
294.439882224,99.01,99.0185,0.0085
294.479882208,99.01,99.0185,0.0084
294.51988219199995,99.01,99.0185,0.0085
294.559882176,99.01,99.0186,0.0085
294.59988216,99.01,99.0186,0.0085
294.639882144,99.01,99.0186,0.0086
294.67988212800003,99.01,99.0186,0.0086
294.719882112,99.01,99.0186,0.0086
294.759882096,99.01,99.0186,0.0086
294.79988208000003,99.01,99.0186,0.0086
294.839882064,99.01,99.0187,0.0086
294.87988204799996,99.01,99.0186,0.0086
294.919882032,99.01,99.0186,0.0086
294.959882016,99.01,99.0187,0.0086
294.999882,99.01,99.0186,0.0086
295.039881984,99.01,99.0187,0.0086
295.079881968,99.01,99.0186,0.0086
295.119881952,99.01,99.0186,0.0086
295.15988193600003,99.01,99.0186,0.0086
295.19988192,99.01,99.0186,0.0086
295.239881904,99.01,99.0186,0.0086
295.279881888,99.01,99.0186,0.0086
295.319881872,99.01,99.0186,0.0085
295.35988185599996,99.01,99.0186,0.0085
295.39988184,99.01,99.0185,0.0085
295.439881824,99.01,99.0185,0.0085
295.479881808,99.01,99.0185,0.0085
295.519881792,99.01,99.0186,0.0085
295.559881776,99.01,99.0186,0.0086
295.59988176,99.01,99.0186,0.0086
295.63988174400004,99.01,99.0186,0.0086
295.679881728,99.01,99.0187,0.0086
295.71988171199996,99.01,99.0187,0.0086
295.759881696,99.01,99.0187,0.0087
295.79988168,99.01,99.0187,0.0086
295.839881664,99.01,99.0188,0.0087
295.879881648,99.01,99.0188,0.0087
295.919881632,99.01,99.0188,0.0088
295.959881616,99.01,99.0189,0.0088
295.99988160000004,99.01,99.0188,0.0088
296.039881584,99.01,99.0189,0.0088
296.07988156799996,99.01,99.0189,0.0088
296.119881552,99.01,99.0189,0.0088
296.159881536,99.01,99.0189,0.0088
296.19988151999996,99.01,99.0189,0.0089
296.239881504,99.01,99.0189,0.0089
296.279881488,99.01,99.019,0.0089
296.319881472,99.01,99.019,0.0089
296.359881456,99.01,99.019,0.009
296.39988144,99.01,99.0191,0.009
296.439881424,99.01,99.0191,0.009
296.47988140800004,99.01,99.0191,0.009
296.51988139199995,99.01,99.0191,0.0091
296.55988137599996,99.01,99.0191,0.0091
296.59988136,99.01,99.0191,0.0091
296.639881344,99.01,99.0192,0.0092
296.679881328,99.01,99.0191,0.0091
296.719881312,99.01,99.0192,0.0092
296.759881296,99.01,99.0192,0.0092
296.79988128,99.01,99.0192,0.0092
296.83988126400004,99.01,99.0193,0.0092
296.879881248,99.01,99.0192,0.0092
296.91988123199997,99.01,99.0192,0.0092
296.959881216,99.01,99.0193,0.0092
296.9998812,99.01,99.0193,0.0092
297.03988118399997,99.01,99.0193,0.0093
297.079881168,99.01,99.0193,0.0093
297.119881152,99.01,99.0193,0.0093
297.159881136,99.01,99.0194,0.0093
297.19988112,99.01,99.0194,0.0093
297.239881104,99.01,99.0194,0.0093
297.279881088,99.01,99.0193,0.0093
297.319881072,99.01,99.0193,0.0093
297.35988105599995,99.01,99.0194,0.0093
297.39988103999997,99.01,99.0194,0.0093
297.439881024,99.01,99.0193,0.0093
297.479881008,99.01,99.0193,0.0092
297.51988099199997,99.01,99.0192,0.0092
297.559880976,99.01,99.0192,0.0092
297.59988096,99.01,99.0193,0.0092
297.639880944,99.01,99.0193,0.0093
297.67988092800005,99.01,99.0194,0.0093
297.719880912,99.01,99.0194,0.0093
297.75988089599997,99.01,99.0193,0.0093
297.79988088,99.01,99.0193,0.0093
297.839880864,99.01,99.0194,0.0093
297.87988084799997,99.01,99.0193,0.0093
297.919880832,99.01,99.0194,0.0093
297.959880816,99.01,99.0194,0.0093
297.9998808,99.01,99.0194,0.0093
298.039880784,99.01,99.0194,0.0093
298.079880768,99.01,99.0194,0.0094
298.11988075200003,99.01,99.0194,0.0093
298.159880736,99.01,99.0194,0.0094
298.19988071999995,99.01,99.0194,0.0094
298.239880704,99.01,99.0194,0.0094
298.279880688,99.01,99.0195,0.0094
298.319880672,99.01,99.0194,0.0094
298.359880656,99.01,99.0195,0.0094
298.39988064,99.01,99.0195,0.0094
298.439880624,99.01,99.0194,0.0094
298.47988060800003,99.01,99.0194,0.0094
298.519880592,99.01,99.0194,0.0094
298.55988057599995,99.01,99.0194,0.0094
298.59988056,99.01,99.0194,0.0094
298.639880544,99.01,99.0194,0.0093
298.679880528,99.01,99.0194,0.0093
298.719880512,99.01,99.0193,0.0093
298.759880496,99.01,99.0193,0.0093
298.79988048,99.01,99.0193,0.0092
298.83988046400003,99.01,99.0192,0.0092
298.879880448,99.01,99.0192,0.0092
298.919880432,99.01,99.0191,0.0091
298.95988041600003,99.01,99.0192,0.0091
298.9998804,99.01,99.0192,0.0092
299.03988038399996,99.01,99.0192,0.0091
299.079880368,99.01,99.0192,0.0092
299.119880352,99.01,99.0192,0.0091
299.159880336,99.01,99.0192,0.0091
299.19988032,99.01,99.0192,0.0092
299.239880304,99.01,99.0192,0.0092
299.279880288,99.01,99.0192,0.0092
299.31988027200003,99.01,99.0192,0.0091
299.359880256,99.01,99.0192,0.0091
299.39988023999996,99.01,99.0192,0.0091
299.439880224,99.01,99.0192,0.0092
299.479880208,99.01,99.0192,0.0092
299.51988019199996,99.01,99.0192,0.0092
299.559880176,99.01,99.0192,0.0092
299.59988016,99.01,99.0192,0.0092
299.639880144,99.01,99.0192,0.0092
299.67988012800004,99.01,99.0193,0.0092
299.719880112,99.01,99.0192,0.0092
299.759880096,99.01,99.0192,0.0092
299.79988008,99.01,99.0192,0.0092
299.839880064,99.01,99.0192,0.0092
299.87988004799996,99.01,99.0192,0.0092
299.919880032,99.01,99.0191,0.0091
299.959880016,99.01,99.0192,0.0091
299.99988,99.01,99.0192,0.0092
300.039879984,99.01,99.0192,0.0092
300.079879968,99.01,99.0193,0.0092
300.119879952,99.01,99.0192,0.0092
300.15987993600004,99.01,99.0192,0.0092
300.19987992,99.01,99.0192,0.0092
300.23987990399996,99.01,99.0192,0.0092
300.279879888,99.01,99.0192,0.0092
300.319879872,99.01,99.0192,0.0092
300.35987985599996,99.01,99.0192,0.0092
300.39987984,99.01,99.0192,0.0092
300.439879824,99.01,99.0192,0.0092
300.479879808,99.01,99.0193,0.0093
300.519879792,99.01,99.0193,0.0092
300.559879776,99.01,99.0193,0.0093
300.59987976,99.01,99.0193,0.0093
300.639879744,99.01,99.0193,0.0093
300.679879728,99.01,99.0194,0.0094
300.71987971199997,99.01,99.0194,0.0093
300.759879696,99.01,99.0194,0.0094
300.79987968,99.01,99.0194,0.0094
300.839879664,99.01,99.0194,0.0094
300.879879648,99.01,99.0195,0.0094
300.919879632,99.01,99.0195,0.0094
300.959879616,99.01,99.0195,0.0095
300.99987960000004,99.01,99.0196,0.0095
301.03987958399995,99.01,99.0195,0.0095
301.07987956799997,99.01,99.0196,0.0096
301.119879552,99.01,99.0196,0.0096
301.159879536,99.01,99.0196,0.0096
301.19987951999997,99.01,99.0197,0.0096
301.239879504,99.01,99.0197,0.0096
301.279879488,99.01,99.0197,0.0097
301.319879472,99.01,99.0197,0.0097
301.359879456,99.01,99.0197,0.0097
301.39987944,99.01,99.0198,0.0097
301.439879424,99.01,99.0198,0.0098
301.479879408,99.01,99.0199,0.0098
301.519879392,99.01,99.0199,0.0099
301.55987937599997,99.01,99.0199,0.0099
301.59987936,99.01,99.02,0.0099
301.639879344,99.01,99.02,0.0099
301.679879328,99.01,99.02,0.01
301.719879312,99.01,99.02,0.01
301.759879296,99.01,99.0201,0.0101
301.79987928,99.01,99.0201,0.0101
301.83987926400005,99.01,99.0202,0.0101
301.87987924799995,99.01,99.0202,0.0102
301.91987923199997,99.01,99.0202,0.0102
301.959879216,99.01,99.0203,0.0102
301.9998792,99.01,99.0203,0.0103
302.039879184,99.01,99.0203,0.0103
302.079879168,99.01,99.0204,0.0104
302.119879152,99.01,99.0205,0.0104
302.15987913600003,99.01,99.0205,0.0104
302.19987912,99.01,99.0205,0.0105
302.239879104,99.01,99.0205,0.0105
302.279879088,99.01,99.0205,0.0105
302.319879072,99.01,99.0205,0.0105
302.35987905599995,99.01,99.0205,0.0104
302.39987904,99.01,99.0205,0.0105
302.439879024,99.01,99.0205,0.0105
302.479879008,99.01,99.0206,0.0105
302.519878992,99.01,99.0206,0.0105
302.559878976,99.01,99.0206,0.0105
302.59987896,99.01,99.0206,0.0105
302.63987894400003,99.01,99.0206,0.0105
302.67987892800005,99.01,99.0206,0.0105
302.71987891199996,99.01,99.0206,0.0105
302.759878896,99.01,99.0205,0.0105
302.79987888,99.01,99.0206,0.0105
302.839878864,99.01,99.0206,0.0105
302.879878848,99.01,99.0206,0.0105
302.919878832,99.01,99.0206,0.0106
302.959878816,99.01,99.0206,0.0105
302.99987880000003,99.01,99.0206,0.0106
303.039878784,99.01,99.0206,0.0105
303.079878768,99.01,99.0206,0.0105
303.119878752,99.01,99.0207,0.0106
303.159878736,99.01,99.0206,0.0106
303.19987871999996,99.01,99.0206,0.0106
303.239878704,99.01,99.0206,0.0106
303.279878688,99.01,99.0206,0.0106
303.319878672,99.01,99.0206,0.0106
303.359878656,99.01,99.0206,0.0106
303.39987864,99.01,99.0207,0.0106
303.439878624,99.01,99.0206,0.0106
303.47987860800004,99.01,99.0207,0.0106
303.519878592,99.01,99.0207,0.0106
303.55987857599996,99.01,99.0206,0.0106
303.59987856,99.01,99.0206,0.0106
303.639878544,99.01,99.0206,0.0106
303.679878528,99.01,99.0206,0.0105
303.719878512,99.01,99.0206,0.0105
303.759878496,99.01,99.0206,0.0105
303.79987848,99.01,99.0206,0.0105
303.83987846400004,99.01,99.0205,0.0105
303.879878448,99.01,99.0205,0.0104
303.919878432,99.01,99.0205,0.0105
303.959878416,99.01,99.0205,0.0105
303.9998784,99.01,99.0205,0.0104
304.03987838399996,99.01,99.0204,0.0104
304.079878368,99.01,99.0205,0.0104
304.119878352,99.01,99.0204,0.0104
304.159878336,99.01,99.0204,0.0104
304.19987832,99.01,99.0204,0.0104
304.239878304,99.01,99.0204,0.0104
304.279878288,99.01,99.0204,0.0103
304.31987827200004,99.01,99.0204,0.0104
304.35987825599994,99.01,99.0204,0.0104
304.39987823999996,99.01,99.0204,0.0104
304.439878224,99.01,99.0204,0.0104
304.479878208,99.01,99.0204,0.0104
304.51987819199996,99.01,99.0205,0.0104
304.559878176,99.01,99.0204,0.0104
304.59987816,99.01,99.0204,0.0104
304.639878144,99.01,99.0204,0.0103
304.67987812800004,99.01,99.0203,0.0103
304.719878112,99.01,99.0203,0.0103
304.75987809599997,99.01,99.0203,0.0103
304.79987808,99.01,99.0203,0.0103
304.839878064,99.01,99.0203,0.0103
304.87987804799997,99.01,99.0204,0.0103
304.919878032,99.01,99.0204,0.0103
304.959878016,99.01,99.0204,0.0103
304.999878,99.01,99.0204,0.0104
305.039877984,99.01,99.0204,0.0104
305.079877968,99.01,99.0204,0.0104
305.119877952,99.01,99.0205,0.0104
305.159877936,99.01,99.0204,0.0104
305.19987791999995,99.01,99.0205,0.0104
305.23987790399997,99.01,99.0205,0.0104
305.279877888,99.01,99.0204,0.0104
305.319877872,99.01,99.0205,0.0104
305.35987785599997,99.01,99.0205,0.0104
305.39987784,99.01,99.0204,0.0104
305.439877824,99.01,99.0205,0.0104
305.479877808,99.01,99.0205,0.0105
305.519877792,99.01,99.0205,0.0105
305.559877776,99.01,99.0206,0.0105
305.59987775999997,99.01,99.0206,0.0105
305.639877744,99.01,99.0206,0.0105
305.679877728,99.01,99.0206,0.0106
305.71987771199997,99.01,99.0206,0.0106
305.759877696,99.01,99.0206,0.0106
305.79987768,99.01,99.0206,0.0106
305.839877664,99.01,99.0207,0.0106
305.879877648,99.01,99.0207,0.0107
305.919877632,99.01,99.0208,0.0107
305.959877616,99.01,99.0208,0.0107
305.9998776,99.01,99.0208,0.0107
306.03987758399995,99.01,99.0208,0.0107
306.079877568,99.01,99.0208,0.0107
306.119877552,99.01,99.0208,0.0107
306.159877536,99.01,99.0208,0.0107
306.19987752,99.01,99.0208,0.0107
306.239877504,99.01,99.0208,0.0108
306.279877488,99.01,99.0208,0.0108
306.31987747200003,99.01,99.0208,0.0107
306.359877456,99.01,99.0208,0.0107
306.39987743999995,99.01,99.0208,0.0107
306.439877424,99.01,99.0208,0.0107
306.479877408,99.01,99.0208,0.0107
306.519877392,99.01,99.0208,0.0108
306.559877376,99.01,99.0208,0.0108
306.59987736,99.01,99.0208,0.0108
306.639877344,99.01,99.0208,0.0108
306.67987732800003,99.01,99.0208,0.0107
306.719877312,99.01,99.0208,0.0108
306.759877296,99.01,99.0209,0.0108
306.79987728000003,99.01,99.0209,0.0109
306.839877264,99.01,99.0209,0.0109
306.87987724799996,99.01,99.0209,0.0109
306.919877232,99.01,99.0209,0.0109
306.959877216,99.01,99.0209,0.0109
306.9998772,99.01,99.021,0.0109
307.039877184,99.01,99.021,0.011
307.079877168,99.01,99.021,0.0109
307.119877152,99.01,99.021,0.0109
307.15987713600003,99.01,99.021,0.0109
307.19987712,99.01,99.021,0.0109
307.23987710399996,99.01,99.021,0.011
307.279877088,99.01,99.021,0.0109
307.319877072,99.01,99.021,0.0109
307.35987705599996,99.01,99.021,0.011
307.39987704,99.01,99.021,0.011
307.439877024,99.01,99.021,0.011
307.479877008,99.01,99.021,0.011
307.51987699200004,99.01,99.0211,0.011
307.559876976,99.01,99.0211,0.011
307.59987696,99.01,99.0211,0.0111
307.639876944,99.01,99.0211,0.0111
307.679876928,99.01,99.0211,0.0111
307.71987691199996,99.01,99.0211,0.0111
307.759876896,99.01,99.0212,0.0111
307.79987688,99.01,99.0212,0.0112
307.839876864,99.01,99.0213,0.0112
307.879876848,99.01,99.0212,0.0112
307.919876832,99.01,99.0212,0.0112
307.959876816,99.01,99.0212,0.0112
307.99987680000004,99.01,99.0212,0.0112
308.039876784,99.01,99.0212,0.0112
308.07987676799996,99.01,99.0212,0.0112
308.119876752,99.01,99.0212,0.0112
308.159876736,99.01,99.0212,0.0112
308.19987671999996,99.01,99.0212,0.0112
308.239876704,99.01,99.0212,0.0112
308.279876688,99.01,99.0212,0.0112
308.319876672,99.01,99.0212,0.0112
308.359876656,99.01,99.0213,0.0112
308.39987664,99.01,99.0213,0.0112
308.439876624,99.01,99.0213,0.0113
308.479876608,99.01,99.0213,0.0113
308.519876592,99.01,99.0213,0.0113
308.55987657599997,99.01,99.0213,0.0113
308.59987656,99.01,99.0213,0.0112
308.639876544,99.01,99.0213,0.0112
308.679876528,99.01,99.0213,0.0112
308.719876512,99.01,99.0213,0.0113
308.759876496,99.01,99.0213,0.0113
308.79987648,99.01,99.0213,0.0112
308.83987646400004,99.01,99.0213,0.0113
308.87987644799995,99.01,99.0213,0.0112
308.91987643199997,99.01,99.0213,0.0113
308.959876416,99.01,99.0213,0.0113
308.9998764,99.01,99.0213,0.0112
309.03987638399997,99.01,99.0213,0.0112
309.079876368,99.01,99.0212,0.0112
309.119876352,99.01,99.0212,0.0111
309.159876336,99.01,99.0212,0.0112
309.19987632,99.01,99.0211,0.0111
309.239876304,99.01,99.0212,0.0111
309.279876288,99.01,99.0212,0.0111
309.319876272,99.01,99.0212,0.0111
309.35987625599995,99.01,99.0212,0.0112
309.39987623999997,99.01,99.0212,0.0112
309.439876224,99.01,99.0212,0.0112
309.479876208,99.01,99.0212,0.0112
309.519876192,99.01,99.0213,0.0112
309.559876176,99.01,99.0213,0.0112
309.59987616,99.01,99.0212,0.0112
309.639876144,99.01,99.0212,0.0112
309.67987612800005,99.01,99.0212,0.0112
309.71987611199995,99.01,99.0212,0.0112
309.75987609599997,99.01,99.0213,0.0112
309.79987608,99.01,99.0213,0.0112
309.839876064,99.01,99.0213,0.0113
309.87987604799997,99.01,99.0213,0.0113
309.919876032,99.01,99.0213,0.0112
309.959876016,99.01,99.0213,0.0112
309.99987600000003,99.01,99.0212,0.0112
310.039875984,99.01,99.0213,0.0112
310.079875968,99.01,99.0212,0.0112
310.119875952,99.01,99.0213,0.0112
310.159875936,99.01,99.0212,0.0112
310.19987591999995,99.01,99.0212,0.0112
310.239875904,99.01,99.0212,0.0112
310.279875888,99.01,99.0212,0.0112
310.319875872,99.01,99.0212,0.0112
310.359875856,99.01,99.0212,0.0112
310.39987584,99.01,99.0212,0.0112
310.439875824,99.01,99.0212,0.0112
310.47987580800003,99.01,99.0212,0.0112
310.519875792,99.01,99.0212,0.0112
310.55987577599996,99.01,99.0212,0.0111
310.59987576,99.01,99.0211,0.0111
310.639875744,99.01,99.0211,0.0111
310.679875728,99.01,99.0211,0.0111
310.719875712,99.01,99.0211,0.0111
310.759875696,99.01,99.0211,0.0111
310.79987568,99.01,99.021,0.011
310.83987566400003,99.01,99.021,0.011
310.879875648,99.01,99.021,0.0109
310.919875632,99.01,99.0209,0.0109
310.959875616,99.01,99.0209,0.0109
310.9998756,99.01,99.0209,0.0109
311.03987558399996,99.01,99.0209,0.0109
311.079875568,99.01,99.0209,0.0109
311.119875552,99.01,99.0209,0.0108
311.159875536,99.01,99.0209,0.0108
311.19987552,99.01,99.0209,0.0108
311.239875504,99.01,99.0209,0.0108
311.279875488,99.01,99.0208,0.0108
311.31987547200004,99.01,99.0208,0.0107
311.35987545599994,99.01,99.0208,0.0108
311.39987543999996,99.01,99.0208,0.0108
311.439875424,99.01,99.0208,0.0107
311.479875408,99.01,99.0207,0.0107
311.519875392,99.01,99.0207,0.0106
311.559875376,99.01,99.0207,0.0107
311.59987536,99.01,99.0207,0.0106
311.639875344,99.01,99.0207,0.0106
311.67987532800004,99.01,99.0207,0.0106
311.719875312,99.01,99.0206,0.0105
311.759875296,99.01,99.0206,0.0105
311.79987528,99.01,99.0206,0.0105
311.839875264,99.01,99.0205,0.0105
311.87987524799996,99.01,99.0205,0.0105
311.919875232,99.01,99.0205,0.0104
311.959875216,99.01,99.0205,0.0104
311.9998752,99.01,99.0204,0.0104
312.039875184,99.01,99.0204,0.0104
312.079875168,99.01,99.0204,0.0104
312.119875152,99.01,99.0204,0.0103
312.15987513600004,99.01,99.0204,0.0103
312.19987511999994,99.01,99.0203,0.0103
312.23987510399996,99.01,99.0203,0.0102
312.279875088,99.01,99.0203,0.0103
312.319875072,99.01,99.0202,0.0102
312.35987505599996,99.01,99.0202,0.0102
312.39987504,99.01,99.0202,0.0101
312.439875024,99.01,99.0201,0.0101
312.479875008,99.01,99.0201,0.0101
312.51987499200004,99.01,99.0201,0.0101
312.559874976,99.01,99.0201,0.01
312.59987495999997,99.01,99.02,0.01
312.639874944,99.01,99.02,0.01
312.679874928,99.01,99.02,0.0099
312.71987491199997,99.01,99.02,0.0099
312.759874896,99.01,99.02,0.0099
312.79987488,99.01,99.0199,0.0099
312.839874864,99.01,99.02,0.0099
312.879874848,99.01,99.02,0.0099
312.919874832,99.01,99.0199,0.0098
312.959874816,99.01,99.0199,0.0098
312.99987480000004,99.01,99.0198,0.0098
313.03987478399995,99.01,99.0197,0.0097
313.07987476799997,99.01,99.0198,0.0097
313.119874752,99.01,99.0197,0.0097
313.159874736,99.01,99.0197,0.0096
313.19987471999997,99.01,99.0197,0.0096
313.239874704,99.01,99.0196,0.0096
313.279874688,99.01,99.0196,0.0096
313.319874672,99.01,99.0195,0.0095
313.359874656,99.01,99.0195,0.0095
313.39987464,99.01,99.0195,0.0094
313.43987462399997,99.01,99.0195,0.0094
313.479874608,99.01,99.0195,0.0094
313.519874592,99.01,99.0194,0.0094
313.55987457599997,99.01,99.0194,0.0093
313.59987456,99.01,99.0194,0.0093
313.639874544,99.01,99.0193,0.0093
313.679874528,99.01,99.0193,0.0093
313.719874512,99.01,99.0192,0.0092
313.759874496,99.01,99.0192,0.0092
313.79987448,99.01,99.0192,0.0092
313.839874464,99.01,99.0191,0.0091
313.87987444799995,99.01,99.0191,0.0091
313.919874432,99.01,99.0191,0.009
313.959874416,99.01,99.0191,0.009
313.9998744,99.01,99.0191,0.0091
314.039874384,99.01,99.0191,0.009
314.079874368,99.01,99.0191,0.0091
314.119874352,99.01,99.0191,0.0091
314.15987433600003,99.01,99.0191,0.009
314.19987432,99.01,99.0191,0.009
314.239874304,99.01,99.019,0.009
314.279874288,99.01,99.019,0.009
314.319874272,99.01,99.019,0.009
314.35987425599996,99.01,99.019,0.009
314.39987424,99.01,99.019,0.0089
314.439874224,99.01,99.0189,0.0089
314.479874208,99.01,99.019,0.0089
314.51987419200003,99.01,99.0189,0.0089
314.559874176,99.01,99.0189,0.0089
314.59987416,99.01,99.0189,0.0088
314.63987414400003,99.01,99.0188,0.0088
314.679874128,99.01,99.0188,0.0088
314.71987411199996,99.01,99.0188,0.0087
314.759874096,99.01,99.0187,0.0087
314.79987408,99.01,99.0187,0.0087
314.839874064,99.01,99.0187,0.0087
314.879874048,99.01,99.0187,0.0086
314.919874032,99.01,99.0186,0.0086
314.959874016,99.01,99.0187,0.0086
314.99987400000003,99.01,99.0187,0.0086
315.039873984,99.01,99.0186,0.0086
315.07987396799996,99.01,99.0186,0.0085
315.119873952,99.01,99.0185,0.0085
315.159873936,99.01,99.0185,0.0085
315.19987391999996,99.01,99.0185,0.0085
315.239873904,99.01,99.0185,0.0084
315.279873888,99.01,99.0184,0.0084
315.319873872,99.01,99.0184,0.0084
315.359873856,99.01,99.0184,0.0084
315.39987384,99.01,99.0184,0.0084
315.439873824,99.01,99.0184,0.0084
315.47987380800004,99.01,99.0184,0.0084
315.519873792,99.01,99.0184,0.0084
315.55987377599996,99.01,99.0184,0.0084
315.59987376,99.01,99.0185,0.0084
315.639873744,99.01,99.0185,0.0084
315.679873728,99.01,99.0185,0.0084
315.719873712,99.01,99.0184,0.0084
315.759873696,99.01,99.0185,0.0084
315.79987368,99.01,99.0185,0.0084
315.83987366400004,99.01,99.0185,0.0084
315.879873648,99.01,99.0184,0.0084
315.91987363199996,99.01,99.0184,0.0084
315.959873616,99.01,99.0184,0.0084
315.9998736,99.01,99.0184,0.0084
316.03987358399996,99.01,99.0183,0.0083
316.079873568,99.01,99.0184,0.0083
316.119873552,99.01,99.0184,0.0083
316.159873536,99.01,99.0184,0.0083
316.19987352,99.01,99.0184,0.0084
316.239873504,99.01,99.0185,0.0084
316.279873488,99.01,99.0185,0.0084
316.319873472,99.01,99.0185,0.0085
316.35987345599995,99.01,99.0185,0.0084
316.39987343999996,99.01,99.0185,0.0084
316.439873424,99.01,99.0185,0.0084
316.479873408,99.01,99.0185,0.0085
316.519873392,99.01,99.0186,0.0085
316.559873376,99.01,99.0186,0.0086
316.59987336,99.01,99.0187,0.0086
316.639873344,99.01,99.0187,0.0087
316.67987332800004,99.01,99.0187,0.0087
316.719873312,99.01,99.0188,0.0087
316.75987329599997,99.01,99.0188,0.0087
316.79987328,99.01,99.0188,0.0088
316.839873264,99.01,99.0188,0.0088
316.87987324799997,99.01,99.0189,0.0088
316.919873232,99.01,99.0189,0.0089
316.959873216,99.01,99.0189,0.0089
316.9998732,99.01,99.0189,0.0089
317.039873184,99.01,99.0189,0.0089
317.079873168,99.01,99.0189,0.0089
317.119873152,99.01,99.0189,0.0089
317.159873136,99.01,99.0189,0.0088
317.19987311999995,99.01,99.0189,0.0088
317.23987310399997,99.01,99.0188,0.0088
317.279873088,99.01,99.0188,0.0088
317.319873072,99.01,99.0188,0.0088
317.35987305599997,99.01,99.0188,0.0087
317.39987304,99.01,99.0188,0.0088
317.439873024,99.01,99.0188,0.0088
317.479873008,99.01,99.0188,0.0088
317.51987299200005,99.01,99.0188,0.0088
317.55987297599995,99.01,99.0188,0.0088
317.59987295999997,99.01,99.0189,0.0089
317.639872944,99.01,99.019,0.0089
317.679872928,99.01,99.0189,0.0089
317.71987291199997,99.01,99.019,0.0089
317.759872896,99.01,99.019,0.0089
317.79987288,99.01,99.019,0.009
317.83987286400003,99.01,99.0191,0.009
317.879872848,99.01,99.019,0.009
317.919872832,99.01,99.0191,0.0091
317.95987281600003,99.01,99.0191,0.0091
317.9998728,99.01,99.0191,0.0091
318.03987278399995,99.01,99.0191,0.0091
318.079872768,99.01,99.0192,0.0092
318.119872752,99.01,99.0193,0.0092
318.159872736,99.01,99.0192,0.0092
318.19987272,99.01,99.0193,0.0092
318.239872704,99.01,99.0193,0.0093
318.279872688,99.01,99.0194,0.0093
318.31987267200003,99.01,99.0194,0.0094
318.359872656,99.01,99.0194,0.0094
318.39987263999996,99.01,99.0194,0.0094
318.439872624,99.01,99.0195,0.0094
318.479872608,99.01,99.0195,0.0094
318.519872592,99.01,99.0195,0.0095
318.559872576,99.01,99.0195,0.0095
318.59987256,99.01,99.0195,0.0095
318.639872544,99.01,99.0195,0.0095
318.67987252800003,99.01,99.0196,0.0095
318.719872512,99.01,99.0196,0.0096
318.759872496,99.01,99.0196,0.0096
318.79987248,99.01,99.0196,0.0096
318.839872464,99.01,99.0197,0.0096
318.87987244799996,99.01,99.0197,0.0096
318.919872432,99.01,99.0197,0.0097
318.959872416,99.01,99.0197,0.0096
318.9998724,99.01,99.0197,0.0096
319.039872384,99.01,99.0197,0.0096
319.079872368,99.01,99.0197,0.0096
319.119872352,99.01,99.0197,0.0097
319.15987233600003,99.01,99.0197,0.0097
319.19987232,99.01,99.0198,0.0097
319.23987230399996,99.01,99.0198,0.0098
319.279872288,99.01,99.0198,0.0098
319.319872272,99.01,99.0199,0.0098
319.35987225599996,99.01,99.0199,0.0099
319.39987224,99.01,99.02,0.0099
319.439872224,99.01,99.02,0.0099
319.479872208,99.01,99.02,0.01
319.51987219200004,99.01,99.0201,0.01
319.559872176,99.01,99.0201,0.01
319.59987216,99.01,99.0201,0.0101
319.639872144,99.01,99.0202,0.0101
319.679872128,99.01,99.0201,0.0101
319.71987211199996,99.01,99.0202,0.0101
319.759872096,99.01,99.0201,0.0101
319.79987208,99.01,99.0201,0.0101
319.839872064,99.01,99.0202,0.0101
319.879872048,99.01,99.0201,0.0101
319.919872032,99.01,99.0202,0.0101
319.959872016,99.01,99.0202,0.0102
319.99987200000004,99.01,99.0202,0.0102
320.03987198399994,99.01,99.0203,0.0102
320.07987196799996,99.01,99.0203,0.0103
320.119871952,99.01,99.0203,0.0103
320.159871936,99.01,99.0204,0.0103
320.19987191999996,99.01,99.0204,0.0104
320.239871904,99.01,99.0205,0.0104
320.279871888,99.01,99.0205,0.0104
320.319871872,99.01,99.0206,0.0105
320.359871856,99.01,99.0206,0.0106
320.39987184,99.01,99.0206,0.0106
320.439871824,99.01,99.0207,0.0107
320.479871808,99.01,99.0207,0.0107
320.519871792,99.01,99.0208,0.0108
320.55987177599997,99.01,99.0209,0.0109
320.59987176,99.01,99.0209,0.0109
320.639871744,99.01,99.021,0.011
320.679871728,99.01,99.021,0.011
320.719871712,99.01,99.0211,0.011
320.759871696,99.01,99.0211,0.0111
320.79987168,99.01,99.0211,0.0111
320.83987166400004,99.01,99.0211,0.0111
320.87987164799995,99.01,99.0211,0.0111
320.91987163199997,99.01,99.0212,0.0111
320.959871616,99.01,99.0212,0.0112
320.9998716,99.01,99.0212,0.0112
321.03987158399997,99.01,99.0213,0.0113
321.079871568,99.01,99.0214,0.0113
321.119871552,99.01,99.0214,0.0114
321.159871536,99.01,99.0215,0.0114
321.19987152,99.01,99.0215,0.0114
321.239871504,99.01,99.0215,0.0115
321.27987148799997,99.01,99.0215,0.0114
321.319871472,99.01,99.0215,0.0114
321.35987145599995,99.01,99.0216,0.0115
321.39987143999997,99.01,99.0215,0.0115
321.439871424,99.01,99.0216,0.0115
321.479871408,99.01,99.0216,0.0116
321.519871392,99.01,99.0216,0.0116
321.559871376,99.01,99.0217,0.0116
321.59987136,99.01,99.0217,0.0116
321.639871344,99.01,99.0217,0.0117
321.67987132800005,99.01,99.0217,0.0117
321.71987131199995,99.01,99.0217,0.0117
321.759871296,99.01,99.0218,0.0117
321.79987128,99.01,99.0218,0.0117
321.839871264,99.01,99.0218,0.0117
321.879871248,99.01,99.0218,0.0118
321.919871232,99.01,99.0218,0.0118
321.959871216,99.01,99.0219,0.0119
321.99987120000003,99.01,99.0219,0.0119
322.039871184,99.01,99.0219,0.0119
322.079871168,99.01,99.0219,0.0119
322.119871152,99.01,99.0219,0.0119
322.159871136,99.01,99.022,0.0119
322.19987111999995,99.01,99.022,0.0119
322.239871104,99.01,99.022,0.012
322.279871088,99.01,99.022,0.012
322.319871072,99.01,99.022,0.012
322.359871056,99.01,99.0221,0.012
322.39987104,99.01,99.022,0.012
322.439871024,99.01,99.022,0.012
322.47987100800003,99.01,99.0221,0.012
322.519870992,99.01,99.0221,0.012
322.55987097599996,99.01,99.0221,0.0121
322.59987096,99.01,99.0221,0.012
322.639870944,99.01,99.0221,0.012
322.679870928,99.01,99.0221,0.012
322.719870912,99.01,99.022,0.012
322.759870896,99.01,99.0221,0.0121
322.79987088,99.01,99.0221,0.0121
322.83987086400003,99.01,99.0221,0.0121
322.879870848,99.01,99.0221,0.012
322.919870832,99.01,99.0221,0.0121
322.959870816,99.01,99.0222,0.0122
322.9998708,99.01,99.0223,0.0122
323.03987078399996,99.01,99.0223,0.0122
323.079870768,99.01,99.0223,0.0123
323.119870752,99.01,99.0224,0.0123
323.159870736,99.01,99.0224,0.0123
323.19987072,99.01,99.0223,0.0123
323.239870704,99.01,99.0224,0.0123
323.279870688,99.01,99.0224,0.0124
323.31987067200004,99.01,99.0224,0.0124
323.359870656,99.01,99.0224,0.0124
323.39987063999996,99.01,99.0224,0.0124
323.439870624,99.01,99.0224,0.0124
323.479870608,99.01,99.0225,0.0124
323.519870592,99.01,99.0224,0.0124
323.559870576,99.01,99.0224,0.0124
323.59987056,99.01,99.0224,0.0124
323.639870544,99.01,99.0225,0.0124
323.67987052800004,99.01,99.0225,0.0124
323.719870512,99.01,99.0224,0.0124
323.75987049599996,99.01,99.0225,0.0124
323.79987048,99.01,99.0225,0.0124
323.839870464,99.01,99.0225,0.0124
323.87987044799996,99.01,99.0225,0.0124
323.919870432,99.01,99.0225,0.0124
323.959870416,99.01,99.0225,0.0124
323.9998704,99.01,99.0225,0.0125
324.039870384,99.01,99.0225,0.0125
324.079870368,99.01,99.0225,0.0125
324.119870352,99.01,99.0225,0.0125
324.15987033600004,99.01,99.0225,0.0125
324.19987031999995,99.01,99.0225,0.0125
324.23987030399996,99.01,99.0225,0.0125
324.279870288,99.01,99.0225,0.0125
324.319870272,99.01,99.0225,0.0124
324.359870256,99.01,99.0225,0.0124
324.39987024,99.01,99.0225,0.0125
324.439870224,99.01,99.0225,0.0125
324.479870208,99.01,99.0225,0.0125
324.51987019200004,99.01,99.0225,0.0125
324.559870176,99.01,99.0225,0.0125
324.59987015999997,99.01,99.0225,0.0125
324.639870144,99.01,99.0225,0.0125
324.679870128,99.01,99.0225,0.0124
324.71987011199997,99.01,99.0224,0.0124
324.759870096,99.01,99.0224,0.0124
324.79987008,99.01,99.0224,0.0124
324.839870064,99.01,99.0224,0.0124
324.879870048,99.01,99.0225,0.0124
324.919870032,99.01,99.0225,0.0124
324.959870016,99.01,99.0225,0.0124
324.99987,99.01,99.0225,0.0124
325.03986998399995,99.01,99.0225,0.0124
325.07986996799997,99.01,99.0225,0.0124
325.119869952,99.01,99.0225,0.0124
325.159869936,99.01,99.0225,0.0124
325.19986991999997,99.01,99.0225,0.0124
325.239869904,99.01,99.0225,0.0124
325.279869888,99.01,99.0225,0.0125
325.319869872,99.01,99.0225,0.0125
325.359869856,99.01,99.0225,0.0124
325.39986984,99.01,99.0225,0.0124
325.43986982399997,99.01,99.0225,0.0125
325.479869808,99.01,99.0225,0.0125
325.519869792,99.01,99.0226,0.0126
325.55986977599997,99.01,99.0226,0.0126
325.59986976,99.01,99.0227,0.0126
325.639869744,99.01,99.0227,0.0127
325.679869728,99.01,99.0227,0.0127
325.719869712,99.01,99.0227,0.0126
325.759869696,99.01,99.0227,0.0127
325.79986968000003,99.01,99.0227,0.0127
325.839869664,99.01,99.0227,0.0126
325.87986964799995,99.01,99.0227,0.0127
325.919869632,99.01,99.0227,0.0127
325.959869616,99.01,99.0227,0.0127
325.9998696,99.01,99.0227,0.0127
326.039869584,99.01,99.0227,0.0127
326.079869568,99.01,99.0228,0.0127
326.119869552,99.01,99.0227,0.0127
326.15986953600003,99.01,99.0227,0.0127
326.19986952,99.01,99.0227,0.0127
326.23986950399996,99.01,99.0227,0.0127
326.279869488,99.01,99.0227,0.0127
326.319869472,99.01,99.0227,0.0126
326.359869456,99.01,99.0227,0.0126
326.39986944,99.01,99.0227,0.0126
326.439869424,99.01,99.0226,0.0126
326.479869408,99.01,99.0226,0.0126
326.51986939200003,99.01,99.0226,0.0125
326.559869376,99.01,99.0225,0.0125
326.59986936,99.01,99.0226,0.0125
326.63986934400003,99.01,99.0225,0.0125
326.679869328,99.01,99.0225,0.0125
326.71986931199996,99.01,99.0225,0.0125
326.759869296,99.01,99.0225,0.0125
326.79986928,99.01,99.0225,0.0125
326.839869264,99.01,99.0225,0.0125
326.879869248,99.01,99.0226,0.0125
326.919869232,99.01,99.0225,0.0125
326.959869216,99.01,99.0225,0.0124
326.99986920000003,99.01,99.0225,0.0125
327.039869184,99.01,99.0225,0.0124
327.07986916799996,99.01,99.0225,0.0124
327.119869152,99.01,99.0224,0.0124
327.159869136,99.01,99.0223,0.0123
327.19986911999996,99.01,99.0223,0.0123
327.239869104,99.01,99.0223,0.0122
327.279869088,99.01,99.0223,0.0122
327.319869072,99.01,99.0223,0.0122
327.359869056,99.01,99.0222,0.0122
327.39986904,99.01,99.0222,0.0121
327.439869024,99.01,99.0221,0.0121
327.479869008,99.01,99.0221,0.012
327.519868992,99.01,99.0221,0.012
327.55986897599996,99.01,99.022,0.012
327.59986896,99.01,99.022,0.012
327.639868944,99.01,99.022,0.0119
