t_ms,target_um,current_um,error_um
0.0,99.0,99.0012,0.0012
0.9999995999999999,99.0,99.0013,0.0013
1.9999991999999998,99.0,99.0011,0.0011
2.9999987999999997,99.0,99.0006,0.0006
3.9999983999999995,99.0,98.9999,-0.0
4.999998,99.0,98.9995,-0.0004
5.9999975999999995,99.0,98.9992,-0.0007
6.999997199999999,99.0,98.9994,-0.0005
7.999996799999999,99.0,98.9995,-0.0004
8.999996399999999,99.0,99.0001,0.0001
9.999996,99.0,99.0006,0.0006
10.9999956,99.0,99.0006,0.0006
11.999995199999999,99.0,99.0003,0.0003
12.999994799999998,99.0,99.0003,0.0003
13.999994399999999,99.0,99.0008,0.0008
14.999994,99.0,99.0009,0.0009
15.999993599999998,99.0,99.0008,0.0008
16.9999932,99.0,98.9999,-0.0
17.999992799999998,99.0,98.9994,-0.0005
18.9999924,99.0,98.9993,-0.0006
19.999992,99.0,98.999,-0.0009
20.999991599999998,99.0,98.999,-0.0009
21.9999912,99.0,98.999,-0.0009
22.9999908,99.0,98.9994,-0.0005
23.999990399999998,99.0,98.9996,-0.0003
24.999989999999997,99.0,98.9998,-0.0
25.999989599999996,99.0,99.0003,0.0003
26.999989199999998,99.0,99.0008,0.0009
27.999988799999997,99.0,99.0008,0.0008
28.999988399999996,99.0,99.0002,0.0002
29.999988,99.0,99.0002,0.0002
30.999987599999997,99.0,99.0008,0.0008
31.999987199999996,99.0,99.0015,0.0015
32.9999868,99.0,99.0018,0.0018
33.9999864,99.0,99.0017,0.0017
34.999986,99.0,99.0019,0.0019
35.999985599999995,99.0,99.0016,0.0016
36.9999852,99.0,99.0008,0.0008
37.9999848,99.0,99.0005,0.0005
38.999984399999995,99.0,98.9998,-0.0001
39.999984,99.0,99.0001,0.0001
40.9999836,99.0,99.0002,0.0002
41.999983199999996,99.0,99.0008,0.0008
42.9999828,99.0,99.0007,0.0007
43.9999824,99.0,99.0003,0.0003
44.999981999999996,99.0,98.9993,-0.0006
45.9999816,99.0,98.9991,-0.0008
46.99998119999999,99.0,98.999,-0.0009
47.999980799999996,99.0,98.999,-0.0009
48.9999804,99.0,98.9993,-0.0006
49.999979999999994,101.0,98.9995,-2.0004
50.999979599999996,101.0,99.0008,-1.9991
51.99997919999999,101.0,99.013,-1.9869
52.999978799999994,101.0,99.0482,-1.9517
53.999978399999996,101.0,99.1148,-1.8851
54.99997799999999,101.0,99.2122,-1.7877
55.999977599999994,101.0,99.335,-1.6649
56.9999772,101.0,99.4765,-1.5234
57.99997679999999,101.0,99.6251,-1.3748
58.999976399999994,101.0,99.768,-1.2319
59.999976,101.0,99.8975,-1.1024
60.99997559999999,101.0,100.0153,-0.9846
61.999975199999994,101.0,100.1236,-0.8763
62.9999748,101.0,100.2216,-0.7782
63.99997439999999,101.0,100.3071,-0.6927
64.999974,101.0,100.3819,-0.618
65.9999736,101.0,100.4492,-0.5507
66.9999732,101.0,100.5109,-0.489
67.9999728,101.0,100.5655,-0.4344
68.9999724,101.0,100.6137,-0.3862
69.999972,101.0,100.6565,-0.3434
70.9999716,101.0,100.6958,-0.3041
71.99997119999999,101.0,100.7309,-0.2689
72.9999708,101.0,100.7615,-0.2384
73.9999704,101.0,100.7884,-0.2115
74.99996999999999,101.0,100.8122,-0.1877
75.9999696,101.0,100.8338,-0.1661
76.9999692,101.0,100.853,-0.1469
77.99996879999999,101.0,100.8699,-0.13
78.9999684,101.0,100.8848,-0.1151
79.999968,101.0,100.8978,-0.1021
80.99996759999999,101.0,100.9096,-0.0903
81.9999672,101.0,100.92,-0.0799
82.9999668,101.0,100.9291,-0.0707
83.99996639999999,101.0,100.9372,-0.0627
84.999966,101.0,100.9445,-0.0554
85.9999656,101.0,100.951,-0.0489
86.99996519999999,101.0,100.9569,-0.043
87.9999648,101.0,100.9616,-0.0383
88.9999644,101.0,100.9662,-0.0337
89.99996399999999,101.0,100.9708,-0.0291
90.99996359999999,101.0,100.9748,-0.0251
91.9999632,101.0,100.9784,-0.0215
92.99996279999999,101.0,100.9816,-0.0183
93.99996239999999,101.0,100.9849,-0.015
94.999962,101.0,100.9877,-0.0122
95.99996159999999,101.0,100.9902,-0.0097
96.99996119999999,101.0,100.9919,-0.008
97.9999608,101.0,100.9938,-0.0061
98.99996039999999,101.0,100.995,-0.0049
99.99995999999999,101.0,100.9964,-0.0035
100.9999596,101.0,100.9975,-0.0024
101.99995919999999,101.0,100.9984,-0.0015
102.99995879999999,101.0,100.9985,-0.0014
103.99995839999998,101.0,100.9986,-0.0013
104.99995799999999,101.0,100.9986,-0.0013
105.99995759999999,101.0,100.9992,-0.0007
106.99995719999998,101.0,101.0002,0.0002
107.99995679999999,101.0,101.0012,0.0012
108.99995639999999,101.0,101.0018,0.0018
109.99995599999998,101.0,101.0024,0.0024
110.99995559999999,101.0,101.0033,0.0033
111.99995519999999,101.0,101.0041,0.0041
112.99995479999998,101.0,101.0047,0.0047
113.9999544,101.0,101.0048,0.0048
114.99995399999999,101.0,101.0051,0.0051
115.99995359999998,101.0,101.0054,0.0054
116.9999532,101.0,101.0053,0.0053
117.99995279999999,101.0,101.0055,0.0055
118.99995239999998,101.0,101.0055,0.0055
119.999952,101.0,101.0057,0.0057
120.99995159999999,101.0,101.0057,0.0057
121.99995119999998,101.0,101.0052,0.0053
122.99995079999998,101.0,101.0043,0.0043
123.99995039999999,101.0,101.0027,0.0027
124.99994999999998,101.0,101.0014,0.0014
125.9999496,101.0,101.0007,0.0007
126.99994919999999,101.0,101.0011,0.0012
127.99994879999998,101.0,101.0016,0.0016
128.9999484,101.0,101.0017,0.0017
129.999948,101.0,101.0023,0.0023
130.99994759999998,101.0,101.0027,0.0027
131.9999472,101.0,101.0034,0.0034
132.9999468,101.0,101.0033,0.0033
133.9999464,101.0,101.0029,0.0029
134.999946,101.0,101.0029,0.0029
135.9999456,101.0,101.0033,0.0033
136.99994519999998,101.0,101.0039,0.0039
137.9999448,101.0,101.0043,0.0043
138.9999444,101.0,101.005,0.005
139.999944,101.0,101.0055,0.0055
140.9999436,101.0,101.0055,0.0055
141.9999432,101.0,101.0053,0.0054
142.99994279999999,101.0,101.0047,0.0047
143.99994239999998,101.0,101.0041,0.0041
144.999942,101.0,101.0032,0.0033
145.9999416,101.0,101.0027,0.0027
146.9999412,101.0,101.0024,0.0024
147.9999408,101.0,101.0024,0.0024
148.99994039999999,101.0,101.0022,0.0022
149.99993999999998,101.0,101.0021,0.0021
150.9999396,101.0,101.0019,0.0019
151.9999392,101.0,101.0018,0.0018
152.9999388,101.0,101.0022,0.0022
153.9999384,101.0,101.0024,0.0024
154.999938,101.0,101.0027,0.0027
155.99993759999998,101.0,101.0025,0.0025
156.9999372,101.0,101.0029,0.0029
157.9999368,101.0,101.0035,0.0035
158.9999364,101.0,101.0041,0.0041
159.999936,101.0,101.0042,0.0042
160.9999356,101.0,101.0046,0.0046
161.99993519999998,101.0,101.0048,0.0048
162.99993479999998,101.0,101.0042,0.0043
163.9999344,101.0,101.003,0.003
164.999934,101.0,101.0018,0.0018
165.9999336,101.0,101.0013,0.0013
166.9999332,101.0,101.0012,0.0012
167.99993279999998,101.0,101.0007,0.0007
168.99993239999998,101.0,101.0004,0.0004
169.999932,101.0,100.9998,-0.0001
170.9999316,101.0,100.9996,-0.0002
171.9999312,101.0,100.999,-0.0009
172.9999308,101.0,100.9994,-0.0005
173.99993039999998,101.0,101.0002,0.0002
174.99992999999998,101.0,101.0008,0.0009
175.9999296,101.0,101.0009,0.0009
176.9999292,101.0,101.0006,0.0006
177.9999288,101.0,101.0014,0.0014
178.9999284,101.0,101.0024,0.0024
179.99992799999998,101.0,101.0032,0.0032
180.99992759999998,101.0,101.0036,0.0037
181.99992719999997,101.0,101.0036,0.0036
182.9999268,101.0,101.003,0.003
183.9999264,101.0,101.0018,0.0018
184.999926,101.0,101.0011,0.0011
185.99992559999998,101.0,101.001,0.001
186.99992519999998,101.0,101.0017,0.0017
187.99992479999997,101.0,101.0018,0.0018
188.9999244,101.0,101.0018,0.0018
189.999924,101.0,101.0014,0.0015
190.9999236,101.0,101.0012,0.0012
191.99992319999998,101.0,101.001,0.001
192.99992279999998,101.0,101.0011,0.0011
193.99992239999997,101.0,101.0007,0.0007
194.99992199999997,101.0,101.0003,0.0003
195.9999216,101.0,100.9999,0.0
196.9999212,101.0,101.0,0.0001
197.99992079999998,101.0,101.0003,0.0003
198.99992039999998,101.0,101.0007,0.0007
199.99991999999997,101.0,101.0013,0.0013
200.99991959999997,101.0,101.0016,0.0016
201.9999192,101.0,101.0018,0.0018
202.9999188,101.0,101.0018,0.0018
203.99991839999998,101.0,101.0011,0.0011
204.99991799999998,101.0,101.001,0.001
205.99991759999997,101.0,101.0011,0.0011
206.99991719999997,101.0,101.0018,0.0018
207.99991679999997,101.0,101.0016,0.0016
208.9999164,101.0,101.0018,0.0018
209.99991599999998,101.0,101.0017,0.0017
210.99991559999998,101.0,101.0019,0.0019
211.99991519999998,101.0,101.0016,0.0016
212.99991479999997,101.0,101.0018,0.0018
213.99991439999997,101.0,101.0017,0.0018
214.999914,101.0,101.0017,0.0017
215.99991359999999,101.0,101.0011,0.0011
216.99991319999998,101.0,101.0006,0.0006
217.99991279999998,101.0,101.001,0.001
218.99991239999997,101.0,101.0016,0.0016
219.99991199999997,101.0,101.0018,0.0018
220.9999116,101.0,101.0018,0.0018
221.99991119999999,101.0,101.0016,0.0016
222.99991079999998,101.0,101.0014,0.0014
223.99991039999998,101.0,101.0008,0.0008
224.99990999999997,101.0,101.0001,0.0001
225.99990959999997,101.0,100.9993,-0.0006
226.99990919999996,101.0,100.999,-0.0009
227.9999088,101.0,100.9986,-0.0013
228.99990839999998,101.0,100.9987,-0.0011
229.99990799999998,101.0,100.9993,-0.0005
230.99990759999997,101.0,100.9995,-0.0004
231.99990719999997,101.0,100.9997,-0.0002
232.99990679999996,101.0,101.0001,0.0001
233.9999064,101.0,101.0007,0.0007
234.99990599999998,101.0,101.0014,0.0014
235.99990559999998,101.0,101.0016,0.0017
236.99990519999997,101.0,101.002,0.002
237.99990479999997,101.0,101.0023,0.0023
238.99990439999996,101.0,101.0022,0.0022
239.999904,101.0,101.0018,0.0019
240.99990359999998,101.0,101.0023,0.0023
241.99990319999998,101.0,101.0028,0.0028
242.99990279999997,101.0,101.0028,0.0028
243.99990239999997,101.0,101.0021,0.0021
244.99990199999996,101.0,101.0016,0.0016
245.99990159999996,101.0,101.0015,0.0015
246.99990119999998,101.0,101.0011,0.0011
247.99990079999998,101.0,101.0002,0.0002
248.99990039999997,101.0,100.9993,-0.0006
249.99989999999997,101.0,100.9987,-0.0012
250.99989959999996,101.0,100.9985,-0.0014
251.9998992,101.0,100.9986,-0.0013
252.99989879999995,101.0,100.9987,-0.0012
253.99989839999998,101.0,100.9993,-0.0006
254.99989799999994,101.0,100.9999,-0.0
255.99989759999997,101.0,101.0001,0.0001
256.9998972,101.0,101.0002,0.0002
257.9998968,101.0,101.0004,0.0004
258.9998964,101.0,101.001,0.001
259.999896,101.0,101.0016,0.0016
260.9998956,101.0,101.0022,0.0022
261.99989519999997,101.0,101.002,0.0021
262.9998948,101.0,101.0018,0.0018
263.9998944,101.0,101.0015,0.0015
264.999894,101.0,101.0013,0.0013
265.9998936,101.0,101.0007,0.0007
266.9998932,101.0,101.0,0.0
267.9998928,101.0,100.9995,-0.0003
268.9998924,101.0,100.9994,-0.0005
269.999892,101.0,100.9988,-0.001
270.9998916,101.0,100.9983,-0.0015
271.9998912,101.0,100.9983,-0.0016
272.9998908,101.0,100.9984,-0.0015
273.99989039999997,101.0,100.9983,-0.0016
274.99989,101.0,100.9983,-0.0016
275.9998896,101.0,100.9987,-0.0011
276.9998892,101.0,100.9993,-0.0006
277.9998888,101.0,100.9996,-0.0002
278.9998884,101.0,100.9998,-0.0001
279.999888,101.0,100.9999,-0.0
280.99988759999997,101.0,101.0006,0.0006
281.9998872,101.0,101.0008,0.0008
282.9998868,101.0,101.001,0.001
283.9998864,101.0,101.0009,0.0009
284.999886,101.0,101.0012,0.0012
285.99988559999997,101.0,101.002,0.002
286.9998852,101.0,101.0022,0.0023
287.99988479999996,101.0,101.002,0.002
288.9998844,101.0,101.0017,0.0017
289.999884,101.0,101.0014,0.0014
290.9998836,101.0,101.0011,0.0011
291.9998832,101.0,101.0003,0.0003
292.99988279999997,101.0,100.9997,-0.0002
293.9998824,101.0,100.9993,-0.0006
294.999882,101.0,100.999,-0.0009
295.9998816,101.0,100.9984,-0.0015
296.9998812,101.0,100.9984,-0.0015
297.99988079999997,101.0,100.9984,-0.0015
298.9998804,101.0,100.9989,-0.001
299.99987999999996,101.0,100.9991,-0.0008
300.9998796,101.0,101.0001,0.0001
301.9998792,101.0,101.0007,0.0007
302.9998788,101.0,101.0008,0.0008
303.9998784,101.0,101.0003,0.0003
304.99987799999997,101.0,100.9997,-0.0002
305.9998776,101.0,100.9993,-0.0006
306.99987719999996,101.0,100.9992,-0.0007
307.9998768,101.0,100.999,-0.0009
308.9998764,101.0,100.9988,-0.001
309.999876,101.0,100.9984,-0.0015
310.9998756,101.0,100.9983,-0.0016
311.99987519999996,101.0,100.9991,-0.0008
312.9998748,101.0,100.9998,-0.0001
313.9998744,101.0,101.0001,0.0001
314.999874,101.0,100.9999,-0.0
315.9998736,101.0,100.9995,-0.0004
316.99987319999997,101.0,101.0001,0.0001
317.9998728,101.0,101.0006,0.0006
318.99987239999996,101.0,101.0014,0.0014
319.999872,101.0,101.0019,0.0019
320.9998716,101.0,101.0023,0.0023
321.9998712,101.0,101.0022,0.0022
322.9998708,101.0,101.002,0.002
323.99987039999996,101.0,101.0017,0.0017
324.99987,101.0,101.0022,0.0022
325.99986959999995,101.0,101.0025,0.0025
326.9998692,101.0,101.0026,0.0027
327.9998688,101.0,101.0023,0.0023
328.99986839999997,101.0,101.0016,0.0016
329.999868,101.0,101.0009,0.0009
330.99986759999996,101.0,100.9999,-0.0
331.9998672,101.0,100.9995,-0.0004
332.9998668,101.0,100.9994,-0.0005
333.9998664,101.0,100.9994,-0.0005
334.999866,101.0,100.9991,-0.0008
335.99986559999996,101.0,100.9984,-0.0015
336.9998652,101.0,100.9988,-0.0011
337.99986479999995,101.0,100.9993,-0.0006
338.9998644,101.0,101.0005,0.0006
339.999864,101.0,101.0013,0.0013
340.99986359999997,101.0,101.0021,0.0021
341.9998632,101.0,101.0023,0.0023
342.99986279999996,101.0,101.0022,0.0022
343.9998624,101.0,101.0019,0.0019
344.99986199999995,101.0,101.0015,0.0015
345.9998616,101.0,101.0014,0.0014
346.9998612,101.0,101.0007,0.0007
347.99986079999996,101.0,101.0002,0.0003
348.9998604,101.0,101.0003,0.0003
349.99985999999996,101.0,101.0,0.0001
350.9998596,101.0,101.0002,0.0002
351.9998592,101.0,101.0001,0.0001
352.99985879999997,101.0,101.0005,0.0005
353.9998584,101.0,101.0006,0.0006
354.99985799999996,101.0,101.0003,0.0003
355.9998576,101.0,100.9998,-0.0001
356.99985719999995,101.0,101.0,0.0
357.9998568,101.0,101.0002,0.0002
358.9998564,101.0,101.0001,0.0001
359.99985599999997,101.0,101.0002,0.0002
360.9998556,101.0,101.0007,0.0007
361.99985519999996,101.0,101.0013,0.0013
362.9998548,101.0,101.0011,0.0011
363.99985439999995,101.0,101.0009,0.0009
364.99985399999997,101.0,101.0011,0.0011
365.9998536,101.0,101.0017,0.0017
366.99985319999996,101.0,101.0018,0.0018
367.9998528,101.0,101.0012,0.0013
368.99985239999995,101.0,101.0008,0.0008
369.999852,101.0,101.0006,0.0006
370.99985159999994,101.0,101.0003,0.0004
371.99985119999997,101.0,101.0003,0.0003
372.9998508,101.0,101.0005,0.0006
373.99985039999996,101.0,101.001,0.001
374.99985,101.0,101.0011,0.0011
375.99984959999995,101.0,101.0001,0.0001
376.99984919999997,101.0,100.9995,-0.0004
377.9998488,101.0,100.9993,-0.0006
378.99984839999996,101.0,101.0,0.0
379.999848,101.0,101.0003,0.0003
380.99984759999995,101.0,101.0003,0.0003
381.9998472,101.0,101.0001,0.0001
382.99984679999994,101.0,101.0003,0.0003
383.99984639999997,101.0,101.0008,0.0008
384.999846,101.0,101.0012,0.0012
385.99984559999996,101.0,101.0021,0.0021
386.9998452,101.0,101.0021,0.0021
387.99984479999995,101.0,101.0022,0.0022
388.9998444,101.0,101.0018,0.0018
389.99984399999994,101.0,101.0015,0.0015
390.99984359999996,101.0,101.0012,0.0012
391.9998432,101.0,101.0012,0.0012
392.99984279999995,101.0,101.0014,0.0014
393.9998424,101.0,101.0007,0.0007
394.99984199999994,101.0,101.0001,0.0001
395.99984159999997,101.0,100.9994,-0.0005
396.9998412,101.0,100.9999,-0.0
397.99984079999996,101.0,101.0003,0.0004
398.9998404,101.0,101.0006,0.0006
399.99983999999995,101.0,101.0008,0.0008
400.9998396,101.0,101.0013,0.0013
401.99983919999994,101.0,101.0015,0.0015
402.99983879999996,101.0,101.001,0.001
403.9998384,101.0,101.0007,0.0007
404.99983799999995,101.0,101.0008,0.0008
405.9998376,101.0,101.0011,0.0011
406.99983719999994,101.0,101.001,0.001
407.99983679999997,101.0,101.0004,0.0004
408.99983639999994,101.0,100.9997,-0.0002
409.99983599999996,101.0,100.9994,-0.0005
410.9998356,101.0,100.9987,-0.0012
411.99983519999995,101.0,100.9984,-0.0015
412.9998348,101.0,100.9978,-0.0021
413.99983439999994,101.0,100.9978,-0.0021
414.99983399999996,101.0,100.9973,-0.0026
415.99983359999993,101.0,100.9967,-0.0032
416.99983319999996,101.0,100.9968,-0.0031
417.9998328,101.0,100.9975,-0.0024
418.99983239999995,101.0,100.9986,-0.0013
419.99983199999997,101.0,100.9991,-0.0008
420.99983159999994,101.0,101.0,0.0
421.99983119999996,101.0,101.0005,0.0005
422.9998308,101.0,101.0004,0.0004
423.99983039999995,101.0,100.9997,-0.0002
424.99983,101.0,100.999,-0.0009
425.99982959999994,101.0,100.9995,-0.0004
426.99982919999997,101.0,101.0001,0.0001
427.99982879999993,101.0,101.0005,0.0005
428.99982839999996,101.0,101.0007,0.0007
429.999828,101.0,101.0008,0.0008
430.99982759999995,101.0,101.0007,0.0007
431.99982719999997,101.0,101.0002,0.0002
432.99982679999994,101.0,100.9997,-0.0002
433.99982639999996,101.0,100.9993,-0.0006
434.9998259999999,101.0,100.9987,-0.0012
435.99982559999995,101.0,100.9983,-0.0015
436.9998252,101.0,100.9985,-0.0014
437.99982479999994,101.0,100.9989,-0.001
438.99982439999997,101.0,100.9994,-0.0005
439.99982399999993,101.0,101.0,0.0001
440.99982359999996,101.0,101.0005,0.0005
441.9998232,101.0,101.0005,0.0005
442.99982279999995,101.0,101.0001,0.0001
443.99982239999997,101.0,101.0,0.0
444.99982199999994,101.0,101.0007,0.0007
445.99982159999996,101.0,101.0018,0.0018
446.99982119999993,101.0,101.002,0.002
447.99982079999995,101.0,101.0018,0.0018
448.9998204,101.0,101.0012,0.0013
449.99981999999994,101.0,101.0008,0.0009
450.99981959999997,101.0,101.0004,0.0004
451.99981919999993,101.0,101.0002,0.0002
452.99981879999996,101.0,101.0001,0.0001
453.9998183999999,101.0,101.0,0.0
454.99981799999995,101.0,100.9995,-0.0004
455.9998176,101.0,100.9985,-0.0014
456.99981719999994,101.0,100.9978,-0.002
457.99981679999996,101.0,100.9975,-0.0024
458.99981639999993,101.0,100.9977,-0.0022
459.99981599999995,101.0,100.9981,-0.0018
460.9998156,101.0,100.9983,-0.0016
461.99981519999994,101.0,100.9985,-0.0014
462.99981479999997,101.0,100.9986,-0.0013
463.99981439999993,101.0,100.9993,-0.0006
464.99981399999996,101.0,101.0,0.0001
465.9998135999999,101.0,101.0009,0.0009
466.99981319999995,101.0,101.0011,0.0011
467.9998128,101.0,101.0011,0.0011
468.99981239999994,101.0,101.0007,0.0007
469.99981199999996,101.0,101.0005,0.0005
470.99981159999993,101.0,101.0003,0.0003
471.99981119999995,101.0,101.0006,0.0006
472.9998107999999,101.0,101.0008,0.0008
473.99981039999994,101.0,101.0004,0.0004
474.99980999999997,101.0,101.0,0.0
475.99980959999994,101.0,100.9994,-0.0005
476.99980919999996,101.0,100.9995,-0.0004
477.9998087999999,101.0,100.9989,-0.001
478.99980839999995,101.0,100.9984,-0.0015
479.999808,101.0,100.9984,-0.0015
480.99980759999994,101.0,100.9992,-0.0006
481.99980719999996,101.0,100.9995,-0.0004
482.99980679999993,101.0,100.9992,-0.0007
483.99980639999995,101.0,100.9989,-0.001
484.9998059999999,101.0,100.9991,-0.0008
485.99980559999995,101.0,100.9998,-0.0001
486.99980519999997,101.0,101.0,0.0
487.99980479999994,101.0,100.9997,-0.0002
488.99980439999996,101.0,100.9994,-0.0005
489.9998039999999,101.0,100.999,-0.0009
490.99980359999995,101.0,100.9984,-0.0015
491.9998031999999,101.0,100.9987,-0.0012
492.99980279999994,101.0,100.9987,-0.0012
493.99980239999996,101.0,100.9988,-0.0011
494.99980199999993,101.0,100.9984,-0.0014
495.99980159999996,101.0,100.9979,-0.0019
496.9998011999999,101.0,100.998,-0.0019
497.99980079999995,101.0,100.998,-0.0018
498.9998003999999,101.0,100.9988,-0.0011
499.99979999999994,101.0,100.9993,-0.0006
500.99979959999996,101.0,101.0001,0.0001
501.9997991999999,101.0,100.9999,-0.0
502.9997987999999,101.0,101.0,0.0001
503.9997984,101.0,100.9995,-0.0004
504.99979799999994,101.0,100.9995,-0.0004
505.9997975999999,101.0,100.9996,-0.0003
506.9997972,101.0,100.9998,-0.0001
507.99979679999996,101.0,100.9997,-0.0002
508.9997963999999,101.0,100.9995,-0.0004
509.9997959999999,101.0,100.9992,-0.0006
510.99979559999997,101.0,100.9992,-0.0007
511.99979519999994,101.0,100.9988,-0.0011
512.9997947999999,101.0,100.999,-0.0009
513.9997944,101.0,100.9991,-0.0008
514.999794,101.0,100.9992,-0.0006
515.9997936,101.0,100.9988,-0.0011
516.9997931999999,101.0,100.9983,-0.0016
517.9997928,101.0,100.9981,-0.0018
518.9997923999999,101.0,100.9981,-0.0018
519.999792,101.0,100.9984,-0.0014
520.9997916,101.0,100.9992,-0.0007
521.9997912,101.0,100.9995,-0.0004
522.9997907999999,101.0,100.9998,-0.0001
523.9997903999999,101.0,100.9999,-0.0
524.99979,101.0,101.0005,0.0005
525.9997896,101.0,101.0013,0.0013
526.9997891999999,101.0,101.0012,0.0012
527.9997888,101.0,101.0002,0.0003
528.9997883999999,101.0,100.9994,-0.0005
529.999788,101.0,100.9989,-0.001
530.9997875999999,101.0,100.9985,-0.0014
531.9997872,101.0,100.9982,-0.0017
532.9997867999999,101.0,100.9977,-0.0022
533.9997864,101.0,100.9979,-0.002
534.999786,101.0,100.9981,-0.0018
535.9997856,101.0,100.9984,-0.0015
536.9997851999999,101.0,100.9992,-0.0007
537.9997848,101.0,100.9997,-0.0002
538.9997844,101.0,100.9999,-0.0
539.999784,101.0,101.0,0.0
540.9997835999999,101.0,100.9998,-0.0
541.9997832,101.0,100.9996,-0.0003
542.9997827999999,101.0,100.999,-0.0009
543.9997824,101.0,100.9987,-0.0011
544.999782,101.0,100.9989,-0.001
545.9997816,101.0,100.9993,-0.0005
546.9997811999999,101.0,100.9997,-0.0002
547.9997807999999,101.0,100.9999,-0.0
548.9997804,101.0,100.9997,-0.0001
549.99978,101.0,100.9992,-0.0007
550.9997795999999,101.0,100.9991,-0.0008
551.9997792,101.0,100.9993,-0.0005
552.9997788,101.0,100.9998,-0.0001
553.9997784,101.0,100.9998,-0.0001
554.9997779999999,101.0,100.9992,-0.0007
555.9997776,101.0,100.999,-0.0009
556.9997771999999,101.0,100.999,-0.0009
557.9997768,101.0,100.9994,-0.0005
558.9997764,101.0,100.9992,-0.0007
559.999776,101.0,100.9989,-0.001
560.9997755999999,101.0,100.999,-0.0009
561.9997751999999,101.0,100.9992,-0.0007
562.9997748,101.0,100.9998,-0.0001
563.9997744,101.0,100.9997,-0.0002
564.9997739999999,101.0,100.9998,-0.0001
565.9997736,101.0,100.9997,-0.0002
566.9997731999999,101.0,101.0,0.0
567.9997728,101.0,101.0003,0.0003
568.9997723999999,101.0,101.0,0.0
569.999772,101.0,100.9993,-0.0006
570.9997715999999,101.0,100.9995,-0.0004
571.9997711999999,101.0,101.0,0.0
572.9997708,101.0,101.0003,0.0003
573.9997704,101.0,100.9998,-0.0001
574.9997699999999,101.0,100.9993,-0.0006
575.9997695999999,101.0,100.9995,-0.0004
576.9997692,101.0,100.9998,-0.0001
577.9997688,101.0,100.9996,-0.0003
578.9997683999999,101.0,100.9993,-0.0006
579.999768,101.0,100.9996,-0.0002
580.9997675999999,101.0,100.9997,-0.0002
581.9997672,101.0,100.9996,-0.0003
582.9997668,101.0,100.9994,-0.0005
583.9997664,101.0,100.9998,-0.0001
584.9997659999999,101.0,101.0008,0.0008
585.9997655999999,101.0,101.0009,0.0009
586.9997652,101.0,101.0009,0.0009
587.9997648,101.0,101.0007,0.0007
588.9997643999999,101.0,101.0002,0.0002
589.999764,101.0,100.9998,-0.0001
590.9997635999999,101.0,100.9996,-0.0002
591.9997632,101.0,101.0001,0.0001
592.9997627999999,101.0,101.0008,0.0008
593.9997624,101.0,101.0008,0.0009
594.9997619999999,101.0,101.0007,0.0007
595.9997615999999,101.0,101.0002,0.0002
596.9997612,101.0,101.0001,0.0001
597.9997608,101.0,101.0002,0.0002
598.9997603999999,101.0,101.0006,0.0006
599.9997599999999,101.0,101.0012,0.0013
600.9997596,101.0,101.0017,0.0017
601.9997592,101.0,101.0013,0.0014
602.9997587999999,101.0,101.0007,0.0007
603.9997584,101.0,101.0006,0.0006
604.9997579999999,101.0,101.0011,0.0011
605.9997576,101.0,101.0018,0.0018
606.9997571999999,101.0,101.0025,0.0025
607.9997568,101.0,101.0032,0.0033
608.9997563999999,101.0,101.0033,0.0033
609.9997559999999,101.0,101.0028,0.0028
610.9997556,101.0,101.0021,0.0021
611.9997552,101.0,101.0017,0.0017
612.9997547999999,101.0,101.0012,0.0012
613.9997543999999,101.0,101.0003,0.0003
614.9997539999999,101.0,100.9997,-0.0002
615.9997536,101.0,100.9995,-0.0004
616.9997531999999,101.0,100.9996,-0.0003
617.9997528,101.0,100.9995,-0.0004
618.9997523999999,101.0,100.9995,-0.0003
619.999752,101.0,100.9995,-0.0004
620.9997516,101.0,100.9991,-0.0008
621.9997512,101.0,100.9984,-0.0015
622.9997507999999,101.0,100.9982,-0.0017
623.9997503999999,101.0,100.9986,-0.0013
624.99975,101.0,100.9992,-0.0007
625.9997496,101.0,100.9996,-0.0002
626.9997491999999,101.0,101.0001,0.0001
627.9997488,101.0,101.0005,0.0005
628.9997483999999,101.0,101.0007,0.0007
629.999748,101.0,101.0006,0.0006
630.9997475999999,101.0,101.0006,0.0006
631.9997472,101.0,101.0008,0.0008
632.9997467999999,101.0,101.0008,0.0009
633.9997463999999,101.0,101.0008,0.0008
634.999746,101.0,101.0001,0.0001
635.9997456,101.0,100.9992,-0.0007
636.9997451999999,101.0,100.9989,-0.001
637.9997447999999,101.0,100.9991,-0.0008
638.9997443999999,101.0,100.9995,-0.0003
639.999744,101.0,100.9999,-0.0
640.9997435999999,101.0,100.9996,-0.0003
641.9997432,101.0,100.9988,-0.0011
642.9997427999999,101.0,100.9981,-0.0018
643.9997424,101.0,100.9978,-0.0021
644.9997419999999,101.0,100.9979,-0.002
645.9997416,101.0,100.9982,-0.0016
646.9997411999999,101.0,100.9985,-0.0014
647.9997407999999,101.0,100.9986,-0.0013
648.9997404,101.0,100.9988,-0.0011
649.99974,101.0,100.9994,-0.0005
650.9997395999999,101.0,101.0002,0.0002
651.9997391999999,101.0,101.0011,0.0011
652.9997387999999,101.0,101.0013,0.0013
653.9997384,101.0,101.0012,0.0012
654.9997379999999,101.0,101.001,0.001
655.9997376,101.0,101.0009,0.0009
656.9997371999999,101.0,101.0008,0.0008
657.9997367999999,101.0,101.0002,0.0002
658.9997363999998,101.0,100.9999,-0.0
659.999736,101.0,100.9997,-0.0002
660.9997355999999,101.0,100.999,-0.0009
661.9997351999999,101.0,100.9977,-0.0022
662.9997347999999,101.0,100.9971,-0.0027
663.9997344,101.0,100.9974,-0.0025
664.9997339999999,101.0,100.9983,-0.0016
665.9997336,101.0,100.9986,-0.0013
666.9997331999999,101.0,100.9988,-0.0011
667.9997328,101.0,100.9988,-0.0011
668.9997323999999,101.0,100.9989,-0.001
669.999732,101.0,100.9994,-0.0005
670.9997315999999,101.0,100.9998,-0.0001
671.9997311999999,101.0,101.0002,0.0002
672.9997308,101.0,100.9998,-0.0
673.9997304,101.0,100.9991,-0.0007
674.9997299999999,101.0,100.9987,-0.0011
675.9997295999999,101.0,100.9986,-0.0013
676.9997291999999,101.0,100.9987,-0.0012
677.9997288,101.0,100.9985,-0.0014
678.9997283999999,101.0,100.9986,-0.0013
679.999728,101.0,100.9991,-0.0008
680.9997275999999,101.0,100.9995,-0.0004
681.9997271999999,101.0,100.9997,-0.0002
682.9997267999998,101.0,100.9991,-0.0008
683.9997264,101.0,100.9995,-0.0004
684.9997259999999,101.0,101.0002,0.0002
685.9997255999999,101.0,101.0004,0.0004
686.9997252,101.0,101.0004,0.0004
687.9997248,101.0,101.0006,0.0007
688.9997243999999,101.0,101.0008,0.0008
689.9997239999999,101.0,101.0006,0.0006
690.9997235999999,101.0,101.0004,0.0004
691.9997232,101.0,101.0008,0.0009
692.9997227999999,101.0,101.0013,0.0013
693.9997224,101.0,101.0015,0.0015
694.9997219999999,101.0,101.0011,0.0011
695.9997215999999,101.0,101.0008,0.0008
696.9997211999998,101.0,101.0009,0.0009
697.9997208,101.0,101.0007,0.0007
698.9997203999999,101.0,101.0003,0.0003
699.9997199999999,101.0,101.0002,0.0003
700.9997195999999,101.0,101.0003,0.0004
701.9997192,101.0,101.0007,0.0007
702.9997187999999,101.0,101.0009,0.0009
703.9997184,101.0,101.0011,0.0011
704.9997179999999,101.0,101.0016,0.0016
705.9997175999999,101.0,101.0025,0.0025
706.9997171999998,101.0,101.0031,0.0031
707.9997168,101.0,101.0031,0.0031
708.9997163999999,101.0,101.0025,0.0025
709.9997159999999,101.0,101.0019,0.0019
710.9997156,101.0,101.0024,0.0024
711.9997152,101.0,101.0029,0.0029
712.9997147999999,101.0,101.003,0.003
713.9997143999999,101.0,101.0026,0.0026
714.9997139999999,101.0,101.0016,0.0016
715.9997136,101.0,101.001,0.001
716.9997131999999,101.0,101.0001,0.0001
717.9997128,101.0,100.9995,-0.0004
718.9997123999999,101.0,100.9997,-0.0002
719.9997119999999,101.0,100.9998,-0.0001
720.9997115999998,101.0,100.9994,-0.0005
721.9997112,101.0,100.9988,-0.001
722.9997107999999,101.0,100.9982,-0.0017
723.9997103999999,101.0,100.9979,-0.002
724.9997099999999,101.0,100.9979,-0.0019
725.9997096,101.0,100.9983,-0.0016
726.9997091999999,101.0,100.9992,-0.0007
727.9997087999999,101.0,101.0,0.0
728.9997083999999,101.0,101.0005,0.0005
729.9997079999999,101.0,101.0007,0.0007
730.9997075999999,101.0,101.0017,0.0017
731.9997072,101.0,101.0026,0.0026
732.9997067999999,101.0,101.0034,0.0034
733.9997063999999,101.0,101.0029,0.0029
734.9997059999998,101.0,101.0021,0.0021
735.9997056,101.0,101.0014,0.0014
736.9997051999999,101.0,101.0011,0.0011
737.9997047999999,101.0,101.0008,0.0009
738.9997043999999,101.0,101.0002,0.0003
739.999704,101.0,100.9996,-0.0002
740.9997035999999,101.0,100.9992,-0.0007
741.9997031999999,101.0,100.9989,-0.001
742.9997027999999,101.0,100.9986,-0.0013
743.9997023999999,101.0,100.999,-0.0009
744.9997019999998,101.0,100.9998,-0.0001
745.9997016,101.0,100.9999,-0.0
746.9997011999999,101.0,100.9997,-0.0002
747.9997007999999,101.0,100.9996,-0.0003
748.9997003999999,101.0,101.0001,0.0001
749.9997,101.0,101.0007,0.0007
750.9996995999999,101.0,101.0013,0.0013
751.9996991999999,101.0,101.0018,0.0018
752.9996987999999,101.0,101.0018,0.0018
753.9996983999999,101.0,101.0015,0.0015
754.9996979999999,101.0,101.0013,0.0013
755.9996976,101.0,101.0017,0.0017
756.9996971999999,101.0,101.0023,0.0023
757.9996967999999,101.0,101.0026,0.0026
758.9996963999998,101.0,101.0023,0.0024
759.999696,101.0,101.0019,0.0019
760.9996955999999,101.0,101.0008,0.0008
761.9996951999999,101.0,100.9996,-0.0003
762.9996947999999,101.0,100.9991,-0.0008
763.9996944,101.0,100.9985,-0.0014
764.9996939999999,101.0,100.9989,-0.001
765.9996935999999,101.0,100.9986,-0.0013
766.9996931999999,101.0,100.9987,-0.0012
767.9996927999999,101.0,100.9988,-0.0011
768.9996923999998,101.0,100.9986,-0.0013
769.999692,101.0,100.9992,-0.0007
770.9996915999999,101.0,101.0,0.0
771.9996911999999,101.0,101.0011,0.0011
772.9996907999998,101.0,101.0016,0.0016
773.9996904,101.0,101.0018,0.0019
774.9996899999999,101.0,101.0019,0.0019
775.9996895999999,101.0,101.0022,0.0022
776.9996891999999,101.0,101.0023,0.0023
777.9996888,101.0,101.0016,0.0016
778.9996883999999,101.0,101.0008,0.0008
779.9996879999999,101.0,101.0002,0.0002
780.9996875999999,101.0,101.0001,0.0001
781.9996871999999,101.0,100.9991,-0.0008
782.9996867999998,101.0,100.998,-0.0019
783.9996864,101.0,100.9975,-0.0024
784.9996859999999,101.0,100.9983,-0.0016
785.9996855999999,101.0,100.9988,-0.0011
786.9996851999998,101.0,100.9991,-0.0008
787.9996848,101.0,100.999,-0.0009
788.9996843999999,101.0,100.9988,-0.001
789.9996839999999,101.0,100.9987,-0.0012
790.9996835999999,101.0,100.9987,-0.0012
791.9996831999999,101.0,100.9994,-0.0005
792.9996827999998,101.0,101.0005,0.0005
793.9996824,101.0,101.0011,0.0011
794.9996819999999,101.0,101.0007,0.0007
795.9996815999999,101.0,101.0006,0.0007
796.9996811999998,101.0,101.0004,0.0004
797.9996808,101.0,101.0006,0.0006
798.9996803999999,101.0,101.0006,0.0006
799.9996799999999,101.0,101.0008,0.0008
800.9996795999999,101.0,101.0005,0.0005
801.9996792,101.0,101.0003,0.0003
802.9996787999999,101.0,101.0002,0.0002
803.9996783999999,101.0,101.0003,0.0003
804.9996779999999,101.0,101.0005,0.0005
805.9996775999999,101.0,100.9999,-0.0
806.9996771999998,101.0,100.9994,-0.0005
807.9996768,101.0,100.9994,-0.0005
808.9996763999999,101.0,100.9998,-0.0
809.9996759999999,101.0,101.0,0.0001
810.9996755999998,101.0,100.9998,-0.0001
811.9996752,101.0,100.9996,-0.0003
812.9996747999999,101.0,101.0,0.0001
813.9996743999999,101.0,101.0005,0.0005
814.9996739999999,101.0,101.0009,0.0009
815.9996735999999,101.0,101.0014,0.0014
816.9996731999998,101.0,101.0018,0.0018
817.9996727999999,101.0,101.002,0.0021
818.9996723999999,101.0,101.0022,0.0022
819.9996719999999,101.0,101.0021,0.0021
820.9996715999998,101.0,101.0019,0.0019
821.9996712,101.0,101.0011,0.0011
822.9996707999999,101.0,101.0007,0.0007
823.9996703999999,101.0,101.0004,0.0004
824.9996699999998,101.0,101.0008,0.0008
825.9996696,101.0,101.0008,0.0008
826.9996691999999,101.0,101.0005,0.0005
827.9996687999999,101.0,101.0001,0.0001
828.9996683999999,101.0,100.9999,-0.0
829.9996679999999,101.0,101.0,0.0
830.9996675999998,101.0,101.0002,0.0002
831.9996671999999,101.0,100.9999,-0.0
832.9996667999999,101.0,100.9999,-0.0
833.9996663999999,101.0,100.9998,-0.0001
834.9996659999998,101.0,100.9995,-0.0004
835.9996656,101.0,100.9992,-0.0007
836.9996651999999,101.0,100.9988,-0.001
837.9996647999999,101.0,100.9991,-0.0008
838.9996643999999,101.0,100.9991,-0.0007
839.9996639999999,101.0,100.9991,-0.0008
840.9996635999998,101.0,100.9987,-0.0011
841.9996631999999,101.0,100.9987,-0.0012
842.9996627999999,101.0,100.9986,-0.0013
843.9996623999999,101.0,100.9991,-0.0008
844.9996619999998,101.0,100.9998,-0.0
845.9996616,101.0,101.0003,0.0003
846.9996611999999,101.0,101.0005,0.0005
847.9996607999999,101.0,101.0004,0.0004
848.9996603999998,101.0,101.0005,0.0005
849.99966,101.0,101.0012,0.0012
850.9996595999999,101.0,101.002,0.002
851.9996591999999,101.0,101.0024,0.0024
852.9996587999999,101.0,101.0026,0.0026
853.9996583999999,101.0,101.0024,0.0024
854.9996579999998,101.0,101.0021,0.0021
855.9996575999999,101.0,101.002,0.002
856.9996571999999,101.0,101.002,0.002
857.9996567999999,101.0,101.0018,0.0018
858.9996563999998,101.0,101.0017,0.0017
859.999656,101.0,101.0012,0.0012
860.9996555999999,101.0,101.0008,0.0008
861.9996551999999,101.0,101.0007,0.0007
862.9996547999998,101.0,101.0004,0.0004
863.9996543999999,101.0,101.0,0.0
864.9996539999999,101.0,101.0004,0.0004
865.9996535999999,101.0,101.0005,0.0006
866.9996531999999,101.0,101.0005,0.0006
867.9996527999999,101.0,101.0004,0.0004
868.9996523999998,101.0,101.0004,0.0004
869.9996519999999,101.0,101.0007,0.0007
870.9996515999999,101.0,101.001,0.001
871.9996511999999,101.0,101.0014,0.0014
872.9996507999998,101.0,101.002,0.0021
873.9996504,101.0,101.0021,0.0021
874.9996499999999,101.0,101.0021,0.0021
875.9996495999999,101.0,101.0019,0.0019
876.9996491999999,101.0,101.0016,0.0017
877.9996487999999,101.0,101.0008,0.0008
878.9996483999998,101.0,101.0,0.0
879.9996479999999,101.0,100.9996,-0.0003
880.9996475999999,101.0,100.9994,-0.0005
881.9996471999999,101.0,100.9991,-0.0008
882.9996467999998,101.0,100.9982,-0.0017
883.9996464,101.0,100.9982,-0.0016
884.9996459999999,101.0,100.9986,-0.0012
885.9996455999999,101.0,100.9989,-0.001
886.9996451999998,101.0,100.9989,-0.001
887.9996447999999,101.0,100.999,-0.0009
888.9996443999999,101.0,100.9992,-0.0007
889.9996439999999,101.0,100.9993,-0.0006
890.9996435999999,101.0,100.9998,-0.0
891.9996431999999,101.0,101.0002,0.0002
892.9996427999998,101.0,101.0007,0.0007
893.9996423999999,101.0,101.0011,0.0011
894.9996419999999,101.0,101.0014,0.0014
895.9996415999999,101.0,101.002,0.002
896.9996411999998,101.0,101.0017,0.0017
897.9996408,101.0,101.0013,0.0013
898.9996403999999,101.0,101.0014,0.0014
899.9996399999999,101.0,101.0014,0.0014
900.9996395999998,101.0,101.0009,0.0009
901.9996391999999,101.0,100.9998,-0.0001
902.9996387999998,101.0,100.9993,-0.0006
903.9996383999999,101.0,100.999,-0.0009
904.9996379999999,101.0,100.999,-0.0009
905.9996375999999,101.0,100.9983,-0.0016
906.9996371999998,101.0,100.9984,-0.0015
907.9996367999998,101.0,100.9982,-0.0017
908.9996363999999,101.0,100.9978,-0.0021
909.9996359999999,101.0,100.9979,-0.0019
910.9996355999998,101.0,100.9983,-0.0016
911.9996352,101.0,100.999,-0.0009
912.9996347999999,101.0,100.9994,-0.0005
913.9996343999999,101.0,100.9998,-0.0001
914.9996339999998,101.0,101.0005,0.0005
915.9996335999999,101.0,101.0011,0.0011
916.9996331999998,101.0,101.0013,0.0013
917.9996327999999,101.0,101.0013,0.0013
918.9996323999999,101.0,101.0014,0.0014
919.9996319999999,101.0,101.0014,0.0014
920.9996315999998,101.0,101.001,0.001
921.9996312,101.0,101.0004,0.0004
922.9996307999999,101.0,101.0002,0.0002
923.9996303999999,101.0,101.0002,0.0002
924.9996299999998,101.0,101.0002,0.0002
925.9996295999999,101.0,100.9998,-0.0001
926.9996291999998,101.0,100.9995,-0.0004
927.9996287999999,101.0,100.999,-0.0009
928.9996283999999,101.0,100.9985,-0.0014
929.9996279999999,101.0,100.9984,-0.0015
930.9996275999998,101.0,100.9989,-0.001
931.9996271999998,101.0,100.9993,-0.0006
932.9996267999999,101.0,100.9994,-0.0005
933.9996263999999,101.0,100.9992,-0.0007
934.9996259999998,101.0,100.9993,-0.0006
935.9996256,101.0,101.0,0.0
936.9996251999999,101.0,101.0006,0.0006
937.9996247999999,101.0,101.0013,0.0013
938.9996243999998,101.0,101.0018,0.0018
939.9996239999999,101.0,101.002,0.0021
940.9996235999998,101.0,101.0018,0.0018
941.9996231999999,101.0,101.0012,0.0012
942.9996227999999,101.0,101.0009,0.0009
943.9996223999999,101.0,101.0008,0.0008
944.9996219999998,101.0,101.0007,0.0007
945.9996215999998,101.0,101.0,0.0
946.9996211999999,101.0,100.9998,-0.0001
947.9996207999999,101.0,100.9998,-0.0001
948.9996203999998,101.0,101.0002,0.0002
949.9996199999999,101.0,100.9999,-0.0
950.9996195999998,101.0,100.9998,-0.0001
951.9996191999999,101.0,100.9996,-0.0003
952.9996187999998,101.0,100.9995,-0.0004
953.9996183999999,101.0,100.9997,-0.0002
954.9996179999998,101.0,100.9994,-0.0005
955.9996175999999,101.0,100.9996,-0.0003
956.9996171999999,101.0,100.9999,-0.0
957.9996167999999,101.0,101.0005,0.0005
958.9996163999999,101.0,101.0011,0.0012
959.999616,101.0,101.0012,0.0012
960.9996155999999,101.0,101.0004,0.0004
961.9996151999999,101.0,100.9995,-0.0004
962.9996147999999,101.0,100.999,-0.0009
963.9996143999999,101.0,100.9988,-0.0011
964.9996139999998,101.0,100.9988,-0.0011
965.9996135999999,101.0,100.9986,-0.0013
966.9996131999999,101.0,100.9985,-0.0014
967.9996127999999,101.0,100.9982,-0.0017
968.9996123999999,101.0,100.9982,-0.0017
969.9996119999998,101.0,100.9984,-0.0015
970.9996116,101.0,100.9995,-0.0004
971.9996111999999,101.0,100.9998,-0.0001
972.9996107999999,101.0,100.9997,-0.0002
973.9996103999999,101.0,100.9992,-0.0007
974.99961,101.0,100.9992,-0.0007
975.9996095999999,101.0,100.9993,-0.0006
976.9996091999999,101.0,100.9996,-0.0003
977.9996087999999,101.0,100.9999,-0.0
978.9996083999999,101.0,101.0003,0.0003
979.9996079999999,101.0,101.0004,0.0005
980.9996076,101.0,100.9996,-0.0002
981.9996071999999,101.0,100.9992,-0.0007
982.9996067999999,101.0,100.9992,-0.0007
983.9996063999998,101.0,100.9995,-0.0004
984.999606,101.0,100.9995,-0.0004
985.9996055999999,101.0,100.9993,-0.0006
986.9996051999999,101.0,100.9994,-0.0005
987.9996047999999,101.0,100.9998,-0.0
988.9996044,101.0,100.9999,0.0
989.9996039999999,101.0,101.0003,0.0003
990.9996035999999,101.0,101.0007,0.0007
991.9996031999999,101.0,101.001,0.001
992.9996027999999,101.0,101.0009,0.0009
993.9996023999998,101.0,101.0005,0.0005
994.999602,101.0,101.0006,0.0006
995.9996015999999,101.0,101.0008,0.0008
996.9996011999999,101.0,101.0008,0.0008
997.9996007999998,101.0,101.0006,0.0006
998.9996004,101.0,101.0009,0.0009
999.9995999999999,101.0,101.0014,0.0014
1000.9995995999999,101.0,101.0012,0.0012
1001.9995991999999,101.0,101.0003,0.0004
1002.9995987999998,101.0,100.9995,-0.0004
1003.9995983999999,101.0,100.9997,-0.0002
1004.999598,101.0,101.0,0.0
1005.9995975999998,101.0,100.9997,-0.0002
1006.9995971999999,101.0,100.9992,-0.0007
1007.9995968,101.0,100.9986,-0.0013
1008.9995963999999,101.0,100.9983,-0.0016
1009.9995959999999,101.0,100.9983,-0.0016
1010.9995956,101.0,100.9984,-0.0015
1011.9995951999998,101.0,100.9987,-0.0012
1012.9995948,101.0,100.9992,-0.0007
1013.9995944,101.0,100.9998,-0.0001
1014.9995939999999,101.0,101.0003,0.0003
1015.9995935999999,101.0,101.0005,0.0005
1016.9995931999998,101.0,101.0008,0.0008
1017.9995927999998,101.0,101.0011,0.0011
1018.9995924,101.0,101.0011,0.0012
1019.9995919999998,101.0,101.0009,0.0009
1020.9995915999999,101.0,100.9996,-0.0002
1021.9995911999999,101.0,100.9992,-0.0007
1022.9995907999999,101.0,100.999,-0.0009
1023.9995903999999,101.0,100.9996,-0.0003
1024.99959,101.0,100.9998,-0.0001
1025.9995895999998,101.0,100.9996,-0.0002
1026.9995892,101.0,100.9996,-0.0002
1027.9995888,101.0,100.9996,-0.0003
1028.9995883999998,101.0,100.9993,-0.0006
1029.999588,101.0,100.999,-0.0009
1030.9995876,101.0,100.9993,-0.0006
1031.9995872,101.0,100.9997,-0.0002
1032.9995867999999,101.0,100.9997,-0.0002
1033.9995863999998,101.0,100.9993,-0.0005
1034.999586,101.0,100.9996,-0.0003
1035.9995856,101.0,101.0005,0.0005
1036.9995851999997,101.0,101.0007,0.0007
1037.9995847999999,101.0,101.0003,0.0003
1038.9995844,101.0,101.0002,0.0002
1039.999584,101.0,100.9999,-0.0
1040.9995835999998,101.0,100.9998,-0.0001
1041.9995832,101.0,100.9991,-0.0007
1042.9995827999999,101.0,100.9991,-0.0008
1043.9995824,101.0,100.9991,-0.0008
1044.999582,101.0,100.9989,-0.001
1045.9995815999998,101.0,100.9986,-0.0013
1046.9995812,101.0,100.999,-0.0009
1047.9995807999999,101.0,100.9989,-0.001
1048.9995803999998,101.0,100.9989,-0.001
1049.99958,101.0,100.9993,-0.0006
1050.9995795999998,101.0,100.9999,-0.0
1051.9995792,101.0,101.0001,0.0001
1052.9995787999999,101.0,100.9998,-0.0001
1053.9995783999998,101.0,100.9997,-0.0002
1054.999578,101.0,101.0002,0.0002
1055.9995776,101.0,101.0007,0.0007
1056.9995771999997,101.0,101.0006,0.0007
1057.9995767999999,101.0,101.0006,0.0006
1058.9995764,101.0,101.0008,0.0008
1059.999576,101.0,101.0009,0.0009
1060.9995755999998,101.0,101.0007,0.0007
1061.9995751999998,101.0,101.0005,0.0005
1062.9995748,101.0,101.0007,0.0007
1063.9995744,101.0,101.0009,0.0009
1064.9995739999997,101.0,101.0006,0.0006
1065.9995735999998,101.0,101.0,0.0
1066.9995732,101.0,101.0,0.0
1067.9995728,101.0,100.9999,-0.0
1068.9995723999998,101.0,101.0,0.0
1069.999572,101.0,100.9995,-0.0004
1070.9995715999999,101.0,100.9997,-0.0002
1071.9995712,101.0,101.0,0.0
1072.9995708,101.0,101.0004,0.0004
1073.9995703999998,101.0,101.0005,0.0005
1074.99957,101.0,101.0009,0.0009
1075.9995696,101.0,101.0014,0.0014
1076.9995691999998,101.0,101.0016,0.0017
1077.9995688,101.0,101.0018,0.0019
1078.9995683999998,101.0,101.0025,0.0025
1079.999568,101.0,101.0028,0.0028
1080.9995675999999,101.0,101.0024,0.0024
1081.9995671999998,101.0,101.0018,0.0018
1082.9995668,101.0,101.0017,0.0017
1083.9995664,101.0,101.0018,0.0018
1084.9995659999997,101.0,101.0013,0.0013
1085.9995655999999,101.0,101.001,0.001
1086.9995652,101.0,101.0007,0.0007
1087.9995648,101.0,101.0003,0.0003
1088.9995643999998,101.0,100.9994,-0.0005
1089.999564,101.0,100.9987,-0.0012
1090.9995635999999,101.0,100.9988,-0.0011
1091.9995632,101.0,100.9988,-0.0011
1092.9995627999997,101.0,100.9989,-0.001
1093.9995623999998,101.0,100.9986,-0.0013
1094.999562,101.0,100.9988,-0.001
1095.9995615999999,101.0,100.9993,-0.0005
1096.9995611999998,101.0,100.9999,-0.0
1097.9995608,101.0,101.0008,0.0008
1098.9995603999998,101.0,101.0016,0.0016
1099.99956,101.0,101.0024,0.0024
1100.9995595999999,101.0,101.0025,0.0025
1101.9995591999998,101.0,101.0021,0.0021
1102.9995588,101.0,101.0018,0.0018
1103.9995584,101.0,101.0018,0.0018
1104.9995579999998,101.0,101.0019,0.0019
1105.9995576,101.0,101.0014,0.0014
1106.9995571999998,101.0,101.0009,0.0009
1107.9995568,101.0,101.0003,0.0003
1108.9995563999998,101.0,101.0,0.0
1109.9995559999998,101.0,100.9998,-0.0001
1110.9995556,101.0,100.9996,-0.0003
1111.9995552,101.0,100.9993,-0.0006
1112.9995547999997,101.0,100.999,-0.0009
1113.9995543999999,101.0,100.9986,-0.0013
1114.999554,101.0,100.9984,-0.0015
1115.9995536,101.0,100.9981,-0.0018
1116.9995531999998,101.0,100.9979,-0.002
1117.9995528,101.0,100.9981,-0.0018
1118.9995523999999,101.0,100.9986,-0.0013
1119.999552,101.0,100.9987,-0.0011
1120.9995516,101.0,100.9986,-0.0013
1121.9995511999998,101.0,100.9985,-0.0014
1122.9995508,101.0,100.999,-0.0009
1123.9995503999999,101.0,101.0,0.0
1124.9995499999998,101.0,101.0001,0.0001
1125.9995496,101.0,101.0002,0.0002
1126.9995491999998,101.0,100.9998,-0.0001
1127.9995488,101.0,100.9999,-0.0
1128.9995483999999,101.0,100.9998,-0.0001
1129.9995479999998,101.0,100.9997,-0.0002
1130.9995476,101.0,100.9994,-0.0005
1131.9995472,101.0,100.9997,-0.0002
1132.9995467999997,101.0,100.9993,-0.0006
1133.9995463999999,101.0,100.9989,-0.001
1134.999546,101.0,100.9985,-0.0014
1135.9995456,101.0,100.999,-0.0009
1136.9995451999998,101.0,101.0,0.0
1137.9995447999997,101.0,101.0011,0.0012
1138.9995443999999,101.0,101.001,0.001
1139.999544,101.0,101.0004,0.0004
1140.9995435999997,101.0,100.9994,-0.0005
1141.9995431999998,101.0,100.9993,-0.0006
1142.9995428,101.0,100.9993,-0.0006
1143.9995423999999,101.0,100.9993,-0.0006
1144.9995419999998,101.0,100.999,-0.0009
1145.9995416,101.0,100.999,-0.0009
1146.9995411999998,101.0,100.9991,-0.0008
1147.9995408,101.0,100.9988,-0.0011
1148.9995404,101.0,100.9984,-0.0015
1149.9995399999998,101.0,100.9985,-0.0014
1150.9995396,101.0,100.999,-0.0009
1151.9995391999998,101.0,100.9992,-0.0007
1152.9995387999998,101.0,100.9989,-0.001
1153.9995384,101.0,100.9979,-0.0019
1154.9995379999998,101.0,100.9976,-0.0023
1155.9995376,101.0,100.9979,-0.0019
1156.9995371999998,101.0,100.9986,-0.0013
1157.9995367999998,101.0,100.9994,-0.0005
1158.9995364,101.0,100.9999,-0.0
1159.999536,101.0,101.0004,0.0004
1160.9995355999997,101.0,101.0006,0.0006
1161.9995351999999,101.0,101.0005,0.0005
1162.9995348,101.0,101.0008,0.0008
1163.9995344,101.0,101.0014,0.0014
1164.9995339999998,101.0,101.0013,0.0013
1165.9995336,101.0,101.0013,0.0013
1166.9995331999999,101.0,101.0012,0.0012
1167.9995328,101.0,101.0012,0.0012
1168.9995323999997,101.0,101.001,0.001
1169.9995319999998,101.0,101.0005,0.0005
1170.9995316,101.0,101.0001,0.0001
1171.9995311999999,101.0,100.9995,-0.0004
1172.9995307999998,101.0,100.9986,-0.0012
1173.9995304,101.0,100.9979,-0.0019
1174.9995299999998,101.0,100.9978,-0.0021
1175.9995296,101.0,100.9984,-0.0015
1176.9995291999999,101.0,100.9993,-0.0006
1177.9995287999998,101.0,101.0003,0.0004
1178.9995284,101.0,101.0013,0.0013
1179.999528,101.0,101.0016,0.0016
1180.9995275999997,101.0,101.0015,0.0015
1181.9995271999999,101.0,101.0014,0.0014
1182.9995267999998,101.0,101.0018,0.0018
1183.9995264,101.0,101.002,0.002
1184.9995259999998,101.0,101.0016,0.0016
1185.9995255999997,101.0,101.001,0.001
1186.9995251999999,101.0,101.0003,0.0003
1187.9995248,101.0,100.9998,-0.0001
1188.9995243999997,101.0,100.9995,-0.0004
1189.9995239999998,101.0,100.9996,-0.0003
1190.9995236,101.0,100.9995,-0.0004
1191.9995231999999,101.0,100.9987,-0.0012
1192.9995227999998,101.0,100.9977,-0.0022
1193.9995224,101.0,100.9969,-0.003
1194.9995219999998,101.0,100.9971,-0.0028
1195.9995216,101.0,100.998,-0.0019
1196.9995212,101.0,100.9987,-0.0012
1197.9995207999998,101.0,100.9997,-0.0001
1198.9995204,101.0,101.0002,0.0002
1199.9995199999998,101.0,101.0006,0.0006
1200.9995195999998,101.0,101.0007,0.0007
1201.9995192,101.0,101.0011,0.0011
1202.9995187999998,101.0,101.002,0.002
1203.9995184,101.0,101.0025,0.0025
1204.9995179999999,101.0,101.0023,0.0023
1205.9995175999998,101.0,101.0023,0.0023
1206.9995172,101.0,101.0016,0.0016
1207.9995168,101.0,101.0013,0.0013
1208.9995163999997,101.0,101.0011,0.0012
1209.9995159999999,101.0,101.0011,0.0011
1210.9995156,101.0,101.0006,0.0006
1211.9995152,101.0,100.9993,-0.0005
1212.9995147999998,101.0,100.9983,-0.0016
1213.9995143999997,101.0,100.9976,-0.0023
1214.9995139999999,101.0,100.9975,-0.0024
1215.9995136,101.0,100.9973,-0.0026
1216.9995131999997,101.0,100.9976,-0.0023
1217.9995127999998,101.0,100.9982,-0.0017
1218.9995124,101.0,100.9987,-0.0011
1219.9995119999999,101.0,100.9986,-0.0013
1220.9995115999998,101.0,100.9982,-0.0017
1221.9995112,101.0,100.9981,-0.0018
1222.9995107999998,101.0,100.9984,-0.0014
1223.9995104,101.0,100.9993,-0.0006
1224.9995099999999,101.0,100.9998,-0.0001
1225.9995095999998,101.0,101.0005,0.0005
1226.9995092,101.0,101.001,0.001
1227.9995087999998,101.0,101.0012,0.0012
1228.9995083999997,101.0,101.0017,0.0017
1229.9995079999999,101.0,101.0017,0.0017
1230.9995075999998,101.0,101.0016,0.0016
1231.9995072,101.0,101.0007,0.0007
1232.9995067999998,101.0,100.9997,-0.0002
1233.9995063999997,101.0,100.9989,-0.001
1234.9995059999999,101.0,100.9985,-0.0014
1235.9995056,101.0,100.9988,-0.0011
1236.9995051999997,101.0,100.9988,-0.0011
1237.9995047999998,101.0,100.9989,-0.001
1238.9995044,101.0,100.9987,-0.0012
1239.999504,101.0,100.998,-0.0019
1240.9995035999998,101.0,100.9978,-0.0021
1241.9995032,101.0,100.9982,-0.0017
1242.9995027999998,101.0,100.9993,-0.0006
1243.9995024,101.0,101.0002,0.0003
1244.9995019999997,101.0,101.0005,0.0005
1245.9995015999998,101.0,101.0002,0.0002
1246.9995012,101.0,100.9999,-0.0
1247.9995007999999,101.0,100.9998,-0.0001
1248.9995003999998,101.0,101.0,0.0
1249.9995,101.0,101.0003,0.0003
1250.9994995999998,101.0,101.0001,0.0001
1251.9994992,101.0,100.9995,-0.0004
1252.9994987999999,101.0,100.9986,-0.0013
1253.9994983999998,101.0,100.9981,-0.0018
1254.999498,101.0,100.998,-0.0019
1255.9994976,101.0,100.998,-0.0018
1256.9994971999997,101.0,100.9983,-0.0015
1257.9994967999999,101.0,100.9987,-0.0012
1258.9994963999998,101.0,100.9988,-0.0011
1259.999496,101.0,100.9985,-0.0014
1260.9994955999998,101.0,100.9984,-0.0015
1261.9994951999997,101.0,100.9986,-0.0013
1262.9994947999999,101.0,100.9991,-0.0008
1263.9994944,101.0,100.9999,-0.0
1264.9994939999997,101.0,101.0004,0.0004
1265.9994935999998,101.0,101.0007,0.0007
1266.9994932,101.0,101.0003,0.0004
1267.9994927999999,101.0,101.0,0.0
1268.9994923999998,101.0,100.9996,-0.0002
1269.999492,101.0,100.9994,-0.0005
1270.9994915999998,101.0,100.9989,-0.001
1271.9994912,101.0,100.9983,-0.0016
1272.9994907999996,101.0,100.9975,-0.0024
1273.9994903999998,101.0,100.9966,-0.0033
1274.99949,101.0,100.9963,-0.0036
1275.9994895999998,101.0,100.9964,-0.0035
1276.9994891999997,101.0,100.9971,-0.0028
1277.9994887999999,101.0,100.9978,-0.0021
1278.9994883999998,101.0,100.9985,-0.0014
1279.999488,101.0,100.9992,-0.0006
1280.9994875999998,101.0,100.9993,-0.0006
1281.9994871999997,101.0,100.9998,-0.0001
1282.9994867999999,101.0,101.0005,0.0005
1283.9994864,101.0,101.0017,0.0017
1284.9994859999997,101.0,101.0021,0.0021
1285.9994855999998,101.0,101.0025,0.0026
1286.9994852,101.0,101.0023,0.0024
1287.9994848,101.0,101.002,0.002
1288.9994843999998,101.0,101.0013,0.0013
1289.9994839999997,101.0,101.001,0.001
1290.9994835999998,101.0,101.0008,0.0008
1291.9994832,101.0,100.9998,-0.0001
1292.9994827999997,101.0,100.9988,-0.0011
1293.9994823999998,101.0,100.9979,-0.002
1294.999482,101.0,100.9979,-0.002
1295.9994815999999,101.0,100.9981,-0.0018
1296.9994811999998,101.0,100.9983,-0.0016
1297.9994808,101.0,100.9986,-0.0013
1298.9994803999998,101.0,100.9988,-0.0011
1299.99948,101.0,100.9988,-0.0011
1300.9994795999999,101.0,100.999,-0.0009
1301.9994791999998,101.0,100.9993,-0.0006
1302.9994788,101.0,100.9997,-0.0001
1303.9994783999998,101.0,101.0004,0.0004
1304.9994779999997,101.0,101.0006,0.0006
1305.9994775999999,101.0,101.0008,0.0008
1306.9994771999998,101.0,101.001,0.001
1307.9994768,101.0,101.0015,0.0015
1308.9994763999998,101.0,101.0023,0.0023
1309.9994759999997,101.0,101.0028,0.0028
1310.9994755999999,101.0,101.0022,0.0022
1311.9994752,101.0,101.0012,0.0012
1312.9994747999997,101.0,101.0005,0.0005
1313.9994743999998,101.0,101.0003,0.0003
1314.999474,101.0,100.9999,-0.0
1315.9994735999999,101.0,100.9995,-0.0004
1316.9994731999998,101.0,100.9991,-0.0008
1317.9994727999997,101.0,100.9997,-0.0002
1318.9994723999998,101.0,101.0002,0.0002
1319.999472,101.0,100.9997,-0.0002
1320.9994715999997,101.0,100.9989,-0.001
1321.9994711999998,101.0,100.9987,-0.0012
1322.9994708,101.0,100.9992,-0.0007
1323.9994703999998,101.0,100.999,-0.0009
1324.9994699999997,101.0,100.9985,-0.0014
1325.9994695999999,101.0,100.9984,-0.0015
1326.9994691999998,101.0,100.999,-0.0009
1327.9994688,101.0,100.9993,-0.0006
1328.9994683999998,101.0,100.9994,-0.0005
1329.9994679999998,101.0,101.0002,0.0002
1330.9994676,101.0,101.0008,0.0008
1331.9994672,101.0,101.001,0.001
1332.9994667999997,101.0,101.0002,0.0002
1333.9994663999998,101.0,101.0,0.0
1334.9994659999998,101.0,100.9999,-0.0
1335.9994656,101.0,100.9997,-0.0002
1336.9994651999998,101.0,100.9996,-0.0003
1337.9994647999997,101.0,101.0,0.0001
1338.9994643999999,101.0,101.0004,0.0004
1339.999464,101.0,100.9999,-0.0
1340.9994635999997,101.0,100.9991,-0.0008
1341.9994631999998,101.0,100.999,-0.0009
1342.9994628,101.0,101.0005,0.0005
1343.9994623999999,101.0,101.0014,0.0014
1344.9994619999998,101.0,101.002,0.002
1345.9994616,101.0,101.002,0.002
1346.9994611999998,101.0,101.0024,0.0024
1347.9994608,101.0,101.0024,0.0024
1348.9994603999996,101.0,101.0022,0.0022
1349.9994599999998,101.0,101.0016,0.0016
1350.9994596,101.0,101.0008,0.0008
1351.9994591999998,101.0,101.0002,0.0002
1352.9994587999997,101.0,100.9993,-0.0006
1353.9994583999999,101.0,100.9986,-0.0013
1354.9994579999998,101.0,100.9975,-0.0024
1355.9994576,101.0,100.997,-0.0029
1356.9994571999998,101.0,100.9971,-0.0027
1357.9994567999997,101.0,100.9978,-0.0021
1358.9994563999999,101.0,100.9982,-0.0017
1359.999456,101.0,100.9984,-0.0015
1360.9994555999997,101.0,100.9988,-0.0011
1361.9994551999998,101.0,100.9998,-0.0001
1362.9994547999997,101.0,101.0003,0.0003
1363.9994543999999,101.0,101.0008,0.0008
1364.9994539999998,101.0,101.0009,0.0009
1365.9994535999997,101.0,101.0015,0.0015
1366.9994531999998,101.0,101.002,0.0021
1367.9994528,101.0,101.0022,0.0022
1368.9994523999997,101.0,101.002,0.002
1369.9994519999998,101.0,101.0019,0.0019
1370.9994516,101.0,101.0019,0.0019
1371.9994511999998,101.0,101.0012,0.0012
1372.9994507999997,101.0,101.0001,0.0001
1373.9994504,101.0,100.9992,-0.0007
1374.9994499999998,101.0,100.9989,-0.001
1375.9994496,101.0,100.9986,-0.0013
1376.9994491999998,101.0,100.998,-0.0019
1377.9994487999998,101.0,100.998,-0.0019
1378.9994484,101.0,100.9978,-0.0021
1379.9994479999998,101.0,100.9973,-0.0026
1380.9994475999997,101.0,100.9963,-0.0035
1381.9994471999998,101.0,100.9965,-0.0034
1382.9994467999998,101.0,100.9973,-0.0026
1383.9994464,101.0,100.9988,-0.0011
1384.9994459999998,101.0,100.9994,-0.0005
1385.9994455999997,101.0,100.9996,-0.0002
1386.9994451999999,101.0,100.9998,-0.0001
1387.9994448,101.0,101.0001,0.0001
1388.9994443999997,101.0,101.0008,0.0009
1389.9994439999998,101.0,101.0018,0.0018
1390.9994436,101.0,101.0019,0.0019
1391.9994431999999,101.0,101.0016,0.0016
1392.9994427999998,101.0,101.0006,0.0006
1393.9994423999997,101.0,101.0005,0.0005
1394.9994419999998,101.0,101.0005,0.0006
1395.9994416,101.0,101.0007,0.0007
1396.9994411999996,101.0,101.0004,0.0004
1397.9994407999998,101.0,101.0004,0.0004
1398.9994404,101.0,101.0001,0.0001
1399.9994399999998,101.0,100.9996,-0.0003
1400.9994395999997,101.0,100.9989,-0.001
1401.9994391999999,101.0,100.9985,-0.0014
1402.9994387999998,101.0,100.9986,-0.0013
1403.9994384,101.0,100.9984,-0.0015
1404.9994379999998,101.0,100.9985,-0.0014
1405.9994375999997,101.0,100.9987,-0.0012
1406.9994371999999,101.0,100.999,-0.0009
1407.9994368,101.0,100.999,-0.0009
1408.9994363999997,101.0,100.9996,-0.0003
1409.9994359999998,101.0,101.0004,0.0004
1410.9994355999997,101.0,101.0007,0.0007
1411.9994351999999,101.0,101.001,0.001
1412.9994347999998,101.0,101.0015,0.0015
1413.9994343999997,101.0,101.0024,0.0024
1414.9994339999998,101.0,101.0029,0.0029
1415.9994336,101.0,101.0028,0.0028
1416.9994331999997,101.0,101.0024,0.0024
1417.9994327999998,101.0,101.0019,0.0019
1418.9994324,101.0,101.0013,0.0013
1419.9994319999998,101.0,101.0001,0.0001
1420.9994315999998,101.0,100.9993,-0.0005
1421.9994312,101.0,100.9989,-0.001
1422.9994307999998,101.0,100.9993,-0.0006
1423.9994304,101.0,100.9993,-0.0006
1424.9994299999998,101.0,100.9992,-0.0007
1425.9994295999998,101.0,100.9992,-0.0007
1426.9994292,101.0,100.9989,-0.001
1427.9994287999998,101.0,100.9985,-0.0014
1428.9994283999997,101.0,100.9988,-0.0011
1429.9994279999999,101.0,100.9996,-0.0003
1430.9994275999998,101.0,101.0,0.0
1431.9994272,101.0,100.9998,-0.0001
1432.9994267999998,101.0,100.9994,-0.0005
1433.9994263999997,101.0,100.9992,-0.0007
1434.9994259999999,101.0,100.9991,-0.0008
1435.9994256,101.0,100.999,-0.0009
1436.9994251999997,101.0,100.9995,-0.0004
1437.9994247999998,101.0,101.0005,0.0005
1438.9994243999997,101.0,101.0009,0.0009
1439.9994239999999,101.0,101.0009,0.0009
1440.9994235999998,101.0,101.0009,0.0009
1441.9994231999997,101.0,101.001,0.001
1442.9994227999998,101.0,101.0018,0.0019
1443.9994224,101.0,101.0018,0.0018
1444.9994219999999,101.0,101.0022,0.0023
1445.9994215999998,101.0,101.0027,0.0027
1446.9994212,101.0,101.0033,0.0033
1447.9994207999998,101.0,101.0032,0.0032
1448.9994204,101.0,101.0029,0.0029
1449.9994199999999,101.0,101.0027,0.0027
1450.9994195999998,101.0,101.0025,0.0026
1451.9994192,101.0,101.0022,0.0022
1452.9994187999998,101.0,101.001,0.001
1453.9994183999997,101.0,101.0003,0.0003
1454.9994179999999,101.0,100.9996,-0.0003
1455.9994175999998,101.0,100.9991,-0.0008
1456.9994172,101.0,100.9988,-0.0011
1457.9994167999998,101.0,100.9984,-0.0015
1458.9994163999997,101.0,100.9979,-0.002
1459.9994159999999,101.0,100.997,-0.0029
1460.9994155999998,101.0,100.9967,-0.0032
1461.9994151999997,101.0,100.997,-0.0029
1462.9994147999998,101.0,100.9976,-0.0023
1463.9994144,101.0,100.9982,-0.0017
1464.999414,101.0,100.9993,-0.0005
1465.9994135999998,101.0,101.0002,0.0002
1466.9994132,101.0,101.0009,0.0009
1467.9994127999998,101.0,101.0011,0.0011
1468.9994124,101.0,101.0015,0.0015
1469.9994119999997,101.0,101.0019,0.0019
1470.9994115999998,101.0,101.002,0.002
1471.9994112,101.0,101.0015,0.0015
1472.9994107999999,101.0,101.0006,0.0006
1473.9994103999998,101.0,100.9997,-0.0002
1474.99941,101.0,100.9988,-0.0011
1475.9994095999998,101.0,100.998,-0.0018
1476.9994092,101.0,100.9976,-0.0023
1477.9994087999999,101.0,100.9977,-0.0022
1478.9994083999998,101.0,100.9977,-0.0021
1479.999408,101.0,100.9973,-0.0026
1480.9994076,101.0,100.9964,-0.0035
1481.9994071999997,101.0,100.9966,-0.0033
1482.9994067999999,101.0,100.9977,-0.0022
1483.9994063999998,101.0,100.9985,-0.0014
1484.999406,101.0,100.9986,-0.0013
1485.9994055999998,101.0,100.999,-0.0009
1486.9994051999997,101.0,100.9995,-0.0004
1487.9994047999999,101.0,100.9998,-0.0001
1488.9994044,101.0,101.0,0.0
1489.9994039999997,101.0,101.0005,0.0005
1490.9994035999998,101.0,101.0012,0.0012
1491.9994032,101.0,101.0019,0.0019
1492.9994027999999,101.0,101.0018,0.0018
1493.9994023999998,101.0,101.0014,0.0014
1494.999402,101.0,101.0007,0.0007
1495.9994015999998,101.0,101.0002,0.0002
1496.9994012,101.0,101.0001,0.0001
1497.9994007999999,101.0,100.9999,-0.0
1498.9994003999998,101.0,100.9992,-0.0007
1499.9994,101.0,100.9983,-0.0016
1500.9993995999998,101.0,100.9972,-0.0027
1501.9993991999997,101.0,100.9964,-0.0034
1502.9993987999999,101.0,100.9967,-0.0032
1503.9993983999998,101.0,100.9969,-0.003
1504.999398,101.0,100.997,-0.0029
1505.9993975999998,101.0,100.9967,-0.0031
1506.9993971999997,101.0,100.9967,-0.0032
1507.9993967999999,101.0,100.9968,-0.0031
1508.9993964,101.0,100.9975,-0.0024
1509.9993959999997,101.0,100.9985,-0.0014
1510.9993955999998,101.0,100.9995,-0.0004
1511.9993952,101.0,101.0003,0.0003
1512.9993948,101.0,101.0006,0.0006
1513.9993943999998,101.0,101.0005,0.0005
1514.9993939999997,101.0,101.0004,0.0004
1515.9993935999998,101.0,101.0003,0.0003
1516.9993932,101.0,101.0007,0.0008
1517.9993927999997,101.0,101.0008,0.0008
1518.9993923999998,101.0,101.0002,0.0002
1519.999392,101.0,100.9994,-0.0005
1520.9993915999999,101.0,100.9989,-0.0009
1521.9993911999998,101.0,100.999,-0.0009
1522.9993908,101.0,100.9989,-0.001
1523.9993903999998,101.0,100.9984,-0.0015
1524.99939,101.0,100.9987,-0.0012
1525.9993895999999,101.0,100.9998,-0.0001
1526.9993891999998,101.0,101.0006,0.0006
1527.9993888,101.0,101.0009,0.0009
1528.9993883999998,101.0,101.0013,0.0013
1529.9993879999997,101.0,101.0014,0.0014
1530.9993875999999,101.0,101.0011,0.0011
1531.9993871999998,101.0,100.9998,-0.0001
1532.9993868,101.0,100.9986,-0.0013
1533.9993863999998,101.0,100.9982,-0.0017
1534.9993859999997,101.0,100.998,-0.0019
1535.9993855999999,101.0,100.9979,-0.002
1536.9993852,101.0,100.9977,-0.0022
1537.9993847999997,101.0,100.9981,-0.0018
1538.9993843999998,101.0,100.9982,-0.0017
1539.999384,101.0,100.998,-0.0019
1540.9993835999999,101.0,100.9973,-0.0026
1541.9993831999998,101.0,100.9972,-0.0027
1542.9993828,101.0,100.9976,-0.0023
1543.9993823999998,101.0,100.9982,-0.0017
1544.999382,101.0,100.9983,-0.0015
1545.9993815999997,101.0,100.9988,-0.0011
1546.9993811999998,101.0,100.9991,-0.0008
1547.9993808,101.0,100.9996,-0.0003
1548.9993803999998,101.0,101.0004,0.0004
1549.9993799999997,101.0,101.001,0.001
1550.9993795999999,101.0,101.0013,0.0013
1551.9993791999998,101.0,101.0012,0.0012
1552.9993788,101.0,101.0008,0.0008
1553.9993783999998,101.0,101.0008,0.0008
1554.9993779999998,101.0,101.0008,0.0008
1555.9993776,101.0,101.0007,0.0007
1556.9993772,101.0,101.0008,0.0009
1557.9993767999997,101.0,101.0005,0.0005
1558.9993763999998,101.0,100.9996,-0.0003
1559.9993759999998,101.0,100.9986,-0.0013
1560.9993756,101.0,100.998,-0.0019
1561.9993751999998,101.0,100.9978,-0.0021
1562.9993747999997,101.0,100.9979,-0.002
1563.9993743999999,101.0,100.9975,-0.0024
1564.999374,101.0,100.9977,-0.0022
1565.9993735999997,101.0,100.9982,-0.0017
1566.9993731999998,101.0,100.9988,-0.0011
1567.9993728,101.0,100.9995,-0.0004
1568.9993723999999,101.0,101.0001,0.0001
1569.9993719999998,101.0,101.0004,0.0004
1570.9993716,101.0,101.0001,0.0001
1571.9993711999998,101.0,100.9996,-0.0003
1572.9993708,101.0,100.9995,-0.0004
1573.9993703999996,101.0,101.0003,0.0003
1574.9993699999998,101.0,101.0008,0.0009
1575.9993696,101.0,101.0008,0.0008
1576.9993691999998,101.0,101.0004,0.0004
1577.9993687999997,101.0,101.0,0.0
1578.9993683999999,101.0,101.0,0.0
1579.9993679999998,101.0,100.9992,-0.0007
1580.9993676,101.0,100.9986,-0.0013
1581.9993671999998,101.0,100.9982,-0.0017
1582.9993667999997,101.0,100.9983,-0.0016
1583.9993663999999,101.0,100.9985,-0.0014
1584.999366,101.0,100.9983,-0.0016
1585.9993655999997,101.0,100.9981,-0.0018
1586.9993651999998,101.0,100.9984,-0.0015
1587.9993648,101.0,100.9989,-0.0009
1588.9993643999999,101.0,100.9996,-0.0003
1589.9993639999998,101.0,100.9999,-0.0
1590.9993635999997,101.0,100.9998,-0.0001
1591.9993631999998,101.0,101.0,0.0001
1592.9993628,101.0,101.0003,0.0004
1593.9993623999997,101.0,101.0011,0.0011
1594.9993619999998,101.0,101.0017,0.0017
1595.9993616,101.0,101.0019,0.0019
1596.9993611999998,101.0,101.0025,0.0025
1597.9993607999997,101.0,101.0028,0.0028
1598.9993604,101.0,101.0027,0.0027
1599.9993599999998,101.0,101.0019,0.0019
1600.9993596,101.0,101.0011,0.0012
1601.9993591999998,101.0,101.0002,0.0002
1602.9993587999998,101.0,100.9993,-0.0006
1603.9993584,101.0,100.9981,-0.0018
1604.9993579999998,101.0,100.9975,-0.0024
1605.9993575999997,101.0,100.9972,-0.0027
1606.9993571999998,101.0,100.9971,-0.0028
1607.9993567999998,101.0,100.9973,-0.0026
1608.9993564,101.0,100.9985,-0.0014
1609.9993559999998,101.0,100.9996,-0.0003
1610.9993555999997,101.0,100.9998,-0.0001
1611.9993551999999,101.0,100.9992,-0.0006
1612.9993548,101.0,100.9987,-0.0012
1613.9993543999997,101.0,100.9988,-0.0011
1614.9993539999998,101.0,100.9986,-0.0012
1615.9993536,101.0,100.999,-0.0009
1616.9993531999999,101.0,100.9997,-0.0002
1617.9993527999998,101.0,101.0004,0.0004
1618.9993523999997,101.0,101.0002,0.0002
1619.9993519999998,101.0,100.9996,-0.0003
1620.9993516,101.0,100.9991,-0.0008
1621.9993511999996,101.0,100.9995,-0.0004
1622.9993507999998,101.0,101.0,0.0
1623.9993504,101.0,101.0002,0.0002
1624.9993499999998,101.0,101.0002,0.0002
1625.9993495999997,101.0,101.0004,0.0004
1626.9993491999999,101.0,101.0006,0.0007
1627.9993487999998,101.0,101.001,0.001
1628.9993484,101.0,101.0012,0.0012
1629.9993479999998,101.0,101.0017,0.0017
1630.9993475999997,101.0,101.0018,0.0018
1631.9993471999999,101.0,101.0015,0.0015
1632.9993468,101.0,101.0008,0.0009
1633.9993463999997,101.0,101.0002,0.0002
1634.9993459999998,101.0,101.0,0.0
1635.9993455999997,101.0,100.9997,-0.0002
1636.9993451999999,101.0,100.9995,-0.0004
1637.9993447999998,101.0,100.9992,-0.0007
1638.9993443999997,101.0,100.999,-0.0009
1639.9993439999998,101.0,100.9987,-0.0012
1640.9993436,101.0,100.9985,-0.0014
1641.9993431999997,101.0,100.9981,-0.0018
1642.9993427999998,101.0,100.9982,-0.0016
1643.9993424,101.0,100.9984,-0.0015
1644.9993419999998,101.0,100.999,-0.0009
1645.9993415999998,101.0,100.9997,-0.0002
1646.9993412,101.0,100.9999,-0.0
1647.9993407999998,101.0,101.0002,0.0002
1648.9993404,101.0,101.0003,0.0003
1649.9993399999996,101.0,101.0005,0.0005
1650.9993395999998,101.0,101.0003,0.0003
1651.9993392,101.0,101.0001,0.0001
1652.9993387999998,101.0,101.0004,0.0004
1653.9993383999997,101.0,101.0008,0.0008
1654.9993379999999,101.0,101.0009,0.0009
1655.9993375999998,101.0,101.0008,0.0008
1656.9993372,101.0,101.0012,0.0013
1657.9993367999998,101.0,101.0014,0.0014
1658.9993363999997,101.0,101.0006,0.0006
1659.9993359999999,101.0,100.9996,-0.0003
1660.9993356,101.0,100.9986,-0.0013
1661.9993351999997,101.0,100.9979,-0.002
1662.9993347999998,101.0,100.9974,-0.0025
1663.9993343999997,101.0,100.9968,-0.0031
1664.9993339999999,101.0,100.9962,-0.0037
1665.9993335999998,101.0,100.9959,-0.004
1666.9993331999997,101.0,100.9962,-0.0037
1667.9993327999998,101.0,100.9969,-0.003
1668.9993324,101.0,100.998,-0.0019
1669.9993319999996,101.0,100.9986,-0.0013
1670.9993315999998,101.0,100.9992,-0.0007
1671.9993312,101.0,100.999,-0.0009
1672.9993307999998,101.0,100.9996,-0.0003
1673.9993303999997,101.0,101.0006,0.0006
1674.9993299999999,101.0,101.0019,0.0019
1675.9993295999998,101.0,101.003,0.003
1676.9993292,101.0,101.0034,0.0035
1677.9993287999998,101.0,101.0032,0.0032
1678.9993283999997,101.0,101.0026,0.0027
1679.9993279999999,101.0,101.002,0.002
1680.9993275999998,101.0,101.001,0.001
1681.9993271999997,101.0,101.0,0.0
1682.9993267999998,101.0,100.999,-0.0009
1683.9993263999997,101.0,100.9982,-0.0017
1684.9993259999999,101.0,100.9974,-0.0025
1685.9993255999998,101.0,100.9969,-0.003
1686.9993251999997,101.0,100.9971,-0.0028
1687.9993247999998,101.0,100.9978,-0.0021
1688.9993244,101.0,100.9984,-0.0014
1689.9993239999997,101.0,100.9991,-0.0007
1690.9993235999998,101.0,100.9993,-0.0005
1691.9993232,101.0,100.9996,-0.0003
1692.9993227999998,101.0,101.0,0.0
1693.9993223999998,101.0,101.0002,0.0002
1694.9993219999997,101.0,101.0009,0.0009
1695.9993215999998,101.0,101.0013,0.0013
1696.9993212,101.0,101.0016,0.0016
1697.9993207999996,101.0,101.0019,0.0019
1698.9993203999998,101.0,101.0015,0.0015
1699.99932,101.0,101.0011,0.0011
1700.9993195999998,101.0,101.0011,0.0011
1701.9993191999997,101.0,101.0014,0.0014
1702.9993187999999,101.0,101.0013,0.0013
1703.9993183999998,101.0,101.0009,0.0009
1704.999318,101.0,101.0,0.0
1705.9993175999998,101.0,100.9995,-0.0004
1706.9993171999997,101.0,100.999,-0.0009
1707.9993167999999,101.0,100.999,-0.0009
1708.9993164,101.0,100.9991,-0.0008
1709.9993159999997,101.0,100.999,-0.0009
1710.9993155999998,101.0,100.9989,-0.001
1711.9993151999997,101.0,100.9986,-0.0013
1712.9993147999999,101.0,100.9992,-0.0007
1713.9993143999998,101.0,101.0,0.0
1714.9993139999997,101.0,101.0006,0.0006
1715.9993135999998,101.0,101.0005,0.0005
1716.9993132,101.0,101.0007,0.0007
1717.9993127999996,101.0,101.0006,0.0006
1718.9993123999998,101.0,101.0003,0.0003
1719.999312,101.0,100.9997,-0.0002
1720.9993115999998,101.0,100.9994,-0.0005
1721.9993111999997,101.0,100.9998,-0.0001
1722.9993107999999,101.0,101.0,0.0
1723.9993103999998,101.0,101.0001,0.0001
1724.99931,101.0,101.0,0.0
1725.9993095999996,101.0,101.0002,0.0002
1726.9993091999997,101.0,101.0006,0.0006
1727.9993087999999,101.0,101.0008,0.0008
1728.9993083999998,101.0,101.0008,0.0009
1729.9993079999997,101.0,101.0003,0.0003
1730.9993075999998,101.0,101.0002,0.0002
1731.9993071999997,101.0,101.0005,0.0005
1732.9993067999999,101.0,101.001,0.001
1733.9993063999998,101.0,101.001,0.001
1734.9993059999997,101.0,101.001,0.001
1735.9993055999998,101.0,101.0012,0.0012
1736.9993052,101.0,101.002,0.002
1737.9993047999997,101.0,101.0025,0.0025
1738.9993043999998,101.0,101.0025,0.0025
1739.9993039999997,101.0,101.0021,0.0021
1740.9993035999998,101.0,101.0016,0.0016
1741.9993031999998,101.0,101.0009,0.0009
1742.9993027999997,101.0,100.9997,-0.0001
1743.9993023999998,101.0,100.9989,-0.001
1744.999302,101.0,100.9983,-0.0016
1745.9993015999996,101.0,100.9981,-0.0018
1746.9993011999998,101.0,100.9978,-0.0021
1747.9993008,101.0,100.9981,-0.0018
1748.9993003999998,101.0,100.9988,-0.0011
1749.9992999999997,101.0,100.9991,-0.0008
1750.9992995999999,101.0,100.9996,-0.0003
1751.9992991999998,101.0,100.9998,-0.0001
1752.9992988,101.0,100.9999,-0.0
1753.9992983999998,101.0,100.9998,-0.0001
1754.9992979999997,101.0,100.9997,-0.0002
1755.9992975999999,101.0,101.0001,0.0001
1756.9992971999998,101.0,101.0007,0.0007
1757.9992967999997,101.0,101.001,0.001
1758.9992963999998,101.0,101.0007,0.0007
1759.9992959999997,101.0,101.0001,0.0001
1760.9992955999999,101.0,100.9999,-0.0
1761.9992951999998,101.0,101.0001,0.0001
1762.9992947999997,101.0,100.9999,-0.0
1763.9992943999998,101.0,100.9995,-0.0003
1764.999294,101.0,100.9991,-0.0008
1765.9992935999996,101.0,100.999,-0.0009
1766.9992931999998,101.0,100.9988,-0.0011
1767.9992928,101.0,100.9988,-0.001
1768.9992923999998,101.0,100.999,-0.0009
1769.9992919999997,101.0,100.9991,-0.0008
1770.9992915999997,101.0,100.9993,-0.0006
1771.9992911999998,101.0,100.9988,-0.0011
1772.9992908,101.0,100.9989,-0.001
1773.9992903999996,101.0,100.9995,-0.0004
1774.9992899999997,101.0,101.0002,0.0002
1775.9992895999999,101.0,101.0016,0.0016
1776.9992891999998,101.0,101.0028,0.0028
1777.9992887999997,101.0,101.0034,0.0035
1778.9992883999998,101.0,101.003,0.003
1779.9992879999998,101.0,101.0021,0.0021
1780.9992876,101.0,101.0014,0.0014
1781.9992871999998,101.0,101.001,0.001
1782.9992867999997,101.0,101.0001,0.0001
1783.9992863999998,101.0,100.9986,-0.0013
1784.9992859999998,101.0,100.9979,-0.002
1785.9992855999997,101.0,100.9971,-0.0028
1786.9992851999998,101.0,100.9967,-0.0032
1787.9992847999997,101.0,100.9964,-0.0034
1788.9992843999999,101.0,100.997,-0.0029
1789.9992839999998,101.0,100.9976,-0.0023
1790.9992835999997,101.0,100.998,-0.0019
1791.9992831999998,101.0,100.9982,-0.0016
1792.9992828,101.0,100.9992,-0.0007
1793.9992823999996,101.0,101.0001,0.0001
1794.9992819999998,101.0,101.0007,0.0007
1795.9992816,101.0,101.0013,0.0013
1796.9992811999998,101.0,101.0023,0.0023
1797.9992807999997,101.0,101.0032,0.0032
1798.9992803999999,101.0,101.0028,0.0028
1799.9992799999998,101.0,101.0023,0.0023
1800.9992796,101.0,101.0009,0.0009
1801.9992791999996,101.0,101.0001,0.0001
1802.9992787999997,101.0,100.9994,-0.0005
1803.9992783999999,101.0,100.9996,-0.0002
1804.9992779999998,101.0,101.0,0.0001
1805.9992775999997,101.0,100.9999,-0.0
1806.9992771999998,101.0,101.0,0.0
1807.9992767999997,101.0,101.0006,0.0006
1808.9992763999999,101.0,101.0013,0.0013
1809.9992759999998,101.0,101.0012,0.0012
1810.9992755999997,101.0,101.0006,0.0006
1811.9992751999998,101.0,101.0,0.0
1812.9992748,101.0,100.9997,-0.0002
1813.9992743999996,101.0,100.9996,-0.0003
1814.9992739999998,101.0,100.9997,-0.0002
1815.9992735999997,101.0,101.0002,0.0002
1816.9992731999998,101.0,101.0008,0.0008
1817.9992727999997,101.0,101.0008,0.0008
1818.9992723999997,101.0,101.0005,0.0005
1819.9992719999998,101.0,101.0009,0.0009
1820.9992716,101.0,101.0015,0.0015
1821.9992711999996,101.0,101.002,0.0021
1822.9992707999997,101.0,101.0012,0.0012
1823.9992704,101.0,100.9998,-0.0001
1824.9992699999998,101.0,100.9987,-0.0012
1825.9992695999997,101.0,100.9981,-0.0018
1826.9992691999998,101.0,100.9979,-0.002
1827.9992687999998,101.0,100.9982,-0.0017
1828.9992684,101.0,100.9991,-0.0008
1829.9992679999996,101.0,100.9999,-0.0
1830.9992675999997,101.0,101.0003,0.0003
1831.9992671999998,101.0,101.0003,0.0003
1832.9992667999998,101.0,101.0005,0.0005
1833.9992663999997,101.0,101.001,0.001
1834.9992659999998,101.0,101.0014,0.0015
1835.9992655999997,101.0,101.0023,0.0023
1836.9992651999999,101.0,101.0024,0.0024
1837.9992647999998,101.0,101.0024,0.0024
1838.9992643999997,101.0,101.0017,0.0017
1839.9992639999998,101.0,101.0017,0.0017
1840.9992636,101.0,101.0021,0.0021
1841.9992631999996,101.0,101.0027,0.0027
1842.9992627999998,101.0,101.0029,0.0029
1843.9992624,101.0,101.0027,0.0027
1844.9992619999998,101.0,101.0022,0.0022
1845.9992615999997,101.0,101.0014,0.0014
1846.9992611999996,101.0,101.0011,0.0011
1847.9992607999998,101.0,101.0011,0.0011
1848.9992604,101.0,101.001,0.001
1849.9992599999996,101.0,101.0006,0.0006
1850.9992595999997,101.0,100.9996,-0.0003
1851.9992591999999,101.0,100.9993,-0.0006
1852.9992587999998,101.0,100.9998,-0.0001
1853.9992583999997,101.0,101.0005,0.0005
1854.9992579999998,101.0,101.0007,0.0007
1855.9992575999997,101.0,101.001,0.001
1856.9992571999999,101.0,101.0015,0.0015
1857.9992567999998,101.0,101.0022,0.0022
1858.9992563999997,101.0,101.0024,0.0024
1859.9992559999998,101.0,101.003,0.0031
1860.9992555999997,101.0,101.0034,0.0034
1861.9992551999997,101.0,101.0034,0.0034
1862.9992547999998,101.0,101.0022,0.0022
1863.9992543999997,101.0,101.0008,0.0009
1864.9992539999998,101.0,100.9994,-0.0005
1865.9992535999997,101.0,100.9986,-0.0013
1866.9992531999997,101.0,100.9984,-0.0015
1867.9992527999998,101.0,100.9988,-0.0011
1868.9992524,101.0,100.9991,-0.0008
1869.9992519999996,101.0,100.9984,-0.0015
1870.9992515999998,101.0,100.998,-0.0019
1871.9992512,101.0,100.998,-0.0019
1872.9992507999998,101.0,100.999,-0.0009
1873.9992503999997,101.0,101.0003,0.0003
1874.9992499999996,101.0,101.0013,0.0013
1875.9992495999998,101.0,101.0025,0.0025
1876.9992492,101.0,101.0034,0.0034
1877.9992487999996,101.0,101.0039,0.0039
1878.9992483999997,101.0,101.0036,0.0037
1879.9992479999999,101.0,101.0037,0.0037
1880.9992475999998,101.0,101.0039,0.0039
1881.9992471999997,101.0,101.004,0.004
1882.9992467999998,101.0,101.0035,0.0035
1883.9992463999997,101.0,101.0029,0.0029
1884.9992459999999,101.0,101.002,0.002
1885.9992455999998,101.0,101.0013,0.0013
1886.9992451999997,101.0,101.001,0.001
1887.9992447999998,101.0,101.001,0.001
1888.9992444,101.0,101.0009,0.0009
1889.9992439999996,101.0,101.0006,0.0006
1890.9992435999998,101.0,101.0003,0.0003
1891.9992431999997,101.0,100.9999,0.0
1892.9992427999998,101.0,101.0003,0.0004
1893.9992423999997,101.0,101.0005,0.0005
1894.9992419999996,101.0,101.001,0.001
1895.9992415999998,101.0,101.0013,0.0013
1896.9992412,101.0,101.0014,0.0014
1897.9992407999996,101.0,101.0014,0.0014
1898.9992403999997,101.0,101.0013,0.0013
1899.9992399999999,101.0,101.0014,0.0014
1900.9992395999998,101.0,101.0015,0.0015
1901.9992391999997,101.0,101.0016,0.0016
1902.9992387999998,101.0,101.0014,0.0014
1903.9992383999997,101.0,101.0012,0.0012
1904.9992379999999,101.0,101.0011,0.0011
1905.9992375999996,101.0,101.0006,0.0007
1906.9992371999997,101.0,101.0006,0.0006
1907.9992367999998,101.0,101.0006,0.0006
1908.9992363999997,101.0,101.0006,0.0006
1909.9992359999997,101.0,101.0001,0.0001
1910.9992355999998,101.0,100.9996,-0.0003
1911.9992351999997,101.0,100.9996,-0.0003
1912.9992347999998,101.0,100.9999,-0.0
1913.9992343999998,101.0,101.0001,0.0001
1914.9992339999997,101.0,101.0001,0.0001
1915.9992335999998,101.0,101.0008,0.0009
1916.9992332,101.0,101.0018,0.0018
1917.9992327999998,101.0,101.002,0.002
1918.9992323999998,101.0,101.002,0.002
1919.999232,101.0,101.0022,0.0022
1920.9992315999998,101.0,101.0023,0.0023
1921.9992311999997,101.0,101.0022,0.0022
1922.9992307999996,101.0,101.0013,0.0013
1923.9992303999998,101.0,101.0009,0.0009
1924.99923,101.0,101.0006,0.0007
1925.9992295999998,101.0,101.0001,0.0001
1926.9992291999997,101.0,100.9998,-0.0
1927.9992287999999,101.0,100.9999,-0.0
1928.9992283999998,101.0,101.0006,0.0006
1929.9992279999997,101.0,101.0011,0.0011
1930.9992275999998,101.0,101.0014,0.0014
1931.9992271999997,101.0,101.0013,0.0013
1932.9992267999999,101.0,101.0012,0.0012
1933.9992263999998,101.0,101.0009,0.0009
1934.9992259999997,101.0,101.0009,0.0009
1935.9992255999998,101.0,101.0012,0.0012
1936.9992251999997,101.0,101.0013,0.0013
1937.9992247999999,101.0,101.001,0.001
1938.9992243999998,101.0,101.0007,0.0008
1939.9992239999997,101.0,101.0008,0.0008
1940.9992235999998,101.0,101.0005,0.0005
1941.9992232,101.0,101.0004,0.0004
1942.9992227999996,101.0,101.0002,0.0002
1943.9992223999998,101.0,101.0005,0.0005
1944.999222,101.0,101.0007,0.0007
1945.9992215999998,101.0,101.0008,0.0008
1946.9992211999997,101.0,101.0008,0.0008
1947.9992207999999,101.0,101.0006,0.0006
1948.9992203999998,101.0,101.0004,0.0004
1949.99922,101.0,101.0002,0.0002
1950.9992195999996,101.0,101.0001,0.0001
1951.9992191999997,101.0,100.9999,-0.0
1952.9992187999999,101.0,101.0,0.0
1953.9992183999998,101.0,101.0005,0.0005
1954.9992179999997,101.0,101.0007,0.0007
1955.9992175999998,101.0,101.0012,0.0012
1956.9992171999997,101.0,101.0014,0.0014
1957.9992167999999,101.0,101.0018,0.0018
1958.9992163999998,101.0,101.0021,0.0021
1959.9992159999997,101.0,101.0033,0.0033
1960.9992155999998,101.0,101.004,0.004
1961.9992152,101.0,101.0043,0.0043
1962.9992147999997,101.0,101.0036,0.0037
1963.9992143999998,101.0,101.0029,0.0029
1964.999214,101.0,101.002,0.0021
1965.9992135999998,101.0,101.001,0.001
1966.9992131999998,101.0,100.9998,-0.0001
1967.9992127999997,101.0,100.9993,-0.0006
1968.9992123999998,101.0,100.9986,-0.0013
1969.999212,101.0,100.9982,-0.0017
1970.9992115999996,101.0,100.9979,-0.002
1971.9992111999998,101.0,100.9982,-0.0017
1972.9992108,101.0,100.9988,-0.001
1973.9992103999998,101.0,100.9994,-0.0005
1974.9992099999997,101.0,101.0,0.0001
1975.9992095999999,101.0,101.0013,0.0013
1976.9992091999998,101.0,101.0019,0.0019
1977.9992088,101.0,101.002,0.002
1978.9992083999998,101.0,101.0017,0.0018
1979.9992079999997,101.0,101.0018,0.0018
1980.9992075999999,101.0,101.0025,0.0025
1981.9992071999998,101.0,101.0026,0.0026
1982.9992067999997,101.0,101.0025,0.0025
1983.9992063999998,101.0,101.0023,0.0023
1984.9992059999997,101.0,101.002,0.002
1985.9992055999999,101.0,101.0017,0.0017
1986.9992051999998,101.0,101.0014,0.0015
1987.9992047999997,101.0,101.0014,0.0014
1988.9992043999998,101.0,101.0012,0.0012
1989.999204,101.0,101.0004,0.0004
1990.9992035999996,101.0,100.9994,-0.0005
1991.9992031999998,101.0,100.999,-0.0009
1992.9992028,101.0,100.9988,-0.0011
1993.9992023999998,101.0,100.999,-0.0009
1994.9992019999997,101.0,100.9993,-0.0006
1995.9992015999997,101.0,100.9997,-0.0002
1996.9992011999998,101.0,101.0005,0.0005
1997.9992008,101.0,101.0006,0.0006
1998.9992003999996,101.0,101.0008,0.0008
1999.9991999999997,101.0,101.001,0.001
2000.9991995999999,101.0,101.0023,0.0023
2001.9991991999998,101.0,101.0032,0.0032
2002.9991987999995,101.0,101.0035,0.0035
2003.9991983999998,101.0,101.003,0.003
2004.9991979999998,101.0,101.0022,0.0022
2005.9991975999997,101.0,101.0013,0.0014
2006.9991971999998,101.0,101.0011,0.0011
2007.9991967999997,101.0,101.0012,0.0012
2008.9991963999996,101.0,101.0009,0.0009
2009.999196,101.0,101.0001,0.0001
2010.9991955999997,101.0,100.9992,-0.0006
2011.9991951999996,101.0,100.9987,-0.0012
2012.9991948,101.0,100.9987,-0.0012
2013.9991943999999,101.0,100.9989,-0.001
2014.9991939999995,101.0,100.9991,-0.0007
2015.9991936,101.0,100.9999,-0.0
2016.9991931999998,101.0,101.0003,0.0003
2017.9991927999997,101.0,101.0002,0.0002
2018.9991923999999,101.0,101.0001,0.0001
2019.9991919999998,101.0,101.0004,0.0004
2020.9991915999997,101.0,101.0019,0.0019
2021.9991912,101.0,101.0031,0.0031
2022.9991907999997,101.0,101.0039,0.0039
2023.9991903999996,101.0,101.0043,0.0043
2024.99919,101.0,101.0042,0.0042
2025.9991896,101.0,101.0036,0.0036
2026.9991891999996,101.0,101.0031,0.0031
2027.9991888,101.0,101.0028,0.0028
2028.9991883999999,101.0,101.0027,0.0027
2029.9991879999998,101.0,101.0019,0.0019
2030.9991876,101.0,101.0009,0.0009
2031.9991871999998,101.0,100.9999,0.0
2032.9991867999997,101.0,100.9995,-0.0004
2033.9991863999996,101.0,100.9991,-0.0008
2034.9991859999998,101.0,100.999,-0.0009
2035.9991855999997,101.0,100.9988,-0.0011
2036.9991851999996,101.0,100.9983,-0.0016
2037.9991848,101.0,100.9978,-0.0021
2038.9991843999996,101.0,100.9976,-0.0023
2039.9991839999996,101.0,100.9978,-0.002
2040.9991836,101.0,100.9985,-0.0014
2041.9991831999998,101.0,100.9989,-0.001
2042.9991827999995,101.0,100.9992,-0.0007
2043.9991823999999,101.0,100.9993,-0.0006
2044.9991819999998,101.0,100.9998,-0.0001
2045.9991815999997,101.0,101.0004,0.0004
2046.9991811999998,101.0,101.0007,0.0007
2047.9991807999997,101.0,101.0009,0.0009
2048.9991803999997,101.0,101.0001,0.0001
2049.99918,101.0,100.9996,-0.0002
2050.9991796,101.0,100.9994,-0.0005
2051.9991791999996,101.0,100.9993,-0.0006
2052.9991787999998,101.0,100.9994,-0.0005
2053.9991784,101.0,100.9991,-0.0008
2054.9991779999996,101.0,100.9992,-0.0007
2055.9991776,101.0,100.9998,-0.0001
2056.9991772,101.0,101.0002,0.0002
2057.9991767999995,101.0,101.0,0.0
2058.9991764,101.0,101.0,0.0
2059.999176,101.0,101.0002,0.0003
2060.9991755999995,101.0,101.0004,0.0004
2061.9991752,101.0,101.0002,0.0002
2062.9991747999998,101.0,100.9999,-0.0
2063.9991744,101.0,101.0003,0.0004
2064.9991739999996,101.0,101.0007,0.0008
2065.9991735999997,101.0,101.0009,0.0009
2066.9991732,101.0,101.0012,0.0012
2067.9991727999995,101.0,101.0019,0.0019
2068.9991723999997,101.0,101.0022,0.0022
2069.999172,101.0,101.0016,0.0016
2070.9991715999995,101.0,101.0005,0.0005
2071.9991712,101.0,101.0001,0.0001
2072.9991708,101.0,100.9997,-0.0002
2073.9991703999995,101.0,100.9996,-0.0003
2074.99917,101.0,100.9997,-0.0001
2075.9991695999997,101.0,101.0002,0.0002
2076.9991691999994,101.0,101.0007,0.0007
2077.9991688,101.0,101.0008,0.0009
2078.9991683999997,101.0,101.001,0.001
2079.999168,101.0,101.0018,0.0018
2080.9991676,101.0,101.0024,0.0024
2081.9991671999996,101.0,101.0028,0.0028
2082.9991668,101.0,101.0028,0.0028
2083.9991664,101.0,101.0028,0.0028
2084.9991659999996,101.0,101.0023,0.0023
2085.9991655999997,101.0,101.0018,0.0018
2086.9991652,101.0,101.0015,0.0015
2087.9991648,101.0,101.0016,0.0016
2088.9991643999997,101.0,101.0016,0.0016
2089.999164,101.0,101.0007,0.0007
2090.9991636,101.0,100.9995,-0.0004
2091.9991631999997,101.0,100.999,-0.0009
2092.9991628,101.0,100.9986,-0.0013
2093.9991624,101.0,100.9986,-0.0013
2094.9991619999996,101.0,100.9986,-0.0013
2095.9991615999998,101.0,100.999,-0.0009
2096.9991612,101.0,100.9991,-0.0008
2097.9991607999996,101.0,100.9989,-0.0009
2098.9991603999997,101.0,100.9986,-0.0012
2099.99916,101.0,100.9989,-0.001
2100.9991595999995,101.0,101.0,0.0
2101.9991591999997,101.0,101.0005,0.0005
2102.9991588,101.0,101.0009,0.0009
2103.9991584,101.0,101.0016,0.0016
2104.9991579999996,101.0,101.0024,0.0024
2105.9991575999998,101.0,101.003,0.003
2106.9991572,101.0,101.003,0.003
2107.9991567999996,101.0,101.0026,0.0026
2108.9991563999997,101.0,101.002,0.002
2109.999156,101.0,101.0007,0.0007
2110.9991555999995,101.0,100.9993,-0.0006
2111.9991552,101.0,100.999,-0.0009
2112.9991548,101.0,100.9988,-0.0011
2113.9991543999995,101.0,100.9986,-0.0013
2114.999154,101.0,100.9984,-0.0015
2115.9991535999998,101.0,100.9984,-0.0015
2116.9991531999995,101.0,100.9986,-0.0013
2117.9991528,101.0,100.9987,-0.0012
2118.9991523999997,101.0,100.9994,-0.0005
2119.999152,101.0,101.0004,0.0004
2120.9991516,101.0,101.0014,0.0014
2121.9991511999997,101.0,101.0023,0.0024
2122.9991508,101.0,101.0026,0.0027
2123.9991503999995,101.0,101.0032,0.0032
2124.9991499999996,101.0,101.0033,0.0034
2125.9991496,101.0,101.0036,0.0036
2126.9991491999995,101.0,101.0042,0.0042
2127.9991488,101.0,101.0046,0.0046
2128.9991483999997,101.0,101.0045,0.0045
2129.9991479999994,101.0,101.0041,0.0041
2130.9991476,101.0,101.0033,0.0033
2131.9991471999997,101.0,101.0025,0.0025
2132.9991467999994,101.0,101.0015,0.0015
2133.9991464,101.0,101.0003,0.0003
2134.9991459999997,101.0,100.9998,-0.0001
2135.9991456,101.0,100.9993,-0.0006
2136.9991452,101.0,100.9992,-0.0007
2137.9991447999996,101.0,100.9988,-0.001
2138.9991443999998,101.0,100.9991,-0.0008
2139.999144,101.0,100.9994,-0.0005
2140.9991435999996,101.0,101.0,0.0
2141.9991431999997,101.0,101.0006,0.0006
2142.9991428,101.0,101.0012,0.0012
2143.9991424,101.0,101.002,0.002
2144.9991419999997,101.0,101.0019,0.0019
2145.9991416,101.0,101.002,0.002
2146.9991412,101.0,101.0021,0.0021
2147.9991407999996,101.0,101.0023,0.0023
2148.9991403999998,101.0,101.0022,0.0022
2149.99914,101.0,101.0017,0.0017
2150.9991395999996,101.0,101.0008,0.0009
2151.9991392,101.0,101.0002,0.0002
2152.9991388,101.0,100.9996,-0.0003
2153.9991383999995,101.0,100.9993,-0.0006
2154.9991379999997,101.0,100.9991,-0.0008
2155.9991376,101.0,100.9993,-0.0006
2156.9991371999995,101.0,100.9993,-0.0006
2157.9991367999996,101.0,100.9988,-0.0011
2158.9991363999998,101.0,100.9986,-0.0013
2159.999136,101.0,100.9986,-0.0013
2160.9991355999996,101.0,100.9992,-0.0007
2161.9991351999997,101.0,100.9996,-0.0003
2162.9991348,101.0,101.0,0.0
2163.9991343999995,101.0,101.0005,0.0005
2164.9991339999997,101.0,101.0008,0.0008
2165.9991336,101.0,101.0011,0.0011
2166.9991331999995,101.0,101.0017,0.0017
2167.9991328,101.0,101.0025,0.0026
2168.9991324,101.0,101.0031,0.0031
2169.9991319999995,101.0,101.0033,0.0033
2170.9991316,101.0,101.0029,0.0029
2171.9991311999997,101.0,101.0026,0.0026
2172.9991307999994,101.0,101.002,0.002
2173.9991304,101.0,101.0018,0.0018
2174.9991299999997,101.0,101.0014,0.0014
2175.9991296,101.0,101.0011,0.0011
2176.9991292,101.0,101.0007,0.0007
2177.9991287999997,101.0,100.9997,-0.0002
2178.9991284,101.0,100.9988,-0.001
2179.999128,101.0,100.9987,-0.0012
2180.9991275999996,101.0,100.9991,-0.0008
2181.9991271999997,101.0,100.9992,-0.0007
2182.9991268,101.0,100.9991,-0.0008
2183.9991264,101.0,100.9993,-0.0005
2184.9991259999997,101.0,100.9996,-0.0002
2185.9991255999994,101.0,100.9997,-0.0002
2186.9991252,101.0,100.9998,-0.0001
2187.9991247999997,101.0,100.9999,0.0
2188.9991243999993,101.0,101.0002,0.0002
2189.999124,101.0,100.9997,-0.0001
2190.9991235999996,101.0,100.9995,-0.0004
2191.9991231999998,101.0,100.9995,-0.0004
2192.9991228,101.0,100.9995,-0.0004
2193.9991223999996,101.0,100.9993,-0.0006
2194.9991219999997,101.0,100.9991,-0.0008
2195.9991216,101.0,100.999,-0.0009
2196.9991211999995,101.0,100.9989,-0.001
2197.9991207999997,101.0,100.9989,-0.001
2198.9991204,101.0,100.999,-0.0009
2199.99912,101.0,100.9997,-0.0001
2200.9991195999996,101.0,101.0007,0.0007
2201.9991191999998,101.0,101.0013,0.0013
2202.9991188,101.0,101.0014,0.0014
2203.9991183999996,101.0,101.0014,0.0014
2204.9991179999997,101.0,101.0014,0.0014
2205.9991176,101.0,101.0011,0.0011
2206.9991171999995,101.0,101.0016,0.0017
2207.9991168,101.0,101.0025,0.0025
2208.9991164,101.0,101.003,0.003
2209.9991159999995,101.0,101.0028,0.0028
2210.9991156,101.0,101.0019,0.0019
2211.9991152,101.0,101.0014,0.0014
2212.9991147999995,101.0,101.0007,0.0008
2213.9991143999996,101.0,100.9999,-0.0
2214.9991139999997,101.0,100.9995,-0.0004
2215.9991136,101.0,101.0002,0.0002
2216.9991131999996,101.0,101.0006,0.0007
2217.9991127999997,101.0,101.0007,0.0007
2218.9991124,101.0,101.0001,0.0001
2219.9991119999995,101.0,100.9999,-0.0
2220.9991115999997,101.0,101.0001,0.0001
2221.9991112,101.0,100.9999,-0.0
2222.9991107999995,101.0,101.0003,0.0003
2223.9991104,101.0,101.0012,0.0012
2224.9991099999997,101.0,101.0023,0.0023
2225.9991095999994,101.0,101.0027,0.0027
2226.9991092,101.0,101.0029,0.0029
2227.9991087999997,101.0,101.0032,0.0033
2228.9991083999994,101.0,101.0033,0.0033
2229.999108,101.0,101.0028,0.0028
2230.9991075999997,101.0,101.0016,0.0016
2231.9991072,101.0,101.0007,0.0007
2232.9991068,101.0,101.0003,0.0003
2233.9991063999996,101.0,100.9999,-0.0
2234.9991059999998,101.0,100.9999,-0.0
2235.9991056,101.0,100.9998,-0.0
2236.9991051999996,101.0,100.9997,-0.0002
2237.9991047999997,101.0,100.9992,-0.0007
2238.9991044,101.0,100.9986,-0.0013
2239.999104,101.0,100.9986,-0.0013
2240.9991035999997,101.0,100.9989,-0.001
2241.9991032,101.0,100.9996,-0.0003
2242.9991028,101.0,100.9999,-0.0
2243.9991023999996,101.0,100.9998,-0.0001
2244.9991019999993,101.0,100.9997,-0.0002
2245.9991016,101.0,101.0003,0.0003
2246.9991011999996,101.0,101.002,0.002
2247.9991007999997,101.0,101.0031,0.0031
2248.9991004,101.0,101.0036,0.0036
2249.9990999999995,101.0,101.0034,0.0034
2250.9990995999997,101.0,101.0033,0.0034
2251.9990992,101.0,101.0033,0.0033
2252.9990987999995,101.0,101.0034,0.0035
2253.9990983999996,101.0,101.0033,0.0033
2254.999098,101.0,101.0032,0.0032
2255.9990976,101.0,101.0028,0.0028
2256.9990971999996,101.0,101.0016,0.0016
2257.9990967999997,101.0,101.0006,0.0006
2258.9990964,101.0,101.0,0.0
2259.9990959999996,101.0,100.9999,-0.0
2260.9990955999997,101.0,101.0002,0.0002
2261.9990952,101.0,101.0002,0.0002
2262.9990947999995,101.0,101.0004,0.0004
2263.9990944,101.0,101.0003,0.0004
2264.999094,101.0,101.0004,0.0004
2265.9990935999995,101.0,101.0011,0.0011
2266.9990932,101.0,101.0021,0.0021
2267.9990927999997,101.0,101.0025,0.0025
2268.9990923999994,101.0,101.0025,0.0025
2269.999092,101.0,101.0022,0.0022
2270.9990915999997,101.0,101.0023,0.0023
2271.9990912,101.0,101.002,0.002
2272.9990908,101.0,101.0013,0.0013
2273.9990903999997,101.0,101.0003,0.0003
2274.99909,101.0,100.9999,-0.0
2275.9990895999995,101.0,100.9996,-0.0002
2276.9990891999996,101.0,100.9989,-0.001
2277.9990887999998,101.0,100.9982,-0.0016
2278.9990883999994,101.0,100.9978,-0.0021
2279.999088,101.0,100.9979,-0.0019
2280.9990875999997,101.0,100.9983,-0.0016
2281.9990871999994,101.0,100.9983,-0.0015
2282.9990868,101.0,100.9986,-0.0013
2283.9990863999997,101.0,100.9983,-0.0016
2284.9990859999994,101.0,100.9986,-0.0013
2285.9990856,101.0,100.9989,-0.001
2286.9990851999996,101.0,100.9998,-0.0001
2287.9990847999998,101.0,101.0008,0.0008
2288.9990844,101.0,101.0018,0.0018
2289.9990839999996,101.0,101.0024,0.0024
2290.9990835999997,101.0,101.0028,0.0028
2291.9990832,101.0,101.0025,0.0025
2292.9990827999995,101.0,101.002,0.002
2293.9990823999997,101.0,101.0014,0.0014
2294.999082,101.0,101.0013,0.0013
2295.9990816,101.0,101.0009,0.0009
2296.9990811999996,101.0,101.0,0.0
2297.9990808,101.0,100.999,-0.0009
2298.9990804,101.0,100.9984,-0.0015
2299.9990799999996,101.0,100.9987,-0.0012
2300.9990795999997,101.0,100.9986,-0.0013
2301.9990792,101.0,100.9986,-0.0012
2302.9990787999996,101.0,100.999,-0.0009
2303.9990783999997,101.0,100.9996,-0.0002
2304.999078,101.0,100.9998,-0.0001
2305.9990775999995,101.0,100.9996,-0.0002
2306.9990771999996,101.0,101.0003,0.0003
2307.9990768,101.0,101.0011,0.0011
2308.9990763999995,101.0,101.0014,0.0015
2309.9990759999996,101.0,101.001,0.001
2310.9990755999997,101.0,101.0007,0.0008
2311.9990752,101.0,101.0008,0.0008
2312.9990747999996,101.0,101.0006,0.0006
2313.9990743999997,101.0,101.0006,0.0006
2314.999074,101.0,101.0006,0.0006
2315.9990735999995,101.0,101.0007,0.0008
2316.9990731999997,101.0,101.0002,0.0002
2317.9990728,101.0,100.9998,-0.0001
2318.9990723999995,101.0,100.9995,-0.0004
2319.999072,101.0,100.9996,-0.0003
2320.9990715999998,101.0,100.9997,-0.0002
2321.9990711999994,101.0,100.9995,-0.0004
2322.9990708,101.0,100.9996,-0.0002
2323.9990703999997,101.0,100.9996,-0.0003
2324.9990699999994,101.0,100.9991,-0.0008
2325.9990696,101.0,100.999,-0.0009
2326.9990691999997,101.0,100.9996,-0.0003
2327.9990688,101.0,101.0006,0.0006
2328.9990684,101.0,101.0015,0.0015
2329.9990679999996,101.0,101.002,0.002
2330.9990675999998,101.0,101.0026,0.0026
2331.9990672,101.0,101.003,0.003
2332.9990667999996,101.0,101.0028,0.0028
2333.9990663999997,101.0,101.0023,0.0023
2334.9990659999994,101.0,101.0023,0.0023
2335.9990656,101.0,101.002,0.002
2336.9990651999997,101.0,101.001,0.001
2337.9990647999994,101.0,100.9998,-0.0001
2338.9990644,101.0,100.9993,-0.0006
2339.9990639999996,101.0,100.9996,-0.0003
2340.9990635999993,101.0,100.9997,-0.0002
2341.9990632,101.0,100.9999,0.0
2342.9990627999996,101.0,100.9999,-0.0
2343.9990623999997,101.0,101.0001,0.0001
2344.999062,101.0,101.0001,0.0001
2345.9990615999995,101.0,101.0002,0.0002
2346.9990611999997,101.0,101.0006,0.0006
2347.9990608,101.0,101.0012,0.0012
2348.9990603999995,101.0,101.0012,0.0012
2349.9990599999996,101.0,101.0008,0.0009
2350.9990596,101.0,101.0009,0.0009
2351.9990592,101.0,101.0016,0.0016
2352.9990587999996,101.0,101.0022,0.0022
2353.9990583999997,101.0,101.0023,0.0023
2354.999058,101.0,101.0022,0.0023
2355.9990575999996,101.0,101.0019,0.0019
2356.9990571999997,101.0,101.0012,0.0012
2357.9990568,101.0,101.0007,0.0007
2358.9990563999995,101.0,101.0001,0.0001
2359.999056,101.0,101.0001,0.0001
2360.9990556,101.0,100.9995,-0.0004
2361.9990551999995,101.0,100.999,-0.0009
2362.9990548,101.0,100.9987,-0.0012
2363.9990543999997,101.0,100.9986,-0.0013
2364.9990539999994,101.0,100.9987,-0.0012
2365.9990535999996,101.0,100.9991,-0.0008
2366.9990531999997,101.0,100.9999,-0.0
2367.9990528,101.0,101.0002,0.0002
2368.9990523999995,101.0,101.0002,0.0002
2369.9990519999997,101.0,101.0003,0.0003
2370.9990516,101.0,101.0005,0.0005
2371.9990511999995,101.0,101.0008,0.0009
2372.9990507999996,101.0,101.0013,0.0013
2373.9990503999998,101.0,101.0015,0.0015
2374.9990499999994,101.0,101.0017,0.0018
2375.9990496,101.0,101.0015,0.0015
2376.9990491999997,101.0,101.0008,0.0009
2377.9990487999994,101.0,101.0003,0.0003
2378.9990484,101.0,101.0,0.0
2379.9990479999997,101.0,100.9997,-0.0002
2380.9990475999994,101.0,100.9992,-0.0007
2381.9990472,101.0,100.9986,-0.0013
2382.9990467999996,101.0,100.9983,-0.0016
2383.9990463999998,101.0,100.9984,-0.0015
2384.999046,101.0,100.9985,-0.0014
2385.9990455999996,101.0,100.9988,-0.0011
2386.9990451999997,101.0,100.9994,-0.0005
2387.9990448,101.0,101.0,0.0
2388.9990443999995,101.0,101.0004,0.0004
2389.9990439999997,101.0,101.0008,0.0008
2390.9990436,101.0,101.001,0.001
2391.9990432,101.0,101.0015,0.0015
2392.9990427999996,101.0,101.002,0.002
2393.9990424,101.0,101.0019,0.0019
2394.999042,101.0,101.002,0.002
2395.9990415999996,101.0,101.0014,0.0015
2396.9990411999997,101.0,101.0008,0.0008
2397.9990408,101.0,100.9998,-0.0001
2398.9990403999996,101.0,100.999,-0.0009
2399.9990399999997,101.0,100.9991,-0.0008
2400.9990396,101.0,100.9989,-0.0009
2401.9990391999995,101.0,100.9991,-0.0008
2402.9990387999997,101.0,100.999,-0.0009
2403.9990384,101.0,100.9993,-0.0006
2404.999038,101.0,100.9992,-0.0007
2405.9990375999996,101.0,100.9996,-0.0003
2406.9990371999997,101.0,101.0,0.0
2407.9990368,101.0,101.0003,0.0003
2408.9990363999996,101.0,101.0005,0.0006
2409.9990359999997,101.0,101.0002,0.0002
2410.9990356,101.0,101.0,0.0
2411.9990351999995,101.0,101.0001,0.0001
2412.9990347999997,101.0,101.0003,0.0003
2413.9990344,101.0,101.0008,0.0008
2414.9990339999995,101.0,101.0012,0.0012
2415.9990336,101.0,101.001,0.001
2416.9990331999998,101.0,100.9998,-0.0
2417.9990327999994,101.0,100.9985,-0.0014
2418.9990324,101.0,100.9977,-0.0022
2419.9990319999997,101.0,100.9979,-0.002
2420.9990316,101.0,100.9983,-0.0016
2421.9990312,101.0,100.9984,-0.0015
2422.9990307999997,101.0,100.999,-0.0009
2423.9990304,101.0,100.9994,-0.0005
2424.9990299999995,101.0,100.9996,-0.0003
2425.9990295999996,101.0,100.9995,-0.0004
2426.9990291999998,101.0,100.9998,-0.0001
2427.9990287999995,101.0,101.0002,0.0002
2428.9990283999996,101.0,101.0007,0.0007
2429.9990279999997,101.0,101.0011,0.0011
2430.9990275999994,101.0,101.0016,0.0016
2431.9990272,101.0,101.0026,0.0026
2432.9990267999997,101.0,101.0027,0.0027
2433.9990263999994,101.0,101.0035,0.0035
2434.999026,101.0,101.0041,0.0041
2435.9990255999996,101.0,101.0043,0.0044
2436.9990252,101.0,101.0039,0.0039
2437.9990248,101.0,101.0028,0.0028
2438.9990243999996,101.0,101.0018,0.0018
2439.9990239999997,101.0,101.0015,0.0015
2440.9990236,101.0,101.001,0.001
2441.9990231999996,101.0,101.0002,0.0002
2442.9990227999997,101.0,100.9995,-0.0004
2443.9990224,101.0,100.9992,-0.0007
2444.999022,101.0,100.9997,-0.0002
2445.9990215999997,101.0,100.9999,-0.0
2446.9990212,101.0,101.0001,0.0001
2447.9990208,101.0,100.9999,-0.0
2448.9990203999996,101.0,100.9997,-0.0002
2449.9990199999997,101.0,100.9998,-0.0001
2450.9990196,101.0,101.0001,0.0001
2451.9990191999996,101.0,101.0005,0.0006
2452.9990188,101.0,101.0008,0.0008
2453.9990184,101.0,101.0015,0.0015
2454.9990179999995,101.0,101.0021,0.0021
2455.9990175999997,101.0,101.0026,0.0026
2456.9990172,101.0,101.0026,0.0026
2457.9990167999995,101.0,101.0027,0.0027
2458.9990163999996,101.0,101.0028,0.0028
2459.9990159999998,101.0,101.0025,0.0025
2460.9990156,101.0,101.0017,0.0017
2461.9990151999996,101.0,101.0007,0.0007
2462.9990147999997,101.0,100.9999,-0.0
2463.9990144,101.0,100.9993,-0.0006
2464.9990139999995,101.0,100.9992,-0.0007
2465.9990135999997,101.0,100.9996,-0.0003
2466.9990132,101.0,101.0007,0.0007
2467.9990127999995,101.0,101.0009,0.0009
2468.9990124,101.0,101.0005,0.0006
2469.9990119999998,101.0,101.0001,0.0001
2470.9990115999994,101.0,101.0006,0.0006
2471.9990112,101.0,101.0015,0.0015
2472.9990107999997,101.0,101.002,0.002
2473.9990103999994,101.0,101.0025,0.0025
2474.99901,101.0,101.0031,0.0031
2475.9990095999997,101.0,101.0034,0.0035
2476.9990092,101.0,101.0029,0.0029
2477.9990088,101.0,101.0017,0.0017
2478.9990083999996,101.0,101.0006,0.0006
2479.999008,101.0,101.0,0.0
2480.9990076,101.0,100.9996,-0.0003
2481.9990071999996,101.0,100.9992,-0.0007
2482.9990067999997,101.0,100.9991,-0.0008
2483.9990064,101.0,100.9992,-0.0007
2484.999006,101.0,100.9995,-0.0003
2485.9990055999997,101.0,101.0003,0.0003
2486.9990051999994,101.0,101.001,0.001
2487.9990048,101.0,101.0013,0.0013
2488.9990043999996,101.0,101.001,0.001
2489.9990039999993,101.0,101.0008,0.0008
2490.9990036,101.0,101.0014,0.0014
2491.9990031999996,101.0,101.0025,0.0025
2492.9990027999997,101.0,101.0032,0.0032
2493.9990024,101.0,101.0036,0.0036
2494.9990019999996,101.0,101.0036,0.0036
2495.9990015999997,101.0,101.0036,0.0036
2496.9990012,101.0,101.0035,0.0035
2497.9990007999995,101.0,101.003,0.003
2498.9990003999997,101.0,101.0017,0.0017
2499.999,101.0,101.0011,0.0011
2500.9989996,101.0,101.0003,0.0004
2501.9989991999996,101.0,100.9999,-0.0
2502.9989987999998,101.0,100.9993,-0.0006
2503.9989984,101.0,100.9987,-0.0012
2504.9989979999996,101.0,100.9988,-0.001
2505.9989975999997,101.0,100.9988,-0.001
2506.9989972,101.0,100.999,-0.0009
2507.9989967999995,101.0,100.9994,-0.0005
2508.9989964,101.0,100.9999,-0.0
2509.998996,101.0,101.0005,0.0005
2510.9989955999995,101.0,101.0011,0.0011
2511.9989952,101.0,101.0019,0.0019
2512.9989947999998,101.0,101.0024,0.0024
2513.9989943999994,101.0,101.0027,0.0027
2514.9989939999996,101.0,101.0029,0.0029
2515.9989935999997,101.0,101.0029,0.0029
2516.9989932,101.0,101.0025,0.0025
2517.9989927999995,101.0,101.0018,0.0018
2518.9989923999997,101.0,101.0017,0.0017
2519.998992,101.0,101.0022,0.0022
2520.9989915999995,101.0,101.0022,0.0023
2521.9989911999996,101.0,101.0018,0.0018
2522.9989908,101.0,101.0011,0.0011
2523.9989903999995,101.0,101.0008,0.0009
2524.99899,101.0,101.0008,0.0008
2525.9989895999997,101.0,101.0009,0.0009
2526.9989891999994,101.0,101.0008,0.0008
2527.9989888,101.0,101.0005,0.0005
2528.9989883999997,101.0,101.0002,0.0002
2529.9989879999994,101.0,101.0003,0.0003
2530.9989876,101.0,101.0003,0.0003
2531.9989871999996,101.0,101.0006,0.0006
2532.9989868,101.0,101.0005,0.0005
2533.9989864,101.0,101.0011,0.0012
2534.9989859999996,101.0,101.002,0.002
2535.9989855999997,101.0,101.0025,0.0026
2536.9989852,101.0,101.002,0.0021
2537.9989847999996,101.0,101.002,0.002
2538.9989843999997,101.0,101.002,0.002
2539.998984,101.0,101.0022,0.0022
2540.9989836,101.0,101.0021,0.0021
2541.9989831999997,101.0,101.0016,0.0016
2542.9989828,101.0,101.0014,0.0014
2543.9989824,101.0,101.0008,0.0009
2544.9989819999996,101.0,101.0007,0.0007
2545.9989815999993,101.0,101.0003,0.0003
2546.9989812,101.0,101.0002,0.0002
2547.9989807999996,101.0,101.0002,0.0003
2548.9989803999997,101.0,101.0002,0.0002
2549.99898,101.0,101.0,0.0
2550.9989795999995,101.0,100.9998,-0.0001
2551.9989791999997,101.0,101.0002,0.0002
2552.9989788,101.0,101.0005,0.0005
2553.9989783999995,101.0,101.0012,0.0012
2554.9989779999996,101.0,101.002,0.002
2555.9989775999998,101.0,101.0027,0.0027
2556.9989772,101.0,101.0025,0.0025
2557.9989767999996,101.0,101.002,0.0021
2558.9989763999997,101.0,101.0018,0.0018
2559.998976,101.0,101.0019,0.0019
2560.9989755999995,101.0,101.0016,0.0016
2561.9989751999997,101.0,101.0011,0.0011
2562.9989748,101.0,101.001,0.001
2563.9989743999995,101.0,101.0011,0.0011
2564.998974,101.0,101.001,0.001
2565.9989735999998,101.0,101.0009,0.0009
2566.9989731999995,101.0,101.0007,0.0007
2567.9989728,101.0,101.0011,0.0011
2568.9989723999997,101.0,101.0011,0.0011
2569.9989719999994,101.0,101.0014,0.0015
2570.9989716,101.0,101.0016,0.0016
2571.9989711999997,101.0,101.0024,0.0024
2572.9989708,101.0,101.0029,0.0029
2573.9989704,101.0,101.0036,0.0037
2574.9989699999996,101.0,101.0038,0.0038
2575.9989696,101.0,101.0035,0.0035
2576.9989691999995,101.0,101.003,0.003
2577.9989687999996,101.0,101.0023,0.0023
2578.9989683999997,101.0,101.002,0.002
2579.9989679999994,101.0,101.0016,0.0016
2580.9989676,101.0,101.001,0.001
2581.9989671999997,101.0,101.0,0.0
2582.9989667999994,101.0,100.9992,-0.0007
2583.9989664,101.0,100.9985,-0.0014
2584.9989659999997,101.0,100.9984,-0.0015
2585.9989655999993,101.0,100.9988,-0.0011
2586.9989652,101.0,100.9989,-0.0009
2587.9989647999996,101.0,100.9989,-0.001
2588.9989643999997,101.0,100.9991,-0.0008
2589.998964,101.0,100.9996,-0.0003
2590.9989635999996,101.0,101.0007,0.0007
2591.9989631999997,101.0,101.0017,0.0017
2592.9989628,101.0,101.0025,0.0025
2593.9989623999995,101.0,101.0028,0.0028
2594.9989619999997,101.0,101.0028,0.0028
2595.9989616,101.0,101.0023,0.0023
2596.9989612,101.0,101.002,0.002
2597.9989607999996,101.0,101.0017,0.0017
2598.9989603999998,101.0,101.0015,0.0015
2599.99896,101.0,101.0021,0.0021
2600.9989595999996,101.0,101.0024,0.0024
2601.9989591999997,101.0,101.0024,0.0024
2602.9989588,101.0,101.0017,0.0017
2603.9989583999995,101.0,101.0007,0.0007
2604.998958,101.0,101.0001,0.0001
2605.9989576,101.0,100.9996,-0.0003
2606.9989571999995,101.0,100.9986,-0.0012
2607.9989567999996,101.0,100.9977,-0.0022
2608.9989563999998,101.0,100.9972,-0.0026
2609.9989559999995,101.0,100.9975,-0.0024
2610.9989555999996,101.0,100.9984,-0.0015
2611.9989551999997,101.0,100.9986,-0.0013
2612.9989548,101.0,100.9991,-0.0008
2613.9989543999995,101.0,101.0001,0.0001
2614.9989539999997,101.0,101.0011,0.0011
2615.9989536,101.0,101.0013,0.0013
2616.9989531999995,101.0,101.001,0.001
2617.9989527999996,101.0,101.0011,0.0011
2618.9989524,101.0,101.0014,0.0014
2619.9989519999995,101.0,101.0019,0.0019
2620.9989516,101.0,101.0017,0.0017
2621.9989511999997,101.0,101.0014,0.0014
2622.9989507999994,101.0,101.0011,0.0011
2623.9989504,101.0,101.0007,0.0007
2624.9989499999997,101.0,101.0006,0.0006
2625.9989495999994,101.0,101.0002,0.0002
2626.9989492,101.0,101.0002,0.0002
2627.9989487999997,101.0,101.0001,0.0001
2628.9989484,101.0,101.0002,0.0002
2629.998948,101.0,101.0001,0.0001
2630.9989475999996,101.0,101.0002,0.0002
2631.9989471999997,101.0,101.0004,0.0004
2632.9989468,101.0,101.0004,0.0004
2633.9989463999996,101.0,101.0004,0.0004
2634.9989459999997,101.0,101.0001,0.0001
2635.9989455999994,101.0,100.9993,-0.0006
2636.9989452,101.0,100.999,-0.0009
2637.9989447999997,101.0,100.9989,-0.0009
2638.9989443999993,101.0,100.9998,-0.0001
2639.998944,101.0,101.0006,0.0006
2640.9989435999996,101.0,101.0008,0.0009
2641.9989431999993,101.0,101.001,0.001
2642.9989428,101.0,101.0006,0.0006
2643.9989423999996,101.0,101.0002,0.0002
2644.9989419999997,101.0,100.9997,-0.0002
2645.9989416,101.0,100.9997,-0.0002
2646.9989411999995,101.0,100.9992,-0.0007
2647.9989407999997,101.0,100.9984,-0.0015
2648.9989404,101.0,100.9977,-0.0021
2649.9989399999995,101.0,100.9974,-0.0025
2650.9989395999996,101.0,100.9974,-0.0025
2651.9989391999998,101.0,100.9976,-0.0023
2652.9989388,101.0,100.9982,-0.0017
2653.9989383999996,101.0,100.9996,-0.0002
2654.9989379999997,101.0,101.0006,0.0006
2655.9989376,101.0,101.0009,0.0009
2656.9989371999995,101.0,101.0006,0.0006
2657.9989367999997,101.0,101.0007,0.0007
2658.9989364,101.0,101.0013,0.0013
2659.9989359999995,101.0,101.0016,0.0016
2660.9989356,101.0,101.0018,0.0018
2661.9989352,101.0,101.0018,0.0018
2662.9989347999995,101.0,101.0012,0.0012
2663.9989344,101.0,101.0005,0.0005
2664.9989339999997,101.0,100.9999,-0.0
2665.9989335999994,101.0,101.0,0.0
2666.9989331999996,101.0,100.9999,-0.0
2667.9989327999997,101.0,100.9994,-0.0005
2668.9989324,101.0,100.9988,-0.0011
2669.9989319999995,101.0,100.9986,-0.0013
2670.9989315999997,101.0,100.9989,-0.001
2671.9989312,101.0,100.9995,-0.0004
2672.9989307999995,101.0,100.9996,-0.0003
2673.9989303999996,101.0,101.0002,0.0002
2674.9989299999997,101.0,101.0003,0.0003
2675.9989295999994,101.0,101.0,0.0
2676.9989292,101.0,101.0002,0.0002
2677.9989287999997,101.0,101.0007,0.0007
2678.9989283999994,101.0,101.0016,0.0017
2679.998928,101.0,101.002,0.002
2680.9989275999997,101.0,101.0016,0.0016
2681.9989271999993,101.0,101.0014,0.0014
2682.9989268,101.0,101.0014,0.0014
2683.9989263999996,101.0,101.0013,0.0013
2684.9989259999998,101.0,101.0016,0.0016
2685.9989256,101.0,101.0017,0.0017
2686.9989251999996,101.0,101.0014,0.0014
2687.9989247999997,101.0,101.0003,0.0004
2688.9989244,101.0,100.9993,-0.0006
2689.9989239999995,101.0,100.9989,-0.001
2690.9989235999997,101.0,100.9988,-0.0011
2691.9989232,101.0,100.9988,-0.0011
2692.9989228,101.0,100.9989,-0.001
2693.9989223999996,101.0,100.9995,-0.0004
2694.9989219999998,101.0,100.9998,-0.0001
2695.9989216,101.0,100.9995,-0.0004
2696.9989211999996,101.0,100.9992,-0.0007
2697.9989207999993,101.0,100.9995,-0.0004
2698.9989204,101.0,101.0001,0.0001
2699.9989199999995,101.0,101.0002,0.0002
2700.9989195999997,101.0,100.9999,-0.0
2701.9989192,101.0,100.9993,-0.0006
2702.9989187999995,101.0,100.9987,-0.0011
2703.9989183999996,101.0,100.9981,-0.0018
2704.998918,101.0,100.9982,-0.0017
2705.9989175999995,101.0,100.9983,-0.0016
2706.9989171999996,101.0,100.9984,-0.0015
2707.9989167999997,101.0,100.9978,-0.0021
2708.9989164,101.0,100.9974,-0.0025
2709.9989159999996,101.0,100.9974,-0.0025
2710.9989155999997,101.0,100.9982,-0.0016
2711.9989152,101.0,100.9993,-0.0006
2712.9989147999995,101.0,100.9998,-0.0001
2713.9989143999996,101.0,101.0002,0.0003
2714.998914,101.0,101.0006,0.0006
2715.9989135999995,101.0,101.0007,0.0007
2716.9989132,101.0,101.0008,0.0008
2717.9989127999997,101.0,101.0007,0.0007
2718.9989123999994,101.0,101.0015,0.0015
2719.998912,101.0,101.0019,0.0019
2720.9989115999997,101.0,101.0021,0.0021
2721.9989111999994,101.0,101.002,0.002
2722.9989108,101.0,101.0017,0.0017
2723.9989103999997,101.0,101.001,0.001
2724.99891,101.0,101.0006,0.0006
2725.9989095999995,101.0,101.0004,0.0004
2726.9989091999996,101.0,100.9999,-0.0
2727.9989087999998,101.0,100.999,-0.0009
2728.9989083999994,101.0,100.9976,-0.0023
2729.9989079999996,101.0,100.997,-0.0029
2730.9989075999997,101.0,100.9975,-0.0024
2731.9989071999994,101.0,100.9981,-0.0018
2732.9989068,101.0,100.9985,-0.0014
2733.9989063999997,101.0,100.999,-0.0009
2734.9989059999994,101.0,100.9994,-0.0005
2735.9989056,101.0,100.9995,-0.0004
2736.9989051999996,101.0,101.0001,0.0001
2737.9989047999993,101.0,101.0008,0.0009
2738.9989044,101.0,101.0019,0.0019
2739.9989039999996,101.0,101.0025,0.0025
2740.9989035999997,101.0,101.0026,0.0026
2741.9989032,101.0,101.0025,0.0025
2742.9989027999995,101.0,101.0022,0.0022
2743.9989023999997,101.0,101.0015,0.0015
2744.998902,101.0,101.0011,0.0011
2745.9989015999995,101.0,101.001,0.001
2746.9989011999996,101.0,101.0007,0.0007
2747.9989008,101.0,100.9998,-0.0001
2748.9989004,101.0,100.9986,-0.0013
2749.9988999999996,101.0,100.9979,-0.002
2750.9988995999997,101.0,100.9977,-0.0022
2751.9988992,101.0,100.9975,-0.0024
2752.9988987999996,101.0,100.9971,-0.0028
2753.9988983999997,101.0,100.9974,-0.0025
2754.998898,101.0,100.9977,-0.0022
2755.9988975999995,101.0,100.9974,-0.0025
2756.9988971999996,101.0,100.9976,-0.0023
2757.9988968,101.0,100.998,-0.0018
2758.9988963999995,101.0,100.9998,-0.0001
2759.9988959999996,101.0,101.0008,0.0008
2760.9988955999997,101.0,101.001,0.001
2761.9988951999994,101.0,101.001,0.001
2762.9988947999996,101.0,101.0013,0.0013
2763.9988943999997,101.0,101.0018,0.0018
2764.998894,101.0,101.002,0.002
2765.9988935999995,101.0,101.002,0.002
2766.9988931999997,101.0,101.0017,0.0017
2767.9988928,101.0,101.0011,0.0011
2768.9988923999995,101.0,101.0001,0.0001
2769.9988919999996,101.0,100.9999,0.0
2770.9988915999998,101.0,100.9999,-0.0
2771.9988911999994,101.0,101.0003,0.0003
2772.9988908,101.0,101.0005,0.0005
2773.9988903999997,101.0,101.0006,0.0006
2774.9988899999994,101.0,101.0006,0.0006
2775.9988896,101.0,101.0,0.0
2776.9988891999997,101.0,100.9996,-0.0003
2777.9988887999993,101.0,100.9991,-0.0008
2778.9988884,101.0,100.9992,-0.0007
2779.9988879999996,101.0,100.9997,-0.0002
2780.9988875999998,101.0,100.9999,-0.0
2781.9988872,101.0,101.0006,0.0006
2782.9988867999996,101.0,101.0006,0.0006
2783.9988863999997,101.0,101.0007,0.0007
2784.998886,101.0,101.0007,0.0007
2785.9988855999995,101.0,101.0011,0.0011
2786.9988851999997,101.0,101.0011,0.0011
2787.9988847999994,101.0,101.0009,0.0009
2788.9988844,101.0,101.0001,0.0001
2789.9988839999996,101.0,100.9996,-0.0003
2790.9988835999993,101.0,100.999,-0.0009
2791.9988832,101.0,100.9989,-0.001
2792.9988827999996,101.0,100.9992,-0.0007
2793.9988823999993,101.0,100.9997,-0.0002
2794.998882,101.0,101.0004,0.0004
2795.9988815999995,101.0,101.0001,0.0001
2796.9988811999997,101.0,101.0,0.0
2797.9988808,101.0,101.0,0.0
2798.9988803999995,101.0,101.0005,0.0005
2799.9988799999996,101.0,101.0007,0.0007
2800.9988796,101.0,101.0009,0.0009
2801.9988791999995,101.0,101.0008,0.0008
2802.9988787999996,101.0,101.0009,0.0009
2803.9988783999997,101.0,101.0014,0.0014
2804.998878,101.0,101.0016,0.0016
2805.9988775999996,101.0,101.0018,0.0018
2806.9988771999997,101.0,101.0011,0.0012
2807.9988768,101.0,101.0006,0.0007
2808.9988763999995,101.0,101.0,0.0
2809.9988759999997,101.0,100.9996,-0.0003
2810.9988756,101.0,100.9996,-0.0003
2811.9988751999995,101.0,100.9997,-0.0002
2812.9988748,101.0,101.0001,0.0001
2813.9988743999997,101.0,101.0002,0.0002
2814.9988739999994,101.0,101.0004,0.0005
2815.9988736,101.0,101.0004,0.0004
2816.9988731999997,101.0,101.0005,0.0005
2817.9988727999994,101.0,101.0007,0.0008
2818.9988723999995,101.0,101.0012,0.0012
2819.9988719999997,101.0,101.0021,0.0021
2820.9988716,101.0,101.0026,0.0026
2821.9988711999995,101.0,101.0026,0.0027
2822.9988707999996,101.0,101.0023,0.0023
2823.9988703999998,101.0,101.0022,0.0023
2824.9988699999994,101.0,101.0023,0.0023
2825.9988695999996,101.0,101.0024,0.0024
2826.9988691999997,101.0,101.0018,0.0018
2827.9988687999994,101.0,101.0006,0.0006
2828.9988684,101.0,100.9996,-0.0003
2829.9988679999997,101.0,100.999,-0.0009
2830.9988675999994,101.0,100.9993,-0.0006
2831.9988672,101.0,100.9993,-0.0006
2832.9988667999996,101.0,100.9995,-0.0004
2833.9988663999993,101.0,100.9995,-0.0004
2834.998866,101.0,100.999,-0.0009
2835.9988655999996,101.0,100.9979,-0.002
2836.9988651999997,101.0,100.997,-0.0029
2837.9988648,101.0,100.9972,-0.0026
2838.9988643999995,101.0,100.9984,-0.0015
2839.9988639999997,101.0,100.9995,-0.0004
2840.9988636,101.0,101.0003,0.0003
2841.9988631999995,101.0,101.0006,0.0006
2842.9988627999996,101.0,101.0008,0.0008
2843.9988624,101.0,101.0012,0.0012
2844.998862,101.0,101.0014,0.0014
2845.9988615999996,101.0,101.0018,0.0018
2846.9988611999993,101.0,101.0016,0.0016
2847.9988608,101.0,101.0013,0.0013
2848.9988603999996,101.0,101.0005,0.0005
2849.9988599999997,101.0,101.0,0.0
2850.9988596,101.0,101.0001,0.0001
2851.9988591999995,101.0,101.0001,0.0001
2852.9988587999997,101.0,101.0004,0.0004
2853.9988584,101.0,101.0005,0.0005
2854.9988579999995,101.0,100.9999,-0.0
2855.9988575999996,101.0,100.999,-0.0009
2856.9988571999997,101.0,100.9983,-0.0016
2857.9988567999994,101.0,100.9982,-0.0017
2858.9988563999996,101.0,100.9983,-0.0016
2859.9988559999997,101.0,100.9982,-0.0017
2860.9988556,101.0,100.9984,-0.0015
2861.9988551999995,101.0,100.9989,-0.001
2862.9988547999997,101.0,100.9991,-0.0008
2863.9988544,101.0,100.999,-0.0009
2864.9988539999995,101.0,100.9995,-0.0004
2865.9988535999996,101.0,101.0,0.0
2866.9988531999998,101.0,101.0001,0.0001
2867.9988527999994,101.0,100.9992,-0.0007
2868.9988524,101.0,100.9986,-0.0012
2869.9988519999997,101.0,100.9982,-0.0017
2870.9988515999994,101.0,100.9983,-0.0015
2871.9988512,101.0,100.9982,-0.0017
2872.9988507999997,101.0,100.9987,-0.0012
2873.9988503999994,101.0,100.9988,-0.0011
2874.99885,101.0,100.9989,-0.0009
2875.9988495999996,101.0,100.999,-0.0009
2876.9988491999998,101.0,100.9985,-0.0014
2877.9988487999995,101.0,100.9987,-0.0012
2878.9988483999996,101.0,100.999,-0.0009
2879.9988479999997,101.0,101.0,0.0
2880.9988475999994,101.0,101.0009,0.0009
2881.9988471999995,101.0,101.0015,0.0015
2882.9988467999997,101.0,101.0022,0.0022
2883.9988463999994,101.0,101.0028,0.0028
2884.998846,101.0,101.0031,0.0031
2885.9988455999996,101.0,101.0026,0.0026
2886.9988451999993,101.0,101.0016,0.0016
2887.9988448,101.0,101.0007,0.0007
2888.9988443999996,101.0,100.9997,-0.0002
2889.9988439999997,101.0,100.9991,-0.0007
2890.9988436,101.0,100.9988,-0.0011
2891.9988431999996,101.0,100.999,-0.0009
2892.9988427999997,101.0,100.9994,-0.0005
2893.9988424,101.0,100.9993,-0.0006
2894.9988419999995,101.0,100.9988,-0.0011
2895.9988415999997,101.0,100.9986,-0.0013
2896.9988412,101.0,100.9984,-0.0015
2897.9988408,101.0,100.9987,-0.0012
2898.9988403999996,101.0,100.9996,-0.0003
2899.9988399999997,101.0,101.0006,0.0006
2900.9988396,101.0,101.0017,0.0017
2901.9988391999996,101.0,101.0025,0.0025
2902.9988387999997,101.0,101.0032,0.0032
2903.9988384,101.0,101.004,0.004
2904.9988379999995,101.0,101.0045,0.0045
2905.9988375999997,101.0,101.0045,0.0045
2906.9988372,101.0,101.004,0.004
2907.9988367999995,101.0,101.0033,0.0033
2908.9988363999996,101.0,101.0027,0.0027
2909.9988359999998,101.0,101.0017,0.0017
2910.9988355999994,101.0,101.0006,0.0006
2911.9988351999996,101.0,100.9998,-0.0
2912.9988347999997,101.0,100.9997,-0.0002
2913.9988344,101.0,100.9997,-0.0002
2914.9988339999995,101.0,100.9996,-0.0003
2915.9988335999997,101.0,100.9994,-0.0005
2916.9988332,101.0,100.9995,-0.0004
2917.9988327999995,101.0,101.0001,0.0001
2918.9988323999996,101.0,101.0011,0.0012
2919.9988319999998,101.0,101.002,0.002
2920.9988315999994,101.0,101.0027,0.0027
2921.9988311999996,101.0,101.0025,0.0025
2922.9988307999997,101.0,101.0021,0.0021
2923.9988303999994,101.0,101.0018,0.0018
2924.99883,101.0,101.0016,0.0016
2925.9988295999997,101.0,101.0013,0.0013
2926.9988291999994,101.0,101.0016,0.0016
2927.9988288,101.0,101.0016,0.0016
2928.9988283999996,101.0,101.001,0.001
2929.998828,101.0,101.0008,0.0008
2930.9988276,101.0,101.0008,0.0008
2931.9988271999996,101.0,101.0009,0.0009
2932.9988267999997,101.0,101.0011,0.0011
2933.9988264,101.0,101.001,0.001
2934.9988259999996,101.0,101.0008,0.0008
2935.9988255999997,101.0,101.0001,0.0001
2936.9988251999994,101.0,100.9993,-0.0006
2937.9988248,101.0,100.9994,-0.0005
2938.9988243999996,101.0,101.0004,0.0004
2939.9988239999993,101.0,101.0014,0.0014
2940.9988236,101.0,101.0016,0.0016
2941.9988231999996,101.0,101.0018,0.0019
2942.9988227999993,101.0,101.0021,0.0021
2943.9988224,101.0,101.0032,0.0032
2944.9988219999996,101.0,101.0039,0.0039
2945.9988215999997,101.0,101.0043,0.0043
2946.9988212,101.0,101.0041,0.0041
2947.9988207999995,101.0,101.0033,0.0033
2948.9988203999997,101.0,101.002,0.002
2949.99882,101.0,101.0014,0.0014
2950.9988195999995,101.0,101.0017,0.0017
2951.9988191999996,101.0,101.0024,0.0024
2952.9988187999998,101.0,101.0031,0.0031
2953.9988184,101.0,101.0029,0.0029
2954.9988179999996,101.0,101.0023,0.0023
2955.9988175999997,101.0,101.0015,0.0015
2956.9988172,101.0,101.0007,0.0007
2957.9988167999995,101.0,101.0,0.0
2958.9988163999997,101.0,100.9993,-0.0005
2959.998816,101.0,100.9989,-0.001
2960.9988155999995,101.0,100.9988,-0.0011
2961.9988152,101.0,100.9984,-0.0015
2962.9988147999998,101.0,100.9982,-0.0017
2963.9988143999994,101.0,100.9982,-0.0016
2964.998814,101.0,100.9987,-0.0012
2965.9988135999997,101.0,100.9992,-0.0007
2966.9988131999994,101.0,101.0,0.0
2967.9988127999995,101.0,101.0005,0.0005
2968.9988123999997,101.0,101.0006,0.0006
2969.998812,101.0,101.0009,0.0009
2970.9988115999995,101.0,101.0007,0.0007
2971.9988111999996,101.0,101.0006,0.0006
2972.9988108,101.0,100.9999,-0.0
2973.9988103999995,101.0,100.9996,-0.0003
2974.9988099999996,101.0,100.9992,-0.0007
2975.9988095999997,101.0,100.999,-0.0009
2976.9988091999994,101.0,100.9986,-0.0013
2977.9988088,101.0,100.9987,-0.0012
2978.9988083999997,101.0,100.9991,-0.0008
2979.9988079999994,101.0,100.9995,-0.0004
2980.9988076,101.0,100.9998,-0.0001
2981.9988071999996,101.0,101.0002,0.0002
2982.9988067999993,101.0,101.0005,0.0005
2983.9988064,101.0,101.0011,0.0011
2984.9988059999996,101.0,101.0017,0.0018
2985.9988055999997,101.0,101.0018,0.0019
2986.9988052,101.0,101.0014,0.0014
2987.9988047999996,101.0,101.0008,0.0008
2988.9988043999997,101.0,101.0004,0.0004
2989.998804,101.0,100.9998,-0.0001
2990.9988035999995,101.0,100.9993,-0.0006
2991.9988031999997,101.0,100.9992,-0.0007
2992.9988028,101.0,100.9999,-0.0
2993.9988024,101.0,101.0001,0.0001
2994.9988019999996,101.0,100.9997,-0.0002
2995.9988015999998,101.0,100.9995,-0.0004
2996.9988012,101.0,100.9995,-0.0004
2997.9988007999996,101.0,100.9998,-0.0001
2998.9988003999993,101.0,101.0,0.0
2999.9988,101.0,100.9997,-0.0001
3000.9987995999995,101.0,100.9999,-0.0
3001.9987991999997,101.0,101.0,0.0
3002.9987988,101.0,100.9996,-0.0002
3003.9987983999995,101.0,100.9999,-0.0
3004.9987979999996,101.0,101.0005,0.0005
3005.9987975999998,101.0,101.0013,0.0013
3006.9987971999994,101.0,101.0016,0.0016
3007.9987967999996,101.0,101.0018,0.0018
3008.9987963999997,101.0,101.0016,0.0016
3009.998796,101.0,101.0013,0.0013
3010.9987955999995,101.0,101.0004,0.0005
3011.9987951999997,101.0,101.0002,0.0002
3012.9987948,101.0,101.0006,0.0006
3013.9987943999995,101.0,101.0007,0.0008
3014.9987939999996,101.0,101.0002,0.0002
3015.9987935999998,101.0,100.9994,-0.0005
3016.9987931999995,101.0,100.9992,-0.0007
3017.9987928,101.0,100.9995,-0.0004
3018.9987923999997,101.0,101.0001,0.0001
3019.9987919999994,101.0,101.0006,0.0006
3020.9987916,101.0,101.0013,0.0013
3021.9987911999997,101.0,101.0023,0.0023
3022.9987907999994,101.0,101.003,0.003
3023.9987904,101.0,101.0035,0.0035
3024.9987899999996,101.0,101.0042,0.0042
3025.9987896,101.0,101.0042,0.0042
3026.9987891999995,101.0,101.004,0.004
3027.9987887999996,101.0,101.003,0.003
3028.9987883999997,101.0,101.0023,0.0023
3029.9987879999994,101.0,101.002,0.002
3030.9987875999996,101.0,101.0021,0.0021
3031.9987871999997,101.0,101.0018,0.0018
3032.9987867999994,101.0,101.0016,0.0016
3033.9987864,101.0,101.0013,0.0013
3034.9987859999997,101.0,101.0003,0.0004
3035.9987855999993,101.0,100.9995,-0.0003
3036.9987852,101.0,100.9985,-0.0014
3037.9987847999996,101.0,100.9984,-0.0014
3038.9987843999993,101.0,100.9982,-0.0017
3039.998784,101.0,100.9981,-0.0018
3040.9987835999996,101.0,100.9983,-0.0016
3041.9987831999997,101.0,100.9989,-0.001
3042.9987828,101.0,100.9993,-0.0006
3043.9987823999995,101.0,100.9995,-0.0004
3044.9987819999997,101.0,100.9997,-0.0002
3045.9987816,101.0,100.9998,-0.0
3046.9987811999995,101.0,101.0007,0.0007
3047.9987807999996,101.0,101.0015,0.0015
3048.9987803999998,101.0,101.0021,0.0021
3049.99878,101.0,101.0024,0.0024
3050.9987795999996,101.0,101.0026,0.0027
3051.9987791999997,101.0,101.0029,0.0029
3052.9987788,101.0,101.0029,0.0029
3053.9987783999995,101.0,101.0023,0.0023
3054.9987779999997,101.0,101.0008,0.0008
3055.9987776,101.0,100.9994,-0.0005
3056.9987771999995,101.0,100.9985,-0.0014
3057.9987767999996,101.0,100.9988,-0.0011
3058.9987763999998,101.0,100.9987,-0.0012
3059.9987759999995,101.0,100.9986,-0.0013
3060.9987755999996,101.0,100.9986,-0.0013
3061.9987751999997,101.0,100.9982,-0.0017
3062.9987747999994,101.0,100.9981,-0.0018
3063.9987743999995,101.0,100.9984,-0.0014
3064.9987739999997,101.0,100.9995,-0.0004
3065.9987736,101.0,101.0004,0.0004
3066.9987731999995,101.0,101.0009,0.0009
3067.9987727999996,101.0,101.0015,0.0015
3068.9987724,101.0,101.0026,0.0026
3069.9987719999995,101.0,101.0036,0.0037
3070.9987715999996,101.0,101.0042,0.0042
3071.9987711999997,101.0,101.0041,0.0041
3072.9987707999994,101.0,101.004,0.004
3073.9987704,101.0,101.0034,0.0034
3074.9987699999997,101.0,101.0025,0.0025
3075.9987695999994,101.0,101.0015,0.0015
3076.9987692,101.0,101.0006,0.0006
3077.9987687999997,101.0,100.9998,-0.0001
3078.9987683999993,101.0,100.999,-0.0009
3079.998768,101.0,100.9983,-0.0016
3080.9987675999996,101.0,100.9981,-0.0018
3081.9987671999997,101.0,100.9982,-0.0017
3082.9987668,101.0,100.998,-0.0019
3083.9987663999996,101.0,100.9986,-0.0013
3084.9987659999997,101.0,100.9994,-0.0005
3085.9987656,101.0,101.0,0.0
3086.9987651999995,101.0,100.9997,-0.0001
3087.9987647999997,101.0,100.9998,-0.0001
3088.9987643999993,101.0,101.0,0.0
3089.998764,101.0,101.0006,0.0006
3090.9987635999996,101.0,101.0006,0.0006
3091.9987631999993,101.0,101.0002,0.0003
3092.9987628,101.0,100.9998,-0.0001
3093.9987623999996,101.0,100.9991,-0.0008
3094.9987619999993,101.0,100.9984,-0.0015
3095.9987616,101.0,100.9982,-0.0017
3096.9987611999995,101.0,100.9985,-0.0014
3097.9987607999997,101.0,100.9991,-0.0008
3098.9987604,101.0,100.9992,-0.0007
3099.9987599999995,101.0,100.9989,-0.0009
3100.9987595999996,101.0,100.999,-0.0009
3101.9987591999998,101.0,100.999,-0.0009
3102.9987587999995,101.0,100.9989,-0.001
3103.9987583999996,101.0,100.9987,-0.0011
3104.9987579999997,101.0,100.9989,-0.0009
3105.9987576,101.0,100.9992,-0.0007
3106.9987571999995,101.0,100.9992,-0.0007
3107.9987567999997,101.0,100.999,-0.0009
3108.9987564,101.0,100.9987,-0.0012
3109.9987559999995,101.0,100.9987,-0.0012
3110.9987555999996,101.0,100.9987,-0.0012
3111.9987552,101.0,100.9987,-0.0011
3112.9987547999995,101.0,100.9989,-0.001
3113.9987544,101.0,100.9988,-0.0011
3114.9987539999997,101.0,100.9984,-0.0014
3115.9987535999994,101.0,100.9983,-0.0016
3116.9987532,101.0,100.9984,-0.0015
3117.9987527999997,101.0,100.9992,-0.0007
3118.9987523999994,101.0,100.9996,-0.0003
3119.9987519999995,101.0,100.9998,-0.0001
3120.9987515999997,101.0,100.9994,-0.0005
3121.9987512,101.0,100.9991,-0.0008
3122.9987507999995,101.0,100.999,-0.0009
3123.9987503999996,101.0,100.999,-0.0009
3124.9987499999997,101.0,100.9993,-0.0006
3125.9987495999994,101.0,100.9991,-0.0007
3126.9987491999996,101.0,100.9992,-0.0007
3127.9987487999997,101.0,100.9994,-0.0005
3128.9987483999994,101.0,100.9996,-0.0003
3129.998748,101.0,100.9999,-0.0
3130.9987475999997,101.0,100.9999,-0.0
3131.9987471999993,101.0,101.0002,0.0002
3132.9987468,101.0,101.0004,0.0004
3133.9987463999996,101.0,101.0,0.0
3134.9987459999993,101.0,100.9993,-0.0006
3135.9987456,101.0,100.9988,-0.0011
3136.9987451999996,101.0,100.999,-0.0009
3137.9987447999997,101.0,100.9993,-0.0006
3138.9987444,101.0,100.9994,-0.0005
3139.9987439999995,101.0,100.9992,-0.0007
3140.9987435999997,101.0,100.999,-0.0009
3141.9987432,101.0,100.9995,-0.0004
3142.9987427999995,101.0,100.9998,-0.0001
3143.9987423999996,101.0,101.0,0.0001
3144.9987419999998,101.0,101.0003,0.0003
3145.9987416,101.0,101.0003,0.0003
3146.9987411999996,101.0,101.0003,0.0004
3147.9987407999993,101.0,101.0004,0.0004
3148.9987404,101.0,101.0006,0.0007
3149.9987399999995,101.0,101.0007,0.0007
3150.998739599999,101.0,101.0011,0.0011
3151.9987392,101.0,101.0011,0.0012
3152.9987387999995,101.0,101.0016,0.0016
3153.9987383999996,101.0,101.0008,0.0009
3154.998738,101.0,100.9993,-0.0006
3155.9987375999995,101.0,100.998,-0.0018
3156.9987371999996,101.0,100.9976,-0.0023
3157.9987367999997,101.0,100.9974,-0.0025
3158.9987363999994,101.0,100.9968,-0.0031
3159.9987359999996,101.0,100.9965,-0.0034
3160.9987355999997,101.0,100.996,-0.0038
3161.9987352,101.0,100.9962,-0.0037
3162.9987347999995,101.0,100.9961,-0.0038
3163.9987343999996,101.0,100.9967,-0.0031
3164.998734,101.0,100.9978,-0.0021
3165.9987335999995,101.0,100.9987,-0.0012
3166.9987331999996,101.0,100.9997,-0.0002
3167.9987327999997,101.0,101.0002,0.0002
3168.9987323999994,101.0,101.0008,0.0008
3169.998732,101.0,101.0011,0.0011
3170.9987315999997,101.0,101.0011,0.0012
3171.9987311999994,101.0,101.0015,0.0015
3172.9987308,101.0,101.0016,0.0016
3173.9987303999997,101.0,101.0012,0.0012
3174.9987299999993,101.0,101.0,0.0
3175.9987296,101.0,100.9993,-0.0006
3176.9987291999996,101.0,100.9988,-0.001
3177.9987287999998,101.0,100.9988,-0.0011
3178.9987283999994,101.0,100.998,-0.0018
3179.9987279999996,101.0,100.9977,-0.0022
3180.9987275999997,101.0,100.9977,-0.0022
3181.9987271999994,101.0,100.9977,-0.0022
3182.9987267999995,101.0,100.9975,-0.0024
3183.9987263999997,101.0,100.9977,-0.0022
3184.9987259999994,101.0,100.9982,-0.0017
3185.9987256,101.0,100.9987,-0.0011
3186.9987251999996,101.0,100.9986,-0.0012
3187.9987247999993,101.0,100.9986,-0.0013
3188.9987244,101.0,100.9994,-0.0005
3189.9987239999996,101.0,101.0004,0.0004
3190.9987235999993,101.0,101.0013,0.0013
3191.9987232,101.0,101.0021,0.0021
3192.9987227999995,101.0,101.0029,0.0029
3193.9987223999997,101.0,101.0033,0.0033
3194.998722,101.0,101.0034,0.0034
3195.9987215999995,101.0,101.0028,0.0028
3196.9987211999996,101.0,101.0023,0.0023
3197.9987208,101.0,101.0013,0.0013
3198.9987203999995,101.0,101.0005,0.0005
3199.9987199999996,101.0,101.0,0.0
3200.9987195999997,101.0,100.9995,-0.0004
3201.9987192,101.0,100.999,-0.0009
3202.9987187999996,101.0,100.9985,-0.0014
3203.9987183999997,101.0,100.9984,-0.0015
3204.998718,101.0,100.9981,-0.0018
3205.9987175999995,101.0,100.9981,-0.0018
3206.9987171999996,101.0,100.9976,-0.0023
3207.9987168,101.0,100.9973,-0.0026
3208.9987163999995,101.0,100.9973,-0.0026
3209.9987159999996,101.0,100.9976,-0.0023
3210.9987155999997,101.0,100.9981,-0.0018
3211.9987151999994,101.0,100.9986,-0.0013
3212.9987147999996,101.0,100.9991,-0.0008
3213.9987143999997,101.0,100.9989,-0.001
3214.9987139999994,101.0,100.9987,-0.0011
3215.9987135999995,101.0,100.9988,-0.0011
3216.9987131999997,101.0,100.9993,-0.0006
3217.9987128,101.0,101.0003,0.0003
3218.9987123999995,101.0,101.0002,0.0002
3219.9987119999996,101.0,101.0001,0.0001
3220.9987115999998,101.0,101.0002,0.0002
3221.9987111999994,101.0,101.0003,0.0004
3222.9987107999996,101.0,101.0005,0.0006
3223.9987103999997,101.0,101.0008,0.0008
3224.9987099999994,101.0,101.0013,0.0013
3225.9987096,101.0,101.0015,0.0015
3226.9987091999997,101.0,101.0011,0.0012
3227.9987087999993,101.0,101.0007,0.0007
3228.9987084,101.0,101.0006,0.0006
3229.9987079999996,101.0,101.0005,0.0005
3230.9987075999993,101.0,101.0005,0.0005
3231.9987072,101.0,101.0006,0.0007
3232.9987067999996,101.0,101.0009,0.0009
3233.9987063999997,101.0,101.0008,0.0009
3234.998706,101.0,101.0001,0.0001
3235.9987055999995,101.0,100.9999,-0.0
3236.9987051999997,101.0,101.0001,0.0001
3237.9987047999994,101.0,101.0003,0.0003
3238.9987043999995,101.0,100.9995,-0.0004
3239.9987039999996,101.0,100.9984,-0.0015
3240.9987035999993,101.0,100.998,-0.0019
3241.9987032,101.0,100.9982,-0.0017
3242.9987027999996,101.0,100.9984,-0.0015
3243.9987023999993,101.0,100.9991,-0.0008
3244.998702,101.0,100.9996,-0.0003
3245.9987015999995,101.0,101.0006,0.0006
3246.9987011999992,101.0,101.001,0.001
3247.9987008,101.0,101.0014,0.0014
3248.9987003999995,101.0,101.0013,0.0013
3249.9986999999996,101.0,101.0016,0.0016
3250.9986996,101.0,101.0019,0.0019
3251.9986991999995,101.0,101.0028,0.0029
3252.9986987999996,101.0,101.0033,0.0033
3253.9986983999997,101.0,101.0028,0.0028
3254.9986979999994,101.0,101.0017,0.0017
3255.9986975999996,101.0,101.0003,0.0003
3256.9986971999997,101.0,100.9994,-0.0005
3257.9986968,101.0,100.9993,-0.0006
3258.9986963999995,101.0,100.9992,-0.0006
3259.9986959999997,101.0,100.999,-0.0009
3260.9986956,101.0,100.9986,-0.0013
3261.9986951999995,101.0,100.9979,-0.002
3262.9986947999996,101.0,100.9978,-0.002
3263.9986943999997,101.0,100.9985,-0.0014
3264.9986939999994,101.0,100.9989,-0.001
3265.9986936,101.0,100.9995,-0.0004
3266.9986931999997,101.0,100.9994,-0.0005
3267.9986927999994,101.0,100.9999,-0.0
3268.9986923999995,101.0,101.0005,0.0005
3269.9986919999997,101.0,101.0013,0.0013
3270.9986915999993,101.0,101.0017,0.0017
3271.9986911999995,101.0,101.0023,0.0024
3272.9986907999996,101.0,101.0027,0.0027
3273.9986903999998,101.0,101.0026,0.0027
3274.9986899999994,101.0,101.0025,0.0025
3275.9986895999996,101.0,101.0026,0.0026
3276.9986891999997,101.0,101.0026,0.0026
3277.9986887999994,101.0,101.002,0.002
3278.9986883999995,101.0,101.0014,0.0014
3279.9986879999997,101.0,101.0007,0.0007
3280.9986875999994,101.0,101.0004,0.0004
3281.9986872,101.0,101.0,0.0001
3282.9986867999996,101.0,101.0001,0.0001
3283.9986863999993,101.0,101.0002,0.0003
3284.998686,101.0,101.0001,0.0001
3285.9986855999996,101.0,100.9995,-0.0004
3286.9986851999993,101.0,100.9991,-0.0008
3287.9986848,101.0,100.9991,-0.0008
3288.9986843999995,101.0,100.9989,-0.0009
3289.9986839999997,101.0,100.999,-0.0009
3290.9986836,101.0,100.9992,-0.0007
3291.9986831999995,101.0,101.0001,0.0001
3292.9986827999996,101.0,101.001,0.001
3293.9986824,101.0,101.0015,0.0015
3294.9986819999995,101.0,101.0017,0.0017
3295.9986815999996,101.0,101.002,0.002
3296.9986811999997,101.0,101.0024,0.0024
3297.9986808,101.0,101.0029,0.0029
3298.9986803999996,101.0,101.003,0.003
3299.9986799999992,101.0,101.0028,0.0028
3300.9986796,101.0,101.0021,0.0021
3301.9986791999995,101.0,101.0015,0.0015
3302.998678799999,101.0,101.0009,0.0009
3303.9986784,101.0,101.0011,0.0011
3304.9986779999995,101.0,101.001,0.001
3305.9986775999996,101.0,101.0007,0.0007
3306.9986771999997,101.0,101.0004,0.0005
3307.9986767999994,101.0,101.0,0.0001
3308.9986763999996,101.0,101.0003,0.0003
3309.9986759999997,101.0,101.001,0.001
3310.9986755999994,101.0,101.0015,0.0015
3311.9986751999995,101.0,101.0023,0.0023
3312.9986747999997,101.0,101.0021,0.0021
3313.9986744,101.0,101.0016,0.0016
3314.9986739999995,101.0,101.0011,0.0011
3315.9986735999996,101.0,101.001,0.001
3316.9986731999998,101.0,101.0014,0.0014
3317.9986727999994,101.0,101.0014,0.0014
3318.9986723999996,101.0,101.0016,0.0016
3319.9986719999997,101.0,101.0013,0.0014
3320.9986715999994,101.0,101.0012,0.0012
3321.9986712,101.0,101.0011,0.0011
3322.9986707999997,101.0,101.0012,0.0012
3323.9986703999994,101.0,101.0016,0.0016
3324.99867,101.0,101.0015,0.0015
3325.9986695999996,101.0,101.001,0.001
3326.9986691999993,101.0,101.0002,0.0002
3327.9986687999995,101.0,100.9998,-0.0
3328.9986683999996,101.0,100.9998,-0.0001
3329.9986679999997,101.0,101.0005,0.0005
3330.9986675999994,101.0,101.0007,0.0007
3331.9986671999995,101.0,101.0012,0.0012
3332.9986667999997,101.0,101.0014,0.0014
3333.9986663999994,101.0,101.0014,0.0014
3334.9986659999995,101.0,101.0013,0.0013
3335.9986655999996,101.0,101.001,0.001
3336.9986651999993,101.0,101.0008,0.0008
3337.9986648,101.0,101.0008,0.0008
3338.9986643999996,101.0,101.0007,0.0008
3339.9986639999993,101.0,101.0008,0.0008
3340.9986636,101.0,101.0011,0.0011
3341.9986631999996,101.0,101.001,0.001
3342.9986627999997,101.0,101.0011,0.0011
3343.9986624,101.0,101.001,0.001
3344.9986619999995,101.0,101.0009,0.0009
3345.9986615999997,101.0,101.0001,0.0001
3346.9986612,101.0,100.9993,-0.0006
3347.9986607999995,101.0,100.9993,-0.0006
3348.9986603999996,101.0,101.0,0.0
3349.9986599999997,101.0,101.0003,0.0003
3350.9986595999994,101.0,101.0006,0.0006
3351.9986591999996,101.0,101.0016,0.0016
3352.9986587999997,101.0,101.0026,0.0026
3353.9986584,101.0,101.0028,0.0028
3354.9986579999995,101.0,101.0023,0.0023
3355.9986575999997,101.0,101.0017,0.0017
3356.9986572,101.0,101.002,0.002
3357.9986567999995,101.0,101.0023,0.0023
3358.9986563999996,101.0,101.002,0.002
3359.9986559999998,101.0,101.0015,0.0015
3360.9986555999994,101.0,101.001,0.001
3361.9986551999996,101.0,101.0005,0.0005
3362.9986547999997,101.0,101.0,0.0
3363.9986543999994,101.0,100.9997,-0.0002
3364.9986539999995,101.0,100.9993,-0.0006
3365.9986535999997,101.0,100.9989,-0.001
3366.9986531999994,101.0,100.9983,-0.0016
3367.9986527999995,101.0,100.998,-0.0019
3368.9986523999996,101.0,100.9981,-0.0018
3369.9986519999998,101.0,100.9985,-0.0014
3370.9986515999994,101.0,100.999,-0.0009
3371.9986511999996,101.0,100.9997,-0.0002
3372.9986507999997,101.0,101.0004,0.0004
3373.9986503999994,101.0,101.0002,0.0002
3374.9986499999995,101.0,101.0003,0.0003
3375.9986495999997,101.0,101.0002,0.0002
3376.9986491999994,101.0,101.0011,0.0011
3377.9986488,101.0,101.0018,0.0018
3378.9986483999996,101.0,101.002,0.0021
3379.9986479999993,101.0,101.0022,0.0022
3380.9986476,101.0,101.002,0.002
3381.9986471999996,101.0,101.0013,0.0013
3382.9986467999997,101.0,101.0004,0.0004
3383.9986464,101.0,101.0002,0.0002
3384.9986459999996,101.0,101.0002,0.0002
3385.9986455999997,101.0,100.9998,-0.0001
3386.9986452,101.0,100.9991,-0.0007
3387.9986447999995,101.0,100.9986,-0.0013
3388.9986443999996,101.0,100.9991,-0.0007
3389.9986439999993,101.0,100.9992,-0.0007
3390.9986436,101.0,101.0,0.0
3391.9986431999996,101.0,101.0007,0.0007
3392.9986427999993,101.0,101.0014,0.0014
3393.9986424,101.0,101.0011,0.0011
3394.9986419999996,101.0,101.0008,0.0008
3395.9986415999992,101.0,101.0004,0.0004
3396.9986412,101.0,101.0006,0.0006
3397.9986407999995,101.0,101.0007,0.0007
3398.9986403999997,101.0,101.0013,0.0013
3399.99864,101.0,101.0018,0.0018
3400.9986395999995,101.0,101.0016,0.0017
3401.9986391999996,101.0,101.001,0.001
3402.9986387999998,101.0,101.0006,0.0006
3403.9986383999994,101.0,101.0007,0.0008
3404.9986379999996,101.0,101.0007,0.0007
3405.9986375999997,101.0,101.0002,0.0002
3406.9986372,101.0,100.9993,-0.0006
3407.9986367999995,101.0,100.999,-0.0009
3408.9986363999997,101.0,100.9987,-0.0012
3409.998636,101.0,100.9985,-0.0014
3410.9986355999995,101.0,100.9986,-0.0013
3411.9986351999996,101.0,100.9994,-0.0005
3412.9986347999998,101.0,101.0002,0.0002
3413.9986343999994,101.0,101.0003,0.0003
3414.9986339999996,101.0,100.9995,-0.0004
3415.9986335999997,101.0,100.9993,-0.0006
3416.9986331999994,101.0,100.9996,-0.0002
3417.9986328,101.0,101.0002,0.0002
3418.9986323999997,101.0,101.0003,0.0003
3419.9986319999994,101.0,101.0002,0.0002
3420.9986315999995,101.0,100.9994,-0.0005
3421.9986311999996,101.0,100.999,-0.0009
3422.9986308,101.0,100.9985,-0.0014
3423.9986303999995,101.0,100.9985,-0.0014
3424.9986299999996,101.0,100.9989,-0.001
3425.9986295999997,101.0,100.9995,-0.0004
3426.9986291999994,101.0,100.9995,-0.0004
3427.9986287999996,101.0,100.9991,-0.0008
3428.9986283999997,101.0,100.9985,-0.0014
3429.9986279999994,101.0,100.9985,-0.0014
3430.9986276,101.0,100.9994,-0.0005
3431.9986271999996,101.0,101.0007,0.0007
3432.9986267999993,101.0,101.0013,0.0013
3433.9986264,101.0,101.0014,0.0015
3434.9986259999996,101.0,101.0012,0.0012
3435.9986255999993,101.0,101.0014,0.0014
3436.9986252,101.0,101.0017,0.0017
3437.9986247999996,101.0,101.0022,0.0022
3438.9986243999997,101.0,101.0019,0.0019
3439.998624,101.0,101.0017,0.0017
3440.9986235999995,101.0,101.0013,0.0014
3441.9986231999997,101.0,101.0011,0.0011
3442.9986228,101.0,101.0007,0.0007
3443.9986223999995,101.0,101.0001,0.0001
3444.9986219999996,101.0,100.9998,-0.0001
3445.9986215999998,101.0,100.9992,-0.0007
3446.9986212,101.0,100.9989,-0.0009
3447.9986207999996,101.0,100.9987,-0.0012
3448.9986203999993,101.0,100.9989,-0.001
3449.99862,101.0,100.9993,-0.0006
3450.9986195999995,101.0,100.9997,-0.0002
3451.998619199999,101.0,100.9999,-0.0
3452.9986188,101.0,101.0002,0.0002
3453.9986183999995,101.0,101.0001,0.0001
3454.9986179999996,101.0,100.9999,-0.0
3455.9986175999998,101.0,101.0,0.0
3456.9986171999994,101.0,101.0004,0.0004
3457.9986167999996,101.0,101.0009,0.0009
3458.9986163999997,101.0,101.0016,0.0017
3459.9986159999994,101.0,101.0018,0.0018
3460.9986155999995,101.0,101.0018,0.0018
3461.9986151999997,101.0,101.0013,0.0014
3462.9986148,101.0,101.001,0.001
3463.9986143999995,101.0,101.001,0.001
3464.9986139999996,101.0,101.0007,0.0007
3465.9986135999998,101.0,101.0,0.0
3466.9986131999995,101.0,100.9993,-0.0006
3467.9986127999996,101.0,100.9988,-0.001
3468.9986123999997,101.0,100.9989,-0.001
3469.9986119999994,101.0,100.9986,-0.0013
3470.9986116,101.0,100.9989,-0.001
3471.9986111999997,101.0,100.9994,-0.0005
3472.9986107999994,101.0,100.9996,-0.0003
3473.9986104,101.0,100.9996,-0.0003
3474.9986099999996,101.0,100.9997,-0.0002
3475.9986095999993,101.0,101.0008,0.0008
3476.9986092,101.0,101.0022,0.0022
3477.9986087999996,101.0,101.0024,0.0024
3478.9986083999997,101.0,101.0022,0.0022
3479.9986079999994,101.0,101.0023,0.0023
3480.9986075999996,101.0,101.0028,0.0028
3481.9986071999997,101.0,101.0028,0.0028
3482.9986067999994,101.0,101.0027,0.0027
3483.9986063999995,101.0,101.0024,0.0024
3484.9986059999997,101.0,101.002,0.002
3485.9986055999993,101.0,101.0008,0.0009
3486.9986052,101.0,100.9992,-0.0007
3487.9986047999996,101.0,100.9984,-0.0015
3488.9986043999993,101.0,100.9982,-0.0016
3489.998604,101.0,100.9984,-0.0015
3490.9986035999996,101.0,100.9986,-0.0013
3491.9986031999993,101.0,100.9987,-0.0012
3492.9986028,101.0,100.9989,-0.001
3493.9986023999995,101.0,100.999,-0.0009
3494.9986019999997,101.0,100.9991,-0.0007
3495.9986016,101.0,101.0,0.0
3496.9986011999995,101.0,101.0011,0.0012
3497.9986007999996,101.0,101.0016,0.0017
3498.9986003999998,101.0,101.0016,0.0016
3499.9985999999994,101.0,101.0013,0.0013
3500.9985995999996,101.0,101.001,0.001
3501.9985991999997,101.0,101.001,0.001
3502.9985988,101.0,101.0009,0.0009
3503.9985983999995,101.0,101.0011,0.0011
3504.9985979999997,101.0,101.0005,0.0005
3505.9985976,101.0,101.0003,0.0003
3506.9985971999995,101.0,100.9998,-0.0001
3507.9985967999996,101.0,100.9999,-0.0
3508.9985963999998,101.0,101.0,0.0
3509.9985959999995,101.0,101.0003,0.0004
3510.9985955999996,101.0,101.0006,0.0006
3511.9985951999997,101.0,101.0007,0.0007
3512.9985947999994,101.0,101.0005,0.0006
3513.9985943999995,101.0,101.0003,0.0003
3514.9985939999997,101.0,101.0004,0.0004
3515.9985935999994,101.0,101.0005,0.0005
3516.9985931999995,101.0,101.0012,0.0012
3517.9985927999996,101.0,101.002,0.002
3518.9985924,101.0,101.0028,0.0028
3519.9985919999995,101.0,101.0035,0.0035
3520.9985915999996,101.0,101.0034,0.0034
3521.9985911999997,101.0,101.0032,0.0032
3522.9985907999994,101.0,101.003,0.003
3523.9985903999996,101.0,101.0025,0.0026
3524.9985899999997,101.0,101.0018,0.0018
3525.9985895999994,101.0,101.0004,0.0004
3526.9985892,101.0,100.9999,-0.0
3527.9985887999997,101.0,100.9993,-0.0006
3528.9985883999993,101.0,100.999,-0.0009
3529.998588,101.0,100.9988,-0.0011
3530.9985875999996,101.0,100.9991,-0.0008
3531.9985871999993,101.0,100.9996,-0.0002
3532.9985868,101.0,100.9998,-0.0001
3533.9985863999996,101.0,100.9996,-0.0003
3534.9985859999997,101.0,100.9994,-0.0005
3535.9985856,101.0,100.9997,-0.0002
3536.9985851999995,101.0,101.0007,0.0007
3537.9985847999997,101.0,101.0013,0.0013
3538.9985843999993,101.0,101.0015,0.0015
3539.9985839999995,101.0,101.0014,0.0014
3540.9985835999996,101.0,101.0016,0.0016
3541.9985831999993,101.0,101.0018,0.0018
3542.9985828,101.0,101.0019,0.0019
3543.9985823999996,101.0,101.0014,0.0014
3544.9985819999993,101.0,101.0007,0.0007
3545.9985816,101.0,100.9996,-0.0003
3546.9985811999995,101.0,100.999,-0.0009
3547.998580799999,101.0,100.9984,-0.0015
3548.9985804,101.0,100.9984,-0.0015
3549.9985799999995,101.0,100.9978,-0.0021
3550.9985795999996,101.0,100.9982,-0.0017
3551.9985791999998,101.0,100.9988,-0.0011
3552.9985787999994,101.0,100.9993,-0.0006
3553.9985783999996,101.0,100.9993,-0.0006
3554.9985779999997,101.0,100.9994,-0.0005
3555.9985775999994,101.0,101.0003,0.0003
3556.9985771999995,101.0,101.0012,0.0012
3557.9985767999997,101.0,101.0014,0.0014
3558.9985764,101.0,101.0014,0.0014
3559.9985759999995,101.0,101.0017,0.0017
3560.9985755999996,101.0,101.0019,0.0019
3561.9985752,101.0,101.0022,0.0022
3562.9985747999995,101.0,101.0022,0.0022
3563.9985743999996,101.0,101.002,0.002
3564.9985739999997,101.0,101.0015,0.0015
3565.9985735999994,101.0,101.0008,0.0008
3566.9985732,101.0,101.0003,0.0003
3567.9985727999997,101.0,101.0003,0.0004
3568.9985723999994,101.0,101.0002,0.0002
3569.9985719999995,101.0,100.9995,-0.0004
3570.9985715999997,101.0,100.9986,-0.0013
3571.9985711999993,101.0,100.9981,-0.0018
3572.9985707999995,101.0,100.9984,-0.0015
3573.9985703999996,101.0,100.9982,-0.0017
3574.9985699999997,101.0,100.9985,-0.0014
3575.9985695999994,101.0,100.9991,-0.0008
3576.9985691999996,101.0,100.9999,-0.0
3577.9985687999997,101.0,101.0002,0.0002
3578.9985683999994,101.0,101.0005,0.0005
3579.9985679999995,101.0,101.0008,0.0009
3580.9985675999997,101.0,101.0013,0.0013
3581.9985671999993,101.0,101.0018,0.0018
3582.9985668,101.0,101.0023,0.0023
3583.9985663999996,101.0,101.0025,0.0025
3584.9985659999993,101.0,101.0022,0.0022
3585.9985656,101.0,101.0015,0.0015
3586.9985651999996,101.0,101.0009,0.0009
3587.9985647999993,101.0,101.0008,0.0008
3588.9985644,101.0,101.0002,0.0002
3589.9985639999995,101.0,100.9997,-0.0002
3590.9985635999997,101.0,100.9996,-0.0003
3591.9985632,101.0,100.9998,-0.0001
3592.9985627999995,101.0,100.9999,-0.0
3593.9985623999996,101.0,100.9994,-0.0005
3594.9985619999998,101.0,100.9995,-0.0004
3595.9985615999994,101.0,101.0004,0.0004
3596.9985611999996,101.0,101.0011,0.0011
3597.9985607999997,101.0,101.0013,0.0014
3598.9985604,101.0,101.0013,0.0013
3599.9985599999995,101.0,101.0015,0.0015
3600.998559599999,101.0,101.0013,0.0013
3601.9985592,101.0,101.001,0.001
3602.9985587999995,101.0,101.001,0.001
3603.998558399999,101.0,101.0012,0.0012
3604.998558,101.0,101.0012,0.0012
3605.9985575999995,101.0,101.0008,0.0008
3606.9985571999996,101.0,101.0009,0.0009
3607.9985567999997,101.0,101.001,0.001
3608.9985563999994,101.0,101.0008,0.0008
3609.9985559999996,101.0,101.0003,0.0003
3610.9985555999997,101.0,101.0003,0.0003
3611.9985551999994,101.0,101.0005,0.0006
3612.9985547999995,101.0,101.0009,0.0009
3613.9985543999996,101.0,101.0011,0.0011
3614.998554,101.0,101.0013,0.0013
3615.9985535999995,101.0,101.0014,0.0014
3616.9985531999996,101.0,101.0016,0.0016
3617.9985527999997,101.0,101.0017,0.0017
3618.9985523999994,101.0,101.0018,0.0018
3619.9985519999996,101.0,101.0019,0.0019
3620.9985515999997,101.0,101.0021,0.0021
3621.9985511999994,101.0,101.002,0.002
3622.9985508,101.0,101.0022,0.0022
3623.9985503999997,101.0,101.0018,0.0018
3624.9985499999993,101.0,101.0013,0.0013
3625.9985496,101.0,101.0008,0.0009
3626.9985491999996,101.0,101.0004,0.0004
3627.9985487999993,101.0,101.0002,0.0002
3628.9985484,101.0,101.0,0.0
3629.9985479999996,101.0,100.9997,-0.0002
3630.9985475999997,101.0,100.9995,-0.0004
3631.9985471999994,101.0,100.999,-0.0009
3632.9985467999995,101.0,100.999,-0.0009
3633.9985463999997,101.0,100.9991,-0.0008
3634.9985459999994,101.0,100.9995,-0.0004
3635.9985455999995,101.0,101.0,0.0
3636.9985451999996,101.0,101.0003,0.0003
3637.9985447999993,101.0,101.0011,0.0011
3638.9985444,101.0,101.0017,0.0018
3639.9985439999996,101.0,101.0026,0.0026
3640.9985435999993,101.0,101.0029,0.0029
3641.9985432,101.0,101.0029,0.0029
3642.9985427999995,101.0,101.003,0.003
3643.998542399999,101.0,101.0027,0.0028
3644.998542,101.0,101.0024,0.0024
3645.9985415999995,101.0,101.0018,0.0018
3646.9985411999996,101.0,101.001,0.001
3647.9985408,101.0,101.0002,0.0002
3648.9985403999995,101.0,100.9996,-0.0003
3649.9985399999996,101.0,100.9988,-0.0011
3650.9985395999997,101.0,100.9986,-0.0013
3651.9985391999994,101.0,100.998,-0.0018
3652.9985387999996,101.0,100.9973,-0.0026
3653.9985383999997,101.0,100.9969,-0.003
3654.998538,101.0,100.9971,-0.0028
3655.9985375999995,101.0,100.9977,-0.0022
3656.9985371999996,101.0,100.9987,-0.0012
3657.9985368,101.0,101.0,0.0001
3658.9985363999995,101.0,101.0013,0.0013
3659.998535999999,101.0,101.0017,0.0017
3660.9985355999997,101.0,101.0025,0.0025
3661.9985351999994,101.0,101.0031,0.0031
3662.9985347999996,101.0,101.0036,0.0036
3663.9985343999997,101.0,101.0031,0.0031
3664.9985339999994,101.0,101.0022,0.0022
3665.9985335999995,101.0,101.0014,0.0014
3666.9985331999997,101.0,101.0005,0.0005
3667.9985327999993,101.0,101.0001,0.0001
3668.9985323999995,101.0,100.9997,-0.0002
3669.9985319999996,101.0,100.9996,-0.0003
3670.9985315999998,101.0,101.0,0.0
3671.9985311999994,101.0,101.0003,0.0003
3672.9985307999996,101.0,100.9997,-0.0002
3673.9985303999997,101.0,100.999,-0.0009
3674.9985299999994,101.0,100.9989,-0.001
3675.9985295999995,101.0,100.9994,-0.0005
3676.9985291999997,101.0,101.0002,0.0002
3677.9985287999993,101.0,101.0002,0.0002
3678.9985284,101.0,101.0004,0.0004
3679.9985279999996,101.0,101.0005,0.0005
3680.9985275999993,101.0,101.0006,0.0006
3681.9985272,101.0,101.0013,0.0013
3682.9985267999996,101.0,101.0019,0.0019
3683.9985263999993,101.0,101.0027,0.0028
3684.998526,101.0,101.0028,0.0028
3685.9985255999995,101.0,101.0028,0.0028
3686.9985251999997,101.0,101.0027,0.0028
3687.9985248,101.0,101.0028,0.0028
3688.9985243999995,101.0,101.0028,0.0029
3689.9985239999996,101.0,101.0025,0.0025
3690.9985235999993,101.0,101.002,0.002
3691.9985231999995,101.0,101.0014,0.0014
3692.9985227999996,101.0,101.0005,0.0005
3693.9985223999993,101.0,100.9995,-0.0004
3694.998522,101.0,100.9993,-0.0006
3695.9985215999995,101.0,100.9989,-0.001
3696.9985211999992,101.0,100.9984,-0.0015
3697.9985208,101.0,100.9979,-0.0019
3698.9985203999995,101.0,100.9981,-0.0018
3699.998519999999,101.0,100.9987,-0.0012
3700.9985196,101.0,100.9992,-0.0007
3701.9985191999995,101.0,100.9995,-0.0004
3702.9985187999996,101.0,101.0,0.0001
3703.9985183999997,101.0,101.0007,0.0007
3704.9985179999994,101.0,101.0011,0.0011
3705.9985175999996,101.0,101.0009,0.0009
3706.9985171999997,101.0,101.0005,0.0006
3707.9985167999994,101.0,101.0004,0.0004
3708.9985163999995,101.0,101.0,0.0
3709.9985159999997,101.0,101.0002,0.0002
3710.9985156,101.0,101.0008,0.0008
3711.9985151999995,101.0,101.0007,0.0007
3712.9985147999996,101.0,101.0003,0.0003
3713.9985143999997,101.0,101.0003,0.0003
3714.9985139999994,101.0,101.0007,0.0007
3715.9985135999996,101.0,101.0015,0.0015
3716.9985131999997,101.0,101.0017,0.0017
3717.9985127999994,101.0,101.0016,0.0016
3718.9985124,101.0,101.0014,0.0014
3719.9985119999997,101.0,101.0016,0.0017
3720.9985115999993,101.0,101.0016,0.0016
3721.9985111999995,101.0,101.0018,0.0018
3722.9985107999996,101.0,101.0017,0.0017
3723.9985103999993,101.0,101.0014,0.0014
3724.9985099999994,101.0,101.0011,0.0011
3725.9985095999996,101.0,101.001,0.001
3726.9985091999997,101.0,101.0011,0.0011
3727.9985087999994,101.0,101.0006,0.0006
3728.9985083999995,101.0,100.9999,0.0
3729.9985079999997,101.0,100.9993,-0.0006
3730.9985075999994,101.0,100.9993,-0.0006
3731.9985071999995,101.0,100.999,-0.0009
3732.9985067999996,101.0,100.9988,-0.001
3733.9985063999993,101.0,100.9983,-0.0016
3734.998506,101.0,100.9987,-0.0012
3735.9985055999996,101.0,100.9994,-0.0005
3736.9985051999993,101.0,101.0009,0.0009
3737.9985048,101.0,101.0017,0.0017
3738.9985043999995,101.0,101.0021,0.0021
3739.9985039999992,101.0,101.0024,0.0024
3740.9985036,101.0,101.003,0.003
3741.9985031999995,101.0,101.0034,0.0034
3742.9985027999996,101.0,101.0036,0.0037
3743.9985024,101.0,101.0032,0.0032
3744.9985019999995,101.0,101.0027,0.0027
3745.9985015999996,101.0,101.0016,0.0016
3746.9985011999997,101.0,101.0011,0.0011
3747.9985007999994,101.0,101.0002,0.0002
3748.9985003999996,101.0,101.0001,0.0001
3749.9984999999992,101.0,100.9999,-0.0
3750.9984996,101.0,101.0001,0.0001
3751.9984991999995,101.0,101.0,0.0
3752.998498799999,101.0,100.9998,-0.0001
3753.9984984,101.0,100.9991,-0.0008
3754.9984979999995,101.0,100.9984,-0.0015
3755.998497599999,101.0,100.9985,-0.0014
3756.9984971999997,101.0,100.9986,-0.0013
3757.9984967999994,101.0,100.9989,-0.0009
3758.9984963999996,101.0,100.9996,-0.0002
3759.9984959999997,101.0,101.0004,0.0004
3760.9984955999994,101.0,101.0011,0.0011
3761.9984951999995,101.0,101.0018,0.0018
3762.9984947999997,101.0,101.0025,0.0025
3763.9984943999993,101.0,101.003,0.003
3764.9984939999995,101.0,101.003,0.003
3765.9984935999996,101.0,101.0023,0.0023
3766.9984931999998,101.0,101.0018,0.0018
3767.9984927999994,101.0,101.0017,0.0017
3768.9984923999996,101.0,101.0019,0.0019
3769.9984919999997,101.0,101.0017,0.0017
3770.9984915999994,101.0,101.0017,0.0017
3771.9984911999995,101.0,101.001,0.001
3772.9984907999997,101.0,101.0005,0.0005
3773.9984903999994,101.0,100.9998,-0.0001
3774.99849,101.0,100.9992,-0.0007
3775.9984895999996,101.0,100.9992,-0.0007
3776.9984891999993,101.0,100.9991,-0.0008
3777.9984888,101.0,100.9991,-0.0008
3778.9984883999996,101.0,100.9992,-0.0007
3779.9984879999993,101.0,100.9998,-0.0001
3780.9984875999994,101.0,101.0001,0.0001
3781.9984871999995,101.0,101.0007,0.0007
3782.9984867999997,101.0,101.0014,0.0014
3783.9984863999994,101.0,101.0022,0.0022
3784.9984859999995,101.0,101.0024,0.0024
3785.9984855999996,101.0,101.0028,0.0028
3786.9984851999993,101.0,101.003,0.003
3787.9984847999995,101.0,101.0032,0.0032
3788.9984843999996,101.0,101.0025,0.0025
3789.9984839999993,101.0,101.0018,0.0018
3790.9984836,101.0,101.0015,0.0015
3791.9984831999996,101.0,101.0014,0.0014
3792.9984827999992,101.0,101.0006,0.0006
3793.9984824,101.0,100.9997,-0.0002
3794.9984819999995,101.0,100.9994,-0.0005
3795.998481599999,101.0,100.9999,-0.0
3796.9984812,101.0,100.9999,-0.0
3797.9984807999995,101.0,100.9992,-0.0007
3798.9984803999996,101.0,100.9991,-0.0008
3799.9984799999997,101.0,100.9996,-0.0003
3800.9984795999994,101.0,101.0006,0.0006
3801.9984791999996,101.0,101.0013,0.0014
3802.9984787999997,101.0,101.0019,0.0019
3803.9984783999994,101.0,101.0021,0.0021
3804.9984779999995,101.0,101.0016,0.0016
3805.9984775999997,101.0,101.0013,0.0013
3806.9984772,101.0,101.0012,0.0012
3807.9984767999995,101.0,101.0016,0.0017
3808.9984763999996,101.0,101.0013,0.0014
3809.9984759999998,101.0,101.0011,0.0012
3810.9984755999994,101.0,101.0007,0.0007
3811.998475199999,101.0,101.0002,0.0002
3812.9984747999997,101.0,100.9992,-0.0007
3813.9984743999994,101.0,100.9982,-0.0017
3814.9984739999995,101.0,100.9973,-0.0026
3815.9984735999997,101.0,100.9973,-0.0026
3816.9984731999994,101.0,100.9978,-0.0021
3817.9984727999995,101.0,100.9985,-0.0014
3818.9984723999996,101.0,100.9989,-0.001
3819.9984719999993,101.0,100.9992,-0.0007
3820.9984715999994,101.0,100.9998,-0.0001
3821.9984711999996,101.0,101.0008,0.0008
3822.9984707999997,101.0,101.0016,0.0016
3823.9984703999994,101.0,101.002,0.002
3824.9984699999995,101.0,101.0022,0.0022
3825.9984695999997,101.0,101.0024,0.0024
3826.9984691999994,101.0,101.003,0.003
3827.9984687999995,101.0,101.0031,0.0031
3828.9984683999996,101.0,101.0032,0.0032
3829.9984679999993,101.0,101.0033,0.0033
3830.9984676,101.0,101.003,0.003
3831.9984671999996,101.0,101.0024,0.0024
3832.9984667999993,101.0,101.0014,0.0014
3833.9984664,101.0,101.0008,0.0008
3834.9984659999996,101.0,101.0001,0.0001
3835.9984655999997,101.0,100.9999,-0.0
3836.9984652,101.0,100.9993,-0.0006
3837.9984647999995,101.0,100.999,-0.0009
3838.9984643999996,101.0,100.9991,-0.0008
3839.998464,101.0,100.9991,-0.0008
3840.9984635999995,101.0,100.999,-0.0009
3841.9984631999996,101.0,100.9996,-0.0003
3842.9984627999993,101.0,101.0003,0.0003
3843.9984623999994,101.0,101.001,0.001
3844.9984619999996,101.0,101.001,0.001
3845.9984615999992,101.0,101.0013,0.0013
3846.9984612,101.0,101.0017,0.0017
3847.9984607999995,101.0,101.0022,0.0022
3848.998460399999,101.0,101.0023,0.0023
3849.99846,101.0,101.0026,0.0026
3850.9984595999995,101.0,101.0028,0.0028
3851.9984591999996,101.0,101.0022,0.0022
3852.9984587999998,101.0,101.0013,0.0013
3853.9984583999994,101.0,101.0004,0.0004
3854.9984579999996,101.0,100.9999,-0.0
3855.9984575999997,101.0,100.9994,-0.0005
3856.9984571999994,101.0,100.9991,-0.0008
3857.9984567999995,101.0,100.9986,-0.0013
3858.9984563999997,101.0,100.9987,-0.0012
3859.9984559999994,101.0,100.9985,-0.0014
3860.9984555999995,101.0,100.9982,-0.0017
3861.9984551999996,101.0,100.998,-0.0019
3862.9984547999998,101.0,100.9982,-0.0017
3863.9984543999994,101.0,100.9986,-0.0013
3864.9984539999996,101.0,100.9992,-0.0007
3865.9984535999997,101.0,100.9995,-0.0004
3866.9984531999994,101.0,101.0001,0.0001
3867.9984527999995,101.0,101.0011,0.0011
3868.9984523999997,101.0,101.0023,0.0023
3869.9984519999994,101.0,101.0028,0.0028
3870.9984515999995,101.0,101.0027,0.0028
3871.9984511999996,101.0,101.0022,0.0022
3872.9984507999993,101.0,101.0017,0.0017
3873.9984503999995,101.0,101.0014,0.0014
3874.9984499999996,101.0,101.0012,0.0012
3875.9984495999997,101.0,101.0014,0.0014
3876.9984491999994,101.0,101.0011,0.0012
3877.9984487999996,101.0,101.0008,0.0008
3878.9984483999997,101.0,101.0002,0.0003
3879.9984479999994,101.0,101.0002,0.0002
3880.9984475999995,101.0,101.0007,0.0007
3881.9984471999996,101.0,101.0012,0.0012
3882.9984467999993,101.0,101.0016,0.0016
3883.9984464,101.0,101.0018,0.0018
3884.9984459999996,101.0,101.002,0.002
3885.9984455999993,101.0,101.0019,0.0019
3886.9984452,101.0,101.0021,0.0021
3887.9984447999996,101.0,101.0023,0.0023
3888.9984443999992,101.0,101.0024,0.0024
3889.998444,101.0,101.0024,0.0024
3890.9984435999995,101.0,101.0021,0.0021
3891.9984431999997,101.0,101.0015,0.0015
3892.9984428,101.0,101.0009,0.0009
3893.9984423999995,101.0,101.0003,0.0003
3894.9984419999996,101.0,101.0001,0.0001
3895.9984415999998,101.0,101.0002,0.0002
3896.9984411999994,101.0,100.9999,-0.0
3897.9984407999996,101.0,100.9998,-0.0001
3898.9984403999997,101.0,100.9999,0.0
3899.99844,101.0,101.0,0.0
3900.9984395999995,101.0,101.0002,0.0002
3901.998439199999,101.0,101.0003,0.0003
3902.9984388,101.0,101.0005,0.0005
3903.9984383999995,101.0,101.0005,0.0005
3904.998437999999,101.0,101.0001,0.0001
3905.9984375999998,101.0,101.0002,0.0002
3906.9984371999994,101.0,101.0006,0.0006
3907.9984367999996,101.0,101.0013,0.0013
3908.9984363999997,101.0,101.0019,0.0019
3909.9984359999994,101.0,101.0024,0.0024
3910.9984355999995,101.0,101.0022,0.0022
3911.9984351999997,101.0,101.0014,0.0014
3912.9984347999994,101.0,100.9999,-0.0
3913.9984343999995,101.0,100.9988,-0.0011
3914.9984339999996,101.0,100.9985,-0.0014
3915.9984335999998,101.0,100.9986,-0.0013
3916.9984331999995,101.0,100.9986,-0.0013
3917.9984327999996,101.0,100.9984,-0.0015
3918.9984323999997,101.0,100.9984,-0.0015
3919.9984319999994,101.0,100.9987,-0.0012
3920.9984315999995,101.0,100.9993,-0.0006
3921.9984311999997,101.0,101.0001,0.0001
3922.9984307999994,101.0,101.0005,0.0005
3923.9984304,101.0,101.0011,0.0011
3924.9984299999996,101.0,101.0019,0.0019
3925.9984295999993,101.0,101.0025,0.0025
3926.9984292,101.0,101.0034,0.0034
3927.9984287999996,101.0,101.0038,0.0038
3928.9984283999993,101.0,101.0038,0.0038
3929.998428,101.0,101.0035,0.0035
3930.9984275999996,101.0,101.0029,0.0029
3931.9984271999997,101.0,101.0018,0.0018
3932.9984267999994,101.0,101.0009,0.0009
3933.9984263999995,101.0,101.0,0.0
3934.9984259999997,101.0,100.9998,-0.0
3935.9984255999993,101.0,100.9998,-0.0001
3936.9984251999995,101.0,100.9997,-0.0002
3937.9984247999996,101.0,100.9993,-0.0005
3938.9984243999993,101.0,100.999,-0.0009
3939.998424,101.0,100.9991,-0.0008
3940.9984235999996,101.0,100.9992,-0.0007
3941.9984231999993,101.0,100.9995,-0.0004
3942.9984228,101.0,101.0,0.0
3943.9984223999995,101.0,101.0002,0.0002
3944.998421999999,101.0,101.0003,0.0003
3945.9984216,101.0,101.0005,0.0005
3946.9984211999995,101.0,101.0014,0.0014
3947.9984207999996,101.0,101.0022,0.0022
3948.9984203999998,101.0,101.0029,0.0029
3949.9984199999994,101.0,101.0033,0.0033
3950.9984195999996,101.0,101.0037,0.0037
3951.9984191999997,101.0,101.0038,0.0038
3952.9984187999994,101.0,101.0029,0.0029
3953.9984183999995,101.0,101.0018,0.0018
3954.9984179999997,101.0,101.0011,0.0011
3955.9984176,101.0,101.0011,0.0011
3956.9984171999995,101.0,101.0006,0.0006
3957.9984167999996,101.0,101.0,0.0
3958.9984163999998,101.0,100.9995,-0.0004
3959.9984159999995,101.0,100.9988,-0.001
3960.998415599999,101.0,100.9987,-0.0012
3961.9984151999997,101.0,100.9985,-0.0014
3962.9984147999994,101.0,100.9984,-0.0015
3963.9984143999995,101.0,100.9983,-0.0015
3964.9984139999997,101.0,100.9989,-0.001
3965.9984135999994,101.0,100.9992,-0.0007
3966.9984131999995,101.0,101.0001,0.0001
3967.9984127999996,101.0,101.0008,0.0008
3968.9984123999993,101.0,101.0016,0.0016
3969.9984119999995,101.0,101.0025,0.0025
3970.9984115999996,101.0,101.0025,0.0025
3971.9984111999997,101.0,101.002,0.002
3972.9984107999994,101.0,101.0013,0.0013
3973.9984103999996,101.0,101.0006,0.0007
3974.9984099999997,101.0,101.0,0.0
3975.9984095999994,101.0,100.9995,-0.0004
3976.9984091999995,101.0,100.9986,-0.0013
3977.9984087999997,101.0,100.9984,-0.0015
3978.9984083999993,101.0,100.998,-0.0019
3979.998408,101.0,100.9975,-0.0024
3980.9984075999996,101.0,100.9968,-0.003
3981.9984071999993,101.0,100.9969,-0.003
3982.9984068,101.0,100.9973,-0.0026
3983.9984063999996,101.0,100.9973,-0.0026
3984.9984059999992,101.0,100.9977,-0.0022
3985.9984056,101.0,100.9985,-0.0014
3986.9984051999995,101.0,100.9997,-0.0002
3987.9984047999997,101.0,101.0005,0.0005
3988.9984044,101.0,101.0012,0.0012
3989.9984039999995,101.0,101.0023,0.0023
3990.9984035999996,101.0,101.0032,0.0033
3991.9984031999993,101.0,101.0034,0.0034
3992.9984027999994,101.0,101.0025,0.0025
3993.9984023999996,101.0,101.0018,0.0018
3994.9984019999993,101.0,101.0014,0.0014
3995.9984016,101.0,101.0011,0.0012
3996.9984011999995,101.0,101.0005,0.0005
3997.998400799999,101.0,100.9995,-0.0004
3998.9984004,101.0,100.999,-0.0009
3999.9983999999995,101.0,100.9986,-0.0013
4000.998399599999,101.0,100.9986,-0.0013
4001.9983991999998,101.0,100.9987,-0.0012
4002.9983988,101.0,100.9987,-0.0011
4003.9983983999996,101.0,100.9986,-0.0013
4004.9983979999997,101.0,100.9986,-0.0013
4005.998397599999,101.0,100.9988,-0.0011
4006.9983971999995,101.0,100.9994,-0.0005
4007.9983967999997,101.0,100.9999,-0.0
4008.998396399999,101.0,101.0001,0.0001
4009.9983959999995,101.0,101.0003,0.0003
4010.9983955999996,101.0,101.0004,0.0004
4011.9983951999993,101.0,101.0,0.0
4012.9983947999995,101.0,100.9996,-0.0003
4013.9983943999996,101.0,100.9994,-0.0005
4014.9983939999993,101.0,100.9997,-0.0002
4015.9983935999994,101.0,101.0002,0.0003
4016.9983931999996,101.0,100.9998,-0.0
4017.9983927999992,101.0,100.9996,-0.0002
4018.9983923999994,101.0,100.9996,-0.0002
4019.998392,101.0,100.9999,-0.0
4020.998391599999,101.0,100.9998,-0.0001
4021.9983911999993,101.0,101.0001,0.0001
4022.9983908,101.0,101.0005,0.0005
4023.998390399999,101.0,101.0009,0.0009
4024.9983899999993,101.0,101.0003,0.0003
4025.9983896,101.0,101.0,0.0
4026.998389199999,101.0,101.0002,0.0002
4027.9983887999997,101.0,101.001,0.001
4028.9983884,101.0,101.0015,0.0015
4029.998387999999,101.0,101.0022,0.0022
4030.9983875999997,101.0,101.002,0.002
4031.9983872,101.0,101.0015,0.0015
4032.998386799999,101.0,101.0007,0.0007
4033.9983863999996,101.0,101.0003,0.0004
4034.9983859999998,101.0,101.0002,0.0002
4035.9983855999994,101.0,101.0001,0.0001
4036.9983851999996,101.0,100.9995,-0.0004
4037.9983847999997,101.0,100.9988,-0.0011
4038.9983843999994,101.0,100.9981,-0.0018
4039.9983839999995,101.0,100.9977,-0.0022
4040.9983835999997,101.0,100.9977,-0.0022
4041.9983831999994,101.0,100.9979,-0.002
4042.9983827999995,101.0,100.9977,-0.0022
4043.9983824,101.0,100.9972,-0.0027
4044.9983819999993,101.0,100.9968,-0.0031
4045.9983815999994,101.0,100.9966,-0.0033
4046.9983812,101.0,100.997,-0.0029
4047.9983807999993,101.0,100.9973,-0.0026
4048.9983803999994,101.0,100.9983,-0.0016
4049.99838,101.0,100.9996,-0.0003
4050.998379599999,101.0,101.0005,0.0005
4051.9983792,101.0,101.0011,0.0011
4052.9983788,101.0,101.0012,0.0012
4053.998378399999,101.0,101.0013,0.0013
4054.998378,101.0,101.0014,0.0014
4055.9983776,101.0,101.0016,0.0017
4056.998377199999,101.0,101.0014,0.0014
4057.9983767999997,101.0,101.0009,0.0009
4058.9983764,101.0,100.9999,-0.0
4059.9983759999996,101.0,100.9991,-0.0008
4060.9983755999997,101.0,100.9988,-0.0011
4061.9983752,101.0,100.9987,-0.0012
4062.9983747999995,101.0,100.9984,-0.0015
4063.9983743999996,101.0,100.9978,-0.0021
4064.998374,101.0,100.9978,-0.0021
4065.9983735999995,101.0,100.9984,-0.0015
4066.9983731999996,101.0,100.9993,-0.0005
4067.9983727999993,101.0,101.0002,0.0002
4068.9983723999994,101.0,101.0011,0.0011
4069.9983719999996,101.0,101.0021,0.0021
4070.9983715999992,101.0,101.0026,0.0026
4071.9983711999994,101.0,101.0029,0.0029
4072.9983707999995,101.0,101.0023,0.0023
4073.998370399999,101.0,101.0018,0.0019
4074.9983699999993,101.0,101.0016,0.0016
4075.9983696,101.0,101.0011,0.0011
4076.998369199999,101.0,101.0,0.0
4077.9983687999993,101.0,100.9988,-0.0011
4078.9983684,101.0,100.998,-0.0019
4079.998367999999,101.0,100.9975,-0.0024
4080.9983675999993,101.0,100.9974,-0.0025
4081.9983672,101.0,100.9977,-0.0021
4082.998366799999,101.0,100.9979,-0.002
4083.9983663999997,101.0,100.9981,-0.0018
4084.998366,101.0,100.9978,-0.0021
4085.998365599999,101.0,100.9978,-0.0021
4086.9983651999996,101.0,100.9981,-0.0018
4087.9983647999998,101.0,100.9983,-0.0016
4088.998364399999,101.0,100.9992,-0.0007
4089.9983639999996,101.0,101.0003,0.0004
4090.9983635999997,101.0,101.0011,0.0012
4091.9983631999994,101.0,101.0013,0.0013
4092.9983627999995,101.0,101.0008,0.0009
4093.9983623999997,101.0,101.0008,0.0008
4094.9983619999994,101.0,101.0008,0.0008
4095.9983615999995,101.0,101.0007,0.0007
4096.9983612,101.0,101.0004,0.0004
4097.998360799999,101.0,100.9999,-0.0
4098.9983604,101.0,100.9996,-0.0003
4099.99836,101.0,100.9988,-0.0011
4100.998359599999,101.0,100.9985,-0.0014
4101.9983592,101.0,100.9981,-0.0018
4102.9983588,101.0,100.9977,-0.0022
4103.998358399999,101.0,100.9971,-0.0028
4104.998358,101.0,100.9971,-0.0028
4105.9983575999995,101.0,100.9975,-0.0024
4106.998357199999,101.0,100.9982,-0.0017
4107.9983568,101.0,100.9986,-0.0013
4108.9983563999995,101.0,100.9995,-0.0004
4109.998355999999,101.0,101.0007,0.0007
4110.9983556,101.0,101.0021,0.0021
4111.9983552,101.0,101.0025,0.0025
4112.998354799999,101.0,101.0027,0.0027
4113.9983544,101.0,101.0025,0.0025
4114.998354,101.0,101.0025,0.0025
4115.998353599999,101.0,101.0021,0.0021
4116.9983532,101.0,101.0011,0.0011
4117.9983528,101.0,101.0005,0.0006
4118.998352399999,101.0,100.9999,0.0
4119.998352,101.0,100.999,-0.0009
4120.9983516,101.0,100.9977,-0.0022
4121.998351199999,101.0,100.9969,-0.003
4122.9983508,101.0,100.9966,-0.0033
4123.9983504,101.0,100.9965,-0.0034
4124.998349999999,101.0,100.996,-0.0038
4125.9983495999995,101.0,100.9958,-0.0041
4126.998349199999,101.0,100.9959,-0.004
4127.9983488,101.0,100.9966,-0.0033
4128.9983483999995,101.0,100.9976,-0.0023
4129.998347999999,101.0,100.9988,-0.001
4130.9983476,101.0,100.9998,-0.0001
4131.998347199999,101.0,101.0004,0.0004
4132.998346799999,101.0,101.0014,0.0014
4133.9983464,101.0,101.0022,0.0022
4134.998345999999,101.0,101.003,0.003
4135.998345599999,101.0,101.003,0.003
4136.9983452,101.0,101.0026,0.0026
4137.998344799999,101.0,101.0024,0.0024
4138.998344399999,101.0,101.002,0.0021
4139.998344,101.0,101.002,0.002
4140.998343599999,101.0,101.0015,0.0015
4141.998343199999,101.0,101.0009,0.0009
4142.9983428,101.0,100.9998,-0.0
4143.9983424,101.0,100.999,-0.0009
4144.998341999999,101.0,100.9985,-0.0014
4145.9983416,101.0,100.9985,-0.0014
4146.9983412,101.0,100.9979,-0.0019
4147.998340799999,101.0,100.9978,-0.0021
4148.9983403999995,101.0,100.9977,-0.0022
4149.99834,101.0,100.9981,-0.0018
4150.998339599999,101.0,100.9981,-0.0018
4151.9983391999995,101.0,100.9979,-0.002
4152.9983388,101.0,100.9977,-0.0021
4153.998338399999,101.0,100.9984,-0.0015
4154.998337999999,101.0,100.9989,-0.001
4155.9983376,101.0,100.9995,-0.0004
4156.998337199999,101.0,100.9992,-0.0007
4157.998336799999,101.0,100.9991,-0.0008
4158.9983364,101.0,100.9991,-0.0007
4159.998336,101.0,100.9991,-0.0008
4160.998335599999,101.0,100.9993,-0.0006
4161.9983352,101.0,100.9991,-0.0008
4162.9983348,101.0,100.9986,-0.0013
4163.998334399999,101.0,100.9977,-0.0022
4164.998334,101.0,100.9969,-0.003
4165.9983336,101.0,100.9966,-0.0033
4166.998333199999,101.0,100.9968,-0.0031
4167.9983328,101.0,100.9971,-0.0028
4168.9983323999995,101.0,100.9975,-0.0024
4169.998331999999,101.0,100.9983,-0.0016
4170.9983316,101.0,100.9987,-0.0012
4171.9983311999995,101.0,100.9991,-0.0008
4172.998330799999,101.0,100.9988,-0.0011
4173.9983304,101.0,100.9992,-0.0007
4174.998329999999,101.0,100.9995,-0.0004
4175.9983296,101.0,100.9998,-0.0001
4176.9983292,101.0,101.0,0.0
4177.998328799999,101.0,100.9999,-0.0
4178.9983284,101.0,101.0,0.0
4179.998328,101.0,100.9993,-0.0006
4180.998327599999,101.0,100.9991,-0.0008
4181.9983272,101.0,100.9993,-0.0006
4182.9983268,101.0,100.9995,-0.0004
4183.998326399999,101.0,100.9993,-0.0006
4184.998326,101.0,100.9983,-0.0015
4185.9983256,101.0,100.9982,-0.0017
4186.998325199999,101.0,100.9984,-0.0015
4187.9983248,101.0,100.9992,-0.0007
4188.998324399999,101.0,100.9998,-0.0
4189.998323999999,101.0,101.0001,0.0001
4190.9983236,101.0,101.0006,0.0006
4191.9983231999995,101.0,101.0004,0.0004
4192.998322799999,101.0,101.0007,0.0007
4193.9983224,101.0,101.0012,0.0012
4194.9983219999995,101.0,101.002,0.002
4195.998321599999,101.0,101.0024,0.0024
4196.9983212,101.0,101.0023,0.0023
4197.998320799999,101.0,101.0022,0.0022
4198.998320399999,101.0,101.002,0.002
4199.99832,101.0,101.0019,0.0019
4200.998319599999,101.0,101.0013,0.0013
4201.998319199999,101.0,101.0007,0.0007
4202.9983188,101.0,101.0,0.0
4203.998318399999,101.0,100.9991,-0.0007
4204.998317999999,101.0,100.9984,-0.0015
4205.9983176,101.0,100.9979,-0.0019
4206.998317199999,101.0,100.9979,-0.0019
4207.9983168,101.0,100.9983,-0.0015
4208.9983164,101.0,100.9988,-0.001
4209.998315999999,101.0,100.9999,-0.0
4210.9983156,101.0,101.0008,0.0009
4211.9983151999995,101.0,101.0017,0.0017
4212.998314799999,101.0,101.002,0.002
4213.9983144,101.0,101.0027,0.0027
4214.9983139999995,101.0,101.0032,0.0032
4215.998313599999,101.0,101.0034,0.0034
4216.9983132,101.0,101.0029,0.0029
4217.998312799999,101.0,101.0021,0.0021
4218.998312399999,101.0,101.0015,0.0015
4219.998312,101.0,101.0007,0.0007
4220.998311599999,101.0,101.0003,0.0004
4221.998311199999,101.0,101.0002,0.0002
4222.9983108,101.0,100.9996,-0.0003
4223.9983104,101.0,100.9984,-0.0015
4224.998309999999,101.0,100.9974,-0.0025
4225.9983096,101.0,100.9974,-0.0025
4226.9983092,101.0,100.9979,-0.0019
4227.998308799999,101.0,100.998,-0.0019
4228.9983084,101.0,100.9984,-0.0015
4229.998308,101.0,100.999,-0.0009
4230.998307599999,101.0,100.9995,-0.0004
4231.9983071999995,101.0,100.9992,-0.0007
4232.9983068,101.0,100.9988,-0.0011
4233.998306399999,101.0,100.9993,-0.0006
4234.9983059999995,101.0,101.0005,0.0005
4235.9983056,101.0,101.0011,0.0011
4236.998305199999,101.0,101.0007,0.0008
4237.9983047999995,101.0,101.0004,0.0004
4238.9983044,101.0,101.0005,0.0005
4239.998304,101.0,101.0003,0.0003
4240.998303599999,101.0,101.0003,0.0003
4241.9983032,101.0,101.0,0.0
4242.9983028,101.0,100.9996,-0.0002
4243.998302399999,101.0,100.9994,-0.0005
4244.998302,101.0,100.9989,-0.001
4245.9983016,101.0,100.999,-0.0009
4246.998301199999,101.0,100.9991,-0.0007
4247.998300799999,101.0,100.9992,-0.0006
4248.9983004,101.0,100.9997,-0.0002
4249.998299999999,101.0,101.0002,0.0002
4250.998299599999,101.0,101.0005,0.0005
4251.9982992,101.0,101.0003,0.0004
4252.998298799999,101.0,101.0002,0.0002
4253.998298399999,101.0,101.0006,0.0006
4254.9982979999995,101.0,101.0009,0.0009
4255.9982976,101.0,101.0005,0.0005
4256.998297199999,101.0,101.0,0.0
4257.9982967999995,101.0,101.0001,0.0001
4258.9982964,101.0,101.0002,0.0002
4259.998295999999,101.0,101.0003,0.0003
4260.998295599999,101.0,101.0002,0.0002
4261.9982952,101.0,101.0004,0.0004
4262.998294799999,101.0,101.0006,0.0006
4263.998294399999,101.0,101.0001,0.0001
4264.998294,101.0,100.9996,-0.0003
4265.998293599999,101.0,100.9991,-0.0008
4266.998293199999,101.0,100.9989,-0.001
4267.9982928,101.0,100.9987,-0.0012
4268.9982924,101.0,100.9986,-0.0013
4269.998291999999,101.0,100.9985,-0.0014
4270.9982916,101.0,100.9984,-0.0015
4271.9982912,101.0,100.9984,-0.0014
4272.998290799999,101.0,100.9989,-0.001
4273.9982904,101.0,100.9995,-0.0004
4274.9982899999995,101.0,101.0008,0.0008
4275.998289599999,101.0,101.0016,0.0016
4276.9982892,101.0,101.0025,0.0025
4277.9982887999995,101.0,101.0034,0.0034
4278.998288399999,101.0,101.0036,0.0037
4279.998288,101.0,101.0036,0.0036
4280.9982875999995,101.0,101.0028,0.0029
4281.998287199999,101.0,101.0018,0.0018
4282.9982868,101.0,101.0007,0.0008
4283.998286399999,101.0,100.9994,-0.0005
4284.998285999999,101.0,100.9981,-0.0018
4285.9982856,101.0,100.9969,-0.003
4286.998285199999,101.0,100.9962,-0.0037
4287.9982848,101.0,100.996,-0.0038
4288.9982844,101.0,100.9966,-0.0033
4289.998283999999,101.0,100.9977,-0.0022
4290.9982836,101.0,100.9982,-0.0017
4291.9982832,101.0,100.9983,-0.0015
4292.998282799999,101.0,100.9987,-0.0012
4293.9982824,101.0,100.9998,-0.0001
4294.998282,101.0,101.0014,0.0014
4295.998281599999,101.0,101.0022,0.0022
4296.9982812,101.0,101.0026,0.0026
4297.9982807999995,101.0,101.0027,0.0027
4298.998280399999,101.0,101.0023,0.0024
4299.99828,101.0,101.0015,0.0015
4300.9982795999995,101.0,101.0009,0.0009
4301.998279199999,101.0,101.0005,0.0005
4302.9982788,101.0,101.0001,0.0001
4303.9982784,101.0,100.9996,-0.0003
4304.998277999999,101.0,100.9991,-0.0008
4305.9982776,101.0,100.9986,-0.0013
4306.998277199999,101.0,100.9986,-0.0013
4307.998276799999,101.0,100.9986,-0.0013
4308.9982764,101.0,100.9989,-0.001
4309.998275999999,101.0,100.9988,-0.0011
4310.998275599999,101.0,100.9984,-0.0015
4311.9982752,101.0,100.9977,-0.0021
4312.998274799999,101.0,100.998,-0.0019
4313.998274399999,101.0,100.9988,-0.001
4314.998274,101.0,100.9997,-0.0001
4315.998273599999,101.0,101.0003,0.0003
4316.998273199999,101.0,101.0008,0.0009
4317.9982727999995,101.0,101.0015,0.0015
4318.998272399999,101.0,101.0016,0.0016
4319.998272,101.0,101.0015,0.0015
4320.9982715999995,101.0,101.0015,0.0015
4321.998271199999,101.0,101.0015,0.0015
4322.9982708,101.0,101.0012,0.0012
4323.9982703999995,101.0,101.0002,0.0002
4324.998269999999,101.0,100.9995,-0.0004
4325.9982696,101.0,100.999,-0.0009
4326.998269199999,101.0,100.9991,-0.0008
4327.998268799999,101.0,100.9989,-0.001
4328.9982684,101.0,100.999,-0.0009
4329.998267999999,101.0,100.999,-0.0009
4330.998267599999,101.0,100.9985,-0.0014
4331.9982672,101.0,100.9978,-0.0021
4332.998266799999,101.0,100.9977,-0.0022
4333.998266399999,101.0,100.9982,-0.0017
4334.998266,101.0,100.9988,-0.0011
4335.9982656,101.0,100.999,-0.0009
4336.998265199999,101.0,100.9991,-0.0007
4337.9982648,101.0,100.999,-0.0009
4338.9982644,101.0,100.9989,-0.001
4339.998263999999,101.0,100.9992,-0.0006
4340.9982635999995,101.0,100.9996,-0.0003
4341.9982632,101.0,100.9999,-0.0
4342.998262799999,101.0,100.9996,-0.0003
4343.9982623999995,101.0,100.9998,-0.0001
4344.998262,101.0,100.9997,-0.0002
4345.998261599999,101.0,101.0,0.0
4346.998261199999,101.0,100.9999,0.0
4347.9982608,101.0,101.0,0.0
4348.9982604,101.0,101.0002,0.0002
4349.998259999999,101.0,101.0,0.0
4350.9982596,101.0,100.9992,-0.0007
4351.9982592,101.0,100.9981,-0.0018
4352.998258799999,101.0,100.9975,-0.0024
4353.9982584,101.0,100.9978,-0.002
4354.998258,101.0,100.999,-0.0009
4355.998257599999,101.0,101.0,0.0
4356.9982572,101.0,101.0006,0.0006
4357.9982568,101.0,101.0006,0.0006
4358.998256399999,101.0,101.0004,0.0004
4359.998256,101.0,101.0006,0.0006
4360.9982555999995,101.0,101.0013,0.0013
4361.998255199999,101.0,101.0017,0.0017
4362.9982548,101.0,101.0011,0.0011
4363.9982543999995,101.0,100.9998,-0.0001
4364.998254,101.0,100.9982,-0.0016
4365.9982536,101.0,100.9973,-0.0026
4366.998253199999,101.0,100.9968,-0.003
4367.9982528,101.0,100.997,-0.0028
4368.998252399999,101.0,100.9979,-0.0019
4369.998251999999,101.0,100.998,-0.0019
4370.9982516,101.0,100.9975,-0.0024
4371.998251199999,101.0,100.997,-0.0029
4372.998250799999,101.0,100.9969,-0.003
4373.9982504,101.0,100.9969,-0.003
4374.998249999999,101.0,100.9973,-0.0026
4375.998249599999,101.0,100.9978,-0.0021
4376.9982492,101.0,100.9985,-0.0014
4377.998248799999,101.0,100.9995,-0.0004
4378.998248399999,101.0,101.0,0.0
4379.998248,101.0,101.0006,0.0006
4380.9982476,101.0,101.0008,0.0008
4381.998247199999,101.0,101.0005,0.0005
4382.9982468,101.0,100.9998,-0.0001
4383.9982463999995,101.0,100.999,-0.0009
4384.998245999999,101.0,100.9987,-0.0012
4385.9982456,101.0,100.9987,-0.0012
4386.9982451999995,101.0,100.9984,-0.0015
4387.998244799999,101.0,100.9983,-0.0016
4388.9982444,101.0,100.9984,-0.0015
4389.998243999999,101.0,100.9982,-0.0017
4390.998243599999,101.0,100.9979,-0.002
4391.9982432,101.0,100.9974,-0.0025
4392.998242799999,101.0,100.9977,-0.0022
4393.998242399999,101.0,100.9984,-0.0014
4394.998242,101.0,100.9991,-0.0008
4395.998241599999,101.0,101.0,0.0
4396.9982412,101.0,101.0009,0.0009
4397.9982408,101.0,101.0017,0.0017
4398.998240399999,101.0,101.0018,0.0018
4399.99824,101.0,101.0018,0.0018
4400.9982396,101.0,101.0023,0.0023
4401.998239199999,101.0,101.0025,0.0025
4402.9982388,101.0,101.002,0.002
4403.9982383999995,101.0,101.0011,0.0011
4404.998237999999,101.0,101.0002,0.0002
4405.9982376,101.0,100.9999,-0.0
4406.9982371999995,101.0,100.9997,-0.0002
4407.998236799999,101.0,100.9996,-0.0002
4408.9982364,101.0,100.9997,-0.0002
4409.998235999999,101.0,100.9995,-0.0003
4410.998235599999,101.0,100.9989,-0.001
4411.9982352,101.0,100.9986,-0.0013
4412.998234799999,101.0,100.9986,-0.0013
4413.998234399999,101.0,100.9993,-0.0006
4414.998234,101.0,100.9998,-0.0001
4415.9982336,101.0,101.0005,0.0005
4416.998233199999,101.0,101.0009,0.0009
4417.9982328,101.0,101.0012,0.0012
4418.9982324,101.0,101.0014,0.0014
4419.998231999999,101.0,101.0016,0.0016
4420.9982316,101.0,101.0017,0.0017
4421.9982312,101.0,101.002,0.002
4422.998230799999,101.0,101.0021,0.0021
4423.9982304,101.0,101.0018,0.0019
4424.99823,101.0,101.0013,0.0013
4425.998229599999,101.0,101.0004,0.0004
4426.9982291999995,101.0,101.0002,0.0002
4427.998228799999,101.0,101.0002,0.0002
4428.9982284,101.0,101.0003,0.0004
4429.9982279999995,101.0,101.0002,0.0002
4430.998227599999,101.0,100.9991,-0.0008
4431.9982272,101.0,100.9982,-0.0017
4432.998226799999,101.0,100.9977,-0.0022
4433.998226399999,101.0,100.9982,-0.0017
4434.998226,101.0,100.9986,-0.0013
4435.998225599999,101.0,100.9993,-0.0006
4436.998225199999,101.0,101.0,0.0
4437.9982248,101.0,101.0004,0.0004
4438.998224399999,101.0,101.0007,0.0007
4439.998223999999,101.0,101.001,0.001
4440.9982236,101.0,101.0018,0.0018
4441.998223199999,101.0,101.002,0.002
4442.998222799999,101.0,101.002,0.002
4443.9982224,101.0,101.0015,0.0015
4444.998222,101.0,101.0014,0.0015
4445.998221599999,101.0,101.0013,0.0013
4446.9982211999995,101.0,101.0008,0.0008
4447.9982208,101.0,101.0003,0.0003
4448.998220399999,101.0,101.0002,0.0002
4449.9982199999995,101.0,100.9997,-0.0002
4450.9982196,101.0,100.9987,-0.0012
4451.998219199999,101.0,100.9981,-0.0018
4452.998218799999,101.0,100.9981,-0.0018
4453.9982184,101.0,100.9984,-0.0015
4454.998217999999,101.0,100.9987,-0.0012
4455.998217599999,101.0,100.999,-0.0009
4456.9982172,101.0,100.9997,-0.0002
4457.998216799999,101.0,101.0002,0.0002
4458.998216399999,101.0,101.0003,0.0004
4459.998216,101.0,101.0007,0.0007
4460.9982156,101.0,101.001,0.001
4461.998215199999,101.0,101.0011,0.0011
4462.9982148,101.0,101.0015,0.0015
4463.9982144,101.0,101.0014,0.0014
4464.998213999999,101.0,101.0012,0.0012
4465.9982136,101.0,101.0006,0.0006
4466.9982132,101.0,101.0003,0.0003
4467.998212799999,101.0,101.0004,0.0004
4468.9982124,101.0,101.0009,0.0009
4469.9982119999995,101.0,101.0008,0.0009
4470.998211599999,101.0,101.0004,0.0004
4471.9982112,101.0,100.9995,-0.0004
4472.9982107999995,101.0,100.9989,-0.001
4473.998210399999,101.0,100.999,-0.0009
4474.99821,101.0,100.9993,-0.0006
4475.998209599999,101.0,100.9997,-0.0002
4476.9982092,101.0,101.0003,0.0003
4477.9982088,101.0,101.0011,0.0011
4478.998208399999,101.0,101.0016,0.0017
4479.998208,101.0,101.0022,0.0023
4480.9982076,101.0,101.0026,0.0026
4481.998207199999,101.0,101.0027,0.0027
4482.9982068,101.0,101.003,0.003
4483.9982064,101.0,101.0029,0.0029
4484.998205999999,101.0,101.0029,0.0029
4485.9982056,101.0,101.0023,0.0023
4486.9982052,101.0,101.0013,0.0014
4487.998204799999,101.0,101.001,0.001
4488.9982044,101.0,101.0009,0.0009
4489.998203999999,101.0,101.0011,0.0011
4490.998203599999,101.0,101.0007,0.0007
4491.9982032,101.0,101.0001,0.0001
4492.9982027999995,101.0,100.9994,-0.0005
4493.998202399999,101.0,100.9992,-0.0007
4494.998202,101.0,100.9998,-0.0001
4495.998201599999,101.0,101.0001,0.0001
4496.998201199999,101.0,101.0006,0.0006
4497.9982008,101.0,101.0003,0.0003
4498.998200399999,101.0,101.0007,0.0007
4499.998199999999,101.0,101.0017,0.0017
4500.9981996,101.0,101.003,0.003
4501.998199199999,101.0,101.0036,0.0036
4502.998198799999,101.0,101.0036,0.0036
4503.9981984,101.0,101.0032,0.0032
4504.998197999999,101.0,101.0032,0.0032
4505.998197599999,101.0,101.003,0.0031
4506.9981972,101.0,101.0028,0.0028
4507.998196799999,101.0,101.0022,0.0022
4508.9981964,101.0,101.0019,0.0019
4509.998196,101.0,101.0015,0.0015
4510.998195599999,101.0,101.001,0.001
4511.9981952,101.0,101.0002,0.0002
4512.9981947999995,101.0,100.9999,-0.0
4513.998194399999,101.0,101.0,0.0
4514.998194,101.0,101.0002,0.0002
4515.9981935999995,101.0,101.0,0.0
4516.998193199999,101.0,101.0,0.0
4517.9981928,101.0,101.0002,0.0002
4518.998192399999,101.0,101.0002,0.0003
4519.998191999999,101.0,101.0007,0.0007
4520.9981916,101.0,101.0012,0.0012
4521.998191199999,101.0,101.0021,0.0021
4522.998190799999,101.0,101.0023,0.0023
4523.9981904,101.0,101.0018,0.0018
4524.99819,101.0,101.0017,0.0017
4525.998189599999,101.0,101.0022,0.0022
4526.9981892,101.0,101.0028,0.0028
4527.9981888,101.0,101.0029,0.0029
4528.998188399999,101.0,101.0028,0.0028
4529.998188,101.0,101.0026,0.0027
4530.9981876,101.0,101.0018,0.0018
4531.998187199999,101.0,101.0011,0.0011
4532.9981867999995,101.0,101.0002,0.0002
4533.9981864,101.0,100.9996,-0.0003
4534.998185999999,101.0,100.999,-0.0009
4535.9981855999995,101.0,100.999,-0.0009
4536.9981852,101.0,100.9996,-0.0003
4537.998184799999,101.0,101.0001,0.0001
4538.998184399999,101.0,101.0007,0.0007
4539.998184,101.0,101.0012,0.0012
4540.9981836,101.0,101.0018,0.0018
4541.998183199999,101.0,101.0018,0.0018
4542.9981828,101.0,101.0016,0.0016
4543.9981824,101.0,101.0012,0.0013
4544.998181999999,101.0,101.0012,0.0012
4545.9981816,101.0,101.001,0.001
4546.9981812,101.0,101.0012,0.0012
4547.998180799999,101.0,101.0016,0.0016
4548.998180399999,101.0,101.0012,0.0012
4549.99818,101.0,101.0004,0.0004
4550.998179599999,101.0,100.9992,-0.0007
4551.998179199999,101.0,100.999,-0.0009
4552.9981788,101.0,100.9995,-0.0004
4553.998178399999,101.0,100.9997,-0.0001
4554.998177999999,101.0,100.9991,-0.0008
4555.9981775999995,101.0,100.9984,-0.0015
4556.9981772,101.0,100.9983,-0.0016
4557.998176799999,101.0,100.9986,-0.0013
4558.9981763999995,101.0,100.9992,-0.0006
4559.998176,101.0,100.9998,-0.0001
4560.998175599999,101.0,101.0009,0.0009
4561.998175199999,101.0,101.0015,0.0015
4562.9981748,101.0,101.0014,0.0014
4563.998174399999,101.0,101.0006,0.0006
4564.998173999999,101.0,101.0005,0.0006
4565.9981736,101.0,101.001,0.001
4566.998173199999,101.0,101.001,0.001
4567.998172799999,101.0,101.0007,0.0007
4568.9981724,101.0,101.0004,0.0005
4569.998171999999,101.0,101.0003,0.0004
4570.998171599999,101.0,100.9996,-0.0003
4571.9981712,101.0,100.9991,-0.0007
4572.9981708,101.0,100.9985,-0.0014
4573.998170399999,101.0,100.9989,-0.0009
4574.99817,101.0,100.9993,-0.0006
4575.9981695999995,101.0,100.9996,-0.0003
4576.998169199999,101.0,100.9996,-0.0003
4577.9981688,101.0,100.9997,-0.0002
4578.9981683999995,101.0,101.0,0.0
4579.998167999999,101.0,101.0009,0.0009
4580.9981676,101.0,101.0017,0.0017
4581.998167199999,101.0,101.0018,0.0018
4582.998166799999,101.0,101.0016,0.0016
4583.9981664,101.0,101.0013,0.0013
4584.998165999999,101.0,101.0013,0.0013
4585.998165599999,101.0,101.0011,0.0011
4586.9981652,101.0,101.0007,0.0007
4587.998164799999,101.0,101.0003,0.0003
4588.9981644,101.0,101.0003,0.0003
4589.998164,101.0,101.0,0.0
4590.998163599999,101.0,100.9998,-0.0001
4591.9981632,101.0,100.9994,-0.0005
4592.9981628,101.0,100.9992,-0.0007
4593.998162399999,101.0,100.999,-0.0009
4594.998162,101.0,100.9985,-0.0014
4595.9981616,101.0,100.9983,-0.0016
4596.998161199999,101.0,100.9982,-0.0017
4597.9981608,101.0,100.9981,-0.0018
4598.9981603999995,101.0,100.9983,-0.0016
4599.998159999999,101.0,100.9988,-0.0011
4600.9981596,101.0,100.9999,0.0
4601.9981591999995,101.0,101.0006,0.0007
4602.998158799999,101.0,101.0015,0.0015
4603.9981584,101.0,101.002,0.002
4604.998158,101.0,101.0027,0.0027
4605.998157599999,101.0,101.0032,0.0032
4606.9981572,101.0,101.0033,0.0033
4607.998156799999,101.0,101.0033,0.0033
4608.998156399999,101.0,101.0035,0.0035
4609.998156,101.0,101.0032,0.0032
4610.998155599999,101.0,101.0024,0.0024
4611.998155199999,101.0,101.0014,0.0014
4612.9981548,101.0,101.0004,0.0004
4613.998154399999,101.0,100.9998,-0.0001
4614.998153999999,101.0,100.9993,-0.0006
4615.9981536,101.0,100.9991,-0.0008
4616.998153199999,101.0,100.9992,-0.0007
4617.998152799999,101.0,100.9993,-0.0006
4618.9981523999995,101.0,100.999,-0.0009
4619.998151999999,101.0,100.9986,-0.0012
4620.9981516,101.0,100.9987,-0.0012
4621.9981511999995,101.0,100.9988,-0.0011
4622.998150799999,101.0,100.9997,-0.0001
4623.9981504,101.0,101.0002,0.0002
4624.998149999999,101.0,101.0003,0.0003
4625.998149599999,101.0,101.0003,0.0004
4626.9981492,101.0,101.0002,0.0002
4627.998148799999,101.0,101.0006,0.0006
4628.998148399999,101.0,101.0008,0.0008
4629.998148,101.0,101.0005,0.0005
4630.998147599999,101.0,101.0003,0.0003
4631.998147199999,101.0,100.9998,-0.0001
4632.9981468,101.0,101.0001,0.0001
4633.998146399999,101.0,101.0003,0.0003
4634.998145999999,101.0,101.0005,0.0005
4635.9981456,101.0,101.0006,0.0006
4636.9981452,101.0,101.0005,0.0006
4637.998144799999,101.0,101.0004,0.0004
4638.9981444,101.0,101.0004,0.0004
4639.998144,101.0,101.0004,0.0005
4640.998143599999,101.0,101.0005,0.0005
4641.9981431999995,101.0,101.0005,0.0005
4642.9981428,101.0,101.0007,0.0008
4643.998142399999,101.0,101.001,0.001
4644.9981419999995,101.0,101.0014,0.0014
4645.9981416,101.0,101.0017,0.0017
4646.998141199999,101.0,101.0018,0.0018
4647.998140799999,101.0,101.0023,0.0023
4648.9981404,101.0,101.0021,0.0021
4649.998139999999,101.0,101.0016,0.0016
4650.998139599999,101.0,101.0008,0.0008
4651.9981392,101.0,101.0007,0.0007
4652.9981388,101.0,101.0007,0.0007
4653.998138399999,101.0,101.0009,0.0009
4654.998138,101.0,101.0002,0.0002
4655.9981376,101.0,100.9997,-0.0002
4656.998137199999,101.0,100.9993,-0.0006
4657.9981368,101.0,100.9995,-0.0004
4658.9981364,101.0,100.9997,-0.0001
4659.998135999999,101.0,101.0002,0.0002
4660.9981356,101.0,101.0002,0.0002
4661.9981351999995,101.0,101.0002,0.0002
4662.998134799999,101.0,100.9997,-0.0001
4663.9981344,101.0,100.9995,-0.0004
4664.9981339999995,101.0,100.9992,-0.0007
4665.998133599999,101.0,100.9995,-0.0004
4666.9981332,101.0,100.9994,-0.0005
4667.998132799999,101.0,100.9997,-0.0002
4668.9981324,101.0,100.9998,-0.0001
4669.998131999999,101.0,100.9998,-0.0001
4670.998131599999,101.0,100.9994,-0.0005
4671.9981312,101.0,100.9991,-0.0008
4672.998130799999,101.0,100.9993,-0.0006
4673.998130399999,101.0,100.9996,-0.0002
4674.99813,101.0,100.9991,-0.0007
4675.998129599999,101.0,100.9984,-0.0015
4676.998129199999,101.0,100.9974,-0.0025
4677.9981288,101.0,100.9969,-0.003
4678.998128399999,101.0,100.9971,-0.0027
4679.998127999999,101.0,100.9981,-0.0018
4680.9981276,101.0,100.9991,-0.0008
4681.998127199999,101.0,100.9998,-0.0001
4682.998126799999,101.0,101.0004,0.0004
4683.9981264,101.0,101.0007,0.0007
4684.9981259999995,101.0,101.0011,0.0012
4685.998125599999,101.0,101.001,0.001
4686.9981252,101.0,101.0009,0.0009
4687.9981247999995,101.0,101.0012,0.0012
4688.998124399999,101.0,101.0012,0.0012
4689.998124,101.0,101.0005,0.0005
4690.998123599999,101.0,100.9997,-0.0001
4691.998123199999,101.0,100.9986,-0.0012
4692.9981228,101.0,100.9981,-0.0018
4693.998122399999,101.0,100.9977,-0.0022
4694.998121999999,101.0,100.9978,-0.0021
4695.9981216,101.0,100.9982,-0.0016
4696.998121199999,101.0,100.9986,-0.0013
4697.998120799999,101.0,100.9989,-0.001
4698.9981204,101.0,100.9986,-0.0013
4699.998119999999,101.0,100.999,-0.0009
4700.9981196,101.0,100.999,-0.0009
4701.9981192,101.0,100.9991,-0.0008
4702.998118799999,101.0,100.9988,-0.0011
4703.9981184,101.0,100.9987,-0.0012
4704.9981179999995,101.0,100.9993,-0.0006
4705.998117599999,101.0,101.0001,0.0001
4706.9981172,101.0,101.0005,0.0005
4707.9981167999995,101.0,101.0008,0.0008
4708.998116399999,101.0,101.0011,0.0011
4709.998116,101.0,101.0007,0.0007
4710.998115599999,101.0,100.9998,-0.0
4711.998115199999,101.0,100.9988,-0.0011
4712.9981148,101.0,100.9981,-0.0018
4713.998114399999,101.0,100.9979,-0.002
4714.998113999999,101.0,100.9977,-0.0022
4715.9981136,101.0,100.9975,-0.0024
4716.9981132,101.0,100.9978,-0.0021
4717.998112799999,101.0,100.998,-0.0018
4718.9981124,101.0,100.9981,-0.0018
4719.998112,101.0,100.9984,-0.0015
4720.998111599999,101.0,100.9989,-0.001
4721.9981112,101.0,100.9995,-0.0004
4722.9981108,101.0,100.9995,-0.0003
4723.998110399999,101.0,100.9998,-0.0001
4724.9981099999995,101.0,101.0002,0.0002
4725.9981096,101.0,101.0009,0.0009
4726.998109199999,101.0,101.0012,0.0012
4727.9981087999995,101.0,101.002,0.002
4728.998108399999,101.0,101.0027,0.0027
4729.998107999999,101.0,101.0026,0.0026
4730.9981075999995,101.0,101.0025,0.0025
4731.998107199999,101.0,101.002,0.002
4732.9981068,101.0,101.0019,0.0019
4733.998106399999,101.0,101.0016,0.0016
4734.998105999999,101.0,101.0009,0.0009
4735.9981056,101.0,101.0002,0.0002
4736.998105199999,101.0,100.9993,-0.0006
4737.998104799999,101.0,100.9984,-0.0015
4738.9981044,101.0,100.9981,-0.0018
4739.998103999999,101.0,100.9984,-0.0015
4740.998103599999,101.0,100.9988,-0.0011
4741.9981032,101.0,100.9989,-0.001
4742.998102799999,101.0,100.9984,-0.0015
4743.998102399999,101.0,100.9979,-0.002
4744.998102,101.0,100.998,-0.0019
4745.998101599999,101.0,100.9986,-0.0013
4746.998101199999,101.0,100.9993,-0.0006
4747.9981007999995,101.0,101.0004,0.0004
4748.9981004,101.0,101.0012,0.0012
4749.998099999999,101.0,101.0015,0.0015
4750.9980995999995,101.0,101.0012,0.0012
4751.9980992,101.0,101.0008,0.0008
4752.998098799999,101.0,101.0004,0.0004
4753.998098399999,101.0,100.9995,-0.0004
4754.998098,101.0,100.9986,-0.0013
4755.998097599999,101.0,100.9978,-0.0021
4756.998097199999,101.0,100.9977,-0.0021
4757.9980968,101.0,100.9974,-0.0025
4758.998096399999,101.0,100.9969,-0.003
4759.998095999999,101.0,100.9967,-0.0032
4760.9980956,101.0,100.9969,-0.003
4761.998095199999,101.0,100.9971,-0.0028
4762.998094799999,101.0,100.9969,-0.003
4763.9980944,101.0,100.9966,-0.0033
4764.998094,101.0,100.997,-0.0029
4765.998093599999,101.0,100.998,-0.0019
4766.9980932,101.0,100.9998,-0.0
4767.9980927999995,101.0,101.0015,0.0015
4768.998092399999,101.0,101.0022,0.0022
4769.998092,101.0,101.0021,0.0021
4770.9980915999995,101.0,101.0018,0.0018
4771.998091199999,101.0,101.0017,0.0018
4772.9980908,101.0,101.0018,0.0018
4773.9980903999995,101.0,101.0017,0.0017
4774.998089999999,101.0,101.0014,0.0014
4775.9980896,101.0,101.0011,0.0011
4776.998089199999,101.0,101.0006,0.0006
4777.998088799999,101.0,100.9995,-0.0004
4778.9980884,101.0,100.9984,-0.0015
4779.998087999999,101.0,100.9977,-0.0022
4780.9980876,101.0,100.998,-0.0019
4781.9980872,101.0,100.9988,-0.0011
4782.998086799999,101.0,100.9989,-0.001
4783.9980864,101.0,100.999,-0.0009
4784.998086,101.0,100.9992,-0.0007
4785.998085599999,101.0,100.9995,-0.0004
4786.9980852,101.0,101.0,0.0
4787.9980848,101.0,101.0007,0.0007
4788.998084399999,101.0,101.0009,0.0009
4789.998084,101.0,101.0011,0.0011
4790.998083599999,101.0,101.0009,0.0009
4791.998083199999,101.0,101.0012,0.0012
4792.9980828,101.0,101.0016,0.0016
4793.9980823999995,101.0,101.0019,0.0019
4794.998081999999,101.0,101.0022,0.0022
4795.9980816,101.0,101.0024,0.0024
4796.998081199999,101.0,101.0027,0.0027
4797.998080799999,101.0,101.0025,0.0025
4798.9980804,101.0,101.0021,0.0021
4799.998079999999,101.0,101.0015,0.0015
4800.998079599999,101.0,101.0008,0.0008
4801.9980792,101.0,101.0006,0.0006
4802.998078799999,101.0,101.0007,0.0007
4803.998078399999,101.0,101.001,0.001
4804.998078,101.0,101.0012,0.0013
4805.998077599999,101.0,101.0014,0.0014
4806.998077199999,101.0,101.0017,0.0017
4807.9980768,101.0,101.0023,0.0023
4808.998076399999,101.0,101.0023,0.0024
4809.998076,101.0,101.0019,0.0019
4810.9980755999995,101.0,101.0011,0.0011
4811.998075199999,101.0,101.0006,0.0006
4812.9980748,101.0,101.0007,0.0007
4813.9980743999995,101.0,101.0005,0.0005
4814.998073999999,101.0,101.0001,0.0001
4815.9980736,101.0,100.9998,-0.0001
4816.998073199999,101.0,100.9997,-0.0002
4817.998072799999,101.0,100.9996,-0.0003
4818.9980724,101.0,100.9995,-0.0004
4819.998071999999,101.0,100.9999,-0.0
4820.998071599999,101.0,100.9999,-0.0
4821.9980712,101.0,101.0,0.0
4822.998070799999,101.0,100.9998,-0.0001
4823.998070399999,101.0,100.9994,-0.0005
4824.99807,101.0,100.9991,-0.0008
4825.998069599999,101.0,100.9989,-0.001
4826.998069199999,101.0,100.9995,-0.0004
4827.9980688,101.0,101.001,0.001
4828.9980684,101.0,101.0018,0.0018
4829.998067999999,101.0,101.002,0.002
4830.9980676,101.0,101.0017,0.0018
4831.9980672,101.0,101.0023,0.0024
4832.998066799999,101.0,101.003,0.003
4833.9980663999995,101.0,101.0028,0.0028
4834.998066,101.0,101.002,0.002
4835.998065599999,101.0,101.0012,0.0012
4836.9980651999995,101.0,101.0005,0.0006
4837.9980648,101.0,100.9998,-0.0
4838.998064399999,101.0,100.9993,-0.0006
4839.998063999999,101.0,100.9993,-0.0006
4840.9980636,101.0,100.9996,-0.0003
4841.9980632,101.0,100.9997,-0.0002
4842.998062799999,101.0,100.9992,-0.0007
4843.9980624,101.0,100.9986,-0.0013
4844.998062,101.0,100.9986,-0.0013
4845.998061599999,101.0,100.9986,-0.0013
4846.9980612,101.0,100.9989,-0.001
4847.9980608,101.0,100.9994,-0.0005
4848.998060399999,101.0,101.0,0.0
4849.998059999999,101.0,101.0,0.0
4850.9980596,101.0,101.0001,0.0001
4851.998059199999,101.0,101.0002,0.0002
4852.998058799999,101.0,101.0005,0.0006
4853.9980583999995,101.0,101.0003,0.0003
4854.998057999999,101.0,101.0,0.0
4855.998057599999,101.0,100.9995,-0.0004
4856.9980571999995,101.0,100.9988,-0.0011
4857.998056799999,101.0,100.9982,-0.0017
4858.998056399999,101.0,100.9982,-0.0017
4859.998055999999,101.0,100.9988,-0.0011
4860.9980556,101.0,100.9994,-0.0005
4861.998055199999,101.0,100.9996,-0.0002
4862.998054799999,101.0,100.9996,-0.0003
4863.9980544,101.0,100.9993,-0.0006
4864.998053999999,101.0,100.999,-0.0009
4865.998053599999,101.0,100.9991,-0.0007
4866.9980532,101.0,100.9992,-0.0007
4867.998052799999,101.0,100.9993,-0.0006
4868.998052399999,101.0,100.9993,-0.0006
4869.998052,101.0,100.9992,-0.0007
4870.998051599999,101.0,100.9995,-0.0004
4871.998051199999,101.0,100.9998,-0.0001
4872.9980508,101.0,101.0003,0.0004
4873.9980504,101.0,101.0004,0.0004
4874.998049999999,101.0,101.0001,0.0001
4875.9980496,101.0,100.9992,-0.0007
4876.9980491999995,101.0,100.9984,-0.0015
4877.998048799999,101.0,100.9977,-0.0022
4878.9980484,101.0,100.9978,-0.0021
4879.9980479999995,101.0,100.9985,-0.0014
4880.998047599999,101.0,100.9988,-0.0011
4881.9980472,101.0,100.9983,-0.0016
4882.998046799999,101.0,100.9976,-0.0022
4883.998046399999,101.0,100.9977,-0.0022
4884.998046,101.0,100.998,-0.0019
4885.998045599999,101.0,100.9983,-0.0015
4886.998045199999,101.0,100.9989,-0.001
4887.9980448,101.0,100.9999,-0.0
4888.998044399999,101.0,101.0004,0.0005
4889.998044,101.0,101.0005,0.0005
4890.9980436,101.0,101.0007,0.0007
4891.998043199999,101.0,101.0011,0.0011
4892.9980428,101.0,101.0015,0.0015
4893.9980424,101.0,101.0011,0.0011
4894.998041999999,101.0,101.0003,0.0003
4895.9980416,101.0,100.9998,-0.0001
4896.9980411999995,101.0,100.999,-0.0009
4897.998040799999,101.0,100.9981,-0.0018
4898.9980404,101.0,100.9971,-0.0028
4899.9980399999995,101.0,100.9968,-0.0031
4900.998039599999,101.0,100.9971,-0.0027
4901.9980392,101.0,100.9974,-0.0025
4902.998038799999,101.0,100.9971,-0.0028
4903.998038399999,101.0,100.9965,-0.0034
4904.998038,101.0,100.9962,-0.0037
4905.9980376,101.0,100.9967,-0.0032
4906.998037199999,101.0,100.9977,-0.0021
4907.9980368,101.0,100.9988,-0.0011
4908.9980364,101.0,100.9993,-0.0006
4909.998035999999,101.0,100.9994,-0.0005
4910.9980356,101.0,101.0002,0.0002
4911.998035199999,101.0,101.001,0.001
4912.998034799999,101.0,101.0019,0.0019
4913.9980344,101.0,101.0022,0.0022
4914.998033999999,101.0,101.0024,0.0024
4915.998033599999,101.0,101.0024,0.0024
4916.9980332,101.0,101.0018,0.0018
4917.998032799999,101.0,101.0009,0.0009
4918.998032399999,101.0,101.0001,0.0001
4919.9980319999995,101.0,100.9998,-0.0
4920.998031599999,101.0,100.9996,-0.0003
4921.9980312,101.0,100.999,-0.0009
4922.9980307999995,101.0,100.9982,-0.0017
4923.998030399999,101.0,100.9977,-0.0021
4924.99803,101.0,100.9976,-0.0023
4925.998029599999,101.0,100.998,-0.0019
4926.998029199999,101.0,100.9986,-0.0013
4927.9980288,101.0,100.9991,-0.0008
4928.998028399999,101.0,100.9993,-0.0006
4929.998027999999,101.0,100.9993,-0.0006
4930.9980276,101.0,100.9996,-0.0003
4931.998027199999,101.0,100.9995,-0.0003
4932.998026799999,101.0,100.9995,-0.0004
4933.9980264,101.0,100.9994,-0.0005
4934.998025999999,101.0,100.9995,-0.0004
4935.998025599999,101.0,100.9999,-0.0
4936.9980252,101.0,100.9998,-0.0001
4937.9980248,101.0,100.9994,-0.0005
4938.998024399999,101.0,100.9994,-0.0005
4939.9980239999995,101.0,100.9996,-0.0002
4940.9980236,101.0,101.0001,0.0001
4941.998023199999,101.0,100.9999,-0.0
4942.9980227999995,101.0,100.9997,-0.0002
4943.9980224,101.0,100.9994,-0.0005
4944.998021999999,101.0,100.9993,-0.0006
4945.998021599999,101.0,100.9989,-0.001
4946.9980212,101.0,100.9987,-0.0011
4947.998020799999,101.0,100.9989,-0.001
4948.998020399999,101.0,100.9989,-0.001
4949.99802,101.0,100.9991,-0.0008
4950.998019599999,101.0,100.999,-0.0009
4951.998019199999,101.0,100.9995,-0.0004
4952.9980188,101.0,101.0001,0.0001
4953.9980184,101.0,101.0003,0.0004
4954.998017999999,101.0,101.0002,0.0002
4955.9980176,101.0,100.9995,-0.0003
4956.9980172,101.0,100.9987,-0.0012
4957.998016799999,101.0,100.9982,-0.0017
4958.9980164,101.0,100.9983,-0.0016
4959.998016,101.0,100.9988,-0.0011
4960.998015599999,101.0,100.9991,-0.0008
4961.9980152,101.0,100.9989,-0.001
4962.9980147999995,101.0,100.999,-0.0009
4963.998014399999,101.0,100.9996,-0.0003
4964.998014,101.0,101.0002,0.0002
4965.9980135999995,101.0,101.0002,0.0002
4966.998013199999,101.0,101.0001,0.0001
4967.9980128,101.0,100.9999,-0.0
4968.998012399999,101.0,101.0002,0.0002
4969.998012,101.0,101.0006,0.0006
4970.998011599999,101.0,101.0012,0.0012
4971.998011199999,101.0,101.0018,0.0018
4972.9980108,101.0,101.0024,0.0024
4973.998010399999,101.0,101.0029,0.0029
4974.998009999999,101.0,101.003,0.003
4975.9980096,101.0,101.0022,0.0022
4976.998009199999,101.0,101.0008,0.0008
4977.998008799999,101.0,101.0,0.0
4978.9980084,101.0,100.9997,-0.0002
4979.998007999999,101.0,100.9996,-0.0002
4980.998007599999,101.0,100.999,-0.0009
4981.9980072,101.0,100.9989,-0.001
4982.998006799999,101.0,100.9989,-0.001
4983.998006399999,101.0,100.9994,-0.0005
4984.998006,101.0,100.9993,-0.0006
4985.9980055999995,101.0,100.999,-0.0009
4986.998005199999,101.0,100.9991,-0.0008
4987.9980048,101.0,100.9992,-0.0007
4988.998004399999,101.0,100.9991,-0.0007
4989.998003999999,101.0,100.9989,-0.0009
4990.9980036,101.0,100.9994,-0.0005
4991.998003199999,101.0,100.9999,-0.0
4992.998002799999,101.0,101.0005,0.0005
4993.9980024,101.0,101.0007,0.0008
4994.998001999999,101.0,101.0014,0.0014
4995.998001599999,101.0,101.0015,0.0015
4996.9980012,101.0,101.0013,0.0014
4997.998000799999,101.0,101.0003,0.0003
4998.998000399999,101.0,100.9998,-0.0001
4999.998,101.0,100.9994,-0.0005
5000.997999599999,101.0,100.9993,-0.0006
5001.9979992,101.0,100.9995,-0.0004
5002.9979988,101.0,100.9991,-0.0008
5003.997998399999,101.0,100.9986,-0.0013
5004.997998,101.0,100.9981,-0.0018
5005.9979975999995,101.0,100.9977,-0.0022
5006.997997199999,101.0,100.9981,-0.0018
5007.9979968,101.0,100.9987,-0.0012
5008.9979963999995,101.0,100.999,-0.0009
5009.997995999999,101.0,100.9994,-0.0005
5010.9979956,101.0,100.9996,-0.0003
5011.997995199999,101.0,101.0004,0.0005
5012.997994799999,101.0,101.001,0.001
5013.9979944,101.0,101.0013,0.0013
5014.997993999999,101.0,101.0012,0.0012
5015.997993599999,101.0,101.001,0.001
5016.9979932,101.0,101.0003,0.0004
5017.9979928,101.0,100.9999,-0.0
5018.997992399999,101.0,100.999,-0.0009
5019.997992,101.0,100.9986,-0.0013
5020.9979916,101.0,100.9985,-0.0014
5021.997991199999,101.0,100.9985,-0.0014
5022.9979908,101.0,100.9982,-0.0017
5023.9979904,101.0,100.9982,-0.0017
5024.997989999999,101.0,100.9983,-0.0016
5025.9979895999995,101.0,100.9989,-0.0009
5026.9979892,101.0,100.9995,-0.0004
5027.997988799999,101.0,100.9995,-0.0004
5028.9979883999995,101.0,100.9998,-0.0001
5029.997987999999,101.0,100.9999,-0.0
5030.997987599999,101.0,101.0001,0.0001
5031.997987199999,101.0,101.0001,0.0001
5032.997986799999,101.0,101.0005,0.0005
5033.9979864,101.0,100.9999,-0.0
5034.997985999999,101.0,100.9994,-0.0005
5035.997985599999,101.0,100.9991,-0.0008
5036.9979852,101.0,100.9991,-0.0008
5037.997984799999,101.0,100.9988,-0.0011
5038.997984399999,101.0,100.9985,-0.0014
5039.997984,101.0,100.9983,-0.0016
5040.997983599999,101.0,100.9984,-0.0015
5041.997983199999,101.0,100.9982,-0.0017
5042.9979828,101.0,100.9985,-0.0014
5043.997982399999,101.0,100.9985,-0.0014
5044.997981999999,101.0,100.9982,-0.0017
5045.9979816,101.0,100.9974,-0.0025
5046.997981199999,101.0,100.9971,-0.0028
5047.997980799999,101.0,100.9977,-0.0022
5048.9979803999995,101.0,100.9982,-0.0017
5049.99798,101.0,100.9982,-0.0016
5050.997979599999,101.0,100.9984,-0.0015
5051.9979791999995,101.0,100.9988,-0.001
5052.9979788,101.0,101.0,0.0
5053.997978399999,101.0,101.0003,0.0004
5054.997977999999,101.0,101.001,0.001
5055.9979776,101.0,101.0017,0.0017
5056.997977199999,101.0,101.0022,0.0022
5057.997976799999,101.0,101.0022,0.0023
5058.9979764,101.0,101.0026,0.0026
5059.997975999999,101.0,101.0022,0.0022
5060.997975599999,101.0,101.0019,0.0019
5061.9979752,101.0,101.0006,0.0006
5062.997974799999,101.0,100.9998,-0.0001
5063.997974399999,101.0,100.9987,-0.0012
5064.997974,101.0,100.9981,-0.0018
5065.9979736,101.0,100.9972,-0.0026
5066.997973199999,101.0,100.9971,-0.0027
5067.9979728,101.0,100.997,-0.0029
5068.9979723999995,101.0,100.997,-0.0029
5069.997971999999,101.0,100.9969,-0.003
5070.9979716,101.0,100.9974,-0.0025
5071.9979711999995,101.0,100.9983,-0.0016
5072.997970799999,101.0,100.9991,-0.0008
5073.9979704,101.0,100.9996,-0.0002
5074.997969999999,101.0,100.9998,-0.0
5075.997969599999,101.0,101.0004,0.0004
5076.9979692,101.0,101.0009,0.0009
5077.997968799999,101.0,101.0017,0.0017
5078.997968399999,101.0,101.0021,0.0021
5079.997968,101.0,101.0024,0.0024
5080.997967599999,101.0,101.0018,0.0018
5081.9979672,101.0,101.001,0.001
5082.9979668,101.0,101.0004,0.0004
5083.997966399999,101.0,101.0002,0.0002
5084.997966,101.0,101.0,0.0
5085.9979656,101.0,100.9998,-0.0
5086.997965199999,101.0,101.0001,0.0001
5087.9979648,101.0,101.0003,0.0003
5088.9979644,101.0,100.9998,-0.0001
5089.997963999999,101.0,100.9993,-0.0006
5090.9979636,101.0,100.9992,-0.0007
5091.997963199999,101.0,100.9995,-0.0004
5092.997962799999,101.0,101.0,0.0001
5093.9979624,101.0,101.0004,0.0004
5094.997961999999,101.0,101.0009,0.0009
5095.997961599999,101.0,101.0011,0.0011
5096.9979612,101.0,101.0006,0.0007
5097.997960799999,101.0,101.0004,0.0004
5098.997960399999,101.0,101.0005,0.0006
5099.99796,101.0,101.0008,0.0008
5100.997959599999,101.0,101.0005,0.0005
5101.997959199999,101.0,100.9996,-0.0002
5102.9979588,101.0,100.9993,-0.0006
5103.997958399999,101.0,100.9996,-0.0003
5104.997957999999,101.0,101.0,0.0
5105.9979576,101.0,101.0002,0.0002
5106.997957199999,101.0,101.0005,0.0005
5107.997956799999,101.0,101.0011,0.0011
5108.9979564,101.0,101.001,0.001
5109.997955999999,101.0,101.0007,0.0007
5110.997955599999,101.0,100.9999,0.0
5111.9979551999995,101.0,101.0,0.0
5112.997954799999,101.0,101.0002,0.0002
5113.9979544,101.0,101.0002,0.0002
5114.9979539999995,101.0,100.9999,-0.0
5115.997953599999,101.0,100.9999,-0.0
5116.9979532,101.0,100.9997,-0.0001
5117.997952799999,101.0,101.0003,0.0003
5118.997952399999,101.0,101.0008,0.0008
5119.997952,101.0,101.0013,0.0013
5120.997951599999,101.0,101.0012,0.0012
5121.997951199999,101.0,101.0008,0.0008
5122.9979508,101.0,101.0005,0.0005
5123.997950399999,101.0,101.0003,0.0003
5124.997949999999,101.0,101.0001,0.0001
5125.9979496,101.0,100.9998,-0.0001
5126.997949199999,101.0,100.9999,-0.0
5127.997948799999,101.0,100.9998,-0.0001
5128.9979484,101.0,100.9994,-0.0005
5129.997948,101.0,100.9992,-0.0007
5130.997947599999,101.0,100.999,-0.0009
5131.9979471999995,101.0,100.9996,-0.0003
5132.9979468,101.0,101.0,0.0
5133.997946399999,101.0,101.0007,0.0008
5134.9979459999995,101.0,101.0013,0.0013
5135.9979456,101.0,101.0018,0.0018
5136.997945199999,101.0,101.0024,0.0024
5137.9979447999995,101.0,101.0028,0.0028
5138.9979444,101.0,101.003,0.003
5139.997943999999,101.0,101.0025,0.0025
5140.997943599999,101.0,101.0014,0.0014
5141.9979432,101.0,101.0006,0.0006
5142.997942799999,101.0,100.9998,-0.0001
5143.997942399999,101.0,100.9998,-0.0001
5144.997942,101.0,100.9995,-0.0004
5145.9979416,101.0,100.9993,-0.0006
5146.997941199999,101.0,100.9994,-0.0005
5147.9979408,101.0,100.9994,-0.0005
5148.9979404,101.0,100.9991,-0.0008
5149.997939999999,101.0,100.9987,-0.0012
5150.997939599999,101.0,100.9987,-0.0012
5151.9979392,101.0,100.9996,-0.0003
5152.997938799999,101.0,101.0005,0.0005
5153.997938399999,101.0,101.0012,0.0012
5154.9979379999995,101.0,101.0013,0.0013
5155.997937599999,101.0,101.002,0.002
5156.997937199999,101.0,101.0026,0.0026
5157.9979367999995,101.0,101.0032,0.0032
5158.997936399999,101.0,101.0034,0.0034
5159.997935999999,101.0,101.0032,0.0032
5160.997935599999,101.0,101.0028,0.0028
5161.9979352,101.0,101.002,0.0021
5162.997934799999,101.0,101.0014,0.0014
5163.997934399999,101.0,101.0011,0.0011
5164.997934,101.0,101.0006,0.0006
5165.997933599999,101.0,101.0002,0.0002
5166.997933199999,101.0,101.0,0.0
5167.9979328,101.0,100.9998,-0.0001
5168.997932399999,101.0,100.9991,-0.0008
5169.997931999999,101.0,100.9984,-0.0015
5170.9979316,101.0,100.9979,-0.0019
5171.997931199999,101.0,100.9979,-0.002
5172.997930799999,101.0,100.998,-0.0019
5173.9979304,101.0,100.9986,-0.0013
5174.997929999999,101.0,100.9994,-0.0005
5175.997929599999,101.0,101.0003,0.0003
5176.9979292,101.0,101.001,0.001
5177.9979287999995,101.0,101.0019,0.0019
5178.997928399999,101.0,101.0029,0.0029
5179.997928,101.0,101.0032,0.0032
5180.9979275999995,101.0,101.0026,0.0026
5181.997927199999,101.0,101.0018,0.0019
5182.9979268,101.0,101.0015,0.0015
5183.997926399999,101.0,101.0014,0.0014
5184.997925999999,101.0,101.0011,0.0011
5185.9979256,101.0,101.0009,0.0009
5186.997925199999,101.0,101.0012,0.0012
5187.997924799999,101.0,101.0012,0.0012
5188.9979244,101.0,101.0006,0.0006
5189.997923999999,101.0,100.9999,-0.0
5190.997923599999,101.0,100.9997,-0.0002
5191.9979232,101.0,101.0001,0.0001
5192.997922799999,101.0,101.0003,0.0003
5193.9979224,101.0,101.0006,0.0006
5194.997922,101.0,101.0011,0.0011
5195.997921599999,101.0,101.0012,0.0012
5196.9979212,101.0,101.0011,0.0011
5197.9979207999995,101.0,101.0007,0.0007
5198.997920399999,101.0,101.0011,0.0011
5199.99792,101.0,101.001,0.001
5200.9979195999995,101.0,101.0006,0.0006
5201.997919199999,101.0,100.9995,-0.0004
5202.9979188,101.0,100.9989,-0.0009
5203.997918399999,101.0,100.9989,-0.001
5204.997917999999,101.0,100.9988,-0.0011
5205.9979176,101.0,100.9991,-0.0008
5206.997917199999,101.0,100.9997,-0.0002
5207.997916799999,101.0,100.9999,-0.0
5208.9979164,101.0,100.9997,-0.0002
5209.997916,101.0,100.9994,-0.0005
5210.997915599999,101.0,100.9994,-0.0005
5211.9979152,101.0,100.9997,-0.0002
5212.997914799999,101.0,100.9994,-0.0005
5213.997914399999,101.0,100.9994,-0.0005
5214.997914,101.0,100.9993,-0.0006
5215.997913599999,101.0,100.9995,-0.0004
5216.997913199999,101.0,100.9995,-0.0004
5217.9979127999995,101.0,101.0003,0.0003
5218.997912399999,101.0,101.0014,0.0014
5219.997911999999,101.0,101.0022,0.0022
5220.9979115999995,101.0,101.0021,0.0021
5221.997911199999,101.0,101.0018,0.0018
5222.997910799999,101.0,101.0014,0.0014
5223.9979103999995,101.0,101.0013,0.0014
5224.997909999999,101.0,101.0007,0.0007
5225.9979096,101.0,100.9999,-0.0
5226.997909199999,101.0,100.9996,-0.0003
5227.997908799999,101.0,100.9996,-0.0003
5228.9979084,101.0,100.9992,-0.0007
5229.997907999999,101.0,100.9986,-0.0013
5230.997907599999,101.0,100.9984,-0.0015
5231.9979072,101.0,100.9986,-0.0013
5232.997906799999,101.0,100.9988,-0.001
5233.997906399999,101.0,100.9989,-0.001
5234.997906,101.0,100.9996,-0.0002
5235.997905599999,101.0,101.0002,0.0002
5236.997905199999,101.0,101.001,0.001
5237.9979048,101.0,101.0014,0.0014
5238.997904399999,101.0,101.002,0.002
5239.997903999999,101.0,101.0023,0.0023
5240.9979035999995,101.0,101.0023,0.0023
5241.9979032,101.0,101.0014,0.0014
5242.997902799999,101.0,101.0009,0.0009
5243.9979023999995,101.0,101.0004,0.0004
5244.997902,101.0,101.0006,0.0006
5245.997901599999,101.0,101.0005,0.0005
5246.997901199999,101.0,101.0,0.0001
5247.9979008,101.0,100.9997,-0.0002
5248.997900399999,101.0,100.9989,-0.001
5249.997899999999,101.0,100.9981,-0.0018
5250.9978996,101.0,100.9975,-0.0024
5251.997899199999,101.0,100.9966,-0.0033
5252.997898799999,101.0,100.9962,-0.0037
5253.9978984,101.0,100.996,-0.0039
5254.997898,101.0,100.9963,-0.0036
5255.997897599999,101.0,100.997,-0.0028
5256.9978972,101.0,100.9978,-0.0021
5257.9978968,101.0,100.9988,-0.0011
5258.997896399999,101.0,100.9995,-0.0004
5259.997896,101.0,101.0003,0.0003
5260.9978955999995,101.0,101.0009,0.0009
5261.997895199999,101.0,101.0011,0.0011
5262.9978948,101.0,101.0012,0.0012
5263.9978943999995,101.0,101.0011,0.0011
5264.997893999999,101.0,101.001,0.001
5265.9978936,101.0,101.001,0.001
5266.997893199999,101.0,101.0012,0.0012
5267.997892799999,101.0,101.0005,0.0005
5268.9978924,101.0,100.9996,-0.0003
5269.997891999999,101.0,100.9987,-0.0012
5270.997891599999,101.0,100.9981,-0.0018
5271.997891199999,101.0,100.9976,-0.0023
5272.997890799999,101.0,100.9967,-0.0032
5273.9978904,101.0,100.9963,-0.0036
5274.997889999999,101.0,100.9965,-0.0034
5275.997889599999,101.0,100.9968,-0.0031
5276.9978892,101.0,100.9976,-0.0023
5277.997888799999,101.0,100.9984,-0.0015
5278.997888399999,101.0,100.9994,-0.0005
5279.997888,101.0,100.9995,-0.0004
5280.997887599999,101.0,100.9995,-0.0004
5281.997887199999,101.0,100.9993,-0.0006
5282.9978868,101.0,100.9992,-0.0007
5283.997886399999,101.0,100.9989,-0.001
5284.997885999999,101.0,100.9987,-0.0012
5285.9978856,101.0,100.9989,-0.001
5286.9978851999995,101.0,100.9992,-0.0007
5287.997884799999,101.0,100.9991,-0.0008
5288.9978844,101.0,100.9985,-0.0014
5289.997883999999,101.0,100.9978,-0.0021
5290.997883599999,101.0,100.9978,-0.0021
5291.9978832,101.0,100.9984,-0.0015
5292.997882799999,101.0,100.9985,-0.0014
5293.997882399999,101.0,100.9985,-0.0014
5294.997882,101.0,100.9985,-0.0014
5295.997881599999,101.0,100.9996,-0.0003
5296.997881199999,101.0,101.0005,0.0006
5297.9978808,101.0,101.0013,0.0013
5298.997880399999,101.0,101.0009,0.0009
5299.997879999999,101.0,101.0006,0.0007
5300.9978796,101.0,101.0004,0.0004
5301.997879199999,101.0,101.0003,0.0003
5302.997878799999,101.0,101.0001,0.0001
5303.9978783999995,101.0,100.9996,-0.0002
5304.997877999999,101.0,100.9993,-0.0006
5305.9978776,101.0,100.9997,-0.0002
5306.9978771999995,101.0,101.0002,0.0002
5307.997876799999,101.0,101.0004,0.0004
5308.9978764,101.0,100.9998,-0.0
5309.997875999999,101.0,100.9995,-0.0004
5310.997875599999,101.0,100.9995,-0.0003
5311.9978752,101.0,100.9999,-0.0
5312.997874799999,101.0,101.0,0.0
5313.997874399999,101.0,101.0001,0.0001
5314.997874,101.0,101.0001,0.0001
5315.997873599999,101.0,101.0001,0.0001
5316.997873199999,101.0,101.0006,0.0006
5317.9978728,101.0,101.0012,0.0012
5318.997872399999,101.0,101.0019,0.0019
5319.997871999999,101.0,101.002,0.002
5320.9978716,101.0,101.0014,0.0015
5321.9978712,101.0,101.0011,0.0011
5322.997870799999,101.0,101.0005,0.0005
5323.9978704,101.0,101.0002,0.0002
5324.99787,101.0,100.9996,-0.0003
5325.997869599999,101.0,100.9994,-0.0005
5326.9978691999995,101.0,100.9988,-0.0011
5327.9978688,101.0,100.9979,-0.002
5328.997868399999,101.0,100.9964,-0.0035
5329.9978679999995,101.0,100.9954,-0.0045
5330.997867599999,101.0,100.9952,-0.0047
5331.997867199999,101.0,100.9955,-0.0044
5332.997866799999,101.0,100.9956,-0.0043
5333.997866399999,101.0,100.9961,-0.0038
5334.997866,101.0,100.9966,-0.0033
5335.997865599999,101.0,100.9977,-0.0022
5336.997865199999,101.0,100.9988,-0.0011
5337.9978648,101.0,101.0001,0.0001
5338.997864399999,101.0,101.0007,0.0007
5339.997863999999,101.0,101.0015,0.0015
5340.9978636,101.0,101.0022,0.0022
5341.997863199999,101.0,101.0025,0.0025
5342.997862799999,101.0,101.0023,0.0023
5343.9978624,101.0,101.0021,0.0021
5344.997861999999,101.0,101.0019,0.0019
5345.997861599999,101.0,101.0017,0.0017
5346.9978611999995,101.0,101.0015,0.0015
5347.997860799999,101.0,101.0009,0.0009
5348.997860399999,101.0,100.9999,-0.0
5349.9978599999995,101.0,100.9992,-0.0007
5350.9978596,101.0,100.999,-0.0009
5351.997859199999,101.0,100.9986,-0.0013
5352.997858799999,101.0,100.9977,-0.0022
5353.9978584,101.0,100.9967,-0.0032
5354.997857999999,101.0,100.9958,-0.0041
5355.997857599999,101.0,100.995,-0.0048
5356.9978572,101.0,100.9951,-0.0048
5357.997856799999,101.0,100.9959,-0.004
5358.997856399999,101.0,100.9971,-0.0027
5359.997856,101.0,100.9981,-0.0018
5360.997855599999,101.0,100.9992,-0.0007
5361.997855199999,101.0,101.0002,0.0002
5362.9978548,101.0,101.0015,0.0015
5363.997854399999,101.0,101.0023,0.0023
5364.997853999999,101.0,101.0022,0.0022
5365.9978536,101.0,101.0023,0.0023
5366.9978532,101.0,101.0018,0.0018
5367.997852799999,101.0,101.0012,0.0013
5368.9978524,101.0,101.0004,0.0004
5369.9978519999995,101.0,100.9998,-0.0
5370.997851599999,101.0,100.9997,-0.0001
5371.9978512,101.0,100.9998,-0.0001
5372.9978507999995,101.0,100.9992,-0.0007
5373.997850399999,101.0,100.9985,-0.0014
5374.99785,101.0,100.9979,-0.0019
5375.997849599999,101.0,100.9976,-0.0023
5376.997849199999,101.0,100.9974,-0.0025
5377.9978488,101.0,100.9976,-0.0023
5378.997848399999,101.0,100.998,-0.0019
5379.997847999999,101.0,100.9986,-0.0013
5380.9978476,101.0,100.9991,-0.0008
5381.997847199999,101.0,100.9996,-0.0002
5382.9978468,101.0,101.0001,0.0001
5383.9978464,101.0,101.0006,0.0006
5384.997845999999,101.0,101.001,0.001
5385.9978456,101.0,101.0019,0.0019
5386.9978452,101.0,101.0026,0.0026
5387.997844799999,101.0,101.0029,0.0029
5388.9978444,101.0,101.0029,0.0029
5389.9978439999995,101.0,101.0028,0.0028
5390.997843599999,101.0,101.0026,0.0026
5391.9978432,101.0,101.0025,0.0025
5392.997842799999,101.0,101.0019,0.0019
5393.997842399999,101.0,101.0015,0.0015
5394.997842,101.0,101.001,0.001
5395.9978415999985,101.0,101.0006,0.0006
5396.997841199999,101.0,101.0006,0.0006
5397.9978408,101.0,101.0005,0.0005
5398.997840399999,101.0,101.0003,0.0003
5399.997839999999,101.0,100.9996,-0.0003
5400.9978396,101.0,100.9992,-0.0007
5401.997839199999,101.0,100.9987,-0.0011
5402.997838799999,101.0,100.9991,-0.0008
5403.9978384,101.0,100.9989,-0.0009
5404.997837999999,101.0,100.999,-0.0009
5405.997837599999,101.0,100.9995,-0.0004
5406.9978372,101.0,100.9998,-0.0001
5407.997836799999,101.0,100.9997,-0.0002
5408.997836399999,101.0,100.9993,-0.0006
5409.997836,101.0,100.9993,-0.0006
5410.997835599999,101.0,100.9996,-0.0003
5411.997835199999,101.0,100.9993,-0.0006
5412.9978347999995,101.0,100.9991,-0.0008
5413.997834399999,101.0,100.9989,-0.001
5414.997834,101.0,100.9989,-0.001
5415.9978335999995,101.0,100.9986,-0.0012
5416.997833199999,101.0,100.9986,-0.0013
5417.9978328,101.0,100.9993,-0.0006
5418.997832399999,101.0,101.0001,0.0001
5419.997831999999,101.0,101.0006,0.0006
5420.9978316,101.0,101.0009,0.0009
5421.997831199999,101.0,101.0014,0.0014
5422.997830799999,101.0,101.0018,0.0019
5423.9978304,101.0,101.0024,0.0024
5424.997829999999,101.0,101.0023,0.0023
5425.997829599999,101.0,101.0027,0.0027
5426.9978292,101.0,101.0027,0.0027
5427.997828799999,101.0,101.0019,0.0019
5428.997828399999,101.0,101.0005,0.0005
5429.997828,101.0,100.9994,-0.0005
5430.9978276,101.0,100.9991,-0.0008
5431.997827199999,101.0,100.9989,-0.001
5432.9978267999995,101.0,100.9983,-0.0016
5433.9978264,101.0,100.9977,-0.0022
5434.997825999999,101.0,100.9973,-0.0026
5435.9978255999995,101.0,100.997,-0.0029
5436.9978252,101.0,100.9972,-0.0027
5437.997824799999,101.0,100.9982,-0.0017
5438.997824399999,101.0,100.9993,-0.0006
5439.997824,101.0,101.0002,0.0002
5440.997823599999,101.0,101.0006,0.0006
5441.997823199999,101.0,101.0009,0.0009
5442.9978228,101.0,101.0019,0.0019
5443.997822399999,101.0,101.0026,0.0026
5444.997821999999,101.0,101.0028,0.0028
5445.9978216,101.0,101.0029,0.0029
5446.9978212,101.0,101.0026,0.0026
5447.997820799999,101.0,101.0028,0.0028
5448.9978204,101.0,101.0026,0.0026
5449.99782,101.0,101.0023,0.0023
5450.997819599999,101.0,101.0019,0.0019
5451.997819199999,101.0,101.0009,0.0009
5452.9978188,101.0,101.0004,0.0004
5453.997818399999,101.0,101.0,0.0
5454.997817999999,101.0,100.9997,-0.0002
5455.9978175999995,101.0,100.9991,-0.0008
5456.997817199999,101.0,100.9989,-0.001
5457.997816799999,101.0,100.9996,-0.0003
5458.9978163999995,101.0,101.0002,0.0002
5459.997815999999,101.0,101.0006,0.0006
5460.997815599999,101.0,101.0003,0.0004
5461.997815199999,101.0,101.0006,0.0007
5462.9978148,101.0,101.0013,0.0013
5463.997814399999,101.0,101.0018,0.0018
5464.997813999999,101.0,101.002,0.002
5465.9978136,101.0,101.0026,0.0027
5466.997813199999,101.0,101.0035,0.0035
5467.997812799999,101.0,101.0037,0.0037
5468.9978124,101.0,101.0029,0.0029
5469.997811999999,101.0,101.0022,0.0023
5470.997811599999,101.0,101.0019,0.0019
5471.9978112,101.0,101.0014,0.0014
5472.997810799999,101.0,101.0004,0.0005
5473.997810399999,101.0,100.9996,-0.0003
5474.99781,101.0,100.9991,-0.0008
5475.997809599999,101.0,100.999,-0.0009
5476.997809199999,101.0,100.9987,-0.0012
5477.9978088,101.0,100.9984,-0.0015
5478.9978083999995,101.0,100.9979,-0.002
5479.997807999999,101.0,100.9978,-0.0021
5480.9978076,101.0,100.9978,-0.0021
5481.997807199999,101.0,100.9981,-0.0018
5482.997806799999,101.0,100.9982,-0.0017
5483.9978064,101.0,100.9985,-0.0014
5484.997805999999,101.0,100.9992,-0.0007
5485.997805599999,101.0,101.0003,0.0003
5486.9978052,101.0,101.001,0.001
5487.997804799999,101.0,101.0012,0.0012
5488.997804399999,101.0,101.0011,0.0011
5489.997804,101.0,101.0013,0.0013
5490.997803599999,101.0,101.0012,0.0012
5491.997803199999,101.0,101.0012,0.0012
5492.9978028,101.0,101.0008,0.0009
5493.997802399999,101.0,101.0004,0.0004
5494.997802,101.0,100.9996,-0.0003
5495.9978016,101.0,100.9992,-0.0006
5496.997801199999,101.0,100.9994,-0.0005
5497.9978008,101.0,100.9998,-0.0
5498.9978003999995,101.0,101.0001,0.0001
5499.997799999999,101.0,100.9997,-0.0002
5500.9977996,101.0,100.9997,-0.0002
5501.9977991999995,101.0,101.0,0.0
5502.997798799999,101.0,101.0002,0.0003
5503.9977984,101.0,101.0006,0.0006
5504.997797999999,101.0,101.001,0.001
5505.997797599999,101.0,101.0014,0.0014
5506.9977972,101.0,101.0011,0.0011
5507.997796799999,101.0,100.9998,-0.0001
5508.997796399999,101.0,100.9986,-0.0013
5509.997796,101.0,100.9981,-0.0018
5510.9977956,101.0,100.9986,-0.0013
5511.997795199999,101.0,100.9985,-0.0014
5512.9977948,101.0,100.9981,-0.0018
5513.997794399999,101.0,100.9973,-0.0026
5514.997793999999,101.0,100.9968,-0.0031
5515.9977936,101.0,100.997,-0.0029
5516.997793199999,101.0,100.9982,-0.0017
5517.997792799999,101.0,100.9997,-0.0001
5518.9977923999995,101.0,101.0009,0.0009
5519.997791999999,101.0,101.0013,0.0013
5520.997791599999,101.0,101.0017,0.0017
5521.9977911999995,101.0,101.002,0.0021
5522.997790799999,101.0,101.0025,0.0025
5523.997790399999,101.0,101.0027,0.0027
5524.997789999999,101.0,101.0031,0.0031
5525.997789599999,101.0,101.0035,0.0035
5526.9977892,101.0,101.0033,0.0033
5527.997788799999,101.0,101.0027,0.0027
5528.997788399999,101.0,101.0021,0.0021
5529.997788,101.0,101.0017,0.0017
5530.997787599999,101.0,101.0017,0.0017
5531.997787199999,101.0,101.0009,0.0009
5532.9977868,101.0,100.9994,-0.0005
5533.997786399999,101.0,100.9983,-0.0016
5534.997785999999,101.0,100.9979,-0.002
5535.9977856,101.0,100.9977,-0.0022
5536.997785199999,101.0,100.9976,-0.0023
5537.997784799999,101.0,100.9974,-0.0025
5538.9977844,101.0,100.9976,-0.0023
5539.997783999999,101.0,100.9976,-0.0022
5540.997783599999,101.0,100.998,-0.0019
5541.9977831999995,101.0,100.9985,-0.0014
5542.9977828,101.0,100.9992,-0.0007
5543.997782399999,101.0,100.9996,-0.0002
5544.9977819999995,101.0,101.0004,0.0005
5545.9977816,101.0,101.0016,0.0016
5546.997781199999,101.0,101.0026,0.0026
5547.997780799999,101.0,101.0026,0.0026
5548.9977804,101.0,101.0024,0.0024
5549.997779999999,101.0,101.0023,0.0023
5550.997779599999,101.0,101.0028,0.0029
5551.9977792,101.0,101.0027,0.0027
5552.997778799999,101.0,101.0025,0.0025
5553.997778399999,101.0,101.002,0.002
5554.997778,101.0,101.0015,0.0015
5555.997777599999,101.0,101.0007,0.0007
5556.997777199999,101.0,101.0002,0.0002
5557.9977768,101.0,101.0,0.0
5558.9977764,101.0,100.9994,-0.0005
5559.997775999999,101.0,100.998,-0.0019
5560.9977756,101.0,100.997,-0.0029
5561.9977751999995,101.0,100.9964,-0.0035
5562.997774799999,101.0,100.9969,-0.003
5563.9977744,101.0,100.997,-0.0029
5564.9977739999995,101.0,100.9977,-0.0022
5565.997773599999,101.0,100.9983,-0.0016
5566.9977732,101.0,100.9993,-0.0006
5567.997772799999,101.0,100.9999,-0.0
5568.997772399999,101.0,101.0004,0.0004
5569.997772,101.0,101.0009,0.0009
5570.997771599999,101.0,101.0019,0.0019
5571.997771199999,101.0,101.0028,0.0028
5572.997770799999,101.0,101.0033,0.0033
5573.997770399999,101.0,101.003,0.003
5574.99777,101.0,101.0024,0.0024
5575.997769599999,101.0,101.0018,0.0018
5576.997769199999,101.0,101.0011,0.0011
5577.9977688,101.0,101.0003,0.0004
5578.997768399999,101.0,100.9993,-0.0006
5579.997767999999,101.0,100.9983,-0.0016
5580.9977676,101.0,100.9973,-0.0026
5581.997767199999,101.0,100.9969,-0.003
5582.997766799999,101.0,100.997,-0.0028
5583.9977664,101.0,100.9972,-0.0027
5584.997765999999,101.0,100.9975,-0.0024
5585.997765599999,101.0,100.9981,-0.0018
5586.9977652,101.0,100.9988,-0.001
5587.997764799999,101.0,100.9994,-0.0005
5588.997764399999,101.0,100.9994,-0.0005
5589.997764,101.0,100.9995,-0.0004
5590.997763599999,101.0,100.9999,-0.0
5591.997763199999,101.0,101.0002,0.0002
5592.9977628,101.0,101.0004,0.0004
5593.997762399999,101.0,101.0008,0.0008
5594.997761999999,101.0,101.0009,0.0009
5595.9977616,101.0,101.0009,0.0009
5596.997761199999,101.0,101.0005,0.0006
5597.997760799999,101.0,101.0005,0.0005
5598.9977604,101.0,101.0006,0.0007
5599.997759999999,101.0,101.0007,0.0007
5600.997759599999,101.0,101.0002,0.0002
5601.9977592,101.0,101.0003,0.0004
5602.997758799999,101.0,101.0006,0.0006
5603.997758399999,101.0,101.001,0.001
5604.9977579999995,101.0,101.0007,0.0007
5605.997757599999,101.0,101.0008,0.0008
5606.9977572,101.0,101.0008,0.0008
5607.9977567999995,101.0,101.0005,0.0005
5608.997756399999,101.0,101.0002,0.0002
5609.997756,101.0,100.9999,-0.0
5610.997755599999,101.0,100.9998,-0.0001
5611.997755199999,101.0,100.9992,-0.0007
5612.9977548,101.0,100.9982,-0.0017
5613.997754399999,101.0,100.9972,-0.0027
5614.997753999999,101.0,100.9968,-0.0031
5615.9977536,101.0,100.9968,-0.0031
5616.997753199999,101.0,100.9966,-0.0033
5617.997752799999,101.0,100.9966,-0.0033
5618.9977524,101.0,100.9961,-0.0038
5619.997751999999,101.0,100.9964,-0.0035
5620.997751599999,101.0,100.9967,-0.0032
5621.9977512,101.0,100.9977,-0.0022
5622.9977508,101.0,100.999,-0.0009
5623.997750399999,101.0,101.0002,0.0002
5624.9977499999995,101.0,101.0014,0.0014
5625.9977496,101.0,101.0022,0.0022
5626.997749199999,101.0,101.0027,0.0027
5627.9977487999995,101.0,101.0029,0.0029
5628.9977484,101.0,101.0027,0.0027
5629.997747999999,101.0,101.0028,0.0028
5630.9977475999995,101.0,101.0025,0.0025
5631.9977472,101.0,101.0016,0.0016
5632.997746799999,101.0,101.0004,0.0004
5633.997746399999,101.0,100.9998,-0.0001
5634.997745999999,101.0,100.9993,-0.0006
5635.997745599999,101.0,100.9989,-0.001
5636.997745199999,101.0,100.9978,-0.0021
5637.997744799999,101.0,100.9968,-0.0031
5638.9977444,101.0,100.996,-0.0039
5639.997743999999,101.0,100.9953,-0.0046
5640.997743599999,101.0,100.9954,-0.0045
5641.9977432,101.0,100.9953,-0.0046
5642.997742799999,101.0,100.996,-0.0039
5643.997742399999,101.0,100.9966,-0.0033
5644.997742,101.0,100.9976,-0.0023
5645.997741599999,101.0,100.9985,-0.0014
5646.997741199999,101.0,100.9995,-0.0003
5647.9977407999995,101.0,101.0002,0.0002
5648.997740399999,101.0,101.0014,0.0015
5649.997739999999,101.0,101.0026,0.0026
5650.9977395999995,101.0,101.0039,0.0039
5651.997739199999,101.0,101.0043,0.0043
5652.997738799999,101.0,101.0042,0.0042
5653.997738399999,101.0,101.0037,0.0037
5654.997738,101.0,101.0026,0.0027
5655.997737599999,101.0,101.0018,0.0018
5656.997737199999,101.0,101.0009,0.0009
5657.9977368,101.0,101.0001,0.0001
5658.997736399999,101.0,100.9992,-0.0007
5659.997735999999,101.0,100.9984,-0.0015
5660.9977356,101.0,100.9977,-0.0022
5661.997735199999,101.0,100.9974,-0.0025
5662.997734799999,101.0,100.9966,-0.0033
5663.9977344,101.0,100.9962,-0.0037
5664.997733999999,101.0,100.9961,-0.0038
5665.997733599999,101.0,100.9965,-0.0034
5666.9977332,101.0,100.997,-0.0029
5667.997732799999,101.0,100.9973,-0.0026
5668.997732399999,101.0,100.9981,-0.0018
5669.997732,101.0,100.9987,-0.0012
5670.9977315999995,101.0,101.0,0.0
5671.997731199999,101.0,101.0003,0.0003
5672.9977308,101.0,101.001,0.001
5673.997730399999,101.0,101.0013,0.0013
5674.997729999999,101.0,101.0017,0.0017
5675.9977296,101.0,101.0023,0.0023
5676.997729199999,101.0,101.0026,0.0026
5677.997728799999,101.0,101.0027,0.0027
5678.9977284,101.0,101.0021,0.0021
5679.997727999999,101.0,101.0011,0.0011
5680.997727599999,101.0,101.0002,0.0002
5681.9977272,101.0,100.9997,-0.0002
5682.997726799999,101.0,100.9997,-0.0001
5683.997726399999,101.0,100.9995,-0.0004
5684.997726,101.0,100.9994,-0.0005
5685.997725599999,101.0,100.9993,-0.0006
5686.9977252,101.0,100.9987,-0.0012
5687.9977248,101.0,100.9978,-0.002
5688.997724399999,101.0,100.9976,-0.0023
5689.997724,101.0,100.9979,-0.002
5690.9977235999995,101.0,100.9986,-0.0013
5691.997723199999,101.0,100.999,-0.0009
5692.9977228,101.0,100.9992,-0.0007
5693.997722399999,101.0,100.9994,-0.0005
5694.997721999999,101.0,100.9991,-0.0008
5695.9977216,101.0,100.9987,-0.0012
5696.9977211999985,101.0,100.9987,-0.0012
5697.997720799999,101.0,100.9989,-0.001
5698.9977204,101.0,100.9991,-0.0008
5699.997719999999,101.0,100.9983,-0.0016
5700.997719599999,101.0,100.9977,-0.0022
5701.9977192,101.0,100.9977,-0.0022
5702.997718799999,101.0,100.9983,-0.0016
5703.997718399999,101.0,100.9993,-0.0006
5704.997718,101.0,101.0006,0.0006
5705.997717599999,101.0,101.0015,0.0015
5706.997717199999,101.0,101.0014,0.0015
5707.9977168,101.0,101.0011,0.0011
5708.997716399999,101.0,101.0009,0.0009
5709.997715999999,101.0,101.001,0.001
5710.9977155999995,101.0,101.0013,0.0013
5711.997715199999,101.0,101.0016,0.0017
5712.997714799999,101.0,101.0018,0.0018
5713.9977143999995,101.0,101.0014,0.0014
5714.997713999999,101.0,101.0009,0.0009
5715.997713599999,101.0,101.0002,0.0002
5716.997713199999,101.0,100.9997,-0.0002
5717.997712799999,101.0,100.999,-0.0009
5718.9977124,101.0,100.9988,-0.0011
5719.997711999999,101.0,100.9989,-0.001
5720.997711599999,101.0,100.9985,-0.0014
5721.9977112,101.0,100.9984,-0.0014
5722.997710799999,101.0,100.9984,-0.0015
5723.997710399999,101.0,100.9985,-0.0014
5724.99771,101.0,100.9986,-0.0013
5725.997709599999,101.0,100.9985,-0.0014
5726.997709199999,101.0,100.9988,-0.0011
5727.9977088,101.0,100.9993,-0.0005
5728.997708399999,101.0,100.9998,-0.0001
5729.997707999999,101.0,101.0005,0.0005
5730.9977076,101.0,101.0014,0.0014
5731.997707199999,101.0,101.002,0.002
5732.997706799999,101.0,101.0022,0.0022
5733.9977063999995,101.0,101.002,0.002
5734.997706,101.0,101.0013,0.0014
5735.997705599999,101.0,101.001,0.001
5736.9977051999995,101.0,101.0008,0.0009
5737.9977048,101.0,101.0006,0.0006
5738.997704399999,101.0,100.9996,-0.0003
5739.997703999999,101.0,100.9989,-0.001
5740.9977036,101.0,100.9987,-0.0011
5741.997703199999,101.0,100.9987,-0.0012
5742.997702799999,101.0,100.9987,-0.0012
5743.9977024,101.0,100.9985,-0.0014
5744.997701999999,101.0,100.999,-0.0009
5745.997701599999,101.0,100.999,-0.0009
5746.9977012,101.0,100.9985,-0.0014
5747.997700799999,101.0,100.9979,-0.002
5748.997700399999,101.0,100.9982,-0.0017
5749.9977,101.0,100.9988,-0.0011
5750.9976996,101.0,101.0001,0.0001
5751.997699199999,101.0,101.0013,0.0013
5752.997698799999,101.0,101.0021,0.0021
5753.9976983999995,101.0,101.0029,0.0029
5754.997697999999,101.0,101.0026,0.0027
5755.997697599999,101.0,101.0023,0.0023
5756.9976971999995,101.0,101.0019,0.0019
5757.997696799999,101.0,101.0017,0.0018
5758.997696399999,101.0,101.0016,0.0016
5759.997695999999,101.0,101.0012,0.0012
5760.997695599999,101.0,101.0003,0.0004
5761.997695199999,101.0,101.0,0.0
5762.997694799999,101.0,100.9993,-0.0006
5763.997694399999,101.0,100.999,-0.0009
5764.997693999999,101.0,100.9985,-0.0014
5765.997693599999,101.0,100.9982,-0.0017
5766.9976932,101.0,100.9974,-0.0025
5767.997692799999,101.0,100.9967,-0.0032
5768.997692399999,101.0,100.9969,-0.003
5769.997692,101.0,100.9976,-0.0023
5770.997691599999,101.0,100.9987,-0.0012
5771.997691199999,101.0,100.9989,-0.001
5772.9976908,101.0,100.9995,-0.0004
5773.997690399999,101.0,100.9997,-0.0001
5774.997689999999,101.0,100.9997,-0.0002
5775.9976896,101.0,100.9994,-0.0005
5776.997689199999,101.0,100.9997,-0.0002
5777.997688799999,101.0,101.0001,0.0001
5778.9976884,101.0,101.0001,0.0001
5779.9976879999995,101.0,100.9996,-0.0002
5780.997687599999,101.0,100.9993,-0.0005
5781.9976872,101.0,100.9999,0.0
5782.997686799999,101.0,101.0006,0.0006
5783.997686399999,101.0,101.0007,0.0007
5784.997686,101.0,101.0009,0.0009
5785.997685599999,101.0,101.0012,0.0012
5786.997685199999,101.0,101.0011,0.0011
5787.9976848,101.0,101.0007,0.0008
5788.997684399999,101.0,101.0002,0.0002
5789.997683999999,101.0,100.9997,-0.0002
5790.9976836,101.0,101.0,0.0
5791.997683199999,101.0,101.0001,0.0001
5792.997682799999,101.0,101.0003,0.0003
5793.9976824,101.0,101.0001,0.0001
5794.997681999999,101.0,100.9997,-0.0002
5795.9976816,101.0,100.9998,-0.0001
5796.9976811999995,101.0,100.9999,-0.0
5797.997680799999,101.0,100.999,-0.0009
5798.9976804,101.0,100.9978,-0.002
5799.9976799999995,101.0,100.9972,-0.0027
5800.997679599999,101.0,100.9972,-0.0027
5801.9976792,101.0,100.9971,-0.0028
5802.997678799999,101.0,100.9967,-0.0032
5803.997678399999,101.0,100.9972,-0.0027
5804.997678,101.0,100.9987,-0.0012
5805.997677599999,101.0,100.9997,-0.0002
5806.997677199999,101.0,101.0,0.0
5807.9976768,101.0,101.0002,0.0002
5808.997676399999,101.0,101.001,0.001
5809.997675999999,101.0,101.0018,0.0018
5810.9976756,101.0,101.0026,0.0026
5811.997675199999,101.0,101.0032,0.0033
5812.997674799999,101.0,101.0042,0.0042
5813.9976744,101.0,101.0046,0.0046
5814.997673999999,101.0,101.0044,0.0044
5815.997673599999,101.0,101.0034,0.0034
5816.9976732,101.0,101.0025,0.0025
5817.997672799999,101.0,101.0015,0.0015
5818.997672399999,101.0,101.0006,0.0006
5819.9976719999995,101.0,100.9987,-0.0012
5820.997671599999,101.0,100.9974,-0.0025
5821.997671199999,101.0,100.997,-0.0029
5822.9976707999995,101.0,100.9975,-0.0024
5823.997670399999,101.0,100.9976,-0.0023
5824.997669999999,101.0,100.9978,-0.002
5825.997669599999,101.0,100.9979,-0.0019
5826.997669199999,101.0,100.998,-0.0019
5827.9976688,101.0,100.9978,-0.0021
5828.997668399999,101.0,100.9979,-0.002
5829.997667999999,101.0,100.999,-0.0009
5830.9976676,101.0,101.0003,0.0003
5831.997667199999,101.0,101.0009,0.0009
5832.997666799999,101.0,101.0009,0.0009
5833.9976664,101.0,101.0009,0.0009
5834.997665999999,101.0,101.0014,0.0014
5835.997665599999,101.0,101.0026,0.0026
5836.9976652,101.0,101.0032,0.0032
5837.997664799999,101.0,101.0033,0.0033
5838.997664399999,101.0,101.0027,0.0028
5839.9976639999995,101.0,101.0022,0.0022
5840.997663599999,101.0,101.0013,0.0013
5841.997663199999,101.0,101.0003,0.0003
5842.9976627999995,101.0,101.0,0.0
5843.997662399999,101.0,100.9998,-0.0001
5844.997661999999,101.0,101.0001,0.0001
5845.997661599999,101.0,100.9996,-0.0003
5846.9976612,101.0,100.9989,-0.001
5847.997660799999,101.0,100.9981,-0.0018
5848.997660399999,101.0,100.9978,-0.002
5849.99766,101.0,100.9981,-0.0018
5850.997659599999,101.0,100.9982,-0.0017
5851.997659199999,101.0,100.998,-0.0019
5852.9976588,101.0,100.9984,-0.0015
5853.997658399999,101.0,100.9993,-0.0006
5854.997657999999,101.0,101.0002,0.0002
5855.9976576,101.0,101.0008,0.0009
5856.997657199999,101.0,101.0018,0.0018
5857.997656799999,101.0,101.0026,0.0026
5858.9976564,101.0,101.0027,0.0027
5859.997656,101.0,101.0021,0.0021
5860.997655599999,101.0,101.0019,0.0019
5861.9976552,101.0,101.002,0.002
5862.9976547999995,101.0,101.0017,0.0018
5863.997654399999,101.0,101.0011,0.0011
5864.997654,101.0,101.0012,0.0012
5865.9976535999995,101.0,101.0014,0.0015
5866.997653199999,101.0,101.0011,0.0012
5867.9976528,101.0,100.9999,-0.0
5868.997652399999,101.0,100.9986,-0.0012
5869.997651999999,101.0,100.9985,-0.0014
5870.9976516,101.0,100.9982,-0.0017
5871.997651199999,101.0,100.9981,-0.0018
5872.997650799999,101.0,100.9977,-0.0022
5873.997650399999,101.0,100.9982,-0.0017
5874.997649999999,101.0,100.9986,-0.0012
5875.9976496,101.0,100.9995,-0.0004
5876.997649199999,101.0,101.0004,0.0004
5877.997648799999,101.0,101.0011,0.0011
5878.9976484,101.0,101.0016,0.0016
5879.997647999999,101.0,101.0016,0.0017
5880.997647599999,101.0,101.0017,0.0017
5881.9976472,101.0,101.0016,0.0016
5882.997646799999,101.0,101.0016,0.0016
5883.997646399999,101.0,101.0014,0.0014
5884.997646,101.0,101.0015,0.0015
5885.997645599999,101.0,101.0004,0.0005
5886.997645199999,101.0,100.9996,-0.0003
5887.9976448,101.0,100.9988,-0.0011
5888.9976443999985,101.0,100.9986,-0.0013
5889.997643999999,101.0,100.9984,-0.0015
5890.9976436,101.0,100.9977,-0.0022
5891.997643199999,101.0,100.9972,-0.0027
5892.997642799999,101.0,100.9973,-0.0026
5893.9976424,101.0,100.9977,-0.0022
5894.997641999999,101.0,100.9986,-0.0013
5895.997641599999,101.0,100.9992,-0.0007
5896.9976412,101.0,101.0001,0.0001
5897.997640799999,101.0,101.0008,0.0008
5898.997640399999,101.0,101.0013,0.0013
5899.99764,101.0,101.0012,0.0012
5900.997639599999,101.0,101.0009,0.0009
5901.997639199999,101.0,101.0003,0.0003
5902.9976388,101.0,101.0003,0.0003
5903.997638399999,101.0,101.0,0.0
5904.997637999999,101.0,101.0007,0.0007
5905.9976375999995,101.0,101.0012,0.0012
5906.997637199999,101.0,101.0014,0.0014
5907.9976368,101.0,101.0007,0.0007
5908.9976363999995,101.0,100.9997,-0.0002
5909.997635999999,101.0,100.9993,-0.0005
5910.9976356,101.0,100.9998,-0.0001
5911.997635199999,101.0,101.0005,0.0005
5912.997634799999,101.0,101.0014,0.0014
5913.9976344,101.0,101.0021,0.0021
5914.997633999999,101.0,101.0026,0.0026
5915.997633599999,101.0,101.0028,0.0028
5916.9976332,101.0,101.0028,0.0028
5917.997632799999,101.0,101.0025,0.0025
5918.997632399999,101.0,101.0018,0.0018
5919.997632,101.0,101.0013,0.0013
5920.997631599999,101.0,101.0012,0.0013
5921.997631199999,101.0,101.001,0.001
5922.9976308,101.0,101.0002,0.0002
5923.9976304,101.0,100.9997,-0.0002
5924.997629999999,101.0,101.0,0.0
5925.9976295999995,101.0,100.9998,-0.0001
5926.9976292,101.0,100.9992,-0.0007
5927.997628799999,101.0,100.9985,-0.0014
5928.9976283999995,101.0,100.999,-0.0009
5929.997628,101.0,101.0,0.0
5930.997627599999,101.0,101.0004,0.0004
5931.997627199999,101.0,101.0003,0.0004
5932.9976268,101.0,101.0006,0.0006
5933.997626399999,101.0,101.0012,0.0012
5934.997625999999,101.0,101.0016,0.0017
5935.997625599999,101.0,101.0022,0.0022
5936.997625199999,101.0,101.003,0.003
5937.997624799999,101.0,101.0035,0.0035
5938.997624399999,101.0,101.0035,0.0035
5939.997624,101.0,101.0028,0.0028
5940.997623599999,101.0,101.0021,0.0021
5941.997623199999,101.0,101.0017,0.0017
5942.9976228,101.0,101.0013,0.0013
5943.997622399999,101.0,101.0014,0.0014
5944.997621999999,101.0,101.0014,0.0014
5945.9976216,101.0,101.0014,0.0015
5946.997621199999,101.0,101.001,0.001
5947.997620799999,101.0,100.9999,-0.0
5948.9976203999995,101.0,100.9988,-0.001
5949.997619999999,101.0,100.9985,-0.0014
5950.997619599999,101.0,100.9987,-0.0012
5951.9976191999995,101.0,100.9993,-0.0006
5952.997618799999,101.0,100.9998,-0.0001
5953.997618399999,101.0,101.0003,0.0003
5954.997617999999,101.0,101.0008,0.0008
5955.9976176,101.0,101.0015,0.0015
5956.997617199999,101.0,101.0018,0.0018
5957.997616799999,101.0,101.0022,0.0023
5958.9976164,101.0,101.0022,0.0022
5959.997615999999,101.0,101.0022,0.0022
5960.997615599999,101.0,101.0025,0.0025
5961.9976152,101.0,101.0025,0.0025
5962.997614799999,101.0,101.0021,0.0021
5963.997614399999,101.0,101.0018,0.0018
5964.997614,101.0,101.002,0.002
5965.997613599999,101.0,101.0018,0.0018
5966.997613199999,101.0,101.0008,0.0008
5967.9976128,101.0,100.9993,-0.0006
5968.997612399999,101.0,100.9987,-0.0012
5969.997611999999,101.0,100.999,-0.0009
5970.9976116,101.0,100.9993,-0.0006
5971.9976111999995,101.0,100.9996,-0.0003
5972.997610799999,101.0,101.0,0.0
5973.9976104,101.0,100.9998,-0.0
5974.997609999999,101.0,100.9996,-0.0003
5975.997609599999,101.0,100.9994,-0.0005
5976.9976092,101.0,101.0,0.0
5977.997608799999,101.0,101.0007,0.0007
5978.997608399999,101.0,101.001,0.001
5979.997608,101.0,101.0004,0.0004
5980.997607599999,101.0,101.0006,0.0006
5981.997607199999,101.0,101.0008,0.0008
5982.9976068,101.0,101.0014,0.0014
5983.997606399999,101.0,101.0013,0.0013
5984.997605999999,101.0,101.0013,0.0013
5985.9976056,101.0,101.0008,0.0008
5986.997605199999,101.0,101.0005,0.0005
5987.9976048,101.0,101.0001,0.0001
5988.9976044,101.0,100.9998,-0.0001
5989.997603999999,101.0,100.9999,-0.0
5990.9976036,101.0,100.9994,-0.0005
5991.9976031999995,101.0,100.9996,-0.0002
5992.997602799999,101.0,100.9998,-0.0001
5993.9976024,101.0,100.9996,-0.0002
5994.997601999999,101.0,100.9997,-0.0002
5995.997601599999,101.0,101.0002,0.0003
5996.9976012,101.0,101.0012,0.0012
5997.9976007999985,101.0,101.0019,0.0019
5998.997600399999,101.0,101.0017,0.0017
5999.9976,101.0,101.0011,0.0012
6000.9975995999985,101.0,101.0007,0.0007
6001.997599199999,101.0,101.0003,0.0003
6002.9975988,101.0,101.0002,0.0002
6003.997598399999,101.0,101.0002,0.0002
6004.997597999999,101.0,101.0001,0.0001
6005.9975976,101.0,100.9997,-0.0002
6006.997597199999,101.0,100.9995,-0.0004
6007.997596799999,101.0,100.9994,-0.0005
6008.9975964,101.0,100.9993,-0.0006
6009.997595999999,101.0,100.9991,-0.0008
6010.997595599999,101.0,100.9993,-0.0005
6011.9975951999995,101.0,100.9997,-0.0002
6012.997594799999,101.0,101.0,0.0
6013.997594399999,101.0,100.9996,-0.0003
6014.9975939999995,101.0,100.9995,-0.0004
6015.997593599999,101.0,101.0006,0.0006
6016.997593199999,101.0,101.0018,0.0018
6017.997592799999,101.0,101.0026,0.0026
6018.997592399999,101.0,101.0026,0.0026
6019.997592,101.0,101.0025,0.0025
6020.997591599999,101.0,101.0026,0.0026
6021.997591199999,101.0,101.0026,0.0026
6022.9975908,101.0,101.0022,0.0022
6023.997590399999,101.0,101.0021,0.0021
6024.997589999999,101.0,101.0021,0.0021
6025.9975896,101.0,101.0018,0.0018
6026.997589199999,101.0,101.0015,0.0015
6027.997588799999,101.0,101.0009,0.0009
6028.9975884,101.0,101.0006,0.0007
6029.997587999999,101.0,101.0009,0.0009
6030.997587599999,101.0,101.0007,0.0007
6031.9975871999995,101.0,101.0007,0.0007
6032.997586799999,101.0,101.0007,0.0007
6033.997586399999,101.0,101.0007,0.0007
6034.9975859999995,101.0,101.0006,0.0006
6035.9975856,101.0,101.0008,0.0008
6036.997585199999,101.0,101.0011,0.0011
6037.9975847999995,101.0,101.0017,0.0017
6038.9975844,101.0,101.002,0.002
6039.997583999999,101.0,101.0023,0.0023
6040.997583599999,101.0,101.003,0.003
6041.9975832,101.0,101.0033,0.0034
6042.997582799999,101.0,101.0034,0.0034
6043.997582399999,101.0,101.0035,0.0035
6044.997582,101.0,101.0036,0.0036
6045.997581599999,101.0,101.0033,0.0034
6046.997581199999,101.0,101.0027,0.0027
6047.9975808,101.0,101.0021,0.0021
6048.997580399999,101.0,101.002,0.002
6049.997579999999,101.0,101.0021,0.0021
6050.9975796,101.0,101.0016,0.0016
6051.9975792,101.0,101.0012,0.0012
6052.997578799999,101.0,101.0009,0.0009
6053.997578399999,101.0,101.0005,0.0006
6054.9975779999995,101.0,101.0,0.0
6055.997577599999,101.0,101.0001,0.0001
6056.997577199999,101.0,101.001,0.001
6057.9975767999995,101.0,101.0018,0.0018
6058.997576399999,101.0,101.0024,0.0024
6059.997575999999,101.0,101.0026,0.0026
6060.997575599999,101.0,101.0032,0.0032
6061.997575199999,101.0,101.0033,0.0033
6062.997574799999,101.0,101.0034,0.0034
6063.997574399999,101.0,101.0029,0.0029
6064.997573999999,101.0,101.0023,0.0023
6065.997573599999,101.0,101.0015,0.0015
6066.997573199999,101.0,101.0009,0.0009
6067.9975728,101.0,101.0007,0.0007
6068.997572399999,101.0,101.0013,0.0013
6069.997571999999,101.0,101.0023,0.0023
6070.9975716,101.0,101.0027,0.0028
6071.997571199999,101.0,101.003,0.0031
6072.997570799999,101.0,101.0029,0.0029
6073.9975704,101.0,101.003,0.003
6074.997569999999,101.0,101.0028,0.0029
6075.997569599999,101.0,101.0028,0.0028
6076.9975692,101.0,101.0031,0.0031
6077.997568799999,101.0,101.0038,0.0038
6078.997568399999,101.0,101.0042,0.0042
6079.997568,101.0,101.0041,0.0041
6080.997567599999,101.0,101.0036,0.0036
6081.997567199999,101.0,101.0033,0.0033
6082.9975668,101.0,101.0026,0.0026
6083.997566399999,101.0,101.0022,0.0022
6084.997565999999,101.0,101.0016,0.0016
6085.9975656,101.0,101.001,0.001
6086.997565199999,101.0,101.0001,0.0001
6087.997564799999,101.0,100.9993,-0.0006
6088.9975644,101.0,100.9992,-0.0007
6089.997563999999,101.0,100.9993,-0.0006
6090.997563599999,101.0,100.999,-0.0009
6091.9975632,101.0,100.9987,-0.0012
6092.997562799999,101.0,100.9986,-0.0013
6093.997562399999,101.0,100.9989,-0.001
6094.997562,101.0,100.9994,-0.0005
6095.997561599999,101.0,101.0004,0.0005
6096.997561199999,101.0,101.0016,0.0016
6097.9975607999995,101.0,101.0022,0.0022
6098.997560399999,101.0,101.0023,0.0023
6099.99756,101.0,101.0022,0.0022
6100.9975595999995,101.0,101.0026,0.0026
6101.997559199999,101.0,101.0029,0.0029
6102.9975588,101.0,101.0033,0.0033
6103.997558399999,101.0,101.0034,0.0034
6104.997557999999,101.0,101.0033,0.0033
6105.9975576,101.0,101.0025,0.0025
6106.997557199999,101.0,101.0018,0.0018
6107.997556799999,101.0,101.0015,0.0015
6108.9975564,101.0,101.0012,0.0012
6109.997555999999,101.0,101.0007,0.0007
6110.997555599999,101.0,100.9997,-0.0002
6111.9975552,101.0,100.9989,-0.001
6112.997554799999,101.0,100.9988,-0.0011
6113.997554399999,101.0,100.9987,-0.0012
6114.997554,101.0,100.9995,-0.0004
6115.997553599999,101.0,101.0002,0.0002
6116.997553199999,101.0,101.0011,0.0012
6117.9975527999995,101.0,101.0015,0.0015
6118.997552399999,101.0,101.0018,0.0018
6119.997551999999,101.0,101.0018,0.0018
6120.9975515999995,101.0,101.0018,0.0018
6121.997551199999,101.0,101.0018,0.0018
6122.997550799999,101.0,101.0017,0.0017
6123.997550399999,101.0,101.0019,0.0019
6124.997549999999,101.0,101.002,0.002
6125.997549599999,101.0,101.0017,0.0018
6126.997549199999,101.0,101.0011,0.0011
6127.997548799999,101.0,100.9999,-0.0
6128.997548399999,101.0,100.9995,-0.0004
6129.997547999999,101.0,100.9995,-0.0004
6130.997547599999,101.0,100.9997,-0.0002
6131.9975472,101.0,100.9999,-0.0
6132.997546799999,101.0,100.9996,-0.0003
6133.997546399999,101.0,100.9993,-0.0006
6134.997546,101.0,100.9992,-0.0007
6135.997545599999,101.0,100.9996,-0.0003
6136.997545199999,101.0,101.0001,0.0001
6137.9975448,101.0,101.0001,0.0001
6138.997544399999,101.0,100.9998,-0.0001
6139.997543999999,101.0,100.9996,-0.0003
6140.9975435999995,101.0,100.9997,-0.0001
6141.997543199999,101.0,101.0003,0.0003
6142.997542799999,101.0,101.0008,0.0008
6143.9975423999995,101.0,101.0016,0.0016
6144.997541999999,101.0,101.0019,0.0019
6145.997541599999,101.0,101.0013,0.0013
6146.997541199999,101.0,101.0007,0.0007
6147.9975408,101.0,101.0001,0.0001
6148.997540399999,101.0,101.0001,0.0001
6149.997539999999,101.0,101.0001,0.0001
6150.9975396,101.0,101.0001,0.0001
6151.997539199999,101.0,100.9999,-0.0
6152.997538799999,101.0,100.9996,-0.0003
6153.9975384,101.0,100.9991,-0.0008
6154.997537999999,101.0,100.9991,-0.0008
6155.997537599999,101.0,100.9998,-0.0001
6156.9975372,101.0,101.0002,0.0002
6157.997536799999,101.0,101.0003,0.0004
6158.997536399999,101.0,100.9998,-0.0001
6159.997536,101.0,100.9993,-0.0006
6160.997535599999,101.0,100.9993,-0.0006
6161.997535199999,101.0,100.9993,-0.0006
6162.9975348,101.0,100.9997,-0.0002
6163.9975343999995,101.0,101.0002,0.0002
6164.997533999999,101.0,101.0007,0.0007
6165.9975336,101.0,101.0004,0.0004
6166.997533199999,101.0,101.0,0.0001
6167.997532799999,101.0,100.9997,-0.0001
6168.9975324,101.0,101.0,0.0
6169.997531999999,101.0,101.0004,0.0004
6170.997531599999,101.0,101.0,0.0
6171.9975312,101.0,100.9994,-0.0005
6172.997530799999,101.0,100.9989,-0.0009
6173.997530399999,101.0,100.9991,-0.0007
6174.997529999999,101.0,100.9993,-0.0006
6175.997529599999,101.0,100.9996,-0.0003
6176.997529199999,101.0,100.9997,-0.0002
6177.997528799999,101.0,101.0,0.0
6178.997528399999,101.0,101.0003,0.0003
6179.997528,101.0,101.0005,0.0005
6180.997527599999,101.0,101.0009,0.0009
6181.997527199999,101.0,101.0012,0.0012
6182.9975268,101.0,101.0017,0.0017
6183.997526399999,101.0,101.0022,0.0022
6184.997525999999,101.0,101.0024,0.0024
6185.9975256,101.0,101.0022,0.0023
6186.997525199999,101.0,101.0017,0.0017
6187.997524799999,101.0,101.001,0.001
6188.9975244,101.0,101.0002,0.0002
6189.9975239999985,101.0,100.9997,-0.0002
6190.997523599999,101.0,100.9995,-0.0004
6191.9975232,101.0,100.9998,-0.0001
6192.9975227999985,101.0,100.9995,-0.0004
6193.997522399999,101.0,100.9989,-0.001
6194.997522,101.0,100.9987,-0.0012
6195.997521599999,101.0,100.9994,-0.0005
6196.997521199999,101.0,100.9999,-0.0
6197.9975208,101.0,100.9999,-0.0
6198.997520399999,101.0,100.9993,-0.0006
6199.997519999999,101.0,100.9994,-0.0005
6200.9975196,101.0,100.9998,-0.0001
6201.997519199999,101.0,101.0001,0.0001
6202.997518799999,101.0,101.0004,0.0004
6203.9975183999995,101.0,101.0006,0.0006
6204.997517999999,101.0,101.0009,0.0009
6205.997517599999,101.0,101.0005,0.0006
6206.9975171999995,101.0,101.0004,0.0004
6207.997516799999,101.0,101.0007,0.0007
6208.997516399999,101.0,101.0011,0.0011
6209.997515999999,101.0,101.0011,0.0011
6210.997515599999,101.0,101.0004,0.0004
6211.9975152,101.0,101.0001,0.0001
6212.997514799999,101.0,101.0,0.0
6213.997514399999,101.0,100.9994,-0.0005
6214.997514,101.0,100.9992,-0.0007
6215.997513599999,101.0,100.999,-0.0009
6216.997513199999,101.0,100.9996,-0.0003
6217.9975128,101.0,100.9996,-0.0003
6218.997512399999,101.0,100.9993,-0.0005
6219.997511999999,101.0,100.9992,-0.0006
6220.9975116,101.0,100.9999,-0.0
6221.997511199999,101.0,101.0008,0.0009
6222.997510799999,101.0,101.0018,0.0018
6223.9975104,101.0,101.0025,0.0025
6224.997509999999,101.0,101.0025,0.0025
6225.997509599999,101.0,101.0023,0.0024
6226.9975091999995,101.0,101.002,0.002
6227.9975088,101.0,101.0019,0.0019
6228.997508399999,101.0,101.0018,0.0018
6229.9975079999995,101.0,101.0013,0.0013
6230.9975076,101.0,101.0005,0.0006
6231.997507199999,101.0,100.9996,-0.0003
6232.997506799999,101.0,100.9987,-0.0012
6233.9975064,101.0,100.9978,-0.0021
6234.997505999999,101.0,100.9974,-0.0025
6235.997505599999,101.0,100.9974,-0.0025
6236.997505199999,101.0,100.9978,-0.0021
6237.997504799999,101.0,100.9981,-0.0018
6238.997504399999,101.0,100.9986,-0.0013
6239.997503999999,101.0,100.9995,-0.0003
6240.9975036,101.0,101.0006,0.0006
6241.997503199999,101.0,101.0009,0.0009
6242.997502799999,101.0,101.0009,0.0009
6243.9975024,101.0,101.0017,0.0017
6244.997501999999,101.0,101.0025,0.0025
6245.997501599999,101.0,101.0027,0.0027
6246.9975011999995,101.0,101.0017,0.0018
6247.997500799999,101.0,101.0011,0.0011
6248.997500399999,101.0,101.0007,0.0007
6249.9974999999995,101.0,101.0002,0.0002
6250.997499599999,101.0,100.9993,-0.0006
6251.997499199999,101.0,100.9987,-0.0012
6252.997498799999,101.0,100.9983,-0.0016
6253.997498399999,101.0,100.9985,-0.0014
6254.997497999999,101.0,100.9988,-0.0011
6255.997497599999,101.0,100.9994,-0.0005
6256.997497199999,101.0,100.9999,-0.0
6257.997496799999,101.0,101.0,0.0
6258.997496399999,101.0,100.9998,-0.0001
6259.997496,101.0,101.0,0.0
6260.997495599999,101.0,101.0003,0.0004
6261.997495199999,101.0,101.0006,0.0007
6262.9974948,101.0,101.0011,0.0011
6263.997494399999,101.0,101.002,0.002
6264.997493999999,101.0,101.0022,0.0022
6265.9974936,101.0,101.002,0.002
6266.997493199999,101.0,101.0019,0.0019
6267.997492799999,101.0,101.0021,0.0021
6268.9974924,101.0,101.0022,0.0022
6269.997491999999,101.0,101.0019,0.0019
6270.997491599999,101.0,101.0013,0.0013
6271.9974912,101.0,101.0007,0.0007
6272.9974907999995,101.0,101.0002,0.0002
6273.997490399999,101.0,100.9988,-0.0011
6274.99749,101.0,100.9982,-0.0017
6275.997489599999,101.0,100.9977,-0.0022
6276.997489199999,101.0,100.9975,-0.0024
6277.9974888,101.0,100.9977,-0.0022
6278.997488399999,101.0,100.9982,-0.0017
6279.997487999999,101.0,100.9991,-0.0008
6280.9974876,101.0,100.9998,-0.0001
6281.997487199999,101.0,101.0,0.0
6282.997486799999,101.0,101.0005,0.0005
6283.9974864,101.0,101.0011,0.0012
6284.997485999999,101.0,101.0017,0.0017
6285.997485599999,101.0,101.0013,0.0013
6286.9974852,101.0,101.0011,0.0011
6287.997484799999,101.0,101.0016,0.0017
6288.997484399999,101.0,101.0025,0.0025
6289.9974839999995,101.0,101.0025,0.0025
6290.997483599999,101.0,101.0015,0.0015
6291.9974832,101.0,101.0007,0.0007
6292.9974827999995,101.0,101.0002,0.0002
6293.997482399999,101.0,100.9998,-0.0001
6294.997482,101.0,100.9992,-0.0007
6295.9974815999985,101.0,100.9985,-0.0014
6296.997481199999,101.0,100.9982,-0.0017
6297.9974808,101.0,100.9978,-0.0021
6298.9974803999985,101.0,100.9973,-0.0026
6299.997479999999,101.0,100.9974,-0.0025
6300.9974796,101.0,100.998,-0.0019
6301.997479199998,101.0,100.9992,-0.0007
6302.997478799999,101.0,100.9996,-0.0003
6303.9974784,101.0,100.9998,-0.0001
6304.997477999999,101.0,101.0001,0.0001
6305.997477599999,101.0,101.0004,0.0004
6306.9974772,101.0,101.0009,0.0009
6307.997476799999,101.0,101.0016,0.0016
6308.997476399999,101.0,101.0024,0.0024
6309.997476,101.0,101.0026,0.0026
6310.997475599999,101.0,101.0019,0.0019
6311.997475199999,101.0,101.0012,0.0012
6312.9974747999995,101.0,101.0007,0.0007
6313.997474399999,101.0,101.0008,0.0008
6314.997473999999,101.0,101.0007,0.0007
6315.9974735999995,101.0,101.0003,0.0003
6316.997473199999,101.0,100.9995,-0.0003
6317.997472799999,101.0,100.9987,-0.0012
6318.997472399999,101.0,100.9985,-0.0014
6319.997471999999,101.0,100.9987,-0.0012
6320.9974716,101.0,100.9991,-0.0008
6321.997471199999,101.0,100.9995,-0.0004
6322.997470799999,101.0,100.9998,-0.0001
6323.9974704,101.0,101.0,0.0
6324.997469999999,101.0,100.9998,-0.0
6325.997469599999,101.0,100.9996,-0.0002
6326.9974692,101.0,100.9999,-0.0
6327.997468799999,101.0,101.0002,0.0002
6328.997468399999,101.0,101.0008,0.0008
6329.997468,101.0,101.0011,0.0011
6330.997467599999,101.0,101.0014,0.0014
6331.997467199999,101.0,101.0018,0.0018
6332.9974667999995,101.0,101.002,0.002
6333.997466399999,101.0,101.0022,0.0022
6334.997465999999,101.0,101.0024,0.0024
6335.9974655999995,101.0,101.0026,0.0026
6336.9974652,101.0,101.0021,0.0021
6337.997464799999,101.0,101.0013,0.0013
6338.997464399999,101.0,101.0003,0.0003
6339.997464,101.0,101.0005,0.0006
6340.997463599999,101.0,101.001,0.001
6341.997463199999,101.0,101.0015,0.0015
6342.9974628,101.0,101.0016,0.0016
6343.997462399999,101.0,101.0015,0.0015
6344.997461999999,101.0,101.0016,0.0016
6345.9974616,101.0,101.0012,0.0012
6346.997461199999,101.0,101.0009,0.0009
6347.997460799999,101.0,101.0007,0.0007
6348.9974604,101.0,101.0013,0.0013
6349.997459999999,101.0,101.0015,0.0015
6350.997459599999,101.0,101.0011,0.0011
6351.9974592,101.0,101.0005,0.0005
6352.9974588,101.0,101.0,0.0
6353.997458399999,101.0,100.9998,-0.0001
6354.997457999999,101.0,100.9996,-0.0003
6355.9974575999995,101.0,100.9995,-0.0004
6356.997457199999,101.0,100.9996,-0.0003
6357.997456799999,101.0,101.0,0.0
6358.9974563999995,101.0,101.0007,0.0007
6359.997455999999,101.0,101.0015,0.0015
6360.997455599999,101.0,101.0018,0.0018
6361.997455199999,101.0,101.002,0.002
6362.997454799999,101.0,101.0017,0.0017
6363.997454399999,101.0,101.0017,0.0017
6364.997453999999,101.0,101.0018,0.0018
6365.997453599999,101.0,101.0011,0.0012
6366.997453199999,101.0,101.0006,0.0006
6367.997452799999,101.0,101.0006,0.0006
6368.9974524,101.0,101.0011,0.0012
6369.997451999999,101.0,101.0012,0.0012
6370.997451599999,101.0,101.001,0.001
6371.9974512,101.0,101.0004,0.0004
6372.997450799999,101.0,100.9996,-0.0003
6373.997450399999,101.0,100.9987,-0.0012
6374.99745,101.0,100.9981,-0.0018
6375.997449599999,101.0,100.9985,-0.0014
6376.997449199999,101.0,100.9989,-0.001
6377.9974488,101.0,100.9988,-0.001
6378.997448399999,101.0,100.9987,-0.0012
6379.997447999999,101.0,100.9993,-0.0006
6380.9974476,101.0,101.0,0.0
6381.9974471999985,101.0,101.0006,0.0006
6382.997446799999,101.0,101.0011,0.0012
6383.9974464,101.0,101.0018,0.0018
6384.997445999999,101.0,101.0025,0.0025
6385.997445599999,101.0,101.0028,0.0028
6386.9974452,101.0,101.0033,0.0033
6387.997444799999,101.0,101.0037,0.0037
6388.997444399999,101.0,101.0041,0.0041
6389.997444,101.0,101.0034,0.0034
6390.997443599999,101.0,101.0025,0.0025
6391.997443199999,101.0,101.0015,0.0015
6392.9974428,101.0,101.0006,0.0007
6393.997442399999,101.0,101.0002,0.0003
6394.997441999999,101.0,101.0001,0.0001
6395.9974416,101.0,101.0,0.0
6396.997441199999,101.0,100.9997,-0.0002
6397.997440799999,101.0,100.9991,-0.0007
6398.9974403999995,101.0,100.9987,-0.0012
6399.997439999999,101.0,100.9986,-0.0013
6400.9974396,101.0,100.9987,-0.0012
6401.9974391999995,101.0,100.9989,-0.0009
6402.997438799999,101.0,100.9994,-0.0005
6403.9974384,101.0,101.0,0.0
6404.997437999999,101.0,101.0003,0.0004
6405.997437599999,101.0,101.0007,0.0007
6406.9974372,101.0,101.0011,0.0011
6407.997436799999,101.0,101.0016,0.0016
6408.997436399999,101.0,101.0021,0.0021
6409.997436,101.0,101.0022,0.0022
6410.997435599999,101.0,101.0023,0.0024
6411.997435199999,101.0,101.0023,0.0023
6412.9974348,101.0,101.0017,0.0017
6413.997434399999,101.0,101.001,0.001
6414.997433999999,101.0,101.0001,0.0001
6415.9974336,101.0,101.0001,0.0001
6416.997433199999,101.0,100.9999,-0.0
6417.997432799999,101.0,101.0001,0.0001
6418.9974323999995,101.0,100.9998,-0.0001
6419.997431999999,101.0,100.9998,-0.0001
6420.997431599999,101.0,100.9995,-0.0004
6421.9974311999995,101.0,100.9996,-0.0003
6422.997430799999,101.0,101.0004,0.0004
6423.997430399999,101.0,101.0011,0.0011
6424.997429999999,101.0,101.0016,0.0016
6425.997429599999,101.0,101.0018,0.0018
6426.997429199999,101.0,101.0023,0.0023
6427.997428799999,101.0,101.0025,0.0026
6428.997428399999,101.0,101.0032,0.0032
6429.997427999999,101.0,101.0032,0.0032
6430.997427599999,101.0,101.0026,0.0027
6431.997427199999,101.0,101.0022,0.0022
6432.9974268,101.0,101.0014,0.0014
6433.997426399999,101.0,101.001,0.001
6434.997425999999,101.0,101.001,0.001
6435.9974256,101.0,101.001,0.001
6436.997425199999,101.0,101.001,0.001
6437.997424799999,101.0,101.0011,0.0011
6438.9974243999995,101.0,101.0008,0.0008
6439.997423999999,101.0,101.0007,0.0007
6440.997423599999,101.0,101.0004,0.0004
6441.9974231999995,101.0,101.0007,0.0007
6442.997422799999,101.0,101.001,0.001
6443.997422399999,101.0,101.0011,0.0011
6444.9974219999995,101.0,101.0006,0.0006
6445.997421599999,101.0,101.0002,0.0002
6446.997421199999,101.0,101.0002,0.0002
6447.997420799999,101.0,101.001,0.001
6448.9974204,101.0,101.002,0.002
6449.997419999999,101.0,101.0023,0.0023
6450.997419599999,101.0,101.0026,0.0026
6451.9974192,101.0,101.0026,0.0026
6452.997418799999,101.0,101.0026,0.0026
6453.997418399999,101.0,101.0021,0.0021
6454.997418,101.0,101.0016,0.0016
6455.997417599999,101.0,101.0014,0.0014
6456.997417199999,101.0,101.001,0.001
6457.9974168,101.0,101.0004,0.0004
6458.997416399999,101.0,100.9998,-0.0
6459.997415999999,101.0,100.9996,-0.0003
6460.9974156,101.0,100.9994,-0.0005
6461.997415199999,101.0,100.9991,-0.0008
6462.997414799999,101.0,100.999,-0.0009
6463.9974144,101.0,100.999,-0.0009
6464.9974139999995,101.0,100.999,-0.0009
6465.997413599999,101.0,100.999,-0.0009
6466.9974132,101.0,100.9987,-0.0012
6467.997412799999,101.0,100.9992,-0.0007
6468.997412399999,101.0,100.9999,-0.0
6469.997412,101.0,101.0005,0.0005
6470.997411599999,101.0,101.0003,0.0004
6471.997411199999,101.0,100.9998,-0.0001
6472.9974108,101.0,100.9995,-0.0004
6473.997410399999,101.0,100.9997,-0.0002
6474.997409999999,101.0,101.0,0.0
6475.997409599999,101.0,100.9994,-0.0005
6476.997409199999,101.0,100.9986,-0.0012
6477.997408799999,101.0,100.9981,-0.0018
6478.997408399999,101.0,100.9979,-0.0019
6479.997407999999,101.0,100.998,-0.0018
6480.9974076,101.0,100.9981,-0.0018
6481.997407199999,101.0,100.9979,-0.002
6482.997406799999,101.0,100.9979,-0.002
6483.9974064,101.0,100.998,-0.0019
6484.997405999999,101.0,100.9981,-0.0018
6485.997405599999,101.0,100.9984,-0.0015
6486.9974052,101.0,100.9985,-0.0014
6487.997404799999,101.0,100.9996,-0.0003
6488.997404399999,101.0,101.0008,0.0008
6489.997404,101.0,101.0014,0.0014
6490.9974035999985,101.0,101.0014,0.0014
6491.997403199999,101.0,101.0011,0.0011
6492.9974028,101.0,101.0002,0.0002
6493.9974023999985,101.0,100.9994,-0.0005
6494.997401999999,101.0,100.9992,-0.0007
6495.9974016,101.0,100.9995,-0.0004
6496.997401199999,101.0,100.9993,-0.0006
6497.997400799999,101.0,100.9987,-0.0012
6498.9974004,101.0,100.9979,-0.0019
6499.997399999999,101.0,100.9982,-0.0017
6500.997399599999,101.0,100.9978,-0.002
6501.9973992,101.0,100.9977,-0.0022
6502.997398799999,101.0,100.9981,-0.0018
6503.997398399999,101.0,100.9985,-0.0014
6504.9973979999995,101.0,100.9985,-0.0014
6505.997397599999,101.0,100.9979,-0.002
6506.997397199999,101.0,100.9977,-0.0022
6507.9973967999995,101.0,100.9982,-0.0017
6508.997396399999,101.0,100.9986,-0.0013
6509.997395999999,101.0,100.9992,-0.0007
6510.997395599999,101.0,100.9996,-0.0003
6511.997395199999,101.0,100.9998,-0.0001
6512.9973948,101.0,100.9998,-0.0001
6513.997394399999,101.0,100.9998,-0.0001
6514.997393999999,101.0,101.0002,0.0002
6515.9973936,101.0,101.0006,0.0006
6516.997393199999,101.0,101.0008,0.0008
6517.997392799999,101.0,101.0009,0.0009
6518.9973924,101.0,101.0009,0.0009
6519.997391999999,101.0,101.0008,0.0008
6520.997391599999,101.0,101.0007,0.0007
6521.9973912,101.0,101.0006,0.0006
6522.997390799999,101.0,101.0006,0.0006
6523.997390399999,101.0,100.9999,-0.0
6524.9973899999995,101.0,100.9995,-0.0004
6525.997389599999,101.0,100.9993,-0.0006
6526.997389199999,101.0,100.9993,-0.0006
6527.9973887999995,101.0,100.9996,-0.0003
6528.9973884,101.0,101.0,0.0
6529.997387999999,101.0,101.0003,0.0003
6530.9973875999995,101.0,101.0006,0.0006
6531.9973872,101.0,101.0008,0.0009
6532.997386799999,101.0,101.0003,0.0003
6533.997386399999,101.0,100.9996,-0.0002
6534.997386,101.0,100.999,-0.0009
6535.997385599999,101.0,100.9989,-0.001
6536.997385199999,101.0,100.9992,-0.0007
6537.997384799999,101.0,100.9994,-0.0005
6538.997384399999,101.0,100.9997,-0.0002
6539.997383999999,101.0,100.9998,-0.0001
6540.997383599999,101.0,100.9999,-0.0
6541.997383199999,101.0,100.9999,-0.0
6542.997382799999,101.0,100.9998,-0.0001
6543.997382399999,101.0,100.9998,-0.0001
6544.997382,101.0,100.9999,-0.0
6545.997381599999,101.0,101.0001,0.0001
6546.997381199999,101.0,101.0004,0.0004
6547.9973807999995,101.0,101.001,0.001
6548.997380399999,101.0,101.0016,0.0016
6549.997379999999,101.0,101.002,0.0021
6550.9973795999995,101.0,101.0022,0.0023
6551.997379199999,101.0,101.0023,0.0023
6552.997378799999,101.0,101.0022,0.0022
6553.997378399999,101.0,101.0023,0.0023
6554.997377999999,101.0,101.0023,0.0023
6555.997377599999,101.0,101.0016,0.0017
6556.997377199999,101.0,101.0011,0.0011
6557.997376799999,101.0,101.0001,0.0001
6558.997376399999,101.0,100.9998,-0.0001
6559.997375999999,101.0,100.9997,-0.0002
6560.9973756,101.0,100.9996,-0.0002
6561.997375199999,101.0,101.0005,0.0005
6562.997374799999,101.0,101.0018,0.0018
6563.9973744,101.0,101.002,0.002
6564.997373999999,101.0,101.0014,0.0015
6565.997373599999,101.0,101.0006,0.0006
6566.9973732,101.0,101.0007,0.0007
6567.997372799999,101.0,101.0012,0.0012
6568.997372399999,101.0,101.0018,0.0018
6569.997372,101.0,101.0024,0.0024
6570.997371599999,101.0,101.0031,0.0031
6571.997371199999,101.0,101.0032,0.0032
6572.9973708,101.0,101.0025,0.0025
6573.9973703999985,101.0,101.0022,0.0022
6574.997369999999,101.0,101.0027,0.0027
6575.9973696,101.0,101.0031,0.0031
6576.997369199999,101.0,101.0026,0.0026
6577.997368799999,101.0,101.001,0.001
6578.9973684,101.0,101.0006,0.0006
6579.997367999999,101.0,101.0008,0.0008
6580.997367599999,101.0,101.0012,0.0012
6581.9973672,101.0,101.0007,0.0007
6582.997366799999,101.0,101.0007,0.0007
6583.997366399999,101.0,101.0003,0.0003
6584.997366,101.0,100.9999,-0.0
6585.997365599999,101.0,100.9995,-0.0004
6586.997365199999,101.0,100.9994,-0.0005
6587.9973648,101.0,101.0004,0.0004
6588.997364399999,101.0,101.0008,0.0008
6589.997363999999,101.0,101.0015,0.0015
6590.9973635999995,101.0,101.0024,0.0024
6591.997363199999,101.0,101.0036,0.0036
6592.9973628,101.0,101.0049,0.0049
6593.9973623999995,101.0,101.0055,0.0055
6594.997361999999,101.0,101.006,0.006
6595.9973616,101.0,101.0056,0.0056
6596.9973611999985,101.0,101.0048,0.0048
6597.997360799999,101.0,101.0039,0.0039
6598.9973604,101.0,101.003,0.003
6599.9973599999985,101.0,101.0022,0.0022
6600.997359599999,101.0,101.0015,0.0015
6601.9973592,101.0,101.0014,0.0014
6602.997358799998,101.0,101.0021,0.0021
6603.997358399999,101.0,101.0025,0.0025
6604.997358,101.0,101.0015,0.0015
6605.997357599998,101.0,101.0003,0.0003
6606.997357199999,101.0,100.9994,-0.0005
6607.9973568,101.0,100.9997,-0.0002
6608.997356399999,101.0,100.9996,-0.0003
6609.997355999999,101.0,100.9996,-0.0003
6610.9973555999995,101.0,101.0,0.0
6611.997355199999,101.0,101.001,0.001
6612.997354799999,101.0,101.0011,0.0011
6613.9973543999995,101.0,101.001,0.001
6614.997353999999,101.0,101.0008,0.0008
6615.997353599999,101.0,101.0011,0.0011
6616.997353199999,101.0,101.0011,0.0011
6617.997352799999,101.0,101.0004,0.0005
6618.997352399999,101.0,100.9999,-0.0
6619.997351999999,101.0,100.9997,-0.0002
6620.997351599999,101.0,100.9992,-0.0007
6621.997351199999,101.0,100.9986,-0.0013
6622.997350799999,101.0,100.9984,-0.0015
6623.997350399999,101.0,100.9991,-0.0008
6624.99735,101.0,100.9995,-0.0003
6625.997349599999,101.0,100.999,-0.0009
6626.997349199999,101.0,100.9979,-0.002
6627.9973488,101.0,100.9977,-0.0022
6628.997348399999,101.0,100.9983,-0.0016
6629.997347999999,101.0,100.9989,-0.001
6630.9973476,101.0,100.9994,-0.0005
6631.997347199999,101.0,100.9999,-0.0
6632.997346799999,101.0,101.0003,0.0004
6633.9973463999995,101.0,101.0012,0.0012
6634.997345999999,101.0,101.0021,0.0021
6635.997345599999,101.0,101.0022,0.0022
6636.9973451999995,101.0,101.0015,0.0015
6637.997344799999,101.0,101.0005,0.0005
6638.997344399999,101.0,100.9999,-0.0
6639.997343999999,101.0,101.0,0.0
6640.9973436,101.0,101.0005,0.0005
6641.997343199999,101.0,101.001,0.001
6642.997342799999,101.0,101.0016,0.0016
6643.9973424,101.0,101.0014,0.0014
6644.997341999999,101.0,101.0005,0.0005
6645.997341599999,101.0,100.9998,-0.0001
6646.9973412,101.0,100.9995,-0.0004
6647.997340799999,101.0,101.0001,0.0001
6648.997340399999,101.0,101.0005,0.0005
6649.99734,101.0,101.0005,0.0005
6650.997339599999,101.0,101.0008,0.0008
6651.997339199999,101.0,101.0011,0.0012
6652.9973388,101.0,101.0011,0.0011
6653.997338399999,101.0,101.0002,0.0002
6654.997337999999,101.0,100.9997,-0.0002
6655.997337599999,101.0,100.9994,-0.0005
6656.9973371999995,101.0,100.9995,-0.0004
6657.997336799999,101.0,100.9992,-0.0007
6658.997336399999,101.0,100.9986,-0.0013
6659.997335999999,101.0,100.9985,-0.0014
6660.997335599999,101.0,100.9983,-0.0016
6661.997335199999,101.0,100.9981,-0.0018
6662.997334799999,101.0,100.9984,-0.0015
6663.997334399999,101.0,100.9989,-0.001
6664.997333999999,101.0,100.9989,-0.0009
6665.997333599999,101.0,100.9985,-0.0014
6666.997333199999,101.0,100.9984,-0.0015
6667.997332799999,101.0,100.9996,-0.0002
6668.997332399999,101.0,101.0005,0.0005
6669.997331999999,101.0,101.001,0.001
6670.997331599999,101.0,101.0012,0.0012
6671.997331199999,101.0,101.0018,0.0018
6672.9973308,101.0,101.0019,0.0019
6673.997330399999,101.0,101.0018,0.0018
6674.997329999999,101.0,101.0015,0.0015
6675.9973296,101.0,101.0016,0.0016
6676.997329199999,101.0,101.0011,0.0012
6677.997328799999,101.0,101.0003,0.0003
6678.9973284,101.0,100.9995,-0.0004
6679.997327999999,101.0,100.9993,-0.0006
6680.997327599999,101.0,100.9994,-0.0005
6681.9973272,101.0,100.9988,-0.0011
6682.9973267999985,101.0,100.9985,-0.0014
6683.997326399999,101.0,100.9984,-0.0014
6684.997326,101.0,100.9978,-0.0021
6685.997325599999,101.0,100.9971,-0.0027
6686.997325199999,101.0,100.9966,-0.0033
6687.9973248,101.0,100.9971,-0.0028
6688.997324399999,101.0,100.9976,-0.0023
6689.997323999999,101.0,100.9975,-0.0024
6690.9973236,101.0,100.9988,-0.0011
6691.997323199999,101.0,101.0003,0.0003
6692.997322799999,101.0,101.0014,0.0014
6693.9973224,101.0,101.0018,0.0019
6694.997321999999,101.0,101.0025,0.0025
6695.997321599999,101.0,101.0029,0.0029
6696.9973211999995,101.0,101.0027,0.0027
6697.997320799999,101.0,101.0014,0.0015
6698.997320399999,101.0,101.0007,0.0007
6699.9973199999995,101.0,101.0009,0.0009
6700.997319599999,101.0,101.0009,0.0009
6701.997319199999,101.0,101.0007,0.0007
6702.997318799999,101.0,100.9998,-0.0001
6703.997318399999,101.0,100.9995,-0.0004
6704.997318,101.0,100.9989,-0.001
6705.997317599999,101.0,100.9982,-0.0017
6706.997317199999,101.0,100.9976,-0.0023
6707.9973168,101.0,100.9979,-0.0019
6708.997316399999,101.0,100.9985,-0.0014
6709.997315999999,101.0,100.9994,-0.0005
6710.9973156,101.0,101.0,0.0
6711.997315199999,101.0,101.0007,0.0007
6712.997314799999,101.0,101.0019,0.0019
6713.9973144,101.0,101.0026,0.0027
6714.997313999999,101.0,101.0033,0.0033
6715.997313599999,101.0,101.0034,0.0035
6716.9973132,101.0,101.0035,0.0035
6717.997312799999,101.0,101.0032,0.0032
6718.997312399999,101.0,101.0032,0.0032
6719.9973119999995,101.0,101.0032,0.0032
6720.997311599999,101.0,101.0029,0.0029
6721.997311199999,101.0,101.0017,0.0017
6722.9973107999995,101.0,101.001,0.001
6723.997310399999,101.0,101.0004,0.0004
6724.997309999999,101.0,100.9999,-0.0
6725.997309599999,101.0,100.9993,-0.0006
6726.997309199999,101.0,100.999,-0.0009
6727.997308799999,101.0,100.9993,-0.0006
6728.997308399999,101.0,100.9992,-0.0006
6729.997307999999,101.0,100.9991,-0.0008
6730.997307599999,101.0,100.9993,-0.0006
6731.997307199999,101.0,101.0003,0.0004
6732.997306799999,101.0,101.0014,0.0014
6733.997306399999,101.0,101.0021,0.0021
6734.997305999999,101.0,101.0024,0.0024
6735.997305599999,101.0,101.0028,0.0028
6736.9973052,101.0,101.0025,0.0026
6737.997304799999,101.0,101.0025,0.0026
6738.997304399999,101.0,101.0021,0.0021
6739.9973039999995,101.0,101.0018,0.0018
6740.997303599999,101.0,101.0012,0.0012
6741.997303199999,101.0,101.0007,0.0008
6742.9973027999995,101.0,101.0004,0.0004
6743.997302399999,101.0,100.9997,-0.0002
6744.997301999999,101.0,100.9984,-0.0015
6745.997301599999,101.0,100.9974,-0.0025
6746.997301199999,101.0,100.997,-0.0029
6747.997300799999,101.0,100.9974,-0.0025
6748.997300399999,101.0,100.9975,-0.0024
6749.997299999999,101.0,100.9976,-0.0023
6750.997299599999,101.0,100.9984,-0.0015
6751.997299199999,101.0,100.9991,-0.0008
6752.9972988,101.0,101.0002,0.0002
6753.997298399999,101.0,101.0016,0.0016
6754.997297999999,101.0,101.0025,0.0026
6755.9972976,101.0,101.0023,0.0023
6756.997297199999,101.0,101.0016,0.0016
6757.997296799999,101.0,101.0007,0.0007
6758.9972964,101.0,101.0008,0.0008
6759.997295999999,101.0,101.0012,0.0012
6760.997295599999,101.0,101.0011,0.0011
6761.9972952,101.0,101.0005,0.0005
6762.997294799999,101.0,101.0,0.0
6763.997294399999,101.0,100.9997,-0.0002
6764.997294,101.0,100.9994,-0.0005
6765.9972935999995,101.0,100.999,-0.0009
6766.997293199999,101.0,100.9987,-0.0012
6767.9972928,101.0,100.9989,-0.0009
6768.997292399999,101.0,100.9987,-0.0012
6769.997291999999,101.0,100.9986,-0.0013
6770.9972916,101.0,100.9983,-0.0016
6771.997291199999,101.0,100.9983,-0.0016
6772.997290799999,101.0,100.9984,-0.0015
6773.9972904,101.0,100.9986,-0.0013
6774.997289999999,101.0,100.9989,-0.001
6775.997289599999,101.0,100.9989,-0.001
6776.997289199999,101.0,100.9993,-0.0006
6777.997288799999,101.0,100.9989,-0.001
6778.997288399999,101.0,100.9992,-0.0007
6779.997287999999,101.0,100.9994,-0.0005
6780.997287599999,101.0,100.9997,-0.0002
6781.9972872,101.0,101.0001,0.0001
6782.997286799999,101.0,101.0002,0.0002
6783.997286399999,101.0,101.0002,0.0002
6784.997286,101.0,100.9997,-0.0002
6785.997285599999,101.0,100.9992,-0.0007
6786.997285199999,101.0,100.9986,-0.0013
6787.9972848,101.0,100.998,-0.0019
6788.9972843999985,101.0,100.9974,-0.0025
6789.997283999999,101.0,100.9968,-0.0031
6790.9972836,101.0,100.997,-0.0029
6791.9972831999985,101.0,100.9967,-0.0032
6792.997282799999,101.0,100.9967,-0.0032
6793.9972824,101.0,100.9976,-0.0023
6794.997281999998,101.0,100.9984,-0.0015
6795.997281599999,101.0,100.999,-0.0009
6796.9972812,101.0,100.9989,-0.001
6797.997280799999,101.0,100.9991,-0.0008
6798.997280399999,101.0,100.9999,-0.0
6799.99728,101.0,101.0007,0.0008
6800.997279599999,101.0,101.0011,0.0011
6801.997279199999,101.0,101.0011,0.0011
6802.9972788,101.0,101.0011,0.0012
6803.997278399999,101.0,101.0009,0.0009
6804.997277999999,101.0,101.0005,0.0005
6805.9972775999995,101.0,100.9996,-0.0003
6806.997277199999,101.0,100.9988,-0.001
6807.997276799999,101.0,100.9986,-0.0013
6808.9972763999995,101.0,100.9977,-0.0022
6809.997275999999,101.0,100.9972,-0.0027
6810.997275599999,101.0,100.9971,-0.0028
6811.997275199999,101.0,100.9974,-0.0025
6812.997274799999,101.0,100.9982,-0.0017
6813.9972744,101.0,100.9988,-0.0011
6814.997273999999,101.0,100.9991,-0.0008
6815.997273599999,101.0,100.9991,-0.0008
6816.9972732,101.0,100.9989,-0.001
6817.997272799999,101.0,100.999,-0.0009
6818.997272399999,101.0,100.9992,-0.0007
6819.997272,101.0,100.9993,-0.0005
6820.997271599999,101.0,100.999,-0.0009
6821.997271199999,101.0,100.9989,-0.001
6822.9972708,101.0,100.9993,-0.0006
6823.997270399999,101.0,100.9991,-0.0007
6824.997269999999,101.0,100.9987,-0.0012
6825.9972695999995,101.0,100.9982,-0.0017
6826.997269199999,101.0,100.998,-0.0019
6827.997268799999,101.0,100.998,-0.0019
6828.9972683999995,101.0,100.9977,-0.0022
6829.997267999999,101.0,100.9974,-0.0025
6830.997267599999,101.0,100.9977,-0.0021
6831.997267199999,101.0,100.998,-0.0019
6832.9972668,101.0,100.9984,-0.0015
6833.997266399999,101.0,100.9987,-0.0011
6834.997265999999,101.0,100.9992,-0.0007
6835.9972656,101.0,100.9993,-0.0006
6836.997265199999,101.0,100.9993,-0.0006
6837.997264799999,101.0,100.9992,-0.0007
6838.997264399999,101.0,100.9995,-0.0004
6839.997263999999,101.0,101.0,0.0001
6840.997263599999,101.0,101.0005,0.0005
6841.997263199999,101.0,101.0006,0.0007
6842.997262799999,101.0,101.0004,0.0004
6843.997262399999,101.0,100.9997,-0.0002
6844.997261999999,101.0,100.9991,-0.0008
6845.9972616,101.0,100.9987,-0.0012
6846.997261199999,101.0,100.9988,-0.0011
6847.997260799999,101.0,100.9987,-0.0012
6848.9972603999995,101.0,100.9987,-0.0012
6849.997259999999,101.0,100.9986,-0.0013
6850.997259599999,101.0,100.9988,-0.0011
6851.9972591999995,101.0,100.9987,-0.0011
6852.997258799999,101.0,100.9991,-0.0008
6853.997258399999,101.0,100.9999,-0.0
6854.997257999999,101.0,101.0004,0.0004
6855.997257599999,101.0,101.0008,0.0008
6856.997257199999,101.0,101.0007,0.0007
6857.997256799999,101.0,101.0011,0.0011
6858.997256399999,101.0,101.0015,0.0015
6859.997255999999,101.0,101.0022,0.0022
6860.997255599999,101.0,101.0027,0.0027
6861.9972552,101.0,101.003,0.003
6862.997254799999,101.0,101.0028,0.0028
6863.997254399999,101.0,101.0016,0.0016
6864.997254,101.0,101.0,0.0
6865.997253599999,101.0,100.9989,-0.001
6866.997253199999,101.0,100.9984,-0.0015
6867.9972528,101.0,100.998,-0.0018
6868.997252399999,101.0,100.9973,-0.0026
6869.997251999999,101.0,100.9968,-0.0031
6870.9972516,101.0,100.9966,-0.0033
6871.997251199999,101.0,100.9971,-0.0028
6872.997250799999,101.0,100.9982,-0.0017
6873.9972504,101.0,100.999,-0.0009
6874.9972499999985,101.0,100.9995,-0.0003
6875.997249599999,101.0,100.9998,-0.0001
6876.9972492,101.0,101.0002,0.0002
6877.997248799999,101.0,101.0003,0.0003
6878.997248399999,101.0,101.0005,0.0005
6879.997248,101.0,101.0005,0.0005
6880.997247599999,101.0,101.001,0.001
6881.997247199999,101.0,101.0019,0.0019
6882.9972468,101.0,101.0022,0.0023
6883.997246399999,101.0,101.0016,0.0016
6884.997245999999,101.0,101.0006,0.0006
6885.9972456,101.0,100.9996,-0.0002
6886.997245199999,101.0,100.999,-0.0009
6887.997244799999,101.0,100.9989,-0.001
6888.9972443999995,101.0,100.9989,-0.001
6889.997243999999,101.0,100.9992,-0.0007
6890.997243599999,101.0,100.9988,-0.001
6891.9972431999995,101.0,100.9981,-0.0018
6892.997242799999,101.0,100.9977,-0.0022
6893.9972424,101.0,100.9979,-0.002
6894.9972419999995,101.0,100.9985,-0.0014
6895.997241599999,101.0,100.9984,-0.0014
6896.9972412,101.0,100.9982,-0.0017
6897.9972407999985,101.0,100.998,-0.0019
6898.997240399999,101.0,100.9985,-0.0014
6899.99724,101.0,100.9987,-0.0011
6900.9972395999985,101.0,100.9987,-0.0012
6901.997239199999,101.0,100.9991,-0.0007
6902.9972388,101.0,100.9995,-0.0004
6903.997238399998,101.0,100.9993,-0.0006
6904.997237999999,101.0,100.9986,-0.0013
6905.9972376,101.0,100.9982,-0.0017
6906.997237199998,101.0,100.9987,-0.0012
6907.997236799999,101.0,100.9997,-0.0002
6908.9972364,101.0,101.0003,0.0004
6909.997235999999,101.0,101.0003,0.0004
6910.997235599999,101.0,101.0003,0.0003
6911.9972351999995,101.0,100.9999,-0.0
6912.997234799999,101.0,100.9996,-0.0003
6913.997234399999,101.0,100.9993,-0.0006
6914.9972339999995,101.0,100.9989,-0.001
6915.997233599999,101.0,100.9988,-0.0011
6916.997233199999,101.0,100.9988,-0.0011
6917.997232799999,101.0,100.9994,-0.0005
6918.997232399999,101.0,100.9995,-0.0004
6919.997231999999,101.0,100.9999,-0.0
6920.997231599999,101.0,101.0002,0.0002
6921.997231199999,101.0,101.0012,0.0012
6922.997230799999,101.0,101.0014,0.0014
6923.997230399999,101.0,101.0011,0.0011
6924.997229999999,101.0,101.0004,0.0004
6925.9972296,101.0,101.0,0.0
6926.997229199999,101.0,100.9999,0.0
6927.997228799999,101.0,100.9999,-0.0
6928.9972284,101.0,100.9996,-0.0002
6929.997227999999,101.0,100.9991,-0.0008
6930.997227599999,101.0,100.998,-0.0018
6931.9972271999995,101.0,100.9973,-0.0026
6932.997226799999,101.0,100.9967,-0.0032
6933.997226399999,101.0,100.9974,-0.0025
6934.9972259999995,101.0,100.9982,-0.0017
6935.997225599999,101.0,100.9995,-0.0004
6936.997225199999,101.0,100.9995,-0.0004
6937.9972247999995,101.0,101.0,0.0
6938.997224399999,101.0,101.0002,0.0002
6939.997223999999,101.0,101.0008,0.0009
6940.997223599999,101.0,101.001,0.001
6941.9972232,101.0,101.0015,0.0015
6942.997222799999,101.0,101.0013,0.0013
6943.997222399999,101.0,101.0006,0.0006
6944.997222,101.0,100.9993,-0.0006
6945.997221599999,101.0,100.9984,-0.0014
6946.997221199999,101.0,100.9987,-0.0012
6947.9972208,101.0,100.9991,-0.0008
6948.997220399999,101.0,100.9989,-0.001
6949.997219999999,101.0,100.9988,-0.0011
6950.9972196,101.0,100.9983,-0.0016
6951.997219199999,101.0,100.9979,-0.002
6952.997218799999,101.0,100.9973,-0.0026
6953.9972184,101.0,100.9973,-0.0026
6954.997217999999,101.0,100.9976,-0.0023
6955.997217599999,101.0,100.9982,-0.0017
6956.9972172,101.0,100.9985,-0.0014
6957.9972167999995,101.0,100.9984,-0.0015
6958.997216399999,101.0,100.9988,-0.0011
6959.997215999999,101.0,100.9995,-0.0004
6960.997215599999,101.0,101.0006,0.0006
6961.997215199999,101.0,101.001,0.001
6962.997214799999,101.0,101.001,0.001
6963.997214399999,101.0,101.0008,0.0009
6964.997213999999,101.0,101.0007,0.0007
6965.997213599999,101.0,101.0006,0.0006
6966.997213199999,101.0,101.0004,0.0004
6967.997212799999,101.0,100.9998,-0.0001
6968.997212399999,101.0,100.9994,-0.0005
6969.997211999999,101.0,100.9989,-0.001
6970.997211599999,101.0,100.9987,-0.0012
6971.997211199999,101.0,100.9986,-0.0013
6972.997210799999,101.0,100.9989,-0.001
6973.9972104,101.0,100.9992,-0.0007
6974.997209999999,101.0,100.9992,-0.0007
6975.997209599999,101.0,100.9989,-0.001
6976.9972092,101.0,100.9985,-0.0014
6977.997208799999,101.0,100.9985,-0.0014
6978.997208399999,101.0,100.9989,-0.001
6979.997208,101.0,100.9993,-0.0006
6980.997207599999,101.0,100.9997,-0.0002
6981.997207199999,101.0,100.9999,-0.0
6982.9972068,101.0,100.9999,-0.0
6983.9972063999985,101.0,100.9989,-0.001
6984.997205999999,101.0,100.998,-0.0019
6985.9972056,101.0,100.9976,-0.0023
6986.9972051999985,101.0,100.9982,-0.0017
6987.997204799999,101.0,100.9988,-0.0011
6988.9972044,101.0,100.9992,-0.0007
6989.997203999999,101.0,100.9993,-0.0006
6990.997203599999,101.0,100.9995,-0.0004
6991.9972032,101.0,100.9993,-0.0006
6992.997202799999,101.0,100.9997,-0.0002
6993.997202399999,101.0,101.0003,0.0003
6994.997202,101.0,101.0003,0.0003
6995.997201599999,101.0,100.9996,-0.0003
6996.997201199999,101.0,100.9991,-0.0008
6997.9972007999995,101.0,100.9993,-0.0006
6998.997200399999,101.0,100.9998,-0.0001
6999.997199999999,101.0,101.0,0.0001
7000.9971995999995,101.0,101.0005,0.0005
7001.997199199999,101.0,101.0012,0.0012
7002.997198799999,101.0,101.001,0.001
7003.997198399999,101.0,101.0008,0.0008
7004.997197999999,101.0,101.0002,0.0002
7005.9971976,101.0,101.0001,0.0001
7006.997197199999,101.0,100.9998,-0.0001
7007.997196799999,101.0,100.999,-0.0009
7008.9971964,101.0,100.9981,-0.0018
7009.997195999999,101.0,100.9974,-0.0025
7010.997195599999,101.0,100.9971,-0.0027
7011.9971952,101.0,100.9975,-0.0024
7012.997194799999,101.0,100.9979,-0.002
7013.997194399999,101.0,100.9985,-0.0014
7014.997194,101.0,100.9992,-0.0007
7015.997193599999,101.0,100.9995,-0.0004
7016.997193199999,101.0,100.9999,-0.0
7017.9971927999995,101.0,101.0,0.0001
7018.997192399998,101.0,101.0004,0.0004
7019.997191999999,101.0,101.0005,0.0005
7020.9971915999995,101.0,101.0011,0.0011
7021.997191199999,101.0,101.0016,0.0016
7022.997190799999,101.0,101.0014,0.0014
7023.997190399999,101.0,101.001,0.001
7024.997189999999,101.0,101.0004,0.0004
7025.997189599999,101.0,101.0004,0.0004
7026.997189199999,101.0,101.0003,0.0003
7027.997188799999,101.0,100.9994,-0.0005
7028.997188399999,101.0,100.9986,-0.0013
7029.997187999999,101.0,100.9979,-0.002
7030.997187599999,101.0,100.9974,-0.0025
7031.997187199999,101.0,100.9968,-0.003
7032.997186799999,101.0,100.9968,-0.0031
7033.997186399999,101.0,100.9974,-0.0025
7034.997185999999,101.0,100.9983,-0.0016
7035.997185599999,101.0,100.9986,-0.0013
7036.997185199999,101.0,100.9986,-0.0013
7037.9971848,101.0,100.9988,-0.0011
7038.997184399999,101.0,100.9993,-0.0006
7039.997183999999,101.0,101.0001,0.0001
7040.9971835999995,101.0,101.0007,0.0007
7041.997183199999,101.0,101.0011,0.0011
7042.997182799999,101.0,101.0014,0.0014
7043.9971823999995,101.0,101.0012,0.0012
7044.997181999999,101.0,101.0006,0.0006
7045.997181599999,101.0,101.0001,0.0001
7046.997181199999,101.0,101.0,0.0001
7047.997180799999,101.0,101.0001,0.0001
7048.997180399999,101.0,100.9999,-0.0
7049.997179999999,101.0,100.9994,-0.0005
7050.997179599999,101.0,100.999,-0.0009
7051.997179199999,101.0,100.999,-0.0009
7052.997178799999,101.0,100.9991,-0.0008
7053.9971784,101.0,100.9989,-0.001
7054.997177999999,101.0,100.9986,-0.0013
7055.997177599999,101.0,100.998,-0.0018
7056.9971772,101.0,100.9974,-0.0025
7057.997176799999,101.0,100.9975,-0.0024
7058.997176399999,101.0,100.9979,-0.002
7059.997176,101.0,100.999,-0.0009
7060.997175599999,101.0,101.0002,0.0002
7061.997175199999,101.0,101.0009,0.0009
7062.9971748,101.0,101.0011,0.0011
7063.997174399999,101.0,101.0006,0.0006
7064.997173999999,101.0,101.0006,0.0006
7065.9971736,101.0,101.0005,0.0005
7066.9971731999985,101.0,101.0011,0.0011
7067.997172799999,101.0,101.0012,0.0012
7068.9971724,101.0,101.001,0.001
7069.997171999999,101.0,101.0002,0.0002
7070.997171599999,101.0,100.9996,-0.0003
7071.9971712,101.0,100.9991,-0.0008
7072.997170799999,101.0,100.9991,-0.0008
7073.997170399999,101.0,100.9993,-0.0006
7074.99717,101.0,100.9995,-0.0004
7075.997169599999,101.0,100.9993,-0.0006
7076.997169199999,101.0,100.9993,-0.0006
7077.997168799999,101.0,100.9994,-0.0005
7078.997168399999,101.0,100.9998,-0.0001
7079.997167999999,101.0,100.9998,-0.0
7080.997167599999,101.0,101.0002,0.0002
7081.997167199999,101.0,101.0004,0.0004
7082.997166799999,101.0,101.0002,0.0002
7083.997166399999,101.0,100.9998,-0.0001
7084.997165999999,101.0,100.9994,-0.0005
7085.9971656,101.0,100.9999,-0.0
7086.997165199999,101.0,101.0006,0.0006
7087.997164799999,101.0,101.0009,0.0009
7088.9971644,101.0,101.0005,0.0005
7089.9971639999985,101.0,101.0001,0.0001
7090.997163599999,101.0,100.9998,-0.0
7091.9971632,101.0,100.9998,-0.0001
7092.9971627999985,101.0,101.0003,0.0004
7093.997162399999,101.0,101.0002,0.0002
7094.997162,101.0,101.0002,0.0002
7095.997161599998,101.0,100.9998,-0.0001
7096.997161199999,101.0,100.9995,-0.0004
7097.9971608,101.0,100.9998,-0.0001
7098.997160399998,101.0,101.0003,0.0003
7099.997159999999,101.0,101.0007,0.0007
7100.9971596,101.0,101.0009,0.0009
7101.997159199999,101.0,101.0008,0.0008
7102.997158799999,101.0,101.0006,0.0007
7103.9971583999995,101.0,101.0003,0.0004
7104.997157999999,101.0,101.0001,0.0001
7105.997157599999,101.0,101.0003,0.0003
7106.9971571999995,101.0,101.0004,0.0005
7107.997156799999,101.0,101.0003,0.0004
7108.997156399999,101.0,101.0002,0.0002
7109.997155999999,101.0,100.9996,-0.0002
7110.997155599999,101.0,100.9994,-0.0005
7111.997155199999,101.0,100.9993,-0.0006
7112.997154799999,101.0,100.9998,-0.0001
7113.997154399999,101.0,101.0001,0.0001
7114.997153999999,101.0,101.0,0.0001
7115.997153599999,101.0,100.9998,-0.0001
7116.997153199999,101.0,100.9997,-0.0002
7117.9971528,101.0,100.9999,-0.0
7118.997152399999,101.0,101.0006,0.0006
7119.997151999999,101.0,101.0014,0.0015
7120.9971516,101.0,101.0024,0.0024
7121.997151199999,101.0,101.0031,0.0031
7122.997150799999,101.0,101.0029,0.0029
7123.9971504,101.0,101.0022,0.0022
7124.997149999999,101.0,101.0014,0.0015
7125.997149599999,101.0,101.001,0.001
7126.9971491999995,101.0,101.001,0.001
7127.997148799999,101.0,101.0007,0.0007
7128.997148399999,101.0,101.0003,0.0003
7129.9971479999995,101.0,101.0,0.0001
7130.997147599999,101.0,100.9997,-0.0001
7131.997147199999,101.0,100.9996,-0.0003
7132.997146799999,101.0,100.9995,-0.0004
7133.9971464,101.0,100.9995,-0.0004
7134.997145999999,101.0,100.9994,-0.0005
7135.997145599999,101.0,100.9989,-0.001
7136.9971452,101.0,100.9986,-0.0013
7137.997144799999,101.0,100.9988,-0.0011
7138.997144399999,101.0,100.9992,-0.0007
7139.997143999999,101.0,100.9994,-0.0005
7140.997143599999,101.0,100.9999,0.0
7141.997143199999,101.0,101.0002,0.0002
7142.997142799999,101.0,101.0003,0.0004
7143.997142399999,101.0,100.9996,-0.0003
7144.997141999999,101.0,100.9993,-0.0005
7145.997141599999,101.0,101.0,0.0
7146.997141199999,101.0,101.0004,0.0005
7147.997140799999,101.0,101.0002,0.0002
7148.997140399999,101.0,100.9993,-0.0006
7149.9971399999995,101.0,100.999,-0.0009
7150.997139599999,101.0,100.9988,-0.0011
7151.997139199999,101.0,100.9984,-0.0015
7152.997138799999,101.0,100.9977,-0.0022
7153.997138399999,101.0,100.9975,-0.0024
7154.997137999999,101.0,100.9976,-0.0023
7155.997137599999,101.0,100.9976,-0.0023
7156.997137199999,101.0,100.9974,-0.0025
7157.997136799999,101.0,100.9975,-0.0024
7158.997136399999,101.0,100.9978,-0.0021
7159.997135999999,101.0,100.9983,-0.0016
7160.997135599999,101.0,100.9988,-0.0011
7161.997135199999,101.0,100.999,-0.0009
7162.997134799999,101.0,100.9993,-0.0006
7163.997134399999,101.0,100.9996,-0.0003
7164.997133999999,101.0,100.9999,0.0
7165.9971336,101.0,101.0007,0.0007
7166.997133199999,101.0,101.0016,0.0016
7167.997132799999,101.0,101.0019,0.0019
7168.9971324,101.0,101.0015,0.0015
7169.997131999999,101.0,101.0008,0.0008
7170.997131599999,101.0,101.0002,0.0002
7171.9971312,101.0,100.9999,-0.0
7172.997130799999,101.0,100.9997,-0.0002
7173.997130399999,101.0,100.9996,-0.0003
7174.99713,101.0,100.999,-0.0009
7175.9971295999985,101.0,100.9984,-0.0015
7176.997129199999,101.0,100.9976,-0.0023
7177.9971288,101.0,100.9973,-0.0026
7178.9971283999985,101.0,100.9971,-0.0028
7179.997127999999,101.0,100.9973,-0.0026
7180.9971276,101.0,100.9978,-0.0021
7181.997127199999,101.0,100.9983,-0.0016
7182.997126799999,101.0,100.9988,-0.0011
7183.9971264,101.0,100.9991,-0.0008
7184.997125999999,101.0,100.9999,-0.0
7185.997125599999,101.0,101.0005,0.0005
7186.9971252,101.0,101.0009,0.0009
7187.997124799999,101.0,101.0008,0.0009
7188.997124399999,101.0,101.0004,0.0004
7189.9971239999995,101.0,101.0003,0.0003
7190.997123599999,101.0,101.0002,0.0002
7191.997123199999,101.0,101.0003,0.0003
7192.9971227999995,101.0,100.9998,-0.0001
7193.997122399999,101.0,100.9995,-0.0004
7194.997121999999,101.0,100.9989,-0.001
7195.997121599999,101.0,100.9986,-0.0013
7196.997121199999,101.0,100.9983,-0.0016
7197.9971208,101.0,100.9981,-0.0018
7198.9971203999985,101.0,100.9982,-0.0017
7199.997119999999,101.0,100.9979,-0.002
7200.9971196,101.0,100.9987,-0.0012
7201.997119199998,101.0,100.9994,-0.0005
7202.997118799999,101.0,101.0,0.0
7203.9971184,101.0,101.0003,0.0004
7204.997117999998,101.0,101.0003,0.0003
7205.997117599999,101.0,101.0008,0.0008
7206.9971172,101.0,101.0012,0.0013
7207.997116799998,101.0,101.0016,0.0016
7208.997116399999,101.0,101.0018,0.0018
7209.997116,101.0,101.0017,0.0017
7210.997115599999,101.0,101.0013,0.0013
7211.997115199999,101.0,101.0009,0.0009
7212.9971147999995,101.0,101.001,0.001
7213.997114399999,101.0,101.0006,0.0007
7214.997113999999,101.0,101.0004,0.0004
7215.9971135999995,101.0,100.9997,-0.0002
7216.997113199999,101.0,100.999,-0.0009
7217.997112799999,101.0,100.9987,-0.0012
7218.997112399999,101.0,100.9988,-0.0011
7219.997111999999,101.0,100.9995,-0.0004
7220.997111599999,101.0,101.0002,0.0003
7221.997111199999,101.0,101.0008,0.0008
7222.997110799999,101.0,101.0006,0.0006
7223.997110399999,101.0,101.0005,0.0005
7224.997109999999,101.0,101.0007,0.0007
7225.997109599999,101.0,101.0014,0.0014
7226.9971092,101.0,101.0018,0.0018
7227.997108799999,101.0,101.002,0.002
7228.997108399999,101.0,101.0021,0.0021
7229.997108,101.0,101.0021,0.0021
7230.997107599999,101.0,101.0018,0.0018
7231.997107199999,101.0,101.0014,0.0014
7232.9971067999995,101.0,101.0011,0.0011
7233.997106399999,101.0,101.0005,0.0005
7234.997105999999,101.0,100.9997,-0.0002
7235.9971055999995,101.0,100.9988,-0.0011
7236.997105199999,101.0,100.9985,-0.0014
7237.997104799999,101.0,100.9984,-0.0015
7238.997104399999,101.0,100.9985,-0.0014
7239.997103999999,101.0,100.9986,-0.0013
7240.997103599999,101.0,100.999,-0.0009
7241.997103199999,101.0,100.9997,-0.0002
7242.997102799999,101.0,100.9999,-0.0
7243.997102399999,101.0,101.0001,0.0001
7244.997101999999,101.0,101.0003,0.0004
7245.9971016,101.0,101.001,0.001
7246.997101199999,101.0,101.0014,0.0014
7247.997100799999,101.0,101.0015,0.0015
7248.9971004,101.0,101.0015,0.0015
7249.997099999999,101.0,101.0018,0.0018
7250.997099599999,101.0,101.002,0.002
7251.9970992,101.0,101.002,0.002
7252.997098799999,101.0,101.0023,0.0023
7253.997098399999,101.0,101.0022,0.0022
7254.997098,101.0,101.0018,0.0018
7255.997097599999,101.0,101.0006,0.0006
7256.997097199999,101.0,100.9999,-0.0
7257.9970968,101.0,100.9994,-0.0005
7258.9970963999995,101.0,100.9989,-0.001
7259.997095999999,101.0,100.9986,-0.0012
7260.997095599999,101.0,100.9989,-0.001
7261.997095199999,101.0,100.9992,-0.0007
7262.997094799999,101.0,100.9994,-0.0005
7263.997094399999,101.0,100.9995,-0.0004
7264.997093999999,101.0,100.9999,-0.0
7265.997093599999,101.0,101.0003,0.0004
7266.997093199999,101.0,101.0005,0.0006
7267.997092799999,101.0,101.0002,0.0002
7268.997092399999,101.0,101.0002,0.0002
7269.997091999999,101.0,101.0004,0.0004
7270.997091599999,101.0,101.0004,0.0004
7271.997091199999,101.0,101.0,0.0001
7272.997090799999,101.0,100.9997,-0.0002
7273.997090399999,101.0,100.9999,-0.0
7274.997089999999,101.0,101.0,0.0
7275.997089599999,101.0,100.9994,-0.0005
7276.997089199999,101.0,100.999,-0.0009
7277.9970888,101.0,100.9989,-0.0009
7278.997088399999,101.0,100.999,-0.0009
7279.997087999999,101.0,100.9991,-0.0007
7280.9970876,101.0,100.999,-0.0009
7281.9970871999985,101.0,100.9995,-0.0004
7282.997086799999,101.0,101.0001,0.0001
7283.9970864,101.0,101.0002,0.0002
7284.9970859999985,101.0,101.0003,0.0003
7285.997085599999,101.0,101.0005,0.0005
7286.9970852,101.0,101.0012,0.0013
7287.997084799998,101.0,101.0018,0.0018
7288.997084399999,101.0,101.0023,0.0023
7289.997084,101.0,101.0025,0.0025
7290.997083599999,101.0,101.0025,0.0025
7291.997083199999,101.0,101.0024,0.0024
7292.9970828,101.0,101.002,0.0021
7293.997082399999,101.0,101.0016,0.0017
7294.997081999999,101.0,101.0009,0.0009
7295.9970816,101.0,101.0002,0.0002
7296.997081199999,101.0,100.9997,-0.0002
7297.997080799999,101.0,100.9991,-0.0008
7298.9970803999995,101.0,100.9986,-0.0013
7299.997079999999,101.0,100.9985,-0.0014
7300.997079599999,101.0,100.9996,-0.0003
7301.9970791999995,101.0,101.0004,0.0004
7302.997078799999,101.0,101.0004,0.0004
7303.997078399999,101.0,100.9995,-0.0004
7304.997077999999,101.0,100.9989,-0.001
7305.997077599999,101.0,100.9993,-0.0006
7306.9970772,101.0,100.9995,-0.0004
7307.997076799999,101.0,101.0,0.0
7308.997076399999,101.0,101.0001,0.0001
7309.997076,101.0,101.0003,0.0003
7310.997075599999,101.0,101.0,0.0
7311.997075199999,101.0,100.9996,-0.0003
7312.9970748,101.0,100.9996,-0.0003
7313.997074399999,101.0,101.0,0.0
7314.997073999999,101.0,101.0003,0.0003
7315.9970736,101.0,101.0004,0.0004
7316.997073199999,101.0,100.9999,-0.0
7317.997072799999,101.0,100.9996,-0.0003
7318.9970723999995,101.0,100.9993,-0.0006
7319.997071999998,101.0,100.999,-0.0009
7320.997071599999,101.0,100.999,-0.0009
7321.9970711999995,101.0,100.9987,-0.0012
7322.997070799999,101.0,100.9982,-0.0017
7323.997070399999,101.0,100.9979,-0.002
7324.997069999999,101.0,100.998,-0.0019
7325.997069599999,101.0,100.9989,-0.0009
7326.997069199999,101.0,100.9998,-0.0
7327.997068799999,101.0,101.0004,0.0004
7328.997068399999,101.0,101.001,0.001
7329.997067999999,101.0,101.0015,0.0015
7330.997067599999,101.0,101.0016,0.0016
7331.997067199999,101.0,101.0016,0.0016
7332.997066799999,101.0,101.0017,0.0018
7333.997066399999,101.0,101.0021,0.0021
7334.997065999999,101.0,101.0016,0.0016
7335.997065599999,101.0,101.0007,0.0007
7336.997065199999,101.0,101.0001,0.0001
7337.997064799999,101.0,100.9996,-0.0002
7338.9970643999995,101.0,100.9989,-0.001
7339.997063999999,101.0,100.9982,-0.0017
7340.997063599999,101.0,100.9981,-0.0018
7341.9970631999995,101.0,100.9982,-0.0017
7342.997062799999,101.0,100.9978,-0.0021
7343.997062399999,101.0,100.9977,-0.0022
7344.9970619999995,101.0,100.9981,-0.0018
7345.997061599999,101.0,100.9991,-0.0008
7346.997061199999,101.0,100.9995,-0.0004
7347.997060799999,101.0,100.9994,-0.0005
7348.997060399999,101.0,100.9996,-0.0003
7349.997059999999,101.0,101.0,0.0
7350.997059599999,101.0,101.0001,0.0001
7351.997059199999,101.0,101.0006,0.0006
7352.997058799999,101.0,101.0007,0.0007
7353.997058399999,101.0,101.001,0.001
7354.997058,101.0,101.0007,0.0007
7355.997057599999,101.0,101.0001,0.0001
7356.997057199999,101.0,100.9999,-0.0
7357.9970568,101.0,100.9997,-0.0002
7358.997056399999,101.0,100.9996,-0.0002
7359.997055999999,101.0,101.0002,0.0002
7360.9970556,101.0,101.0011,0.0011
7361.997055199999,101.0,101.0017,0.0017
7362.997054799999,101.0,101.0011,0.0011
7363.9970544,101.0,100.9999,-0.0
7364.997053999999,101.0,100.9994,-0.0005
7365.997053599999,101.0,100.9998,-0.0001
7366.9970532,101.0,101.0,0.0
7367.9970527999985,101.0,101.0,0.0
7368.997052399999,101.0,101.0,0.0
7369.997052,101.0,101.0003,0.0003
7370.997051599999,101.0,101.0005,0.0005
7371.997051199999,101.0,101.0003,0.0004
7372.9970508,101.0,101.0004,0.0004
7373.997050399999,101.0,101.0004,0.0004
7374.997049999999,101.0,100.9999,-0.0
7375.9970496,101.0,100.9995,-0.0004
7376.997049199999,101.0,100.9996,-0.0003
7377.997048799999,101.0,101.0004,0.0004
7378.997048399999,101.0,101.0007,0.0007
7379.997047999999,101.0,101.0005,0.0005
7380.997047599999,101.0,101.0003,0.0003
7381.997047199999,101.0,101.0004,0.0004
7382.997046799999,101.0,101.0002,0.0002
7383.997046399999,101.0,100.999,-0.0009
7384.997045999999,101.0,100.9981,-0.0018
7385.997045599999,101.0,100.998,-0.0019
7386.9970452,101.0,100.9987,-0.0012
7387.997044799999,101.0,100.999,-0.0009
7388.997044399999,101.0,100.9991,-0.0008
7389.997044,101.0,100.9992,-0.0007
7390.9970435999985,101.0,100.9995,-0.0004
7391.997043199999,101.0,100.9999,-0.0
7392.9970428,101.0,101.0004,0.0004
7393.9970423999985,101.0,101.001,0.001
7394.997041999999,101.0,101.0011,0.0011
7395.9970416,101.0,101.0005,0.0005
7396.997041199998,101.0,100.9994,-0.0005
7397.997040799999,101.0,100.9989,-0.001
7398.9970404,101.0,100.9987,-0.0012
7399.997039999998,101.0,100.9988,-0.001
7400.997039599999,101.0,100.9991,-0.0008
7401.9970392,101.0,100.999,-0.0009
7402.997038799999,101.0,100.999,-0.0009
7403.997038399999,101.0,100.9988,-0.0011
7404.9970379999995,101.0,100.999,-0.0009
7405.997037599999,101.0,101.0,0.0
7406.997037199999,101.0,101.0009,0.0009
7407.9970367999995,101.0,101.0015,0.0015
7408.997036399999,101.0,101.0018,0.0018
7409.997035999999,101.0,101.0016,0.0016
7410.997035599999,101.0,101.0019,0.0019
7411.997035199999,101.0,101.0022,0.0022
7412.997034799999,101.0,101.0022,0.0022
7413.997034399999,101.0,101.0016,0.0016
7414.997033999999,101.0,101.0009,0.0009
7415.997033599999,101.0,101.0001,0.0001
7416.997033199999,101.0,100.9993,-0.0006
7417.997032799999,101.0,100.9986,-0.0013
7418.9970324,101.0,100.9982,-0.0017
7419.997031999999,101.0,100.9988,-0.0011
7420.997031599999,101.0,100.9993,-0.0006
7421.9970312,101.0,100.9997,-0.0002
7422.997030799999,101.0,100.9994,-0.0005
7423.997030399999,101.0,100.9988,-0.0011
7424.9970299999995,101.0,100.9983,-0.0016
7425.997029599999,101.0,100.9979,-0.002
7426.997029199999,101.0,100.9975,-0.0024
7427.9970287999995,101.0,100.9976,-0.0022
7428.997028399999,101.0,100.9979,-0.002
7429.997027999999,101.0,100.998,-0.0019
7430.9970275999995,101.0,100.9984,-0.0015
7431.997027199999,101.0,100.9986,-0.0013
7432.997026799999,101.0,100.9993,-0.0006
7433.997026399999,101.0,100.9998,-0.0001
7434.997026,101.0,101.0002,0.0002
7435.997025599999,101.0,101.0003,0.0003
7436.997025199999,101.0,101.0004,0.0004
7437.9970248,101.0,101.0003,0.0004
7438.997024399999,101.0,101.0006,0.0006
7439.997023999999,101.0,101.001,0.001
7440.997023599999,101.0,101.0013,0.0013
7441.997023199999,101.0,101.0011,0.0011
7442.997022799999,101.0,101.0001,0.0001
7443.997022399999,101.0,100.9992,-0.0007
7444.997021999999,101.0,100.9986,-0.0013
7445.997021599999,101.0,100.9988,-0.0011
7446.997021199999,101.0,100.999,-0.0009
7447.997020799999,101.0,100.999,-0.0009
7448.997020399999,101.0,100.9992,-0.0007
7449.997019999999,101.0,100.9991,-0.0007
7450.9970195999995,101.0,100.9994,-0.0005
7451.997019199999,101.0,101.0,0.0
7452.997018799999,101.0,101.0008,0.0008
7453.997018399999,101.0,101.001,0.001
7454.997017999999,101.0,101.0009,0.0009
7455.997017599999,101.0,101.0004,0.0004
7456.997017199999,101.0,101.0001,0.0001
7457.997016799999,101.0,100.9994,-0.0005
7458.997016399999,101.0,100.9986,-0.0013
7459.997015999999,101.0,100.9987,-0.0012
7460.997015599999,101.0,100.9991,-0.0008
7461.997015199999,101.0,100.9989,-0.0009
7462.997014799999,101.0,100.9987,-0.0012
7463.997014399999,101.0,100.9985,-0.0014
7464.997013999999,101.0,100.9989,-0.001
7465.997013599999,101.0,100.9995,-0.0003
7466.9970132,101.0,100.9991,-0.0007
7467.997012799999,101.0,100.9992,-0.0007
7468.997012399999,101.0,100.9993,-0.0006
7469.997012,101.0,100.9995,-0.0004
7470.997011599999,101.0,100.9999,-0.0
7471.997011199999,101.0,101.0004,0.0004
7472.9970108,101.0,101.0009,0.0009
7473.9970103999985,101.0,101.0008,0.0008
7474.997009999999,101.0,101.0008,0.0008
7475.9970096,101.0,101.0004,0.0004
7476.9970091999985,101.0,101.0004,0.0004
7477.997008799999,101.0,100.9997,-0.0002
7478.9970084,101.0,100.9994,-0.0005
7479.9970079999985,101.0,100.9995,-0.0004
7480.997007599999,101.0,101.0002,0.0002
7481.9970072,101.0,101.0005,0.0006
7482.997006799999,101.0,101.0006,0.0006
7483.997006399999,101.0,101.0002,0.0002
7484.997006,101.0,100.9998,-0.0001
7485.997005599999,101.0,101.0001,0.0001
7486.997005199999,101.0,101.0002,0.0002
7487.9970048,101.0,101.0001,0.0001
7488.997004399999,101.0,100.9999,-0.0
7489.997003999999,101.0,100.9996,-0.0003
7490.9970035999995,101.0,100.9997,-0.0002
7491.997003199999,101.0,100.9999,-0.0
7492.997002799999,101.0,101.0008,0.0008
7493.9970023999995,101.0,101.0013,0.0013
7494.997001999999,101.0,101.0014,0.0015
7495.997001599999,101.0,101.0011,0.0011
7496.997001199999,101.0,101.0012,0.0012
7497.997000799999,101.0,101.0009,0.0009
7498.9970004,101.0,101.0006,0.0006
7499.9969999999985,101.0,100.9998,-0.0001
7500.996999599999,101.0,100.9993,-0.0006
7501.9969992,101.0,100.9988,-0.001
7502.996998799998,101.0,100.9985,-0.0014
7503.996998399999,101.0,100.9981,-0.0018
7504.996998,101.0,100.9981,-0.0018
7505.996997599998,101.0,100.9989,-0.001
7506.996997199999,101.0,100.9996,-0.0003
7507.9969968,101.0,101.0,0.0
7508.996996399998,101.0,101.0,0.0001
7509.996995999999,101.0,101.0004,0.0004
7510.9969955999995,101.0,101.0011,0.0011
7511.996995199998,101.0,101.0017,0.0017
7512.996994799999,101.0,101.002,0.002
7513.9969943999995,101.0,101.002,0.002
7514.996993999999,101.0,101.0019,0.0019
7515.996993599999,101.0,101.0019,0.0019
7516.996993199999,101.0,101.0018,0.0018
7517.996992799999,101.0,101.0019,0.0019
7518.996992399999,101.0,101.0016,0.0017
7519.996991999999,101.0,101.0015,0.0015
7520.996991599999,101.0,101.0008,0.0009
7521.996991199999,101.0,100.9999,-0.0
7522.996990799999,101.0,100.9991,-0.0008
7523.996990399999,101.0,100.9986,-0.0013
7524.996989999999,101.0,100.998,-0.0019
7525.996989599999,101.0,100.9982,-0.0017
7526.996989199999,101.0,100.9984,-0.0015
7527.996988799999,101.0,100.9991,-0.0007
7528.996988399999,101.0,100.9994,-0.0005
7529.996987999999,101.0,100.9995,-0.0004
7530.9969876,101.0,100.9997,-0.0002
7531.996987199999,101.0,101.0002,0.0003
7532.996986799999,101.0,101.0007,0.0007
7533.9969863999995,101.0,101.0012,0.0012
7534.996985999999,101.0,101.0013,0.0014
7535.996985599999,101.0,101.0011,0.0011
7536.9969851999995,101.0,101.0009,0.0009
7537.996984799999,101.0,101.0009,0.0009
7538.996984399999,101.0,101.0013,0.0014
7539.996983999999,101.0,101.0018,0.0018
7540.996983599999,101.0,101.001,0.001
7541.996983199999,101.0,100.9995,-0.0004
7542.996982799999,101.0,100.9984,-0.0015
7543.996982399999,101.0,100.9977,-0.0022
7544.996981999999,101.0,100.9977,-0.0021
7545.996981599999,101.0,100.9977,-0.0022
7546.9969812,101.0,100.9982,-0.0017
7547.996980799999,101.0,100.9988,-0.0011
7548.996980399999,101.0,100.9991,-0.0008
7549.99698,101.0,100.9986,-0.0013
7550.996979599999,101.0,100.998,-0.0019
7551.996979199999,101.0,100.9979,-0.002
7552.9969788,101.0,100.9983,-0.0016
7553.996978399999,101.0,100.9985,-0.0014
7554.996977999999,101.0,100.999,-0.0009
7555.9969776,101.0,100.9993,-0.0006
7556.996977199999,101.0,101.0001,0.0001
7557.996976799999,101.0,101.0008,0.0008
7558.9969764,101.0,101.0013,0.0013
7559.9969759999985,101.0,101.0014,0.0014
7560.996975599999,101.0,101.0013,0.0013
7561.996975199999,101.0,101.0004,0.0004
7562.996974799999,101.0,100.9998,-0.0001
7563.996974399999,101.0,100.9992,-0.0007
7564.996973999999,101.0,100.9994,-0.0005
7565.996973599999,101.0,101.0,0.0
7566.996973199999,101.0,101.0001,0.0001
7567.996972799999,101.0,101.0,0.0
7568.996972399999,101.0,101.0,0.0
7569.996971999999,101.0,101.0001,0.0001
7570.996971599999,101.0,101.0004,0.0004
7571.996971199999,101.0,101.0006,0.0006
7572.996970799999,101.0,101.0003,0.0004
7573.996970399999,101.0,101.0,0.0
7574.996969999999,101.0,100.9992,-0.0006
7575.996969599999,101.0,100.9992,-0.0007
7576.996969199999,101.0,100.9991,-0.0008
7577.996968799999,101.0,100.999,-0.0009
7578.9969684,101.0,100.9988,-0.0011
7579.996967999999,101.0,100.999,-0.0009
7580.996967599999,101.0,100.999,-0.0009
7581.9969672,101.0,100.9991,-0.0008
7582.9969667999985,101.0,100.9986,-0.0013
7583.996966399999,101.0,100.9985,-0.0014
7584.996966,101.0,100.9984,-0.0015
7585.9969655999985,101.0,100.9983,-0.0016
7586.996965199999,101.0,100.999,-0.0009
7587.9969648,101.0,100.9996,-0.0003
7588.996964399998,101.0,101.0003,0.0003
7589.996963999999,101.0,101.0011,0.0011
7590.9969636,101.0,101.0023,0.0023
7591.996963199998,101.0,101.0028,0.0028
7592.996962799999,101.0,101.0024,0.0024
7593.9969624,101.0,101.0016,0.0016
7594.996961999999,101.0,101.0014,0.0014
7595.996961599999,101.0,101.0016,0.0016
7596.9969611999995,101.0,101.0018,0.0018
7597.996960799999,101.0,101.0017,0.0017
7598.996960399999,101.0,101.0014,0.0014
7599.9969599999995,101.0,101.0014,0.0014
7600.996959599999,101.0,101.0011,0.0011
7601.996959199999,101.0,101.0004,0.0004
7602.996958799999,101.0,101.0002,0.0002
7603.996958399999,101.0,101.0,0.0
7604.996957999999,101.0,101.0001,0.0001
7605.996957599999,101.0,100.9993,-0.0006
7606.996957199999,101.0,100.9986,-0.0013
7607.996956799999,101.0,100.998,-0.0019
7608.996956399999,101.0,100.9979,-0.002
7609.996955999999,101.0,100.9979,-0.002
7610.9969556,101.0,100.9987,-0.0012
7611.996955199999,101.0,101.0003,0.0003
7612.996954799999,101.0,101.0017,0.0017
7613.9969544,101.0,101.0025,0.0025
7614.996953999999,101.0,101.0022,0.0022
7615.996953599999,101.0,101.0023,0.0023
7616.9969532,101.0,101.0026,0.0026
7617.996952799999,101.0,101.0028,0.0028
7618.996952399999,101.0,101.0028,0.0029
7619.9969519999995,101.0,101.0028,0.0029
7620.996951599998,101.0,101.003,0.0031
7621.996951199999,101.0,101.0023,0.0023
7622.9969507999995,101.0,101.0017,0.0017
7623.996950399998,101.0,101.0009,0.0009
7624.996949999999,101.0,101.0011,0.0012
7625.996949599999,101.0,101.0013,0.0013
7626.996949199999,101.0,101.0011,0.0011
7627.996948799999,101.0,101.0005,0.0005
7628.996948399999,101.0,101.0005,0.0005
7629.996947999999,101.0,101.0003,0.0003
7630.996947599999,101.0,101.0008,0.0008
7631.996947199999,101.0,101.0015,0.0015
7632.996946799999,101.0,101.0025,0.0025
7633.996946399999,101.0,101.003,0.0031
7634.996945999999,101.0,101.003,0.0031
7635.996945599999,101.0,101.0033,0.0033
7636.996945199999,101.0,101.0037,0.0037
7637.996944799999,101.0,101.0046,0.0046
7638.996944399999,101.0,101.0047,0.0047
7639.996943999999,101.0,101.0051,0.0051
7640.996943599999,101.0,101.0054,0.0054
7641.996943199999,101.0,101.0057,0.0057
7642.9969427999995,101.0,101.0052,0.0052
7643.996942399999,101.0,101.0042,0.0042
7644.996941999999,101.0,101.0031,0.0031
7645.996941599999,101.0,101.0021,0.0021
7646.996941199999,101.0,101.0012,0.0012
7647.996940799999,101.0,101.0004,0.0004
7648.996940399999,101.0,101.0,0.0
7649.996939999999,101.0,100.9999,-0.0
7650.996939599999,101.0,101.0002,0.0002
7651.996939199999,101.0,101.0007,0.0007
7652.996938799999,101.0,101.0008,0.0008
7653.996938399999,101.0,101.0008,0.0008
7654.996937999999,101.0,101.0008,0.0008
7655.996937599999,101.0,101.0007,0.0007
7656.996937199999,101.0,101.0006,0.0007
7657.996936799999,101.0,101.0002,0.0002
7658.9969364,101.0,101.0007,0.0007
7659.996935999999,101.0,101.0017,0.0017
7660.996935599999,101.0,101.0026,0.0026
7661.9969352,101.0,101.0025,0.0025
7662.996934799999,101.0,101.0017,0.0017
7663.996934399999,101.0,101.0014,0.0014
7664.996934,101.0,101.0013,0.0013
7665.996933599999,101.0,101.0012,0.0012
7666.996933199999,101.0,101.0008,0.0008
7667.9969328,101.0,101.0006,0.0007
7668.9969323999985,101.0,101.0002,0.0002
7669.996931999999,101.0,100.9998,-0.0001
7670.9969316,101.0,100.9994,-0.0005
7671.996931199999,101.0,100.9996,-0.0003
7672.996930799999,101.0,100.9994,-0.0005
7673.9969304,101.0,100.999,-0.0009
7674.996929999999,101.0,100.9985,-0.0014
7675.996929599999,101.0,100.9985,-0.0014
7676.9969292,101.0,100.9988,-0.0011
7677.996928799999,101.0,100.9988,-0.0011
7678.996928399999,101.0,100.9994,-0.0005
7679.996928,101.0,101.0003,0.0004
7680.996927599999,101.0,101.0009,0.0009
7681.996927199999,101.0,101.0004,0.0005
7682.996926799999,101.0,100.9995,-0.0004
7683.996926399999,101.0,100.9991,-0.0008
7684.996925999999,101.0,100.9992,-0.0007
7685.996925599999,101.0,100.999,-0.0009
7686.996925199999,101.0,100.9988,-0.0011
7687.996924799999,101.0,100.9979,-0.002
7688.9969243999985,101.0,100.9979,-0.002
7689.996923999999,101.0,100.9976,-0.0022
7690.9969236,101.0,100.9983,-0.0016
7691.9969231999985,101.0,100.9988,-0.0011
7692.996922799999,101.0,100.9991,-0.0008
7693.9969224,101.0,100.9991,-0.0008
7694.996921999998,101.0,100.9987,-0.0012
7695.996921599999,101.0,100.9991,-0.0008
7696.9969212,101.0,100.9996,-0.0003
7697.996920799998,101.0,101.0001,0.0001
7698.996920399999,101.0,101.0002,0.0002
7699.99692,101.0,101.0001,0.0001
7700.996919599998,101.0,100.9996,-0.0003
7701.996919199999,101.0,100.9994,-0.0005
7702.9969188,101.0,100.9991,-0.0008
7703.996918399999,101.0,100.9988,-0.0011
7704.996917999999,101.0,100.9987,-0.0011
7705.9969175999995,101.0,100.9989,-0.001
7706.996917199999,101.0,100.9991,-0.0008
7707.996916799999,101.0,100.9994,-0.0005
7708.9969163999995,101.0,100.9995,-0.0004
7709.996915999999,101.0,100.9997,-0.0002
7710.996915599999,101.0,101.0002,0.0002
7711.996915199999,101.0,101.0002,0.0002
7712.996914799999,101.0,101.0,0.0
7713.996914399999,101.0,100.9994,-0.0005
7714.996913999999,101.0,100.9989,-0.001
7715.996913599999,101.0,100.9984,-0.0015
7716.996913199999,101.0,100.9985,-0.0014
7717.996912799999,101.0,100.9987,-0.0012
7718.996912399999,101.0,100.9997,-0.0002
7719.996911999999,101.0,101.0006,0.0006
7720.996911599999,101.0,101.0014,0.0014
7721.996911199999,101.0,101.0014,0.0014
7722.9969108,101.0,101.0011,0.0012
7723.996910399999,101.0,101.0012,0.0012
7724.996909999999,101.0,101.0015,0.0015
7725.9969095999995,101.0,101.0014,0.0014
7726.996909199999,101.0,101.0014,0.0014
7727.996908799999,101.0,101.0009,0.0009
7728.9969083999995,101.0,101.0002,0.0002
7729.996907999999,101.0,100.999,-0.0009
7730.996907599999,101.0,100.9983,-0.0016
7731.996907199999,101.0,100.998,-0.0018
7732.996906799999,101.0,100.9983,-0.0016
7733.996906399999,101.0,100.9978,-0.0021
7734.996905999999,101.0,100.9976,-0.0023
7735.996905599999,101.0,100.9981,-0.0018
7736.996905199999,101.0,100.9991,-0.0008
7737.996904799999,101.0,100.9996,-0.0003
7738.9969044,101.0,100.9999,-0.0
7739.996903999999,101.0,100.9997,-0.0002
7740.996903599999,101.0,100.9992,-0.0007
7741.996903199999,101.0,100.9984,-0.0015
7742.996902799999,101.0,100.9979,-0.0019
7743.996902399999,101.0,100.998,-0.0018
7744.996901999999,101.0,100.9985,-0.0014
7745.996901599999,101.0,100.9985,-0.0014
7746.996901199999,101.0,100.9987,-0.0012
7747.996900799999,101.0,100.999,-0.0009
7748.996900399999,101.0,100.9993,-0.0005
7749.996899999999,101.0,100.999,-0.0009
7750.996899599999,101.0,100.9991,-0.0007
7751.9968991999995,101.0,100.999,-0.0009
7752.996898799999,101.0,100.9992,-0.0006
7753.996898399999,101.0,100.9994,-0.0005
7754.996897999999,101.0,100.9996,-0.0003
7755.996897599999,101.0,100.9998,-0.0001
7756.996897199999,101.0,101.0001,0.0001
7757.996896799999,101.0,101.0005,0.0005
7758.996896399999,101.0,101.0009,0.0009
7759.996895999999,101.0,101.0011,0.0011
7760.996895599999,101.0,101.0007,0.0007
7761.996895199999,101.0,101.0002,0.0002
7762.996894799999,101.0,101.0001,0.0001
7763.996894399999,101.0,101.0002,0.0002
7764.996893999999,101.0,101.0003,0.0003
7765.996893599999,101.0,100.9999,-0.0
7766.996893199999,101.0,100.9999,-0.0
7767.9968928,101.0,101.0,0.0
7768.996892399999,101.0,101.0001,0.0001
7769.996891999999,101.0,100.9997,-0.0002
7770.9968916,101.0,100.9995,-0.0004
7771.996891199999,101.0,100.9999,-0.0
7772.996890799999,101.0,101.0006,0.0006
7773.9968904,101.0,101.0008,0.0008
7774.9968899999985,101.0,101.0005,0.0005
7775.996889599999,101.0,101.0001,0.0001
7776.9968892,101.0,101.0007,0.0007
7777.9968887999985,101.0,101.0007,0.0008
7778.996888399999,101.0,101.0011,0.0011
7779.996888,101.0,101.0011,0.0011
7780.996887599998,101.0,101.0008,0.0009
7781.996887199999,101.0,101.0001,0.0001
7782.9968868,101.0,100.999,-0.0009
7783.996886399999,101.0,100.9985,-0.0014
7784.996885999999,101.0,100.9986,-0.0013
7785.9968856,101.0,100.9986,-0.0013
7786.996885199999,101.0,100.9984,-0.0015
7787.996884799999,101.0,100.9979,-0.002
7788.9968843999995,101.0,100.9975,-0.0024
7789.996883999999,101.0,100.9971,-0.0028
7790.996883599999,101.0,100.9973,-0.0026
7791.9968831999995,101.0,100.9977,-0.0022
7792.996882799999,101.0,100.998,-0.0019
7793.996882399999,101.0,100.9981,-0.0018
7794.9968819999995,101.0,100.998,-0.0019
7795.996881599999,101.0,100.9984,-0.0015
7796.996881199999,101.0,100.9984,-0.0015
7797.996880799999,101.0,100.9988,-0.001
7798.996880399999,101.0,100.9996,-0.0003
7799.99688,101.0,101.0005,0.0005
7800.9968795999985,101.0,101.0011,0.0011
7801.996879199999,101.0,101.0011,0.0011
7802.9968788,101.0,101.0006,0.0006
7803.996878399998,101.0,101.0003,0.0003
7804.996877999999,101.0,101.0004,0.0004
7805.9968776,101.0,101.0008,0.0008
7806.996877199998,101.0,101.0009,0.0009
7807.996876799999,101.0,101.0006,0.0006
7808.9968764,101.0,101.0,0.0
7809.996875999998,101.0,100.9996,-0.0003
7810.996875599999,101.0,100.9989,-0.001
7811.9968751999995,101.0,100.9987,-0.0012
7812.996874799998,101.0,100.9983,-0.0016
7813.996874399999,101.0,100.9977,-0.0021
7814.9968739999995,101.0,100.997,-0.0029
7815.996873599999,101.0,100.9966,-0.0033
7816.996873199999,101.0,100.997,-0.0029
7817.996872799999,101.0,100.9979,-0.002
7818.996872399999,101.0,100.999,-0.0009
7819.996871999999,101.0,100.9996,-0.0003
7820.996871599999,101.0,100.9999,-0.0
7821.996871199999,101.0,100.9996,-0.0003
7822.996870799999,101.0,100.9998,-0.0001
7823.996870399999,101.0,101.0003,0.0004
7824.996869999999,101.0,101.0007,0.0007
7825.996869599999,101.0,101.0004,0.0004
7826.996869199999,101.0,100.9996,-0.0003
7827.996868799999,101.0,100.9989,-0.001
7828.996868399999,101.0,100.9989,-0.001
7829.996867999999,101.0,100.999,-0.0009
7830.996867599999,101.0,100.9991,-0.0008
7831.9968671999995,101.0,100.9991,-0.0008
7832.996866799999,101.0,100.9987,-0.0012
7833.996866399999,101.0,100.9976,-0.0023
7834.9968659999995,101.0,100.9967,-0.0031
7835.996865599999,101.0,100.9964,-0.0034
7836.996865199999,101.0,100.9962,-0.0037
7837.9968647999995,101.0,100.9966,-0.0033
7838.996864399999,101.0,100.9971,-0.0028
7839.996863999999,101.0,100.9978,-0.0021
7840.996863599999,101.0,100.9983,-0.0016
7841.996863199999,101.0,100.9982,-0.0017
7842.996862799999,101.0,100.9984,-0.0014
7843.996862399999,101.0,100.999,-0.0009
7844.996861999999,101.0,101.0003,0.0003
7845.996861599999,101.0,101.0005,0.0006
7846.996861199999,101.0,101.0011,0.0011
7847.9968608,101.0,101.0012,0.0012
7848.996860399999,101.0,101.001,0.001
7849.996859999999,101.0,101.0005,0.0005
7850.9968596,101.0,101.0005,0.0005
7851.996859199999,101.0,101.0008,0.0008
7852.996858799999,101.0,101.0009,0.0009
7853.9968584,101.0,101.0003,0.0004
7854.996857999999,101.0,100.9997,-0.0002
7855.996857599999,101.0,100.9994,-0.0005
7856.9968572,101.0,100.9992,-0.0007
7857.996856799999,101.0,100.9988,-0.0011
7858.996856399999,101.0,100.9988,-0.0011
7859.996856,101.0,100.999,-0.0009
7860.9968555999985,101.0,100.9992,-0.0007
7861.996855199999,101.0,100.9987,-0.0012
7862.996854799999,101.0,100.9986,-0.0012
7863.996854399999,101.0,100.999,-0.0009
7864.996853999999,101.0,100.9995,-0.0004
7865.996853599999,101.0,100.9992,-0.0007
7866.996853199999,101.0,100.9983,-0.0016
7867.996852799999,101.0,100.9977,-0.0022
7868.996852399999,101.0,100.9972,-0.0027
7869.996851999999,101.0,100.9973,-0.0026
7870.996851599999,101.0,100.9975,-0.0024
7871.996851199999,101.0,100.9977,-0.0022
7872.996850799999,101.0,100.9982,-0.0017
7873.996850399999,101.0,100.9989,-0.001
7874.996849999999,101.0,100.9991,-0.0008
7875.996849599999,101.0,100.9994,-0.0005
7876.996849199999,101.0,100.9994,-0.0005
7877.996848799999,101.0,100.9998,-0.0001
7878.996848399999,101.0,101.0003,0.0003
7879.996848,101.0,101.0006,0.0006
7880.996847599999,101.0,101.0003,0.0003
7881.996847199999,101.0,101.0005,0.0005
7882.9968468,101.0,101.0001,0.0001
7883.9968463999985,101.0,101.0002,0.0002
7884.996845999999,101.0,101.0006,0.0006
7885.9968456,101.0,101.0004,0.0005
7886.9968451999985,101.0,101.0004,0.0004
7887.996844799999,101.0,101.0002,0.0002
7888.9968444,101.0,101.0001,0.0001
7889.996843999998,101.0,101.0003,0.0003
7890.996843599999,101.0,101.0002,0.0002
7891.9968432,101.0,100.9999,-0.0
7892.996842799998,101.0,100.9995,-0.0004
7893.996842399999,101.0,100.9992,-0.0007
7894.996842,101.0,100.9993,-0.0006
7895.996841599999,101.0,100.9998,-0.0001
7896.996841199999,101.0,101.0,0.0
7897.9968407999995,101.0,101.0004,0.0005
7898.996840399999,101.0,101.001,0.001
7899.996839999999,101.0,101.0009,0.0009
7900.9968395999995,101.0,101.0008,0.0008
7901.996839199999,101.0,101.001,0.001
7902.996838799999,101.0,101.0012,0.0012
7903.996838399999,101.0,101.0011,0.0011
7904.996837999999,101.0,101.001,0.001
7905.996837599999,101.0,101.0009,0.0009
7906.996837199999,101.0,101.0006,0.0006
7907.996836799999,101.0,101.0002,0.0003
7908.996836399999,101.0,100.9999,-0.0
7909.996835999999,101.0,100.9993,-0.0006
7910.996835599999,101.0,100.9988,-0.0011
7911.9968352,101.0,100.9983,-0.0015
7912.996834799999,101.0,100.9978,-0.0021
7913.996834399999,101.0,100.9979,-0.002
7914.996834,101.0,100.9979,-0.002
7915.996833599999,101.0,100.9979,-0.0019
7916.996833199999,101.0,100.9981,-0.0018
7917.9968327999995,101.0,100.9982,-0.0017
7918.996832399999,101.0,100.9991,-0.0007
7919.996831999999,101.0,100.9997,-0.0002
7920.9968315999995,101.0,100.9996,-0.0003
7921.996831199998,101.0,100.9994,-0.0005
7922.996830799999,101.0,100.9995,-0.0004
7923.996830399999,101.0,101.0003,0.0003
7924.996829999998,101.0,101.0012,0.0012
7925.996829599999,101.0,101.0015,0.0015
7926.996829199999,101.0,101.0011,0.0011
7927.996828799999,101.0,101.0007,0.0008
7928.996828399999,101.0,100.9999,-0.0
7929.996827999999,101.0,100.9997,-0.0001
7930.996827599999,101.0,100.9993,-0.0006
7931.996827199999,101.0,100.9993,-0.0006
7932.996826799999,101.0,100.9986,-0.0013
7933.996826399999,101.0,100.9981,-0.0018
7934.996825999999,101.0,100.9978,-0.0021
7935.996825599999,101.0,100.9978,-0.0021
7936.996825199999,101.0,100.9985,-0.0014
7937.996824799999,101.0,100.9994,-0.0005
7938.996824399999,101.0,101.0004,0.0004
7939.996823999999,101.0,101.0008,0.0008
7940.996823599999,101.0,101.0005,0.0005
7941.996823199999,101.0,101.0001,0.0001
7942.996822799999,101.0,101.0001,0.0001
7943.9968223999995,101.0,101.0003,0.0003
7944.996821999999,101.0,101.0005,0.0005
7945.996821599999,101.0,101.0006,0.0006
7946.996821199999,101.0,101.0006,0.0006
7947.996820799999,101.0,101.0005,0.0005
7948.996820399999,101.0,101.0,0.0
7949.996819999999,101.0,100.9995,-0.0004
7950.996819599999,101.0,100.9995,-0.0004
7951.996819199999,101.0,101.0,0.0
7952.996818799999,101.0,101.0,0.0
7953.996818399999,101.0,100.9996,-0.0002
7954.996817999999,101.0,100.9995,-0.0004
7955.996817599999,101.0,101.0002,0.0002
7956.996817199999,101.0,101.0005,0.0005
7957.996816799999,101.0,101.0003,0.0003
7958.996816399999,101.0,100.9998,-0.0001
7959.996816,101.0,100.9996,-0.0003
7960.996815599999,101.0,100.9996,-0.0002
7961.996815199999,101.0,100.9996,-0.0003
7962.9968148,101.0,100.9994,-0.0005
7963.996814399999,101.0,100.9998,-0.0
7964.996813999999,101.0,101.0002,0.0002
7965.9968136,101.0,101.0001,0.0001
7966.9968131999985,101.0,101.0,0.0
7967.996812799999,101.0,101.0,0.0
7968.9968124,101.0,101.0005,0.0005
7969.9968119999985,101.0,101.0009,0.0009
7970.996811599999,101.0,101.0014,0.0014
7971.9968112,101.0,101.0015,0.0015
7972.9968107999985,101.0,101.0014,0.0014
7973.996810399999,101.0,101.0008,0.0008
7974.99681,101.0,101.0,0.0
7975.996809599999,101.0,100.9998,-0.0001
7976.996809199999,101.0,100.9994,-0.0005
7977.9968088,101.0,100.9991,-0.0008
7978.996808399999,101.0,100.9993,-0.0006
7979.996807999999,101.0,100.9995,-0.0004
7980.9968076,101.0,100.9994,-0.0005
7981.996807199999,101.0,100.9996,-0.0003
7982.996806799999,101.0,101.0001,0.0001
7983.996806399999,101.0,101.0008,0.0008
7984.996805999999,101.0,101.0015,0.0015
7985.996805599999,101.0,101.0016,0.0016
7986.996805199999,101.0,101.0018,0.0018
7987.996804799999,101.0,101.0018,0.0018
7988.996804399999,101.0,101.0015,0.0015
7989.9968039999985,101.0,101.0015,0.0015
7990.996803599999,101.0,101.0017,0.0017
7991.9968032,101.0,101.0014,0.0014
7992.9968027999985,101.0,101.001,0.001
7993.996802399999,101.0,101.0004,0.0004
7994.996802,101.0,100.9995,-0.0003
7995.996801599998,101.0,100.9989,-0.001
7996.996801199999,101.0,100.9981,-0.0018
7997.9968008,101.0,100.998,-0.0019
7998.996800399998,101.0,100.998,-0.0019
7999.996799999999,101.0,100.9982,-0.0017
8000.9967996,101.0,100.9983,-0.0015
8001.996799199998,101.0,100.9986,-0.0013
8002.9967988,101.0,100.999,-0.0009
8003.9967983999995,101.0,100.9997,-0.0002
8004.996797999998,101.0,101.0008,0.0008
8005.9967976,101.0,101.0015,0.0015
8006.9967971999995,101.0,101.0018,0.0019
8007.996796799999,101.0,101.0018,0.0018
8008.9967964,101.0,101.002,0.002
8009.996795999999,101.0,101.0023,0.0023
8010.996795599999,101.0,101.002,0.002
8011.996795199998,101.0,101.0016,0.0016
8012.996794799999,101.0,101.0015,0.0015
8013.996794399999,101.0,101.0013,0.0014
8014.996793999998,101.0,101.0015,0.0015
8015.996793599999,101.0,101.0011,0.0011
8016.996793199999,101.0,101.0007,0.0008
8017.996792799998,101.0,101.0001,0.0001
8018.996792399999,101.0,101.0001,0.0001
8019.996791999999,101.0,101.0002,0.0002
8020.996791599999,101.0,100.9999,-0.0
8021.996791199999,101.0,100.9991,-0.0008
8022.996790799999,101.0,100.9984,-0.0015
8023.996790399999,101.0,100.9986,-0.0013
8024.996789999999,101.0,100.9988,-0.0011
8025.996789599999,101.0,100.9993,-0.0006
8026.996789199999,101.0,101.0002,0.0002
8027.996788799999,101.0,101.0011,0.0012
8028.996788399999,101.0,101.0012,0.0013
8029.996787999999,101.0,101.001,0.001
8030.996787599999,101.0,101.0008,0.0008
8031.996787199999,101.0,101.0009,0.0009
8032.9967867999985,101.0,101.0004,0.0004
8033.996786399999,101.0,100.9997,-0.0001
8034.996785999999,101.0,100.9997,-0.0002
8035.9967855999985,101.0,101.0003,0.0004
8036.996785199999,101.0,101.0008,0.0008
8037.996784799999,101.0,101.0008,0.0008
8038.996784399998,101.0,101.0003,0.0003
8039.996784,101.0,101.0,0.0
8040.996783599999,101.0,100.9997,-0.0001
8041.996783199998,101.0,100.9996,-0.0003
8042.9967828,101.0,100.9995,-0.0004
8043.996782399999,101.0,100.9993,-0.0006
8044.996781999998,101.0,100.9991,-0.0008
8045.9967816,101.0,100.999,-0.0009
8046.996781199999,101.0,100.9997,-0.0002
8047.996780799998,101.0,101.0001,0.0001
8048.9967804,101.0,101.0003,0.0003
8049.996779999999,101.0,101.0002,0.0002
8050.996779599998,101.0,101.0003,0.0003
8051.9967792,101.0,101.0006,0.0006
8052.9967787999985,101.0,101.0006,0.0006
8053.996778399998,101.0,100.9997,-0.0002
8054.996778,101.0,100.9986,-0.0013
8055.996777599999,101.0,100.9979,-0.0019
8056.996777199998,101.0,100.9979,-0.002
8057.9967768,101.0,100.9979,-0.002
8058.996776399999,101.0,100.9987,-0.0012
8059.996775999998,101.0,100.9995,-0.0004
8060.9967756,101.0,101.0001,0.0001
8061.996775199999,101.0,100.9999,-0.0
8062.996774799998,101.0,100.9999,-0.0
8063.9967744,101.0,101.0004,0.0004
8064.996773999999,101.0,101.0006,0.0006
8065.996773599998,101.0,101.0007,0.0007
8066.9967732,101.0,101.0003,0.0003
8067.996772799999,101.0,101.0006,0.0006
8068.996772399998,101.0,101.0006,0.0006
8069.9967719999995,101.0,101.0005,0.0006
8070.996771599999,101.0,101.0002,0.0002
8071.996771199999,101.0,100.9999,-0.0
8072.9967707999995,101.0,100.9997,-0.0002
8073.996770399999,101.0,100.9991,-0.0008
8074.996769999999,101.0,100.9985,-0.0014
8075.996769599999,101.0,100.9982,-0.0016
8076.996769199999,101.0,100.9985,-0.0014
8077.996768799999,101.0,100.9988,-0.001
8078.996768399999,101.0,100.9993,-0.0006
8079.996767999999,101.0,100.9993,-0.0006
8080.996767599999,101.0,100.9991,-0.0008
8081.996767199999,101.0,100.999,-0.0009
8082.996766799999,101.0,100.9989,-0.001
8083.996766399999,101.0,100.9993,-0.0006
8084.996765999999,101.0,100.9996,-0.0002
8085.996765599999,101.0,101.0002,0.0002
8086.996765199999,101.0,101.001,0.001
8087.9967648,101.0,101.0015,0.0015
8088.996764399999,101.0,101.0017,0.0017
8089.996763999999,101.0,101.0018,0.0018
8090.9967636,101.0,101.002,0.0021
8091.996763199999,101.0,101.0018,0.0018
8092.996762799999,101.0,101.0016,0.0016
8093.9967624,101.0,101.0005,0.0005
8094.996761999999,101.0,101.0001,0.0001
8095.9967615999985,101.0,100.9995,-0.0004
8096.9967612,101.0,100.9989,-0.001
8097.996760799999,101.0,100.998,-0.0019
8098.9967603999985,101.0,100.9975,-0.0024
8099.99676,101.0,100.9973,-0.0026
8100.996759599999,101.0,100.9969,-0.003
8101.996759199998,101.0,100.9968,-0.0031
8102.9967588,101.0,100.9972,-0.0027
8103.9967584,101.0,100.9982,-0.0017
8104.996757999998,101.0,100.9984,-0.0015
8105.9967576,101.0,100.9985,-0.0014
8106.9967572,101.0,100.9983,-0.0015
8107.996756799998,101.0,100.9993,-0.0006
8108.9967564,101.0,100.9998,-0.0
8109.996756,101.0,101.0003,0.0003
8110.996755599998,101.0,101.0002,0.0003
8111.9967552,101.0,101.0001,0.0001
8112.9967547999995,101.0,101.0006,0.0006
8113.996754399998,101.0,101.0006,0.0006
8114.996754,101.0,101.0008,0.0009
8115.9967535999995,101.0,101.0005,0.0006
8116.996753199999,101.0,101.0003,0.0003
8117.9967528,101.0,100.9998,-0.0
8118.996752399999,101.0,100.9996,-0.0003
8119.996751999999,101.0,100.9986,-0.0013
8120.9967516,101.0,100.9977,-0.0022
8121.996751199999,101.0,100.9967,-0.0032
8122.996750799999,101.0,100.9962,-0.0037
8123.9967504,101.0,100.9963,-0.0036
8124.996749999999,101.0,100.9968,-0.0031
8125.996749599999,101.0,100.9974,-0.0025
8126.9967492,101.0,100.9981,-0.0018
8127.996748799999,101.0,100.9985,-0.0014
8128.996748399999,101.0,100.9988,-0.0011
8129.996748,101.0,100.999,-0.0009
8130.996747599999,101.0,100.9998,-0.0001
8131.996747199999,101.0,101.0005,0.0005
8132.996746799999,101.0,101.0007,0.0007
8133.996746399999,101.0,101.0001,0.0001
8134.996745999999,101.0,101.0,0.0
8135.996745599999,101.0,101.0004,0.0004
8136.996745199999,101.0,101.0012,0.0012
8137.996744799999,101.0,101.0016,0.0016
8138.9967443999985,101.0,101.0018,0.0019
8139.996743999999,101.0,101.0017,0.0017
8140.996743599999,101.0,101.0003,0.0003
8141.9967431999985,101.0,100.9989,-0.001
8142.996742799999,101.0,100.9978,-0.0021
8143.996742399999,101.0,100.9981,-0.0018
8144.996741999998,101.0,100.9985,-0.0014
8145.996741599999,101.0,100.9988,-0.0011
8146.996741199999,101.0,100.9993,-0.0006
8147.996740799998,101.0,101.0003,0.0004
8148.996740399999,101.0,101.0007,0.0007
8149.996739999999,101.0,101.0013,0.0013
8150.996739599998,101.0,101.0014,0.0014
8151.9967392,101.0,101.0016,0.0016
8152.996738799999,101.0,101.001,0.001
8153.996738399998,101.0,101.0,0.0
8154.996738,101.0,100.9995,-0.0004
8155.996737599999,101.0,100.9996,-0.0003
8156.996737199998,101.0,100.9995,-0.0004
8157.9967368,101.0,100.9993,-0.0006
8158.996736399999,101.0,100.999,-0.0009
8159.996735999998,101.0,100.9984,-0.0015
8160.9967356,101.0,100.9971,-0.0028
8161.9967351999985,101.0,100.9961,-0.0038
8162.996734799998,101.0,100.9959,-0.004
8163.9967344,101.0,100.9968,-0.0031
8164.9967339999985,101.0,100.9971,-0.0028
8165.996733599998,101.0,100.9973,-0.0026
8166.9967332,101.0,100.9978,-0.0021
8167.996732799999,101.0,100.9984,-0.0015
8168.996732399998,101.0,100.9987,-0.0012
8169.996732,101.0,100.9986,-0.0013
8170.996731599999,101.0,100.999,-0.0009
8171.996731199998,101.0,100.999,-0.0009
8172.9967308,101.0,100.9991,-0.0007
8173.996730399999,101.0,100.999,-0.0009
8174.996729999998,101.0,100.9992,-0.0007
8175.9967295999995,101.0,100.9996,-0.0003
8176.996729199999,101.0,100.9994,-0.0005
8177.996728799998,101.0,100.9993,-0.0006
8178.9967283999995,101.0,100.9994,-0.0005
8179.996727999999,101.0,100.9992,-0.0007
8180.996727599999,101.0,100.9988,-0.0011
8181.996727199999,101.0,100.9984,-0.0015
8182.996726799999,101.0,100.9979,-0.002
8183.996726399999,101.0,100.9982,-0.0017
8184.996725999999,101.0,100.9981,-0.0018
8185.996725599999,101.0,100.9986,-0.0013
8186.996725199999,101.0,100.9988,-0.0011
8187.996724799999,101.0,100.9991,-0.0008
8188.996724399999,101.0,100.999,-0.0009
8189.996723999999,101.0,100.9989,-0.001
8190.996723599999,101.0,100.999,-0.0009
